"License","http://developers.pioupiou.fr/data-licensing"
"Attribution","(c) contributors of the OpenWindMap wind network <https://www.openwindmap.org>"
"time","latitude","longitude","wind_speed_min","wind_speed_avg","wind_speed_max","wind_heading","pressure"
"utc","degrees","degrees","km/h","km/h","km/h","degrees","(deprecated)"
"2018-11-01T00:01:54.000Z",45.701965,5.883716,1.75,4.5,6.5,112.5,null
"2018-11-01T00:05:58.000Z",45.701965,5.883716,2,4.75,7.75,135,null
"2018-11-01T00:09:58.000Z",45.701965,5.883716,0.75,3,6.25,112.5,null
"2018-11-01T00:13:58.000Z",45.701965,5.883716,2,5,7.75,90,null
"2018-11-01T00:18:03.000Z",45.701965,5.883716,3.75,5.75,8.5,90,null
"2018-11-01T00:22:03.000Z",45.701965,5.883716,0.75,4,7,67.5,null
"2018-11-01T00:26:03.000Z",45.701965,5.883716,0,1,3.5,90,null
"2018-11-01T00:30:06.000Z",45.701965,5.883716,1,2.75,4.5,90,null
"2018-11-01T00:34:06.000Z",45.701965,5.883716,0.75,2.5,4.25,112.5,null
"2018-11-01T00:38:06.000Z",45.701965,5.883716,1.75,3,4.75,112.5,null
"2018-11-01T00:42:10.000Z",45.701965,5.883716,1.75,4.75,7.75,112.5,null
"2018-11-01T00:46:10.000Z",45.701965,5.883716,3.75,6.25,9.5,90,null
"2018-11-01T00:50:10.000Z",45.701965,5.883716,2,5.5,8.25,90,null
"2018-11-01T00:54:15.000Z",45.701965,5.883716,2.5,4.5,7,90,null
"2018-11-01T00:58:15.000Z",45.701965,5.883716,0,2.25,5.5,90,null
"2018-11-01T01:02:15.000Z",45.701965,5.883716,0,0.5,1.5,90,null
"2018-11-01T01:06:18.000Z",45.701965,5.883716,0,2.75,5.25,112.5,null
"2018-11-01T01:10:18.000Z",45.701965,5.883716,0,1.75,4.25,112.5,null
"2018-11-01T01:14:18.000Z",45.701965,5.883716,1.5,3.75,5.5,90,null
"2018-11-01T01:18:23.000Z",45.701965,5.883716,2,4,5.5,90,null
"2018-11-01T01:22:23.000Z",45.701965,5.883716,2.5,5,7.25,112.5,null
"2018-11-01T01:26:23.000Z",45.701965,5.883716,1.75,5.25,7.75,112.5,null
"2018-11-01T01:30:26.000Z",45.701965,5.883716,2.5,5,8.25,90,null
"2018-11-01T01:34:26.000Z",45.701965,5.883716,2.5,5.25,7.75,112.5,null
"2018-11-01T01:38:26.000Z",45.701965,5.883716,2,4.75,7,135,null
"2018-11-01T01:42:31.000Z",45.701965,5.883716,2.5,4.75,7,112.5,null
"2018-11-01T01:46:31.000Z",45.701965,5.883716,1.75,3.75,6,112.5,null
"2018-11-01T01:50:31.000Z",45.701965,5.883716,2.75,4.5,6.25,135,null
"2018-11-01T01:54:34.000Z",45.701965,5.883716,3.25,5.75,7.75,112.5,null
"2018-11-01T01:58:34.000Z",45.701965,5.883716,1.5,3.5,6.25,112.5,null
"2018-11-01T02:02:34.000Z",45.701965,5.883716,1.5,5.5,8.75,90,null
"2018-11-01T02:06:39.000Z",45.701965,5.883716,4.25,7.25,11,90,null
"2018-11-01T02:10:39.000Z",45.701965,5.883716,3.5,7,11,90,null
"2018-11-01T02:14:39.000Z",45.701965,5.883716,2.5,6,11,112.5,null
"2018-11-01T02:18:43.000Z",45.701965,5.883716,1,4.5,9.5,90,null
"2018-11-01T02:22:43.000Z",45.701965,5.883716,0,2.75,7.25,112.5,null
"2018-11-01T02:26:43.000Z",45.701965,5.883716,0,1.75,4.25,112.5,null
"2018-11-01T02:30:46.000Z",45.701965,5.883716,1.5,3.5,6,112.5,null
"2018-11-01T02:34:46.000Z",45.701965,5.883716,0,3.75,6.5,112.5,null
"2018-11-01T02:38:46.000Z",45.701965,5.883716,2,4.25,6.25,112.5,null
"2018-11-01T02:42:51.000Z",45.701965,5.883716,1.75,4.75,7.75,90,null
"2018-11-01T02:46:51.000Z",45.701965,5.883716,2.5,5.75,9,90,null
"2018-11-01T02:50:51.000Z",45.701965,5.883716,1.75,5,8,90,null
"2018-11-01T02:54:55.000Z",45.701965,5.883716,0.75,3.75,7,90,null
"2018-11-01T02:58:55.000Z",45.701965,5.883716,0.75,3.75,7,90,null
"2018-11-01T03:02:55.000Z",45.701965,5.883716,0.75,5.25,8.75,90,null
"2018-11-01T03:06:59.000Z",45.701965,5.883716,0,3,7,90,null
"2018-11-01T03:10:59.000Z",45.701965,5.883716,1.75,4.75,8.75,90,null
"2018-11-01T03:14:59.000Z",45.701965,5.883716,2.5,5,8.25,90,null
"2018-11-01T03:19:03.000Z",45.701965,5.883716,0.75,5.5,11.5,90,null
"2018-11-01T03:23:03.000Z",45.701965,5.883716,3.25,6,10.5,90,null
"2018-11-01T03:27:03.000Z",45.701965,5.883716,1.75,3.5,6.25,90,null
"2018-11-01T03:31:07.000Z",45.701965,5.883716,1,2.75,5.5,112.5,null
"2018-11-01T03:35:07.000Z",45.701965,5.883716,1.5,3,4.5,112.5,null
"2018-11-01T03:39:07.000Z",45.701965,5.883716,1.5,2.75,4.5,112.5,null
"2018-11-01T03:43:11.000Z",45.701965,5.883716,1,3.25,6,135,null
"2018-11-01T03:47:11.000Z",45.701965,5.883716,2,4.25,6.25,112.5,null
"2018-11-01T03:51:11.000Z",45.701965,5.883716,2,5,8.25,112.5,null
"2018-11-01T03:55:15.000Z",45.701965,5.883716,1.75,5,8.75,112.5,null
"2018-11-01T03:59:15.000Z",45.701965,5.883716,0.75,4,7,90,null
"2018-11-01T04:03:15.000Z",45.701965,5.883716,0,2.5,5.25,112.5,null
"2018-11-01T04:07:19.000Z",45.701965,5.883716,0.25,3,5.25,112.5,null
"2018-11-01T04:11:19.000Z",45.701965,5.883716,1.5,3.75,6.25,135,null
"2018-11-01T04:15:19.000Z",45.701965,5.883716,0,3,6.25,135,null
"2018-11-01T04:19:23.000Z",45.701965,5.883716,0,1.25,3.5,135,null
"2018-11-01T04:23:23.000Z",45.701965,5.883716,0,2.25,5.5,135,null
"2018-11-01T04:27:23.000Z",45.701965,5.883716,0.75,3,7.25,135,null
"2018-11-01T04:31:28.000Z",45.701965,5.883716,0.25,3.5,6,135,null
"2018-11-01T04:35:28.000Z",45.701965,5.883716,0,2.25,7,135,null
"2018-11-01T04:39:28.000Z",45.701965,5.883716,0.75,3.25,6.25,112.5,null
"2018-11-01T04:43:31.000Z",45.701965,5.883716,2,4.5,6.5,112.5,null
"2018-11-01T04:47:31.000Z",45.701965,5.883716,1.5,4,7.25,112.5,null
"2018-11-01T04:51:31.000Z",45.701965,5.883716,2.5,4.5,8.25,90,null
"2018-11-01T04:55:35.000Z",45.701965,5.883716,1,4.75,8.75,90,null
"2018-11-01T04:59:35.000Z",45.701965,5.883716,0.25,3.25,7,90,null
"2018-11-01T05:03:35.000Z",45.701965,5.883716,1.75,4.25,8,90,null
"2018-11-01T05:07:39.000Z",45.701965,5.883716,1.75,4.25,7.25,90,null
"2018-11-01T05:11:39.000Z",45.701965,5.883716,0,2,6.25,90,null
"2018-11-01T05:15:39.000Z",45.701965,5.883716,1.75,6.5,11,90,null
"2018-11-01T05:19:44.000Z",45.701965,5.883716,0,5,8.75,67.5,null
"2018-11-01T05:23:44.000Z",45.701965,5.883716,0,1.5,4.5,112.5,null
"2018-11-01T05:27:44.000Z",45.701965,5.883716,1.75,6.5,11,90,null
"2018-11-01T05:31:48.000Z",45.701965,5.883716,0,2.25,7,112.5,null
"2018-11-01T05:35:48.000Z",45.701965,5.883716,0,3.25,6.25,135,null
"2018-11-01T05:39:48.000Z",45.701965,5.883716,0,3,8,112.5,null
"2018-11-01T05:43:52.000Z",45.701965,5.883716,2,6,10,90,null
"2018-11-01T05:47:52.000Z",45.701965,5.883716,1.5,3.5,7,90,null
"2018-11-01T05:51:52.000Z",45.701965,5.883716,2,7.5,14,90,null
"2018-11-01T05:55:56.000Z",45.701965,5.883716,6.25,10,16,90,null
"2018-11-01T05:59:56.000Z",45.701965,5.883716,2.75,7,14.5,90,null
"2018-11-01T06:03:56.000Z",45.701965,5.883716,3.5,7,13,90,null
"2018-11-01T06:08:00.000Z",45.701965,5.883716,1.75,7,11,90,null
"2018-11-01T06:12:00.000Z",45.701965,5.883716,0,3.5,8,112.5,null
"2018-11-01T06:16:00.000Z",45.701965,5.883716,0,5.5,14.5,90,null
"2018-11-01T06:20:04.000Z",45.701965,5.883716,3.25,6,8.75,90,null
"2018-11-01T06:24:04.000Z",45.701965,5.883716,3.25,6.25,10,90,null
"2018-11-01T06:28:04.000Z",45.701965,5.883716,1,4.75,8,90,null
"2018-11-01T06:32:08.000Z",45.701965,5.883716,0.75,4.25,7,112.5,null
"2018-11-01T06:36:08.000Z",45.701965,5.883716,3.25,6.25,9.75,112.5,null
"2018-11-01T06:40:08.000Z",45.701965,5.883716,0,4.25,8,90,null
"2018-11-01T06:44:12.000Z",45.701965,5.883716,1,3.5,6.5,135,null
"2018-11-01T06:48:12.000Z",45.701965,5.883716,0,2.25,8.25,112.5,null
"2018-11-01T06:52:12.000Z",45.701965,5.883716,1,3.75,8,90,null
"2018-11-01T06:56:15.000Z",45.701965,5.883716,1,5.5,8.75,90,null
"2018-11-01T07:00:15.000Z",45.701965,5.883716,0,6,13.5,90,null
"2018-11-01T07:04:15.000Z",45.701965,5.883716,1.5,5,9.75,112.5,null
"2018-11-01T07:08:20.000Z",45.701965,5.883716,0,3.75,10,135,null
"2018-11-01T07:12:20.000Z",45.701965,5.883716,0.25,5.5,11.5,135,null
"2018-11-01T07:16:20.000Z",45.701965,5.883716,0,3,8,112.5,null
"2018-11-01T07:20:24.000Z",45.701965,5.883716,0,4.75,9,112.5,null
"2018-11-01T07:24:24.000Z",45.701965,5.883716,3.5,7.75,10,90,null
"2018-11-01T07:28:24.000Z",45.701965,5.883716,0.75,4.5,9.5,90,null
"2018-11-01T07:32:28.000Z",45.701965,5.883716,0,0.75,3.25,90,null
"2018-11-01T07:36:28.000Z",45.701965,5.883716,0,3.75,7,135,null
"2018-11-01T07:40:28.000Z",45.701965,5.883716,0,2,6.5,112.5,null
"2018-11-01T07:44:32.000Z",45.701965,5.883716,0,2.25,6.5,157.5,null
"2018-11-01T07:48:32.000Z",45.701965,5.883716,0.75,5.5,9.75,157.5,null
"2018-11-01T07:52:32.000Z",45.701965,5.883716,0,5,8.75,112.5,null
"2018-11-01T07:56:36.000Z",45.701965,5.883716,3.25,6.75,12,90,null
"2018-11-01T08:00:36.000Z",45.701965,5.883716,2.5,8.5,13,67.5,null
"2018-11-01T08:04:36.000Z",45.701965,5.883716,0,2.5,7,157.5,null
"2018-11-01T08:08:41.000Z",45.701965,5.883716,1,5,10,112.5,null
"2018-11-01T08:12:41.000Z",45.701965,5.883716,0.25,4,7,112.5,null
"2018-11-01T08:16:41.000Z",45.701965,5.883716,0,2.5,7,112.5,null
"2018-11-01T08:20:44.000Z",45.701965,5.883716,4.25,6.5,11,67.5,null
"2018-11-01T08:24:44.000Z",45.701965,5.883716,3.25,8,13,67.5,null
"2018-11-01T08:28:44.000Z",45.701965,5.883716,0,2.5,8.25,112.5,null
"2018-11-01T08:32:49.000Z",45.701965,5.883716,1,3.75,9,90,null
"2018-11-01T08:36:49.000Z",45.701965,5.883716,3.5,7.5,12.5,67.5,null
"2018-11-01T08:40:49.000Z",45.701965,5.883716,2.5,5.25,9,67.5,null
"2018-11-01T08:44:53.000Z",45.701965,5.883716,1,5.5,10.5,90,null
"2018-11-01T08:48:53.000Z",45.701965,5.883716,3.5,7.25,10.5,90,null
"2018-11-01T08:52:53.000Z",45.701965,5.883716,1.5,5,8.75,67.5,null
"2018-11-01T08:56:57.000Z",45.701965,5.883716,1.5,3.75,6.25,67.5,null
"2018-11-01T09:00:57.000Z",45.701965,5.883716,0.25,3,6.5,112.5,null
"2018-11-01T09:04:57.000Z",45.701965,5.883716,0,2.75,6,90,null
"2018-11-01T09:09:01.000Z",45.701965,5.883716,1,4.75,7.75,45,null
"2018-11-01T09:13:01.000Z",45.701965,5.883716,3.5,6.25,9.5,67.5,null
"2018-11-01T09:17:01.000Z",45.701965,5.883716,1.75,4,6.5,67.5,null
"2018-11-01T09:21:05.000Z",45.701965,5.883716,1.75,4.75,7.75,90,null
"2018-11-01T09:25:05.000Z",45.701965,5.883716,0.25,4.25,8.75,90,null
"2018-11-01T09:29:05.000Z",45.701965,5.883716,2,5,9.75,45,null
"2018-11-01T09:33:09.000Z",45.701965,5.883716,0,3.5,8,22.5,null
"2018-11-01T09:37:09.000Z",45.701965,5.883716,0,0.75,2.5,22.5,null
"2018-11-01T09:41:09.000Z",45.701965,5.883716,0,0.5,1.75,22.5,null
"2018-11-01T09:45:13.000Z",45.701965,5.883716,0,0.75,1.75,22.5,null
"2018-11-01T09:49:13.000Z",45.701965,5.883716,0,0.75,2.5,0,null
"2018-11-01T09:53:13.000Z",45.701965,5.883716,0,0,0,0,null
"2018-11-01T09:57:16.000Z",45.701965,5.883716,0,0,0.25,0,null
"2018-11-01T10:01:16.000Z",45.701965,5.883716,0,0.25,1.5,0,null
"2018-11-01T10:05:16.000Z",45.701965,5.883716,0,5.5,8.25,292.5,null
"2018-11-01T10:09:21.000Z",45.701965,5.883716,4.25,5.75,7.25,292.5,null
"2018-11-01T10:13:21.000Z",45.701965,5.883716,1.5,2.75,5.5,292.5,null
"2018-11-01T10:17:21.000Z",45.701965,5.883716,0,0.5,2.5,292.5,null
"2018-11-01T10:21:25.000Z",45.701965,5.883716,0,1.25,3.75,292.5,null
"2018-11-01T10:25:25.000Z",45.701965,5.883716,0.25,2,4.5,292.5,null
"2018-11-01T10:29:25.000Z",45.701965,5.883716,0.75,2.25,4.5,292.5,null
"2018-11-01T10:33:29.000Z",45.701965,5.883716,0,0.5,2.25,292.5,null
"2018-11-01T10:37:29.000Z",45.701965,5.883716,0,1.25,4.75,292.5,null
"2018-11-01T10:41:29.000Z",45.701965,5.883716,4.5,6,8.25,315,null
"2018-11-01T10:45:33.000Z",45.701965,5.883716,3.5,5,7,315,null
"2018-11-01T10:49:33.000Z",45.701965,5.883716,1.5,4,5.5,315,null
"2018-11-01T10:53:33.000Z",45.701965,5.883716,0.75,2,4.25,315,null
"2018-11-01T10:57:37.000Z",45.701965,5.883716,1,1.75,2.75,315,null
"2018-11-01T11:01:37.000Z",45.701965,5.883716,1.5,3.75,6.25,315,null
"2018-11-01T11:05:37.000Z",45.701965,5.883716,3.25,4.5,5.5,337.5,null
"2018-11-01T11:09:41.000Z",45.701965,5.883716,3.5,5,7,337.5,null
"2018-11-01T11:13:41.000Z",45.701965,5.883716,2.75,4.75,7,337.5,null
"2018-11-01T11:17:41.000Z",45.701965,5.883716,4.5,6.5,8.25,337.5,null
"2018-11-01T11:21:46.000Z",45.701965,5.883716,6.5,8.75,10.5,337.5,null
"2018-11-01T11:25:46.000Z",45.701965,5.883716,7.75,9.25,11,0,null
"2018-11-01T11:29:46.000Z",45.701965,5.883716,6.25,8,9.5,337.5,null
"2018-11-01T11:33:49.000Z",45.701965,5.883716,7,8.25,10,337.5,null
"2018-11-01T11:37:49.000Z",45.701965,5.883716,6.25,8.5,10,337.5,null
"2018-11-01T11:41:49.000Z",45.701965,5.883716,9,11,13,0,null
"2018-11-01T11:45:53.000Z",45.701965,5.883716,8.25,10.5,12,337.5,null
"2018-11-01T11:49:53.000Z",45.701965,5.883716,7.25,9,11,0,null
"2018-11-01T11:53:53.000Z",45.701965,5.883716,6.5,9.5,12,337.5,null
"2018-11-01T11:57:58.000Z",45.701965,5.883716,8.5,12,15.5,337.5,null
"2018-11-01T12:01:58.000Z",45.701965,5.883716,11,13.5,15.5,0,null
"2018-11-01T12:05:58.000Z",45.701965,5.883716,11.5,14,17,0,null
"2018-11-01T12:10:02.000Z",45.701965,5.883716,11,13.5,15.5,0,null
"2018-11-01T12:14:02.000Z",45.701965,5.883716,11,13,15,0,null
"2018-11-01T12:18:02.000Z",45.701965,5.883716,10,12,14.5,0,null
"2018-11-01T12:22:06.000Z",45.701965,5.883716,8.75,11.5,15.5,337.5,null
"2018-11-01T12:26:06.000Z",45.701965,5.883716,9.75,12.5,15.5,337.5,null
"2018-11-01T12:30:06.000Z",45.701965,5.883716,9.5,12.5,15.5,337.5,null
"2018-11-01T12:34:10.000Z",45.701965,5.883716,10,12.5,15.5,337.5,null
"2018-11-01T12:38:10.000Z",45.701965,5.883716,11,13,15,337.5,null
"2018-11-01T12:42:10.000Z",45.701965,5.883716,9.75,13,16.5,337.5,null
"2018-11-01T12:46:13.000Z",45.701965,5.883716,9,12,14.5,337.5,null
"2018-11-01T12:50:13.000Z",45.701965,5.883716,7.75,12,15,337.5,null
"2018-11-01T12:54:13.000Z",45.701965,5.883716,8.25,13.5,20,315,null
"2018-11-01T12:58:17.000Z",45.701965,5.883716,11,18.5,25.5,292.5,null
"2018-11-01T13:02:17.000Z",45.701965,5.883716,9.75,21,31,292.5,null
"2018-11-01T13:06:17.000Z",45.701965,5.883716,12.5,24,32.5,292.5,null
"2018-11-01T13:10:22.000Z",45.701965,5.883716,18,26,35,292.5,null
"2018-11-01T13:14:22.000Z",45.701965,5.883716,13.5,20.5,29,270,null
"2018-11-01T13:18:22.000Z",45.701965,5.883716,11,16.5,22.5,292.5,null
"2018-11-01T13:22:26.000Z",45.701965,5.883716,6.5,15,29,270,null
"2018-11-01T13:26:26.000Z",45.701965,5.883716,0.75,14.5,29,292.5,null
"2018-11-01T13:30:26.000Z",45.701965,5.883716,4.5,12,22,292.5,null
"2018-11-01T13:34:30.000Z",45.701965,5.883716,6.5,15,24.5,270,null
"2018-11-01T13:38:30.000Z",45.701965,5.883716,15.5,20,28,292.5,null
"2018-11-01T13:42:30.000Z",45.701965,5.883716,15.5,22.5,28,270,null
"2018-11-01T13:46:34.000Z",45.701965,5.883716,7.25,17,25,270,null
"2018-11-01T13:50:34.000Z",45.701965,5.883716,8.25,12.5,18.5,225,null
"2018-11-01T13:54:34.000Z",45.701965,5.883716,0,6.25,16.5,157.5,null
"2018-11-01T13:58:37.000Z",45.701965,5.883716,0,2.5,9.75,112.5,null
"2018-11-01T14:02:37.000Z",45.701965,5.883716,0,3.5,11,157.5,null
"2018-11-01T14:06:37.000Z",45.701965,5.883716,0,2.25,6,157.5,null
"2018-11-01T14:10:42.000Z",45.701965,5.883716,0,2.25,8,112.5,null
"2018-11-01T14:14:42.000Z",45.701965,5.883716,0,2.75,6,157.5,null
"2018-11-01T14:18:42.000Z",45.701965,5.883716,0,4,7.25,180,null
"2018-11-01T14:22:46.000Z",45.701965,5.883716,2.5,7.5,12,157.5,null
"2018-11-01T14:26:46.000Z",45.701965,5.883716,2,7.75,12.5,180,null
"2018-11-01T14:30:46.000Z",45.701965,5.883716,3.5,8.75,13,180,null
"2018-11-01T14:34:50.000Z",45.701965,5.883716,4.25,11,15.5,180,null
"2018-11-01T14:38:50.000Z",45.701965,5.883716,6,11.5,16.5,202.5,null
"2018-11-01T14:42:50.000Z",45.701965,5.883716,10.5,13.5,17.5,225,null
"2018-11-01T14:46:54.000Z",45.701965,5.883716,8,10.5,12.5,225,null
"2018-11-01T14:50:54.000Z",45.701965,5.883716,5.25,7.25,9.75,225,null
"2018-11-01T14:54:54.000Z",45.701965,5.883716,7,8.5,11,225,null
"2018-11-01T14:58:58.000Z",45.701965,5.883716,6.5,8.25,11,225,null
"2018-11-01T15:02:58.000Z",45.701965,5.883716,4.75,7.75,11,247.5,null
"2018-11-01T15:06:58.000Z",45.701965,5.883716,1.5,4.25,9.5,270,null
"2018-11-01T15:11:02.000Z",45.701965,5.883716,6.5,8.75,11.5,247.5,null
"2018-11-01T15:15:02.000Z",45.701965,5.883716,6.5,10,14,247.5,null
"2018-11-01T15:19:02.000Z",45.701965,5.883716,5.25,7.5,10,247.5,null
"2018-11-01T15:23:07.000Z",45.701965,5.883716,4.25,10,13.5,225,null
"2018-11-01T15:27:07.000Z",45.701965,5.883716,6,10.5,15.5,202.5,null
"2018-11-01T15:31:07.000Z",45.701965,5.883716,6.5,11,17,225,null
"2018-11-01T15:35:10.000Z",45.701965,5.883716,5.25,9.25,18,270,null
"2018-11-01T15:39:10.000Z",45.701965,5.883716,12.5,19,24.5,292.5,null
"2018-11-01T15:43:10.000Z",45.701965,5.883716,8.25,14.5,22,292.5,null
"2018-11-01T15:47:14.000Z",45.701965,5.883716,5.25,12.5,20,270,null
"2018-11-01T15:51:14.000Z",45.701965,5.883716,4.25,6.25,8.75,270,null
"2018-11-01T15:55:14.000Z",45.701965,5.883716,5.5,8.75,13.5,270,null
"2018-11-01T15:59:18.000Z",45.701965,5.883716,1.75,7.75,17.5,270,null
"2018-11-01T16:03:18.000Z",45.701965,5.883716,5.5,9.5,14.5,247.5,null
"2018-11-01T16:07:18.000Z",45.701965,5.883716,4.5,8,15,225,null
"2018-11-01T16:11:22.000Z",45.701965,5.883716,9.75,13.5,17,247.5,null
"2018-11-01T16:15:22.000Z",45.701965,5.883716,7.25,12,15.5,247.5,null
"2018-11-01T16:19:22.000Z",45.701965,5.883716,6,8.75,12.5,225,null
"2018-11-01T16:23:26.000Z",45.701965,5.883716,5.25,9,13,202.5,null
"2018-11-01T16:27:26.000Z",45.701965,5.883716,5.25,9,13.5,202.5,null
"2018-11-01T16:31:26.000Z",45.701965,5.883716,7,9.5,15.5,202.5,null
"2018-11-01T16:35:30.000Z",45.701965,5.883716,7,8.75,10.5,202.5,null
"2018-11-01T16:39:30.000Z",45.701965,5.883716,6.25,8.25,10,202.5,null
"2018-11-01T16:43:30.000Z",45.701965,5.883716,4.25,6.75,8.75,225,null
"2018-11-01T16:47:34.000Z",45.701965,5.883716,3.5,5.75,8.25,247.5,null
"2018-11-01T16:51:34.000Z",45.701965,5.883716,4.25,6.25,8,247.5,null
"2018-11-01T16:55:34.000Z",45.701965,5.883716,5.25,8.25,11,247.5,null
"2018-11-01T16:59:39.000Z",45.701965,5.883716,4.5,9.5,14.5,270,null
"2018-11-01T17:03:39.000Z",45.701965,5.883716,5.5,9.25,14.5,247.5,null
"2018-11-01T17:07:39.000Z",45.701965,5.883716,4.75,8.5,14,247.5,null
"2018-11-01T17:11:42.000Z",45.701965,5.883716,1.5,5.25,7.75,225,null
"2018-11-01T17:15:42.000Z",45.701965,5.883716,2,6.25,9,202.5,null
"2018-11-01T17:19:42.000Z",45.701965,5.883716,0,2.25,6.5,180,null
"2018-11-01T17:23:47.000Z",45.701965,5.883716,4.5,6.25,9.75,67.5,null
"2018-11-01T17:27:47.000Z",45.701965,5.883716,1.5,4.75,7.25,90,null
"2018-11-01T17:31:47.000Z",45.701965,5.883716,0,1.75,4.25,90,null
"2018-11-01T17:35:51.000Z",45.701965,5.883716,0,2.5,4.75,67.5,null
"2018-11-01T17:39:51.000Z",45.701965,5.883716,1,2.75,5.25,90,null
"2018-11-01T17:43:51.000Z",45.701965,5.883716,1,2.25,3.75,67.5,null
"2018-11-01T17:47:55.000Z",45.701965,5.883716,1,3.75,6.5,67.5,null
"2018-11-01T17:51:55.000Z",45.701965,5.883716,0.25,2.75,5.25,90,null
"2018-11-01T17:55:55.000Z",45.701965,5.883716,0.25,2.25,6,157.5,null
"2018-11-01T17:59:58.000Z",45.701965,5.883716,0,0.5,3.5,157.5,null
"2018-11-01T18:03:58.000Z",45.701965,5.883716,0.75,5.5,11,90,null
"2018-11-01T18:07:58.000Z",45.701965,5.883716,2.75,7,12,90,null
"2018-11-01T18:12:02.000Z",45.701965,5.883716,3.75,7.25,11.5,90,null
"2018-11-01T18:16:02.000Z",45.701965,5.883716,2.5,5.25,8.75,90,null
"2018-11-01T18:20:02.000Z",45.701965,5.883716,2,2.75,4.25,90,null
"2018-11-01T18:24:07.000Z",45.701965,5.883716,0,1.5,3.75,90,null
"2018-11-01T18:28:07.000Z",45.701965,5.883716,0,1.5,5.25,67.5,null
"2018-11-01T18:32:07.000Z",45.701965,5.883716,4.5,6.25,8.75,90,null
"2018-11-01T18:36:11.000Z",45.701965,5.883716,4.25,6.5,9,90,null
"2018-11-01T18:40:11.000Z",45.701965,5.883716,3.75,6.25,8.25,90,null
"2018-11-01T18:44:11.000Z",45.701965,5.883716,2.5,5,8.25,90,null
"2018-11-01T18:48:15.000Z",45.701965,5.883716,1,4.25,9.5,90,null
"2018-11-01T18:52:15.000Z",45.701965,5.883716,0.25,3,6.25,67.5,null
"2018-11-01T18:56:15.000Z",45.701965,5.883716,0.75,2.5,4.5,67.5,null
"2018-11-01T19:00:19.000Z",45.701965,5.883716,3.25,5.25,7.75,112.5,null
"2018-11-01T19:04:19.000Z",45.701965,5.883716,2.5,5,7.25,112.5,null
"2018-11-01T19:08:19.000Z",45.701965,5.883716,1.5,4.5,7.75,90,null
"2018-11-01T19:12:23.000Z",45.701965,5.883716,2,4.5,6.5,90,null
"2018-11-01T19:16:23.000Z",45.701965,5.883716,3.25,5.25,8,112.5,null
"2018-11-01T19:20:23.000Z",45.701965,5.883716,1.5,5.25,10,112.5,null
"2018-11-01T19:24:27.000Z",45.701965,5.883716,1.5,4,7,112.5,null
"2018-11-01T19:28:27.000Z",45.701965,5.883716,0,3.25,6.25,112.5,null
"2018-11-01T19:32:27.000Z",45.701965,5.883716,0.75,3.75,7,90,null
"2018-11-01T19:36:32.000Z",45.701965,5.883716,1,5,7.25,90,null
"2018-11-01T19:40:32.000Z",45.701965,5.883716,0,2,4.25,112.5,null
"2018-11-01T19:44:32.000Z",45.701965,5.883716,1,3.5,7,112.5,null
"2018-11-01T19:49:27.000Z",45.701965,5.883716,0.25,3.75,7.75,112.5,null
"2018-11-01T19:53:27.000Z",45.701965,5.883716,0.25,3.25,9.5,112.5,null
"2018-11-01T19:57:27.000Z",45.701965,5.883716,2.75,5.75,8,90,null
"2018-11-01T20:01:31.000Z",45.701965,5.883716,0,3.5,8,90,null
"2018-11-01T20:05:31.000Z",45.701965,5.883716,2.75,4.75,7.75,135,null
"2018-11-01T20:09:31.000Z",45.701965,5.883716,0.75,3.25,8.75,135,null
"2018-11-01T20:13:35.000Z",45.701965,5.883716,1.75,5,11.5,157.5,null
"2018-11-01T20:17:35.000Z",45.701965,5.883716,1,11.5,15.5,180,null
"2018-11-01T20:21:35.000Z",45.701965,5.883716,6.5,12.5,16,180,null
"2018-11-01T20:25:39.000Z",45.701965,5.883716,3.25,9.75,14,180,null
"2018-11-01T20:29:39.000Z",45.701965,5.883716,1.5,6.75,11,180,null
"2018-11-01T20:33:39.000Z",45.701965,5.883716,1.5,5.25,12,157.5,null
"2018-11-01T20:37:44.000Z",45.701965,5.883716,0,2.5,6,157.5,null
"2018-11-01T20:41:44.000Z",45.701965,5.883716,0,1.5,2.75,112.5,null
"2018-11-01T20:45:44.000Z",45.701965,5.883716,1,3,5.25,112.5,null
"2018-11-01T20:49:47.000Z",45.701965,5.883716,0.75,3.5,7,90,null
"2018-11-01T20:53:47.000Z",45.701965,5.883716,3.5,5.5,7.75,90,null
"2018-11-01T20:57:47.000Z",45.701965,5.883716,1.5,4,7,90,null
"2018-11-01T21:01:52.000Z",45.701965,5.883716,0.75,3,6.5,90,null
"2018-11-01T21:05:52.000Z",45.701965,5.883716,0.75,2.5,4.75,90,null
"2018-11-01T21:09:52.000Z",45.701965,5.883716,0,2,5.5,90,null
"2018-11-01T21:13:56.000Z",45.701965,5.883716,0,2,6.5,112.5,null
"2018-11-01T21:17:56.000Z",45.701965,5.883716,0,3.25,10.5,135,null
"2018-11-01T21:21:56.000Z",45.701965,5.883716,1.75,4,8,90,null
"2018-11-01T21:26:00.000Z",45.701965,5.883716,1.75,5.25,9,90,null
"2018-11-01T21:30:00.000Z",45.701965,5.883716,3.25,5.25,9.75,90,null
"2018-11-01T21:34:00.000Z",45.701965,5.883716,0.75,4,8,67.5,null
"2018-11-01T21:38:03.000Z",45.701965,5.883716,0,2.25,7.25,112.5,null
"2018-11-01T21:42:03.000Z",45.701965,5.883716,0,0.25,2.75,135,null
"2018-11-01T21:46:03.000Z",45.701965,5.883716,0,0.25,2.5,135,null
"2018-11-01T21:50:08.000Z",45.701965,5.883716,0,1,3.25,135,null
"2018-11-01T21:54:08.000Z",45.701965,5.883716,1.5,4.75,8,157.5,null
"2018-11-01T21:58:08.000Z",45.701965,5.883716,0.75,3.25,7.75,157.5,null
"2018-11-01T22:02:12.000Z",45.701965,5.883716,0,0.75,4.75,135,null
"2018-11-01T22:06:12.000Z",45.701965,5.883716,0,2,3.5,90,null
"2018-11-01T22:10:12.000Z",45.701965,5.883716,0.25,2.25,4.25,112.5,null
"2018-11-01T22:14:16.000Z",45.701965,5.883716,1.75,4.75,6.5,135,null
"2018-11-01T22:18:16.000Z",45.701965,5.883716,1,3,4.5,135,null
"2018-11-01T22:22:16.000Z",45.701965,5.883716,1.5,3,5.25,135,null
"2018-11-01T22:26:20.000Z",45.701965,5.883716,1.5,4,6,112.5,null
"2018-11-01T22:30:20.000Z",45.701965,5.883716,1,4.25,8,135,null
"2018-11-01T22:34:20.000Z",45.701965,5.883716,0.25,3.5,7.25,135,null
"2018-11-01T22:38:24.000Z",45.701965,5.883716,0,1,4.5,135,null
"2018-11-01T22:42:24.000Z",45.701965,5.883716,0,0.25,4.25,135,null
"2018-11-01T22:46:24.000Z",45.701965,5.883716,0,2.75,7.25,180,null
"2018-11-01T22:50:28.000Z",45.701965,5.883716,0.25,4,7.25,157.5,null
"2018-11-01T22:54:28.000Z",45.701965,5.883716,0.25,2.5,5.25,135,null
"2018-11-01T22:58:28.000Z",45.701965,5.883716,0,1.75,4.75,135,null
"2018-11-01T23:02:32.000Z",45.701965,5.883716,0,1.75,4.5,135,null
"2018-11-01T23:06:32.000Z",45.701965,5.883716,0.25,2.25,4.75,112.5,null
"2018-11-01T23:10:32.000Z",45.701965,5.883716,0,2.75,5.25,135,null
"2018-11-01T23:14:36.000Z",45.701965,5.883716,0,0.75,2.75,135,null
"2018-11-01T23:18:36.000Z",45.701965,5.883716,0,1,3.75,135,null
"2018-11-01T23:22:36.000Z",45.701965,5.883716,0.75,2.5,5.25,112.5,null
"2018-11-01T23:26:40.000Z",45.701965,5.883716,1.75,3.75,6,90,null
"2018-11-01T23:30:40.000Z",45.701965,5.883716,1.75,4.25,7.75,90,null
"2018-11-01T23:34:40.000Z",45.701965,5.883716,0.25,3.25,6.5,90,null
"2018-11-01T23:38:44.000Z",45.701965,5.883716,1,3.5,6.5,112.5,null
"2018-11-01T23:42:44.000Z",45.701965,5.883716,0.25,2.75,6.5,112.5,null
"2018-11-01T23:46:44.000Z",45.701965,5.883716,0,3,6.5,90,null
"2018-11-01T23:50:49.000Z",45.701965,5.883716,1.75,4.75,10,90,null
"2018-11-01T23:54:49.000Z",45.701965,5.883716,2.75,5.75,10.5,90,null
"2018-11-01T23:58:49.000Z",45.701965,5.883716,1,5.5,11.5,90,null
"2018-11-02T00:02:53.000Z",45.701965,5.883716,1,5,8.75,90,null
"2018-11-02T00:06:53.000Z",45.701965,5.883716,2,4,6.25,90,null
"2018-11-02T00:10:53.000Z",45.701965,5.883716,1.75,3.25,4.75,90,null
"2018-11-02T00:14:56.000Z",45.701965,5.883716,2,3.5,7,90,null
"2018-11-02T00:18:56.000Z",45.701965,5.883716,0.25,1.5,2.75,90,null
"2018-11-02T00:22:56.000Z",45.701965,5.883716,0.25,2.75,4.25,90,null
"2018-11-02T00:27:01.000Z",45.701965,5.883716,1,3,5.5,67.5,null
"2018-11-02T00:31:01.000Z",45.701965,5.883716,0,1.75,4.25,90,null
"2018-11-02T00:35:01.000Z",45.701965,5.883716,0,1.75,5.25,112.5,null
"2018-11-02T00:39:04.000Z",45.701965,5.883716,0,1,4.5,135,null
"2018-11-02T00:43:04.000Z",45.701965,5.883716,0,1,6.5,135,null
"2018-11-02T00:47:04.000Z",45.701965,5.883716,0,1.5,5.25,112.5,null
"2018-11-02T00:51:09.000Z",45.701965,5.883716,0,3,6,90,null
"2018-11-02T00:55:09.000Z",45.701965,5.883716,0,1.75,4.5,90,null
"2018-11-02T00:59:09.000Z",45.701965,5.883716,0.25,2.25,5.5,135,null
"2018-11-02T01:03:13.000Z",45.701965,5.883716,0,1.75,3.75,135,null
"2018-11-02T01:07:13.000Z",45.701965,5.883716,0,0.5,2.75,135,null
"2018-11-02T01:11:13.000Z",45.701965,5.883716,0,0.75,3.5,112.5,null
"2018-11-02T01:15:17.000Z",45.701965,5.883716,0.25,2.25,5.25,112.5,null
"2018-11-02T01:19:17.000Z",45.701965,5.883716,0,2,5.25,112.5,null
"2018-11-02T01:23:17.000Z",45.701965,5.883716,0,2,4.25,112.5,null
"2018-11-02T01:27:21.000Z",45.701965,5.883716,1,3.25,5.25,112.5,null
"2018-11-02T01:31:21.000Z",45.701965,5.883716,0,2,6.5,112.5,null
"2018-11-02T01:35:21.000Z",45.701965,5.883716,0,2.5,8,112.5,null
"2018-11-02T01:39:25.000Z",45.701965,5.883716,0,1.5,4.75,112.5,null
"2018-11-02T01:43:25.000Z",45.701965,5.883716,0,0.75,4.25,112.5,null
"2018-11-02T01:47:25.000Z",45.701965,5.883716,0,2.5,7.25,112.5,null
"2018-11-02T01:51:29.000Z",45.701965,5.883716,2.75,5,7,90,null
"2018-11-02T01:55:29.000Z",45.701965,5.883716,0.75,3.25,5.25,90,null
"2018-11-02T01:59:29.000Z",45.701965,5.883716,2,4.25,6.25,90,null
"2018-11-02T02:03:33.000Z",45.701965,5.883716,1.75,4.5,7.75,90,null
"2018-11-02T02:07:33.000Z",45.701965,5.883716,0,3.25,7.75,90,null
"2018-11-02T02:11:33.000Z",45.701965,5.883716,1.5,4,7.75,90,null
"2018-11-02T02:15:37.000Z",45.701965,5.883716,0,1.75,6.25,112.5,null
"2018-11-02T02:19:37.000Z",45.701965,5.883716,0.25,2.75,9,112.5,null
"2018-11-02T02:23:37.000Z",45.701965,5.883716,0,1.5,3.5,135,null
"2018-11-02T02:27:41.000Z",45.701965,5.883716,0.75,3.25,8,157.5,null
"2018-11-02T02:31:41.000Z",45.701965,5.883716,0,3,11,157.5,null
"2018-11-02T02:35:41.000Z",45.701965,5.883716,0,2.5,8.25,157.5,null
"2018-11-02T02:39:45.000Z",45.701965,5.883716,0,2,5.25,135,null
"2018-11-02T02:43:45.000Z",45.701965,5.883716,0,2.25,8.25,135,null
"2018-11-02T02:47:45.000Z",45.701965,5.883716,1,4,8.75,112.5,null
"2018-11-02T02:51:48.000Z",45.701965,5.883716,2,5.5,11,90,null
"2018-11-02T02:55:48.000Z",45.701965,5.883716,0,3,7.75,90,null
"2018-11-02T02:59:48.000Z",45.701965,5.883716,0,1.25,4.75,90,null
"2018-11-02T03:03:53.000Z",45.701965,5.883716,0,1.5,4.25,90,null
"2018-11-02T03:07:53.000Z",45.701965,5.883716,0.25,2.5,5.25,90,null
"2018-11-02T03:11:53.000Z",45.701965,5.883716,0,1.75,4.5,112.5,null
"2018-11-02T03:15:57.000Z",45.701965,5.883716,0,2,5.25,112.5,null
"2018-11-02T03:19:57.000Z",45.701965,5.883716,1,4.5,6.5,90,null
"2018-11-02T03:23:57.000Z",45.701965,5.883716,0,3,4.5,90,null
"2018-11-02T03:28:01.000Z",45.701965,5.883716,2,4.25,8,112.5,null
"2018-11-02T03:32:01.000Z",45.701965,5.883716,1,4,8.25,90,null
"2018-11-02T03:36:01.000Z",45.701965,5.883716,1,3.75,6.5,112.5,null
"2018-11-02T03:40:06.000Z",45.701965,5.883716,1,3,5.25,90,null
"2018-11-02T03:44:06.000Z",45.701965,5.883716,1.5,3.5,7.75,112.5,null
"2018-11-02T03:48:06.000Z",45.701965,5.883716,1.5,4.25,8.25,112.5,null
"2018-11-02T03:52:09.000Z",45.701965,5.883716,0,2.75,8,112.5,null
"2018-11-02T03:56:09.000Z",45.701965,5.883716,2.75,5.75,11,67.5,null
"2018-11-02T04:00:09.000Z",45.701965,5.883716,2.5,4.5,7.75,90,null
"2018-11-02T04:04:13.000Z",45.701965,5.883716,0,3.25,7.75,135,null
"2018-11-02T04:08:13.000Z",45.701965,5.883716,0,3,8,90,null
"2018-11-02T04:12:13.000Z",45.701965,5.883716,0.75,3.25,5.5,135,null
"2018-11-02T04:16:17.000Z",45.701965,5.883716,1,3.75,6.5,90,null
"2018-11-02T04:20:17.000Z",45.701965,5.883716,2.5,6.5,10,135,null
"2018-11-02T04:24:17.000Z",45.701965,5.883716,1,4.75,8.25,90,null
"2018-11-02T04:28:22.000Z",45.701965,5.883716,0,3,9,112.5,null
"2018-11-02T04:32:22.000Z",45.701965,5.883716,1.75,4.75,8.25,157.5,null
"2018-11-02T04:36:22.000Z",45.701965,5.883716,4.75,8.75,12.5,157.5,null
"2018-11-02T04:40:26.000Z",45.701965,5.883716,3.75,7.75,13,157.5,null
"2018-11-02T04:44:26.000Z",45.701965,5.883716,1.75,5.25,10.5,157.5,null
"2018-11-02T04:48:26.000Z",45.701965,5.883716,2,5,9,135,null
"2018-11-02T04:52:30.000Z",45.701965,5.883716,0.25,3,6.5,135,null
"2018-11-02T04:56:30.000Z",45.701965,5.883716,0,2.5,6,112.5,null
"2018-11-02T05:00:30.000Z",45.701965,5.883716,0,2.75,7,112.5,null
"2018-11-02T05:04:33.000Z",45.701965,5.883716,0,2.5,7,112.5,null
"2018-11-02T05:08:33.000Z",45.701965,5.883716,0,2,4.5,112.5,null
"2018-11-02T05:12:33.000Z",45.701965,5.883716,0,3,8.75,135,null
"2018-11-02T05:16:38.000Z",45.701965,5.883716,0,2.75,7.25,135,null
"2018-11-02T05:20:38.000Z",45.701965,5.883716,0.75,4.75,8.75,157.5,null
"2018-11-02T05:24:38.000Z",45.701965,5.883716,2.75,5.5,8.75,157.5,null
"2018-11-02T05:28:42.000Z",45.701965,5.883716,0,4.5,7.25,157.5,null
"2018-11-02T05:32:42.000Z",45.701965,5.883716,0.25,3.5,7.25,135,null
"2018-11-02T05:36:42.000Z",45.701965,5.883716,0,3.25,6.5,135,null
"2018-11-02T05:40:46.000Z",45.701965,5.883716,1.5,4.75,8,157.5,null
"2018-11-02T05:44:46.000Z",45.701965,5.883716,3.75,6.5,8.75,180,null
"2018-11-02T05:48:46.000Z",45.701965,5.883716,2.75,6,9.75,180,null
"2018-11-02T05:52:50.000Z",45.701965,5.883716,1,4.25,8.75,157.5,null
"2018-11-02T05:56:50.000Z",45.701965,5.883716,1.75,7,11,157.5,null
"2018-11-02T06:00:50.000Z",45.701965,5.883716,1,5.5,9.75,157.5,null
"2018-11-02T06:04:54.000Z",45.701965,5.883716,1.5,4,7.25,135,null
"2018-11-02T06:08:54.000Z",45.701965,5.883716,0.25,3,6.25,135,null
"2018-11-02T06:12:54.000Z",45.701965,5.883716,0.75,3.5,7.75,112.5,null
"2018-11-02T06:16:58.000Z",45.701965,5.883716,0.25,2.75,5.25,135,null
"2018-11-02T06:20:58.000Z",45.701965,5.883716,1,4,8.25,157.5,null
"2018-11-02T06:24:58.000Z",45.701965,5.883716,0,2.25,6.5,135,null
"2018-11-02T06:29:02.000Z",45.701965,5.883716,0,3.25,6.5,112.5,null
"2018-11-02T06:33:02.000Z",45.701965,5.883716,0.25,3.5,7.75,112.5,null
"2018-11-02T06:37:02.000Z",45.701965,5.883716,0,4.25,9.5,112.5,null
"2018-11-02T06:41:06.000Z",45.701965,5.883716,0,3.5,9.75,112.5,null
"2018-11-02T06:45:06.000Z",45.701965,5.883716,1,4.75,8.75,112.5,null
"2018-11-02T06:49:06.000Z",45.701965,5.883716,0,3.25,6.5,112.5,null
"2018-11-02T06:53:10.000Z",45.701965,5.883716,1.5,4,6.5,135,null
"2018-11-02T06:57:10.000Z",45.701965,5.883716,1,3.75,7.75,112.5,null
"2018-11-02T07:01:10.000Z",45.701965,5.883716,0.25,3,7,112.5,null
"2018-11-02T07:05:14.000Z",45.701965,5.883716,0.25,2.5,6.25,112.5,null
"2018-11-02T07:09:14.000Z",45.701965,5.883716,0.25,2.5,6.25,112.5,null
"2018-11-02T07:13:14.000Z",45.701965,5.883716,0,2.25,5.25,135,null
"2018-11-02T07:17:18.000Z",45.701965,5.883716,0.75,2.75,5.5,135,null
"2018-11-02T07:21:18.000Z",45.701965,5.883716,1,4,7.25,157.5,null
"2018-11-02T07:25:18.000Z",45.701965,5.883716,2,5.75,8.25,157.5,null
"2018-11-02T07:29:22.000Z",45.701965,5.883716,4.5,6.5,8.25,157.5,null
"2018-11-02T07:33:22.000Z",45.701965,5.883716,2.5,5.75,8.75,157.5,null
"2018-11-02T07:37:22.000Z",45.701965,5.883716,2.75,5.75,9.5,157.5,null
"2018-11-02T07:41:27.000Z",45.701965,5.883716,3.25,7,10.5,157.5,null
"2018-11-02T07:45:27.000Z",45.701965,5.883716,0,5.5,12.5,157.5,null
"2018-11-02T07:49:27.000Z",45.701965,5.883716,0,2.5,8,157.5,null
"2018-11-02T07:53:31.000Z",45.701965,5.883716,0,3.5,9,135,null
"2018-11-02T07:57:31.000Z",45.701965,5.883716,1.5,5.25,8,157.5,null
"2018-11-02T08:01:31.000Z",45.701965,5.883716,2.5,6.5,11,157.5,null
"2018-11-02T08:05:34.000Z",45.701965,5.883716,2,6.25,11,180,null
"2018-11-02T08:09:34.000Z",45.701965,5.883716,2.5,7.75,10.5,180,null
"2018-11-02T08:13:34.000Z",45.701965,5.883716,2.75,6.5,11,202.5,null
"2018-11-02T08:17:39.000Z",45.701965,5.883716,2,6.75,10.5,180,null
"2018-11-02T08:21:39.000Z",45.701965,5.883716,1.5,6.25,10,180,null
"2018-11-02T08:25:39.000Z",45.701965,5.883716,0.75,6,9.75,157.5,null
"2018-11-02T08:29:43.000Z",45.701965,5.883716,0.75,4.75,9,135,null
"2018-11-02T08:33:43.000Z",45.701965,5.883716,1,4.25,7.75,157.5,null
"2018-11-02T08:37:43.000Z",45.701965,5.883716,0.25,3.5,7,157.5,null
"2018-11-02T08:41:47.000Z",45.701965,5.883716,3.25,5.25,7.75,157.5,null
"2018-11-02T08:45:47.000Z",45.701965,5.883716,1,4,6.5,157.5,null
"2018-11-02T08:49:47.000Z",45.701965,5.883716,0.25,2.5,4.5,157.5,null
"2018-11-02T08:53:50.000Z",45.701965,5.883716,0,3,5.5,157.5,null
"2018-11-02T08:57:50.000Z",45.701965,5.883716,0,1.25,3.75,112.5,null
"2018-11-02T09:01:50.000Z",45.701965,5.883716,0,1.5,4.25,112.5,null
"2018-11-02T09:05:54.000Z",45.701965,5.883716,0,1.5,3.75,112.5,null
"2018-11-02T09:09:54.000Z",45.701965,5.883716,0.25,2,4.75,112.5,null
"2018-11-02T09:13:54.000Z",45.701965,5.883716,0.25,2,4.75,112.5,null
"2018-11-02T09:17:59.000Z",45.701965,5.883716,0,2,4.75,112.5,null
"2018-11-02T09:21:59.000Z",45.701965,5.883716,0.25,2,4.75,112.5,null
"2018-11-02T09:25:59.000Z",45.701965,5.883716,1.75,4.5,6.5,157.5,null
"2018-11-02T09:30:03.000Z",45.701965,5.883716,2,6,7.75,157.5,null
"2018-11-02T09:34:03.000Z",45.701965,5.883716,2.5,5,8.75,157.5,null
"2018-11-02T09:38:03.000Z",45.701965,5.883716,0.75,3.25,5.5,157.5,null
"2018-11-02T09:42:07.000Z",45.701965,5.883716,0.25,3.25,6.25,157.5,null
"2018-11-02T09:46:07.000Z",45.701965,5.883716,1,4.75,8.75,180,null
"2018-11-02T09:50:07.000Z",45.701965,5.883716,1.5,3.75,6.25,180,null
"2018-11-02T09:54:11.000Z",45.701965,5.883716,1,4.25,6.25,157.5,null
"2018-11-02T09:58:11.000Z",45.701965,5.883716,2,5.25,7.75,157.5,null
"2018-11-02T10:02:11.000Z",45.701965,5.883716,3.5,5.25,7.75,157.5,null
"2018-11-02T10:06:15.000Z",45.701965,5.883716,2.5,6.5,11,180,null
"2018-11-02T10:10:15.000Z",45.701965,5.883716,3.5,7,9.75,180,null
"2018-11-02T10:14:15.000Z",45.701965,5.883716,1,6.75,10.5,180,null
"2018-11-02T10:18:20.000Z",45.701965,5.883716,3.75,8,12,180,null
"2018-11-02T10:22:20.000Z",45.701965,5.883716,5.25,8.75,12,202.5,null
"2018-11-02T10:26:20.000Z",45.701965,5.883716,6,8,10,202.5,null
"2018-11-02T10:30:23.000Z",45.701965,5.883716,5.5,8.5,11,202.5,null
"2018-11-02T10:34:23.000Z",45.701965,5.883716,1.5,6.5,10,202.5,null
"2018-11-02T10:38:23.000Z",45.701965,5.883716,0,6.25,10,202.5,null
"2018-11-02T10:42:28.000Z",45.701965,5.883716,3.25,7.25,10,180,null
"2018-11-02T10:46:28.000Z",45.701965,5.883716,1,7.25,11,180,null
"2018-11-02T10:50:28.000Z",45.701965,5.883716,4.25,8,11,180,null
"2018-11-02T10:54:31.000Z",45.701965,5.883716,4.5,8,10,180,null
"2018-11-02T10:58:31.000Z",45.701965,5.883716,2,6.75,11,180,null
"2018-11-02T11:02:31.000Z",45.701965,5.883716,4.25,8.25,11,180,null
"2018-11-02T11:06:35.000Z",45.701965,5.883716,5.25,8.5,11,202.5,null
"2018-11-02T11:10:35.000Z",45.701965,5.883716,5.5,8.25,10.5,202.5,null
"2018-11-02T11:14:35.000Z",45.701965,5.883716,4.75,8.75,12,180,null
"2018-11-02T11:18:40.000Z",45.701965,5.883716,4.25,7.5,10,180,null
"2018-11-02T11:22:40.000Z",45.701965,5.883716,4.5,7.5,9.75,180,null
"2018-11-02T11:26:40.000Z",45.701965,5.883716,2,7.25,9.5,180,null
"2018-11-02T11:30:43.000Z",45.701965,5.883716,2.5,7.25,11,180,null
"2018-11-02T11:34:43.000Z",45.701965,5.883716,1,6.25,9.75,180,null
"2018-11-02T11:38:43.000Z",45.701965,5.883716,4.75,8,10,180,null
"2018-11-02T11:42:48.000Z",45.701965,5.883716,2.75,9,11,202.5,null
"2018-11-02T11:46:48.000Z",45.701965,5.883716,7.75,9,11,202.5,null
"2018-11-02T11:50:48.000Z",45.701965,5.883716,4.75,8,10,202.5,null
"2018-11-02T11:54:51.000Z",45.701965,5.883716,3.5,6.75,8.75,202.5,null
"2018-11-02T11:58:51.000Z",45.701965,5.883716,3.5,6.5,9.5,202.5,null
"2018-11-02T12:02:51.000Z",45.701965,5.883716,2,6.75,10,202.5,null
"2018-11-02T12:06:55.000Z",45.701965,5.883716,6,7.75,9.75,202.5,null
"2018-11-02T12:10:55.000Z",45.701965,5.883716,3.25,7,9.75,202.5,null
"2018-11-02T12:14:55.000Z",45.701965,5.883716,2.5,6.25,8.75,202.5,null
"2018-11-02T12:19:00.000Z",45.701965,5.883716,4.5,7,8.25,202.5,null
"2018-11-02T12:23:00.000Z",45.701965,5.883716,4.5,7,8.75,202.5,null
"2018-11-02T12:27:00.000Z",45.701965,5.883716,4.5,6.5,8,225,null
"2018-11-02T12:31:04.000Z",45.701965,5.883716,4.25,6,7.75,202.5,null
"2018-11-02T12:35:04.000Z",45.701965,5.883716,3.75,6.5,8.25,202.5,null
"2018-11-02T12:39:04.000Z",45.701965,5.883716,5.5,7.25,8.25,202.5,null
"2018-11-02T12:43:08.000Z",45.701965,5.883716,3.25,7,8,202.5,null
"2018-11-02T12:47:08.000Z",45.701965,5.883716,3.25,6.25,8,202.5,null
"2018-11-02T12:51:08.000Z",45.701965,5.883716,4.5,5.75,7,202.5,null
"2018-11-02T12:55:12.000Z",45.701965,5.883716,1,5,6.5,202.5,null
"2018-11-02T12:59:12.000Z",45.701965,5.883716,1.5,3.75,6,202.5,null
"2018-11-02T13:03:12.000Z",45.701965,5.883716,0.25,4.25,6.5,202.5,null
"2018-11-02T13:07:16.000Z",45.701965,5.883716,2.5,4,5.5,202.5,null
"2018-11-02T13:11:16.000Z",45.701965,5.883716,0,2.5,4.5,202.5,null
"2018-11-02T13:15:16.000Z",45.701965,5.883716,0,2.5,4.75,202.5,null
"2018-11-02T13:19:20.000Z",45.701965,5.883716,0,2,6.25,202.5,null
"2018-11-02T13:23:20.000Z",45.701965,5.883716,0,1.5,2.75,202.5,null
"2018-11-02T13:27:20.000Z",45.701965,5.883716,0,0.75,2.5,202.5,null
"2018-11-02T13:31:24.000Z",45.701965,5.883716,0,0,1,202.5,null
"2018-11-02T13:35:24.000Z",45.701965,5.883716,0,0,0.25,202.5,null
"2018-11-02T13:39:24.000Z",45.701965,5.883716,0,0,0.75,202.5,null
"2018-11-02T13:43:28.000Z",45.701965,5.883716,0,0,0.75,202.5,null
"2018-11-02T13:47:28.000Z",45.701965,5.883716,0,0.25,1,202.5,null
"2018-11-02T13:51:28.000Z",45.701965,5.883716,0,0.75,1.75,225,null
"2018-11-02T13:55:32.000Z",45.701965,5.883716,0,0.25,1.75,270,null
"2018-11-02T13:59:32.000Z",45.701965,5.883716,0,0,0,270,null
"2018-11-02T14:03:32.000Z",45.701965,5.883716,0,0.5,1.75,270,null
"2018-11-02T14:07:36.000Z",45.701965,5.883716,0.75,4,6.5,337.5,null
"2018-11-02T14:11:36.000Z",45.701965,5.883716,1.5,5.75,8,0,null
"2018-11-02T14:15:36.000Z",45.701965,5.883716,6.5,8.25,10,0,null
"2018-11-02T14:19:40.000Z",45.701965,5.883716,5.5,9,11,22.5,null
"2018-11-02T14:23:40.000Z",45.701965,5.883716,4.25,7.25,10,22.5,null
"2018-11-02T14:27:40.000Z",45.701965,5.883716,5.5,8,12,22.5,null
"2018-11-02T14:31:44.000Z",45.701965,5.883716,5.25,10.5,14,0,null
"2018-11-02T14:35:44.000Z",45.701965,5.883716,5.5,10.5,14,22.5,null
"2018-11-02T14:39:44.000Z",45.701965,5.883716,7.75,12,16.5,0,null
"2018-11-02T14:43:49.000Z",45.701965,5.883716,7.25,12,15,0,null
"2018-11-02T14:47:49.000Z",45.701965,5.883716,9,12.5,15.5,0,null
"2018-11-02T14:51:49.000Z",45.701965,5.883716,7.75,12,15,0,null
"2018-11-02T14:55:52.000Z",45.701965,5.883716,8.25,11,14,0,null
"2018-11-02T14:59:52.000Z",45.701965,5.883716,8,11.5,14.5,0,null
"2018-11-02T15:03:52.000Z",45.701965,5.883716,9.5,12.5,15.5,0,null
"2018-11-02T15:07:57.000Z",45.701965,5.883716,8,11,14.5,22.5,null
"2018-11-02T15:11:57.000Z",45.701965,5.883716,6.5,11.5,15,22.5,null
"2018-11-02T15:15:57.000Z",45.701965,5.883716,7.25,10.5,13.5,0,null
"2018-11-02T15:20:00.000Z",45.701965,5.883716,6.25,10.5,15,0,null
"2018-11-02T15:24:00.000Z",45.701965,5.883716,5.25,9.75,14.5,0,null
"2018-11-02T15:28:00.000Z",45.701965,5.883716,8.25,11.5,13.5,0,null
"2018-11-02T15:32:04.000Z",45.701965,5.883716,8,11,13,0,null
"2018-11-02T15:36:04.000Z",45.701965,5.883716,8,11,14,0,null
"2018-11-02T15:40:04.000Z",45.701965,5.883716,6.5,10,12.5,22.5,null
"2018-11-02T15:44:09.000Z",45.701965,5.883716,4.25,8.5,12,22.5,null
"2018-11-02T15:48:09.000Z",45.701965,5.883716,7,9.75,12.5,0,null
"2018-11-02T15:52:09.000Z",45.701965,5.883716,7.75,10.5,12,22.5,null
"2018-11-02T15:56:12.000Z",45.701965,5.883716,5.25,8.5,12,22.5,null
"2018-11-02T16:00:12.000Z",45.701965,5.883716,4.5,8,13,22.5,null
"2018-11-02T16:04:12.000Z",45.701965,5.883716,3.75,7.5,12,22.5,null
"2018-11-02T16:08:16.000Z",45.701965,5.883716,7,10.5,14.5,22.5,null
"2018-11-02T16:12:16.000Z",45.701965,5.883716,7.75,10.5,13,22.5,null
"2018-11-02T16:16:16.000Z",45.701965,5.883716,5.5,8.75,13,22.5,null
"2018-11-02T16:20:20.000Z",45.701965,5.883716,3.75,7.5,12,22.5,null
"2018-11-02T16:24:20.000Z",45.701965,5.883716,4.75,8.25,11.5,22.5,null
"2018-11-02T16:28:20.000Z",45.701965,5.883716,3.75,8.25,12,22.5,null
"2018-11-02T16:32:25.000Z",45.701965,5.883716,4.25,9.25,14,0,null
"2018-11-02T16:36:25.000Z",45.701965,5.883716,12,16,18,337.5,null
"2018-11-02T16:40:25.000Z",45.701965,5.883716,9.75,15,17,0,null
"2018-11-02T16:44:28.000Z",45.701965,5.883716,3.25,9.75,14.5,0,null
"2018-11-02T16:48:28.000Z",45.701965,5.883716,9,15,20,0,null
"2018-11-02T16:52:28.000Z",45.701965,5.883716,6.25,11,14.5,22.5,null
"2018-11-02T16:56:32.000Z",45.701965,5.883716,9,12.5,16,0,null
"2018-11-02T17:00:32.000Z",45.701965,5.883716,6,9.5,13.5,22.5,null
"2018-11-02T17:04:32.000Z",45.701965,5.883716,4.25,7.75,14.5,45,null
"2018-11-02T17:08:36.000Z",45.701965,5.883716,4.75,9.5,13,22.5,null
"2018-11-02T17:12:36.000Z",45.701965,5.883716,4.75,8.75,12,22.5,null
"2018-11-02T17:16:36.000Z",45.701965,5.883716,5.5,8.75,12,22.5,null
"2018-11-02T17:20:40.000Z",45.701965,5.883716,4.75,8,12,22.5,null
"2018-11-02T17:24:40.000Z",45.701965,5.883716,3.75,8.75,14,22.5,null
"2018-11-02T17:28:40.000Z",45.701965,5.883716,7.75,11.5,15.5,0,null
"2018-11-02T17:32:44.000Z",45.701965,5.883716,4.25,8.5,13,22.5,null
"2018-11-02T17:36:44.000Z",45.701965,5.883716,4.5,7,10.5,22.5,null
"2018-11-02T17:40:44.000Z",45.701965,5.883716,4.5,8.25,13,22.5,null
"2018-11-02T17:44:49.000Z",45.701965,5.883716,3.75,7.5,11,22.5,null
"2018-11-02T17:48:49.000Z",45.701965,5.883716,4.75,8.5,14,22.5,null
"2018-11-02T17:52:49.000Z",45.701965,5.883716,4.5,7.5,11,45,null
"2018-11-02T17:56:53.000Z",45.701965,5.883716,5.5,9.25,13,45,null
"2018-11-02T18:00:53.000Z",45.701965,5.883716,6,9.5,13,45,null
"2018-11-02T18:04:53.000Z",45.701965,5.883716,5.5,9.75,13,45,null
"2018-11-02T18:08:57.000Z",45.701965,5.883716,7.25,10,12.5,45,null
"2018-11-02T18:12:57.000Z",45.701965,5.883716,6,10,14,45,null
"2018-11-02T18:16:57.000Z",45.701965,5.883716,3.5,8.5,12,45,null
"2018-11-02T18:21:01.000Z",45.701965,5.883716,4.5,8.5,12.5,22.5,null
"2018-11-02T18:25:01.000Z",45.701965,5.883716,4.25,6.75,11,22.5,null
"2018-11-02T18:29:01.000Z",45.701965,5.883716,3.5,6.5,9,22.5,null
"2018-11-02T18:33:05.000Z",45.701965,5.883716,3.75,7.25,11.5,22.5,null
"2018-11-02T18:37:05.000Z",45.701965,5.883716,6.25,9.25,14.5,0,null
"2018-11-02T18:41:05.000Z",45.701965,5.883716,3.25,8,15.5,0,null
"2018-11-02T18:45:09.000Z",45.701965,5.883716,7,12,18,0,null
"2018-11-02T18:49:09.000Z",45.701965,5.883716,3.5,7.25,13.5,22.5,null
"2018-11-02T18:53:09.000Z",45.701965,5.883716,2.5,6.5,10.5,45,null
"2018-11-02T18:57:14.000Z",45.701965,5.883716,3.5,6.75,10.5,45,null
"2018-11-02T19:01:14.000Z",45.701965,5.883716,4.5,7.5,11,45,null
"2018-11-02T19:05:14.000Z",45.701965,5.883716,2.5,7.75,11,22.5,null
"2018-11-02T19:09:17.000Z",45.701965,5.883716,4.25,8,13,45,null
"2018-11-02T19:13:17.000Z",45.701965,5.883716,5.5,8.5,14.5,22.5,null
"2018-11-02T19:17:17.000Z",45.701965,5.883716,1.5,5,7.75,45,null
"2018-11-02T19:21:22.000Z",45.701965,5.883716,1.5,5.25,8.25,22.5,null
"2018-11-02T19:25:22.000Z",45.701965,5.883716,4.5,8.25,13.5,45,null
"2018-11-02T19:29:22.000Z",45.701965,5.883716,4.75,7.75,11,22.5,null
"2018-11-02T19:33:25.000Z",45.701965,5.883716,5.5,9.25,13.5,22.5,null
"2018-11-02T19:37:25.000Z",45.701965,5.883716,9.5,14.5,23,0,null
"2018-11-02T19:41:25.000Z",45.701965,5.883716,10,18,25,0,null
"2018-11-02T19:45:29.000Z",45.701965,5.883716,4.75,10,23,22.5,null
"2018-11-02T19:49:29.000Z",45.701965,5.883716,4.75,17,24,337.5,null
"2018-11-02T19:53:29.000Z",45.701965,5.883716,13,20.5,31.5,0,null
"2018-11-02T19:57:42.000Z",45.701965,5.883716,7.25,14,27,0,null
"2018-11-02T20:01:42.000Z",45.701965,5.883716,11,19,28.5,0,null
"2018-11-02T20:05:42.000Z",45.701965,5.883716,14.5,21.5,32,0,null
"2018-11-02T20:09:45.000Z",45.701965,5.883716,6.5,18,26.5,0,null
"2018-11-02T20:13:45.000Z",45.701965,5.883716,6.5,13,22.5,0,null
"2018-11-02T20:17:45.000Z",45.701965,5.883716,4.75,9.75,13,22.5,null
"2018-11-02T20:21:50.000Z",45.701965,5.883716,2.75,6.5,12,22.5,null
"2018-11-02T20:25:50.000Z",45.701965,5.883716,3.25,6.75,11,22.5,null
"2018-11-02T20:29:50.000Z",45.701965,5.883716,0.75,4.25,7.75,45,null
"2018-11-02T20:33:53.000Z",45.701965,5.883716,4.5,13,25,0,null
"2018-11-02T20:37:53.000Z",45.701965,5.883716,1.5,9.5,17.5,22.5,null
"2018-11-02T20:41:53.000Z",45.701965,5.883716,0.75,12.5,27,0,null
"2018-11-02T20:45:57.000Z",45.701965,5.883716,3.5,13.5,22.5,0,null
"2018-11-02T20:49:57.000Z",45.701965,5.883716,9,18.5,25.5,0,null
"2018-11-02T20:53:57.000Z",45.701965,5.883716,9.5,21.5,31.5,337.5,null
"2018-11-02T20:58:02.000Z",45.701965,5.883716,8.25,21,34,0,null
"2018-11-02T21:02:02.000Z",45.701965,5.883716,4.5,19,29.5,0,null
"2018-11-02T21:06:02.000Z",45.701965,5.883716,5.25,14.5,28,0,null
"2018-11-02T21:10:06.000Z",45.701965,5.883716,7,17.5,34,0,null
"2018-11-02T21:14:06.000Z",45.701965,5.883716,0,4.25,8.75,22.5,null
"2018-11-02T21:18:06.000Z",45.701965,5.883716,1,8.5,23,22.5,null
"2018-11-02T21:22:10.000Z",45.701965,5.883716,2.5,5.25,8.75,67.5,null
"2018-11-02T21:26:10.000Z",45.701965,5.883716,5.25,7.75,12.5,67.5,null
"2018-11-02T21:30:10.000Z",45.701965,5.883716,4.25,8,12.5,45,null
"2018-11-02T21:34:14.000Z",45.701965,5.883716,2,6.75,15.5,67.5,null
"2018-11-02T21:38:14.000Z",45.701965,5.883716,4.5,8.75,13,45,null
"2018-11-02T21:42:14.000Z",45.701965,5.883716,1.75,8.75,27.5,45,null
"2018-11-02T21:46:18.000Z",45.701965,5.883716,2.5,6.5,13,67.5,null
"2018-11-02T21:50:18.000Z",45.701965,5.883716,0.75,4.75,9,67.5,null
"2018-11-02T21:54:18.000Z",45.701965,5.883716,2,4.75,7.75,67.5,null
"2018-11-02T21:58:22.000Z",45.701965,5.883716,0.75,6.75,12.5,45,null
"2018-11-02T22:02:22.000Z",45.701965,5.883716,3.75,6.5,9.75,45,null
"2018-11-02T22:06:22.000Z",45.701965,5.883716,3.25,9.5,20,45,null
"2018-11-02T22:10:26.000Z",45.701965,5.883716,1.75,7.5,10.5,45,null
"2018-11-02T22:14:26.000Z",45.701965,5.883716,6.5,9.75,14.5,45,null
"2018-11-02T22:18:26.000Z",45.701965,5.883716,2.5,6,10.5,45,null
"2018-11-02T22:22:30.000Z",45.701965,5.883716,4.5,8,15.5,45,null
"2018-11-02T22:26:30.000Z",45.701965,5.883716,3.75,7.75,13.5,22.5,null
"2018-11-02T22:30:30.000Z",45.701965,5.883716,3.5,7.25,13,22.5,null
"2018-11-02T22:34:34.000Z",45.701965,5.883716,1.5,5,8.75,45,null
"2018-11-02T22:38:34.000Z",45.701965,5.883716,1.5,5.5,12.5,45,null
"2018-11-02T22:42:34.000Z",45.701965,5.883716,4.5,8.75,16.5,22.5,null
"2018-11-02T22:46:38.000Z",45.701965,5.883716,2.5,6.25,10.5,45,null
"2018-11-02T22:50:38.000Z",45.701965,5.883716,1.75,4.5,10.5,45,null
"2018-11-02T22:54:38.000Z",45.701965,5.883716,0,2.25,6.25,45,null
"2018-11-02T22:58:42.000Z",45.701965,5.883716,2.5,6,11,45,null
"2018-11-02T23:02:42.000Z",45.701965,5.883716,1.75,6.25,12,22.5,null
"2018-11-02T23:06:42.000Z",45.701965,5.883716,2,7.25,13,45,null
"2018-11-02T23:10:46.000Z",45.701965,5.883716,0,3.5,7.25,22.5,null
"2018-11-02T23:14:46.000Z",45.701965,5.883716,1.75,7.25,12,22.5,null
"2018-11-02T23:18:46.000Z",45.701965,5.883716,2.75,5.75,9,22.5,null
"2018-11-02T23:22:50.000Z",45.701965,5.883716,0.25,6.75,12,0,null
"2018-11-02T23:26:50.000Z",45.701965,5.883716,2.75,6.25,12,0,null
"2018-11-02T23:30:50.000Z",45.701965,5.883716,0.25,5.5,12.5,0,null
"2018-11-02T23:34:54.000Z",45.701965,5.883716,4.25,9.5,18,0,null
"2018-11-02T23:38:54.000Z",45.701965,5.883716,6.5,12.5,18,0,null
"2018-11-02T23:42:54.000Z",45.701965,5.883716,3.75,10,18,22.5,null
"2018-11-02T23:46:58.000Z",45.701965,5.883716,6.25,12.5,19,22.5,null
"2018-11-02T23:50:58.000Z",45.701965,5.883716,0,5.75,14,22.5,null
"2018-11-02T23:54:58.000Z",45.701965,5.883716,3.25,7.25,14.5,45,null
"2018-11-02T23:59:03.000Z",45.701965,5.883716,3.5,8.25,11.5,45,null
"2018-11-03T00:03:03.000Z",45.701965,5.883716,0.25,4.25,9,22.5,null
"2018-11-03T00:07:03.000Z",45.701965,5.883716,2.75,5.5,9.5,67.5,null
"2018-11-03T00:11:07.000Z",45.701965,5.883716,1.5,6.25,14,45,null
"2018-11-03T00:15:07.000Z",45.701965,5.883716,5.5,10.5,17,22.5,null
"2018-11-03T00:19:07.000Z",45.701965,5.883716,4.75,9.5,16,22.5,null
"2018-11-03T00:23:10.000Z",45.701965,5.883716,12.5,19,25.5,0,null
"2018-11-03T00:27:10.000Z",45.701965,5.883716,13.5,20,26.5,0,null
"2018-11-03T00:31:10.000Z",45.701965,5.883716,12.5,17.5,23.5,0,null
"2018-11-03T00:35:15.000Z",45.701965,5.883716,10,15.5,25,0,null
"2018-11-03T00:39:15.000Z",45.701965,5.883716,6.5,12,18,0,null
"2018-11-03T00:43:15.000Z",45.701965,5.883716,5.25,10,16,22.5,null
"2018-11-03T00:47:19.000Z",45.701965,5.883716,8,11.5,19,0,null
"2018-11-03T00:51:19.000Z",45.701965,5.883716,3.75,7.75,12,45,null
"2018-11-03T00:55:19.000Z",45.701965,5.883716,0,4.5,8.75,22.5,null
"2018-11-03T00:59:23.000Z",45.701965,5.883716,1,8,15,0,null
"2018-11-03T01:03:23.000Z",45.701965,5.883716,0,3.5,9.5,0,null
"2018-11-03T01:07:23.000Z",45.701965,5.883716,4.25,11,18,337.5,null
"2018-11-03T01:11:26.000Z",45.701965,5.883716,8.25,13.5,22.5,337.5,null
"2018-11-03T01:15:26.000Z",45.701965,5.883716,6.25,11.5,18,337.5,null
"2018-11-03T01:19:26.000Z",45.701965,5.883716,0,8.5,20,337.5,null
"2018-11-03T01:23:30.000Z",45.701965,5.883716,3.5,11,23.5,337.5,null
"2018-11-03T01:27:30.000Z",45.701965,5.883716,0,5.75,18.5,22.5,null
"2018-11-03T01:31:30.000Z",45.701965,5.883716,4.25,9.5,18,0,null
"2018-11-03T01:35:34.000Z",45.701965,5.883716,12,16.5,24.5,337.5,null
"2018-11-03T01:39:34.000Z",45.701965,5.883716,0,8,18.5,0,null
"2018-11-03T01:43:34.000Z",45.701965,5.883716,1,5.25,11,0,null
"2018-11-03T01:47:39.000Z",45.701965,5.883716,0,3.75,9.75,45,null
"2018-11-03T01:51:39.000Z",45.701965,5.883716,0,1.75,5.5,45,null
"2018-11-03T01:55:39.000Z",45.701965,5.883716,1.5,3.5,7.25,67.5,null
"2018-11-03T01:59:42.000Z",45.701965,5.883716,2.5,6,9.75,45,null
"2018-11-03T02:03:42.000Z",45.701965,5.883716,4.75,8.25,12.5,45,null
"2018-11-03T02:07:42.000Z",45.701965,5.883716,3.25,6.25,11.5,45,null
"2018-11-03T02:11:47.000Z",45.701965,5.883716,4.25,8.25,14,45,null
"2018-11-03T02:15:47.000Z",45.701965,5.883716,5.25,7.25,9.5,67.5,null
"2018-11-03T02:19:47.000Z",45.701965,5.883716,4.5,6.75,11,45,null
"2018-11-03T02:23:50.000Z",45.701965,5.883716,4.5,7.75,11,45,null
"2018-11-03T02:27:50.000Z",45.701965,5.883716,4.75,7.75,10.5,45,null
"2018-11-03T02:31:50.000Z",45.701965,5.883716,4.25,7,10,45,null
"2018-11-03T02:35:55.000Z",45.701965,5.883716,2.5,6.25,9.5,45,null
"2018-11-03T02:39:55.000Z",45.701965,5.883716,1.5,5.5,11,45,null
"2018-11-03T02:43:55.000Z",45.701965,5.883716,3.75,6.25,10,45,null
"2018-11-03T02:47:58.000Z",45.701965,5.883716,3.5,6,8.25,67.5,null
"2018-11-03T02:51:58.000Z",45.701965,5.883716,3.75,6.25,9.75,67.5,null
"2018-11-03T02:55:58.000Z",45.701965,5.883716,2.75,6,10,45,null
"2018-11-03T03:00:03.000Z",45.701965,5.883716,1.75,6.5,11.5,22.5,null
"2018-11-03T03:04:03.000Z",45.701965,5.883716,1.75,7.5,19.5,22.5,null
"2018-11-03T03:08:03.000Z",45.701965,5.883716,8,15.5,24.5,0,null
"2018-11-03T03:12:07.000Z",45.701965,5.883716,1.75,9.25,19.5,0,null
"2018-11-03T03:16:07.000Z",45.701965,5.883716,6.5,15,23,0,null
"2018-11-03T03:20:07.000Z",45.701965,5.883716,11,16,22.5,337.5,null
"2018-11-03T03:24:11.000Z",45.701965,5.883716,7.25,15.5,25,0,null
"2018-11-03T03:28:11.000Z",45.701965,5.883716,15,21,27,337.5,null
"2018-11-03T03:32:11.000Z",45.701965,5.883716,12,19,26,0,null
"2018-11-03T03:36:15.000Z",45.701965,5.883716,10,17,24.5,0,null
"2018-11-03T03:40:15.000Z",45.701965,5.883716,11,19,23.5,0,null
"2018-11-03T03:44:15.000Z",45.701965,5.883716,11,16,21,0,null
"2018-11-03T03:48:19.000Z",45.701965,5.883716,13,18,22.5,0,null
"2018-11-03T03:52:19.000Z",45.701965,5.883716,12.5,17.5,21,0,null
"2018-11-03T03:56:19.000Z",45.701965,5.883716,15,19,23.5,0,null
"2018-11-03T04:00:23.000Z",45.701965,5.883716,14.5,18,22,0,null
"2018-11-03T04:04:23.000Z",45.701965,5.883716,10,16,20.5,0,null
"2018-11-03T04:08:23.000Z",45.701965,5.883716,6.25,13,18.5,0,null
"2018-11-03T04:12:27.000Z",45.701965,5.883716,2.75,6.25,12,22.5,null
"2018-11-03T04:16:27.000Z",45.701965,5.883716,4.75,8.5,13,22.5,null
"2018-11-03T04:20:27.000Z",45.701965,5.883716,4.75,8.5,14,22.5,null
"2018-11-03T04:24:32.000Z",45.701965,5.883716,6,10,14.5,45,null
"2018-11-03T04:28:32.000Z",45.701965,5.883716,6,11,14.5,45,null
"2018-11-03T04:32:32.000Z",45.701965,5.883716,6,9.75,14.5,45,null
"2018-11-03T04:36:36.000Z",45.701965,5.883716,4.75,9,13,22.5,null
"2018-11-03T04:40:36.000Z",45.701965,5.883716,6,9.25,12.5,22.5,null
"2018-11-03T04:44:36.000Z",45.701965,5.883716,4.5,8.25,12.5,45,null
"2018-11-03T04:48:40.000Z",45.701965,5.883716,5.25,8.75,12,22.5,null
"2018-11-03T04:52:40.000Z",45.701965,5.883716,6,8.25,12,22.5,null
"2018-11-03T04:56:40.000Z",45.701965,5.883716,6.25,9.75,15.5,0,null
"2018-11-03T05:00:43.000Z",45.701965,5.883716,9.75,14.5,18.5,0,null
"2018-11-03T05:04:43.000Z",45.701965,5.883716,8.25,12.5,16.5,22.5,null
"2018-11-03T05:08:43.000Z",45.701965,5.883716,7.75,12.5,17.5,22.5,null
"2018-11-03T05:12:48.000Z",45.701965,5.883716,8,13.5,21,22.5,null
"2018-11-03T05:16:48.000Z",45.701965,5.883716,7.75,12,17.5,22.5,null
"2018-11-03T05:20:48.000Z",45.701965,5.883716,7.25,10.5,16.5,22.5,null
"2018-11-03T05:24:51.000Z",45.701965,5.883716,8.25,13.5,17,22.5,null
"2018-11-03T05:28:51.000Z",45.701965,5.883716,8,12.5,16.5,22.5,null
"2018-11-03T05:32:51.000Z",45.701965,5.883716,7.75,11.5,16,22.5,null
"2018-11-03T05:36:56.000Z",45.701965,5.883716,6.5,11.5,16,22.5,null
"2018-11-03T05:40:56.000Z",45.701965,5.883716,6.25,11.5,15.5,22.5,null
"2018-11-03T05:44:56.000Z",45.701965,5.883716,8.75,13,17,0,null
"2018-11-03T05:49:00.000Z",45.701965,5.883716,11,16,21,0,null
"2018-11-03T05:53:00.000Z",45.701965,5.883716,10,16,20,0,null
"2018-11-03T05:57:00.000Z",45.701965,5.883716,11,16,19.5,22.5,null
"2018-11-03T06:01:04.000Z",45.701965,5.883716,8.25,15.5,20.5,0,null
"2018-11-03T06:05:04.000Z",45.701965,5.883716,9,13,17,22.5,null
"2018-11-03T06:09:04.000Z",45.701965,5.883716,7.25,12,16,0,null
"2018-11-03T06:13:08.000Z",45.701965,5.883716,8.75,13.5,18.5,0,null
"2018-11-03T06:17:08.000Z",45.701965,5.883716,9.75,14,20,22.5,null
"2018-11-03T06:21:08.000Z",45.701965,5.883716,11,15.5,19,0,null
"2018-11-03T06:25:12.000Z",45.701965,5.883716,9.75,14.5,18,0,null
"2018-11-03T06:29:12.000Z",45.701965,5.883716,9.75,13,18.5,0,null
"2018-11-03T06:33:12.000Z",45.701965,5.883716,10.5,14,18.5,0,null
"2018-11-03T06:37:16.000Z",45.701965,5.883716,8.25,13,16.5,0,null
"2018-11-03T06:41:16.000Z",45.701965,5.883716,10,14,16,0,null
"2018-11-03T06:45:16.000Z",45.701965,5.883716,11,14,17.5,0,null
"2018-11-03T06:49:20.000Z",45.701965,5.883716,12.5,15,17,0,null
"2018-11-03T06:53:20.000Z",45.701965,5.883716,11,15,18.5,0,null
"2018-11-03T06:57:20.000Z",45.701965,5.883716,14,16.5,19,0,null
"2018-11-03T07:01:24.000Z",45.701965,5.883716,12.5,15.5,19,0,null
"2018-11-03T07:05:24.000Z",45.701965,5.883716,11.5,15.5,19,0,null
"2018-11-03T07:09:24.000Z",45.701965,5.883716,11,16,20,0,null
"2018-11-03T07:13:28.000Z",45.701965,5.883716,14.5,18,21,0,null
"2018-11-03T07:17:28.000Z",45.701965,5.883716,14,17.5,21,0,null
"2018-11-03T07:21:28.000Z",45.701965,5.883716,14,17,21,0,null
"2018-11-03T07:25:33.000Z",45.701965,5.883716,16.5,19,22,337.5,null
"2018-11-03T07:29:33.000Z",45.701965,5.883716,14.5,17.5,20.5,0,null
"2018-11-03T07:33:33.000Z",45.701965,5.883716,10.5,16.5,19.5,0,null
"2018-11-03T07:37:36.000Z",45.701965,5.883716,10.5,16,19.5,0,null
"2018-11-03T07:41:36.000Z",45.701965,5.883716,13,16.5,19,0,null
"2018-11-03T07:45:36.000Z",45.701965,5.883716,8.75,13,15.5,0,null
"2018-11-03T07:49:40.000Z",45.701965,5.883716,9.75,13,15.5,0,null
"2018-11-03T07:53:40.000Z",45.701965,5.883716,11,14.5,19,0,null
"2018-11-03T07:57:40.000Z",45.701965,5.883716,15,18.5,21.5,0,null
"2018-11-03T08:01:44.000Z",45.701965,5.883716,15,18.5,22,0,null
"2018-11-03T08:05:44.000Z",45.701965,5.883716,14,17,21,0,null
"2018-11-03T08:09:44.000Z",45.701965,5.883716,13.5,17.5,20.5,0,null
"2018-11-03T08:13:48.000Z",45.701965,5.883716,14,17,20.5,0,null
"2018-11-03T08:17:48.000Z",45.701965,5.883716,11,15.5,19.5,0,null
"2018-11-03T08:21:48.000Z",45.701965,5.883716,11,14.5,18,0,null
"2018-11-03T08:25:53.000Z",45.701965,5.883716,12,16,19,0,null
"2018-11-03T08:29:53.000Z",45.701965,5.883716,13,15.5,19.5,0,null
"2018-11-03T08:33:53.000Z",45.701965,5.883716,9.75,16.5,20,0,null
"2018-11-03T08:37:56.000Z",45.701965,5.883716,13,16.5,20,0,null
"2018-11-03T08:41:56.000Z",45.701965,5.883716,12.5,16.5,19,0,null
"2018-11-03T08:45:56.000Z",45.701965,5.883716,13,16.5,19,0,null
"2018-11-03T08:50:00.000Z",45.701965,5.883716,11,17,20.5,0,null
"2018-11-03T08:54:00.000Z",45.701965,5.883716,13.5,17,20.5,0,null
"2018-11-03T08:58:00.000Z",45.701965,5.883716,13,17,20,0,null
"2018-11-03T09:02:04.000Z",45.701965,5.883716,12,17,20,0,null
"2018-11-03T09:06:04.000Z",45.701965,5.883716,13.5,17.5,21.5,0,null
"2018-11-03T09:10:04.000Z",45.701965,5.883716,11,18,22,0,null
"2018-11-03T09:14:09.000Z",45.701965,5.883716,13.5,17,20,0,null
"2018-11-03T09:18:09.000Z",45.701965,5.883716,13,17,20,0,null
"2018-11-03T09:22:09.000Z",45.701965,5.883716,11,15,18,0,null
"2018-11-03T09:26:13.000Z",45.701965,5.883716,11,15,19,0,null
"2018-11-03T09:30:13.000Z",45.701965,5.883716,9.5,15,19,0,null
"2018-11-03T09:34:13.000Z",45.701965,5.883716,9.5,13,17.5,0,null
"2018-11-03T09:38:17.000Z",45.701965,5.883716,10,15.5,19,0,null
"2018-11-03T09:42:17.000Z",45.701965,5.883716,11,15,19,0,null
"2018-11-03T09:46:17.000Z",45.701965,5.883716,12,16,19,0,null
"2018-11-03T09:50:21.000Z",45.701965,5.883716,12,16,19,0,null
"2018-11-03T09:54:21.000Z",45.701965,5.883716,12,15,18.5,0,null
"2018-11-03T09:58:21.000Z",45.701965,5.883716,12.5,15,17,0,null
"2018-11-03T10:02:25.000Z",45.701965,5.883716,9.75,15.5,19.5,0,null
"2018-11-03T10:06:25.000Z",45.701965,5.883716,9,13.5,16.5,0,null
"2018-11-03T10:10:25.000Z",45.701965,5.883716,9.5,13.5,17.5,0,null
"2018-11-03T10:14:29.000Z",45.701965,5.883716,11,13.5,16.5,0,null
"2018-11-03T10:18:29.000Z",45.701965,5.883716,11,13.5,16.5,337.5,null
"2018-11-03T10:22:29.000Z",45.701965,5.883716,10,12.5,15.5,337.5,null
"2018-11-03T10:26:33.000Z",45.701965,5.883716,8.75,12.5,15.5,337.5,null
"2018-11-03T10:30:33.000Z",45.701965,5.883716,9.5,12,14,337.5,null
"2018-11-03T10:34:33.000Z",45.701965,5.883716,9.5,11.5,15,337.5,null
"2018-11-03T10:38:37.000Z",45.701965,5.883716,9.5,11.5,15.5,337.5,null
"2018-11-03T10:42:37.000Z",45.701965,5.883716,7.75,11,14.5,337.5,null
"2018-11-03T10:46:37.000Z",45.701965,5.883716,9.5,12,14.5,337.5,null
"2018-11-03T10:50:41.000Z",45.701965,5.883716,8.75,12,16.5,337.5,null
"2018-11-03T10:54:41.000Z",45.701965,5.883716,8.75,12.5,16,0,null
"2018-11-03T10:58:41.000Z",45.701965,5.883716,11.5,14.5,16.5,0,null
"2018-11-03T11:02:45.000Z",45.701965,5.883716,10.5,14,17.5,0,null
"2018-11-03T11:06:45.000Z",45.701965,5.883716,9.75,12,15.5,0,null
"2018-11-03T11:10:45.000Z",45.701965,5.883716,10.5,14.5,18,337.5,null
"2018-11-03T11:14:49.000Z",45.701965,5.883716,10.5,14,18,337.5,null
"2018-11-03T11:18:49.000Z",45.701965,5.883716,9.75,13.5,18.5,0,null
"2018-11-03T11:22:49.000Z",45.701965,5.883716,11.5,14.5,16.5,337.5,null
"2018-11-03T11:26:53.000Z",45.701965,5.883716,10,13.5,16,0,null
"2018-11-03T11:30:53.000Z",45.701965,5.883716,7.25,12,16,337.5,null
"2018-11-03T11:34:53.000Z",45.701965,5.883716,9.75,12,16.5,337.5,null
"2018-11-03T11:38:57.000Z",45.701965,5.883716,10.5,12.5,15.5,0,null
"2018-11-03T11:42:57.000Z",45.701965,5.883716,9.5,12.5,15.5,0,null
"2018-11-03T11:46:57.000Z",45.701965,5.883716,6.25,11,15,0,null
"2018-11-03T11:51:01.000Z",45.701965,5.883716,8.25,11.5,14,337.5,null
"2018-11-03T11:55:01.000Z",45.701965,5.883716,6.5,10.5,15.5,337.5,null
"2018-11-03T11:59:01.000Z",45.701965,5.883716,8.25,11.5,15.5,0,null
"2018-11-03T12:03:05.000Z",45.701965,5.883716,8.75,11.5,14.5,0,null
"2018-11-03T12:07:05.000Z",45.701965,5.883716,8.25,11.5,15,337.5,null
"2018-11-03T12:11:05.000Z",45.701965,5.883716,8,10,13,0,null
"2018-11-03T12:15:10.000Z",45.701965,5.883716,8,11,14.5,0,null
"2018-11-03T12:19:10.000Z",45.701965,5.883716,7.25,10.5,13,337.5,null
"2018-11-03T12:23:10.000Z",45.701965,5.883716,8,11.5,15.5,0,null
"2018-11-03T12:27:13.000Z",45.701965,5.883716,7.75,10.5,13.5,337.5,null
"2018-11-03T12:31:13.000Z",45.701965,5.883716,9,11,14,337.5,null
"2018-11-03T12:35:13.000Z",45.701965,5.883716,9.5,11.5,15.5,337.5,null
"2018-11-03T12:39:18.000Z",45.701965,5.883716,9,11.5,14,337.5,null
"2018-11-03T12:43:18.000Z",45.701965,5.883716,8,11,14,337.5,null
"2018-11-03T12:47:18.000Z",45.701965,5.883716,7,11,13.5,337.5,null
"2018-11-03T12:51:22.000Z",45.701965,5.883716,9,11.5,15.5,337.5,null
"2018-11-03T12:55:22.000Z",45.701965,5.883716,8,11.5,14.5,337.5,null
"2018-11-03T12:59:22.000Z",45.701965,5.883716,8.25,11.5,15,337.5,null
"2018-11-03T13:03:25.000Z",45.701965,5.883716,10.5,12,15,337.5,null
"2018-11-03T13:07:25.000Z",45.701965,5.883716,7.75,11,14.5,337.5,null
"2018-11-03T13:11:25.000Z",45.701965,5.883716,7,9.5,14,337.5,null
"2018-11-03T13:15:30.000Z",45.701965,5.883716,8.75,11.5,14.5,337.5,null
"2018-11-03T13:19:30.000Z",45.701965,5.883716,8,10.5,13,337.5,null
"2018-11-03T13:23:30.000Z",45.701965,5.883716,9,11.5,13,337.5,null
"2018-11-03T13:27:33.000Z",45.701965,5.883716,10.5,12,14.5,337.5,null
"2018-11-03T13:31:33.000Z",45.701965,5.883716,10,13,15.5,0,null
"2018-11-03T13:35:33.000Z",45.701965,5.883716,11,13.5,16.5,0,null
"2018-11-03T13:39:38.000Z",45.701965,5.883716,12,15,17.5,0,null
"2018-11-03T13:43:38.000Z",45.701965,5.883716,12,15,17,0,null
"2018-11-03T13:47:38.000Z",45.701965,5.883716,12,14,16.5,0,null
"2018-11-03T13:51:42.000Z",45.701965,5.883716,12,14.5,17,337.5,null
"2018-11-03T13:55:42.000Z",45.701965,5.883716,11,14,17,0,null
"2018-11-03T13:59:42.000Z",45.701965,5.883716,13,15.5,17.5,0,null
"2018-11-03T14:03:46.000Z",45.701965,5.883716,11.5,15,17,337.5,null
"2018-11-03T14:07:46.000Z",45.701965,5.883716,12,14,15.5,337.5,null
"2018-11-03T14:11:46.000Z",45.701965,5.883716,11,13.5,16.5,337.5,null
"2018-11-03T14:15:50.000Z",45.701965,5.883716,10.5,13,15,337.5,null
"2018-11-03T14:19:50.000Z",45.701965,5.883716,10,12.5,15.5,0,null
"2018-11-03T14:23:50.000Z",45.701965,5.883716,9,12,14.5,337.5,null
"2018-11-03T14:27:53.000Z",45.701965,5.883716,12,13,15.5,0,null
"2018-11-03T14:31:53.000Z",45.701965,5.883716,11,13.5,15.5,337.5,null
"2018-11-03T14:35:53.000Z",45.701965,5.883716,9.75,13,15.5,0,null
"2018-11-03T14:39:58.000Z",45.701965,5.883716,10.5,12.5,14.5,0,null
"2018-11-03T14:43:58.000Z",45.701965,5.883716,10,12.5,14.5,0,null
"2018-11-03T14:47:58.000Z",45.701965,5.883716,11,13,16.5,337.5,null
"2018-11-03T14:52:01.000Z",45.701965,5.883716,9.75,12.5,15.5,337.5,null
"2018-11-03T14:56:01.000Z",45.701965,5.883716,10,13,15.5,337.5,null
"2018-11-03T15:00:01.000Z",45.701965,5.883716,8.75,13,18,337.5,null
"2018-11-03T15:04:06.000Z",45.701965,5.883716,10.5,13.5,16.5,337.5,null
"2018-11-03T15:08:06.000Z",45.701965,5.883716,11,13.5,16,0,null
"2018-11-03T15:12:06.000Z",45.701965,5.883716,11,14.5,17.5,0,null
"2018-11-03T15:16:10.000Z",45.701965,5.883716,11,14,17,0,null
"2018-11-03T15:20:10.000Z",45.701965,5.883716,12,15,18,0,null
"2018-11-03T15:24:10.000Z",45.701965,5.883716,12,15.5,18.5,0,null
"2018-11-03T15:28:14.000Z",45.701965,5.883716,14.5,17,19,0,null
"2018-11-03T15:32:14.000Z",45.701965,5.883716,14,17,20,0,null
"2018-11-03T15:36:14.000Z",45.701965,5.883716,13.5,15.5,19,0,null
"2018-11-03T15:40:18.000Z",45.701965,5.883716,12,16,18,0,null
"2018-11-03T15:44:18.000Z",45.701965,5.883716,12,16,19,0,null
"2018-11-03T15:48:18.000Z",45.701965,5.883716,14,17,19.5,0,null
"2018-11-03T15:52:23.000Z",45.701965,5.883716,11.5,16,19,0,null
"2018-11-03T15:56:23.000Z",45.701965,5.883716,14,17.5,20.5,0,null
"2018-11-03T16:00:23.000Z",45.701965,5.883716,14.5,18,21.5,0,null
"2018-11-03T16:04:27.000Z",45.701965,5.883716,15,19,22,0,null
"2018-11-03T16:08:27.000Z",45.701965,5.883716,14.5,18.5,22,0,null
"2018-11-03T16:12:27.000Z",45.701965,5.883716,15,20.5,24.5,0,null
"2018-11-03T16:16:30.000Z",45.701965,5.883716,16.5,20.5,24.5,0,null
"2018-11-03T16:20:30.000Z",45.701965,5.883716,16,19.5,22.5,0,null
"2018-11-03T16:24:30.000Z",45.701965,5.883716,16.5,20,24.5,0,null
"2018-11-03T16:28:34.000Z",45.701965,5.883716,10,18.5,24.5,0,null
"2018-11-03T16:32:34.000Z",45.701965,5.883716,13,18.5,23.5,0,null
"2018-11-03T16:36:34.000Z",45.701965,5.883716,14.5,20,25,0,null
"2018-11-03T16:40:38.000Z",45.701965,5.883716,14.5,20,23.5,0,null
"2018-11-03T16:44:38.000Z",45.701965,5.883716,13,17.5,22,0,null
"2018-11-03T16:48:38.000Z",45.701965,5.883716,14.5,19,22,0,null
"2018-11-03T16:52:42.000Z",45.701965,5.883716,14.5,19.5,25,0,null
"2018-11-03T16:56:42.000Z",45.701965,5.883716,11,17.5,21.5,0,null
"2018-11-03T17:00:42.000Z",45.701965,5.883716,13,18.5,22,0,null
"2018-11-03T17:04:47.000Z",45.701965,5.883716,13.5,18.5,24.5,0,null
"2018-11-03T17:08:47.000Z",45.701965,5.883716,14.5,19,25,0,null
"2018-11-03T17:12:47.000Z",45.701965,5.883716,15,19,24,0,null
"2018-11-03T17:16:51.000Z",45.701965,5.883716,10.5,17.5,22,0,null
"2018-11-03T17:20:51.000Z",45.701965,5.883716,11.5,18,24,0,null
"2018-11-03T17:24:51.000Z",45.701965,5.883716,11,19.5,25,0,null
"2018-11-03T17:28:55.000Z",45.701965,5.883716,12,18,23.5,0,null
"2018-11-03T17:32:55.000Z",45.701965,5.883716,13.5,19,23.5,0,null
"2018-11-03T17:36:55.000Z",45.701965,5.883716,11.5,18,22,0,null
"2018-11-03T17:40:59.000Z",45.701965,5.883716,9.5,17.5,22,0,null
"2018-11-03T17:44:59.000Z",45.701965,5.883716,12,16.5,21.5,0,null
"2018-11-03T17:48:59.000Z",45.701965,5.883716,10,15,19,0,null
"2018-11-03T17:53:02.000Z",45.701965,5.883716,9.75,14.5,18,0,null
"2018-11-03T17:57:02.000Z",45.701965,5.883716,10,15.5,20,0,null
"2018-11-03T18:01:02.000Z",45.701965,5.883716,8,14,20,0,null
"2018-11-03T18:05:07.000Z",45.701965,5.883716,10.5,14.5,18.5,0,null
"2018-11-03T18:09:07.000Z",45.701965,5.883716,10.5,14,16.5,0,null
"2018-11-03T18:13:07.000Z",45.701965,5.883716,8.25,12,16.5,0,null
"2018-11-03T18:17:10.000Z",45.701965,5.883716,11,13.5,15.5,0,null
"2018-11-03T18:21:10.000Z",45.701965,5.883716,8.75,14.5,18,0,null
"2018-11-03T18:25:10.000Z",45.701965,5.883716,8.75,13,16.5,0,null
"2018-11-03T18:29:15.000Z",45.701965,5.883716,8.25,13.5,17,0,null
"2018-11-03T18:33:15.000Z",45.701965,5.883716,6.5,12,16.5,22.5,null
"2018-11-03T18:37:15.000Z",45.701965,5.883716,5.25,9.5,16,0,null
"2018-11-03T18:41:19.000Z",45.701965,5.883716,2.5,9.25,15,22.5,null
"2018-11-03T18:45:19.000Z",45.701965,5.883716,5.5,11,16.5,0,null
"2018-11-03T18:49:19.000Z",45.701965,5.883716,5.25,13.5,18,0,null
"2018-11-03T18:53:22.000Z",45.701965,5.883716,4.75,9,14.5,22.5,null
"2018-11-03T18:57:22.000Z",45.701965,5.883716,2,10,16.5,22.5,null
"2018-11-03T19:01:22.000Z",45.701965,5.883716,1,4.25,7.75,22.5,null
"2018-11-03T19:05:27.000Z",45.701965,5.883716,0,2.25,7,0,null
"2018-11-03T19:09:27.000Z",45.701965,5.883716,0,0.5,4.25,0,null
"2018-11-03T19:13:27.000Z",45.701965,5.883716,0,4,7.75,22.5,null
"2018-11-03T19:17:31.000Z",45.701965,5.883716,3.75,6.25,9,45,null
"2018-11-03T19:21:31.000Z",45.701965,5.883716,2,5.25,9.5,22.5,null
"2018-11-03T19:25:31.000Z",45.701965,5.883716,2,4.5,8,22.5,null
"2018-11-03T19:29:35.000Z",45.701965,5.883716,2.5,4.5,7.75,22.5,null
"2018-11-03T19:33:35.000Z",45.701965,5.883716,0,2.5,5.5,22.5,null
"2018-11-03T19:37:35.000Z",45.701965,5.883716,2.75,5,7,22.5,null
"2018-11-03T19:41:40.000Z",45.701965,5.883716,0,3.25,9.5,0,null
"2018-11-03T19:45:40.000Z",45.701965,5.883716,0,3.25,7.25,0,null
"2018-11-03T19:49:40.000Z",45.701965,5.883716,0,3.75,8.25,337.5,null
"2018-11-03T19:54:31.000Z",45.701965,5.883716,0,1.75,6.5,0,null
"2018-11-03T19:58:31.000Z",45.701965,5.883716,0,1.5,7,337.5,null
"2018-11-03T20:02:31.000Z",45.701965,5.883716,0,0,0.75,337.5,null
"2018-11-03T20:06:35.000Z",45.701965,5.883716,0,0,0,337.5,null
"2018-11-03T20:10:35.000Z",45.701965,5.883716,0,0,0,337.5,null
"2018-11-03T20:14:35.000Z",45.701965,5.883716,0,0,0,337.5,null
"2018-11-03T20:18:40.000Z",45.701965,5.883716,0,0,0,337.5,null
"2018-11-03T20:22:40.000Z",45.701965,5.883716,0,0,0,337.5,null
"2018-11-03T20:26:40.000Z",45.701965,5.883716,0,0,0,337.5,null
"2018-11-03T20:30:44.000Z",45.701965,5.883716,0,0.25,1.75,337.5,null
"2018-11-03T20:34:44.000Z",45.701965,5.883716,0,0.25,2.5,337.5,null
"2018-11-03T20:38:44.000Z",45.701965,5.883716,0,0,1,0,null
"2018-11-03T20:42:48.000Z",45.701965,5.883716,0,0,1,0,null
"2018-11-03T20:46:48.000Z",45.701965,5.883716,0,0.25,1,0,null
"2018-11-03T20:50:48.000Z",45.701965,5.883716,0,0,0,0,null
"2018-11-03T20:54:52.000Z",45.701965,5.883716,0,0,0,0,null
"2018-11-03T20:58:52.000Z",45.701965,5.883716,0,0,1,0,null
"2018-11-03T21:02:52.000Z",45.701965,5.883716,0,0,0,0,null
"2018-11-03T21:06:56.000Z",45.701965,5.883716,0,0.25,1,0,null
"2018-11-03T21:10:56.000Z",45.701965,5.883716,0,1.5,6,337.5,null
"2018-11-03T21:14:56.000Z",45.701965,5.883716,4.25,7,10,337.5,null
"2018-11-03T21:18:59.000Z",45.701965,5.883716,6.25,8.75,11,337.5,null
"2018-11-03T21:22:59.000Z",45.701965,5.883716,5.25,7.25,10,0,null
"2018-11-03T21:26:59.000Z",45.701965,5.883716,4.75,7,9.5,337.5,null
"2018-11-03T21:31:04.000Z",45.701965,5.883716,5.5,7.5,10.5,337.5,null
"2018-11-03T21:35:04.000Z",45.701965,5.883716,4.5,7.25,9.75,337.5,null
"2018-11-03T21:39:04.000Z",45.701965,5.883716,4.75,6.75,8.75,337.5,null
"2018-11-03T21:43:08.000Z",45.701965,5.883716,5.5,8,11,337.5,null
"2018-11-03T21:47:08.000Z",45.701965,5.883716,4.5,7.25,9,337.5,null
"2018-11-03T21:51:08.000Z",45.701965,5.883716,4.75,6.25,8.25,337.5,null
"2018-11-03T21:55:12.000Z",45.701965,5.883716,5.5,8,10.5,337.5,null
"2018-11-03T21:59:12.000Z",45.701965,5.883716,6,7.75,10,337.5,null
"2018-11-03T22:03:12.000Z",45.701965,5.883716,3.25,6.5,9.5,337.5,null
"2018-11-03T22:07:16.000Z",45.701965,5.883716,3.25,5.5,8.25,0,null
"2018-11-03T22:11:16.000Z",45.701965,5.883716,2.5,4.75,6.5,0,null
"2018-11-03T22:15:16.000Z",45.701965,5.883716,0.75,2.75,6.25,0,null
"2018-11-03T22:19:20.000Z",45.701965,5.883716,0,1.25,2.75,0,null
"2018-11-03T22:23:20.000Z",45.701965,5.883716,0,1,2.75,0,null
"2018-11-03T22:27:20.000Z",45.701965,5.883716,0,0,1,0,null
"2018-11-03T22:31:24.000Z",45.701965,5.883716,0,0.25,1.75,0,null
"2018-11-03T22:35:24.000Z",45.701965,5.883716,0,3,6,0,null
"2018-11-03T22:39:24.000Z",45.701965,5.883716,2,4.75,8.25,0,null
"2018-11-03T22:43:28.000Z",45.701965,5.883716,2.5,4.5,8,0,null
"2018-11-03T22:47:28.000Z",45.701965,5.883716,3.75,6.5,8.75,337.5,null
"2018-11-03T22:51:28.000Z",45.701965,5.883716,3.5,7,11,337.5,null
"2018-11-03T22:55:32.000Z",45.701965,5.883716,4.75,6.75,8.75,337.5,null
"2018-11-03T22:59:32.000Z",45.701965,5.883716,3.5,5.75,8.25,337.5,null
"2018-11-03T23:03:32.000Z",45.701965,5.883716,5.25,6.75,9,337.5,null
"2018-11-03T23:07:37.000Z",45.701965,5.883716,1.5,4.75,8.5,337.5,null
"2018-11-03T23:11:37.000Z",45.701965,5.883716,1,3.5,7,0,null
"2018-11-03T23:15:37.000Z",45.701965,5.883716,0,3,5.5,0,null
"2018-11-03T23:19:40.000Z",45.701965,5.883716,0,0,1.5,0,null
"2018-11-03T23:23:40.000Z",45.701965,5.883716,0,2.5,4.75,45,null
"2018-11-03T23:27:40.000Z",45.701965,5.883716,0.25,2,3.5,67.5,null
"2018-11-03T23:31:44.000Z",45.701965,5.883716,0,1,4.5,67.5,null
"2018-11-03T23:35:44.000Z",45.701965,5.883716,0,0.25,1.5,67.5,null
"2018-11-03T23:39:44.000Z",45.701965,5.883716,0,1,2.5,67.5,null
"2018-11-03T23:43:49.000Z",45.701965,5.883716,0,0.25,1,67.5,null
"2018-11-03T23:47:49.000Z",45.701965,5.883716,0,0,0,67.5,null
"2018-11-03T23:51:49.000Z",45.701965,5.883716,0,0,2,67.5,null
"2018-11-03T23:55:52.000Z",45.701965,5.883716,0.75,2.25,3.25,67.5,null
"2018-11-03T23:59:52.000Z",45.701965,5.883716,0,2,4.5,67.5,null
"2018-11-04T00:03:52.000Z",45.701965,5.883716,0,1,2.75,67.5,null
"2018-11-04T00:07:57.000Z",45.701965,5.883716,0,1.25,3.25,67.5,null
"2018-11-04T00:11:57.000Z",45.701965,5.883716,0,1,2.5,67.5,null
"2018-11-04T00:15:57.000Z",45.701965,5.883716,0.25,1.5,3.5,67.5,null
"2018-11-04T00:20:00.000Z",45.701965,5.883716,0.75,2.75,5.25,67.5,null
"2018-11-04T00:24:00.000Z",45.701965,5.883716,0,2.5,4.75,67.5,null
"2018-11-04T00:28:00.000Z",45.701965,5.883716,1.5,3.25,5.25,45,null
"2018-11-04T00:32:05.000Z",45.701965,5.883716,0,2,4.75,45,null
"2018-11-04T00:36:05.000Z",45.701965,5.883716,0,1.75,3.25,45,null
"2018-11-04T00:40:05.000Z",45.701965,5.883716,0,1,2,45,null
"2018-11-04T00:44:08.000Z",45.701965,5.883716,0,0.5,2.5,45,null
"2018-11-04T00:48:08.000Z",45.701965,5.883716,0,0,0.75,45,null
"2018-11-04T00:52:08.000Z",45.701965,5.883716,0.25,1.5,3.25,45,null
"2018-11-04T00:56:13.000Z",45.701965,5.883716,0,1.5,4.25,45,null
"2018-11-04T01:00:13.000Z",45.701965,5.883716,0,1,3.25,45,null
"2018-11-04T01:04:13.000Z",45.701965,5.883716,0,1,3.75,45,null
"2018-11-04T01:08:17.000Z",45.701965,5.883716,0,0.25,1.5,45,null
"2018-11-04T01:12:17.000Z",45.701965,5.883716,0,0.25,1.5,45,null
"2018-11-04T01:16:17.000Z",45.701965,5.883716,0,0.75,2.5,45,null
"2018-11-04T01:20:21.000Z",45.701965,5.883716,0,0.25,1.75,45,null
"2018-11-04T01:24:21.000Z",45.701965,5.883716,0,0.5,2.5,45,null
"2018-11-04T01:28:21.000Z",45.701965,5.883716,0,0.5,2.5,67.5,null
"2018-11-04T01:32:24.000Z",45.701965,5.883716,0,1.5,4.75,45,null
"2018-11-04T01:36:24.000Z",45.701965,5.883716,0,2.25,4.5,67.5,null
"2018-11-04T01:40:24.000Z",45.701965,5.883716,0,1.25,3.75,67.5,null
"2018-11-04T01:44:29.000Z",45.701965,5.883716,0.75,3,6,67.5,null
"2018-11-04T01:48:29.000Z",45.701965,5.883716,0.25,2.25,4.75,67.5,null
"2018-11-04T01:52:29.000Z",45.701965,5.883716,0,0.25,2,67.5,null
"2018-11-04T01:56:33.000Z",45.701965,5.883716,0,0.5,2.5,67.5,null
"2018-11-04T02:00:33.000Z",45.701965,5.883716,0,0,0.75,67.5,null
"2018-11-04T02:04:33.000Z",45.701965,5.883716,0,0,0.25,67.5,null
"2018-11-04T02:08:36.000Z",45.701965,5.883716,0,0.25,2,67.5,null
"2018-11-04T02:12:36.000Z",45.701965,5.883716,0,0.5,2.5,67.5,null
"2018-11-04T02:16:36.000Z",45.701965,5.883716,0.25,1.5,2.75,67.5,null
"2018-11-04T02:20:41.000Z",45.701965,5.883716,0,0.75,3.25,67.5,null
"2018-11-04T02:24:41.000Z",45.701965,5.883716,0,1.5,3.75,67.5,null
"2018-11-04T02:28:41.000Z",45.701965,5.883716,0.25,2.5,5.25,67.5,null
"2018-11-04T02:32:45.000Z",45.701965,5.883716,0,1,4.5,90,null
"2018-11-04T02:36:45.000Z",45.701965,5.883716,0.75,3,6.25,90,null
"2018-11-04T02:40:45.000Z",45.701965,5.883716,0.25,3.25,10,90,null
"2018-11-04T02:44:49.000Z",45.701965,5.883716,2.5,5.75,9.75,90,null
"2018-11-04T02:48:49.000Z",45.701965,5.883716,1.75,4.25,7.25,112.5,null
"2018-11-04T02:52:49.000Z",45.701965,5.883716,1,3,5.5,90,null
"2018-11-04T02:56:53.000Z",45.701965,5.883716,0,2,6,90,null
"2018-11-04T03:00:53.000Z",45.701965,5.883716,0,0.75,3.5,90,null
"2018-11-04T03:04:53.000Z",45.701965,5.883716,0.25,2,4.5,90,null
"2018-11-04T03:08:57.000Z",45.701965,5.883716,1.75,3.75,6.5,90,null
"2018-11-04T03:12:57.000Z",45.701965,5.883716,1,3.25,6.25,90,null
"2018-11-04T03:16:57.000Z",45.701965,5.883716,1.5,3,6,67.5,null
"2018-11-04T03:21:01.000Z",45.701965,5.883716,0.75,2.75,5.25,67.5,null
"2018-11-04T03:25:01.000Z",45.701965,5.883716,0,2.75,5.25,67.5,null
"2018-11-04T03:29:01.000Z",45.701965,5.883716,0,2.5,5.25,67.5,null
"2018-11-04T03:33:05.000Z",45.701965,5.883716,0,1.25,3.5,67.5,null
"2018-11-04T03:37:05.000Z",45.701965,5.883716,0,1,3.75,67.5,null
"2018-11-04T03:41:05.000Z",45.701965,5.883716,0,1,2.5,67.5,null
"2018-11-04T03:45:09.000Z",45.701965,5.883716,0.25,2.5,4.25,67.5,null
"2018-11-04T03:49:09.000Z",45.701965,5.883716,0,1,3.5,67.5,null
"2018-11-04T03:53:09.000Z",45.701965,5.883716,0.25,1.75,3.75,67.5,null
"2018-11-04T03:57:13.000Z",45.701965,5.883716,0,0.5,2.5,67.5,null
"2018-11-04T04:01:13.000Z",45.701965,5.883716,0,0.25,0.75,67.5,null
"2018-11-04T04:05:13.000Z",45.701965,5.883716,0,0.25,0.75,67.5,null
"2018-11-04T04:09:17.000Z",45.701965,5.883716,0,0.5,1.5,67.5,null
"2018-11-04T04:13:17.000Z",45.701965,5.883716,0,1.5,3.5,67.5,null
"2018-11-04T04:17:17.000Z",45.701965,5.883716,1,3,4.25,67.5,null
"2018-11-04T04:21:21.000Z",45.701965,5.883716,0,1.75,4.75,67.5,null
"2018-11-04T04:25:21.000Z",45.701965,5.883716,0.75,1.5,2.75,67.5,null
"2018-11-04T04:29:21.000Z",45.701965,5.883716,0.25,1.75,5.5,67.5,null
"2018-11-04T04:33:25.000Z",45.701965,5.883716,1,3.5,6.25,112.5,null
"2018-11-04T04:37:25.000Z",45.701965,5.883716,0.25,3.5,6.25,135,null
"2018-11-04T04:41:25.000Z",45.701965,5.883716,0,3,7.25,135,null
"2018-11-04T04:45:29.000Z",45.701965,5.883716,0.25,2.75,5.25,135,null
"2018-11-04T04:49:29.000Z",45.701965,5.883716,1,3,5.5,135,null
"2018-11-04T04:53:29.000Z",45.701965,5.883716,0.75,3,5.25,112.5,null
"2018-11-04T04:57:34.000Z",45.701965,5.883716,0.25,2.75,5.25,112.5,null
"2018-11-04T05:01:34.000Z",45.701965,5.883716,0,1,2.75,112.5,null
"2018-11-04T05:05:34.000Z",45.701965,5.883716,0,2.5,5.5,90,null
"2018-11-04T05:09:37.000Z",45.701965,5.883716,0.75,3,7.25,90,null
"2018-11-04T05:13:37.000Z",45.701965,5.883716,0.75,2.75,6,90,null
"2018-11-04T05:17:37.000Z",45.701965,5.883716,1.5,2.75,4.5,90,null
"2018-11-04T05:21:41.000Z",45.701965,5.883716,1.75,4.25,8,135,null
"2018-11-04T05:25:41.000Z",45.701965,5.883716,0,3.75,7.25,112.5,null
"2018-11-04T05:29:41.000Z",45.701965,5.883716,2,4,6.5,112.5,null
"2018-11-04T05:33:46.000Z",45.701965,5.883716,1,4,7.25,112.5,null
"2018-11-04T05:37:46.000Z",45.701965,5.883716,0.75,3.25,6,112.5,null
"2018-11-04T05:41:46.000Z",45.701965,5.883716,0,2.5,6.5,135,null
"2018-11-04T05:45:49.000Z",45.701965,5.883716,0,1.75,4.5,135,null
"2018-11-04T05:49:49.000Z",45.701965,5.883716,0,1.25,3.5,157.5,null
"2018-11-04T05:53:49.000Z",45.701965,5.883716,0,1.75,5.25,135,null
"2018-11-04T05:57:54.000Z",45.701965,5.883716,0,1,3.75,135,null
"2018-11-04T06:01:54.000Z",45.701965,5.883716,0,2.25,4.5,135,null
"2018-11-04T06:05:54.000Z",45.701965,5.883716,0,3.5,7,157.5,null
"2018-11-04T06:09:57.000Z",45.701965,5.883716,1,2.25,4.75,135,null
"2018-11-04T06:13:57.000Z",45.701965,5.883716,0,2.25,4.5,135,null
"2018-11-04T06:17:57.000Z",45.701965,5.883716,0,1.5,4.25,135,null
"2018-11-04T06:22:02.000Z",45.701965,5.883716,0.25,2.5,5.25,135,null
"2018-11-04T06:26:02.000Z",45.701965,5.883716,0,1,3.25,135,null
"2018-11-04T06:30:02.000Z",45.701965,5.883716,0,2.75,7,135,null
"2018-11-04T06:34:06.000Z",45.701965,5.883716,0,2.25,6.5,135,null
"2018-11-04T06:38:06.000Z",45.701965,5.883716,0,2,5.5,112.5,null
"2018-11-04T06:42:06.000Z",45.701965,5.883716,0,1.75,4.5,135,null
"2018-11-04T06:46:10.000Z",45.701965,5.883716,0,0.75,3.75,135,null
"2018-11-04T06:50:10.000Z",45.701965,5.883716,0,2,3.5,135,null
"2018-11-04T06:54:10.000Z",45.701965,5.883716,0,2,3.5,135,null
"2018-11-04T06:58:14.000Z",45.701965,5.883716,0,0.25,3.25,135,null
"2018-11-04T07:02:14.000Z",45.701965,5.883716,0,1.75,3.5,135,null
"2018-11-04T07:06:14.000Z",45.701965,5.883716,0,0,0.75,135,null
"2018-11-04T07:10:18.000Z",45.701965,5.883716,0,0.75,2.75,135,null
"2018-11-04T07:14:18.000Z",45.701965,5.883716,0,1.75,4.25,112.5,null
"2018-11-04T07:18:18.000Z",45.701965,5.883716,0.25,2.25,4.5,112.5,null
"2018-11-04T07:22:22.000Z",45.701965,5.883716,0,2,4.25,112.5,null
"2018-11-04T07:26:22.000Z",45.701965,5.883716,0,1.75,3.75,135,null
"2018-11-04T07:30:22.000Z",45.701965,5.883716,0,1,3.5,135,null
"2018-11-04T07:34:26.000Z",45.701965,5.883716,0,1.25,3.25,135,null
"2018-11-04T07:38:26.000Z",45.701965,5.883716,0,1.75,3.5,112.5,null
"2018-11-04T07:42:26.000Z",45.701965,5.883716,0,1.75,4.75,112.5,null
"2018-11-04T07:46:30.000Z",45.701965,5.883716,0.75,2.5,4.5,112.5,null
"2018-11-04T07:50:30.000Z",45.701965,5.883716,0.25,1.75,3.75,112.5,null
"2018-11-04T07:54:30.000Z",45.701965,5.883716,0,2,4.25,112.5,null
"2018-11-04T07:58:34.000Z",45.701965,5.883716,0.25,2.25,4.5,112.5,null
"2018-11-04T08:02:34.000Z",45.701965,5.883716,0,1.5,3.75,112.5,null
"2018-11-04T08:06:34.000Z",45.701965,5.883716,0,1.75,4.5,112.5,null
"2018-11-04T08:10:39.000Z",45.701965,5.883716,0,1.25,5,112.5,null
"2018-11-04T08:14:39.000Z",45.701965,5.883716,0,0.75,3.25,112.5,null
"2018-11-04T08:18:39.000Z",45.701965,5.883716,0,1.25,6.25,90,null
"2018-11-04T08:22:42.000Z",45.701965,5.883716,0,0.75,3.25,67.5,null
"2018-11-04T08:26:42.000Z",45.701965,5.883716,0,0.5,2.5,67.5,null
"2018-11-04T08:30:42.000Z",45.701965,5.883716,0,0.5,4.25,67.5,null
"2018-11-04T08:34:46.000Z",45.701965,5.883716,0,1.25,5.25,67.5,null
"2018-11-04T08:38:46.000Z",45.701965,5.883716,0,3.25,10.5,45,null
"2018-11-04T08:42:46.000Z",45.701965,5.883716,0,1.75,9,67.5,null
"2018-11-04T08:46:51.000Z",45.701965,5.883716,0,4,9,45,null
"2018-11-04T08:50:51.000Z",45.701965,5.883716,0,0.75,3.25,45,null
"2018-11-04T08:54:51.000Z",45.701965,5.883716,0,1,3.5,45,null
"2018-11-04T08:58:55.000Z",45.701965,5.883716,0,0,0.75,45,null
"2018-11-04T09:02:55.000Z",45.701965,5.883716,0,0.25,3.25,45,null
"2018-11-04T09:06:55.000Z",45.701965,5.883716,0,0.25,1.5,45,null
"2018-11-04T09:10:59.000Z",45.701965,5.883716,0,1.25,5.25,67.5,null
"2018-11-04T09:14:59.000Z",45.701965,5.883716,0,2.75,4.75,67.5,null
"2018-11-04T09:18:59.000Z",45.701965,5.883716,0,0,1.5,67.5,null
"2018-11-04T09:23:03.000Z",45.701965,5.883716,0,1.25,7.25,157.5,null
"2018-11-04T09:27:03.000Z",45.701965,5.883716,3.75,6.25,9,180,null
"2018-11-04T09:31:03.000Z",45.701965,5.883716,4.5,6.75,8.75,202.5,null
"2018-11-04T09:35:06.000Z",45.701965,5.883716,0,5,9,202.5,null
"2018-11-04T09:39:06.000Z",45.701965,5.883716,0,2.5,6.5,180,null
"2018-11-04T09:43:06.000Z",45.701965,5.883716,0.25,4.5,7.75,180,null
"2018-11-04T09:47:10.000Z",45.701965,5.883716,0,2.5,6.25,157.5,null
"2018-11-04T09:51:10.000Z",45.701965,5.883716,0.25,4.25,9,180,null
"2018-11-04T09:55:10.000Z",45.701965,5.883716,3.75,6,8.25,202.5,null
"2018-11-04T09:59:14.000Z",45.701965,5.883716,5.25,8.75,15,202.5,null
"2018-11-04T10:03:14.000Z",45.701965,5.883716,3.75,6,8.25,202.5,null
"2018-11-04T10:07:14.000Z",45.701965,5.883716,3.5,7.25,11,225,null
"2018-11-04T10:11:19.000Z",45.701965,5.883716,2.5,6.25,10,247.5,null
"2018-11-04T10:15:19.000Z",45.701965,5.883716,3.5,5.5,8.75,247.5,null
"2018-11-04T10:19:19.000Z",45.701965,5.883716,3.5,6,8.75,225,null
"2018-11-04T10:23:23.000Z",45.701965,5.883716,4.75,7,9.75,225,null
"2018-11-04T10:27:23.000Z",45.701965,5.883716,1.5,5,7.25,202.5,null
"2018-11-04T10:31:23.000Z",45.701965,5.883716,5.25,7.75,10,202.5,null
"2018-11-04T10:35:27.000Z",45.701965,5.883716,5.5,8,11.5,225,null
"2018-11-04T10:39:27.000Z",45.701965,5.883716,4.5,7.25,9.5,225,null
"2018-11-04T10:43:27.000Z",45.701965,5.883716,6.25,8.25,11.5,225,null
"2018-11-04T10:47:31.000Z",45.701965,5.883716,6.25,8,11,247.5,null
"2018-11-04T10:51:31.000Z",45.701965,5.883716,2,5.25,8,247.5,null
"2018-11-04T10:55:31.000Z",45.701965,5.883716,3.75,6.25,9,247.5,null
"2018-11-04T10:59:34.000Z",45.701965,5.883716,6.5,8.75,12,247.5,null
"2018-11-04T11:03:34.000Z",45.701965,5.883716,4.25,7.25,11,225,null
"2018-11-04T11:07:34.000Z",45.701965,5.883716,0,5,9.75,247.5,null
"2018-11-04T11:11:39.000Z",45.701965,5.883716,0,2.75,6,270,null
"2018-11-04T11:15:39.000Z",45.701965,5.883716,3.75,6.75,10.5,247.5,null
"2018-11-04T11:19:39.000Z",45.701965,5.883716,0,4.25,7,247.5,null
"2018-11-04T11:23:43.000Z",45.701965,5.883716,0,0.5,1.75,247.5,null
"2018-11-04T11:27:43.000Z",45.701965,5.883716,0,1.5,3.5,247.5,null
"2018-11-04T11:31:43.000Z",45.701965,5.883716,0,2.25,7.75,67.5,null
"2018-11-04T11:35:47.000Z",45.701965,5.883716,0.75,5.75,13,112.5,null
"2018-11-04T11:39:47.000Z",45.701965,5.883716,0,5.5,14.5,90,null
"2018-11-04T11:43:47.000Z",45.701965,5.883716,1.5,6,13,67.5,null
"2018-11-04T11:47:51.000Z",45.701965,5.883716,0,3,10,45,null
"2018-11-04T11:51:51.000Z",45.701965,5.883716,1,6.5,17.5,67.5,null
"2018-11-04T11:55:51.000Z",45.701965,5.883716,0.75,8.25,20,67.5,null
"2018-11-04T11:59:55.000Z",45.701965,5.883716,5.25,11,21,45,null
"2018-11-04T12:03:55.000Z",45.701965,5.883716,1.5,7,12.5,45,null
"2018-11-04T12:07:55.000Z",45.701965,5.883716,3.25,7,11,45,null
"2018-11-04T12:11:59.000Z",45.701965,5.883716,0,6.75,13,67.5,null
"2018-11-04T12:15:59.000Z",45.701965,5.883716,4.5,8.5,13.5,45,null
"2018-11-04T12:19:59.000Z",45.701965,5.883716,2,7.75,17,67.5,null
"2018-11-04T12:24:03.000Z",45.701965,5.883716,2.5,9.5,19.5,45,null
"2018-11-04T12:28:03.000Z",45.701965,5.883716,4.5,9,14.5,22.5,null
"2018-11-04T12:32:03.000Z",45.701965,5.883716,3.25,6.5,9.75,22.5,null
"2018-11-04T12:36:08.000Z",45.701965,5.883716,3.25,5.75,8.75,45,null
"2018-11-04T12:40:08.000Z",45.701965,5.883716,1.5,5,8,0,null
"2018-11-04T12:44:08.000Z",45.701965,5.883716,1.75,4.75,7,0,null
"2018-11-04T12:48:11.000Z",45.701965,5.883716,0.75,3,5.5,0,null
"2018-11-04T12:52:11.000Z",45.701965,5.883716,0.25,2.5,5.25,0,null
"2018-11-04T12:56:11.000Z",45.701965,5.883716,0,0,0.75,0,null
"2018-11-04T13:00:16.000Z",45.701965,5.883716,0,0,0.25,0,null
"2018-11-04T13:04:16.000Z",45.701965,5.883716,0,1.25,3.25,0,null
"2018-11-04T13:08:16.000Z",45.701965,5.883716,0,1,2.75,0,null
"2018-11-04T13:12:19.000Z",45.701965,5.883716,0,0.75,3.5,0,null
"2018-11-04T13:16:19.000Z",45.701965,5.883716,0,1.75,6.25,270,null
"2018-11-04T13:20:19.000Z",45.701965,5.883716,0,5,8,270,null
"2018-11-04T13:24:23.000Z",45.701965,5.883716,1.75,4.25,6.25,292.5,null
"2018-11-04T13:28:23.000Z",45.701965,5.883716,2,4.75,7.25,247.5,null
"2018-11-04T13:32:23.000Z",45.701965,5.883716,2.5,5,6.5,247.5,null
"2018-11-04T13:36:27.000Z",45.701965,5.883716,0.25,4.5,7.25,225,null
"2018-11-04T13:40:27.000Z",45.701965,5.883716,0.75,8,12,225,null
"2018-11-04T13:44:27.000Z",45.701965,5.883716,0,5.25,9.75,180,null
"2018-11-04T13:48:31.000Z",45.701965,5.883716,1.75,5.25,10,180,null
"2018-11-04T13:52:31.000Z",45.701965,5.883716,0,1.25,3.75,202.5,null
"2018-11-04T13:56:31.000Z",45.701965,5.883716,0,3.75,6.25,202.5,null
"2018-11-04T14:00:36.000Z",45.701965,5.883716,0,1.75,4.75,180,null
"2018-11-04T14:04:36.000Z",45.701965,5.883716,0,0,0.75,180,null
"2018-11-04T14:08:36.000Z",45.701965,5.883716,0,4.75,12,67.5,null
"2018-11-04T14:12:40.000Z",45.701965,5.883716,0,1.75,3.75,45,null
"2018-11-04T14:16:40.000Z",45.701965,5.883716,0,0.75,4.75,45,null
"2018-11-04T14:20:40.000Z",45.701965,5.883716,0,1.25,4.25,45,null
"2018-11-04T14:24:43.000Z",45.701965,5.883716,0,2.5,6,67.5,null
"2018-11-04T14:28:43.000Z",45.701965,5.883716,0,2.25,8.25,90,null
"2018-11-04T14:32:43.000Z",45.701965,5.883716,0,3.75,9.5,90,null
"2018-11-04T14:36:47.000Z",45.701965,5.883716,0,2,5.25,67.5,null
"2018-11-04T14:40:47.000Z",45.701965,5.883716,0,1.5,5.5,67.5,null
"2018-11-04T14:44:47.000Z",45.701965,5.883716,1,3.25,5.5,90,null
"2018-11-04T14:48:52.000Z",45.701965,5.883716,0,1,7.25,90,null
"2018-11-04T14:52:52.000Z",45.701965,5.883716,0.25,3.75,9,67.5,null
"2018-11-04T14:56:52.000Z",45.701965,5.883716,0,3,8.75,67.5,null
"2018-11-04T15:00:56.000Z",45.701965,5.883716,1,5.75,13.5,67.5,null
"2018-11-04T15:04:56.000Z",45.701965,5.883716,2,4.5,8.75,45,null
"2018-11-04T15:08:56.000Z",45.701965,5.883716,1.5,5,10,45,null
"2018-11-04T15:13:00.000Z",45.701965,5.883716,0,3.75,12,90,null
"2018-11-04T15:17:00.000Z",45.701965,5.883716,0,3.5,11,45,null
"2018-11-04T15:21:00.000Z",45.701965,5.883716,1.5,5.5,10.5,45,null
"2018-11-04T15:25:04.000Z",45.701965,5.883716,1,6.75,12.5,45,null
"2018-11-04T15:29:04.000Z",45.701965,5.883716,1.5,6,11,67.5,null
"2018-11-04T15:33:04.000Z",45.701965,5.883716,0.75,5.5,14.5,90,null
"2018-11-04T15:37:08.000Z",45.701965,5.883716,1.5,8.5,15.5,67.5,null
"2018-11-04T15:41:08.000Z",45.701965,5.883716,1,6.75,14.5,67.5,null
"2018-11-04T15:45:08.000Z",45.701965,5.883716,4.5,10,15.5,67.5,null
"2018-11-04T15:49:12.000Z",45.701965,5.883716,2,9.5,15.5,90,null
"2018-11-04T15:53:12.000Z",45.701965,5.883716,2.5,8.5,14.5,90,null
"2018-11-04T15:57:12.000Z",45.701965,5.883716,1.75,5.75,11,90,null
"2018-11-04T16:01:16.000Z",45.701965,5.883716,2,7.5,15.5,90,null
"2018-11-04T16:05:16.000Z",45.701965,5.883716,0.75,5,11.5,90,null
"2018-11-04T16:09:16.000Z",45.701965,5.883716,0,4.75,12,67.5,null
"2018-11-04T16:13:20.000Z",45.701965,5.883716,1.5,6.75,15,67.5,null
"2018-11-04T16:17:20.000Z",45.701965,5.883716,1,4.75,9.75,67.5,null
"2018-11-04T16:21:20.000Z",45.701965,5.883716,0.75,7,15.5,67.5,null
"2018-11-04T16:25:24.000Z",45.701965,5.883716,0.75,5.75,14.5,67.5,null
"2018-11-04T16:29:24.000Z",45.701965,5.883716,0.75,7,16,90,null
"2018-11-04T16:33:24.000Z",45.701965,5.883716,0.25,6.75,15,90,null
"2018-11-04T16:37:29.000Z",45.701965,5.883716,0.25,6.5,11,90,null
"2018-11-04T16:41:29.000Z",45.701965,5.883716,0.75,3.75,9.5,90,null
"2018-11-04T16:45:29.000Z",45.701965,5.883716,0,4.75,13,90,null
"2018-11-04T16:49:33.000Z",45.701965,5.883716,0,4,9.5,112.5,null
"2018-11-04T16:53:33.000Z",45.701965,5.883716,0,2.75,7,112.5,null
"2018-11-04T16:57:33.000Z",45.701965,5.883716,0,1.75,7,67.5,null
"2018-11-04T17:01:37.000Z",45.701965,5.883716,0,0.75,3.5,45,null
"2018-11-04T17:05:37.000Z",45.701965,5.883716,0,1.75,8.25,112.5,null
"2018-11-04T17:09:37.000Z",45.701965,5.883716,0,1.25,6.5,112.5,null
"2018-11-04T17:13:41.000Z",45.701965,5.883716,0,2.75,8.25,67.5,null
"2018-11-04T17:17:41.000Z",45.701965,5.883716,0,4.75,13,67.5,null
"2018-11-04T17:21:41.000Z",45.701965,5.883716,3.25,5.5,10,67.5,null
"2018-11-04T17:25:45.000Z",45.701965,5.883716,0,1.75,4.5,45,null
"2018-11-04T17:29:45.000Z",45.701965,5.883716,0.25,2.5,5.25,22.5,null
"2018-11-04T17:33:45.000Z",45.701965,5.883716,0,1,4.25,22.5,null
"2018-11-04T17:37:48.000Z",45.701965,5.883716,0,0,0,22.5,null
"2018-11-04T17:41:48.000Z",45.701965,5.883716,0,0.75,1.5,22.5,null
"2018-11-04T17:45:48.000Z",45.701965,5.883716,0,0.5,1.5,22.5,null
"2018-11-04T17:49:53.000Z",45.701965,5.883716,0,1,7.75,90,null
"2018-11-04T17:53:53.000Z",45.701965,5.883716,1.5,3.5,6.5,90,null
"2018-11-04T17:57:53.000Z",45.701965,5.883716,1,2.5,4.5,90,null
"2018-11-04T18:01:57.000Z",45.701965,5.883716,2.5,4.25,6.25,90,null
"2018-11-04T18:05:57.000Z",45.701965,5.883716,2,5,8.75,90,null
"2018-11-04T18:09:57.000Z",45.701965,5.883716,0.75,2.75,5.25,90,null
"2018-11-04T18:14:00.000Z",45.701965,5.883716,0.25,1.25,2.5,90,null
"2018-11-04T18:18:00.000Z",45.701965,5.883716,0.25,2.25,4.5,90,null
"2018-11-04T18:22:00.000Z",45.701965,5.883716,2.75,4.75,6.5,112.5,null
"2018-11-04T18:26:04.000Z",45.701965,5.883716,2.75,4.75,6.5,112.5,null
"2018-11-04T18:30:04.000Z",45.701965,5.883716,2,5.75,9.75,90,null
"2018-11-04T18:34:04.000Z",45.701965,5.883716,1,5.75,8.75,67.5,null
"2018-11-04T18:38:09.000Z",45.701965,5.883716,2,5.25,8.25,90,null
"2018-11-04T18:42:09.000Z",45.701965,5.883716,1.5,6,11,67.5,null
"2018-11-04T18:46:09.000Z",45.701965,5.883716,0.75,4,7.25,90,null
"2018-11-04T18:50:13.000Z",45.701965,5.883716,2.75,4.25,6.25,90,null
"2018-11-04T18:54:13.000Z",45.701965,5.883716,2.75,4.75,6.5,90,null
"2018-11-04T18:58:13.000Z",45.701965,5.883716,0,2.75,6,90,null
"2018-11-04T19:02:16.000Z",45.701965,5.883716,0,0.75,3.25,90,null
"2018-11-04T19:06:16.000Z",45.701965,5.883716,0,0,0,90,null
"2018-11-04T19:10:16.000Z",45.701965,5.883716,0,1.75,3.5,90,null
"2018-11-04T19:14:21.000Z",45.701965,5.883716,0.25,3,5.5,112.5,null
"2018-11-04T19:18:21.000Z",45.701965,5.883716,0,2.25,5.5,112.5,null
"2018-11-04T19:22:21.000Z",45.701965,5.883716,2,4.25,7,135,null
"2018-11-04T19:26:25.000Z",45.701965,5.883716,1,5,9.5,112.5,null
"2018-11-04T19:30:25.000Z",45.701965,5.883716,2.5,5.25,8.25,90,null
"2018-11-04T19:34:25.000Z",45.701965,5.883716,4.5,6.75,9.5,112.5,null
"2018-11-04T19:38:29.000Z",45.701965,5.883716,1.5,4.25,8,112.5,null
"2018-11-04T19:42:29.000Z",45.701965,5.883716,1,3.75,9,90,null
"2018-11-04T19:46:29.000Z",45.701965,5.883716,0,2,4.75,90,null
"2018-11-04T19:50:42.000Z",45.701965,5.883716,0,3.75,9.5,90,null
"2018-11-04T19:54:42.000Z",45.701965,5.883716,1,4.75,9,90,null
"2018-11-04T19:58:42.000Z",45.701965,5.883716,3.75,7.25,11.5,90,null
"2018-11-04T20:02:45.000Z",45.701965,5.883716,3.25,8,15.5,90,null
"2018-11-04T20:06:45.000Z",45.701965,5.883716,3.25,6.75,13,90,null
"2018-11-04T20:10:45.000Z",45.701965,5.883716,2.75,7.75,12.5,90,null
"2018-11-04T20:14:49.000Z",45.701965,5.883716,3.75,6.75,11,90,null
"2018-11-04T20:18:49.000Z",45.701965,5.883716,3.25,5.75,11.5,112.5,null
"2018-11-04T20:22:49.000Z",45.701965,5.883716,0.75,4.5,10,112.5,null
"2018-11-04T20:26:53.000Z",45.701965,5.883716,0,3.5,7.75,112.5,null
"2018-11-04T20:30:53.000Z",45.701965,5.883716,0,3,8,67.5,null
"2018-11-04T20:34:53.000Z",45.701965,5.883716,1.75,3.75,6.25,67.5,null
"2018-11-04T20:38:57.000Z",45.701965,5.883716,3.25,5,8.25,67.5,null
"2018-11-04T20:42:57.000Z",45.701965,5.883716,1,3.75,6.25,45,null
"2018-11-04T20:46:57.000Z",45.701965,5.883716,0,4.25,8.75,67.5,null
"2018-11-04T20:51:02.000Z",45.701965,5.883716,1.5,4.25,7.25,67.5,null
"2018-11-04T20:55:02.000Z",45.701965,5.883716,1.75,4.25,6.25,67.5,null
"2018-11-04T20:59:02.000Z",45.701965,5.883716,0.75,2.75,5.5,67.5,null
"2018-11-04T21:03:05.000Z",45.701965,5.883716,2.75,5.25,8.25,90,null
"2018-11-04T21:07:05.000Z",45.701965,5.883716,2.5,4.5,9,90,null
"2018-11-04T21:11:05.000Z",45.701965,5.883716,1.5,6,12,67.5,null
"2018-11-04T21:15:09.000Z",45.701965,5.883716,2,6.5,11,67.5,null
"2018-11-04T21:19:09.000Z",45.701965,5.883716,0.25,5.25,12,90,null
"2018-11-04T21:23:09.000Z",45.701965,5.883716,0.75,3.75,9.5,90,null
"2018-11-04T21:27:13.000Z",45.701965,5.883716,0,3,6.5,112.5,null
"2018-11-04T21:31:13.000Z",45.701965,5.883716,0,3.75,7.75,135,null
"2018-11-04T21:35:13.000Z",45.701965,5.883716,0,4,11.5,135,null
"2018-11-04T21:39:18.000Z",45.701965,5.883716,0.25,3,8,135,null
"2018-11-04T21:43:18.000Z",45.701965,5.883716,3.5,7.5,13,90,null
"2018-11-04T21:47:18.000Z",45.701965,5.883716,1.5,8,13.5,90,null
"2018-11-04T21:51:21.000Z",45.701965,5.883716,2,7.25,14,90,null
"2018-11-04T21:55:21.000Z",45.701965,5.883716,1,5.25,15.5,90,null
"2018-11-04T21:59:21.000Z",45.701965,5.883716,1,4.75,7.25,180,null
"2018-11-04T22:03:26.000Z",45.701965,5.883716,0,1.5,5.5,180,null
"2018-11-04T22:07:26.000Z",45.701965,5.883716,1,4.25,7.75,90,null
"2018-11-04T22:11:26.000Z",45.701965,5.883716,0.25,4,7.75,112.5,null
"2018-11-04T22:15:30.000Z",45.701965,5.883716,0,5.75,10,90,null
"2018-11-04T22:19:30.000Z",45.701965,5.883716,0.25,5.25,11,90,null
"2018-11-04T22:23:30.000Z",45.701965,5.883716,0.75,6.75,13,90,null
"2018-11-04T22:27:33.000Z",45.701965,5.883716,0.75,6,13,90,null
"2018-11-04T22:31:33.000Z",45.701965,5.883716,1.75,5.5,13,90,null
"2018-11-04T22:35:33.000Z",45.701965,5.883716,3.25,6.5,10.5,90,null
"2018-11-04T22:39:38.000Z",45.701965,5.883716,2.75,6,14,90,null
"2018-11-04T22:43:38.000Z",45.701965,5.883716,1.75,7,12.5,90,null
"2018-11-04T22:47:38.000Z",45.701965,5.883716,2,8.5,17,90,null
"2018-11-04T22:51:42.000Z",45.701965,5.883716,2,9.25,17,90,null
"2018-11-04T22:55:42.000Z",45.701965,5.883716,1,6.5,15,112.5,null
"2018-11-04T22:59:42.000Z",45.701965,5.883716,1.75,8,16,90,null
"2018-11-04T23:03:46.000Z",45.701965,5.883716,0,6,14.5,90,null
"2018-11-04T23:07:46.000Z",45.701965,5.883716,2,8,17,90,null
"2018-11-04T23:11:46.000Z",45.701965,5.883716,0,4,9.5,112.5,null
"2018-11-04T23:15:50.000Z",45.701965,5.883716,0,3,6.5,135,null
"2018-11-04T23:19:50.000Z",45.701965,5.883716,0,4.25,7.75,180,null
"2018-11-04T23:23:50.000Z",45.701965,5.883716,0.75,4.25,8.75,202.5,null
"2018-11-04T23:27:54.000Z",45.701965,5.883716,0.75,4.5,7.25,180,null
"2018-11-04T23:31:54.000Z",45.701965,5.883716,0,3,6.5,180,null
"2018-11-04T23:35:54.000Z",45.701965,5.883716,3.75,7,11.5,180,null
"2018-11-04T23:39:58.000Z",45.701965,5.883716,0.25,5.25,11,202.5,null
"2018-11-04T23:43:58.000Z",45.701965,5.883716,0,3.75,7.25,180,null
"2018-11-04T23:47:58.000Z",45.701965,5.883716,0,1.5,5.5,157.5,null
"2018-11-04T23:52:02.000Z",45.701965,5.883716,0.75,2.75,4.5,180,null
"2018-11-04T23:56:02.000Z",45.701965,5.883716,0,4.5,8,180,null
"2018-11-05T00:00:02.000Z",45.701965,5.883716,0,3.25,7,135,null
"2018-11-05T00:04:06.000Z",45.701965,5.883716,0.25,5.75,14.5,90,null
"2018-11-05T00:08:06.000Z",45.701965,5.883716,2.5,6.75,13.5,90,null
"2018-11-05T00:12:06.000Z",45.701965,5.883716,4.75,11.5,18,67.5,null
"2018-11-05T00:16:11.000Z",45.701965,5.883716,5.25,10.5,15.5,90,null
"2018-11-05T00:20:11.000Z",45.701965,5.883716,3.25,10.5,16.5,67.5,null
"2018-11-05T00:24:11.000Z",45.701965,5.883716,1.5,7,12.5,90,null
"2018-11-05T00:28:15.000Z",45.701965,5.883716,2.25,6.25,10,135,null
"2018-11-05T00:32:15.000Z",45.701965,5.883716,3.25,6.5,10.5,112.5,null
"2018-11-05T00:36:15.000Z",45.701965,5.883716,2.5,5.5,8,135,null
"2018-11-05T00:40:18.000Z",45.701965,5.883716,2.75,6.5,10.5,112.5,null
"2018-11-05T00:44:18.000Z",45.701965,5.883716,1.5,5.25,11,90,null
"2018-11-05T00:48:18.000Z",45.701965,5.883716,0,2.25,3.75,90,null
"2018-11-05T00:52:23.000Z",45.701965,5.883716,0,1.75,3.75,90,null
"2018-11-05T00:56:23.000Z",45.701965,5.883716,0,1.25,3.75,90,null
"2018-11-05T01:00:23.000Z",45.701965,5.883716,0.25,3,4.75,90,null
"2018-11-05T01:04:26.000Z",45.701965,5.883716,0,1.5,5.5,112.5,null
"2018-11-05T01:08:26.000Z",45.701965,5.883716,2.5,5.25,8.25,90,null
"2018-11-05T01:12:26.000Z",45.701965,5.883716,1.75,5,7.25,90,null
"2018-11-05T01:16:30.000Z",45.701965,5.883716,1.5,5.75,11,90,null
"2018-11-05T01:20:30.000Z",45.701965,5.883716,3.25,6.5,11,67.5,null
"2018-11-05T01:24:30.000Z",45.701965,5.883716,1.75,4.75,7,67.5,null
"2018-11-05T01:28:35.000Z",45.701965,5.883716,0.25,2.5,4.75,67.5,null
"2018-11-05T01:32:35.000Z",45.701965,5.883716,0.25,1.75,2.75,67.5,null
"2018-11-05T01:36:35.000Z",45.701965,5.883716,0.75,2.75,5.5,67.5,null
"2018-11-05T01:40:38.000Z",45.701965,5.883716,3.5,5,7,112.5,null
"2018-11-05T01:44:38.000Z",45.701965,5.883716,2,5,9.5,90,null
"2018-11-05T01:48:38.000Z",45.701965,5.883716,0,4.25,9.5,90,null
"2018-11-05T01:52:43.000Z",45.701965,5.883716,2.75,5.25,9.5,90,null
"2018-11-05T01:56:43.000Z",45.701965,5.883716,1,4.25,8.25,90,null
"2018-11-05T02:00:43.000Z",45.701965,5.883716,0,4,9,67.5,null
"2018-11-05T02:04:46.000Z",45.701965,5.883716,0,3,8.25,67.5,null
"2018-11-05T02:08:46.000Z",45.701965,5.883716,0,5.75,12,67.5,null
"2018-11-05T02:12:46.000Z",45.701965,5.883716,0,2.5,7.75,67.5,null
"2018-11-05T02:16:51.000Z",45.701965,5.883716,1.75,5.25,8,90,null
"2018-11-05T02:20:51.000Z",45.701965,5.883716,0.75,3.5,6.5,90,null
"2018-11-05T02:24:51.000Z",45.701965,5.883716,0,0.25,1.5,90,null
"2018-11-05T02:28:55.000Z",45.701965,5.883716,0,0.25,1.75,90,null
"2018-11-05T02:32:55.000Z",45.701965,5.883716,0,1.5,5.5,90,null
"2018-11-05T02:36:55.000Z",45.701965,5.883716,0.25,2.75,4.5,112.5,null
"2018-11-05T02:40:59.000Z",45.701965,5.883716,0.75,3.5,5.5,112.5,null
"2018-11-05T02:44:59.000Z",45.701965,5.883716,2.5,4.5,7.75,112.5,null
"2018-11-05T02:48:59.000Z",45.701965,5.883716,2.75,4.25,5.5,112.5,null
"2018-11-05T02:53:03.000Z",45.701965,5.883716,0,3.5,7,112.5,null
"2018-11-05T02:57:03.000Z",45.701965,5.883716,1.5,5.75,10,67.5,null
"2018-11-05T03:01:03.000Z",45.701965,5.883716,2,8.5,14.5,90,null
"2018-11-05T03:05:06.000Z",45.701965,5.883716,3.5,9,16.5,67.5,null
"2018-11-05T03:09:06.000Z",45.701965,5.883716,0.75,5.25,12,90,null
"2018-11-05T03:13:06.000Z",45.701965,5.883716,0,2.75,7,112.5,null
"2018-11-05T03:17:11.000Z",45.701965,5.883716,0,3,8,135,null
"2018-11-05T03:21:11.000Z",45.701965,5.883716,0,2,5.25,135,null
"2018-11-05T03:25:11.000Z",45.701965,5.883716,0,2.5,7,135,null
"2018-11-05T03:29:15.000Z",45.701965,5.883716,0,5,12,112.5,null
"2018-11-05T03:33:15.000Z",45.701965,5.883716,0,3,9.75,157.5,null
"2018-11-05T03:37:15.000Z",45.701965,5.883716,0,4.75,11.5,157.5,null
"2018-11-05T03:41:19.000Z",45.701965,5.883716,0,3.75,10.5,135,null
"2018-11-05T03:45:19.000Z",45.701965,5.883716,0.75,5.25,9.75,90,null
"2018-11-05T03:49:19.000Z",45.701965,5.883716,1,8.75,26,90,null
"2018-11-05T03:53:23.000Z",45.701965,5.883716,3.5,8.5,15,90,null
"2018-11-05T03:57:23.000Z",45.701965,5.883716,0,5.25,10.5,90,null
"2018-11-05T04:01:23.000Z",45.701965,5.883716,0,4,8.75,112.5,null
"2018-11-05T04:05:28.000Z",45.701965,5.883716,0.75,5.25,15.5,90,null
"2018-11-05T04:09:28.000Z",45.701965,5.883716,0,8.75,14.5,67.5,null
"2018-11-05T04:13:28.000Z",45.701965,5.883716,1.5,8.5,16,67.5,null
"2018-11-05T04:17:32.000Z",45.701965,5.883716,2,7.5,15,67.5,null
"2018-11-05T04:21:32.000Z",45.701965,5.883716,2,7.5,14.5,67.5,null
"2018-11-05T04:25:32.000Z",45.701965,5.883716,2,7,12.5,67.5,null
"2018-11-05T04:29:36.000Z",45.701965,5.883716,2.75,8,15.5,67.5,null
"2018-11-05T04:33:36.000Z",45.701965,5.883716,5.25,10.5,17,67.5,null
"2018-11-05T04:37:36.000Z",45.701965,5.883716,0,5.75,10.5,112.5,null
"2018-11-05T04:41:40.000Z",45.701965,5.883716,1,6,15.5,112.5,null
"2018-11-05T04:45:40.000Z",45.701965,5.883716,0.25,6.25,10,90,null
"2018-11-05T04:49:40.000Z",45.701965,5.883716,1,5.75,11,112.5,null
"2018-11-05T04:53:43.000Z",45.701965,5.883716,2,7.75,17,90,null
"2018-11-05T04:57:43.000Z",45.701965,5.883716,0,6,13,112.5,null
"2018-11-05T05:01:43.000Z",45.701965,5.883716,0,5.25,14,90,null
"2018-11-05T05:05:48.000Z",45.701965,5.883716,1.75,7.75,16.5,112.5,null
"2018-11-05T05:09:48.000Z",45.701965,5.883716,2.75,10.5,18,90,null
"2018-11-05T05:13:48.000Z",45.701965,5.883716,5.25,9.5,17.5,90,null
"2018-11-05T05:17:52.000Z",45.701965,5.883716,3.75,8.75,15,90,null
"2018-11-05T05:21:52.000Z",45.701965,5.883716,1.75,6,13,90,null
"2018-11-05T05:25:52.000Z",45.701965,5.883716,0,6.25,13.5,90,null
"2018-11-05T05:29:56.000Z",45.701965,5.883716,0.75,6.75,15,90,null
"2018-11-05T05:33:56.000Z",45.701965,5.883716,1.75,6.75,17,90,null
"2018-11-05T05:37:56.000Z",45.701965,5.883716,2,6.5,13,90,null
"2018-11-05T05:42:00.000Z",45.701965,5.883716,0,7.5,15.5,90,null
"2018-11-05T05:46:00.000Z",45.701965,5.883716,1.5,9,17,90,null
"2018-11-05T05:50:00.000Z",45.701965,5.883716,4.25,12.5,22,67.5,null
"2018-11-05T05:54:04.000Z",45.701965,5.883716,2,8,18,90,null
"2018-11-05T05:58:04.000Z",45.701965,5.883716,3.5,10,21,67.5,null
"2018-11-05T06:02:04.000Z",45.701965,5.883716,4.25,9.25,15.5,67.5,null
"2018-11-05T06:06:07.000Z",45.701965,5.883716,2.75,8.25,15.5,90,null
"2018-11-05T06:10:07.000Z",45.701965,5.883716,2,8,20.5,90,null
"2018-11-05T06:14:07.000Z",45.701965,5.883716,0.75,7.5,17,90,null
"2018-11-05T06:18:12.000Z",45.701965,5.883716,2,8.25,18,67.5,null
"2018-11-05T06:22:12.000Z",45.701965,5.883716,1.75,8,13.5,90,null
"2018-11-05T06:26:12.000Z",45.701965,5.883716,0,6.25,13,67.5,null
"2018-11-05T06:30:15.000Z",45.701965,5.883716,0,6.75,14.5,90,null
"2018-11-05T06:34:15.000Z",45.701965,5.883716,3.25,7.75,14.5,90,null
"2018-11-05T06:38:15.000Z",45.701965,5.883716,1.75,6.75,15.5,90,null
"2018-11-05T06:42:19.000Z",45.701965,5.883716,0.25,5.25,14.5,90,null
"2018-11-05T06:46:19.000Z",45.701965,5.883716,0,4,12.5,90,null
"2018-11-05T06:50:19.000Z",45.701965,5.883716,1,6.75,15,112.5,null
"2018-11-05T06:54:24.000Z",45.701965,5.883716,0,2,8.25,135,null
"2018-11-05T06:58:24.000Z",45.701965,5.883716,0,2.5,8.25,112.5,null
"2018-11-05T07:02:24.000Z",45.701965,5.883716,0.75,4.75,11,135,null
"2018-11-05T07:06:28.000Z",45.701965,5.883716,2.5,5.25,11.5,135,null
"2018-11-05T07:10:28.000Z",45.701965,5.883716,0,3.5,9.5,135,null
"2018-11-05T07:14:28.000Z",45.701965,5.883716,0,2.25,5.5,135,null
"2018-11-05T07:18:32.000Z",45.701965,5.883716,0,2.75,8,157.5,null
"2018-11-05T07:22:32.000Z",45.701965,5.883716,0.25,3.75,7.75,112.5,null
"2018-11-05T07:26:32.000Z",45.701965,5.883716,0,3.5,7.25,112.5,null
"2018-11-05T07:30:36.000Z",45.701965,5.883716,0.25,2.5,7.25,112.5,null
"2018-11-05T07:34:36.000Z",45.701965,5.883716,0,2.25,6,135,null
"2018-11-05T07:38:36.000Z",45.701965,5.883716,0.25,3,7.25,135,null
"2018-11-05T07:42:41.000Z",45.701965,5.883716,0,3.75,8.25,135,null
"2018-11-05T07:46:41.000Z",45.701965,5.883716,0,4,13,112.5,null
"2018-11-05T07:50:41.000Z",45.701965,5.883716,0,5,14,67.5,null
"2018-11-05T07:54:44.000Z",45.701965,5.883716,0,3.25,6.5,90,null
"2018-11-05T07:58:44.000Z",45.701965,5.883716,2,6.5,13,90,null
"2018-11-05T08:02:44.000Z",45.701965,5.883716,0,2,7.25,112.5,null
"2018-11-05T08:06:49.000Z",45.701965,5.883716,1.5,5,9.75,90,null
"2018-11-05T08:10:49.000Z",45.701965,5.883716,1.75,4,8,135,null
"2018-11-05T08:14:49.000Z",45.701965,5.883716,0,4,10,135,null
"2018-11-05T08:18:52.000Z",45.701965,5.883716,0.25,5,11.5,135,null
"2018-11-05T08:22:52.000Z",45.701965,5.883716,1,6.25,15,90,null
"2018-11-05T08:26:52.000Z",45.701965,5.883716,0.25,7,15.5,90,null
"2018-11-05T08:30:56.000Z",45.701965,5.883716,2.5,10,15.5,67.5,null
"2018-11-05T08:34:56.000Z",45.701965,5.883716,1.75,8.5,15.5,90,null
"2018-11-05T08:38:56.000Z",45.701965,5.883716,3.5,7.25,12,67.5,null
"2018-11-05T08:43:01.000Z",45.701965,5.883716,2,6.75,11,90,null
"2018-11-05T08:47:01.000Z",45.701965,5.883716,0,4,9.75,67.5,null
"2018-11-05T08:51:01.000Z",45.701965,5.883716,0,3.5,8.75,112.5,null
"2018-11-05T08:55:04.000Z",45.701965,5.883716,1.5,3.75,7.25,157.5,null
"2018-11-05T08:59:04.000Z",45.701965,5.883716,0,5,11,90,null
"2018-11-05T09:03:04.000Z",45.701965,5.883716,0,3,9.75,90,null
"2018-11-05T09:07:09.000Z",45.701965,5.883716,0,3.5,8.75,112.5,null
"2018-11-05T09:11:09.000Z",45.701965,5.883716,0,5.25,20,90,null
"2018-11-05T09:15:09.000Z",45.701965,5.883716,1,6.75,15.5,90,null
"2018-11-05T09:19:13.000Z",45.701965,5.883716,0,2,8,157.5,null
"2018-11-05T09:23:13.000Z",45.701965,5.883716,0,3.75,7.75,112.5,null
"2018-11-05T09:27:13.000Z",45.701965,5.883716,1.5,6,11,67.5,null
"2018-11-05T09:31:17.000Z",45.701965,5.883716,0,2.25,8,112.5,null
"2018-11-05T09:35:17.000Z",45.701965,5.883716,0.25,4.5,12,90,null
"2018-11-05T09:39:17.000Z",45.701965,5.883716,1.75,9,19.5,90,null
"2018-11-05T09:43:21.000Z",45.701965,5.883716,0.75,6.5,11.5,90,null
"2018-11-05T09:47:21.000Z",45.701965,5.883716,0,2.5,8,67.5,null
"2018-11-05T09:51:21.000Z",45.701965,5.883716,0,1.75,5.5,67.5,null
"2018-11-05T09:55:25.000Z",45.701965,5.883716,1.5,6.75,13,90,null
"2018-11-05T09:59:25.000Z",45.701965,5.883716,0,4.25,14.5,112.5,null
"2018-11-05T10:03:25.000Z",45.701965,5.883716,1.75,8.25,17,90,null
"2018-11-05T10:07:29.000Z",45.701965,5.883716,0,1.25,5,90,null
"2018-11-05T10:11:29.000Z",45.701965,5.883716,0,4.75,13,135,null
"2018-11-05T10:15:29.000Z",45.701965,5.883716,0,6,12.5,135,null
"2018-11-05T10:19:32.000Z",45.701965,5.883716,0,5,11,135,null
"2018-11-05T10:23:32.000Z",45.701965,5.883716,0,4.5,11,157.5,null
"2018-11-05T10:27:32.000Z",45.701965,5.883716,0,3,9.75,112.5,null
"2018-11-05T10:31:37.000Z",45.701965,5.883716,0,2.75,8.25,67.5,null
"2018-11-05T10:35:37.000Z",45.701965,5.883716,0,3.75,13,135,null
"2018-11-05T10:39:37.000Z",45.701965,5.883716,0,3.5,11,67.5,null
"2018-11-05T10:43:41.000Z",45.701965,5.883716,0,3,12,90,null
"2018-11-05T10:47:41.000Z",45.701965,5.883716,2.5,7.25,14.5,90,null
"2018-11-05T10:51:41.000Z",45.701965,5.883716,4.75,10.5,16.5,90,null
"2018-11-05T10:55:45.000Z",45.701965,5.883716,0.25,7.25,15.5,90,null
"2018-11-05T10:59:45.000Z",45.701965,5.883716,2.5,8.75,19,67.5,null
"2018-11-05T11:03:45.000Z",45.701965,5.883716,4.5,10,18,90,null
"2018-11-05T11:07:49.000Z",45.701965,5.883716,0,6.75,16,90,null
"2018-11-05T11:11:49.000Z",45.701965,5.883716,1,8.75,15.5,90,null
"2018-11-05T11:15:49.000Z",45.701965,5.883716,1,8.5,17,67.5,null
"2018-11-05T11:19:53.000Z",45.701965,5.883716,1.75,8,16.5,90,null
"2018-11-05T11:23:53.000Z",45.701965,5.883716,0.75,7.25,16.5,90,null
"2018-11-05T11:27:53.000Z",45.701965,5.883716,1.5,11,18,90,null
"2018-11-05T11:31:57.000Z",45.701965,5.883716,0,8,18.5,90,null
"2018-11-05T11:35:57.000Z",45.701965,5.883716,1,6.75,12.5,90,null
"2018-11-05T11:39:57.000Z",45.701965,5.883716,4.5,9.5,19,90,null
"2018-11-05T11:44:01.000Z",45.701965,5.883716,0,5,13,135,null
"2018-11-05T11:48:01.000Z",45.701965,5.883716,0,5.25,13.5,90,null
"2018-11-05T11:52:01.000Z",45.701965,5.883716,2.75,7.5,16.5,90,null
"2018-11-05T11:56:05.000Z",45.701965,5.883716,1.75,7.25,14,90,null
"2018-11-05T12:00:05.000Z",45.701965,5.883716,2,9.75,15.5,90,null
"2018-11-05T12:04:05.000Z",45.701965,5.883716,3.75,9.75,17,90,null
"2018-11-05T12:08:09.000Z",45.701965,5.883716,0,4.75,13.5,90,null
"2018-11-05T12:12:09.000Z",45.701965,5.883716,0,3.5,10,90,null
"2018-11-05T12:16:09.000Z",45.701965,5.883716,0.25,5.5,10,90,null
"2018-11-05T12:20:13.000Z",45.701965,5.883716,0,4.75,13,90,null
"2018-11-05T12:24:13.000Z",45.701965,5.883716,0,5.25,10.5,90,null
"2018-11-05T12:28:13.000Z",45.701965,5.883716,0,4.25,10.5,112.5,null
"2018-11-05T12:32:18.000Z",45.701965,5.883716,1,4.25,10,22.5,null
"2018-11-05T12:36:18.000Z",45.701965,5.883716,1.5,4.5,7.75,45,null
"2018-11-05T12:40:18.000Z",45.701965,5.883716,1.75,4.25,10,337.5,null
"2018-11-05T12:44:22.000Z",45.701965,5.883716,3.5,5.75,9.5,292.5,null
"2018-11-05T12:48:22.000Z",45.701965,5.883716,2,3.5,5.25,292.5,null
"2018-11-05T12:52:22.000Z",45.701965,5.883716,1.5,3.25,4.75,292.5,null
"2018-11-05T12:56:25.000Z",45.701965,5.883716,0.25,3.25,4.75,292.5,null
"2018-11-05T13:00:25.000Z",45.701965,5.883716,3.25,7.5,11,270,null
"2018-11-05T13:04:25.000Z",45.701965,5.883716,6.5,8.5,11,270,null
"2018-11-05T13:08:29.000Z",45.701965,5.883716,0,3.25,8,247.5,null
"2018-11-05T13:12:29.000Z",45.701965,5.883716,1,8.75,15,247.5,null
"2018-11-05T13:16:29.000Z",45.701965,5.883716,4.25,7,12,247.5,null
"2018-11-05T13:20:34.000Z",45.701965,5.883716,6.25,8.5,11,225,null
"2018-11-05T13:24:34.000Z",45.701965,5.883716,6.25,8.25,11,202.5,null
"2018-11-05T13:28:34.000Z",45.701965,5.883716,4.75,7.75,12.5,202.5,null
"2018-11-05T13:32:38.000Z",45.701965,5.883716,2.5,6.5,8.5,202.5,null
"2018-11-05T13:36:38.000Z",45.701965,5.883716,2.5,8,13,202.5,null
"2018-11-05T13:40:38.000Z",45.701965,5.883716,3.5,8.75,12,180,null
"2018-11-05T13:44:41.000Z",45.701965,5.883716,2.5,9.25,13,202.5,null
"2018-11-05T13:48:41.000Z",45.701965,5.883716,9.75,12,15,202.5,null
"2018-11-05T13:52:41.000Z",45.701965,5.883716,5.5,9.75,13,180,null
"2018-11-05T13:56:46.000Z",45.701965,5.883716,2.75,8.25,10.5,180,null
"2018-11-05T14:00:46.000Z",45.701965,5.883716,4.25,8.25,11,180,null
"2018-11-05T14:04:46.000Z",45.701965,5.883716,3.75,8.5,10.5,180,null
"2018-11-05T14:08:50.000Z",45.701965,5.883716,4.75,9,11,180,null
"2018-11-05T14:12:50.000Z",45.701965,5.883716,7.75,10.5,12,180,null
"2018-11-05T14:16:50.000Z",45.701965,5.883716,3.75,8.5,11,180,null
"2018-11-05T14:20:54.000Z",45.701965,5.883716,3.5,7.75,11,180,null
"2018-11-05T14:24:54.000Z",45.701965,5.883716,3.5,6.75,8.75,180,null
"2018-11-05T14:28:54.000Z",45.701965,5.883716,3.25,5.75,8.25,180,null
"2018-11-05T14:32:58.000Z",45.701965,5.883716,3.25,5.75,7,180,null
"2018-11-05T14:36:58.000Z",45.701965,5.883716,1.75,4,5.5,180,null
"2018-11-05T14:40:58.000Z",45.701965,5.883716,2,4.25,6.25,180,null
"2018-11-05T14:45:02.000Z",45.701965,5.883716,2,5,7,180,null
"2018-11-05T14:49:02.000Z",45.701965,5.883716,2.75,6,8,202.5,null
"2018-11-05T14:53:02.000Z",45.701965,5.883716,4.75,6.5,8.25,202.5,null
"2018-11-05T14:57:06.000Z",45.701965,5.883716,3.25,6,7.25,180,null
"2018-11-05T15:01:06.000Z",45.701965,5.883716,4.75,6.5,8,180,null
"2018-11-05T15:05:06.000Z",45.701965,5.883716,0,2.75,6,180,null
"2018-11-05T15:09:10.000Z",45.701965,5.883716,0,3,5.25,157.5,null
"2018-11-05T15:13:10.000Z",45.701965,5.883716,0,2.75,4.75,157.5,null
"2018-11-05T15:17:10.000Z",45.701965,5.883716,2,3.25,4.5,180,null
"2018-11-05T15:21:14.000Z",45.701965,5.883716,0,0.5,2.25,180,null
"2018-11-05T15:25:14.000Z",45.701965,5.883716,0,0.5,2.5,180,null
"2018-11-05T15:29:14.000Z",45.701965,5.883716,0,0.5,7.75,247.5,null
"2018-11-05T15:33:18.000Z",45.701965,5.883716,0.75,3,6.75,247.5,null
"2018-11-05T15:37:18.000Z",45.701965,5.883716,0,0.25,1.5,247.5,null
"2018-11-05T15:41:18.000Z",45.701965,5.883716,0,1.5,2.75,247.5,null
"2018-11-05T15:45:22.000Z",45.701965,5.883716,0,0.75,3.5,247.5,null
"2018-11-05T15:49:22.000Z",45.701965,5.883716,0,0.75,3.5,270,null
"2018-11-05T15:53:22.000Z",45.701965,5.883716,0,0,0,292.5,null
"2018-11-05T15:57:26.000Z",45.701965,5.883716,0,0.5,2,292.5,null
"2018-11-05T16:01:26.000Z",45.701965,5.883716,0.25,1.75,2.75,292.5,null
"2018-11-05T16:05:26.000Z",45.701965,5.883716,0.75,1.75,2.75,315,null
"2018-11-05T16:09:30.000Z",45.701965,5.883716,0.25,1.25,1.75,315,null
"2018-11-05T16:13:30.000Z",45.701965,5.883716,0,1.25,3.5,315,null
"2018-11-05T16:17:30.000Z",45.701965,5.883716,0,1.75,3.5,315,null
"2018-11-05T16:21:35.000Z",45.701965,5.883716,0,0,0.5,315,null
"2018-11-05T16:25:35.000Z",45.701965,5.883716,0,0.25,1.5,315,null
"2018-11-05T16:29:35.000Z",45.701965,5.883716,0,0,0,315,null
"2018-11-05T16:33:38.000Z",45.701965,5.883716,0,0.25,1.5,315,null
"2018-11-05T16:37:38.000Z",45.701965,5.883716,0,0.5,1.75,315,null
"2018-11-05T16:41:38.000Z",45.701965,5.883716,0,0,0,315,null
"2018-11-05T16:45:42.000Z",45.701965,5.883716,0,0,0,315,null
"2018-11-05T16:49:42.000Z",45.701965,5.883716,0,0,0,315,null
"2018-11-05T16:53:42.000Z",45.701965,5.883716,0,0.75,2,315,null
"2018-11-05T16:57:47.000Z",45.701965,5.883716,1,3,4.5,315,null
"2018-11-05T17:01:47.000Z",45.701965,5.883716,0,0.5,2.5,315,null
"2018-11-05T17:05:47.000Z",45.701965,5.883716,0,0.75,2.75,315,null
"2018-11-05T17:09:50.000Z",45.701965,5.883716,0,1,2.75,315,null
"2018-11-05T17:13:50.000Z",45.701965,5.883716,0.75,2.25,4.5,315,null
"2018-11-05T17:17:50.000Z",45.701965,5.883716,1,2.25,3.5,315,null
"2018-11-05T17:21:54.000Z",45.701965,5.883716,0,0.75,4.75,225,null
"2018-11-05T17:25:54.000Z",45.701965,5.883716,0,0.25,2,180,null
"2018-11-05T17:29:54.000Z",45.701965,5.883716,0,0.75,2,180,null
"2018-11-05T17:33:58.000Z",45.701965,5.883716,0,0.5,1.75,180,null
"2018-11-05T17:37:58.000Z",45.701965,5.883716,0,0,0.25,180,null
"2018-11-05T17:41:58.000Z",45.701965,5.883716,0,0,0,180,null
"2018-11-05T17:46:03.000Z",45.701965,5.883716,0,0,0.75,180,null
"2018-11-05T17:50:03.000Z",45.701965,5.883716,0,2,4.5,180,null
"2018-11-05T17:54:03.000Z",45.701965,5.883716,1.75,3.25,4.25,180,null
"2018-11-05T17:58:06.000Z",45.701965,5.883716,0,1.75,3.75,180,null
"2018-11-05T18:02:06.000Z",45.701965,5.883716,1.75,3.5,5.25,180,null
"2018-11-05T18:06:06.000Z",45.701965,5.883716,0,2.25,5.25,180,null
"2018-11-05T18:10:11.000Z",45.701965,5.883716,0,2,4.25,180,null
"2018-11-05T18:14:11.000Z",45.701965,5.883716,1,3,5.5,180,null
"2018-11-05T18:18:11.000Z",45.701965,5.883716,0,0.75,3.25,157.5,null
"2018-11-05T18:22:15.000Z",45.701965,5.883716,0,0.75,2,157.5,null
"2018-11-05T18:26:15.000Z",45.701965,5.883716,0,0,0.75,157.5,null
"2018-11-05T18:30:15.000Z",45.701965,5.883716,0,0,0,157.5,null
"2018-11-05T18:34:18.000Z",45.701965,5.883716,0,0,0,157.5,null
"2018-11-05T18:38:18.000Z",45.701965,5.883716,0,0,0,157.5,null
"2018-11-05T18:42:18.000Z",45.701965,5.883716,0,0,0,157.5,null
"2018-11-05T18:46:22.000Z",45.701965,5.883716,0,0,0,157.5,null
"2018-11-05T18:50:22.000Z",45.701965,5.883716,0,0,0,157.5,null
"2018-11-05T18:54:22.000Z",45.701965,5.883716,0,0,0,157.5,null
"2018-11-05T18:58:27.000Z",45.701965,5.883716,0,0,0.25,157.5,null
"2018-11-05T19:02:27.000Z",45.701965,5.883716,0,0,0,157.5,null
"2018-11-05T19:06:27.000Z",45.701965,5.883716,0,0,0,157.5,null
"2018-11-05T19:10:31.000Z",45.701965,5.883716,0,1.25,3.5,157.5,null
"2018-11-05T19:14:31.000Z",45.701965,5.883716,0,1.75,3.75,157.5,null
"2018-11-05T19:18:31.000Z",45.701965,5.883716,0,2.25,4.25,157.5,null
"2018-11-05T19:22:35.000Z",45.701965,5.883716,0,0,0.25,157.5,null
"2018-11-05T19:26:35.000Z",45.701965,5.883716,0,0.25,0.75,157.5,null
"2018-11-05T19:30:35.000Z",45.701965,5.883716,0,0,0,157.5,null
"2018-11-05T19:34:38.000Z",45.701965,5.883716,0,0,0,157.5,null
"2018-11-05T19:38:38.000Z",45.701965,5.883716,0,0,0,157.5,null
"2018-11-05T19:42:38.000Z",45.701965,5.883716,0,0,0,157.5,null
"2018-11-05T19:47:33.000Z",45.701965,5.883716,0,0,0,157.5,null
"2018-11-05T19:51:33.000Z",45.701965,5.883716,0,0,0,157.5,null
"2018-11-05T19:55:33.000Z",45.701965,5.883716,0,0,0,157.5,null
"2018-11-05T19:59:37.000Z",45.701965,5.883716,0,0,0,157.5,null
"2018-11-05T20:03:37.000Z",45.701965,5.883716,0,0,0,157.5,null
"2018-11-05T20:07:37.000Z",45.701965,5.883716,0,0,0,157.5,null
"2018-11-05T20:11:41.000Z",45.701965,5.883716,0,0,0,157.5,null
"2018-11-05T20:15:41.000Z",45.701965,5.883716,0,2,4.5,157.5,null
"2018-11-05T20:19:41.000Z",45.701965,5.883716,1,2.75,4.75,157.5,null
"2018-11-05T20:23:45.000Z",45.701965,5.883716,1.5,4.5,8.25,135,null
"2018-11-05T20:27:45.000Z",45.701965,5.883716,1.5,3.5,5.25,112.5,null
"2018-11-05T20:31:45.000Z",45.701965,5.883716,1.5,3.5,6.25,112.5,null
"2018-11-05T20:35:49.000Z",45.701965,5.883716,1.5,3.75,6.25,90,null
"2018-11-05T20:39:49.000Z",45.701965,5.883716,1,3.75,6,90,null
"2018-11-05T20:43:49.000Z",45.701965,5.883716,0.25,2,3.75,112.5,null
"2018-11-05T20:47:53.000Z",45.701965,5.883716,0.75,3,5.25,112.5,null
"2018-11-05T20:51:53.000Z",45.701965,5.883716,0,1,3.75,112.5,null
"2018-11-05T20:55:53.000Z",45.701965,5.883716,0.25,1.5,3.25,112.5,null
"2018-11-05T20:59:57.000Z",45.701965,5.883716,1.5,5,8,180,null
"2018-11-05T21:03:57.000Z",45.701965,5.883716,3.75,6.25,9,202.5,null
"2018-11-05T21:07:57.000Z",45.701965,5.883716,0,4.75,10.5,180,null
"2018-11-05T21:12:01.000Z",45.701965,5.883716,0,2,5.5,180,null
"2018-11-05T21:16:01.000Z",45.701965,5.883716,0,1.25,6.5,180,null
"2018-11-05T21:20:01.000Z",45.701965,5.883716,0.25,4.5,9,180,null
"2018-11-05T21:24:05.000Z",45.701965,5.883716,0,3,8,157.5,null
"2018-11-05T21:28:05.000Z",45.701965,5.883716,0,2.25,6.25,135,null
"2018-11-05T21:32:05.000Z",45.701965,5.883716,0.75,2.75,5.25,135,null
"2018-11-05T21:36:09.000Z",45.701965,5.883716,1,3.25,5.5,112.5,null
"2018-11-05T21:40:09.000Z",45.701965,5.883716,0,3,8,90,null
"2018-11-05T21:44:09.000Z",45.701965,5.883716,0,0.5,2.75,90,null
"2018-11-05T21:48:13.000Z",45.701965,5.883716,0,1.25,3.75,90,null
"2018-11-05T21:52:13.000Z",45.701965,5.883716,0,1,3.5,90,null
"2018-11-05T21:56:13.000Z",45.701965,5.883716,2.75,4.25,6.25,90,null
"2018-11-05T22:00:18.000Z",45.701965,5.883716,0.25,3,7,90,null
"2018-11-05T22:04:18.000Z",45.701965,5.883716,0,0.75,3.25,90,null
"2018-11-05T22:08:18.000Z",45.701965,5.883716,0,0.75,3.75,90,null
"2018-11-05T22:12:22.000Z",45.701965,5.883716,0,0.5,2.5,90,null
"2018-11-05T22:16:22.000Z",45.701965,5.883716,0,0.75,2.5,90,null
"2018-11-05T22:20:22.000Z",45.701965,5.883716,1,3.5,6.25,112.5,null
"2018-11-05T22:24:26.000Z",45.701965,5.883716,1.75,4.75,8,135,null
"2018-11-05T22:28:26.000Z",45.701965,5.883716,1,4.25,9.5,112.5,null
"2018-11-05T22:32:26.000Z",45.701965,5.883716,1,4,7.75,90,null
"2018-11-05T22:36:29.000Z",45.701965,5.883716,0,2.25,5.25,90,null
"2018-11-05T22:40:29.000Z",45.701965,5.883716,1,3.25,5.25,90,null
"2018-11-05T22:44:29.000Z",45.701965,5.883716,0.75,2.5,5.5,112.5,null
"2018-11-05T22:48:34.000Z",45.701965,5.883716,0,3,5.5,112.5,null
"2018-11-05T22:52:34.000Z",45.701965,5.883716,0.75,3.5,7,112.5,null
"2018-11-05T22:56:34.000Z",45.701965,5.883716,0,2.25,6,157.5,null
"2018-11-05T23:00:38.000Z",45.701965,5.883716,0,4,9,112.5,null
"2018-11-05T23:04:38.000Z",45.701965,5.883716,0.25,3.75,8.75,112.5,null
"2018-11-05T23:08:38.000Z",45.701965,5.883716,0,3,8.25,135,null
"2018-11-05T23:12:42.000Z",45.701965,5.883716,0,3,6.25,157.5,null
"2018-11-05T23:16:42.000Z",45.701965,5.883716,2.5,5.75,9,157.5,null
"2018-11-05T23:20:42.000Z",45.701965,5.883716,1,4.25,8.75,157.5,null
"2018-11-05T23:24:46.000Z",45.701965,5.883716,0.25,3.75,9.5,135,null
"2018-11-05T23:28:46.000Z",45.701965,5.883716,0.25,4.5,10,135,null
"2018-11-05T23:32:46.000Z",45.701965,5.883716,0,4.25,9.75,112.5,null
"2018-11-05T23:36:50.000Z",45.701965,5.883716,0.25,4,8.5,112.5,null
"2018-11-05T23:40:50.000Z",45.701965,5.883716,0.25,3,6.5,135,null
"2018-11-05T23:44:50.000Z",45.701965,5.883716,0,2.5,6.5,180,null
"2018-11-05T23:48:54.000Z",45.701965,5.883716,0,1.75,5.5,157.5,null
"2018-11-05T23:52:54.000Z",45.701965,5.883716,0,1,4.5,135,null
"2018-11-05T23:56:54.000Z",45.701965,5.883716,0,3,6.5,112.5,null
"2018-11-06T00:00:58.000Z",45.701965,5.883716,1.75,4.25,7.25,90,null
"2018-11-06T00:04:58.000Z",45.701965,5.883716,0.25,2.75,6.5,112.5,null
"2018-11-06T00:08:58.000Z",45.701965,5.883716,0,2.75,6.5,90,null
"2018-11-06T00:13:02.000Z",45.701965,5.883716,0,1.25,3.25,112.5,null
"2018-11-06T00:17:02.000Z",45.701965,5.883716,0.25,2.25,5.25,112.5,null
"2018-11-06T00:21:02.000Z",45.701965,5.883716,0,1.75,4.25,112.5,null
"2018-11-06T00:25:06.000Z",45.701965,5.883716,0,2.5,5.5,112.5,null
"2018-11-06T00:29:06.000Z",45.701965,5.883716,0,2.25,5.5,112.5,null
"2018-11-06T00:33:06.000Z",45.701965,5.883716,1.75,4,8,90,null
"2018-11-06T00:37:10.000Z",45.701965,5.883716,0.75,3.75,8,90,null
"2018-11-06T00:41:10.000Z",45.701965,5.883716,0,3.25,11,157.5,null
"2018-11-06T00:45:10.000Z",45.701965,5.883716,0,2.75,8,157.5,null
"2018-11-06T00:49:14.000Z",45.701965,5.883716,1.5,4.5,8.25,157.5,null
"2018-11-06T00:53:14.000Z",45.701965,5.883716,0,3.75,9.75,135,null
"2018-11-06T00:57:14.000Z",45.701965,5.883716,0,4.25,7.25,112.5,null
"2018-11-06T01:01:18.000Z",45.701965,5.883716,0,4.25,11,90,null
"2018-11-06T01:05:18.000Z",45.701965,5.883716,0.25,4,9.5,112.5,null
"2018-11-06T01:09:18.000Z",45.701965,5.883716,2.75,7,10,135,null
"2018-11-06T01:13:23.000Z",45.701965,5.883716,1.5,4.75,9,135,null
"2018-11-06T01:17:23.000Z",45.701965,5.883716,2,5.25,9,135,null
"2018-11-06T01:21:23.000Z",45.701965,5.883716,3.75,5.75,9,135,null
"2018-11-06T01:25:27.000Z",45.701965,5.883716,1,5,8.75,135,null
"2018-11-06T01:29:27.000Z",45.701965,5.883716,0,3.5,6.5,90,null
"2018-11-06T01:33:27.000Z",45.701965,5.883716,0,1.75,6,90,null
"2018-11-06T01:37:30.000Z",45.701965,5.883716,0,1.5,3.25,90,null
"2018-11-06T01:41:30.000Z",45.701965,5.883716,0,2.75,9,135,null
"2018-11-06T01:45:30.000Z",45.701965,5.883716,0,4.5,8.25,180,null
"2018-11-06T01:49:35.000Z",45.701965,5.883716,0,1.25,6.25,157.5,null
"2018-11-06T01:53:35.000Z",45.701965,5.883716,0,2.25,9,90,null
"2018-11-06T01:57:35.000Z",45.701965,5.883716,1,5,8.75,90,null
"2018-11-06T02:01:39.000Z",45.701965,5.883716,0,4.25,10.5,112.5,null
"2018-11-06T02:05:39.000Z",45.701965,5.883716,4.25,6.75,9.75,157.5,null
"2018-11-06T02:09:39.000Z",45.701965,5.883716,1.75,6,11,157.5,null
"2018-11-06T02:13:42.000Z",45.701965,5.883716,0.75,4.25,9,157.5,null
"2018-11-06T02:17:42.000Z",45.701965,5.883716,0,2,10,180,null
"2018-11-06T02:21:42.000Z",45.701965,5.883716,0,2.5,5.5,180,null
"2018-11-06T02:25:47.000Z",45.701965,5.883716,0,3.25,11,157.5,null
"2018-11-06T02:29:47.000Z",45.701965,5.883716,0,2.75,6.25,67.5,null
"2018-11-06T02:33:47.000Z",45.701965,5.883716,0,1.5,5.25,67.5,null
"2018-11-06T02:37:51.000Z",45.701965,5.883716,0,0.25,2,67.5,null
"2018-11-06T02:41:51.000Z",45.701965,5.883716,0,0.25,1,67.5,null
"2018-11-06T02:45:51.000Z",45.701965,5.883716,0,1,3.5,67.5,null
"2018-11-06T02:49:55.000Z",45.701965,5.883716,0,1.5,3.5,67.5,null
"2018-11-06T02:53:55.000Z",45.701965,5.883716,0,2.5,6.25,90,null
"2018-11-06T02:57:55.000Z",45.701965,5.883716,2,4.25,8,112.5,null
"2018-11-06T03:01:59.000Z",45.701965,5.883716,1,3.5,6.25,90,null
"2018-11-06T03:05:59.000Z",45.701965,5.883716,2.5,4.75,7.75,90,null
"2018-11-06T03:09:59.000Z",45.701965,5.883716,2.75,6,8.75,112.5,null
"2018-11-06T03:14:03.000Z",45.701965,5.883716,1,6.25,10,90,null
"2018-11-06T03:18:03.000Z",45.701965,5.883716,3.25,6.5,9.5,90,null
"2018-11-06T03:22:03.000Z",45.701965,5.883716,3.25,6.25,11.5,90,null
"2018-11-06T03:26:07.000Z",45.701965,5.883716,2.5,5.5,9,90,null
"2018-11-06T03:30:07.000Z",45.701965,5.883716,0,3.25,7.75,67.5,null
"2018-11-06T03:34:07.000Z",45.701965,5.883716,1.5,5,8.75,67.5,null
"2018-11-06T03:38:11.000Z",45.701965,5.883716,1.5,4,7,67.5,null
"2018-11-06T03:42:11.000Z",45.701965,5.883716,0.25,2.25,3.5,67.5,null
"2018-11-06T03:46:11.000Z",45.701965,5.883716,0.25,2.5,4.25,67.5,null
"2018-11-06T03:50:15.000Z",45.701965,5.883716,0,0.5,2,67.5,null
"2018-11-06T03:54:15.000Z",45.701965,5.883716,0,1.25,5.5,67.5,null
"2018-11-06T03:58:15.000Z",45.701965,5.883716,0.25,2,4.5,67.5,null
"2018-11-06T04:02:19.000Z",45.701965,5.883716,0,1.5,3.75,67.5,null
"2018-11-06T04:06:19.000Z",45.701965,5.883716,0.25,3.5,6.25,67.5,null
"2018-11-06T04:10:19.000Z",45.701965,5.883716,1,3.25,6.5,67.5,null
"2018-11-06T04:14:23.000Z",45.701965,5.883716,0.75,3.25,5.25,67.5,null
"2018-11-06T04:18:23.000Z",45.701965,5.883716,2.75,4.5,6.5,67.5,null
"2018-11-06T04:22:23.000Z",45.701965,5.883716,2.75,4,5.25,67.5,null
"2018-11-06T04:26:27.000Z",45.701965,5.883716,2.5,4,6,67.5,null
"2018-11-06T04:30:27.000Z",45.701965,5.883716,2,3.5,6.25,90,null
"2018-11-06T04:34:27.000Z",45.701965,5.883716,1.5,4,6.5,90,null
"2018-11-06T04:38:31.000Z",45.701965,5.883716,1,2.5,4.5,112.5,null
"2018-11-06T04:42:31.000Z",45.701965,5.883716,0.75,2.25,3.75,90,null
"2018-11-06T04:46:31.000Z",45.701965,5.883716,0,1.5,3.25,90,null
"2018-11-06T04:50:36.000Z",45.701965,5.883716,0,0.25,1.75,90,null
"2018-11-06T04:54:36.000Z",45.701965,5.883716,0,1,2.5,90,null
"2018-11-06T04:58:36.000Z",45.701965,5.883716,0,1.5,4.25,112.5,null
"2018-11-06T05:02:40.000Z",45.701965,5.883716,1.75,3.5,4.75,112.5,null
"2018-11-06T05:06:40.000Z",45.701965,5.883716,0,2,4.75,112.5,null
"2018-11-06T05:10:40.000Z",45.701965,5.883716,2.75,4,5.25,112.5,null
"2018-11-06T05:14:43.000Z",45.701965,5.883716,2.75,4.5,6.25,135,null
"2018-11-06T05:18:43.000Z",45.701965,5.883716,2.75,5.75,7.75,112.5,null
"2018-11-06T05:22:43.000Z",45.701965,5.883716,0.25,3.75,6.5,112.5,null
"2018-11-06T05:26:47.000Z",45.701965,5.883716,1.75,3.75,6.25,90,null
"2018-11-06T05:30:47.000Z",45.701965,5.883716,1.5,4.5,6.5,112.5,null
"2018-11-06T05:34:47.000Z",45.701965,5.883716,1.75,4,7.25,112.5,null
"2018-11-06T05:38:51.000Z",45.701965,5.883716,0.75,3.25,7,112.5,null
"2018-11-06T05:42:51.000Z",45.701965,5.883716,0,3.25,6.5,135,null
"2018-11-06T05:46:51.000Z",45.701965,5.883716,0,1.5,6.25,135,null
"2018-11-06T05:50:56.000Z",45.701965,5.883716,0.75,4,8,112.5,null
"2018-11-06T05:54:56.000Z",45.701965,5.883716,0,2,5.25,112.5,null
"2018-11-06T05:58:56.000Z",45.701965,5.883716,0,2.25,8,157.5,null
"2018-11-06T06:02:59.000Z",45.701965,5.883716,0,3.5,7.75,112.5,null
"2018-11-06T06:06:59.000Z",45.701965,5.883716,0,1.5,5.5,157.5,null
"2018-11-06T06:10:59.000Z",45.701965,5.883716,0,0.25,2.5,135,null
"2018-11-06T06:15:04.000Z",45.701965,5.883716,0,0.75,2.5,135,null
"2018-11-06T06:19:04.000Z",45.701965,5.883716,0,1,3.5,135,null
"2018-11-06T06:23:04.000Z",45.701965,5.883716,0,2.25,4.75,135,null
"2018-11-06T06:27:07.000Z",45.701965,5.883716,0,1.75,5.5,135,null
"2018-11-06T06:31:07.000Z",45.701965,5.883716,0,0.75,3.25,135,null
"2018-11-06T06:35:07.000Z",45.701965,5.883716,0,0.75,3.75,135,null
"2018-11-06T06:39:12.000Z",45.701965,5.883716,0,3.25,7.25,135,null
"2018-11-06T06:43:12.000Z",45.701965,5.883716,2.75,5.75,8.25,157.5,null
"2018-11-06T06:47:12.000Z",45.701965,5.883716,0.25,3.75,8.25,157.5,null
"2018-11-06T06:51:16.000Z",45.701965,5.883716,4.25,6,7.75,135,null
"2018-11-06T06:55:16.000Z",45.701965,5.883716,3.5,6.5,9.75,157.5,null
"2018-11-06T06:59:16.000Z",45.701965,5.883716,6,9.5,13,180,null
"2018-11-06T07:03:20.000Z",45.701965,5.883716,3.25,9.25,13,180,null
"2018-11-06T07:07:20.000Z",45.701965,5.883716,3.25,8,14,180,null
"2018-11-06T07:11:20.000Z",45.701965,5.883716,3.25,7.5,12,157.5,null
"2018-11-06T07:15:24.000Z",45.701965,5.883716,6.25,11.5,19.5,157.5,null
"2018-11-06T07:19:24.000Z",45.701965,5.883716,9.75,17.5,24.5,180,null
"2018-11-06T07:23:24.000Z",45.701965,5.883716,1.5,8,15,157.5,null
"2018-11-06T07:27:28.000Z",45.701965,5.883716,3.5,8,12,157.5,null
"2018-11-06T07:31:28.000Z",45.701965,5.883716,1.75,8.5,14,180,null
"2018-11-06T07:35:28.000Z",45.701965,5.883716,0,5.5,14.5,157.5,null
"2018-11-06T07:39:32.000Z",45.701965,5.883716,0,3.75,8,90,null
"2018-11-06T07:43:32.000Z",45.701965,5.883716,0.25,4.25,7.75,112.5,null
"2018-11-06T07:47:32.000Z",45.701965,5.883716,0.75,4,9.75,90,null
"2018-11-06T07:51:36.000Z",45.701965,5.883716,1,4.25,9,67.5,null
"2018-11-06T07:55:36.000Z",45.701965,5.883716,0.25,3.25,5.5,67.5,null
"2018-11-06T07:59:36.000Z",45.701965,5.883716,0.75,3.5,6.25,135,null
"2018-11-06T08:03:40.000Z",45.701965,5.883716,0.75,4.25,7,157.5,null
"2018-11-06T08:07:40.000Z",45.701965,5.883716,0.75,3,6,135,null
"2018-11-06T08:11:40.000Z",45.701965,5.883716,5.25,8.5,11.5,180,null
"2018-11-06T08:15:44.000Z",45.701965,5.883716,0.25,3.25,9.75,202.5,null
"2018-11-06T08:19:44.000Z",45.701965,5.883716,0.25,7.75,15.5,112.5,null
"2018-11-06T08:23:44.000Z",45.701965,5.883716,0,3.75,10,157.5,null
"2018-11-06T08:27:49.000Z",45.701965,5.883716,0,7,14.5,112.5,null
"2018-11-06T08:31:49.000Z",45.701965,5.883716,0,2.75,8.25,45,null
"2018-11-06T08:35:49.000Z",45.701965,5.883716,0.25,7.5,13.5,45,null
"2018-11-06T08:39:52.000Z",45.701965,5.883716,5.5,8.5,11.5,45,null
"2018-11-06T08:43:52.000Z",45.701965,5.883716,0,2.5,8,67.5,null
"2018-11-06T08:47:52.000Z",45.701965,5.883716,2.5,6.25,11,90,null
"2018-11-06T08:51:56.000Z",45.701965,5.883716,0,2,5.25,67.5,null
"2018-11-06T08:55:56.000Z",45.701965,5.883716,0,8.25,18.5,22.5,null
"2018-11-06T08:59:56.000Z",45.701965,5.883716,0.25,22,36.5,292.5,null
"2018-11-06T09:04:00.000Z",45.701965,5.883716,12.5,22.5,35,270,null
"2018-11-06T09:08:00.000Z",45.701965,5.883716,11,21,37,270,null
"2018-11-06T09:12:00.000Z",45.701965,5.883716,11,26.5,38,270,null
"2018-11-06T09:16:05.000Z",45.701965,5.883716,14.5,26.5,37.5,270,null
"2018-11-06T09:20:05.000Z",45.701965,5.883716,12,27,42,270,null
"2018-11-06T09:24:05.000Z",45.701965,5.883716,11,20,31.5,270,null
"2018-11-06T09:28:08.000Z",45.701965,5.883716,11.5,19.5,37,247.5,null
"2018-11-06T09:32:08.000Z",45.701965,5.883716,6.25,11.5,21,225,null
"2018-11-06T09:36:08.000Z",45.701965,5.883716,12,22.5,29,270,null
"2018-11-06T09:40:13.000Z",45.701965,5.883716,14.5,20,29,247.5,null
"2018-11-06T09:44:13.000Z",45.701965,5.883716,18,23,30.5,247.5,null
"2018-11-06T09:48:13.000Z",45.701965,5.883716,20,25.5,30,247.5,null
"2018-11-06T09:52:16.000Z",45.701965,5.883716,17,25,31.5,270,null
"2018-11-06T09:56:16.000Z",45.701965,5.883716,5.5,12,21,270,null
"2018-11-06T10:00:16.000Z",45.701965,5.883716,2,9,18.5,247.5,null
"2018-11-06T10:04:21.000Z",45.701965,5.883716,0.25,6.5,16,247.5,null
"2018-11-06T10:08:21.000Z",45.701965,5.883716,0,8.75,20,292.5,null
"2018-11-06T10:12:21.000Z",45.701965,5.883716,14,19,26,315,null
"2018-11-06T10:16:25.000Z",45.701965,5.883716,5.5,14,23.5,0,null
"2018-11-06T10:20:25.000Z",45.701965,5.883716,7,9.75,13,0,null
"2018-11-06T10:24:25.000Z",45.701965,5.883716,4.75,7.5,10.5,0,null
"2018-11-06T10:28:29.000Z",45.701965,5.883716,2,6.25,10,22.5,null
"2018-11-06T10:32:29.000Z",45.701965,5.883716,4.5,11.5,17.5,337.5,null
"2018-11-06T10:36:29.000Z",45.701965,5.883716,5.5,9.25,13,0,null
"2018-11-06T10:40:32.000Z",45.701965,5.883716,5.25,6.75,9,22.5,null
"2018-11-06T10:44:32.000Z",45.701965,5.883716,4.75,9.5,13,0,null
"2018-11-06T10:48:32.000Z",45.701965,5.883716,2.75,8,13,337.5,null
"2018-11-06T10:52:37.000Z",45.701965,5.883716,0.25,6.75,13,315,null
"2018-11-06T10:56:37.000Z",45.701965,5.883716,0.75,5.75,16.5,292.5,null
"2018-11-06T11:00:37.000Z",45.701965,5.883716,0,10.5,19.5,292.5,null
"2018-11-06T11:04:41.000Z",45.701965,5.883716,11,14.5,19,292.5,null
"2018-11-06T11:08:41.000Z",45.701965,5.883716,13.5,20.5,29,270,null
"2018-11-06T11:12:41.000Z",45.701965,5.883716,14,18.5,29,247.5,null
"2018-11-06T11:16:45.000Z",45.701965,5.883716,9.5,12,14.5,247.5,null
"2018-11-06T11:20:45.000Z",45.701965,5.883716,8,11.5,13,225,null
"2018-11-06T11:24:45.000Z",45.701965,5.883716,8.25,11.5,14.5,225,null
"2018-11-06T11:28:49.000Z",45.701965,5.883716,8.25,10,11.5,225,null
"2018-11-06T11:32:49.000Z",45.701965,5.883716,9.75,11,12.5,225,null
"2018-11-06T11:36:49.000Z",45.701965,5.883716,7,12.5,18.5,247.5,null
"2018-11-06T11:40:54.000Z",45.701965,5.883716,8,15,21.5,270,null
"2018-11-06T11:44:54.000Z",45.701965,5.883716,13.5,18,23.5,270,null
"2018-11-06T11:48:54.000Z",45.701965,5.883716,13,16.5,21,270,null
"2018-11-06T11:52:57.000Z",45.701965,5.883716,12,20,24,270,null
"2018-11-06T11:56:57.000Z",45.701965,5.883716,18.5,23.5,30.5,270,null
"2018-11-06T12:00:57.000Z",45.701965,5.883716,13,21,29.5,292.5,null
"2018-11-06T12:05:01.000Z",45.701965,5.883716,7.75,15,26,292.5,null
"2018-11-06T12:09:01.000Z",45.701965,5.883716,4.25,11,18.5,270,null
"2018-11-06T12:13:01.000Z",45.701965,5.883716,4.75,10.5,16.5,292.5,null
"2018-11-06T12:17:05.000Z",45.701965,5.883716,8,16,23.5,292.5,null
"2018-11-06T12:21:05.000Z",45.701965,5.883716,16.5,23.5,31.5,270,null
"2018-11-06T12:25:05.000Z",45.701965,5.883716,16.5,28,35.5,270,null
"2018-11-06T12:29:10.000Z",45.701965,5.883716,20,32.5,42,270,null
"2018-11-06T12:33:10.000Z",45.701965,5.883716,17.5,32.5,43,270,null
"2018-11-06T12:37:10.000Z",45.701965,5.883716,18.5,31.5,43,270,null
"2018-11-06T12:41:14.000Z",45.701965,5.883716,24.5,32.5,43,270,null
"2018-11-06T12:45:14.000Z",45.701965,5.883716,18,28,40.5,270,null
"2018-11-06T12:49:14.000Z",45.701965,5.883716,15.5,31,50,270,null
"2018-11-06T12:53:17.000Z",45.701965,5.883716,21,30,42.5,270,null
"2018-11-06T12:57:17.000Z",45.701965,5.883716,15.5,26.5,35,270,null
"2018-11-06T13:01:17.000Z",45.701965,5.883716,10.5,24,37,270,null
"2018-11-06T13:05:22.000Z",45.701965,5.883716,8.75,15,22.5,270,null
"2018-11-06T13:09:22.000Z",45.701965,5.883716,6.25,16.5,22,270,null
"2018-11-06T13:13:22.000Z",45.701965,5.883716,10,17.5,24.5,270,null
"2018-11-06T13:17:25.000Z",45.701965,5.883716,11.5,19,25.5,270,null
"2018-11-06T13:21:25.000Z",45.701965,5.883716,7.25,13,20.5,270,null
"2018-11-06T13:25:25.000Z",45.701965,5.883716,9.5,13.5,17.5,292.5,null
"2018-11-06T13:29:30.000Z",45.701965,5.883716,0.25,5.25,16,337.5,null
"2018-11-06T13:33:30.000Z",45.701965,5.883716,0.25,4.5,11,337.5,null
"2018-11-06T13:37:30.000Z",45.701965,5.883716,0,3.5,11,337.5,null
"2018-11-06T13:41:33.000Z",45.701965,5.883716,1,5,10.5,0,null
"2018-11-06T13:45:33.000Z",45.701965,5.883716,2.5,8.75,12.5,22.5,null
"2018-11-06T13:49:33.000Z",45.701965,5.883716,6,9.5,14,22.5,null
"2018-11-06T13:53:38.000Z",45.701965,5.883716,3.25,7.5,12.5,22.5,null
"2018-11-06T13:57:38.000Z",45.701965,5.883716,4.25,7.5,11,22.5,null
"2018-11-06T14:01:38.000Z",45.701965,5.883716,4.25,11,14.5,22.5,null
"2018-11-06T14:05:42.000Z",45.701965,5.883716,2.75,8.5,11,22.5,null
"2018-11-06T14:09:42.000Z",45.701965,5.883716,6.25,9.75,12.5,0,null
"2018-11-06T14:13:42.000Z",45.701965,5.883716,8.75,11,13.5,0,null
"2018-11-06T14:17:45.000Z",45.701965,5.883716,7,9.5,12,22.5,null
"2018-11-06T14:21:45.000Z",45.701965,5.883716,6.5,11.5,14.5,0,null
"2018-11-06T14:25:45.000Z",45.701965,5.883716,10,13,15,337.5,null
"2018-11-06T14:29:50.000Z",45.701965,5.883716,11,13.5,15.5,337.5,null
"2018-11-06T14:33:50.000Z",45.701965,5.883716,9.75,14,16,0,null
"2018-11-06T14:37:50.000Z",45.701965,5.883716,10,13,15,0,null
"2018-11-06T14:41:54.000Z",45.701965,5.883716,7,11,14.5,0,null
"2018-11-06T14:45:54.000Z",45.701965,5.883716,4.75,9.5,13,22.5,null
"2018-11-06T14:49:54.000Z",45.701965,5.883716,6.25,9.75,13,0,null
"2018-11-06T14:53:58.000Z",45.701965,5.883716,7.75,10,12,0,null
"2018-11-06T14:57:58.000Z",45.701965,5.883716,8.25,10.5,13,337.5,null
"2018-11-06T15:01:58.000Z",45.701965,5.883716,8.25,10.5,13,0,null
"2018-11-06T15:06:01.000Z",45.701965,5.883716,4.25,9.75,13,22.5,null
"2018-11-06T15:10:01.000Z",45.701965,5.883716,1.75,4.75,8.75,22.5,null
"2018-11-06T15:14:01.000Z",45.701965,5.883716,2,4.75,7,22.5,null
"2018-11-06T15:18:06.000Z",45.701965,5.883716,3.5,6.75,9,0,null
"2018-11-06T15:22:06.000Z",45.701965,5.883716,0,1,4.5,0,null
"2018-11-06T15:26:06.000Z",45.701965,5.883716,0.25,2.75,4.75,45,null
"2018-11-06T15:30:10.000Z",45.701965,5.883716,0.75,2.5,6.25,67.5,null
"2018-11-06T15:34:10.000Z",45.701965,5.883716,0.75,3,6.25,90,null
"2018-11-06T15:38:10.000Z",45.701965,5.883716,0.25,2,5.5,90,null
"2018-11-06T15:42:15.000Z",45.701965,5.883716,2.5,3.75,5.5,90,null
"2018-11-06T15:46:15.000Z",45.701965,5.883716,1.75,4.25,6.5,67.5,null
"2018-11-06T15:50:15.000Z",45.701965,5.883716,0,1.25,4.5,22.5,null
"2018-11-06T15:54:18.000Z",45.701965,5.883716,0,0.75,2.75,22.5,null
"2018-11-06T15:58:18.000Z",45.701965,5.883716,1.5,4,5.5,22.5,null
"2018-11-06T16:02:18.000Z",45.701965,5.883716,0,1.25,3.5,22.5,null
"2018-11-06T16:06:22.000Z",45.701965,5.883716,0,0,0.75,45,null
"2018-11-06T16:10:22.000Z",45.701965,5.883716,0,0,0.75,45,null
"2018-11-06T16:14:22.000Z",45.701965,5.883716,0,0,0,45,null
"2018-11-06T16:18:26.000Z",45.701965,5.883716,0,0,0,45,null
"2018-11-06T16:22:26.000Z",45.701965,5.883716,0,0.25,1.75,45,null
"2018-11-06T16:26:26.000Z",45.701965,5.883716,0,0.5,1.75,45,null
"2018-11-06T16:30:30.000Z",45.701965,5.883716,0,0.5,3.25,67.5,null
"2018-11-06T16:34:30.000Z",45.701965,5.883716,0,1.25,3.5,67.5,null
"2018-11-06T16:38:30.000Z",45.701965,5.883716,0,3.5,7.25,67.5,null
"2018-11-06T16:42:34.000Z",45.701965,5.883716,0,1.75,3.5,67.5,null
"2018-11-06T16:46:34.000Z",45.701965,5.883716,0,1,5.25,90,null
"2018-11-06T16:50:34.000Z",45.701965,5.883716,0.25,2.25,4.75,112.5,null
"2018-11-06T16:54:39.000Z",45.701965,5.883716,0,1.25,3.5,90,null
"2018-11-06T16:58:39.000Z",45.701965,5.883716,0,1,4.5,90,null
"2018-11-06T17:02:39.000Z",45.701965,5.883716,0,2.25,8,90,null
"2018-11-06T17:06:42.000Z",45.701965,5.883716,0,1,3.5,90,null
"2018-11-06T17:10:42.000Z",45.701965,5.883716,0.25,3,5.25,90,null
"2018-11-06T17:14:42.000Z",45.701965,5.883716,0,1,6,112.5,null
"2018-11-06T17:18:46.000Z",45.701965,5.883716,0,1.25,4.75,135,null
"2018-11-06T17:22:46.000Z",45.701965,5.883716,0,1,3.25,135,null
"2018-11-06T17:26:46.000Z",45.701965,5.883716,0,1,4.25,135,null
"2018-11-06T17:30:51.000Z",45.701965,5.883716,0,0,1,135,null
"2018-11-06T17:34:51.000Z",45.701965,5.883716,0,0.25,1.5,135,null
"2018-11-06T17:38:51.000Z",45.701965,5.883716,0,0,0,112.5,null
"2018-11-06T17:42:55.000Z",45.701965,5.883716,0,2.25,5.25,112.5,null
"2018-11-06T17:46:55.000Z",45.701965,5.883716,2.5,4.75,7,90,null
"2018-11-06T17:50:55.000Z",45.701965,5.883716,1,3.25,6,90,null
"2018-11-06T17:54:59.000Z",45.701965,5.883716,2,3,4.5,90,null
"2018-11-06T17:58:59.000Z",45.701965,5.883716,0,1.75,4.25,90,null
"2018-11-06T18:02:59.000Z",45.701965,5.883716,0,2.25,5.5,90,null
"2018-11-06T18:07:02.000Z",45.701965,5.883716,0.75,3.5,8,90,null
"2018-11-06T18:11:02.000Z",45.701965,5.883716,1,3.75,6.25,90,null
"2018-11-06T18:15:02.000Z",45.701965,5.883716,0,3.25,6,90,null
"2018-11-06T18:19:07.000Z",45.701965,5.883716,0,2.75,7,90,null
"2018-11-06T18:23:07.000Z",45.701965,5.883716,0,1.75,6,112.5,null
"2018-11-06T18:27:07.000Z",45.701965,5.883716,0,3,5.5,112.5,null
"2018-11-06T18:31:11.000Z",45.701965,5.883716,0,2.25,4.75,112.5,null
"2018-11-06T18:35:11.000Z",45.701965,5.883716,0,1,3.25,112.5,null
"2018-11-06T18:39:11.000Z",45.701965,5.883716,0,1.5,4.25,112.5,null
"2018-11-06T18:43:15.000Z",45.701965,5.883716,2.75,4,5.25,112.5,null
"2018-11-06T18:47:15.000Z",45.701965,5.883716,2.75,5,7.25,135,null
"2018-11-06T18:51:15.000Z",45.701965,5.883716,0,4.25,9,135,null
"2018-11-06T18:55:19.000Z",45.701965,5.883716,0,3.5,9.75,157.5,null
"2018-11-06T18:59:19.000Z",45.701965,5.883716,0,2.75,7.75,157.5,null
"2018-11-06T19:03:19.000Z",45.701965,5.883716,0,3,7.25,112.5,null
"2018-11-06T19:07:23.000Z",45.701965,5.883716,0,3,8.75,90,null
"2018-11-06T19:11:23.000Z",45.701965,5.883716,0,4.25,7.75,90,null
"2018-11-06T19:15:23.000Z",45.701965,5.883716,2.5,5.25,12,90,null
"2018-11-06T19:19:27.000Z",45.701965,5.883716,0,4.5,10,90,null
"2018-11-06T19:23:27.000Z",45.701965,5.883716,0,2,4.5,112.5,null
"2018-11-06T19:27:27.000Z",45.701965,5.883716,0,1.75,5.25,112.5,null
"2018-11-06T19:31:32.000Z",45.701965,5.883716,0,2.25,5.5,157.5,null
"2018-11-06T19:35:32.000Z",45.701965,5.883716,1.75,3.25,5.25,157.5,null
"2018-11-06T19:39:32.000Z",45.701965,5.883716,0,2.25,6,157.5,null
"2018-11-06T19:43:35.000Z",45.701965,5.883716,0,1,3.5,157.5,null
"2018-11-06T19:47:35.000Z",45.701965,5.883716,0,0.5,2.5,157.5,null
"2018-11-06T19:51:35.000Z",45.701965,5.883716,0,0.75,3.25,157.5,null
"2018-11-06T19:55:47.000Z",45.701965,5.883716,0,1,2.75,157.5,null
"2018-11-06T19:59:47.000Z",45.701965,5.883716,0,1.25,3.25,135,null
"2018-11-06T20:03:47.000Z",45.701965,5.883716,0,2,4.25,135,null
"2018-11-06T20:07:51.000Z",45.701965,5.883716,0,2,4.75,135,null
"2018-11-06T20:11:51.000Z",45.701965,5.883716,0,1.5,4.5,135,null
"2018-11-06T20:15:51.000Z",45.701965,5.883716,0,2.5,9.5,112.5,null
"2018-11-06T20:19:56.000Z",45.701965,5.883716,0.75,3.75,6.5,135,null
"2018-11-06T20:23:56.000Z",45.701965,5.883716,0.75,3.5,6,157.5,null
"2018-11-06T20:27:56.000Z",45.701965,5.883716,1.5,4.25,6,180,null
"2018-11-06T20:31:59.000Z",45.701965,5.883716,0.25,3.25,7.25,180,null
"2018-11-06T20:35:59.000Z",45.701965,5.883716,0,0,1.5,180,null
"2018-11-06T20:39:59.000Z",45.701965,5.883716,0,0.75,3.25,180,null
"2018-11-06T20:44:03.000Z",45.701965,5.883716,0,1.25,3.25,180,null
"2018-11-06T20:48:03.000Z",45.701965,5.883716,0.25,4.25,6.5,180,null
"2018-11-06T20:52:03.000Z",45.701965,5.883716,2.5,6.25,9,180,null
"2018-11-06T20:56:07.000Z",45.701965,5.883716,0,3,6.75,157.5,null
"2018-11-06T21:00:07.000Z",45.701965,5.883716,0,3,7.75,180,null
"2018-11-06T21:04:07.000Z",45.701965,5.883716,0,2.5,4.75,180,null
"2018-11-06T21:08:11.000Z",45.701965,5.883716,0,2.75,8,157.5,null
"2018-11-06T21:12:11.000Z",45.701965,5.883716,0.25,3,9.5,135,null
"2018-11-06T21:16:11.000Z",45.701965,5.883716,0,3.25,9,112.5,null
"2018-11-06T21:20:15.000Z",45.701965,5.883716,0.25,4.75,10.5,90,null
"2018-11-06T21:24:15.000Z",45.701965,5.883716,0,4,7.75,135,null
"2018-11-06T21:28:15.000Z",45.701965,5.883716,1,3.25,5.5,157.5,null
"2018-11-06T21:32:20.000Z",45.701965,5.883716,0,1.25,3.75,135,null
"2018-11-06T21:36:20.000Z",45.701965,5.883716,0,3.5,7.75,157.5,null
"2018-11-06T21:40:20.000Z",45.701965,5.883716,0,2.25,7.25,157.5,null
"2018-11-06T21:44:23.000Z",45.701965,5.883716,0,1.25,3.5,135,null
"2018-11-06T21:48:23.000Z",45.701965,5.883716,0,0.75,2.5,112.5,null
"2018-11-06T21:52:23.000Z",45.701965,5.883716,0,1.25,3.25,135,null
"2018-11-06T21:56:28.000Z",45.701965,5.883716,1,2.75,5.25,135,null
"2018-11-06T22:00:28.000Z",45.701965,5.883716,0,2.5,5.25,135,null
"2018-11-06T22:04:28.000Z",45.701965,5.883716,0.75,3,5.5,135,null
"2018-11-06T22:08:32.000Z",45.701965,5.883716,0,2.25,5.25,157.5,null
"2018-11-06T22:12:32.000Z",45.701965,5.883716,0,2.75,6.25,157.5,null
"2018-11-06T22:16:32.000Z",45.701965,5.883716,0,2.25,4.75,135,null
"2018-11-06T22:20:36.000Z",45.701965,5.883716,0,2.75,6.25,135,null
"2018-11-06T22:24:36.000Z",45.701965,5.883716,0,2.75,7.75,135,null
"2018-11-06T22:28:36.000Z",45.701965,5.883716,0,1.25,5.5,112.5,null
"2018-11-06T22:32:40.000Z",45.701965,5.883716,0.25,4.75,7.25,90,null
"2018-11-06T22:36:40.000Z",45.701965,5.883716,1,3.25,6,90,null
"2018-11-06T22:40:40.000Z",45.701965,5.883716,0,1.5,4.75,90,null
"2018-11-06T22:44:44.000Z",45.701965,5.883716,0,2.75,5.5,112.5,null
"2018-11-06T22:48:44.000Z",45.701965,5.883716,0,2.5,5.25,135,null
"2018-11-06T22:52:44.000Z",45.701965,5.883716,1.75,3.5,7.75,90,null
"2018-11-06T22:56:48.000Z",45.701965,5.883716,2.5,7.5,11,90,null
"2018-11-06T23:00:48.000Z",45.701965,5.883716,3.75,7.5,12.5,90,null
"2018-11-06T23:04:48.000Z",45.701965,5.883716,2.75,7.75,11,67.5,null
"2018-11-06T23:08:52.000Z",45.701965,5.883716,2.5,5.5,8.75,67.5,null
"2018-11-06T23:12:52.000Z",45.701965,5.883716,1.75,4,7.25,90,null
"2018-11-06T23:16:52.000Z",45.701965,5.883716,0.25,4.5,11,67.5,null
"2018-11-06T23:20:56.000Z",45.701965,5.883716,2.5,7,13,67.5,null
"2018-11-06T23:24:56.000Z",45.701965,5.883716,1.5,7,11.5,67.5,null
"2018-11-06T23:28:56.000Z",45.701965,5.883716,1.75,5.25,10.5,67.5,null
"2018-11-06T23:33:01.000Z",45.701965,5.883716,0.75,2.25,5.5,90,null
"2018-11-06T23:37:01.000Z",45.701965,5.883716,0.25,4.25,10,90,null
"2018-11-06T23:41:01.000Z",45.701965,5.883716,3.25,7.75,11.5,67.5,null
"2018-11-06T23:45:04.000Z",45.701965,5.883716,3.5,7,12,90,null
"2018-11-06T23:49:04.000Z",45.701965,5.883716,3.25,6.25,9.75,90,null
"2018-11-06T23:53:04.000Z",45.701965,5.883716,2.5,6,9.75,67.5,null
"2018-11-06T23:57:08.000Z",45.701965,5.883716,2.75,6.5,9,67.5,null
"2018-11-07T00:01:08.000Z",45.701965,5.883716,2.5,5.25,8.25,90,null
"2018-11-07T00:05:08.000Z",45.701965,5.883716,1,5,8.75,90,null
"2018-11-07T00:09:13.000Z",45.701965,5.883716,0.25,2.75,5.5,67.5,null
"2018-11-07T00:13:13.000Z",45.701965,5.883716,0,2,6.25,90,null
"2018-11-07T00:17:13.000Z",45.701965,5.883716,1.5,3.25,6.25,90,null
"2018-11-07T00:21:17.000Z",45.701965,5.883716,1,4.5,6.5,90,null
"2018-11-07T00:25:17.000Z",45.701965,5.883716,0.25,3,6,67.5,null
"2018-11-07T00:29:17.000Z",45.701965,5.883716,0,0.75,3.5,67.5,null
"2018-11-07T00:33:21.000Z",45.701965,5.883716,0,0.75,3.75,90,null
"2018-11-07T00:37:21.000Z",45.701965,5.883716,0,1,4.25,90,null
"2018-11-07T00:41:21.000Z",45.701965,5.883716,0,0.75,2.75,90,null
"2018-11-07T00:45:24.000Z",45.701965,5.883716,0,1.75,3.5,112.5,null
"2018-11-07T00:49:24.000Z",45.701965,5.883716,0,2,6.25,90,null
"2018-11-07T00:53:24.000Z",45.701965,5.883716,3.25,5,7.25,90,null
"2018-11-07T00:57:29.000Z",45.701965,5.883716,1.5,4.25,7.75,90,null
"2018-11-07T01:01:29.000Z",45.701965,5.883716,1.5,4.5,8.25,67.5,null
"2018-11-07T01:05:29.000Z",45.701965,5.883716,0.25,3.25,6.5,112.5,null
"2018-11-07T01:09:32.000Z",45.701965,5.883716,3.5,5.75,10,90,null
"2018-11-07T01:13:32.000Z",45.701965,5.883716,0.75,5,8.75,67.5,null
"2018-11-07T01:17:32.000Z",45.701965,5.883716,4.5,6.75,9.5,67.5,null
"2018-11-07T01:21:36.000Z",45.701965,5.883716,3.75,6.25,8.75,67.5,null
"2018-11-07T01:25:36.000Z",45.701965,5.883716,1.5,4,6.25,90,null
"2018-11-07T01:29:36.000Z",45.701965,5.883716,0.25,3.25,7,90,null
"2018-11-07T01:33:40.000Z",45.701965,5.883716,0.25,1.75,4.5,90,null
"2018-11-07T01:37:40.000Z",45.701965,5.883716,0.75,4.25,9.5,90,null
"2018-11-07T01:41:40.000Z",45.701965,5.883716,2,6.5,11,90,null
"2018-11-07T01:45:45.000Z",45.701965,5.883716,0.25,5.5,10,67.5,null
"2018-11-07T01:49:45.000Z",45.701965,5.883716,0,4.25,8.75,90,null
"2018-11-07T01:53:45.000Z",45.701965,5.883716,1.5,6.75,12.5,67.5,null
"2018-11-07T01:57:49.000Z",45.701965,5.883716,3.5,7.5,11.5,67.5,null
"2018-11-07T02:01:49.000Z",45.701965,5.883716,2.5,6.5,11.5,67.5,null
"2018-11-07T02:05:49.000Z",45.701965,5.883716,1.75,5.5,8.75,90,null
"2018-11-07T02:09:53.000Z",45.701965,5.883716,1,4,11,90,null
"2018-11-07T02:13:53.000Z",45.701965,5.883716,2.75,7,12.5,67.5,null
"2018-11-07T02:17:53.000Z",45.701965,5.883716,1.75,8,13,90,null
"2018-11-07T02:21:57.000Z",45.701965,5.883716,1,4.75,10,90,null
"2018-11-07T02:25:57.000Z",45.701965,5.883716,1.5,6.75,14,90,null
"2018-11-07T02:29:57.000Z",45.701965,5.883716,4.5,9.25,14.5,90,null
"2018-11-07T02:34:00.000Z",45.701965,5.883716,2.75,8.75,15.5,90,null
"2018-11-07T02:38:00.000Z",45.701965,5.883716,1.75,5.75,13,67.5,null
"2018-11-07T02:42:00.000Z",45.701965,5.883716,3.75,8,11.5,67.5,null
"2018-11-07T02:46:05.000Z",45.701965,5.883716,0.25,4,8.5,90,null
"2018-11-07T02:50:05.000Z",45.701965,5.883716,0,3,6.25,112.5,null
"2018-11-07T02:54:05.000Z",45.701965,5.883716,0.25,4.75,11.5,112.5,null
"2018-11-07T02:58:09.000Z",45.701965,5.883716,0,4,8.25,135,null
"2018-11-07T03:02:09.000Z",45.701965,5.883716,0,5.5,13,90,null
"2018-11-07T03:06:09.000Z",45.701965,5.883716,0,3,9.75,112.5,null
"2018-11-07T03:10:14.000Z",45.701965,5.883716,0,2,7.75,112.5,null
"2018-11-07T03:14:14.000Z",45.701965,5.883716,1,4.5,10,135,null
"2018-11-07T03:18:14.000Z",45.701965,5.883716,1,5.75,8.75,90,null
"2018-11-07T03:22:17.000Z",45.701965,5.883716,0.25,2.75,6.25,90,null
"2018-11-07T03:26:17.000Z",45.701965,5.883716,0.25,4.5,8.75,135,null
"2018-11-07T03:30:17.000Z",45.701965,5.883716,0.75,3.5,7,112.5,null
"2018-11-07T03:34:21.000Z",45.701965,5.883716,0,3,5.75,90,null
"2018-11-07T03:38:21.000Z",45.701965,5.883716,0.25,4.5,12.5,180,null
"2018-11-07T03:42:21.000Z",45.701965,5.883716,1.75,7,14.5,180,null
"2018-11-07T03:46:25.000Z",45.701965,5.883716,1,8,12.5,180,null
"2018-11-07T03:50:25.000Z",45.701965,5.883716,3.25,9.75,14.5,180,null
"2018-11-07T03:54:25.000Z",45.701965,5.883716,6.25,10,14.5,180,null
"2018-11-07T03:58:29.000Z",45.701965,5.883716,1.5,8.75,13,202.5,null
"2018-11-07T04:02:29.000Z",45.701965,5.883716,0,3.75,8.25,180,null
"2018-11-07T04:06:29.000Z",45.701965,5.883716,0.75,3.75,7.75,135,null
"2018-11-07T04:10:33.000Z",45.701965,5.883716,2,4.75,8,135,null
"2018-11-07T04:14:33.000Z",45.701965,5.883716,1.5,5.5,8,180,null
"2018-11-07T04:18:33.000Z",45.701965,5.883716,0,3,7,135,null
"2018-11-07T04:22:38.000Z",45.701965,5.883716,0.25,4.25,9.5,135,null
"2018-11-07T04:26:38.000Z",45.701965,5.883716,0,3.5,9.75,67.5,null
"2018-11-07T04:30:38.000Z",45.701965,5.883716,0,1,5.25,112.5,null
"2018-11-07T04:34:41.000Z",45.701965,5.883716,0,2.25,7,157.5,null
"2018-11-07T04:38:41.000Z",45.701965,5.883716,2.75,6.25,8,180,null
"2018-11-07T04:42:41.000Z",45.701965,5.883716,0,3.75,8.75,135,null
"2018-11-07T04:46:46.000Z",45.701965,5.883716,0.5,3.75,6.5,157.5,null
"2018-11-07T04:50:46.000Z",45.701965,5.883716,0.25,2.75,4.5,157.5,null
"2018-11-07T04:54:46.000Z",45.701965,5.883716,0,4.25,7,157.5,null
"2018-11-07T04:58:49.000Z",45.701965,5.883716,0,1.75,4,112.5,null
"2018-11-07T05:02:49.000Z",45.701965,5.883716,0,1,3.75,90,null
"2018-11-07T05:06:49.000Z",45.701965,5.883716,0,1.25,2.75,90,null
"2018-11-07T05:10:54.000Z",45.701965,5.883716,0,1,2.5,90,null
"2018-11-07T05:14:54.000Z",45.701965,5.883716,0.75,2.5,4.25,90,null
"2018-11-07T05:18:54.000Z",45.701965,5.883716,0,3,9,67.5,null
"2018-11-07T05:22:57.000Z",45.701965,5.883716,0,4.25,11,90,null
"2018-11-07T05:26:57.000Z",45.701965,5.883716,1.5,5.5,9.75,180,null
"2018-11-07T05:30:57.000Z",45.701965,5.883716,2,5,9.5,157.5,null
"2018-11-07T05:35:02.000Z",45.701965,5.883716,0.25,4.25,7.25,157.5,null
"2018-11-07T05:39:02.000Z",45.701965,5.883716,0.75,4.25,9,157.5,null
"2018-11-07T05:43:02.000Z",45.701965,5.883716,0,0.75,3.25,135,null
"2018-11-07T05:47:06.000Z",45.701965,5.883716,0,1.25,4.25,157.5,null
"2018-11-07T05:51:06.000Z",45.701965,5.883716,0,2.25,5.5,202.5,null
"2018-11-07T05:55:06.000Z",45.701965,5.883716,0,0.5,2,202.5,null
"2018-11-07T05:59:10.000Z",45.701965,5.883716,0,2.75,5.5,180,null
"2018-11-07T06:03:10.000Z",45.701965,5.883716,1.5,4.25,7.25,180,null
"2018-11-07T06:07:10.000Z",45.701965,5.883716,0,2.5,5.25,157.5,null
"2018-11-07T06:11:13.000Z",45.701965,5.883716,0,0.5,2.5,157.5,null
"2018-11-07T06:15:13.000Z",45.701965,5.883716,0,0.25,1,157.5,null
"2018-11-07T06:19:13.000Z",45.701965,5.883716,0,0,0,157.5,null
"2018-11-07T06:23:18.000Z",45.701965,5.883716,0,0.25,1,157.5,null
"2018-11-07T06:27:18.000Z",45.701965,5.883716,0,1,3.25,157.5,null
"2018-11-07T06:31:18.000Z",45.701965,5.883716,0,1.25,6.25,135,null
"2018-11-07T06:35:22.000Z",45.701965,5.883716,1.5,3.25,6,90,null
"2018-11-07T06:39:22.000Z",45.701965,5.883716,0.25,3.25,6.25,90,null
"2018-11-07T06:43:22.000Z",45.701965,5.883716,0.75,3.5,7.25,90,null
"2018-11-07T06:47:26.000Z",45.701965,5.883716,2,4.75,9,67.5,null
"2018-11-07T06:51:26.000Z",45.701965,5.883716,2,5,8.25,90,null
"2018-11-07T06:55:26.000Z",45.701965,5.883716,1,4.5,9,90,null
"2018-11-07T06:59:30.000Z",45.701965,5.883716,0.25,3.5,6.5,90,null
"2018-11-07T07:03:30.000Z",45.701965,5.883716,1.5,4.5,8.75,90,null
"2018-11-07T07:07:30.000Z",45.701965,5.883716,2,4.25,6.5,90,null
"2018-11-07T07:11:34.000Z",45.701965,5.883716,2,6.25,9.5,90,null
"2018-11-07T07:15:34.000Z",45.701965,5.883716,3.25,6.75,9.75,67.5,null
"2018-11-07T07:19:34.000Z",45.701965,5.883716,1.75,4.75,8.75,67.5,null
"2018-11-07T07:23:38.000Z",45.701965,5.883716,0,1.75,4.25,67.5,null
"2018-11-07T07:27:38.000Z",45.701965,5.883716,0.25,2.5,5.25,90,null
"2018-11-07T07:31:38.000Z",45.701965,5.883716,0.75,3.75,8.25,90,null
"2018-11-07T07:35:42.000Z",45.701965,5.883716,0.75,5,7.75,67.5,null
"2018-11-07T07:39:42.000Z",45.701965,5.883716,0,2,4.75,90,null
"2018-11-07T07:43:42.000Z",45.701965,5.883716,0.25,3,6.5,67.5,null
"2018-11-07T07:47:46.000Z",45.701965,5.883716,2,3.75,6,90,null
"2018-11-07T07:51:46.000Z",45.701965,5.883716,0,3,5.5,90,null
"2018-11-07T07:55:46.000Z",45.701965,5.883716,0,1.5,4.25,90,null
"2018-11-07T07:59:51.000Z",45.701965,5.883716,1.5,4,5.5,67.5,null
"2018-11-07T08:03:51.000Z",45.701965,5.883716,0,2.25,4.75,67.5,null
"2018-11-07T08:07:51.000Z",45.701965,5.883716,0,2,7,112.5,null
"2018-11-07T08:11:54.000Z",45.701965,5.883716,0,0.75,2.5,135,null
"2018-11-07T08:15:54.000Z",45.701965,5.883716,0,0.5,2,135,null
"2018-11-07T08:19:54.000Z",45.701965,5.883716,0,0.25,1,112.5,null
"2018-11-07T08:23:58.000Z",45.701965,5.883716,0,2,3.5,112.5,null
"2018-11-07T08:27:58.000Z",45.701965,5.883716,1.5,2.25,3.75,112.5,null
"2018-11-07T08:31:58.000Z",45.701965,5.883716,0,0.75,3.5,112.5,null
"2018-11-07T08:36:03.000Z",45.701965,5.883716,0.75,2.75,5.5,112.5,null
"2018-11-07T08:40:03.000Z",45.701965,5.883716,0.75,1.75,3.5,90,null
"2018-11-07T08:44:03.000Z",45.701965,5.883716,0.75,2.25,4.5,90,null
"2018-11-07T08:48:06.000Z",45.701965,5.883716,0,0.75,3.5,90,null
"2018-11-07T08:52:06.000Z",45.701965,5.883716,0.25,2.5,8.25,90,null
"2018-11-07T08:56:06.000Z",45.701965,5.883716,0,4,8.75,90,null
"2018-11-07T09:00:10.000Z",45.701965,5.883716,0.75,4.25,7.75,67.5,null
"2018-11-07T09:04:10.000Z",45.701965,5.883716,0.25,2.5,4.5,67.5,null
"2018-11-07T09:08:10.000Z",45.701965,5.883716,0.25,3,4.75,45,null
"2018-11-07T09:12:15.000Z",45.701965,5.883716,0,1.25,3.25,45,null
"2018-11-07T09:16:15.000Z",45.701965,5.883716,0,0.75,4.25,112.5,null
"2018-11-07T09:20:15.000Z",45.701965,5.883716,0,2,5.25,112.5,null
"2018-11-07T09:24:18.000Z",45.701965,5.883716,0,1.25,4.5,112.5,null
"2018-11-07T09:28:18.000Z",45.701965,5.883716,0,0.5,2.5,112.5,null
"2018-11-07T09:32:18.000Z",45.701965,5.883716,0,0.5,1.75,112.5,null
"2018-11-07T09:36:23.000Z",45.701965,5.883716,0,1.5,3.75,135,null
"2018-11-07T09:40:23.000Z",45.701965,5.883716,0,1.75,5.25,135,null
"2018-11-07T09:44:23.000Z",45.701965,5.883716,0.25,2.75,5.5,112.5,null
"2018-11-07T09:48:26.000Z",45.701965,5.883716,0,3.75,7,67.5,null
"2018-11-07T09:52:26.000Z",45.701965,5.883716,0,2,5.25,67.5,null
"2018-11-07T09:56:26.000Z",45.701965,5.883716,0,0.75,2.5,67.5,null
"2018-11-07T10:00:31.000Z",45.701965,5.883716,0,0.25,2,67.5,null
"2018-11-07T10:04:31.000Z",45.701965,5.883716,0,0,2.75,67.5,null
"2018-11-07T10:08:31.000Z",45.701965,5.883716,0,2,5.25,67.5,null
"2018-11-07T10:12:35.000Z",45.701965,5.883716,0,2.25,5.5,67.5,null
"2018-11-07T10:16:35.000Z",45.701965,5.883716,0,2.25,6,67.5,null
"2018-11-07T10:20:35.000Z",45.701965,5.883716,0.75,3,8,67.5,null
"2018-11-07T10:24:38.000Z",45.701965,5.883716,1.5,3.5,5.5,90,null
"2018-11-07T10:28:38.000Z",45.701965,5.883716,0.75,3.5,7,90,null
"2018-11-07T10:32:38.000Z",45.701965,5.883716,0.25,3,5.5,67.5,null
"2018-11-07T10:36:43.000Z",45.701965,5.883716,0,3.5,7,45,null
"2018-11-07T10:40:43.000Z",45.701965,5.883716,0,3.5,6.5,45,null
"2018-11-07T10:44:43.000Z",45.701965,5.883716,0,3.5,8.25,67.5,null
"2018-11-07T10:48:47.000Z",45.701965,5.883716,1.75,4.25,8,67.5,null
"2018-11-07T10:52:47.000Z",45.701965,5.883716,0,2.5,7.25,90,null
"2018-11-07T10:56:47.000Z",45.701965,5.883716,0,1.5,7.75,112.5,null
"2018-11-07T11:00:51.000Z",45.701965,5.883716,0,3.5,8.75,157.5,null
"2018-11-07T11:04:51.000Z",45.701965,5.883716,0,3,7.25,180,null
"2018-11-07T11:08:51.000Z",45.701965,5.883716,0,4.5,8.25,180,null
"2018-11-07T11:12:55.000Z",45.701965,5.883716,0,2,3.5,157.5,null
"2018-11-07T11:16:55.000Z",45.701965,5.883716,0,3,7.25,180,null
"2018-11-07T11:20:55.000Z",45.701965,5.883716,1.75,4.75,7.75,180,null
"2018-11-07T11:24:59.000Z",45.701965,5.883716,2,6.25,9,180,null
"2018-11-07T11:28:59.000Z",45.701965,5.883716,2.5,5.75,9,180,null
"2018-11-07T11:32:59.000Z",45.701965,5.883716,5.25,7.25,10.5,202.5,null
"2018-11-07T11:37:03.000Z",45.701965,5.883716,2.75,7.5,11.5,202.5,null
"2018-11-07T11:41:03.000Z",45.701965,5.883716,3.75,7.25,11.5,180,null
"2018-11-07T11:45:03.000Z",45.701965,5.883716,2.5,7.5,11,202.5,null
"2018-11-07T11:49:08.000Z",45.701965,5.883716,1,7.25,11,202.5,null
"2018-11-07T11:53:08.000Z",45.701965,5.883716,4.75,8.5,11.5,202.5,null
"2018-11-07T11:57:08.000Z",45.701965,5.883716,4.25,7.5,11,202.5,null
"2018-11-07T12:01:11.000Z",45.701965,5.883716,4.5,7.5,9.5,202.5,null
"2018-11-07T12:05:11.000Z",45.701965,5.883716,2.5,7.25,9.5,180,null
"2018-11-07T12:09:11.000Z",45.701965,5.883716,0.75,7,10,202.5,null
"2018-11-07T12:13:16.000Z",45.701965,5.883716,3.5,7.25,11.5,202.5,null
"2018-11-07T12:17:16.000Z",45.701965,5.883716,5.5,9,12,202.5,null
"2018-11-07T12:21:16.000Z",45.701965,5.883716,3.25,6.25,8.25,180,null
"2018-11-07T12:25:19.000Z",45.701965,5.883716,2.75,7.25,10.5,202.5,null
"2018-11-07T12:29:19.000Z",45.701965,5.883716,4.75,6.75,8.25,202.5,null
"2018-11-07T12:33:19.000Z",45.701965,5.883716,2.75,5.25,7.75,202.5,null
"2018-11-07T12:37:23.000Z",45.701965,5.883716,2.75,6.5,8.75,225,null
"2018-11-07T12:41:23.000Z",45.701965,5.883716,3.75,6,7.75,202.5,null
"2018-11-07T12:45:23.000Z",45.701965,5.883716,1,5.75,9,202.5,null
"2018-11-07T12:49:27.000Z",45.701965,5.883716,0.75,4.25,7.25,202.5,null
"2018-11-07T12:53:27.000Z",45.701965,5.883716,2,5.5,8,180,null
"2018-11-07T12:57:27.000Z",45.701965,5.883716,3.75,6.5,9.5,180,null
"2018-11-07T13:01:32.000Z",45.701965,5.883716,4.25,7.5,11,180,null
"2018-11-07T13:05:32.000Z",45.701965,5.883716,2,5.25,7.25,180,null
"2018-11-07T13:09:32.000Z",45.701965,5.883716,1.75,6.25,8.25,202.5,null
"2018-11-07T13:13:35.000Z",45.701965,5.883716,1.5,5.5,8.25,202.5,null
"2018-11-07T13:17:35.000Z",45.701965,5.883716,2.5,5.5,8.75,202.5,null
"2018-11-07T13:21:35.000Z",45.701965,5.883716,0,3,5.25,180,null
"2018-11-07T13:25:39.000Z",45.701965,5.883716,1.5,3.5,6,180,null
"2018-11-07T13:29:39.000Z",45.701965,5.883716,0,3.5,6.25,202.5,null
"2018-11-07T13:33:39.000Z",45.701965,5.883716,1.5,3.5,5.5,180,null
"2018-11-07T13:37:44.000Z",45.701965,5.883716,3.75,5.5,7,180,null
"2018-11-07T13:41:44.000Z",45.701965,5.883716,3.5,6.5,9,202.5,null
"2018-11-07T13:45:44.000Z",45.701965,5.883716,6.25,7.75,9.5,225,null
"2018-11-07T13:49:47.000Z",45.701965,5.883716,5.25,6.5,7.75,225,null
"2018-11-07T13:53:47.000Z",45.701965,5.883716,1.5,6,8.25,202.5,null
"2018-11-07T13:57:47.000Z",45.701965,5.883716,0,1,3.5,157.5,null
"2018-11-07T14:01:51.000Z",45.701965,5.883716,0,1.75,4.25,180,null
"2018-11-07T14:05:51.000Z",45.701965,5.883716,0,1,3.5,180,null
"2018-11-07T14:09:51.000Z",45.701965,5.883716,0,0,0.75,180,null
"2018-11-07T14:13:56.000Z",45.701965,5.883716,0,0,0,157.5,null
"2018-11-07T14:17:56.000Z",45.701965,5.883716,0,0,0,157.5,null
"2018-11-07T14:21:56.000Z",45.701965,5.883716,0,0.25,1.75,180,null
"2018-11-07T14:26:00.000Z",45.701965,5.883716,0,0.25,0.75,180,null
"2018-11-07T14:30:00.000Z",45.701965,5.883716,0,1,3.75,157.5,null
"2018-11-07T14:34:00.000Z",45.701965,5.883716,0,0.5,1.75,157.5,null
"2018-11-07T14:38:04.000Z",45.701965,5.883716,0,0,0.75,135,null
"2018-11-07T14:42:04.000Z",45.701965,5.883716,0,3.5,11,0,null
"2018-11-07T14:46:04.000Z",45.701965,5.883716,2.5,6.5,9.75,0,null
"2018-11-07T14:50:08.000Z",45.701965,5.883716,0.25,3.25,5.5,0,null
"2018-11-07T14:54:08.000Z",45.701965,5.883716,1.75,5.5,8,0,null
"2018-11-07T14:58:08.000Z",45.701965,5.883716,3.75,6.25,8.75,0,null
"2018-11-07T15:02:12.000Z",45.701965,5.883716,6,7.25,9.5,0,null
"2018-11-07T15:06:12.000Z",45.701965,5.883716,3.75,5.25,7,0,null
"2018-11-07T15:10:12.000Z",45.701965,5.883716,4.5,7.25,9,0,null
"2018-11-07T15:14:17.000Z",45.701965,5.883716,6.25,7.75,9.5,0,null
"2018-11-07T15:18:17.000Z",45.701965,5.883716,5.5,7.75,10,0,null
"2018-11-07T15:22:17.000Z",45.701965,5.883716,7.75,9.5,11.5,0,null
"2018-11-07T15:26:20.000Z",45.701965,5.883716,6.5,9,10.5,0,null
"2018-11-07T15:30:20.000Z",45.701965,5.883716,7.25,9.25,10.5,0,null
"2018-11-07T15:34:20.000Z",45.701965,5.883716,4.75,8.5,11.5,22.5,null
"2018-11-07T15:38:24.000Z",45.701965,5.883716,2,5.5,10.5,22.5,null
"2018-11-07T15:42:24.000Z",45.701965,5.883716,1.75,5.5,8.25,22.5,null
"2018-11-07T15:46:24.000Z",45.701965,5.883716,2,5.75,10,22.5,null
"2018-11-07T15:50:28.000Z",45.701965,5.883716,0.75,5.25,8.75,45,null
"2018-11-07T15:54:28.000Z",45.701965,5.883716,0,0.5,4.75,45,null
"2018-11-07T15:58:28.000Z",45.701965,5.883716,0,0.25,1.5,45,null
"2018-11-07T16:02:33.000Z",45.701965,5.883716,0,0,0.25,45,null
"2018-11-07T16:06:33.000Z",45.701965,5.883716,0,0,0,45,null
"2018-11-07T16:10:33.000Z",45.701965,5.883716,0,0,0,45,null
"2018-11-07T16:14:36.000Z",45.701965,5.883716,0,0,0,45,null
"2018-11-07T16:18:36.000Z",45.701965,5.883716,0,0.25,2,45,null
"2018-11-07T16:22:36.000Z",45.701965,5.883716,0,1.25,2.5,45,null
"2018-11-07T16:26:40.000Z",45.701965,5.883716,0,0.5,1.75,45,null
"2018-11-07T16:30:40.000Z",45.701965,5.883716,0,0,0,45,null
"2018-11-07T16:34:40.000Z",45.701965,5.883716,0,0,0,45,null
"2018-11-07T16:38:44.000Z",45.701965,5.883716,0,0,0,45,null
"2018-11-07T16:42:44.000Z",45.701965,5.883716,0,0,0,45,null
"2018-11-07T16:46:44.000Z",45.701965,5.883716,0,0,0,45,null
"2018-11-07T16:50:48.000Z",45.701965,5.883716,0,0.25,1.5,45,null
"2018-11-07T16:54:48.000Z",45.701965,5.883716,0,0.25,0.75,45,null
"2018-11-07T16:58:48.000Z",45.701965,5.883716,0,0.25,1.5,45,null
"2018-11-07T17:02:53.000Z",45.701965,5.883716,0,0.25,0.75,45,null
"2018-11-07T17:06:53.000Z",45.701965,5.883716,0,0,0,45,null
"2018-11-07T17:10:53.000Z",45.701965,5.883716,0,0.5,1,45,null
"2018-11-07T17:14:57.000Z",45.701965,5.883716,0.25,1.25,2.5,45,null
"2018-11-07T17:18:57.000Z",45.701965,5.883716,0,0,0.75,45,null
"2018-11-07T17:22:57.000Z",45.701965,5.883716,0,0.5,1.75,45,null
"2018-11-07T17:27:01.000Z",45.701965,5.883716,0,0.25,1,45,null
"2018-11-07T17:31:01.000Z",45.701965,5.883716,0,0,0,45,null
"2018-11-07T17:35:01.000Z",45.701965,5.883716,0,0,0,45,null
"2018-11-07T17:39:04.000Z",45.701965,5.883716,0,0.25,1,45,null
"2018-11-07T17:43:04.000Z",45.701965,5.883716,0,0,0,45,null
"2018-11-07T17:47:04.000Z",45.701965,5.883716,0,1,1.75,45,null
"2018-11-07T17:51:08.000Z",45.701965,5.883716,0,0.5,1.75,45,null
"2018-11-07T17:55:08.000Z",45.701965,5.883716,0,0,1,45,null
"2018-11-07T17:59:08.000Z",45.701965,5.883716,0,0,1,45,null
"2018-11-07T18:03:13.000Z",45.701965,5.883716,0,1,1.5,45,null
"2018-11-07T18:07:13.000Z",45.701965,5.883716,0,0.25,1.5,45,null
"2018-11-07T18:11:13.000Z",45.701965,5.883716,0,2,7.25,157.5,null
"2018-11-07T18:15:17.000Z",45.701965,5.883716,0.75,5.25,8.75,180,null
"2018-11-07T18:19:17.000Z",45.701965,5.883716,2,4.25,7.25,157.5,null
"2018-11-07T18:23:17.000Z",45.701965,5.883716,0.75,2.75,5.5,157.5,null
"2018-11-07T18:27:21.000Z",45.701965,5.883716,0,2.5,8.75,157.5,null
"2018-11-07T18:31:21.000Z",45.701965,5.883716,0,1,2.75,135,null
"2018-11-07T18:35:21.000Z",45.701965,5.883716,0,1,3.5,135,null
"2018-11-07T18:39:25.000Z",45.701965,5.883716,0,0.5,1.75,135,null
"2018-11-07T18:43:25.000Z",45.701965,5.883716,0.25,1.25,2.5,135,null
"2018-11-07T18:47:25.000Z",45.701965,5.883716,0,0.5,1.5,135,null
"2018-11-07T18:51:29.000Z",45.701965,5.883716,0.25,2.5,4.75,135,null
"2018-11-07T18:55:29.000Z",45.701965,5.883716,0,1.5,3.25,135,null
"2018-11-07T18:59:29.000Z",45.701965,5.883716,0,0.25,1.75,135,null
"2018-11-07T19:03:33.000Z",45.701965,5.883716,0,0,0,135,null
"2018-11-07T19:07:33.000Z",45.701965,5.883716,0,0.25,1.75,112.5,null
"2018-11-07T19:11:33.000Z",45.701965,5.883716,0,1,1.75,112.5,null
"2018-11-07T19:15:37.000Z",45.701965,5.883716,0,0,0.75,90,null
"2018-11-07T19:19:37.000Z",45.701965,5.883716,0,4.25,10,0,null
"2018-11-07T19:23:37.000Z",45.701965,5.883716,5.5,8,10.5,0,null
"2018-11-07T19:27:42.000Z",45.701965,5.883716,4.25,6.5,9.75,0,null
"2018-11-07T19:31:42.000Z",45.701965,5.883716,2.75,4.5,6,0,null
"2018-11-07T19:35:42.000Z",45.701965,5.883716,0,0.75,4.5,0,null
"2018-11-07T19:39:46.000Z",45.701965,5.883716,0,1,2.75,0,null
"2018-11-07T19:43:46.000Z",45.701965,5.883716,0,1,2,0,null
"2018-11-07T19:47:46.000Z",45.701965,5.883716,0,0.75,2.5,0,null
"2018-11-07T19:52:39.000Z",45.701965,5.883716,0,1,3.25,0,null
"2018-11-07T19:56:39.000Z",45.701965,5.883716,0,1.25,2.5,0,null
"2018-11-07T20:00:39.000Z",45.701965,5.883716,1,4.75,7.75,22.5,null
"2018-11-07T20:04:44.000Z",45.701965,5.883716,4.75,6.5,9,45,null
"2018-11-07T20:08:44.000Z",45.701965,5.883716,2.75,5,8,45,null
"2018-11-07T20:12:44.000Z",45.701965,5.883716,2.75,5,7.75,45,null
"2018-11-07T20:16:47.000Z",45.701965,5.883716,2.75,4.25,5.25,45,null
"2018-11-07T20:20:47.000Z",45.701965,5.883716,3.75,6,8,45,null
"2018-11-07T20:24:47.000Z",45.701965,5.883716,3.25,4.75,8.75,45,null
"2018-11-07T20:28:52.000Z",45.701965,5.883716,0,2.25,5.5,90,null
"2018-11-07T20:32:52.000Z",45.701965,5.883716,0.25,2.5,6,67.5,null
"2018-11-07T20:36:52.000Z",45.701965,5.883716,0,3.25,6.5,45,null
"2018-11-07T20:40:56.000Z",45.701965,5.883716,0,2.75,6,45,null
"2018-11-07T20:44:56.000Z",45.701965,5.883716,0,2,6,45,null
"2018-11-07T20:48:56.000Z",45.701965,5.883716,0,0.5,2,45,null
"2018-11-07T20:53:00.000Z",45.701965,5.883716,1,3.25,8,22.5,null
"2018-11-07T20:57:00.000Z",45.701965,5.883716,1.75,6.25,11,225,null
"2018-11-07T21:01:00.000Z",45.701965,5.883716,7.75,11,14,247.5,null
"2018-11-07T21:05:04.000Z",45.701965,5.883716,0,6,9.75,225,null
"2018-11-07T21:09:04.000Z",45.701965,5.883716,0,2.5,9,337.5,null
"2018-11-07T21:13:04.000Z",45.701965,5.883716,0,4,8,45,null
"2018-11-07T21:17:08.000Z",45.701965,5.883716,0,3.5,8.75,247.5,null
"2018-11-07T21:21:08.000Z",45.701965,5.883716,0,5.75,10.5,22.5,null
"2018-11-07T21:25:08.000Z",45.701965,5.883716,0.75,6,13.5,22.5,null
"2018-11-07T21:29:12.000Z",45.701965,5.883716,0,2.75,7.75,45,null
"2018-11-07T21:33:12.000Z",45.701965,5.883716,1.75,10.5,23.5,337.5,null
"2018-11-07T21:37:12.000Z",45.701965,5.883716,5.5,9.25,13.5,337.5,null
"2018-11-07T21:41:16.000Z",45.701965,5.883716,1,5.75,8.25,337.5,null
"2018-11-07T21:45:16.000Z",45.701965,5.883716,0,4.5,8.75,180,null
"2018-11-07T21:49:16.000Z",45.701965,5.883716,0.25,3.25,6.5,135,null
"2018-11-07T21:53:20.000Z",45.701965,5.883716,1,3.25,6,112.5,null
"2018-11-07T21:57:20.000Z",45.701965,5.883716,0.75,1.75,3.25,112.5,null
"2018-11-07T22:01:20.000Z",45.701965,5.883716,0,2.75,4.5,112.5,null
"2018-11-07T22:05:23.000Z",45.701965,5.883716,0.75,2.25,3.5,112.5,null
"2018-11-07T22:09:23.000Z",45.701965,5.883716,0,1.5,3.75,112.5,null
"2018-11-07T22:13:23.000Z",45.701965,5.883716,1,3.75,6,112.5,null
"2018-11-07T22:17:28.000Z",45.701965,5.883716,0,1,3.25,90,null
"2018-11-07T22:21:28.000Z",45.701965,5.883716,0,0,0,90,null
"2018-11-07T22:25:28.000Z",45.701965,5.883716,0,0.75,2,90,null
"2018-11-07T22:29:32.000Z",45.701965,5.883716,0,0,0,112.5,null
"2018-11-07T22:33:32.000Z",45.701965,5.883716,0,0,1.75,90,null
"2018-11-07T22:37:32.000Z",45.701965,5.883716,0,0.5,2,90,null
"2018-11-07T22:41:36.000Z",45.701965,5.883716,0,0,0.25,90,null
"2018-11-07T22:45:36.000Z",45.701965,5.883716,0.25,1,2,90,null
"2018-11-07T22:49:36.000Z",45.701965,5.883716,0,0.75,1.5,90,null
"2018-11-07T22:53:40.000Z",45.701965,5.883716,0,0.25,1.5,90,null
"2018-11-07T22:57:40.000Z",45.701965,5.883716,0,0,0.25,90,null
"2018-11-07T23:01:40.000Z",45.701965,5.883716,0,0,0,90,null
"2018-11-07T23:05:45.000Z",45.701965,5.883716,0,0.25,0.75,90,null
"2018-11-07T23:09:45.000Z",45.701965,5.883716,0,0,0,90,null
"2018-11-07T23:13:45.000Z",45.701965,5.883716,0,0,0,90,null
"2018-11-07T23:17:49.000Z",45.701965,5.883716,0,2.75,6.25,0,null
"2018-11-07T23:21:49.000Z",45.701965,5.883716,3.75,5.75,7.25,0,null
"2018-11-07T23:25:49.000Z",45.701965,5.883716,1,3.75,6.5,0,null
"2018-11-07T23:29:52.000Z",45.701965,5.883716,0,3.25,6.25,0,null
"2018-11-07T23:33:52.000Z",45.701965,5.883716,3.25,4.75,6,0,null
"2018-11-07T23:37:52.000Z",45.701965,5.883716,2.75,4.25,6,0,null
"2018-11-07T23:41:56.000Z",45.701965,5.883716,1,3,4.5,0,null
"2018-11-07T23:45:56.000Z",45.701965,5.883716,0,1.75,4.5,0,null
"2018-11-07T23:49:56.000Z",45.701965,5.883716,0,0,0.75,0,null
"2018-11-07T23:54:01.000Z",45.701965,5.883716,0,1,3.5,0,null
"2018-11-07T23:58:01.000Z",45.701965,5.883716,0,1.25,2.75,0,null
"2018-11-08T00:02:01.000Z",45.701965,5.883716,1.5,3.75,5.5,0,null
"2018-11-08T00:06:04.000Z",45.701965,5.883716,0.75,3,5.5,0,null
"2018-11-08T00:10:04.000Z",45.701965,5.883716,0.75,3,5.25,0,null
"2018-11-08T00:14:04.000Z",45.701965,5.883716,0.25,2.5,5.25,0,null
"2018-11-08T00:18:09.000Z",45.701965,5.883716,0.75,3.25,6,0,null
"2018-11-08T00:22:09.000Z",45.701965,5.883716,2,4.25,7,0,null
"2018-11-08T00:26:09.000Z",45.701965,5.883716,2,4.75,7,22.5,null
"2018-11-08T00:30:13.000Z",45.701965,5.883716,2.75,4.75,7.25,22.5,null
"2018-11-08T00:34:13.000Z",45.701965,5.883716,1.75,3.75,6,22.5,null
"2018-11-08T00:38:13.000Z",45.701965,5.883716,1,2.75,4.75,22.5,null
"2018-11-08T00:42:17.000Z",45.701965,5.883716,0,0.75,4,22.5,null
"2018-11-08T00:46:17.000Z",45.701965,5.883716,0,0,0,22.5,null
"2018-11-08T00:50:17.000Z",45.701965,5.883716,0,0,0,22.5,null
"2018-11-08T00:54:21.000Z",45.701965,5.883716,0,0,0,22.5,null
"2018-11-08T00:58:21.000Z",45.701965,5.883716,0,0,0,22.5,null
"2018-11-08T01:02:21.000Z",45.701965,5.883716,0,0.5,3.5,22.5,null
"2018-11-08T01:06:25.000Z",45.701965,5.883716,0,0.75,4.25,22.5,null
"2018-11-08T01:10:25.000Z",45.701965,5.883716,0.25,2,4.75,22.5,null
"2018-11-08T01:14:25.000Z",45.701965,5.883716,0.75,2.75,5.25,0,null
"2018-11-08T01:18:28.000Z",45.701965,5.883716,2.5,4.75,6.5,0,null
"2018-11-08T01:22:28.000Z",45.701965,5.883716,0,1.5,3.75,0,null
"2018-11-08T01:26:28.000Z",45.701965,5.883716,0,0.5,1.75,0,null
"2018-11-08T01:30:33.000Z",45.701965,5.883716,0,0.75,3.5,0,null
"2018-11-08T01:34:33.000Z",45.701965,5.883716,0,2,4.25,0,null
"2018-11-08T01:38:33.000Z",45.701965,5.883716,0,0.25,1.75,0,null
"2018-11-08T01:42:37.000Z",45.701965,5.883716,0.25,2,4.25,0,null
"2018-11-08T01:46:37.000Z",45.701965,5.883716,1.75,3.25,4.75,0,null
"2018-11-08T01:50:37.000Z",45.701965,5.883716,0,1.75,5.25,0,null
"2018-11-08T01:54:41.000Z",45.701965,5.883716,0,0,0,0,null
"2018-11-08T01:58:41.000Z",45.701965,5.883716,0,0,0,0,null
"2018-11-08T02:02:41.000Z",45.701965,5.883716,0,0,0,0,null
"2018-11-08T02:06:44.000Z",45.701965,5.883716,0,0,0,0,null
"2018-11-08T02:10:44.000Z",45.701965,5.883716,0,0,0,0,null
"2018-11-08T02:14:44.000Z",45.701965,5.883716,0,0,0.25,22.5,null
"2018-11-08T02:18:49.000Z",45.701965,5.883716,0,0.25,1.5,0,null
"2018-11-08T02:22:49.000Z",45.701965,5.883716,0,0,0,0,null
"2018-11-08T02:26:49.000Z",45.701965,5.883716,0,0,0,0,null
"2018-11-08T02:30:53.000Z",45.701965,5.883716,0,0,0,0,null
"2018-11-08T02:34:53.000Z",45.701965,5.883716,0,0,0,0,null
"2018-11-08T02:38:53.000Z",45.701965,5.883716,0,0,0,0,null
"2018-11-08T02:42:57.000Z",45.701965,5.883716,0,0,0,0,null
"2018-11-08T02:46:57.000Z",45.701965,5.883716,0,0,0,0,null
"2018-11-08T02:50:57.000Z",45.701965,5.883716,0,0,0,0,null
"2018-11-08T02:55:01.000Z",45.701965,5.883716,0,0.5,2,0,null
"2018-11-08T02:59:01.000Z",45.701965,5.883716,0.25,1.25,2,0,null
"2018-11-08T03:03:01.000Z",45.701965,5.883716,0,0.5,1.75,0,null
"2018-11-08T03:07:06.000Z",45.701965,5.883716,0,0,0,0,null
"2018-11-08T03:11:06.000Z",45.701965,5.883716,0,0,0,0,null
"2018-11-08T03:15:06.000Z",45.701965,5.883716,0,0.25,1.5,0,null
"2018-11-08T03:19:09.000Z",45.701965,5.883716,0,0,1,0,null
"2018-11-08T03:23:09.000Z",45.701965,5.883716,0,0.25,1.75,0,null
"2018-11-08T03:27:09.000Z",45.701965,5.883716,0,0.5,1,0,null
"2018-11-08T03:31:14.000Z",45.701965,5.883716,0,0,0,0,null
"2018-11-08T03:35:14.000Z",45.701965,5.883716,0,0,0,0,null
"2018-11-08T03:39:14.000Z",45.701965,5.883716,0,0,1,0,null
"2018-11-08T03:43:17.000Z",45.701965,5.883716,0,0,0.75,0,null
"2018-11-08T03:47:17.000Z",45.701965,5.883716,0,0,0.75,22.5,null
"2018-11-08T03:51:17.000Z",45.701965,5.883716,0,0.25,1,45,null
"2018-11-08T03:55:21.000Z",45.701965,5.883716,0,1,3.25,45,null
"2018-11-08T03:59:21.000Z",45.701965,5.883716,0.75,4.25,8.25,67.5,null
"2018-11-08T04:03:21.000Z",45.701965,5.883716,0.25,3.25,6,67.5,null
"2018-11-08T04:07:25.000Z",45.701965,5.883716,1.75,3.75,6,67.5,null
"2018-11-08T04:11:25.000Z",45.701965,5.883716,0.75,2,3.75,67.5,null
"2018-11-08T04:15:25.000Z",45.701965,5.883716,0.25,1.25,2.75,67.5,null
"2018-11-08T04:19:30.000Z",45.701965,5.883716,0,0.75,2,67.5,null
"2018-11-08T04:23:30.000Z",45.701965,5.883716,0,0,0.75,67.5,null
"2018-11-08T04:27:30.000Z",45.701965,5.883716,0,0.25,1,67.5,null
"2018-11-08T04:31:34.000Z",45.701965,5.883716,0,0.5,1.5,67.5,null
"2018-11-08T04:35:34.000Z",45.701965,5.883716,0,0.25,1.75,67.5,null
"2018-11-08T04:39:34.000Z",45.701965,5.883716,1.5,3.25,4.75,67.5,null
"2018-11-08T04:43:37.000Z",45.701965,5.883716,2,3.25,4.5,67.5,null
"2018-11-08T04:47:37.000Z",45.701965,5.883716,0,1.5,3.25,67.5,null
"2018-11-08T04:51:37.000Z",45.701965,5.883716,0,0.75,2.5,90,null
"2018-11-08T04:55:41.000Z",45.701965,5.883716,0,0.5,2,90,null
"2018-11-08T04:59:41.000Z",45.701965,5.883716,0,0.75,2.75,90,null
"2018-11-08T05:03:41.000Z",45.701965,5.883716,0,1.25,2.5,90,null
"2018-11-08T05:07:46.000Z",45.701965,5.883716,0.75,3,4.75,135,null
"2018-11-08T05:11:46.000Z",45.701965,5.883716,0,1.75,4.25,135,null
"2018-11-08T05:15:46.000Z",45.701965,5.883716,0,2.5,5.5,135,null
"2018-11-08T05:19:50.000Z",45.701965,5.883716,0,0.25,4.25,157.5,null
"2018-11-08T05:23:50.000Z",45.701965,5.883716,0.25,2.5,6,112.5,null
"2018-11-08T05:27:50.000Z",45.701965,5.883716,0,2,4.75,112.5,null
"2018-11-08T05:31:54.000Z",45.701965,5.883716,0.25,3.25,7,90,null
"2018-11-08T05:35:54.000Z",45.701965,5.883716,0.25,2.5,6,112.5,null
"2018-11-08T05:39:54.000Z",45.701965,5.883716,0,2.5,8,112.5,null
"2018-11-08T05:43:57.000Z",45.701965,5.883716,0,2,5.5,112.5,null
"2018-11-08T05:47:57.000Z",45.701965,5.883716,1,4.25,7.25,90,null
"2018-11-08T05:51:57.000Z",45.701965,5.883716,2.75,5.25,9,90,null
"2018-11-08T05:56:01.000Z",45.701965,5.883716,0.25,3.25,6.25,90,null
"2018-11-08T06:00:01.000Z",45.701965,5.883716,1,4,8.75,67.5,null
"2018-11-08T06:04:01.000Z",45.701965,5.883716,0,1.25,5.5,67.5,null
"2018-11-08T06:08:06.000Z",45.701965,5.883716,0,0.25,3.5,112.5,null
"2018-11-08T06:12:06.000Z",45.701965,5.883716,0,0,0.75,112.5,null
"2018-11-08T06:16:06.000Z",45.701965,5.883716,0,0.5,2.75,112.5,null
"2018-11-08T06:20:10.000Z",45.701965,5.883716,0,1,4.5,112.5,null
"2018-11-08T06:24:10.000Z",45.701965,5.883716,0,4,8.25,135,null
"2018-11-08T06:28:10.000Z",45.701965,5.883716,0,0.75,2.75,135,null
"2018-11-08T06:32:14.000Z",45.701965,5.883716,0,0.25,3.75,135,null
"2018-11-08T06:36:14.000Z",45.701965,5.883716,0,2.25,6,112.5,null
"2018-11-08T06:40:14.000Z",45.701965,5.883716,0,2.5,6.5,67.5,null
"2018-11-08T06:44:18.000Z",45.701965,5.883716,0.25,2,4.5,67.5,null
"2018-11-08T06:48:18.000Z",45.701965,5.883716,0,1.25,2.75,67.5,null
"2018-11-08T06:52:18.000Z",45.701965,5.883716,0.75,1.75,3.5,67.5,null
"2018-11-08T06:56:22.000Z",45.701965,5.883716,1,1.5,2.5,67.5,null
"2018-11-08T07:00:22.000Z",45.701965,5.883716,0.75,1.5,3.25,67.5,null
"2018-11-08T07:04:22.000Z",45.701965,5.883716,0,2,5.25,90,null
"2018-11-08T07:08:26.000Z",45.701965,5.883716,0.75,2.5,5.75,90,null
"2018-11-08T07:12:26.000Z",45.701965,5.883716,0,2,4.5,90,null
"2018-11-08T07:16:26.000Z",45.701965,5.883716,0,1.5,4.75,90,null
"2018-11-08T07:20:30.000Z",45.701965,5.883716,0,0.25,1.5,90,null
"2018-11-08T07:24:30.000Z",45.701965,5.883716,0.25,2.5,6,90,null
"2018-11-08T07:28:30.000Z",45.701965,5.883716,0,1.25,3.5,90,null
"2018-11-08T07:32:34.000Z",45.701965,5.883716,0,3.75,8,90,null
"2018-11-08T07:36:34.000Z",45.701965,5.883716,1.5,4.25,6.25,90,null
"2018-11-08T07:40:34.000Z",45.701965,5.883716,1.75,4.25,7,90,null
"2018-11-08T07:44:39.000Z",45.701965,5.883716,0,3,7,90,null
"2018-11-08T07:48:39.000Z",45.701965,5.883716,0,1.5,4.75,112.5,null
"2018-11-08T07:52:39.000Z",45.701965,5.883716,0.75,2.75,5.25,112.5,null
"2018-11-08T07:56:42.000Z",45.701965,5.883716,0.25,2.5,4.75,135,null
"2018-11-08T08:00:42.000Z",45.701965,5.883716,0,2.25,4.75,135,null
"2018-11-08T08:04:42.000Z",45.701965,5.883716,0.75,3.5,6.5,112.5,null
"2018-11-08T08:08:46.000Z",45.701965,5.883716,0,2,5.25,90,null
"2018-11-08T08:12:46.000Z",45.701965,5.883716,0,2.25,4.75,90,null
"2018-11-08T08:16:46.000Z",45.701965,5.883716,0,0.5,2,112.5,null
"2018-11-08T08:20:50.000Z",45.701965,5.883716,0,0.75,3.25,112.5,null
"2018-11-08T08:24:50.000Z",45.701965,5.883716,0,1.75,3.5,157.5,null
"2018-11-08T08:28:50.000Z",45.701965,5.883716,1.5,2.5,4.25,157.5,null
"2018-11-08T08:32:55.000Z",45.701965,5.883716,0,0.75,3,135,null
"2018-11-08T08:36:55.000Z",45.701965,5.883716,0,1,3.25,135,null
"2018-11-08T08:40:55.000Z",45.701965,5.883716,0,2.25,7,67.5,null
"2018-11-08T08:44:59.000Z",45.701965,5.883716,0,2,4.75,135,null
"2018-11-08T08:48:59.000Z",45.701965,5.883716,0,1,6,90,null
"2018-11-08T08:52:59.000Z",45.701965,5.883716,0,0.75,3.5,90,null
"2018-11-08T08:57:03.000Z",45.701965,5.883716,0,2.75,6.5,90,null
"2018-11-08T09:01:03.000Z",45.701965,5.883716,0,2,6,90,null
"2018-11-08T09:05:03.000Z",45.701965,5.883716,0,3.25,6,67.5,null
"2018-11-08T09:09:06.000Z",45.701965,5.883716,0,2.75,5.25,67.5,null
"2018-11-08T09:13:06.000Z",45.701965,5.883716,1.75,3.25,5.25,67.5,null
"2018-11-08T09:17:06.000Z",45.701965,5.883716,2.75,3.75,5.5,67.5,null
"2018-11-08T09:21:11.000Z",45.701965,5.883716,0.25,2.25,4.5,67.5,null
"2018-11-08T09:25:11.000Z",45.701965,5.883716,0,0.25,1.75,67.5,null
"2018-11-08T09:29:11.000Z",45.701965,5.883716,0,0,0,67.5,null
"2018-11-08T09:33:15.000Z",45.701965,5.883716,0,0,0,67.5,null
"2018-11-08T09:37:15.000Z",45.701965,5.883716,0,0,0.75,67.5,null
"2018-11-08T09:41:15.000Z",45.701965,5.883716,0,0,2.5,67.5,null
"2018-11-08T09:45:19.000Z",45.701965,5.883716,0,0.75,2.5,67.5,null
"2018-11-08T09:49:19.000Z",45.701965,5.883716,0,0.5,1.75,157.5,null
"2018-11-08T09:53:19.000Z",45.701965,5.883716,0,0.25,1.5,157.5,null
"2018-11-08T09:57:23.000Z",45.701965,5.883716,0,0.25,1,157.5,null
"2018-11-08T10:01:23.000Z",45.701965,5.883716,0,0,0,157.5,null
"2018-11-08T10:05:23.000Z",45.701965,5.883716,0,1.25,5.25,202.5,null
"2018-11-08T10:09:26.000Z",45.701965,5.883716,0,3.25,6.5,225,null
"2018-11-08T10:13:26.000Z",45.701965,5.883716,0.75,4,5.5,225,null
"2018-11-08T10:17:26.000Z",45.701965,5.883716,0,0.75,2.75,225,null
"2018-11-08T10:21:30.000Z",45.701965,5.883716,0.25,2,3.75,225,null
"2018-11-08T10:25:30.000Z",45.701965,5.883716,2.75,4.25,6.25,247.5,null
"2018-11-08T10:29:30.000Z",45.701965,5.883716,2.75,5.25,7,247.5,null
"2018-11-08T10:33:34.000Z",45.701965,5.883716,1.75,3.5,6.25,270,null
"2018-11-08T10:37:34.000Z",45.701965,5.883716,2.75,4.75,7,247.5,null
"2018-11-08T10:41:34.000Z",45.701965,5.883716,0.75,3,5.25,270,null
"2018-11-08T10:45:39.000Z",45.701965,5.883716,1.5,3.25,4.75,247.5,null
"2018-11-08T10:49:39.000Z",45.701965,5.883716,2.75,4.5,6.5,270,null
"2018-11-08T10:53:39.000Z",45.701965,5.883716,2.5,3.5,5.25,270,null
"2018-11-08T10:57:44.000Z",45.701965,5.883716,0.75,2,3.75,270,null
"2018-11-08T11:01:44.000Z",45.701965,5.883716,0,0.75,1.75,270,null
"2018-11-08T11:05:44.000Z",45.701965,5.883716,0,0,0,270,null
"2018-11-08T11:09:48.000Z",45.701965,5.883716,0,0,0.75,270,null
"2018-11-08T11:13:48.000Z",45.701965,5.883716,0,0,0,270,null
"2018-11-08T11:17:48.000Z",45.701965,5.883716,0,0,0.75,270,null
"2018-11-08T11:21:51.000Z",45.701965,5.883716,0,0.25,1,270,null
"2018-11-08T11:25:51.000Z",45.701965,5.883716,0.25,1,2,270,null
"2018-11-08T11:29:51.000Z",45.701965,5.883716,0,1.75,4.5,292.5,null
"2018-11-08T11:33:55.000Z",45.701965,5.883716,3.5,5.25,6.25,315,null
"2018-11-08T11:37:55.000Z",45.701965,5.883716,2.5,4.5,6,315,null
"2018-11-08T11:41:55.000Z",45.701965,5.883716,2.5,3.75,6,315,null
"2018-11-08T11:45:59.000Z",45.701965,5.883716,1.75,4.75,6.5,292.5,null
"2018-11-08T11:49:59.000Z",45.701965,5.883716,1,2.5,6.25,292.5,null
"2018-11-08T11:53:59.000Z",45.701965,5.883716,0.25,2,3.5,292.5,null
"2018-11-08T11:58:03.000Z",45.701965,5.883716,0,5,6.5,247.5,null
"2018-11-08T12:02:03.000Z",45.701965,5.883716,4.25,5.25,6.5,247.5,null
"2018-11-08T12:06:03.000Z",45.701965,5.883716,3.5,4.75,5.5,247.5,null
"2018-11-08T12:10:08.000Z",45.701965,5.883716,4.25,5.5,6.25,247.5,null
"2018-11-08T12:14:08.000Z",45.701965,5.883716,4.5,5.75,6.5,270,null
"2018-11-08T12:18:08.000Z",45.701965,5.883716,2.5,4.5,6.25,270,null
"2018-11-08T12:22:12.000Z",45.701965,5.883716,2.5,3.75,5.25,270,null
"2018-11-08T12:26:12.000Z",45.701965,5.883716,2.75,4.75,6.5,270,null
"2018-11-08T12:30:12.000Z",45.701965,5.883716,2.75,5,7,270,null
"2018-11-08T12:34:16.000Z",45.701965,5.883716,0.75,3.5,6,270,null
"2018-11-08T12:38:16.000Z",45.701965,5.883716,0.25,2.75,4.5,270,null
"2018-11-08T12:42:16.000Z",45.701965,5.883716,4.25,5.75,7,247.5,null
"2018-11-08T12:46:20.000Z",45.701965,5.883716,3.25,4.25,6,247.5,null
"2018-11-08T12:50:20.000Z",45.701965,5.883716,2.75,4.5,6.25,247.5,null
"2018-11-08T12:54:20.000Z",45.701965,5.883716,3.5,5,7.25,247.5,null
"2018-11-08T12:58:24.000Z",45.701965,5.883716,4.25,6,7.25,247.5,null
"2018-11-08T13:02:24.000Z",45.701965,5.883716,2,4.5,6.25,270,null
"2018-11-08T13:06:24.000Z",45.701965,5.883716,0,0.75,3.75,270,null
"2018-11-08T13:10:27.000Z",45.701965,5.883716,0,2,5.5,270,null
"2018-11-08T13:14:27.000Z",45.701965,5.883716,1,3.75,7.25,292.5,null
"2018-11-08T13:18:27.000Z",45.701965,5.883716,0.25,2.25,4.5,270,null
"2018-11-08T13:22:31.000Z",45.701965,5.883716,0,1,4.75,270,null
"2018-11-08T13:26:31.000Z",45.701965,5.883716,0,0.25,2,270,null
"2018-11-08T13:30:31.000Z",45.701965,5.883716,0,1.25,8.75,0,null
"2018-11-08T13:34:35.000Z",45.701965,5.883716,1.5,5.5,10,45,null
"2018-11-08T13:38:35.000Z",45.701965,5.883716,0,4.25,10.5,45,null
"2018-11-08T13:42:35.000Z",45.701965,5.883716,1,9.5,16.5,22.5,null
"2018-11-08T13:46:40.000Z",45.701965,5.883716,2,8,13,45,null
"2018-11-08T13:50:40.000Z",45.701965,5.883716,0.25,6,12,337.5,null
"2018-11-08T13:54:40.000Z",45.701965,5.883716,5.25,7.5,9.75,315,null
"2018-11-08T13:58:44.000Z",45.701965,5.883716,0,3,9,337.5,null
"2018-11-08T14:02:44.000Z",45.701965,5.883716,1,4.75,8,315,null
"2018-11-08T14:06:44.000Z",45.701965,5.883716,0,1.5,4.5,292.5,null
"2018-11-08T14:10:48.000Z",45.701965,5.883716,0,6,13,22.5,null
"2018-11-08T14:14:48.000Z",45.701965,5.883716,4.25,9.5,16,45,null
"2018-11-08T14:18:48.000Z",45.701965,5.883716,2.5,6.75,13,22.5,null
"2018-11-08T14:22:52.000Z",45.701965,5.883716,1.5,5,9,22.5,null
"2018-11-08T14:26:52.000Z",45.701965,5.883716,0.25,4.5,7,22.5,null
"2018-11-08T14:30:52.000Z",45.701965,5.883716,0,0.5,3.75,22.5,null
"2018-11-08T14:34:56.000Z",45.701965,5.883716,0,3,6,0,null
"2018-11-08T14:38:56.000Z",45.701965,5.883716,0.75,4.75,9,22.5,null
"2018-11-08T14:42:56.000Z",45.701965,5.883716,0,1.75,3.75,22.5,null
"2018-11-08T14:47:00.000Z",45.701965,5.883716,0,0.75,1.5,22.5,null
"2018-11-08T14:51:00.000Z",45.701965,5.883716,0,0.25,2,22.5,null
"2018-11-08T14:55:00.000Z",45.701965,5.883716,0,0.75,5.5,22.5,null
"2018-11-08T14:59:04.000Z",45.701965,5.883716,0,1,5.5,22.5,null
"2018-11-08T15:03:04.000Z",45.701965,5.883716,0,0.5,2.75,22.5,null
"2018-11-08T15:07:04.000Z",45.701965,5.883716,0,0.25,1,22.5,null
"2018-11-08T15:11:08.000Z",45.701965,5.883716,0,0,0,22.5,null
"2018-11-08T15:15:08.000Z",45.701965,5.883716,0,0,1.5,22.5,null
"2018-11-08T15:19:08.000Z",45.701965,5.883716,0,0,0,0,null
"2018-11-08T15:23:13.000Z",45.701965,5.883716,0,0,0,0,null
"2018-11-08T15:27:13.000Z",45.701965,5.883716,0,0,0,0,null
"2018-11-08T15:31:13.000Z",45.701965,5.883716,0,0.25,1,0,null
"2018-11-08T15:35:16.000Z",45.701965,5.883716,0.25,2,3.25,0,null
"2018-11-08T15:39:16.000Z",45.701965,5.883716,0,0.5,2,0,null
"2018-11-08T15:43:16.000Z",45.701965,5.883716,0,0.5,1.5,0,null
"2018-11-08T15:47:20.000Z",45.701965,5.883716,0,0.25,1,0,null
"2018-11-08T15:51:20.000Z",45.701965,5.883716,0,0,0,0,null
"2018-11-08T15:55:20.000Z",45.701965,5.883716,0,0,0,0,null
"2018-11-08T15:59:25.000Z",45.701965,5.883716,0,0.25,1.5,0,null
"2018-11-08T16:03:25.000Z",45.701965,5.883716,0,0.75,1.75,0,null
"2018-11-08T16:07:25.000Z",45.701965,5.883716,0,0,0.75,0,null
"2018-11-08T16:11:28.000Z",45.701965,5.883716,0,0.25,1.75,0,null
"2018-11-08T16:15:28.000Z",45.701965,5.883716,0,0,0.75,0,null
"2018-11-08T16:19:28.000Z",45.701965,5.883716,0,0,1.5,0,null
"2018-11-08T16:23:33.000Z",45.701965,5.883716,1,2.25,5.5,0,null
"2018-11-08T16:27:33.000Z",45.701965,5.883716,0,0.75,4.25,0,null
"2018-11-08T16:31:33.000Z",45.701965,5.883716,0,0,0,0,null
"2018-11-08T16:35:37.000Z",45.701965,5.883716,0,0.25,1,0,null
"2018-11-08T16:39:37.000Z",45.701965,5.883716,0,0.5,2.5,0,null
"2018-11-08T16:43:37.000Z",45.701965,5.883716,0,0,1.75,0,null
"2018-11-08T16:47:40.000Z",45.701965,5.883716,0,0.25,1.25,0,null
"2018-11-08T16:51:40.000Z",45.701965,5.883716,0,0,1,0,null
"2018-11-08T16:55:40.000Z",45.701965,5.883716,0,0.75,2.5,22.5,null
"2018-11-08T16:59:44.000Z",45.701965,5.883716,0,0.25,1.75,22.5,null
"2018-11-08T17:03:44.000Z",45.701965,5.883716,0,0,0.25,22.5,null
"2018-11-08T17:07:44.000Z",45.701965,5.883716,0,1,3.5,22.5,null
"2018-11-08T17:11:49.000Z",45.701965,5.883716,0,0.25,1,22.5,null
"2018-11-08T17:15:49.000Z",45.701965,5.883716,0,1,3.5,22.5,null
"2018-11-08T17:19:49.000Z",45.701965,5.883716,0,1,2.5,22.5,null
"2018-11-08T17:23:53.000Z",45.701965,5.883716,0,3.25,7,45,null
"2018-11-08T17:27:53.000Z",45.701965,5.883716,1.5,3.75,7,45,null
"2018-11-08T17:31:53.000Z",45.701965,5.883716,1.75,3.25,6,45,null
"2018-11-08T17:35:56.000Z",45.701965,5.883716,2,4,7,45,null
"2018-11-08T17:39:56.000Z",45.701965,5.883716,0.25,3.25,10,45,null
"2018-11-08T17:43:56.000Z",45.701965,5.883716,1.75,6.75,13,22.5,null
"2018-11-08T17:48:01.000Z",45.701965,5.883716,0,4.25,8.25,22.5,null
"2018-11-08T17:52:01.000Z",45.701965,5.883716,0,2.5,5.5,22.5,null
"2018-11-08T17:56:01.000Z",45.701965,5.883716,0,0.25,1.75,22.5,null
"2018-11-08T18:00:05.000Z",45.701965,5.883716,0,2.5,6.25,45,null
"2018-11-08T18:04:05.000Z",45.701965,5.883716,0,2.5,5.25,45,null
"2018-11-08T18:08:05.000Z",45.701965,5.883716,0,1.75,6.5,45,null
"2018-11-08T18:12:09.000Z",45.701965,5.883716,0,4.75,13,45,null
"2018-11-08T18:16:09.000Z",45.701965,5.883716,0,2.25,6,22.5,null
"2018-11-08T18:20:09.000Z",45.701965,5.883716,1,5.5,10,67.5,null
"2018-11-08T18:24:13.000Z",45.701965,5.883716,0,3,6.5,67.5,null
"2018-11-08T18:28:13.000Z",45.701965,5.883716,0.25,3.75,7.75,67.5,null
"2018-11-08T18:32:13.000Z",45.701965,5.883716,2.5,5.75,9,67.5,null
"2018-11-08T18:36:17.000Z",45.701965,5.883716,1.75,4,6,67.5,null
"2018-11-08T18:40:17.000Z",45.701965,5.883716,2.5,5,8,90,null
"2018-11-08T18:44:17.000Z",45.701965,5.883716,1.5,4.5,8,90,null
"2018-11-08T18:48:21.000Z",45.701965,5.883716,2.75,5.5,9.5,45,null
"2018-11-08T18:52:21.000Z",45.701965,5.883716,0,4.5,11,22.5,null
"2018-11-08T18:56:21.000Z",45.701965,5.883716,0,1.25,4.5,22.5,null
"2018-11-08T19:00:25.000Z",45.701965,5.883716,0,5.25,12,45,null
"2018-11-08T19:04:25.000Z",45.701965,5.883716,1,5.25,11,22.5,null
"2018-11-08T19:08:25.000Z",45.701965,5.883716,1,5.25,8.75,67.5,null
"2018-11-08T19:12:29.000Z",45.701965,5.883716,0.75,2.25,4.5,67.5,null
"2018-11-08T19:16:29.000Z",45.701965,5.883716,1,3,4.75,90,null
"2018-11-08T19:20:29.000Z",45.701965,5.883716,1,3.5,6.25,90,null
"2018-11-08T19:24:33.000Z",45.701965,5.883716,2,4.25,7,90,null
"2018-11-08T19:28:33.000Z",45.701965,5.883716,2.5,4.75,8,112.5,null
"2018-11-08T19:32:33.000Z",45.701965,5.883716,3.75,5.25,8.25,90,null
"2018-11-08T19:36:37.000Z",45.701965,5.883716,1,4.75,7,67.5,null
"2018-11-08T19:40:37.000Z",45.701965,5.883716,2.75,4.75,7.75,67.5,null
"2018-11-08T19:44:37.000Z",45.701965,5.883716,1.75,3.5,5.5,67.5,null
"2018-11-08T19:48:51.000Z",45.701965,5.883716,0,2.5,8,45,null
"2018-11-08T19:52:51.000Z",45.701965,5.883716,0,3,9.5,67.5,null
"2018-11-08T19:56:51.000Z",45.701965,5.883716,2,5.5,10,67.5,null
"2018-11-08T20:00:55.000Z",45.701965,5.883716,3.25,5.75,9.75,67.5,null
"2018-11-08T20:04:55.000Z",45.701965,5.883716,2.5,5,8.75,67.5,null
"2018-11-08T20:08:55.000Z",45.701965,5.883716,1.75,5.5,9,67.5,null
"2018-11-08T20:12:59.000Z",45.701965,5.883716,3.25,4.75,8,67.5,null
"2018-11-08T20:16:59.000Z",45.701965,5.883716,0,1.75,5.5,67.5,null
"2018-11-08T20:20:59.000Z",45.701965,5.883716,0,2.75,7.75,67.5,null
"2018-11-08T20:25:03.000Z",45.701965,5.883716,3.25,5.25,8,45,null
"2018-11-08T20:29:03.000Z",45.701965,5.883716,1.5,6.5,11,45,null
"2018-11-08T20:33:03.000Z",45.701965,5.883716,1.5,5.25,10.5,45,null
"2018-11-08T20:37:07.000Z",45.701965,5.883716,1,5.5,9,45,null
"2018-11-08T20:41:07.000Z",45.701965,5.883716,2.75,5.25,8.25,67.5,null
"2018-11-08T20:45:07.000Z",45.701965,5.883716,1,3.5,9,67.5,null
"2018-11-08T20:49:12.000Z",45.701965,5.883716,1,5.25,11,67.5,null
"2018-11-08T20:53:12.000Z",45.701965,5.883716,0.75,5.25,9.75,67.5,null
"2018-11-08T20:57:12.000Z",45.701965,5.883716,2.75,6,9,67.5,null
"2018-11-08T21:01:16.000Z",45.701965,5.883716,2.75,7.75,14,67.5,null
"2018-11-08T21:05:16.000Z",45.701965,5.883716,4.25,8.25,13.5,67.5,null
"2018-11-08T21:09:16.000Z",45.701965,5.883716,1.75,5.75,10,67.5,null
"2018-11-08T21:13:20.000Z",45.701965,5.883716,2.5,7.5,11,67.5,null
"2018-11-08T21:17:20.000Z",45.701965,5.883716,0,6.5,12.5,67.5,null
"2018-11-08T21:21:20.000Z",45.701965,5.883716,1.75,6.5,12,67.5,null
"2018-11-08T21:25:24.000Z",45.701965,5.883716,2.75,8,12.5,67.5,null
"2018-11-08T21:29:24.000Z",45.701965,5.883716,3.25,6.5,10,67.5,null
"2018-11-08T21:33:24.000Z",45.701965,5.883716,4.25,7.5,11,67.5,null
"2018-11-08T21:37:28.000Z",45.701965,5.883716,1.5,4.25,8,67.5,null
"2018-11-08T21:41:28.000Z",45.701965,5.883716,0.75,3.5,6,67.5,null
"2018-11-08T21:45:28.000Z",45.701965,5.883716,2.5,4.25,6.5,67.5,null
"2018-11-08T21:49:31.000Z",45.701965,5.883716,0.75,3.75,8.25,67.5,null
"2018-11-08T21:53:31.000Z",45.701965,5.883716,0.75,4.5,8.25,67.5,null
"2018-11-08T21:57:31.000Z",45.701965,5.883716,1.75,4,8.75,67.5,null
"2018-11-08T22:01:36.000Z",45.701965,5.883716,0,4.75,11,67.5,null
"2018-11-08T22:05:36.000Z",45.701965,5.883716,0,4.5,10.5,45,null
"2018-11-08T22:09:36.000Z",45.701965,5.883716,1.75,4.75,7.25,90,null
"2018-11-08T22:13:40.000Z",45.701965,5.883716,1,5,7.75,135,null
"2018-11-08T22:17:40.000Z",45.701965,5.883716,3.25,5.75,8,135,null
"2018-11-08T22:21:40.000Z",45.701965,5.883716,1.75,4.25,7,112.5,null
"2018-11-08T22:25:44.000Z",45.701965,5.883716,1.75,5.5,8.25,112.5,null
"2018-11-08T22:29:44.000Z",45.701965,5.883716,2.5,4.5,9,135,null
"2018-11-08T22:33:44.000Z",45.701965,5.883716,2,4.5,9,135,null
"2018-11-08T22:37:48.000Z",45.701965,5.883716,2.75,5.5,8,157.5,null
"2018-11-08T22:41:48.000Z",45.701965,5.883716,0,3.5,9.5,135,null
"2018-11-08T22:45:48.000Z",45.701965,5.883716,0.25,3,9.5,135,null
"2018-11-08T22:49:52.000Z",45.701965,5.883716,0,2.25,7.25,135,null
"2018-11-08T22:53:52.000Z",45.701965,5.883716,1.5,6,9.75,157.5,null
"2018-11-08T22:57:52.000Z",45.701965,5.883716,0,1.5,5.5,157.5,null
"2018-11-08T23:01:56.000Z",45.701965,5.883716,0,3,7.75,157.5,null
"2018-11-08T23:05:56.000Z",45.701965,5.883716,2.5,6,10,135,null
"2018-11-08T23:09:56.000Z",45.701965,5.883716,1,5.25,9,135,null
"2018-11-08T23:14:01.000Z",45.701965,5.883716,4.25,7.25,11,180,null
"2018-11-08T23:18:01.000Z",45.701965,5.883716,2.5,7.25,11,180,null
"2018-11-08T23:22:01.000Z",45.701965,5.883716,2,6.5,10,180,null
"2018-11-08T23:26:04.000Z",45.701965,5.883716,2.75,6.75,9,180,null
"2018-11-08T23:30:04.000Z",45.701965,5.883716,4.75,7.5,11,180,null
"2018-11-08T23:34:04.000Z",45.701965,5.883716,2.5,6.75,11,180,null
"2018-11-08T23:38:08.000Z",45.701965,5.883716,3.25,7,10.5,180,null
"2018-11-08T23:42:08.000Z",45.701965,5.883716,1.5,4,7.25,180,null
"2018-11-08T23:46:08.000Z",45.701965,5.883716,0.25,2.75,6.25,180,null
"2018-11-08T23:50:12.000Z",45.701965,5.883716,0,3.25,6.5,180,null
"2018-11-08T23:54:12.000Z",45.701965,5.883716,0,1.5,4.5,157.5,null
"2018-11-08T23:58:12.000Z",45.701965,5.883716,0,1.75,5.5,157.5,null
"2018-11-09T00:02:17.000Z",45.701965,5.883716,0,3,6.25,112.5,null
"2018-11-09T00:06:17.000Z",45.701965,5.883716,0.25,3.5,6.25,90,null
"2018-11-09T00:10:17.000Z",45.701965,5.883716,1.5,4.25,7.25,90,null
"2018-11-09T00:14:20.000Z",45.701965,5.883716,1,4,6.5,90,null
"2018-11-09T00:18:20.000Z",45.701965,5.883716,1.5,2.75,6,112.5,null
"2018-11-09T00:22:20.000Z",45.701965,5.883716,1,2.75,4.5,90,null
"2018-11-09T00:26:25.000Z",45.701965,5.883716,0,2,5,135,null
"2018-11-09T00:30:25.000Z",45.701965,5.883716,1.75,3.75,5.5,112.5,null
"2018-11-09T00:34:25.000Z",45.701965,5.883716,1,2.75,5.5,112.5,null
"2018-11-09T00:38:28.000Z",45.701965,5.883716,1.5,4,6,112.5,null
"2018-11-09T00:42:28.000Z",45.701965,5.883716,0.25,3.5,5.5,112.5,null
"2018-11-09T00:46:28.000Z",45.701965,5.883716,1.75,3.5,6.25,112.5,null
"2018-11-09T00:50:32.000Z",45.701965,5.883716,1,4.5,8.25,90,null
"2018-11-09T00:54:32.000Z",45.701965,5.883716,0.25,2.5,6.25,90,null
"2018-11-09T00:58:32.000Z",45.701965,5.883716,0,2.75,5.5,135,null
"2018-11-09T01:02:37.000Z",45.701965,5.883716,1.75,4,6.5,112.5,null
"2018-11-09T01:06:37.000Z",45.701965,5.883716,1.5,4,7,112.5,null
"2018-11-09T01:10:37.000Z",45.701965,5.883716,1.5,3.5,5.25,135,null
"2018-11-09T01:14:40.000Z",45.701965,5.883716,0.25,2.5,4.5,135,null
"2018-11-09T01:18:40.000Z",45.701965,5.883716,1,3,6,135,null
"2018-11-09T01:22:40.000Z",45.701965,5.883716,0.75,4.5,7.25,112.5,null
"2018-11-09T01:26:45.000Z",45.701965,5.883716,0.75,3.5,6.5,135,null
"2018-11-09T01:30:45.000Z",45.701965,5.883716,0,1.75,5.25,157.5,null
"2018-11-09T01:34:45.000Z",45.701965,5.883716,0,3.75,7.25,157.5,null
"2018-11-09T01:38:49.000Z",45.701965,5.883716,1.5,4.5,7,180,null
"2018-11-09T01:42:49.000Z",45.701965,5.883716,2.5,5.5,9.5,157.5,null
"2018-11-09T01:46:49.000Z",45.701965,5.883716,1.5,5.5,9,157.5,null
"2018-11-09T01:50:53.000Z",45.701965,5.883716,0,2.25,7,157.5,null
"2018-11-09T01:54:53.000Z",45.701965,5.883716,1.75,5.25,9,157.5,null
"2018-11-09T01:58:53.000Z",45.701965,5.883716,0.25,5.25,10.5,180,null
"2018-11-09T02:02:57.000Z",45.701965,5.883716,0.25,4.25,8.25,157.5,null
"2018-11-09T02:06:57.000Z",45.701965,5.883716,0,3.5,10.5,135,null
"2018-11-09T02:10:57.000Z",45.701965,5.883716,0,2.25,7.25,157.5,null
"2018-11-09T02:15:01.000Z",45.701965,5.883716,0.25,3.5,6.5,180,null
"2018-11-09T02:19:01.000Z",45.701965,5.883716,1.5,4.75,7,180,null
"2018-11-09T02:23:01.000Z",45.701965,5.883716,3.5,6.25,10,180,null
"2018-11-09T02:27:05.000Z",45.701965,5.883716,1.75,5.5,10.5,157.5,null
"2018-11-09T02:31:05.000Z",45.701965,5.883716,0,2.75,6.25,180,null
"2018-11-09T02:35:05.000Z",45.701965,5.883716,1,8.25,12.5,180,null
"2018-11-09T02:39:09.000Z",45.701965,5.883716,0,5.75,15.5,180,null
"2018-11-09T02:43:09.000Z",45.701965,5.883716,0,2.5,9.5,135,null
"2018-11-09T02:47:09.000Z",45.701965,5.883716,0,2.75,9.5,157.5,null
"2018-11-09T02:51:13.000Z",45.701965,5.883716,1.75,7.25,11,180,null
"2018-11-09T02:55:13.000Z",45.701965,5.883716,0,3.5,9.5,180,null
"2018-11-09T02:59:13.000Z",45.701965,5.883716,0,0,1,157.5,null
"2018-11-09T03:03:17.000Z",45.701965,5.883716,0,1.5,6.5,180,null
"2018-11-09T03:07:17.000Z",45.701965,5.883716,0.25,3.75,6.5,202.5,null
"2018-11-09T03:11:17.000Z",45.701965,5.883716,2,6.25,9,202.5,null
"2018-11-09T03:15:21.000Z",45.701965,5.883716,1,5,7.75,180,null
"2018-11-09T03:19:21.000Z",45.701965,5.883716,1.5,4,7,180,null
"2018-11-09T03:23:21.000Z",45.701965,5.883716,1,2.5,4.25,180,null
"2018-11-09T03:27:25.000Z",45.701965,5.883716,0,2.25,6,157.5,null
"2018-11-09T03:31:25.000Z",45.701965,5.883716,0,2,5.5,180,null
"2018-11-09T03:35:25.000Z",45.701965,5.883716,0,3,6.25,180,null
"2018-11-09T03:39:30.000Z",45.701965,5.883716,0.75,4.25,7.25,180,null
"2018-11-09T03:43:30.000Z",45.701965,5.883716,0,0.75,2.75,180,null
"2018-11-09T03:47:30.000Z",45.701965,5.883716,0,1.25,3.75,180,null
"2018-11-09T03:51:33.000Z",45.701965,5.883716,0,2.25,11,45,null
"2018-11-09T03:55:33.000Z",45.701965,5.883716,0,3.25,9.75,45,null
"2018-11-09T03:59:33.000Z",45.701965,5.883716,0,2,5.5,45,null
"2018-11-09T04:03:38.000Z",45.701965,5.883716,0,1.5,6,67.5,null
"2018-11-09T04:07:38.000Z",45.701965,5.883716,0.75,5.75,9.5,45,null
"2018-11-09T04:11:38.000Z",45.701965,5.883716,1.75,5.5,13,67.5,null
"2018-11-09T04:15:42.000Z",45.701965,5.883716,0,3.5,7.75,22.5,null
"2018-11-09T04:19:42.000Z",45.701965,5.883716,0,3.75,12,45,null
"2018-11-09T04:23:42.000Z",45.701965,5.883716,2.5,6,12.5,45,null
"2018-11-09T04:27:46.000Z",45.701965,5.883716,2.75,7.75,16,45,null
"2018-11-09T04:31:46.000Z",45.701965,5.883716,3.5,8.25,14.5,22.5,null
"2018-11-09T04:35:46.000Z",45.701965,5.883716,4.25,8.75,13,22.5,null
"2018-11-09T04:39:49.000Z",45.701965,5.883716,4.25,8.5,14.5,22.5,null
"2018-11-09T04:43:49.000Z",45.701965,5.883716,3.75,8.5,15.5,22.5,null
"2018-11-09T04:47:49.000Z",45.701965,5.883716,3.25,7.75,13,45,null
"2018-11-09T04:51:53.000Z",45.701965,5.883716,0,4.75,15.5,45,null
"2018-11-09T04:55:53.000Z",45.701965,5.883716,2.5,7.5,13.5,45,null
"2018-11-09T04:59:53.000Z",45.701965,5.883716,2.5,6.75,13,45,null
"2018-11-09T05:03:57.000Z",45.701965,5.883716,3.5,7.5,14.5,45,null
"2018-11-09T05:07:57.000Z",45.701965,5.883716,3.75,7,12,45,null
"2018-11-09T05:11:57.000Z",45.701965,5.883716,2.75,5.25,8.25,45,null
"2018-11-09T05:16:02.000Z",45.701965,5.883716,1,5,9,67.5,null
"2018-11-09T05:20:02.000Z",45.701965,5.883716,3.75,7,11.5,67.5,null
"2018-11-09T05:24:02.000Z",45.701965,5.883716,0.75,4.75,8.25,112.5,null
"2018-11-09T05:28:06.000Z",45.701965,5.883716,0.25,3.25,7.75,112.5,null
"2018-11-09T05:32:06.000Z",45.701965,5.883716,1,4,6.5,157.5,null
"2018-11-09T05:36:06.000Z",45.701965,5.883716,0.75,3.5,6,135,null
"2018-11-09T05:40:10.000Z",45.701965,5.883716,0,2.75,7,135,null
"2018-11-09T05:44:10.000Z",45.701965,5.883716,0,4.25,8.25,112.5,null
"2018-11-09T05:48:10.000Z",45.701965,5.883716,0.25,4.75,8.25,112.5,null
"2018-11-09T05:52:13.000Z",45.701965,5.883716,0.25,4,10.5,90,null
"2018-11-09T05:56:13.000Z",45.701965,5.883716,0,3.5,9,90,null
"2018-11-09T06:00:13.000Z",45.701965,5.883716,0,2.25,5.5,112.5,null
"2018-11-09T06:04:17.000Z",45.701965,5.883716,0,3,5.5,180,null
"2018-11-09T06:08:17.000Z",45.701965,5.883716,0,3.25,6.5,180,null
"2018-11-09T06:12:17.000Z",45.701965,5.883716,1,5,8,180,null
"2018-11-09T06:16:22.000Z",45.701965,5.883716,0,4.25,8,202.5,null
"2018-11-09T06:20:22.000Z",45.701965,5.883716,0.25,3,7.75,180,null
"2018-11-09T06:24:22.000Z",45.701965,5.883716,1,4.5,10.5,112.5,null
"2018-11-09T06:28:26.000Z",45.701965,5.883716,0,3.25,9.5,67.5,null
"2018-11-09T06:32:26.000Z",45.701965,5.883716,1,5,8.25,67.5,null
"2018-11-09T06:36:26.000Z",45.701965,5.883716,0,6.75,13,67.5,null
"2018-11-09T06:40:30.000Z",45.701965,5.883716,0,6.25,13,90,null
"2018-11-09T06:44:30.000Z",45.701965,5.883716,0,4.5,13,112.5,null
"2018-11-09T06:48:30.000Z",45.701965,5.883716,0.75,5,12.5,90,null
"2018-11-09T06:52:34.000Z",45.701965,5.883716,1,5.5,11.5,90,null
"2018-11-09T06:56:34.000Z",45.701965,5.883716,0.75,6.5,10.5,90,null
"2018-11-09T07:00:34.000Z",45.701965,5.883716,2.5,5.5,12,112.5,null
"2018-11-09T07:04:38.000Z",45.701965,5.883716,1.75,5.5,11,112.5,null
"2018-11-09T07:08:38.000Z",45.701965,5.883716,1,4.5,9.5,157.5,null
"2018-11-09T07:12:38.000Z",45.701965,5.883716,0,6,12,180,null
"2018-11-09T07:16:42.000Z",45.701965,5.883716,0,5,14,157.5,null
"2018-11-09T07:20:42.000Z",45.701965,5.883716,0,2,6.25,157.5,null
"2018-11-09T07:24:42.000Z",45.701965,5.883716,0,2.5,6,157.5,null
"2018-11-09T07:28:47.000Z",45.701965,5.883716,1.75,4.75,7,180,null
"2018-11-09T07:32:47.000Z",45.701965,5.883716,2.5,4.75,7.75,180,null
"2018-11-09T07:36:47.000Z",45.701965,5.883716,0,1.75,6,157.5,null
"2018-11-09T07:40:51.000Z",45.701965,5.883716,0,0.25,1,157.5,null
"2018-11-09T07:44:51.000Z",45.701965,5.883716,0,4,7.75,202.5,null
"2018-11-09T07:48:51.000Z",45.701965,5.883716,5.5,9.5,13,202.5,null
"2018-11-09T07:52:54.000Z",45.701965,5.883716,0.75,6.75,13,202.5,null
"2018-11-09T07:56:54.000Z",45.701965,5.883716,0,2.75,7,180,null
"2018-11-09T08:00:54.000Z",45.701965,5.883716,2,5.5,11.5,180,null
"2018-11-09T08:04:58.000Z",45.701965,5.883716,1,6,9.5,180,null
"2018-11-09T08:08:58.000Z",45.701965,5.883716,0,2.25,10.5,135,null
"2018-11-09T08:12:58.000Z",45.701965,5.883716,0,2,7.75,67.5,null
"2018-11-09T08:17:02.000Z",45.701965,5.883716,2.5,6.25,12,67.5,null
"2018-11-09T08:21:02.000Z",45.701965,5.883716,1,4,7.75,45,null
"2018-11-09T08:25:02.000Z",45.701965,5.883716,0,3.25,8,45,null
"2018-11-09T08:29:07.000Z",45.701965,5.883716,0.75,5,9.5,45,null
"2018-11-09T08:33:07.000Z",45.701965,5.883716,1,5.5,10.5,45,null
"2018-11-09T08:37:07.000Z",45.701965,5.883716,0,5.75,13,67.5,null
"2018-11-09T08:41:10.000Z",45.701965,5.883716,2.75,10,16.5,67.5,null
"2018-11-09T08:45:10.000Z",45.701965,5.883716,2.5,8,15,67.5,null
"2018-11-09T08:49:10.000Z",45.701965,5.883716,4.75,9,15.5,67.5,null
"2018-11-09T08:53:15.000Z",45.701965,5.883716,4.25,10.5,17,45,null
"2018-11-09T08:57:15.000Z",45.701965,5.883716,3.5,8.75,16,67.5,null
"2018-11-09T09:01:15.000Z",45.701965,5.883716,1,5.75,10.5,67.5,null
"2018-11-09T09:05:18.000Z",45.701965,5.883716,1.75,9,17,67.5,null
"2018-11-09T09:09:18.000Z",45.701965,5.883716,2,10,18.5,67.5,null
"2018-11-09T09:13:18.000Z",45.701965,5.883716,3.25,8.75,15.5,67.5,null
"2018-11-09T09:17:23.000Z",45.701965,5.883716,0,9.75,15,67.5,null
"2018-11-09T09:21:23.000Z",45.701965,5.883716,1.75,8.25,15.5,45,null
"2018-11-09T09:25:23.000Z",45.701965,5.883716,2.5,8.5,14.5,67.5,null
"2018-11-09T09:29:27.000Z",45.701965,5.883716,3.5,8.75,18.5,67.5,null
"2018-11-09T09:33:27.000Z",45.701965,5.883716,0,5.5,13,90,null
"2018-11-09T09:37:27.000Z",45.701965,5.883716,3.75,9.25,15.5,67.5,null
"2018-11-09T09:41:31.000Z",45.701965,5.883716,1.75,8,17,90,null
"2018-11-09T09:45:31.000Z",45.701965,5.883716,1.5,5.75,14.5,90,null
"2018-11-09T09:49:31.000Z",45.701965,5.883716,2.5,7.25,12,67.5,null
"2018-11-09T09:53:34.000Z",45.701965,5.883716,0,5,12.5,90,null
"2018-11-09T09:57:34.000Z",45.701965,5.883716,2,7.5,15,67.5,null
"2018-11-09T10:01:34.000Z",45.701965,5.883716,5.5,9.75,14.5,67.5,null
"2018-11-09T10:05:39.000Z",45.701965,5.883716,1,4.25,8.75,67.5,null
"2018-11-09T10:09:39.000Z",45.701965,5.883716,0.75,5.75,13.5,67.5,null
"2018-11-09T10:13:39.000Z",45.701965,5.883716,2.75,9,17,67.5,null
"2018-11-09T10:17:43.000Z",45.701965,5.883716,2.75,6.5,12,67.5,null
"2018-11-09T10:21:43.000Z",45.701965,5.883716,4.5,9.75,16,67.5,null
"2018-11-09T10:25:43.000Z",45.701965,5.883716,2,8.5,15.5,67.5,null
"2018-11-09T10:29:46.000Z",45.701965,5.883716,0,4.25,9.75,90,null
"2018-11-09T10:33:46.000Z",45.701965,5.883716,0,3.5,8.75,45,null
"2018-11-09T10:37:46.000Z",45.701965,5.883716,1,5.75,13,45,null
"2018-11-09T10:41:51.000Z",45.701965,5.883716,2.75,6,11.5,90,null
"2018-11-09T10:45:51.000Z",45.701965,5.883716,0,3.25,11.5,112.5,null
"2018-11-09T10:49:51.000Z",45.701965,5.883716,0,3.75,9.75,67.5,null
"2018-11-09T10:53:55.000Z",45.701965,5.883716,0,2.75,7.75,90,null
"2018-11-09T10:57:55.000Z",45.701965,5.883716,0,2.25,7,67.5,null
"2018-11-09T11:01:55.000Z",45.701965,5.883716,1.5,5.25,9.75,67.5,null
"2018-11-09T11:05:59.000Z",45.701965,5.883716,0,3.5,8.75,67.5,null
"2018-11-09T11:09:59.000Z",45.701965,5.883716,0.25,4.25,8,90,null
"2018-11-09T11:13:59.000Z",45.701965,5.883716,1.5,4,8,67.5,null
"2018-11-09T11:18:03.000Z",45.701965,5.883716,0.75,4.75,11,45,null
"2018-11-09T11:22:03.000Z",45.701965,5.883716,3.5,8.75,16.5,45,null
"2018-11-09T11:26:03.000Z",45.701965,5.883716,1,4.5,8.75,45,null
"2018-11-09T11:30:07.000Z",45.701965,5.883716,2.25,7.25,11,67.5,null
"2018-11-09T11:34:07.000Z",45.701965,5.883716,0,3.5,9.5,67.5,null
"2018-11-09T11:38:07.000Z",45.701965,5.883716,0,3.5,8.25,67.5,null
"2018-11-09T11:42:12.000Z",45.701965,5.883716,0,6.25,13,67.5,null
"2018-11-09T11:46:12.000Z",45.701965,5.883716,1.5,9,17.5,67.5,null
"2018-11-09T11:50:12.000Z",45.701965,5.883716,3.25,9.5,19,67.5,null
"2018-11-09T11:54:15.000Z",45.701965,5.883716,3.25,9.25,15.5,67.5,null
"2018-11-09T11:58:15.000Z",45.701965,5.883716,2.5,7.25,12,90,null
"2018-11-09T12:02:15.000Z",45.701965,5.883716,3.25,7.75,13,67.5,null
"2018-11-09T12:06:20.000Z",45.701965,5.883716,1.5,6.5,15.5,67.5,null
"2018-11-09T12:10:20.000Z",45.701965,5.883716,3.75,9,15.5,67.5,null
"2018-11-09T12:14:20.000Z",45.701965,5.883716,3.25,6.5,10,67.5,null
"2018-11-09T12:18:24.000Z",45.701965,5.883716,0,1,3.75,67.5,null
"2018-11-09T12:22:24.000Z",45.701965,5.883716,0,2.5,7.25,22.5,null
"2018-11-09T12:26:24.000Z",45.701965,5.883716,0,2.25,9.5,45,null
"2018-11-09T12:30:27.000Z",45.701965,5.883716,0,3.75,8.25,337.5,null
"2018-11-09T12:34:27.000Z",45.701965,5.883716,1,4.25,7.75,337.5,null
"2018-11-09T12:38:27.000Z",45.701965,5.883716,0.75,2.75,10,315,null
"2018-11-09T12:42:31.000Z",45.701965,5.883716,2.75,6.75,11,270,null
"2018-11-09T12:46:31.000Z",45.701965,5.883716,8.25,10.5,12.5,247.5,null
"2018-11-09T12:50:31.000Z",45.701965,5.883716,6.25,8.75,12,247.5,null
"2018-11-09T12:54:36.000Z",45.701965,5.883716,4.75,8.5,12,247.5,null
"2018-11-09T12:58:36.000Z",45.701965,5.883716,5.25,8.5,12.5,225,null
"2018-11-09T13:02:36.000Z",45.701965,5.883716,7,9.5,12.5,247.5,null
"2018-11-09T13:06:39.000Z",45.701965,5.883716,2.75,8,10.5,247.5,null
"2018-11-09T13:10:39.000Z",45.701965,5.883716,4.25,6.75,10,225,null
"2018-11-09T13:14:39.000Z",45.701965,5.883716,2.75,5.75,8,202.5,null
"2018-11-09T13:18:44.000Z",45.701965,5.883716,0,3.25,5.25,180,null
"2018-11-09T13:22:44.000Z",45.701965,5.883716,1,4,6.25,202.5,null
"2018-11-09T13:26:44.000Z",45.701965,5.883716,1,3.25,5.25,202.5,null
"2018-11-09T13:30:48.000Z",45.701965,5.883716,2.75,3.75,6,202.5,null
"2018-11-09T13:34:48.000Z",45.701965,5.883716,3.5,4.75,6.25,225,null
"2018-11-09T13:38:48.000Z",45.701965,5.883716,0,1,4.5,225,null
"2018-11-09T13:42:51.000Z",45.701965,5.883716,0.25,2,2.75,202.5,null
"2018-11-09T13:46:51.000Z",45.701965,5.883716,0,1.25,2.75,225,null
"2018-11-09T13:50:51.000Z",45.701965,5.883716,0,1.5,3.25,202.5,null
"2018-11-09T13:54:56.000Z",45.701965,5.883716,0,0.25,1.75,202.5,null
"2018-11-09T13:58:56.000Z",45.701965,5.883716,0.25,1.75,2.75,202.5,null
"2018-11-09T14:02:56.000Z",45.701965,5.883716,0.25,1.75,3.5,202.5,null
"2018-11-09T14:07:00.000Z",45.701965,5.883716,0,2.75,6.25,202.5,null
"2018-11-09T14:11:00.000Z",45.701965,5.883716,4.25,6.25,7.75,202.5,null
"2018-11-09T14:15:00.000Z",45.701965,5.883716,2.75,6,7.75,180,null
"2018-11-09T14:19:03.000Z",45.701965,5.883716,3.5,6.25,8.25,180,null
"2018-11-09T14:23:03.000Z",45.701965,5.883716,4.5,6.75,8.25,180,null
"2018-11-09T14:27:03.000Z",45.701965,5.883716,3.75,7.75,10,180,null
"2018-11-09T14:31:08.000Z",45.701965,5.883716,1.5,5,8,180,null
"2018-11-09T14:35:08.000Z",45.701965,5.883716,1,5,9,157.5,null
"2018-11-09T14:39:08.000Z",45.701965,5.883716,2.5,5,7.25,180,null
"2018-11-09T14:43:12.000Z",45.701965,5.883716,3.5,5.75,8.25,180,null
"2018-11-09T14:47:12.000Z",45.701965,5.883716,2.75,6,8.25,157.5,null
"2018-11-09T14:51:12.000Z",45.701965,5.883716,1.5,6.75,9.75,157.5,null
"2018-11-09T14:55:16.000Z",45.701965,5.883716,2.5,6.75,9.75,180,null
"2018-11-09T14:59:16.000Z",45.701965,5.883716,2.75,4.75,6.5,157.5,null
"2018-11-09T15:03:16.000Z",45.701965,5.883716,0.75,3.25,5.25,157.5,null
"2018-11-09T15:07:20.000Z",45.701965,5.883716,1.5,3.75,5.25,157.5,null
"2018-11-09T15:11:20.000Z",45.701965,5.883716,1,3.25,4.75,180,null
"2018-11-09T15:15:20.000Z",45.701965,5.883716,2.5,4.25,6,180,null
"2018-11-09T15:19:24.000Z",45.701965,5.883716,3.5,5,6,180,null
"2018-11-09T15:23:24.000Z",45.701965,5.883716,3.25,5.75,7.75,180,null
"2018-11-09T15:27:24.000Z",45.701965,5.883716,4.5,7,9,180,null
"2018-11-09T15:31:28.000Z",45.701965,5.883716,3.75,5.75,8.25,180,null
"2018-11-09T15:35:28.000Z",45.701965,5.883716,2.5,4.75,7.25,180,null
"2018-11-09T15:39:28.000Z",45.701965,5.883716,1.75,3.5,6.25,180,null
"2018-11-09T15:43:33.000Z",45.701965,5.883716,0,2.5,4.75,157.5,null
"2018-11-09T15:47:33.000Z",45.701965,5.883716,1.5,3,4.75,157.5,null
"2018-11-09T15:51:33.000Z",45.701965,5.883716,2,4.75,7,157.5,null
"2018-11-09T15:55:36.000Z",45.701965,5.883716,1,4,7,157.5,null
"2018-11-09T15:59:36.000Z",45.701965,5.883716,0,0,1,157.5,null
"2018-11-09T16:03:36.000Z",45.701965,5.883716,0,0.25,3.25,157.5,null
"2018-11-09T16:07:40.000Z",45.701965,5.883716,0,0.25,2.5,157.5,null
"2018-11-09T16:11:40.000Z",45.701965,5.883716,0,0,0,157.5,null
"2018-11-09T16:15:40.000Z",45.701965,5.883716,0,0,0,157.5,null
"2018-11-09T16:19:45.000Z",45.701965,5.883716,0,0.25,1,157.5,null
"2018-11-09T16:23:45.000Z",45.701965,5.883716,0,0,1,157.5,null
"2018-11-09T16:27:45.000Z",45.701965,5.883716,0,0,0,157.5,null
"2018-11-09T16:31:48.000Z",45.701965,5.883716,0,0,0,157.5,null
"2018-11-09T16:35:48.000Z",45.701965,5.883716,0,0.5,4.5,157.5,null
"2018-11-09T16:39:48.000Z",45.701965,5.883716,0.25,1.75,3.5,135,null
"2018-11-09T16:43:53.000Z",45.701965,5.883716,0.25,2.25,4.25,135,null
"2018-11-09T16:47:53.000Z",45.701965,5.883716,0,1,3.75,135,null
"2018-11-09T16:51:53.000Z",45.701965,5.883716,0,2,6.25,135,null
"2018-11-09T16:55:56.000Z",45.701965,5.883716,0.75,2.25,4.75,135,null
"2018-11-09T16:59:56.000Z",45.701965,5.883716,0.25,2,4.25,112.5,null
"2018-11-09T17:03:56.000Z",45.701965,5.883716,0,1.5,6,135,null
"2018-11-09T17:08:01.000Z",45.701965,5.883716,0,1.5,6.25,135,null
"2018-11-09T17:12:01.000Z",45.701965,5.883716,0,1.5,3.75,135,null
"2018-11-09T17:16:01.000Z",45.701965,5.883716,0.25,3,6.25,112.5,null
"2018-11-09T17:20:04.000Z",45.701965,5.883716,0,1.5,5.5,90,null
"2018-11-09T17:24:04.000Z",45.701965,5.883716,0,1.25,4.5,135,null
"2018-11-09T17:28:04.000Z",45.701965,5.883716,2.75,4.5,6.25,157.5,null
"2018-11-09T17:32:08.000Z",45.701965,5.883716,0.75,3,4.75,157.5,null
"2018-11-09T17:36:08.000Z",45.701965,5.883716,0.75,2.75,5.25,135,null
"2018-11-09T17:40:08.000Z",45.701965,5.883716,3.75,6,9.5,135,null
"2018-11-09T17:44:13.000Z",45.701965,5.883716,4.75,7.5,10.5,135,null
"2018-11-09T17:48:13.000Z",45.701965,5.883716,3.5,6.5,10,112.5,null
"2018-11-09T17:52:13.000Z",45.701965,5.883716,2.5,5.75,9.5,135,null
"2018-11-09T17:56:17.000Z",45.701965,5.883716,3.75,6.5,9.75,157.5,null
"2018-11-09T18:00:17.000Z",45.701965,5.883716,1.5,4.5,9.75,135,null
"2018-11-09T18:04:17.000Z",45.701965,5.883716,0,4,8.25,180,null
"2018-11-09T18:08:21.000Z",45.701965,5.883716,2,4.75,7.75,180,null
"2018-11-09T18:12:21.000Z",45.701965,5.883716,1.75,6.25,11,180,null
"2018-11-09T18:16:21.000Z",45.701965,5.883716,1.75,6.75,10,180,null
"2018-11-09T18:20:24.000Z",45.701965,5.883716,2.5,7.25,12,180,null
"2018-11-09T18:24:24.000Z",45.701965,5.883716,2.5,6.25,9,180,null
"2018-11-09T18:28:24.000Z",45.701965,5.883716,4.75,8,11,180,null
"2018-11-09T18:32:28.000Z",45.701965,5.883716,0.75,5.75,10.5,157.5,null
"2018-11-09T18:36:28.000Z",45.701965,5.883716,0,3.75,10.5,135,null
"2018-11-09T18:40:28.000Z",45.701965,5.883716,0.75,5.25,8,157.5,null
"2018-11-09T18:44:33.000Z",45.701965,5.883716,0,1.5,4.75,135,null
"2018-11-09T18:48:33.000Z",45.701965,5.883716,0,2.25,7.75,157.5,null
"2018-11-09T18:52:33.000Z",45.701965,5.883716,0,1.75,5.5,157.5,null
"2018-11-09T18:56:37.000Z",45.701965,5.883716,0,0.5,4.25,135,null
"2018-11-09T19:00:37.000Z",45.701965,5.883716,1.5,5,9.75,112.5,null
"2018-11-09T19:04:37.000Z",45.701965,5.883716,1,4,7.25,112.5,null
"2018-11-09T19:08:41.000Z",45.701965,5.883716,1,3.25,7,112.5,null
"2018-11-09T19:12:41.000Z",45.701965,5.883716,0.75,3.25,7.75,112.5,null
"2018-11-09T19:16:41.000Z",45.701965,5.883716,0.25,3.5,6.25,112.5,null
"2018-11-09T19:20:45.000Z",45.701965,5.883716,0,2.75,7.75,90,null
"2018-11-09T19:24:45.000Z",45.701965,5.883716,0,2.25,6.5,112.5,null
"2018-11-09T19:28:45.000Z",45.701965,5.883716,0,2.5,4.75,112.5,null
"2018-11-09T19:32:50.000Z",45.701965,5.883716,0,2,4.75,135,null
"2018-11-09T19:36:50.000Z",45.701965,5.883716,0,2.25,7,202.5,null
"2018-11-09T19:40:50.000Z",45.701965,5.883716,0,0.25,1.5,202.5,null
"2018-11-09T19:44:53.000Z",45.701965,5.883716,0,0.25,3.75,157.5,null
"2018-11-09T19:48:53.000Z",45.701965,5.883716,0,1.75,3.75,157.5,null
"2018-11-09T19:52:53.000Z",45.701965,5.883716,0.25,2.25,4.75,135,null
"2018-11-09T19:57:43.000Z",45.701965,5.883716,0.25,3.5,6.25,135,null
"2018-11-09T20:01:43.000Z",45.701965,5.883716,1.75,5,8,135,null
"2018-11-09T20:05:43.000Z",45.701965,5.883716,1.75,4.5,9,157.5,null
"2018-11-09T20:09:48.000Z",45.701965,5.883716,1,4.25,9.75,135,null
"2018-11-09T20:13:48.000Z",45.701965,5.883716,0.75,4.75,11,135,null
"2018-11-09T20:17:48.000Z",45.701965,5.883716,0,4,10.5,135,null
"2018-11-09T20:21:51.000Z",45.701965,5.883716,0.75,2.75,6.25,157.5,null
"2018-11-09T20:25:51.000Z",45.701965,5.883716,2,4.25,7.75,157.5,null
"2018-11-09T20:29:51.000Z",45.701965,5.883716,3.25,6,9.5,180,null
"2018-11-09T20:33:55.000Z",45.701965,5.883716,2.75,7.5,11.5,180,null
"2018-11-09T20:37:55.000Z",45.701965,5.883716,3.25,7.5,11,180,null
"2018-11-09T20:41:55.000Z",45.701965,5.883716,3.75,7.5,14,180,null
"2018-11-09T20:46:00.000Z",45.701965,5.883716,3.5,7.75,12,157.5,null
"2018-11-09T20:50:00.000Z",45.701965,5.883716,3.75,8.75,12,157.5,null
"2018-11-09T20:54:00.000Z",45.701965,5.883716,4.5,9.25,14.5,157.5,null
"2018-11-09T20:58:03.000Z",45.701965,5.883716,4.25,8.25,12.5,157.5,null
"2018-11-09T21:02:03.000Z",45.701965,5.883716,3.25,7.5,12.5,157.5,null
"2018-11-09T21:06:03.000Z",45.701965,5.883716,2.5,5.5,9,157.5,null
"2018-11-09T21:10:08.000Z",45.701965,5.883716,0,3.5,7.25,135,null
"2018-11-09T21:14:08.000Z",45.701965,5.883716,0.75,4.5,9,112.5,null
"2018-11-09T21:18:08.000Z",45.701965,5.883716,3.25,7,9.75,90,null
"2018-11-09T21:22:11.000Z",45.701965,5.883716,2,5,9.75,112.5,null
"2018-11-09T21:26:11.000Z",45.701965,5.883716,2,5.25,9.5,135,null
"2018-11-09T21:30:11.000Z",45.701965,5.883716,0.75,4,10,135,null
"2018-11-09T21:34:15.000Z",45.701965,5.883716,0.75,4.5,12,90,null
"2018-11-09T21:38:15.000Z",45.701965,5.883716,2,6.5,13,90,null
"2018-11-09T21:42:15.000Z",45.701965,5.883716,2.75,6.25,10.5,112.5,null
"2018-11-09T21:46:20.000Z",45.701965,5.883716,0.25,4.75,10,112.5,null
"2018-11-09T21:50:20.000Z",45.701965,5.883716,0,3.5,7.25,135,null
"2018-11-09T21:54:20.000Z",45.701965,5.883716,0,4.75,9,157.5,null
"2018-11-09T21:58:24.000Z",45.701965,5.883716,3.75,7.5,10,157.5,null
"2018-11-09T22:02:24.000Z",45.701965,5.883716,1.5,5.25,8.75,157.5,null
"2018-11-09T22:06:24.000Z",45.701965,5.883716,0,3.25,9,135,null
"2018-11-09T22:10:27.000Z",45.701965,5.883716,0,4,11,112.5,null
"2018-11-09T22:14:27.000Z",45.701965,5.883716,1.5,6.25,11.5,90,null
"2018-11-09T22:18:27.000Z",45.701965,5.883716,0,4.5,12,90,null
"2018-11-09T22:22:31.000Z",45.701965,5.883716,0,4,8,157.5,null
"2018-11-09T22:26:31.000Z",45.701965,5.883716,0,2.75,6,157.5,null
"2018-11-09T22:30:31.000Z",45.701965,5.883716,0.75,4,7.75,135,null
"2018-11-09T22:34:36.000Z",45.701965,5.883716,3.25,5.5,8.75,112.5,null
"2018-11-09T22:38:36.000Z",45.701965,5.883716,1.75,5,9,112.5,null
"2018-11-09T22:42:36.000Z",45.701965,5.883716,1.75,5.5,10,135,null
"2018-11-09T22:46:40.000Z",45.701965,5.883716,1.5,4.5,9.5,157.5,null
"2018-11-09T22:50:40.000Z",45.701965,5.883716,0.75,3.75,7.75,157.5,null
"2018-11-09T22:54:40.000Z",45.701965,5.883716,2,6.75,11,157.5,null
"2018-11-09T22:58:44.000Z",45.701965,5.883716,2,7.25,11,157.5,null
"2018-11-09T23:02:44.000Z",45.701965,5.883716,2.5,6.5,11,157.5,null
"2018-11-09T23:06:44.000Z",45.701965,5.883716,2.75,7,11,157.5,null
"2018-11-09T23:10:48.000Z",45.701965,5.883716,0,4.25,10,157.5,null
"2018-11-09T23:14:48.000Z",45.701965,5.883716,2.75,6,10,157.5,null
"2018-11-09T23:18:48.000Z",45.701965,5.883716,2,6,9.75,157.5,null
"2018-11-09T23:22:52.000Z",45.701965,5.883716,0.75,6.75,11.5,157.5,null
"2018-11-09T23:26:52.000Z",45.701965,5.883716,0.75,4.5,12.5,157.5,null
"2018-11-09T23:30:52.000Z",45.701965,5.883716,0,3.5,8.75,157.5,null
"2018-11-09T23:34:56.000Z",45.701965,5.883716,0.25,4.75,10,135,null
"2018-11-09T23:38:56.000Z",45.701965,5.883716,0.75,4.75,11,157.5,null
"2018-11-09T23:42:56.000Z",45.701965,5.883716,0,2.75,8.25,112.5,null
"2018-11-09T23:47:00.000Z",45.701965,5.883716,0,2,8.25,112.5,null
"2018-11-09T23:51:00.000Z",45.701965,5.883716,0.25,3.75,8.25,112.5,null
"2018-11-09T23:55:00.000Z",45.701965,5.883716,0,2.75,7.75,112.5,null
"2018-11-09T23:59:04.000Z",45.701965,5.883716,0.75,3.75,7.25,112.5,null
"2018-11-10T00:03:04.000Z",45.701965,5.883716,0,2.75,7,112.5,null
"2018-11-10T00:07:04.000Z",45.701965,5.883716,0,3,7.75,135,null
"2018-11-10T00:11:09.000Z",45.701965,5.883716,1.75,4.5,9,112.5,null
"2018-11-10T00:15:09.000Z",45.701965,5.883716,2,5,8.75,90,null
"2018-11-10T00:19:09.000Z",45.701965,5.883716,0.25,3.75,6.25,90,null
"2018-11-10T00:23:12.000Z",45.701965,5.883716,0,2.75,7,112.5,null
"2018-11-10T00:27:12.000Z",45.701965,5.883716,1,3.75,7.25,112.5,null
"2018-11-10T00:31:12.000Z",45.701965,5.883716,1.75,4.75,9,135,null
"2018-11-10T00:35:16.000Z",45.701965,5.883716,1.5,4.5,8,112.5,null
"2018-11-10T00:39:16.000Z",45.701965,5.883716,2.5,5.25,8,135,null
"2018-11-10T00:43:16.000Z",45.701965,5.883716,2.75,5,9,157.5,null
"2018-11-10T00:47:20.000Z",45.701965,5.883716,1.75,5.25,11,135,null
"2018-11-10T00:51:20.000Z",45.701965,5.883716,0.75,4.75,7.75,157.5,null
"2018-11-10T00:55:20.000Z",45.701965,5.883716,0,3.5,9,135,null
"2018-11-10T00:59:25.000Z",45.701965,5.883716,1.5,5.25,8.75,112.5,null
"2018-11-10T01:03:25.000Z",45.701965,5.883716,1.5,5,8.75,112.5,null
"2018-11-10T01:07:25.000Z",45.701965,5.883716,1.5,4.5,8.25,112.5,null
"2018-11-10T01:11:28.000Z",45.701965,5.883716,0.75,4.5,8,112.5,null
"2018-11-10T01:15:28.000Z",45.701965,5.883716,0.75,3.75,7.75,112.5,null
"2018-11-10T01:19:28.000Z",45.701965,5.883716,0,3,9.75,90,null
"2018-11-10T01:23:33.000Z",45.701965,5.883716,0.25,3.25,6.5,90,null
"2018-11-10T01:27:33.000Z",45.701965,5.883716,0,1.25,3.75,90,null
"2018-11-10T01:31:33.000Z",45.701965,5.883716,0,1.5,4.25,90,null
"2018-11-10T01:35:37.000Z",45.701965,5.883716,1,3.25,5.25,112.5,null
"2018-11-10T01:39:37.000Z",45.701965,5.883716,0.25,2.5,5.25,112.5,null
"2018-11-10T01:43:37.000Z",45.701965,5.883716,1.5,4,8.25,90,null
"2018-11-10T01:47:40.000Z",45.701965,5.883716,1,7,11,90,null
"2018-11-10T01:51:40.000Z",45.701965,5.883716,1.5,5,9.75,112.5,null
"2018-11-10T01:55:40.000Z",45.701965,5.883716,2.5,5.5,9,135,null
"2018-11-10T01:59:45.000Z",45.701965,5.883716,0,5.5,14,135,null
"2018-11-10T02:03:45.000Z",45.701965,5.883716,0.75,6.5,17,157.5,null
"2018-11-10T02:07:45.000Z",45.701965,5.883716,1.5,6.5,14.5,112.5,null
"2018-11-10T02:11:49.000Z",45.701965,5.883716,0,4.5,9.75,135,null
"2018-11-10T02:15:49.000Z",45.701965,5.883716,2,7.25,13.5,112.5,null
"2018-11-10T02:19:49.000Z",45.701965,5.883716,2.5,9,13.5,135,null
"2018-11-10T02:23:53.000Z",45.701965,5.883716,2.75,8.25,16.5,112.5,null
"2018-11-10T02:27:53.000Z",45.701965,5.883716,0,6,15.5,112.5,null
"2018-11-10T02:31:53.000Z",45.701965,5.883716,0.25,5.25,8.75,135,null
"2018-11-10T02:35:57.000Z",45.701965,5.883716,2.5,5.75,8.75,135,null
"2018-11-10T02:39:57.000Z",45.701965,5.883716,0.25,4.75,9.75,112.5,null
"2018-11-10T02:43:57.000Z",45.701965,5.883716,1.5,4.25,11,135,null
"2018-11-10T02:48:01.000Z",45.701965,5.883716,0,2.75,9,90,null
"2018-11-10T02:52:01.000Z",45.701965,5.883716,1.75,4,6,157.5,null
"2018-11-10T02:56:01.000Z",45.701965,5.883716,1,3.75,8,135,null
"2018-11-10T03:00:05.000Z",45.701965,5.883716,0,4.25,12,90,null
"2018-11-10T03:04:05.000Z",45.701965,5.883716,0,2.75,6,112.5,null
"2018-11-10T03:08:05.000Z",45.701965,5.883716,0,1.5,5.25,112.5,null
"2018-11-10T03:12:09.000Z",45.701965,5.883716,0,2.5,7.25,90,null
"2018-11-10T03:16:09.000Z",45.701965,5.883716,0,1.25,5.5,67.5,null
"2018-11-10T03:20:09.000Z",45.701965,5.883716,0,0.25,1.5,67.5,null
"2018-11-10T03:24:13.000Z",45.701965,5.883716,0,0.25,1,67.5,null
"2018-11-10T03:28:13.000Z",45.701965,5.883716,0,0.5,2.5,67.5,null
"2018-11-10T03:32:13.000Z",45.701965,5.883716,0,0.5,3.5,67.5,null
"2018-11-10T03:36:18.000Z",45.701965,5.883716,0,1.5,6,67.5,null
"2018-11-10T03:40:18.000Z",45.701965,5.883716,0,2.5,6.5,67.5,null
"2018-11-10T03:44:18.000Z",45.701965,5.883716,0,3.25,6.5,67.5,null
"2018-11-10T03:48:21.000Z",45.701965,5.883716,0,3.5,8.75,67.5,null
"2018-11-10T03:52:21.000Z",45.701965,5.883716,0,2.75,6.5,90,null
"2018-11-10T03:56:21.000Z",45.701965,5.883716,2.75,4.25,6,90,null
"2018-11-10T04:00:26.000Z",45.701965,5.883716,4.5,6,8.25,112.5,null
"2018-11-10T04:04:26.000Z",45.701965,5.883716,2.75,4.75,7,112.5,null
"2018-11-10T04:08:26.000Z",45.701965,5.883716,1.5,4.25,6.25,90,null
"2018-11-10T04:12:29.000Z",45.701965,5.883716,3.25,5.75,7,90,null
"2018-11-10T04:16:29.000Z",45.701965,5.883716,1.75,3.75,5.25,90,null
"2018-11-10T04:20:29.000Z",45.701965,5.883716,1,3.25,5.5,90,null
"2018-11-10T04:24:33.000Z",45.701965,5.883716,1,3.5,6.5,90,null
"2018-11-10T04:28:33.000Z",45.701965,5.883716,0,2.25,4.75,90,null
"2018-11-10T04:32:33.000Z",45.701965,5.883716,0,2.5,5.5,90,null
"2018-11-10T04:36:37.000Z",45.701965,5.883716,1,3.5,6.25,90,null
"2018-11-10T04:40:37.000Z",45.701965,5.883716,0.25,2.25,5.25,90,null
"2018-11-10T04:44:37.000Z",45.701965,5.883716,0,3.5,7,90,null
"2018-11-10T04:48:42.000Z",45.701965,5.883716,2.5,4.75,6.5,90,null
"2018-11-10T04:52:42.000Z",45.701965,5.883716,1,3.75,7,112.5,null
"2018-11-10T04:56:42.000Z",45.701965,5.883716,1,4.5,8,112.5,null
"2018-11-10T05:00:45.000Z",45.701965,5.883716,1.5,4,6.5,135,null
"2018-11-10T05:04:45.000Z",45.701965,5.883716,1,4,7.25,112.5,null
"2018-11-10T05:08:45.000Z",45.701965,5.883716,0.25,3.25,8.25,90,null
"2018-11-10T05:12:50.000Z",45.701965,5.883716,1,3.5,6,112.5,null
"2018-11-10T05:16:50.000Z",45.701965,5.883716,0.75,4.25,10,112.5,null
"2018-11-10T05:20:50.000Z",45.701965,5.883716,1.75,4.5,8.75,90,null
"2018-11-10T05:24:53.000Z",45.701965,5.883716,1.5,5.5,11,90,null
"2018-11-10T05:28:53.000Z",45.701965,5.883716,2.5,6.25,10,90,null
"2018-11-10T05:32:53.000Z",45.701965,5.883716,1.5,6,9,90,null
"2018-11-10T05:36:57.000Z",45.701965,5.883716,3.75,6.75,11.5,90,null
"2018-11-10T05:40:57.000Z",45.701965,5.883716,2.75,5.75,10,112.5,null
"2018-11-10T05:44:57.000Z",45.701965,5.883716,0.75,4,7.75,112.5,null
"2018-11-10T05:49:02.000Z",45.701965,5.883716,2.5,5.25,7.25,112.5,null
"2018-11-10T05:53:02.000Z",45.701965,5.883716,3.25,5.25,7,112.5,null
"2018-11-10T05:57:02.000Z",45.701965,5.883716,1.75,4,6.25,112.5,null
"2018-11-10T06:01:06.000Z",45.701965,5.883716,0.25,2.75,5.25,112.5,null
"2018-11-10T06:05:06.000Z",45.701965,5.883716,1,2.5,4.5,112.5,null
"2018-11-10T06:09:06.000Z",45.701965,5.883716,0,2.5,4.75,135,null
"2018-11-10T06:13:10.000Z",45.701965,5.883716,1.5,3.75,6.25,157.5,null
"2018-11-10T06:17:10.000Z",45.701965,5.883716,1,3.5,6,157.5,null
"2018-11-10T06:21:10.000Z",45.701965,5.883716,0,1.25,4.25,157.5,null
"2018-11-10T06:25:14.000Z",45.701965,5.883716,0,1.75,4.25,135,null
"2018-11-10T06:29:14.000Z",45.701965,5.883716,0.25,2,4.25,135,null
"2018-11-10T06:33:14.000Z",45.701965,5.883716,0,1.5,4.75,135,null
"2018-11-10T06:37:18.000Z",45.701965,5.883716,1.5,3.5,5.5,90,null
"2018-11-10T06:41:18.000Z",45.701965,5.883716,0,2.25,4.25,90,null
"2018-11-10T06:45:18.000Z",45.701965,5.883716,1.75,4.25,6.25,112.5,null
"2018-11-10T06:49:22.000Z",45.701965,5.883716,1.75,3.25,5.5,90,null
"2018-11-10T06:53:22.000Z",45.701965,5.883716,2.5,4.5,7.75,112.5,null
"2018-11-10T06:57:22.000Z",45.701965,5.883716,0,3.25,7.25,135,null
"2018-11-10T07:01:26.000Z",45.701965,5.883716,0.75,3,6.25,112.5,null
"2018-11-10T07:05:26.000Z",45.701965,5.883716,1,4,7.75,135,null
"2018-11-10T07:09:26.000Z",45.701965,5.883716,0,2.75,5.5,112.5,null
"2018-11-10T07:13:30.000Z",45.701965,5.883716,0.75,3.25,6,112.5,null
"2018-11-10T07:17:30.000Z",45.701965,5.883716,0,3.25,7.25,112.5,null
"2018-11-10T07:21:30.000Z",45.701965,5.883716,0.25,3,7,90,null
"2018-11-10T07:25:34.000Z",45.701965,5.883716,0.25,3.5,6.5,112.5,null
"2018-11-10T07:29:34.000Z",45.701965,5.883716,0,2.75,6,90,null
"2018-11-10T07:33:34.000Z",45.701965,5.883716,1,3.25,8.75,90,null
"2018-11-10T07:37:39.000Z",45.701965,5.883716,0,3,9.5,135,null
"2018-11-10T07:41:39.000Z",45.701965,5.883716,0.25,3.5,7.25,135,null
"2018-11-10T07:45:39.000Z",45.701965,5.883716,0,3,8.75,157.5,null
"2018-11-10T07:49:42.000Z",45.701965,5.883716,0.25,6,11.5,157.5,null
"2018-11-10T07:53:42.000Z",45.701965,5.883716,1.5,6.75,12,157.5,null
"2018-11-10T07:57:42.000Z",45.701965,5.883716,1,4.25,9.5,157.5,null
"2018-11-10T08:01:46.000Z",45.701965,5.883716,0,3.75,7.75,90,null
"2018-11-10T08:05:46.000Z",45.701965,5.883716,0.25,3.25,8,112.5,null
"2018-11-10T08:09:46.000Z",45.701965,5.883716,0,1.5,5.5,90,null
"2018-11-10T08:13:50.000Z",45.701965,5.883716,0,2,6.25,112.5,null
"2018-11-10T08:17:50.000Z",45.701965,5.883716,0,2,7,112.5,null
"2018-11-10T08:21:50.000Z",45.701965,5.883716,0,1.5,5.25,90,null
"2018-11-10T08:25:55.000Z",45.701965,5.883716,0.25,3.5,6.5,90,null
"2018-11-10T08:29:55.000Z",45.701965,5.883716,0.25,2.25,5.5,90,null
"2018-11-10T08:33:55.000Z",45.701965,5.883716,0,2.25,5.25,157.5,null
"2018-11-10T08:37:59.000Z",45.701965,5.883716,0,3.25,7,157.5,null
"2018-11-10T08:41:59.000Z",45.701965,5.883716,0.25,3,6.5,135,null
"2018-11-10T08:45:59.000Z",45.701965,5.883716,0.25,4,6.25,135,null
"2018-11-10T08:50:02.000Z",45.701965,5.883716,0,3.5,6,157.5,null
"2018-11-10T08:54:02.000Z",45.701965,5.883716,1,3.75,6.5,157.5,null
"2018-11-10T08:58:02.000Z",45.701965,5.883716,0.25,3.25,5.25,157.5,null
"2018-11-10T09:02:07.000Z",45.701965,5.883716,0,2.5,5.25,157.5,null
"2018-11-10T09:06:07.000Z",45.701965,5.883716,0,2.5,5.25,135,null
"2018-11-10T09:10:07.000Z",45.701965,5.883716,0,2.25,4.5,135,null
"2018-11-10T09:14:10.000Z",45.701965,5.883716,0,4.5,9,180,null
"2018-11-10T09:18:10.000Z",45.701965,5.883716,0,1.75,4.5,180,null
"2018-11-10T09:22:10.000Z",45.701965,5.883716,0,1,2,180,null
"2018-11-10T09:26:14.000Z",45.701965,5.883716,0,1.75,4.5,180,null
"2018-11-10T09:30:14.000Z",45.701965,5.883716,0,0.5,2.5,180,null
"2018-11-10T09:34:14.000Z",45.701965,5.883716,0,0.25,1.75,180,null
"2018-11-10T09:38:18.000Z",45.701965,5.883716,0,0.5,2.75,180,null
"2018-11-10T09:42:18.000Z",45.701965,5.883716,0,1.5,4.5,180,null
"2018-11-10T09:46:18.000Z",45.701965,5.883716,0,1.5,3.5,180,null
"2018-11-10T09:50:23.000Z",45.701965,5.883716,2,3,4.25,180,null
"2018-11-10T09:54:23.000Z",45.701965,5.883716,0,1.5,4.5,180,null
"2018-11-10T09:58:23.000Z",45.701965,5.883716,0,0.5,1.75,180,null
"2018-11-10T10:02:27.000Z",45.701965,5.883716,0,0,0,180,null
"2018-11-10T10:06:27.000Z",45.701965,5.883716,0,0,0.25,180,null
"2018-11-10T10:10:27.000Z",45.701965,5.883716,0,1,3.5,180,null
"2018-11-10T10:14:31.000Z",45.701965,5.883716,1.5,3.5,6,157.5,null
"2018-11-10T10:18:31.000Z",45.701965,5.883716,0,2.5,4.75,135,null
"2018-11-10T10:22:31.000Z",45.701965,5.883716,0,1,3.5,135,null
"2018-11-10T10:26:35.000Z",45.701965,5.883716,0,0,0.75,135,null
"2018-11-10T10:30:35.000Z",45.701965,5.883716,0,1.25,6,180,null
"2018-11-10T10:34:35.000Z",45.701965,5.883716,1.75,4,6,180,null
"2018-11-10T10:38:39.000Z",45.701965,5.883716,0.75,3,5.25,202.5,null
"2018-11-10T10:42:39.000Z",45.701965,5.883716,1,4.5,7,225,null
"2018-11-10T10:46:39.000Z",45.701965,5.883716,0,2.25,4.5,225,null
"2018-11-10T10:50:44.000Z",45.701965,5.883716,0,0,0.25,225,null
"2018-11-10T10:54:44.000Z",45.701965,5.883716,0,1.5,2.75,225,null
"2018-11-10T10:58:44.000Z",45.701965,5.883716,0,1.25,2.75,225,null
"2018-11-10T11:02:47.000Z",45.701965,5.883716,0.75,1.75,3.25,225,null
"2018-11-10T11:06:47.000Z",45.701965,5.883716,1,3.25,5.5,225,null
"2018-11-10T11:10:47.000Z",45.701965,5.883716,1.75,3.5,4.5,225,null
"2018-11-10T11:14:51.000Z",45.701965,5.883716,0.75,2.75,4.5,225,null
"2018-11-10T11:18:51.000Z",45.701965,5.883716,1.75,3.25,4.75,225,null
"2018-11-10T11:22:51.000Z",45.701965,5.883716,2,3.75,5.25,225,null
"2018-11-10T11:26:55.000Z",45.701965,5.883716,0,0.75,3.5,225,null
"2018-11-10T11:30:55.000Z",45.701965,5.883716,0,0,0.75,225,null
"2018-11-10T11:34:55.000Z",45.701965,5.883716,0,0,0,225,null
"2018-11-10T11:38:59.000Z",45.701965,5.883716,0,0,0,225,null
"2018-11-10T11:42:59.000Z",45.701965,5.883716,0,0,0.25,225,null
"2018-11-10T11:46:59.000Z",45.701965,5.883716,0,0.25,1,225,null
"2018-11-10T11:51:03.000Z",45.701965,5.883716,0,0,0.75,225,null
"2018-11-10T11:55:03.000Z",45.701965,5.883716,0,0,0,225,null
"2018-11-10T11:59:03.000Z",45.701965,5.883716,0,0,0.75,225,null
"2018-11-10T12:03:08.000Z",45.701965,5.883716,0,1,3.25,225,null
"2018-11-10T12:07:08.000Z",45.701965,5.883716,0,0.75,6,225,null
"2018-11-10T12:11:08.000Z",45.701965,5.883716,1,3.75,6,202.5,null
"2018-11-10T12:15:11.000Z",45.701965,5.883716,1,2.5,3.5,202.5,null
"2018-11-10T12:19:11.000Z",45.701965,5.883716,0,2.25,4.25,202.5,null
"2018-11-10T12:23:11.000Z",45.701965,5.883716,1.75,4,5.5,202.5,null
"2018-11-10T12:27:16.000Z",45.701965,5.883716,0,1,3.75,202.5,null
"2018-11-10T12:31:16.000Z",45.701965,5.883716,0,1.75,4.25,202.5,null
"2018-11-10T12:35:16.000Z",45.701965,5.883716,0,0,1.5,202.5,null
"2018-11-10T12:39:20.000Z",45.701965,5.883716,0,0,0.25,202.5,null
"2018-11-10T12:43:20.000Z",45.701965,5.883716,0,0.5,2.5,202.5,null
"2018-11-10T12:47:20.000Z",45.701965,5.883716,0,0,0,157.5,null
"2018-11-10T12:51:23.000Z",45.701965,5.883716,0,0.25,1.5,157.5,null
"2018-11-10T12:55:23.000Z",45.701965,5.883716,0,0.5,3.5,157.5,null
"2018-11-10T12:59:23.000Z",45.701965,5.883716,1.5,3.75,7.25,157.5,null
"2018-11-10T13:03:27.000Z",45.701965,5.883716,0,3.25,6.5,180,null
"2018-11-10T13:07:27.000Z",45.701965,5.883716,3.5,6.75,9.75,202.5,null
"2018-11-10T13:11:27.000Z",45.701965,5.883716,0,4.5,9.5,202.5,null
"2018-11-10T13:15:32.000Z",45.701965,5.883716,0,0.25,1,202.5,null
"2018-11-10T13:19:32.000Z",45.701965,5.883716,0,4.25,10.5,202.5,null
"2018-11-10T13:23:32.000Z",45.701965,5.883716,3.75,8.75,13,180,null
"2018-11-10T13:27:35.000Z",45.701965,5.883716,0,4,10,157.5,null
"2018-11-10T13:31:35.000Z",45.701965,5.883716,0,3.75,7.25,157.5,null
"2018-11-10T13:35:35.000Z",45.701965,5.883716,0,4,8.75,157.5,null
"2018-11-10T13:39:40.000Z",45.701965,5.883716,0,9.25,21,225,null
"2018-11-10T13:43:40.000Z",45.701965,5.883716,0,7.75,20.5,202.5,null
"2018-11-10T13:47:40.000Z",45.701965,5.883716,0,6.75,13,247.5,null
"2018-11-10T13:51:44.000Z",45.701965,5.883716,6.25,9.75,12,247.5,null
"2018-11-10T13:55:44.000Z",45.701965,5.883716,1.75,4.5,7.75,270,null
"2018-11-10T13:59:44.000Z",45.701965,5.883716,0.75,2.75,5.25,247.5,null
"2018-11-10T14:03:48.000Z",45.701965,5.883716,0,1.75,4,202.5,null
"2018-11-10T14:07:48.000Z",45.701965,5.883716,0,0,1,202.5,null
"2018-11-10T14:11:48.000Z",45.701965,5.883716,0,2.5,5.5,202.5,null
"2018-11-10T14:15:52.000Z",45.701965,5.883716,3.75,5.5,7.75,247.5,null
"2018-11-10T14:19:52.000Z",45.701965,5.883716,2.5,3.75,6,225,null
"2018-11-10T14:23:52.000Z",45.701965,5.883716,1.75,2.75,3.75,225,null
"2018-11-10T14:27:56.000Z",45.701965,5.883716,0,0,1.75,225,null
"2018-11-10T14:31:56.000Z",45.701965,5.883716,0,0,0,225,null
"2018-11-10T14:35:56.000Z",45.701965,5.883716,0,0.25,2,225,null
"2018-11-10T14:40:00.000Z",45.701965,5.883716,0,0,0.75,225,null
"2018-11-10T14:44:00.000Z",45.701965,5.883716,0,0.75,2,247.5,null
"2018-11-10T14:48:00.000Z",45.701965,5.883716,0,1.5,3.75,225,null
"2018-11-10T14:52:04.000Z",45.701965,5.883716,0,0.25,1.5,202.5,null
"2018-11-10T14:56:04.000Z",45.701965,5.883716,0,0,0,202.5,null
"2018-11-10T15:00:04.000Z",45.701965,5.883716,0,0.25,1,202.5,null
"2018-11-10T15:04:08.000Z",45.701965,5.883716,0,0,0,202.5,null
"2018-11-10T15:08:08.000Z",45.701965,5.883716,0,0.5,4.5,247.5,null
"2018-11-10T15:12:08.000Z",45.701965,5.883716,0,1.25,4.25,247.5,null
"2018-11-10T15:16:12.000Z",45.701965,5.883716,0,0,0,247.5,null
"2018-11-10T15:20:12.000Z",45.701965,5.883716,0,0.25,1.5,247.5,null
"2018-11-10T15:24:12.000Z",45.701965,5.883716,0,0.5,1.75,180,null
"2018-11-10T15:28:16.000Z",45.701965,5.883716,0,1,2.75,180,null
"2018-11-10T15:32:16.000Z",45.701965,5.883716,0,0,0.75,180,null
"2018-11-10T15:36:16.000Z",45.701965,5.883716,0,0.25,0.75,202.5,null
"2018-11-10T15:40:20.000Z",45.701965,5.883716,0,0.25,1,202.5,null
"2018-11-10T15:44:20.000Z",45.701965,5.883716,0,0,0,202.5,null
"2018-11-10T15:48:20.000Z",45.701965,5.883716,0,0,0.75,202.5,null
"2018-11-10T15:52:25.000Z",45.701965,5.883716,0,0,0.75,202.5,null
"2018-11-10T15:56:25.000Z",45.701965,5.883716,0,0,0,202.5,null
"2018-11-10T16:00:25.000Z",45.701965,5.883716,0,1,2.5,202.5,null
"2018-11-10T16:04:28.000Z",45.701965,5.883716,0,0.5,2.25,202.5,null
"2018-11-10T16:08:28.000Z",45.701965,5.883716,0,0.25,1,202.5,null
"2018-11-10T16:12:28.000Z",45.701965,5.883716,0,1.75,5.25,202.5,null
"2018-11-10T16:16:33.000Z",45.701965,5.883716,2.5,4,5.5,180,null
"2018-11-10T16:20:33.000Z",45.701965,5.883716,1,2.25,3.75,180,null
"2018-11-10T16:24:33.000Z",45.701965,5.883716,3.25,7,10,202.5,null
"2018-11-10T16:28:36.000Z",45.701965,5.883716,1.5,4.5,8.75,202.5,null
"2018-11-10T16:32:36.000Z",45.701965,5.883716,3.5,8.75,11,202.5,null
"2018-11-10T16:36:36.000Z",45.701965,5.883716,0,4,10.5,180,null
"2018-11-10T16:40:41.000Z",45.701965,5.883716,0,4.25,8.75,202.5,null
"2018-11-10T16:44:41.000Z",45.701965,5.883716,1,7.25,11,202.5,null
"2018-11-10T16:48:41.000Z",45.701965,5.883716,2,8,10.5,180,null
"2018-11-10T16:52:44.000Z",45.701965,5.883716,0,3.25,9,180,null
"2018-11-10T16:56:44.000Z",45.701965,5.883716,0,2,3.75,157.5,null
"2018-11-10T17:00:44.000Z",45.701965,5.883716,0,1,3.25,157.5,null
"2018-11-10T17:04:49.000Z",45.701965,5.883716,0,1.5,5.5,135,null
"2018-11-10T17:08:49.000Z",45.701965,5.883716,2.5,5.25,8,90,null
"2018-11-10T17:12:49.000Z",45.701965,5.883716,0,0.25,3.25,90,null
"2018-11-10T17:16:53.000Z",45.701965,5.883716,0,2,7,180,null
"2018-11-10T17:20:53.000Z",45.701965,5.883716,0,1.5,4.25,180,null
"2018-11-10T17:24:53.000Z",45.701965,5.883716,0,0.75,2.75,180,null
"2018-11-10T17:28:57.000Z",45.701965,5.883716,0,2.25,5.25,180,null
"2018-11-10T17:32:57.000Z",45.701965,5.883716,0.25,5.75,11,202.5,null
"2018-11-10T17:36:57.000Z",45.701965,5.883716,2,6.75,11.5,180,null
"2018-11-10T17:41:01.000Z",45.701965,5.883716,4.5,9.75,14,202.5,null
"2018-11-10T17:45:01.000Z",45.701965,5.883716,1.75,5.25,9,180,null
"2018-11-10T17:49:01.000Z",45.701965,5.883716,1.5,4,7.75,180,null
"2018-11-10T17:53:05.000Z",45.701965,5.883716,0,1.5,8.5,157.5,null
"2018-11-10T17:57:05.000Z",45.701965,5.883716,0,0.5,2,157.5,null
"2018-11-10T18:01:05.000Z",45.701965,5.883716,0,0.5,3.5,157.5,null
"2018-11-10T18:05:08.000Z",45.701965,5.883716,0,0,1.75,157.5,null
"2018-11-10T18:09:08.000Z",45.701965,5.883716,0,0,0,157.5,null
"2018-11-10T18:13:08.000Z",45.701965,5.883716,0,1.25,3.75,157.5,null
"2018-11-10T18:17:13.000Z",45.701965,5.883716,0,0.25,2.25,157.5,null
"2018-11-10T18:21:13.000Z",45.701965,5.883716,0,0.25,1.5,157.5,null
"2018-11-10T18:25:13.000Z",45.701965,5.883716,0.25,2,3.75,157.5,null
"2018-11-10T18:29:16.000Z",45.701965,5.883716,0,1.25,3.5,157.5,null
"2018-11-10T18:33:16.000Z",45.701965,5.883716,0,0.25,1.75,157.5,null
"2018-11-10T18:37:16.000Z",45.701965,5.883716,0,1,3.25,157.5,null
"2018-11-10T18:41:20.000Z",45.701965,5.883716,0,0.75,2.75,157.5,null
"2018-11-10T18:45:20.000Z",45.701965,5.883716,0,0,0.25,157.5,null
"2018-11-10T18:49:20.000Z",45.701965,5.883716,0,0.5,2,157.5,null
"2018-11-10T18:53:25.000Z",45.701965,5.883716,0,1.25,3.25,157.5,null
"2018-11-10T18:57:25.000Z",45.701965,5.883716,0,0,0,157.5,null
"2018-11-10T19:01:25.000Z",45.701965,5.883716,0,0.5,1.75,157.5,null
"2018-11-10T19:05:29.000Z",45.701965,5.883716,0,0.75,1.75,157.5,null
"2018-11-10T19:09:29.000Z",45.701965,5.883716,0,0,0.75,157.5,null
"2018-11-10T19:13:29.000Z",45.701965,5.883716,0,0,0,157.5,null
"2018-11-10T19:17:33.000Z",45.701965,5.883716,0,0,0,157.5,null
"2018-11-10T19:21:33.000Z",45.701965,5.883716,0,0.5,3.25,157.5,null
"2018-11-10T19:25:33.000Z",45.701965,5.883716,2.5,4.75,7,90,null
"2018-11-10T19:29:37.000Z",45.701965,5.883716,4.5,7.5,9.75,67.5,null
"2018-11-10T19:33:37.000Z",45.701965,5.883716,0,3.5,7,67.5,null
"2018-11-10T19:37:37.000Z",45.701965,5.883716,2.75,5.25,8.25,45,null
"2018-11-10T19:41:41.000Z",45.701965,5.883716,1.5,7.75,14.5,337.5,null
"2018-11-10T19:45:41.000Z",45.701965,5.883716,0,4.75,12.5,337.5,null
"2018-11-10T19:49:41.000Z",45.701965,5.883716,0,2,8,67.5,null
"2018-11-10T19:53:55.000Z",45.701965,5.883716,0,4,9.75,22.5,null
"2018-11-10T19:57:55.000Z",45.701965,5.883716,0,4,7.25,112.5,null
"2018-11-10T20:01:55.000Z",45.701965,5.883716,0,2.5,6.25,157.5,null
"2018-11-10T20:05:59.000Z",45.701965,5.883716,0,0.75,2.75,157.5,null
"2018-11-10T20:09:59.000Z",45.701965,5.883716,0,1.75,3.75,157.5,null
"2018-11-10T20:13:59.000Z",45.701965,5.883716,0,0.25,1,157.5,null
"2018-11-10T20:18:03.000Z",45.701965,5.883716,0,0.25,1,157.5,null
"2018-11-10T20:22:03.000Z",45.701965,5.883716,0,0,0,135,null
"2018-11-10T20:26:03.000Z",45.701965,5.883716,0,3,4.75,135,null
"2018-11-10T20:30:08.000Z",45.701965,5.883716,0.25,2.75,5.5,112.5,null
"2018-11-10T20:34:08.000Z",45.701965,5.883716,0,2,4.25,112.5,null
"2018-11-10T20:38:08.000Z",45.701965,5.883716,0,1.5,4.75,112.5,null
"2018-11-10T20:42:12.000Z",45.701965,5.883716,0.25,2.75,4.5,112.5,null
"2018-11-10T20:46:12.000Z",45.701965,5.883716,0.75,3.5,6.5,90,null
"2018-11-10T20:50:12.000Z",45.701965,5.883716,2.75,5.75,8.25,90,null
"2018-11-10T20:54:15.000Z",45.701965,5.883716,1,4,6.5,90,null
"2018-11-10T20:58:15.000Z",45.701965,5.883716,2.75,4.75,8.25,90,null
"2018-11-10T21:02:15.000Z",45.701965,5.883716,3.25,5.75,8.75,90,null
"2018-11-10T21:06:19.000Z",45.701965,5.883716,2,4.25,7,67.5,null
"2018-11-10T21:10:19.000Z",45.701965,5.883716,1.75,4.25,7,112.5,null
"2018-11-10T21:14:19.000Z",45.701965,5.883716,1.5,4.5,8.25,135,null
"2018-11-10T21:18:24.000Z",45.701965,5.883716,0,3,6.25,112.5,null
"2018-11-10T21:22:24.000Z",45.701965,5.883716,0,0.75,4.5,112.5,null
"2018-11-10T21:26:24.000Z",45.701965,5.883716,0,1.25,3.5,112.5,null
"2018-11-10T21:30:28.000Z",45.701965,5.883716,1.5,3,4.5,112.5,null
"2018-11-10T21:34:28.000Z",45.701965,5.883716,1,3.25,5.25,135,null
"2018-11-10T21:38:28.000Z",45.701965,5.883716,0,1.5,4.25,135,null
"2018-11-10T21:42:31.000Z",45.701965,5.883716,3.25,4.5,6.25,90,null
"2018-11-10T21:46:31.000Z",45.701965,5.883716,2,4,6,90,null
"2018-11-10T21:50:31.000Z",45.701965,5.883716,0,0.5,3.25,90,null
"2018-11-10T21:54:36.000Z",45.701965,5.883716,0,0,0,90,null
"2018-11-10T21:58:36.000Z",45.701965,5.883716,0,0.25,1.5,90,null
"2018-11-10T22:02:36.000Z",45.701965,5.883716,0,0.75,1.75,90,null
"2018-11-10T22:06:40.000Z",45.701965,5.883716,0,1.5,3.75,90,null
"2018-11-10T22:10:40.000Z",45.701965,5.883716,0.75,2,6.5,90,null
"2018-11-10T22:14:40.000Z",45.701965,5.883716,0.25,2.75,7.75,112.5,null
"2018-11-10T22:18:44.000Z",45.701965,5.883716,1.75,4.25,6.25,112.5,null
"2018-11-10T22:22:44.000Z",45.701965,5.883716,1.75,4,6.25,90,null
"2018-11-10T22:26:44.000Z",45.701965,5.883716,0,2,3.75,90,null
"2018-11-10T22:30:48.000Z",45.701965,5.883716,0,1.5,3.5,90,null
"2018-11-10T22:34:48.000Z",45.701965,5.883716,0.75,2.5,4.5,90,null
"2018-11-10T22:38:48.000Z",45.701965,5.883716,0,1.75,4.5,112.5,null
"2018-11-10T22:42:52.000Z",45.701965,5.883716,0,1,2.75,90,null
"2018-11-10T22:46:52.000Z",45.701965,5.883716,0,1.5,2.75,90,null
"2018-11-10T22:50:52.000Z",45.701965,5.883716,0,1.25,4.5,90,null
"2018-11-10T22:54:56.000Z",45.701965,5.883716,0,1.5,4.5,90,null
"2018-11-10T22:58:56.000Z",45.701965,5.883716,0,0.25,1,90,null
"2018-11-10T23:02:56.000Z",45.701965,5.883716,0,0,0,90,null
"2018-11-10T23:07:00.000Z",45.701965,5.883716,0,0,1,90,null
"2018-11-10T23:11:00.000Z",45.701965,5.883716,0,0.75,2.5,90,null
"2018-11-10T23:15:00.000Z",45.701965,5.883716,1.75,3.25,6.5,67.5,null
"2018-11-10T23:19:04.000Z",45.701965,5.883716,0.25,3,5.25,45,null
"2018-11-10T23:23:04.000Z",45.701965,5.883716,0,2,4.5,45,null
"2018-11-10T23:27:04.000Z",45.701965,5.883716,0,2,4.25,22.5,null
"2018-11-10T23:31:08.000Z",45.701965,5.883716,1.5,4,6,157.5,null
"2018-11-10T23:35:08.000Z",45.701965,5.883716,0.75,3.5,5.5,157.5,null
"2018-11-10T23:39:08.000Z",45.701965,5.883716,1.5,3.25,5.25,157.5,null
"2018-11-10T23:43:13.000Z",45.701965,5.883716,0.75,2,3.5,157.5,null
"2018-11-10T23:47:13.000Z",45.701965,5.883716,0.25,2.25,4.5,157.5,null
"2018-11-10T23:51:13.000Z",45.701965,5.883716,1,3,4.75,135,null
"2018-11-10T23:55:16.000Z",45.701965,5.883716,0,1.5,4.5,135,null
"2018-11-10T23:59:16.000Z",45.701965,5.883716,0.25,3,5.25,135,null
"2018-11-11T00:03:16.000Z",45.701965,5.883716,0.75,3,5.5,135,null
"2018-11-11T00:07:21.000Z",45.701965,5.883716,1.5,3.25,4.75,135,null
"2018-11-11T00:11:21.000Z",45.701965,5.883716,2,3.75,6.25,112.5,null
"2018-11-11T00:15:21.000Z",45.701965,5.883716,1,2.25,4.25,112.5,null
"2018-11-11T00:19:24.000Z",45.701965,5.883716,0.25,2,5.25,112.5,null
"2018-11-11T00:23:24.000Z",45.701965,5.883716,0,1.75,5.25,112.5,null
"2018-11-11T00:27:24.000Z",45.701965,5.883716,0.75,2.5,7,112.5,null
"2018-11-11T00:31:29.000Z",45.701965,5.883716,0,2.75,6.5,67.5,null
"2018-11-11T00:35:29.000Z",45.701965,5.883716,0,2.25,5.25,67.5,null
"2018-11-11T00:39:29.000Z",45.701965,5.883716,0,2,3.75,90,null
"2018-11-11T00:43:33.000Z",45.701965,5.883716,0,2.5,7,157.5,null
"2018-11-11T00:47:33.000Z",45.701965,5.883716,0.75,2.75,4.75,180,null
"2018-11-11T00:51:33.000Z",45.701965,5.883716,0.25,1.75,3.75,180,null
"2018-11-11T00:55:36.000Z",45.701965,5.883716,0,0.5,3.75,157.5,null
"2018-11-11T00:59:36.000Z",45.701965,5.883716,0,0,0.25,157.5,null
"2018-11-11T01:03:36.000Z",45.701965,5.883716,0,1,3.75,135,null
"2018-11-11T01:07:40.000Z",45.701965,5.883716,0,2.25,7,90,null
"2018-11-11T01:11:40.000Z",45.701965,5.883716,0,0.25,1.5,90,null
"2018-11-11T01:15:40.000Z",45.701965,5.883716,0,1.25,4.25,67.5,null
"2018-11-11T01:19:44.000Z",45.701965,5.883716,0,1.5,4.5,67.5,null
"2018-11-11T01:23:44.000Z",45.701965,5.883716,0.25,2,4.75,67.5,null
"2018-11-11T01:27:44.000Z",45.701965,5.883716,0,1,3.5,67.5,null
"2018-11-11T01:31:48.000Z",45.701965,5.883716,0,1.75,5.25,180,null
"2018-11-11T01:35:48.000Z",45.701965,5.883716,0.75,3.25,5.5,180,null
"2018-11-11T01:39:48.000Z",45.701965,5.883716,0,3,6.5,247.5,null
"2018-11-11T01:43:52.000Z",45.701965,5.883716,0,0,0,247.5,null
"2018-11-11T01:47:52.000Z",45.701965,5.883716,0,0.5,2.75,225,null
"2018-11-11T01:51:52.000Z",45.701965,5.883716,0,0,0.75,180,null
"2018-11-11T01:55:56.000Z",45.701965,5.883716,0,0,2,180,null
"2018-11-11T01:59:56.000Z",45.701965,5.883716,0,0.25,2.5,180,null
"2018-11-11T02:03:56.000Z",45.701965,5.883716,0,0.5,1.75,180,null
"2018-11-11T02:08:01.000Z",45.701965,5.883716,0,0,0.75,180,null
"2018-11-11T02:12:01.000Z",45.701965,5.883716,0,0.5,2,180,null
"2018-11-11T02:16:01.000Z",45.701965,5.883716,1.5,2.5,4.25,180,null
"2018-11-11T02:20:05.000Z",45.701965,5.883716,1.5,4.5,9,45,null
"2018-11-11T02:24:05.000Z",45.701965,5.883716,5.25,8,10,0,null
"2018-11-11T02:28:05.000Z",45.701965,5.883716,5.25,8,9.75,22.5,null
"2018-11-11T02:32:08.000Z",45.701965,5.883716,0,2.25,8,22.5,null
"2018-11-11T02:36:08.000Z",45.701965,5.883716,2.5,4.5,7.25,22.5,null
"2018-11-11T02:40:08.000Z",45.701965,5.883716,0,2.5,6.25,22.5,null
"2018-11-11T02:44:13.000Z",45.701965,5.883716,0,4,6.5,112.5,null
"2018-11-11T02:48:13.000Z",45.701965,5.883716,3.5,6.5,10,67.5,null
"2018-11-11T02:52:13.000Z",45.701965,5.883716,0,5,8.75,45,null
"2018-11-11T02:56:17.000Z",45.701965,5.883716,0,5,8,157.5,null
"2018-11-11T03:00:17.000Z",45.701965,5.883716,0,3.75,8.25,45,null
"2018-11-11T03:04:17.000Z",45.701965,5.883716,5.25,8,10,0,null
"2018-11-11T03:08:21.000Z",45.701965,5.883716,0,3,8,22.5,null
"2018-11-11T03:12:21.000Z",45.701965,5.883716,0,1,2.75,22.5,null
"2018-11-11T03:16:21.000Z",45.701965,5.883716,0,4,8.25,157.5,null
"2018-11-11T03:20:25.000Z",45.701965,5.883716,2.5,6.25,9.5,90,null
"2018-11-11T03:24:25.000Z",45.701965,5.883716,3.5,7.25,11,157.5,null
"2018-11-11T03:28:25.000Z",45.701965,5.883716,0.75,5.75,9.5,90,null
"2018-11-11T03:32:29.000Z",45.701965,5.883716,1.75,5,8,180,null
"2018-11-11T03:36:29.000Z",45.701965,5.883716,1,3,7.25,112.5,null
"2018-11-11T03:40:29.000Z",45.701965,5.883716,0,2.75,5.25,67.5,null
"2018-11-11T03:44:33.000Z",45.701965,5.883716,0,0,0.75,67.5,null
"2018-11-11T03:48:33.000Z",45.701965,5.883716,0,0,0.25,67.5,null
"2018-11-11T03:52:33.000Z",45.701965,5.883716,0,0.75,2.75,45,null
"2018-11-11T03:56:37.000Z",45.701965,5.883716,0.25,2.25,7,45,null
"2018-11-11T04:00:37.000Z",45.701965,5.883716,7,8.25,9.75,0,null
"2018-11-11T04:04:37.000Z",45.701965,5.883716,3.75,6.5,9,22.5,null
"2018-11-11T04:08:41.000Z",45.701965,5.883716,1.5,4,7.25,45,null
"2018-11-11T04:12:41.000Z",45.701965,5.883716,1.75,4.5,8.25,45,null
"2018-11-11T04:16:41.000Z",45.701965,5.883716,3.25,5.5,7.75,45,null
"2018-11-11T04:20:46.000Z",45.701965,5.883716,2.75,6,8.75,67.5,null
"2018-11-11T04:24:46.000Z",45.701965,5.883716,0,3,6,67.5,null
"2018-11-11T04:28:46.000Z",45.701965,5.883716,0.75,2,4.25,67.5,null
"2018-11-11T04:32:49.000Z",45.701965,5.883716,0.75,4,6.25,67.5,null
"2018-11-11T04:36:49.000Z",45.701965,5.883716,0,2.25,4.75,67.5,null
"2018-11-11T04:40:49.000Z",45.701965,5.883716,0,0,0,67.5,null
"2018-11-11T04:44:54.000Z",45.701965,5.883716,0,2.25,6.25,112.5,null
"2018-11-11T04:48:54.000Z",45.701965,5.883716,0.75,2.5,4.5,112.5,null
"2018-11-11T04:52:54.000Z",45.701965,5.883716,0,0.75,3.25,112.5,null
"2018-11-11T04:56:58.000Z",45.701965,5.883716,0,0,0.25,112.5,null
"2018-11-11T05:00:58.000Z",45.701965,5.883716,0,0.5,2.5,180,null
"2018-11-11T05:04:58.000Z",45.701965,5.883716,0,0,0.75,202.5,null
"2018-11-11T05:09:01.000Z",45.701965,5.883716,0.25,2.75,5.5,247.5,null
"2018-11-11T05:13:01.000Z",45.701965,5.883716,0,1.25,4.25,247.5,null
"2018-11-11T05:17:01.000Z",45.701965,5.883716,0.25,1.5,3.75,180,null
"2018-11-11T05:21:06.000Z",45.701965,5.883716,0,0.5,2,135,null
"2018-11-11T05:25:06.000Z",45.701965,5.883716,0.25,1.5,2.75,135,null
"2018-11-11T05:29:06.000Z",45.701965,5.883716,0.75,2.5,4.5,135,null
"2018-11-11T05:33:10.000Z",45.701965,5.883716,0,2.5,5.25,135,null
"2018-11-11T05:37:10.000Z",45.701965,5.883716,1,3.5,5.5,112.5,null
"2018-11-11T05:41:10.000Z",45.701965,5.883716,2,5,8,90,null
"2018-11-11T05:45:13.000Z",45.701965,5.883716,0.25,2.25,4.75,112.5,null
"2018-11-11T05:49:13.000Z",45.701965,5.883716,0,1.75,3.75,112.5,null
"2018-11-11T05:53:13.000Z",45.701965,5.883716,0,1.25,6.5,270,null
"2018-11-11T05:57:18.000Z",45.701965,5.883716,0,4.25,11,315,null
"2018-11-11T06:01:18.000Z",45.701965,5.883716,0,3.75,9,0,null
"2018-11-11T06:05:18.000Z",45.701965,5.883716,0,0.75,2.75,0,null
"2018-11-11T06:09:22.000Z",45.701965,5.883716,0,4.25,10.5,337.5,null
"2018-11-11T06:13:22.000Z",45.701965,5.883716,0,1.5,4.75,337.5,null
"2018-11-11T06:17:22.000Z",45.701965,5.883716,0,1.5,4.75,270,null
"2018-11-11T06:21:26.000Z",45.701965,5.883716,0.25,2.5,4.25,247.5,null
"2018-11-11T06:25:26.000Z",45.701965,5.883716,0,0.25,1.5,247.5,null
"2018-11-11T06:29:26.000Z",45.701965,5.883716,1,6,8.25,225,null
"2018-11-11T06:33:29.000Z",45.701965,5.883716,2.75,5.5,8,202.5,null
"2018-11-11T06:37:29.000Z",45.701965,5.883716,0,2.75,6.25,225,null
"2018-11-11T06:41:29.000Z",45.701965,5.883716,0,1,7.75,337.5,null
"2018-11-11T06:45:33.000Z",45.701965,5.883716,0,0,0,337.5,null
"2018-11-11T06:49:33.000Z",45.701965,5.883716,0,0,0.25,337.5,null
"2018-11-11T06:53:33.000Z",45.701965,5.883716,0,0.25,2.75,337.5,null
"2018-11-11T06:57:38.000Z",45.701965,5.883716,0,0,0,337.5,null
"2018-11-11T07:01:38.000Z",45.701965,5.883716,0,0,0,337.5,null
"2018-11-11T07:05:38.000Z",45.701965,5.883716,0,3.25,8,22.5,null
"2018-11-11T07:09:43.000Z",45.701965,5.883716,2.75,4.5,7.75,45,null
"2018-11-11T07:13:43.000Z",45.701965,5.883716,0.25,3,6,45,null
"2018-11-11T07:17:43.000Z",45.701965,5.883716,0,2.75,4.75,45,null
"2018-11-11T07:21:46.000Z",45.701965,5.883716,1,3,4.75,45,null
"2018-11-11T07:25:46.000Z",45.701965,5.883716,0,1.25,3.5,45,null
"2018-11-11T07:29:46.000Z",45.701965,5.883716,0,0.75,3.75,45,null
"2018-11-11T07:33:50.000Z",45.701965,5.883716,0,1.75,4.5,22.5,null
"2018-11-11T07:37:50.000Z",45.701965,5.883716,0,0,0,292.5,null
"2018-11-11T07:41:50.000Z",45.701965,5.883716,0,0,1,292.5,null
"2018-11-11T07:45:54.000Z",45.701965,5.883716,0,0,1,292.5,null
"2018-11-11T07:49:54.000Z",45.701965,5.883716,0,0,0,292.5,null
"2018-11-11T07:53:54.000Z",45.701965,5.883716,0,0,0,292.5,null
"2018-11-11T07:57:58.000Z",45.701965,5.883716,0,0.25,1,292.5,null
"2018-11-11T08:01:58.000Z",45.701965,5.883716,0,0.25,1,292.5,null
"2018-11-11T08:05:58.000Z",45.701965,5.883716,0,4.25,7.75,202.5,null
"2018-11-11T08:10:02.000Z",45.701965,5.883716,3.25,6.25,9.5,180,null
"2018-11-11T08:14:02.000Z",45.701965,5.883716,2.75,5,8,180,null
"2018-11-11T08:18:02.000Z",45.701965,5.883716,0.75,5.25,7.75,180,null
"2018-11-11T08:22:06.000Z",45.701965,5.883716,2.5,4,5.5,157.5,null
"2018-11-11T08:26:06.000Z",45.701965,5.883716,1,3.75,7.25,180,null
"2018-11-11T08:30:06.000Z",45.701965,5.883716,1,2.5,4.25,180,null
"2018-11-11T08:34:11.000Z",45.701965,5.883716,0,2.25,4.25,180,null
"2018-11-11T08:38:11.000Z",45.701965,5.883716,0,2.25,5.5,180,null
"2018-11-11T08:42:11.000Z",45.701965,5.883716,0.75,4,6,180,null
"2018-11-11T08:46:15.000Z",45.701965,5.883716,1.75,4,5.5,180,null
"2018-11-11T08:50:15.000Z",45.701965,5.883716,0,3,5.25,180,null
"2018-11-11T08:54:15.000Z",45.701965,5.883716,1.5,4,5.25,180,null
"2018-11-11T08:58:18.000Z",45.701965,5.883716,0.25,3,4.75,180,null
"2018-11-11T09:02:18.000Z",45.701965,5.883716,0,2.25,4.5,180,null
"2018-11-11T09:06:18.000Z",45.701965,5.883716,0,2,4.25,157.5,null
"2018-11-11T09:10:22.000Z",45.701965,5.883716,2.75,4,5.25,180,null
"2018-11-11T09:14:22.000Z",45.701965,5.883716,1.75,3.75,4.75,180,null
"2018-11-11T09:18:22.000Z",45.701965,5.883716,1.75,3.5,4.5,180,null
"2018-11-11T09:22:26.000Z",45.701965,5.883716,2.75,4,4.75,180,null
"2018-11-11T09:26:26.000Z",45.701965,5.883716,3.25,4,5.25,180,null
"2018-11-11T09:30:26.000Z",45.701965,5.883716,1,4.25,5.25,180,null
"2018-11-11T09:34:31.000Z",45.701965,5.883716,3.25,3.75,4.75,180,null
"2018-11-11T09:38:31.000Z",45.701965,5.883716,1.5,2.75,3.75,180,null
"2018-11-11T09:42:31.000Z",45.701965,5.883716,0.25,1.5,3.5,180,null
"2018-11-11T09:46:35.000Z",45.701965,5.883716,0.5,1.5,2.75,180,null
"2018-11-11T09:50:35.000Z",45.701965,5.883716,0.75,1.5,3.25,180,null
"2018-11-11T09:54:35.000Z",45.701965,5.883716,0,0,1,180,null
"2018-11-11T09:58:39.000Z",45.701965,5.883716,0,0,0.75,202.5,null
"2018-11-11T10:02:39.000Z",45.701965,5.883716,0,0,0.75,202.5,null
"2018-11-11T10:06:39.000Z",45.701965,5.883716,0,0.25,1,202.5,null
"2018-11-11T10:10:42.000Z",45.701965,5.883716,0.25,1.25,2,202.5,null
"2018-11-11T10:14:42.000Z",45.701965,5.883716,0.25,2.25,6,202.5,null
"2018-11-11T10:18:42.000Z",45.701965,5.883716,2.5,5,7.25,337.5,null
"2018-11-11T10:22:47.000Z",45.701965,5.883716,5.25,7,8.25,337.5,null
"2018-11-11T10:26:47.000Z",45.701965,5.883716,6,7.25,8.25,337.5,null
"2018-11-11T10:30:47.000Z",45.701965,5.883716,4.25,6,7,337.5,null
"2018-11-11T10:34:51.000Z",45.701965,5.883716,5.25,6.75,7.75,337.5,null
"2018-11-11T10:38:51.000Z",45.701965,5.883716,4.25,5.25,6.5,337.5,null
"2018-11-11T10:42:51.000Z",45.701965,5.883716,3.75,4.75,5.5,337.5,null
"2018-11-11T10:46:55.000Z",45.701965,5.883716,4.75,5.5,6.25,337.5,null
"2018-11-11T10:50:55.000Z",45.701965,5.883716,4.5,5.75,7,337.5,null
"2018-11-11T10:54:55.000Z",45.701965,5.883716,3.5,4.25,5.25,337.5,null
"2018-11-11T10:58:59.000Z",45.701965,5.883716,4.5,5.25,6.5,337.5,null
"2018-11-11T11:02:59.000Z",45.701965,5.883716,4.75,5.5,6.25,337.5,null
"2018-11-11T11:06:59.000Z",45.701965,5.883716,3.5,4.75,6.25,0,null
"2018-11-11T11:11:03.000Z",45.701965,5.883716,2.75,3.75,4.75,0,null
"2018-11-11T11:15:03.000Z",45.701965,5.883716,0.25,1.5,3.5,0,null
"2018-11-11T11:19:03.000Z",45.701965,5.883716,1,1.75,2,0,null
"2018-11-11T11:23:07.000Z",45.701965,5.883716,1,2.25,3.25,0,null
"2018-11-11T11:27:07.000Z",45.701965,5.883716,2,4.75,7.25,315,null
"2018-11-11T11:31:07.000Z",45.701965,5.883716,5.25,6,6.5,315,null
"2018-11-11T11:35:12.000Z",45.701965,5.883716,3.75,5,6.25,315,null
"2018-11-11T11:39:12.000Z",45.701965,5.883716,3.5,5,6.25,292.5,null
"2018-11-11T11:43:12.000Z",45.701965,5.883716,1.5,3,5.25,292.5,null
"2018-11-11T11:47:15.000Z",45.701965,5.883716,1.75,3.25,5.25,315,null
"2018-11-11T11:51:15.000Z",45.701965,5.883716,3.75,5.25,7,315,null
"2018-11-11T11:55:15.000Z",45.701965,5.883716,5.5,6.5,7.25,315,null
"2018-11-11T11:59:19.000Z",45.701965,5.883716,5.25,6,6.5,315,null
"2018-11-11T12:03:19.000Z",45.701965,5.883716,2.5,4.25,6,315,null
"2018-11-11T12:07:19.000Z",45.701965,5.883716,1,3.75,5.5,315,null
"2018-11-11T12:11:23.000Z",45.701965,5.883716,3.5,4.25,5.5,315,null
"2018-11-11T12:15:23.000Z",45.701965,5.883716,1.75,2.5,3.25,315,null
"2018-11-11T12:19:23.000Z",45.701965,5.883716,0.75,1.5,2.5,315,null
"2018-11-11T12:23:28.000Z",45.701965,5.883716,0,1,2.5,315,null
"2018-11-11T12:27:28.000Z",45.701965,5.883716,0,1.25,3.25,315,null
"2018-11-11T12:31:28.000Z",45.701965,5.883716,0,0,0.25,315,null
"2018-11-11T12:35:31.000Z",45.701965,5.883716,0,1,1.75,315,null
"2018-11-11T12:39:31.000Z",45.701965,5.883716,1,3.5,4.5,315,null
"2018-11-11T12:43:31.000Z",45.701965,5.883716,0,0,1,315,null
"2018-11-11T12:47:36.000Z",45.701965,5.883716,0,0,0.25,315,null
"2018-11-11T12:51:36.000Z",45.701965,5.883716,0,1,2,315,null
"2018-11-11T12:55:36.000Z",45.701965,5.883716,0,0.75,2,315,null
"2018-11-11T12:59:39.000Z",45.701965,5.883716,0,0,0,315,null
"2018-11-11T13:03:39.000Z",45.701965,5.883716,0,2,2.75,315,null
"2018-11-11T13:07:39.000Z",45.701965,5.883716,0,0.75,2,315,null
"2018-11-11T13:11:43.000Z",45.701965,5.883716,0,0,0,315,null
"2018-11-11T13:15:43.000Z",45.701965,5.883716,0,0,0.75,315,null
"2018-11-11T13:19:43.000Z",45.701965,5.883716,1,1.75,2.5,315,null
"2018-11-11T13:23:48.000Z",45.701965,5.883716,1,2.5,4.25,315,null
"2018-11-11T13:27:48.000Z",45.701965,5.883716,0,2.25,4.25,315,null
"2018-11-11T13:31:48.000Z",45.701965,5.883716,0,1.75,2.75,315,null
"2018-11-11T13:35:52.000Z",45.701965,5.883716,0.25,1.75,2,315,null
"2018-11-11T13:39:52.000Z",45.701965,5.883716,0,1,2.5,315,null
"2018-11-11T13:43:52.000Z",45.701965,5.883716,0,0.75,2,315,null
"2018-11-11T13:47:55.000Z",45.701965,5.883716,0.75,2.5,5.25,315,null
"2018-11-11T13:51:55.000Z",45.701965,5.883716,5.25,7,8.25,337.5,null
"2018-11-11T13:55:55.000Z",45.701965,5.883716,7.25,7.75,8.25,337.5,null
"2018-11-11T13:59:59.000Z",45.701965,5.883716,6,7,8,337.5,null
"2018-11-11T14:03:59.000Z",45.701965,5.883716,4.25,5.25,6.25,337.5,null
"2018-11-11T14:07:59.000Z",45.701965,5.883716,5.5,7,8.25,337.5,null
"2018-11-11T14:12:03.000Z",45.701965,5.883716,4.25,5.5,7.25,337.5,null
"2018-11-11T14:16:03.000Z",45.701965,5.883716,0,1.75,4.5,337.5,null
"2018-11-11T14:20:03.000Z",45.701965,5.883716,0,0.25,0.75,337.5,null
"2018-11-11T14:24:08.000Z",45.701965,5.883716,0.75,4,4.75,337.5,null
"2018-11-11T14:28:08.000Z",45.701965,5.883716,4.5,6,6.5,337.5,null
"2018-11-11T14:32:08.000Z",45.701965,5.883716,0,3.75,6.25,337.5,null
"2018-11-11T14:36:12.000Z",45.701965,5.883716,0,0,0.25,337.5,null
"2018-11-11T14:40:12.000Z",45.701965,5.883716,0,0.5,2,337.5,null
"2018-11-11T14:44:12.000Z",45.701965,5.883716,0.25,2.75,4.5,337.5,null
"2018-11-11T14:48:16.000Z",45.701965,5.883716,0,0.5,3.5,337.5,null
"2018-11-11T14:52:16.000Z",45.701965,5.883716,0,0,0,337.5,null
"2018-11-11T14:56:16.000Z",45.701965,5.883716,0,0,0,337.5,null
"2018-11-11T15:00:20.000Z",45.701965,5.883716,0,0.75,2.75,337.5,null
"2018-11-11T15:04:20.000Z",45.701965,5.883716,0,1,3.75,337.5,null
"2018-11-11T15:08:20.000Z",45.701965,5.883716,0,0.5,3.75,337.5,null
"2018-11-11T15:12:24.000Z",45.701965,5.883716,0,0,0.25,337.5,null
"2018-11-11T15:16:24.000Z",45.701965,5.883716,0,0,0,337.5,null
"2018-11-11T15:20:24.000Z",45.701965,5.883716,0,0,0,337.5,null
"2018-11-11T15:24:28.000Z",45.701965,5.883716,0,0,0,337.5,null
"2018-11-11T15:28:28.000Z",45.701965,5.883716,0,0,0,337.5,null
"2018-11-11T15:32:28.000Z",45.701965,5.883716,0,0,0,337.5,null
"2018-11-11T15:36:32.000Z",45.701965,5.883716,0,0,0,337.5,null
"2018-11-11T15:40:32.000Z",45.701965,5.883716,0,0,0,337.5,null
"2018-11-11T15:44:32.000Z",45.701965,5.883716,0,0,0,337.5,null
"2018-11-11T15:48:36.000Z",45.701965,5.883716,0,0,0,337.5,null
"2018-11-11T15:52:36.000Z",45.701965,5.883716,0,0,0,337.5,null
"2018-11-11T15:56:36.000Z",45.701965,5.883716,0,0,0,337.5,null
"2018-11-11T16:00:40.000Z",45.701965,5.883716,0,0,0,337.5,null
"2018-11-11T16:04:40.000Z",45.701965,5.883716,0,0.75,3.25,337.5,null
"2018-11-11T16:08:40.000Z",45.701965,5.883716,0,2,5.25,337.5,null
"2018-11-11T16:12:44.000Z",45.701965,5.883716,1,2.75,4.75,337.5,null
"2018-11-11T16:16:44.000Z",45.701965,5.883716,0.25,2.5,4.25,337.5,null
"2018-11-11T16:20:44.000Z",45.701965,5.883716,0,1.25,2.75,337.5,null
"2018-11-11T16:24:49.000Z",45.701965,5.883716,0,1,3.5,337.5,null
"2018-11-11T16:28:49.000Z",45.701965,5.883716,0,1.75,4.25,337.5,null
"2018-11-11T16:32:49.000Z",45.701965,5.883716,0.25,1.5,2.75,337.5,null
"2018-11-11T16:36:52.000Z",45.701965,5.883716,0,1,3.25,0,null
"2018-11-11T16:40:52.000Z",45.701965,5.883716,0.25,2.25,6,45,null
"2018-11-11T16:44:52.000Z",45.701965,5.883716,0,0.5,1.5,45,null
"2018-11-11T16:48:56.000Z",45.701965,5.883716,0,0,0,45,null
"2018-11-11T16:52:56.000Z",45.701965,5.883716,0,0.75,2,45,null
"2018-11-11T16:56:56.000Z",45.701965,5.883716,0,1,2.75,45,null
"2018-11-11T17:01:01.000Z",45.701965,5.883716,0,1.5,3.25,0,null
"2018-11-11T17:05:01.000Z",45.701965,5.883716,1,2.5,3.75,0,null
"2018-11-11T17:09:01.000Z",45.701965,5.883716,0,1.75,3.75,0,null
"2018-11-11T17:13:05.000Z",45.701965,5.883716,0,0,0.75,0,null
"2018-11-11T17:17:05.000Z",45.701965,5.883716,0,0,0,337.5,null
"2018-11-11T17:21:05.000Z",45.701965,5.883716,0,1.5,3.5,0,null
"2018-11-11T17:25:09.000Z",45.701965,5.883716,1.5,2.5,3.75,0,null
"2018-11-11T17:29:09.000Z",45.701965,5.883716,0,0.5,2.75,0,null
"2018-11-11T17:33:09.000Z",45.701965,5.883716,0,0.25,1.5,0,null
"2018-11-11T17:37:13.000Z",45.701965,5.883716,0,0.25,1.75,0,null
"2018-11-11T17:41:13.000Z",45.701965,5.883716,1,3,4.25,0,null
"2018-11-11T17:45:13.000Z",45.701965,5.883716,1.5,4.25,6,337.5,null
"2018-11-11T17:49:17.000Z",45.701965,5.883716,4.25,6.5,9.75,157.5,null
"2018-11-11T17:53:17.000Z",45.701965,5.883716,0.75,5.5,9,157.5,null
"2018-11-11T17:57:17.000Z",45.701965,5.883716,0.25,2.5,7.75,135,null
"2018-11-11T18:01:20.000Z",45.701965,5.883716,0.25,2.5,7,112.5,null
"2018-11-11T18:05:20.000Z",45.701965,5.883716,0.75,4,7.25,90,null
"2018-11-11T18:09:20.000Z",45.701965,5.883716,0,1.5,6,90,null
"2018-11-11T18:13:24.000Z",45.701965,5.883716,0,0.75,2,90,null
"2018-11-11T18:17:24.000Z",45.701965,5.883716,0,3,4.75,180,null
"2018-11-11T18:21:24.000Z",45.701965,5.883716,1.5,6.75,11,202.5,null
"2018-11-11T18:25:29.000Z",45.701965,5.883716,0,4.25,8.5,157.5,null
"2018-11-11T18:29:29.000Z",45.701965,5.883716,0,1.75,7.75,157.5,null
"2018-11-11T18:33:29.000Z",45.701965,5.883716,0.25,5,8.75,202.5,null
"2018-11-11T18:37:32.000Z",45.701965,5.883716,0,2.5,5.5,180,null
"2018-11-11T18:41:32.000Z",45.701965,5.883716,3.25,7.25,11,202.5,null
"2018-11-11T18:45:32.000Z",45.701965,5.883716,0,2,7.25,180,null
"2018-11-11T18:49:37.000Z",45.701965,5.883716,0.75,5.75,10.5,180,null
"2018-11-11T18:53:37.000Z",45.701965,5.883716,0,1,2.75,157.5,null
"2018-11-11T18:57:37.000Z",45.701965,5.883716,0,1,3.25,157.5,null
"2018-11-11T19:01:41.000Z",45.701965,5.883716,1,2.75,3.75,157.5,null
"2018-11-11T19:05:41.000Z",45.701965,5.883716,0.75,3.5,6,157.5,null
"2018-11-11T19:09:41.000Z",45.701965,5.883716,0,2,6.25,135,null
"2018-11-11T19:13:45.000Z",45.701965,5.883716,1,3.5,6.25,112.5,null
"2018-11-11T19:17:45.000Z",45.701965,5.883716,2,4.5,8,135,null
"2018-11-11T19:21:45.000Z",45.701965,5.883716,0,4.75,11,112.5,null
"2018-11-11T19:25:49.000Z",45.701965,5.883716,0,1.5,6.5,157.5,null
"2018-11-11T19:29:49.000Z",45.701965,5.883716,0,4,9.75,112.5,null
"2018-11-11T19:33:49.000Z",45.701965,5.883716,0,4,8.75,112.5,null
"2018-11-11T19:37:54.000Z",45.701965,5.883716,1.75,5.25,9,90,null
"2018-11-11T19:41:54.000Z",45.701965,5.883716,0,3,7.75,90,null
"2018-11-11T19:45:54.000Z",45.701965,5.883716,0.25,3.75,7.75,112.5,null
"2018-11-11T19:50:37.000Z",45.701965,5.883716,0,2.5,7,135,null
"2018-11-11T19:54:37.000Z",45.701965,5.883716,1.5,4.5,8,180,null
"2018-11-11T19:58:37.000Z",45.701965,5.883716,0,3,7.25,157.5,null
"2018-11-11T20:02:41.000Z",45.701965,5.883716,0.25,5.25,12.5,112.5,null
"2018-11-11T20:06:41.000Z",45.701965,5.883716,1.75,5.75,11,112.5,null
"2018-11-11T20:10:41.000Z",45.701965,5.883716,2,5.25,10.5,157.5,null
"2018-11-11T20:14:46.000Z",45.701965,5.883716,0,2.75,8.25,157.5,null
"2018-11-11T20:18:46.000Z",45.701965,5.883716,0,4.75,10.5,157.5,null
"2018-11-11T20:22:46.000Z",45.701965,5.883716,0,3,7.75,135,null
"2018-11-11T20:26:49.000Z",45.701965,5.883716,0,7.5,13,180,null
"2018-11-11T20:30:49.000Z",45.701965,5.883716,0.25,5.25,14,180,null
"2018-11-11T20:34:49.000Z",45.701965,5.883716,0,1.75,5.25,157.5,null
"2018-11-11T20:38:53.000Z",45.701965,5.883716,0,3.25,7.25,157.5,null
"2018-11-11T20:42:53.000Z",45.701965,5.883716,0,6.25,12,157.5,null
"2018-11-11T20:46:53.000Z",45.701965,5.883716,4.75,8.75,12,180,null
"2018-11-11T20:50:57.000Z",45.701965,5.883716,0.25,4.5,9,157.5,null
"2018-11-11T20:54:57.000Z",45.701965,5.883716,1.5,5.25,8.25,157.5,null
"2018-11-11T20:58:57.000Z",45.701965,5.883716,1.75,5.5,9.75,157.5,null
"2018-11-11T21:03:02.000Z",45.701965,5.883716,3.75,6.5,9.75,157.5,null
"2018-11-11T21:07:02.000Z",45.701965,5.883716,5.25,7.25,10.5,157.5,null
"2018-11-11T21:11:02.000Z",45.701965,5.883716,3.25,6.25,10.5,157.5,null
"2018-11-11T21:15:06.000Z",45.701965,5.883716,2,6.75,10.5,157.5,null
"2018-11-11T21:19:06.000Z",45.701965,5.883716,0,3.25,11.5,135,null
"2018-11-11T21:23:06.000Z",45.701965,5.883716,0,4,9.5,157.5,null
"2018-11-11T21:27:09.000Z",45.701965,5.883716,0,3.5,8,157.5,null
"2018-11-11T21:31:09.000Z",45.701965,5.883716,1,3.75,7.25,157.5,null
"2018-11-11T21:35:09.000Z",45.701965,5.883716,0,4,9.5,157.5,null
"2018-11-11T21:39:13.000Z",45.701965,5.883716,0.75,4.5,11.5,112.5,null
"2018-11-11T21:43:13.000Z",45.701965,5.883716,0,2.25,8.25,90,null
"2018-11-11T21:47:13.000Z",45.701965,5.883716,0,4.25,10.5,135,null
"2018-11-11T21:51:18.000Z",45.701965,5.883716,0.25,4.5,10.5,135,null
"2018-11-11T21:55:18.000Z",45.701965,5.883716,0.75,5.75,11.5,135,null
"2018-11-11T21:59:18.000Z",45.701965,5.883716,1,5,10.5,157.5,null
"2018-11-11T22:03:22.000Z",45.701965,5.883716,0.75,3.75,7.25,157.5,null
"2018-11-11T22:07:22.000Z",45.701965,5.883716,2.75,6.25,9,180,null
"2018-11-11T22:11:22.000Z",45.701965,5.883716,4.75,8,11,180,null
"2018-11-11T22:15:25.000Z",45.701965,5.883716,3.75,6.25,9.5,157.5,null
"2018-11-11T22:19:25.000Z",45.701965,5.883716,2.5,5.25,8,157.5,null
"2018-11-11T22:23:25.000Z",45.701965,5.883716,0,3.75,10.5,157.5,null
"2018-11-11T22:27:29.000Z",45.701965,5.883716,0.25,6.75,13.5,135,null
"2018-11-11T22:31:29.000Z",45.701965,5.883716,0,4.5,9.75,135,null
"2018-11-11T22:35:29.000Z",45.701965,5.883716,0,2.75,10,135,null
"2018-11-11T22:39:33.000Z",45.701965,5.883716,0,5,11.5,135,null
"2018-11-11T22:43:33.000Z",45.701965,5.883716,0,3.25,11,157.5,null
"2018-11-11T22:47:33.000Z",45.701965,5.883716,0,4.5,11,135,null
"2018-11-11T22:51:38.000Z",45.701965,5.883716,0.75,4.5,12,112.5,null
"2018-11-11T22:55:38.000Z",45.701965,5.883716,1.5,5,11,112.5,null
"2018-11-11T22:59:38.000Z",45.701965,5.883716,0,3.75,11,135,null
"2018-11-11T23:03:42.000Z",45.701965,5.883716,1.5,4.5,9,135,null
"2018-11-11T23:07:42.000Z",45.701965,5.883716,0,5.25,11,112.5,null
"2018-11-11T23:11:42.000Z",45.701965,5.883716,2.5,6.5,12,112.5,null
"2018-11-11T23:15:46.000Z",45.701965,5.883716,2,4.5,7.75,135,null
"2018-11-11T23:19:46.000Z",45.701965,5.883716,0.75,4,8,135,null
"2018-11-11T23:23:46.000Z",45.701965,5.883716,0.25,2.5,5.25,157.5,null
"2018-11-11T23:27:49.000Z",45.701965,5.883716,0,1.75,7,135,null
"2018-11-11T23:31:49.000Z",45.701965,5.883716,0,1.25,6.5,157.5,null
"2018-11-11T23:35:49.000Z",45.701965,5.883716,0,1,5.25,157.5,null
"2018-11-11T23:39:54.000Z",45.701965,5.883716,0,2,5.5,157.5,null
"2018-11-11T23:43:54.000Z",45.701965,5.883716,0.75,4.5,9.75,157.5,null
"2018-11-11T23:47:54.000Z",45.701965,5.883716,0.75,4.25,8.25,157.5,null
"2018-11-11T23:51:58.000Z",45.701965,5.883716,0.25,3.75,7.75,157.5,null
"2018-11-11T23:55:58.000Z",45.701965,5.883716,0,3.75,9,157.5,null
"2018-11-11T23:59:58.000Z",45.701965,5.883716,1,5.25,9.5,157.5,null
"2018-11-12T00:04:02.000Z",45.701965,5.883716,2.5,6.75,11.5,157.5,null
"2018-11-12T00:08:02.000Z",45.701965,5.883716,0,2,7.75,157.5,null
"2018-11-12T00:12:02.000Z",45.701965,5.883716,0,3.25,8.25,112.5,null
"2018-11-12T00:16:06.000Z",45.701965,5.883716,0,4,8.25,135,null
"2018-11-12T00:20:06.000Z",45.701965,5.883716,2,4,7,135,null
"2018-11-12T00:24:06.000Z",45.701965,5.883716,1.5,4.5,9,135,null
"2018-11-12T00:28:10.000Z",45.701965,5.883716,0.25,4.25,8.75,135,null
"2018-11-12T00:32:10.000Z",45.701965,5.883716,1,4,7,112.5,null
"2018-11-12T00:36:10.000Z",45.701965,5.883716,1.75,4.25,7,112.5,null
"2018-11-12T00:40:14.000Z",45.701965,5.883716,1.5,3.75,7.75,112.5,null
"2018-11-12T00:44:14.000Z",45.701965,5.883716,0.75,4.25,7,135,null
"2018-11-12T00:48:14.000Z",45.701965,5.883716,1,3,6.25,135,null
"2018-11-12T00:52:18.000Z",45.701965,5.883716,1.5,3.5,6,135,null
"2018-11-12T00:56:18.000Z",45.701965,5.883716,0.75,3.25,6.5,112.5,null
"2018-11-12T01:00:18.000Z",45.701965,5.883716,0,3.75,9,90,null
"2018-11-12T01:04:23.000Z",45.701965,5.883716,0.75,3.75,8.25,112.5,null
"2018-11-12T01:08:23.000Z",45.701965,5.883716,1.75,5,10.5,112.5,null
"2018-11-12T01:12:23.000Z",45.701965,5.883716,1.5,5.25,9.75,90,null
"2018-11-12T01:16:26.000Z",45.701965,5.883716,1,4,8,112.5,null
"2018-11-12T01:20:26.000Z",45.701965,5.883716,0,1.75,5.5,90,null
"2018-11-12T01:24:26.000Z",45.701965,5.883716,0,0,1.5,90,null
"2018-11-12T01:28:31.000Z",45.701965,5.883716,0,0.75,3.5,90,null
"2018-11-12T01:32:31.000Z",45.701965,5.883716,1.5,3.75,7,90,null
"2018-11-12T01:36:31.000Z",45.701965,5.883716,3.5,6,7.75,90,null
"2018-11-12T01:40:35.000Z",45.701965,5.883716,2,5.75,9,67.5,null
"2018-11-12T01:44:35.000Z",45.701965,5.883716,1.75,3.75,8,90,null
"2018-11-12T01:48:35.000Z",45.701965,5.883716,0.25,3,6,90,null
"2018-11-12T01:52:38.000Z",45.701965,5.883716,0,1,3.5,90,null
"2018-11-12T01:56:38.000Z",45.701965,5.883716,0,2.25,5.25,90,null
"2018-11-12T02:00:38.000Z",45.701965,5.883716,0,3.75,7.75,90,null
"2018-11-12T02:04:42.000Z",45.701965,5.883716,1,4.75,9,90,null
"2018-11-12T02:08:42.000Z",45.701965,5.883716,0.25,4,7.75,90,null
"2018-11-12T02:12:42.000Z",45.701965,5.883716,1.5,5.5,9.5,90,null
"2018-11-12T02:16:47.000Z",45.701965,5.883716,3.5,7,10.5,90,null
"2018-11-12T02:20:47.000Z",45.701965,5.883716,4.25,8.25,13,90,null
"2018-11-12T02:24:47.000Z",45.701965,5.883716,1.75,4.75,9,90,null
"2018-11-12T02:28:51.000Z",45.701965,5.883716,1.75,4.75,7.75,90,null
"2018-11-12T02:32:51.000Z",45.701965,5.883716,0,1.75,4.5,90,null
"2018-11-12T02:36:51.000Z",45.701965,5.883716,2.5,5,8.75,90,null
"2018-11-12T02:40:54.000Z",45.701965,5.883716,0.75,4,8,90,null
"2018-11-12T02:44:54.000Z",45.701965,5.883716,0.25,3.25,6.5,90,null
"2018-11-12T02:48:54.000Z",45.701965,5.883716,2.75,4.25,6.25,112.5,null
"2018-11-12T02:52:59.000Z",45.701965,5.883716,1.75,4.5,8.75,112.5,null
"2018-11-12T02:56:59.000Z",45.701965,5.883716,2.5,5,8.25,135,null
"2018-11-12T03:00:59.000Z",45.701965,5.883716,2,4.75,8,112.5,null
"2018-11-12T03:05:03.000Z",45.701965,5.883716,2.5,5.25,9.5,90,null
"2018-11-12T03:09:03.000Z",45.701965,5.883716,1.5,5.25,9,90,null
"2018-11-12T03:13:03.000Z",45.701965,5.883716,1.75,4.25,8.75,90,null
"2018-11-12T03:17:07.000Z",45.701965,5.883716,3.25,6,10,90,null
"2018-11-12T03:21:07.000Z",45.701965,5.883716,3.25,7,12,90,null
"2018-11-12T03:25:07.000Z",45.701965,5.883716,2.75,6.5,10,67.5,null
"2018-11-12T03:29:11.000Z",45.701965,5.883716,0.75,4,7.75,90,null
"2018-11-12T03:33:11.000Z",45.701965,5.883716,0.25,2.25,5.5,90,null
"2018-11-12T03:37:11.000Z",45.701965,5.883716,0.25,2.75,6,90,null
"2018-11-12T03:41:15.000Z",45.701965,5.883716,0,3.5,7,90,null
"2018-11-12T03:45:15.000Z",45.701965,5.883716,0.25,2.5,4.25,112.5,null
"2018-11-12T03:49:15.000Z",45.701965,5.883716,0,1.75,4.25,112.5,null
"2018-11-12T03:53:20.000Z",45.701965,5.883716,1.5,3.5,5.5,135,null
"2018-11-12T03:57:20.000Z",45.701965,5.883716,3.5,5.75,8.25,157.5,null
"2018-11-12T04:01:20.000Z",45.701965,5.883716,0.75,4.25,8,157.5,null
"2018-11-12T04:05:23.000Z",45.701965,5.883716,2,5,8.25,180,null
"2018-11-12T04:09:23.000Z",45.701965,5.883716,0.25,3.5,8,157.5,null
"2018-11-12T04:13:23.000Z",45.701965,5.883716,1.5,5.75,11,112.5,null
"2018-11-12T04:17:27.000Z",45.701965,5.883716,1.5,6.5,13,90,null
"2018-11-12T04:21:27.000Z",45.701965,5.883716,1.5,6,11,112.5,null
"2018-11-12T04:25:27.000Z",45.701965,5.883716,1,5.5,12.5,157.5,null
"2018-11-12T04:29:31.000Z",45.701965,5.883716,1.75,7,12,112.5,null
"2018-11-12T04:33:31.000Z",45.701965,5.883716,1,6.5,13.5,112.5,null
"2018-11-12T04:37:31.000Z",45.701965,5.883716,1,6.5,13,112.5,null
"2018-11-12T04:41:36.000Z",45.701965,5.883716,2,7.75,12,135,null
"2018-11-12T04:45:36.000Z",45.701965,5.883716,3.5,8,14,135,null
"2018-11-12T04:49:36.000Z",45.701965,5.883716,3.5,7.25,14.5,135,null
"2018-11-12T04:53:39.000Z",45.701965,5.883716,0,4.75,13,90,null
"2018-11-12T04:57:39.000Z",45.701965,5.883716,0.75,5.5,10.5,112.5,null
"2018-11-12T05:01:39.000Z",45.701965,5.883716,1,4.25,10.5,135,null
"2018-11-12T05:05:44.000Z",45.701965,5.883716,1.75,6.25,13,135,null
"2018-11-12T05:09:44.000Z",45.701965,5.883716,0,5.25,12,135,null
"2018-11-12T05:13:44.000Z",45.701965,5.883716,2.5,8.5,15,90,null
"2018-11-12T05:17:47.000Z",45.701965,5.883716,3.5,8,17.5,135,null
"2018-11-12T05:21:47.000Z",45.701965,5.883716,2.5,6.5,14,135,null
"2018-11-12T05:25:47.000Z",45.701965,5.883716,1.75,5.5,11.5,157.5,null
"2018-11-12T05:29:52.000Z",45.701965,5.883716,2.75,7.75,13,157.5,null
"2018-11-12T05:33:52.000Z",45.701965,5.883716,0,1.75,7,135,null
"2018-11-12T05:37:52.000Z",45.701965,5.883716,0,2.75,9,135,null
"2018-11-12T05:41:55.000Z",45.701965,5.883716,0,4,9.5,135,null
"2018-11-12T05:45:55.000Z",45.701965,5.883716,0.25,3.5,8.75,157.5,null
"2018-11-12T05:49:55.000Z",45.701965,5.883716,2.5,5.75,9.5,157.5,null
"2018-11-12T05:53:59.000Z",45.701965,5.883716,0,4.5,9,135,null
"2018-11-12T05:57:59.000Z",45.701965,5.883716,1,4.5,9.5,112.5,null
"2018-11-12T06:01:59.000Z",45.701965,5.883716,0.75,4.5,10.5,112.5,null
"2018-11-12T06:06:04.000Z",45.701965,5.883716,1.25,8,13.5,90,null
"2018-11-12T06:10:04.000Z",45.701965,5.883716,2.75,6.5,12,90,null
"2018-11-12T06:14:04.000Z",45.701965,5.883716,4.75,7.25,12,67.5,null
"2018-11-12T06:18:07.000Z",45.701965,5.883716,0,2.5,6,90,null
"2018-11-12T06:22:07.000Z",45.701965,5.883716,0,0.25,1.75,90,null
"2018-11-12T06:26:07.000Z",45.701965,5.883716,0,1.75,7.25,157.5,null
"2018-11-12T06:30:11.000Z",45.701965,5.883716,3.75,8.75,15.5,180,null
"2018-11-12T06:34:11.000Z",45.701965,5.883716,4.5,8.25,12.5,157.5,null
"2018-11-12T06:38:11.000Z",45.701965,5.883716,1,6.75,12,180,null
"2018-11-12T06:42:15.000Z",45.701965,5.883716,0,4.5,8.25,180,null
"2018-11-12T06:46:15.000Z",45.701965,5.883716,0,1.75,4.25,157.5,null
"2018-11-12T06:50:15.000Z",45.701965,5.883716,0,1.5,5.25,157.5,null
"2018-11-12T06:54:20.000Z",45.701965,5.883716,0,3.75,7.75,90,null
"2018-11-12T06:58:20.000Z",45.701965,5.883716,2,4.5,9,90,null
"2018-11-12T07:02:20.000Z",45.701965,5.883716,0,1.75,3.75,90,null
"2018-11-12T07:06:24.000Z",45.701965,5.883716,1.5,3.75,7.75,90,null
"2018-11-12T07:10:24.000Z",45.701965,5.883716,0,4,7.25,67.5,null
"2018-11-12T07:14:24.000Z",45.701965,5.883716,3.25,4.75,6.25,67.5,null
"2018-11-12T07:18:27.000Z",45.701965,5.883716,0,2.5,5.25,45,null
"2018-11-12T07:22:27.000Z",45.701965,5.883716,0,0.25,1,45,null
"2018-11-12T07:26:27.000Z",45.701965,5.883716,0,1,2.75,67.5,null
"2018-11-12T07:30:32.000Z",45.701965,5.883716,1.5,4.25,8.75,90,null
"2018-11-12T07:34:32.000Z",45.701965,5.883716,2.75,4.75,7.25,112.5,null
"2018-11-12T07:38:32.000Z",45.701965,5.883716,2,4.25,6.25,90,null
"2018-11-12T07:42:36.000Z",45.701965,5.883716,0.75,2.25,4.5,112.5,null
"2018-11-12T07:46:36.000Z",45.701965,5.883716,2.75,5.25,7.25,90,null
"2018-11-12T07:50:36.000Z",45.701965,5.883716,1,2.5,7,90,null
"2018-11-12T07:54:41.000Z",45.701965,5.883716,0,3,7,90,null
"2018-11-12T07:58:41.000Z",45.701965,5.883716,0.25,4,6.5,67.5,null
"2018-11-12T08:02:41.000Z",45.701965,5.883716,0,1.5,4.25,67.5,null
"2018-11-12T08:06:45.000Z",45.701965,5.883716,0,1,2.75,67.5,null
"2018-11-12T08:10:45.000Z",45.701965,5.883716,0,1.5,2.75,67.5,null
"2018-11-12T08:14:45.000Z",45.701965,5.883716,0,1.25,3.25,45,null
"2018-11-12T08:18:48.000Z",45.701965,5.883716,0,0,0,45,null
"2018-11-12T08:22:48.000Z",45.701965,5.883716,0,0,0,45,null
"2018-11-12T08:26:48.000Z",45.701965,5.883716,0,0,0,45,null
"2018-11-12T08:30:52.000Z",45.701965,5.883716,0,0.25,1.5,45,null
"2018-11-12T08:34:52.000Z",45.701965,5.883716,0,0.5,2.5,45,null
"2018-11-12T08:38:52.000Z",45.701965,5.883716,0,0.25,1.75,45,null
"2018-11-12T08:42:56.000Z",45.701965,5.883716,0,0.25,1.5,45,null
"2018-11-12T08:46:56.000Z",45.701965,5.883716,0,0,0.25,45,null
"2018-11-12T08:50:56.000Z",45.701965,5.883716,0,0.25,0.75,45,null
"2018-11-12T08:55:00.000Z",45.701965,5.883716,0,0.5,2.5,45,null
"2018-11-12T08:59:00.000Z",45.701965,5.883716,0,1.75,4.5,45,null
"2018-11-12T09:03:00.000Z",45.701965,5.883716,0.75,4,6.5,22.5,null
"2018-11-12T09:07:05.000Z",45.701965,5.883716,4.25,7.75,10,225,null
"2018-11-12T09:11:05.000Z",45.701965,5.883716,6.5,8.5,10.5,202.5,null
"2018-11-12T09:15:05.000Z",45.701965,5.883716,5.25,7,9.5,225,null
"2018-11-12T09:19:09.000Z",45.701965,5.883716,2,3.5,5.5,225,null
"2018-11-12T09:23:09.000Z",45.701965,5.883716,0,1,3.5,225,null
"2018-11-12T09:27:09.000Z",45.701965,5.883716,0,0,0,225,null
"2018-11-12T09:31:12.000Z",45.701965,5.883716,0,0,0,225,null
"2018-11-12T09:35:12.000Z",45.701965,5.883716,0,0,0,225,null
"2018-11-12T09:39:12.000Z",45.701965,5.883716,0,0,0.75,225,null
"2018-11-12T09:43:16.000Z",45.701965,5.883716,0,0,0,225,null
"2018-11-12T09:47:16.000Z",45.701965,5.883716,0,0.75,2.5,225,null
"2018-11-12T09:51:16.000Z",45.701965,5.883716,0,0,1.5,225,null
"2018-11-12T09:55:21.000Z",45.701965,5.883716,0.75,1.75,3.75,225,null
"2018-11-12T09:59:21.000Z",45.701965,5.883716,1.75,2.75,3.75,225,null
"2018-11-12T10:03:21.000Z",45.701965,5.883716,1,3.25,4.5,225,null
"2018-11-12T10:07:25.000Z",45.701965,5.883716,2.75,4,5.25,247.5,null
"2018-11-12T10:11:25.000Z",45.701965,5.883716,1.5,3.25,4.75,247.5,null
"2018-11-12T10:15:25.000Z",45.701965,5.883716,0,0.5,2.5,247.5,null
"2018-11-12T10:19:29.000Z",45.701965,5.883716,0,0.25,1.75,270,null
"2018-11-12T10:23:29.000Z",45.701965,5.883716,0,5.5,7.75,337.5,null
"2018-11-12T10:27:29.000Z",45.701965,5.883716,6.5,8.25,10.5,0,null
"2018-11-12T10:31:32.000Z",45.701965,5.883716,4.75,8,9.75,0,null
"2018-11-12T10:35:32.000Z",45.701965,5.883716,4.5,7,9,337.5,null
"2018-11-12T10:39:32.000Z",45.701965,5.883716,2.5,4.75,8,337.5,null
"2018-11-12T10:43:37.000Z",45.701965,5.883716,4.5,7.75,10.5,337.5,null
"2018-11-12T10:47:37.000Z",45.701965,5.883716,2.5,4.25,6.25,337.5,null
"2018-11-12T10:51:37.000Z",45.701965,5.883716,1.75,4,6.25,337.5,null
"2018-11-12T10:55:41.000Z",45.701965,5.883716,0,1.5,5.5,337.5,null
"2018-11-12T10:59:41.000Z",45.701965,5.883716,0,0.75,2.75,337.5,null
"2018-11-12T11:03:41.000Z",45.701965,5.883716,2.5,3.75,7.25,337.5,null
"2018-11-12T11:07:44.000Z",45.701965,5.883716,5.5,7.5,10,337.5,null
"2018-11-12T11:11:44.000Z",45.701965,5.883716,3.25,7.75,12,337.5,null
"2018-11-12T11:15:44.000Z",45.701965,5.883716,0.75,5,8.75,337.5,null
"2018-11-12T11:19:48.000Z",45.701965,5.883716,4.75,8.25,12,337.5,null
"2018-11-12T11:23:48.000Z",45.701965,5.883716,4.25,7.5,12,0,null
"2018-11-12T11:27:48.000Z",45.701965,5.883716,3.25,6,8.25,0,null
"2018-11-12T11:31:53.000Z",45.701965,5.883716,7.75,9.75,12,337.5,null
"2018-11-12T11:35:53.000Z",45.701965,5.883716,0,4.25,9.5,337.5,null
"2018-11-12T11:39:53.000Z",45.701965,5.883716,4.75,9,13,315,null
"2018-11-12T11:43:58.000Z",45.701965,5.883716,0.25,2.5,5.25,337.5,null
"2018-11-12T11:47:58.000Z",45.701965,5.883716,0,3.75,9.5,22.5,null
"2018-11-12T11:51:58.000Z",45.701965,5.883716,3.75,6.25,9.5,22.5,null
"2018-11-12T11:56:01.000Z",45.701965,5.883716,0,3.25,5.75,22.5,null
"2018-11-12T12:00:01.000Z",45.701965,5.883716,0,2.25,6.25,22.5,null
"2018-11-12T12:04:01.000Z",45.701965,5.883716,2.5,6.5,9.5,0,null
"2018-11-12T12:08:05.000Z",45.701965,5.883716,3.25,6.5,9.75,45,null
"2018-11-12T12:12:05.000Z",45.701965,5.883716,0,1.75,6.5,337.5,null
"2018-11-12T12:16:05.000Z",45.701965,5.883716,0,2,7,315,null
"2018-11-12T12:20:09.000Z",45.701965,5.883716,0,0,0.75,337.5,null
"2018-11-12T12:24:09.000Z",45.701965,5.883716,0,6,11.5,247.5,null
"2018-11-12T12:28:09.000Z",45.701965,5.883716,0,5.75,8,292.5,null
"2018-11-12T12:32:13.000Z",45.701965,5.883716,0,0.75,2.5,315,null
"2018-11-12T12:36:13.000Z",45.701965,5.883716,0,0.25,1.75,315,null
"2018-11-12T12:40:13.000Z",45.701965,5.883716,0.25,2.25,4.5,270,null
"2018-11-12T12:44:17.000Z",45.701965,5.883716,0,1,2.75,270,null
"2018-11-12T12:48:17.000Z",45.701965,5.883716,0,0.25,1.75,270,null
"2018-11-12T12:52:17.000Z",45.701965,5.883716,0,0.75,3.25,270,null
"2018-11-12T12:56:22.000Z",45.701965,5.883716,0,0,0,270,null
"2018-11-12T13:00:22.000Z",45.701965,5.883716,0,3.5,12,270,null
"2018-11-12T13:04:22.000Z",45.701965,5.883716,0,2.5,8.25,315,null
"2018-11-12T13:08:26.000Z",45.701965,5.883716,0,5.75,9.75,90,null
"2018-11-12T13:12:26.000Z",45.701965,5.883716,0,2.25,8,247.5,null
"2018-11-12T13:16:26.000Z",45.701965,5.883716,0,3,11.5,315,null
"2018-11-12T13:20:29.000Z",45.701965,5.883716,0,4,9,337.5,null
"2018-11-12T13:24:29.000Z",45.701965,5.883716,0,0,1,337.5,null
"2018-11-12T13:28:29.000Z",45.701965,5.883716,0,0.25,1.5,337.5,null
"2018-11-12T13:32:34.000Z",45.701965,5.883716,0,0,0,337.5,null
"2018-11-12T13:36:34.000Z",45.701965,5.883716,0,0,0.25,337.5,null
"2018-11-12T13:40:34.000Z",45.701965,5.883716,0,0,1.5,337.5,null
"2018-11-12T13:44:37.000Z",45.701965,5.883716,0,3,19,225,null
"2018-11-12T13:48:37.000Z",45.701965,5.883716,2.5,16,35.5,225,null
"2018-11-12T13:52:37.000Z",45.701965,5.883716,11,21,29,247.5,null
"2018-11-12T13:56:42.000Z",45.701965,5.883716,23,30.5,42,247.5,null
"2018-11-12T14:00:42.000Z",45.701965,5.883716,16,28.5,37,247.5,null
"2018-11-12T14:04:42.000Z",45.701965,5.883716,21.5,29.5,39.5,247.5,null
"2018-11-12T14:08:46.000Z",45.701965,5.883716,17.5,27.5,41.5,247.5,null
"2018-11-12T14:12:46.000Z",45.701965,5.883716,20,26.5,35,270,null
"2018-11-12T14:16:46.000Z",45.701965,5.883716,20.5,27.5,34.5,270,null
"2018-11-12T14:20:49.000Z",45.701965,5.883716,9.5,24,36.5,292.5,null
"2018-11-12T14:24:49.000Z",45.701965,5.883716,16.5,22,29,270,null
"2018-11-12T14:28:49.000Z",45.701965,5.883716,14.5,23,32.5,270,null
"2018-11-12T14:32:54.000Z",45.701965,5.883716,20,27.5,36.5,270,null
"2018-11-12T14:36:54.000Z",45.701965,5.883716,13,20.5,29,270,null
"2018-11-12T14:40:54.000Z",45.701965,5.883716,14,27,37.5,270,null
"2018-11-12T14:44:58.000Z",45.701965,5.883716,23,30,37.5,270,null
"2018-11-12T14:48:58.000Z",45.701965,5.883716,15,25.5,33.5,292.5,null
"2018-11-12T14:52:58.000Z",45.701965,5.883716,13,22,29.5,270,null
"2018-11-12T14:57:01.000Z",45.701965,5.883716,9.5,21,31,270,null
"2018-11-12T15:01:01.000Z",45.701965,5.883716,14,26.5,37,292.5,null
"2018-11-12T15:05:01.000Z",45.701965,5.883716,13.5,21,30.5,270,null
"2018-11-12T15:09:06.000Z",45.701965,5.883716,14,22,31,270,null
"2018-11-12T15:13:06.000Z",45.701965,5.883716,19,28,40.5,270,null
"2018-11-12T15:17:06.000Z",45.701965,5.883716,16.5,26.5,40,270,null
"2018-11-12T15:21:10.000Z",45.701965,5.883716,16.5,26,37,270,null
"2018-11-12T15:25:10.000Z",45.701965,5.883716,16.5,25.5,34,270,null
"2018-11-12T15:29:10.000Z",45.701965,5.883716,16.5,22,27.5,270,null
"2018-11-12T15:33:14.000Z",45.701965,5.883716,16,26,34,270,null
"2018-11-12T15:37:14.000Z",45.701965,5.883716,11,23.5,37.5,270,null
"2018-11-12T15:41:14.000Z",45.701965,5.883716,0.75,6.75,19.5,225,null
"2018-11-12T15:45:18.000Z",45.701965,5.883716,0,2.25,10,247.5,null
"2018-11-12T15:49:18.000Z",45.701965,5.883716,0,5.5,17.5,45,null
"2018-11-12T15:53:18.000Z",45.701965,5.883716,0,6.25,13,225,null
"2018-11-12T15:57:21.000Z",45.701965,5.883716,1,7.5,13,225,null
"2018-11-12T16:01:21.000Z",45.701965,5.883716,0,2.75,11,225,null
"2018-11-12T16:05:21.000Z",45.701965,5.883716,0,7.25,19.5,22.5,null
"2018-11-12T16:09:26.000Z",45.701965,5.883716,0,3.5,11.5,90,null
"2018-11-12T16:13:26.000Z",45.701965,5.883716,0,2.75,8.25,67.5,null
"2018-11-12T16:17:26.000Z",45.701965,5.883716,0,4.75,10.5,45,null
"2018-11-12T16:21:31.000Z",45.701965,5.883716,3.5,14.5,26.5,292.5,null
"2018-11-12T16:25:31.000Z",45.701965,5.883716,3.25,16,25,292.5,null
"2018-11-12T16:29:31.000Z",45.701965,5.883716,10.5,20,30.5,270,null
"2018-11-12T16:33:34.000Z",45.701965,5.883716,8.75,20,30.5,292.5,null
"2018-11-12T16:37:34.000Z",45.701965,5.883716,12,24,35,292.5,null
"2018-11-12T16:41:34.000Z",45.701965,5.883716,18,24,28.5,270,null
"2018-11-12T16:45:38.000Z",45.701965,5.883716,6.5,15,21,247.5,null
"2018-11-12T16:49:38.000Z",45.701965,5.883716,3.75,10,14.5,247.5,null
"2018-11-12T16:53:38.000Z",45.701965,5.883716,0.75,7.5,15.5,225,null
"2018-11-12T16:57:42.000Z",45.701965,5.883716,0,1,2.75,135,null
"2018-11-12T17:01:42.000Z",45.701965,5.883716,0,1.25,6.5,67.5,null
"2018-11-12T17:05:42.000Z",45.701965,5.883716,1.75,5.5,12,22.5,null
"2018-11-12T17:09:47.000Z",45.701965,5.883716,3.25,7,13,22.5,null
"2018-11-12T17:13:47.000Z",45.701965,5.883716,3.5,9.25,14.5,22.5,null
"2018-11-12T17:17:47.000Z",45.701965,5.883716,7.25,11,15,0,null
"2018-11-12T17:21:51.000Z",45.701965,5.883716,8.25,11.5,16.5,337.5,null
"2018-11-12T17:25:51.000Z",45.701965,5.883716,7.25,11,12.5,337.5,null
"2018-11-12T17:29:51.000Z",45.701965,5.883716,7,8.5,9.75,337.5,null
"2018-11-12T17:33:54.000Z",45.701965,5.883716,4.75,6.5,8.25,337.5,null
"2018-11-12T17:37:54.000Z",45.701965,5.883716,0.25,4.25,8,337.5,null
"2018-11-12T17:41:54.000Z",45.701965,5.883716,0,1.5,3.5,337.5,null
"2018-11-12T17:45:59.000Z",45.701965,5.883716,0,1,2.75,337.5,null
"2018-11-12T17:49:59.000Z",45.701965,5.883716,0,1.75,3.5,337.5,null
"2018-11-12T17:53:59.000Z",45.701965,5.883716,0,1.25,4.5,0,null
"2018-11-12T17:58:03.000Z",45.701965,5.883716,1.25,6.75,13,45,null
"2018-11-12T18:02:03.000Z",45.701965,5.883716,0.75,4.5,8.25,45,null
"2018-11-12T18:06:03.000Z",45.701965,5.883716,1,3.25,7.75,22.5,null
"2018-11-12T18:10:07.000Z",45.701965,5.883716,2.5,7.25,12,22.5,null
"2018-11-12T18:14:07.000Z",45.701965,5.883716,6.5,10,13,22.5,null
"2018-11-12T18:18:07.000Z",45.701965,5.883716,7,10.5,14.5,0,null
"2018-11-12T18:22:11.000Z",45.701965,5.883716,7.25,11.5,14.5,0,null
"2018-11-12T18:26:11.000Z",45.701965,5.883716,5.5,8.25,11.5,0,null
"2018-11-12T18:30:11.000Z",45.701965,5.883716,7.25,10,12,337.5,null
"2018-11-12T18:34:14.000Z",45.701965,5.883716,7,10.5,13.5,0,null
"2018-11-12T18:38:14.000Z",45.701965,5.883716,8.75,12.5,16.5,337.5,null
"2018-11-12T18:42:14.000Z",45.701965,5.883716,3.75,7,11,0,null
"2018-11-12T18:46:19.000Z",45.701965,5.883716,1.5,5.5,10.5,22.5,null
"2018-11-12T18:50:19.000Z",45.701965,5.883716,5.5,11.5,16.5,22.5,null
"2018-11-12T18:54:19.000Z",45.701965,5.883716,4.75,8.25,11.5,22.5,null
"2018-11-12T18:58:23.000Z",45.701965,5.883716,0.75,4.5,8,0,null
"2018-11-12T19:02:23.000Z",45.701965,5.883716,2.5,7.5,12,22.5,null
"2018-11-12T19:06:23.000Z",45.701965,5.883716,4.25,8.5,12,22.5,null
"2018-11-12T19:10:27.000Z",45.701965,5.883716,5.5,10,15,0,null
"2018-11-12T19:14:27.000Z",45.701965,5.883716,8,11.5,17.5,0,null
"2018-11-12T19:18:27.000Z",45.701965,5.883716,8.75,13,15,0,null
"2018-11-12T19:22:31.000Z",45.701965,5.883716,9.5,11.5,13,0,null
"2018-11-12T19:26:31.000Z",45.701965,5.883716,7.25,9,12,0,null
"2018-11-12T19:30:31.000Z",45.701965,5.883716,0.75,6.75,12,0,null
"2018-11-12T19:34:35.000Z",45.701965,5.883716,0,1.75,4.75,0,null
"2018-11-12T19:38:35.000Z",45.701965,5.883716,0.25,5.5,11,0,null
"2018-11-12T19:42:35.000Z",45.701965,5.883716,0,0.5,3.25,0,null
"2018-11-12T19:46:49.000Z",45.701965,5.883716,0,0.75,3.5,337.5,null
"2018-11-12T19:50:49.000Z",45.701965,5.883716,0,0.75,4.25,337.5,null
"2018-11-12T19:54:49.000Z",45.701965,5.883716,0,0.75,3.25,337.5,null
"2018-11-12T19:58:53.000Z",45.701965,5.883716,0,1,3.5,337.5,null
"2018-11-12T20:02:53.000Z",45.701965,5.883716,0.75,3.75,7,247.5,null
"2018-11-12T20:06:53.000Z",45.701965,5.883716,0,3.75,7.75,157.5,null
"2018-11-12T20:10:57.000Z",45.701965,5.883716,0,1.25,3.75,135,null
"2018-11-12T20:14:57.000Z",45.701965,5.883716,0,1.75,4.25,135,null
"2018-11-12T20:18:57.000Z",45.701965,5.883716,0,2.25,7,135,null
"2018-11-12T20:23:01.000Z",45.701965,5.883716,1,2.75,6.25,112.5,null
"2018-11-12T20:27:01.000Z",45.701965,5.883716,0.75,2.5,4.5,112.5,null
"2018-11-12T20:31:01.000Z",45.701965,5.883716,0,2.5,4.75,112.5,null
"2018-11-12T20:35:05.000Z",45.701965,5.883716,0.75,2.25,3.5,112.5,null
"2018-11-12T20:39:05.000Z",45.701965,5.883716,1,2.25,4.25,112.5,null
"2018-11-12T20:43:05.000Z",45.701965,5.883716,2,4.5,6.5,90,null
"2018-11-12T20:47:09.000Z",45.701965,5.883716,5.25,6.5,8.25,67.5,null
"2018-11-12T20:51:09.000Z",45.701965,5.883716,4.5,6.25,7.75,67.5,null
"2018-11-12T20:55:09.000Z",45.701965,5.883716,2.5,5.5,6.5,67.5,null
"2018-11-12T20:59:13.000Z",45.701965,5.883716,3.5,5,6.25,67.5,null
"2018-11-12T21:03:13.000Z",45.701965,5.883716,1.5,4.25,6.5,45,null
"2018-11-12T21:07:13.000Z",45.701965,5.883716,0.25,2,4.75,22.5,null
"2018-11-12T21:11:17.000Z",45.701965,5.883716,0,2.25,5.5,22.5,null
"2018-11-12T21:15:17.000Z",45.701965,5.883716,0,0.5,2.5,45,null
"2018-11-12T21:19:17.000Z",45.701965,5.883716,0,2.25,3.75,90,null
"2018-11-12T21:23:21.000Z",45.701965,5.883716,0.25,4,7.25,67.5,null
"2018-11-12T21:27:21.000Z",45.701965,5.883716,0,5,9.5,45,null
"2018-11-12T21:31:21.000Z",45.701965,5.883716,5.25,7,9.5,202.5,null
"2018-11-12T21:35:26.000Z",45.701965,5.883716,4.75,7,9.75,157.5,null
"2018-11-12T21:39:26.000Z",45.701965,5.883716,3.5,5.5,8.25,135,null
"2018-11-12T21:43:26.000Z",45.701965,5.883716,1.5,6,10,135,null
"2018-11-12T21:47:29.000Z",45.701965,5.883716,0,2.5,6.5,157.5,null
"2018-11-12T21:51:29.000Z",45.701965,5.883716,0,2.25,6,180,null
"2018-11-12T21:55:29.000Z",45.701965,5.883716,4.25,6.5,9.5,180,null
"2018-11-12T21:59:33.000Z",45.701965,5.883716,1.5,6.5,9.75,157.5,null
"2018-11-12T22:03:33.000Z",45.701965,5.883716,1.5,3.5,7.75,135,null
"2018-11-12T22:07:33.000Z",45.701965,5.883716,1,3.75,7.25,135,null
"2018-11-12T22:11:37.000Z",45.701965,5.883716,0,2,6.5,135,null
"2018-11-12T22:15:37.000Z",45.701965,5.883716,0,0,0.25,135,null
"2018-11-12T22:19:37.000Z",45.701965,5.883716,0,1,1.75,135,null
"2018-11-12T22:23:41.000Z",45.701965,5.883716,0,1,2.5,135,null
"2018-11-12T22:27:41.000Z",45.701965,5.883716,0.25,2,4.75,135,null
"2018-11-12T22:31:41.000Z",45.701965,5.883716,2,4.75,7.75,112.5,null
"2018-11-12T22:35:46.000Z",45.701965,5.883716,0,2.25,6.25,90,null
"2018-11-12T22:39:46.000Z",45.701965,5.883716,1,2.5,3.5,90,null
"2018-11-12T22:43:46.000Z",45.701965,5.883716,0,0.75,2,90,null
"2018-11-12T22:47:50.000Z",45.701965,5.883716,1,4.5,7,67.5,null
"2018-11-12T22:51:50.000Z",45.701965,5.883716,2,4.25,6,67.5,null
"2018-11-12T22:55:50.000Z",45.701965,5.883716,0.75,2,3.5,67.5,null
"2018-11-12T22:59:53.000Z",45.701965,5.883716,0.25,1.75,3.75,90,null
"2018-11-12T23:03:53.000Z",45.701965,5.883716,0.25,4,8.25,135,null
"2018-11-12T23:07:53.000Z",45.701965,5.883716,2.5,5.25,8.25,112.5,null
"2018-11-12T23:11:57.000Z",45.701965,5.883716,2.5,5.5,11,112.5,null
"2018-11-12T23:15:57.000Z",45.701965,5.883716,2,5.75,9,90,null
"2018-11-12T23:19:57.000Z",45.701965,5.883716,2.75,5.5,10,90,null
"2018-11-12T23:24:02.000Z",45.701965,5.883716,2.5,3.75,4.75,90,null
"2018-11-12T23:28:02.000Z",45.701965,5.883716,0,2,3.5,90,null
"2018-11-12T23:32:02.000Z",45.701965,5.883716,0.75,2.25,3.75,112.5,null
"2018-11-12T23:36:06.000Z",45.701965,5.883716,0,1.75,5.25,112.5,null
"2018-11-12T23:40:06.000Z",45.701965,5.883716,1,3,5.5,112.5,null
"2018-11-12T23:44:06.000Z",45.701965,5.883716,0,2.25,4.5,112.5,null
"2018-11-12T23:48:10.000Z",45.701965,5.883716,0,1.25,3.5,112.5,null
"2018-11-12T23:52:10.000Z",45.701965,5.883716,1.5,4,7.25,135,null
"2018-11-12T23:56:10.000Z",45.701965,5.883716,1.75,4.5,7.75,135,null
"2018-11-13T00:00:14.000Z",45.701965,5.883716,2,4.5,7.75,135,null
"2018-11-13T00:04:14.000Z",45.701965,5.883716,1.75,3.25,5.25,157.5,null
"2018-11-13T00:08:14.000Z",45.701965,5.883716,1.75,4,6,135,null
"2018-11-13T00:12:18.000Z",45.701965,5.883716,3.25,7,13,135,null
"2018-11-13T00:16:18.000Z",45.701965,5.883716,2,5.75,8.25,157.5,null
"2018-11-13T00:20:18.000Z",45.701965,5.883716,4.5,7,8.75,157.5,null
"2018-11-13T00:24:22.000Z",45.701965,5.883716,3.25,5.5,7,135,null
"2018-11-13T00:28:22.000Z",45.701965,5.883716,3.25,5.5,7.25,157.5,null
"2018-11-13T00:32:22.000Z",45.701965,5.883716,1.5,3.5,6,135,null
"2018-11-13T00:36:26.000Z",45.701965,5.883716,0.25,2.25,5.25,157.5,null
"2018-11-13T00:40:26.000Z",45.701965,5.883716,0,1.75,5.25,157.5,null
"2018-11-13T00:44:26.000Z",45.701965,5.883716,0,0.5,2.75,157.5,null
"2018-11-13T00:48:30.000Z",45.701965,5.883716,3.25,4.5,5.5,157.5,null
"2018-11-13T00:52:30.000Z",45.701965,5.883716,1.5,4.75,10.5,112.5,null
"2018-11-13T00:56:30.000Z",45.701965,5.883716,0.75,2.75,6,135,null
"2018-11-13T01:00:34.000Z",45.701965,5.883716,2.5,5.75,7.25,180,null
"2018-11-13T01:04:34.000Z",45.701965,5.883716,1,4.25,7.25,180,null
"2018-11-13T01:08:34.000Z",45.701965,5.883716,0,0.75,4.25,157.5,null
"2018-11-13T01:12:39.000Z",45.701965,5.883716,0,0,0,157.5,null
"2018-11-13T01:16:39.000Z",45.701965,5.883716,0,1,3.5,157.5,null
"2018-11-13T01:20:39.000Z",45.701965,5.883716,2,3,3.75,157.5,null
"2018-11-13T01:24:43.000Z",45.701965,5.883716,1.75,3.5,4.75,157.5,null
"2018-11-13T01:28:43.000Z",45.701965,5.883716,0,2.25,6.25,157.5,null
"2018-11-13T01:32:43.000Z",45.701965,5.883716,0,3,5.5,180,null
"2018-11-13T01:36:46.000Z",45.701965,5.883716,1,4,6,180,null
"2018-11-13T01:40:46.000Z",45.701965,5.883716,0,3.25,4.75,180,null
"2018-11-13T01:44:46.000Z",45.701965,5.883716,0,2.5,7,135,null
"2018-11-13T01:48:50.000Z",45.701965,5.883716,1.5,3.5,6.25,112.5,null
"2018-11-13T01:52:50.000Z",45.701965,5.883716,0.75,3.25,6.25,135,null
"2018-11-13T01:56:50.000Z",45.701965,5.883716,0,3.75,7,157.5,null
"2018-11-13T02:00:55.000Z",45.701965,5.883716,0,1.75,4.5,157.5,null
"2018-11-13T02:04:55.000Z",45.701965,5.883716,0,2,6.25,157.5,null
"2018-11-13T02:08:55.000Z",45.701965,5.883716,0,1.5,6,157.5,null
"2018-11-13T02:12:58.000Z",45.701965,5.883716,0.25,2.25,5.5,157.5,null
"2018-11-13T02:16:58.000Z",45.701965,5.883716,0,2.5,6.25,157.5,null
"2018-11-13T02:20:58.000Z",45.701965,5.883716,0,1,4.75,180,null
"2018-11-13T02:25:03.000Z",45.701965,5.883716,0,1,2.75,180,null
"2018-11-13T02:29:03.000Z",45.701965,5.883716,0,1.5,4.5,180,null
"2018-11-13T02:33:03.000Z",45.701965,5.883716,0,0.75,6.25,157.5,null
"2018-11-13T02:37:07.000Z",45.701965,5.883716,0,0.5,3.75,157.5,null
"2018-11-13T02:41:07.000Z",45.701965,5.883716,0,2.25,9,112.5,null
"2018-11-13T02:45:07.000Z",45.701965,5.883716,4.25,6,8.25,90,null
"2018-11-13T02:49:11.000Z",45.701965,5.883716,0,2.5,5.25,67.5,null
"2018-11-13T02:53:11.000Z",45.701965,5.883716,0,3,7.75,90,null
"2018-11-13T02:57:11.000Z",45.701965,5.883716,0,0.75,2.5,90,null
"2018-11-13T03:01:15.000Z",45.701965,5.883716,0,0.25,2.5,90,null
"2018-11-13T03:05:15.000Z",45.701965,5.883716,0,0,1.75,90,null
"2018-11-13T03:09:15.000Z",45.701965,5.883716,0,0,0,90,null
"2018-11-13T03:13:19.000Z",45.701965,5.883716,0,1,3.75,90,null
"2018-11-13T03:17:19.000Z",45.701965,5.883716,1,3.25,5.25,90,null
"2018-11-13T03:21:19.000Z",45.701965,5.883716,0.75,3,5.25,112.5,null
"2018-11-13T03:25:23.000Z",45.701965,5.883716,0,2.5,4.75,112.5,null
"2018-11-13T03:29:23.000Z",45.701965,5.883716,1,4,6.5,135,null
"2018-11-13T03:33:23.000Z",45.701965,5.883716,0,1.25,5.25,135,null
"2018-11-13T03:37:26.000Z",45.701965,5.883716,1.75,3.25,6,135,null
"2018-11-13T03:41:26.000Z",45.701965,5.883716,1.75,3.25,4.75,135,null
"2018-11-13T03:45:26.000Z",45.701965,5.883716,0.75,3.5,6.25,135,null
"2018-11-13T03:49:30.000Z",45.701965,5.883716,0.75,2.25,4.5,112.5,null
"2018-11-13T03:53:30.000Z",45.701965,5.883716,0,2.75,8.25,90,null
"2018-11-13T03:57:30.000Z",45.701965,5.883716,0,2.25,4.25,180,null
"2018-11-13T04:01:34.000Z",45.701965,5.883716,0,1.25,4.25,157.5,null
"2018-11-13T04:05:34.000Z",45.701965,5.883716,0.25,2.75,5.25,157.5,null
"2018-11-13T04:09:34.000Z",45.701965,5.883716,0,2,4.25,157.5,null
"2018-11-13T04:13:39.000Z",45.701965,5.883716,1.5,3,5.25,157.5,null
"2018-11-13T04:17:39.000Z",45.701965,5.883716,4.5,7,8.75,135,null
"2018-11-13T04:21:39.000Z",45.701965,5.883716,1,5.5,9.75,157.5,null
"2018-11-13T04:25:43.000Z",45.701965,5.883716,3.5,7.25,13.5,180,null
"2018-11-13T04:29:43.000Z",45.701965,5.883716,0,5.25,15,180,null
"2018-11-13T04:33:43.000Z",45.701965,5.883716,0,7.25,12.5,157.5,null
"2018-11-13T04:37:47.000Z",45.701965,5.883716,0,4,8,135,null
"2018-11-13T04:41:47.000Z",45.701965,5.883716,0,3.75,9.5,180,null
"2018-11-13T04:45:47.000Z",45.701965,5.883716,0,3.75,9.75,90,null
"2018-11-13T04:49:51.000Z",45.701965,5.883716,0,2.25,6.25,180,null
"2018-11-13T04:53:51.000Z",45.701965,5.883716,0,1.25,8.75,180,null
"2018-11-13T04:57:51.000Z",45.701965,5.883716,0,4.25,10,135,null
"2018-11-13T05:01:55.000Z",45.701965,5.883716,0,7.5,11,180,null
"2018-11-13T05:05:55.000Z",45.701965,5.883716,2.75,6.75,11.5,112.5,null
"2018-11-13T05:09:55.000Z",45.701965,5.883716,0,3.75,9.5,157.5,null
"2018-11-13T05:13:59.000Z",45.701965,5.883716,1,4,7,180,null
"2018-11-13T05:17:59.000Z",45.701965,5.883716,0.75,3,7.75,180,null
"2018-11-13T05:21:59.000Z",45.701965,5.883716,0,3,8.25,202.5,null
"2018-11-13T05:26:04.000Z",45.701965,5.883716,0,1.5,6,135,null
"2018-11-13T05:30:04.000Z",45.701965,5.883716,0,2,5.5,112.5,null
"2018-11-13T05:34:04.000Z",45.701965,5.883716,0,2.25,5.5,157.5,null
"2018-11-13T05:38:07.000Z",45.701965,5.883716,0.25,3,5.5,157.5,null
"2018-11-13T05:42:07.000Z",45.701965,5.883716,0,2.25,4.5,157.5,null
"2018-11-13T05:46:07.000Z",45.701965,5.883716,0,2.5,8.25,135,null
"2018-11-13T05:50:11.000Z",45.701965,5.883716,0.25,3.75,7.25,112.5,null
"2018-11-13T05:54:11.000Z",45.701965,5.883716,0.25,2.25,5.25,112.5,null
"2018-11-13T05:58:11.000Z",45.701965,5.883716,1.5,4.25,7,112.5,null
"2018-11-13T06:02:15.000Z",45.701965,5.883716,0,2,8,112.5,null
"2018-11-13T06:06:15.000Z",45.701965,5.883716,0,0.25,1,112.5,null
"2018-11-13T06:10:15.000Z",45.701965,5.883716,0,0.5,1.75,112.5,null
"2018-11-13T06:14:19.000Z",45.701965,5.883716,0,2.5,6,112.5,null
"2018-11-13T06:18:19.000Z",45.701965,5.883716,0,4,9,90,null
"2018-11-13T06:22:19.000Z",45.701965,5.883716,0,2.75,7,90,null
"2018-11-13T06:26:24.000Z",45.701965,5.883716,0,2.25,5.25,90,null
"2018-11-13T06:30:24.000Z",45.701965,5.883716,0.25,2.75,5.5,90,null
"2018-11-13T06:34:24.000Z",45.701965,5.883716,0.75,3.5,6.25,90,null
"2018-11-13T06:38:28.000Z",45.701965,5.883716,2,4.5,7,90,null
"2018-11-13T06:42:28.000Z",45.701965,5.883716,1.5,4,6.25,112.5,null
"2018-11-13T06:46:28.000Z",45.701965,5.883716,1.5,5,8.25,135,null
"2018-11-13T06:50:31.000Z",45.701965,5.883716,1.75,4.25,7,157.5,null
"2018-11-13T06:54:31.000Z",45.701965,5.883716,1.5,4.5,7.75,157.5,null
"2018-11-13T06:58:31.000Z",45.701965,5.883716,0,2,4.5,135,null
"2018-11-13T07:02:36.000Z",45.701965,5.883716,1.75,4.25,7.75,90,null
"2018-11-13T07:06:36.000Z",45.701965,5.883716,1.5,4.75,7,67.5,null
"2018-11-13T07:10:36.000Z",45.701965,5.883716,0,0.75,4.25,67.5,null
"2018-11-13T07:14:40.000Z",45.701965,5.883716,0,0.5,2.75,90,null
"2018-11-13T07:18:40.000Z",45.701965,5.883716,0,0.75,3.5,67.5,null
"2018-11-13T07:22:40.000Z",45.701965,5.883716,0,2.75,6.25,90,null
"2018-11-13T07:26:44.000Z",45.701965,5.883716,0,1.5,4.5,90,null
"2018-11-13T07:30:44.000Z",45.701965,5.883716,0,2.5,7.25,90,null
"2018-11-13T07:34:44.000Z",45.701965,5.883716,0,2,7,157.5,null
"2018-11-13T07:38:48.000Z",45.701965,5.883716,0,1.75,5.5,157.5,null
"2018-11-13T07:42:48.000Z",45.701965,5.883716,0,2.25,7,180,null
"2018-11-13T07:46:48.000Z",45.701965,5.883716,2,4,6,180,null
"2018-11-13T07:50:51.000Z",45.701965,5.883716,0,2.25,7.75,180,null
"2018-11-13T07:54:51.000Z",45.701965,5.883716,0,2.5,8,180,null
"2018-11-13T07:58:51.000Z",45.701965,5.883716,0,0,1.5,180,null
"2018-11-13T08:02:56.000Z",45.701965,5.883716,0,0.25,2.5,180,null
"2018-11-13T08:06:56.000Z",45.701965,5.883716,0,0.5,2.5,202.5,null
"2018-11-13T08:10:56.000Z",45.701965,5.883716,2,4.25,5.25,202.5,null
"2018-11-13T08:15:00.000Z",45.701965,5.883716,1.5,3.75,5.5,202.5,null
"2018-11-13T08:19:00.000Z",45.701965,5.883716,0.75,3.5,6,202.5,null
"2018-11-13T08:23:00.000Z",45.701965,5.883716,0,0.75,2,202.5,null
"2018-11-13T08:27:04.000Z",45.701965,5.883716,0,1.75,5.25,202.5,null
"2018-11-13T08:31:04.000Z",45.701965,5.883716,0,0.5,3.75,202.5,null
"2018-11-13T08:35:04.000Z",45.701965,5.883716,2.75,6.5,9,22.5,null
"2018-11-13T08:39:08.000Z",45.701965,5.883716,0.25,1.75,4.25,45,null
"2018-11-13T08:43:08.000Z",45.701965,5.883716,2.75,4.75,8.25,45,null
"2018-11-13T08:47:08.000Z",45.701965,5.883716,0,1.5,6,22.5,null
"2018-11-13T08:51:12.000Z",45.701965,5.883716,4.5,6.75,8.25,337.5,null
"2018-11-13T08:55:12.000Z",45.701965,5.883716,7,9,10.5,337.5,null
"2018-11-13T08:59:12.000Z",45.701965,5.883716,6.25,9.25,11,0,null
"2018-11-13T09:03:17.000Z",45.701965,5.883716,3.75,7.75,11,0,null
"2018-11-13T09:07:17.000Z",45.701965,5.883716,4.25,8,11.5,0,null
"2018-11-13T09:11:17.000Z",45.701965,5.883716,6.5,10.5,16.5,0,null
"2018-11-13T09:15:20.000Z",45.701965,5.883716,7.75,10.5,16,0,null
"2018-11-13T09:19:20.000Z",45.701965,5.883716,3.25,9.5,17.5,337.5,null
"2018-11-13T09:23:20.000Z",45.701965,5.883716,14.5,18.5,21.5,337.5,null
"2018-11-13T09:27:24.000Z",45.701965,5.883716,11,17.5,22,337.5,null
"2018-11-13T09:31:24.000Z",45.701965,5.883716,12,17,20,0,null
"2018-11-13T09:35:24.000Z",45.701965,5.883716,9,16,19.5,0,null
"2018-11-13T09:39:29.000Z",45.701965,5.883716,12,16.5,21,0,null
"2018-11-13T09:43:29.000Z",45.701965,5.883716,12.5,18.5,21.5,0,null
"2018-11-13T09:47:29.000Z",45.701965,5.883716,12,16,19,0,null
"2018-11-13T09:51:33.000Z",45.701965,5.883716,13.5,17.5,20.5,0,null
"2018-11-13T09:55:33.000Z",45.701965,5.883716,7.75,14.5,18,0,null
"2018-11-13T09:59:33.000Z",45.701965,5.883716,10,14,18,22.5,null
"2018-11-13T10:03:37.000Z",45.701965,5.883716,11,16,21,0,null
"2018-11-13T10:07:37.000Z",45.701965,5.883716,10,16,20,0,null
"2018-11-13T10:11:37.000Z",45.701965,5.883716,12,18,21,0,null
"2018-11-13T10:15:41.000Z",45.701965,5.883716,12,17,20,0,null
"2018-11-13T10:19:41.000Z",45.701965,5.883716,8.25,15,19,0,null
"2018-11-13T10:23:41.000Z",45.701965,5.883716,13,16,19,0,null
"2018-11-13T10:27:45.000Z",45.701965,5.883716,13,17,20,0,null
"2018-11-13T10:31:45.000Z",45.701965,5.883716,15,18,22.5,0,null
"2018-11-13T10:35:45.000Z",45.701965,5.883716,13.5,17,23,0,null
"2018-11-13T10:39:49.000Z",45.701965,5.883716,20,23,26,337.5,null
"2018-11-13T10:43:49.000Z",45.701965,5.883716,18,22,26,0,null
"2018-11-13T10:47:49.000Z",45.701965,5.883716,19,23,27.5,0,null
"2018-11-13T10:51:53.000Z",45.701965,5.883716,16,20,23.5,0,null
"2018-11-13T10:55:53.000Z",45.701965,5.883716,15.5,21,26,337.5,null
"2018-11-13T10:59:53.000Z",45.701965,5.883716,20,25,29,337.5,null
"2018-11-13T11:03:57.000Z",45.701965,5.883716,19,26,29,337.5,null
"2018-11-13T11:07:57.000Z",45.701965,5.883716,21,24.5,28,0,null
"2018-11-13T11:11:57.000Z",45.701965,5.883716,20,24,27,0,null
"2018-11-13T11:16:01.000Z",45.701965,5.883716,19,23.5,27,0,null
"2018-11-13T11:20:01.000Z",45.701965,5.883716,17.5,22,25,0,null
"2018-11-13T11:24:01.000Z",45.701965,5.883716,14,21,25.5,0,null
"2018-11-13T11:28:04.000Z",45.701965,5.883716,18,23,27,0,null
"2018-11-13T11:32:04.000Z",45.701965,5.883716,18.5,24,27,0,null
"2018-11-13T11:36:04.000Z",45.701965,5.883716,20,24,27,0,null
"2018-11-13T11:40:09.000Z",45.701965,5.883716,18,22.5,27,0,null
"2018-11-13T11:44:09.000Z",45.701965,5.883716,16.5,21,25.5,0,null
"2018-11-13T11:48:09.000Z",45.701965,5.883716,17,21.5,25,0,null
"2018-11-13T11:52:13.000Z",45.701965,5.883716,18,21.5,24,0,null
"2018-11-13T11:56:13.000Z",45.701965,5.883716,19,23,29,0,null
"2018-11-13T12:00:13.000Z",45.701965,5.883716,20,23.5,27.5,0,null
"2018-11-13T12:04:17.000Z",45.701965,5.883716,18,22,26,0,null
"2018-11-13T12:08:17.000Z",45.701965,5.883716,17.5,21,24.5,0,null
"2018-11-13T12:12:17.000Z",45.701965,5.883716,13.5,19,22.5,337.5,null
"2018-11-13T12:16:21.000Z",45.701965,5.883716,15.5,18.5,21.5,337.5,null
"2018-11-13T12:20:21.000Z",45.701965,5.883716,19,22,24,0,null
"2018-11-13T12:24:21.000Z",45.701965,5.883716,16.5,21,24.5,337.5,null
"2018-11-13T12:28:25.000Z",45.701965,5.883716,17.5,21,24.5,337.5,null
"2018-11-13T12:32:25.000Z",45.701965,5.883716,16.5,21,23,337.5,null
"2018-11-13T12:36:25.000Z",45.701965,5.883716,16.5,20.5,23.5,337.5,null
"2018-11-13T12:40:29.000Z",45.701965,5.883716,17,20,23.5,0,null
"2018-11-13T12:44:29.000Z",45.701965,5.883716,17.5,20,22.5,337.5,null
"2018-11-13T12:48:29.000Z",45.701965,5.883716,15.5,19.5,23,337.5,null
"2018-11-13T12:52:33.000Z",45.701965,5.883716,16,19,21,337.5,null
"2018-11-13T12:56:33.000Z",45.701965,5.883716,15.5,18,21,337.5,null
"2018-11-13T13:00:33.000Z",45.701965,5.883716,15,18.5,21.5,337.5,null
"2018-11-13T13:04:37.000Z",45.701965,5.883716,16,19,21,337.5,null
"2018-11-13T13:08:37.000Z",45.701965,5.883716,14.5,19,21.5,337.5,null
"2018-11-13T13:12:37.000Z",45.701965,5.883716,14.5,18,21,337.5,null
"2018-11-13T13:16:42.000Z",45.701965,5.883716,13,16.5,20,337.5,null
"2018-11-13T13:20:42.000Z",45.701965,5.883716,13,16,20,0,null
"2018-11-13T13:24:42.000Z",45.701965,5.883716,12,17,21,0,null
"2018-11-13T13:28:45.000Z",45.701965,5.883716,14.5,19,22.5,0,null
"2018-11-13T13:32:45.000Z",45.701965,5.883716,16.5,19.5,22.5,0,null
"2018-11-13T13:36:45.000Z",45.701965,5.883716,15.5,18.5,21,0,null
"2018-11-13T13:40:50.000Z",45.701965,5.883716,12,15,17.5,0,null
"2018-11-13T13:44:50.000Z",45.701965,5.883716,11,15,17,0,null
"2018-11-13T13:48:50.000Z",45.701965,5.883716,11,14,16.5,0,null
"2018-11-13T13:52:53.000Z",45.701965,5.883716,12.5,14.5,18.5,0,null
"2018-11-13T13:56:53.000Z",45.701965,5.883716,11,14.5,16.5,0,null
"2018-11-13T14:00:53.000Z",45.701965,5.883716,10.5,13,16.5,0,null
"2018-11-13T14:04:58.000Z",45.701965,5.883716,12,16.5,19,0,null
"2018-11-13T14:08:58.000Z",45.701965,5.883716,15.5,19,21,0,null
"2018-11-13T14:12:58.000Z",45.701965,5.883716,13.5,16.5,19,0,null
"2018-11-13T14:17:01.000Z",45.701965,5.883716,12,15.5,17.5,0,null
"2018-11-13T14:21:01.000Z",45.701965,5.883716,12,15,18,0,null
"2018-11-13T14:25:01.000Z",45.701965,5.883716,12,14,17.5,0,null
"2018-11-13T14:29:05.000Z",45.701965,5.883716,9.5,12.5,15,0,null
"2018-11-13T14:33:05.000Z",45.701965,5.883716,9.5,11,12.5,0,null
"2018-11-13T14:37:05.000Z",45.701965,5.883716,9.75,11.5,13,0,null
"2018-11-13T14:41:10.000Z",45.701965,5.883716,9,11.5,14,0,null
"2018-11-13T14:45:10.000Z",45.701965,5.883716,8.75,12.5,14.5,0,null
"2018-11-13T14:49:10.000Z",45.701965,5.883716,9,10.5,12,0,null
"2018-11-13T14:53:14.000Z",45.701965,5.883716,8.25,10,12,0,null
"2018-11-13T14:57:14.000Z",45.701965,5.883716,10,11.5,13.5,0,null
"2018-11-13T15:01:14.000Z",45.701965,5.883716,12,14.5,18,0,null
"2018-11-13T15:05:18.000Z",45.701965,5.883716,13,16.5,19,0,null
"2018-11-13T15:09:18.000Z",45.701965,5.883716,14.5,17,20.5,0,null
"2018-11-13T15:13:18.000Z",45.701965,5.883716,15.5,19,22.5,0,null
"2018-11-13T15:17:22.000Z",45.701965,5.883716,14.5,18,21,0,null
"2018-11-13T15:21:22.000Z",45.701965,5.883716,14,17,20.5,0,null
"2018-11-13T15:25:22.000Z",45.701965,5.883716,14.5,18.5,22.5,0,null
"2018-11-13T15:29:26.000Z",45.701965,5.883716,14.5,18.5,21,0,null
"2018-11-13T15:33:26.000Z",45.701965,5.883716,14.5,18.5,21,0,null
"2018-11-13T15:37:26.000Z",45.701965,5.883716,11,17.5,21,0,null
"2018-11-13T15:41:29.000Z",45.701965,5.883716,10,14,16.5,0,null
"2018-11-13T15:45:29.000Z",45.701965,5.883716,13,15,17,0,null
"2018-11-13T15:49:29.000Z",45.701965,5.883716,13.5,16.5,20,0,null
"2018-11-13T15:53:34.000Z",45.701965,5.883716,15,17.5,20,0,null
"2018-11-13T15:57:34.000Z",45.701965,5.883716,12.5,16.5,19.5,0,null
"2018-11-13T16:01:34.000Z",45.701965,5.883716,10.5,13.5,16.5,0,null
"2018-11-13T16:05:38.000Z",45.701965,5.883716,9.5,13,16.5,22.5,null
"2018-11-13T16:09:38.000Z",45.701965,5.883716,7,11.5,15.5,22.5,null
"2018-11-13T16:13:38.000Z",45.701965,5.883716,6,10.5,15,22.5,null
"2018-11-13T16:17:42.000Z",45.701965,5.883716,7.75,11,13.5,22.5,null
"2018-11-13T16:21:42.000Z",45.701965,5.883716,7.25,12,17,0,null
"2018-11-13T16:25:42.000Z",45.701965,5.883716,8.25,13.5,17,22.5,null
"2018-11-13T16:29:46.000Z",45.701965,5.883716,8.25,12.5,16.5,22.5,null
"2018-11-13T16:33:46.000Z",45.701965,5.883716,8.75,13,16.5,0,null
"2018-11-13T16:37:46.000Z",45.701965,5.883716,9.75,14,18.5,0,null
"2018-11-13T16:41:50.000Z",45.701965,5.883716,6,10.5,13.5,22.5,null
"2018-11-13T16:45:50.000Z",45.701965,5.883716,7,10,12,22.5,null
"2018-11-13T16:49:50.000Z",45.701965,5.883716,6.5,10.5,14,0,null
"2018-11-13T16:53:54.000Z",45.701965,5.883716,9.5,11,13,0,null
"2018-11-13T16:57:54.000Z",45.701965,5.883716,9.5,11.5,13.5,0,null
"2018-11-13T17:01:54.000Z",45.701965,5.883716,7,9.25,12,22.5,null
"2018-11-13T17:05:58.000Z",45.701965,5.883716,5.5,8.5,12,22.5,null
"2018-11-13T17:09:58.000Z",45.701965,5.883716,3.25,7,11.5,22.5,null
"2018-11-13T17:13:58.000Z",45.701965,5.883716,3.25,7,10.5,22.5,null
"2018-11-13T17:18:02.000Z",45.701965,5.883716,4.5,6.75,9.5,22.5,null
"2018-11-13T17:22:02.000Z",45.701965,5.883716,3.25,5.75,8,22.5,null
"2018-11-13T17:26:02.000Z",45.701965,5.883716,4.5,7.5,11,22.5,null
"2018-11-13T17:30:06.000Z",45.701965,5.883716,5.5,8.5,11,22.5,null
"2018-11-13T17:34:06.000Z",45.701965,5.883716,6.5,9.5,13,0,null
"2018-11-13T17:38:06.000Z",45.701965,5.883716,6.25,8.25,11,22.5,null
"2018-11-13T17:42:10.000Z",45.701965,5.883716,6,8.75,12,0,null
"2018-11-13T17:46:10.000Z",45.701965,5.883716,7,11,15.5,0,null
"2018-11-13T17:50:10.000Z",45.701965,5.883716,7.25,13.5,16,0,null
"2018-11-13T17:54:15.000Z",45.701965,5.883716,7.25,10.5,14.5,0,null
"2018-11-13T17:58:15.000Z",45.701965,5.883716,3.25,7,11,22.5,null
"2018-11-13T18:02:15.000Z",45.701965,5.883716,4.25,8,12,22.5,null
"2018-11-13T18:06:18.000Z",45.701965,5.883716,4.5,10.5,14,22.5,null
"2018-11-13T18:10:18.000Z",45.701965,5.883716,3.5,8,15.5,22.5,null
"2018-11-13T18:14:18.000Z",45.701965,5.883716,3.5,6.5,10.5,22.5,null
"2018-11-13T18:18:22.000Z",45.701965,5.883716,3.75,7.5,9.75,22.5,null
"2018-11-13T18:22:22.000Z",45.701965,5.883716,3.5,6.75,10,22.5,null
"2018-11-13T18:26:22.000Z",45.701965,5.883716,1.75,5.75,8.75,22.5,null
"2018-11-13T18:30:26.000Z",45.701965,5.883716,3.75,7,11,22.5,null
"2018-11-13T18:34:26.000Z",45.701965,5.883716,4.75,10,14.5,22.5,null
"2018-11-13T18:38:26.000Z",45.701965,5.883716,5.5,11.5,14.5,0,null
"2018-11-13T18:42:31.000Z",45.701965,5.883716,8.75,12,15,0,null
"2018-11-13T18:46:31.000Z",45.701965,5.883716,7.75,10.5,15.5,0,null
"2018-11-13T18:50:31.000Z",45.701965,5.883716,7.75,10.5,14,0,null
"2018-11-13T18:54:34.000Z",45.701965,5.883716,7,11,13,0,null
"2018-11-13T18:58:34.000Z",45.701965,5.883716,5.25,9,13,0,null
"2018-11-13T19:02:34.000Z",45.701965,5.883716,1.5,4.75,9.5,0,null
"2018-11-13T19:06:38.000Z",45.701965,5.883716,1.75,3.75,6,0,null
"2018-11-13T19:10:38.000Z",45.701965,5.883716,1.75,3.25,5.25,0,null
"2018-11-13T19:14:38.000Z",45.701965,5.883716,0.75,3,5.25,0,null
"2018-11-13T19:18:42.000Z",45.701965,5.883716,0,2.25,4.5,0,null
"2018-11-13T19:22:42.000Z",45.701965,5.883716,0.75,1.5,3.25,0,null
"2018-11-13T19:26:42.000Z",45.701965,5.883716,0,2,5.25,0,null
"2018-11-13T19:30:47.000Z",45.701965,5.883716,1,3,6,0,null
"2018-11-13T19:34:47.000Z",45.701965,5.883716,0.75,3,5.25,0,null
"2018-11-13T19:38:47.000Z",45.701965,5.883716,1.5,3.25,4.75,0,null
"2018-11-13T19:42:50.000Z",45.701965,5.883716,1.5,3.25,5.25,0,null
"2018-11-13T19:46:50.000Z",45.701965,5.883716,1.75,3.5,6,0,null
"2018-11-13T19:50:50.000Z",45.701965,5.883716,1.75,3.75,7.25,0,null
"2018-11-13T19:55:31.000Z",45.701965,5.883716,1.5,3.5,6,0,null
"2018-11-13T19:59:31.000Z",45.701965,5.883716,0.75,4.5,8.75,0,null
"2018-11-13T20:03:31.000Z",45.701965,5.883716,2.5,5,7.75,0,null
"2018-11-13T20:07:35.000Z",45.701965,5.883716,4.25,6.75,8.75,22.5,null
"2018-11-13T20:11:35.000Z",45.701965,5.883716,3.5,6.5,9.5,22.5,null
"2018-11-13T20:15:35.000Z",45.701965,5.883716,3.5,5.75,8.75,22.5,null
"2018-11-13T20:19:39.000Z",45.701965,5.883716,1,3.25,6.5,22.5,null
"2018-11-13T20:23:39.000Z",45.701965,5.883716,1.5,2.75,5.25,22.5,null
"2018-11-13T20:27:39.000Z",45.701965,5.883716,0.75,2,4.25,22.5,null
"2018-11-13T20:31:43.000Z",45.701965,5.883716,0,1.25,2.75,22.5,null
"2018-11-13T20:35:43.000Z",45.701965,5.883716,0,0.5,2,22.5,null
"2018-11-13T20:39:43.000Z",45.701965,5.883716,0,0,0.75,22.5,null
"2018-11-13T20:43:47.000Z",45.701965,5.883716,0,0,0,22.5,null
"2018-11-13T20:47:47.000Z",45.701965,5.883716,0,0,0,22.5,null
"2018-11-13T20:51:47.000Z",45.701965,5.883716,0,0,0,22.5,null
"2018-11-13T20:55:51.000Z",45.701965,5.883716,0,0,0,22.5,null
"2018-11-13T20:59:51.000Z",45.701965,5.883716,0,0,0,22.5,null
"2018-11-13T21:03:51.000Z",45.701965,5.883716,0,0,0,22.5,null
"2018-11-13T21:07:55.000Z",45.701965,5.883716,0,0,0,22.5,null
"2018-11-13T21:11:55.000Z",45.701965,5.883716,0,0.25,0.75,22.5,null
"2018-11-13T21:15:55.000Z",45.701965,5.883716,0.25,0.75,2,22.5,null
"2018-11-13T21:19:59.000Z",45.701965,5.883716,0.75,1.5,2.5,22.5,null
"2018-11-13T21:23:59.000Z",45.701965,5.883716,0,1.5,2.75,22.5,null
"2018-11-13T21:27:59.000Z",45.701965,5.883716,0.25,1.75,2.75,22.5,null
"2018-11-13T21:32:03.000Z",45.701965,5.883716,0,1.5,3.25,22.5,null
"2018-11-13T21:36:03.000Z",45.701965,5.883716,0,0.75,2,22.5,null
"2018-11-13T21:40:03.000Z",45.701965,5.883716,0.75,1.75,3.5,22.5,null
"2018-11-13T21:44:08.000Z",45.701965,5.883716,0,1,3.75,22.5,null
"2018-11-13T21:48:08.000Z",45.701965,5.883716,0,1.25,3.75,22.5,null
"2018-11-13T21:52:08.000Z",45.701965,5.883716,0,0.25,2.75,22.5,null
"2018-11-13T21:56:12.000Z",45.701965,5.883716,0,0.75,1.5,22.5,null
"2018-11-13T22:00:12.000Z",45.701965,5.883716,1.5,3,5.5,22.5,null
"2018-11-13T22:04:12.000Z",45.701965,5.883716,1.5,3.75,7.75,22.5,null
"2018-11-13T22:08:16.000Z",45.701965,5.883716,0.25,3,5.5,22.5,null
"2018-11-13T22:12:16.000Z",45.701965,5.883716,2,3.25,4.5,22.5,null
"2018-11-13T22:16:16.000Z",45.701965,5.883716,2,3.5,5.5,22.5,null
"2018-11-13T22:20:19.000Z",45.701965,5.883716,1.75,3.75,6,22.5,null
"2018-11-13T22:24:19.000Z",45.701965,5.883716,2.75,5.25,9,45,null
"2018-11-13T22:28:19.000Z",45.701965,5.883716,3.75,6.25,9,45,null
"2018-11-13T22:32:24.000Z",45.701965,5.883716,3.5,6,10.5,45,null
"2018-11-13T22:36:24.000Z",45.701965,5.883716,2.5,6,9.5,45,null
"2018-11-13T22:40:24.000Z",45.701965,5.883716,5.5,7.5,9.5,45,null
"2018-11-13T22:44:27.000Z",45.701965,5.883716,4.5,6.5,8.75,45,null
"2018-11-13T22:48:27.000Z",45.701965,5.883716,2,5,8.25,45,null
"2018-11-13T22:52:27.000Z",45.701965,5.883716,3.25,5.5,8.25,45,null
"2018-11-13T22:56:31.000Z",45.701965,5.883716,1.5,5,8,67.5,null
"2018-11-13T23:00:31.000Z",45.701965,5.883716,1.75,3.75,7,45,null
"2018-11-13T23:04:31.000Z",45.701965,5.883716,3.25,4.75,7.75,45,null
"2018-11-13T23:08:36.000Z",45.701965,5.883716,2,4.75,7.25,45,null
"2018-11-13T23:12:36.000Z",45.701965,5.883716,0.75,2.75,6.25,45,null
"2018-11-13T23:16:36.000Z",45.701965,5.883716,0.75,2.75,7,45,null
"2018-11-13T23:20:39.000Z",45.701965,5.883716,0.25,3.5,6.5,67.5,null
"2018-11-13T23:24:39.000Z",45.701965,5.883716,1.5,4,7.75,67.5,null
"2018-11-13T23:28:39.000Z",45.701965,5.883716,2,4.5,7.25,45,null
"2018-11-13T23:32:44.000Z",45.701965,5.883716,1,4,6.5,22.5,null
"2018-11-13T23:36:44.000Z",45.701965,5.883716,0.25,3,4.75,22.5,null
"2018-11-13T23:40:44.000Z",45.701965,5.883716,1.75,3.25,5.5,45,null
"2018-11-13T23:44:47.000Z",45.701965,5.883716,1,4,8.25,45,null
"2018-11-13T23:48:47.000Z",45.701965,5.883716,2.75,4.25,7,45,null
"2018-11-13T23:52:47.000Z",45.701965,5.883716,2.5,4.5,7,45,null
"2018-11-13T23:56:52.000Z",45.701965,5.883716,2,6.25,10,45,null
"2018-11-14T00:00:52.000Z",45.701965,5.883716,3.75,5.75,8.75,22.5,null
"2018-11-14T00:04:52.000Z",45.701965,5.883716,4.75,6.75,9.5,22.5,null
"2018-11-14T00:08:56.000Z",45.701965,5.883716,2.5,4.25,6.5,22.5,null
"2018-11-14T00:12:56.000Z",45.701965,5.883716,2.75,5.5,7.75,22.5,null
"2018-11-14T00:16:56.000Z",45.701965,5.883716,4.25,6.25,8.25,22.5,null
"2018-11-14T00:20:59.000Z",45.701965,5.883716,1.5,4.25,7.25,22.5,null
"2018-11-14T00:24:59.000Z",45.701965,5.883716,3.75,6.75,10.5,0,null
"2018-11-14T00:28:59.000Z",45.701965,5.883716,4.5,8.75,14.5,0,null
"2018-11-14T00:33:04.000Z",45.701965,5.883716,3.75,6.75,9,0,null
"2018-11-14T00:37:04.000Z",45.701965,5.883716,0,1.25,7.25,0,null
"2018-11-14T00:41:04.000Z",45.701965,5.883716,0,0,1.5,0,null
"2018-11-14T00:45:08.000Z",45.701965,5.883716,0,0,0,0,null
"2018-11-14T00:49:08.000Z",45.701965,5.883716,0,0,0.75,0,null
"2018-11-14T00:53:08.000Z",45.701965,5.883716,0,0.5,2.5,0,null
"2018-11-14T00:57:12.000Z",45.701965,5.883716,0,1.75,7.25,22.5,null
"2018-11-14T01:01:12.000Z",45.701965,5.883716,2.5,4.5,7.25,45,null
"2018-11-14T01:05:12.000Z",45.701965,5.883716,1.75,3.25,6,45,null
"2018-11-14T01:09:16.000Z",45.701965,5.883716,0.75,2.75,6,67.5,null
"2018-11-14T01:13:16.000Z",45.701965,5.883716,1.75,4,7,45,null
"2018-11-14T01:17:16.000Z",45.701965,5.883716,0.75,3.75,7.25,22.5,null
"2018-11-14T01:21:20.000Z",45.701965,5.883716,0.75,3.75,7.25,45,null
"2018-11-14T01:25:20.000Z",45.701965,5.883716,2.75,5.5,12,22.5,null
"2018-11-14T01:29:20.000Z",45.701965,5.883716,3.5,6.75,13,45,null
"2018-11-14T01:33:24.000Z",45.701965,5.883716,1,5.75,11.5,45,null
"2018-11-14T01:37:24.000Z",45.701965,5.883716,2.5,7,14,45,null
"2018-11-14T01:41:24.000Z",45.701965,5.883716,1.75,7.5,11.5,45,null
"2018-11-14T01:45:28.000Z",45.701965,5.883716,4.5,8,12.5,22.5,null
"2018-11-14T01:49:28.000Z",45.701965,5.883716,2,5.5,8.25,45,null
"2018-11-14T01:53:28.000Z",45.701965,5.883716,1.5,5.5,11,45,null
"2018-11-14T01:57:32.000Z",45.701965,5.883716,2.5,6.75,11,45,null
"2018-11-14T02:01:32.000Z",45.701965,5.883716,1.75,6.5,11.5,45,null
"2018-11-14T02:05:32.000Z",45.701965,5.883716,2.75,7,12.5,67.5,null
"2018-11-14T02:09:37.000Z",45.701965,5.883716,2.5,5.25,9.5,45,null
"2018-11-14T02:13:37.000Z",45.701965,5.883716,2,5.75,9.5,45,null
"2018-11-14T02:17:37.000Z",45.701965,5.883716,3.75,6.75,11.5,67.5,null
"2018-11-14T02:21:41.000Z",45.701965,5.883716,1.5,4.5,8,67.5,null
"2018-11-14T02:25:41.000Z",45.701965,5.883716,0,4,8,90,null
"2018-11-14T02:29:41.000Z",45.701965,5.883716,0.25,6.25,10,90,null
"2018-11-14T02:33:45.000Z",45.701965,5.883716,2,6.75,12,67.5,null
"2018-11-14T02:37:45.000Z",45.701965,5.883716,2.5,5.75,11,67.5,null
"2018-11-14T02:41:45.000Z",45.701965,5.883716,2.75,6.75,11.5,90,null
"2018-11-14T02:45:48.000Z",45.701965,5.883716,3.25,7.75,12,90,null
"2018-11-14T02:49:48.000Z",45.701965,5.883716,0,2.5,7,90,null
"2018-11-14T02:53:48.000Z",45.701965,5.883716,2.5,4.75,7.25,90,null
"2018-11-14T02:57:53.000Z",45.701965,5.883716,0,3.75,11.5,90,null
"2018-11-14T03:01:53.000Z",45.701965,5.883716,1.5,7.25,12.5,67.5,null
"2018-11-14T03:05:53.000Z",45.701965,5.883716,1.5,4.75,8.75,67.5,null
"2018-11-14T03:09:56.000Z",45.701965,5.883716,0,4,11,90,null
"2018-11-14T03:13:56.000Z",45.701965,5.883716,1.75,4.25,9,90,null
"2018-11-14T03:17:56.000Z",45.701965,5.883716,0,3,8,90,null
"2018-11-14T03:22:01.000Z",45.701965,5.883716,3.25,7.5,13.5,67.5,null
"2018-11-14T03:26:01.000Z",45.701965,5.883716,2.75,6.5,13,45,null
"2018-11-14T03:30:01.000Z",45.701965,5.883716,1,5.25,9.75,45,null
"2018-11-14T03:34:04.000Z",45.701965,5.883716,1.75,5.25,9.75,67.5,null
"2018-11-14T03:38:04.000Z",45.701965,5.883716,2.5,5.25,9.5,45,null
"2018-11-14T03:42:04.000Z",45.701965,5.883716,1.75,7.75,14.5,45,null
"2018-11-14T03:46:09.000Z",45.701965,5.883716,3.75,8,12.5,67.5,null
"2018-11-14T03:50:09.000Z",45.701965,5.883716,2.5,6,11,45,null
"2018-11-14T03:54:09.000Z",45.701965,5.883716,2,8,12.5,45,null
"2018-11-14T03:58:13.000Z",45.701965,5.883716,3.75,8.25,16.5,45,null
"2018-11-14T04:02:13.000Z",45.701965,5.883716,3.25,7,13,22.5,null
"2018-11-14T04:06:13.000Z",45.701965,5.883716,2.5,5.75,11,22.5,null
"2018-11-14T04:10:16.000Z",45.701965,5.883716,1.75,6,10.5,45,null
"2018-11-14T04:14:16.000Z",45.701965,5.883716,2.75,8.25,16,45,null
"2018-11-14T04:18:16.000Z",45.701965,5.883716,3.5,10.5,18,22.5,null
"2018-11-14T04:22:20.000Z",45.701965,5.883716,4.75,10.5,18.5,45,null
"2018-11-14T04:26:20.000Z",45.701965,5.883716,7.75,11,17,22.5,null
"2018-11-14T04:30:20.000Z",45.701965,5.883716,6,9.5,13.5,22.5,null
"2018-11-14T04:34:25.000Z",45.701965,5.883716,3.5,7.75,14.5,45,null
"2018-11-14T04:38:25.000Z",45.701965,5.883716,2.75,6.25,10,67.5,null
"2018-11-14T04:42:25.000Z",45.701965,5.883716,2.5,5.25,10,67.5,null
"2018-11-14T04:46:28.000Z",45.701965,5.883716,2.5,6,11,45,null
"2018-11-14T04:50:28.000Z",45.701965,5.883716,4.5,9.25,15.5,45,null
"2018-11-14T04:54:28.000Z",45.701965,5.883716,4.5,10,15,45,null
"2018-11-14T04:58:33.000Z",45.701965,5.883716,7,10,13,22.5,null
"2018-11-14T05:02:33.000Z",45.701965,5.883716,6.5,10.5,16,22.5,null
"2018-11-14T05:06:33.000Z",45.701965,5.883716,3.75,10,14.5,22.5,null
"2018-11-14T05:10:37.000Z",45.701965,5.883716,5.25,11,15.5,22.5,null
"2018-11-14T05:14:37.000Z",45.701965,5.883716,1.75,7.25,11,22.5,null
"2018-11-14T05:18:37.000Z",45.701965,5.883716,4.5,8.5,12,22.5,null
"2018-11-14T05:22:41.000Z",45.701965,5.883716,3.25,7,10.5,45,null
"2018-11-14T05:26:41.000Z",45.701965,5.883716,4.5,8,13,45,null
"2018-11-14T05:30:41.000Z",45.701965,5.883716,7,12,18,22.5,null
"2018-11-14T05:34:45.000Z",45.701965,5.883716,3.5,8,12.5,45,null
"2018-11-14T05:38:45.000Z",45.701965,5.883716,4.5,7.75,14,45,null
"2018-11-14T05:42:45.000Z",45.701965,5.883716,3.5,8.75,14.5,67.5,null
"2018-11-14T05:46:49.000Z",45.701965,5.883716,3.75,9.25,14,45,null
"2018-11-14T05:50:49.000Z",45.701965,5.883716,3.5,6.75,10.5,45,null
"2018-11-14T05:54:49.000Z",45.701965,5.883716,2,5,11,45,null
"2018-11-14T05:58:54.000Z",45.701965,5.883716,2,7,11,45,null
"2018-11-14T06:02:54.000Z",45.701965,5.883716,2.75,5.25,8.75,45,null
"2018-11-14T06:06:54.000Z",45.701965,5.883716,3.25,6,9.75,45,null
"2018-11-14T06:10:58.000Z",45.701965,5.883716,2.5,7,12,45,null
"2018-11-14T06:14:58.000Z",45.701965,5.883716,3.75,8,13,45,null
"2018-11-14T06:18:58.000Z",45.701965,5.883716,1.5,5.25,10,67.5,null
"2018-11-14T06:23:02.000Z",45.701965,5.883716,1.75,4.5,7.75,45,null
"2018-11-14T06:27:02.000Z",45.701965,5.883716,2,4.25,8.25,45,null
"2018-11-14T06:31:02.000Z",45.701965,5.883716,1.5,4.5,8,67.5,null
"2018-11-14T06:35:05.000Z",45.701965,5.883716,2.5,4.75,9,67.5,null
"2018-11-14T06:39:05.000Z",45.701965,5.883716,2.5,5,8.75,67.5,null
"2018-11-14T06:43:05.000Z",45.701965,5.883716,0.75,4,8.75,45,null
"2018-11-14T06:47:10.000Z",45.701965,5.883716,0.75,4.75,9.5,45,null
"2018-11-14T06:51:10.000Z",45.701965,5.883716,2,5.5,11.5,45,null
"2018-11-14T06:55:10.000Z",45.701965,5.883716,3.5,6.75,10,45,null
"2018-11-14T06:59:13.000Z",45.701965,5.883716,5.25,8,12,22.5,null
"2018-11-14T07:03:13.000Z",45.701965,5.883716,1.75,6,10,45,null
"2018-11-14T07:07:13.000Z",45.701965,5.883716,3.5,8.5,13,22.5,null
"2018-11-14T07:11:18.000Z",45.701965,5.883716,2.75,7,12.5,45,null
"2018-11-14T07:15:18.000Z",45.701965,5.883716,3.75,8.5,12,45,null
"2018-11-14T07:19:18.000Z",45.701965,5.883716,3.25,7.5,11,22.5,null
"2018-11-14T07:23:22.000Z",45.701965,5.883716,1.75,5,8.25,45,null
"2018-11-14T07:27:22.000Z",45.701965,5.883716,1.5,4.75,9,45,null
"2018-11-14T07:31:22.000Z",45.701965,5.883716,1,4.75,9.5,45,null
"2018-11-14T07:35:26.000Z",45.701965,5.883716,1.75,3.75,6.25,67.5,null
"2018-11-14T07:39:26.000Z",45.701965,5.883716,1.5,3.5,6,67.5,null
"2018-11-14T07:43:26.000Z",45.701965,5.883716,1,3.25,6.25,67.5,null
"2018-11-14T07:47:30.000Z",45.701965,5.883716,0.25,2.25,4.5,67.5,null
"2018-11-14T07:51:30.000Z",45.701965,5.883716,0.25,3,5.25,67.5,null
"2018-11-14T07:55:30.000Z",45.701965,5.883716,0.75,3.75,11.5,45,null
"2018-11-14T07:59:33.000Z",45.701965,5.883716,4.25,7,11,45,null
"2018-11-14T08:03:33.000Z",45.701965,5.883716,3.75,7.75,11,22.5,null
"2018-11-14T08:07:33.000Z",45.701965,5.883716,5.25,8.75,13,22.5,null
"2018-11-14T08:11:37.000Z",45.701965,5.883716,3.25,7.75,13.5,22.5,null
"2018-11-14T08:15:37.000Z",45.701965,5.883716,2.5,6,13,45,null
"2018-11-14T08:19:37.000Z",45.701965,5.883716,3.75,6.75,9.75,22.5,null
"2018-11-14T08:23:42.000Z",45.701965,5.883716,3.25,5.75,10,45,null
"2018-11-14T08:27:42.000Z",45.701965,5.883716,0.75,3.75,9,67.5,null
"2018-11-14T08:31:42.000Z",45.701965,5.883716,2,5,8,45,null
"2018-11-14T08:35:45.000Z",45.701965,5.883716,0.75,3.5,8,45,null
"2018-11-14T08:39:45.000Z",45.701965,5.883716,0,2.75,6,45,null
"2018-11-14T08:43:45.000Z",45.701965,5.883716,0,2.25,4.5,67.5,null
"2018-11-14T08:47:50.000Z",45.701965,5.883716,0,1.75,4.75,67.5,null
"2018-11-14T08:51:50.000Z",45.701965,5.883716,0,1,3.5,67.5,null
"2018-11-14T08:55:50.000Z",45.701965,5.883716,0.75,2,4.5,67.5,null
"2018-11-14T08:59:54.000Z",45.701965,5.883716,0,0.5,1.75,67.5,null
"2018-11-14T09:03:54.000Z",45.701965,5.883716,0,3.5,9.5,202.5,null
"2018-11-14T09:07:54.000Z",45.701965,5.883716,4.25,6.25,8.75,202.5,null
"2018-11-14T09:11:58.000Z",45.701965,5.883716,2.75,6.5,8.75,202.5,null
"2018-11-14T09:15:58.000Z",45.701965,5.883716,2.5,7,9.75,180,null
"2018-11-14T09:19:58.000Z",45.701965,5.883716,1,5.75,8.75,180,null
"2018-11-14T09:24:02.000Z",45.701965,5.883716,3.5,5.75,7.75,180,null
"2018-11-14T09:28:02.000Z",45.701965,5.883716,2.75,5.75,7.25,180,null
"2018-11-14T09:32:02.000Z",45.701965,5.883716,2,5.5,7.25,180,null
"2018-11-14T09:36:06.000Z",45.701965,5.883716,1,4.5,7,180,null
"2018-11-14T09:40:06.000Z",45.701965,5.883716,1.5,4.75,7,180,null
"2018-11-14T09:44:06.000Z",45.701965,5.883716,3.25,5,7.25,180,null
"2018-11-14T09:48:10.000Z",45.701965,5.883716,3.25,4.5,6,180,null
"2018-11-14T09:52:10.000Z",45.701965,5.883716,3.25,4,4.75,180,null
"2018-11-14T09:56:10.000Z",45.701965,5.883716,1.75,3.25,4.25,180,null
"2018-11-14T10:00:15.000Z",45.701965,5.883716,0,1.25,2.5,180,null
"2018-11-14T10:04:15.000Z",45.701965,5.883716,0,0,0.75,180,null
"2018-11-14T10:08:15.000Z",45.701965,5.883716,0,0.5,1.5,202.5,null
"2018-11-14T10:12:18.000Z",45.701965,5.883716,0,0.5,1.5,202.5,null
"2018-11-14T10:16:18.000Z",45.701965,5.883716,0.25,1,1.5,202.5,null
"2018-11-14T10:20:18.000Z",45.701965,5.883716,0,0.75,1.75,202.5,null
"2018-11-14T10:24:22.000Z",45.701965,5.883716,0,1,2,202.5,null
"2018-11-14T10:28:22.000Z",45.701965,5.883716,0,2.25,3.25,270,null
"2018-11-14T10:32:22.000Z",45.701965,5.883716,1.5,3.75,6,292.5,null
"2018-11-14T10:36:26.000Z",45.701965,5.883716,3.25,5,6,292.5,null
"2018-11-14T10:40:26.000Z",45.701965,5.883716,3.5,4.75,6.5,292.5,null
"2018-11-14T10:44:26.000Z",45.701965,5.883716,2.75,5,7.25,315,null
"2018-11-14T10:48:31.000Z",45.701965,5.883716,2.75,5.5,8.25,315,null
"2018-11-14T10:52:31.000Z",45.701965,5.883716,5.25,6,7.25,315,null
"2018-11-14T10:56:31.000Z",45.701965,5.883716,4.5,6.5,8.25,315,null
"2018-11-14T11:00:34.000Z",45.701965,5.883716,0,2.75,7.75,315,null
"2018-11-14T11:04:34.000Z",45.701965,5.883716,0.25,3.5,5.5,315,null
"2018-11-14T11:08:34.000Z",45.701965,5.883716,2.5,4.75,7.75,337.5,null
"2018-11-14T11:12:39.000Z",45.701965,5.883716,3.25,4.75,7,337.5,null
"2018-11-14T11:16:39.000Z",45.701965,5.883716,0,2.75,7,337.5,null
"2018-11-14T11:20:39.000Z",45.701965,5.883716,0,3,6.25,337.5,null
"2018-11-14T11:24:42.000Z",45.701965,5.883716,4.5,6.75,8,337.5,null
"2018-11-14T11:28:42.000Z",45.701965,5.883716,3.25,5.5,9,337.5,null
"2018-11-14T11:32:42.000Z",45.701965,5.883716,3.5,8.75,12.5,0,null
"2018-11-14T11:36:47.000Z",45.701965,5.883716,1,5,9,0,null
"2018-11-14T11:40:47.000Z",45.701965,5.883716,0,4,11.5,22.5,null
"2018-11-14T11:44:47.000Z",45.701965,5.883716,2,4.5,8.25,337.5,null
"2018-11-14T11:48:50.000Z",45.701965,5.883716,2,6,9.5,337.5,null
"2018-11-14T11:52:50.000Z",45.701965,5.883716,3.75,8,10.5,337.5,null
"2018-11-14T11:56:50.000Z",45.701965,5.883716,7.25,8.75,10,0,null
"2018-11-14T12:00:55.000Z",45.701965,5.883716,6.5,8.5,11,0,null
"2018-11-14T12:04:55.000Z",45.701965,5.883716,7.75,9.75,12,0,null
"2018-11-14T12:08:55.000Z",45.701965,5.883716,8.25,10.5,13,0,null
"2018-11-14T12:12:59.000Z",45.701965,5.883716,8.25,10.5,12.5,0,null
"2018-11-14T12:16:59.000Z",45.701965,5.883716,9,10.5,12,0,null
"2018-11-14T12:20:59.000Z",45.701965,5.883716,5.25,9.5,12,0,null
"2018-11-14T12:25:03.000Z",45.701965,5.883716,4.75,8.25,9.75,0,null
"2018-11-14T12:29:03.000Z",45.701965,5.883716,6,9.5,11.5,337.5,null
"2018-11-14T12:33:03.000Z",45.701965,5.883716,6.25,8.75,11,337.5,null
"2018-11-14T12:37:07.000Z",45.701965,5.883716,7,8.25,10,337.5,null
"2018-11-14T12:41:07.000Z",45.701965,5.883716,3.75,7,10.5,337.5,null
"2018-11-14T12:45:07.000Z",45.701965,5.883716,8,10,12,337.5,null
"2018-11-14T12:49:10.000Z",45.701965,5.883716,8.75,10,11.5,337.5,null
"2018-11-14T12:53:10.000Z",45.701965,5.883716,7.25,8.75,10,337.5,null
"2018-11-14T12:57:10.000Z",45.701965,5.883716,4.25,6.75,8.25,337.5,null
"2018-11-14T13:01:15.000Z",45.701965,5.883716,5.25,7.5,9,337.5,null
"2018-11-14T13:05:15.000Z",45.701965,5.883716,6.25,7.75,9.5,337.5,null
"2018-11-14T13:09:15.000Z",45.701965,5.883716,6.25,8,9.75,337.5,null
"2018-11-14T13:13:19.000Z",45.701965,5.883716,5.25,7.25,9.5,337.5,null
"2018-11-14T13:17:19.000Z",45.701965,5.883716,4.5,7.25,9.75,337.5,null
"2018-11-14T13:21:19.000Z",45.701965,5.883716,7,8.75,10,337.5,null
"2018-11-14T13:25:23.000Z",45.701965,5.883716,6.25,7.5,8.25,337.5,null
"2018-11-14T13:29:23.000Z",45.701965,5.883716,5.25,6,7,337.5,null
"2018-11-14T13:33:23.000Z",45.701965,5.883716,4.5,5.5,6.5,337.5,null
"2018-11-14T13:37:26.000Z",45.701965,5.883716,4.75,5.75,6.5,337.5,null
"2018-11-14T13:41:26.000Z",45.701965,5.883716,3.75,5.25,6.25,337.5,null
"2018-11-14T13:45:26.000Z",45.701965,5.883716,3.25,4.25,5.5,337.5,null
"2018-11-14T13:49:31.000Z",45.701965,5.883716,3.25,5.25,7.25,337.5,null
"2018-11-14T13:53:31.000Z",45.701965,5.883716,3.75,6.25,7.75,337.5,null
"2018-11-14T13:57:31.000Z",45.701965,5.883716,3.5,4.25,5.25,337.5,null
"2018-11-14T14:01:35.000Z",45.701965,5.883716,3.25,4.5,5.25,337.5,null
"2018-11-14T14:05:35.000Z",45.701965,5.883716,3.25,4.25,5.25,337.5,null
"2018-11-14T14:09:35.000Z",45.701965,5.883716,1,2,3.5,337.5,null
"2018-11-14T14:13:40.000Z",45.701965,5.883716,0,1,1.75,337.5,null
"2018-11-14T14:17:40.000Z",45.701965,5.883716,0.75,1.5,2.75,337.5,null
"2018-11-14T14:21:40.000Z",45.701965,5.883716,0.25,1,1.75,337.5,null
"2018-11-14T14:25:43.000Z",45.701965,5.883716,0,0.5,1,337.5,null
"2018-11-14T14:29:43.000Z",45.701965,5.883716,0,0,0,337.5,null
"2018-11-14T14:33:43.000Z",45.701965,5.883716,0,0,0,337.5,null
"2018-11-14T14:37:48.000Z",45.701965,5.883716,0,0,0,337.5,null
"2018-11-14T14:41:48.000Z",45.701965,5.883716,0,0,0,337.5,null
"2018-11-14T14:45:48.000Z",45.701965,5.883716,0,0,0,337.5,null
"2018-11-14T14:49:51.000Z",45.701965,5.883716,0,0,0,337.5,null
"2018-11-14T14:53:51.000Z",45.701965,5.883716,0,0,0,337.5,null
"2018-11-14T14:57:51.000Z",45.701965,5.883716,0,0,0,337.5,null
"2018-11-14T15:01:55.000Z",45.701965,5.883716,0,0.5,1.5,337.5,null
"2018-11-14T15:05:55.000Z",45.701965,5.883716,0,1.25,2.5,337.5,null
"2018-11-14T15:09:55.000Z",45.701965,5.883716,0.25,1,2,337.5,null
"2018-11-14T15:14:00.000Z",45.701965,5.883716,0,0.75,2,337.5,null
"2018-11-14T15:18:00.000Z",45.701965,5.883716,1,3.5,4.5,337.5,null
"2018-11-14T15:22:00.000Z",45.701965,5.883716,2,4,6.5,337.5,null
"2018-11-14T15:26:03.000Z",45.701965,5.883716,5.5,6.75,7.25,337.5,null
"2018-11-14T15:30:03.000Z",45.701965,5.883716,5.25,6.75,8.75,337.5,null
"2018-11-14T15:34:03.000Z",45.701965,5.883716,6.25,8.25,9.5,0,null
"2018-11-14T15:38:07.000Z",45.701965,5.883716,7.75,9.5,11,0,null
"2018-11-14T15:42:07.000Z",45.701965,5.883716,7,8.5,9.5,0,null
"2018-11-14T15:46:07.000Z",45.701965,5.883716,6.5,8,9,0,null
"2018-11-14T15:50:11.000Z",45.701965,5.883716,7,8.75,10.5,0,null
"2018-11-14T15:54:11.000Z",45.701965,5.883716,6.25,8.75,10,0,null
"2018-11-14T15:58:11.000Z",45.701965,5.883716,6.5,9.25,12,0,null
"2018-11-14T16:02:15.000Z",45.701965,5.883716,5.5,9.25,12,0,null
"2018-11-14T16:06:15.000Z",45.701965,5.883716,7.75,10.5,13,0,null
"2018-11-14T16:10:15.000Z",45.701965,5.883716,6.25,9,12,0,null
"2018-11-14T16:14:20.000Z",45.701965,5.883716,7,9.5,12,0,null
"2018-11-14T16:18:20.000Z",45.701965,5.883716,6,9.5,14,0,null
"2018-11-14T16:22:20.000Z",45.701965,5.883716,3.75,7.75,10,22.5,null
"2018-11-14T16:26:23.000Z",45.701965,5.883716,5.25,8,12,0,null
"2018-11-14T16:30:23.000Z",45.701965,5.883716,4.25,7.5,10,22.5,null
"2018-11-14T16:34:23.000Z",45.701965,5.883716,4.5,7.25,10.5,22.5,null
"2018-11-14T16:38:28.000Z",45.701965,5.883716,3.25,5.25,7.75,22.5,null
"2018-11-14T16:42:28.000Z",45.701965,5.883716,0,2.75,6,22.5,null
"2018-11-14T16:46:28.000Z",45.701965,5.883716,0.25,4.25,6.5,45,null
"2018-11-14T16:50:32.000Z",45.701965,5.883716,3.25,4.75,7.75,45,null
"2018-11-14T16:54:32.000Z",45.701965,5.883716,0.75,3.5,7,45,null
"2018-11-14T16:58:32.000Z",45.701965,5.883716,1,4,6.5,22.5,null
"2018-11-14T17:02:36.000Z",45.701965,5.883716,2,4,7.25,22.5,null
"2018-11-14T17:06:36.000Z",45.701965,5.883716,1.75,5.75,8.75,22.5,null
"2018-11-14T17:10:36.000Z",45.701965,5.883716,3.25,5.25,8.25,22.5,null
"2018-11-14T17:14:40.000Z",45.701965,5.883716,1.75,5,10,22.5,null
"2018-11-14T17:18:40.000Z",45.701965,5.883716,3.5,6,8.75,22.5,null
"2018-11-14T17:22:40.000Z",45.701965,5.883716,2,4.5,7.75,22.5,null
"2018-11-14T17:26:43.000Z",45.701965,5.883716,0,2.75,6.25,22.5,null
"2018-11-14T17:30:43.000Z",45.701965,5.883716,0,3.25,5.25,45,null
"2018-11-14T17:34:43.000Z",45.701965,5.883716,2,4,6,45,null
"2018-11-14T17:38:47.000Z",45.701965,5.883716,1.75,3,4.25,45,null
"2018-11-14T17:42:47.000Z",45.701965,5.883716,2.5,3.5,5.5,45,null
"2018-11-14T17:46:47.000Z",45.701965,5.883716,2,3.75,6.5,45,null
"2018-11-14T17:50:52.000Z",45.701965,5.883716,2.5,3.5,5.25,45,null
"2018-11-14T17:54:52.000Z",45.701965,5.883716,2,3.5,4.75,45,null
"2018-11-14T17:58:52.000Z",45.701965,5.883716,2,3.25,5.5,45,null
"2018-11-14T18:02:57.000Z",45.701965,5.883716,2.5,3.75,5.5,45,null
"2018-11-14T18:06:57.000Z",45.701965,5.883716,2,3.5,6,45,null
"2018-11-14T18:10:57.000Z",45.701965,5.883716,2.75,4.25,6.25,45,null
"2018-11-14T18:15:00.000Z",45.701965,5.883716,2.5,5,7.25,45,null
"2018-11-14T18:19:00.000Z",45.701965,5.883716,2.75,5.25,8,45,null
"2018-11-14T18:23:00.000Z",45.701965,5.883716,2.5,4.75,7.25,67.5,null
"2018-11-14T18:27:04.000Z",45.701965,5.883716,1.75,3.5,6.5,67.5,null
"2018-11-14T18:31:04.000Z",45.701965,5.883716,2,3.5,5.25,67.5,null
"2018-11-14T18:35:04.000Z",45.701965,5.883716,1.5,3.5,6,67.5,null
"2018-11-14T18:39:08.000Z",45.701965,5.883716,2,5.25,11,67.5,null
"2018-11-14T18:43:08.000Z",45.701965,5.883716,3.25,7.5,11.5,67.5,null
"2018-11-14T18:47:08.000Z",45.701965,5.883716,2.5,7.5,13,45,null
"2018-11-14T18:51:12.000Z",45.701965,5.883716,3.25,6.25,9.5,67.5,null
"2018-11-14T18:55:12.000Z",45.701965,5.883716,2.75,6,10.5,45,null
"2018-11-14T18:59:12.000Z",45.701965,5.883716,3.25,5.75,11,67.5,null
"2018-11-14T19:03:16.000Z",45.701965,5.883716,1,4.75,9.5,67.5,null
"2018-11-14T19:07:16.000Z",45.701965,5.883716,2.75,5.5,8.25,67.5,null
"2018-11-14T19:11:16.000Z",45.701965,5.883716,2.5,5.25,7.75,67.5,null
"2018-11-14T19:15:21.000Z",45.701965,5.883716,0,3,7.25,67.5,null
"2018-11-14T19:19:21.000Z",45.701965,5.883716,3.5,8,11.5,67.5,null
"2018-11-14T19:23:21.000Z",45.701965,5.883716,4.25,7,10.5,67.5,null
"2018-11-14T19:27:24.000Z",45.701965,5.883716,0,3,6.75,45,null
"2018-11-14T19:31:24.000Z",45.701965,5.883716,0,2.25,7.25,45,null
"2018-11-14T19:35:24.000Z",45.701965,5.883716,1.5,5.25,12,45,null
"2018-11-14T19:39:29.000Z",45.701965,5.883716,3.25,5.5,11.5,67.5,null
"2018-11-14T19:43:29.000Z",45.701965,5.883716,3.25,7,12.5,67.5,null
"2018-11-14T19:47:29.000Z",45.701965,5.883716,2,7.25,12,67.5,null
"2018-11-14T19:51:43.000Z",45.701965,5.883716,4.25,8.75,14.5,67.5,null
"2018-11-14T19:55:43.000Z",45.701965,5.883716,3.25,9.5,16,67.5,null
"2018-11-14T19:59:43.000Z",45.701965,5.883716,1,8,17.5,67.5,null
"2018-11-14T20:03:47.000Z",45.701965,5.883716,0,6,13,67.5,null
"2018-11-14T20:07:47.000Z",45.701965,5.883716,0,6.5,13.5,45,null
"2018-11-14T20:11:47.000Z",45.701965,5.883716,1.5,8,16,67.5,null
"2018-11-14T20:15:50.000Z",45.701965,5.883716,3.25,8,13.5,45,null
"2018-11-14T20:19:50.000Z",45.701965,5.883716,2,8.75,14.5,67.5,null
"2018-11-14T20:23:50.000Z",45.701965,5.883716,2.75,8.5,15,67.5,null
"2018-11-14T20:27:54.000Z",45.701965,5.883716,4.25,8.5,17,67.5,null
"2018-11-14T20:31:54.000Z",45.701965,5.883716,0,7.5,15.5,67.5,null
"2018-11-14T20:35:54.000Z",45.701965,5.883716,0,6.25,15,67.5,null
"2018-11-14T20:39:59.000Z",45.701965,5.883716,3.5,7.5,16,67.5,null
"2018-11-14T20:43:59.000Z",45.701965,5.883716,1.5,5.75,11,67.5,null
"2018-11-14T20:47:59.000Z",45.701965,5.883716,0,3.75,8.25,90,null
"2018-11-14T20:52:03.000Z",45.701965,5.883716,0.25,5.75,15.5,90,null
"2018-11-14T20:56:03.000Z",45.701965,5.883716,0,4.5,10.5,90,null
"2018-11-14T21:00:03.000Z",45.701965,5.883716,0,4.5,9,90,null
"2018-11-14T21:04:07.000Z",45.701965,5.883716,1,7,12.5,90,null
"2018-11-14T21:08:07.000Z",45.701965,5.883716,1,6.25,16.5,90,null
"2018-11-14T21:12:07.000Z",45.701965,5.883716,3.25,6.75,13,90,null
"2018-11-14T21:16:11.000Z",45.701965,5.883716,1.5,5.5,10.5,112.5,null
"2018-11-14T21:20:11.000Z",45.701965,5.883716,0,3,10,135,null
"2018-11-14T21:24:11.000Z",45.701965,5.883716,1,4,7.75,157.5,null
"2018-11-14T21:28:15.000Z",45.701965,5.883716,2,5.25,7.75,157.5,null
"2018-11-14T21:32:15.000Z",45.701965,5.883716,1,4.25,8.75,135,null
"2018-11-14T21:36:15.000Z",45.701965,5.883716,1,3,6,157.5,null
"2018-11-14T21:40:19.000Z",45.701965,5.883716,0.25,3.25,6.5,135,null
"2018-11-14T21:44:19.000Z",45.701965,5.883716,0,2.75,7,112.5,null
"2018-11-14T21:48:19.000Z",45.701965,5.883716,0,2,6,135,null
"2018-11-14T21:52:23.000Z",45.701965,5.883716,0,2.5,5.25,135,null
"2018-11-14T21:56:23.000Z",45.701965,5.883716,0.75,3,5.5,157.5,null
"2018-11-14T22:00:23.000Z",45.701965,5.883716,0,3,6.25,157.5,null
"2018-11-14T22:04:27.000Z",45.701965,5.883716,0,3,5.25,157.5,null
"2018-11-14T22:08:27.000Z",45.701965,5.883716,1.75,4.75,6.5,180,null
"2018-11-14T22:12:27.000Z",45.701965,5.883716,0.75,3.25,8,157.5,null
"2018-11-14T22:16:31.000Z",45.701965,5.883716,0.75,2.75,7.75,157.5,null
"2018-11-14T22:20:31.000Z",45.701965,5.883716,0.25,3.75,9,202.5,null
"2018-11-14T22:24:31.000Z",45.701965,5.883716,0,2,6,180,null
"2018-11-14T22:28:35.000Z",45.701965,5.883716,0,2.25,4.75,180,null
"2018-11-14T22:32:35.000Z",45.701965,5.883716,0.75,3.5,7.75,157.5,null
"2018-11-14T22:36:35.000Z",45.701965,5.883716,1,3.25,7,157.5,null
"2018-11-14T22:40:39.000Z",45.701965,5.883716,0,1.75,5.25,157.5,null
"2018-11-14T22:44:39.000Z",45.701965,5.883716,1.5,2.75,4.25,157.5,null
"2018-11-14T22:48:39.000Z",45.701965,5.883716,0.75,2.5,4.75,157.5,null
"2018-11-14T22:52:43.000Z",45.701965,5.883716,0,2.75,4.75,180,null
"2018-11-14T22:56:43.000Z",45.701965,5.883716,1,4,6.5,180,null
"2018-11-14T23:00:43.000Z",45.701965,5.883716,1.5,4.75,7.25,180,null
"2018-11-14T23:04:48.000Z",45.701965,5.883716,1.5,5.5,8,180,null
"2018-11-14T23:08:48.000Z",45.701965,5.883716,4.5,6.75,9.5,180,null
"2018-11-14T23:12:48.000Z",45.701965,5.883716,1.5,5.75,10,180,null
"2018-11-14T23:16:52.000Z",45.701965,5.883716,2,5.5,8.25,180,null
"2018-11-14T23:20:52.000Z",45.701965,5.883716,1.5,4.75,7.75,180,null
"2018-11-14T23:24:52.000Z",45.701965,5.883716,1.5,4.5,7,180,null
"2018-11-14T23:28:56.000Z",45.701965,5.883716,0.75,3.75,6,180,null
"2018-11-14T23:32:56.000Z",45.701965,5.883716,1,4.25,8.75,157.5,null
"2018-11-14T23:36:56.000Z",45.701965,5.883716,0.75,5.75,9,180,null
"2018-11-14T23:40:59.000Z",45.701965,5.883716,0.25,5,7,180,null
"2018-11-14T23:44:59.000Z",45.701965,5.883716,3.25,5.5,8,180,null
"2018-11-14T23:48:59.000Z",45.701965,5.883716,3.75,5.75,7.75,180,null
"2018-11-14T23:53:04.000Z",45.701965,5.883716,1.75,4.25,7.75,180,null
"2018-11-14T23:57:04.000Z",45.701965,5.883716,2.5,4.25,7,180,null
"2018-11-15T00:01:04.000Z",45.701965,5.883716,2,5,6.5,180,null
"2018-11-15T00:05:08.000Z",45.701965,5.883716,3.25,5.75,7.75,180,null
"2018-11-15T00:09:08.000Z",45.701965,5.883716,2.75,6.5,8.25,180,null
"2018-11-15T00:13:08.000Z",45.701965,5.883716,3.75,7,8.75,180,null
"2018-11-15T00:17:12.000Z",45.701965,5.883716,4.75,7.25,9,202.5,null
"2018-11-15T00:21:12.000Z",45.701965,5.883716,4.5,7.25,9.5,202.5,null
"2018-11-15T00:25:12.000Z",45.701965,5.883716,6,7.75,8.75,202.5,null
"2018-11-15T00:29:16.000Z",45.701965,5.883716,3.5,6.5,8.75,202.5,null
"2018-11-15T00:33:16.000Z",45.701965,5.883716,4.5,6,9,202.5,null
"2018-11-15T00:37:16.000Z",45.701965,5.883716,0.75,4.75,7.25,202.5,null
"2018-11-15T00:41:20.000Z",45.701965,5.883716,3.5,6.5,9.5,180,null
"2018-11-15T00:45:20.000Z",45.701965,5.883716,0.75,3.5,7,202.5,null
"2018-11-15T00:49:20.000Z",45.701965,5.883716,1.75,4.5,7.75,180,null
"2018-11-15T00:53:24.000Z",45.701965,5.883716,4.5,6.5,8.75,202.5,null
"2018-11-15T00:57:24.000Z",45.701965,5.883716,1.75,4.5,7.25,180,null
"2018-11-15T01:01:24.000Z",45.701965,5.883716,2,5,7.75,180,null
"2018-11-15T01:05:27.000Z",45.701965,5.883716,4.25,6.25,8.25,202.5,null
"2018-11-15T01:09:27.000Z",45.701965,5.883716,0,2.75,7,202.5,null
"2018-11-15T01:13:27.000Z",45.701965,5.883716,0.75,4.25,7.25,202.5,null
"2018-11-15T01:17:32.000Z",45.701965,5.883716,1,3.75,6,202.5,null
"2018-11-15T01:21:32.000Z",45.701965,5.883716,1.75,3.75,5.5,202.5,null
"2018-11-15T01:25:32.000Z",45.701965,5.883716,2.75,4.25,6.25,202.5,null
"2018-11-15T01:29:36.000Z",45.701965,5.883716,2.5,4.25,6.5,202.5,null
"2018-11-15T01:33:36.000Z",45.701965,5.883716,2.75,4.5,6.25,202.5,null
"2018-11-15T01:37:36.000Z",45.701965,5.883716,1,4.25,7,225,null
"2018-11-15T01:41:40.000Z",45.701965,5.883716,0,0.5,3.25,202.5,null
"2018-11-15T01:45:40.000Z",45.701965,5.883716,0,1,2.75,202.5,null
"2018-11-15T01:49:40.000Z",45.701965,5.883716,0,1,2.75,202.5,null
"2018-11-15T01:53:44.000Z",45.701965,5.883716,0,0.25,2.25,202.5,null
"2018-11-15T01:57:44.000Z",45.701965,5.883716,0,0.75,2.5,202.5,null
"2018-11-15T02:01:44.000Z",45.701965,5.883716,0,0.25,1,202.5,null
"2018-11-15T02:05:48.000Z",45.701965,5.883716,0,0.75,1.75,180,null
"2018-11-15T02:09:48.000Z",45.701965,5.883716,0,0.25,1,180,null
"2018-11-15T02:13:48.000Z",45.701965,5.883716,0,0,1.5,180,null
"2018-11-15T02:17:53.000Z",45.701965,5.883716,0,0.5,2,180,null
"2018-11-15T02:21:53.000Z",45.701965,5.883716,0,0.25,1.5,180,null
"2018-11-15T02:25:53.000Z",45.701965,5.883716,0,1.25,2,180,null
"2018-11-15T02:29:56.000Z",45.701965,5.883716,0,0.5,1.5,180,null
"2018-11-15T02:33:56.000Z",45.701965,5.883716,0,0,0,180,null
"2018-11-15T02:37:56.000Z",45.701965,5.883716,0,0,0.25,180,null
"2018-11-15T02:42:00.000Z",45.701965,5.883716,0,0.25,1.75,180,null
"2018-11-15T02:46:00.000Z",45.701965,5.883716,0,0.5,3.5,225,null
"2018-11-15T02:50:00.000Z",45.701965,5.883716,0,0.75,4.5,22.5,null
"2018-11-15T02:54:04.000Z",45.701965,5.883716,0,0,0.75,0,null
"2018-11-15T02:58:04.000Z",45.701965,5.883716,0,0.25,2.75,0,null
"2018-11-15T03:02:04.000Z",45.701965,5.883716,0,1,4.5,0,null
"2018-11-15T03:06:08.000Z",45.701965,5.883716,0,0.5,3.25,0,null
"2018-11-15T03:10:08.000Z",45.701965,5.883716,0,0.5,2.5,0,null
"2018-11-15T03:14:08.000Z",45.701965,5.883716,0,2,6.5,135,null
"2018-11-15T03:18:13.000Z",45.701965,5.883716,0,0.25,1.75,157.5,null
"2018-11-15T03:22:13.000Z",45.701965,5.883716,0,0,0.25,135,null
"2018-11-15T03:26:13.000Z",45.701965,5.883716,0,0.25,1.5,157.5,null
"2018-11-15T03:30:17.000Z",45.701965,5.883716,0,0.25,1,157.5,null
"2018-11-15T03:34:17.000Z",45.701965,5.883716,0,0.25,1.75,157.5,null
"2018-11-15T03:38:17.000Z",45.701965,5.883716,0,0,0.75,157.5,null
"2018-11-15T03:42:21.000Z",45.701965,5.883716,0,0,0.25,157.5,null
"2018-11-15T03:46:21.000Z",45.701965,5.883716,0,0,1.5,157.5,null
"2018-11-15T03:50:21.000Z",45.701965,5.883716,0,0.25,1.75,157.5,null
"2018-11-15T03:54:24.000Z",45.701965,5.883716,0,0.5,2,157.5,null
"2018-11-15T03:58:24.000Z",45.701965,5.883716,0,0.5,2.75,157.5,null
"2018-11-15T04:02:24.000Z",45.701965,5.883716,0,1,2.75,157.5,null
"2018-11-15T04:06:28.000Z",45.701965,5.883716,0,0.75,4.25,90,null
"2018-11-15T04:10:28.000Z",45.701965,5.883716,0,0,1,90,null
"2018-11-15T04:14:28.000Z",45.701965,5.883716,0,3,9.5,112.5,null
"2018-11-15T04:18:33.000Z",45.701965,5.883716,0,1.25,4.75,67.5,null
"2018-11-15T04:22:33.000Z",45.701965,5.883716,0,1,4.5,315,null
"2018-11-15T04:26:33.000Z",45.701965,5.883716,0,0.5,2,315,null
"2018-11-15T04:30:37.000Z",45.701965,5.883716,0,3,5.25,337.5,null
"2018-11-15T04:34:37.000Z",45.701965,5.883716,0,0.5,3.25,337.5,null
"2018-11-15T04:38:37.000Z",45.701965,5.883716,0,1,5.25,337.5,null
"2018-11-15T04:42:40.000Z",45.701965,5.883716,0.75,2.75,5,337.5,null
"2018-11-15T04:46:40.000Z",45.701965,5.883716,0,1,3.75,0,null
"2018-11-15T04:50:40.000Z",45.701965,5.883716,0,1.25,4.75,0,null
"2018-11-15T04:54:45.000Z",45.701965,5.883716,0.25,2,4.75,0,null
"2018-11-15T04:58:45.000Z",45.701965,5.883716,0,1.5,5.25,0,null
"2018-11-15T05:02:45.000Z",45.701965,5.883716,0,2,5.5,0,null
"2018-11-15T05:06:49.000Z",45.701965,5.883716,0,0,0,0,null
"2018-11-15T05:10:49.000Z",45.701965,5.883716,0,0,0,0,null
"2018-11-15T05:14:49.000Z",45.701965,5.883716,0,0,0.25,0,null
"2018-11-15T05:18:53.000Z",45.701965,5.883716,0,0.25,1.75,0,null
"2018-11-15T05:22:53.000Z",45.701965,5.883716,0,0.25,1.5,0,null
"2018-11-15T05:26:53.000Z",45.701965,5.883716,0,0,0,0,null
"2018-11-15T05:30:57.000Z",45.701965,5.883716,0,0,0,0,null
"2018-11-15T05:34:57.000Z",45.701965,5.883716,0,0.25,2.75,0,null
"2018-11-15T05:38:57.000Z",45.701965,5.883716,0,1.25,7.25,337.5,null
"2018-11-15T05:43:01.000Z",45.701965,5.883716,0,0.25,1,337.5,null
"2018-11-15T05:47:01.000Z",45.701965,5.883716,0,0.25,1.5,337.5,null
"2018-11-15T05:51:01.000Z",45.701965,5.883716,0,0,0.25,337.5,null
"2018-11-15T05:55:04.000Z",45.701965,5.883716,0,0.75,3.25,337.5,null
"2018-11-15T05:59:04.000Z",45.701965,5.883716,0.75,2.25,3.75,337.5,null
"2018-11-15T06:03:04.000Z",45.701965,5.883716,0,0.75,3.75,337.5,null
"2018-11-15T06:07:09.000Z",45.701965,5.883716,0,1.25,3.75,337.5,null
"2018-11-15T06:11:09.000Z",45.701965,5.883716,0,0.75,2.75,337.5,null
"2018-11-15T06:15:09.000Z",45.701965,5.883716,0,0,1,337.5,null
"2018-11-15T06:19:13.000Z",45.701965,5.883716,0,0,0.75,337.5,null
"2018-11-15T06:23:13.000Z",45.701965,5.883716,0,0,0.75,337.5,null
"2018-11-15T06:27:13.000Z",45.701965,5.883716,0,0.5,2,337.5,null
"2018-11-15T06:31:17.000Z",45.701965,5.883716,0,0,1,337.5,null
"2018-11-15T06:35:17.000Z",45.701965,5.883716,0,0,1.5,337.5,null
"2018-11-15T06:39:17.000Z",45.701965,5.883716,0,0,0.75,337.5,null
"2018-11-15T06:43:21.000Z",45.701965,5.883716,0,0,0.25,337.5,null
"2018-11-15T06:47:21.000Z",45.701965,5.883716,0,0.25,2,337.5,null
"2018-11-15T06:51:21.000Z",45.701965,5.883716,0,1,3.25,0,null
"2018-11-15T06:55:25.000Z",45.701965,5.883716,0,1,2.5,0,null
"2018-11-15T06:59:25.000Z",45.701965,5.883716,0,0,0.25,0,null
"2018-11-15T07:03:25.000Z",45.701965,5.883716,0,0,1,0,null
"2018-11-15T07:07:29.000Z",45.701965,5.883716,0,0,1.5,0,null
"2018-11-15T07:11:29.000Z",45.701965,5.883716,0,0.5,1.75,0,null
"2018-11-15T07:15:29.000Z",45.701965,5.883716,0,0,0,0,null
"2018-11-15T07:19:33.000Z",45.701965,5.883716,0,0,0.25,0,null
"2018-11-15T07:23:33.000Z",45.701965,5.883716,0,0.25,2,0,null
"2018-11-15T07:27:33.000Z",45.701965,5.883716,0,0.25,1.5,0,null
"2018-11-15T07:31:37.000Z",45.701965,5.883716,0,0.25,1.75,0,null
"2018-11-15T07:35:37.000Z",45.701965,5.883716,0,0,1,22.5,null
"2018-11-15T07:39:37.000Z",45.701965,5.883716,0,0,0.75,22.5,null
"2018-11-15T07:43:42.000Z",45.701965,5.883716,0,0.25,2,45,null
"2018-11-15T07:47:42.000Z",45.701965,5.883716,0,0.25,1.75,45,null
"2018-11-15T07:51:42.000Z",45.701965,5.883716,0,0.75,3.25,45,null
"2018-11-15T07:55:46.000Z",45.701965,5.883716,0,1.5,5.25,22.5,null
"2018-11-15T07:59:46.000Z",45.701965,5.883716,0,3.5,7,67.5,null
"2018-11-15T08:03:46.000Z",45.701965,5.883716,0,3,9.5,90,null
"2018-11-15T08:07:49.000Z",45.701965,5.883716,0,1.5,6.5,67.5,null
"2018-11-15T08:11:49.000Z",45.701965,5.883716,0,3.75,11,90,null
"2018-11-15T08:15:49.000Z",45.701965,5.883716,0,3.25,8.25,67.5,null
"2018-11-15T08:19:54.000Z",45.701965,5.883716,0,4,12.5,67.5,null
"2018-11-15T08:23:54.000Z",45.701965,5.883716,1,6,12,67.5,null
"2018-11-15T08:27:54.000Z",45.701965,5.883716,0,2.75,9.5,67.5,null
"2018-11-15T08:31:58.000Z",45.701965,5.883716,2,7.25,13,67.5,null
"2018-11-15T08:35:58.000Z",45.701965,5.883716,3.5,8,12.5,67.5,null
"2018-11-15T08:39:58.000Z",45.701965,5.883716,0,4.75,9.75,67.5,null
"2018-11-15T08:44:02.000Z",45.701965,5.883716,0.75,5.75,13,67.5,null
"2018-11-15T08:48:02.000Z",45.701965,5.883716,2,6,11.5,67.5,null
"2018-11-15T08:52:02.000Z",45.701965,5.883716,0,1.5,3.75,67.5,null
"2018-11-15T08:56:08.000Z",45.701965,5.883716,0,1.75,5.25,90,null
"2018-11-15T09:00:08.000Z",45.701965,5.883716,0,3.5,8,90,null
"2018-11-15T09:04:08.000Z",45.701965,5.883716,0,3.5,9.5,157.5,null
"2018-11-15T09:08:09.000Z",45.701965,5.883716,0,1,5.25,180,null
"2018-11-15T09:12:09.000Z",45.701965,5.883716,0,0.25,2.75,180,null
"2018-11-15T09:16:09.000Z",45.701965,5.883716,0,1.25,6,157.5,null
"2018-11-15T09:20:14.000Z",45.701965,5.883716,0,0.25,1.5,135,null
"2018-11-15T09:24:14.000Z",45.701965,5.883716,0,1.5,4.5,225,null
"2018-11-15T09:28:14.000Z",45.701965,5.883716,0,1.25,4.25,225,null
"2018-11-15T09:32:18.000Z",45.701965,5.883716,0,1.5,4.5,225,null
"2018-11-15T09:36:18.000Z",45.701965,5.883716,0,0.5,2.5,225,null
"2018-11-15T09:40:18.000Z",45.701965,5.883716,0,0.75,4.5,180,null
"2018-11-15T09:44:22.000Z",45.701965,5.883716,0,3.25,8.25,90,null
"2018-11-15T09:48:22.000Z",45.701965,5.883716,0,4,10.5,45,null
"2018-11-15T09:52:22.000Z",45.701965,5.883716,0.75,4,9,45,null
"2018-11-15T09:56:25.000Z",45.701965,5.883716,0.25,3.75,9.5,45,null
"2018-11-15T10:00:25.000Z",45.701965,5.883716,0.25,4,8.25,67.5,null
"2018-11-15T10:04:25.000Z",45.701965,5.883716,2.5,6,10,67.5,null
"2018-11-15T10:08:30.000Z",45.701965,5.883716,1,3.75,9.75,67.5,null
"2018-11-15T10:12:30.000Z",45.701965,5.883716,2.75,8,11.5,67.5,null
"2018-11-15T10:16:30.000Z",45.701965,5.883716,2.5,6.25,11,67.5,null
"2018-11-15T10:20:34.000Z",45.701965,5.883716,1,5,9.5,67.5,null
"2018-11-15T10:24:34.000Z",45.701965,5.883716,0.25,2.75,8.25,67.5,null
"2018-11-15T10:28:34.000Z",45.701965,5.883716,0,5.25,11,67.5,null
"2018-11-15T10:32:39.000Z",45.701965,5.883716,3.25,6.75,10.5,67.5,null
"2018-11-15T10:36:39.000Z",45.701965,5.883716,1,3.5,8,22.5,null
"2018-11-15T10:40:39.000Z",45.701965,5.883716,0,3.75,7,45,null
"2018-11-15T10:44:42.000Z",45.701965,5.883716,0,2.75,5.25,45,null
"2018-11-15T10:48:42.000Z",45.701965,5.883716,0.75,5.75,9.75,67.5,null
"2018-11-15T10:52:42.000Z",45.701965,5.883716,0,4,7,67.5,null
"2018-11-15T10:56:46.000Z",45.701965,5.883716,0.25,3,8,67.5,null
"2018-11-15T11:00:46.000Z",45.701965,5.883716,0.25,5,9.5,45,null
"2018-11-15T11:04:46.000Z",45.701965,5.883716,0,2.75,6.5,67.5,null
"2018-11-15T11:08:50.000Z",45.701965,5.883716,0.25,3.5,8.25,22.5,null
"2018-11-15T11:12:50.000Z",45.701965,5.883716,0,1.75,3.75,22.5,null
"2018-11-15T11:16:50.000Z",45.701965,5.883716,0,4.75,9.75,22.5,null
"2018-11-15T11:20:54.000Z",45.701965,5.883716,3.75,6.5,9.75,0,null
"2018-11-15T11:24:54.000Z",45.701965,5.883716,0,3.5,6.5,0,null
"2018-11-15T11:28:54.000Z",45.701965,5.883716,0.75,6.75,14,22.5,null
"2018-11-15T11:32:58.000Z",45.701965,5.883716,6.5,11,15,22.5,null
"2018-11-15T11:36:58.000Z",45.701965,5.883716,6,11,17,22.5,null
"2018-11-15T11:40:58.000Z",45.701965,5.883716,6.5,11.5,16.5,22.5,null
"2018-11-15T11:45:02.000Z",45.701965,5.883716,2.5,7.75,13.5,45,null
"2018-11-15T11:49:02.000Z",45.701965,5.883716,3.5,8,15,45,null
"2018-11-15T11:53:02.000Z",45.701965,5.883716,2,5.75,9.75,45,null
"2018-11-15T11:57:07.000Z",45.701965,5.883716,0.25,5,12,45,null
"2018-11-15T12:01:07.000Z",45.701965,5.883716,2,6.25,13,22.5,null
"2018-11-15T12:05:07.000Z",45.701965,5.883716,2,9,15.5,22.5,null
"2018-11-15T12:09:11.000Z",45.701965,5.883716,6,8,15.5,0,null
"2018-11-15T12:13:11.000Z",45.701965,5.883716,2.75,5.25,7.75,0,null
"2018-11-15T12:17:11.000Z",45.701965,5.883716,4.5,8.5,12,0,null
"2018-11-15T12:21:14.000Z",45.701965,5.883716,3.5,7,12.5,0,null
"2018-11-15T12:25:14.000Z",45.701965,5.883716,6,10,13,22.5,null
"2018-11-15T12:29:14.000Z",45.701965,5.883716,3.5,9,14.5,22.5,null
"2018-11-15T12:33:19.000Z",45.701965,5.883716,5.5,9,13,22.5,null
"2018-11-15T12:37:19.000Z",45.701965,5.883716,7,10.5,12.5,0,null
"2018-11-15T12:41:19.000Z",45.701965,5.883716,3.75,7.25,14,0,null
"2018-11-15T12:45:23.000Z",45.701965,5.883716,6.25,10.5,15.5,22.5,null
"2018-11-15T12:49:23.000Z",45.701965,5.883716,6.25,10.5,14,22.5,null
"2018-11-15T12:53:23.000Z",45.701965,5.883716,2,5.75,10,0,null
"2018-11-15T12:57:27.000Z",45.701965,5.883716,2.5,4.25,7,0,null
"2018-11-15T13:01:27.000Z",45.701965,5.883716,1,5.25,12.5,0,null
"2018-11-15T13:05:27.000Z",45.701965,5.883716,1,8.5,15,22.5,null
"2018-11-15T13:09:31.000Z",45.701965,5.883716,3.75,10,14.5,22.5,null
"2018-11-15T13:13:31.000Z",45.701965,5.883716,4.75,8,11.5,22.5,null
"2018-11-15T13:17:31.000Z",45.701965,5.883716,3.75,7.25,13,22.5,null
"2018-11-15T13:21:34.000Z",45.701965,5.883716,3.75,9.75,14.5,22.5,null
"2018-11-15T13:25:34.000Z",45.701965,5.883716,6.25,9.75,12.5,0,null
"2018-11-15T13:29:34.000Z",45.701965,5.883716,7,11,15.5,22.5,null
"2018-11-15T13:33:39.000Z",45.701965,5.883716,3.5,5.5,7.75,0,null
"2018-11-15T13:37:39.000Z",45.701965,5.883716,2.5,7.5,13,22.5,null
"2018-11-15T13:41:39.000Z",45.701965,5.883716,5.25,9,13.5,22.5,null
"2018-11-15T13:45:43.000Z",45.701965,5.883716,3.75,8,14.5,22.5,null
"2018-11-15T13:49:43.000Z",45.701965,5.883716,7,11.5,15,22.5,null
"2018-11-15T13:53:43.000Z",45.701965,5.883716,5.5,10,14,22.5,null
"2018-11-15T13:57:47.000Z",45.701965,5.883716,4.75,9.75,14,22.5,null
"2018-11-15T14:01:47.000Z",45.701965,5.883716,4.25,9,14,22.5,null
"2018-11-15T14:05:47.000Z",45.701965,5.883716,7.25,10.5,17,22.5,null
"2018-11-15T14:09:51.000Z",45.701965,5.883716,5.25,11,16.5,22.5,null
"2018-11-15T14:13:51.000Z",45.701965,5.883716,4.5,10,16.5,22.5,null
"2018-11-15T14:17:51.000Z",45.701965,5.883716,4.25,11,18,22.5,null
"2018-11-15T14:21:55.000Z",45.701965,5.883716,6.25,12,18.5,22.5,null
"2018-11-15T14:25:55.000Z",45.701965,5.883716,3.5,8.25,13.5,22.5,null
"2018-11-15T14:29:55.000Z",45.701965,5.883716,3.5,5.5,9.5,337.5,null
"2018-11-15T14:33:59.000Z",45.701965,5.883716,4.5,5.5,6.5,337.5,null
"2018-11-15T14:37:59.000Z",45.701965,5.883716,4.25,6.5,9,315,null
"2018-11-15T14:41:59.000Z",45.701965,5.883716,4.75,6.25,7.75,315,null
"2018-11-15T14:46:03.000Z",45.701965,5.883716,2.75,4.75,6.25,315,null
"2018-11-15T14:50:03.000Z",45.701965,5.883716,2,3.5,4.75,315,null
"2018-11-15T14:54:03.000Z",45.701965,5.883716,0,1.75,3.5,315,null
"2018-11-15T14:58:07.000Z",45.701965,5.883716,0.75,3.25,5.25,337.5,null
"2018-11-15T15:02:07.000Z",45.701965,5.883716,1.5,2.75,4.25,337.5,null
"2018-11-15T15:06:07.000Z",45.701965,5.883716,0.75,2.5,7,337.5,null
"2018-11-15T15:10:11.000Z",45.701965,5.883716,0,6.5,12.5,22.5,null
"2018-11-15T15:14:11.000Z",45.701965,5.883716,2.75,7.25,12,22.5,null
"2018-11-15T15:18:11.000Z",45.701965,5.883716,2,5.5,8.25,45,null
"2018-11-15T15:22:16.000Z",45.701965,5.883716,2.75,5.5,7,0,null
"2018-11-15T15:26:16.000Z",45.701965,5.883716,3.75,6,8.75,0,null
"2018-11-15T15:30:16.000Z",45.701965,5.883716,2.75,6.5,9.5,0,null
"2018-11-15T15:34:20.000Z",45.701965,5.883716,2.5,6.5,13,45,null
"2018-11-15T15:38:20.000Z",45.701965,5.883716,2.75,7,13,22.5,null
"2018-11-15T15:42:20.000Z",45.701965,5.883716,1.75,6.5,10.5,45,null
"2018-11-15T15:46:24.000Z",45.701965,5.883716,0,4.25,8.25,22.5,null
"2018-11-15T15:50:24.000Z",45.701965,5.883716,1.75,4.5,7,22.5,null
"2018-11-15T15:54:24.000Z",45.701965,5.883716,4.5,7.25,9.75,45,null
"2018-11-15T15:58:28.000Z",45.701965,5.883716,4.5,8.75,13.5,45,null
"2018-11-15T16:02:28.000Z",45.701965,5.883716,3.5,7.75,14,22.5,null
"2018-11-15T16:06:28.000Z",45.701965,5.883716,3.25,8.25,13.5,22.5,null
"2018-11-15T16:10:32.000Z",45.701965,5.883716,7.25,11.5,18,22.5,null
"2018-11-15T16:14:32.000Z",45.701965,5.883716,5.25,10,15,0,null
"2018-11-15T16:18:32.000Z",45.701965,5.883716,4.25,9,16.5,45,null
"2018-11-15T16:22:35.000Z",45.701965,5.883716,2.5,6.5,11,22.5,null
"2018-11-15T16:26:35.000Z",45.701965,5.883716,0.75,7.75,14.5,22.5,null
"2018-11-15T16:30:35.000Z",45.701965,5.883716,6,8.75,12.5,45,null
"2018-11-15T16:34:39.000Z",45.701965,5.883716,4.25,8.75,13.5,22.5,null
"2018-11-15T16:38:39.000Z",45.701965,5.883716,6,10,15.5,45,null
"2018-11-15T16:42:39.000Z",45.701965,5.883716,4.5,10.5,15,22.5,null
"2018-11-15T16:46:43.000Z",45.701965,5.883716,3.75,10,14.5,22.5,null
"2018-11-15T16:50:43.000Z",45.701965,5.883716,4.75,9.25,13,22.5,null
"2018-11-15T16:54:43.000Z",45.701965,5.883716,5.5,9,13.5,22.5,null
"2018-11-15T16:58:48.000Z",45.701965,5.883716,4.25,9.5,17,22.5,null
"2018-11-15T17:02:48.000Z",45.701965,5.883716,2.5,9,15.5,45,null
"2018-11-15T17:06:48.000Z",45.701965,5.883716,0.75,7.75,16,45,null
"2018-11-15T17:10:52.000Z",45.701965,5.883716,3.75,11.5,20,45,null
"2018-11-15T17:14:52.000Z",45.701965,5.883716,3.5,11,22.5,45,null
"2018-11-15T17:18:52.000Z",45.701965,5.883716,6.5,13.5,23.5,45,null
"2018-11-15T17:22:56.000Z",45.701965,5.883716,3.25,10,17,45,null
"2018-11-15T17:26:56.000Z",45.701965,5.883716,4.75,9.25,14.5,22.5,null
"2018-11-15T17:30:56.000Z",45.701965,5.883716,2.5,8.25,14,45,null
"2018-11-15T17:35:00.000Z",45.701965,5.883716,0.75,6.75,17.5,45,null
"2018-11-15T17:39:00.000Z",45.701965,5.883716,2.75,9.5,20.5,22.5,null
"2018-11-15T17:43:00.000Z",45.701965,5.883716,3.75,7.75,11.5,45,null
"2018-11-15T17:47:04.000Z",45.701965,5.883716,2.5,7,12,45,null
"2018-11-15T17:51:04.000Z",45.701965,5.883716,6.5,11,17.5,22.5,null
"2018-11-15T17:55:04.000Z",45.701965,5.883716,7.25,11.5,17,22.5,null
"2018-11-15T17:59:07.000Z",45.701965,5.883716,6.5,10.5,15.5,22.5,null
"2018-11-15T18:03:07.000Z",45.701965,5.883716,3.5,10.5,18,22.5,null
"2018-11-15T18:07:07.000Z",45.701965,5.883716,6,13.5,21.5,22.5,null
"2018-11-15T18:11:12.000Z",45.701965,5.883716,6.25,12.5,20,22.5,null
"2018-11-15T18:15:12.000Z",45.701965,5.883716,7,11.5,19.5,22.5,null
"2018-11-15T18:19:12.000Z",45.701965,5.883716,8.25,12,19,22.5,null
"2018-11-15T18:23:16.000Z",45.701965,5.883716,8,12.5,17.5,22.5,null
"2018-11-15T18:27:16.000Z",45.701965,5.883716,6.5,10,14.5,22.5,null
"2018-11-15T18:31:16.000Z",45.701965,5.883716,4.5,8,11.5,22.5,null
"2018-11-15T18:35:20.000Z",45.701965,5.883716,3.75,8,13,45,null
"2018-11-15T18:39:20.000Z",45.701965,5.883716,4.75,10.5,16,45,null
"2018-11-15T18:43:20.000Z",45.701965,5.883716,3.5,8.75,13,22.5,null
"2018-11-15T18:47:25.000Z",45.701965,5.883716,4.5,9,13.5,22.5,null
"2018-11-15T18:51:25.000Z",45.701965,5.883716,2,10.5,17.5,22.5,null
"2018-11-15T18:55:25.000Z",45.701965,5.883716,4.75,11,15.5,22.5,null
"2018-11-15T18:59:29.000Z",45.701965,5.883716,4.75,8.75,13.5,22.5,null
"2018-11-15T19:03:29.000Z",45.701965,5.883716,3.5,8.25,15,22.5,null
"2018-11-15T19:07:29.000Z",45.701965,5.883716,4.75,11,20.5,22.5,null
"2018-11-15T19:11:33.000Z",45.701965,5.883716,7.25,13.5,20.5,45,null
"2018-11-15T19:15:33.000Z",45.701965,5.883716,4.25,11,18,22.5,null
"2018-11-15T19:19:33.000Z",45.701965,5.883716,6.25,12.5,19,22.5,null
"2018-11-15T19:23:36.000Z",45.701965,5.883716,6,11.5,18,22.5,null
"2018-11-15T19:27:36.000Z",45.701965,5.883716,6,12.5,20,22.5,null
"2018-11-15T19:31:36.000Z",45.701965,5.883716,8.25,15,21,22.5,null
"2018-11-15T19:35:41.000Z",45.701965,5.883716,7,13,19.5,22.5,null
"2018-11-15T19:39:41.000Z",45.701965,5.883716,4.75,11,16.5,22.5,null
"2018-11-15T19:43:41.000Z",45.701965,5.883716,5.25,9,13.5,22.5,null
"2018-11-15T19:48:34.000Z",45.701965,5.883716,4.25,9.25,13.5,22.5,null
"2018-11-15T19:52:34.000Z",45.701965,5.883716,3.75,7.25,13.5,22.5,null
"2018-11-15T19:56:34.000Z",45.701965,5.883716,3.75,10.5,17,22.5,null
"2018-11-15T20:00:38.000Z",45.701965,5.883716,4.25,12.5,19,22.5,null
"2018-11-15T20:04:38.000Z",45.701965,5.883716,6.25,12,15.5,22.5,null
"2018-11-15T20:08:38.000Z",45.701965,5.883716,3.25,7.25,13,45,null
"2018-11-15T20:12:43.000Z",45.701965,5.883716,2.5,8,12,22.5,null
"2018-11-15T20:16:43.000Z",45.701965,5.883716,4.75,11.5,18.5,22.5,null
"2018-11-15T20:20:43.000Z",45.701965,5.883716,10.5,14.5,20,22.5,null
"2018-11-15T20:24:47.000Z",45.701965,5.883716,5.5,11,15.5,22.5,null
"2018-11-15T20:28:47.000Z",45.701965,5.883716,4.25,8.5,12.5,22.5,null
"2018-11-15T20:32:47.000Z",45.701965,5.883716,2,10.5,15.5,45,null
"2018-11-15T20:36:50.000Z",45.701965,5.883716,6.25,12,18.5,22.5,null
"2018-11-15T20:40:50.000Z",45.701965,5.883716,3.75,7.75,13,22.5,null
"2018-11-15T20:44:50.000Z",45.701965,5.883716,6.5,13.5,21,22.5,null
"2018-11-15T20:48:55.000Z",45.701965,5.883716,4.75,11,18.5,22.5,null
"2018-11-15T20:52:55.000Z",45.701965,5.883716,3.75,11.5,21,22.5,null
"2018-11-15T20:56:55.000Z",45.701965,5.883716,4.75,11.5,21,22.5,null
"2018-11-15T21:00:58.000Z",45.701965,5.883716,9.5,15.5,21,22.5,null
"2018-11-15T21:04:58.000Z",45.701965,5.883716,8.25,14.5,19,22.5,null
"2018-11-15T21:08:58.000Z",45.701965,5.883716,8,12,17.5,22.5,null
"2018-11-15T21:13:03.000Z",45.701965,5.883716,8,13,20,22.5,null
"2018-11-15T21:17:03.000Z",45.701965,5.883716,7.25,12,16.5,22.5,null
"2018-11-15T21:21:03.000Z",45.701965,5.883716,6,13,19.5,22.5,null
"2018-11-15T21:25:06.000Z",45.701965,5.883716,8,13.5,20.5,45,null
"2018-11-15T21:29:06.000Z",45.701965,5.883716,7,12,17.5,22.5,null
"2018-11-15T21:33:06.000Z",45.701965,5.883716,5.5,12.5,20.5,22.5,null
"2018-11-15T21:37:11.000Z",45.701965,5.883716,8,13.5,21,22.5,null
"2018-11-15T21:41:11.000Z",45.701965,5.883716,6,12.5,18.5,22.5,null
"2018-11-15T21:45:11.000Z",45.701965,5.883716,4.75,9.25,16.5,22.5,null
"2018-11-15T21:49:15.000Z",45.701965,5.883716,3.5,8,12,45,null
"2018-11-15T21:53:15.000Z",45.701965,5.883716,6.25,11.5,19,45,null
"2018-11-15T21:57:15.000Z",45.701965,5.883716,6.25,12,19,45,null
"2018-11-15T22:01:19.000Z",45.701965,5.883716,5.25,11,18,45,null
"2018-11-15T22:05:19.000Z",45.701965,5.883716,6.5,11,15.5,22.5,null
"2018-11-15T22:09:19.000Z",45.701965,5.883716,6,11.5,17.5,45,null
"2018-11-15T22:13:23.000Z",45.701965,5.883716,6,11.5,16.5,45,null
"2018-11-15T22:17:23.000Z",45.701965,5.883716,7.25,12.5,18,45,null
"2018-11-15T22:21:23.000Z",45.701965,5.883716,3.25,8.25,13,45,null
"2018-11-15T22:25:27.000Z",45.701965,5.883716,6,10.5,15.5,22.5,null
"2018-11-15T22:29:27.000Z",45.701965,5.883716,4.25,9.75,13.5,45,null
"2018-11-15T22:33:27.000Z",45.701965,5.883716,1.5,7,12.5,45,null
"2018-11-15T22:37:31.000Z",45.701965,5.883716,1.75,4,7.25,67.5,null
"2018-11-15T22:41:31.000Z",45.701965,5.883716,1.75,6.25,10.5,45,null
"2018-11-15T22:45:31.000Z",45.701965,5.883716,2.5,5.25,8.75,45,null
"2018-11-15T22:49:35.000Z",45.701965,5.883716,3.5,5.75,7.75,45,null
"2018-11-15T22:53:35.000Z",45.701965,5.883716,4.75,10,20,0,null
"2018-11-15T22:57:35.000Z",45.701965,5.883716,5.5,12,20,22.5,null
"2018-11-15T23:01:40.000Z",45.701965,5.883716,6.25,11.5,16,22.5,null
"2018-11-15T23:05:40.000Z",45.701965,5.883716,6.5,10,14.5,22.5,null
"2018-11-15T23:09:40.000Z",45.701965,5.883716,6,11.5,17,22.5,null
"2018-11-15T23:13:43.000Z",45.701965,5.883716,8,12.5,17,22.5,null
"2018-11-15T23:17:43.000Z",45.701965,5.883716,5.25,12,20,45,null
"2018-11-15T23:21:43.000Z",45.701965,5.883716,6.5,13.5,20.5,22.5,null
"2018-11-15T23:25:47.000Z",45.701965,5.883716,4.5,9,14.5,45,null
"2018-11-15T23:29:47.000Z",45.701965,5.883716,3.25,6.5,11,22.5,null
"2018-11-15T23:33:47.000Z",45.701965,5.883716,2.75,5.75,8.75,22.5,null
"2018-11-15T23:37:52.000Z",45.701965,5.883716,1.75,3.75,6.25,45,null
"2018-11-15T23:41:52.000Z",45.701965,5.883716,1,3,7.25,45,null
"2018-11-15T23:45:52.000Z",45.701965,5.883716,0.75,3.25,5.25,22.5,null
"2018-11-15T23:49:55.000Z",45.701965,5.883716,0,1.5,4.25,22.5,null
"2018-11-15T23:53:55.000Z",45.701965,5.883716,3.25,9,15,0,null
"2018-11-15T23:57:55.000Z",45.701965,5.883716,3.25,9.25,14.5,22.5,null
"2018-11-16T00:02:00.000Z",45.701965,5.883716,2.75,6.25,11,45,null
"2018-11-16T00:06:00.000Z",45.701965,5.883716,3.5,9.25,13.5,0,null
"2018-11-16T00:10:00.000Z",45.701965,5.883716,2,6.25,9.75,22.5,null
"2018-11-16T00:14:03.000Z",45.701965,5.883716,0.25,6,11,22.5,null
"2018-11-16T00:18:03.000Z",45.701965,5.883716,2.75,7.5,11,22.5,null
"2018-11-16T00:22:03.000Z",45.701965,5.883716,4.25,10,19,22.5,null
"2018-11-16T00:26:07.000Z",45.701965,5.883716,6.5,10,17,45,null
"2018-11-16T00:30:07.000Z",45.701965,5.883716,2.75,7,11.5,22.5,null
"2018-11-16T00:34:07.000Z",45.701965,5.883716,5.25,9,12.5,0,null
"2018-11-16T00:38:12.000Z",45.701965,5.883716,1.5,6.25,11,0,null
"2018-11-16T00:42:12.000Z",45.701965,5.883716,6.25,11,17,22.5,null
"2018-11-16T00:46:12.000Z",45.701965,5.883716,5.5,8.75,14,0,null
"2018-11-16T00:50:15.000Z",45.701965,5.883716,5.5,8.75,18,0,null
"2018-11-16T00:54:15.000Z",45.701965,5.883716,6,9.5,14.5,22.5,null
"2018-11-16T00:58:15.000Z",45.701965,5.883716,6,11.5,15,22.5,null
"2018-11-16T01:02:20.000Z",45.701965,5.883716,6.25,11,14.5,22.5,null
"2018-11-16T01:06:20.000Z",45.701965,5.883716,6,10.5,16,0,null
"2018-11-16T01:10:20.000Z",45.701965,5.883716,4.75,10.5,15,0,null
"2018-11-16T01:14:24.000Z",45.701965,5.883716,5.5,8.75,12,22.5,null
"2018-11-16T01:18:24.000Z",45.701965,5.883716,4.25,8,12.5,22.5,null
"2018-11-16T01:22:24.000Z",45.701965,5.883716,0,3.25,9.75,45,null
"2018-11-16T01:26:27.000Z",45.701965,5.883716,0,4.75,11,45,null
"2018-11-16T01:30:27.000Z",45.701965,5.883716,0.75,7.25,13,22.5,null
"2018-11-16T01:34:27.000Z",45.701965,5.883716,6.25,12,19,45,null
"2018-11-16T01:38:32.000Z",45.701965,5.883716,5.25,11.5,19,22.5,null
"2018-11-16T01:42:32.000Z",45.701965,5.883716,5.5,12,19,45,null
"2018-11-16T01:46:32.000Z",45.701965,5.883716,6,11,18,22.5,null
"2018-11-16T01:50:36.000Z",45.701965,5.883716,7.75,10.5,13,22.5,null
"2018-11-16T01:54:36.000Z",45.701965,5.883716,4.25,9.75,16.5,22.5,null
"2018-11-16T01:58:36.000Z",45.701965,5.883716,4.25,9.75,17.5,22.5,null
"2018-11-16T02:02:40.000Z",45.701965,5.883716,5.5,10.5,15.5,22.5,null
"2018-11-16T02:06:40.000Z",45.701965,5.883716,4.75,9.75,14,0,null
"2018-11-16T02:10:40.000Z",45.701965,5.883716,2,5.25,8.75,45,null
"2018-11-16T02:14:44.000Z",45.701965,5.883716,2.75,7.25,11,45,null
"2018-11-16T02:18:44.000Z",45.701965,5.883716,0.25,3.75,7,45,null
"2018-11-16T02:22:44.000Z",45.701965,5.883716,3.5,6.75,13,67.5,null
"2018-11-16T02:26:48.000Z",45.701965,5.883716,2.75,6.25,11,45,null
"2018-11-16T02:30:48.000Z",45.701965,5.883716,0.75,3.5,7,45,null
"2018-11-16T02:34:48.000Z",45.701965,5.883716,1.5,4.25,7.75,45,null
"2018-11-16T02:38:52.000Z",45.701965,5.883716,3.25,11,16.5,22.5,null
"2018-11-16T02:42:52.000Z",45.701965,5.883716,4.25,8.75,14.5,45,null
"2018-11-16T02:46:52.000Z",45.701965,5.883716,2,6.75,13.5,22.5,null
"2018-11-16T02:50:57.000Z",45.701965,5.883716,2.5,5.75,11,22.5,null
"2018-11-16T02:54:57.000Z",45.701965,5.883716,2,5,9.5,45,null
"2018-11-16T02:58:57.000Z",45.701965,5.883716,2.75,4.75,7.25,67.5,null
"2018-11-16T03:03:00.000Z",45.701965,5.883716,0,4.25,10,67.5,null
"2018-11-16T03:07:00.000Z",45.701965,5.883716,2,5.75,9,67.5,null
"2018-11-16T03:11:00.000Z",45.701965,5.883716,1,3.75,7,67.5,null
"2018-11-16T03:15:04.000Z",45.701965,5.883716,1.5,3.5,5.75,45,null
"2018-11-16T03:19:04.000Z",45.701965,5.883716,1,3.75,7.25,22.5,null
"2018-11-16T03:23:04.000Z",45.701965,5.883716,0.25,5.5,13.5,67.5,null
"2018-11-16T03:27:09.000Z",45.701965,5.883716,0.25,4.5,10.5,45,null
"2018-11-16T03:31:09.000Z",45.701965,5.883716,0.25,3.5,8.75,67.5,null
"2018-11-16T03:35:09.000Z",45.701965,5.883716,0,1.75,4.5,67.5,null
"2018-11-16T03:39:12.000Z",45.701965,5.883716,1.25,5.25,8.25,45,null
"2018-11-16T03:43:12.000Z",45.701965,5.883716,1,3.5,5.5,67.5,null
"2018-11-16T03:47:12.000Z",45.701965,5.883716,2.75,5.25,8,45,null
"2018-11-16T03:51:17.000Z",45.701965,5.883716,0,3.5,9,22.5,null
"2018-11-16T03:55:17.000Z",45.701965,5.883716,1.75,3.75,7,22.5,null
"2018-11-16T03:59:17.000Z",45.701965,5.883716,0,2.5,5.25,22.5,null
"2018-11-16T04:03:20.000Z",45.701965,5.883716,0,0.5,4.25,45,null
"2018-11-16T04:07:20.000Z",45.701965,5.883716,1,4.25,7,90,null
"2018-11-16T04:11:20.000Z",45.701965,5.883716,0,1.25,2.75,90,null
"2018-11-16T04:15:25.000Z",45.701965,5.883716,0,1.5,8.25,67.5,null
"2018-11-16T04:19:25.000Z",45.701965,5.883716,0,3.25,6.25,22.5,null
"2018-11-16T04:23:25.000Z",45.701965,5.883716,0,1,4.25,22.5,null
"2018-11-16T04:27:29.000Z",45.701965,5.883716,0.25,2.5,5.5,67.5,null
"2018-11-16T04:31:29.000Z",45.701965,5.883716,1,4.5,10,67.5,null
"2018-11-16T04:35:29.000Z",45.701965,5.883716,1.5,5,9,67.5,null
"2018-11-16T04:39:32.000Z",45.701965,5.883716,2.5,4.25,6.25,45,null
"2018-11-16T04:43:32.000Z",45.701965,5.883716,1.75,6.25,10.5,45,null
"2018-11-16T04:47:32.000Z",45.701965,5.883716,0.25,4.25,7.25,22.5,null
"2018-11-16T04:51:37.000Z",45.701965,5.883716,2.75,6.75,10.5,45,null
"2018-11-16T04:55:37.000Z",45.701965,5.883716,1.5,5.25,8,45,null
"2018-11-16T04:59:37.000Z",45.701965,5.883716,2,6.75,12,67.5,null
"2018-11-16T05:03:41.000Z",45.701965,5.883716,4.25,7.5,12.5,45,null
"2018-11-16T05:07:41.000Z",45.701965,5.883716,4.5,8.25,13.5,45,null
"2018-11-16T05:11:41.000Z",45.701965,5.883716,6.25,9,13,22.5,null
"2018-11-16T05:15:44.000Z",45.701965,5.883716,2,6,8.5,45,null
"2018-11-16T05:19:44.000Z",45.701965,5.883716,2,4.75,7.25,45,null
"2018-11-16T05:23:44.000Z",45.701965,5.883716,3.25,6.75,10.5,45,null
"2018-11-16T05:27:49.000Z",45.701965,5.883716,4.5,8.75,13,45,null
"2018-11-16T05:31:49.000Z",45.701965,5.883716,3.5,8,11.5,45,null
"2018-11-16T05:35:49.000Z",45.701965,5.883716,2.5,7,9.75,22.5,null
"2018-11-16T05:39:53.000Z",45.701965,5.883716,3.5,7.25,13,45,null
"2018-11-16T05:43:53.000Z",45.701965,5.883716,1.5,10.5,21,22.5,null
"2018-11-16T05:47:53.000Z",45.701965,5.883716,4.5,9,16,45,null
"2018-11-16T05:51:57.000Z",45.701965,5.883716,6.25,11.5,18,45,null
"2018-11-16T05:55:57.000Z",45.701965,5.883716,4.25,8.75,13,22.5,null
"2018-11-16T05:59:57.000Z",45.701965,5.883716,3.25,6.75,12,45,null
"2018-11-16T06:04:01.000Z",45.701965,5.883716,3.5,8,13.5,22.5,null
"2018-11-16T06:08:01.000Z",45.701965,5.883716,1,9.75,14.5,45,null
"2018-11-16T06:12:01.000Z",45.701965,5.883716,3.75,9.75,16,22.5,null
"2018-11-16T06:16:05.000Z",45.701965,5.883716,6.5,12.5,18,0,null
"2018-11-16T06:20:05.000Z",45.701965,5.883716,6,11.5,14.5,22.5,null
"2018-11-16T06:24:05.000Z",45.701965,5.883716,6,11.5,19,22.5,null
"2018-11-16T06:28:09.000Z",45.701965,5.883716,6,11,19,22.5,null
"2018-11-16T06:32:09.000Z",45.701965,5.883716,4.25,8,14.5,45,null
"2018-11-16T06:36:09.000Z",45.701965,5.883716,1.5,6,11,45,null
"2018-11-16T06:40:13.000Z",45.701965,5.883716,3.25,6.75,13,45,null
"2018-11-16T06:44:13.000Z",45.701965,5.883716,1.75,5.5,10,90,null
"2018-11-16T06:48:13.000Z",45.701965,5.883716,0,3.25,7.25,90,null
"2018-11-16T06:52:17.000Z",45.701965,5.883716,0,1.75,7.25,67.5,null
"2018-11-16T06:56:17.000Z",45.701965,5.883716,1.5,9.5,14.5,67.5,null
"2018-11-16T07:00:17.000Z",45.701965,5.883716,4.25,7.5,12,45,null
"2018-11-16T07:04:22.000Z",45.701965,5.883716,3.75,8.25,15.5,67.5,null
"2018-11-16T07:08:22.000Z",45.701965,5.883716,3.5,7.25,12,45,null
"2018-11-16T07:12:22.000Z",45.701965,5.883716,1.75,7.5,14.5,45,null
"2018-11-16T07:16:25.000Z",45.701965,5.883716,2,6.75,11.5,67.5,null
"2018-11-16T07:20:25.000Z",45.701965,5.883716,1.75,7,13.5,67.5,null
"2018-11-16T07:24:25.000Z",45.701965,5.883716,3.25,8.5,14,45,null
"2018-11-16T07:28:30.000Z",45.701965,5.883716,1,6.25,11,67.5,null
"2018-11-16T07:32:30.000Z",45.701965,5.883716,1,5.75,10,67.5,null
"2018-11-16T07:36:30.000Z",45.701965,5.883716,4.25,7,11.5,67.5,null
"2018-11-16T07:40:33.000Z",45.701965,5.883716,3.25,5.25,8.75,45,null
"2018-11-16T07:44:33.000Z",45.701965,5.883716,2.75,7.25,11,67.5,null
"2018-11-16T07:48:33.000Z",45.701965,5.883716,0.75,5,9.5,67.5,null
"2018-11-16T07:52:38.000Z",45.701965,5.883716,0,2.75,5.5,67.5,null
"2018-11-16T07:56:38.000Z",45.701965,5.883716,0,2.25,6,45,null
"2018-11-16T08:00:38.000Z",45.701965,5.883716,0.25,5,9.5,67.5,null
"2018-11-16T08:04:41.000Z",45.701965,5.883716,2.75,6.25,11,67.5,null
"2018-11-16T08:08:41.000Z",45.701965,5.883716,3.25,7.5,11.5,67.5,null
"2018-11-16T08:12:41.000Z",45.701965,5.883716,0.75,3.5,7,90,null
"2018-11-16T08:16:46.000Z",45.701965,5.883716,0.75,3.25,7.25,90,null
"2018-11-16T08:20:46.000Z",45.701965,5.883716,0,2.5,5.25,67.5,null
"2018-11-16T08:24:46.000Z",45.701965,5.883716,0,2.25,7,90,null
"2018-11-16T08:28:50.000Z",45.701965,5.883716,0,2.5,7,90,null
"2018-11-16T08:32:50.000Z",45.701965,5.883716,0,3.5,11.5,67.5,null
"2018-11-16T08:36:50.000Z",45.701965,5.883716,2.5,5.5,9.5,67.5,null
"2018-11-16T08:40:53.000Z",45.701965,5.883716,1.75,4,6.75,67.5,null
"2018-11-16T08:44:53.000Z",45.701965,5.883716,0,6,13,45,null
"2018-11-16T08:48:53.000Z",45.701965,5.883716,6.25,10.5,15,22.5,null
"2018-11-16T08:52:58.000Z",45.701965,5.883716,3.5,10,16,45,null
"2018-11-16T08:56:58.000Z",45.701965,5.883716,5.5,11,17.5,22.5,null
"2018-11-16T09:00:58.000Z",45.701965,5.883716,8,14,19,22.5,null
"2018-11-16T09:05:02.000Z",45.701965,5.883716,7.25,11.5,16,22.5,null
"2018-11-16T09:09:02.000Z",45.701965,5.883716,7.25,13,19,22.5,null
"2018-11-16T09:13:02.000Z",45.701965,5.883716,2.75,7.75,14.5,45,null
"2018-11-16T09:17:06.000Z",45.701965,5.883716,7,12.5,21,22.5,null
"2018-11-16T09:21:06.000Z",45.701965,5.883716,5.25,9.5,13,22.5,null
"2018-11-16T09:25:06.000Z",45.701965,5.883716,3.75,7,11,45,null
"2018-11-16T09:29:10.000Z",45.701965,5.883716,1,10.5,16.5,45,null
"2018-11-16T09:33:10.000Z",45.701965,5.883716,3.75,7.5,12,22.5,null
"2018-11-16T09:37:10.000Z",45.701965,5.883716,4.5,10.5,15.5,0,null
"2018-11-16T09:41:14.000Z",45.701965,5.883716,5.25,9.25,13,22.5,null
"2018-11-16T09:45:14.000Z",45.701965,5.883716,3.75,9.25,16,22.5,null
"2018-11-16T09:49:14.000Z",45.701965,5.883716,7.75,12,17,22.5,null
"2018-11-16T09:53:18.000Z",45.701965,5.883716,2,5.5,12,22.5,null
"2018-11-16T09:57:18.000Z",45.701965,5.883716,3.25,10.5,18,22.5,null
"2018-11-16T10:01:18.000Z",45.701965,5.883716,8.75,13.5,18.5,22.5,null
"2018-11-16T10:05:22.000Z",45.701965,5.883716,10.5,16,22.5,22.5,null
"2018-11-16T10:09:22.000Z",45.701965,5.883716,9,15,22,22.5,null
"2018-11-16T10:13:22.000Z",45.701965,5.883716,3.75,10,17,22.5,null
"2018-11-16T10:17:26.000Z",45.701965,5.883716,2.75,8.5,15.5,45,null
"2018-11-16T10:21:26.000Z",45.701965,5.883716,8,12.5,16.5,22.5,null
"2018-11-16T10:25:26.000Z",45.701965,5.883716,4.75,11.5,18,22.5,null
"2018-11-16T10:29:30.000Z",45.701965,5.883716,6.5,12.5,16.5,0,null
"2018-11-16T10:33:30.000Z",45.701965,5.883716,6.25,12.5,17.5,22.5,null
"2018-11-16T10:37:30.000Z",45.701965,5.883716,9.75,13.5,17,22.5,null
"2018-11-16T10:41:34.000Z",45.701965,5.883716,6,10.5,15.5,22.5,null
"2018-11-16T10:45:34.000Z",45.701965,5.883716,6,9,14.5,22.5,null
"2018-11-16T10:49:34.000Z",45.701965,5.883716,6,10,15.5,22.5,null
"2018-11-16T10:53:38.000Z",45.701965,5.883716,3.25,6,12,22.5,null
"2018-11-16T10:57:38.000Z",45.701965,5.883716,6.25,11,17.5,0,null
"2018-11-16T11:01:38.000Z",45.701965,5.883716,6.25,10.5,13.5,0,null
"2018-11-16T11:05:42.000Z",45.701965,5.883716,8,12.5,20,22.5,null
"2018-11-16T11:09:42.000Z",45.701965,5.883716,6,12,16,22.5,null
"2018-11-16T11:13:42.000Z",45.701965,5.883716,4.5,10,15,22.5,null
"2018-11-16T11:17:47.000Z",45.701965,5.883716,8.75,12.5,18,22.5,null
"2018-11-16T11:21:47.000Z",45.701965,5.883716,7.75,12.5,16,22.5,null
"2018-11-16T11:25:47.000Z",45.701965,5.883716,5.25,10.5,14.5,0,null
"2018-11-16T11:29:50.000Z",45.701965,5.883716,6.5,11.5,16.5,22.5,null
"2018-11-16T11:33:50.000Z",45.701965,5.883716,6.5,11.5,14,22.5,null
"2018-11-16T11:37:50.000Z",45.701965,5.883716,6.5,12,17,22.5,null
"2018-11-16T11:41:55.000Z",45.701965,5.883716,3.75,9.75,14.5,22.5,null
"2018-11-16T11:45:55.000Z",45.701965,5.883716,7,11,17,22.5,null
"2018-11-16T11:49:55.000Z",45.701965,5.883716,6.5,9.75,15,22.5,null
"2018-11-16T11:53:59.000Z",45.701965,5.883716,6.25,11,15.5,0,null
"2018-11-16T11:57:59.000Z",45.701965,5.883716,0,9.25,18,0,null
"2018-11-16T12:01:59.000Z",45.701965,5.883716,1.5,8.25,12,22.5,null
"2018-11-16T12:06:03.000Z",45.701965,5.883716,4.5,7.5,12,22.5,null
"2018-11-16T12:10:03.000Z",45.701965,5.883716,3.5,8.25,15,22.5,null
"2018-11-16T12:14:03.000Z",45.701965,5.883716,7.25,11,15.5,0,null
"2018-11-16T12:18:06.000Z",45.701965,5.883716,6.25,11.5,17.5,22.5,null
"2018-11-16T12:22:06.000Z",45.701965,5.883716,3.25,7.75,12,22.5,null
"2018-11-16T12:26:06.000Z",45.701965,5.883716,2.75,6.75,12,0,null
"2018-11-16T12:30:11.000Z",45.701965,5.883716,0,6.5,12,22.5,null
"2018-11-16T12:34:11.000Z",45.701965,5.883716,2.5,6,8.75,45,null
"2018-11-16T12:38:11.000Z",45.701965,5.883716,0.25,4.75,12,22.5,null
"2018-11-16T12:42:15.000Z",45.701965,5.883716,4.25,7.5,12,0,null
"2018-11-16T12:46:15.000Z",45.701965,5.883716,0,3.75,8.75,0,null
"2018-11-16T12:50:15.000Z",45.701965,5.883716,3.75,6.75,10.5,22.5,null
"2018-11-16T12:54:19.000Z",45.701965,5.883716,2.75,6,10,45,null
"2018-11-16T12:58:19.000Z",45.701965,5.883716,0,2.75,8,0,null
"2018-11-16T13:02:19.000Z",45.701965,5.883716,3.75,7.5,10.5,337.5,null
"2018-11-16T13:06:23.000Z",45.701965,5.883716,1.75,3,5.25,337.5,null
"2018-11-16T13:10:23.000Z",45.701965,5.883716,1,4.25,8,337.5,null
"2018-11-16T13:14:23.000Z",45.701965,5.883716,4.25,7,10,22.5,null
"2018-11-16T13:18:27.000Z",45.701965,5.883716,2.75,5.5,8.25,22.5,null
"2018-11-16T13:22:27.000Z",45.701965,5.883716,0,4.75,10.5,0,null
"2018-11-16T13:26:27.000Z",45.701965,5.883716,3.25,7,11,0,null
"2018-11-16T13:30:30.000Z",45.701965,5.883716,4.25,9.25,15,0,null
"2018-11-16T13:34:30.000Z",45.701965,5.883716,0.75,2.25,6,337.5,null
"2018-11-16T13:38:30.000Z",45.701965,5.883716,1.5,7,13,22.5,null
"2018-11-16T13:42:35.000Z",45.701965,5.883716,5.25,9,12,22.5,null
"2018-11-16T13:46:35.000Z",45.701965,5.883716,5.5,8.5,11.5,22.5,null
"2018-11-16T13:50:35.000Z",45.701965,5.883716,0.75,7,16.5,45,null
"2018-11-16T13:54:39.000Z",45.701965,5.883716,5.25,10.5,15,22.5,null
"2018-11-16T13:58:39.000Z",45.701965,5.883716,5.25,10,14.5,22.5,null
"2018-11-16T14:02:39.000Z",45.701965,5.883716,3.75,8,15.5,22.5,null
"2018-11-16T14:06:43.000Z",45.701965,5.883716,4.5,8.5,17,45,null
"2018-11-16T14:10:43.000Z",45.701965,5.883716,2.5,6.75,12,45,null
"2018-11-16T14:14:43.000Z",45.701965,5.883716,5.5,8.25,11.5,22.5,null
"2018-11-16T14:18:47.000Z",45.701965,5.883716,5.25,10,16.5,45,null
"2018-11-16T14:22:47.000Z",45.701965,5.883716,3.5,10.5,14.5,22.5,null
"2018-11-16T14:26:47.000Z",45.701965,5.883716,5.5,9.25,14.5,22.5,null
"2018-11-16T14:30:51.000Z",45.701965,5.883716,6.5,11,16.5,22.5,null
"2018-11-16T14:34:51.000Z",45.701965,5.883716,4.25,8.5,15.5,67.5,null
"2018-11-16T14:38:51.000Z",45.701965,5.883716,2.5,5.75,9.75,45,null
"2018-11-16T14:42:55.000Z",45.701965,5.883716,3.5,5.75,8.25,22.5,null
"2018-11-16T14:46:55.000Z",45.701965,5.883716,1.75,11,16.5,45,null
"2018-11-16T14:50:55.000Z",45.701965,5.883716,7.75,12.5,17.5,45,null
"2018-11-16T14:54:59.000Z",45.701965,5.883716,4.25,9.25,13.5,22.5,null
"2018-11-16T14:58:59.000Z",45.701965,5.883716,1,7.25,15,0,null
"2018-11-16T15:02:59.000Z",45.701965,5.883716,2,9,14.5,0,null
"2018-11-16T15:07:03.000Z",45.701965,5.883716,0,2.75,8.25,45,null
"2018-11-16T15:11:03.000Z",45.701965,5.883716,0.25,5,7.75,22.5,null
"2018-11-16T15:15:03.000Z",45.701965,5.883716,6,10,14,0,null
"2018-11-16T15:19:08.000Z",45.701965,5.883716,5.5,9.75,14.5,22.5,null
"2018-11-16T15:23:08.000Z",45.701965,5.883716,6.25,9.75,13.5,45,null
"2018-11-16T15:27:08.000Z",45.701965,5.883716,4.75,8.75,14.5,45,null
"2018-11-16T15:31:11.000Z",45.701965,5.883716,3.25,7.75,11,67.5,null
"2018-11-16T15:35:11.000Z",45.701965,5.883716,3.5,7.25,13,22.5,null
"2018-11-16T15:39:11.000Z",45.701965,5.883716,3.5,8.25,13,22.5,null
"2018-11-16T15:43:15.000Z",45.701965,5.883716,3.5,7.75,11.5,22.5,null
"2018-11-16T15:47:15.000Z",45.701965,5.883716,4.25,9,13,22.5,null
"2018-11-16T15:51:15.000Z",45.701965,5.883716,6,10.5,15.5,22.5,null
"2018-11-16T15:55:20.000Z",45.701965,5.883716,7.25,11,14.5,22.5,null
"2018-11-16T15:59:20.000Z",45.701965,5.883716,7.25,11,18.5,22.5,null
"2018-11-16T16:03:20.000Z",45.701965,5.883716,4.5,8.5,14.5,22.5,null
"2018-11-16T16:07:23.000Z",45.701965,5.883716,4.25,9.75,14.5,22.5,null
"2018-11-16T16:11:23.000Z",45.701965,5.883716,4.25,10.5,16,22.5,null
"2018-11-16T16:15:23.000Z",45.701965,5.883716,5.5,10,14.5,22.5,null
"2018-11-16T16:19:28.000Z",45.701965,5.883716,7,9.75,14,22.5,null
"2018-11-16T16:23:28.000Z",45.701965,5.883716,7,11,16,22.5,null
"2018-11-16T16:27:28.000Z",45.701965,5.883716,1.75,5.75,12,45,null
"2018-11-16T16:31:32.000Z",45.701965,5.883716,0,6,14,0,null
"2018-11-16T16:35:32.000Z",45.701965,5.883716,0,3,9,0,null
"2018-11-16T16:39:32.000Z",45.701965,5.883716,4.25,6.75,11,22.5,null
"2018-11-16T16:43:36.000Z",45.701965,5.883716,3.75,8,13,22.5,null
"2018-11-16T16:47:36.000Z",45.701965,5.883716,6,12.5,17.5,22.5,null
"2018-11-16T16:51:36.000Z",45.701965,5.883716,1,6.75,14,0,null
"2018-11-16T16:55:39.000Z",45.701965,5.883716,1.5,5.25,10.5,45,null
"2018-11-16T16:59:39.000Z",45.701965,5.883716,3.5,7.25,15,67.5,null
"2018-11-16T17:03:39.000Z",45.701965,5.883716,6.25,12.5,19,45,null
"2018-11-16T17:07:44.000Z",45.701965,5.883716,4.75,8,15,22.5,null
"2018-11-16T17:11:44.000Z",45.701965,5.883716,2.75,6.75,11,45,null
"2018-11-16T17:15:44.000Z",45.701965,5.883716,4.5,9.5,14.5,45,null
"2018-11-16T17:19:48.000Z",45.701965,5.883716,8,11.5,16,45,null
"2018-11-16T17:23:48.000Z",45.701965,5.883716,5.25,11,15,22.5,null
"2018-11-16T17:27:48.000Z",45.701965,5.883716,3.75,9.5,14.5,45,null
"2018-11-16T17:31:52.000Z",45.701965,5.883716,4.75,9,15.5,45,null
"2018-11-16T17:35:52.000Z",45.701965,5.883716,0.75,5.5,9.75,45,null
"2018-11-16T17:39:52.000Z",45.701965,5.883716,3.25,6.75,11,22.5,null
"2018-11-16T17:43:56.000Z",45.701965,5.883716,0.75,5.75,9.5,67.5,null
"2018-11-16T17:47:56.000Z",45.701965,5.883716,0,7.5,18,45,null
"2018-11-16T17:51:56.000Z",45.701965,5.883716,0,4.75,15.5,45,null
"2018-11-16T17:56:00.000Z",45.701965,5.883716,1,5.75,13,22.5,null
"2018-11-16T18:00:00.000Z",45.701965,5.883716,0,2.75,8,45,null
"2018-11-16T18:04:00.000Z",45.701965,5.883716,4.25,8,16,45,null
"2018-11-16T18:08:04.000Z",45.701965,5.883716,5.5,8.25,12.5,45,null
"2018-11-16T18:12:04.000Z",45.701965,5.883716,2.5,8.5,13,22.5,null
"2018-11-16T18:16:04.000Z",45.701965,5.883716,3.75,9,15.5,22.5,null
"2018-11-16T18:20:09.000Z",45.701965,5.883716,6,10.5,16.5,22.5,null
"2018-11-16T18:24:09.000Z",45.701965,5.883716,4.25,12,16.5,22.5,null
"2018-11-16T18:28:09.000Z",45.701965,5.883716,7.25,11.5,16.5,22.5,null
"2018-11-16T18:32:12.000Z",45.701965,5.883716,5.25,9.25,14,22.5,null
"2018-11-16T18:36:12.000Z",45.701965,5.883716,2.5,9.75,16,22.5,null
"2018-11-16T18:40:12.000Z",45.701965,5.883716,5.25,8.75,16.5,22.5,null
"2018-11-16T18:44:16.000Z",45.701965,5.883716,3.25,7.25,14.5,22.5,null
"2018-11-16T18:48:16.000Z",45.701965,5.883716,4.25,9.5,14.5,0,null
"2018-11-16T18:52:16.000Z",45.701965,5.883716,4.5,8.75,14.5,22.5,null
"2018-11-16T18:56:20.000Z",45.701965,5.883716,2,5.25,10,22.5,null
"2018-11-16T19:00:20.000Z",45.701965,5.883716,5.25,8.5,12,22.5,null
"2018-11-16T19:04:20.000Z",45.701965,5.883716,4.25,9.25,14.5,22.5,null
"2018-11-16T19:08:25.000Z",45.701965,5.883716,4.5,9.25,16,22.5,null
"2018-11-16T19:12:25.000Z",45.701965,5.883716,3.5,8.25,13,22.5,null
"2018-11-16T19:16:25.000Z",45.701965,5.883716,1.5,6.25,9.75,22.5,null
"2018-11-16T19:20:29.000Z",45.701965,5.883716,2.75,7.25,14,22.5,null
"2018-11-16T19:24:29.000Z",45.701965,5.883716,6.5,12,18,0,null
"2018-11-16T19:28:29.000Z",45.701965,5.883716,4.5,7.5,12,22.5,null
"2018-11-16T19:32:33.000Z",45.701965,5.883716,4.5,8.75,14.5,22.5,null
"2018-11-16T19:36:33.000Z",45.701965,5.883716,2,9.5,18,0,null
"2018-11-16T19:40:33.000Z",45.701965,5.883716,4.25,13,20,22.5,null
"2018-11-16T19:44:36.000Z",45.701965,5.883716,6,11,16.5,22.5,null
"2018-11-16T19:48:36.000Z",45.701965,5.883716,5.25,9,13.5,22.5,null
"2018-11-16T19:52:36.000Z",45.701965,5.883716,2.5,6.25,9.75,22.5,null
"2018-11-16T19:56:46.000Z",45.701965,5.883716,2,5.75,9.5,22.5,null
"2018-11-16T20:00:46.000Z",45.701965,5.883716,2.5,7,9.75,22.5,null
"2018-11-16T20:04:46.000Z",45.701965,5.883716,3.5,7,16.5,45,null
"2018-11-16T20:08:51.000Z",45.701965,5.883716,6.25,9.5,14,22.5,null
"2018-11-16T20:12:51.000Z",45.701965,5.883716,4.25,8.25,13.5,22.5,null
"2018-11-16T20:16:51.000Z",45.701965,5.883716,2,5.5,9,22.5,null
"2018-11-16T20:20:54.000Z",45.701965,5.883716,0,2.25,9.75,22.5,null
"2018-11-16T20:24:54.000Z",45.701965,5.883716,0.75,4.75,8.75,45,null
"2018-11-16T20:28:54.000Z",45.701965,5.883716,1,6.25,12,45,null
"2018-11-16T20:32:59.000Z",45.701965,5.883716,1,4.75,11,45,null
"2018-11-16T20:36:59.000Z",45.701965,5.883716,4.5,8.75,11.5,22.5,null
"2018-11-16T20:40:59.000Z",45.701965,5.883716,5.25,10,18,22.5,null
"2018-11-16T20:45:03.000Z",45.701965,5.883716,3.75,9.25,15.5,22.5,null
"2018-11-16T20:49:03.000Z",45.701965,5.883716,5.25,13.5,21,22.5,null
"2018-11-16T20:53:03.000Z",45.701965,5.883716,5.25,10.5,20.5,22.5,null
"2018-11-16T20:57:07.000Z",45.701965,5.883716,3.75,12.5,21,22.5,null
"2018-11-16T21:01:07.000Z",45.701965,5.883716,6.25,13.5,23,22.5,null
"2018-11-16T21:05:07.000Z",45.701965,5.883716,7,16.5,23.5,22.5,null
"2018-11-16T21:09:11.000Z",45.701965,5.883716,4.75,13,18,22.5,null
"2018-11-16T21:13:11.000Z",45.701965,5.883716,4.5,12.5,21.5,22.5,null
"2018-11-16T21:17:11.000Z",45.701965,5.883716,7.75,14,21,22.5,null
"2018-11-16T21:21:15.000Z",45.701965,5.883716,2.75,9.5,18,45,null
"2018-11-16T21:25:15.000Z",45.701965,5.883716,5.5,13.5,20.5,22.5,null
"2018-11-16T21:29:15.000Z",45.701965,5.883716,6,13.5,21,22.5,null
"2018-11-16T21:33:19.000Z",45.701965,5.883716,2.5,7.75,18,45,null
"2018-11-16T21:37:19.000Z",45.701965,5.883716,1.75,7.75,16.5,22.5,null
"2018-11-16T21:41:19.000Z",45.701965,5.883716,2.75,8,14,45,null
"2018-11-16T21:45:23.000Z",45.701965,5.883716,0.75,5.5,12.5,45,null
"2018-11-16T21:49:23.000Z",45.701965,5.883716,5.25,10.5,17,45,null
"2018-11-16T21:53:23.000Z",45.701965,5.883716,2.5,9.5,21,45,null
"2018-11-16T21:57:27.000Z",45.701965,5.883716,4.5,10.5,17,45,null
"2018-11-16T22:01:27.000Z",45.701965,5.883716,4.25,10,22.5,45,null
"2018-11-16T22:05:27.000Z",45.701965,5.883716,7.25,13,19.5,22.5,null
"2018-11-16T22:09:31.000Z",45.701965,5.883716,5.25,12,21,22.5,null
"2018-11-16T22:13:31.000Z",45.701965,5.883716,4.75,10.5,16.5,22.5,null
"2018-11-16T22:17:31.000Z",45.701965,5.883716,4.25,10.5,16.5,45,null
"2018-11-16T22:21:35.000Z",45.701965,5.883716,4.25,12,22,45,null
"2018-11-16T22:25:35.000Z",45.701965,5.883716,5.5,12.5,22.5,45,null
"2018-11-16T22:29:35.000Z",45.701965,5.883716,5.5,14.5,22.5,22.5,null
"2018-11-16T22:33:39.000Z",45.701965,5.883716,7.25,15,29,22.5,null
"2018-11-16T22:37:39.000Z",45.701965,5.883716,3.5,15,26,22.5,null
"2018-11-16T22:41:39.000Z",45.701965,5.883716,7.25,13.5,27.5,22.5,null
"2018-11-16T22:45:44.000Z",45.701965,5.883716,4.75,12,27,45,null
"2018-11-16T22:49:44.000Z",45.701965,5.883716,4.25,12,24.5,45,null
"2018-11-16T22:53:44.000Z",45.701965,5.883716,2,9.75,16,22.5,null
"2018-11-16T22:57:48.000Z",45.701965,5.883716,2.5,10.5,22.5,45,null
"2018-11-16T23:01:48.000Z",45.701965,5.883716,3.5,11,21,45,null
"2018-11-16T23:05:48.000Z",45.701965,5.883716,2,9.5,22.5,45,null
"2018-11-16T23:09:52.000Z",45.701965,5.883716,1.75,8.75,19.5,45,null
"2018-11-16T23:13:52.000Z",45.701965,5.883716,5.25,10.5,20,45,null
"2018-11-16T23:17:52.000Z",45.701965,5.883716,3.75,8.5,14.5,45,null
"2018-11-16T23:21:55.000Z",45.701965,5.883716,1.5,10,22.5,22.5,null
"2018-11-16T23:25:55.000Z",45.701965,5.883716,0,6.25,11.5,45,null
"2018-11-16T23:29:55.000Z",45.701965,5.883716,2.5,13.5,23,45,null
"2018-11-16T23:33:59.000Z",45.701965,5.883716,2.75,9,18,45,null
"2018-11-16T23:37:59.000Z",45.701965,5.883716,0,7.75,15.5,45,null
"2018-11-16T23:41:59.000Z",45.701965,5.883716,6.25,11,19.5,45,null
"2018-11-16T23:46:03.000Z",45.701965,5.883716,0,6.25,14,45,null
"2018-11-16T23:50:03.000Z",45.701965,5.883716,6.25,14,22,45,null
"2018-11-16T23:54:03.000Z",45.701965,5.883716,0,8.5,19,45,null
"2018-11-16T23:58:08.000Z",45.701965,5.883716,0,4.25,9,45,null
"2018-11-17T00:02:08.000Z",45.701965,5.883716,2.75,10.5,18,22.5,null
"2018-11-17T00:06:08.000Z",45.701965,5.883716,3.25,10.5,20,45,null
"2018-11-17T00:10:12.000Z",45.701965,5.883716,3.25,9,15,45,null
"2018-11-17T00:14:12.000Z",45.701965,5.883716,0,7.75,22.5,45,null
"2018-11-17T00:18:12.000Z",45.701965,5.883716,1,8.5,24.5,45,null
"2018-11-17T00:22:16.000Z",45.701965,5.883716,2.75,6.75,12,22.5,null
"2018-11-17T00:26:16.000Z",45.701965,5.883716,3.75,8.5,13.5,22.5,null
"2018-11-17T00:30:16.000Z",45.701965,5.883716,4.25,9.5,16.5,22.5,null
"2018-11-17T00:34:20.000Z",45.701965,5.883716,0,6,12.5,22.5,null
"2018-11-17T00:38:20.000Z",45.701965,5.883716,1,6.75,13,22.5,null
"2018-11-17T00:42:20.000Z",45.701965,5.883716,1,6.75,16.5,45,null
"2018-11-17T00:46:24.000Z",45.701965,5.883716,5.5,12,17.5,22.5,null
"2018-11-17T00:50:24.000Z",45.701965,5.883716,3.5,9.5,14,22.5,null
"2018-11-17T00:54:24.000Z",45.701965,5.883716,0.75,5.5,11,22.5,null
"2018-11-17T00:58:28.000Z",45.701965,5.883716,3.25,7.5,16.5,22.5,null
"2018-11-17T01:02:28.000Z",45.701965,5.883716,5.25,10.5,15.5,22.5,null
"2018-11-17T01:06:28.000Z",45.701965,5.883716,3.5,11.5,18,22.5,null
"2018-11-17T01:10:32.000Z",45.701965,5.883716,3.5,9,13,45,null
"2018-11-17T01:14:32.000Z",45.701965,5.883716,1,5.25,13.5,45,null
"2018-11-17T01:18:32.000Z",45.701965,5.883716,4.5,9,15.5,45,null
"2018-11-17T01:22:36.000Z",45.701965,5.883716,1.75,6.5,14,22.5,null
"2018-11-17T01:26:36.000Z",45.701965,5.883716,4.25,8,13.5,45,null
"2018-11-17T01:30:36.000Z",45.701965,5.883716,4.25,9,13.5,22.5,null
"2018-11-17T01:34:40.000Z",45.701965,5.883716,5.25,9.25,13,22.5,null
"2018-11-17T01:38:40.000Z",45.701965,5.883716,3.5,7.25,11,22.5,null
"2018-11-17T01:42:40.000Z",45.701965,5.883716,0.25,4.75,7,22.5,null
"2018-11-17T01:46:44.000Z",45.701965,5.883716,0,0.25,2.5,45,null
"2018-11-17T01:50:44.000Z",45.701965,5.883716,0,4.75,9,67.5,null
"2018-11-17T01:54:44.000Z",45.701965,5.883716,0,4.5,7.75,45,null
"2018-11-17T01:58:48.000Z",45.701965,5.883716,0.75,3.75,6.5,67.5,null
"2018-11-17T02:02:48.000Z",45.701965,5.883716,0,5,11.5,67.5,null
"2018-11-17T02:06:48.000Z",45.701965,5.883716,0,5.75,10,45,null
"2018-11-17T02:10:52.000Z",45.701965,5.883716,3.5,7.75,14.5,67.5,null
"2018-11-17T02:14:52.000Z",45.701965,5.883716,3.75,8.25,15,67.5,null
"2018-11-17T02:18:52.000Z",45.701965,5.883716,4.25,8.25,13,67.5,null
"2018-11-17T02:22:56.000Z",45.701965,5.883716,2,8.5,14,67.5,null
"2018-11-17T02:26:56.000Z",45.701965,5.883716,1.5,6.25,14.5,67.5,null
"2018-11-17T02:30:56.000Z",45.701965,5.883716,2.5,5.75,12,67.5,null
"2018-11-17T02:35:01.000Z",45.701965,5.883716,1.75,4.5,12,45,null
"2018-11-17T02:39:01.000Z",45.701965,5.883716,2.75,6.5,11,67.5,null
"2018-11-17T02:43:01.000Z",45.701965,5.883716,1.75,6.25,16,45,null
"2018-11-17T02:47:04.000Z",45.701965,5.883716,0,5.5,10.5,45,null
"2018-11-17T02:51:04.000Z",45.701965,5.883716,1.5,5.5,10.5,45,null
"2018-11-17T02:55:04.000Z",45.701965,5.883716,1,6,12,45,null
"2018-11-17T02:59:09.000Z",45.701965,5.883716,3.25,7,12,45,null
"2018-11-17T03:03:09.000Z",45.701965,5.883716,2,7.25,12,45,null
"2018-11-17T03:07:09.000Z",45.701965,5.883716,1,5.75,10.5,45,null
"2018-11-17T03:11:12.000Z",45.701965,5.883716,3.25,6.5,11,45,null
"2018-11-17T03:15:12.000Z",45.701965,5.883716,4.5,8.75,14,22.5,null
"2018-11-17T03:19:12.000Z",45.701965,5.883716,2.75,7.5,12.5,22.5,null
"2018-11-17T03:23:17.000Z",45.701965,5.883716,3.25,7,14.5,45,null
"2018-11-17T03:27:17.000Z",45.701965,5.883716,3.25,9.5,16.5,45,null
"2018-11-17T03:31:17.000Z",45.701965,5.883716,2.75,7.5,11.5,67.5,null
"2018-11-17T03:35:21.000Z",45.701965,5.883716,1.5,8.25,15,67.5,null
"2018-11-17T03:39:21.000Z",45.701965,5.883716,3.5,8.5,14,45,null
"2018-11-17T03:43:21.000Z",45.701965,5.883716,3.5,8,13.5,45,null
"2018-11-17T03:47:24.000Z",45.701965,5.883716,4.25,7.75,13.5,22.5,null
"2018-11-17T03:51:24.000Z",45.701965,5.883716,3.75,8,16.5,45,null
"2018-11-17T03:55:24.000Z",45.701965,5.883716,2.5,7.5,12,67.5,null
"2018-11-17T03:59:28.000Z",45.701965,5.883716,0.25,6,11,67.5,null
"2018-11-17T04:03:28.000Z",45.701965,5.883716,3.5,6.75,12.5,67.5,null
"2018-11-17T04:07:28.000Z",45.701965,5.883716,0.25,4.25,11,67.5,null
"2018-11-17T04:11:33.000Z",45.701965,5.883716,1.75,5.75,13,67.5,null
"2018-11-17T04:15:33.000Z",45.701965,5.883716,2.5,7.5,15,67.5,null
"2018-11-17T04:19:33.000Z",45.701965,5.883716,0,6.25,11,67.5,null
"2018-11-17T04:23:36.000Z",45.701965,5.883716,0.25,5.5,12,45,null
"2018-11-17T04:27:36.000Z",45.701965,5.883716,2,6.5,13,45,null
"2018-11-17T04:31:36.000Z",45.701965,5.883716,0,5.25,11.5,67.5,null
"2018-11-17T04:35:41.000Z",45.701965,5.883716,1.75,7,16.5,67.5,null
"2018-11-17T04:39:41.000Z",45.701965,5.883716,1.5,6,13,67.5,null
"2018-11-17T04:43:41.000Z",45.701965,5.883716,2.75,8,14.5,67.5,null
"2018-11-17T04:47:44.000Z",45.701965,5.883716,0,4.25,8.25,67.5,null
"2018-11-17T04:51:44.000Z",45.701965,5.883716,1.75,7,13,45,null
"2018-11-17T04:55:44.000Z",45.701965,5.883716,0.75,4.25,10.5,45,null
"2018-11-17T04:59:48.000Z",45.701965,5.883716,3.25,8.75,17,45,null
"2018-11-17T05:03:48.000Z",45.701965,5.883716,2.5,6.5,13,45,null
"2018-11-17T05:07:48.000Z",45.701965,5.883716,3.25,7.5,14.5,45,null
"2018-11-17T05:11:53.000Z",45.701965,5.883716,2,5.75,9.75,45,null
"2018-11-17T05:15:53.000Z",45.701965,5.883716,3.75,11,19,45,null
"2018-11-17T05:19:53.000Z",45.701965,5.883716,7,13,21,45,null
"2018-11-17T05:23:57.000Z",45.701965,5.883716,4.5,11,23,45,null
"2018-11-17T05:27:57.000Z",45.701965,5.883716,5.25,9.25,17,45,null
"2018-11-17T05:31:57.000Z",45.701965,5.883716,2.5,11,20,45,null
"2018-11-17T05:36:01.000Z",45.701965,5.883716,2.5,11.5,20,22.5,null
"2018-11-17T05:40:01.000Z",45.701965,5.883716,4.75,12,21.5,45,null
"2018-11-17T05:44:01.000Z",45.701965,5.883716,3.75,8.25,15,45,null
"2018-11-17T05:48:05.000Z",45.701965,5.883716,4.5,12,21.5,45,null
"2018-11-17T05:52:05.000Z",45.701965,5.883716,3.75,8.5,16,45,null
"2018-11-17T05:56:05.000Z",45.701965,5.883716,2.75,7,15.5,45,null
"2018-11-17T06:00:09.000Z",45.701965,5.883716,2.75,8,15.5,67.5,null
"2018-11-17T06:04:09.000Z",45.701965,5.883716,4.25,9.5,17,45,null
"2018-11-17T06:08:09.000Z",45.701965,5.883716,2.5,8.25,15.5,45,null
"2018-11-17T06:12:13.000Z",45.701965,5.883716,1,7.75,13,45,null
"2018-11-17T06:16:13.000Z",45.701965,5.883716,3.75,9.5,15,45,null
"2018-11-17T06:20:13.000Z",45.701965,5.883716,3.25,6.5,11,45,null
"2018-11-17T06:24:17.000Z",45.701965,5.883716,3.5,9.5,15.5,22.5,null
"2018-11-17T06:28:17.000Z",45.701965,5.883716,1,9.75,21,22.5,null
"2018-11-17T06:32:17.000Z",45.701965,5.883716,1.5,5,9.5,45,null
"2018-11-17T06:36:21.000Z",45.701965,5.883716,1.75,8.5,19.5,45,null
"2018-11-17T06:40:21.000Z",45.701965,5.883716,1.75,10.5,19,22.5,null
"2018-11-17T06:44:21.000Z",45.701965,5.883716,0,5.5,14.5,45,null
"2018-11-17T06:48:25.000Z",45.701965,5.883716,4.75,10.5,17.5,45,null
"2018-11-17T06:52:25.000Z",45.701965,5.883716,0.75,7,20,45,null
"2018-11-17T06:56:25.000Z",45.701965,5.883716,4.75,9.25,14,45,null
"2018-11-17T07:00:29.000Z",45.701965,5.883716,0.75,7,15.5,45,null
"2018-11-17T07:04:29.000Z",45.701965,5.883716,3.5,7,12,45,null
"2018-11-17T07:08:29.000Z",45.701965,5.883716,3.25,9.5,18,22.5,null
"2018-11-17T07:12:33.000Z",45.701965,5.883716,2,7.75,18,45,null
"2018-11-17T07:16:33.000Z",45.701965,5.883716,4.75,10,18,22.5,null
"2018-11-17T07:20:33.000Z",45.701965,5.883716,2,9.5,21,22.5,null
"2018-11-17T07:24:37.000Z",45.701965,5.883716,6.25,11.5,18,22.5,null
"2018-11-17T07:28:37.000Z",45.701965,5.883716,6.25,11.5,18,45,null
"2018-11-17T07:32:37.000Z",45.701965,5.883716,4.5,9.25,14,22.5,null
"2018-11-17T07:36:41.000Z",45.701965,5.883716,5.25,11,19.5,45,null
"2018-11-17T07:40:41.000Z",45.701965,5.883716,5.5,9,15,45,null
"2018-11-17T07:44:41.000Z",45.701965,5.883716,1.5,7.25,13,45,null
"2018-11-17T07:48:46.000Z",45.701965,5.883716,4.25,9.25,15,22.5,null
"2018-11-17T07:52:46.000Z",45.701965,5.883716,4.25,8.75,14,22.5,null
"2018-11-17T07:56:46.000Z",45.701965,5.883716,0.25,3.75,10,45,null
"2018-11-17T08:00:49.000Z",45.701965,5.883716,1.5,4.75,9.5,45,null
"2018-11-17T08:04:49.000Z",45.701965,5.883716,3.5,8.5,17,67.5,null
"2018-11-17T08:08:49.000Z",45.701965,5.883716,2.75,5,9.75,22.5,null
"2018-11-17T08:12:54.000Z",45.701965,5.883716,0,5.25,9.75,22.5,null
"2018-11-17T08:16:54.000Z",45.701965,5.883716,2.5,8,12.5,22.5,null
"2018-11-17T08:20:54.000Z",45.701965,5.883716,3.75,7.5,12.5,22.5,null
"2018-11-17T08:24:57.000Z",45.701965,5.883716,2.75,9,19,45,null
"2018-11-17T08:28:57.000Z",45.701965,5.883716,6,10.5,17,22.5,null
"2018-11-17T08:32:57.000Z",45.701965,5.883716,4.25,9.5,14,22.5,null
"2018-11-17T08:37:01.000Z",45.701965,5.883716,4.75,10.5,19,45,null
"2018-11-17T08:41:01.000Z",45.701965,5.883716,2.5,7.75,14.5,45,null
"2018-11-17T08:45:01.000Z",45.701965,5.883716,3.25,9.25,17,22.5,null
"2018-11-17T08:49:06.000Z",45.701965,5.883716,6.25,11.5,19,22.5,null
"2018-11-17T08:53:06.000Z",45.701965,5.883716,4.75,12,21,22.5,null
"2018-11-17T08:57:06.000Z",45.701965,5.883716,3.75,11,16.5,22.5,null
"2018-11-17T09:01:09.000Z",45.701965,5.883716,8,14,22,22.5,null
"2018-11-17T09:05:09.000Z",45.701965,5.883716,5.5,10,14.5,22.5,null
"2018-11-17T09:09:09.000Z",45.701965,5.883716,2.5,8.5,15.5,45,null
"2018-11-17T09:13:14.000Z",45.701965,5.883716,7,13,21,22.5,null
"2018-11-17T09:17:14.000Z",45.701965,5.883716,2.75,11.5,22.5,45,null
"2018-11-17T09:21:14.000Z",45.701965,5.883716,3.75,15,24.5,45,null
"2018-11-17T09:25:18.000Z",45.701965,5.883716,4.75,10.5,18,22.5,null
"2018-11-17T09:29:18.000Z",45.701965,5.883716,2.75,8.5,17.5,45,null
"2018-11-17T09:33:18.000Z",45.701965,5.883716,5.25,11,16.5,22.5,null
"2018-11-17T09:37:22.000Z",45.701965,5.883716,2.5,8.25,15.5,22.5,null
"2018-11-17T09:41:22.000Z",45.701965,5.883716,1.5,5.5,11,22.5,null
"2018-11-17T09:45:22.000Z",45.701965,5.883716,3.5,8,14.5,22.5,null
"2018-11-17T09:49:26.000Z",45.701965,5.883716,5.5,11,21,22.5,null
"2018-11-17T09:53:26.000Z",45.701965,5.883716,6.5,12.5,18,22.5,null
"2018-11-17T09:57:26.000Z",45.701965,5.883716,6,12,19,22.5,null
"2018-11-17T10:01:30.000Z",45.701965,5.883716,4.5,11.5,17.5,22.5,null
"2018-11-17T10:05:30.000Z",45.701965,5.883716,3.5,9,19,0,null
"2018-11-17T10:09:30.000Z",45.701965,5.883716,4.75,7.75,12,22.5,null
"2018-11-17T10:13:34.000Z",45.701965,5.883716,5.25,12,19,22.5,null
"2018-11-17T10:17:34.000Z",45.701965,5.883716,5.25,11.5,18,0,null
"2018-11-17T10:21:34.000Z",45.701965,5.883716,4.25,8.25,13,22.5,null
"2018-11-17T10:25:38.000Z",45.701965,5.883716,6,11.5,15.5,0,null
"2018-11-17T10:29:38.000Z",45.701965,5.883716,3.75,11.5,19.5,22.5,null
"2018-11-17T10:33:38.000Z",45.701965,5.883716,7.25,11,15,0,null
"2018-11-17T10:37:42.000Z",45.701965,5.883716,2,9.5,14,22.5,null
"2018-11-17T10:41:42.000Z",45.701965,5.883716,4.25,10.5,17.5,22.5,null
"2018-11-17T10:45:42.000Z",45.701965,5.883716,6,12.5,19.5,22.5,null
"2018-11-17T10:49:46.000Z",45.701965,5.883716,10,14.5,19.5,22.5,null
"2018-11-17T10:53:46.000Z",45.701965,5.883716,8.75,13.5,19,22.5,null
"2018-11-17T10:57:46.000Z",45.701965,5.883716,8.75,13.5,19,22.5,null
"2018-11-17T11:01:50.000Z",45.701965,5.883716,6.25,13,20,22.5,null
"2018-11-17T11:05:50.000Z",45.701965,5.883716,4.75,13.5,22.5,22.5,null
"2018-11-17T11:09:50.000Z",45.701965,5.883716,3.75,12,16.5,22.5,null
"2018-11-17T11:13:54.000Z",45.701965,5.883716,6.5,13.5,20,22.5,null
"2018-11-17T11:17:54.000Z",45.701965,5.883716,4.75,14,22,22.5,null
"2018-11-17T11:21:54.000Z",45.701965,5.883716,5.25,12,17.5,22.5,null
"2018-11-17T11:25:58.000Z",45.701965,5.883716,7.75,14,19,22.5,null
"2018-11-17T11:29:58.000Z",45.701965,5.883716,7.25,12.5,19,45,null
"2018-11-17T11:33:58.000Z",45.701965,5.883716,8.25,12.5,16.5,22.5,null
"2018-11-17T11:38:02.000Z",45.701965,5.883716,4.25,13,22.5,22.5,null
"2018-11-17T11:42:02.000Z",45.701965,5.883716,7,11,17,22.5,null
"2018-11-17T11:46:02.000Z",45.701965,5.883716,4.25,9.25,17,45,null
"2018-11-17T11:50:06.000Z",45.701965,5.883716,3.25,7.25,13.5,45,null
"2018-11-17T11:54:06.000Z",45.701965,5.883716,7,12,20,22.5,null
"2018-11-17T11:58:06.000Z",45.701965,5.883716,0.75,8.5,17.5,22.5,null
"2018-11-17T12:02:10.000Z",45.701965,5.883716,6.25,10.5,14.5,22.5,null
"2018-11-17T12:06:10.000Z",45.701965,5.883716,4.75,11,19,22.5,null
"2018-11-17T12:10:10.000Z",45.701965,5.883716,4.25,9.25,17.5,22.5,null
"2018-11-17T12:14:15.000Z",45.701965,5.883716,7.75,14,21,22.5,null
"2018-11-17T12:18:15.000Z",45.701965,5.883716,8.25,15,19,22.5,null
"2018-11-17T12:22:15.000Z",45.701965,5.883716,4.5,13.5,26,22.5,null
"2018-11-17T12:26:19.000Z",45.701965,5.883716,1.75,9,16,45,null
"2018-11-17T12:30:19.000Z",45.701965,5.883716,6,11,22.5,0,null
"2018-11-17T12:34:19.000Z",45.701965,5.883716,8,13.5,25,22.5,null
"2018-11-17T12:38:23.000Z",45.701965,5.883716,11,17,27,0,null
"2018-11-17T12:42:23.000Z",45.701965,5.883716,7.75,16,21,0,null
"2018-11-17T12:46:23.000Z",45.701965,5.883716,7,14.5,22.5,45,null
"2018-11-17T12:50:27.000Z",45.701965,5.883716,6.25,11,17,22.5,null
"2018-11-17T12:54:27.000Z",45.701965,5.883716,7.75,11.5,15.5,22.5,null
"2018-11-17T12:58:27.000Z",45.701965,5.883716,6.25,11.5,20,22.5,null
"2018-11-17T13:02:31.000Z",45.701965,5.883716,2.5,8.5,14.5,22.5,null
"2018-11-17T13:06:31.000Z",45.701965,5.883716,1.75,6.25,12,22.5,null
"2018-11-17T13:10:31.000Z",45.701965,5.883716,2.75,6.25,9.5,22.5,null
"2018-11-17T13:14:34.000Z",45.701965,5.883716,1.5,9.75,16.5,22.5,null
"2018-11-17T13:18:34.000Z",45.701965,5.883716,6,10.5,17.5,22.5,null
"2018-11-17T13:22:34.000Z",45.701965,5.883716,6.5,10.5,17,22.5,null
"2018-11-17T13:26:39.000Z",45.701965,5.883716,5.5,10,18.5,22.5,null
"2018-11-17T13:30:39.000Z",45.701965,5.883716,7,12.5,18,0,null
"2018-11-17T13:34:39.000Z",45.701965,5.883716,7,14,20,337.5,null
"2018-11-17T13:38:43.000Z",45.701965,5.883716,6.5,13.5,20,0,null
"2018-11-17T13:42:43.000Z",45.701965,5.883716,6.25,11,15,0,null
"2018-11-17T13:46:43.000Z",45.701965,5.883716,5.25,10,14.5,0,null
"2018-11-17T13:50:48.000Z",45.701965,5.883716,4.75,10,15.5,337.5,null
"2018-11-17T13:54:48.000Z",45.701965,5.883716,5.5,10.5,16.5,0,null
"2018-11-17T13:58:48.000Z",45.701965,5.883716,6.5,10.5,15,337.5,null
"2018-11-17T14:02:51.000Z",45.701965,5.883716,6.5,11,15.5,0,null
"2018-11-17T14:06:51.000Z",45.701965,5.883716,8.75,14.5,21,0,null
"2018-11-17T14:10:51.000Z",45.701965,5.883716,10.5,13.5,18.5,0,null
"2018-11-17T14:14:56.000Z",45.701965,5.883716,11.5,15.5,20,337.5,null
"2018-11-17T14:18:56.000Z",45.701965,5.883716,9.75,13.5,19,337.5,null
"2018-11-17T14:22:56.000Z",45.701965,5.883716,12,15.5,21,0,null
"2018-11-17T14:26:59.000Z",45.701965,5.883716,12,16.5,21.5,337.5,null
"2018-11-17T14:30:59.000Z",45.701965,5.883716,9.75,14.5,18,0,null
"2018-11-17T14:34:59.000Z",45.701965,5.883716,9.75,14.5,18.5,0,null
"2018-11-17T14:39:04.000Z",45.701965,5.883716,8.75,14,18.5,0,null
"2018-11-17T14:43:04.000Z",45.701965,5.883716,12,16,20.5,0,null
"2018-11-17T14:47:04.000Z",45.701965,5.883716,7.25,11.5,16.5,0,null
"2018-11-17T14:51:08.000Z",45.701965,5.883716,7,12.5,19,0,null
"2018-11-17T14:55:08.000Z",45.701965,5.883716,9.5,13,19,0,null
"2018-11-17T14:59:08.000Z",45.701965,5.883716,8.75,15,20,22.5,null
"2018-11-17T15:03:11.000Z",45.701965,5.883716,12,17.5,21,0,null
"2018-11-17T15:07:11.000Z",45.701965,5.883716,13,17,21.5,0,null
"2018-11-17T15:11:11.000Z",45.701965,5.883716,13.5,17,22.5,0,null
"2018-11-17T15:15:15.000Z",45.701965,5.883716,10,14,16.5,0,null
"2018-11-17T15:19:15.000Z",45.701965,5.883716,9.5,13.5,19,0,null
"2018-11-17T15:23:15.000Z",45.701965,5.883716,8.75,12,16,0,null
"2018-11-17T15:27:19.000Z",45.701965,5.883716,11,13.5,16,0,null
"2018-11-17T15:31:19.000Z",45.701965,5.883716,6,10.5,19,0,null
"2018-11-17T15:35:19.000Z",45.701965,5.883716,4.25,9.5,13,0,null
"2018-11-17T15:39:24.000Z",45.701965,5.883716,7,13,16.5,0,null
"2018-11-17T15:43:24.000Z",45.701965,5.883716,9.5,12.5,15.5,0,null
"2018-11-17T15:47:24.000Z",45.701965,5.883716,11.5,15.5,18.5,0,null
"2018-11-17T15:51:28.000Z",45.701965,5.883716,11,15,19.5,0,null
"2018-11-17T15:55:28.000Z",45.701965,5.883716,10,14.5,18.5,337.5,null
"2018-11-17T15:59:28.000Z",45.701965,5.883716,8.75,12.5,18,337.5,null
"2018-11-17T16:03:31.000Z",45.701965,5.883716,7,11.5,14.5,337.5,null
"2018-11-17T16:07:31.000Z",45.701965,5.883716,4.5,10.5,19,0,null
"2018-11-17T16:11:31.000Z",45.701965,5.883716,6,9.75,13,0,null
"2018-11-17T16:15:36.000Z",45.701965,5.883716,9.5,13,19,0,null
"2018-11-17T16:19:36.000Z",45.701965,5.883716,10,14.5,22,0,null
"2018-11-17T16:23:36.000Z",45.701965,5.883716,10.5,15,23,22.5,null
"2018-11-17T16:27:40.000Z",45.701965,5.883716,6.5,13.5,18.5,22.5,null
"2018-11-17T16:31:40.000Z",45.701965,5.883716,8.75,16.5,25,0,null
"2018-11-17T16:35:40.000Z",45.701965,5.883716,8.75,15.5,25.5,22.5,null
"2018-11-17T16:39:44.000Z",45.701965,5.883716,9.5,16.5,25.5,22.5,null
"2018-11-17T16:43:44.000Z",45.701965,5.883716,11,18,27.5,22.5,null
"2018-11-17T16:47:44.000Z",45.701965,5.883716,8.75,17,26.5,22.5,null
"2018-11-17T16:51:48.000Z",45.701965,5.883716,4.75,13,23,22.5,null
"2018-11-17T16:55:48.000Z",45.701965,5.883716,7.75,14,24.5,22.5,null
"2018-11-17T16:59:48.000Z",45.701965,5.883716,6,11,16.5,22.5,null
"2018-11-17T17:03:52.000Z",45.701965,5.883716,8,15.5,27,22.5,null
"2018-11-17T17:07:52.000Z",45.701965,5.883716,8.25,14.5,22.5,0,null
"2018-11-17T17:11:52.000Z",45.701965,5.883716,7,12.5,19,22.5,null
"2018-11-17T17:15:56.000Z",45.701965,5.883716,8.25,17.5,30.5,22.5,null
"2018-11-17T17:19:56.000Z",45.701965,5.883716,6,15,29.5,22.5,null
"2018-11-17T17:23:56.000Z",45.701965,5.883716,7.25,17,28,22.5,null
"2018-11-17T17:28:00.000Z",45.701965,5.883716,9.75,19.5,30,22.5,null
"2018-11-17T17:32:00.000Z",45.701965,5.883716,9,20.5,32,22.5,null
"2018-11-17T17:36:00.000Z",45.701965,5.883716,9.75,17,24.5,22.5,null
"2018-11-17T17:40:04.000Z",45.701965,5.883716,13.5,20.5,31.5,22.5,null
"2018-11-17T17:44:04.000Z",45.701965,5.883716,8.75,21,37.5,22.5,null
"2018-11-17T17:48:04.000Z",45.701965,5.883716,9,22.5,33,22.5,null
"2018-11-17T17:52:08.000Z",45.701965,5.883716,7.25,18.5,32.5,22.5,null
"2018-11-17T17:56:08.000Z",45.701965,5.883716,12,18.5,28,22.5,null
"2018-11-17T18:00:08.000Z",45.701965,5.883716,13.5,21.5,28,22.5,null
"2018-11-17T18:04:12.000Z",45.701965,5.883716,13,20,30.5,22.5,null
"2018-11-17T18:08:12.000Z",45.701965,5.883716,12,19.5,29,0,null
"2018-11-17T18:12:12.000Z",45.701965,5.883716,11,18.5,30.5,0,null
"2018-11-17T18:16:17.000Z",45.701965,5.883716,9,18,30,22.5,null
"2018-11-17T18:20:17.000Z",45.701965,5.883716,11,19,25,0,null
"2018-11-17T18:24:17.000Z",45.701965,5.883716,6.5,16.5,24.5,22.5,null
"2018-11-17T18:28:21.000Z",45.701965,5.883716,10,16,25.5,0,null
"2018-11-17T18:32:21.000Z",45.701965,5.883716,11.5,16.5,23.5,0,null
"2018-11-17T18:36:21.000Z",45.701965,5.883716,9.5,15.5,25.5,22.5,null
"2018-11-17T18:40:24.000Z",45.701965,5.883716,10,18,31,22.5,null
"2018-11-17T18:44:24.000Z",45.701965,5.883716,10,16,26,0,null
"2018-11-17T18:48:24.000Z",45.701965,5.883716,6.5,15.5,22.5,22.5,null
"2018-11-17T18:52:28.000Z",45.701965,5.883716,9,15.5,26,22.5,null
"2018-11-17T18:56:28.000Z",45.701965,5.883716,7,18,33,22.5,null
"2018-11-17T19:00:28.000Z",45.701965,5.883716,9.75,20,32.5,22.5,null
"2018-11-17T19:04:32.000Z",45.701965,5.883716,6.25,16,30.5,22.5,null
"2018-11-17T19:08:32.000Z",45.701965,5.883716,6,19,30,45,null
"2018-11-17T19:12:32.000Z",45.701965,5.883716,5.25,13.5,24.5,22.5,null
"2018-11-17T19:16:36.000Z",45.701965,5.883716,2,11.5,23,45,null
"2018-11-17T19:20:36.000Z",45.701965,5.883716,6,13.5,24.5,45,null
"2018-11-17T19:24:36.000Z",45.701965,5.883716,7.25,12.5,19.5,45,null
"2018-11-17T19:28:41.000Z",45.701965,5.883716,6.25,13.5,21,22.5,null
"2018-11-17T19:32:41.000Z",45.701965,5.883716,6.25,12.5,21,45,null
"2018-11-17T19:36:41.000Z",45.701965,5.883716,7,15.5,25,45,null
"2018-11-17T19:40:45.000Z",45.701965,5.883716,6.5,15.5,26,22.5,null
"2018-11-17T19:44:45.000Z",45.701965,5.883716,6,17,29,22.5,null
"2018-11-17T19:48:45.000Z",45.701965,5.883716,6.25,11.5,22.5,45,null
