"License","http://developers.pioupiou.fr/data-licensing"
"Attribution","(c) contributors of the OpenWindMap wind network <https://www.openwindmap.org>"
"time","latitude","longitude","wind_speed_min","wind_speed_avg","wind_speed_max","wind_heading","pressure"
"utc","degrees","degrees","km/h","km/h","km/h","degrees","(deprecated)"
"2018-09-01T00:03:55.000Z",45.701965,5.883716,3.25,8,15.5,22.5,null
"2018-09-01T00:07:55.000Z",45.701965,5.883716,3.75,6.5,11,22.5,null
"2018-09-01T00:11:55.000Z",45.701965,5.883716,4.75,9.75,15,45,null
"2018-09-01T00:15:59.000Z",45.701965,5.883716,6.5,10.5,15.5,22.5,null
"2018-09-01T00:19:59.000Z",45.701965,5.883716,2.75,9.75,19,22.5,null
"2018-09-01T00:23:59.000Z",45.701965,5.883716,4.75,9.5,17.5,22.5,null
"2018-09-01T00:28:03.000Z",45.701965,5.883716,4.75,11,19.5,22.5,null
"2018-09-01T00:32:03.000Z",45.701965,5.883716,8,15,19,22.5,null
"2018-09-01T00:36:03.000Z",45.701965,5.883716,7.25,13,22,22.5,null
"2018-09-01T00:40:06.000Z",45.701965,5.883716,10,16.5,21,22.5,null
"2018-09-01T00:44:06.000Z",45.701965,5.883716,6.25,11,17,22.5,null
"2018-09-01T00:48:06.000Z",45.701965,5.883716,6.25,14.5,23,22.5,null
"2018-09-01T00:52:10.000Z",45.701965,5.883716,8.25,15,21,22.5,null
"2018-09-01T00:56:10.000Z",45.701965,5.883716,9.75,15,22.5,22.5,null
"2018-09-01T01:00:10.000Z",45.701965,5.883716,9.5,15,22.5,22.5,null
"2018-09-01T01:04:14.000Z",45.701965,5.883716,11,18,23.5,22.5,null
"2018-09-01T01:08:14.000Z",45.701965,5.883716,7.75,14.5,19,22.5,null
"2018-09-01T01:12:14.000Z",45.701965,5.883716,9.75,17.5,23,0,null
"2018-09-01T01:16:18.000Z",45.701965,5.883716,8.25,13.5,20,22.5,null
"2018-09-01T01:20:18.000Z",45.701965,5.883716,10.5,17.5,23,22.5,null
"2018-09-01T01:24:18.000Z",45.701965,5.883716,9.5,16.5,25,22.5,null
"2018-09-01T01:28:22.000Z",45.701965,5.883716,16.5,21.5,27,0,null
"2018-09-01T01:32:22.000Z",45.701965,5.883716,10,16.5,24.5,22.5,null
"2018-09-01T01:36:22.000Z",45.701965,5.883716,5.25,9.5,14.5,45,null
"2018-09-01T01:40:27.000Z",45.701965,5.883716,5.25,11.5,17,22.5,null
"2018-09-01T01:44:27.000Z",45.701965,5.883716,10,16,20,0,null
"2018-09-01T01:48:27.000Z",45.701965,5.883716,4.75,13,20.5,22.5,null
"2018-09-01T01:52:30.000Z",45.701965,5.883716,8.25,14.5,20.5,0,null
"2018-09-01T01:56:30.000Z",45.701965,5.883716,8,12.5,17,22.5,null
"2018-09-01T02:00:30.000Z",45.701965,5.883716,12,16,20,0,null
"2018-09-01T02:04:35.000Z",45.701965,5.883716,13,20,27,337.5,null
"2018-09-01T02:08:35.000Z",45.701965,5.883716,12.5,18,26,337.5,null
"2018-09-01T02:12:35.000Z",45.701965,5.883716,14,19,26,0,null
"2018-09-01T02:16:39.000Z",45.701965,5.883716,5.5,16.5,28,0,null
"2018-09-01T02:20:39.000Z",45.701965,5.883716,5.25,10.5,20,22.5,null
"2018-09-01T02:24:39.000Z",45.701965,5.883716,4.75,8.5,15,22.5,null
"2018-09-01T02:28:42.000Z",45.701965,5.883716,6,11,21,22.5,null
"2018-09-01T02:32:42.000Z",45.701965,5.883716,5.25,9.25,18.5,22.5,null
"2018-09-01T02:36:42.000Z",45.701965,5.883716,10,18,23.5,0,null
"2018-09-01T02:40:47.000Z",45.701965,5.883716,15,20,24.5,0,null
"2018-09-01T02:44:47.000Z",45.701965,5.883716,14.5,20,25.5,0,null
"2018-09-01T02:48:47.000Z",45.701965,5.883716,12,18,25,0,null
"2018-09-01T02:52:51.000Z",45.701965,5.883716,5.25,9.75,15.5,22.5,null
"2018-09-01T02:56:51.000Z",45.701965,5.883716,4.25,13,25.5,0,null
"2018-09-01T03:00:51.000Z",45.701965,5.883716,11,18,24,0,null
"2018-09-01T03:04:55.000Z",45.701965,5.883716,10,19.5,23.5,0,null
"2018-09-01T03:08:55.000Z",45.701965,5.883716,14.5,18,24.5,0,null
"2018-09-01T03:12:55.000Z",45.701965,5.883716,14.5,18,22,337.5,null
"2018-09-01T03:16:59.000Z",45.701965,5.883716,12,17,21,0,null
"2018-09-01T03:20:59.000Z",45.701965,5.883716,12.5,15.5,19,0,null
"2018-09-01T03:24:59.000Z",45.701965,5.883716,4.25,8.5,16.5,22.5,null
"2018-09-01T03:29:02.000Z",45.701965,5.883716,1,7.75,11.5,45,null
"2018-09-01T03:33:02.000Z",45.701965,5.883716,4.25,8,11.5,67.5,null
"2018-09-01T03:37:02.000Z",45.701965,5.883716,4.25,7.5,10.5,45,null
"2018-09-01T03:41:07.000Z",45.701965,5.883716,4.75,8.5,12,67.5,null
"2018-09-01T03:45:07.000Z",45.701965,5.883716,5.25,8.5,13,67.5,null
"2018-09-01T03:49:07.000Z",45.701965,5.883716,3.25,6.75,10,45,null
"2018-09-01T03:53:11.000Z",45.701965,5.883716,3.75,6.5,11,45,null
"2018-09-01T03:57:11.000Z",45.701965,5.883716,3.5,7.25,15.5,45,null
"2018-09-01T04:01:11.000Z",45.701965,5.883716,6.25,11.5,16.5,45,null
"2018-09-01T04:05:15.000Z",45.701965,5.883716,7.25,10.5,14.5,45,null
"2018-09-01T04:09:15.000Z",45.701965,5.883716,5.25,10.5,15,22.5,null
"2018-09-01T04:13:15.000Z",45.701965,5.883716,6,10,14.5,22.5,null
"2018-09-01T04:17:19.000Z",45.701965,5.883716,4.75,8.75,13.5,45,null
"2018-09-01T04:21:19.000Z",45.701965,5.883716,4.5,10,15.5,45,null
"2018-09-01T04:25:19.000Z",45.701965,5.883716,4.75,10,14.5,22.5,null
"2018-09-01T04:29:23.000Z",45.701965,5.883716,6,9.5,13.5,45,null
"2018-09-01T04:33:23.000Z",45.701965,5.883716,1.5,6.5,10,22.5,null
"2018-09-01T04:37:23.000Z",45.701965,5.883716,4.5,7.5,12,45,null
"2018-09-01T04:41:27.000Z",45.701965,5.883716,4.25,8.25,13,45,null
"2018-09-01T04:45:27.000Z",45.701965,5.883716,5.25,9.75,14.5,22.5,null
"2018-09-01T04:49:27.000Z",45.701965,5.883716,4.25,12,17.5,22.5,null
"2018-09-01T04:53:31.000Z",45.701965,5.883716,9.75,15,21,22.5,null
"2018-09-01T04:57:31.000Z",45.701965,5.883716,10,13.5,19,0,null
"2018-09-01T05:01:31.000Z",45.701965,5.883716,13,16.5,21.5,0,null
"2018-09-01T05:05:35.000Z",45.701965,5.883716,12,16.5,21,0,null
"2018-09-01T05:09:35.000Z",45.701965,5.883716,12,17.5,23,0,null
"2018-09-01T05:13:35.000Z",45.701965,5.883716,13,17.5,21,0,null
"2018-09-01T05:17:39.000Z",45.701965,5.883716,9,14,19,0,null
"2018-09-01T05:21:39.000Z",45.701965,5.883716,7.75,12.5,19,22.5,null
"2018-09-01T05:25:39.000Z",45.701965,5.883716,8,15.5,21.5,0,null
"2018-09-01T05:29:44.000Z",45.701965,5.883716,12.5,16.5,22,0,null
"2018-09-01T05:33:44.000Z",45.701965,5.883716,12,15.5,19,0,null
"2018-09-01T05:37:44.000Z",45.701965,5.883716,9.5,13,18,0,null
"2018-09-01T05:41:47.000Z",45.701965,5.883716,6.5,11,14.5,22.5,null
"2018-09-01T05:45:47.000Z",45.701965,5.883716,4.5,11.5,18,0,null
"2018-09-01T05:49:47.000Z",45.701965,5.883716,6.5,12,18,22.5,null
"2018-09-01T05:53:51.000Z",45.701965,5.883716,8,12,16.5,22.5,null
"2018-09-01T05:57:51.000Z",45.701965,5.883716,6.25,10,14,22.5,null
"2018-09-01T06:01:51.000Z",45.701965,5.883716,8.25,13,19,22.5,null
"2018-09-01T06:05:55.000Z",45.701965,5.883716,9,15,18.5,22.5,null
"2018-09-01T06:09:55.000Z",45.701965,5.883716,8.25,13.5,19,0,null
"2018-09-01T06:13:55.000Z",45.701965,5.883716,9,13.5,17.5,0,null
"2018-09-01T06:18:00.000Z",45.701965,5.883716,10,14,18.5,0,null
"2018-09-01T06:22:00.000Z",45.701965,5.883716,8,13,16.5,22.5,null
"2018-09-01T06:26:00.000Z",45.701965,5.883716,9,15,21.5,0,null
"2018-09-01T06:30:04.000Z",45.701965,5.883716,9.5,15,21,0,null
"2018-09-01T06:34:04.000Z",45.701965,5.883716,10,18,22.5,0,null
"2018-09-01T06:38:04.000Z",45.701965,5.883716,11.5,18,23,0,null
"2018-09-01T06:42:07.000Z",45.701965,5.883716,9.75,16,20,0,null
"2018-09-01T06:46:07.000Z",45.701965,5.883716,11.5,17,21,0,null
"2018-09-01T06:50:07.000Z",45.701965,5.883716,9.75,14.5,19,0,null
"2018-09-01T06:54:11.000Z",45.701965,5.883716,9.75,13.5,18.5,22.5,null
"2018-09-01T06:58:11.000Z",45.701965,5.883716,11,15,19,0,null
"2018-09-01T07:02:11.000Z",45.701965,5.883716,10,15,20,0,null
"2018-09-01T07:06:16.000Z",45.701965,5.883716,11,15.5,22,0,null
"2018-09-01T07:10:16.000Z",45.701965,5.883716,10.5,14,16.5,0,null
"2018-09-01T07:14:16.000Z",45.701965,5.883716,4.75,9.75,15,22.5,null
"2018-09-01T07:18:19.000Z",45.701965,5.883716,8,11.5,15,0,null
"2018-09-01T07:22:19.000Z",45.701965,5.883716,6.25,11,14.5,0,null
"2018-09-01T07:26:19.000Z",45.701965,5.883716,8.25,12.5,16.5,0,null
"2018-09-01T07:30:24.000Z",45.701965,5.883716,8.75,13,16.5,22.5,null
"2018-09-01T07:34:24.000Z",45.701965,5.883716,6.25,10,14,22.5,null
"2018-09-01T07:38:24.000Z",45.701965,5.883716,5.5,10.5,16.5,0,null
"2018-09-01T07:42:28.000Z",45.701965,5.883716,10.5,13.5,17,337.5,null
"2018-09-01T07:46:28.000Z",45.701965,5.883716,11,15,18,337.5,null
"2018-09-01T07:50:28.000Z",45.701965,5.883716,8.25,13,16.5,0,null
"2018-09-01T07:54:31.000Z",45.701965,5.883716,7.25,12.5,15.5,22.5,null
"2018-09-01T07:58:31.000Z",45.701965,5.883716,8.25,14,20,0,null
"2018-09-01T08:02:31.000Z",45.701965,5.883716,8.25,13,16.5,22.5,null
"2018-09-01T08:06:36.000Z",45.701965,5.883716,7.75,14,18.5,0,null
"2018-09-01T08:10:36.000Z",45.701965,5.883716,11,15.5,21,0,null
"2018-09-01T08:14:36.000Z",45.701965,5.883716,7,14,19,0,null
"2018-09-01T08:18:40.000Z",45.701965,5.883716,8.25,12.5,16.5,0,null
"2018-09-01T08:22:40.000Z",45.701965,5.883716,7.75,12,18.5,0,null
"2018-09-01T08:26:40.000Z",45.701965,5.883716,7,11.5,15.5,0,null
"2018-09-01T08:30:44.000Z",45.701965,5.883716,6.25,11,15.5,22.5,null
"2018-09-01T08:34:44.000Z",45.701965,5.883716,6,10,19,22.5,null
"2018-09-01T08:38:44.000Z",45.701965,5.883716,7.25,12,18,22.5,null
"2018-09-01T08:42:48.000Z",45.701965,5.883716,5.5,8.5,14,45,null
"2018-09-01T08:46:48.000Z",45.701965,5.883716,4.75,10,14.5,22.5,null
"2018-09-01T08:50:48.000Z",45.701965,5.883716,9,13,18.5,0,null
"2018-09-01T08:54:52.000Z",45.701965,5.883716,8.75,13.5,18.5,0,null
"2018-09-01T08:58:52.000Z",45.701965,5.883716,9.5,14,18.5,0,null
"2018-09-01T09:02:52.000Z",45.701965,5.883716,5.5,12.5,18,22.5,null
"2018-09-01T09:06:56.000Z",45.701965,5.883716,6.25,11.5,19.5,45,null
"2018-09-01T09:10:56.000Z",45.701965,5.883716,4.5,9.25,14.5,22.5,null
"2018-09-01T09:14:56.000Z",45.701965,5.883716,6.25,11.5,15.5,22.5,null
"2018-09-01T09:19:00.000Z",45.701965,5.883716,6.25,11.5,18,45,null
"2018-09-01T09:23:00.000Z",45.701965,5.883716,6.25,11.5,18,22.5,null
"2018-09-01T09:27:00.000Z",45.701965,5.883716,3.5,9.75,18.5,22.5,null
"2018-09-01T09:31:05.000Z",45.701965,5.883716,4.5,12,22,22.5,null
"2018-09-01T09:35:05.000Z",45.701965,5.883716,3.5,13,21.5,22.5,null
"2018-09-01T09:39:05.000Z",45.701965,5.883716,5.25,10,14.5,22.5,null
"2018-09-01T09:43:08.000Z",45.701965,5.883716,6.25,10,15.5,22.5,null
"2018-09-01T09:47:08.000Z",45.701965,5.883716,7,15,23.5,0,null
"2018-09-01T09:51:08.000Z",45.701965,5.883716,13.5,17,21,337.5,null
"2018-09-01T09:55:12.000Z",45.701965,5.883716,11.5,17,25,0,null
"2018-09-01T09:59:12.000Z",45.701965,5.883716,10.5,19.5,26.5,0,null
"2018-09-01T10:03:12.000Z",45.701965,5.883716,14.5,19,23,0,null
"2018-09-01T10:07:16.000Z",45.701965,5.883716,16,19.5,25,337.5,null
"2018-09-01T10:11:16.000Z",45.701965,5.883716,14.5,20,26.5,0,null
"2018-09-01T10:15:16.000Z",45.701965,5.883716,19,24.5,34,337.5,null
"2018-09-01T10:19:21.000Z",45.701965,5.883716,16,24,30.5,337.5,null
"2018-09-01T10:23:21.000Z",45.701965,5.883716,19,29,40.5,337.5,null
"2018-09-01T10:27:21.000Z",45.701965,5.883716,21,30.5,38.5,337.5,null
"2018-09-01T10:31:25.000Z",45.701965,5.883716,18.5,26,37,0,null
"2018-09-01T10:35:25.000Z",45.701965,5.883716,14.5,23.5,36,0,null
"2018-09-01T10:39:25.000Z",45.701965,5.883716,14,28,34,337.5,null
"2018-09-01T10:43:28.000Z",45.701965,5.883716,20,25.5,31.5,0,null
"2018-09-01T10:47:28.000Z",45.701965,5.883716,21,28,40.5,0,null
"2018-09-01T10:51:28.000Z",45.701965,5.883716,18.5,28.5,39.5,0,null
"2018-09-01T10:55:33.000Z",45.701965,5.883716,21,26.5,38.5,0,null
"2018-09-01T10:59:33.000Z",45.701965,5.883716,24.5,28.5,32.5,0,null
"2018-09-01T11:03:33.000Z",45.701965,5.883716,22.5,28,34.5,0,null
"2018-09-01T11:07:37.000Z",45.701965,5.883716,21,29,36,0,null
"2018-09-01T11:11:37.000Z",45.701965,5.883716,23,30,38,337.5,null
"2018-09-01T11:15:37.000Z",45.701965,5.883716,21,29.5,36,0,null
"2018-09-01T11:19:40.000Z",45.701965,5.883716,21,27,37,337.5,null
"2018-09-01T11:23:40.000Z",45.701965,5.883716,18.5,24,31.5,0,null
"2018-09-01T11:27:40.000Z",45.701965,5.883716,21,26.5,38.5,337.5,null
"2018-09-01T11:31:44.000Z",45.701965,5.883716,16,25,37,337.5,null
"2018-09-01T11:35:44.000Z",45.701965,5.883716,14,23.5,30.5,337.5,null
"2018-09-01T11:39:44.000Z",45.701965,5.883716,22.5,31.5,43,337.5,null
"2018-09-01T11:43:48.000Z",45.701965,5.883716,20.5,31,46.5,337.5,null
"2018-09-01T11:47:48.000Z",45.701965,5.883716,20,34.5,44,0,null
"2018-09-01T11:51:48.000Z",45.701965,5.883716,17.5,25,39,337.5,null
"2018-09-01T11:55:53.000Z",45.701965,5.883716,18,28.5,37,337.5,null
"2018-09-01T11:59:53.000Z",45.701965,5.883716,23,31.5,42,337.5,null
"2018-09-01T12:03:53.000Z",45.701965,5.883716,19,26,35,337.5,null
"2018-09-01T12:07:57.000Z",45.701965,5.883716,23.5,31.5,40.5,337.5,null
"2018-09-01T12:11:57.000Z",45.701965,5.883716,17.5,25,37.5,0,null
"2018-09-01T12:15:57.000Z",45.701965,5.883716,17.5,30,43,0,null
"2018-09-01T12:20:01.000Z",45.701965,5.883716,19,32.5,44.5,0,null
"2018-09-01T12:24:01.000Z",45.701965,5.883716,16.5,25.5,35.5,0,null
"2018-09-01T12:28:01.000Z",45.701965,5.883716,19.5,30.5,42.5,0,null
"2018-09-01T12:32:05.000Z",45.701965,5.883716,13,25.5,44.5,0,null
"2018-09-01T12:36:05.000Z",45.701965,5.883716,12,25,44.5,0,null
"2018-09-01T12:40:05.000Z",45.701965,5.883716,24.5,34,48.5,337.5,null
"2018-09-01T12:44:09.000Z",45.701965,5.883716,26,36,46.5,0,null
"2018-09-01T12:48:09.000Z",45.701965,5.883716,22.5,31.5,40.5,0,null
"2018-09-01T12:52:09.000Z",45.701965,5.883716,16,28.5,44,0,null
"2018-09-01T12:56:13.000Z",45.701965,5.883716,21,32,51.5,337.5,null
"2018-09-01T13:00:13.000Z",45.701965,5.883716,20,34.5,46.5,0,null
"2018-09-01T13:04:13.000Z",45.701965,5.883716,18,32,46.5,337.5,null
"2018-09-01T13:08:17.000Z",45.701965,5.883716,19,32.5,46.5,0,null
"2018-09-01T13:12:17.000Z",45.701965,5.883716,19,31.5,44,0,null
"2018-09-01T13:16:17.000Z",45.701965,5.883716,9.75,30,48.5,0,null
"2018-09-01T13:20:21.000Z",45.701965,5.883716,15,29,45,337.5,null
"2018-09-01T13:24:21.000Z",45.701965,5.883716,27,38,51,337.5,null
"2018-09-01T13:28:21.000Z",45.701965,5.883716,16.5,36,49.5,0,null
"2018-09-01T13:32:25.000Z",45.701965,5.883716,14.5,24,37.5,337.5,null
"2018-09-01T13:36:25.000Z",45.701965,5.883716,17.5,31.5,56,337.5,null
"2018-09-01T13:40:25.000Z",45.701965,5.883716,20,35,53,337.5,null
"2018-09-01T13:44:30.000Z",45.701965,5.883716,5.25,24,41.5,337.5,null
"2018-09-01T13:48:30.000Z",45.701965,5.883716,18.5,32,54.5,337.5,null
"2018-09-01T13:52:30.000Z",45.701965,5.883716,18,30.5,45.5,337.5,null
"2018-09-01T13:56:33.000Z",45.701965,5.883716,19,30,48.5,337.5,null
"2018-09-01T14:00:33.000Z",45.701965,5.883716,25,32.5,41,337.5,null
"2018-09-01T14:04:33.000Z",45.701965,5.883716,20.5,29.5,37,0,null
"2018-09-01T14:08:37.000Z",45.701965,5.883716,18.5,30.5,46.5,337.5,null
"2018-09-01T14:12:37.000Z",45.701965,5.883716,21,35.5,52,337.5,null
"2018-09-01T14:16:37.000Z",45.701965,5.883716,21,34.5,56,337.5,null
"2018-09-01T14:20:42.000Z",45.701965,5.883716,21,30,40.5,337.5,null
"2018-09-01T14:24:42.000Z",45.701965,5.883716,13.5,38,55.5,337.5,null
"2018-09-01T14:28:42.000Z",45.701965,5.883716,22,31,45,337.5,null
"2018-09-01T14:32:45.000Z",45.701965,5.883716,13,29.5,41,337.5,null
"2018-09-01T14:36:45.000Z",45.701965,5.883716,17,32.5,47.5,337.5,null
"2018-09-01T14:40:45.000Z",45.701965,5.883716,22,37,52.5,337.5,null
"2018-09-01T14:44:49.000Z",45.701965,5.883716,25.5,33.5,43,337.5,null
"2018-09-01T14:48:49.000Z",45.701965,5.883716,8.75,28,42,337.5,null
"2018-09-01T14:52:49.000Z",45.701965,5.883716,20,31,44.5,0,null
"2018-09-01T14:56:53.000Z",45.701965,5.883716,17,29,44.5,337.5,null
"2018-09-01T15:00:53.000Z",45.701965,5.883716,22,32.5,46.5,337.5,null
"2018-09-01T15:04:53.000Z",45.701965,5.883716,30,41,51,337.5,null
"2018-09-01T15:08:57.000Z",45.701965,5.883716,24,35,46.5,337.5,null
"2018-09-01T15:12:57.000Z",45.701965,5.883716,12,31.5,44.5,0,null
"2018-09-01T15:16:57.000Z",45.701965,5.883716,17.5,29.5,55.5,337.5,null
"2018-09-01T15:21:01.000Z",45.701965,5.883716,21.5,35,51,337.5,null
"2018-09-01T15:25:01.000Z",45.701965,5.883716,16.5,32,44.5,337.5,null
"2018-09-01T15:29:01.000Z",45.701965,5.883716,16.5,33,60,337.5,null
"2018-09-01T15:33:06.000Z",45.701965,5.883716,16,31,49.5,337.5,null
"2018-09-01T15:37:06.000Z",45.701965,5.883716,18.5,31.5,51.5,337.5,null
"2018-09-01T15:41:06.000Z",45.701965,5.883716,23,35,48,337.5,null
"2018-09-01T15:45:10.000Z",45.701965,5.883716,24.5,32.5,58,337.5,null
"2018-09-01T15:49:10.000Z",45.701965,5.883716,16.5,30,52,337.5,null
"2018-09-01T15:53:10.000Z",45.701965,5.883716,24,34,43,337.5,null
"2018-09-01T15:57:14.000Z",45.701965,5.883716,21,35,53,337.5,null
"2018-09-01T16:01:14.000Z",45.701965,5.883716,21,36,48.5,337.5,null
"2018-09-01T16:05:14.000Z",45.701965,5.883716,18,40,53.5,337.5,null
"2018-09-01T16:09:18.000Z",45.701965,5.883716,24.5,35,45.5,337.5,null
"2018-09-01T16:13:18.000Z",45.701965,5.883716,27,41.5,53.5,337.5,null
"2018-09-01T16:17:18.000Z",45.701965,5.883716,18,35.5,50,337.5,null
"2018-09-01T16:21:22.000Z",45.701965,5.883716,23.5,37,53,337.5,null
"2018-09-01T16:25:22.000Z",45.701965,5.883716,19,39,62.5,337.5,null
"2018-09-01T16:29:22.000Z",45.701965,5.883716,13.5,34,48,337.5,null
"2018-09-01T16:33:25.000Z",45.701965,5.883716,22,36.5,52.5,0,null
"2018-09-01T16:37:25.000Z",45.701965,5.883716,23,35,45,337.5,null
"2018-09-01T16:41:25.000Z",45.701965,5.883716,27,36.5,44.5,0,null
"2018-09-01T16:45:30.000Z",45.701965,5.883716,20,38.5,60,337.5,null
"2018-09-01T16:49:30.000Z",45.701965,5.883716,21.5,36,48.5,337.5,null
"2018-09-01T16:53:30.000Z",45.701965,5.883716,18.5,35.5,51,337.5,null
"2018-09-01T16:57:34.000Z",45.701965,5.883716,23.5,36,47.5,337.5,null
"2018-09-01T17:01:34.000Z",45.701965,5.883716,23.5,36.5,52,337.5,null
"2018-09-01T17:05:34.000Z",45.701965,5.883716,21.5,37,56.5,337.5,null
"2018-09-01T17:09:38.000Z",45.701965,5.883716,19.5,40.5,56,0,null
"2018-09-01T17:13:38.000Z",45.701965,5.883716,21.5,37.5,57.5,0,null
"2018-09-01T17:17:38.000Z",45.701965,5.883716,15.5,31.5,54.5,0,null
"2018-09-01T17:21:41.000Z",45.701965,5.883716,23,35.5,54.5,337.5,null
"2018-09-01T17:25:41.000Z",45.701965,5.883716,27,36.5,46.5,0,null
"2018-09-01T17:29:41.000Z",45.701965,5.883716,19.5,39,59,0,null
"2018-09-01T17:33:46.000Z",45.701965,5.883716,20.5,35.5,54.5,337.5,null
"2018-09-01T17:37:46.000Z",45.701965,5.883716,21.5,36.5,58,337.5,null
"2018-09-01T17:41:46.000Z",45.701965,5.883716,25.5,36,54.5,0,null
"2018-09-01T17:45:50.000Z",45.701965,5.883716,30,43.5,56.5,337.5,null
"2018-09-01T17:49:50.000Z",45.701965,5.883716,22.5,33,50,337.5,null
"2018-09-01T17:53:50.000Z",45.701965,5.883716,24,34.5,43,337.5,null
"2018-09-01T17:57:54.000Z",45.701965,5.883716,17,33.5,48.5,337.5,null
"2018-09-01T18:01:54.000Z",45.701965,5.883716,24,36.5,47.5,337.5,null
"2018-09-01T18:05:54.000Z",45.701965,5.883716,19.5,37,59,337.5,null
"2018-09-01T18:09:58.000Z",45.701965,5.883716,14.5,36.5,60.5,337.5,null
"2018-09-01T18:13:58.000Z",45.701965,5.883716,13,31,50,0,null
"2018-09-01T18:17:58.000Z",45.701965,5.883716,23.5,34.5,49,337.5,null
"2018-09-01T18:22:02.000Z",45.701965,5.883716,28.5,38,60,0,null
"2018-09-01T18:26:02.000Z",45.701965,5.883716,12,28,46.5,337.5,null
"2018-09-01T18:30:02.000Z",45.701965,5.883716,16,28,51,0,null
"2018-09-01T18:34:06.000Z",45.701965,5.883716,20,33,54.5,0,null
"2018-09-01T18:38:06.000Z",45.701965,5.883716,14,29,44.5,0,null
"2018-09-01T18:42:06.000Z",45.701965,5.883716,15.5,32.5,56.5,337.5,null
"2018-09-01T18:46:10.000Z",45.701965,5.883716,18,28.5,46.5,337.5,null
"2018-09-01T18:50:10.000Z",45.701965,5.883716,20,34.5,58,0,null
"2018-09-01T18:54:10.000Z",45.701965,5.883716,12,29.5,43,0,null
"2018-09-01T18:58:14.000Z",45.701965,5.883716,19,34.5,52,0,null
"2018-09-01T19:02:14.000Z",45.701965,5.883716,16.5,33,60,0,null
"2018-09-01T19:06:14.000Z",45.701965,5.883716,17,28.5,47.5,0,null
"2018-09-01T19:10:18.000Z",45.701965,5.883716,12.5,23.5,40.5,0,null
"2018-09-01T19:14:18.000Z",45.701965,5.883716,19,31.5,62.5,0,null
"2018-09-01T19:18:18.000Z",45.701965,5.883716,9,25.5,53.5,337.5,null
"2018-09-01T19:22:22.000Z",45.701965,5.883716,18,27,45,0,null
"2018-09-01T19:26:22.000Z",45.701965,5.883716,9.5,26,43,0,null
"2018-09-01T19:30:22.000Z",45.701965,5.883716,8.75,23,38,0,null
"2018-09-01T19:34:26.000Z",45.701965,5.883716,3.25,15.5,27.5,0,null
"2018-09-01T19:38:26.000Z",45.701965,5.883716,2.5,9.5,18,22.5,null
"2018-09-01T19:42:26.000Z",45.701965,5.883716,6.25,17,32.5,0,null
"2018-09-01T19:46:38.000Z",45.701965,5.883716,0,15.5,39.5,0,null
"2018-09-01T19:50:38.000Z",45.701965,5.883716,2.5,10.5,19.5,22.5,null
"2018-09-01T19:54:38.000Z",45.701965,5.883716,5.5,14,28,67.5,null
"2018-09-01T19:58:43.000Z",45.701965,5.883716,0,8.75,19,22.5,null
"2018-09-01T20:02:43.000Z",45.701965,5.883716,2.75,14.5,32.5,0,null
"2018-09-01T20:06:43.000Z",45.701965,5.883716,3.5,11,19,45,null
"2018-09-01T20:10:46.000Z",45.701965,5.883716,2.75,8.75,15,22.5,null
"2018-09-01T20:14:46.000Z",45.701965,5.883716,0.25,5.5,11,22.5,null
"2018-09-01T20:18:46.000Z",45.701965,5.883716,0.75,9,19,45,null
"2018-09-01T20:22:50.000Z",45.701965,5.883716,1.5,9,20,45,null
"2018-09-01T20:26:50.000Z",45.701965,5.883716,4.5,13.5,24.5,45,null
"2018-09-01T20:30:50.000Z",45.701965,5.883716,0,3,8.75,45,null
"2018-09-01T20:34:54.000Z",45.701965,5.883716,0,3.25,7.75,90,null
"2018-09-01T20:38:54.000Z",45.701965,5.883716,0.75,6.5,11.5,67.5,null
"2018-09-01T20:42:54.000Z",45.701965,5.883716,0,3.75,7,90,null
"2018-09-01T20:46:59.000Z",45.701965,5.883716,0,7.75,15.5,67.5,null
"2018-09-01T20:50:59.000Z",45.701965,5.883716,0.75,5,13,67.5,null
"2018-09-01T20:54:59.000Z",45.701965,5.883716,1.5,9.25,19,67.5,null
"2018-09-01T20:59:03.000Z",45.701965,5.883716,3.25,10.5,29.5,22.5,null
"2018-09-01T21:03:03.000Z",45.701965,5.883716,3.5,14,22.5,22.5,null
"2018-09-01T21:07:03.000Z",45.701965,5.883716,5.25,12.5,21,0,null
"2018-09-01T21:11:06.000Z",45.701965,5.883716,3.25,9.25,14.5,45,null
"2018-09-01T21:15:06.000Z",45.701965,5.883716,4.25,8.5,15.5,45,null
"2018-09-01T21:19:06.000Z",45.701965,5.883716,4.75,10.5,17,22.5,null
"2018-09-01T21:23:10.000Z",45.701965,5.883716,7.25,12.5,19.5,45,null
"2018-09-01T21:27:10.000Z",45.701965,5.883716,9,13.5,26,22.5,null
"2018-09-01T21:31:10.000Z",45.701965,5.883716,8,13,18.5,22.5,null
"2018-09-01T21:35:15.000Z",45.701965,5.883716,4.75,13,21,45,null
"2018-09-01T21:39:15.000Z",45.701965,5.883716,6,13,21,45,null
"2018-09-01T21:43:15.000Z",45.701965,5.883716,2.5,7,15,22.5,null
"2018-09-01T21:47:19.000Z",45.701965,5.883716,1,6.25,11,45,null
"2018-09-01T21:51:19.000Z",45.701965,5.883716,1.75,7.75,16,45,null
"2018-09-01T21:55:19.000Z",45.701965,5.883716,4.25,12,17.5,45,null
"2018-09-01T21:59:23.000Z",45.701965,5.883716,3.5,9,16.5,45,null
"2018-09-01T22:03:23.000Z",45.701965,5.883716,4.75,8.75,13.5,45,null
"2018-09-01T22:07:23.000Z",45.701965,5.883716,3.75,8.25,14.5,45,null
"2018-09-01T22:11:27.000Z",45.701965,5.883716,4.5,10,18.5,45,null
"2018-09-01T22:15:27.000Z",45.701965,5.883716,3.75,7.5,11.5,45,null
"2018-09-01T22:19:27.000Z",45.701965,5.883716,3.25,7.75,18,45,null
"2018-09-01T22:23:31.000Z",45.701965,5.883716,5.5,10,16,67.5,null
"2018-09-01T22:27:31.000Z",45.701965,5.883716,4.5,9.5,15.5,45,null
"2018-09-01T22:31:31.000Z",45.701965,5.883716,5.5,8.75,14.5,45,null
"2018-09-01T22:35:35.000Z",45.701965,5.883716,2,11,18,22.5,null
"2018-09-01T22:39:35.000Z",45.701965,5.883716,5.5,11,15.5,22.5,null
"2018-09-01T22:43:35.000Z",45.701965,5.883716,6.5,12.5,22.5,22.5,null
"2018-09-01T22:47:39.000Z",45.701965,5.883716,4.75,10.5,19,22.5,null
"2018-09-01T22:51:39.000Z",45.701965,5.883716,10,15.5,25.5,22.5,null
"2018-09-01T22:55:39.000Z",45.701965,5.883716,6.25,15,28.5,45,null
"2018-09-01T22:59:43.000Z",45.701965,5.883716,9,17,28,22.5,null
"2018-09-01T23:03:43.000Z",45.701965,5.883716,10,16.5,25,22.5,null
"2018-09-01T23:07:43.000Z",45.701965,5.883716,8.75,15.5,25.5,22.5,null
"2018-09-01T23:11:47.000Z",45.701965,5.883716,13,20.5,29,22.5,null
"2018-09-01T23:15:47.000Z",45.701965,5.883716,9.75,15,21.5,22.5,null
"2018-09-01T23:19:47.000Z",45.701965,5.883716,8.75,15,22.5,22.5,null
"2018-09-01T23:23:51.000Z",45.701965,5.883716,8.75,14,19.5,22.5,null
"2018-09-01T23:27:51.000Z",45.701965,5.883716,7.75,15,23.5,22.5,null
"2018-09-01T23:31:51.000Z",45.701965,5.883716,5.5,15,27.5,22.5,null
"2018-09-01T23:35:55.000Z",45.701965,5.883716,5.5,12,19,22.5,null
"2018-09-01T23:39:55.000Z",45.701965,5.883716,8.75,16.5,27,22.5,null
"2018-09-01T23:43:55.000Z",45.701965,5.883716,2.75,21.5,32.5,0,null
"2018-09-01T23:47:59.000Z",45.701965,5.883716,15.5,27,38,0,null
"2018-09-01T23:51:59.000Z",45.701965,5.883716,14.5,22,30.5,0,null
"2018-09-01T23:55:59.000Z",45.701965,5.883716,1.75,10,18.5,22.5,null
"2018-09-02T00:00:04.000Z",45.701965,5.883716,6.25,8.75,13,45,null
"2018-09-02T00:04:04.000Z",45.701965,5.883716,2.5,8,14.5,45,null
"2018-09-02T00:08:04.000Z",45.701965,5.883716,7,11,18,45,null
"2018-09-02T00:12:08.000Z",45.701965,5.883716,4.5,9,14,67.5,null
"2018-09-02T00:16:08.000Z",45.701965,5.883716,4.25,7.75,12,45,null
"2018-09-02T00:20:08.000Z",45.701965,5.883716,1.5,7.25,16.5,67.5,null
"2018-09-02T00:24:12.000Z",45.701965,5.883716,4.25,7.25,10.5,22.5,null
"2018-09-02T00:28:12.000Z",45.701965,5.883716,6.5,12,18,67.5,null
"2018-09-02T00:32:12.000Z",45.701965,5.883716,7.25,13.5,21.5,45,null
"2018-09-02T00:36:16.000Z",45.701965,5.883716,7,14.5,21.5,45,null
"2018-09-02T00:40:16.000Z",45.701965,5.883716,6.5,11.5,19,45,null
"2018-09-02T00:44:16.000Z",45.701965,5.883716,3.25,9,17,67.5,null
"2018-09-02T00:48:20.000Z",45.701965,5.883716,5.5,9.5,15.5,67.5,null
"2018-09-02T00:52:20.000Z",45.701965,5.883716,2.75,9.75,19.5,67.5,null
"2018-09-02T00:56:20.000Z",45.701965,5.883716,5.25,8.5,12.5,67.5,null
"2018-09-02T01:00:24.000Z",45.701965,5.883716,4.5,9.75,16,45,null
"2018-09-02T01:04:24.000Z",45.701965,5.883716,2.5,8.25,14,45,null
"2018-09-02T01:08:24.000Z",45.701965,5.883716,1,7.5,15.5,45,null
"2018-09-02T01:12:28.000Z",45.701965,5.883716,4.5,8.5,13,67.5,null
"2018-09-02T01:16:28.000Z",45.701965,5.883716,5.25,8.25,12.5,67.5,null
"2018-09-02T01:20:28.000Z",45.701965,5.883716,4.25,7.75,13,67.5,null
"2018-09-02T01:24:32.000Z",45.701965,5.883716,4.25,7.75,14,45,null
"2018-09-02T01:28:32.000Z",45.701965,5.883716,4.25,8,12,67.5,null
"2018-09-02T01:32:32.000Z",45.701965,5.883716,3.75,7.25,12.5,67.5,null
"2018-09-02T01:36:35.000Z",45.701965,5.883716,1.75,6,11,67.5,null
"2018-09-02T01:40:35.000Z",45.701965,5.883716,2.75,6.75,12,45,null
"2018-09-02T01:44:35.000Z",45.701965,5.883716,3.5,7.5,11.5,67.5,null
"2018-09-02T01:48:39.000Z",45.701965,5.883716,2,6.25,9.75,45,null
"2018-09-02T01:52:39.000Z",45.701965,5.883716,1,7,14.5,67.5,null
"2018-09-02T01:56:39.000Z",45.701965,5.883716,3.25,7,12,67.5,null
"2018-09-02T02:00:44.000Z",45.701965,5.883716,3.5,7.75,13.5,67.5,null
"2018-09-02T02:04:44.000Z",45.701965,5.883716,5.25,9.25,13,67.5,null
"2018-09-02T02:08:44.000Z",45.701965,5.883716,4.25,7.25,12.5,67.5,null
"2018-09-02T02:12:48.000Z",45.701965,5.883716,3.5,6.75,10.5,67.5,null
"2018-09-02T02:16:48.000Z",45.701965,5.883716,3.5,6,11.5,67.5,null
"2018-09-02T02:20:48.000Z",45.701965,5.883716,2.5,6,8.25,67.5,null
"2018-09-02T02:24:52.000Z",45.701965,5.883716,2.75,8,15,90,null
"2018-09-02T02:28:52.000Z",45.701965,5.883716,0,7.25,12.5,90,null
"2018-09-02T02:32:52.000Z",45.701965,5.883716,3.25,8,13.5,67.5,null
"2018-09-02T02:36:56.000Z",45.701965,5.883716,3.25,8,14,67.5,null
"2018-09-02T02:40:56.000Z",45.701965,5.883716,3.75,7.75,11.5,67.5,null
"2018-09-02T02:44:56.000Z",45.701965,5.883716,2,5.25,9.5,67.5,null
"2018-09-02T02:49:00.000Z",45.701965,5.883716,3.75,6.25,10,90,null
"2018-09-02T02:53:00.000Z",45.701965,5.883716,3.25,6.5,9.5,67.5,null
"2018-09-02T02:57:00.000Z",45.701965,5.883716,0.25,3.5,8.75,45,null
"2018-09-02T03:01:04.000Z",45.701965,5.883716,3.25,6.5,9.75,90,null
"2018-09-02T03:05:04.000Z",45.701965,5.883716,3.5,6.25,8.75,90,null
"2018-09-02T03:09:04.000Z",45.701965,5.883716,2,4.75,8.75,90,null
"2018-09-02T03:13:09.000Z",45.701965,5.883716,1,5.25,7.75,90,null
"2018-09-02T03:17:09.000Z",45.701965,5.883716,2,5.5,9,90,null
"2018-09-02T03:21:09.000Z",45.701965,5.883716,3.5,6,8.75,90,null
"2018-09-02T03:25:13.000Z",45.701965,5.883716,3.75,6.25,9,112.5,null
"2018-09-02T03:29:13.000Z",45.701965,5.883716,5.5,9.25,13,90,null
"2018-09-02T03:33:13.000Z",45.701965,5.883716,6.5,10,13.5,90,null
"2018-09-02T03:37:16.000Z",45.701965,5.883716,4.25,7.25,10,90,null
"2018-09-02T03:41:16.000Z",45.701965,5.883716,5.25,7.25,10,67.5,null
"2018-09-02T03:45:16.000Z",45.701965,5.883716,4.25,7.5,10,67.5,null
"2018-09-02T03:49:20.000Z",45.701965,5.883716,3.25,5.75,8.25,67.5,null
"2018-09-02T03:53:20.000Z",45.701965,5.883716,2.75,5.75,8,90,null
"2018-09-02T03:57:20.000Z",45.701965,5.883716,1.75,5.75,10,90,null
"2018-09-02T04:01:25.000Z",45.701965,5.883716,3.5,5.5,8.25,67.5,null
"2018-09-02T04:05:25.000Z",45.701965,5.883716,3.25,6,8.25,67.5,null
"2018-09-02T04:09:25.000Z",45.701965,5.883716,3.5,6,10,90,null
"2018-09-02T04:13:28.000Z",45.701965,5.883716,2.75,6.5,10.5,90,null
"2018-09-02T04:17:28.000Z",45.701965,5.883716,4.5,9.5,13,90,null
"2018-09-02T04:21:28.000Z",45.701965,5.883716,6.25,10,14.5,90,null
"2018-09-02T04:25:33.000Z",45.701965,5.883716,6.25,11,15.5,90,null
"2018-09-02T04:29:33.000Z",45.701965,5.883716,4.25,8.5,12.5,67.5,null
"2018-09-02T04:33:33.000Z",45.701965,5.883716,5.5,8.75,12,90,null
"2018-09-02T04:37:36.000Z",45.701965,5.883716,4.25,8.25,12,90,null
"2018-09-02T04:41:36.000Z",45.701965,5.883716,3.75,6.75,10,67.5,null
"2018-09-02T04:45:36.000Z",45.701965,5.883716,4.5,7.25,10,90,null
"2018-09-02T04:49:41.000Z",45.701965,5.883716,5.5,8,9.75,90,null
"2018-09-02T04:53:41.000Z",45.701965,5.883716,4.25,7.75,11.5,90,null
"2018-09-02T04:57:41.000Z",45.701965,5.883716,4.5,9.25,12.5,90,null
"2018-09-02T05:01:45.000Z",45.701965,5.883716,4.75,10.5,15.5,90,null
"2018-09-02T05:05:45.000Z",45.701965,5.883716,7,11.5,16.5,90,null
"2018-09-02T05:09:45.000Z",45.701965,5.883716,4.5,9,14.5,90,null
"2018-09-02T05:13:49.000Z",45.701965,5.883716,0.25,6,13,90,null
"2018-09-02T05:17:49.000Z",45.701965,5.883716,1.75,4.25,7,135,null
"2018-09-02T05:21:49.000Z",45.701965,5.883716,3.25,8,13.5,180,null
"2018-09-02T05:25:53.000Z",45.701965,5.883716,1,7,10.5,157.5,null
"2018-09-02T05:29:53.000Z",45.701965,5.883716,0.75,5.25,12,157.5,null
"2018-09-02T05:33:53.000Z",45.701965,5.883716,0.25,6,11,135,null
"2018-09-02T05:37:57.000Z",45.701965,5.883716,0,4.75,9,135,null
"2018-09-02T05:41:57.000Z",45.701965,5.883716,1.5,5.5,9.75,135,null
"2018-09-02T05:45:57.000Z",45.701965,5.883716,0.25,3.75,6.5,135,null
"2018-09-02T05:50:01.000Z",45.701965,5.883716,0,3.25,6.5,157.5,null
"2018-09-02T05:54:01.000Z",45.701965,5.883716,0,4.25,9.75,135,null
"2018-09-02T05:58:01.000Z",45.701965,5.883716,0.75,4.75,8.75,135,null
"2018-09-02T06:02:05.000Z",45.701965,5.883716,1.5,4.5,9,135,null
"2018-09-02T06:06:05.000Z",45.701965,5.883716,2.5,5,9.75,135,null
"2018-09-02T06:10:05.000Z",45.701965,5.883716,2,4.5,7.75,135,null
"2018-09-02T06:14:09.000Z",45.701965,5.883716,2.5,4.75,6.5,135,null
"2018-09-02T06:18:09.000Z",45.701965,5.883716,1.75,4.75,7.25,112.5,null
"2018-09-02T06:22:09.000Z",45.701965,5.883716,0.25,3,5.25,135,null
"2018-09-02T06:26:13.000Z",45.701965,5.883716,1,3.25,6.5,112.5,null
"2018-09-02T06:30:13.000Z",45.701965,5.883716,0.25,2.5,5.25,90,null
"2018-09-02T06:34:13.000Z",45.701965,5.883716,0,2,3.75,112.5,null
"2018-09-02T06:38:17.000Z",45.701965,5.883716,1.5,4,8.25,112.5,null
"2018-09-02T06:42:17.000Z",45.701965,5.883716,1.75,5,7.75,90,null
"2018-09-02T06:46:17.000Z",45.701965,5.883716,3.5,6.5,9,90,null
"2018-09-02T06:50:21.000Z",45.701965,5.883716,2.5,5.25,7.75,90,null
"2018-09-02T06:54:21.000Z",45.701965,5.883716,1.5,3.5,5.5,112.5,null
"2018-09-02T06:58:21.000Z",45.701965,5.883716,3.25,6.75,9.5,90,null
"2018-09-02T07:02:25.000Z",45.701965,5.883716,0,2.25,8.25,112.5,null
"2018-09-02T07:06:25.000Z",45.701965,5.883716,0.75,3.5,7,90,null
"2018-09-02T07:10:25.000Z",45.701965,5.883716,0,0.5,3.5,90,null
"2018-09-02T07:14:30.000Z",45.701965,5.883716,0,0.5,2.5,157.5,null
"2018-09-02T07:18:30.000Z",45.701965,5.883716,0,3.25,8,90,null
"2018-09-02T07:22:30.000Z",45.701965,5.883716,0.25,3,8,90,null
"2018-09-02T07:26:34.000Z",45.701965,5.883716,0.75,6,11,67.5,null
"2018-09-02T07:30:34.000Z",45.701965,5.883716,1.75,6.25,11.5,90,null
"2018-09-02T07:34:34.000Z",45.701965,5.883716,2.75,5.75,11,90,null
"2018-09-02T07:38:37.000Z",45.701965,5.883716,1.75,6.25,13.5,67.5,null
"2018-09-02T07:42:37.000Z",45.701965,5.883716,1.75,6.5,11.5,67.5,null
"2018-09-02T07:46:37.000Z",45.701965,5.883716,1.5,7.5,13.5,67.5,null
"2018-09-02T07:50:41.000Z",45.701965,5.883716,3.25,7.75,12.5,67.5,null
"2018-09-02T07:54:41.000Z",45.701965,5.883716,1.5,5.5,12,67.5,null
"2018-09-02T07:58:41.000Z",45.701965,5.883716,0,3.25,8.25,90,null
"2018-09-02T08:02:45.000Z",45.701965,5.883716,1,6.5,18,22.5,null
"2018-09-02T08:06:45.000Z",45.701965,5.883716,2.75,5.5,9.5,0,null
"2018-09-02T08:10:45.000Z",45.701965,5.883716,0,2.75,7,0,null
"2018-09-02T08:14:49.000Z",45.701965,5.883716,0,2,5.25,0,null
"2018-09-02T08:18:49.000Z",45.701965,5.883716,0.25,2.5,5.5,0,null
"2018-09-02T08:22:49.000Z",45.701965,5.883716,0,2,4.75,337.5,null
"2018-09-02T08:26:54.000Z",45.701965,5.883716,1,3,6.5,337.5,null
"2018-09-02T08:30:54.000Z",45.701965,5.883716,0,2.25,4.75,0,null
"2018-09-02T08:34:54.000Z",45.701965,5.883716,0,2,5.5,0,null
"2018-09-02T08:38:57.000Z",45.701965,5.883716,0,0.5,4.5,0,null
"2018-09-02T08:42:57.000Z",45.701965,5.883716,0,0,1.5,0,null
"2018-09-02T08:46:57.000Z",45.701965,5.883716,0,1.75,4.25,0,null
"2018-09-02T08:51:02.000Z",45.701965,5.883716,0.75,3.5,7.25,0,null
"2018-09-02T08:55:02.000Z",45.701965,5.883716,0,3.75,8.75,0,null
"2018-09-02T08:59:02.000Z",45.701965,5.883716,1.75,3.75,6.25,0,null
"2018-09-02T09:03:06.000Z",45.701965,5.883716,0,2.25,6,337.5,null
"2018-09-02T09:07:06.000Z",45.701965,5.883716,0.75,3.25,5.5,337.5,null
"2018-09-02T09:11:06.000Z",45.701965,5.883716,1.75,3.5,5.5,337.5,null
"2018-09-02T09:15:10.000Z",45.701965,5.883716,1,5.75,12,0,null
"2018-09-02T09:19:10.000Z",45.701965,5.883716,1.75,3.75,6.25,0,null
"2018-09-02T09:23:10.000Z",45.701965,5.883716,0,2,4.75,337.5,null
"2018-09-02T09:27:14.000Z",45.701965,5.883716,0,1.25,3.5,337.5,null
"2018-09-02T09:31:14.000Z",45.701965,5.883716,0,2,4.75,337.5,null
"2018-09-02T09:35:14.000Z",45.701965,5.883716,0,2.25,5.5,315,null
"2018-09-02T09:39:18.000Z",45.701965,5.883716,0.75,4,6.25,315,null
"2018-09-02T09:43:18.000Z",45.701965,5.883716,1.5,4.25,7.25,315,null
"2018-09-02T09:47:18.000Z",45.701965,5.883716,2,4,6.25,315,null
"2018-09-02T09:51:21.000Z",45.701965,5.883716,1.5,3.25,5.25,315,null
"2018-09-02T09:55:21.000Z",45.701965,5.883716,1,3,6,315,null
"2018-09-02T09:59:21.000Z",45.701965,5.883716,0,1.25,3.25,315,null
"2018-09-02T10:03:26.000Z",45.701965,5.883716,0,1.25,2,315,null
"2018-09-02T10:07:26.000Z",45.701965,5.883716,0,2.25,9.5,22.5,null
"2018-09-02T10:11:26.000Z",45.701965,5.883716,1,4,8.75,22.5,null
"2018-09-02T10:15:30.000Z",45.701965,5.883716,0.75,1.75,3.75,22.5,null
"2018-09-02T10:19:30.000Z",45.701965,5.883716,0.75,2,3.5,0,null
"2018-09-02T10:23:30.000Z",45.701965,5.883716,0.75,3.75,7.75,337.5,null
"2018-09-02T10:27:33.000Z",45.701965,5.883716,2,5.25,8,0,null
"2018-09-02T10:31:33.000Z",45.701965,5.883716,4.75,8,11.5,0,null
"2018-09-02T10:35:33.000Z",45.701965,5.883716,6,9,13,0,null
"2018-09-02T10:39:37.000Z",45.701965,5.883716,2.5,7.75,12,0,null
"2018-09-02T10:43:37.000Z",45.701965,5.883716,1.5,5.25,8.25,337.5,null
"2018-09-02T10:47:37.000Z",45.701965,5.883716,3.25,5.75,9,45,null
"2018-09-02T10:51:42.000Z",45.701965,5.883716,1.5,4.75,7.75,22.5,null
"2018-09-02T10:55:42.000Z",45.701965,5.883716,0.25,3,4.75,22.5,null
"2018-09-02T10:59:42.000Z",45.701965,5.883716,0,3.75,8.25,0,null
"2018-09-02T11:03:46.000Z",45.701965,5.883716,4,6.75,9.75,0,null
"2018-09-02T11:07:46.000Z",45.701965,5.883716,2.75,5.5,9.75,337.5,null
"2018-09-02T11:11:46.000Z",45.701965,5.883716,2.5,5,9,0,null
"2018-09-02T11:15:50.000Z",45.701965,5.883716,1,3.75,16,0,null
"2018-09-02T11:19:50.000Z",45.701965,5.883716,3.75,7.25,14.5,0,null
"2018-09-02T11:23:50.000Z",45.701965,5.883716,6,11,22,0,null
"2018-09-02T11:27:54.000Z",45.701965,5.883716,0.25,6.75,19.5,0,null
"2018-09-02T11:31:54.000Z",45.701965,5.883716,1.75,4.25,9,337.5,null
"2018-09-02T11:35:54.000Z",45.701965,5.883716,2.75,7.75,10.5,22.5,null
"2018-09-02T11:39:58.000Z",45.701965,5.883716,5.5,9,13.5,0,null
"2018-09-02T11:43:58.000Z",45.701965,5.883716,6.5,9.5,14.5,337.5,null
"2018-09-02T11:47:58.000Z",45.701965,5.883716,8.25,11,14.5,337.5,null
"2018-09-02T11:52:03.000Z",45.701965,5.883716,9,12,17,337.5,null
"2018-09-02T11:56:03.000Z",45.701965,5.883716,9,13,17.5,337.5,null
"2018-09-02T12:00:03.000Z",45.701965,5.883716,4.5,11,18.5,337.5,null
"2018-09-02T12:04:06.000Z",45.701965,5.883716,5.25,9.75,16.5,0,null
"2018-09-02T12:08:06.000Z",45.701965,5.883716,6.25,10,16.5,0,null
"2018-09-02T12:12:06.000Z",45.701965,5.883716,1.75,6.75,12,0,null
"2018-09-02T12:16:11.000Z",45.701965,5.883716,5.5,8.5,11,337.5,null
"2018-09-02T12:20:11.000Z",45.701965,5.883716,7,11,15.5,337.5,null
"2018-09-02T12:24:11.000Z",45.701965,5.883716,9,13.5,18,337.5,null
"2018-09-02T12:28:14.000Z",45.701965,5.883716,8,14.5,22,337.5,null
"2018-09-02T12:32:14.000Z",45.701965,5.883716,10.5,14,22.5,337.5,null
"2018-09-02T12:36:14.000Z",45.701965,5.883716,9.75,16.5,22.5,337.5,null
"2018-09-02T12:40:18.000Z",45.701965,5.883716,3.75,10.5,16,337.5,null
"2018-09-02T12:44:18.000Z",45.701965,5.883716,8.75,11.5,15.5,337.5,null
"2018-09-02T12:48:18.000Z",45.701965,5.883716,8,13,16.5,337.5,null
"2018-09-02T12:52:23.000Z",45.701965,5.883716,12,14.5,18.5,337.5,null
"2018-09-02T12:56:23.000Z",45.701965,5.883716,9,13.5,21,315,null
"2018-09-02T13:00:23.000Z",45.701965,5.883716,4.75,11,20,337.5,null
"2018-09-02T13:04:27.000Z",45.701965,5.883716,5.5,11.5,19,315,null
"2018-09-02T13:08:27.000Z",45.701965,5.883716,4.5,8.25,13,0,null
"2018-09-02T13:12:27.000Z",45.701965,5.883716,6,8.25,10.5,315,null
"2018-09-02T13:16:30.000Z",45.701965,5.883716,4.25,7.5,12,337.5,null
"2018-09-02T13:20:30.000Z",45.701965,5.883716,3.5,7.5,11,337.5,null
"2018-09-02T13:24:30.000Z",45.701965,5.883716,5.5,8.5,14,337.5,null
"2018-09-02T13:28:35.000Z",45.701965,5.883716,5.25,9.25,13,337.5,null
"2018-09-02T13:32:35.000Z",45.701965,5.883716,5.25,10.5,15,337.5,null
"2018-09-02T13:36:35.000Z",45.701965,5.883716,6.5,8.5,13,315,null
"2018-09-02T13:40:38.000Z",45.701965,5.883716,7,9.5,13,315,null
"2018-09-02T13:44:38.000Z",45.701965,5.883716,6.5,10,13.5,315,null
"2018-09-02T13:48:38.000Z",45.701965,5.883716,6.5,11.5,17.5,0,null
"2018-09-02T13:52:43.000Z",45.701965,5.883716,8.25,12.5,19,337.5,null
"2018-09-02T13:56:43.000Z",45.701965,5.883716,9,16,21,337.5,null
"2018-09-02T14:00:43.000Z",45.701965,5.883716,10.5,16.5,20,337.5,null
"2018-09-02T14:04:46.000Z",45.701965,5.883716,14,17.5,20,315,null
"2018-09-02T14:08:46.000Z",45.701965,5.883716,11,20,29,337.5,null
"2018-09-02T14:12:46.000Z",45.701965,5.883716,14.5,19,26,337.5,null
"2018-09-02T14:16:50.000Z",45.701965,5.883716,5.25,14,20.5,337.5,null
"2018-09-02T14:20:50.000Z",45.701965,5.883716,12.5,16,22.5,315,null
"2018-09-02T14:24:50.000Z",45.701965,5.883716,3.25,15,23.5,337.5,null
"2018-09-02T14:28:55.000Z",45.701965,5.883716,12,15,19,315,null
"2018-09-02T14:32:55.000Z",45.701965,5.883716,13.5,17,22,315,null
"2018-09-02T14:36:55.000Z",45.701965,5.883716,13,17.5,22.5,337.5,null
"2018-09-02T14:40:59.000Z",45.701965,5.883716,12,17.5,22.5,337.5,null
"2018-09-02T14:44:59.000Z",45.701965,5.883716,11.5,16.5,20,315,null
"2018-09-02T14:48:59.000Z",45.701965,5.883716,14,18,22.5,315,null
"2018-09-02T14:53:03.000Z",45.701965,5.883716,15,19.5,25,315,null
"2018-09-02T14:57:03.000Z",45.701965,5.883716,14.5,19,24,315,null
"2018-09-02T15:01:03.000Z",45.701965,5.883716,13,17,21,315,null
"2018-09-02T15:05:07.000Z",45.701965,5.883716,14,18.5,23.5,315,null
"2018-09-02T15:09:07.000Z",45.701965,5.883716,15,19.5,26,337.5,null
"2018-09-02T15:13:07.000Z",45.701965,5.883716,8.75,13,17.5,337.5,null
"2018-09-02T15:17:11.000Z",45.701965,5.883716,9,14,18.5,337.5,null
"2018-09-02T15:21:11.000Z",45.701965,5.883716,13,16.5,20,337.5,null
"2018-09-02T15:25:11.000Z",45.701965,5.883716,13.5,16.5,19.5,315,null
"2018-09-02T15:29:15.000Z",45.701965,5.883716,12.5,15.5,19,337.5,null
"2018-09-02T15:33:15.000Z",45.701965,5.883716,11,14,16.5,337.5,null
"2018-09-02T15:37:15.000Z",45.701965,5.883716,10.5,14,18,337.5,null
"2018-09-02T15:41:19.000Z",45.701965,5.883716,13.5,17.5,21.5,337.5,null
"2018-09-02T15:45:19.000Z",45.701965,5.883716,11.5,15.5,18,337.5,null
"2018-09-02T15:49:19.000Z",45.701965,5.883716,12.5,15,17.5,337.5,null
"2018-09-02T15:53:23.000Z",45.701965,5.883716,12,15,17.5,337.5,null
"2018-09-02T15:57:23.000Z",45.701965,5.883716,12,16,18.5,337.5,null
"2018-09-02T16:01:23.000Z",45.701965,5.883716,10,13.5,19.5,337.5,null
"2018-09-02T16:05:28.000Z",45.701965,5.883716,10,13.5,16.5,337.5,null
"2018-09-02T16:09:28.000Z",45.701965,5.883716,14.5,17.5,21,0,null
"2018-09-02T16:13:28.000Z",45.701965,5.883716,11.5,16.5,23.5,337.5,null
"2018-09-02T16:17:31.000Z",45.701965,5.883716,13,18.5,24.5,337.5,null
"2018-09-02T16:21:31.000Z",45.701965,5.883716,11,15,20,337.5,null
"2018-09-02T16:25:31.000Z",45.701965,5.883716,12,16,20.5,0,null
"2018-09-02T16:29:35.000Z",45.701965,5.883716,13.5,18,24.5,0,null
"2018-09-02T16:33:35.000Z",45.701965,5.883716,12,18,22.5,0,null
"2018-09-02T16:37:35.000Z",45.701965,5.883716,15.5,21,28.5,0,null
"2018-09-02T16:41:40.000Z",45.701965,5.883716,11,21,26.5,0,null
"2018-09-02T16:45:40.000Z",45.701965,5.883716,13.5,18,24.5,0,null
"2018-09-02T16:49:40.000Z",45.701965,5.883716,11.5,17,21,0,null
"2018-09-02T16:53:43.000Z",45.701965,5.883716,7,13.5,21,22.5,null
"2018-09-02T16:57:43.000Z",45.701965,5.883716,4.75,12,17.5,22.5,null
"2018-09-02T17:01:43.000Z",45.701965,5.883716,8.25,14,21,0,null
"2018-09-02T17:05:48.000Z",45.701965,5.883716,9.75,16.5,24,0,null
"2018-09-02T17:09:48.000Z",45.701965,5.883716,13,18.5,24.5,0,null
"2018-09-02T17:13:48.000Z",45.701965,5.883716,9.5,18.5,27.5,337.5,null
"2018-09-02T17:17:51.000Z",45.701965,5.883716,13,20.5,27,337.5,null
"2018-09-02T17:21:51.000Z",45.701965,5.883716,15.5,20,24.5,0,null
"2018-09-02T17:25:51.000Z",45.701965,5.883716,15.5,19.5,24.5,0,null
"2018-09-02T17:29:55.000Z",45.701965,5.883716,9.75,18,24,0,null
"2018-09-02T17:33:55.000Z",45.701965,5.883716,11.5,17.5,23.5,0,null
"2018-09-02T17:37:55.000Z",45.701965,5.883716,12,19,27.5,337.5,null
"2018-09-02T17:42:00.000Z",45.701965,5.883716,14.5,21,25.5,337.5,null
"2018-09-02T17:46:00.000Z",45.701965,5.883716,13,19.5,23.5,0,null
"2018-09-02T17:50:00.000Z",45.701965,5.883716,6,13.5,22.5,0,null
"2018-09-02T17:54:04.000Z",45.701965,5.883716,7.75,12.5,19.5,0,null
"2018-09-02T17:58:04.000Z",45.701965,5.883716,6.5,10.5,15.5,22.5,null
"2018-09-02T18:02:04.000Z",45.701965,5.883716,4.75,10,16,22.5,null
"2018-09-02T18:06:08.000Z",45.701965,5.883716,4.25,12,19,22.5,null
"2018-09-02T18:10:08.000Z",45.701965,5.883716,8.75,16,22.5,22.5,null
"2018-09-02T18:14:08.000Z",45.701965,5.883716,9.75,17,22.5,22.5,null
"2018-09-02T18:18:11.000Z",45.701965,5.883716,8.75,15.5,21.5,0,null
"2018-09-02T18:22:11.000Z",45.701965,5.883716,10,15.5,21.5,0,null
"2018-09-02T18:26:11.000Z",45.701965,5.883716,5.25,11,18,22.5,null
"2018-09-02T18:30:16.000Z",45.701965,5.883716,6.25,11.5,16,22.5,null
"2018-09-02T18:34:16.000Z",45.701965,5.883716,8.75,12.5,17.5,22.5,null
"2018-09-02T18:38:16.000Z",45.701965,5.883716,6,13.5,20,22.5,null
"2018-09-02T18:42:19.000Z",45.701965,5.883716,6.25,14,20,22.5,null
"2018-09-02T18:46:19.000Z",45.701965,5.883716,8.25,15.5,23.5,22.5,null
"2018-09-02T18:50:19.000Z",45.701965,5.883716,7.25,13.5,23,22.5,null
"2018-09-02T18:54:24.000Z",45.701965,5.883716,7,14.5,23,22.5,null
"2018-09-02T18:58:24.000Z",45.701965,5.883716,5.25,12.5,23.5,22.5,null
"2018-09-02T19:02:24.000Z",45.701965,5.883716,8,15,22.5,22.5,null
"2018-09-02T19:06:28.000Z",45.701965,5.883716,5.5,14,22.5,22.5,null
"2018-09-02T19:10:28.000Z",45.701965,5.883716,8,15,27,22.5,null
"2018-09-02T19:14:28.000Z",45.701965,5.883716,5.25,12.5,19,22.5,null
"2018-09-02T19:18:32.000Z",45.701965,5.883716,8,12.5,19.5,0,null
"2018-09-02T19:22:32.000Z",45.701965,5.883716,10.5,16,23.5,0,null
"2018-09-02T19:26:32.000Z",45.701965,5.883716,7,13.5,18.5,0,null
"2018-09-02T19:30:36.000Z",45.701965,5.883716,8.75,13.5,18,0,null
"2018-09-02T19:34:36.000Z",45.701965,5.883716,6,13.5,23.5,0,null
"2018-09-02T19:38:36.000Z",45.701965,5.883716,7,13,19,22.5,null
"2018-09-02T19:42:40.000Z",45.701965,5.883716,8.75,14.5,20,0,null
"2018-09-02T19:46:40.000Z",45.701965,5.883716,8.75,13.5,20,0,null
"2018-09-02T19:50:40.000Z",45.701965,5.883716,5.5,12.5,20.5,22.5,null
"2018-09-02T19:55:18.000Z",45.701965,5.883716,3.75,10.5,18,22.5,null
"2018-09-02T19:59:18.000Z",45.701965,5.883716,7.75,11.5,19.5,0,null
"2018-09-02T20:03:18.000Z",45.701965,5.883716,6.5,12,17,22.5,null
"2018-09-02T20:07:22.000Z",45.701965,5.883716,4.75,11,18,0,null
"2018-09-02T20:11:22.000Z",45.701965,5.883716,7,13,20.5,0,null
"2018-09-02T20:15:22.000Z",45.701965,5.883716,3.75,11.5,22,0,null
"2018-09-02T20:19:26.000Z",45.701965,5.883716,7.75,13,20,0,null
"2018-09-02T20:23:26.000Z",45.701965,5.883716,4.5,12,18,22.5,null
"2018-09-02T20:27:26.000Z",45.701965,5.883716,8.25,13.5,21,0,null
"2018-09-02T20:31:30.000Z",45.701965,5.883716,5.5,11,20.5,337.5,null
"2018-09-02T20:35:30.000Z",45.701965,5.883716,6.5,12.5,19,0,null
"2018-09-02T20:39:30.000Z",45.701965,5.883716,3.5,9,16.5,22.5,null
"2018-09-02T20:43:34.000Z",45.701965,5.883716,4.75,8.75,14.5,22.5,null
"2018-09-02T20:47:34.000Z",45.701965,5.883716,3.5,11.5,18.5,0,null
"2018-09-02T20:51:34.000Z",45.701965,5.883716,2.5,7.75,13.5,0,null
"2018-09-02T20:55:38.000Z",45.701965,5.883716,4.75,9.75,18,0,null
"2018-09-02T20:59:38.000Z",45.701965,5.883716,3.75,8.75,20,337.5,null
"2018-09-02T21:03:38.000Z",45.701965,5.883716,0,4,8.25,0,null
"2018-09-02T21:07:42.000Z",45.701965,5.883716,0,6.75,11,0,null
"2018-09-02T21:11:42.000Z",45.701965,5.883716,0,3.75,11.5,0,null
"2018-09-02T21:15:42.000Z",45.701965,5.883716,1.5,3.5,5.5,22.5,null
"2018-09-02T21:19:46.000Z",45.701965,5.883716,1.75,6,12.5,0,null
"2018-09-02T21:23:46.000Z",45.701965,5.883716,1,4,9.75,22.5,null
"2018-09-02T21:27:46.000Z",45.701965,5.883716,4.25,8.75,15,0,null
"2018-09-02T21:31:51.000Z",45.701965,5.883716,5.25,14,21.5,0,null
"2018-09-02T21:35:51.000Z",45.701965,5.883716,1.75,7.75,19,0,null
"2018-09-02T21:39:51.000Z",45.701965,5.883716,1.75,5.5,16.5,22.5,null
"2018-09-02T21:43:55.000Z",45.701965,5.883716,4.75,10,20,22.5,null
"2018-09-02T21:47:55.000Z",45.701965,5.883716,3.75,9.25,17,22.5,null
"2018-09-02T21:51:55.000Z",45.701965,5.883716,4.5,8.5,15.5,22.5,null
"2018-09-02T21:55:59.000Z",45.701965,5.883716,3.5,6.5,11,45,null
"2018-09-02T21:59:59.000Z",45.701965,5.883716,0.75,3.75,6.5,45,null
"2018-09-02T22:03:59.000Z",45.701965,5.883716,3.25,7.5,12,0,null
"2018-09-02T22:08:02.000Z",45.701965,5.883716,1,3.75,6.5,0,null
"2018-09-02T22:12:02.000Z",45.701965,5.883716,0,0.75,2.5,0,null
"2018-09-02T22:16:02.000Z",45.701965,5.883716,0,3.75,13,90,null
"2018-09-02T22:20:06.000Z",45.701965,5.883716,3.25,6.5,11,45,null
"2018-09-02T22:24:06.000Z",45.701965,5.883716,3.25,5.75,10,90,null
"2018-09-02T22:28:06.000Z",45.701965,5.883716,1.5,5.25,11,90,null
"2018-09-02T22:32:11.000Z",45.701965,5.883716,4.25,6.25,9,67.5,null
"2018-09-02T22:36:11.000Z",45.701965,5.883716,2.75,6.75,11,67.5,null
"2018-09-02T22:40:11.000Z",45.701965,5.883716,4.5,7.25,9.75,67.5,null
"2018-09-02T22:44:14.000Z",45.701965,5.883716,2,5.5,9,45,null
"2018-09-02T22:48:14.000Z",45.701965,5.883716,0.25,4.5,8.25,45,null
"2018-09-02T22:52:14.000Z",45.701965,5.883716,1,4,7.75,67.5,null
"2018-09-02T22:56:18.000Z",45.701965,5.883716,2.5,3.75,7,90,null
"2018-09-02T23:00:18.000Z",45.701965,5.883716,3.25,6,9.75,90,null
"2018-09-02T23:04:18.000Z",45.701965,5.883716,2,5,9,90,null
"2018-09-02T23:08:23.000Z",45.701965,5.883716,0.25,6,11.5,90,null
"2018-09-02T23:12:23.000Z",45.701965,5.883716,3.5,8.5,15.5,90,null
"2018-09-02T23:16:23.000Z",45.701965,5.883716,2,5.5,9.5,90,null
"2018-09-02T23:20:27.000Z",45.701965,5.883716,0.25,4.75,8.5,112.5,null
"2018-09-02T23:24:27.000Z",45.701965,5.883716,1.75,4.25,7.25,112.5,null
"2018-09-02T23:28:27.000Z",45.701965,5.883716,3.5,7.5,11.5,67.5,null
"2018-09-02T23:32:31.000Z",45.701965,5.883716,1.75,6,12,67.5,null
"2018-09-02T23:36:31.000Z",45.701965,5.883716,4.25,8.5,13,67.5,null
"2018-09-02T23:40:31.000Z",45.701965,5.883716,4.5,9.5,13.5,67.5,null
"2018-09-02T23:44:35.000Z",45.701965,5.883716,4.25,8.5,12,67.5,null
"2018-09-02T23:48:35.000Z",45.701965,5.883716,3.25,8.25,12,67.5,null
"2018-09-02T23:52:35.000Z",45.701965,5.883716,6,9.75,14.5,67.5,null
"2018-09-02T23:56:39.000Z",45.701965,5.883716,3.25,6.75,11,90,null
"2018-09-03T00:00:39.000Z",45.701965,5.883716,2.75,6.75,10,90,null
"2018-09-03T00:04:39.000Z",45.701965,5.883716,2,6,9.5,90,null
"2018-09-03T00:08:43.000Z",45.701965,5.883716,2.5,6.75,12.5,90,null
"2018-09-03T00:12:43.000Z",45.701965,5.883716,2.75,6,8.75,67.5,null
"2018-09-03T00:16:43.000Z",45.701965,5.883716,0,4.75,7.75,90,null
"2018-09-03T00:20:47.000Z",45.701965,5.883716,0,2.25,6.5,112.5,null
"2018-09-03T00:24:47.000Z",45.701965,5.883716,1,4,7.75,90,null
"2018-09-03T00:28:47.000Z",45.701965,5.883716,0,3,8,90,null
"2018-09-03T00:32:51.000Z",45.701965,5.883716,0.25,4.25,11,90,null
"2018-09-03T00:36:51.000Z",45.701965,5.883716,3.5,5.5,9,90,null
"2018-09-03T00:40:51.000Z",45.701965,5.883716,2,4.25,7,112.5,null
"2018-09-03T00:44:55.000Z",45.701965,5.883716,2,4,7,112.5,null
"2018-09-03T00:48:55.000Z",45.701965,5.883716,0.75,3.5,7.25,90,null
"2018-09-03T00:52:55.000Z",45.701965,5.883716,2,3.75,5.5,90,null
"2018-09-03T00:56:59.000Z",45.701965,5.883716,0,4.25,9.5,67.5,null
"2018-09-03T01:00:59.000Z",45.701965,5.883716,2,4,6.5,135,null
"2018-09-03T01:04:59.000Z",45.701965,5.883716,2,4.75,6.5,135,null
"2018-09-03T01:09:03.000Z",45.701965,5.883716,1.75,4.5,7,112.5,null
"2018-09-03T01:13:03.000Z",45.701965,5.883716,1.5,4.5,7.25,112.5,null
"2018-09-03T01:17:03.000Z",45.701965,5.883716,2,4.25,6,112.5,null
"2018-09-03T01:21:08.000Z",45.701965,5.883716,1.75,3.75,6,112.5,null
"2018-09-03T01:25:08.000Z",45.701965,5.883716,2.75,4.5,6.25,90,null
"2018-09-03T01:29:08.000Z",45.701965,5.883716,2,4,6,90,null
"2018-09-03T01:33:11.000Z",45.701965,5.883716,1.75,3,4.5,90,null
"2018-09-03T01:37:11.000Z",45.701965,5.883716,2,4.75,7.75,90,null
"2018-09-03T01:41:11.000Z",45.701965,5.883716,0,3.25,7.75,90,null
"2018-09-03T01:45:15.000Z",45.701965,5.883716,0.5,4.75,6.5,112.5,null
"2018-09-03T01:49:15.000Z",45.701965,5.883716,1.75,4,6.5,112.5,null
"2018-09-03T01:53:15.000Z",45.701965,5.883716,3.25,5,8.25,90,null
"2018-09-03T01:57:19.000Z",45.701965,5.883716,1.75,7,12,90,null
"2018-09-03T02:01:19.000Z",45.701965,5.883716,1.75,5.75,12,90,null
"2018-09-03T02:05:19.000Z",45.701965,5.883716,2.5,5.75,8.75,90,null
"2018-09-03T02:09:24.000Z",45.701965,5.883716,2.75,4.75,7.75,112.5,null
"2018-09-03T02:13:24.000Z",45.701965,5.883716,2.5,4.25,6,112.5,null
"2018-09-03T02:17:24.000Z",45.701965,5.883716,2,4,7,112.5,null
"2018-09-03T02:21:28.000Z",45.701965,5.883716,1,4.25,7,90,null
"2018-09-03T02:25:28.000Z",45.701965,5.883716,1.75,5.5,8.75,112.5,null
"2018-09-03T02:29:28.000Z",45.701965,5.883716,2.75,5.25,9,112.5,null
"2018-09-03T02:33:32.000Z",45.701965,5.883716,3.75,6.5,10,112.5,null
"2018-09-03T02:37:32.000Z",45.701965,5.883716,2,4.75,8.75,90,null
"2018-09-03T02:41:32.000Z",45.701965,5.883716,3.75,6.25,10,90,null
"2018-09-03T02:45:35.000Z",45.701965,5.883716,0,4.5,8.75,67.5,null
"2018-09-03T02:49:35.000Z",45.701965,5.883716,0,4,7.75,112.5,null
"2018-09-03T02:53:35.000Z",45.701965,5.883716,2,4.25,6,157.5,null
"2018-09-03T02:57:39.000Z",45.701965,5.883716,3.5,5,6.5,157.5,null
"2018-09-03T03:01:39.000Z",45.701965,5.883716,1.75,4.25,6.5,135,null
"2018-09-03T03:05:39.000Z",45.701965,5.883716,2.75,5.25,8,135,null
"2018-09-03T03:09:44.000Z",45.701965,5.883716,2.75,4.75,6.5,135,null
"2018-09-03T03:13:44.000Z",45.701965,5.883716,1.75,4.5,8.25,157.5,null
"2018-09-03T03:17:44.000Z",45.701965,5.883716,4.5,7,9.75,157.5,null
"2018-09-03T03:21:47.000Z",45.701965,5.883716,3.75,6.25,9,157.5,null
"2018-09-03T03:25:47.000Z",45.701965,5.883716,0.75,3.75,6.5,157.5,null
"2018-09-03T03:29:47.000Z",45.701965,5.883716,0.75,3.5,5.25,157.5,null
"2018-09-03T03:33:51.000Z",45.701965,5.883716,0,3,9,135,null
"2018-09-03T03:37:51.000Z",45.701965,5.883716,3.5,7.5,12.5,90,null
"2018-09-03T03:41:51.000Z",45.701965,5.883716,4.25,8,12,90,null
"2018-09-03T03:45:55.000Z",45.701965,5.883716,3.25,8,15.5,90,null
"2018-09-03T03:49:55.000Z",45.701965,5.883716,1.5,8.25,15.5,90,null
"2018-09-03T03:53:55.000Z",45.701965,5.883716,3.25,7.5,13,90,null
"2018-09-03T03:58:00.000Z",45.701965,5.883716,2.75,8.75,16.5,90,null
"2018-09-03T04:02:00.000Z",45.701965,5.883716,1,4.25,11,135,null
"2018-09-03T04:06:00.000Z",45.701965,5.883716,1.75,5,9.5,112.5,null
"2018-09-03T04:10:03.000Z",45.701965,5.883716,2,5.75,15.5,112.5,null
"2018-09-03T04:14:03.000Z",45.701965,5.883716,0.75,3.5,7,112.5,null
"2018-09-03T04:18:03.000Z",45.701965,5.883716,2.5,4.5,8.25,112.5,null
"2018-09-03T04:22:08.000Z",45.701965,5.883716,2.75,4.75,7.75,112.5,null
"2018-09-03T04:26:08.000Z",45.701965,5.883716,0,2.5,6,112.5,null
"2018-09-03T04:30:08.000Z",45.701965,5.883716,0.75,3.25,4.75,112.5,null
"2018-09-03T04:34:12.000Z",45.701965,5.883716,2,3.75,5.5,112.5,null
"2018-09-03T04:38:12.000Z",45.701965,5.883716,0.75,3.25,4.75,112.5,null
"2018-09-03T04:42:12.000Z",45.701965,5.883716,1,2.75,4.5,112.5,null
"2018-09-03T04:46:16.000Z",45.701965,5.883716,3.25,5.25,7.75,135,null
"2018-09-03T04:50:16.000Z",45.701965,5.883716,1.75,4.25,7.75,112.5,null
"2018-09-03T04:54:16.000Z",45.701965,5.883716,0.75,3.25,6.5,112.5,null
"2018-09-03T04:58:20.000Z",45.701965,5.883716,2.5,4,7.75,112.5,null
"2018-09-03T05:02:20.000Z",45.701965,5.883716,0.75,5,9.5,90,null
"2018-09-03T05:06:20.000Z",45.701965,5.883716,3.25,6.5,10,90,null
"2018-09-03T05:10:24.000Z",45.701965,5.883716,4.5,8.5,13.5,90,null
"2018-09-03T05:14:24.000Z",45.701965,5.883716,1.75,7.25,13.5,90,null
"2018-09-03T05:18:24.000Z",45.701965,5.883716,1.75,5,10,112.5,null
"2018-09-03T05:22:28.000Z",45.701965,5.883716,1.5,6,10,112.5,null
"2018-09-03T05:26:28.000Z",45.701965,5.883716,0.75,3.75,9,157.5,null
"2018-09-03T05:30:28.000Z",45.701965,5.883716,0.75,4.25,7,180,null
"2018-09-03T05:34:33.000Z",45.701965,5.883716,0.25,3.25,9,112.5,null
"2018-09-03T05:38:33.000Z",45.701965,5.883716,0.25,4,9.75,157.5,null
"2018-09-03T05:42:33.000Z",45.701965,5.883716,1,6.25,15.5,157.5,null
"2018-09-03T05:46:36.000Z",45.701965,5.883716,1.75,6.5,14,112.5,null
"2018-09-03T05:50:36.000Z",45.701965,5.883716,0.75,4,8.25,135,null
"2018-09-03T05:54:36.000Z",45.701965,5.883716,0,2.25,6.5,135,null
"2018-09-03T05:58:40.000Z",45.701965,5.883716,0.25,4,8,135,null
"2018-09-03T06:02:40.000Z",45.701965,5.883716,0,2.75,6.5,112.5,null
"2018-09-03T06:06:40.000Z",45.701965,5.883716,0,3,7,135,null
"2018-09-03T06:10:45.000Z",45.701965,5.883716,0,3.25,6.5,112.5,null
"2018-09-03T06:14:45.000Z",45.701965,5.883716,0.75,3,6,90,null
"2018-09-03T06:18:45.000Z",45.701965,5.883716,0.75,2.5,4.5,90,null
"2018-09-03T06:22:49.000Z",45.701965,5.883716,1.5,3.25,5.5,90,null
"2018-09-03T06:26:49.000Z",45.701965,5.883716,0,1.5,4.5,112.5,null
"2018-09-03T06:30:49.000Z",45.701965,5.883716,0,1.25,5.5,157.5,null
"2018-09-03T06:34:52.000Z",45.701965,5.883716,0.75,2.75,5.25,157.5,null
"2018-09-03T06:38:52.000Z",45.701965,5.883716,0,2.25,5.5,157.5,null
"2018-09-03T06:42:52.000Z",45.701965,5.883716,0.25,4.25,9.5,157.5,null
"2018-09-03T06:46:56.000Z",45.701965,5.883716,0,2.5,6.25,157.5,null
"2018-09-03T06:50:56.000Z",45.701965,5.883716,0,2,5.5,135,null
"2018-09-03T06:54:56.000Z",45.701965,5.883716,0,3.5,6.25,157.5,null
"2018-09-03T06:59:01.000Z",45.701965,5.883716,0,3.25,6,157.5,null
"2018-09-03T07:03:01.000Z",45.701965,5.883716,0,3.5,6.25,157.5,null
"2018-09-03T07:07:01.000Z",45.701965,5.883716,0,2.5,6.25,180,null
"2018-09-03T07:11:04.000Z",45.701965,5.883716,0.75,2.25,4.5,180,null
"2018-09-03T07:15:04.000Z",45.701965,5.883716,0,2.75,5.25,157.5,null
"2018-09-03T07:19:04.000Z",45.701965,5.883716,0.25,3,6.25,157.5,null
"2018-09-03T07:23:08.000Z",45.701965,5.883716,0,3,6,180,null
"2018-09-03T07:27:08.000Z",45.701965,5.883716,0.25,4.75,7.25,180,null
"2018-09-03T07:31:08.000Z",45.701965,5.883716,0.75,4.25,6.25,180,null
"2018-09-03T07:35:13.000Z",45.701965,5.883716,0.25,3.75,6.25,180,null
"2018-09-03T07:39:13.000Z",45.701965,5.883716,1.5,4.75,6.5,202.5,null
"2018-09-03T07:43:13.000Z",45.701965,5.883716,0.75,4.75,7.75,202.5,null
"2018-09-03T07:47:17.000Z",45.701965,5.883716,3.25,5.25,7,202.5,null
"2018-09-03T07:51:17.000Z",45.701965,5.883716,1.5,4.5,8.25,202.5,null
"2018-09-03T07:55:17.000Z",45.701965,5.883716,1,3.25,5.5,202.5,null
"2018-09-03T07:59:21.000Z",45.701965,5.883716,1,4,6,202.5,null
"2018-09-03T08:03:21.000Z",45.701965,5.883716,0,2.5,5.25,202.5,null
"2018-09-03T08:07:21.000Z",45.701965,5.883716,0,2,4.5,202.5,null
"2018-09-03T08:11:25.000Z",45.701965,5.883716,0.75,2.5,4.75,202.5,null
"2018-09-03T08:15:25.000Z",45.701965,5.883716,1.75,5.75,8.75,225,null
"2018-09-03T08:19:25.000Z",45.701965,5.883716,4.25,6.25,7.75,247.5,null
"2018-09-03T08:23:28.000Z",45.701965,5.883716,2.5,4.25,6.25,247.5,null
"2018-09-03T08:27:28.000Z",45.701965,5.883716,1,3.75,6,247.5,null
"2018-09-03T08:31:28.000Z",45.701965,5.883716,0,1.25,2.75,270,null
"2018-09-03T08:35:33.000Z",45.701965,5.883716,0,0.25,1.5,270,null
"2018-09-03T08:39:33.000Z",45.701965,5.883716,0,0,1,270,null
"2018-09-03T08:43:33.000Z",45.701965,5.883716,0,3.5,7.25,337.5,null
"2018-09-03T08:47:37.000Z",45.701965,5.883716,5,7,9.5,0,null
"2018-09-03T08:51:37.000Z",45.701965,5.883716,4.25,6.75,9.5,0,null
"2018-09-03T08:55:37.000Z",45.701965,5.883716,4.5,7.25,9.75,0,null
"2018-09-03T08:59:41.000Z",45.701965,5.883716,4.25,8,10.5,0,null
"2018-09-03T09:03:41.000Z",45.701965,5.883716,5.25,8.25,11,0,null
"2018-09-03T09:07:41.000Z",45.701965,5.883716,5.5,8.75,11,0,null
"2018-09-03T09:11:45.000Z",45.701965,5.883716,4.25,7.5,10.5,0,null
"2018-09-03T09:15:45.000Z",45.701965,5.883716,7,10,13,0,null
"2018-09-03T09:19:45.000Z",45.701965,5.883716,7,9.25,12,0,null
"2018-09-03T09:23:49.000Z",45.701965,5.883716,7.25,9.25,12,0,null
"2018-09-03T09:27:49.000Z",45.701965,5.883716,6.5,9.25,11.5,0,null
"2018-09-03T09:31:49.000Z",45.701965,5.883716,7,9.75,12.5,0,null
"2018-09-03T09:35:53.000Z",45.701965,5.883716,6.5,8.5,10.5,0,null
"2018-09-03T09:39:53.000Z",45.701965,5.883716,5.5,7.5,9,0,null
"2018-09-03T09:43:53.000Z",45.701965,5.883716,6.5,8.75,11.5,0,null
"2018-09-03T09:47:57.000Z",45.701965,5.883716,7.75,10,12,0,null
"2018-09-03T09:51:57.000Z",45.701965,5.883716,8.75,11,14,0,null
"2018-09-03T09:55:57.000Z",45.701965,5.883716,9.5,11,13,0,null
"2018-09-03T10:00:02.000Z",45.701965,5.883716,8,11,12.5,337.5,null
"2018-09-03T10:04:02.000Z",45.701965,5.883716,9.5,11.5,14.5,0,null
"2018-09-03T10:08:02.000Z",45.701965,5.883716,8.75,11,13,337.5,null
"2018-09-03T10:12:05.000Z",45.701965,5.883716,10,12.5,15,0,null
"2018-09-03T10:16:05.000Z",45.701965,5.883716,11,13,15,0,null
"2018-09-03T10:20:05.000Z",45.701965,5.883716,9.5,12.5,15.5,0,null
"2018-09-03T10:24:09.000Z",45.701965,5.883716,10,12.5,15,0,null
"2018-09-03T10:28:09.000Z",45.701965,5.883716,9.75,12,14.5,0,null
"2018-09-03T10:32:09.000Z",45.701965,5.883716,9,12,14.5,0,null
"2018-09-03T10:36:14.000Z",45.701965,5.883716,10,12.5,14.5,0,null
"2018-09-03T10:40:14.000Z",45.701965,5.883716,10,13,14.5,337.5,null
"2018-09-03T10:44:14.000Z",45.701965,5.883716,10.5,13,15,337.5,null
"2018-09-03T10:48:17.000Z",45.701965,5.883716,10.5,12.5,14.5,0,null
"2018-09-03T10:52:17.000Z",45.701965,5.883716,12,14,18,0,null
"2018-09-03T10:56:17.000Z",45.701965,5.883716,11.5,14.5,16.5,0,null
"2018-09-03T11:00:21.000Z",45.701965,5.883716,13,15.5,18,0,null
"2018-09-03T11:04:21.000Z",45.701965,5.883716,12.5,15,16.5,337.5,null
"2018-09-03T11:08:21.000Z",45.701965,5.883716,12,14,16.5,337.5,null
"2018-09-03T11:12:25.000Z",45.701965,5.883716,10,12.5,15.5,337.5,null
"2018-09-03T11:16:25.000Z",45.701965,5.883716,9,12,14.5,0,null
"2018-09-03T11:20:25.000Z",45.701965,5.883716,10,12,15,0,null
"2018-09-03T11:24:29.000Z",45.701965,5.883716,11.5,13,15.5,0,null
"2018-09-03T11:28:29.000Z",45.701965,5.883716,11,13,15,0,null
"2018-09-03T11:32:29.000Z",45.701965,5.883716,11,13,15,0,null
"2018-09-03T11:36:34.000Z",45.701965,5.883716,9.5,12,14.5,0,null
"2018-09-03T11:40:34.000Z",45.701965,5.883716,9,11,13,0,null
"2018-09-03T11:44:34.000Z",45.701965,5.883716,8.25,10,13,337.5,null
"2018-09-03T11:48:38.000Z",45.701965,5.883716,8,10,12,337.5,null
"2018-09-03T11:52:38.000Z",45.701965,5.883716,8.75,12,13,337.5,null
"2018-09-03T11:56:38.000Z",45.701965,5.883716,9.5,12,13.5,337.5,null
"2018-09-03T12:00:42.000Z",45.701965,5.883716,9,11.5,13.5,337.5,null
"2018-09-03T12:04:42.000Z",45.701965,5.883716,10,12,14,337.5,null
"2018-09-03T12:08:42.000Z",45.701965,5.883716,9.5,11.5,13.5,337.5,null
"2018-09-03T12:12:46.000Z",45.701965,5.883716,9.5,12,13.5,337.5,null
"2018-09-03T12:16:46.000Z",45.701965,5.883716,9.5,11.5,14,337.5,null
"2018-09-03T12:20:46.000Z",45.701965,5.883716,9.5,11.5,14,337.5,null
"2018-09-03T12:24:49.000Z",45.701965,5.883716,9.5,11.5,13,337.5,null
"2018-09-03T12:28:49.000Z",45.701965,5.883716,8.75,11,12.5,337.5,null
"2018-09-03T12:32:49.000Z",45.701965,5.883716,10.5,11.5,13.5,337.5,null
"2018-09-03T12:36:53.000Z",45.701965,5.883716,9.5,12,14.5,337.5,null
"2018-09-03T12:40:53.000Z",45.701965,5.883716,10,13,15,337.5,null
"2018-09-03T12:44:53.000Z",45.701965,5.883716,8.75,12,14.5,337.5,null
"2018-09-03T12:48:58.000Z",45.701965,5.883716,9.5,11.5,13,337.5,null
"2018-09-03T12:52:58.000Z",45.701965,5.883716,9,11.5,14.5,0,null
"2018-09-03T12:56:58.000Z",45.701965,5.883716,9.5,11.5,13,0,null
"2018-09-03T13:01:02.000Z",45.701965,5.883716,6.5,10.5,12.5,0,null
"2018-09-03T13:05:02.000Z",45.701965,5.883716,7,9.5,11.5,0,null
"2018-09-03T13:09:02.000Z",45.701965,5.883716,7.75,10.5,13,337.5,null
"2018-09-03T13:13:06.000Z",45.701965,5.883716,8,10.5,13,337.5,null
"2018-09-03T13:17:06.000Z",45.701965,5.883716,8.75,10.5,12.5,0,null
"2018-09-03T13:21:06.000Z",45.701965,5.883716,8.75,10.5,13,0,null
"2018-09-03T13:25:10.000Z",45.701965,5.883716,6,9,11.5,0,null
"2018-09-03T13:29:10.000Z",45.701965,5.883716,5.5,7.75,10.5,0,null
"2018-09-03T13:33:10.000Z",45.701965,5.883716,6.25,9,11.5,0,null
"2018-09-03T13:37:14.000Z",45.701965,5.883716,5.25,7.5,9.5,0,null
"2018-09-03T13:41:14.000Z",45.701965,5.883716,6,7.25,8.75,0,null
"2018-09-03T13:45:14.000Z",45.701965,5.883716,5.5,6.75,8,0,null
"2018-09-03T13:49:18.000Z",45.701965,5.883716,2.5,4.25,6.5,0,null
"2018-09-03T13:53:18.000Z",45.701965,5.883716,1.5,2.5,3.75,0,null
"2018-09-03T13:57:18.000Z",45.701965,5.883716,0.75,3.5,7.75,337.5,null
"2018-09-03T14:01:22.000Z",45.701965,5.883716,2.75,4.75,6.5,337.5,null
"2018-09-03T14:05:22.000Z",45.701965,5.883716,2.75,5.25,7.75,337.5,null
"2018-09-03T14:09:22.000Z",45.701965,5.883716,4.5,6.5,8,315,null
"2018-09-03T14:13:27.000Z",45.701965,5.883716,3.25,4.25,5.5,315,null
"2018-09-03T14:17:27.000Z",45.701965,5.883716,0,1.5,4.25,315,null
"2018-09-03T14:21:27.000Z",45.701965,5.883716,0,0,0.75,315,null
"2018-09-03T14:25:30.000Z",45.701965,5.883716,0,0.25,1,315,null
"2018-09-03T14:29:30.000Z",45.701965,5.883716,0,0.5,2,315,null
"2018-09-03T14:33:30.000Z",45.701965,5.883716,0,0.25,1.5,315,null
"2018-09-03T14:37:34.000Z",45.701965,5.883716,0,0,0,315,null
"2018-09-03T14:41:34.000Z",45.701965,5.883716,0,0.75,4.75,247.5,null
"2018-09-03T14:45:34.000Z",45.701965,5.883716,3.75,5.75,8.25,247.5,null
"2018-09-03T14:49:38.000Z",45.701965,5.883716,5.5,7.5,9,247.5,null
"2018-09-03T14:53:38.000Z",45.701965,5.883716,8.75,9.75,11,225,null
"2018-09-03T14:57:38.000Z",45.701965,5.883716,5.25,7.25,9.5,202.5,null
"2018-09-03T15:01:42.000Z",45.701965,5.883716,4.75,6,6.75,225,null
"2018-09-03T15:05:42.000Z",45.701965,5.883716,5.5,6.25,7,225,null
"2018-09-03T15:09:42.000Z",45.701965,5.883716,5.5,6.25,7.25,225,null
"2018-09-03T15:13:46.000Z",45.701965,5.883716,2.5,5,6.25,202.5,null
"2018-09-03T15:17:46.000Z",45.701965,5.883716,2.5,4.5,5.5,202.5,null
"2018-09-03T15:21:46.000Z",45.701965,5.883716,1.5,4.75,6,202.5,null
"2018-09-03T15:25:50.000Z",45.701965,5.883716,2.75,5,6,202.5,null
"2018-09-03T15:29:50.000Z",45.701965,5.883716,1.75,4.75,5.5,202.5,null
"2018-09-03T15:33:50.000Z",45.701965,5.883716,3.75,4.75,5.5,202.5,null
"2018-09-03T15:37:54.000Z",45.701965,5.883716,1,3.75,4.75,202.5,null
"2018-09-03T15:41:54.000Z",45.701965,5.883716,2,4,4.75,202.5,null
"2018-09-03T15:45:54.000Z",45.701965,5.883716,1.5,3.75,5.25,202.5,null
"2018-09-03T15:49:59.000Z",45.701965,5.883716,2.5,5,7,202.5,null
"2018-09-03T15:53:59.000Z",45.701965,5.883716,4.5,6,6.5,202.5,null
"2018-09-03T15:57:59.000Z",45.701965,5.883716,5.25,6.25,7,202.5,null
"2018-09-03T16:02:03.000Z",45.701965,5.883716,6,6.75,7.25,225,null
"2018-09-03T16:06:03.000Z",45.701965,5.883716,4.5,5.5,7,225,null
"2018-09-03T16:10:03.000Z",45.701965,5.883716,4.5,5.5,7,225,null
"2018-09-03T16:14:07.000Z",45.701965,5.883716,3.75,5,6,247.5,null
"2018-09-03T16:18:07.000Z",45.701965,5.883716,1.5,2.75,4.5,247.5,null
"2018-09-03T16:22:07.000Z",45.701965,5.883716,0,0.75,1.75,247.5,null
"2018-09-03T16:26:11.000Z",45.701965,5.883716,0,0,0,247.5,null
"2018-09-03T16:30:11.000Z",45.701965,5.883716,0,2.75,6.5,315,null
"2018-09-03T16:34:11.000Z",45.701965,5.883716,2,4,7,337.5,null
"2018-09-03T16:38:15.000Z",45.701965,5.883716,1.75,2.5,4.5,337.5,null
"2018-09-03T16:42:15.000Z",45.701965,5.883716,2.75,4.25,6,337.5,null
"2018-09-03T16:46:15.000Z",45.701965,5.883716,4.5,5.75,6.5,315,null
"2018-09-03T16:50:18.000Z",45.701965,5.883716,5.25,6,7,337.5,null
"2018-09-03T16:54:18.000Z",45.701965,5.883716,4.75,5.75,7,337.5,null
"2018-09-03T16:58:18.000Z",45.701965,5.883716,4.75,5.5,6,337.5,null
"2018-09-03T17:02:23.000Z",45.701965,5.883716,4.5,6,7,337.5,null
"2018-09-03T17:06:23.000Z",45.701965,5.883716,5.5,7.5,9,0,null
"2018-09-03T17:10:23.000Z",45.701965,5.883716,4.75,7.25,9,22.5,null
"2018-09-03T17:14:26.000Z",45.701965,5.883716,4.75,7.25,9,22.5,null
"2018-09-03T17:18:26.000Z",45.701965,5.883716,5.5,8.25,9.75,0,null
"2018-09-03T17:22:26.000Z",45.701965,5.883716,4.25,6.25,8,0,null
"2018-09-03T17:26:31.000Z",45.701965,5.883716,4.75,7.75,9.75,0,null
"2018-09-03T17:30:31.000Z",45.701965,5.883716,7.75,9,10.5,0,null
"2018-09-03T17:34:31.000Z",45.701965,5.883716,8,9.75,12,0,null
"2018-09-03T17:38:35.000Z",45.701965,5.883716,9.75,11.5,13.5,0,null
"2018-09-03T17:42:35.000Z",45.701965,5.883716,10.5,13,18,337.5,null
"2018-09-03T17:46:35.000Z",45.701965,5.883716,11.5,15,18,337.5,null
"2018-09-03T17:50:39.000Z",45.701965,5.883716,13,15.5,18,337.5,null
"2018-09-03T17:54:39.000Z",45.701965,5.883716,13,16,19,337.5,null
"2018-09-03T17:58:39.000Z",45.701965,5.883716,12,15.5,19,337.5,null
"2018-09-03T18:02:43.000Z",45.701965,5.883716,13,18,22,337.5,null
"2018-09-03T18:06:43.000Z",45.701965,5.883716,15,19,23,337.5,null
"2018-09-03T18:10:43.000Z",45.701965,5.883716,13,16,19,337.5,null
"2018-09-03T18:14:47.000Z",45.701965,5.883716,12,15,18.5,337.5,null
"2018-09-03T18:18:47.000Z",45.701965,5.883716,11.5,14.5,17,337.5,null
"2018-09-03T18:22:47.000Z",45.701965,5.883716,11,13,16.5,337.5,null
"2018-09-03T18:26:51.000Z",45.701965,5.883716,11,13,15.5,337.5,null
"2018-09-03T18:30:51.000Z",45.701965,5.883716,9.5,12,14.5,337.5,null
"2018-09-03T18:34:51.000Z",45.701965,5.883716,6,10,13.5,0,null
"2018-09-03T18:38:55.000Z",45.701965,5.883716,2.75,5.25,9.25,0,null
"2018-09-03T18:42:55.000Z",45.701965,5.883716,2.5,7.25,11,22.5,null
"2018-09-03T18:46:55.000Z",45.701965,5.883716,2.5,4.75,7,0,null
"2018-09-03T18:50:59.000Z",45.701965,5.883716,3.75,9,14,0,null
"2018-09-03T18:54:59.000Z",45.701965,5.883716,8.75,12.5,15.5,0,null
"2018-09-03T18:58:59.000Z",45.701965,5.883716,5.25,11,16.5,0,null
"2018-09-03T19:03:03.000Z",45.701965,5.883716,3.5,7.25,11.5,0,null
"2018-09-03T19:07:03.000Z",45.701965,5.883716,2.75,5.25,7,337.5,null
"2018-09-03T19:11:03.000Z",45.701965,5.883716,0.75,3.75,8.25,0,null
"2018-09-03T19:15:07.000Z",45.701965,5.883716,1.5,4.5,7,22.5,null
"2018-09-03T19:19:07.000Z",45.701965,5.883716,2.75,4.75,7.75,45,null
"2018-09-03T19:23:07.000Z",45.701965,5.883716,2.75,5.5,8,22.5,null
"2018-09-03T19:27:11.000Z",45.701965,5.883716,3.75,6.75,11.5,22.5,null
"2018-09-03T19:31:11.000Z",45.701965,5.883716,6.25,9.25,11.5,0,null
"2018-09-03T19:35:11.000Z",45.701965,5.883716,0,3.75,9.75,22.5,null
"2018-09-03T19:39:16.000Z",45.701965,5.883716,1.75,3,6.25,22.5,null
"2018-09-03T19:43:16.000Z",45.701965,5.883716,1,3.25,5.25,22.5,null
"2018-09-03T19:47:16.000Z",45.701965,5.883716,0.25,3.75,9.5,22.5,null
"2018-09-03T19:51:29.000Z",45.701965,5.883716,0,4.5,10,45,null
"2018-09-03T19:55:29.000Z",45.701965,5.883716,4.25,7.5,11,90,null
"2018-09-03T19:59:29.000Z",45.701965,5.883716,3.5,6,9,67.5,null
"2018-09-03T20:03:34.000Z",45.701965,5.883716,2.5,4.75,7.75,67.5,null
"2018-09-03T20:07:34.000Z",45.701965,5.883716,1.75,3.75,6.25,67.5,null
"2018-09-03T20:11:34.000Z",45.701965,5.883716,2,3.75,5.5,67.5,null
"2018-09-03T20:15:38.000Z",45.701965,5.883716,0.75,3.75,5.5,90,null
"2018-09-03T20:19:38.000Z",45.701965,5.883716,0.25,2.5,4.5,90,null
"2018-09-03T20:23:38.000Z",45.701965,5.883716,2,4.25,7.25,90,null
"2018-09-03T20:27:41.000Z",45.701965,5.883716,2,4.25,7,90,null
"2018-09-03T20:31:41.000Z",45.701965,5.883716,2,4,6.5,67.5,null
"2018-09-03T20:35:41.000Z",45.701965,5.883716,0.25,3.5,5.5,45,null
"2018-09-03T20:39:46.000Z",45.701965,5.883716,1.5,3.25,6,45,null
"2018-09-03T20:43:46.000Z",45.701965,5.883716,1.5,3,5.25,45,null
"2018-09-03T20:47:46.000Z",45.701965,5.883716,1,2.5,3.75,45,null
"2018-09-03T20:51:50.000Z",45.701965,5.883716,3.75,6,8.75,67.5,null
"2018-09-03T20:55:50.000Z",45.701965,5.883716,3.5,5.75,7.75,90,null
"2018-09-03T20:59:50.000Z",45.701965,5.883716,1.5,3.75,5.25,67.5,null
"2018-09-03T21:03:54.000Z",45.701965,5.883716,1.75,3.25,5.5,67.5,null
"2018-09-03T21:07:54.000Z",45.701965,5.883716,2,3.75,5.5,67.5,null
"2018-09-03T21:11:54.000Z",45.701965,5.883716,0,1.75,4.25,67.5,null
"2018-09-03T21:15:58.000Z",45.701965,5.883716,0,1.5,3.25,67.5,null
"2018-09-03T21:19:58.000Z",45.701965,5.883716,1.75,3.5,6.5,67.5,null
"2018-09-03T21:23:58.000Z",45.701965,5.883716,1,4,8,45,null
"2018-09-03T21:28:02.000Z",45.701965,5.883716,2.5,4.5,7.25,45,null
"2018-09-03T21:32:02.000Z",45.701965,5.883716,2.5,5,6.5,67.5,null
"2018-09-03T21:36:02.000Z",45.701965,5.883716,3.25,5.75,9,90,null
"2018-09-03T21:40:06.000Z",45.701965,5.883716,3.25,5.25,8,90,null
"2018-09-03T21:44:06.000Z",45.701965,5.883716,1.75,4.5,7,67.5,null
"2018-09-03T21:48:06.000Z",45.701965,5.883716,1.5,3.75,6.25,90,null
"2018-09-03T21:52:10.000Z",45.701965,5.883716,2,3.5,5.5,90,null
"2018-09-03T21:56:10.000Z",45.701965,5.883716,2.5,5.5,7.75,90,null
"2018-09-03T22:00:10.000Z",45.701965,5.883716,1.5,5.75,9.75,90,null
"2018-09-03T22:04:14.000Z",45.701965,5.883716,1.5,5.5,9,90,null
"2018-09-03T22:08:14.000Z",45.701965,5.883716,1.75,4.5,7,90,null
"2018-09-03T22:12:14.000Z",45.701965,5.883716,2,4.25,6,67.5,null
"2018-09-03T22:16:18.000Z",45.701965,5.883716,1.5,4.25,6,67.5,null
"2018-09-03T22:20:18.000Z",45.701965,5.883716,2.75,4.75,7.75,67.5,null
"2018-09-03T22:24:18.000Z",45.701965,5.883716,2.5,3.75,6,67.5,null
"2018-09-03T22:28:22.000Z",45.701965,5.883716,3.25,4.25,6,67.5,null
"2018-09-03T22:32:22.000Z",45.701965,5.883716,2.75,5,8.75,67.5,null
"2018-09-03T22:36:22.000Z",45.701965,5.883716,1.75,6.75,10,67.5,null
"2018-09-03T22:40:26.000Z",45.701965,5.883716,3.5,5.25,6.5,45,null
"2018-09-03T22:44:26.000Z",45.701965,5.883716,1,2.25,3.5,45,null
"2018-09-03T22:48:26.000Z",45.701965,5.883716,1.5,2.5,4.25,45,null
"2018-09-03T22:52:30.000Z",45.701965,5.883716,1,3,6,45,null
"2018-09-03T22:56:30.000Z",45.701965,5.883716,2.75,4.25,6.5,45,null
"2018-09-03T23:00:30.000Z",45.701965,5.883716,3.5,6.25,8.75,22.5,null
"2018-09-03T23:04:34.000Z",45.701965,5.883716,1,4.5,7.25,22.5,null
"2018-09-03T23:08:34.000Z",45.701965,5.883716,0,1.75,4.25,22.5,null
"2018-09-03T23:12:34.000Z",45.701965,5.883716,0,3,5.25,45,null
"2018-09-03T23:16:38.000Z",45.701965,5.883716,0,0.75,1.75,45,null
"2018-09-03T23:20:38.000Z",45.701965,5.883716,0.25,4.25,8.75,112.5,null
"2018-09-03T23:24:38.000Z",45.701965,5.883716,1.75,5,7.75,112.5,null
"2018-09-03T23:28:42.000Z",45.701965,5.883716,2.75,4.75,7.25,112.5,null
"2018-09-03T23:32:42.000Z",45.701965,5.883716,3.5,6,10.5,112.5,null
"2018-09-03T23:36:42.000Z",45.701965,5.883716,4.25,10,16,90,null
"2018-09-03T23:40:47.000Z",45.701965,5.883716,1,8.5,14.5,90,null
"2018-09-03T23:44:47.000Z",45.701965,5.883716,0,2.75,9,112.5,null
"2018-09-03T23:48:47.000Z",45.701965,5.883716,0,1,4.25,90,null
"2018-09-03T23:52:50.000Z",45.701965,5.883716,0,0.25,1,112.5,null
"2018-09-03T23:56:50.000Z",45.701965,5.883716,0,1.75,4.75,157.5,null
"2018-09-04T00:00:50.000Z",45.701965,5.883716,0,0,1,135,null
"2018-09-04T00:04:54.000Z",45.701965,5.883716,0,0.75,3.5,135,null
"2018-09-04T00:08:54.000Z",45.701965,5.883716,0.25,3,6.25,90,null
"2018-09-04T00:12:54.000Z",45.701965,5.883716,0,0.75,2.5,90,null
"2018-09-04T00:16:58.000Z",45.701965,5.883716,1.75,3.75,5.5,112.5,null
"2018-09-04T00:20:58.000Z",45.701965,5.883716,1.75,4,6.25,90,null
"2018-09-04T00:24:58.000Z",45.701965,5.883716,0.75,3.5,6,90,null
"2018-09-04T00:29:02.000Z",45.701965,5.883716,0.75,3.25,6.25,90,null
"2018-09-04T00:33:02.000Z",45.701965,5.883716,0,1,4.25,112.5,null
"2018-09-04T00:37:02.000Z",45.701965,5.883716,0,2.5,3.75,112.5,null
"2018-09-04T00:41:07.000Z",45.701965,5.883716,0.75,3,4.5,135,null
"2018-09-04T00:45:07.000Z",45.701965,5.883716,1.5,3.5,6,112.5,null
"2018-09-04T00:49:07.000Z",45.701965,5.883716,0.75,3.75,7.25,112.5,null
"2018-09-04T00:53:11.000Z",45.701965,5.883716,0.75,4,7.75,112.5,null
"2018-09-04T00:57:11.000Z",45.701965,5.883716,1,4.75,10,135,null
"2018-09-04T01:01:11.000Z",45.701965,5.883716,2,5.5,9,112.5,null
"2018-09-04T01:05:14.000Z",45.701965,5.883716,3.25,6.25,9.75,135,null
"2018-09-04T01:09:14.000Z",45.701965,5.883716,3.5,6.75,10,112.5,null
"2018-09-04T01:13:14.000Z",45.701965,5.883716,0.25,3.25,6,135,null
"2018-09-04T01:17:18.000Z",45.701965,5.883716,1.5,3,5.25,112.5,null
"2018-09-04T01:21:18.000Z",45.701965,5.883716,1.75,3.25,5.25,135,null
"2018-09-04T01:25:18.000Z",45.701965,5.883716,1,4,6.25,135,null
"2018-09-04T01:29:22.000Z",45.701965,5.883716,1,2.75,4.75,112.5,null
"2018-09-04T01:33:22.000Z",45.701965,5.883716,1.75,4,6.25,112.5,null
"2018-09-04T01:37:22.000Z",45.701965,5.883716,0,4,8.25,112.5,null
"2018-09-04T01:41:27.000Z",45.701965,5.883716,0,3.25,8.75,135,null
"2018-09-04T01:45:27.000Z",45.701965,5.883716,0,5.25,11.5,90,null
"2018-09-04T01:49:27.000Z",45.701965,5.883716,1.75,6.5,11,112.5,null
"2018-09-04T01:53:31.000Z",45.701965,5.883716,2,5.25,10.5,112.5,null
"2018-09-04T01:57:31.000Z",45.701965,5.883716,2.5,5.75,10,112.5,null
"2018-09-04T02:01:31.000Z",45.701965,5.883716,2,6.25,11.5,112.5,null
"2018-09-04T02:05:35.000Z",45.701965,5.883716,1.75,5.25,9,112.5,null
"2018-09-04T02:09:35.000Z",45.701965,5.883716,1.75,5,8.75,135,null
"2018-09-04T02:13:35.000Z",45.701965,5.883716,0.25,2.75,5.5,135,null
"2018-09-04T02:17:39.000Z",45.701965,5.883716,0.75,3.5,6.5,135,null
"2018-09-04T02:21:39.000Z",45.701965,5.883716,0.75,4.5,8.25,135,null
"2018-09-04T02:25:39.000Z",45.701965,5.883716,0,5,10.5,112.5,null
"2018-09-04T02:29:42.000Z",45.701965,5.883716,2,6.25,12,112.5,null
"2018-09-04T02:33:42.000Z",45.701965,5.883716,0.25,5,11,112.5,null
"2018-09-04T02:37:42.000Z",45.701965,5.883716,1,4.75,8.75,157.5,null
"2018-09-04T02:41:47.000Z",45.701965,5.883716,0,4.25,12,157.5,null
"2018-09-04T02:45:47.000Z",45.701965,5.883716,0,5.25,12,135,null
"2018-09-04T02:49:47.000Z",45.701965,5.883716,0.75,4,9,135,null
"2018-09-04T02:53:50.000Z",45.701965,5.883716,1.5,4,7.75,112.5,null
"2018-09-04T02:57:50.000Z",45.701965,5.883716,0.25,4,13.5,157.5,null
"2018-09-04T03:01:50.000Z",45.701965,5.883716,1.5,5,9,180,null
"2018-09-04T03:05:55.000Z",45.701965,5.883716,0,5.5,10,180,null
"2018-09-04T03:09:55.000Z",45.701965,5.883716,0,2,7,112.5,null
"2018-09-04T03:13:55.000Z",45.701965,5.883716,0,4.25,9.75,135,null
"2018-09-04T03:17:59.000Z",45.701965,5.883716,0,1.25,4.75,135,null
"2018-09-04T03:21:59.000Z",45.701965,5.883716,1.75,4,6.25,135,null
"2018-09-04T03:25:59.000Z",45.701965,5.883716,1.5,4,6.5,135,null
"2018-09-04T03:30:03.000Z",45.701965,5.883716,1,3.5,7,135,null
"2018-09-04T03:34:03.000Z",45.701965,5.883716,0,4.75,9,135,null
"2018-09-04T03:38:03.000Z",45.701965,5.883716,2.5,5.75,11,135,null
"2018-09-04T03:42:08.000Z",45.701965,5.883716,1.5,5.25,9.5,157.5,null
"2018-09-04T03:46:08.000Z",45.701965,5.883716,1.5,5.25,12,157.5,null
"2018-09-04T03:50:08.000Z",45.701965,5.883716,0,5,10.5,157.5,null
"2018-09-04T03:54:11.000Z",45.701965,5.883716,1,6.75,13,157.5,null
"2018-09-04T03:58:11.000Z",45.701965,5.883716,0,3.5,10,112.5,null
"2018-09-04T04:02:11.000Z",45.701965,5.883716,0,3.5,9.75,112.5,null
"2018-09-04T04:06:15.000Z",45.701965,5.883716,1,5,11,90,null
"2018-09-04T04:10:15.000Z",45.701965,5.883716,3.5,7,12.5,90,null
"2018-09-04T04:14:15.000Z",45.701965,5.883716,0.25,5.25,9.75,67.5,null
"2018-09-04T04:18:19.000Z",45.701965,5.883716,0.25,2.5,5.25,112.5,null
"2018-09-04T04:22:19.000Z",45.701965,5.883716,1.5,3.5,6.5,112.5,null
"2018-09-04T04:26:19.000Z",45.701965,5.883716,0.75,3.75,6.25,112.5,null
"2018-09-04T04:30:23.000Z",45.701965,5.883716,0,3.5,7,112.5,null
"2018-09-04T04:34:23.000Z",45.701965,5.883716,1.75,4.25,7,112.5,null
"2018-09-04T04:38:23.000Z",45.701965,5.883716,1.75,4.25,7.25,112.5,null
"2018-09-04T04:42:28.000Z",45.701965,5.883716,0.25,3.5,7.75,135,null
"2018-09-04T04:46:28.000Z",45.701965,5.883716,1.5,3.75,7,135,null
"2018-09-04T04:50:28.000Z",45.701965,5.883716,2,4.75,8.25,157.5,null
"2018-09-04T04:54:32.000Z",45.701965,5.883716,2.5,5.25,7.75,157.5,null
"2018-09-04T04:58:32.000Z",45.701965,5.883716,0.75,4.25,7.25,135,null
"2018-09-04T05:02:32.000Z",45.701965,5.883716,2.5,5.25,11.5,112.5,null
"2018-09-04T05:06:36.000Z",45.701965,5.883716,1.75,4.5,7.25,135,null
"2018-09-04T05:10:36.000Z",45.701965,5.883716,1.75,4.5,7.75,112.5,null
"2018-09-04T05:14:36.000Z",45.701965,5.883716,2,5.5,11,90,null
"2018-09-04T05:18:39.000Z",45.701965,5.883716,3.5,7.75,13,90,null
"2018-09-04T05:22:39.000Z",45.701965,5.883716,2,6.5,10,90,null
"2018-09-04T05:26:39.000Z",45.701965,5.883716,2.5,6,10.5,112.5,null
"2018-09-04T05:30:44.000Z",45.701965,5.883716,2,6.25,10.5,112.5,null
"2018-09-04T05:34:44.000Z",45.701965,5.883716,1.75,5.25,8.25,112.5,null
"2018-09-04T05:38:44.000Z",45.701965,5.883716,3.25,5.25,9.75,112.5,null
"2018-09-04T05:42:48.000Z",45.701965,5.883716,2.75,5.5,7.75,112.5,null
"2018-09-04T05:46:48.000Z",45.701965,5.883716,1.75,4.75,7.25,112.5,null
"2018-09-04T05:50:48.000Z",45.701965,5.883716,2.5,6.25,11,112.5,null
"2018-09-04T05:54:52.000Z",45.701965,5.883716,1.5,6.5,11.5,112.5,null
"2018-09-04T05:58:52.000Z",45.701965,5.883716,3.25,6.75,11,112.5,null
"2018-09-04T06:02:52.000Z",45.701965,5.883716,1.75,5.5,10,90,null
"2018-09-04T06:06:55.000Z",45.701965,5.883716,1.75,6.25,12,90,null
"2018-09-04T06:10:55.000Z",45.701965,5.883716,1,5.75,12,90,null
"2018-09-04T06:14:55.000Z",45.701965,5.883716,2.5,5.5,8.25,112.5,null
"2018-09-04T06:19:00.000Z",45.701965,5.883716,2.5,6,9.75,67.5,null
"2018-09-04T06:23:00.000Z",45.701965,5.883716,1.75,4,6.5,67.5,null
"2018-09-04T06:27:00.000Z",45.701965,5.883716,0.25,2,4.5,90,null
"2018-09-04T06:31:03.000Z",45.701965,5.883716,2.5,4.25,6.5,90,null
"2018-09-04T06:35:03.000Z",45.701965,5.883716,1,3.5,7,90,null
"2018-09-04T06:39:03.000Z",45.701965,5.883716,0,0.75,3.25,180,null
"2018-09-04T06:43:08.000Z",45.701965,5.883716,0,0.75,2.5,180,null
"2018-09-04T06:47:08.000Z",45.701965,5.883716,0,1,4.75,112.5,null
"2018-09-04T06:51:08.000Z",45.701965,5.883716,0.75,6.75,13,90,null
"2018-09-04T06:55:12.000Z",45.701965,5.883716,0.25,5.25,12.5,90,null
"2018-09-04T06:59:12.000Z",45.701965,5.883716,1.5,9.25,15.5,90,null
"2018-09-04T07:03:12.000Z",45.701965,5.883716,0.25,6.25,12,135,null
"2018-09-04T07:07:15.000Z",45.701965,5.883716,0.75,5.75,10.5,157.5,null
"2018-09-04T07:11:15.000Z",45.701965,5.883716,6,10,15.5,180,null
"2018-09-04T07:15:15.000Z",45.701965,5.883716,2,9.25,14,180,null
"2018-09-04T07:19:20.000Z",45.701965,5.883716,2,9.5,14.5,180,null
"2018-09-04T07:23:20.000Z",45.701965,5.883716,2.5,7.5,13,180,null
"2018-09-04T07:27:20.000Z",45.701965,5.883716,0.75,6,12,157.5,null
"2018-09-04T07:31:24.000Z",45.701965,5.883716,0,5.5,9.75,157.5,null
"2018-09-04T07:35:24.000Z",45.701965,5.883716,1.5,6,10.5,180,null
"2018-09-04T07:39:24.000Z",45.701965,5.883716,0,6.5,12,180,null
"2018-09-04T07:43:28.000Z",45.701965,5.883716,4.5,8.25,13,202.5,null
"2018-09-04T07:47:28.000Z",45.701965,5.883716,3.25,9,13,202.5,null
"2018-09-04T07:51:28.000Z",45.701965,5.883716,4.25,8.75,12,180,null
"2018-09-04T07:55:32.000Z",45.701965,5.883716,4.5,8.75,12,180,null
"2018-09-04T07:59:32.000Z",45.701965,5.883716,5.25,8.25,11,180,null
"2018-09-04T08:03:32.000Z",45.701965,5.883716,4.75,8.5,11.5,202.5,null
"2018-09-04T08:07:36.000Z",45.701965,5.883716,6,9,12,202.5,null
"2018-09-04T08:11:36.000Z",45.701965,5.883716,6.5,9.75,12,202.5,null
"2018-09-04T08:15:36.000Z",45.701965,5.883716,4.25,10,14.5,202.5,null
"2018-09-04T08:19:40.000Z",45.701965,5.883716,7.75,9.75,12,225,null
"2018-09-04T08:23:40.000Z",45.701965,5.883716,5.25,7.75,11.5,202.5,null
"2018-09-04T08:27:40.000Z",45.701965,5.883716,3.25,6.5,8.25,202.5,null
"2018-09-04T08:31:44.000Z",45.701965,5.883716,0,5.25,9.5,202.5,null
"2018-09-04T08:35:44.000Z",45.701965,5.883716,5.5,7.75,10.5,202.5,null
"2018-09-04T08:39:44.000Z",45.701965,5.883716,3.75,7.75,9.75,202.5,null
"2018-09-04T08:43:49.000Z",45.701965,5.883716,7,9.25,11.5,225,null
"2018-09-04T08:47:49.000Z",45.701965,5.883716,5.25,7.75,10,202.5,null
"2018-09-04T08:51:49.000Z",45.701965,5.883716,6,8.25,10,225,null
"2018-09-04T08:55:52.000Z",45.701965,5.883716,7,9,10.5,225,null
"2018-09-04T08:59:52.000Z",45.701965,5.883716,6.25,8,9.75,247.5,null
"2018-09-04T09:03:52.000Z",45.701965,5.883716,1.75,6.75,10,225,null
"2018-09-04T09:07:56.000Z",45.701965,5.883716,4.5,6.5,9,247.5,null
"2018-09-04T09:11:56.000Z",45.701965,5.883716,6.5,8.5,10,247.5,null
"2018-09-04T09:15:56.000Z",45.701965,5.883716,3.5,5.5,7.25,247.5,null
"2018-09-04T09:20:00.000Z",45.701965,5.883716,2.75,4.25,5.25,247.5,null
"2018-09-04T09:24:00.000Z",45.701965,5.883716,1.75,3.25,4.5,247.5,null
"2018-09-04T09:28:00.000Z",45.701965,5.883716,2.5,3.75,4.75,247.5,null
"2018-09-04T09:32:04.000Z",45.701965,5.883716,2.75,3.75,4.75,247.5,null
"2018-09-04T09:36:04.000Z",45.701965,5.883716,2.5,3.25,4.75,247.5,null
"2018-09-04T09:40:04.000Z",45.701965,5.883716,2.75,4.25,6,247.5,null
"2018-09-04T09:44:09.000Z",45.701965,5.883716,2,4,5.25,247.5,null
"2018-09-04T09:48:09.000Z",45.701965,5.883716,0.25,2.5,4.5,247.5,null
"2018-09-04T09:52:09.000Z",45.701965,5.883716,0,1.5,2.75,225,null
"2018-09-04T09:56:13.000Z",45.701965,5.883716,0.25,1.75,3.75,225,null
"2018-09-04T10:00:13.000Z",45.701965,5.883716,0,2.25,4.25,225,null
"2018-09-04T10:04:13.000Z",45.701965,5.883716,1.75,3.25,4.75,225,null
"2018-09-04T10:08:17.000Z",45.701965,5.883716,1.5,2.5,3.75,225,null
"2018-09-04T10:12:17.000Z",45.701965,5.883716,2.5,3.75,4.75,225,null
"2018-09-04T10:16:17.000Z",45.701965,5.883716,2.5,3.5,5.25,225,null
"2018-09-04T10:20:21.000Z",45.701965,5.883716,2.5,3.25,4.5,247.5,null
"2018-09-04T10:24:21.000Z",45.701965,5.883716,1.75,3.25,4.75,247.5,null
"2018-09-04T10:28:21.000Z",45.701965,5.883716,1.5,2.5,5.25,270,null
"2018-09-04T10:32:24.000Z",45.701965,5.883716,1.5,2,2.75,270,null
"2018-09-04T10:36:24.000Z",45.701965,5.883716,1.75,3.25,4.75,315,null
"2018-09-04T10:40:24.000Z",45.701965,5.883716,2.75,5.25,7.75,315,null
"2018-09-04T10:44:29.000Z",45.701965,5.883716,4.25,6.75,8.75,337.5,null
"2018-09-04T10:48:29.000Z",45.701965,5.883716,5.5,7.5,10,337.5,null
"2018-09-04T10:52:29.000Z",45.701965,5.883716,6,7.75,9.5,337.5,null
"2018-09-04T10:56:33.000Z",45.701965,5.883716,8.25,10.5,12,337.5,null
"2018-09-04T11:00:33.000Z",45.701965,5.883716,9,11,12.5,337.5,null
"2018-09-04T11:04:33.000Z",45.701965,5.883716,9,11,13,337.5,null
"2018-09-04T11:08:36.000Z",45.701965,5.883716,10.5,12,13,337.5,null
"2018-09-04T11:12:36.000Z",45.701965,5.883716,10,13,14.5,337.5,null
"2018-09-04T11:16:36.000Z",45.701965,5.883716,9.5,12,13.5,337.5,null
"2018-09-04T11:20:41.000Z",45.701965,5.883716,10,12,14,337.5,null
"2018-09-04T11:24:41.000Z",45.701965,5.883716,10,12.5,14,337.5,null
"2018-09-04T11:28:41.000Z",45.701965,5.883716,10,12.5,15,0,null
"2018-09-04T11:32:44.000Z",45.701965,5.883716,12.5,14.5,15.5,0,null
"2018-09-04T11:36:44.000Z",45.701965,5.883716,11,13,14.5,0,null
"2018-09-04T11:40:44.000Z",45.701965,5.883716,10,12,13,0,null
"2018-09-04T11:44:49.000Z",45.701965,5.883716,10.5,12.5,14,0,null
"2018-09-04T11:48:49.000Z",45.701965,5.883716,8.25,10,12,337.5,null
"2018-09-04T11:52:49.000Z",45.701965,5.883716,8.25,9.75,11,337.5,null
"2018-09-04T11:56:53.000Z",45.701965,5.883716,8,9,10,337.5,null
"2018-09-04T12:00:53.000Z",45.701965,5.883716,8,9,9.75,337.5,null
"2018-09-04T12:04:53.000Z",45.701965,5.883716,7.75,9.75,11,337.5,null
"2018-09-04T12:08:57.000Z",45.701965,5.883716,8.25,9.75,11,0,null
"2018-09-04T12:12:57.000Z",45.701965,5.883716,7.25,8.5,9.75,0,null
"2018-09-04T12:16:57.000Z",45.701965,5.883716,6.25,8.5,9.75,0,null
"2018-09-04T12:21:01.000Z",45.701965,5.883716,4.25,5.25,6.5,0,null
"2018-09-04T12:25:01.000Z",45.701965,5.883716,3.75,6,7.75,337.5,null
"2018-09-04T12:29:01.000Z",45.701965,5.883716,6.25,8.25,9.75,315,null
"2018-09-04T12:33:05.000Z",45.701965,5.883716,7,8.75,9.75,315,null
"2018-09-04T12:37:05.000Z",45.701965,5.883716,5.5,8.75,10.5,337.5,null
"2018-09-04T12:41:05.000Z",45.701965,5.883716,8,9.25,10,337.5,null
"2018-09-04T12:45:09.000Z",45.701965,5.883716,4.75,6.25,8.25,337.5,null
"2018-09-04T12:49:09.000Z",45.701965,5.883716,5.5,7.5,8.25,337.5,null
"2018-09-04T12:53:09.000Z",45.701965,5.883716,5.5,6.75,7.75,337.5,null
"2018-09-04T12:57:13.000Z",45.701965,5.883716,6.25,8,9.75,292.5,null
"2018-09-04T13:01:13.000Z",45.701965,5.883716,7,7.75,8.25,292.5,null
"2018-09-04T13:05:13.000Z",45.701965,5.883716,7,8.25,9.5,292.5,null
"2018-09-04T13:09:17.000Z",45.701965,5.883716,6.25,8,9.75,292.5,null
"2018-09-04T13:13:17.000Z",45.701965,5.883716,5.5,6.75,7.75,292.5,null
"2018-09-04T13:17:17.000Z",45.701965,5.883716,4.75,6.5,7.25,315,null
"2018-09-04T13:21:21.000Z",45.701965,5.883716,5.25,6.75,7.75,315,null
"2018-09-04T13:25:21.000Z",45.701965,5.883716,4.75,6.25,7,315,null
"2018-09-04T13:29:21.000Z",45.701965,5.883716,4.75,5.75,6.5,315,null
"2018-09-04T13:33:26.000Z",45.701965,5.883716,3.25,4.25,5.5,315,null
"2018-09-04T13:37:26.000Z",45.701965,5.883716,2.75,3.75,4.75,337.5,null
"2018-09-04T13:41:26.000Z",45.701965,5.883716,3.5,4.25,4.75,337.5,null
"2018-09-04T13:45:29.000Z",45.701965,5.883716,2,3,3.75,337.5,null
"2018-09-04T13:49:29.000Z",45.701965,5.883716,2,3.25,4.25,337.5,null
"2018-09-04T13:53:29.000Z",45.701965,5.883716,4.25,4.5,5.5,315,null
"2018-09-04T13:57:34.000Z",45.701965,5.883716,2.5,4.25,5.5,315,null
"2018-09-04T14:01:34.000Z",45.701965,5.883716,3.25,4,4.75,315,null
"2018-09-04T14:05:34.000Z",45.701965,5.883716,2.75,3.5,3.75,315,null
"2018-09-04T14:09:38.000Z",45.701965,5.883716,2.5,3.25,4.25,315,null
"2018-09-04T14:13:38.000Z",45.701965,5.883716,2.75,5.25,6.5,315,null
"2018-09-04T14:17:38.000Z",45.701965,5.883716,5.5,6.5,7.25,337.5,null
"2018-09-04T14:21:42.000Z",45.701965,5.883716,6.5,7.5,8.75,337.5,null
"2018-09-04T14:25:42.000Z",45.701965,5.883716,4.5,6.5,9,337.5,null
"2018-09-04T14:29:42.000Z",45.701965,5.883716,2.5,3.5,4.75,337.5,null
"2018-09-04T14:33:45.000Z",45.701965,5.883716,2.75,3.5,4.25,337.5,null
"2018-09-04T14:37:45.000Z",45.701965,5.883716,1.75,3,4.25,337.5,null
"2018-09-04T14:41:45.000Z",45.701965,5.883716,1.5,2,2.75,337.5,null
"2018-09-04T14:45:50.000Z",45.701965,5.883716,2,3.25,4.75,337.5,null
"2018-09-04T14:49:50.000Z",45.701965,5.883716,3.5,5.25,6.5,315,null
"2018-09-04T14:53:50.000Z",45.701965,5.883716,3.5,4.5,6,315,null
"2018-09-04T14:57:54.000Z",45.701965,5.883716,4.75,6.25,7.25,315,null
"2018-09-04T15:01:54.000Z",45.701965,5.883716,5.5,6.75,7.75,337.5,null
"2018-09-04T15:05:54.000Z",45.701965,5.883716,3.75,5.25,6.25,337.5,null
"2018-09-04T15:09:57.000Z",45.701965,5.883716,3.75,5,6.25,0,null
"2018-09-04T15:13:57.000Z",45.701965,5.883716,2.5,4.25,4.75,0,null
"2018-09-04T15:17:57.000Z",45.701965,5.883716,0,0.75,3.25,0,null
"2018-09-04T15:22:02.000Z",45.701965,5.883716,0,0.25,2.5,315,null
"2018-09-04T15:26:02.000Z",45.701965,5.883716,2.5,4.5,6.25,270,null
"2018-09-04T15:30:02.000Z",45.701965,5.883716,2,2.5,3.25,270,null
"2018-09-04T15:34:06.000Z",45.701965,5.883716,1,2,2.75,270,null
"2018-09-04T15:38:06.000Z",45.701965,5.883716,1.5,3.5,5.5,315,null
"2018-09-04T15:42:06.000Z",45.701965,5.883716,1.5,2.5,3.5,315,null
"2018-09-04T15:46:10.000Z",45.701965,5.883716,0.25,2.25,5.25,292.5,null
"2018-09-04T15:50:10.000Z",45.701965,5.883716,2.75,4,4.75,247.5,null
"2018-09-04T15:54:10.000Z",45.701965,5.883716,0,1.25,3.25,247.5,null
"2018-09-04T15:58:14.000Z",45.701965,5.883716,0.75,2.5,4.75,270,null
"2018-09-04T16:02:14.000Z",45.701965,5.883716,2,4,6,292.5,null
"2018-09-04T16:06:14.000Z",45.701965,5.883716,0,1.75,5.5,225,null
"2018-09-04T16:10:17.000Z",45.701965,5.883716,0,1.5,5,202.5,null
"2018-09-04T16:14:17.000Z",45.701965,5.883716,0,0.75,2.75,202.5,null
"2018-09-04T16:18:17.000Z",45.701965,5.883716,1.75,2.75,3.5,225,null
"2018-09-04T16:22:22.000Z",45.701965,5.883716,0.75,1.75,3,202.5,null
"2018-09-04T16:26:22.000Z",45.701965,5.883716,0.25,2.25,4.5,202.5,null
"2018-09-04T16:30:22.000Z",45.701965,5.883716,0,1.75,6,225,null
"2018-09-04T16:34:26.000Z",45.701965,5.883716,3.25,4.25,5.25,225,null
"2018-09-04T16:38:26.000Z",45.701965,5.883716,0.75,2,3.5,247.5,null
"2018-09-04T16:42:26.000Z",45.701965,5.883716,0,1.75,4.5,315,null
"2018-09-04T16:46:30.000Z",45.701965,5.883716,0,1.5,4.25,315,null
"2018-09-04T16:50:30.000Z",45.701965,5.883716,0,1.25,3.25,315,null
"2018-09-04T16:54:30.000Z",45.701965,5.883716,0.25,2,3.25,315,null
"2018-09-04T16:58:34.000Z",45.701965,5.883716,0.75,2,3.75,315,null
"2018-09-04T17:02:34.000Z",45.701965,5.883716,0,1.25,3.25,337.5,null
"2018-09-04T17:06:34.000Z",45.701965,5.883716,0,1.25,2.75,337.5,null
"2018-09-04T17:10:38.000Z",45.701965,5.883716,0,2,10,315,null
"2018-09-04T17:14:38.000Z",45.701965,5.883716,0.25,6.25,13,292.5,null
"2018-09-04T17:18:38.000Z",45.701965,5.883716,5.5,8.5,12,292.5,null
"2018-09-04T17:22:42.000Z",45.701965,5.883716,2,4.5,7,315,null
"2018-09-04T17:26:42.000Z",45.701965,5.883716,2.75,7,10.5,315,null
"2018-09-04T17:30:42.000Z",45.701965,5.883716,0.25,3.75,8,337.5,null
"2018-09-04T17:34:46.000Z",45.701965,5.883716,0,1.75,8,315,null
"2018-09-04T17:38:46.000Z",45.701965,5.883716,4.25,13.5,18,270,null
"2018-09-04T17:42:46.000Z",45.701965,5.883716,3.25,7.25,14.5,292.5,null
"2018-09-04T17:46:50.000Z",45.701965,5.883716,3.25,5.5,9.75,292.5,null
"2018-09-04T17:50:50.000Z",45.701965,5.883716,6.25,9.25,12.5,270,null
"2018-09-04T17:54:50.000Z",45.701965,5.883716,5.25,9.25,17,315,null
"2018-09-04T17:58:54.000Z",45.701965,5.883716,8,11.5,15.5,292.5,null
"2018-09-04T18:02:54.000Z",45.701965,5.883716,14,16.5,18.5,270,null
"2018-09-04T18:06:54.000Z",45.701965,5.883716,12,17,21,292.5,null
"2018-09-04T18:10:58.000Z",45.701965,5.883716,12.5,15.5,19,292.5,null
"2018-09-04T18:14:58.000Z",45.701965,5.883716,13,16.5,19,270,null
"2018-09-04T18:18:58.000Z",45.701965,5.883716,8.75,14,18.5,292.5,null
"2018-09-04T18:23:02.000Z",45.701965,5.883716,11.5,15.5,19,292.5,null
"2018-09-04T18:27:02.000Z",45.701965,5.883716,11,15,19,292.5,null
"2018-09-04T18:31:02.000Z",45.701965,5.883716,9.5,15,19.5,292.5,null
"2018-09-04T18:35:07.000Z",45.701965,5.883716,10,16.5,20.5,270,null
"2018-09-04T18:39:07.000Z",45.701965,5.883716,10.5,16,22,292.5,null
"2018-09-04T18:43:07.000Z",45.701965,5.883716,9.5,14.5,19.5,292.5,null
"2018-09-04T18:47:10.000Z",45.701965,5.883716,8.25,16.5,23,292.5,null
"2018-09-04T18:51:10.000Z",45.701965,5.883716,4.5,10,16.5,270,null
"2018-09-04T18:55:10.000Z",45.701965,5.883716,0,0.75,6.25,292.5,null
"2018-09-04T18:59:14.000Z",45.701965,5.883716,0,1,3.5,337.5,null
"2018-09-04T19:03:14.000Z",45.701965,5.883716,0.75,2.25,4.5,337.5,null
"2018-09-04T19:07:14.000Z",45.701965,5.883716,0,1,4.5,22.5,null
"2018-09-04T19:11:19.000Z",45.701965,5.883716,1.75,4.25,7.25,67.5,null
"2018-09-04T19:15:19.000Z",45.701965,5.883716,2,3.5,5.5,90,null
"2018-09-04T19:19:19.000Z",45.701965,5.883716,2.75,4.5,8,112.5,null
"2018-09-04T19:23:23.000Z",45.701965,5.883716,2.5,3.75,6,112.5,null
"2018-09-04T19:27:23.000Z",45.701965,5.883716,1.75,4,6.5,90,null
"2018-09-04T19:31:23.000Z",45.701965,5.883716,2.75,5.5,7.25,90,null
"2018-09-04T19:35:26.000Z",45.701965,5.883716,3.25,4.5,6,90,null
"2018-09-04T19:39:26.000Z",45.701965,5.883716,0,2.75,5.5,90,null
"2018-09-04T19:43:26.000Z",45.701965,5.883716,0,0.75,2.5,90,null
"2018-09-04T19:48:20.000Z",45.701965,5.883716,0,0,0.25,90,null
"2018-09-04T19:52:20.000Z",45.701965,5.883716,0,0,0,90,null
"2018-09-04T19:56:20.000Z",45.701965,5.883716,0,0.5,1.75,90,null
"2018-09-04T20:00:25.000Z",45.701965,5.883716,0,0.25,1.5,90,null
"2018-09-04T20:04:25.000Z",45.701965,5.883716,0.75,3,6.25,112.5,null
"2018-09-04T20:08:25.000Z",45.701965,5.883716,4.25,5.25,6.25,112.5,null
"2018-09-04T20:12:29.000Z",45.701965,5.883716,3.75,6.25,10,90,null
"2018-09-04T20:16:29.000Z",45.701965,5.883716,2.75,5,8.25,90,null
"2018-09-04T20:20:29.000Z",45.701965,5.883716,2,3.5,5.25,90,null
"2018-09-04T20:24:33.000Z",45.701965,5.883716,1,2.25,3.5,90,null
"2018-09-04T20:28:33.000Z",45.701965,5.883716,2,4.25,7.75,90,null
"2018-09-04T20:32:33.000Z",45.701965,5.883716,1.5,5,9.5,90,null
"2018-09-04T20:36:37.000Z",45.701965,5.883716,1.5,5,9,90,null
"2018-09-04T20:40:37.000Z",45.701965,5.883716,2.5,4.75,7.25,90,null
"2018-09-04T20:44:37.000Z",45.701965,5.883716,3.25,5,6.5,90,null
"2018-09-04T20:48:40.000Z",45.701965,5.883716,2.5,4.25,6.5,90,null
"2018-09-04T20:52:40.000Z",45.701965,5.883716,2.5,4.5,6.25,90,null
"2018-09-04T20:56:40.000Z",45.701965,5.883716,1.75,3.25,5.5,90,null
"2018-09-04T21:00:45.000Z",45.701965,5.883716,0.25,2.25,4.25,90,null
"2018-09-04T21:04:45.000Z",45.701965,5.883716,1,2.75,6,90,null
"2018-09-04T21:08:45.000Z",45.701965,5.883716,1.75,2.5,3.75,90,null
"2018-09-04T21:12:49.000Z",45.701965,5.883716,1.5,2.75,4.5,90,null
"2018-09-04T21:16:49.000Z",45.701965,5.883716,1.5,3,4.25,90,null
"2018-09-04T21:20:49.000Z",45.701965,5.883716,0.25,2,3.75,90,null
"2018-09-04T21:24:53.000Z",45.701965,5.883716,0.75,2.5,3.5,90,null
"2018-09-04T21:28:53.000Z",45.701965,5.883716,0,0.5,2.75,90,null
"2018-09-04T21:32:53.000Z",45.701965,5.883716,0,1.25,2.75,90,null
"2018-09-04T21:36:57.000Z",45.701965,5.883716,0.5,2.5,3.5,90,null
"2018-09-04T21:40:57.000Z",45.701965,5.883716,2,3.25,4.25,90,null
"2018-09-04T21:44:57.000Z",45.701965,5.883716,1.75,3.5,4.5,90,null
"2018-09-04T21:49:01.000Z",45.701965,5.883716,2.5,3.5,4.75,90,null
"2018-09-04T21:53:01.000Z",45.701965,5.883716,2.75,4,5.25,90,null
"2018-09-04T21:57:01.000Z",45.701965,5.883716,1.75,3.75,5.5,90,null
"2018-09-04T22:01:05.000Z",45.701965,5.883716,1.75,3.5,5.5,90,null
"2018-09-04T22:05:05.000Z",45.701965,5.883716,2,3.25,6,90,null
"2018-09-04T22:09:05.000Z",45.701965,5.883716,1,3.5,6,90,null
"2018-09-04T22:13:10.000Z",45.701965,5.883716,2,4,6,90,null
"2018-09-04T22:17:10.000Z",45.701965,5.883716,1.5,4,6.5,90,null
"2018-09-04T22:21:10.000Z",45.701965,5.883716,2.5,3.75,4.75,90,null
"2018-09-04T22:25:13.000Z",45.701965,5.883716,2.75,4,4.75,90,null
"2018-09-04T22:29:13.000Z",45.701965,5.883716,1.75,2.75,3.75,90,null
"2018-09-04T22:33:13.000Z",45.701965,5.883716,0.25,2,4.5,90,null
"2018-09-04T22:37:17.000Z",45.701965,5.883716,1.5,2.25,3.75,90,null
"2018-09-04T22:41:17.000Z",45.701965,5.883716,0.75,2.75,4.5,112.5,null
"2018-09-04T22:45:17.000Z",45.701965,5.883716,3.25,5.5,7.25,112.5,null
"2018-09-04T22:49:22.000Z",45.701965,5.883716,2,4.25,8,112.5,null
"2018-09-04T22:53:22.000Z",45.701965,5.883716,1.75,3.5,6.5,112.5,null
"2018-09-04T22:57:22.000Z",45.701965,5.883716,3.25,5.5,8.25,112.5,null
"2018-09-04T23:01:25.000Z",45.701965,5.883716,1,5,9.75,135,null
"2018-09-04T23:05:25.000Z",45.701965,5.883716,1,3.5,6.5,157.5,null
"2018-09-04T23:09:25.000Z",45.701965,5.883716,1.75,3.25,5.5,157.5,null
"2018-09-04T23:13:30.000Z",45.701965,5.883716,0,2.5,4.75,157.5,null
"2018-09-04T23:17:30.000Z",45.701965,5.883716,1.75,3.5,5.25,157.5,null
"2018-09-04T23:21:30.000Z",45.701965,5.883716,0,1.75,4.5,135,null
"2018-09-04T23:25:34.000Z",45.701965,5.883716,1,2.5,4.5,135,null
"2018-09-04T23:29:34.000Z",45.701965,5.883716,0.25,2,4.25,135,null
"2018-09-04T23:33:34.000Z",45.701965,5.883716,1.5,2.75,5.5,135,null
"2018-09-04T23:37:37.000Z",45.701965,5.883716,0.25,2.25,6,112.5,null
"2018-09-04T23:41:37.000Z",45.701965,5.883716,0,3,7,112.5,null
"2018-09-04T23:45:37.000Z",45.701965,5.883716,0,2,5.25,135,null
"2018-09-04T23:49:42.000Z",45.701965,5.883716,1,3.25,5.25,135,null
"2018-09-04T23:53:42.000Z",45.701965,5.883716,0,2.5,6.5,135,null
"2018-09-04T23:57:42.000Z",45.701965,5.883716,2,5.25,9,112.5,null
"2018-09-05T00:01:46.000Z",45.701965,5.883716,0.75,4.25,8,135,null
"2018-09-05T00:05:46.000Z",45.701965,5.883716,1.5,4.75,10,135,null
"2018-09-05T00:09:46.000Z",45.701965,5.883716,0.75,4,8,157.5,null
"2018-09-05T00:13:49.000Z",45.701965,5.883716,0,3,8,135,null
"2018-09-05T00:17:49.000Z",45.701965,5.883716,0.75,3.75,6.5,112.5,null
"2018-09-05T00:21:49.000Z",45.701965,5.883716,1.5,4,7.75,112.5,null
"2018-09-05T00:25:54.000Z",45.701965,5.883716,1.5,5.25,8.75,90,null
"2018-09-05T00:29:54.000Z",45.701965,5.883716,0.75,3,6.25,112.5,null
"2018-09-05T00:33:54.000Z",45.701965,5.883716,1.75,4.75,8.25,135,null
"2018-09-05T00:37:57.000Z",45.701965,5.883716,1,3.5,7.25,112.5,null
"2018-09-05T00:41:57.000Z",45.701965,5.883716,0.75,4,9,112.5,null
"2018-09-05T00:45:57.000Z",45.701965,5.883716,1,4,6.5,112.5,null
"2018-09-05T00:50:02.000Z",45.701965,5.883716,1.75,5,8.75,112.5,null
"2018-09-05T00:54:02.000Z",45.701965,5.883716,1.5,4.25,8,135,null
"2018-09-05T00:58:02.000Z",45.701965,5.883716,0,3.75,8.75,135,null
"2018-09-05T01:02:06.000Z",45.701965,5.883716,0.75,3.25,8,135,null
"2018-09-05T01:06:06.000Z",45.701965,5.883716,1.5,5,10,135,null
"2018-09-05T01:10:06.000Z",45.701965,5.883716,0.75,3.75,9.5,112.5,null
"2018-09-05T01:14:10.000Z",45.701965,5.883716,1,3.5,7.25,135,null
"2018-09-05T01:18:10.000Z",45.701965,5.883716,0,3.25,6.25,157.5,null
"2018-09-05T01:22:10.000Z",45.701965,5.883716,0,3,7,135,null
"2018-09-05T01:26:14.000Z",45.701965,5.883716,0,3.25,8,135,null
"2018-09-05T01:30:14.000Z",45.701965,5.883716,0.25,4.25,8,135,null
"2018-09-05T01:34:14.000Z",45.701965,5.883716,0.75,2.75,6.5,157.5,null
"2018-09-05T01:38:18.000Z",45.701965,5.883716,0,2.25,5.5,157.5,null
"2018-09-05T01:42:18.000Z",45.701965,5.883716,0.25,3.5,7,135,null
"2018-09-05T01:46:18.000Z",45.701965,5.883716,0.75,4,7,135,null
"2018-09-05T01:50:22.000Z",45.701965,5.883716,0,1.5,5.5,135,null
"2018-09-05T01:54:22.000Z",45.701965,5.883716,0,3.5,11,135,null
"2018-09-05T01:58:22.000Z",45.701965,5.883716,1,4.75,10,112.5,null
"2018-09-05T02:02:26.000Z",45.701965,5.883716,1.75,5.25,9.5,112.5,null
"2018-09-05T02:06:26.000Z",45.701965,5.883716,1.75,5.25,10.5,112.5,null
"2018-09-05T02:10:26.000Z",45.701965,5.883716,0,3.25,8.75,112.5,null
"2018-09-05T02:14:31.000Z",45.701965,5.883716,1.75,4.25,8.75,135,null
"2018-09-05T02:18:31.000Z",45.701965,5.883716,0,4.75,8.75,157.5,null
"2018-09-05T02:22:31.000Z",45.701965,5.883716,0,4,7,135,null
"2018-09-05T02:26:34.000Z",45.701965,5.883716,0.25,4.5,9,157.5,null
"2018-09-05T02:30:34.000Z",45.701965,5.883716,1,4.75,9.75,157.5,null
"2018-09-05T02:34:34.000Z",45.701965,5.883716,1.5,4.25,8.25,135,null
"2018-09-05T02:38:39.000Z",45.701965,5.883716,0,3.25,8.75,135,null
"2018-09-05T02:42:39.000Z",45.701965,5.883716,0.25,3.25,7.25,135,null
"2018-09-05T02:46:39.000Z",45.701965,5.883716,1,3,7.25,135,null
"2018-09-05T02:50:42.000Z",45.701965,5.883716,1.5,5.5,10,112.5,null
"2018-09-05T02:54:42.000Z",45.701965,5.883716,1,5.5,9.5,112.5,null
"2018-09-05T02:58:42.000Z",45.701965,5.883716,1.75,4.5,8.75,112.5,null
"2018-09-05T03:02:46.000Z",45.701965,5.883716,1.75,6.5,11,90,null
"2018-09-05T03:06:46.000Z",45.701965,5.883716,0.75,3.25,6,135,null
"2018-09-05T03:10:46.000Z",45.701965,5.883716,2,4.5,7.25,112.5,null
"2018-09-05T03:14:50.000Z",45.701965,5.883716,1.5,4.5,7,112.5,null
"2018-09-05T03:18:50.000Z",45.701965,5.883716,0.25,3.75,8.25,135,null
"2018-09-05T03:22:50.000Z",45.701965,5.883716,1.5,4.25,7.25,135,null
"2018-09-05T03:26:55.000Z",45.701965,5.883716,1.75,7,18,90,null
"2018-09-05T03:30:55.000Z",45.701965,5.883716,2.75,7.75,13.5,90,null
"2018-09-05T03:34:55.000Z",45.701965,5.883716,1.5,5.75,11,112.5,null
"2018-09-05T03:38:59.000Z",45.701965,5.883716,2.5,5.25,12,135,null
"2018-09-05T03:42:59.000Z",45.701965,5.883716,1.75,5.25,9.75,112.5,null
"2018-09-05T03:46:59.000Z",45.701965,5.883716,3.5,8.25,13,112.5,null
"2018-09-05T03:51:03.000Z",45.701965,5.883716,3.75,7.25,10.5,112.5,null
"2018-09-05T03:55:03.000Z",45.701965,5.883716,2.75,6.5,11,112.5,null
"2018-09-05T03:59:03.000Z",45.701965,5.883716,2,7,12.5,135,null
"2018-09-05T04:03:07.000Z",45.701965,5.883716,0,4.75,10.5,135,null
"2018-09-05T04:07:07.000Z",45.701965,5.883716,0.25,4.75,9.75,157.5,null
"2018-09-05T04:11:07.000Z",45.701965,5.883716,0.75,4.5,8.75,135,null
"2018-09-05T04:15:11.000Z",45.701965,5.883716,0,3.5,10.5,135,null
"2018-09-05T04:19:11.000Z",45.701965,5.883716,0.25,5,11.5,90,null
"2018-09-05T04:23:11.000Z",45.701965,5.883716,0.75,5.5,12,112.5,null
"2018-09-05T04:27:14.000Z",45.701965,5.883716,1.75,7.5,19,112.5,null
"2018-09-05T04:31:14.000Z",45.701965,5.883716,0.25,4.5,9.5,157.5,null
"2018-09-05T04:35:14.000Z",45.701965,5.883716,2,7,12.5,157.5,null
"2018-09-05T04:39:19.000Z",45.701965,5.883716,1.5,5.5,9.5,157.5,null
"2018-09-05T04:43:19.000Z",45.701965,5.883716,1,5.25,10,157.5,null
"2018-09-05T04:47:19.000Z",45.701965,5.883716,3.5,7.5,12,180,null
"2018-09-05T04:51:23.000Z",45.701965,5.883716,2,6.25,11,157.5,null
"2018-09-05T04:55:23.000Z",45.701965,5.883716,0,5,13,157.5,null
"2018-09-05T04:59:23.000Z",45.701965,5.883716,0,4.25,10.5,157.5,null
"2018-09-05T05:03:27.000Z",45.701965,5.883716,1.75,6,11,157.5,null
"2018-09-05T05:07:27.000Z",45.701965,5.883716,1.5,5.75,11,157.5,null
"2018-09-05T05:11:27.000Z",45.701965,5.883716,0,4,9.5,157.5,null
"2018-09-05T05:15:30.000Z",45.701965,5.883716,0,4.5,11,135,null
"2018-09-05T05:19:30.000Z",45.701965,5.883716,0,4.25,8.75,135,null
"2018-09-05T05:23:30.000Z",45.701965,5.883716,1.75,4.5,8.25,157.5,null
"2018-09-05T05:27:35.000Z",45.701965,5.883716,0.75,4.5,9.5,157.5,null
"2018-09-05T05:31:35.000Z",45.701965,5.883716,0,3.75,7.75,157.5,null
"2018-09-05T05:35:35.000Z",45.701965,5.883716,0,3.75,10,135,null
"2018-09-05T05:39:39.000Z",45.701965,5.883716,0,4.25,12,157.5,null
"2018-09-05T05:43:39.000Z",45.701965,5.883716,0.25,3.5,7,157.5,null
"2018-09-05T05:47:39.000Z",45.701965,5.883716,0,4.5,9,157.5,null
"2018-09-05T05:51:43.000Z",45.701965,5.883716,0,4.75,9.5,135,null
"2018-09-05T05:55:43.000Z",45.701965,5.883716,0.25,4.75,12.5,135,null
"2018-09-05T05:59:43.000Z",45.701965,5.883716,0.25,5.5,10.5,157.5,null
"2018-09-05T06:03:47.000Z",45.701965,5.883716,2.5,6.25,9.75,157.5,null
"2018-09-05T06:07:47.000Z",45.701965,5.883716,0,4,11,157.5,null
"2018-09-05T06:11:47.000Z",45.701965,5.883716,0,3,8.25,157.5,null
"2018-09-05T06:15:52.000Z",45.701965,5.883716,0.75,5.75,9.75,157.5,null
"2018-09-05T06:19:52.000Z",45.701965,5.883716,0,2.25,7,157.5,null
"2018-09-05T06:23:52.000Z",45.701965,5.883716,0,4,9,157.5,null
"2018-09-05T06:27:55.000Z",45.701965,5.883716,1.5,3.75,7.75,157.5,null
"2018-09-05T06:31:55.000Z",45.701965,5.883716,0,3.5,7.25,157.5,null
"2018-09-05T06:35:55.000Z",45.701965,5.883716,0.75,3.25,8.75,157.5,null
"2018-09-05T06:40:00.000Z",45.701965,5.883716,0,1.75,6.25,135,null
"2018-09-05T06:44:00.000Z",45.701965,5.883716,0,2.75,9,157.5,null
"2018-09-05T06:48:00.000Z",45.701965,5.883716,0,4,9.75,180,null
"2018-09-05T06:52:03.000Z",45.701965,5.883716,0.25,3.75,9,157.5,null
"2018-09-05T06:56:03.000Z",45.701965,5.883716,0,5,12,157.5,null
"2018-09-05T07:00:03.000Z",45.701965,5.883716,2.75,8.5,14.5,180,null
"2018-09-05T07:04:07.000Z",45.701965,5.883716,2.75,8.75,14,180,null
"2018-09-05T07:08:07.000Z",45.701965,5.883716,0,4.75,14,135,null
"2018-09-05T07:12:07.000Z",45.701965,5.883716,0.25,6.25,14,135,null
"2018-09-05T07:16:12.000Z",45.701965,5.883716,2.5,7.25,14.5,135,null
"2018-09-05T07:20:12.000Z",45.701965,5.883716,0,5.75,15.5,90,null
"2018-09-05T07:24:12.000Z",45.701965,5.883716,0,6,12,90,null
"2018-09-05T07:28:15.000Z",45.701965,5.883716,0.25,5,9.5,135,null
"2018-09-05T07:32:15.000Z",45.701965,5.883716,0,3.75,8.25,157.5,null
"2018-09-05T07:36:15.000Z",45.701965,5.883716,0,2.75,9,157.5,null
"2018-09-05T07:40:20.000Z",45.701965,5.883716,2,6,10,180,null
"2018-09-05T07:44:20.000Z",45.701965,5.883716,2.5,7.75,12,180,null
"2018-09-05T07:48:20.000Z",45.701965,5.883716,1.75,7.25,13.5,180,null
"2018-09-05T07:52:23.000Z",45.701965,5.883716,0.75,5.5,9.75,202.5,null
"2018-09-05T07:56:23.000Z",45.701965,5.883716,1,6,11,180,null
"2018-09-05T08:00:23.000Z",45.701965,5.883716,6,9.25,11,202.5,null
"2018-09-05T08:04:28.000Z",45.701965,5.883716,1.5,7.5,10,202.5,null
"2018-09-05T08:08:28.000Z",45.701965,5.883716,3.75,7.25,9.75,202.5,null
"2018-09-05T08:12:28.000Z",45.701965,5.883716,2.75,6.25,8.25,202.5,null
"2018-09-05T08:16:32.000Z",45.701965,5.883716,2.5,6.75,9,202.5,null
"2018-09-05T08:20:32.000Z",45.701965,5.883716,4.75,8.25,10,202.5,null
"2018-09-05T08:24:32.000Z",45.701965,5.883716,2.5,7.75,9.75,202.5,null
"2018-09-05T08:28:36.000Z",45.701965,5.883716,3.25,8,10.5,202.5,null
"2018-09-05T08:32:36.000Z",45.701965,5.883716,5.25,10,12,202.5,null
"2018-09-05T08:36:36.000Z",45.701965,5.883716,7,10,12,202.5,null
"2018-09-05T08:40:40.000Z",45.701965,5.883716,7.25,10.5,13,202.5,null
"2018-09-05T08:44:40.000Z",45.701965,5.883716,4.25,10,13,202.5,null
"2018-09-05T08:48:40.000Z",45.701965,5.883716,2.75,10,12.5,202.5,null
"2018-09-05T08:52:44.000Z",45.701965,5.883716,5.5,10.5,13,202.5,null
"2018-09-05T08:56:44.000Z",45.701965,5.883716,6,9.75,12,202.5,null
"2018-09-05T09:00:44.000Z",45.701965,5.883716,6.5,9.5,11.5,202.5,null
"2018-09-05T09:04:48.000Z",45.701965,5.883716,5.25,8.75,10.5,202.5,null
"2018-09-05T09:08:48.000Z",45.701965,5.883716,6.25,8.25,10,202.5,null
"2018-09-05T09:12:48.000Z",45.701965,5.883716,7.25,9,11,202.5,null
"2018-09-05T09:16:52.000Z",45.701965,5.883716,3.5,8.75,11,202.5,null
"2018-09-05T09:20:52.000Z",45.701965,5.883716,8,10,12,202.5,null
"2018-09-05T09:24:52.000Z",45.701965,5.883716,4.25,9,11,202.5,null
"2018-09-05T09:28:55.000Z",45.701965,5.883716,4.5,8.75,10.5,202.5,null
"2018-09-05T09:32:55.000Z",45.701965,5.883716,3.5,8,9.75,202.5,null
"2018-09-05T09:36:55.000Z",45.701965,5.883716,4.25,8.25,10,202.5,null
"2018-09-05T09:41:00.000Z",45.701965,5.883716,3.25,8,10.5,202.5,null
"2018-09-05T09:45:00.000Z",45.701965,5.883716,7.25,8.75,10.5,202.5,null
"2018-09-05T09:49:00.000Z",45.701965,5.883716,7.75,8.75,9.75,202.5,null
"2018-09-05T09:53:04.000Z",45.701965,5.883716,3.75,7,8.75,202.5,null
"2018-09-05T09:57:04.000Z",45.701965,5.883716,4.75,6.75,8,202.5,null
"2018-09-05T10:01:04.000Z",45.701965,5.883716,4.5,6.75,8.25,202.5,null
"2018-09-05T10:05:08.000Z",45.701965,5.883716,5.25,7,8.25,202.5,null
"2018-09-05T10:09:08.000Z",45.701965,5.883716,5.25,7.25,8.25,202.5,null
"2018-09-05T10:13:08.000Z",45.701965,5.883716,3.75,7.25,8.25,202.5,null
"2018-09-05T10:17:12.000Z",45.701965,5.883716,6.25,7.5,8.25,202.5,null
"2018-09-05T10:21:12.000Z",45.701965,5.883716,6,6.75,8,225,null
"2018-09-05T10:25:12.000Z",45.701965,5.883716,5.25,6.25,7,225,null
"2018-09-05T10:29:17.000Z",45.701965,5.883716,6.25,7.25,8.75,225,null
"2018-09-05T10:33:17.000Z",45.701965,5.883716,6.5,7.75,8.75,225,null
"2018-09-05T10:37:17.000Z",45.701965,5.883716,6.5,7.5,8.75,225,null
"2018-09-05T10:41:20.000Z",45.701965,5.883716,6.5,7.75,8.75,225,null
"2018-09-05T10:45:20.000Z",45.701965,5.883716,6.25,7,8,225,null
"2018-09-05T10:49:20.000Z",45.701965,5.883716,5.5,6.75,7.75,225,null
"2018-09-05T10:53:25.000Z",45.701965,5.883716,6.5,7.25,8,225,null
"2018-09-05T10:57:25.000Z",45.701965,5.883716,4.25,6,7.75,202.5,null
"2018-09-05T11:01:25.000Z",45.701965,5.883716,4.5,5.5,6.5,225,null
"2018-09-05T11:05:28.000Z",45.701965,5.883716,6,6.75,7.75,225,null
"2018-09-05T11:09:28.000Z",45.701965,5.883716,3.5,6,7.75,202.5,null
"2018-09-05T11:13:28.000Z",45.701965,5.883716,5.25,5.75,6.25,202.5,null
"2018-09-05T11:17:32.000Z",45.701965,5.883716,5.5,6.25,7,225,null
"2018-09-05T11:21:32.000Z",45.701965,5.883716,3.5,6,7,225,null
"2018-09-05T11:25:32.000Z",45.701965,5.883716,2.5,4.75,6,202.5,null
"2018-09-05T11:29:37.000Z",45.701965,5.883716,3.75,5.25,6,225,null
"2018-09-05T11:33:37.000Z",45.701965,5.883716,3.75,4.5,5.5,225,null
"2018-09-05T11:37:37.000Z",45.701965,5.883716,2.5,3.25,4.5,225,null
"2018-09-05T11:41:40.000Z",45.701965,5.883716,1.75,2.5,3.5,225,null
"2018-09-05T11:45:40.000Z",45.701965,5.883716,2,2.5,3.25,225,null
"2018-09-05T11:49:40.000Z",45.701965,5.883716,0.75,1.5,2.5,225,null
"2018-09-05T11:53:44.000Z",45.701965,5.883716,0,0.75,1.5,225,null
"2018-09-05T11:57:44.000Z",45.701965,5.883716,0,0,0,247.5,null
"2018-09-05T12:01:44.000Z",45.701965,5.883716,0,0,0,247.5,null
"2018-09-05T12:05:49.000Z",45.701965,5.883716,0,0,0,247.5,null
"2018-09-05T12:09:49.000Z",45.701965,5.883716,0,0,0,247.5,null
"2018-09-05T12:13:49.000Z",45.701965,5.883716,0,2.25,3.75,315,null
"2018-09-05T12:17:53.000Z",45.701965,5.883716,3.75,5.5,7,337.5,null
"2018-09-05T12:21:53.000Z",45.701965,5.883716,4.5,5.5,6.25,337.5,null
"2018-09-05T12:25:53.000Z",45.701965,5.883716,4.5,5.25,6,337.5,null
"2018-09-05T12:29:57.000Z",45.701965,5.883716,3.75,4.5,5.5,337.5,null
"2018-09-05T12:33:57.000Z",45.701965,5.883716,2.75,4,4.75,337.5,null
"2018-09-05T12:37:57.000Z",45.701965,5.883716,2,3.25,4.5,337.5,null
"2018-09-05T12:42:00.000Z",45.701965,5.883716,3.25,4.25,5.5,337.5,null
"2018-09-05T12:46:00.000Z",45.701965,5.883716,1.5,4.75,7.25,292.5,null
"2018-09-05T12:50:00.000Z",45.701965,5.883716,4.5,6,7.25,292.5,null
"2018-09-05T12:54:04.000Z",45.701965,5.883716,4.25,5,6.25,315,null
"2018-09-05T12:58:04.000Z",45.701965,5.883716,4.25,4.5,4.75,315,null
"2018-09-05T13:02:04.000Z",45.701965,5.883716,4.25,4.75,5.5,315,null
"2018-09-05T13:06:09.000Z",45.701965,5.883716,4.25,5.25,6,315,null
"2018-09-05T13:10:09.000Z",45.701965,5.883716,2.5,3.75,4.5,315,null
"2018-09-05T13:14:09.000Z",45.701965,5.883716,2.75,4,7.25,315,null
"2018-09-05T13:18:13.000Z",45.701965,5.883716,3.5,5.5,7,315,null
"2018-09-05T13:22:13.000Z",45.701965,5.883716,2.75,3.5,4.5,315,null
"2018-09-05T13:26:13.000Z",45.701965,5.883716,2.75,4,5.5,315,null
"2018-09-05T13:30:17.000Z",45.701965,5.883716,4.5,5.5,6.5,315,null
"2018-09-05T13:34:17.000Z",45.701965,5.883716,4.5,6,7.25,337.5,null
"2018-09-05T13:38:17.000Z",45.701965,5.883716,5.5,6.5,7.25,0,null
"2018-09-05T13:42:21.000Z",45.701965,5.883716,4.5,6,7.25,0,null
"2018-09-05T13:46:21.000Z",45.701965,5.883716,4.25,5,5.5,0,null
"2018-09-05T13:50:21.000Z",45.701965,5.883716,4.5,5.25,6,0,null
"2018-09-05T13:54:25.000Z",45.701965,5.883716,5.5,6.25,7,0,null
"2018-09-05T13:58:25.000Z",45.701965,5.883716,4.25,5,6,0,null
"2018-09-05T14:02:25.000Z",45.701965,5.883716,5.25,6,6.25,0,null
"2018-09-05T14:06:29.000Z",45.701965,5.883716,5.25,5.75,6.25,0,null
"2018-09-05T14:10:29.000Z",45.701965,5.883716,4.25,4.75,5.25,0,null
"2018-09-05T14:14:29.000Z",45.701965,5.883716,3.25,4.5,6,0,null
"2018-09-05T14:18:32.000Z",45.701965,5.883716,2.5,3.5,4.5,0,null
"2018-09-05T14:22:32.000Z",45.701965,5.883716,0,1.5,3.25,0,null
"2018-09-05T14:26:32.000Z",45.701965,5.883716,0,0,0,0,null
"2018-09-05T14:30:37.000Z",45.701965,5.883716,0,0,0,0,null
"2018-09-05T14:34:37.000Z",45.701965,5.883716,0,2.5,4.5,0,null
"2018-09-05T14:38:37.000Z",45.701965,5.883716,2.75,3.75,4.5,0,null
"2018-09-05T14:42:41.000Z",45.701965,5.883716,1.75,3,3.75,0,null
"2018-09-05T14:46:41.000Z",45.701965,5.883716,1,2.75,3.75,0,null
"2018-09-05T14:50:41.000Z",45.701965,5.883716,0.25,1.5,2.5,0,null
"2018-09-05T14:54:45.000Z",45.701965,5.883716,0.75,2.5,4.25,0,null
"2018-09-05T14:58:45.000Z",45.701965,5.883716,2.75,3.75,4.75,337.5,null
"2018-09-05T15:02:45.000Z",45.701965,5.883716,4.25,6,7.25,337.5,null
"2018-09-05T15:06:49.000Z",45.701965,5.883716,5.25,6,7,337.5,null
"2018-09-05T15:10:49.000Z",45.701965,5.883716,4.5,5.75,7,337.5,null
"2018-09-05T15:14:49.000Z",45.701965,5.883716,2.75,5.5,6.5,337.5,null
"2018-09-05T15:18:54.000Z",45.701965,5.883716,3.5,6.75,8.75,0,null
"2018-09-05T15:22:54.000Z",45.701965,5.883716,3.5,6,7.75,0,null
"2018-09-05T15:26:54.000Z",45.701965,5.883716,5.5,7,8,0,null
"2018-09-05T15:30:57.000Z",45.701965,5.883716,6.25,7.25,8,0,null
"2018-09-05T15:34:57.000Z",45.701965,5.883716,5.5,6.75,7.75,0,null
"2018-09-05T15:38:57.000Z",45.701965,5.883716,6.25,7.5,8.25,0,null
"2018-09-05T15:43:02.000Z",45.701965,5.883716,6,7,8.25,337.5,null
"2018-09-05T15:47:02.000Z",45.701965,5.883716,5.25,5.75,6.5,337.5,null
"2018-09-05T15:51:02.000Z",45.701965,5.883716,4.5,5.25,6.25,337.5,null
"2018-09-05T15:55:05.000Z",45.701965,5.883716,4.75,5.5,6,337.5,null
"2018-09-05T15:59:05.000Z",45.701965,5.883716,5.25,5.75,6.5,337.5,null
"2018-09-05T16:03:05.000Z",45.701965,5.883716,6,6.5,7.25,337.5,null
"2018-09-05T16:07:09.000Z",45.701965,5.883716,4.75,5.75,6.5,337.5,null
"2018-09-05T16:11:09.000Z",45.701965,5.883716,3.25,4.25,5.25,337.5,null
"2018-09-05T16:15:09.000Z",45.701965,5.883716,2.75,4.25,5.5,337.5,null
"2018-09-05T16:19:14.000Z",45.701965,5.883716,3.25,4.75,7.25,337.5,null
"2018-09-05T16:23:14.000Z",45.701965,5.883716,3.5,4.75,6,337.5,null
"2018-09-05T16:27:14.000Z",45.701965,5.883716,3.25,4.25,6,337.5,null
"2018-09-05T16:31:17.000Z",45.701965,5.883716,1,3.5,5.75,337.5,null
"2018-09-05T16:35:17.000Z",45.701965,5.883716,2.5,5.25,6.5,337.5,null
"2018-09-05T16:39:17.000Z",45.701965,5.883716,4.75,5.5,6.5,337.5,null
"2018-09-05T16:43:22.000Z",45.701965,5.883716,5.25,7.25,8.75,315,null
"2018-09-05T16:47:22.000Z",45.701965,5.883716,3.75,5.5,8,315,null
"2018-09-05T16:51:22.000Z",45.701965,5.883716,2.5,4,5.5,315,null
"2018-09-05T16:55:26.000Z",45.701965,5.883716,2,3.5,5.25,337.5,null
"2018-09-05T16:59:26.000Z",45.701965,5.883716,1.5,3,4.5,337.5,null
"2018-09-05T17:03:26.000Z",45.701965,5.883716,1,2.25,4.5,0,null
"2018-09-05T17:07:30.000Z",45.701965,5.883716,2.75,3.75,4.75,0,null
"2018-09-05T17:11:30.000Z",45.701965,5.883716,2,3.5,4.75,0,null
"2018-09-05T17:15:30.000Z",45.701965,5.883716,1.5,2.75,4.25,0,null
"2018-09-05T17:19:34.000Z",45.701965,5.883716,0.25,1.75,3.5,0,null
"2018-09-05T17:23:34.000Z",45.701965,5.883716,0,1.25,2.75,0,null
"2018-09-05T17:27:34.000Z",45.701965,5.883716,0.25,3,4.5,0,null
"2018-09-05T17:31:37.000Z",45.701965,5.883716,3.5,5.5,7.75,337.5,null
"2018-09-05T17:35:37.000Z",45.701965,5.883716,3.5,5,7,337.5,null
"2018-09-05T17:39:37.000Z",45.701965,5.883716,0.25,1.75,4.25,337.5,null
"2018-09-05T17:43:41.000Z",45.701965,5.883716,1,4.25,6.25,337.5,null
"2018-09-05T17:47:41.000Z",45.701965,5.883716,0,2.5,4.75,337.5,null
"2018-09-05T17:51:41.000Z",45.701965,5.883716,0,0,1.5,337.5,null
"2018-09-05T17:55:46.000Z",45.701965,5.883716,0,0.5,2,337.5,null
"2018-09-05T17:59:46.000Z",45.701965,5.883716,0.75,1.25,2,337.5,null
"2018-09-05T18:03:46.000Z",45.701965,5.883716,0,0.25,1.75,337.5,null
"2018-09-05T18:07:49.000Z",45.701965,5.883716,0,0,0,0,null
"2018-09-05T18:11:49.000Z",45.701965,5.883716,0,0,0,0,null
"2018-09-05T18:15:49.000Z",45.701965,5.883716,0,0,0,0,null
"2018-09-05T18:19:54.000Z",45.701965,5.883716,0,0.75,2.75,0,null
"2018-09-05T18:23:54.000Z",45.701965,5.883716,0,1.75,2.75,0,null
"2018-09-05T18:27:54.000Z",45.701965,5.883716,0,0.5,2.5,0,null
"2018-09-05T18:31:58.000Z",45.701965,5.883716,0,2.25,6,247.5,null
"2018-09-05T18:35:58.000Z",45.701965,5.883716,0,0.25,1.5,225,null
"2018-09-05T18:39:58.000Z",45.701965,5.883716,0,0.5,2.5,202.5,null
"2018-09-05T18:44:02.000Z",45.701965,5.883716,1,2,3.75,202.5,null
"2018-09-05T18:48:02.000Z",45.701965,5.883716,0.75,2.25,4.75,180,null
"2018-09-05T18:52:02.000Z",45.701965,5.883716,0,1.5,5.5,180,null
"2018-09-05T18:56:06.000Z",45.701965,5.883716,2,5,7.25,157.5,null
"2018-09-05T19:00:06.000Z",45.701965,5.883716,0.25,3.75,7.75,180,null
"2018-09-05T19:04:06.000Z",45.701965,5.883716,3.75,6.5,8,180,null
"2018-09-05T19:08:10.000Z",45.701965,5.883716,1.5,4.25,7,180,null
"2018-09-05T19:12:10.000Z",45.701965,5.883716,0,1,4.25,180,null
"2018-09-05T19:16:10.000Z",45.701965,5.883716,0,2,5.25,135,null
"2018-09-05T19:20:14.000Z",45.701965,5.883716,0,1,3.25,135,null
"2018-09-05T19:24:14.000Z",45.701965,5.883716,0.25,2,2.75,135,null
"2018-09-05T19:28:14.000Z",45.701965,5.883716,1.5,2.75,4.5,135,null
"2018-09-05T19:32:18.000Z",45.701965,5.883716,1.75,4,6,135,null
"2018-09-05T19:36:18.000Z",45.701965,5.883716,2,4.5,7.75,112.5,null
"2018-09-05T19:40:18.000Z",45.701965,5.883716,1,3.5,6.5,90,null
"2018-09-05T19:44:30.000Z",45.701965,5.883716,0.75,2,3.75,112.5,null
"2018-09-05T19:48:30.000Z",45.701965,5.883716,1.75,3,4.25,112.5,null
"2018-09-05T19:52:30.000Z",45.701965,5.883716,2,3,4.25,112.5,null
"2018-09-05T19:56:35.000Z",45.701965,5.883716,2,4,5.5,112.5,null
"2018-09-05T20:00:35.000Z",45.701965,5.883716,1.75,3.5,6,112.5,null
"2018-09-05T20:04:35.000Z",45.701965,5.883716,0.25,2,3.5,112.5,null
"2018-09-05T20:08:39.000Z",45.701965,5.883716,0.25,2,4.5,112.5,null
"2018-09-05T20:12:39.000Z",45.701965,5.883716,0.75,2.75,3.75,112.5,null
"2018-09-05T20:16:39.000Z",45.701965,5.883716,0,1.5,4.5,112.5,null
"2018-09-05T20:20:42.000Z",45.701965,5.883716,0.25,3.25,5.5,135,null
"2018-09-05T20:24:42.000Z",45.701965,5.883716,1.5,3.5,5.25,112.5,null
"2018-09-05T20:28:42.000Z",45.701965,5.883716,0.25,1.75,3.25,90,null
"2018-09-05T20:32:47.000Z",45.701965,5.883716,1,2.5,4.25,90,null
"2018-09-05T20:36:47.000Z",45.701965,5.883716,0.75,2.25,4.25,90,null
"2018-09-05T20:40:47.000Z",45.701965,5.883716,0,2,3.75,90,null
"2018-09-05T20:44:51.000Z",45.701965,5.883716,0,1.75,3.5,90,null
"2018-09-05T20:48:51.000Z",45.701965,5.883716,0,1.25,3.25,90,null
"2018-09-05T20:52:51.000Z",45.701965,5.883716,1,2.5,4.75,90,null
"2018-09-05T20:56:54.000Z",45.701965,5.883716,1.75,3.25,5,90,null
"2018-09-05T21:00:54.000Z",45.701965,5.883716,0,1.75,4.5,90,null
"2018-09-05T21:04:54.000Z",45.701965,5.883716,0.25,2.75,5.5,112.5,null
"2018-09-05T21:08:58.000Z",45.701965,5.883716,0.75,2.5,4.25,112.5,null
"2018-09-05T21:12:58.000Z",45.701965,5.883716,0,1.25,2.5,112.5,null
"2018-09-05T21:16:58.000Z",45.701965,5.883716,0.25,3.25,6.25,112.5,null
"2018-09-05T21:21:02.000Z",45.701965,5.883716,0,1.75,4.25,112.5,null
"2018-09-05T21:25:02.000Z",45.701965,5.883716,0,3.25,8.75,90,null
"2018-09-05T21:29:02.000Z",45.701965,5.883716,2,4.5,9.75,112.5,null
"2018-09-05T21:33:07.000Z",45.701965,5.883716,0.25,4,7.25,112.5,null
"2018-09-05T21:37:07.000Z",45.701965,5.883716,0,3.25,8,180,null
"2018-09-05T21:41:07.000Z",45.701965,5.883716,0.25,4.25,7,180,null
"2018-09-05T21:45:11.000Z",45.701965,5.883716,0.25,3.25,8.25,157.5,null
"2018-09-05T21:49:11.000Z",45.701965,5.883716,0.25,3.75,8,112.5,null
"2018-09-05T21:53:11.000Z",45.701965,5.883716,3.25,5,7.75,90,null
"2018-09-05T21:57:15.000Z",45.701965,5.883716,3.25,6.5,11.5,112.5,null
"2018-09-05T22:01:15.000Z",45.701965,5.883716,1.75,4.25,10,112.5,null
"2018-09-05T22:05:15.000Z",45.701965,5.883716,0.25,5.5,10,90,null
"2018-09-05T22:09:19.000Z",45.701965,5.883716,1.75,5.5,9,90,null
"2018-09-05T22:13:19.000Z",45.701965,5.883716,1.75,4,6.25,90,null
"2018-09-05T22:17:19.000Z",45.701965,5.883716,2.75,5,7.25,90,null
"2018-09-05T22:21:23.000Z",45.701965,5.883716,0,0.75,4.5,112.5,null
"2018-09-05T22:25:23.000Z",45.701965,5.883716,1,3.75,6.5,112.5,null
"2018-09-05T22:29:23.000Z",45.701965,5.883716,1,4,8,90,null
"2018-09-05T22:33:27.000Z",45.701965,5.883716,1.75,5.25,11.5,90,null
"2018-09-05T22:37:27.000Z",45.701965,5.883716,1.75,6.25,11,90,null
"2018-09-05T22:41:27.000Z",45.701965,5.883716,1.5,5,10,90,null
"2018-09-05T22:45:31.000Z",45.701965,5.883716,0,2.5,5.25,112.5,null
"2018-09-05T22:49:31.000Z",45.701965,5.883716,0,2.5,5.5,135,null
"2018-09-05T22:53:31.000Z",45.701965,5.883716,1.5,2.75,7,135,null
"2018-09-05T22:57:34.000Z",45.701965,5.883716,1.5,3.5,6.5,135,null
"2018-09-05T23:01:34.000Z",45.701965,5.883716,1,4.25,7.25,135,null
"2018-09-05T23:05:34.000Z",45.701965,5.883716,0,3,7.25,112.5,null
"2018-09-05T23:09:39.000Z",45.701965,5.883716,0.25,2.75,7,112.5,null
"2018-09-05T23:13:39.000Z",45.701965,5.883716,1.75,3.75,7.25,112.5,null
"2018-09-05T23:17:39.000Z",45.701965,5.883716,1.5,4.75,8.25,90,null
"2018-09-05T23:21:43.000Z",45.701965,5.883716,1.5,4.5,7.5,90,null
"2018-09-05T23:25:43.000Z",45.701965,5.883716,1.5,4.5,9.75,90,null
"2018-09-05T23:29:43.000Z",45.701965,5.883716,0.25,4.25,7.25,90,null
"2018-09-05T23:33:47.000Z",45.701965,5.883716,2,4.75,8,112.5,null
"2018-09-05T23:37:47.000Z",45.701965,5.883716,2.5,4.75,8.75,112.5,null
"2018-09-05T23:41:47.000Z",45.701965,5.883716,3.25,6.25,9.75,90,null
"2018-09-05T23:45:51.000Z",45.701965,5.883716,3.5,6.75,11,90,null
"2018-09-05T23:49:51.000Z",45.701965,5.883716,2.75,5.25,8.25,90,null
"2018-09-05T23:53:51.000Z",45.701965,5.883716,1.75,3.5,7.25,90,null
"2018-09-05T23:57:56.000Z",45.701965,5.883716,2,4,6.25,112.5,null
"2018-09-06T00:01:56.000Z",45.701965,5.883716,3.25,4.75,7,112.5,null
"2018-09-06T00:05:56.000Z",45.701965,5.883716,1,2.5,4.75,112.5,null
"2018-09-06T00:10:00.000Z",45.701965,5.883716,1.5,3,5.25,90,null
"2018-09-06T00:14:00.000Z",45.701965,5.883716,1.75,4.5,6.5,90,null
"2018-09-06T00:18:00.000Z",45.701965,5.883716,1.5,2.75,4.5,90,null
"2018-09-06T00:22:03.000Z",45.701965,5.883716,1.75,3,4.75,90,null
"2018-09-06T00:26:03.000Z",45.701965,5.883716,0.75,2.25,4.5,90,null
"2018-09-06T00:30:03.000Z",45.701965,5.883716,0.75,3.5,6.5,112.5,null
"2018-09-06T00:34:07.000Z",45.701965,5.883716,2,3.5,5.25,135,null
"2018-09-06T00:38:07.000Z",45.701965,5.883716,1.75,4,7.75,135,null
"2018-09-06T00:42:07.000Z",45.701965,5.883716,1,3.25,5.25,135,null
"2018-09-06T00:46:11.000Z",45.701965,5.883716,0.25,3,6.25,135,null
"2018-09-06T00:50:11.000Z",45.701965,5.883716,0,1.75,3.75,112.5,null
"2018-09-06T00:54:11.000Z",45.701965,5.883716,1.75,3,5.25,112.5,null
"2018-09-06T00:58:16.000Z",45.701965,5.883716,1.75,3.75,6.25,112.5,null
"2018-09-06T01:02:16.000Z",45.701965,5.883716,1.75,3.75,6,112.5,null
"2018-09-06T01:06:16.000Z",45.701965,5.883716,0,3.25,6,112.5,null
"2018-09-06T01:10:19.000Z",45.701965,5.883716,0,2.25,7.25,135,null
"2018-09-06T01:14:19.000Z",45.701965,5.883716,1,3.75,7,112.5,null
"2018-09-06T01:18:19.000Z",45.701965,5.883716,0.75,4,9,112.5,null
"2018-09-06T01:22:24.000Z",45.701965,5.883716,0,2,6.5,112.5,null
"2018-09-06T01:26:24.000Z",45.701965,5.883716,0,2.25,7,135,null
"2018-09-06T01:30:24.000Z",45.701965,5.883716,0,0.75,3.75,135,null
"2018-09-06T01:34:27.000Z",45.701965,5.883716,0,2.5,6.25,157.5,null
"2018-09-06T01:38:27.000Z",45.701965,5.883716,2.5,4,6.25,157.5,null
"2018-09-06T01:42:27.000Z",45.701965,5.883716,1.75,3.75,5.5,180,null
"2018-09-06T01:46:32.000Z",45.701965,5.883716,0.75,2,3.25,157.5,null
"2018-09-06T01:50:32.000Z",45.701965,5.883716,0,1.5,3.5,157.5,null
"2018-09-06T01:54:32.000Z",45.701965,5.883716,0,0.75,2.5,157.5,null
"2018-09-06T01:58:35.000Z",45.701965,5.883716,2,4.25,8,112.5,null
"2018-09-06T02:02:35.000Z",45.701965,5.883716,1,3.75,6.25,112.5,null
"2018-09-06T02:06:35.000Z",45.701965,5.883716,2.5,4.5,7.25,112.5,null
"2018-09-06T02:10:40.000Z",45.701965,5.883716,1.5,3.5,6,112.5,null
"2018-09-06T02:14:40.000Z",45.701965,5.883716,1.75,4,7.25,112.5,null
"2018-09-06T02:18:40.000Z",45.701965,5.883716,1.5,3.75,6,135,null
"2018-09-06T02:22:43.000Z",45.701965,5.883716,1,3.25,6,135,null
"2018-09-06T02:26:43.000Z",45.701965,5.883716,0,1.5,5.25,135,null
"2018-09-06T02:30:43.000Z",45.701965,5.883716,2.5,4.5,7.75,112.5,null
"2018-09-06T02:34:48.000Z",45.701965,5.883716,0.25,2.75,6,112.5,null
"2018-09-06T02:38:48.000Z",45.701965,5.883716,2.75,4.75,7.25,112.5,null
"2018-09-06T02:42:48.000Z",45.701965,5.883716,0,3,7,112.5,null
"2018-09-06T02:46:51.000Z",45.701965,5.883716,0.75,2.5,5.25,135,null
"2018-09-06T02:50:51.000Z",45.701965,5.883716,1,3,5.5,135,null
"2018-09-06T02:54:51.000Z",45.701965,5.883716,0.25,2.25,4.5,112.5,null
"2018-09-06T02:58:55.000Z",45.701965,5.883716,1.5,3.25,5.5,135,null
"2018-09-06T03:02:55.000Z",45.701965,5.883716,0,2.25,4.25,135,null
"2018-09-06T03:06:55.000Z",45.701965,5.883716,0.75,2.75,4.75,135,null
"2018-09-06T03:11:00.000Z",45.701965,5.883716,0,1.75,3.75,112.5,null
"2018-09-06T03:15:00.000Z",45.701965,5.883716,0,0,0.25,112.5,null
"2018-09-06T03:19:00.000Z",45.701965,5.883716,0,1.5,3.25,112.5,null
"2018-09-06T03:23:04.000Z",45.701965,5.883716,0.25,1,2,112.5,null
"2018-09-06T03:27:04.000Z",45.701965,5.883716,1,2,3.5,112.5,null
"2018-09-06T03:31:04.000Z",45.701965,5.883716,0,1.75,3.25,112.5,null
"2018-09-06T03:35:08.000Z",45.701965,5.883716,2,3.75,5.25,112.5,null
"2018-09-06T03:39:08.000Z",45.701965,5.883716,1.5,4,5.5,112.5,null
"2018-09-06T03:43:08.000Z",45.701965,5.883716,2,3.75,6,112.5,null
"2018-09-06T03:47:12.000Z",45.701965,5.883716,1,3.75,7,112.5,null
"2018-09-06T03:51:12.000Z",45.701965,5.883716,0,2.75,7,112.5,null
"2018-09-06T03:55:12.000Z",45.701965,5.883716,0.75,2.5,6.5,112.5,null
"2018-09-06T03:59:16.000Z",45.701965,5.883716,0,1.25,2.75,112.5,null
"2018-09-06T04:03:16.000Z",45.701965,5.883716,0,0.25,1.75,90,null
"2018-09-06T04:07:16.000Z",45.701965,5.883716,0.75,1.75,3.25,90,null
"2018-09-06T04:11:20.000Z",45.701965,5.883716,1,2.25,3.25,90,null
"2018-09-06T04:15:20.000Z",45.701965,5.883716,0.75,2.5,4.75,67.5,null
"2018-09-06T04:19:20.000Z",45.701965,5.883716,0.75,2,3.75,67.5,null
"2018-09-06T04:23:24.000Z",45.701965,5.883716,1.5,2.25,4.25,67.5,null
"2018-09-06T04:27:24.000Z",45.701965,5.883716,0.75,2.75,4.75,67.5,null
"2018-09-06T04:31:24.000Z",45.701965,5.883716,1,4,6.25,67.5,null
"2018-09-06T04:35:28.000Z",45.701965,5.883716,1.5,3,5.5,90,null
"2018-09-06T04:39:28.000Z",45.701965,5.883716,2,4.75,6.5,135,null
"2018-09-06T04:43:28.000Z",45.701965,5.883716,1,4,6.5,135,null
"2018-09-06T04:47:32.000Z",45.701965,5.883716,0.75,2.75,6.5,157.5,null
"2018-09-06T04:51:32.000Z",45.701965,5.883716,0,2.75,7,157.5,null
"2018-09-06T04:55:32.000Z",45.701965,5.883716,0,1,3.75,135,null
"2018-09-06T04:59:36.000Z",45.701965,5.883716,0.25,2,5.5,112.5,null
"2018-09-06T05:03:36.000Z",45.701965,5.883716,1.5,4.75,11,90,null
"2018-09-06T05:07:36.000Z",45.701965,5.883716,1.5,4.75,9.75,90,null
"2018-09-06T05:11:41.000Z",45.701965,5.883716,0,3.75,6,67.5,null
"2018-09-06T05:15:41.000Z",45.701965,5.883716,1.5,3,5.5,67.5,null
"2018-09-06T05:19:41.000Z",45.701965,5.883716,1,4.25,7.75,90,null
"2018-09-06T05:23:44.000Z",45.701965,5.883716,1,3.5,5.25,90,null
"2018-09-06T05:27:44.000Z",45.701965,5.883716,2,4.25,6.5,112.5,null
"2018-09-06T05:31:44.000Z",45.701965,5.883716,2.5,4,5.5,112.5,null
"2018-09-06T05:35:48.000Z",45.701965,5.883716,1,3.5,4.75,112.5,null
"2018-09-06T05:39:48.000Z",45.701965,5.883716,1,3.75,6,112.5,null
"2018-09-06T05:43:48.000Z",45.701965,5.883716,1.5,3.5,6.5,135,null
"2018-09-06T05:47:53.000Z",45.701965,5.883716,0,2,6.25,135,null
"2018-09-06T05:51:53.000Z",45.701965,5.883716,1,2.75,6.5,135,null
"2018-09-06T05:55:53.000Z",45.701965,5.883716,0,2,7.75,135,null
"2018-09-06T05:59:57.000Z",45.701965,5.883716,0.75,2.75,6.75,90,null
"2018-09-06T06:03:57.000Z",45.701965,5.883716,0,1,4.75,112.5,null
"2018-09-06T06:07:57.000Z",45.701965,5.883716,0,0,2.75,112.5,null
"2018-09-06T06:12:01.000Z",45.701965,5.883716,0,0.75,2,112.5,null
"2018-09-06T06:16:01.000Z",45.701965,5.883716,0,1.25,3.5,112.5,null
"2018-09-06T06:20:01.000Z",45.701965,5.883716,0,0,1.75,112.5,null
"2018-09-06T06:24:05.000Z",45.701965,5.883716,1,2.25,3.75,112.5,null
"2018-09-06T06:28:05.000Z",45.701965,5.883716,0,1.25,5.25,112.5,null
"2018-09-06T06:32:05.000Z",45.701965,5.883716,0,2,4.5,112.5,null
"2018-09-06T06:36:08.000Z",45.701965,5.883716,0.75,3,5.25,90,null
"2018-09-06T06:40:08.000Z",45.701965,5.883716,1,3.5,8,67.5,null
"2018-09-06T06:44:08.000Z",45.701965,5.883716,0.25,2.5,5.5,67.5,null
"2018-09-06T06:48:13.000Z",45.701965,5.883716,0,4.25,8.75,67.5,null
"2018-09-06T06:52:13.000Z",45.701965,5.883716,0.75,5,11.5,90,null
"2018-09-06T06:56:13.000Z",45.701965,5.883716,2.5,6,10.5,90,null
"2018-09-06T07:00:17.000Z",45.701965,5.883716,0,4,11,90,null
"2018-09-06T07:04:17.000Z",45.701965,5.883716,0,2,5.5,90,null
"2018-09-06T07:08:17.000Z",45.701965,5.883716,0,3,9.75,180,null
"2018-09-06T07:12:21.000Z",45.701965,5.883716,0.25,6.75,11.5,180,null
"2018-09-06T07:16:21.000Z",45.701965,5.883716,1.5,8.25,14.5,180,null
"2018-09-06T07:20:21.000Z",45.701965,5.883716,2,8.25,13,180,null
"2018-09-06T07:24:25.000Z",45.701965,5.883716,2.5,6.5,10.5,180,null
"2018-09-06T07:28:25.000Z",45.701965,5.883716,4.75,10.5,14.5,180,null
"2018-09-06T07:32:25.000Z",45.701965,5.883716,2.75,8.5,12,180,null
"2018-09-06T07:36:29.000Z",45.701965,5.883716,2.25,5.75,9.5,180,null
"2018-09-06T07:40:29.000Z",45.701965,5.883716,2.75,5.5,8.25,180,null
"2018-09-06T07:44:29.000Z",45.701965,5.883716,0.25,3.5,8.25,157.5,null
"2018-09-06T07:48:33.000Z",45.701965,5.883716,0,2.75,7.75,180,null
"2018-09-06T07:52:33.000Z",45.701965,5.883716,0.25,2.75,5.5,180,null
"2018-09-06T07:56:33.000Z",45.701965,5.883716,0.75,3.75,7,202.5,null
"2018-09-06T08:00:37.000Z",45.701965,5.883716,2,5.5,8,202.5,null
"2018-09-06T08:04:37.000Z",45.701965,5.883716,2.5,5.5,7.75,202.5,null
"2018-09-06T08:08:37.000Z",45.701965,5.883716,0.25,4.75,9.75,180,null
"2018-09-06T08:12:41.000Z",45.701965,5.883716,1,5,8,202.5,null
"2018-09-06T08:16:41.000Z",45.701965,5.883716,3.75,8.5,12,180,null
"2018-09-06T08:20:41.000Z",45.701965,5.883716,4.75,11,14.5,180,null
"2018-09-06T08:24:45.000Z",45.701965,5.883716,4.75,10.5,14.5,202.5,null
"2018-09-06T08:28:45.000Z",45.701965,5.883716,1.75,6.5,10.5,202.5,null
"2018-09-06T08:32:45.000Z",45.701965,5.883716,2,6.25,11,202.5,null
"2018-09-06T08:36:49.000Z",45.701965,5.883716,2.5,6,12,202.5,null
"2018-09-06T08:40:49.000Z",45.701965,5.883716,1,3.75,6,225,null
"2018-09-06T08:44:49.000Z",45.701965,5.883716,0,1.25,2.75,225,null
"2018-09-06T08:48:53.000Z",45.701965,5.883716,0,0.75,4.75,225,null
"2018-09-06T08:52:53.000Z",45.701965,5.883716,3.75,5.75,8.25,202.5,null
"2018-09-06T08:56:53.000Z",45.701965,5.883716,4.25,7.5,10.5,180,null
"2018-09-06T09:00:57.000Z",45.701965,5.883716,2.75,9,12.5,180,null
"2018-09-06T09:04:57.000Z",45.701965,5.883716,5.5,10.5,14.5,180,null
"2018-09-06T09:08:57.000Z",45.701965,5.883716,3.5,11,17,180,null
"2018-09-06T09:13:01.000Z",45.701965,5.883716,3.25,12,18,180,null
"2018-09-06T09:17:01.000Z",45.701965,5.883716,2,7,12,180,null
"2018-09-06T09:21:01.000Z",45.701965,5.883716,1.75,9.5,12,202.5,null
"2018-09-06T09:25:05.000Z",45.701965,5.883716,7.25,13,16.5,202.5,null
"2018-09-06T09:29:05.000Z",45.701965,5.883716,7.25,12,15.5,202.5,null
"2018-09-06T09:33:05.000Z",45.701965,5.883716,3.5,11.5,17.5,202.5,null
"2018-09-06T09:37:09.000Z",45.701965,5.883716,2.75,8.25,15.5,202.5,null
"2018-09-06T09:41:09.000Z",45.701965,5.883716,0,2.5,6.5,180,null
"2018-09-06T09:45:09.000Z",45.701965,5.883716,1.75,6.75,10,202.5,null
"2018-09-06T09:49:14.000Z",45.701965,5.883716,1.5,4,7.25,202.5,null
"2018-09-06T09:53:14.000Z",45.701965,5.883716,0,1,4.25,202.5,null
"2018-09-06T09:57:14.000Z",45.701965,5.883716,0.25,3.25,6.25,180,null
"2018-09-06T10:01:18.000Z",45.701965,5.883716,0.75,4.25,7,180,null
"2018-09-06T10:05:18.000Z",45.701965,5.883716,0.25,4.5,7.75,180,null
"2018-09-06T10:09:18.000Z",45.701965,5.883716,0,0.75,3.5,157.5,null
"2018-09-06T10:13:21.000Z",45.701965,5.883716,0,0.25,1.25,157.5,null
"2018-09-06T10:17:21.000Z",45.701965,5.883716,0,0.75,3.25,157.5,null
"2018-09-06T10:21:21.000Z",45.701965,5.883716,0,2,4.25,157.5,null
"2018-09-06T10:25:26.000Z",45.701965,5.883716,0,1.75,5.5,180,null
"2018-09-06T10:29:26.000Z",45.701965,5.883716,2,5,8,180,null
"2018-09-06T10:33:26.000Z",45.701965,5.883716,1.75,4.75,6.5,202.5,null
"2018-09-06T10:37:30.000Z",45.701965,5.883716,4.25,7.25,10,202.5,null
"2018-09-06T10:41:30.000Z",45.701965,5.883716,1,6.25,10,202.5,null
"2018-09-06T10:45:30.000Z",45.701965,5.883716,3.5,9,14.5,202.5,null
"2018-09-06T10:49:33.000Z",45.701965,5.883716,2.75,6.5,9.5,202.5,null
"2018-09-06T10:53:33.000Z",45.701965,5.883716,0,3,11,202.5,null
"2018-09-06T10:57:33.000Z",45.701965,5.883716,0,4.5,8,180,null
"2018-09-06T11:01:37.000Z",45.701965,5.883716,2.5,7,10,180,null
"2018-09-06T11:05:37.000Z",45.701965,5.883716,1.75,6.75,10,180,null
"2018-09-06T11:09:37.000Z",45.701965,5.883716,1.75,4,6.5,157.5,null
"2018-09-06T11:13:42.000Z",45.701965,5.883716,0.25,2.25,4.75,157.5,null
"2018-09-06T11:17:42.000Z",45.701965,5.883716,2.5,5.25,8,157.5,null
"2018-09-06T11:21:42.000Z",45.701965,5.883716,1.5,4.25,9,157.5,null
"2018-09-06T11:25:45.000Z",45.701965,5.883716,0,3,7,157.5,null
"2018-09-06T11:29:45.000Z",45.701965,5.883716,2,4.25,7.75,157.5,null
"2018-09-06T11:33:45.000Z",45.701965,5.883716,0,2.25,5.5,157.5,null
"2018-09-06T11:37:50.000Z",45.701965,5.883716,0.25,2.75,6,157.5,null
"2018-09-06T11:41:50.000Z",45.701965,5.883716,0,1.75,5.5,180,null
"2018-09-06T11:45:50.000Z",45.701965,5.883716,0,1.75,5.5,180,null
"2018-09-06T11:49:54.000Z",45.701965,5.883716,0.25,3.5,7.75,180,null
"2018-09-06T11:53:54.000Z",45.701965,5.883716,1,4.5,8,202.5,null
"2018-09-06T11:57:54.000Z",45.701965,5.883716,0.25,3.25,6.25,180,null
"2018-09-06T12:01:58.000Z",45.701965,5.883716,0,2.75,5.25,180,null
"2018-09-06T12:05:58.000Z",45.701965,5.883716,0,1.5,5.25,180,null
"2018-09-06T12:09:58.000Z",45.701965,5.883716,0.25,2.5,6,180,null
"2018-09-06T12:14:02.000Z",45.701965,5.883716,0.25,2,5.25,180,null
"2018-09-06T12:18:02.000Z",45.701965,5.883716,0,2,7,157.5,null
"2018-09-06T12:22:02.000Z",45.701965,5.883716,1.5,4.25,7.75,135,null
"2018-09-06T12:26:06.000Z",45.701965,5.883716,0,3,8,157.5,null
"2018-09-06T12:30:06.000Z",45.701965,5.883716,0,0.75,5.25,180,null
"2018-09-06T12:34:06.000Z",45.701965,5.883716,0,0.25,2.5,180,null
"2018-09-06T12:38:10.000Z",45.701965,5.883716,0,0,2,180,null
"2018-09-06T12:42:10.000Z",45.701965,5.883716,0,1.25,6,67.5,null
"2018-09-06T12:46:10.000Z",45.701965,5.883716,0,2.5,5.25,67.5,null
"2018-09-06T12:50:14.000Z",45.701965,5.883716,0,1.25,4,67.5,null
"2018-09-06T12:54:14.000Z",45.701965,5.883716,0,2,6.25,135,null
"2018-09-06T12:58:14.000Z",45.701965,5.883716,0,0.75,3.25,135,null
"2018-09-06T13:02:18.000Z",45.701965,5.883716,0,2.25,5.25,112.5,null
"2018-09-06T13:06:18.000Z",45.701965,5.883716,2,4.75,8.75,90,null
"2018-09-06T13:10:18.000Z",45.701965,5.883716,0,3.25,7.25,90,null
"2018-09-06T13:14:23.000Z",45.701965,5.883716,0,2.5,7.75,135,null
"2018-09-06T13:18:23.000Z",45.701965,5.883716,0,3.25,10.5,135,null
"2018-09-06T13:22:23.000Z",45.701965,5.883716,0,2.75,5.25,90,null
"2018-09-06T13:26:26.000Z",45.701965,5.883716,0,0.5,2,67.5,null
"2018-09-06T13:30:26.000Z",45.701965,5.883716,0,1.25,4.5,67.5,null
"2018-09-06T13:34:26.000Z",45.701965,5.883716,0,0.5,2.75,67.5,null
"2018-09-06T13:38:30.000Z",45.701965,5.883716,0,0.25,2.5,90,null
"2018-09-06T13:42:30.000Z",45.701965,5.883716,0,2.25,6,157.5,null
"2018-09-06T13:46:30.000Z",45.701965,5.883716,0,0,0.75,157.5,null
"2018-09-06T13:50:35.000Z",45.701965,5.883716,0,0.25,1.5,180,null
"2018-09-06T13:54:35.000Z",45.701965,5.883716,0,1.75,2.75,247.5,null
"2018-09-06T13:58:35.000Z",45.701965,5.883716,0.75,3,4.75,247.5,null
"2018-09-06T14:02:39.000Z",45.701965,5.883716,0.25,2.25,4,247.5,null
"2018-09-06T14:06:39.000Z",45.701965,5.883716,0.75,2.25,4.25,247.5,null
"2018-09-06T14:10:39.000Z",45.701965,5.883716,2.5,4,5.5,270,null
"2018-09-06T14:14:43.000Z",45.701965,5.883716,1.75,4,6.25,292.5,null
"2018-09-06T14:18:43.000Z",45.701965,5.883716,1.5,3.75,6.5,292.5,null
"2018-09-06T14:22:43.000Z",45.701965,5.883716,0.25,2,3.75,292.5,null
"2018-09-06T14:26:46.000Z",45.701965,5.883716,0.25,1.75,4.25,292.5,null
"2018-09-06T14:30:46.000Z",45.701965,5.883716,1.5,3,4.5,292.5,null
"2018-09-06T14:34:46.000Z",45.701965,5.883716,1.5,3,4.75,292.5,null
"2018-09-06T14:38:50.000Z",45.701965,5.883716,0.75,1.75,3.5,292.5,null
"2018-09-06T14:42:50.000Z",45.701965,5.883716,1.5,2.75,4.25,292.5,null
"2018-09-06T14:46:50.000Z",45.701965,5.883716,0.25,1.75,3.5,292.5,null
"2018-09-06T14:50:54.000Z",45.701965,5.883716,1,2.25,3.25,292.5,null
"2018-09-06T14:54:54.000Z",45.701965,5.883716,0.75,2,3.25,292.5,null
"2018-09-06T14:58:54.000Z",45.701965,5.883716,0.25,1.25,3.25,292.5,null
"2018-09-06T15:02:59.000Z",45.701965,5.883716,1,2.25,4.25,292.5,null
"2018-09-06T15:06:59.000Z",45.701965,5.883716,2,5,7.25,225,null
"2018-09-06T15:10:59.000Z",45.701965,5.883716,4.5,5.75,7.25,225,null
"2018-09-06T15:15:02.000Z",45.701965,5.883716,4.75,6.5,8,225,null
"2018-09-06T15:19:02.000Z",45.701965,5.883716,3.25,5.25,7.75,225,null
"2018-09-06T15:23:02.000Z",45.701965,5.883716,3.75,5.25,6.5,225,null
"2018-09-06T15:27:06.000Z",45.701965,5.883716,3.25,4.5,7,202.5,null
"2018-09-06T15:31:06.000Z",45.701965,5.883716,0.75,3.75,6,202.5,null
"2018-09-06T15:35:06.000Z",45.701965,5.883716,0.25,3,5.25,202.5,null
"2018-09-06T15:39:11.000Z",45.701965,5.883716,2.75,4.75,8,180,null
"2018-09-06T15:43:11.000Z",45.701965,5.883716,4.5,6,8,202.5,null
"2018-09-06T15:47:11.000Z",45.701965,5.883716,2,5.25,7,202.5,null
"2018-09-06T15:51:15.000Z",45.701965,5.883716,0.75,3.75,5.5,180,null
"2018-09-06T15:55:15.000Z",45.701965,5.883716,0,2,5.25,180,null
"2018-09-06T15:59:15.000Z",45.701965,5.883716,0,2.5,6.25,180,null
"2018-09-06T16:03:19.000Z",45.701965,5.883716,1.5,4.5,7,202.5,null
"2018-09-06T16:07:19.000Z",45.701965,5.883716,3.25,5.75,8,202.5,null
"2018-09-06T16:11:19.000Z",45.701965,5.883716,3.75,6.25,9,202.5,null
"2018-09-06T16:15:23.000Z",45.701965,5.883716,5.5,7.75,9.75,202.5,null
"2018-09-06T16:19:23.000Z",45.701965,5.883716,4.5,7,9,202.5,null
"2018-09-06T16:23:23.000Z",45.701965,5.883716,2.5,6.25,8.25,202.5,null
"2018-09-06T16:27:27.000Z",45.701965,5.883716,2,5.5,8.75,202.5,null
"2018-09-06T16:31:27.000Z",45.701965,5.883716,0,2.75,6,180,null
"2018-09-06T16:35:27.000Z",45.701965,5.883716,0.75,4.5,8.25,180,null
"2018-09-06T16:39:31.000Z",45.701965,5.883716,2.5,4.75,8,180,null
"2018-09-06T16:43:31.000Z",45.701965,5.883716,2.75,6.5,9.5,180,null
"2018-09-06T16:47:31.000Z",45.701965,5.883716,2,5.5,9,180,null
"2018-09-06T16:51:35.000Z",45.701965,5.883716,2.75,6.75,9.75,180,null
"2018-09-06T16:55:35.000Z",45.701965,5.883716,1.75,6.5,11,180,null
"2018-09-06T16:59:35.000Z",45.701965,5.883716,2.75,6.75,11,180,null
"2018-09-06T17:03:39.000Z",45.701965,5.883716,3.5,6.75,9.5,180,null
"2018-09-06T17:07:39.000Z",45.701965,5.883716,2,6,10,180,null
"2018-09-06T17:11:39.000Z",45.701965,5.883716,1,4,8,157.5,null
"2018-09-06T17:15:43.000Z",45.701965,5.883716,1,4.25,6.25,180,null
"2018-09-06T17:19:43.000Z",45.701965,5.883716,0.75,3.25,5.5,180,null
"2018-09-06T17:23:43.000Z",45.701965,5.883716,1.5,3.5,5.25,180,null
"2018-09-06T17:27:48.000Z",45.701965,5.883716,0,1,3.75,180,null
"2018-09-06T17:31:48.000Z",45.701965,5.883716,0,2.5,5.5,180,null
"2018-09-06T17:35:48.000Z",45.701965,5.883716,0,1.75,4.75,180,null
"2018-09-06T17:39:51.000Z",45.701965,5.883716,0,0.25,1.75,180,null
"2018-09-06T17:43:51.000Z",45.701965,5.883716,0,1,3.75,180,null
"2018-09-06T17:47:51.000Z",45.701965,5.883716,0,0,0,180,null
"2018-09-06T17:51:55.000Z",45.701965,5.883716,0,0,1,180,null
"2018-09-06T17:55:55.000Z",45.701965,5.883716,0,0.25,1.75,180,null
"2018-09-06T17:59:55.000Z",45.701965,5.883716,0,0,1.5,157.5,null
"2018-09-06T18:03:59.000Z",45.701965,5.883716,0,2,3.5,180,null
"2018-09-06T18:07:59.000Z",45.701965,5.883716,0.75,2,3.25,180,null
"2018-09-06T18:11:59.000Z",45.701965,5.883716,0,0.75,2.5,180,null
"2018-09-06T18:16:03.000Z",45.701965,5.883716,0,0.25,1,180,null
"2018-09-06T18:20:03.000Z",45.701965,5.883716,0,0,0,157.5,null
"2018-09-06T18:24:03.000Z",45.701965,5.883716,0,0,0,180,null
"2018-09-06T18:28:08.000Z",45.701965,5.883716,0,0,0,180,null
"2018-09-06T18:32:08.000Z",45.701965,5.883716,0,0.5,1.5,180,null
"2018-09-06T18:36:08.000Z",45.701965,5.883716,0,1,1.75,180,null
"2018-09-06T18:40:11.000Z",45.701965,5.883716,0.25,1.5,3.25,157.5,null
"2018-09-06T18:44:11.000Z",45.701965,5.883716,1,2.75,3.75,157.5,null
"2018-09-06T18:48:11.000Z",45.701965,5.883716,3.75,5.75,7.25,22.5,null
"2018-09-06T18:52:15.000Z",45.701965,5.883716,3.75,6.75,8,22.5,null
"2018-09-06T18:56:15.000Z",45.701965,5.883716,3.5,8,10.5,22.5,null
"2018-09-06T19:00:15.000Z",45.701965,5.883716,7.25,9.75,11.5,22.5,null
"2018-09-06T19:04:20.000Z",45.701965,5.883716,3.25,7.25,11,22.5,null
"2018-09-06T19:08:20.000Z",45.701965,5.883716,2.5,4.75,7,22.5,null
"2018-09-06T19:12:20.000Z",45.701965,5.883716,3.5,5.25,7,22.5,null
"2018-09-06T19:16:23.000Z",45.701965,5.883716,4.75,7,9.75,22.5,null
"2018-09-06T19:20:23.000Z",45.701965,5.883716,4.25,7.5,9,0,null
"2018-09-06T19:24:23.000Z",45.701965,5.883716,3.25,6,7.75,0,null
"2018-09-06T19:28:28.000Z",45.701965,5.883716,3.25,5.5,7,0,null
"2018-09-06T19:32:28.000Z",45.701965,5.883716,0.75,3.5,6.5,0,null
"2018-09-06T19:36:28.000Z",45.701965,5.883716,0.25,1.75,3.25,22.5,null
"2018-09-06T19:40:32.000Z",45.701965,5.883716,0.75,1.75,3.25,22.5,null
"2018-09-06T19:44:32.000Z",45.701965,5.883716,0,0.75,2.5,22.5,null
"2018-09-06T19:48:32.000Z",45.701965,5.883716,0,0.25,1,22.5,null
"2018-09-06T19:53:28.000Z",45.701965,5.883716,0,0,0.75,22.5,null
"2018-09-06T19:57:28.000Z",45.701965,5.883716,0,0.75,1.75,22.5,null
"2018-09-06T20:01:28.000Z",45.701965,5.883716,0.75,1.75,2.5,22.5,null
"2018-09-06T20:05:31.000Z",45.701965,5.883716,1,2.25,3.75,22.5,null
"2018-09-06T20:09:31.000Z",45.701965,5.883716,1.5,3.5,4.75,22.5,null
"2018-09-06T20:13:31.000Z",45.701965,5.883716,2,3.5,5.5,22.5,null
"2018-09-06T20:17:36.000Z",45.701965,5.883716,2.75,4.25,6,22.5,null
"2018-09-06T20:21:36.000Z",45.701965,5.883716,2.5,4.25,5.5,0,null
"2018-09-06T20:25:36.000Z",45.701965,5.883716,0,2.25,5.25,0,null
"2018-09-06T20:29:40.000Z",45.701965,5.883716,0,0.25,1.75,0,null
"2018-09-06T20:33:40.000Z",45.701965,5.883716,0,0,1,22.5,null
"2018-09-06T20:37:40.000Z",45.701965,5.883716,0,0,1,22.5,null
"2018-09-06T20:41:43.000Z",45.701965,5.883716,0,0,0,22.5,null
"2018-09-06T20:45:43.000Z",45.701965,5.883716,0,0,1,22.5,null
"2018-09-06T20:49:43.000Z",45.701965,5.883716,0,0,0.25,22.5,null
"2018-09-06T20:53:48.000Z",45.701965,5.883716,0,0,0,22.5,null
"2018-09-06T20:57:48.000Z",45.701965,5.883716,0,0,0,22.5,null
"2018-09-06T21:01:48.000Z",45.701965,5.883716,0,0,0,22.5,null
"2018-09-06T21:05:51.000Z",45.701965,5.883716,0,0.5,2.75,22.5,null
"2018-09-06T21:09:51.000Z",45.701965,5.883716,0.25,1.75,3.5,22.5,null
"2018-09-06T21:13:51.000Z",45.701965,5.883716,0,1.5,3.25,22.5,null
"2018-09-06T21:17:56.000Z",45.701965,5.883716,0,0,1.5,22.5,null
"2018-09-06T21:21:56.000Z",45.701965,5.883716,0,0,2,22.5,null
"2018-09-06T21:25:56.000Z",45.701965,5.883716,0,0,0,22.5,null
"2018-09-06T21:30:00.000Z",45.701965,5.883716,0,0.25,2,45,null
"2018-09-06T21:34:00.000Z",45.701965,5.883716,0,2.5,8,157.5,null
"2018-09-06T21:38:00.000Z",45.701965,5.883716,0,3,9.75,202.5,null
"2018-09-06T21:42:05.000Z",45.701965,5.883716,1.75,7.25,12,180,null
"2018-09-06T21:46:05.000Z",45.701965,5.883716,2,5.75,9.75,180,null
"2018-09-06T21:50:05.000Z",45.701965,5.883716,0,3.25,9.5,157.5,null
"2018-09-06T21:54:08.000Z",45.701965,5.883716,0,3.75,8,157.5,null
"2018-09-06T21:58:08.000Z",45.701965,5.883716,0,1.25,6.25,157.5,null
"2018-09-06T22:02:08.000Z",45.701965,5.883716,0,0.5,3.25,157.5,null
"2018-09-06T22:06:12.000Z",45.701965,5.883716,0,0.5,2.5,157.5,null
"2018-09-06T22:10:12.000Z",45.701965,5.883716,0,0,0.75,157.5,null
"2018-09-06T22:14:12.000Z",45.701965,5.883716,0,0.25,2,157.5,null
"2018-09-06T22:18:16.000Z",45.701965,5.883716,0,0.25,1,157.5,null
"2018-09-06T22:22:16.000Z",45.701965,5.883716,0,0.25,1.5,157.5,null
"2018-09-06T22:26:16.000Z",45.701965,5.883716,0,0,0,157.5,null
"2018-09-06T22:30:20.000Z",45.701965,5.883716,0,0,0,157.5,null
"2018-09-06T22:34:20.000Z",45.701965,5.883716,0,0,0,157.5,null
"2018-09-06T22:38:20.000Z",45.701965,5.883716,0,0.25,1,157.5,null
"2018-09-06T22:42:24.000Z",45.701965,5.883716,0,0.5,1.5,157.5,null
"2018-09-06T22:46:24.000Z",45.701965,5.883716,0,0,0,157.5,null
"2018-09-06T22:50:24.000Z",45.701965,5.883716,0,0,0.25,157.5,null
"2018-09-06T22:54:28.000Z",45.701965,5.883716,0,0,0.25,157.5,null
"2018-09-06T22:58:28.000Z",45.701965,5.883716,0,0,0,157.5,null
"2018-09-06T23:02:28.000Z",45.701965,5.883716,0,0,0,157.5,null
"2018-09-06T23:06:32.000Z",45.701965,5.883716,0,0,0,157.5,null
"2018-09-06T23:10:32.000Z",45.701965,5.883716,0,0,0,157.5,null
"2018-09-06T23:14:32.000Z",45.701965,5.883716,0,0,0,157.5,null
"2018-09-06T23:18:36.000Z",45.701965,5.883716,0,0,0,157.5,null
"2018-09-06T23:22:36.000Z",45.701965,5.883716,0,0,0.25,157.5,null
"2018-09-06T23:26:36.000Z",45.701965,5.883716,0,0.25,1,157.5,null
"2018-09-06T23:30:40.000Z",45.701965,5.883716,0,0,0.75,157.5,null
"2018-09-06T23:34:40.000Z",45.701965,5.883716,0,0,0,157.5,null
"2018-09-06T23:38:40.000Z",45.701965,5.883716,0,0,1,157.5,null
"2018-09-06T23:42:44.000Z",45.701965,5.883716,0,0,0.5,157.5,null
"2018-09-06T23:46:44.000Z",45.701965,5.883716,0,0,0.25,157.5,null
"2018-09-06T23:50:44.000Z",45.701965,5.883716,0,0,0,157.5,null
"2018-09-06T23:54:48.000Z",45.701965,5.883716,0,0.25,1,157.5,null
"2018-09-06T23:58:48.000Z",45.701965,5.883716,0,0.5,1,157.5,null
"2018-09-07T00:02:48.000Z",45.701965,5.883716,0,0.25,1,157.5,null
"2018-09-07T00:06:53.000Z",45.701965,5.883716,0,0,1,157.5,null
"2018-09-07T00:10:53.000Z",45.701965,5.883716,0,2.25,5.25,22.5,null
"2018-09-07T00:14:53.000Z",45.701965,5.883716,2,5,9.5,0,null
"2018-09-07T00:18:57.000Z",45.701965,5.883716,7.25,10,12.5,0,null
"2018-09-07T00:22:57.000Z",45.701965,5.883716,4.75,10,14.5,0,null
"2018-09-07T00:26:57.000Z",45.701965,5.883716,6.25,9.75,14,0,null
"2018-09-07T00:31:01.000Z",45.701965,5.883716,7,10,13,0,null
"2018-09-07T00:35:01.000Z",45.701965,5.883716,7.25,10.5,12.5,0,null
"2018-09-07T00:39:01.000Z",45.701965,5.883716,8.75,10.5,12,0,null
"2018-09-07T00:43:05.000Z",45.701965,5.883716,7.25,8.5,10.5,0,null
"2018-09-07T00:47:05.000Z",45.701965,5.883716,7,10,12,0,null
"2018-09-07T00:51:05.000Z",45.701965,5.883716,7.25,10.5,13.5,0,null
"2018-09-07T00:55:09.000Z",45.701965,5.883716,9,11.5,14,337.5,null
"2018-09-07T00:59:09.000Z",45.701965,5.883716,7.75,10,13,337.5,null
"2018-09-07T01:03:09.000Z",45.701965,5.883716,8.75,10.5,13,0,null
"2018-09-07T01:07:12.000Z",45.701965,5.883716,3.5,8.5,13,0,null
"2018-09-07T01:11:12.000Z",45.701965,5.883716,1.5,6.25,10,0,null
"2018-09-07T01:15:12.000Z",45.701965,5.883716,1.75,5.5,13,0,null
"2018-09-07T01:19:17.000Z",45.701965,5.883716,0,4.25,8.75,0,null
"2018-09-07T01:23:17.000Z",45.701965,5.883716,0,0,0,0,null
"2018-09-07T01:27:17.000Z",45.701965,5.883716,0,0,1.5,0,null
"2018-09-07T01:31:21.000Z",45.701965,5.883716,0,0,0.25,0,null
"2018-09-07T01:35:21.000Z",45.701965,5.883716,0,0,0,0,null
"2018-09-07T01:39:21.000Z",45.701965,5.883716,0,0,0.25,0,null
"2018-09-07T01:43:25.000Z",45.701965,5.883716,0,0,0,0,null
"2018-09-07T01:47:25.000Z",45.701965,5.883716,0,0,0,0,null
"2018-09-07T01:51:25.000Z",45.701965,5.883716,0,0,0,0,null
"2018-09-07T01:55:29.000Z",45.701965,5.883716,0,0,0.25,0,null
"2018-09-07T01:59:29.000Z",45.701965,5.883716,0,0.5,8.75,337.5,null
"2018-09-07T02:03:29.000Z",45.701965,5.883716,6.5,8.75,10.5,337.5,null
"2018-09-07T02:07:34.000Z",45.701965,5.883716,7.75,9.75,12.5,337.5,null
"2018-09-07T02:11:34.000Z",45.701965,5.883716,8.25,10.5,12.5,337.5,null
"2018-09-07T02:15:34.000Z",45.701965,5.883716,7.75,10,12,337.5,null
"2018-09-07T02:19:37.000Z",45.701965,5.883716,8,10.5,13,337.5,null
"2018-09-07T02:23:37.000Z",45.701965,5.883716,9,11.5,13.5,337.5,null
"2018-09-07T02:27:37.000Z",45.701965,5.883716,5.5,11.5,15.5,337.5,null
"2018-09-07T02:31:41.000Z",45.701965,5.883716,1.5,4,8.5,45,null
"2018-09-07T02:35:41.000Z",45.701965,5.883716,0,1.25,3.5,45,null
"2018-09-07T02:39:41.000Z",45.701965,5.883716,0,1,2.75,45,null
"2018-09-07T02:43:45.000Z",45.701965,5.883716,0,2.75,6.25,0,null
"2018-09-07T02:47:45.000Z",45.701965,5.883716,0.75,3.25,8,22.5,null
"2018-09-07T02:51:45.000Z",45.701965,5.883716,0,1.5,4.25,22.5,null
"2018-09-07T02:55:50.000Z",45.701965,5.883716,1.5,4.75,9.5,0,null
"2018-09-07T02:59:50.000Z",45.701965,5.883716,4.5,7.5,11.5,22.5,null
"2018-09-07T03:03:50.000Z",45.701965,5.883716,0,3.75,11,22.5,null
"2018-09-07T03:07:53.000Z",45.701965,5.883716,2,8.75,14,337.5,null
"2018-09-07T03:11:53.000Z",45.701965,5.883716,10,13,16.5,337.5,null
"2018-09-07T03:15:53.000Z",45.701965,5.883716,10,14.5,18,337.5,null
"2018-09-07T03:19:58.000Z",45.701965,5.883716,9.5,13,15.5,337.5,null
"2018-09-07T03:23:58.000Z",45.701965,5.883716,11,13,15,0,null
"2018-09-07T03:27:58.000Z",45.701965,5.883716,9.5,12.5,16.5,337.5,null
"2018-09-07T03:32:01.000Z",45.701965,5.883716,4.25,9.25,13,0,null
"2018-09-07T03:36:01.000Z",45.701965,5.883716,5.5,8.5,11,0,null
"2018-09-07T03:40:01.000Z",45.701965,5.883716,2.75,7.25,12,0,null
"2018-09-07T03:44:06.000Z",45.701965,5.883716,1.5,6.5,15.5,0,null
"2018-09-07T03:48:06.000Z",45.701965,5.883716,10,13,15.5,0,null
"2018-09-07T03:52:06.000Z",45.701965,5.883716,12,15,18,337.5,null
"2018-09-07T03:56:09.000Z",45.701965,5.883716,10,13.5,16.5,0,null
"2018-09-07T04:00:09.000Z",45.701965,5.883716,10.5,12.5,15.5,0,null
"2018-09-07T04:04:09.000Z",45.701965,5.883716,11,13.5,15.5,0,null
"2018-09-07T04:08:13.000Z",45.701965,5.883716,6.25,12,15.5,0,null
"2018-09-07T04:12:13.000Z",45.701965,5.883716,6.5,9.25,12,0,null
"2018-09-07T04:16:13.000Z",45.701965,5.883716,4.25,8.5,11.5,0,null
"2018-09-07T04:20:17.000Z",45.701965,5.883716,7,11,13,0,null
"2018-09-07T04:24:17.000Z",45.701965,5.883716,8.25,11.5,14.5,0,null
"2018-09-07T04:28:17.000Z",45.701965,5.883716,9.75,12,14,0,null
"2018-09-07T04:32:21.000Z",45.701965,5.883716,8.25,10.5,14,0,null
"2018-09-07T04:36:21.000Z",45.701965,5.883716,3.25,5.75,9.75,22.5,null
"2018-09-07T04:40:21.000Z",45.701965,5.883716,4.75,7,10,22.5,null
"2018-09-07T04:44:26.000Z",45.701965,5.883716,6.5,9,11,0,null
"2018-09-07T04:48:26.000Z",45.701965,5.883716,3.75,7,9.5,22.5,null
"2018-09-07T04:52:26.000Z",45.701965,5.883716,3.25,6.5,10,22.5,null
"2018-09-07T04:56:29.000Z",45.701965,5.883716,4.25,7.5,10,0,null
"2018-09-07T05:00:29.000Z",45.701965,5.883716,3.75,7,9.5,0,null
"2018-09-07T05:04:29.000Z",45.701965,5.883716,1.5,4.5,7.75,22.5,null
"2018-09-07T05:08:34.000Z",45.701965,5.883716,1.5,4,7,22.5,null
"2018-09-07T05:12:34.000Z",45.701965,5.883716,2,4.75,8,22.5,null
"2018-09-07T05:16:34.000Z",45.701965,5.883716,3.25,5.75,8.75,22.5,null
"2018-09-07T05:20:38.000Z",45.701965,5.883716,2,5,7.25,22.5,null
"2018-09-07T05:24:38.000Z",45.701965,5.883716,1.75,4.25,8,22.5,null
"2018-09-07T05:28:38.000Z",45.701965,5.883716,0.75,3.25,6.25,45,null
"2018-09-07T05:32:41.000Z",45.701965,5.883716,1,4.75,8.25,22.5,null
"2018-09-07T05:36:41.000Z",45.701965,5.883716,0.25,3.25,7.25,22.5,null
"2018-09-07T05:40:41.000Z",45.701965,5.883716,1,3.5,9,22.5,null
"2018-09-07T05:44:46.000Z",45.701965,5.883716,6.5,10.5,16.5,0,null
"2018-09-07T05:48:46.000Z",45.701965,5.883716,11,14,16.5,0,null
"2018-09-07T05:52:46.000Z",45.701965,5.883716,13,15.5,19,0,null
"2018-09-07T05:56:50.000Z",45.701965,5.883716,13.5,16.5,19,0,null
"2018-09-07T06:00:50.000Z",45.701965,5.883716,13.5,17,20,0,null
"2018-09-07T06:04:50.000Z",45.701965,5.883716,12.5,16,19,0,null
"2018-09-07T06:08:54.000Z",45.701965,5.883716,9.5,13.5,16.5,0,null
"2018-09-07T06:12:54.000Z",45.701965,5.883716,9,13,16,0,null
"2018-09-07T06:16:54.000Z",45.701965,5.883716,7.75,11,15.5,22.5,null
"2018-09-07T06:20:58.000Z",45.701965,5.883716,8.25,12,16.5,0,null
"2018-09-07T06:24:58.000Z",45.701965,5.883716,8,14,18,0,null
"2018-09-07T06:28:58.000Z",45.701965,5.883716,10.5,16.5,21,0,null
"2018-09-07T06:33:02.000Z",45.701965,5.883716,14.5,17.5,21,0,null
"2018-09-07T06:37:02.000Z",45.701965,5.883716,14,19.5,23.5,337.5,null
"2018-09-07T06:41:02.000Z",45.701965,5.883716,16,20.5,24,0,null
"2018-09-07T06:45:06.000Z",45.701965,5.883716,11.5,18,23,0,null
"2018-09-07T06:49:06.000Z",45.701965,5.883716,13,17,21,0,null
"2018-09-07T06:53:06.000Z",45.701965,5.883716,8.75,13.5,18,0,null
"2018-09-07T06:57:10.000Z",45.701965,5.883716,7.25,11.5,15.5,0,null
"2018-09-07T07:01:10.000Z",45.701965,5.883716,6.25,12,16,0,null
"2018-09-07T07:05:10.000Z",45.701965,5.883716,6.5,12,15.5,0,null
"2018-09-07T07:09:14.000Z",45.701965,5.883716,6.5,11,14,22.5,null
"2018-09-07T07:13:14.000Z",45.701965,5.883716,4.75,9.5,14,22.5,null
"2018-09-07T07:17:14.000Z",45.701965,5.883716,7.75,10.5,14,22.5,null
"2018-09-07T07:21:19.000Z",45.701965,5.883716,6.25,9.5,12.5,22.5,null
"2018-09-07T07:25:19.000Z",45.701965,5.883716,3.75,7.5,10.5,22.5,null
"2018-09-07T07:29:19.000Z",45.701965,5.883716,2.5,6.75,11.5,45,null
"2018-09-07T07:33:23.000Z",45.701965,5.883716,3.75,7.5,11.5,45,null
"2018-09-07T07:37:23.000Z",45.701965,5.883716,3.5,6.25,12,22.5,null
"2018-09-07T07:41:23.000Z",45.701965,5.883716,5.5,9.75,13.5,0,null
"2018-09-07T07:45:26.000Z",45.701965,5.883716,4.25,9.75,13.5,0,null
"2018-09-07T07:49:26.000Z",45.701965,5.883716,6,10.5,14,0,null
"2018-09-07T07:53:26.000Z",45.701965,5.883716,7,11,14.5,0,null
"2018-09-07T07:57:30.000Z",45.701965,5.883716,10,12.5,15,0,null
"2018-09-07T08:01:30.000Z",45.701965,5.883716,9.75,12.5,14.5,0,null
"2018-09-07T08:05:30.000Z",45.701965,5.883716,6.5,11,14.5,0,null
"2018-09-07T08:09:34.000Z",45.701965,5.883716,8,10.5,13.5,0,null
"2018-09-07T08:13:34.000Z",45.701965,5.883716,8.25,10,12,0,null
"2018-09-07T08:17:34.000Z",45.701965,5.883716,7.25,9.25,11,0,null
"2018-09-07T08:21:39.000Z",45.701965,5.883716,7.25,9.5,12,337.5,null
"2018-09-07T08:25:39.000Z",45.701965,5.883716,8,11,14.5,0,null
"2018-09-07T08:29:39.000Z",45.701965,5.883716,9.5,12.5,15.5,337.5,null
"2018-09-07T08:33:42.000Z",45.701965,5.883716,11.5,14,16,337.5,null
"2018-09-07T08:37:42.000Z",45.701965,5.883716,12,13.5,15.5,337.5,null
"2018-09-07T08:41:42.000Z",45.701965,5.883716,9.5,12,14.5,0,null
"2018-09-07T08:45:47.000Z",45.701965,5.883716,8.75,11,14,337.5,null
"2018-09-07T08:49:47.000Z",45.701965,5.883716,8.75,11,13,0,null
"2018-09-07T08:53:47.000Z",45.701965,5.883716,8.25,10.5,13.5,0,null
"2018-09-07T08:57:51.000Z",45.701965,5.883716,7,10,12.5,337.5,null
"2018-09-07T09:01:51.000Z",45.701965,5.883716,7.75,10,12.5,337.5,null
"2018-09-07T09:05:51.000Z",45.701965,5.883716,7.25,9.25,12,337.5,null
"2018-09-07T09:09:55.000Z",45.701965,5.883716,7.25,9.75,11.5,337.5,null
"2018-09-07T09:13:55.000Z",45.701965,5.883716,6,8.5,12,337.5,null
"2018-09-07T09:17:55.000Z",45.701965,5.883716,8,9.5,12,337.5,null
"2018-09-07T09:21:59.000Z",45.701965,5.883716,7.75,10.5,12,337.5,null
"2018-09-07T09:25:59.000Z",45.701965,5.883716,6.25,8.25,11,337.5,null
"2018-09-07T09:29:59.000Z",45.701965,5.883716,7.75,9.75,11,337.5,null
"2018-09-07T09:34:02.000Z",45.701965,5.883716,7.25,9.25,11,337.5,null
"2018-09-07T09:38:02.000Z",45.701965,5.883716,8.25,10.5,12,337.5,null
"2018-09-07T09:42:02.000Z",45.701965,5.883716,7,9.25,12,337.5,null
"2018-09-07T09:46:06.000Z",45.701965,5.883716,8.25,10.5,12,337.5,null
"2018-09-07T09:50:06.000Z",45.701965,5.883716,8.75,11,12.5,337.5,null
"2018-09-07T09:54:06.000Z",45.701965,5.883716,7.75,10.5,12,337.5,null
"2018-09-07T09:58:11.000Z",45.701965,5.883716,6.5,8.75,11,337.5,null
"2018-09-07T10:02:11.000Z",45.701965,5.883716,8,11,12.5,337.5,null
"2018-09-07T10:06:11.000Z",45.701965,5.883716,9,11,13,337.5,null
"2018-09-07T10:10:15.000Z",45.701965,5.883716,8,11,13.5,337.5,null
"2018-09-07T10:14:15.000Z",45.701965,5.883716,8.75,10,12,337.5,null
"2018-09-07T10:18:15.000Z",45.701965,5.883716,7.75,9.75,12,337.5,null
"2018-09-07T10:22:19.000Z",45.701965,5.883716,6.5,9.5,12.5,337.5,null
"2018-09-07T10:26:19.000Z",45.701965,5.883716,7.25,9.75,12,337.5,null
"2018-09-07T10:30:19.000Z",45.701965,5.883716,7.75,10,12,337.5,null
"2018-09-07T10:34:22.000Z",45.701965,5.883716,7.75,9.5,11.5,337.5,null
"2018-09-07T10:38:22.000Z",45.701965,5.883716,6.5,8.5,10.5,337.5,null
"2018-09-07T10:42:22.000Z",45.701965,5.883716,8.75,11,14.5,337.5,null
"2018-09-07T10:46:27.000Z",45.701965,5.883716,8.75,11.5,14,337.5,null
"2018-09-07T10:50:27.000Z",45.701965,5.883716,6.25,9.75,13.5,337.5,null
"2018-09-07T10:54:27.000Z",45.701965,5.883716,6.25,7.75,9.75,337.5,null
"2018-09-07T10:58:31.000Z",45.701965,5.883716,6,8,9.5,337.5,null
"2018-09-07T11:02:31.000Z",45.701965,5.883716,6.25,7.75,9.5,337.5,null
"2018-09-07T11:06:31.000Z",45.701965,5.883716,6,7.5,8.75,337.5,null
"2018-09-07T11:10:35.000Z",45.701965,5.883716,6.25,8,11,0,null
"2018-09-07T11:14:35.000Z",45.701965,5.883716,5.5,8.5,11,0,null
"2018-09-07T11:18:35.000Z",45.701965,5.883716,7.25,9.5,11.5,0,null
"2018-09-07T11:22:39.000Z",45.701965,5.883716,6.5,9.25,11.5,0,null
"2018-09-07T11:26:39.000Z",45.701965,5.883716,8,9.75,11,0,null
"2018-09-07T11:30:39.000Z",45.701965,5.883716,7.75,8.75,11,0,null
"2018-09-07T11:34:43.000Z",45.701965,5.883716,6.25,7.5,8.75,0,null
"2018-09-07T11:38:43.000Z",45.701965,5.883716,6.25,9,11.5,337.5,null
"2018-09-07T11:42:43.000Z",45.701965,5.883716,7.75,9.5,11,292.5,null
"2018-09-07T11:46:47.000Z",45.701965,5.883716,5.5,7.75,9,315,null
"2018-09-07T11:50:47.000Z",45.701965,5.883716,7,9,11,315,null
"2018-09-07T11:54:47.000Z",45.701965,5.883716,9.5,10.5,12.5,337.5,null
"2018-09-07T11:58:51.000Z",45.701965,5.883716,11,13,15.5,337.5,null
"2018-09-07T12:02:51.000Z",45.701965,5.883716,9.5,14.5,23,292.5,null
"2018-09-07T12:06:51.000Z",45.701965,5.883716,8,14,22.5,270,null
"2018-09-07T12:10:55.000Z",45.701965,5.883716,1.5,11.5,21,292.5,null
"2018-09-07T12:14:55.000Z",45.701965,5.883716,0.25,5.5,19.5,270,null
"2018-09-07T12:18:55.000Z",45.701965,5.883716,5.25,11.5,16,270,null
"2018-09-07T12:22:59.000Z",45.701965,5.883716,7.25,10.5,16.5,270,null
"2018-09-07T12:26:59.000Z",45.701965,5.883716,6,10.5,14.5,292.5,null
"2018-09-07T12:30:59.000Z",45.701965,5.883716,6,12,17,292.5,null
"2018-09-07T12:35:04.000Z",45.701965,5.883716,6,12.5,18,270,null
"2018-09-07T12:39:04.000Z",45.701965,5.883716,4.25,7.75,17,270,null
"2018-09-07T12:43:04.000Z",45.701965,5.883716,9.5,13.5,19,270,null
"2018-09-07T12:47:08.000Z",45.701965,5.883716,10,14.5,22,247.5,null
"2018-09-07T12:51:08.000Z",45.701965,5.883716,8.25,13.5,20,247.5,null
"2018-09-07T12:55:08.000Z",45.701965,5.883716,5.25,8.5,13,247.5,null
"2018-09-07T12:59:11.000Z",45.701965,5.883716,3.25,7.5,12.5,247.5,null
"2018-09-07T13:03:11.000Z",45.701965,5.883716,5.5,8.25,11.5,225,null
"2018-09-07T13:07:11.000Z",45.701965,5.883716,0.25,4.5,8,225,null
"2018-09-07T13:11:16.000Z",45.701965,5.883716,0,1.25,4.25,270,null
"2018-09-07T13:15:16.000Z",45.701965,5.883716,0.25,4.5,8.75,315,null
"2018-09-07T13:19:16.000Z",45.701965,5.883716,1.75,4.25,5.5,337.5,null
"2018-09-07T13:23:19.000Z",45.701965,5.883716,1.75,5.75,7.75,337.5,null
"2018-09-07T13:27:19.000Z",45.701965,5.883716,0.75,4.25,17,315,null
"2018-09-07T13:31:19.000Z",45.701965,5.883716,0.75,8.25,17,315,null
"2018-09-07T13:35:24.000Z",45.701965,5.883716,0,8,16.5,292.5,null
"2018-09-07T13:39:24.000Z",45.701965,5.883716,4.5,10.5,18,247.5,null
"2018-09-07T13:43:24.000Z",45.701965,5.883716,1.5,6.5,12.5,247.5,null
"2018-09-07T13:47:27.000Z",45.701965,5.883716,4.5,7.75,13.5,247.5,null
"2018-09-07T13:51:27.000Z",45.701965,5.883716,3.5,6.25,9.75,225,null
"2018-09-07T13:55:27.000Z",45.701965,5.883716,1.75,5,9,247.5,null
"2018-09-07T13:59:32.000Z",45.701965,5.883716,0,2.75,7.75,315,null
"2018-09-07T14:03:32.000Z",45.701965,5.883716,3.25,4,5.5,315,null
"2018-09-07T14:07:32.000Z",45.701965,5.883716,1.5,2.5,3.75,315,null
"2018-09-07T14:11:36.000Z",45.701965,5.883716,1.5,2.75,4.25,292.5,null
"2018-09-07T14:15:36.000Z",45.701965,5.883716,0.75,2.25,3.25,292.5,null
"2018-09-07T14:19:36.000Z",45.701965,5.883716,1,2.5,5.5,292.5,null
"2018-09-07T14:23:39.000Z",45.701965,5.883716,1,3.75,7.25,292.5,null
"2018-09-07T14:27:39.000Z",45.701965,5.883716,4.25,7,10,247.5,null
"2018-09-07T14:31:39.000Z",45.701965,5.883716,0.75,3.25,6.25,270,null
"2018-09-07T14:35:44.000Z",45.701965,5.883716,1.5,7.25,15.5,247.5,null
"2018-09-07T14:39:44.000Z",45.701965,5.883716,0.75,8,20.5,270,null
"2018-09-07T14:43:44.000Z",45.701965,5.883716,1.5,5.75,14.5,292.5,null
"2018-09-07T14:47:48.000Z",45.701965,5.883716,0.25,3.25,5.5,292.5,null
"2018-09-07T14:51:48.000Z",45.701965,5.883716,3.75,6,8.25,292.5,null
"2018-09-07T14:55:48.000Z",45.701965,5.883716,4.5,7,9.75,315,null
"2018-09-07T14:59:52.000Z",45.701965,5.883716,2.75,4,6,337.5,null
"2018-09-07T15:03:52.000Z",45.701965,5.883716,3.25,5.5,8.25,315,null
"2018-09-07T15:07:52.000Z",45.701965,5.883716,4.75,6.25,7.25,292.5,null
"2018-09-07T15:11:56.000Z",45.701965,5.883716,0,3.5,7.25,292.5,null
"2018-09-07T15:15:56.000Z",45.701965,5.883716,0,0.25,1.75,315,null
"2018-09-07T15:19:56.000Z",45.701965,5.883716,0,1.25,2.5,315,null
"2018-09-07T15:23:59.000Z",45.701965,5.883716,0,0.25,1,315,null
"2018-09-07T15:27:59.000Z",45.701965,5.883716,0,0.25,1,315,null
"2018-09-07T15:31:59.000Z",45.701965,5.883716,0,0,0,315,null
"2018-09-07T15:36:04.000Z",45.701965,5.883716,0,0,0,315,null
"2018-09-07T15:40:04.000Z",45.701965,5.883716,0,0,0,315,null
"2018-09-07T15:44:04.000Z",45.701965,5.883716,0,0.5,2.5,315,null
"2018-09-07T15:48:08.000Z",45.701965,5.883716,1.75,3.25,5.25,292.5,null
"2018-09-07T15:52:08.000Z",45.701965,5.883716,1,2.75,5.25,292.5,null
"2018-09-07T15:56:08.000Z",45.701965,5.883716,0.25,2,3.75,292.5,null
"2018-09-07T16:00:12.000Z",45.701965,5.883716,3.25,4.5,6.5,292.5,null
"2018-09-07T16:04:12.000Z",45.701965,5.883716,1.75,2.75,3.5,292.5,null
"2018-09-07T16:08:12.000Z",45.701965,5.883716,1.5,3.5,5.5,292.5,null
"2018-09-07T16:12:16.000Z",45.701965,5.883716,1.5,2.5,3.75,292.5,null
"2018-09-07T16:16:16.000Z",45.701965,5.883716,0,1.5,4.75,292.5,null
"2018-09-07T16:20:16.000Z",45.701965,5.883716,2,3.5,4.75,292.5,null
"2018-09-07T16:24:21.000Z",45.701965,5.883716,2.75,5.25,8,315,null
"2018-09-07T16:28:21.000Z",45.701965,5.883716,4.25,6,9,315,null
"2018-09-07T16:32:21.000Z",45.701965,5.883716,3.75,5.5,8,337.5,null
"2018-09-07T16:36:24.000Z",45.701965,5.883716,3.5,7.25,11,337.5,null
"2018-09-07T16:40:24.000Z",45.701965,5.883716,7,10,13,337.5,null
"2018-09-07T16:44:24.000Z",45.701965,5.883716,7.25,9.75,11.5,337.5,null
"2018-09-07T16:48:29.000Z",45.701965,5.883716,8.75,11,13,337.5,null
"2018-09-07T16:52:29.000Z",45.701965,5.883716,8.25,12,15,337.5,null
"2018-09-07T16:56:29.000Z",45.701965,5.883716,10,13.5,16.5,337.5,null
"2018-09-07T17:00:33.000Z",45.701965,5.883716,11.5,15.5,18,337.5,null
"2018-09-07T17:04:33.000Z",45.701965,5.883716,12,14.5,17,337.5,null
"2018-09-07T17:08:33.000Z",45.701965,5.883716,13,16,19,337.5,null
"2018-09-07T17:12:37.000Z",45.701965,5.883716,13,15.5,19,337.5,null
"2018-09-07T17:16:37.000Z",45.701965,5.883716,13,18.5,21,315,null
"2018-09-07T17:20:37.000Z",45.701965,5.883716,14,18,22,315,null
"2018-09-07T17:24:41.000Z",45.701965,5.883716,14.5,19,21.5,315,null
"2018-09-07T17:28:41.000Z",45.701965,5.883716,16.5,20,23.5,315,null
"2018-09-07T17:32:41.000Z",45.701965,5.883716,15.5,20,24.5,315,null
"2018-09-07T17:36:44.000Z",45.701965,5.883716,16,20,23,315,null
"2018-09-07T17:40:44.000Z",45.701965,5.883716,16.5,20.5,24,315,null
"2018-09-07T17:44:44.000Z",45.701965,5.883716,15,20,25,315,null
"2018-09-07T17:48:48.000Z",45.701965,5.883716,18,22,26,315,null
"2018-09-07T17:52:48.000Z",45.701965,5.883716,16,20.5,24.5,315,null
"2018-09-07T17:56:48.000Z",45.701965,5.883716,15.5,20,23.5,315,null
"2018-09-07T18:00:53.000Z",45.701965,5.883716,13,18,23,315,null
"2018-09-07T18:04:53.000Z",45.701965,5.883716,12.5,16.5,20.5,315,null
"2018-09-07T18:08:53.000Z",45.701965,5.883716,12,17.5,20.5,315,null
"2018-09-07T18:12:57.000Z",45.701965,5.883716,12,15,19.5,315,null
"2018-09-07T18:16:57.000Z",45.701965,5.883716,8.25,12.5,17.5,315,null
"2018-09-07T18:20:57.000Z",45.701965,5.883716,8.75,13,17,337.5,null
"2018-09-07T18:25:01.000Z",45.701965,5.883716,8.75,13,20.5,315,null
"2018-09-07T18:29:01.000Z",45.701965,5.883716,6.25,9.5,11.5,315,null
"2018-09-07T18:33:01.000Z",45.701965,5.883716,6,8,10,315,null
"2018-09-07T18:37:05.000Z",45.701965,5.883716,4.5,8.25,12,315,null
"2018-09-07T18:41:05.000Z",45.701965,5.883716,5.5,9,13.5,315,null
"2018-09-07T18:45:05.000Z",45.701965,5.883716,0,2.75,10,337.5,null
"2018-09-07T18:49:09.000Z",45.701965,5.883716,0.25,2,6.25,0,null
"2018-09-07T18:53:09.000Z",45.701965,5.883716,1,2.75,4.5,0,null
"2018-09-07T18:57:09.000Z",45.701965,5.883716,0,1.25,3.5,0,null
"2018-09-07T19:01:13.000Z",45.701965,5.883716,0,0,0.5,0,null
"2018-09-07T19:05:13.000Z",45.701965,5.883716,0,0,0.25,0,null
"2018-09-07T19:09:13.000Z",45.701965,5.883716,0,0.25,3.25,337.5,null
"2018-09-07T19:13:16.000Z",45.701965,5.883716,0,1,5.25,292.5,null
"2018-09-07T19:17:16.000Z",45.701965,5.883716,0,3,6.25,315,null
"2018-09-07T19:21:16.000Z",45.701965,5.883716,0,0.5,4.25,337.5,null
"2018-09-07T19:25:21.000Z",45.701965,5.883716,0,1.75,3.75,0,null
"2018-09-07T19:29:21.000Z",45.701965,5.883716,0,0,0.25,0,null
"2018-09-07T19:33:21.000Z",45.701965,5.883716,0,0,1.5,0,null
"2018-09-07T19:37:25.000Z",45.701965,5.883716,0,0.75,2.75,0,null
"2018-09-07T19:41:25.000Z",45.701965,5.883716,0,1.5,6.5,112.5,null
"2018-09-07T19:45:25.000Z",45.701965,5.883716,0,1,4.75,90,null
"2018-09-07T19:49:38.000Z",45.701965,5.883716,0,1.75,4.75,90,null
"2018-09-07T19:53:38.000Z",45.701965,5.883716,0,0.25,1.5,90,null
"2018-09-07T19:57:38.000Z",45.701965,5.883716,0,0.25,1.75,67.5,null
"2018-09-07T20:01:43.000Z",45.701965,5.883716,0,0,0.75,67.5,null
"2018-09-07T20:05:43.000Z",45.701965,5.883716,0,0,0,45,null
"2018-09-07T20:09:43.000Z",45.701965,5.883716,0,0,0.25,67.5,null
"2018-09-07T20:13:48.000Z",45.701965,5.883716,0,0,0,67.5,null
"2018-09-07T20:17:48.000Z",45.701965,5.883716,0,0,0,67.5,null
"2018-09-07T20:21:48.000Z",45.701965,5.883716,0,0,0,67.5,null
"2018-09-07T20:25:51.000Z",45.701965,5.883716,0,1.75,4.5,67.5,null
"2018-09-07T20:29:51.000Z",45.701965,5.883716,0,0.25,1.5,67.5,null
"2018-09-07T20:33:51.000Z",45.701965,5.883716,0,1.5,4.25,90,null
"2018-09-07T20:37:56.000Z",45.701965,5.883716,1.75,3,4.75,90,null
"2018-09-07T20:41:56.000Z",45.701965,5.883716,2,3.5,5.5,90,null
"2018-09-07T20:45:56.000Z",45.701965,5.883716,1.75,3.5,5.5,90,null
"2018-09-07T20:49:59.000Z",45.701965,5.883716,0.25,2,3.5,90,null
"2018-09-07T20:53:59.000Z",45.701965,5.883716,0,1.5,3.25,90,null
"2018-09-07T20:57:59.000Z",45.701965,5.883716,0,1.25,2.75,90,null
"2018-09-07T21:02:03.000Z",45.701965,5.883716,0,1.75,3.25,90,null
"2018-09-07T21:06:03.000Z",45.701965,5.883716,0,1,4.25,90,null
"2018-09-07T21:10:03.000Z",45.701965,5.883716,0.25,2.25,4.5,90,null
"2018-09-07T21:14:07.000Z",45.701965,5.883716,0.75,3,4.75,67.5,null
"2018-09-07T21:18:07.000Z",45.701965,5.883716,0.75,2.5,5.25,67.5,null
"2018-09-07T21:22:07.000Z",45.701965,5.883716,0,2,5.25,90,null
"2018-09-07T21:26:12.000Z",45.701965,5.883716,0,0.5,2,90,null
"2018-09-07T21:30:12.000Z",45.701965,5.883716,0,0,0.75,90,null
"2018-09-07T21:34:12.000Z",45.701965,5.883716,0,0.25,1.5,90,null
"2018-09-07T21:38:16.000Z",45.701965,5.883716,0,0,0.25,90,null
"2018-09-07T21:42:16.000Z",45.701965,5.883716,0,0,0,90,null
"2018-09-07T21:46:16.000Z",45.701965,5.883716,0,1.25,3.75,90,null
"2018-09-07T21:50:20.000Z",45.701965,5.883716,0,0.25,1.5,0,null
"2018-09-07T21:54:20.000Z",45.701965,5.883716,0,0.25,1,337.5,null
"2018-09-07T21:58:20.000Z",45.701965,5.883716,0,1.25,5.5,0,null
"2018-09-07T22:02:23.000Z",45.701965,5.883716,0,1.5,5.25,22.5,null
"2018-09-07T22:06:23.000Z",45.701965,5.883716,0,0.75,2.5,22.5,null
"2018-09-07T22:10:23.000Z",45.701965,5.883716,0,0.5,1.75,22.5,null
"2018-09-07T22:14:28.000Z",45.701965,5.883716,0,0.25,2.25,22.5,null
"2018-09-07T22:18:28.000Z",45.701965,5.883716,0,0.25,1.75,22.5,null
"2018-09-07T22:22:28.000Z",45.701965,5.883716,0,2.75,6.5,135,null
"2018-09-07T22:26:31.000Z",45.701965,5.883716,2,3.5,5.25,135,null
"2018-09-07T22:30:31.000Z",45.701965,5.883716,0,2.5,3.75,135,null
"2018-09-07T22:34:31.000Z",45.701965,5.883716,0.75,1.75,3.25,135,null
"2018-09-07T22:38:35.000Z",45.701965,5.883716,1,2.25,4.75,135,null
"2018-09-07T22:42:35.000Z",45.701965,5.883716,0,1,3.75,135,null
"2018-09-07T22:46:35.000Z",45.701965,5.883716,0,1,2.75,135,null
"2018-09-07T22:50:40.000Z",45.701965,5.883716,0,1.25,5.5,135,null
"2018-09-07T22:54:40.000Z",45.701965,5.883716,0.25,5,8.75,90,null
"2018-09-07T22:58:40.000Z",45.701965,5.883716,0.25,3.75,7.75,67.5,null
"2018-09-07T23:02:44.000Z",45.701965,5.883716,1,3.5,6,90,null
"2018-09-07T23:06:44.000Z",45.701965,5.883716,1,2.75,4.75,90,null
"2018-09-07T23:10:44.000Z",45.701965,5.883716,1.75,3.75,6,112.5,null
"2018-09-07T23:14:48.000Z",45.701965,5.883716,2.75,6,9,135,null
"2018-09-07T23:18:48.000Z",45.701965,5.883716,0.25,6.75,12,157.5,null
"2018-09-07T23:22:48.000Z",45.701965,5.883716,1.75,6.75,9.75,135,null
"2018-09-07T23:26:51.000Z",45.701965,5.883716,0,2,5.5,135,null
"2018-09-07T23:30:51.000Z",45.701965,5.883716,0,1.75,5.25,135,null
"2018-09-07T23:34:51.000Z",45.701965,5.883716,1,3.75,7.25,157.5,null
"2018-09-07T23:38:55.000Z",45.701965,5.883716,3.5,5,7.75,135,null
"2018-09-07T23:42:55.000Z",45.701965,5.883716,0,2.75,6.25,112.5,null
"2018-09-07T23:46:55.000Z",45.701965,5.883716,1.5,5,8,90,null
"2018-09-07T23:51:00.000Z",45.701965,5.883716,1.75,4.75,8.25,90,null
"2018-09-07T23:55:00.000Z",45.701965,5.883716,1,3,6,90,null
"2018-09-07T23:59:00.000Z",45.701965,5.883716,3.25,5,7,90,null
"2018-09-08T00:03:04.000Z",45.701965,5.883716,1,3.5,5.5,112.5,null
"2018-09-08T00:07:04.000Z",45.701965,5.883716,0.25,3,5.25,90,null
"2018-09-08T00:11:04.000Z",45.701965,5.883716,1.5,3.25,6,90,null
"2018-09-08T00:15:08.000Z",45.701965,5.883716,1.5,4,6,90,null
"2018-09-08T00:19:08.000Z",45.701965,5.883716,1,3,4.5,90,null
"2018-09-08T00:23:08.000Z",45.701965,5.883716,1.75,3.5,4.5,90,null
"2018-09-08T00:27:12.000Z",45.701965,5.883716,1.75,4.25,6.5,90,null
"2018-09-08T00:31:12.000Z",45.701965,5.883716,3.75,5.25,7,90,null
"2018-09-08T00:35:12.000Z",45.701965,5.883716,3.5,6.25,8.75,90,null
"2018-09-08T00:39:16.000Z",45.701965,5.883716,2.5,5.75,7.75,67.5,null
"2018-09-08T00:43:16.000Z",45.701965,5.883716,3.5,5.5,7.75,67.5,null
"2018-09-08T00:47:16.000Z",45.701965,5.883716,1.5,5.25,8.75,67.5,null
"2018-09-08T00:51:20.000Z",45.701965,5.883716,2.75,5.5,7,67.5,null
"2018-09-08T00:55:20.000Z",45.701965,5.883716,2,5.5,7.25,67.5,null
"2018-09-08T00:59:20.000Z",45.701965,5.883716,3.25,5.5,7,67.5,null
"2018-09-08T01:03:24.000Z",45.701965,5.883716,1.5,4.5,7.75,67.5,null
"2018-09-08T01:07:24.000Z",45.701965,5.883716,1.75,5,7,90,null
"2018-09-08T01:11:24.000Z",45.701965,5.883716,4.25,6,8.75,90,null
"2018-09-08T01:15:28.000Z",45.701965,5.883716,2,5.25,8.75,67.5,null
"2018-09-08T01:19:28.000Z",45.701965,5.883716,1.5,5,8.75,90,null
"2018-09-08T01:23:28.000Z",45.701965,5.883716,2,5.5,9.5,90,null
"2018-09-08T01:27:32.000Z",45.701965,5.883716,2.5,5,10.5,67.5,null
"2018-09-08T01:31:32.000Z",45.701965,5.883716,1.75,4,6,90,null
"2018-09-08T01:35:32.000Z",45.701965,5.883716,3.5,5.25,7.75,90,null
"2018-09-08T01:39:37.000Z",45.701965,5.883716,1.75,4.5,7,90,null
"2018-09-08T01:43:37.000Z",45.701965,5.883716,3.75,6.5,9.5,90,null
"2018-09-08T01:47:37.000Z",45.701965,5.883716,4.25,7.5,12,67.5,null
"2018-09-08T01:51:40.000Z",45.701965,5.883716,3.5,7.25,11,67.5,null
"2018-09-08T01:55:40.000Z",45.701965,5.883716,4.25,7.25,9.75,67.5,null
"2018-09-08T01:59:40.000Z",45.701965,5.883716,4.25,6.75,8,90,null
"2018-09-08T02:03:44.000Z",45.701965,5.883716,4.25,6.25,8.75,67.5,null
"2018-09-08T02:07:44.000Z",45.701965,5.883716,3.5,6,8.25,90,null
"2018-09-08T02:11:44.000Z",45.701965,5.883716,4.25,5.75,7,90,null
"2018-09-08T02:15:48.000Z",45.701965,5.883716,1.75,4.25,7.75,90,null
"2018-09-08T02:19:48.000Z",45.701965,5.883716,2,3.75,6.25,90,null
"2018-09-08T02:23:48.000Z",45.701965,5.883716,0.75,2.75,4.5,90,null
"2018-09-08T02:27:52.000Z",45.701965,5.883716,2,3.25,4.5,90,null
"2018-09-08T02:31:52.000Z",45.701965,5.883716,1,2.75,3.75,90,null
"2018-09-08T02:35:52.000Z",45.701965,5.883716,2.5,4.5,6,90,null
"2018-09-08T02:39:57.000Z",45.701965,5.883716,2.5,4.75,6.5,67.5,null
"2018-09-08T02:43:57.000Z",45.701965,5.883716,1.75,5.25,9.75,45,null
"2018-09-08T02:47:57.000Z",45.701965,5.883716,2.5,5.75,12,22.5,null
"2018-09-08T02:52:00.000Z",45.701965,5.883716,1,3,7.25,22.5,null
"2018-09-08T02:56:00.000Z",45.701965,5.883716,1.5,4.5,12,22.5,null
"2018-09-08T03:00:00.000Z",45.701965,5.883716,2,5.75,11,22.5,null
"2018-09-08T03:04:05.000Z",45.701965,5.883716,1.5,4.25,8.75,67.5,null
"2018-09-08T03:08:05.000Z",45.701965,5.883716,0.75,4,7.25,67.5,null
"2018-09-08T03:12:05.000Z",45.701965,5.883716,2,4.75,7,90,null
"2018-09-08T03:16:09.000Z",45.701965,5.883716,1.5,3.75,5.75,90,null
"2018-09-08T03:20:09.000Z",45.701965,5.883716,2,4.75,6.5,90,null
"2018-09-08T03:24:09.000Z",45.701965,5.883716,2.75,5.25,7,67.5,null
"2018-09-08T03:28:13.000Z",45.701965,5.883716,3.5,6.75,9,67.5,null
"2018-09-08T03:32:13.000Z",45.701965,5.883716,4.75,7.75,11.5,67.5,null
"2018-09-08T03:36:13.000Z",45.701965,5.883716,2.75,6,9,67.5,null
"2018-09-08T03:40:17.000Z",45.701965,5.883716,1.75,4.5,7.75,67.5,null
"2018-09-08T03:44:17.000Z",45.701965,5.883716,1,5,8.25,90,null
"2018-09-08T03:48:17.000Z",45.701965,5.883716,3.75,6.5,9,67.5,null
"2018-09-08T03:52:21.000Z",45.701965,5.883716,2.75,7,11.5,45,null
"2018-09-08T03:56:21.000Z",45.701965,5.883716,2.75,5.75,10,45,null
"2018-09-08T04:00:21.000Z",45.701965,5.883716,2.5,5.5,11,22.5,null
"2018-09-08T04:04:25.000Z",45.701965,5.883716,1.5,3.75,6.5,22.5,null
"2018-09-08T04:08:25.000Z",45.701965,5.883716,1,3.75,6.25,45,null
"2018-09-08T04:12:25.000Z",45.701965,5.883716,0,4,9.5,22.5,null
"2018-09-08T04:16:29.000Z",45.701965,5.883716,0.75,3,5.25,22.5,null
"2018-09-08T04:20:29.000Z",45.701965,5.883716,0,0.25,1.75,22.5,null
"2018-09-08T04:24:29.000Z",45.701965,5.883716,0,1.25,3.75,45,null
"2018-09-08T04:28:33.000Z",45.701965,5.883716,0,3.75,7.75,90,null
"2018-09-08T04:32:33.000Z",45.701965,5.883716,1,3.5,5.25,112.5,null
"2018-09-08T04:36:33.000Z",45.701965,5.883716,1.5,3.75,6.5,112.5,null
"2018-09-08T04:40:37.000Z",45.701965,5.883716,1,3.25,6.5,90,null
"2018-09-08T04:44:37.000Z",45.701965,5.883716,0.25,2,5.25,90,null
"2018-09-08T04:48:37.000Z",45.701965,5.883716,1,4.5,7.75,112.5,null
"2018-09-08T04:52:41.000Z",45.701965,5.883716,0.25,4.75,8.5,135,null
"2018-09-08T04:56:41.000Z",45.701965,5.883716,0.75,3.5,8,112.5,null
"2018-09-08T05:00:41.000Z",45.701965,5.883716,1.75,3.75,7,90,null
"2018-09-08T05:04:45.000Z",45.701965,5.883716,2.75,5.5,7,112.5,null
"2018-09-08T05:08:45.000Z",45.701965,5.883716,2,3.75,5.5,112.5,null
"2018-09-08T05:12:45.000Z",45.701965,5.883716,2.5,4.75,7.25,112.5,null
"2018-09-08T05:16:49.000Z",45.701965,5.883716,1.75,3.75,6.25,112.5,null
"2018-09-08T05:20:49.000Z",45.701965,5.883716,1.5,3,5.5,112.5,null
"2018-09-08T05:24:49.000Z",45.701965,5.883716,2,4.25,5.5,112.5,null
"2018-09-08T05:28:54.000Z",45.701965,5.883716,2.75,5.25,7.25,112.5,null
"2018-09-08T05:32:54.000Z",45.701965,5.883716,2.5,4.5,7.75,112.5,null
"2018-09-08T05:36:54.000Z",45.701965,5.883716,2.75,5.25,7.25,112.5,null
"2018-09-08T05:40:58.000Z",45.701965,5.883716,2.5,4.75,7,90,null
"2018-09-08T05:44:58.000Z",45.701965,5.883716,2.5,4.5,8.25,112.5,null
"2018-09-08T05:48:58.000Z",45.701965,5.883716,3.5,5.75,8.75,112.5,null
"2018-09-08T05:53:02.000Z",45.701965,5.883716,2.5,5.75,9,90,null
"2018-09-08T05:57:02.000Z",45.701965,5.883716,3.25,5.75,8.25,90,null
"2018-09-08T06:01:02.000Z",45.701965,5.883716,2.75,5,8.75,90,null
"2018-09-08T06:05:05.000Z",45.701965,5.883716,3.25,5.75,8.75,90,null
"2018-09-08T06:09:05.000Z",45.701965,5.883716,2,4.5,7.25,112.5,null
"2018-09-08T06:13:05.000Z",45.701965,5.883716,0.75,3.5,7,112.5,null
"2018-09-08T06:17:10.000Z",45.701965,5.883716,1,3.5,5.75,112.5,null
"2018-09-08T06:21:10.000Z",45.701965,5.883716,0.75,3.5,5.25,112.5,null
"2018-09-08T06:25:10.000Z",45.701965,5.883716,2,3.75,5.5,90,null
"2018-09-08T06:29:13.000Z",45.701965,5.883716,0.75,3,5.25,90,null
"2018-09-08T06:33:13.000Z",45.701965,5.883716,1.75,2.75,3.5,112.5,null
"2018-09-08T06:37:13.000Z",45.701965,5.883716,1,2.75,4.5,112.5,null
"2018-09-08T06:41:17.000Z",45.701965,5.883716,0,0.75,2.75,135,null
"2018-09-08T06:45:17.000Z",45.701965,5.883716,1,3.25,6,135,null
"2018-09-08T06:49:17.000Z",45.701965,5.883716,0.25,2.25,3.5,112.5,null
"2018-09-08T06:53:21.000Z",45.701965,5.883716,0.25,1.75,3.5,112.5,null
"2018-09-08T06:57:21.000Z",45.701965,5.883716,0,1.25,3.25,112.5,null
"2018-09-08T07:01:21.000Z",45.701965,5.883716,0.75,2,2.75,112.5,null
"2018-09-08T07:05:26.000Z",45.701965,5.883716,0.75,2.5,3.5,112.5,null
"2018-09-08T07:09:26.000Z",45.701965,5.883716,0,0.5,2,112.5,null
"2018-09-08T07:13:26.000Z",45.701965,5.883716,0,1.5,4.5,135,null
"2018-09-08T07:17:29.000Z",45.701965,5.883716,0,2,4.75,157.5,null
"2018-09-08T07:21:29.000Z",45.701965,5.883716,1,3.5,6,180,null
"2018-09-08T07:25:29.000Z",45.701965,5.883716,0,1.75,4.25,180,null
"2018-09-08T07:29:34.000Z",45.701965,5.883716,0.75,2.75,5.5,180,null
"2018-09-08T07:33:34.000Z",45.701965,5.883716,0,0.25,1.75,180,null
"2018-09-08T07:37:34.000Z",45.701965,5.883716,0,0.5,3.5,180,null
"2018-09-08T07:41:37.000Z",45.701965,5.883716,0.75,3.25,5.5,180,null
"2018-09-08T07:45:37.000Z",45.701965,5.883716,1.5,3,4.75,202.5,null
"2018-09-08T07:49:37.000Z",45.701965,5.883716,0.75,2,3.5,202.5,null
"2018-09-08T07:53:42.000Z",45.701965,5.883716,0,0.25,1.75,225,null
"2018-09-08T07:57:42.000Z",45.701965,5.883716,0,0.25,1.5,225,null
"2018-09-08T08:01:42.000Z",45.701965,5.883716,0,0,0.75,225,null
"2018-09-08T08:05:45.000Z",45.701965,5.883716,0,0,0.25,225,null
"2018-09-08T08:09:45.000Z",45.701965,5.883716,0,0.5,1.75,247.5,null
"2018-09-08T08:13:45.000Z",45.701965,5.883716,0,0,0.25,247.5,null
"2018-09-08T08:17:50.000Z",45.701965,5.883716,0,0.5,2.5,247.5,null
"2018-09-08T08:21:50.000Z",45.701965,5.883716,0,0.5,4.75,247.5,null
"2018-09-08T08:25:50.000Z",45.701965,5.883716,1.5,3,6,270,null
"2018-09-08T08:29:54.000Z",45.701965,5.883716,0,1,2.5,270,null
"2018-09-08T08:33:54.000Z",45.701965,5.883716,0,2.25,3.75,292.5,null
"2018-09-08T08:37:54.000Z",45.701965,5.883716,1,2,2.75,292.5,null
"2018-09-08T08:41:58.000Z",45.701965,5.883716,1,2.75,4,247.5,null
"2018-09-08T08:45:58.000Z",45.701965,5.883716,1,3,5.25,247.5,null
"2018-09-08T08:49:58.000Z",45.701965,5.883716,0,1.75,3.5,247.5,null
"2018-09-08T08:54:02.000Z",45.701965,5.883716,0,1.25,2.5,247.5,null
"2018-09-08T08:58:02.000Z",45.701965,5.883716,0,0.75,2.5,247.5,null
"2018-09-08T09:02:02.000Z",45.701965,5.883716,0,1.25,2.75,247.5,null
"2018-09-08T09:06:06.000Z",45.701965,5.883716,0,1.25,2.5,247.5,null
"2018-09-08T09:10:06.000Z",45.701965,5.883716,0,0.25,1.5,247.5,null
"2018-09-08T09:14:06.000Z",45.701965,5.883716,0,0.75,2.75,247.5,null
"2018-09-08T09:18:10.000Z",45.701965,5.883716,0,1,3.75,270,null
"2018-09-08T09:22:10.000Z",45.701965,5.883716,0.25,2.25,3.25,292.5,null
"2018-09-08T09:26:10.000Z",45.701965,5.883716,1,2,3.75,292.5,null
"2018-09-08T09:30:15.000Z",45.701965,5.883716,1,2.25,5.25,315,null
"2018-09-08T09:34:15.000Z",45.701965,5.883716,1.5,3.5,5.25,315,null
"2018-09-08T09:38:15.000Z",45.701965,5.883716,1.5,4,7,315,null
"2018-09-08T09:42:18.000Z",45.701965,5.883716,2,4.75,7.75,337.5,null
"2018-09-08T09:46:18.000Z",45.701965,5.883716,4.5,7,9,337.5,null
"2018-09-08T09:50:18.000Z",45.701965,5.883716,4.75,6.25,8.25,337.5,null
"2018-09-08T09:54:22.000Z",45.701965,5.883716,4.5,5.75,7.25,337.5,null
"2018-09-08T09:58:22.000Z",45.701965,5.883716,3.5,5.5,7,337.5,null
"2018-09-08T10:02:22.000Z",45.701965,5.883716,3.75,5.25,6.5,337.5,null
"2018-09-08T10:06:27.000Z",45.701965,5.883716,3.25,5,6.5,337.5,null
"2018-09-08T10:10:27.000Z",45.701965,5.883716,3.5,5,6.5,337.5,null
"2018-09-08T10:14:27.000Z",45.701965,5.883716,2.75,6.5,9.5,337.5,null
"2018-09-08T10:18:30.000Z",45.701965,5.883716,6.5,8.5,11,337.5,null
"2018-09-08T10:22:30.000Z",45.701965,5.883716,7.75,8.75,11,337.5,null
"2018-09-08T10:26:30.000Z",45.701965,5.883716,7,9.75,11,337.5,null
"2018-09-08T10:30:35.000Z",45.701965,5.883716,7,9.5,11,337.5,null
"2018-09-08T10:34:35.000Z",45.701965,5.883716,8.75,10,11,337.5,null
"2018-09-08T10:38:35.000Z",45.701965,5.883716,7,10.5,12,337.5,null
"2018-09-08T10:42:39.000Z",45.701965,5.883716,8.75,11,12.5,337.5,null
"2018-09-08T10:46:39.000Z",45.701965,5.883716,7.75,10,11.5,337.5,null
"2018-09-08T10:50:39.000Z",45.701965,5.883716,8.25,11,13,315,null
"2018-09-08T10:54:43.000Z",45.701965,5.883716,10,12,13.5,315,null
"2018-09-08T10:58:43.000Z",45.701965,5.883716,9.5,11.5,13,337.5,null
"2018-09-08T11:02:43.000Z",45.701965,5.883716,8.75,11,12,315,null
"2018-09-08T11:06:47.000Z",45.701965,5.883716,8.25,10,12,315,null
"2018-09-08T11:10:47.000Z",45.701965,5.883716,8.25,9.5,11,315,null
"2018-09-08T11:14:47.000Z",45.701965,5.883716,6.25,9.25,11.5,315,null
"2018-09-08T11:18:50.000Z",45.701965,5.883716,7.25,9,10.5,315,null
"2018-09-08T11:22:50.000Z",45.701965,5.883716,7.75,9.5,11,315,null
"2018-09-08T11:26:50.000Z",45.701965,5.883716,6.5,8.5,11,315,null
"2018-09-08T11:30:55.000Z",45.701965,5.883716,6,7.25,9,315,null
"2018-09-08T11:34:55.000Z",45.701965,5.883716,6.25,7.5,8.75,315,null
"2018-09-08T11:38:55.000Z",45.701965,5.883716,6,7.75,9,315,null
"2018-09-08T11:42:59.000Z",45.701965,5.883716,5.5,7.5,9,315,null
"2018-09-08T11:46:59.000Z",45.701965,5.883716,6,7,8.25,315,null
"2018-09-08T11:50:59.000Z",45.701965,5.883716,4.25,5.75,7.25,337.5,null
"2018-09-08T11:55:03.000Z",45.701965,5.883716,4.5,6.25,7.75,337.5,null
"2018-09-08T11:59:03.000Z",45.701965,5.883716,6.25,7.5,8.75,337.5,null
"2018-09-08T12:03:03.000Z",45.701965,5.883716,6,7.5,9.5,337.5,null
"2018-09-08T12:07:07.000Z",45.701965,5.883716,6,7,8,337.5,null
"2018-09-08T12:11:07.000Z",45.701965,5.883716,4.75,6.5,7.75,337.5,null
"2018-09-08T12:15:07.000Z",45.701965,5.883716,5.5,6.5,7.25,337.5,null
"2018-09-08T12:19:10.000Z",45.701965,5.883716,4.75,6.25,7,337.5,null
"2018-09-08T12:23:10.000Z",45.701965,5.883716,4.5,5.75,7.75,337.5,null
"2018-09-08T12:27:10.000Z",45.701965,5.883716,3.75,4.75,6,337.5,null
"2018-09-08T12:31:14.000Z",45.701965,5.883716,4.25,6,7.25,337.5,null
"2018-09-08T12:35:14.000Z",45.701965,5.883716,4.5,5.5,6.5,337.5,null
"2018-09-08T12:39:14.000Z",45.701965,5.883716,4.25,5.25,6.25,337.5,null
"2018-09-08T12:43:19.000Z",45.701965,5.883716,4.25,5.25,6.5,337.5,null
"2018-09-08T12:47:19.000Z",45.701965,5.883716,3.75,5.5,7,337.5,null
"2018-09-08T12:51:19.000Z",45.701965,5.883716,3.5,4.25,5.25,337.5,null
"2018-09-08T12:55:23.000Z",45.701965,5.883716,2.5,3.75,4.75,337.5,null
"2018-09-08T12:59:23.000Z",45.701965,5.883716,2.5,3.5,4.75,337.5,null
"2018-09-08T13:03:23.000Z",45.701965,5.883716,4.25,4.75,5.5,337.5,null
"2018-09-08T13:07:27.000Z",45.701965,5.883716,3.5,4.25,5.25,337.5,null
"2018-09-08T13:11:27.000Z",45.701965,5.883716,3.25,5,7,337.5,null
"2018-09-08T13:15:27.000Z",45.701965,5.883716,3.25,4,5.25,315,null
"2018-09-08T13:19:31.000Z",45.701965,5.883716,3.5,4.25,5.5,315,null
"2018-09-08T13:23:31.000Z",45.701965,5.883716,3.25,4.5,6.25,315,null
"2018-09-08T13:27:31.000Z",45.701965,5.883716,3.5,5,6.25,315,null
"2018-09-08T13:31:35.000Z",45.701965,5.883716,3.25,4.25,5.25,315,null
"2018-09-08T13:35:35.000Z",45.701965,5.883716,3.25,3.75,4.75,315,null
"2018-09-08T13:39:35.000Z",45.701965,5.883716,2.75,4,4.75,315,null
"2018-09-08T13:43:39.000Z",45.701965,5.883716,3.75,5,6,315,null
"2018-09-08T13:47:39.000Z",45.701965,5.883716,2.75,4,5.25,315,null
"2018-09-08T13:51:39.000Z",45.701965,5.883716,2.75,3.5,4.25,337.5,null
"2018-09-08T13:55:43.000Z",45.701965,5.883716,3.75,4.5,5.5,337.5,null
"2018-09-08T13:59:43.000Z",45.701965,5.883716,3.5,4.25,5.25,337.5,null
"2018-09-08T14:03:43.000Z",45.701965,5.883716,3.25,4.25,5.25,337.5,null
"2018-09-08T14:07:48.000Z",45.701965,5.883716,3.75,4.75,5.5,337.5,null
"2018-09-08T14:11:48.000Z",45.701965,5.883716,2.75,3.75,4.75,337.5,null
"2018-09-08T14:15:48.000Z",45.701965,5.883716,1.75,3,3.75,337.5,null
"2018-09-08T14:19:51.000Z",45.701965,5.883716,3.5,4.75,6,337.5,null
"2018-09-08T14:23:51.000Z",45.701965,5.883716,2.75,3.75,4.5,337.5,null
"2018-09-08T14:27:51.000Z",45.701965,5.883716,2.5,3.25,3.75,337.5,null
"2018-09-08T14:31:55.000Z",45.701965,5.883716,1.5,2.25,3.25,315,null
"2018-09-08T14:35:55.000Z",45.701965,5.883716,0,2.75,3.75,315,null
"2018-09-08T14:39:55.000Z",45.701965,5.883716,0,1.75,4.75,202.5,null
"2018-09-08T14:44:00.000Z",45.701965,5.883716,0,0,1,202.5,null
"2018-09-08T14:48:00.000Z",45.701965,5.883716,0,0.25,1,202.5,null
"2018-09-08T14:52:00.000Z",45.701965,5.883716,0,0,1,202.5,null
"2018-09-08T14:56:03.000Z",45.701965,5.883716,0,0.25,1.75,202.5,null
"2018-09-08T15:00:03.000Z",45.701965,5.883716,1,2.25,3.5,202.5,null
"2018-09-08T15:04:03.000Z",45.701965,5.883716,0,0.75,3.5,202.5,null
"2018-09-08T15:08:08.000Z",45.701965,5.883716,0,0,0.25,202.5,null
"2018-09-08T15:12:08.000Z",45.701965,5.883716,0,0.25,1.75,225,null
"2018-09-08T15:16:08.000Z",45.701965,5.883716,0,0.75,2,270,null
"2018-09-08T15:20:11.000Z",45.701965,5.883716,1.75,3.5,5.5,292.5,null
"2018-09-08T15:24:11.000Z",45.701965,5.883716,2,3,4.25,315,null
"2018-09-08T15:28:11.000Z",45.701965,5.883716,2,3,4.25,315,null
"2018-09-08T15:32:16.000Z",45.701965,5.883716,2.5,3.75,6.25,315,null
"2018-09-08T15:36:16.000Z",45.701965,5.883716,4.75,6.5,8.25,337.5,null
"2018-09-08T15:40:16.000Z",45.701965,5.883716,6.25,7.5,9,315,null
"2018-09-08T15:44:19.000Z",45.701965,5.883716,5.5,7,9,292.5,null
"2018-09-08T15:48:19.000Z",45.701965,5.883716,4.75,6.75,8.25,292.5,null
"2018-09-08T15:52:19.000Z",45.701965,5.883716,1.5,3.5,6,292.5,null
"2018-09-08T15:56:24.000Z",45.701965,5.883716,1,5,7.25,337.5,null
"2018-09-08T16:00:24.000Z",45.701965,5.883716,6,6.75,7.75,337.5,null
"2018-09-08T16:04:24.000Z",45.701965,5.883716,3.75,4.75,6,337.5,null
"2018-09-08T16:08:28.000Z",45.701965,5.883716,2.75,4.5,5.5,337.5,null
"2018-09-08T16:12:28.000Z",45.701965,5.883716,1.75,3.5,4.75,337.5,null
"2018-09-08T16:16:28.000Z",45.701965,5.883716,1.75,3.5,4.75,337.5,null
"2018-09-08T16:20:32.000Z",45.701965,5.883716,1.75,3,4.75,337.5,null
"2018-09-08T16:24:32.000Z",45.701965,5.883716,2.75,5,6.5,337.5,null
"2018-09-08T16:28:32.000Z",45.701965,5.883716,3.5,4.75,6,337.5,null
"2018-09-08T16:32:35.000Z",45.701965,5.883716,1,2.5,4.25,337.5,null
"2018-09-08T16:36:35.000Z",45.701965,5.883716,0,1.25,2.5,337.5,null
"2018-09-08T16:40:35.000Z",45.701965,5.883716,0,1.25,3.75,337.5,null
"2018-09-08T16:44:40.000Z",45.701965,5.883716,3.5,4,4.5,337.5,null
"2018-09-08T16:48:40.000Z",45.701965,5.883716,2,3,4.25,337.5,null
"2018-09-08T16:52:40.000Z",45.701965,5.883716,1,3.5,4.5,337.5,null
"2018-09-08T16:56:44.000Z",45.701965,5.883716,0,1.25,2.5,337.5,null
"2018-09-08T17:00:44.000Z",45.701965,5.883716,0,1.5,2.75,337.5,null
"2018-09-08T17:04:44.000Z",45.701965,5.883716,0,0,0,337.5,null
"2018-09-08T17:08:47.000Z",45.701965,5.883716,0,0,0,337.5,null
"2018-09-08T17:12:47.000Z",45.701965,5.883716,0,1,2.5,337.5,null
"2018-09-08T17:16:47.000Z",45.701965,5.883716,0,0.5,2.75,337.5,null
"2018-09-08T17:20:52.000Z",45.701965,5.883716,0,0,0,337.5,null
"2018-09-08T17:24:52.000Z",45.701965,5.883716,0,0,0,337.5,null
"2018-09-08T17:28:52.000Z",45.701965,5.883716,0,0,0,337.5,null
"2018-09-08T17:32:56.000Z",45.701965,5.883716,0,0,0,337.5,null
"2018-09-08T17:36:56.000Z",45.701965,5.883716,0,2,6.5,180,null
"2018-09-08T17:40:56.000Z",45.701965,5.883716,3.25,4.75,7,180,null
"2018-09-08T17:45:00.000Z",45.701965,5.883716,1.5,3.75,6.5,180,null
"2018-09-08T17:49:00.000Z",45.701965,5.883716,1.5,4,6.5,180,null
"2018-09-08T17:53:00.000Z",45.701965,5.883716,0,3,6.5,180,null
"2018-09-08T17:57:04.000Z",45.701965,5.883716,0.75,2.5,4.75,180,null
"2018-09-08T18:01:04.000Z",45.701965,5.883716,0,1.75,5.25,180,null
"2018-09-08T18:05:04.000Z",45.701965,5.883716,0,0.75,4.5,180,null
"2018-09-08T18:09:08.000Z",45.701965,5.883716,0,0.25,1.75,180,null
"2018-09-08T18:13:08.000Z",45.701965,5.883716,0,0,0.25,180,null
"2018-09-08T18:17:08.000Z",45.701965,5.883716,0,0.5,2.5,180,null
"2018-09-08T18:21:12.000Z",45.701965,5.883716,0.25,1.75,4.5,180,null
"2018-09-08T18:25:12.000Z",45.701965,5.883716,3.75,5.75,8.25,180,null
"2018-09-08T18:29:12.000Z",45.701965,5.883716,0.75,3.25,8.25,157.5,null
"2018-09-08T18:33:16.000Z",45.701965,5.883716,0.25,1.75,3.75,157.5,null
"2018-09-08T18:37:16.000Z",45.701965,5.883716,1,3,5.25,157.5,null
"2018-09-08T18:41:16.000Z",45.701965,5.883716,0.25,2.5,4.75,157.5,null
"2018-09-08T18:45:20.000Z",45.701965,5.883716,0.75,2.75,5.25,135,null
"2018-09-08T18:49:20.000Z",45.701965,5.883716,1.75,3.5,7,135,null
"2018-09-08T18:53:20.000Z",45.701965,5.883716,1,2.5,3.75,135,null
"2018-09-08T18:57:24.000Z",45.701965,5.883716,0.5,2.5,5.25,135,null
"2018-09-08T19:01:24.000Z",45.701965,5.883716,1,3.25,6.25,112.5,null
"2018-09-08T19:05:24.000Z",45.701965,5.883716,0.75,3.25,6,112.5,null
"2018-09-08T19:09:28.000Z",45.701965,5.883716,1.5,3.5,6.25,112.5,null
"2018-09-08T19:13:28.000Z",45.701965,5.883716,1.75,4.25,6.25,112.5,null
"2018-09-08T19:17:28.000Z",45.701965,5.883716,0.75,2.25,3.75,135,null
"2018-09-08T19:21:33.000Z",45.701965,5.883716,1.5,2.75,4.25,135,null
"2018-09-08T19:25:33.000Z",45.701965,5.883716,0,0.75,3.75,135,null
"2018-09-08T19:29:33.000Z",45.701965,5.883716,0,1,3.25,112.5,null
"2018-09-08T19:33:36.000Z",45.701965,5.883716,0,0.5,2.75,112.5,null
"2018-09-08T19:37:36.000Z",45.701965,5.883716,0,0.75,2.75,112.5,null
"2018-09-08T19:41:36.000Z",45.701965,5.883716,0,0,0.25,112.5,null
"2018-09-08T19:46:28.000Z",45.701965,5.883716,0,0,1.75,112.5,null
"2018-09-08T19:50:28.000Z",45.701965,5.883716,1,2.5,4.5,112.5,null
"2018-09-08T19:54:28.000Z",45.701965,5.883716,1.5,3.5,5.5,112.5,null
"2018-09-08T19:58:33.000Z",45.701965,5.883716,2,3.5,5.25,112.5,null
"2018-09-08T20:02:33.000Z",45.701965,5.883716,2,3.25,5.25,112.5,null
"2018-09-08T20:06:33.000Z",45.701965,5.883716,2.75,4.75,7.75,90,null
"2018-09-08T20:10:37.000Z",45.701965,5.883716,2.75,5,9,112.5,null
"2018-09-08T20:14:37.000Z",45.701965,5.883716,2.5,5,8,90,null
"2018-09-08T20:18:37.000Z",45.701965,5.883716,2.5,4.75,8.25,90,null
"2018-09-08T20:22:41.000Z",45.701965,5.883716,2.5,5.5,8.75,112.5,null
"2018-09-08T20:26:41.000Z",45.701965,5.883716,2,4.5,8.25,112.5,null
"2018-09-08T20:30:41.000Z",45.701965,5.883716,1.5,5,8,90,null
"2018-09-08T20:34:45.000Z",45.701965,5.883716,1.75,4.25,8,90,null
"2018-09-08T20:38:45.000Z",45.701965,5.883716,3.25,4.25,7,112.5,null
"2018-09-08T20:42:45.000Z",45.701965,5.883716,2.75,4.75,6.5,90,null
"2018-09-08T20:46:49.000Z",45.701965,5.883716,3.25,5,7,90,null
"2018-09-08T20:50:49.000Z",45.701965,5.883716,3.5,5.25,6.5,90,null
"2018-09-08T20:54:49.000Z",45.701965,5.883716,3.5,5,7,90,null
"2018-09-08T20:58:52.000Z",45.701965,5.883716,3.25,4.75,9,90,null
"2018-09-08T21:02:52.000Z",45.701965,5.883716,4.5,7,9.75,90,null
"2018-09-08T21:06:52.000Z",45.701965,5.883716,0.75,2.25,7,90,null
"2018-09-08T21:10:56.000Z",45.701965,5.883716,2,4,6.5,90,null
"2018-09-08T21:14:56.000Z",45.701965,5.883716,2.5,3.5,4.5,90,null
"2018-09-08T21:18:56.000Z",45.701965,5.883716,2,3.5,5.25,90,null
"2018-09-08T21:23:01.000Z",45.701965,5.883716,1.75,3,4.5,90,null
"2018-09-08T21:27:01.000Z",45.701965,5.883716,1.75,3.5,4.75,112.5,null
"2018-09-08T21:31:01.000Z",45.701965,5.883716,1.75,3.5,6,90,null
"2018-09-08T21:35:05.000Z",45.701965,5.883716,1.75,2.5,3.75,90,null
"2018-09-08T21:39:05.000Z",45.701965,5.883716,1.5,2.75,5.25,90,null
"2018-09-08T21:43:05.000Z",45.701965,5.883716,1.5,3.25,5.5,90,null
"2018-09-08T21:47:08.000Z",45.701965,5.883716,2,4.25,6.25,90,null
"2018-09-08T21:51:08.000Z",45.701965,5.883716,2.5,4.5,6,90,null
"2018-09-08T21:55:08.000Z",45.701965,5.883716,2.5,4.25,7,90,null
"2018-09-08T21:59:13.000Z",45.701965,5.883716,2,4.25,7,90,null
"2018-09-08T22:03:13.000Z",45.701965,5.883716,3.25,5,6.5,90,null
"2018-09-08T22:07:13.000Z",45.701965,5.883716,3.75,5.25,6.5,90,null
"2018-09-08T22:11:17.000Z",45.701965,5.883716,2.5,4,5.75,90,null
"2018-09-08T22:15:17.000Z",45.701965,5.883716,2,3.75,4.5,90,null
"2018-09-08T22:19:17.000Z",45.701965,5.883716,2.5,4,6,90,null
"2018-09-08T22:23:21.000Z",45.701965,5.883716,2.5,3.75,4.75,90,null
"2018-09-08T22:27:21.000Z",45.701965,5.883716,1.75,3.5,5.5,90,null
"2018-09-08T22:31:21.000Z",45.701965,5.883716,3.75,5.25,7,90,null
"2018-09-08T22:35:25.000Z",45.701965,5.883716,2.75,4,5.25,90,null
"2018-09-08T22:39:25.000Z",45.701965,5.883716,1.5,3.5,5.5,90,null
"2018-09-08T22:43:25.000Z",45.701965,5.883716,3.25,5,7,90,null
"2018-09-08T22:47:30.000Z",45.701965,5.883716,3.5,5.5,7,90,null
"2018-09-08T22:51:30.000Z",45.701965,5.883716,4.5,5.75,7,67.5,null
"2018-09-08T22:55:30.000Z",45.701965,5.883716,1.5,3.5,6,90,null
"2018-09-08T22:59:33.000Z",45.701965,5.883716,1.5,3,4.75,90,null
"2018-09-08T23:03:33.000Z",45.701965,5.883716,1,3,5.25,90,null
"2018-09-08T23:07:33.000Z",45.701965,5.883716,2.5,4.5,6.5,90,null
"2018-09-08T23:11:37.000Z",45.701965,5.883716,2.75,4.75,7.75,90,null
"2018-09-08T23:15:37.000Z",45.701965,5.883716,2,5,8,90,null
"2018-09-08T23:19:37.000Z",45.701965,5.883716,1.5,4,7,90,null
"2018-09-08T23:23:42.000Z",45.701965,5.883716,2,4.75,7,90,null
"2018-09-08T23:27:42.000Z",45.701965,5.883716,2.75,4,5.5,90,null
"2018-09-08T23:31:42.000Z",45.701965,5.883716,0.75,2.25,4.5,90,null
"2018-09-08T23:35:45.000Z",45.701965,5.883716,1.75,3.75,5.5,112.5,null
"2018-09-08T23:39:45.000Z",45.701965,5.883716,2.5,3.75,5.25,90,null
"2018-09-08T23:43:45.000Z",45.701965,5.883716,2.75,4.25,6.25,90,null
"2018-09-08T23:47:50.000Z",45.701965,5.883716,3.75,5.75,7,90,null
"2018-09-08T23:51:50.000Z",45.701965,5.883716,3.25,4,5.25,90,null
"2018-09-08T23:55:50.000Z",45.701965,5.883716,2.5,4,4.75,90,null
"2018-09-08T23:59:53.000Z",45.701965,5.883716,2.5,4.5,5.5,90,null
"2018-09-09T00:03:53.000Z",45.701965,5.883716,2.5,4.25,6,90,null
"2018-09-09T00:07:53.000Z",45.701965,5.883716,2.75,4.5,6.5,90,null
"2018-09-09T00:11:57.000Z",45.701965,5.883716,2.5,3.75,6.25,90,null
"2018-09-09T00:15:57.000Z",45.701965,5.883716,2,2.75,4.25,90,null
"2018-09-09T00:19:57.000Z",45.701965,5.883716,2,2.75,3.25,90,null
"2018-09-09T00:24:02.000Z",45.701965,5.883716,0.75,1.5,2.5,90,null
"2018-09-09T00:28:02.000Z",45.701965,5.883716,0.75,1.75,2.75,90,null
"2018-09-09T00:32:02.000Z",45.701965,5.883716,1.75,2.5,3.25,90,null
"2018-09-09T00:36:06.000Z",45.701965,5.883716,2,3.25,4.25,112.5,null
"2018-09-09T00:40:06.000Z",45.701965,5.883716,1.5,3.25,5.25,112.5,null
"2018-09-09T00:44:06.000Z",45.701965,5.883716,1.75,3.25,5.25,112.5,null
"2018-09-09T00:48:10.000Z",45.701965,5.883716,2.5,3.5,5.25,112.5,null
"2018-09-09T00:52:10.000Z",45.701965,5.883716,2,4.25,5.5,112.5,null
"2018-09-09T00:56:10.000Z",45.701965,5.883716,2,4.25,7,112.5,null
"2018-09-09T01:00:13.000Z",45.701965,5.883716,3.5,5,6.5,90,null
"2018-09-09T01:04:13.000Z",45.701965,5.883716,2.75,4.5,7,112.5,null
"2018-09-09T01:08:13.000Z",45.701965,5.883716,2.5,4.5,6.5,90,null
"2018-09-09T01:12:18.000Z",45.701965,5.883716,2,3.75,5.25,90,null
"2018-09-09T01:16:18.000Z",45.701965,5.883716,1.5,3.5,6,90,null
"2018-09-09T01:20:18.000Z",45.701965,5.883716,1,3.25,5.25,90,null
"2018-09-09T01:24:22.000Z",45.701965,5.883716,1.5,3,4.25,90,null
"2018-09-09T01:28:22.000Z",45.701965,5.883716,1.75,3.5,4.75,112.5,null
"2018-09-09T01:32:22.000Z",45.701965,5.883716,1.5,3.25,5.25,112.5,null
"2018-09-09T01:36:26.000Z",45.701965,5.883716,1.5,3.75,6.25,90,null
"2018-09-09T01:40:26.000Z",45.701965,5.883716,1.75,3.75,5.5,90,null
"2018-09-09T01:44:26.000Z",45.701965,5.883716,2,4.25,6,90,null
"2018-09-09T01:48:29.000Z",45.701965,5.883716,2,3.75,6.25,90,null
"2018-09-09T01:52:29.000Z",45.701965,5.883716,2,3.75,7,90,null
"2018-09-09T01:56:29.000Z",45.701965,5.883716,1,2.5,4.5,90,null
"2018-09-09T02:00:34.000Z",45.701965,5.883716,1,5,7.25,90,null
"2018-09-09T02:04:34.000Z",45.701965,5.883716,1.75,4.5,6.25,90,null
"2018-09-09T02:08:34.000Z",45.701965,5.883716,1.75,4,6,90,null
"2018-09-09T02:12:38.000Z",45.701965,5.883716,3.25,4.75,6.25,90,null
"2018-09-09T02:16:38.000Z",45.701965,5.883716,2.75,4.5,8.25,90,null
"2018-09-09T02:20:38.000Z",45.701965,5.883716,3.5,5.25,7,90,null
"2018-09-09T02:24:41.000Z",45.701965,5.883716,3.25,4.75,6.5,90,null
"2018-09-09T02:28:41.000Z",45.701965,5.883716,3.25,4.5,6.5,90,null
"2018-09-09T02:32:41.000Z",45.701965,5.883716,1.5,3.5,5.25,90,null
"2018-09-09T02:36:46.000Z",45.701965,5.883716,2.75,4.25,5.5,90,null
"2018-09-09T02:40:46.000Z",45.701965,5.883716,2,4.25,6,90,null
"2018-09-09T02:44:46.000Z",45.701965,5.883716,2.75,5,7,90,null
"2018-09-09T02:48:51.000Z",45.701965,5.883716,2,3.75,5.25,90,null
"2018-09-09T02:52:51.000Z",45.701965,5.883716,1.5,3.5,6,90,null
"2018-09-09T02:56:51.000Z",45.701965,5.883716,2,3.5,5.5,90,null
"2018-09-09T03:00:54.000Z",45.701965,5.883716,3.25,5,6.25,90,null
"2018-09-09T03:04:54.000Z",45.701965,5.883716,2.75,4,6,67.5,null
"2018-09-09T03:08:54.000Z",45.701965,5.883716,1,2.5,3.75,90,null
"2018-09-09T03:12:58.000Z",45.701965,5.883716,1.5,2.25,3.25,90,null
"2018-09-09T03:16:58.000Z",45.701965,5.883716,1,2.5,3.5,90,null
"2018-09-09T03:20:58.000Z",45.701965,5.883716,0.25,2.25,3.5,90,null
"2018-09-09T03:25:02.000Z",45.701965,5.883716,1.75,3.25,4.5,90,null
"2018-09-09T03:29:02.000Z",45.701965,5.883716,2.75,3.75,4.75,90,null
"2018-09-09T03:33:02.000Z",45.701965,5.883716,2.5,4,6.25,90,null
"2018-09-09T03:37:07.000Z",45.701965,5.883716,2.75,4.5,6.25,90,null
"2018-09-09T03:41:07.000Z",45.701965,5.883716,2.75,5.25,7,90,null
"2018-09-09T03:45:07.000Z",45.701965,5.883716,1.75,4,7,90,null
"2018-09-09T03:49:11.000Z",45.701965,5.883716,2.5,4.75,8.25,90,null
"2018-09-09T03:53:11.000Z",45.701965,5.883716,2,4.75,7.75,90,null
"2018-09-09T03:57:11.000Z",45.701965,5.883716,1.5,3.75,6,90,null
"2018-09-09T04:01:15.000Z",45.701965,5.883716,1.75,3.5,4.75,90,null
"2018-09-09T04:05:15.000Z",45.701965,5.883716,1.5,2.5,3.75,90,null
"2018-09-09T04:09:15.000Z",45.701965,5.883716,0.75,2,3.25,90,null
"2018-09-09T04:13:19.000Z",45.701965,5.883716,1.5,2.5,3.75,90,null
"2018-09-09T04:17:19.000Z",45.701965,5.883716,0.25,2.25,4.25,90,null
"2018-09-09T04:21:19.000Z",45.701965,5.883716,0.75,1.75,3.5,90,null
"2018-09-09T04:25:23.000Z",45.701965,5.883716,1.5,2.75,3.5,90,null
"2018-09-09T04:29:23.000Z",45.701965,5.883716,1.5,3,4.25,90,null
"2018-09-09T04:33:23.000Z",45.701965,5.883716,2.5,4,5.5,90,null
"2018-09-09T04:37:27.000Z",45.701965,5.883716,1.5,3.25,5.25,90,null
"2018-09-09T04:41:27.000Z",45.701965,5.883716,1.5,3.25,5.25,90,null
"2018-09-09T04:45:27.000Z",45.701965,5.883716,2,4,6,90,null
"2018-09-09T04:49:30.000Z",45.701965,5.883716,0.75,2.75,5.5,90,null
"2018-09-09T04:53:30.000Z",45.701965,5.883716,2.5,4.75,7.25,135,null
"2018-09-09T04:57:30.000Z",45.701965,5.883716,0,3.5,7,157.5,null
"2018-09-09T05:01:34.000Z",45.701965,5.883716,0,2,4.5,157.5,null
"2018-09-09T05:05:34.000Z",45.701965,5.883716,0.75,2.5,5.5,180,null
"2018-09-09T05:09:34.000Z",45.701965,5.883716,0,3.25,6,180,null
"2018-09-09T05:13:39.000Z",45.701965,5.883716,0,1,2.5,180,null
"2018-09-09T05:17:39.000Z",45.701965,5.883716,0,3.25,7.25,135,null
"2018-09-09T05:21:39.000Z",45.701965,5.883716,2.5,5.75,11,90,null
"2018-09-09T05:25:42.000Z",45.701965,5.883716,1,6.75,12.5,90,null
"2018-09-09T05:29:42.000Z",45.701965,5.883716,0,5.5,12,90,null
"2018-09-09T05:33:42.000Z",45.701965,5.883716,1.75,4.25,8.75,90,null
"2018-09-09T05:37:47.000Z",45.701965,5.883716,0.75,4,9.75,112.5,null
"2018-09-09T05:41:47.000Z",45.701965,5.883716,3.5,5.75,8.25,180,null
"2018-09-09T05:45:47.000Z",45.701965,5.883716,0,4.5,9,135,null
"2018-09-09T05:49:51.000Z",45.701965,5.883716,1,4.5,7.75,135,null
"2018-09-09T05:53:51.000Z",45.701965,5.883716,1.5,4.25,6.5,135,null
"2018-09-09T05:57:51.000Z",45.701965,5.883716,0,2.5,6.25,135,null
"2018-09-09T06:01:55.000Z",45.701965,5.883716,0,4,8,112.5,null
"2018-09-09T06:05:55.000Z",45.701965,5.883716,1,4.25,8,112.5,null
"2018-09-09T06:09:55.000Z",45.701965,5.883716,1,4,8,112.5,null
"2018-09-09T06:13:58.000Z",45.701965,5.883716,0,3,7.75,112.5,null
"2018-09-09T06:17:58.000Z",45.701965,5.883716,0,3.5,6.25,112.5,null
"2018-09-09T06:21:58.000Z",45.701965,5.883716,0.25,4.25,8,112.5,null
"2018-09-09T06:26:02.000Z",45.701965,5.883716,0.75,3.25,7.75,112.5,null
"2018-09-09T06:30:02.000Z",45.701965,5.883716,0.75,3,6.25,112.5,null
"2018-09-09T06:34:02.000Z",45.701965,5.883716,0.25,4.25,10,112.5,null
"2018-09-09T06:38:07.000Z",45.701965,5.883716,1.25,4,6.5,112.5,null
"2018-09-09T06:42:07.000Z",45.701965,5.883716,0.25,3,5.5,112.5,null
"2018-09-09T06:46:07.000Z",45.701965,5.883716,0.25,3.75,11,112.5,null
"2018-09-09T06:50:11.000Z",45.701965,5.883716,0.25,3.75,9,135,null
"2018-09-09T06:54:11.000Z",45.701965,5.883716,0.25,6.5,12.5,157.5,null
"2018-09-09T06:58:11.000Z",45.701965,5.883716,4.75,8.25,13,157.5,null
"2018-09-09T07:02:15.000Z",45.701965,5.883716,3.5,7.5,11.5,157.5,null
"2018-09-09T07:06:15.000Z",45.701965,5.883716,3.25,6.5,10.5,180,null
"2018-09-09T07:10:15.000Z",45.701965,5.883716,3.25,7.25,11,180,null
"2018-09-09T07:14:19.000Z",45.701965,5.883716,4.75,8.75,13,180,null
"2018-09-09T07:18:19.000Z",45.701965,5.883716,3.5,7,10.5,180,null
"2018-09-09T07:22:19.000Z",45.701965,5.883716,2,7.25,12,180,null
"2018-09-09T07:26:23.000Z",45.701965,5.883716,3.25,8,12,180,null
"2018-09-09T07:30:23.000Z",45.701965,5.883716,3.25,8,11.5,180,null
"2018-09-09T07:34:23.000Z",45.701965,5.883716,2.5,7.5,9.75,180,null
"2018-09-09T07:38:27.000Z",45.701965,5.883716,3.75,8.25,10.5,202.5,null
"2018-09-09T07:42:27.000Z",45.701965,5.883716,0,6.25,10.5,202.5,null
"2018-09-09T07:46:27.000Z",45.701965,5.883716,5.25,8,9.75,202.5,null
"2018-09-09T07:50:31.000Z",45.701965,5.883716,5.25,8,10.5,202.5,null
"2018-09-09T07:54:31.000Z",45.701965,5.883716,2,7,9.75,202.5,null
"2018-09-09T07:58:31.000Z",45.701965,5.883716,3.5,6.75,8.75,202.5,null
"2018-09-09T08:02:36.000Z",45.701965,5.883716,4.75,7.25,9.75,180,null
"2018-09-09T08:06:36.000Z",45.701965,5.883716,3.5,6.25,8.75,180,null
"2018-09-09T08:10:36.000Z",45.701965,5.883716,4.5,7,8.75,180,null
"2018-09-09T08:14:39.000Z",45.701965,5.883716,4.25,7.75,9.75,202.5,null
"2018-09-09T08:18:39.000Z",45.701965,5.883716,3.25,7.25,10,180,null
"2018-09-09T08:22:39.000Z",45.701965,5.883716,3.25,7.5,10,202.5,null
"2018-09-09T08:26:44.000Z",45.701965,5.883716,5.25,7.75,9.5,202.5,null
"2018-09-09T08:30:44.000Z",45.701965,5.883716,6,7.5,10,202.5,null
"2018-09-09T08:34:44.000Z",45.701965,5.883716,5.25,7.5,9.75,202.5,null
"2018-09-09T08:38:48.000Z",45.701965,5.883716,4.75,8,9.75,202.5,null
"2018-09-09T08:42:48.000Z",45.701965,5.883716,3.5,7.5,10.5,202.5,null
"2018-09-09T08:46:48.000Z",45.701965,5.883716,4.25,7.75,9,202.5,null
"2018-09-09T08:50:51.000Z",45.701965,5.883716,2.75,6.75,8.75,202.5,null
"2018-09-09T08:54:51.000Z",45.701965,5.883716,2.5,6,8,202.5,null
"2018-09-09T08:58:51.000Z",45.701965,5.883716,2.5,5.5,8,202.5,null
"2018-09-09T09:02:56.000Z",45.701965,5.883716,2.5,6.25,8.25,202.5,null
"2018-09-09T09:06:56.000Z",45.701965,5.883716,7,8.5,10,202.5,null
"2018-09-09T09:10:56.000Z",45.701965,5.883716,6,8.5,10.5,202.5,null
"2018-09-09T09:14:59.000Z",45.701965,5.883716,7,9,10.5,202.5,null
"2018-09-09T09:18:59.000Z",45.701965,5.883716,5.25,8.25,11,202.5,null
"2018-09-09T09:22:59.000Z",45.701965,5.883716,2.75,7.25,9,202.5,null
"2018-09-09T09:27:04.000Z",45.701965,5.883716,5.25,7.25,9,202.5,null
"2018-09-09T09:31:04.000Z",45.701965,5.883716,6,8,9,202.5,null
"2018-09-09T09:35:04.000Z",45.701965,5.883716,7,8.25,9.5,202.5,null
"2018-09-09T09:39:07.000Z",45.701965,5.883716,6,8.5,9.75,202.5,null
"2018-09-09T09:43:07.000Z",45.701965,5.883716,5.5,8,9.5,202.5,null
"2018-09-09T09:47:07.000Z",45.701965,5.883716,4.5,8,9.75,202.5,null
"2018-09-09T09:51:11.000Z",45.701965,5.883716,5.5,8,9.5,202.5,null
"2018-09-09T09:55:11.000Z",45.701965,5.883716,5.25,8,9.5,202.5,null
"2018-09-09T09:59:11.000Z",45.701965,5.883716,5.5,7.5,9,202.5,null
"2018-09-09T10:03:16.000Z",45.701965,5.883716,4.75,7.25,8.25,202.5,null
"2018-09-09T10:07:16.000Z",45.701965,5.883716,4.25,6.75,8.25,202.5,null
"2018-09-09T10:11:16.000Z",45.701965,5.883716,1,5.25,7.25,202.5,null
"2018-09-09T10:15:19.000Z",45.701965,5.883716,1.5,5.25,6.5,202.5,null
"2018-09-09T10:19:19.000Z",45.701965,5.883716,2,5,6.5,202.5,null
"2018-09-09T10:23:19.000Z",45.701965,5.883716,2,4.5,5.5,202.5,null
"2018-09-09T10:27:24.000Z",45.701965,5.883716,1.5,3.75,5,202.5,null
"2018-09-09T10:31:24.000Z",45.701965,5.883716,1.75,2.5,4.25,202.5,null
"2018-09-09T10:35:24.000Z",45.701965,5.883716,1,2.5,3.5,202.5,null
"2018-09-09T10:39:27.000Z",45.701965,5.883716,0,0.75,2,202.5,null
"2018-09-09T10:43:27.000Z",45.701965,5.883716,0,0.5,1.5,202.5,null
"2018-09-09T10:47:27.000Z",45.701965,5.883716,0.25,1.25,2,202.5,null
"2018-09-09T10:51:31.000Z",45.701965,5.883716,0.25,1,1.75,202.5,null
"2018-09-09T10:55:31.000Z",45.701965,5.883716,1.5,2,3.5,202.5,null
"2018-09-09T10:59:31.000Z",45.701965,5.883716,2,3,3.5,202.5,null
"2018-09-09T11:03:36.000Z",45.701965,5.883716,2.5,3.25,4.25,202.5,null
"2018-09-09T11:07:36.000Z",45.701965,5.883716,2.75,3.75,4.5,202.5,null
"2018-09-09T11:11:36.000Z",45.701965,5.883716,2.5,3.25,4.25,202.5,null
"2018-09-09T11:15:40.000Z",45.701965,5.883716,1,2.25,3.25,202.5,null
"2018-09-09T11:19:40.000Z",45.701965,5.883716,0.25,1.5,2.75,202.5,null
"2018-09-09T11:23:40.000Z",45.701965,5.883716,0,0.25,2,225,null
"2018-09-09T11:27:44.000Z",45.701965,5.883716,0,1.25,2,225,null
"2018-09-09T11:31:44.000Z",45.701965,5.883716,0,0.5,1.75,247.5,null
"2018-09-09T11:35:44.000Z",45.701965,5.883716,0,0.25,1.5,270,null
"2018-09-09T11:39:48.000Z",45.701965,5.883716,0.25,2,3.75,292.5,null
"2018-09-09T11:43:48.000Z",45.701965,5.883716,1,1.5,2.5,292.5,null
"2018-09-09T11:47:48.000Z",45.701965,5.883716,0.75,1.5,2.5,292.5,null
"2018-09-09T11:51:52.000Z",45.701965,5.883716,0.25,1,1.75,292.5,null
"2018-09-09T11:55:52.000Z",45.701965,5.883716,0.25,1.5,2.5,292.5,null
"2018-09-09T11:59:52.000Z",45.701965,5.883716,0,1,2,292.5,null
"2018-09-09T12:03:56.000Z",45.701965,5.883716,0,0,0,292.5,null
"2018-09-09T12:07:56.000Z",45.701965,5.883716,0,0.75,3.75,315,null
"2018-09-09T12:11:56.000Z",45.701965,5.883716,1,3.25,5.25,315,null
"2018-09-09T12:16:00.000Z",45.701965,5.883716,1,2.5,4.25,315,null
"2018-09-09T12:20:00.000Z",45.701965,5.883716,2.75,4,5.25,315,null
"2018-09-09T12:24:00.000Z",45.701965,5.883716,2,3,3.75,315,null
"2018-09-09T12:28:05.000Z",45.701965,5.883716,0,1.75,4,315,null
"2018-09-09T12:32:05.000Z",45.701965,5.883716,0,0,0,315,null
"2018-09-09T12:36:05.000Z",45.701965,5.883716,0,0,0,315,null
"2018-09-09T12:40:09.000Z",45.701965,5.883716,0,0,0,315,null
"2018-09-09T12:44:09.000Z",45.701965,5.883716,0,0,0,315,null
"2018-09-09T12:48:09.000Z",45.701965,5.883716,0,0,0,315,null
"2018-09-09T12:52:12.000Z",45.701965,5.883716,0,1,1.75,315,null
"2018-09-09T12:56:12.000Z",45.701965,5.883716,1.75,2.25,2.75,315,null
"2018-09-09T13:00:12.000Z",45.701965,5.883716,0,1,2,315,null
"2018-09-09T13:04:17.000Z",45.701965,5.883716,0,0,0,315,null
"2018-09-09T13:08:17.000Z",45.701965,5.883716,0,0.75,3.25,315,null
"2018-09-09T13:12:17.000Z",45.701965,5.883716,0,1,3.5,315,null
"2018-09-09T13:16:20.000Z",45.701965,5.883716,1.75,4.5,6.5,292.5,null
"2018-09-09T13:20:20.000Z",45.701965,5.883716,0,1.25,4.5,292.5,null
"2018-09-09T13:24:20.000Z",45.701965,5.883716,0,0.75,3.5,292.5,null
"2018-09-09T13:28:24.000Z",45.701965,5.883716,1.5,2.5,3.5,292.5,null
"2018-09-09T13:32:24.000Z",45.701965,5.883716,0.75,1.5,2,292.5,null
"2018-09-09T13:36:24.000Z",45.701965,5.883716,1.75,4.75,7.25,270,null
"2018-09-09T13:40:29.000Z",45.701965,5.883716,0.75,3.25,6.25,270,null
"2018-09-09T13:44:29.000Z",45.701965,5.883716,0,0,1,270,null
"2018-09-09T13:48:29.000Z",45.701965,5.883716,0,0.25,1.5,270,null
"2018-09-09T13:52:33.000Z",45.701965,5.883716,0,2.5,5.25,202.5,null
"2018-09-09T13:56:33.000Z",45.701965,5.883716,0,0.75,2.75,202.5,null
"2018-09-09T14:00:33.000Z",45.701965,5.883716,0,0,1.75,202.5,null
"2018-09-09T14:04:37.000Z",45.701965,5.883716,2,6,8,225,null
"2018-09-09T14:08:37.000Z",45.701965,5.883716,0.75,2.5,5.25,225,null
"2018-09-09T14:12:37.000Z",45.701965,5.883716,0,0,0.75,225,null
"2018-09-09T14:16:41.000Z",45.701965,5.883716,0,1.25,2.75,225,null
"2018-09-09T14:20:41.000Z",45.701965,5.883716,0,0.25,3.25,225,null
"2018-09-09T14:24:41.000Z",45.701965,5.883716,3.25,4.5,6.25,270,null
"2018-09-09T14:28:45.000Z",45.701965,5.883716,1.75,3.25,4.75,270,null
"2018-09-09T14:32:45.000Z",45.701965,5.883716,1,2,3.5,270,null
"2018-09-09T14:36:45.000Z",45.701965,5.883716,1.75,2.75,3.5,270,null
"2018-09-09T14:40:48.000Z",45.701965,5.883716,0,0.5,2,270,null
"2018-09-09T14:44:48.000Z",45.701965,5.883716,0,0,0,270,null
"2018-09-09T14:48:48.000Z",45.701965,5.883716,0,0,0,270,null
"2018-09-09T14:52:53.000Z",45.701965,5.883716,0,0,0,270,null
"2018-09-09T14:56:53.000Z",45.701965,5.883716,0,0.75,1.5,270,null
"2018-09-09T15:00:53.000Z",45.701965,5.883716,0,0.75,1.5,270,null
"2018-09-09T15:04:56.000Z",45.701965,5.883716,0,0,0,270,null
"2018-09-09T15:08:56.000Z",45.701965,5.883716,0,0,0,270,null
"2018-09-09T15:12:56.000Z",45.701965,5.883716,0,0,0,270,null
"2018-09-09T15:17:01.000Z",45.701965,5.883716,0,2.5,4.25,270,null
"2018-09-09T15:21:01.000Z",45.701965,5.883716,0,1.25,2.75,270,null
"2018-09-09T15:25:01.000Z",45.701965,5.883716,0,0,0.25,270,null
"2018-09-09T15:29:05.000Z",45.701965,5.883716,0,0,0,270,null
"2018-09-09T15:33:05.000Z",45.701965,5.883716,0,1,2.75,270,null
"2018-09-09T15:37:05.000Z",45.701965,5.883716,0,0,0.75,270,null
"2018-09-09T15:41:09.000Z",45.701965,5.883716,0,0,0,270,null
"2018-09-09T15:45:09.000Z",45.701965,5.883716,0,0,0,270,null
"2018-09-09T15:49:09.000Z",45.701965,5.883716,0,0,0,270,null
"2018-09-09T15:53:13.000Z",45.701965,5.883716,0,0,0,292.5,null
"2018-09-09T15:57:13.000Z",45.701965,5.883716,0,0.75,2.5,292.5,null
"2018-09-09T16:01:13.000Z",45.701965,5.883716,0,0.25,1,292.5,null
"2018-09-09T16:05:17.000Z",45.701965,5.883716,0,0,0.25,292.5,null
"2018-09-09T16:09:17.000Z",45.701965,5.883716,0,0.5,2.5,292.5,null
"2018-09-09T16:13:17.000Z",45.701965,5.883716,0,0,0,292.5,null
"2018-09-09T16:17:22.000Z",45.701965,5.883716,0,0,0,292.5,null
"2018-09-09T16:21:22.000Z",45.701965,5.883716,0,0,0,292.5,null
"2018-09-09T16:25:22.000Z",45.701965,5.883716,0,4,10.5,270,null
"2018-09-09T16:29:25.000Z",45.701965,5.883716,0,1.5,5.5,292.5,null
"2018-09-09T16:33:25.000Z",45.701965,5.883716,0,0,0,270,null
"2018-09-09T16:37:25.000Z",45.701965,5.883716,0,0,0,270,null
"2018-09-09T16:41:29.000Z",45.701965,5.883716,0,0,0,270,null
"2018-09-09T16:45:29.000Z",45.701965,5.883716,0,0,0,270,null
"2018-09-09T16:49:29.000Z",45.701965,5.883716,0,1,2,270,null
"2018-09-09T16:53:33.000Z",45.701965,5.883716,0,2.75,5.25,202.5,null
"2018-09-09T16:57:33.000Z",45.701965,5.883716,0,0.25,1.75,202.5,null
"2018-09-09T17:01:33.000Z",45.701965,5.883716,0,0,0.75,202.5,null
"2018-09-09T17:05:37.000Z",45.701965,5.883716,0,0,0.75,202.5,null
"2018-09-09T17:09:37.000Z",45.701965,5.883716,0,0.5,3.25,202.5,null
"2018-09-09T17:13:37.000Z",45.701965,5.883716,2.5,4.25,6,202.5,null
"2018-09-09T17:17:41.000Z",45.701965,5.883716,1.5,3,4.75,202.5,null
"2018-09-09T17:21:41.000Z",45.701965,5.883716,2.5,3.75,4.25,202.5,null
"2018-09-09T17:25:41.000Z",45.701965,5.883716,1,2.5,3.75,202.5,null
"2018-09-09T17:29:46.000Z",45.701965,5.883716,0,0.75,3.25,202.5,null
"2018-09-09T17:33:46.000Z",45.701965,5.883716,0,0,0.25,202.5,null
"2018-09-09T17:37:46.000Z",45.701965,5.883716,0,2,5.5,202.5,null
"2018-09-09T17:41:49.000Z",45.701965,5.883716,1,3.25,4.5,180,null
"2018-09-09T17:45:49.000Z",45.701965,5.883716,1,2.5,3.75,180,null
"2018-09-09T17:49:49.000Z",45.701965,5.883716,0,0.75,1.75,180,null
"2018-09-09T17:53:54.000Z",45.701965,5.883716,0.25,1.5,2,180,null
"2018-09-09T17:57:54.000Z",45.701965,5.883716,0.75,3,5.25,180,null
"2018-09-09T18:01:54.000Z",45.701965,5.883716,0,2.25,4.75,180,null
"2018-09-09T18:05:58.000Z",45.701965,5.883716,0,2.25,3.75,180,null
"2018-09-09T18:09:58.000Z",45.701965,5.883716,0.25,2.75,4.25,180,null
"2018-09-09T18:13:58.000Z",45.701965,5.883716,0,0,0.75,180,null
"2018-09-09T18:18:02.000Z",45.701965,5.883716,0,0,0,180,null
"2018-09-09T18:22:02.000Z",45.701965,5.883716,0,0,0,180,null
"2018-09-09T18:26:02.000Z",45.701965,5.883716,0,0.25,1,180,null
"2018-09-09T18:30:06.000Z",45.701965,5.883716,0.75,1.75,2.5,180,null
"2018-09-09T18:34:06.000Z",45.701965,5.883716,0,1,2.75,180,null
"2018-09-09T18:38:06.000Z",45.701965,5.883716,0,0.25,1.75,180,null
"2018-09-09T18:42:10.000Z",45.701965,5.883716,0,0.5,2,180,null
"2018-09-09T18:46:10.000Z",45.701965,5.883716,0,2,6.5,112.5,null
"2018-09-09T18:50:10.000Z",45.701965,5.883716,0,1.75,5.25,112.5,null
"2018-09-09T18:54:14.000Z",45.701965,5.883716,0,1.5,5.25,90,null
"2018-09-09T18:58:14.000Z",45.701965,5.883716,0,3.25,7.25,135,null
"2018-09-09T19:02:14.000Z",45.701965,5.883716,0.25,3.25,5.5,180,null
"2018-09-09T19:06:18.000Z",45.701965,5.883716,0,1.75,5.25,180,null
"2018-09-09T19:10:18.000Z",45.701965,5.883716,2,4.25,6,180,null
"2018-09-09T19:14:18.000Z",45.701965,5.883716,2,4.25,6,157.5,null
"2018-09-09T19:18:21.000Z",45.701965,5.883716,4.5,6.25,8.25,157.5,null
"2018-09-09T19:22:21.000Z",45.701965,5.883716,1.75,4.25,6.5,180,null
"2018-09-09T19:26:21.000Z",45.701965,5.883716,2.5,5.75,7.25,180,null
"2018-09-09T19:30:26.000Z",45.701965,5.883716,2,4.25,6.25,202.5,null
"2018-09-09T19:34:26.000Z",45.701965,5.883716,0,1.75,4.75,180,null
"2018-09-09T19:38:26.000Z",45.701965,5.883716,0.25,2.75,4.75,180,null
"2018-09-09T19:42:30.000Z",45.701965,5.883716,0,0.25,2,180,null
"2018-09-09T19:46:30.000Z",45.701965,5.883716,0,0,0,180,null
"2018-09-09T19:50:30.000Z",45.701965,5.883716,0,0.5,1.5,180,null
"2018-09-09T19:54:42.000Z",45.701965,5.883716,0,0,0.75,180,null
"2018-09-09T19:58:42.000Z",45.701965,5.883716,0,0,0,180,null
"2018-09-09T20:02:42.000Z",45.701965,5.883716,0,0.25,1,180,null
"2018-09-09T20:06:46.000Z",45.701965,5.883716,0,0.25,2.75,180,null
"2018-09-09T20:10:46.000Z",45.701965,5.883716,1.75,4.75,7.75,157.5,null
"2018-09-09T20:14:46.000Z",45.701965,5.883716,0.75,3,5.5,135,null
"2018-09-09T20:18:49.000Z",45.701965,5.883716,3.5,6,7.25,135,null
"2018-09-09T20:22:49.000Z",45.701965,5.883716,0,2.5,6,112.5,null
"2018-09-09T20:26:49.000Z",45.701965,5.883716,0,2,6.5,112.5,null
"2018-09-09T20:30:54.000Z",45.701965,5.883716,0,1,3.25,90,null
"2018-09-09T20:34:54.000Z",45.701965,5.883716,0,3.5,6.25,112.5,null
"2018-09-09T20:38:54.000Z",45.701965,5.883716,1,4,7,67.5,null
"2018-09-09T20:42:58.000Z",45.701965,5.883716,0,2.75,8.5,22.5,null
"2018-09-09T20:46:58.000Z",45.701965,5.883716,0,0,0.25,22.5,null
"2018-09-09T20:50:58.000Z",45.701965,5.883716,0.75,3.25,6.25,0,null
"2018-09-09T20:55:02.000Z",45.701965,5.883716,0,0,0.75,0,null
"2018-09-09T20:59:02.000Z",45.701965,5.883716,0,0.25,1.5,0,null
"2018-09-09T21:03:02.000Z",45.701965,5.883716,0,0.25,2,0,null
"2018-09-09T21:07:06.000Z",45.701965,5.883716,0,0,1.75,22.5,null
"2018-09-09T21:11:06.000Z",45.701965,5.883716,0,0,1,22.5,null
"2018-09-09T21:15:06.000Z",45.701965,5.883716,0,0.5,1.5,22.5,null
"2018-09-09T21:19:10.000Z",45.701965,5.883716,0,0,1,22.5,null
"2018-09-09T21:23:10.000Z",45.701965,5.883716,0,1.25,2.5,22.5,null
"2018-09-09T21:27:10.000Z",45.701965,5.883716,0,0.25,1,22.5,null
"2018-09-09T21:31:14.000Z",45.701965,5.883716,0,0.75,2,22.5,null
"2018-09-09T21:35:14.000Z",45.701965,5.883716,0.25,1.5,2.5,22.5,null
"2018-09-09T21:39:14.000Z",45.701965,5.883716,0,0.5,1.5,22.5,null
"2018-09-09T21:43:18.000Z",45.701965,5.883716,0.25,1.25,2,22.5,null
"2018-09-09T21:47:18.000Z",45.701965,5.883716,0.25,1,1.75,22.5,null
"2018-09-09T21:51:18.000Z",45.701965,5.883716,0,0.5,1.75,22.5,null
"2018-09-09T21:55:22.000Z",45.701965,5.883716,0.25,1.25,1.75,22.5,null
"2018-09-09T21:59:22.000Z",45.701965,5.883716,0.75,1.5,2,22.5,null
"2018-09-09T22:03:22.000Z",45.701965,5.883716,0,0.75,1.75,22.5,null
"2018-09-09T22:07:27.000Z",45.701965,5.883716,0,0.75,2,22.5,null
"2018-09-09T22:11:27.000Z",45.701965,5.883716,1.75,3,4.5,22.5,null
"2018-09-09T22:15:27.000Z",45.701965,5.883716,0,1.75,4.75,22.5,null
"2018-09-09T22:19:30.000Z",45.701965,5.883716,0,1.5,3.75,22.5,null
"2018-09-09T22:23:30.000Z",45.701965,5.883716,1,4.5,12,0,null
"2018-09-09T22:27:30.000Z",45.701965,5.883716,2.5,7,11,0,null
"2018-09-09T22:31:34.000Z",45.701965,5.883716,0,4,9.75,0,null
"2018-09-09T22:35:34.000Z",45.701965,5.883716,0.25,1.5,3.75,22.5,null
"2018-09-09T22:39:34.000Z",45.701965,5.883716,0,1.25,3.75,22.5,null
"2018-09-09T22:43:38.000Z",45.701965,5.883716,0.25,2,3.25,22.5,null
"2018-09-09T22:47:38.000Z",45.701965,5.883716,0,1.25,3.25,22.5,null
"2018-09-09T22:51:38.000Z",45.701965,5.883716,0,0,1,22.5,null
"2018-09-09T22:55:43.000Z",45.701965,5.883716,0,0,0,22.5,null
"2018-09-09T22:59:43.000Z",45.701965,5.883716,0,0,0,22.5,null
"2018-09-09T23:03:43.000Z",45.701965,5.883716,0,0,0.75,22.5,null
"2018-09-09T23:07:47.000Z",45.701965,5.883716,0,0,0,22.5,null
"2018-09-09T23:11:47.000Z",45.701965,5.883716,0,0,0,22.5,null
"2018-09-09T23:15:47.000Z",45.701965,5.883716,0,0,0.75,22.5,null
"2018-09-09T23:19:50.000Z",45.701965,5.883716,0,0.75,2,22.5,null
"2018-09-09T23:23:50.000Z",45.701965,5.883716,0,0,1.5,22.5,null
"2018-09-09T23:27:50.000Z",45.701965,5.883716,0,0.5,2,22.5,null
"2018-09-09T23:31:54.000Z",45.701965,5.883716,0,1,7.75,135,null
"2018-09-09T23:35:54.000Z",45.701965,5.883716,2,5,7.75,135,null
"2018-09-09T23:39:54.000Z",45.701965,5.883716,1.5,3.25,4.75,135,null
"2018-09-09T23:43:59.000Z",45.701965,5.883716,3.25,4.75,7.25,135,null
"2018-09-09T23:47:59.000Z",45.701965,5.883716,2.75,4.75,6.5,112.5,null
"2018-09-09T23:51:59.000Z",45.701965,5.883716,1,3.25,6.5,112.5,null
"2018-09-09T23:56:03.000Z",45.701965,5.883716,1.75,3.5,5.25,112.5,null
"2018-09-10T00:00:03.000Z",45.701965,5.883716,2,4.5,6,90,null
"2018-09-10T00:04:03.000Z",45.701965,5.883716,2.5,3.5,4.5,90,null
"2018-09-10T00:08:07.000Z",45.701965,5.883716,2,4,5.25,90,null
"2018-09-10T00:12:07.000Z",45.701965,5.883716,1.75,3.25,4.5,90,null
"2018-09-10T00:16:07.000Z",45.701965,5.883716,1.75,2.25,4.25,90,null
"2018-09-10T00:20:10.000Z",45.701965,5.883716,2,3.75,6.25,90,null
"2018-09-10T00:24:10.000Z",45.701965,5.883716,2,3.25,5.25,90,null
"2018-09-10T00:28:10.000Z",45.701965,5.883716,1.5,2.25,3.5,90,null
"2018-09-10T00:44:19.000Z",45.701965,5.883716,1.75,3.5,5.25,90,null
"2018-09-10T00:48:19.000Z",45.701965,5.883716,1.5,3.5,7,90,null
"2018-09-10T00:52:19.000Z",45.701965,5.883716,3.5,5.5,8,90,null
"2018-09-10T00:56:23.000Z",45.701965,5.883716,2.75,4.5,6,90,null
"2018-09-10T01:00:23.000Z",45.701965,5.883716,2,3.75,6,90,null
"2018-09-10T01:04:23.000Z",45.701965,5.883716,1.5,3,4.5,90,null
"2018-09-10T01:08:27.000Z",45.701965,5.883716,2,3,3.75,90,null
"2018-09-10T01:12:27.000Z",45.701965,5.883716,1.75,3,5.25,90,null
"2018-09-10T01:16:27.000Z",45.701965,5.883716,2.75,4,5.25,90,null
"2018-09-10T01:20:32.000Z",45.701965,5.883716,2.5,3.5,4.25,90,null
"2018-09-10T01:24:32.000Z",45.701965,5.883716,1.75,3.5,4.25,90,null
"2018-09-10T01:28:32.000Z",45.701965,5.883716,2,3,3.75,90,null
"2018-09-10T01:32:35.000Z",45.701965,5.883716,2.5,4.25,6.5,112.5,null
"2018-09-10T01:36:35.000Z",45.701965,5.883716,2.5,4.5,7,112.5,null
"2018-09-10T01:40:35.000Z",45.701965,5.883716,1.75,4.25,6.25,112.5,null
"2018-09-10T01:44:39.000Z",45.701965,5.883716,2,3.75,6,90,null
"2018-09-10T01:48:39.000Z",45.701965,5.883716,3.25,4.75,7,90,null
"2018-09-10T01:52:39.000Z",45.701965,5.883716,2,3.75,6,90,null
"2018-09-10T01:56:44.000Z",45.701965,5.883716,1.75,3.75,5.25,90,null
"2018-09-10T02:00:44.000Z",45.701965,5.883716,3.75,5,6.25,90,null
"2018-09-10T02:04:44.000Z",45.701965,5.883716,2.75,4.5,6.5,90,null
"2018-09-10T02:08:48.000Z",45.701965,5.883716,2,4.25,7.25,90,null
"2018-09-10T02:12:48.000Z",45.701965,5.883716,2.75,4.75,6.5,90,null
"2018-09-10T02:16:48.000Z",45.701965,5.883716,2.5,3.5,5.25,90,null
"2018-09-10T02:20:51.000Z",45.701965,5.883716,2,3.75,5.5,90,null
"2018-09-10T02:24:51.000Z",45.701965,5.883716,1.5,3.75,5.5,90,null
"2018-09-10T02:28:51.000Z",45.701965,5.883716,2.75,4.75,6.25,90,null
"2018-09-10T02:32:55.000Z",45.701965,5.883716,2,5,6.5,90,null
"2018-09-10T02:36:55.000Z",45.701965,5.883716,3.25,4.25,5.5,90,null
"2018-09-10T02:40:55.000Z",45.701965,5.883716,2.5,3.5,4.75,90,null
"2018-09-10T02:44:59.000Z",45.701965,5.883716,2.5,4.25,6.25,90,null
"2018-09-10T02:48:59.000Z",45.701965,5.883716,2,3.5,5.5,90,null
"2018-09-10T02:52:59.000Z",45.701965,5.883716,2,3.25,4.75,112.5,null
"2018-09-10T02:57:03.000Z",45.701965,5.883716,1.75,2.75,3.75,112.5,null
"2018-09-10T03:01:03.000Z",45.701965,5.883716,0.25,2.25,3.75,112.5,null
"2018-09-10T03:05:03.000Z",45.701965,5.883716,0,1,2.75,112.5,null
"2018-09-10T03:09:07.000Z",45.701965,5.883716,0,0,0,112.5,null
"2018-09-10T03:13:07.000Z",45.701965,5.883716,0,1.75,3.75,112.5,null
"2018-09-10T03:17:07.000Z",45.701965,5.883716,1.5,2.75,4.25,112.5,null
"2018-09-10T03:21:12.000Z",45.701965,5.883716,1.5,3.5,5.5,112.5,null
"2018-09-10T03:25:12.000Z",45.701965,5.883716,2,4.25,6.5,90,null
"2018-09-10T03:29:12.000Z",45.701965,5.883716,1.5,3,6,90,null
"2018-09-10T03:33:15.000Z",45.701965,5.883716,0,1,4.25,90,null
"2018-09-10T03:37:15.000Z",45.701965,5.883716,0,3.5,8.25,90,null
"2018-09-10T03:41:15.000Z",45.701965,5.883716,3.5,5.25,7.75,90,null
"2018-09-10T03:45:20.000Z",45.701965,5.883716,3.25,4.75,6.25,90,null
"2018-09-10T03:49:20.000Z",45.701965,5.883716,1,2.75,5.5,90,null
"2018-09-10T03:53:20.000Z",45.701965,5.883716,0,1.25,2.5,90,null
"2018-09-10T03:57:24.000Z",45.701965,5.883716,0,1,1.75,90,null
"2018-09-10T04:01:24.000Z",45.701965,5.883716,0,0,0.25,90,null
"2018-09-10T04:05:24.000Z",45.701965,5.883716,0,0,1,90,null
"2018-09-10T04:09:28.000Z",45.701965,5.883716,1,2.5,3.5,90,null
"2018-09-10T04:13:28.000Z",45.701965,5.883716,0.75,2.25,3.25,90,null
"2018-09-10T04:17:28.000Z",45.701965,5.883716,0,0.5,2.5,90,null
"2018-09-10T04:21:32.000Z",45.701965,5.883716,0,2.75,6.25,135,null
"2018-09-10T04:25:32.000Z",45.701965,5.883716,2.5,4,6,135,null
"2018-09-10T04:29:32.000Z",45.701965,5.883716,0,2,4.5,135,null
"2018-09-10T04:33:36.000Z",45.701965,5.883716,0,2.75,5.5,112.5,null
"2018-09-10T04:37:36.000Z",45.701965,5.883716,1,2.5,4.5,112.5,null
"2018-09-10T04:41:36.000Z",45.701965,5.883716,0,1.5,3.25,112.5,null
"2018-09-10T04:45:40.000Z",45.701965,5.883716,0,0.5,1.5,112.5,null
"2018-09-10T04:49:40.000Z",45.701965,5.883716,0,0,0.25,112.5,null
"2018-09-10T04:53:40.000Z",45.701965,5.883716,0,0.25,2.5,112.5,null
"2018-09-10T04:57:44.000Z",45.701965,5.883716,0,1.25,3.25,112.5,null
"2018-09-10T05:01:44.000Z",45.701965,5.883716,0,0.75,4.25,45,null
"2018-09-10T05:05:44.000Z",45.701965,5.883716,0,1.75,4.5,22.5,null
"2018-09-10T05:09:48.000Z",45.701965,5.883716,0,1,3.75,0,null
"2018-09-10T05:13:48.000Z",45.701965,5.883716,0,2.25,4.5,337.5,null
"2018-09-10T05:17:48.000Z",45.701965,5.883716,0.75,3.5,7.75,45,null
"2018-09-10T05:21:52.000Z",45.701965,5.883716,1,3,5.25,90,null
"2018-09-10T05:25:52.000Z",45.701965,5.883716,0,0.25,1.75,90,null
"2018-09-10T05:29:52.000Z",45.701965,5.883716,0,0.75,2.5,67.5,null
"2018-09-10T05:33:56.000Z",45.701965,5.883716,0,0.75,2.5,67.5,null
"2018-09-10T05:37:56.000Z",45.701965,5.883716,0,0,0,67.5,null
"2018-09-10T05:41:56.000Z",45.701965,5.883716,0,1.25,4.25,202.5,null
"2018-09-10T05:46:00.000Z",45.701965,5.883716,0,3.5,6.25,225,null
"2018-09-10T05:50:00.000Z",45.701965,5.883716,0,0.25,1,225,null
"2018-09-10T05:54:00.000Z",45.701965,5.883716,0,0.25,1.5,225,null
"2018-09-10T05:58:05.000Z",45.701965,5.883716,0,1,2,225,null
"2018-09-10T06:02:05.000Z",45.701965,5.883716,0,0.5,1.75,202.5,null
"2018-09-10T06:06:05.000Z",45.701965,5.883716,0.25,1.5,3.75,202.5,null
"2018-09-10T06:10:08.000Z",45.701965,5.883716,0,0.5,2.5,202.5,null
"2018-09-10T06:14:08.000Z",45.701965,5.883716,0,1.25,1.75,202.5,null
"2018-09-10T06:18:08.000Z",45.701965,5.883716,0,2.25,4.25,202.5,null
"2018-09-10T06:22:12.000Z",45.701965,5.883716,1,3.75,7,180,null
"2018-09-10T06:26:12.000Z",45.701965,5.883716,0,3.75,7.25,157.5,null
"2018-09-10T06:30:12.000Z",45.701965,5.883716,0,2.25,6.5,157.5,null
"2018-09-10T06:34:17.000Z",45.701965,5.883716,2.5,5.75,9.75,90,null
"2018-09-10T06:38:17.000Z",45.701965,5.883716,1.5,6,10.5,90,null
"2018-09-10T06:42:17.000Z",45.701965,5.883716,2,4.75,8.25,90,null
"2018-09-10T06:46:21.000Z",45.701965,5.883716,0.25,3.75,10,90,null
"2018-09-10T06:50:21.000Z",45.701965,5.883716,0,4.5,9.5,90,null
"2018-09-10T06:54:21.000Z",45.701965,5.883716,2.75,5.75,10.5,90,null
"2018-09-10T06:58:24.000Z",45.701965,5.883716,0,2,5.25,112.5,null
"2018-09-10T07:02:24.000Z",45.701965,5.883716,0,2.25,6.25,157.5,null
"2018-09-10T07:06:24.000Z",45.701965,5.883716,0,1.25,4.5,135,null
"2018-09-10T07:10:29.000Z",45.701965,5.883716,0,3.5,5.5,45,null
"2018-09-10T07:14:29.000Z",45.701965,5.883716,0,1.75,3.75,22.5,null
"2018-09-10T07:18:29.000Z",45.701965,5.883716,0,0,0.25,45,null
"2018-09-10T07:22:33.000Z",45.701965,5.883716,0,0.5,2.75,45,null
"2018-09-10T07:26:33.000Z",45.701965,5.883716,0,0,1,45,null
"2018-09-10T07:30:33.000Z",45.701965,5.883716,0,1.25,8,180,null
"2018-09-10T07:34:37.000Z",45.701965,5.883716,0,0.75,4.5,135,null
"2018-09-10T07:38:37.000Z",45.701965,5.883716,0,5.5,10,180,null
"2018-09-10T07:42:37.000Z",45.701965,5.883716,3.25,7.5,12,180,null
"2018-09-10T07:46:40.000Z",45.701965,5.883716,6.25,10.5,13,180,null
"2018-09-10T07:50:40.000Z",45.701965,5.883716,5.25,9.75,12,202.5,null
"2018-09-10T07:54:40.000Z",45.701965,5.883716,7.75,9.5,11.5,202.5,null
"2018-09-10T07:58:45.000Z",45.701965,5.883716,2.75,8,11,202.5,null
"2018-09-10T08:02:45.000Z",45.701965,5.883716,4.75,7.5,10.5,202.5,null
"2018-09-10T08:06:45.000Z",45.701965,5.883716,4.75,7.75,9.75,202.5,null
"2018-09-10T08:10:48.000Z",45.701965,5.883716,5.5,8.75,11,202.5,null
"2018-09-10T08:14:48.000Z",45.701965,5.883716,5.5,8.25,10,202.5,null
"2018-09-10T08:18:48.000Z",45.701965,5.883716,6,8,10,202.5,null
"2018-09-10T08:22:53.000Z",45.701965,5.883716,7,9.5,12,202.5,null
"2018-09-10T08:26:53.000Z",45.701965,5.883716,3.75,9.25,12,202.5,null
"2018-09-10T08:30:53.000Z",45.701965,5.883716,6,10,12,202.5,null
"2018-09-10T08:34:57.000Z",45.701965,5.883716,8,9.75,11.5,225,null
"2018-09-10T08:38:57.000Z",45.701965,5.883716,7.75,9.25,11,225,null
"2018-09-10T08:42:57.000Z",45.701965,5.883716,7.25,8.75,10,225,null
"2018-09-10T08:47:00.000Z",45.701965,5.883716,7,8.75,10.5,225,null
"2018-09-10T08:51:00.000Z",45.701965,5.883716,7.25,9,10,225,null
"2018-09-10T08:55:00.000Z",45.701965,5.883716,6.5,8.75,10,225,null
"2018-09-10T08:59:05.000Z",45.701965,5.883716,9,9.75,11,225,null
"2018-09-10T09:03:05.000Z",45.701965,5.883716,8.75,10,11,225,null
"2018-09-10T09:07:05.000Z",45.701965,5.883716,9,10.5,12,225,null
"2018-09-10T09:11:09.000Z",45.701965,5.883716,8,9.5,11,225,null
"2018-09-10T09:15:09.000Z",45.701965,5.883716,5.5,8,9,202.5,null
"2018-09-10T09:19:09.000Z",45.701965,5.883716,6.25,7.75,9.5,225,null
"2018-09-10T09:23:13.000Z",45.701965,5.883716,3.75,5.25,6.5,225,null
"2018-09-10T09:27:13.000Z",45.701965,5.883716,1.75,4,5.25,225,null
"2018-09-10T09:31:13.000Z",45.701965,5.883716,2.5,3.5,4.25,225,null
"2018-09-10T09:35:17.000Z",45.701965,5.883716,1.75,2.5,3.25,225,null
"2018-09-10T09:39:17.000Z",45.701965,5.883716,0,1.25,2.75,225,null
"2018-09-10T09:43:17.000Z",45.701965,5.883716,0,0.5,1.75,225,null
"2018-09-10T09:47:21.000Z",45.701965,5.883716,0,0.25,1.5,225,null
"2018-09-10T09:51:21.000Z",45.701965,5.883716,0,3.25,8,337.5,null
"2018-09-10T09:55:21.000Z",45.701965,5.883716,6,8.25,10,337.5,null
"2018-09-10T09:59:25.000Z",45.701965,5.883716,7.25,9,10.5,337.5,null
"2018-09-10T10:03:25.000Z",45.701965,5.883716,8.75,10,11.5,337.5,null
"2018-09-10T10:07:25.000Z",45.701965,5.883716,9,10.5,12,337.5,null
"2018-09-10T10:11:29.000Z",45.701965,5.883716,7.25,9.5,11,337.5,null
"2018-09-10T10:15:29.000Z",45.701965,5.883716,8.25,9.5,10.5,337.5,null
"2018-09-10T10:19:29.000Z",45.701965,5.883716,8,9.25,10,337.5,null
"2018-09-10T10:23:34.000Z",45.701965,5.883716,7.25,8.5,9.5,337.5,null
"2018-09-10T10:27:34.000Z",45.701965,5.883716,7.25,8.25,9.5,337.5,null
"2018-09-10T10:31:34.000Z",45.701965,5.883716,7.25,8.5,9.5,337.5,null
"2018-09-10T10:35:37.000Z",45.701965,5.883716,8,9.5,11,337.5,null
"2018-09-10T10:39:37.000Z",45.701965,5.883716,9.75,11,12,337.5,null
"2018-09-10T10:43:37.000Z",45.701965,5.883716,7.25,9.75,11.5,337.5,null
"2018-09-10T10:47:41.000Z",45.701965,5.883716,8.75,10.5,12,337.5,null
"2018-09-10T10:51:41.000Z",45.701965,5.883716,6.5,9.25,11.5,337.5,null
"2018-09-10T10:55:41.000Z",45.701965,5.883716,9.75,13,16,337.5,null
"2018-09-10T10:59:45.000Z",45.701965,5.883716,11.5,14,16.5,337.5,null
"2018-09-10T11:03:45.000Z",45.701965,5.883716,13,14.5,16,337.5,null
"2018-09-10T11:07:45.000Z",45.701965,5.883716,13,15.5,17,337.5,null
"2018-09-10T11:11:49.000Z",45.701965,5.883716,12,14.5,16.5,337.5,null
"2018-09-10T11:15:49.000Z",45.701965,5.883716,12,15,17,337.5,null
"2018-09-10T11:19:49.000Z",45.701965,5.883716,11.5,13,15,0,null
"2018-09-10T11:23:54.000Z",45.701965,5.883716,9,11.5,13,0,null
"2018-09-10T11:27:54.000Z",45.701965,5.883716,9,10.5,11.5,0,null
"2018-09-10T11:31:54.000Z",45.701965,5.883716,6.25,9,11,337.5,null
"2018-09-10T11:35:58.000Z",45.701965,5.883716,6.5,8,9.75,337.5,null
"2018-09-10T11:39:58.000Z",45.701965,5.883716,8,10,12.5,337.5,null
"2018-09-10T11:43:58.000Z",45.701965,5.883716,9.5,11,12.5,337.5,null
"2018-09-10T11:48:01.000Z",45.701965,5.883716,9.75,11.5,13.5,337.5,null
"2018-09-10T11:52:01.000Z",45.701965,5.883716,9.75,11.5,12.5,337.5,null
"2018-09-10T11:56:01.000Z",45.701965,5.883716,9.5,11,14.5,337.5,null
"2018-09-10T12:00:06.000Z",45.701965,5.883716,11,14,15.5,0,null
"2018-09-10T12:04:06.000Z",45.701965,5.883716,10,12,14.5,0,null
"2018-09-10T12:08:06.000Z",45.701965,5.883716,9.5,11.5,13.5,0,null
"2018-09-10T12:12:09.000Z",45.701965,5.883716,9.5,10.5,12,337.5,null
"2018-09-10T12:16:09.000Z",45.701965,5.883716,7.75,10.5,12,337.5,null
"2018-09-10T12:20:09.000Z",45.701965,5.883716,8,10,12,337.5,null
"2018-09-10T12:24:14.000Z",45.701965,5.883716,10,11.5,12.5,337.5,null
"2018-09-10T12:28:14.000Z",45.701965,5.883716,11.5,12,12.5,0,null
"2018-09-10T12:32:14.000Z",45.701965,5.883716,8,10,12,0,null
"2018-09-10T12:36:18.000Z",45.701965,5.883716,9,11.5,13,0,null
"2018-09-10T12:40:18.000Z",45.701965,5.883716,11.5,13,14.5,0,null
"2018-09-10T12:44:18.000Z",45.701965,5.883716,10,12,14,0,null
"2018-09-10T12:48:21.000Z",45.701965,5.883716,11.5,13,13.5,0,null
"2018-09-10T12:52:21.000Z",45.701965,5.883716,12.5,13.5,14,0,null
"2018-09-10T12:56:21.000Z",45.701965,5.883716,13,13.5,14.5,0,null
"2018-09-10T13:00:25.000Z",45.701965,5.883716,11,12,13.5,0,null
"2018-09-10T13:04:25.000Z",45.701965,5.883716,10.5,11.5,12,0,null
"2018-09-10T13:08:25.000Z",45.701965,5.883716,9,11,12.5,337.5,null
"2018-09-10T13:12:30.000Z",45.701965,5.883716,8.75,10.5,12,337.5,null
"2018-09-10T13:16:30.000Z",45.701965,5.883716,8.25,8.75,9.5,0,null
"2018-09-10T13:20:30.000Z",45.701965,5.883716,3.5,7,8.75,0,null
"2018-09-10T13:24:34.000Z",45.701965,5.883716,4.25,7,8.25,0,null
"2018-09-10T13:28:34.000Z",45.701965,5.883716,3.25,8,9.5,0,null
"2018-09-10T13:32:34.000Z",45.701965,5.883716,6.25,8.25,9.5,0,null
"2018-09-10T13:36:38.000Z",45.701965,5.883716,3.25,7.75,9.75,0,null
"2018-09-10T13:40:38.000Z",45.701965,5.883716,3.75,6.5,10,0,null
"2018-09-10T13:44:38.000Z",45.701965,5.883716,3.5,6.25,9.5,0,null
"2018-09-10T13:48:42.000Z",45.701965,5.883716,3.5,6.5,8.25,0,null
"2018-09-10T13:52:42.000Z",45.701965,5.883716,4.5,7,10,0,null
"2018-09-10T13:56:42.000Z",45.701965,5.883716,1.5,4.5,6.25,0,null
"2018-09-10T14:00:46.000Z",45.701965,5.883716,4.75,7.25,11,337.5,null
"2018-09-10T14:04:46.000Z",45.701965,5.883716,9.75,10.5,11.5,337.5,null
"2018-09-10T14:08:46.000Z",45.701965,5.883716,7.75,9.5,11,337.5,null
"2018-09-10T14:12:50.000Z",45.701965,5.883716,7.25,8.25,11,337.5,null
"2018-09-10T14:16:50.000Z",45.701965,5.883716,5.5,9.25,11,337.5,null
"2018-09-10T14:20:50.000Z",45.701965,5.883716,4.25,9.25,11,337.5,null
"2018-09-10T14:24:54.000Z",45.701965,5.883716,9,10.5,12,315,null
"2018-09-10T14:28:54.000Z",45.701965,5.883716,10,16.5,21.5,337.5,null
"2018-09-10T14:32:54.000Z",45.701965,5.883716,6.25,10,14.5,337.5,null
"2018-09-10T14:36:58.000Z",45.701965,5.883716,6.5,10,14.5,337.5,null
"2018-09-10T14:40:58.000Z",45.701965,5.883716,3.5,8.25,12,337.5,null
"2018-09-10T14:44:58.000Z",45.701965,5.883716,3.25,8,16,0,null
"2018-09-10T14:49:02.000Z",45.701965,5.883716,9.75,12.5,19.5,337.5,null
"2018-09-10T14:53:02.000Z",45.701965,5.883716,4.75,9.25,14.5,0,null
"2018-09-10T14:57:02.000Z",45.701965,5.883716,4.25,6.25,9,337.5,null
"2018-09-10T15:01:07.000Z",45.701965,5.883716,4.5,9.75,14.5,315,null
"2018-09-10T15:05:07.000Z",45.701965,5.883716,9,13,19,337.5,null
"2018-09-10T15:09:07.000Z",45.701965,5.883716,1,7,15.5,0,null
"2018-09-10T15:13:11.000Z",45.701965,5.883716,3.25,8,13.5,337.5,null
"2018-09-10T15:17:11.000Z",45.701965,5.883716,8,10.5,15,337.5,null
"2018-09-10T15:21:11.000Z",45.701965,5.883716,7.25,11.5,18,337.5,null
"2018-09-10T15:25:14.000Z",45.701965,5.883716,7.25,14,20,337.5,null
"2018-09-10T15:29:14.000Z",45.701965,5.883716,3.75,9.5,14.5,22.5,null
"2018-09-10T15:33:14.000Z",45.701965,5.883716,6,7,8.25,315,null
"2018-09-10T15:37:18.000Z",45.701965,5.883716,3.25,5.75,8,315,null
"2018-09-10T15:41:18.000Z",45.701965,5.883716,3.75,7.25,9.5,337.5,null
"2018-09-10T15:45:18.000Z",45.701965,5.883716,5.5,8.5,11,337.5,null
"2018-09-10T15:49:23.000Z",45.701965,5.883716,4.75,8.5,11.5,315,null
"2018-09-10T15:53:23.000Z",45.701965,5.883716,6,8.25,10.5,292.5,null
"2018-09-10T15:57:23.000Z",45.701965,5.883716,8,9,10.5,292.5,null
"2018-09-10T16:01:26.000Z",45.701965,5.883716,4.75,7,9,292.5,null
"2018-09-10T16:05:26.000Z",45.701965,5.883716,5.25,6.5,8.25,292.5,null
"2018-09-10T16:09:26.000Z",45.701965,5.883716,6.25,7,8,292.5,null
"2018-09-10T16:13:30.000Z",45.701965,5.883716,5.5,6.75,8,292.5,null
"2018-09-10T16:17:30.000Z",45.701965,5.883716,3.25,4.75,6.5,315,null
"2018-09-10T16:21:30.000Z",45.701965,5.883716,2,4,7,22.5,null
"2018-09-10T16:25:35.000Z",45.701965,5.883716,1.75,3.25,5.25,0,null
"2018-09-10T16:29:35.000Z",45.701965,5.883716,1.75,3.5,5.25,0,null
"2018-09-10T16:33:35.000Z",45.701965,5.883716,1.75,3.5,6,0,null
"2018-09-10T16:37:38.000Z",45.701965,5.883716,1.5,2.75,3.5,0,null
"2018-09-10T16:41:38.000Z",45.701965,5.883716,0.75,2.25,4.25,0,null
"2018-09-10T16:45:38.000Z",45.701965,5.883716,1.75,3.75,6,0,null
"2018-09-10T16:49:43.000Z",45.701965,5.883716,2.5,4.25,7.75,0,null
"2018-09-10T16:53:43.000Z",45.701965,5.883716,3.5,5.5,7.75,22.5,null
"2018-09-10T16:57:43.000Z",45.701965,5.883716,2.5,4.25,6.25,22.5,null
"2018-09-10T17:01:46.000Z",45.701965,5.883716,2,4.25,7.25,22.5,null
"2018-09-10T17:05:46.000Z",45.701965,5.883716,2,4.5,6.25,22.5,null
"2018-09-10T17:09:46.000Z",45.701965,5.883716,1.75,4.25,7.25,0,null
"2018-09-10T17:13:51.000Z",45.701965,5.883716,1.5,4,6.25,0,null
"2018-09-10T17:17:51.000Z",45.701965,5.883716,2,4.75,6.5,0,null
"2018-09-10T17:21:51.000Z",45.701965,5.883716,1.75,4.5,7,0,null
"2018-09-10T17:25:55.000Z",45.701965,5.883716,2,5.5,7.75,0,null
"2018-09-10T17:29:55.000Z",45.701965,5.883716,0.75,2.25,3.5,0,null
"2018-09-10T17:33:55.000Z",45.701965,5.883716,1.75,3.75,5.5,0,null
"2018-09-10T17:37:58.000Z",45.701965,5.883716,0.75,2.5,4.5,0,null
"2018-09-10T17:41:58.000Z",45.701965,5.883716,0,1,3.25,0,null
"2018-09-10T17:45:58.000Z",45.701965,5.883716,0.75,1.75,2.75,0,null
"2018-09-10T17:50:02.000Z",45.701965,5.883716,0,0.5,1.75,0,null
"2018-09-10T17:54:02.000Z",45.701965,5.883716,0,0.5,1.75,0,null
"2018-09-10T17:58:02.000Z",45.701965,5.883716,0,0.75,1.5,0,null
"2018-09-10T18:02:07.000Z",45.701965,5.883716,0,0,0.5,0,null
"2018-09-10T18:06:07.000Z",45.701965,5.883716,0,0.75,1.5,0,null
"2018-09-10T18:10:07.000Z",45.701965,5.883716,0,0,0.75,0,null
"2018-09-10T18:14:10.000Z",45.701965,5.883716,0,1.5,6,45,null
"2018-09-10T18:18:10.000Z",45.701965,5.883716,2.5,3.25,4.5,45,null
"2018-09-10T18:22:10.000Z",45.701965,5.883716,2.5,3.5,4.5,45,null
"2018-09-10T18:26:15.000Z",45.701965,5.883716,2,3.25,4.75,45,null
"2018-09-10T18:30:15.000Z",45.701965,5.883716,1.75,3.25,4.25,45,null
"2018-09-10T18:34:15.000Z",45.701965,5.883716,1.5,2.75,4.25,45,null
"2018-09-10T18:38:19.000Z",45.701965,5.883716,0,1.25,3.75,45,null
"2018-09-10T18:42:19.000Z",45.701965,5.883716,0,0,0.25,45,null
"2018-09-10T18:46:19.000Z",45.701965,5.883716,0,0,0,45,null
"2018-09-10T18:50:23.000Z",45.701965,5.883716,0,0.25,1,45,null
"2018-09-10T18:54:23.000Z",45.701965,5.883716,0,0,0,45,null
"2018-09-10T18:58:23.000Z",45.701965,5.883716,0,0,1,45,null
"2018-09-10T19:02:27.000Z",45.701965,5.883716,0,0.5,1.75,45,null
"2018-09-10T19:06:27.000Z",45.701965,5.883716,0.75,1.5,2.5,45,null
"2018-09-10T19:10:27.000Z",45.701965,5.883716,0.25,1.5,2.5,45,null
"2018-09-10T19:14:31.000Z",45.701965,5.883716,0.5,1.25,1.75,45,null
"2018-09-10T19:18:31.000Z",45.701965,5.883716,0,0.75,1.75,45,null
"2018-09-10T19:22:31.000Z",45.701965,5.883716,0,1.25,2,45,null
"2018-09-10T19:26:35.000Z",45.701965,5.883716,1,3,4.75,45,null
"2018-09-10T19:30:35.000Z",45.701965,5.883716,1.75,3,4.5,45,null
"2018-09-10T19:34:35.000Z",45.701965,5.883716,2.75,5.5,8,67.5,null
"2018-09-10T19:38:39.000Z",45.701965,5.883716,2,4.25,6.25,90,null
"2018-09-10T19:42:39.000Z",45.701965,5.883716,3.25,4.75,7.25,90,null
"2018-09-10T19:46:39.000Z",45.701965,5.883716,4.5,6.75,9,90,null
"2018-09-10T19:51:33.000Z",45.701965,5.883716,4.75,6.75,8.75,90,null
"2018-09-10T19:55:33.000Z",45.701965,5.883716,4.5,7.25,10.5,90,null
"2018-09-10T19:59:33.000Z",45.701965,5.883716,4.75,7.75,10.5,90,null
"2018-09-10T20:03:37.000Z",45.701965,5.883716,4.75,8,11.5,90,null
"2018-09-10T20:07:37.000Z",45.701965,5.883716,4.25,6.5,9.5,90,null
"2018-09-10T20:11:37.000Z",45.701965,5.883716,1.75,5,8.75,90,null
"2018-09-10T20:15:42.000Z",45.701965,5.883716,4.75,7.25,10,90,null
"2018-09-10T20:19:42.000Z",45.701965,5.883716,0,3.25,7.25,90,null
"2018-09-10T20:23:42.000Z",45.701965,5.883716,0,2.75,6,67.5,null
"2018-09-10T20:27:45.000Z",45.701965,5.883716,2.5,5,8,67.5,null
"2018-09-10T20:31:45.000Z",45.701965,5.883716,2.75,5.75,8.75,90,null
"2018-09-10T20:35:45.000Z",45.701965,5.883716,1.5,3.25,7,67.5,null
"2018-09-10T20:39:50.000Z",45.701965,5.883716,2.75,4.25,6.25,67.5,null
"2018-09-10T20:43:50.000Z",45.701965,5.883716,3.25,4.25,5.25,67.5,null
"2018-09-10T20:47:50.000Z",45.701965,5.883716,1.5,3.25,5.25,67.5,null
"2018-09-10T20:51:53.000Z",45.701965,5.883716,1.5,3.5,6.25,90,null
"2018-09-10T20:55:53.000Z",45.701965,5.883716,1.75,4.25,6.25,90,null
"2018-09-10T20:59:53.000Z",45.701965,5.883716,2.75,4,6,67.5,null
"2018-09-10T21:03:57.000Z",45.701965,5.883716,2.75,4,6.25,67.5,null
"2018-09-10T21:07:57.000Z",45.701965,5.883716,1.5,2.75,4.5,67.5,null
"2018-09-10T21:11:57.000Z",45.701965,5.883716,0,1.25,2.5,67.5,null
"2018-09-10T21:16:02.000Z",45.701965,5.883716,0,0.75,2.75,67.5,null
"2018-09-10T21:20:02.000Z",45.701965,5.883716,0.75,2.5,4.5,67.5,null
"2018-09-10T21:24:02.000Z",45.701965,5.883716,0,2,4.25,67.5,null
"2018-09-10T21:28:06.000Z",45.701965,5.883716,0,0.25,1,90,null
"2018-09-10T21:32:06.000Z",45.701965,5.883716,0,2,4.5,112.5,null
"2018-09-10T21:36:06.000Z",45.701965,5.883716,0.25,1.75,3.5,112.5,null
"2018-09-10T21:40:09.000Z",45.701965,5.883716,0.75,2.25,3.75,112.5,null
"2018-09-10T21:44:09.000Z",45.701965,5.883716,0,1.75,3.25,112.5,null
"2018-09-10T21:48:09.000Z",45.701965,5.883716,0,4.25,8,135,null
"2018-09-10T21:52:14.000Z",45.701965,5.883716,2.75,4.5,7,135,null
"2018-09-10T21:56:14.000Z",45.701965,5.883716,2.75,4.5,6,180,null
"2018-09-10T22:00:14.000Z",45.701965,5.883716,0,2,4.75,180,null
"2018-09-10T22:04:18.000Z",45.701965,5.883716,2,4,5.25,157.5,null
"2018-09-10T22:08:18.000Z",45.701965,5.883716,2.5,4.5,6.25,157.5,null
"2018-09-10T22:12:18.000Z",45.701965,5.883716,1,2.5,4.25,180,null
"2018-09-10T22:16:21.000Z",45.701965,5.883716,0.75,2.75,4.75,157.5,null
"2018-09-10T22:20:21.000Z",45.701965,5.883716,3.25,5,7.25,157.5,null
"2018-09-10T22:24:21.000Z",45.701965,5.883716,3.5,5.25,7,180,null
"2018-09-10T22:28:26.000Z",45.701965,5.883716,1.5,4.25,7.75,180,null
"2018-09-10T22:32:26.000Z",45.701965,5.883716,2.5,3.5,4.75,180,null
"2018-09-10T22:36:26.000Z",45.701965,5.883716,1.5,3.25,5.5,157.5,null
"2018-09-10T22:40:30.000Z",45.701965,5.883716,1.5,3,7.25,135,null
"2018-09-10T22:44:30.000Z",45.701965,5.883716,0.75,3,5.25,112.5,null
"2018-09-10T22:48:30.000Z",45.701965,5.883716,0,1.25,2.5,112.5,null
"2018-09-10T22:52:34.000Z",45.701965,5.883716,0,0.25,1,112.5,null
"2018-09-10T22:56:34.000Z",45.701965,5.883716,0,2.5,4.75,180,null
"2018-09-10T23:00:34.000Z",45.701965,5.883716,1,3.75,5.5,180,null
"2018-09-10T23:04:38.000Z",45.701965,5.883716,0,3.75,6,157.5,null
"2018-09-10T23:08:38.000Z",45.701965,5.883716,0,0,1,157.5,null
"2018-09-10T23:12:38.000Z",45.701965,5.883716,0,1.25,2.75,157.5,null
"2018-09-10T23:16:41.000Z",45.701965,5.883716,0.25,1.5,2.75,157.5,null
"2018-09-10T23:20:41.000Z",45.701965,5.883716,1.5,3.25,5.5,180,null
"2018-09-10T23:24:41.000Z",45.701965,5.883716,2.75,4.75,7,157.5,null
"2018-09-10T23:28:46.000Z",45.701965,5.883716,2,3.25,5.5,157.5,null
"2018-09-10T23:32:46.000Z",45.701965,5.883716,2,3,4.5,157.5,null
"2018-09-10T23:36:46.000Z",45.701965,5.883716,2.5,3.25,4.25,157.5,null
"2018-09-10T23:40:50.000Z",45.701965,5.883716,2.75,3.75,5.5,157.5,null
"2018-09-10T23:44:50.000Z",45.701965,5.883716,1,2.5,4.5,135,null
"2018-09-10T23:48:50.000Z",45.701965,5.883716,1.5,3.5,7,135,null
"2018-09-10T23:52:54.000Z",45.701965,5.883716,2.5,5.5,8.25,112.5,null
"2018-09-10T23:56:54.000Z",45.701965,5.883716,1.75,4.5,7.75,112.5,null
"2018-09-11T00:00:54.000Z",45.701965,5.883716,2,3.5,6,112.5,null
"2018-09-11T00:04:59.000Z",45.701965,5.883716,1.5,3.25,6,135,null
"2018-09-11T00:08:59.000Z",45.701965,5.883716,3.75,4.75,6.5,157.5,null
"2018-09-11T00:12:59.000Z",45.701965,5.883716,2.5,4.5,6,180,null
"2018-09-11T00:17:02.000Z",45.701965,5.883716,1.5,3.25,5.25,180,null
"2018-09-11T00:21:02.000Z",45.701965,5.883716,0.25,2.25,3.75,180,null
"2018-09-11T00:25:02.000Z",45.701965,5.883716,0,1,2.5,180,null
"2018-09-11T00:29:06.000Z",45.701965,5.883716,1,3.25,9,135,null
"2018-09-11T00:33:06.000Z",45.701965,5.883716,0.25,2.75,6.25,112.5,null
"2018-09-11T00:37:06.000Z",45.701965,5.883716,0,2.75,12,112.5,null
"2018-09-11T00:41:11.000Z",45.701965,5.883716,0,3.75,10.5,157.5,null
"2018-09-11T00:45:11.000Z",45.701965,5.883716,0,5,14.5,135,null
"2018-09-11T00:49:11.000Z",45.701965,5.883716,0,1.5,7.75,157.5,null
"2018-09-11T00:53:14.000Z",45.701965,5.883716,0,4.5,17.5,135,null
"2018-09-11T00:57:14.000Z",45.701965,5.883716,0,6.75,18,135,null
"2018-09-11T01:01:14.000Z",45.701965,5.883716,1,7.75,20.5,157.5,null
"2018-09-11T01:05:19.000Z",45.701965,5.883716,0,4.75,13,157.5,null
"2018-09-11T01:09:19.000Z",45.701965,5.883716,0.75,4.25,10.5,157.5,null
"2018-09-11T01:13:19.000Z",45.701965,5.883716,2,8.25,16,180,null
"2018-09-11T01:17:22.000Z",45.701965,5.883716,0,8.5,19,180,null
"2018-09-11T01:21:22.000Z",45.701965,5.883716,2,7.5,17,112.5,null
"2018-09-11T01:25:22.000Z",45.701965,5.883716,2.5,7.75,16.5,112.5,null
"2018-09-11T01:29:26.000Z",45.701965,5.883716,1,5.75,11,112.5,null
"2018-09-11T01:33:26.000Z",45.701965,5.883716,2.5,6.25,11,112.5,null
"2018-09-11T01:37:26.000Z",45.701965,5.883716,2,6.75,12,112.5,null
"2018-09-11T01:41:31.000Z",45.701965,5.883716,3.5,7.75,11.5,112.5,null
"2018-09-11T01:45:31.000Z",45.701965,5.883716,2.75,7,11.5,112.5,null
"2018-09-11T01:49:31.000Z",45.701965,5.883716,1.5,6.75,12.5,112.5,null
"2018-09-11T01:53:35.000Z",45.701965,5.883716,2.75,7.5,16.5,157.5,null
"2018-09-11T01:57:35.000Z",45.701965,5.883716,0,3.75,12,135,null
"2018-09-11T02:01:35.000Z",45.701965,5.883716,0.75,7,14.5,112.5,null
"2018-09-11T02:05:38.000Z",45.701965,5.883716,1,8,17.5,157.5,null
"2018-09-11T02:09:38.000Z",45.701965,5.883716,1,8.5,19.5,157.5,null
"2018-09-11T02:13:38.000Z",45.701965,5.883716,0,4.5,11,112.5,null
"2018-09-11T02:17:43.000Z",45.701965,5.883716,0,4.75,14,135,null
"2018-09-11T02:21:43.000Z",45.701965,5.883716,0.75,5.75,11,157.5,null
"2018-09-11T02:25:43.000Z",45.701965,5.883716,3.75,10,18,157.5,null
"2018-09-11T02:29:47.000Z",45.701965,5.883716,6.25,14.5,21,180,null
"2018-09-11T02:33:47.000Z",45.701965,5.883716,7.25,13,18.5,157.5,null
"2018-09-11T02:37:47.000Z",45.701965,5.883716,0.75,7.75,19.5,157.5,null
"2018-09-11T02:41:51.000Z",45.701965,5.883716,0.25,5.75,11,135,null
"2018-09-11T02:45:51.000Z",45.701965,5.883716,2,7.25,12,135,null
"2018-09-11T02:49:51.000Z",45.701965,5.883716,1.75,6.25,11,135,null
"2018-09-11T02:53:54.000Z",45.701965,5.883716,1.5,6.5,13,112.5,null
"2018-09-11T02:57:54.000Z",45.701965,5.883716,1.75,7.25,13,112.5,null
"2018-09-11T03:01:54.000Z",45.701965,5.883716,2,6.25,12,112.5,null
"2018-09-11T03:05:59.000Z",45.701965,5.883716,3.25,7.5,12,112.5,null
"2018-09-11T03:09:59.000Z",45.701965,5.883716,0.75,6.25,12.5,135,null
"2018-09-11T03:13:59.000Z",45.701965,5.883716,2,5.25,10.5,135,null
"2018-09-11T03:18:03.000Z",45.701965,5.883716,2.5,5.75,11,135,null
"2018-09-11T03:22:03.000Z",45.701965,5.883716,1.75,6.75,11,112.5,null
"2018-09-11T03:26:03.000Z",45.701965,5.883716,1.5,6.5,12,135,null
"2018-09-11T03:30:07.000Z",45.701965,5.883716,0.25,5.5,9.5,135,null
"2018-09-11T03:34:07.000Z",45.701965,5.883716,1.75,6.25,10.5,157.5,null
"2018-09-11T03:38:07.000Z",45.701965,5.883716,1,6.5,13,135,null
"2018-09-11T03:42:11.000Z",45.701965,5.883716,1.5,6.5,12,135,null
"2018-09-11T03:46:11.000Z",45.701965,5.883716,2.75,6.75,13,157.5,null
"2018-09-11T03:50:11.000Z",45.701965,5.883716,4.5,8,10.5,157.5,null
"2018-09-11T03:54:15.000Z",45.701965,5.883716,3.25,7,12.5,157.5,null
"2018-09-11T03:58:15.000Z",45.701965,5.883716,0.25,5,12,135,null
"2018-09-11T04:02:15.000Z",45.701965,5.883716,0.75,4.75,10,135,null
"2018-09-11T04:06:19.000Z",45.701965,5.883716,1,4.75,10,135,null
"2018-09-11T04:10:19.000Z",45.701965,5.883716,0,5,14.5,135,null
"2018-09-11T04:14:19.000Z",45.701965,5.883716,2.5,8.75,17.5,135,null
"2018-09-11T04:18:23.000Z",45.701965,5.883716,1.5,6.75,14,135,null
"2018-09-11T04:22:23.000Z",45.701965,5.883716,1.75,7.25,13,135,null
"2018-09-11T04:26:23.000Z",45.701965,5.883716,0.25,7.25,14.5,112.5,null
"2018-09-11T04:30:27.000Z",45.701965,5.883716,1,7.5,15,112.5,null
"2018-09-11T04:34:27.000Z",45.701965,5.883716,0,6.25,14,135,null
"2018-09-11T04:38:27.000Z",45.701965,5.883716,1.75,5.75,9.75,157.5,null
"2018-09-11T04:42:31.000Z",45.701965,5.883716,0,3.25,10.5,135,null
"2018-09-11T04:46:31.000Z",45.701965,5.883716,1,5,12,135,null
"2018-09-11T04:50:31.000Z",45.701965,5.883716,1.5,4.75,10.5,112.5,null
"2018-09-11T04:54:35.000Z",45.701965,5.883716,0,5.5,11.5,135,null
"2018-09-11T04:58:35.000Z",45.701965,5.883716,2.5,7.75,16.5,135,null
"2018-09-11T05:02:35.000Z",45.701965,5.883716,0,4.25,10,157.5,null
"2018-09-11T05:06:39.000Z",45.701965,5.883716,1.75,6.5,12.5,157.5,null
"2018-09-11T05:10:39.000Z",45.701965,5.883716,2,5.75,10,157.5,null
"2018-09-11T05:14:39.000Z",45.701965,5.883716,2,5,11,157.5,null
"2018-09-11T05:18:43.000Z",45.701965,5.883716,0,4.25,9.5,157.5,null
"2018-09-11T05:22:43.000Z",45.701965,5.883716,1,5.5,11,135,null
"2018-09-11T05:26:43.000Z",45.701965,5.883716,0.75,5.25,12,157.5,null
"2018-09-11T05:30:47.000Z",45.701965,5.883716,2.5,5.75,9,157.5,null
"2018-09-11T05:34:47.000Z",45.701965,5.883716,4.5,6.75,9.5,157.5,null
"2018-09-11T05:38:47.000Z",45.701965,5.883716,3.75,6.5,9.75,157.5,null
"2018-09-11T05:42:51.000Z",45.701965,5.883716,0,4.25,8,157.5,null
"2018-09-11T05:46:51.000Z",45.701965,5.883716,1.5,5.5,10.5,157.5,null
"2018-09-11T05:50:51.000Z",45.701965,5.883716,0.25,5.25,11,135,null
"2018-09-11T05:54:56.000Z",45.701965,5.883716,0.25,5,10,157.5,null
"2018-09-11T05:58:56.000Z",45.701965,5.883716,3.25,6.5,11,180,null
"2018-09-11T06:02:56.000Z",45.701965,5.883716,1.75,5.25,8.75,157.5,null
"2018-09-11T06:06:59.000Z",45.701965,5.883716,0.75,4.25,9.5,157.5,null
"2018-09-11T06:10:59.000Z",45.701965,5.883716,0.25,6,13,135,null
"2018-09-11T06:14:59.000Z",45.701965,5.883716,0.75,5,9.75,135,null
"2018-09-11T06:19:03.000Z",45.701965,5.883716,0.75,3.75,9.5,157.5,null
"2018-09-11T06:23:03.000Z",45.701965,5.883716,0.25,5.75,11,157.5,null
"2018-09-11T06:27:03.000Z",45.701965,5.883716,0,5.25,12.5,112.5,null
"2018-09-11T06:31:08.000Z",45.701965,5.883716,0.75,6.25,12,157.5,null
"2018-09-11T06:35:08.000Z",45.701965,5.883716,0,3.25,9.75,157.5,null
"2018-09-11T06:39:08.000Z",45.701965,5.883716,1.75,7,16,90,null
"2018-09-11T06:43:12.000Z",45.701965,5.883716,1,10,16.5,90,null
"2018-09-11T06:47:12.000Z",45.701965,5.883716,3.25,8.5,16,90,null
"2018-09-11T06:51:12.000Z",45.701965,5.883716,1.5,6.75,13,90,null
"2018-09-11T06:55:16.000Z",45.701965,5.883716,0.25,5.75,11,112.5,null
"2018-09-11T06:59:16.000Z",45.701965,5.883716,0.25,5.75,13.5,90,null
"2018-09-11T07:03:16.000Z",45.701965,5.883716,3.25,7,15,90,null
"2018-09-11T07:07:20.000Z",45.701965,5.883716,2.75,6.25,13,112.5,null
"2018-09-11T07:11:20.000Z",45.701965,5.883716,0.75,5,13,112.5,null
"2018-09-11T07:15:20.000Z",45.701965,5.883716,0,2.5,8.25,90,null
"2018-09-11T07:19:24.000Z",45.701965,5.883716,0,3.5,9.5,112.5,null
"2018-09-11T07:23:24.000Z",45.701965,5.883716,0,3.25,9.5,157.5,null
"2018-09-11T07:27:24.000Z",45.701965,5.883716,4.25,8.25,11.5,180,null
"2018-09-11T07:31:28.000Z",45.701965,5.883716,4.5,9.25,14,180,null
"2018-09-11T07:35:28.000Z",45.701965,5.883716,3.5,8,13,157.5,null
"2018-09-11T07:39:28.000Z",45.701965,5.883716,4.75,10,14.5,180,null
"2018-09-11T07:43:32.000Z",45.701965,5.883716,4.5,10.5,15,180,null
"2018-09-11T07:47:32.000Z",45.701965,5.883716,6,11,14,180,null
"2018-09-11T07:51:32.000Z",45.701965,5.883716,4.75,10.5,15,202.5,null
"2018-09-11T07:55:36.000Z",45.701965,5.883716,6.5,12,15.5,180,null
"2018-09-11T07:59:36.000Z",45.701965,5.883716,6.5,10.5,15.5,180,null
"2018-09-11T08:03:36.000Z",45.701965,5.883716,2,10.5,15.5,202.5,null
"2018-09-11T08:07:40.000Z",45.701965,5.883716,5.5,11,14,202.5,null
"2018-09-11T08:11:40.000Z",45.701965,5.883716,6,10.5,14,202.5,null
"2018-09-11T08:15:40.000Z",45.701965,5.883716,7.25,10.5,13,202.5,null
"2018-09-11T08:19:44.000Z",45.701965,5.883716,6,11,13.5,202.5,null
"2018-09-11T08:23:44.000Z",45.701965,5.883716,4.75,11,14.5,202.5,null
"2018-09-11T08:27:44.000Z",45.701965,5.883716,4.25,10,14,202.5,null
"2018-09-11T08:31:48.000Z",45.701965,5.883716,8,10.5,12.5,202.5,null
"2018-09-11T08:35:48.000Z",45.701965,5.883716,7.25,11,13,202.5,null
"2018-09-11T08:39:48.000Z",45.701965,5.883716,7,10.5,12,202.5,null
"2018-09-11T08:43:52.000Z",45.701965,5.883716,6.25,9.5,11.5,202.5,null
"2018-09-11T08:47:52.000Z",45.701965,5.883716,1.75,8.5,12,180,null
"2018-09-11T08:51:52.000Z",45.701965,5.883716,6,9.5,12.5,180,null
"2018-09-11T08:55:56.000Z",45.701965,5.883716,4.75,8.75,12,180,null
"2018-09-11T08:59:56.000Z",45.701965,5.883716,6.25,10.5,12.5,180,null
"2018-09-11T09:03:56.000Z",45.701965,5.883716,8,11,13,202.5,null
"2018-09-11T09:08:00.000Z",45.701965,5.883716,6.5,10,12,202.5,null
"2018-09-11T09:12:00.000Z",45.701965,5.883716,7.75,12,14.5,202.5,null
"2018-09-11T09:16:00.000Z",45.701965,5.883716,8.75,12.5,14.5,202.5,null
"2018-09-11T09:20:05.000Z",45.701965,5.883716,6.5,12,13.5,202.5,null
"2018-09-11T09:24:05.000Z",45.701965,5.883716,6.5,11.5,13.5,202.5,null
"2018-09-11T09:28:05.000Z",45.701965,5.883716,8,11.5,13,202.5,null
"2018-09-11T09:32:08.000Z",45.701965,5.883716,7.25,10.5,12.5,202.5,null
"2018-09-11T09:36:08.000Z",45.701965,5.883716,6.25,9.5,11,202.5,null
"2018-09-11T09:40:08.000Z",45.701965,5.883716,8.25,9.25,10,202.5,null
"2018-09-11T09:44:13.000Z",45.701965,5.883716,7.25,9,10.5,202.5,null
"2018-09-11T09:48:13.000Z",45.701965,5.883716,5.25,8.5,10,202.5,null
"2018-09-11T09:52:13.000Z",45.701965,5.883716,5.5,8.75,10,202.5,null
"2018-09-11T09:56:17.000Z",45.701965,5.883716,6,9.5,10.5,202.5,null
"2018-09-11T10:00:17.000Z",45.701965,5.883716,7.25,9.5,11,202.5,null
"2018-09-11T10:04:17.000Z",45.701965,5.883716,6.5,9,11,202.5,null
"2018-09-11T10:08:20.000Z",45.701965,5.883716,6.25,8.75,10.5,202.5,null
"2018-09-11T10:12:20.000Z",45.701965,5.883716,7,8.75,10,202.5,null
"2018-09-11T10:16:20.000Z",45.701965,5.883716,4.25,7.75,9.75,202.5,null
"2018-09-11T10:20:24.000Z",45.701965,5.883716,3.25,7,8.25,202.5,null
"2018-09-11T10:24:24.000Z",45.701965,5.883716,4.75,7.5,9,202.5,null
"2018-09-11T10:28:24.000Z",45.701965,5.883716,3.75,6.75,8.25,202.5,null
"2018-09-11T10:32:28.000Z",45.701965,5.883716,1.5,5.75,8,180,null
"2018-09-11T10:36:28.000Z",45.701965,5.883716,2.75,6.5,7.75,180,null
"2018-09-11T10:40:28.000Z",45.701965,5.883716,4.75,6.25,7.25,202.5,null
"2018-09-11T10:44:33.000Z",45.701965,5.883716,5.5,6.5,7.75,202.5,null
"2018-09-11T10:48:33.000Z",45.701965,5.883716,4.25,5.75,7,202.5,null
"2018-09-11T10:52:33.000Z",45.701965,5.883716,5.25,6.75,7.75,202.5,null
"2018-09-11T10:56:36.000Z",45.701965,5.883716,2.75,6.75,8,202.5,null
"2018-09-11T11:00:36.000Z",45.701965,5.883716,4.25,6.25,7.25,202.5,null
"2018-09-11T11:04:36.000Z",45.701965,5.883716,4.25,6.25,7.25,202.5,null
"2018-09-11T11:08:41.000Z",45.701965,5.883716,5.25,6.5,7,202.5,null
"2018-09-11T11:12:41.000Z",45.701965,5.883716,6,6.75,7.25,202.5,null
"2018-09-11T11:16:41.000Z",45.701965,5.883716,4.75,6.75,8,180,null
"2018-09-11T11:20:45.000Z",45.701965,5.883716,4.75,7.25,8.25,202.5,null
"2018-09-11T11:24:45.000Z",45.701965,5.883716,6,7.25,8,202.5,null
"2018-09-11T11:28:45.000Z",45.701965,5.883716,7,8,9,180,null
"2018-09-11T11:32:49.000Z",45.701965,5.883716,4.5,7,8.25,180,null
"2018-09-11T11:36:49.000Z",45.701965,5.883716,2,5.75,7.75,180,null
"2018-09-11T11:40:49.000Z",45.701965,5.883716,4.75,6.5,7.25,180,null
"2018-09-11T11:44:52.000Z",45.701965,5.883716,2.5,5,7,180,null
"2018-09-11T11:48:52.000Z",45.701965,5.883716,1.5,4.75,6.5,180,null
"2018-09-11T11:52:52.000Z",45.701965,5.883716,0.75,3.5,6,180,null
"2018-09-11T11:56:57.000Z",45.701965,5.883716,0,3,5.75,180,null
"2018-09-11T12:00:57.000Z",45.701965,5.883716,0,3.5,5.25,180,null
"2018-09-11T12:04:57.000Z",45.701965,5.883716,3.25,4,4.75,180,null
"2018-09-11T12:09:01.000Z",45.701965,5.883716,1.75,3,3.75,180,null
"2018-09-11T12:13:01.000Z",45.701965,5.883716,1.5,3,3.75,180,null
"2018-09-11T12:17:01.000Z",45.701965,5.883716,2,2.5,3.25,180,null
"2018-09-11T12:21:05.000Z",45.701965,5.883716,0.25,2.25,3.5,180,null
"2018-09-11T12:25:05.000Z",45.701965,5.883716,0,1.25,3.25,180,null
"2018-09-11T12:29:05.000Z",45.701965,5.883716,0,0.5,1.5,180,null
"2018-09-11T12:33:08.000Z",45.701965,5.883716,0,0,0,180,null
"2018-09-11T12:37:08.000Z",45.701965,5.883716,0,0,0,180,null
"2018-09-11T12:41:08.000Z",45.701965,5.883716,0,0,0,180,null
"2018-09-11T12:45:13.000Z",45.701965,5.883716,0,0,0,180,null
"2018-09-11T12:49:13.000Z",45.701965,5.883716,0,0,1.5,180,null
"2018-09-11T12:53:13.000Z",45.701965,5.883716,0.25,1,1.75,180,null
"2018-09-11T12:57:17.000Z",45.701965,5.883716,0,0.25,1,180,null
"2018-09-11T13:01:17.000Z",45.701965,5.883716,0,0,0,180,null
"2018-09-11T13:05:17.000Z",45.701965,5.883716,0,0,0,180,null
"2018-09-11T13:09:22.000Z",45.701965,5.883716,0,0,0,180,null
"2018-09-11T13:13:22.000Z",45.701965,5.883716,0,0.25,1,180,null
"2018-09-11T13:17:22.000Z",45.701965,5.883716,0,0.25,1,180,null
"2018-09-11T13:21:26.000Z",45.701965,5.883716,0,0.25,1.5,202.5,null
"2018-09-11T13:25:26.000Z",45.701965,5.883716,0,0.25,1,202.5,null
"2018-09-11T13:29:26.000Z",45.701965,5.883716,0,0,0,202.5,null
"2018-09-11T13:33:29.000Z",45.701965,5.883716,0,0.25,1.5,202.5,null
"2018-09-11T13:37:29.000Z",45.701965,5.883716,0,0,0.25,180,null
"2018-09-11T13:41:29.000Z",45.701965,5.883716,0.25,1.5,2.75,202.5,null
"2018-09-11T13:45:33.000Z",45.701965,5.883716,0.25,1.25,1.75,202.5,null
"2018-09-11T13:49:33.000Z",45.701965,5.883716,0,0,0.75,202.5,null
"2018-09-11T13:53:33.000Z",45.701965,5.883716,0,0,0.25,180,null
"2018-09-11T13:57:37.000Z",45.701965,5.883716,0,0.25,1,202.5,null
"2018-09-11T14:01:37.000Z",45.701965,5.883716,0,0,0,202.5,null
"2018-09-11T14:05:37.000Z",45.701965,5.883716,0,0,0,202.5,null
"2018-09-11T14:09:41.000Z",45.701965,5.883716,0,0.75,1.5,202.5,null
"2018-09-11T14:13:41.000Z",45.701965,5.883716,0,0,0,202.5,null
"2018-09-11T14:17:41.000Z",45.701965,5.883716,0,1,3.25,202.5,null
"2018-09-11T14:21:45.000Z",45.701965,5.883716,1,2.5,3.75,202.5,null
"2018-09-11T14:25:45.000Z",45.701965,5.883716,0,0.5,1.75,225,null
"2018-09-11T14:29:45.000Z",45.701965,5.883716,0,0,0.75,225,null
"2018-09-11T14:33:50.000Z",45.701965,5.883716,0,0,0,225,null
"2018-09-11T14:37:50.000Z",45.701965,5.883716,0,0,0,225,null
"2018-09-11T14:41:50.000Z",45.701965,5.883716,0,0,0,225,null
"2018-09-11T14:45:54.000Z",45.701965,5.883716,0,3.75,5.25,202.5,null
"2018-09-11T14:49:54.000Z",45.701965,5.883716,0,1.5,4.25,202.5,null
"2018-09-11T14:53:54.000Z",45.701965,5.883716,0,0.75,2,225,null
"2018-09-11T14:57:58.000Z",45.701965,5.883716,0,0,0,247.5,null
"2018-09-11T15:01:58.000Z",45.701965,5.883716,0,0,0,247.5,null
"2018-09-11T15:05:58.000Z",45.701965,5.883716,0,0,0,247.5,null
"2018-09-11T15:10:02.000Z",45.701965,5.883716,0,0,0,247.5,null
"2018-09-11T15:14:02.000Z",45.701965,5.883716,0,1.25,6.25,247.5,null
"2018-09-11T15:18:02.000Z",45.701965,5.883716,0,2.5,7.25,292.5,null
"2018-09-11T15:22:06.000Z",45.701965,5.883716,0,1.75,3.75,292.5,null
"2018-09-11T15:26:06.000Z",45.701965,5.883716,0,0,0,270,null
"2018-09-11T15:30:06.000Z",45.701965,5.883716,0,0.25,1.5,292.5,null
"2018-09-11T15:34:10.000Z",45.701965,5.883716,0,0.25,1.75,270,null
"2018-09-11T15:38:10.000Z",45.701965,5.883716,0,0,0,270,null
"2018-09-11T15:42:10.000Z",45.701965,5.883716,0,1.5,3.25,270,null
"2018-09-11T15:46:14.000Z",45.701965,5.883716,0,0.5,1.75,270,null
"2018-09-11T15:50:14.000Z",45.701965,5.883716,0,0.5,2,270,null
"2018-09-11T15:54:14.000Z",45.701965,5.883716,0,0.5,1.75,270,null
"2018-09-11T15:58:17.000Z",45.701965,5.883716,0,0,1,292.5,null
"2018-09-11T16:02:17.000Z",45.701965,5.883716,0,3.5,7.25,292.5,null
"2018-09-11T16:06:17.000Z",45.701965,5.883716,0,1,3.75,315,null
"2018-09-11T16:10:22.000Z",45.701965,5.883716,0,0.5,2.5,315,null
"2018-09-11T16:14:22.000Z",45.701965,5.883716,0,0,0,315,null
"2018-09-11T16:18:22.000Z",45.701965,5.883716,0,0,0.25,315,null
"2018-09-11T16:22:25.000Z",45.701965,5.883716,0,1.25,2.75,315,null
"2018-09-11T16:26:25.000Z",45.701965,5.883716,0,0,0,315,null
"2018-09-11T16:30:25.000Z",45.701965,5.883716,0,0,0,315,null
"2018-09-11T16:34:29.000Z",45.701965,5.883716,0,0,0,315,null
"2018-09-11T16:38:29.000Z",45.701965,5.883716,0,2.5,7.75,315,null
"2018-09-11T16:42:29.000Z",45.701965,5.883716,0,1,3.5,315,null
"2018-09-11T16:46:34.000Z",45.701965,5.883716,0,0,0,315,null
"2018-09-11T16:50:34.000Z",45.701965,5.883716,0,0,0,315,null
"2018-09-11T16:54:34.000Z",45.701965,5.883716,0,1.75,4.25,315,null
"2018-09-11T16:58:38.000Z",45.701965,5.883716,0,1.25,5.25,315,null
"2018-09-11T17:02:38.000Z",45.701965,5.883716,0,0.75,3.25,315,null
"2018-09-11T17:06:38.000Z",45.701965,5.883716,0,0.25,1.5,315,null
"2018-09-11T17:10:42.000Z",45.701965,5.883716,0,0,1,315,null
"2018-09-11T17:14:42.000Z",45.701965,5.883716,0,0.75,2.75,315,null
"2018-09-11T17:18:42.000Z",45.701965,5.883716,0,0.5,2.75,315,null
"2018-09-11T17:22:46.000Z",45.701965,5.883716,0,0,0,315,null
"2018-09-11T17:26:46.000Z",45.701965,5.883716,0,0,0,315,null
"2018-09-11T17:30:46.000Z",45.701965,5.883716,0,2,5.5,180,null
"2018-09-11T17:34:51.000Z",45.701965,5.883716,0,0,0,180,null
"2018-09-11T17:38:51.000Z",45.701965,5.883716,0,0,0,180,null
"2018-09-11T17:42:51.000Z",45.701965,5.883716,0,0,0,180,null
"2018-09-11T17:46:54.000Z",45.701965,5.883716,0,3.25,4.5,180,null
"2018-09-11T17:50:54.000Z",45.701965,5.883716,1.75,3.5,5.25,180,null
"2018-09-11T17:54:54.000Z",45.701965,5.883716,2.5,3.5,4.5,180,null
"2018-09-11T17:58:59.000Z",45.701965,5.883716,1.75,4.25,6.5,157.5,null
"2018-09-11T18:02:59.000Z",45.701965,5.883716,1.5,3.25,6.25,157.5,null
"2018-09-11T18:06:59.000Z",45.701965,5.883716,1,3.5,6.5,157.5,null
"2018-09-11T18:11:02.000Z",45.701965,5.883716,0.75,4.75,8,157.5,null
"2018-09-11T18:15:02.000Z",45.701965,5.883716,0,0.75,2.5,157.5,null
"2018-09-11T18:19:02.000Z",45.701965,5.883716,0,2,3.5,157.5,null
"2018-09-11T18:23:06.000Z",45.701965,5.883716,2.5,3.75,5.25,157.5,null
"2018-09-11T18:27:06.000Z",45.701965,5.883716,1.75,4.75,7.25,180,null
"2018-09-11T18:31:06.000Z",45.701965,5.883716,0,0.75,4.25,157.5,null
"2018-09-11T18:35:10.000Z",45.701965,5.883716,2.5,4.75,6.25,157.5,null
"2018-09-11T18:39:10.000Z",45.701965,5.883716,0.25,3.5,8.25,157.5,null
"2018-09-11T18:43:10.000Z",45.701965,5.883716,0,4.25,9,202.5,null
"2018-09-11T18:47:14.000Z",45.701965,5.883716,3.75,5.25,7.25,157.5,null
"2018-09-11T18:51:14.000Z",45.701965,5.883716,1.75,4.25,8.75,135,null
"2018-09-11T18:55:14.000Z",45.701965,5.883716,0,2,7.75,112.5,null
"2018-09-11T18:59:19.000Z",45.701965,5.883716,0,3.25,6.25,112.5,null
"2018-09-11T19:03:19.000Z",45.701965,5.883716,2.5,4,5.5,157.5,null
"2018-09-11T19:07:19.000Z",45.701965,5.883716,3.5,5.5,8.75,112.5,null
"2018-09-11T19:11:22.000Z",45.701965,5.883716,0,1.25,6.5,112.5,null
"2018-09-11T19:15:22.000Z",45.701965,5.883716,0,0.75,4.25,112.5,null
"2018-09-11T19:19:22.000Z",45.701965,5.883716,0,0.5,3.5,112.5,null
"2018-09-11T19:23:27.000Z",45.701965,5.883716,0,1.25,3.5,112.5,null
"2018-09-11T19:27:27.000Z",45.701965,5.883716,0,0,0.75,112.5,null
"2018-09-11T19:31:27.000Z",45.701965,5.883716,0,0,1,112.5,null
"2018-09-11T19:35:31.000Z",45.701965,5.883716,0.25,1.5,3.25,112.5,null
"2018-09-11T19:39:31.000Z",45.701965,5.883716,1.5,3.25,6,135,null
"2018-09-11T19:43:31.000Z",45.701965,5.883716,0.25,2.5,4.5,135,null
"2018-09-11T19:47:42.000Z",45.701965,5.883716,0.25,2.25,4.75,135,null
"2018-09-11T19:51:42.000Z",45.701965,5.883716,1.75,4,6.25,135,null
"2018-09-11T19:55:42.000Z",45.701965,5.883716,3.75,5.5,7.25,112.5,null
"2018-09-11T19:59:47.000Z",45.701965,5.883716,3.75,5.75,8.75,135,null
"2018-09-11T20:03:47.000Z",45.701965,5.883716,2.5,5,7.75,135,null
"2018-09-11T20:07:47.000Z",45.701965,5.883716,2,5.75,8.25,135,null
"2018-09-11T20:11:51.000Z",45.701965,5.883716,1.5,3.75,7,135,null
"2018-09-11T20:15:51.000Z",45.701965,5.883716,2,4.75,8,135,null
"2018-09-11T20:19:51.000Z",45.701965,5.883716,2.5,5.5,9,135,null
"2018-09-11T20:23:54.000Z",45.701965,5.883716,4,6.75,9.75,112.5,null
"2018-09-11T20:27:54.000Z",45.701965,5.883716,3.25,6.75,11,112.5,null
"2018-09-11T20:31:54.000Z",45.701965,5.883716,2,6.25,10,112.5,null
"2018-09-11T20:35:59.000Z",45.701965,5.883716,2.75,6.25,8.75,112.5,null
"2018-09-11T20:39:59.000Z",45.701965,5.883716,3.25,5,7.25,112.5,null
"2018-09-11T20:43:59.000Z",45.701965,5.883716,1,3.5,7.25,90,null
"2018-09-11T20:48:03.000Z",45.701965,5.883716,0.25,2.75,4.75,90,null
"2018-09-11T20:52:03.000Z",45.701965,5.883716,1.75,3.75,6.25,90,null
"2018-09-11T20:56:03.000Z",45.701965,5.883716,1,2.75,6.25,112.5,null
"2018-09-11T21:00:07.000Z",45.701965,5.883716,1.5,3,5.5,90,null
"2018-09-11T21:04:07.000Z",45.701965,5.883716,0,2,7.75,67.5,null
"2018-09-11T21:08:07.000Z",45.701965,5.883716,0,1.75,4.25,67.5,null
"2018-09-11T21:12:10.000Z",45.701965,5.883716,2.75,5.25,7.25,67.5,null
"2018-09-11T21:16:10.000Z",45.701965,5.883716,1.75,4.5,7.75,67.5,null
"2018-09-11T21:20:10.000Z",45.701965,5.883716,0.25,2,3.75,67.5,null
"2018-09-11T21:24:15.000Z",45.701965,5.883716,0.25,1.25,1.75,90,null
"2018-09-11T21:28:15.000Z",45.701965,5.883716,0,1.5,3.5,90,null
"2018-09-11T21:32:15.000Z",45.701965,5.883716,1,2.75,4.25,67.5,null
"2018-09-11T21:36:19.000Z",45.701965,5.883716,0.75,2,2.75,67.5,null
"2018-09-11T21:40:19.000Z",45.701965,5.883716,1.5,2.5,3.75,67.5,null
"2018-09-11T21:44:19.000Z",45.701965,5.883716,3.25,4.5,5.5,67.5,null
"2018-09-11T21:48:23.000Z",45.701965,5.883716,1,2.75,4.25,90,null
"2018-09-11T21:52:23.000Z",45.701965,5.883716,1,3,4.25,90,null
"2018-09-11T21:56:23.000Z",45.701965,5.883716,1.75,3.25,4.5,90,null
"2018-09-11T22:00:27.000Z",45.701965,5.883716,0.75,3,4.75,90,null
"2018-09-11T22:04:27.000Z",45.701965,5.883716,2,3.25,4.5,90,null
"2018-09-11T22:08:27.000Z",45.701965,5.883716,0.75,1.75,3.5,67.5,null
"2018-09-11T22:12:32.000Z",45.701965,5.883716,0.75,1.75,3.25,67.5,null
"2018-09-11T22:16:32.000Z",45.701965,5.883716,1,2.25,2.75,67.5,null
"2018-09-11T22:20:32.000Z",45.701965,5.883716,1,2.25,3.25,67.5,null
"2018-09-11T22:24:35.000Z",45.701965,5.883716,0.75,2.25,3.25,67.5,null
"2018-09-11T22:28:35.000Z",45.701965,5.883716,1.75,2.75,4.5,67.5,null
"2018-09-11T22:32:35.000Z",45.701965,5.883716,1.75,3.25,4.5,67.5,null
"2018-09-11T22:36:39.000Z",45.701965,5.883716,2.75,4,4.75,67.5,null
"2018-09-11T22:40:39.000Z",45.701965,5.883716,2.5,4.25,5.5,90,null
"2018-09-11T22:44:39.000Z",45.701965,5.883716,3.5,5,6.5,90,null
"2018-09-11T22:48:43.000Z",45.701965,5.883716,1.5,3.5,6,90,null
"2018-09-11T22:52:43.000Z",45.701965,5.883716,1.5,3.25,6.25,112.5,null
"2018-09-11T22:56:43.000Z",45.701965,5.883716,2,4.5,6.25,135,null
"2018-09-11T23:00:47.000Z",45.701965,5.883716,2.75,4.25,5.5,135,null
"2018-09-11T23:04:47.000Z",45.701965,5.883716,2.5,3.75,5.25,135,null
"2018-09-11T23:08:47.000Z",45.701965,5.883716,2.75,4.75,6.5,112.5,null
"2018-09-11T23:12:52.000Z",45.701965,5.883716,3.25,5.5,8.75,112.5,null
"2018-09-11T23:16:52.000Z",45.701965,5.883716,2,4.75,8,112.5,null
"2018-09-11T23:20:52.000Z",45.701965,5.883716,2.5,4.5,6.5,112.5,null
"2018-09-11T23:24:56.000Z",45.701965,5.883716,3.25,5,7.25,112.5,null
"2018-09-11T23:28:56.000Z",45.701965,5.883716,2.75,4.75,7.25,90,null
"2018-09-11T23:32:56.000Z",45.701965,5.883716,1.75,2.75,5.25,90,null
"2018-09-11T23:36:59.000Z",45.701965,5.883716,1,3.25,6.5,90,null
"2018-09-11T23:40:59.000Z",45.701965,5.883716,0,1.25,3.5,112.5,null
"2018-09-11T23:44:59.000Z",45.701965,5.883716,0,1.25,3.25,112.5,null
"2018-09-11T23:49:04.000Z",45.701965,5.883716,1.5,2.75,3.75,112.5,null
"2018-09-11T23:53:04.000Z",45.701965,5.883716,0,2.5,4.25,112.5,null
"2018-09-11T23:57:04.000Z",45.701965,5.883716,1.5,3.5,6.25,112.5,null
"2018-09-12T00:01:07.000Z",45.701965,5.883716,1.5,3,6,112.5,null
"2018-09-12T00:05:07.000Z",45.701965,5.883716,1.75,3.25,5.25,90,null
"2018-09-12T00:09:07.000Z",45.701965,5.883716,1.5,2.5,4.75,90,null
"2018-09-12T00:13:11.000Z",45.701965,5.883716,0,2,3.75,90,null
"2018-09-12T00:17:11.000Z",45.701965,5.883716,0,0.75,2,90,null
"2018-09-12T00:21:11.000Z",45.701965,5.883716,0.25,1.25,2,90,null
"2018-09-12T00:25:16.000Z",45.701965,5.883716,0.25,1.5,3.25,90,null
"2018-09-12T00:29:16.000Z",45.701965,5.883716,0,0.75,1.75,90,null
"2018-09-12T00:33:16.000Z",45.701965,5.883716,1.5,2,2.75,90,null
"2018-09-12T00:37:19.000Z",45.701965,5.883716,1.75,3.25,5.5,90,null
"2018-09-12T00:41:19.000Z",45.701965,5.883716,2,3.5,4.75,90,null
"2018-09-12T00:45:19.000Z",45.701965,5.883716,1.75,4.5,6.25,90,null
"2018-09-12T00:49:24.000Z",45.701965,5.883716,2,5.25,7.25,90,null
"2018-09-12T00:53:24.000Z",45.701965,5.883716,1.5,2.5,4.5,90,null
"2018-09-12T00:57:24.000Z",45.701965,5.883716,1.75,3,4.25,90,null
"2018-09-12T01:01:28.000Z",45.701965,5.883716,2.5,4.25,6.25,90,null
"2018-09-12T01:05:28.000Z",45.701965,5.883716,1,3.75,6.25,90,null
"2018-09-12T01:09:28.000Z",45.701965,5.883716,0.75,2.5,4.75,90,null
"2018-09-12T01:13:32.000Z",45.701965,5.883716,3.25,5.75,8,112.5,null
"2018-09-12T01:17:32.000Z",45.701965,5.883716,2,4.25,7.25,112.5,null
"2018-09-12T01:21:32.000Z",45.701965,5.883716,1.75,4,7,90,null
"2018-09-12T01:25:36.000Z",45.701965,5.883716,1.75,4.75,6.5,90,null
"2018-09-12T01:29:36.000Z",45.701965,5.883716,2.5,5,7.25,90,null
"2018-09-12T01:33:36.000Z",45.701965,5.883716,2.5,4.75,7,90,null
"2018-09-12T01:37:39.000Z",45.701965,5.883716,1,5.25,8.75,112.5,null
"2018-09-12T01:41:39.000Z",45.701965,5.883716,2.5,4.25,6.5,112.5,null
"2018-09-12T01:45:39.000Z",45.701965,5.883716,2,4.25,7,112.5,null
"2018-09-12T01:49:44.000Z",45.701965,5.883716,1.75,4.25,7.25,112.5,null
"2018-09-12T01:53:44.000Z",45.701965,5.883716,1.75,4.5,7,90,null
"2018-09-12T01:57:44.000Z",45.701965,5.883716,1.5,3.75,8,90,null
"2018-09-12T02:01:48.000Z",45.701965,5.883716,1,3.5,6.25,112.5,null
"2018-09-12T02:05:48.000Z",45.701965,5.883716,1.75,4,6.5,90,null
"2018-09-12T02:09:48.000Z",45.701965,5.883716,3.25,5.25,8,135,null
"2018-09-12T02:13:52.000Z",45.701965,5.883716,2,5.25,8.25,135,null
"2018-09-12T02:17:52.000Z",45.701965,5.883716,1.75,3.75,6.5,112.5,null
"2018-09-12T02:21:52.000Z",45.701965,5.883716,1.75,4.75,8,112.5,null
"2018-09-12T02:25:56.000Z",45.701965,5.883716,2.75,5.25,8.75,112.5,null
"2018-09-12T02:29:56.000Z",45.701965,5.883716,1.5,3.75,7,90,null
"2018-09-12T02:33:56.000Z",45.701965,5.883716,2,4.25,7,90,null
"2018-09-12T02:38:00.000Z",45.701965,5.883716,4.25,5.75,7.25,90,null
"2018-09-12T02:42:00.000Z",45.701965,5.883716,1.75,3.5,5.25,90,null
"2018-09-12T02:46:00.000Z",45.701965,5.883716,2.5,5,8.25,90,null
"2018-09-12T02:50:04.000Z",45.701965,5.883716,1.75,3.25,6,90,null
"2018-09-12T02:54:04.000Z",45.701965,5.883716,2,4.25,6.5,90,null
"2018-09-12T02:58:04.000Z",45.701965,5.883716,0.25,2.25,4.5,90,null
"2018-09-12T03:02:09.000Z",45.701965,5.883716,1,3.5,6.5,90,null
"2018-09-12T03:06:09.000Z",45.701965,5.883716,1.75,3.5,7,90,null
"2018-09-12T03:10:09.000Z",45.701965,5.883716,2,3.75,6.25,90,null
"2018-09-12T03:14:12.000Z",45.701965,5.883716,0.75,3,5.5,112.5,null
"2018-09-12T03:18:12.000Z",45.701965,5.883716,3.75,5.25,8.25,90,null
"2018-09-12T03:22:12.000Z",45.701965,5.883716,2.75,4.75,7,90,null
"2018-09-12T03:26:16.000Z",45.701965,5.883716,1.75,4.5,8,112.5,null
"2018-09-12T03:30:16.000Z",45.701965,5.883716,3.5,5.5,7.75,90,null
"2018-09-12T03:34:16.000Z",45.701965,5.883716,2,4.5,7,90,null
"2018-09-12T03:38:20.000Z",45.701965,5.883716,1.75,3.75,6.25,90,null
"2018-09-12T03:42:20.000Z",45.701965,5.883716,1.5,3.25,5.25,90,null
"2018-09-12T03:46:20.000Z",45.701965,5.883716,1.5,3.5,5.5,90,null
"2018-09-12T03:50:24.000Z",45.701965,5.883716,1.75,3.25,5.5,90,null
"2018-09-12T03:54:24.000Z",45.701965,5.883716,1,2.75,5.5,90,null
"2018-09-12T03:58:24.000Z",45.701965,5.883716,1.5,2.5,3.5,90,null
"2018-09-12T04:02:29.000Z",45.701965,5.883716,2.5,3.25,4.25,90,null
"2018-09-12T04:06:29.000Z",45.701965,5.883716,1,2.25,3.5,90,null
"2018-09-12T04:10:29.000Z",45.701965,5.883716,1.75,3,6,90,null
"2018-09-12T04:14:32.000Z",45.701965,5.883716,1.75,3.25,4.75,90,null
"2018-09-12T04:18:32.000Z",45.701965,5.883716,0.25,2.25,4.75,90,null
"2018-09-12T04:22:32.000Z",45.701965,5.883716,0,0.75,2.75,90,null
"2018-09-12T04:26:37.000Z",45.701965,5.883716,0.25,3,7,112.5,null
"2018-09-12T04:30:37.000Z",45.701965,5.883716,0.75,3.75,7,112.5,null
"2018-09-12T04:34:37.000Z",45.701965,5.883716,1.5,4,6.25,112.5,null
"2018-09-12T04:38:41.000Z",45.701965,5.883716,1,2.75,5.5,112.5,null
"2018-09-12T04:42:41.000Z",45.701965,5.883716,1,4.25,7,90,null
"2018-09-12T04:46:41.000Z",45.701965,5.883716,0.75,3.25,5.5,90,null
"2018-09-12T04:50:45.000Z",45.701965,5.883716,1.75,3.75,5.5,90,null
"2018-09-12T04:54:45.000Z",45.701965,5.883716,2,4.5,8,112.5,null
"2018-09-12T04:58:45.000Z",45.701965,5.883716,0.25,4.5,7.75,90,null
"2018-09-12T05:02:49.000Z",45.701965,5.883716,1.5,4.5,7.75,112.5,null
"2018-09-12T05:06:49.000Z",45.701965,5.883716,3.25,6.25,9.5,112.5,null
"2018-09-12T05:10:49.000Z",45.701965,5.883716,2.75,6,9.5,112.5,null
"2018-09-12T05:14:52.000Z",45.701965,5.883716,3.25,5.75,9,112.5,null
"2018-09-12T05:18:52.000Z",45.701965,5.883716,1.5,4.75,7.75,90,null
"2018-09-12T05:22:52.000Z",45.701965,5.883716,1.75,4.5,8,112.5,null
"2018-09-12T05:26:57.000Z",45.701965,5.883716,2.5,5.25,9.5,112.5,null
"2018-09-12T05:30:57.000Z",45.701965,5.883716,2,5.5,8.75,112.5,null
"2018-09-12T05:34:57.000Z",45.701965,5.883716,3.25,6.5,11,90,null
"2018-09-12T05:39:01.000Z",45.701965,5.883716,0.75,4.75,9,112.5,null
"2018-09-12T05:43:01.000Z",45.701965,5.883716,3.25,5.5,9.75,90,null
"2018-09-12T05:47:01.000Z",45.701965,5.883716,3.25,6,10,90,null
"2018-09-12T05:51:05.000Z",45.701965,5.883716,3.25,4.75,8.25,112.5,null
"2018-09-12T05:55:05.000Z",45.701965,5.883716,2.75,5.5,8.75,112.5,null
"2018-09-12T05:59:05.000Z",45.701965,5.883716,0.75,4.5,8,90,null
"2018-09-12T06:03:09.000Z",45.701965,5.883716,2,4.25,8,67.5,null
"2018-09-12T06:07:09.000Z",45.701965,5.883716,1.75,3.75,6.5,67.5,null
"2018-09-12T06:11:09.000Z",45.701965,5.883716,1,2.75,4.75,67.5,null
"2018-09-12T06:15:13.000Z",45.701965,5.883716,0.75,2,3.5,67.5,null
"2018-09-12T06:19:13.000Z",45.701965,5.883716,1.75,3,5.25,90,null
"2018-09-12T06:23:13.000Z",45.701965,5.883716,1.75,3.75,5.25,112.5,null
"2018-09-12T06:27:17.000Z",45.701965,5.883716,1,2.5,4.5,112.5,null
"2018-09-12T06:31:17.000Z",45.701965,5.883716,0,1.5,3.5,112.5,null
"2018-09-12T06:35:17.000Z",45.701965,5.883716,0,1.25,2.75,112.5,null
"2018-09-12T06:39:21.000Z",45.701965,5.883716,0,0.75,2.75,112.5,null
"2018-09-12T06:43:21.000Z",45.701965,5.883716,0,0,0.25,112.5,null
"2018-09-12T06:47:21.000Z",45.701965,5.883716,0,0,0,112.5,null
"2018-09-12T06:51:25.000Z",45.701965,5.883716,0,0,0,112.5,null
"2018-09-12T06:55:25.000Z",45.701965,5.883716,0,0,0,112.5,null
"2018-09-12T06:59:25.000Z",45.701965,5.883716,0,0,0,112.5,null
"2018-09-12T07:03:29.000Z",45.701965,5.883716,0,0,0.75,112.5,null
"2018-09-12T07:07:29.000Z",45.701965,5.883716,0,0,1.75,112.5,null
"2018-09-12T07:11:29.000Z",45.701965,5.883716,0,0,0,112.5,null
"2018-09-12T07:15:33.000Z",45.701965,5.883716,0,0,0.25,112.5,null
"2018-09-12T07:19:33.000Z",45.701965,5.883716,0,0.75,2,112.5,null
"2018-09-12T07:23:33.000Z",45.701965,5.883716,0,3.5,8,90,null
"2018-09-12T07:27:38.000Z",45.701965,5.883716,0,3.25,8.25,67.5,null
"2018-09-12T07:31:38.000Z",45.701965,5.883716,0,1,3.25,67.5,null
"2018-09-12T07:35:38.000Z",45.701965,5.883716,0,0,1.75,67.5,null
"2018-09-12T07:39:41.000Z",45.701965,5.883716,0,1.5,6,135,null
"2018-09-12T07:43:41.000Z",45.701965,5.883716,0,1.5,6,112.5,null
"2018-09-12T07:47:41.000Z",45.701965,5.883716,0,2.75,6.5,157.5,null
"2018-09-12T07:51:46.000Z",45.701965,5.883716,3.5,7.5,11,180,null
"2018-09-12T07:55:46.000Z",45.701965,5.883716,4.5,7.75,11,180,null
"2018-09-12T07:59:46.000Z",45.701965,5.883716,1.75,6.75,9.75,180,null
"2018-09-12T08:03:49.000Z",45.701965,5.883716,2,5.75,8.25,180,null
"2018-09-12T08:07:49.000Z",45.701965,5.883716,1,4.25,7,180,null
"2018-09-12T08:11:49.000Z",45.701965,5.883716,4.5,6,8,202.5,null
"2018-09-12T08:15:54.000Z",45.701965,5.883716,4.25,6.5,8.75,202.5,null
"2018-09-12T08:19:54.000Z",45.701965,5.883716,2,6,8.25,180,null
"2018-09-12T08:23:54.000Z",45.701965,5.883716,3.25,6.25,8.75,180,null
"2018-09-12T08:27:58.000Z",45.701965,5.883716,2.75,6.25,8.25,180,null
"2018-09-12T08:31:58.000Z",45.701965,5.883716,2.75,5.75,7.25,180,null
"2018-09-12T08:35:58.000Z",45.701965,5.883716,2.5,6,8,180,null
"2018-09-12T08:40:01.000Z",45.701965,5.883716,1.75,5,7.75,180,null
"2018-09-12T08:44:01.000Z",45.701965,5.883716,4.25,5.5,6.5,202.5,null
"2018-09-12T08:48:01.000Z",45.701965,5.883716,1.5,4.25,6.5,202.5,null
"2018-09-12T08:52:06.000Z",45.701965,5.883716,0.75,4.25,5.5,202.5,null
"2018-09-12T08:56:06.000Z",45.701965,5.883716,1,4.25,5.5,202.5,null
"2018-09-12T09:00:06.000Z",45.701965,5.883716,2.5,4,4.75,202.5,null
"2018-09-12T09:04:10.000Z",45.701965,5.883716,0.75,2.25,3.25,202.5,null
"2018-09-12T09:08:10.000Z",45.701965,5.883716,0,1.25,2,202.5,null
"2018-09-12T09:12:10.000Z",45.701965,5.883716,0,0.25,1.5,202.5,null
"2018-09-12T09:16:14.000Z",45.701965,5.883716,0,0,0,202.5,null
"2018-09-12T09:20:14.000Z",45.701965,5.883716,0,0,1.5,202.5,null
"2018-09-12T09:24:14.000Z",45.701965,5.883716,0,0,0,247.5,null
"2018-09-12T09:28:18.000Z",45.701965,5.883716,0,0,0,247.5,null
"2018-09-12T09:32:18.000Z",45.701965,5.883716,0,0,0,247.5,null
"2018-09-12T09:36:18.000Z",45.701965,5.883716,0,0,0,247.5,null
"2018-09-12T09:40:21.000Z",45.701965,5.883716,0,2.5,7,337.5,null
"2018-09-12T09:44:21.000Z",45.701965,5.883716,5.25,6.25,7.75,337.5,null
"2018-09-12T09:48:21.000Z",45.701965,5.883716,5.25,6.5,7.75,337.5,null
"2018-09-12T09:52:26.000Z",45.701965,5.883716,5.25,6.5,8,337.5,null
"2018-09-12T09:56:26.000Z",45.701965,5.883716,7,9,11.5,337.5,null
"2018-09-12T10:00:26.000Z",45.701965,5.883716,9,10.5,12,337.5,null
"2018-09-12T10:04:29.000Z",45.701965,5.883716,9.75,11.5,13,337.5,null
"2018-09-12T10:08:29.000Z",45.701965,5.883716,9.5,11,12.5,337.5,null
"2018-09-12T10:12:29.000Z",45.701965,5.883716,8,10,12,337.5,null
"2018-09-12T10:16:34.000Z",45.701965,5.883716,8.25,10,12,337.5,null
"2018-09-12T10:20:34.000Z",45.701965,5.883716,7.75,9.25,11,0,null
"2018-09-12T10:24:34.000Z",45.701965,5.883716,8,10,11,0,null
"2018-09-12T10:28:38.000Z",45.701965,5.883716,8,9.5,10.5,0,null
"2018-09-12T10:32:38.000Z",45.701965,5.883716,7.75,9.75,11,337.5,null
"2018-09-12T10:36:38.000Z",45.701965,5.883716,7.25,8.5,10.5,337.5,null
"2018-09-12T10:40:41.000Z",45.701965,5.883716,7.75,9.25,10,337.5,null
"2018-09-12T10:44:41.000Z",45.701965,5.883716,7.25,8.25,9.5,337.5,null
"2018-09-12T10:48:41.000Z",45.701965,5.883716,7.25,8.5,10,337.5,null
"2018-09-12T10:52:47.000Z",45.701965,5.883716,7.25,8.75,9.75,337.5,null
"2018-09-12T10:56:47.000Z",45.701965,5.883716,7.25,8.5,9.5,337.5,null
"2018-09-12T11:00:47.000Z",45.701965,5.883716,8.25,9.5,11,337.5,null
"2018-09-12T11:04:50.000Z",45.701965,5.883716,8,10,11,337.5,null
"2018-09-12T11:08:50.000Z",45.701965,5.883716,7.75,9,10,337.5,null
"2018-09-12T11:12:50.000Z",45.701965,5.883716,7.25,9.25,10.5,337.5,null
"2018-09-12T11:16:54.000Z",45.701965,5.883716,9,10.5,11.5,337.5,null
"2018-09-12T11:20:54.000Z",45.701965,5.883716,8.25,9.5,11,337.5,null
"2018-09-12T11:24:54.000Z",45.701965,5.883716,6.25,7.5,8.75,0,null
"2018-09-12T11:28:58.000Z",45.701965,5.883716,5.25,6.5,8,0,null
"2018-09-12T11:32:58.000Z",45.701965,5.883716,3.5,4.5,5.5,0,null
"2018-09-12T11:36:58.000Z",45.701965,5.883716,4.25,4.75,5.5,0,null
"2018-09-12T11:41:02.000Z",45.701965,5.883716,4.5,5.5,7,0,null
"2018-09-12T11:45:02.000Z",45.701965,5.883716,6.25,7.75,9,337.5,null
"2018-09-12T11:49:02.000Z",45.701965,5.883716,5.5,6.75,8,337.5,null
"2018-09-12T11:53:07.000Z",45.701965,5.883716,5.5,6,7,337.5,null
"2018-09-12T11:57:07.000Z",45.701965,5.883716,5.5,6.5,7.75,337.5,null
"2018-09-12T12:01:07.000Z",45.701965,5.883716,3.5,4.75,6.25,0,null
"2018-09-12T12:05:10.000Z",45.701965,5.883716,2.75,3.5,4.5,0,null
"2018-09-12T12:09:10.000Z",45.701965,5.883716,2,2.5,3.25,0,null
"2018-09-12T12:13:10.000Z",45.701965,5.883716,0,2,3.75,337.5,null
"2018-09-12T12:17:14.000Z",45.701965,5.883716,0,1,3.25,337.5,null
"2018-09-12T12:21:14.000Z",45.701965,5.883716,0,0.75,1.5,337.5,null
"2018-09-12T12:25:14.000Z",45.701965,5.883716,0,0.25,1.5,0,null
"2018-09-12T12:29:18.000Z",45.701965,5.883716,0,0,0,0,null
"2018-09-12T12:33:18.000Z",45.701965,5.883716,0,0,0,0,null
"2018-09-12T12:37:18.000Z",45.701965,5.883716,0,0.5,2,0,null
"2018-09-12T12:41:22.000Z",45.701965,5.883716,0,0.25,1.5,0,null
"2018-09-12T12:45:22.000Z",45.701965,5.883716,0,0,0.25,0,null
"2018-09-12T12:49:22.000Z",45.701965,5.883716,0,0,0,0,null
"2018-09-12T12:53:27.000Z",45.701965,5.883716,0,0.25,2,337.5,null
"2018-09-12T12:57:27.000Z",45.701965,5.883716,0,0,1,337.5,null
"2018-09-12T13:01:27.000Z",45.701965,5.883716,0,0,1,337.5,null
"2018-09-12T13:05:31.000Z",45.701965,5.883716,0,0,0,337.5,null
"2018-09-12T13:09:31.000Z",45.701965,5.883716,0,0,0,337.5,null
"2018-09-12T13:13:31.000Z",45.701965,5.883716,0,3.25,4.75,337.5,null
"2018-09-12T13:17:34.000Z",45.701965,5.883716,1.5,2.25,4.5,337.5,null
"2018-09-12T13:21:34.000Z",45.701965,5.883716,0,0.25,1.75,337.5,null
"2018-09-12T13:25:34.000Z",45.701965,5.883716,0,0,0,337.5,null
"2018-09-12T13:29:38.000Z",45.701965,5.883716,0,1,3.25,337.5,null
"2018-09-12T13:33:38.000Z",45.701965,5.883716,1.75,2.75,5.5,337.5,null
"2018-09-12T13:37:38.000Z",45.701965,5.883716,2,3.25,5.25,337.5,null
"2018-09-12T13:41:43.000Z",45.701965,5.883716,2,2.5,2.75,337.5,null
"2018-09-12T13:45:43.000Z",45.701965,5.883716,1.5,2.75,4.75,337.5,null
"2018-09-12T13:49:43.000Z",45.701965,5.883716,0,1.25,2.75,337.5,null
"2018-09-12T13:53:47.000Z",45.701965,5.883716,2.75,4.5,6.5,337.5,null
"2018-09-12T13:57:47.000Z",45.701965,5.883716,0,2.25,4.75,337.5,null
"2018-09-12T14:01:47.000Z",45.701965,5.883716,0,3,4.5,337.5,null
"2018-09-12T14:05:51.000Z",45.701965,5.883716,0.75,3.25,8.75,337.5,null
"2018-09-12T14:09:51.000Z",45.701965,5.883716,0,1.5,6.25,315,null
"2018-09-12T14:13:51.000Z",45.701965,5.883716,4.5,5.75,7.75,337.5,null
"2018-09-12T14:17:55.000Z",45.701965,5.883716,1,3.75,7.75,315,null
"2018-09-12T14:21:55.000Z",45.701965,5.883716,0.75,2.5,6.25,315,null
"2018-09-12T14:25:55.000Z",45.701965,5.883716,0,2,3.5,315,null
"2018-09-12T14:29:59.000Z",45.701965,5.883716,0,0.5,1.75,315,null
"2018-09-12T14:33:59.000Z",45.701965,5.883716,0.25,2.5,5.25,315,null
"2018-09-12T14:37:59.000Z",45.701965,5.883716,4.5,6.75,10.5,337.5,null
"2018-09-12T14:42:02.000Z",45.701965,5.883716,0,2,6,337.5,null
"2018-09-12T14:46:02.000Z",45.701965,5.883716,1.75,5.75,11.5,292.5,null
"2018-09-12T14:50:02.000Z",45.701965,5.883716,9.75,15.5,21,270,null
"2018-09-12T14:54:06.000Z",45.701965,5.883716,14,18.5,22,270,null
"2018-09-12T14:58:06.000Z",45.701965,5.883716,7.75,14.5,21.5,247.5,null
"2018-09-12T15:02:06.000Z",45.701965,5.883716,9,12.5,17.5,270,null
"2018-09-12T15:06:11.000Z",45.701965,5.883716,2.75,7.75,14.5,270,null
"2018-09-12T15:10:11.000Z",45.701965,5.883716,9,12,16.5,270,null
"2018-09-12T15:14:11.000Z",45.701965,5.883716,7.75,13.5,21,270,null
"2018-09-12T15:18:15.000Z",45.701965,5.883716,5.25,14.5,22.5,270,null
"2018-09-12T15:22:15.000Z",45.701965,5.883716,8.75,11,17,270,null
"2018-09-12T15:26:15.000Z",45.701965,5.883716,4.25,10,15.5,270,null
"2018-09-12T15:30:19.000Z",45.701965,5.883716,2.75,6.5,12,270,null
"2018-09-12T15:34:19.000Z",45.701965,5.883716,3.5,7,10.5,292.5,null
"2018-09-12T15:38:19.000Z",45.701965,5.883716,4.25,8,13.5,292.5,null
"2018-09-12T15:42:24.000Z",45.701965,5.883716,2.75,9,22.5,270,null
"2018-09-12T15:46:24.000Z",45.701965,5.883716,0,8.25,22.5,315,null
"2018-09-12T15:50:24.000Z",45.701965,5.883716,4.25,14,24.5,270,null
"2018-09-12T15:54:27.000Z",45.701965,5.883716,2,9.25,18.5,247.5,null
"2018-09-12T15:58:27.000Z",45.701965,5.883716,4.75,11,16.5,270,null
"2018-09-12T16:02:27.000Z",45.701965,5.883716,6,12,21.5,292.5,null
"2018-09-12T16:06:32.000Z",45.701965,5.883716,5.5,12,20,292.5,null
"2018-09-12T16:10:32.000Z",45.701965,5.883716,13,17.5,24.5,292.5,null
"2018-09-12T16:14:32.000Z",45.701965,5.883716,12,17,23.5,292.5,null
"2018-09-12T16:18:36.000Z",45.701965,5.883716,12.5,16.5,21,292.5,null
"2018-09-12T16:22:36.000Z",45.701965,5.883716,9,13,18,270,null
"2018-09-12T16:26:36.000Z",45.701965,5.883716,13,16,19.5,270,null
"2018-09-12T16:30:40.000Z",45.701965,5.883716,13,16.5,21,270,null
"2018-09-12T16:34:40.000Z",45.701965,5.883716,12,15.5,20,270,null
"2018-09-12T16:38:40.000Z",45.701965,5.883716,11.5,13.5,16.5,270,null
"2018-09-12T16:42:43.000Z",45.701965,5.883716,9.75,12.5,16.5,270,null
"2018-09-12T16:46:43.000Z",45.701965,5.883716,9,12.5,16.5,270,null
"2018-09-12T16:50:43.000Z",45.701965,5.883716,3.5,8,12,270,null
"2018-09-12T16:54:47.000Z",45.701965,5.883716,6,9,15.5,270,null
"2018-09-12T16:58:47.000Z",45.701965,5.883716,5.25,10.5,16.5,292.5,null
"2018-09-12T17:02:47.000Z",45.701965,5.883716,5.5,11.5,16.5,247.5,null
"2018-09-12T17:06:52.000Z",45.701965,5.883716,7,9.25,11.5,270,null
"2018-09-12T17:10:52.000Z",45.701965,5.883716,0,3.25,9.75,202.5,null
"2018-09-12T17:14:52.000Z",45.701965,5.883716,1.5,4.25,7.25,112.5,null
"2018-09-12T17:18:55.000Z",45.701965,5.883716,0.75,2.75,4.75,112.5,null
"2018-09-12T17:22:55.000Z",45.701965,5.883716,0.25,1.5,3.25,112.5,null
"2018-09-12T17:26:55.000Z",45.701965,5.883716,1.5,2,3.5,112.5,null
"2018-09-12T17:30:59.000Z",45.701965,5.883716,0.75,7,13,202.5,null
"2018-09-12T17:34:59.000Z",45.701965,5.883716,0,4.25,11.5,225,null
"2018-09-12T17:38:59.000Z",45.701965,5.883716,0,2.5,6,180,null
"2018-09-12T17:43:04.000Z",45.701965,5.883716,1,3.25,5.25,112.5,null
"2018-09-12T17:47:04.000Z",45.701965,5.883716,0,1.75,5.25,135,null
"2018-09-12T17:51:04.000Z",45.701965,5.883716,0,1.5,3.75,157.5,null
"2018-09-12T17:55:08.000Z",45.701965,5.883716,0,0.25,2.5,157.5,null
"2018-09-12T17:59:08.000Z",45.701965,5.883716,0,0,0,157.5,null
"2018-09-12T18:03:08.000Z",45.701965,5.883716,0,0,0.25,180,null
"2018-09-12T18:07:11.000Z",45.701965,5.883716,0,3.25,7.25,22.5,null
"2018-09-12T18:11:11.000Z",45.701965,5.883716,3.25,5.5,7,22.5,null
"2018-09-12T18:15:11.000Z",45.701965,5.883716,2.5,5,9,22.5,null
"2018-09-12T18:19:16.000Z",45.701965,5.883716,0.25,5,8.75,0,null
"2018-09-12T18:23:16.000Z",45.701965,5.883716,0,7.75,19,292.5,null
"2018-09-12T18:27:16.000Z",45.701965,5.883716,8.25,15.5,24.5,247.5,null
"2018-09-12T18:31:20.000Z",45.701965,5.883716,14.5,20,32.5,270,null
"2018-09-12T18:35:20.000Z",45.701965,5.883716,8,14.5,24.5,270,null
"2018-09-12T18:39:20.000Z",45.701965,5.883716,1,11,21,270,null
"2018-09-12T18:43:24.000Z",45.701965,5.883716,3.25,11.5,22.5,247.5,null
"2018-09-12T18:47:24.000Z",45.701965,5.883716,0,2.25,7.75,180,null
"2018-09-12T18:51:24.000Z",45.701965,5.883716,0,2.5,6.25,157.5,null
"2018-09-12T18:55:28.000Z",45.701965,5.883716,0,2.5,6.5,135,null
"2018-09-12T18:59:28.000Z",45.701965,5.883716,2.5,3.75,6.25,112.5,null
"2018-09-12T19:03:28.000Z",45.701965,5.883716,1,3,4.5,112.5,null
"2018-09-12T19:07:31.000Z",45.701965,5.883716,1,2.25,3.5,112.5,null
"2018-09-12T19:11:31.000Z",45.701965,5.883716,0,1.75,4.75,135,null
"2018-09-12T19:15:31.000Z",45.701965,5.883716,0,2.25,4.75,112.5,null
"2018-09-12T19:19:36.000Z",45.701965,5.883716,0,1.5,5.25,135,null
"2018-09-12T19:23:36.000Z",45.701965,5.883716,0,0.25,1.75,135,null
"2018-09-12T19:27:36.000Z",45.701965,5.883716,0.25,1.25,2.5,135,null
"2018-09-12T19:31:40.000Z",45.701965,5.883716,0,1,2.75,135,null
"2018-09-12T19:35:40.000Z",45.701965,5.883716,0,0.25,2,135,null
"2018-09-12T19:39:40.000Z",45.701965,5.883716,0,0.25,1.75,135,null
"2018-09-12T19:43:43.000Z",45.701965,5.883716,0,1.25,4.5,112.5,null
"2018-09-12T19:47:43.000Z",45.701965,5.883716,0,1.5,3.5,112.5,null
"2018-09-12T19:51:43.000Z",45.701965,5.883716,0,2.5,7.25,90,null
"2018-09-12T19:56:34.000Z",45.701965,5.883716,0,1,3.25,135,null
"2018-09-12T20:00:34.000Z",45.701965,5.883716,0,2.25,4.5,135,null
"2018-09-12T20:04:34.000Z",45.701965,5.883716,0,0,0.75,135,null
"2018-09-12T20:08:38.000Z",45.701965,5.883716,0,0,1.5,135,null
"2018-09-12T20:12:38.000Z",45.701965,5.883716,0,1.5,2.5,135,null
"2018-09-12T20:16:38.000Z",45.701965,5.883716,0,0,1,135,null
"2018-09-12T20:20:42.000Z",45.701965,5.883716,0,1.5,3.5,135,null
"2018-09-12T20:24:42.000Z",45.701965,5.883716,0,1.5,3.25,247.5,null
"2018-09-12T20:28:42.000Z",45.701965,5.883716,0,0.5,3.25,247.5,null
"2018-09-12T20:32:46.000Z",45.701965,5.883716,0,0.25,2,247.5,null
"2018-09-12T20:36:46.000Z",45.701965,5.883716,0,0,0,247.5,null
"2018-09-12T20:40:46.000Z",45.701965,5.883716,0,0,0,247.5,null
"2018-09-12T20:44:50.000Z",45.701965,5.883716,0,0,0,247.5,null
"2018-09-12T20:48:50.000Z",45.701965,5.883716,0,1.25,3.75,247.5,null
"2018-09-12T20:52:50.000Z",45.701965,5.883716,0.75,3,4.25,157.5,null
"2018-09-12T20:56:54.000Z",45.701965,5.883716,0,0.25,2.25,135,null
"2018-09-12T21:00:54.000Z",45.701965,5.883716,0,1.75,3.25,112.5,null
"2018-09-12T21:04:54.000Z",45.701965,5.883716,1.5,3.25,5.5,112.5,null
"2018-09-12T21:08:59.000Z",45.701965,5.883716,0,0.75,2.75,112.5,null
"2018-09-12T21:12:59.000Z",45.701965,5.883716,0,2,4.5,112.5,null
"2018-09-12T21:16:59.000Z",45.701965,5.883716,0,0.75,3.5,112.5,null
"2018-09-12T21:21:02.000Z",45.701965,5.883716,0,8.5,26,247.5,null
"2018-09-12T21:25:02.000Z",45.701965,5.883716,14.5,23,30.5,270,null
"2018-09-12T21:29:02.000Z",45.701965,5.883716,0.25,10.5,24.5,292.5,null
"2018-09-12T21:33:07.000Z",45.701965,5.883716,0,4,9.5,112.5,null
"2018-09-12T21:37:07.000Z",45.701965,5.883716,0,3.5,9.5,45,null
"2018-09-12T21:41:07.000Z",45.701965,5.883716,5.25,9,15,67.5,null
"2018-09-12T21:45:10.000Z",45.701965,5.883716,2,6.5,12,67.5,null
"2018-09-12T21:49:10.000Z",45.701965,5.883716,0,4.25,8,45,null
"2018-09-12T21:53:10.000Z",45.701965,5.883716,2,4.5,9.5,22.5,null
"2018-09-12T21:57:14.000Z",45.701965,5.883716,0,0.5,2.5,22.5,null
"2018-09-12T22:01:14.000Z",45.701965,5.883716,0,3.75,10.5,247.5,null
"2018-09-12T22:05:14.000Z",45.701965,5.883716,0,4.75,9.5,225,null
"2018-09-12T22:09:19.000Z",45.701965,5.883716,2,6.5,11,157.5,null
"2018-09-12T22:13:19.000Z",45.701965,5.883716,0,3.75,11.5,135,null
"2018-09-12T22:17:19.000Z",45.701965,5.883716,3.25,7,10.5,337.5,null
"2018-09-12T22:21:23.000Z",45.701965,5.883716,2.75,10.5,22.5,292.5,null
"2018-09-12T22:25:23.000Z",45.701965,5.883716,9,20,36,292.5,null
"2018-09-12T22:29:23.000Z",45.701965,5.883716,13,19.5,29.5,292.5,null
"2018-09-12T22:33:27.000Z",45.701965,5.883716,12,19.5,32.5,270,null
"2018-09-12T22:37:27.000Z",45.701965,5.883716,12,19,24.5,270,null
"2018-09-12T22:41:27.000Z",45.701965,5.883716,14.5,19,27,270,null
"2018-09-12T22:45:31.000Z",45.701965,5.883716,10.5,15.5,20.5,292.5,null
"2018-09-12T22:49:31.000Z",45.701965,5.883716,0,4.5,11,90,null
"2018-09-12T22:53:31.000Z",45.701965,5.883716,2.5,7,12,67.5,null
"2018-09-12T22:57:35.000Z",45.701965,5.883716,0.25,2.5,6,67.5,null
"2018-09-12T23:01:35.000Z",45.701965,5.883716,1,3.75,6.25,45,null
"2018-09-12T23:05:35.000Z",45.701965,5.883716,0.25,4.5,8,67.5,null
"2018-09-12T23:09:38.000Z",45.701965,5.883716,4.75,6.75,10,67.5,null
"2018-09-12T23:13:38.000Z",45.701965,5.883716,4.75,6.5,10,22.5,null
"2018-09-12T23:17:38.000Z",45.701965,5.883716,0,3,6.25,0,null
"2018-09-12T23:21:43.000Z",45.701965,5.883716,0,0.5,7,67.5,null
"2018-09-12T23:25:43.000Z",45.701965,5.883716,0,3.25,8,90,null
"2018-09-12T23:29:43.000Z",45.701965,5.883716,0,1.75,5.25,90,null
"2018-09-12T23:33:46.000Z",45.701965,5.883716,2.75,4,4.75,90,null
"2018-09-12T23:37:46.000Z",45.701965,5.883716,0.25,3.5,6.25,67.5,null
"2018-09-12T23:41:46.000Z",45.701965,5.883716,0,0,0.25,90,null
"2018-09-12T23:45:51.000Z",45.701965,5.883716,1,3.5,6.5,90,null
"2018-09-12T23:49:51.000Z",45.701965,5.883716,2.5,4.5,8,112.5,null
"2018-09-12T23:53:51.000Z",45.701965,5.883716,3.5,5.5,8,90,null
"2018-09-12T23:57:55.000Z",45.701965,5.883716,0,2.5,6,90,null
"2018-09-13T00:01:55.000Z",45.701965,5.883716,2.5,5,7,112.5,null
"2018-09-13T00:05:55.000Z",45.701965,5.883716,2.5,5.25,8,112.5,null
"2018-09-13T00:09:59.000Z",45.701965,5.883716,2,5.75,9.5,90,null
"2018-09-13T00:13:59.000Z",45.701965,5.883716,0,1.5,5.5,67.5,null
"2018-09-13T00:17:59.000Z",45.701965,5.883716,0,2,6.25,67.5,null
"2018-09-13T00:22:02.000Z",45.701965,5.883716,3.5,5,6.5,67.5,null
"2018-09-13T00:26:02.000Z",45.701965,5.883716,0.25,2.5,4.75,67.5,null
"2018-09-13T00:30:02.000Z",45.701965,5.883716,0,0.25,1.5,67.5,null
"2018-09-13T00:34:07.000Z",45.701965,5.883716,0,0.75,3.25,67.5,null
"2018-09-13T00:38:07.000Z",45.701965,5.883716,1,2,3.25,67.5,null
"2018-09-13T00:42:07.000Z",45.701965,5.883716,0,1,4.25,67.5,null
"2018-09-13T00:46:11.000Z",45.701965,5.883716,1.75,3.75,5.25,90,null
"2018-09-13T00:50:11.000Z",45.701965,5.883716,2,4.75,8,90,null
"2018-09-13T00:54:11.000Z",45.701965,5.883716,3.25,5,7.75,90,null
"2018-09-13T00:58:15.000Z",45.701965,5.883716,1.5,3.5,4.75,67.5,null
"2018-09-13T01:02:15.000Z",45.701965,5.883716,0.75,2.5,4.5,67.5,null
"2018-09-13T01:06:15.000Z",45.701965,5.883716,0,0,1,67.5,null
"2018-09-13T01:10:19.000Z",45.701965,5.883716,0,2.75,4.5,67.5,null
"2018-09-13T01:14:19.000Z",45.701965,5.883716,0,2,4.5,67.5,null
"2018-09-13T01:18:19.000Z",45.701965,5.883716,0,0.75,3.5,67.5,null
"2018-09-13T01:22:23.000Z",45.701965,5.883716,0,1.25,2.75,67.5,null
"2018-09-13T01:26:23.000Z",45.701965,5.883716,0,0.75,2.5,67.5,null
"2018-09-13T01:30:23.000Z",45.701965,5.883716,1,2.25,3.5,67.5,null
"2018-09-13T01:34:27.000Z",45.701965,5.883716,0,0.75,2.75,67.5,null
"2018-09-13T01:38:27.000Z",45.701965,5.883716,0,1,2,67.5,null
"2018-09-13T01:42:27.000Z",45.701965,5.883716,0,0.5,1.75,67.5,null
"2018-09-13T01:46:31.000Z",45.701965,5.883716,0,0,0,67.5,null
"2018-09-13T01:50:31.000Z",45.701965,5.883716,0,1.5,3.25,67.5,null
"2018-09-13T01:54:31.000Z",45.701965,5.883716,0.75,1.75,2.5,67.5,null
"2018-09-13T01:58:36.000Z",45.701965,5.883716,0.25,1.25,2,67.5,null
"2018-09-13T02:02:36.000Z",45.701965,5.883716,1.5,3,4.75,112.5,null
"2018-09-13T02:06:36.000Z",45.701965,5.883716,2,3.25,4.5,112.5,null
"2018-09-13T02:10:40.000Z",45.701965,5.883716,2.75,4.25,7,112.5,null
"2018-09-13T02:14:40.000Z",45.701965,5.883716,1.75,3.75,7,112.5,null
"2018-09-13T02:18:40.000Z",45.701965,5.883716,3.5,5.25,7,112.5,null
"2018-09-13T02:22:43.000Z",45.701965,5.883716,1,5.25,8,112.5,null
"2018-09-13T02:26:43.000Z",45.701965,5.883716,2.75,5.5,9.5,90,null
"2018-09-13T02:30:43.000Z",45.701965,5.883716,2.5,5,7,90,null
"2018-09-13T02:34:47.000Z",45.701965,5.883716,1,3.5,6,90,null
"2018-09-13T02:38:47.000Z",45.701965,5.883716,1,2.25,4.25,90,null
"2018-09-13T02:42:47.000Z",45.701965,5.883716,1.5,2.75,4.5,90,null
"2018-09-13T02:46:51.000Z",45.701965,5.883716,2.75,4,4.75,90,null
"2018-09-13T02:50:51.000Z",45.701965,5.883716,1.5,3,4.5,90,null
"2018-09-13T02:54:51.000Z",45.701965,5.883716,1.5,3,3.75,90,null
"2018-09-13T02:58:56.000Z",45.701965,5.883716,1.75,3.25,4.5,90,null
"2018-09-13T03:02:56.000Z",45.701965,5.883716,0.75,1.5,2,90,null
"2018-09-13T03:06:56.000Z",45.701965,5.883716,0,0.25,1.5,90,null
"2018-09-13T03:11:00.000Z",45.701965,5.883716,0,1.25,2.5,90,null
"2018-09-13T03:15:00.000Z",45.701965,5.883716,1.5,1.75,2.5,90,null
"2018-09-13T03:19:00.000Z",45.701965,5.883716,0,0.75,1.75,90,null
"2018-09-13T03:23:04.000Z",45.701965,5.883716,1,1.75,3.25,90,null
"2018-09-13T03:27:04.000Z",45.701965,5.883716,2.5,3.75,6.5,90,null
"2018-09-13T03:31:04.000Z",45.701965,5.883716,2.5,4.5,6.5,112.5,null
"2018-09-13T03:35:08.000Z",45.701965,5.883716,3.25,5,8,112.5,null
"2018-09-13T03:39:08.000Z",45.701965,5.883716,2.5,5.25,8,112.5,null
"2018-09-13T03:43:08.000Z",45.701965,5.883716,1,5,7.75,112.5,null
"2018-09-13T03:47:12.000Z",45.701965,5.883716,3.25,5.25,8.25,112.5,null
"2018-09-13T03:51:12.000Z",45.701965,5.883716,1,3.75,7.75,112.5,null
"2018-09-13T03:55:12.000Z",45.701965,5.883716,2,5.5,9,112.5,null
"2018-09-13T03:59:15.000Z",45.701965,5.883716,3.5,5.25,8,112.5,null
"2018-09-13T04:03:15.000Z",45.701965,5.883716,2,4.5,8,112.5,null
"2018-09-13T04:07:15.000Z",45.701965,5.883716,1,3.25,6.5,135,null
"2018-09-13T04:11:20.000Z",45.701965,5.883716,0.75,4,7.75,157.5,null
"2018-09-13T04:15:20.000Z",45.701965,5.883716,3.5,5.5,9.5,157.5,null
"2018-09-13T04:19:20.000Z",45.701965,5.883716,3.75,7.75,12,180,null
"2018-09-13T04:23:24.000Z",45.701965,5.883716,2.75,7,10.5,180,null
"2018-09-13T04:27:24.000Z",45.701965,5.883716,2.75,6.5,9.5,180,null
"2018-09-13T04:31:24.000Z",45.701965,5.883716,0,3,7.25,157.5,null
"2018-09-13T04:35:28.000Z",45.701965,5.883716,0,2,4.25,135,null
"2018-09-13T04:39:28.000Z",45.701965,5.883716,1.75,4.5,7.25,157.5,null
"2018-09-13T04:43:28.000Z",45.701965,5.883716,2.75,4.75,6.5,180,null
"2018-09-13T04:47:32.000Z",45.701965,5.883716,0,2.75,9.75,157.5,null
"2018-09-13T04:51:32.000Z",45.701965,5.883716,0,1.25,5.5,135,null
"2018-09-13T04:55:32.000Z",45.701965,5.883716,0.25,1.25,3.25,135,null
"2018-09-13T04:59:36.000Z",45.701965,5.883716,1,3,5.25,112.5,null
"2018-09-13T05:03:36.000Z",45.701965,5.883716,4.25,5.5,7,135,null
"2018-09-13T05:07:36.000Z",45.701965,5.883716,2.5,5.5,8,135,null
"2018-09-13T05:11:40.000Z",45.701965,5.883716,3.75,6.25,8.25,135,null
"2018-09-13T05:15:40.000Z",45.701965,5.883716,1.5,3.5,6.5,112.5,null
"2018-09-13T05:19:40.000Z",45.701965,5.883716,1,2.25,3.75,112.5,null
"2018-09-13T05:23:44.000Z",45.701965,5.883716,1.75,3.25,4.5,112.5,null
"2018-09-13T05:27:44.000Z",45.701965,5.883716,2.5,4.75,7.75,112.5,null
"2018-09-13T05:31:44.000Z",45.701965,5.883716,1,3.25,5.25,112.5,null
"2018-09-13T05:35:48.000Z",45.701965,5.883716,1.75,3.75,6.25,90,null
"2018-09-13T05:39:48.000Z",45.701965,5.883716,2,4,5.5,90,null
"2018-09-13T05:43:48.000Z",45.701965,5.883716,2,3.5,6,90,null
"2018-09-13T05:47:52.000Z",45.701965,5.883716,2,3,4.5,90,null
"2018-09-13T05:51:52.000Z",45.701965,5.883716,0.75,2.5,4.25,90,null
"2018-09-13T05:55:52.000Z",45.701965,5.883716,0,0.25,1,90,null
"2018-09-13T05:59:56.000Z",45.701965,5.883716,0,0.5,1.75,90,null
"2018-09-13T06:03:56.000Z",45.701965,5.883716,1.5,2.5,3.75,90,null
"2018-09-13T06:07:56.000Z",45.701965,5.883716,1,2,3.5,90,null
"2018-09-13T06:12:00.000Z",45.701965,5.883716,0.25,1.25,2,90,null
"2018-09-13T06:16:00.000Z",45.701965,5.883716,0.25,1.25,1.75,90,null
"2018-09-13T06:20:00.000Z",45.701965,5.883716,0,0.25,1,90,null
"2018-09-13T06:24:05.000Z",45.701965,5.883716,0,2,3.5,90,null
"2018-09-13T06:28:05.000Z",45.701965,5.883716,1.75,3,4.5,90,null
"2018-09-13T06:32:05.000Z",45.701965,5.883716,1,2.25,3.5,112.5,null
"2018-09-13T06:36:08.000Z",45.701965,5.883716,0.75,1.75,2.75,112.5,null
"2018-09-13T06:40:08.000Z",45.701965,5.883716,0,1.25,2.5,112.5,null
"2018-09-13T06:44:08.000Z",45.701965,5.883716,0.75,1.5,2.75,112.5,null
"2018-09-13T06:48:13.000Z",45.701965,5.883716,0,1,2.5,112.5,null
"2018-09-13T06:52:13.000Z",45.701965,5.883716,0,0.75,2,112.5,null
"2018-09-13T06:56:13.000Z",45.701965,5.883716,0,0.75,2.5,90,null
"2018-09-13T07:00:17.000Z",45.701965,5.883716,0,1.25,2,90,null
"2018-09-13T07:04:17.000Z",45.701965,5.883716,0.75,2.5,5.25,90,null
"2018-09-13T07:08:17.000Z",45.701965,5.883716,2,4,6.25,67.5,null
"2018-09-13T07:12:21.000Z",45.701965,5.883716,0,2.5,5.5,67.5,null
"2018-09-13T07:16:21.000Z",45.701965,5.883716,0,0.75,3.25,67.5,null
"2018-09-13T07:20:21.000Z",45.701965,5.883716,0,0.25,1.75,67.5,null
"2018-09-13T07:24:25.000Z",45.701965,5.883716,0,1.75,3.75,67.5,null
"2018-09-13T07:28:25.000Z",45.701965,5.883716,0,1.25,3.5,67.5,null
"2018-09-13T07:32:25.000Z",45.701965,5.883716,0.75,2,3.5,67.5,null
"2018-09-13T07:36:28.000Z",45.701965,5.883716,0.25,1.25,2.5,67.5,null
"2018-09-13T07:40:28.000Z",45.701965,5.883716,0.25,2.75,4.75,67.5,null
"2018-09-13T07:44:28.000Z",45.701965,5.883716,1.75,3.25,4.75,67.5,null
"2018-09-13T07:48:33.000Z",45.701965,5.883716,0.75,2,3.25,67.5,null
"2018-09-13T07:52:33.000Z",45.701965,5.883716,0,0.5,1.75,45,null
"2018-09-13T07:56:33.000Z",45.701965,5.883716,0,0.25,1.5,67.5,null
"2018-09-13T08:00:37.000Z",45.701965,5.883716,0,1.75,3.75,67.5,null
"2018-09-13T08:04:37.000Z",45.701965,5.883716,0.25,4,6.25,180,null
"2018-09-13T08:08:37.000Z",45.701965,5.883716,4.25,6,8,202.5,null
"2018-09-13T08:12:40.000Z",45.701965,5.883716,5.25,7.25,8.75,202.5,null
"2018-09-13T08:16:40.000Z",45.701965,5.883716,6.25,8.5,10.5,202.5,null
"2018-09-13T08:20:40.000Z",45.701965,5.883716,6.5,9.5,11.5,202.5,null
"2018-09-13T08:24:45.000Z",45.701965,5.883716,7.75,9.75,12,202.5,null
"2018-09-13T08:28:45.000Z",45.701965,5.883716,7.25,9,10.5,202.5,null
"2018-09-13T08:32:45.000Z",45.701965,5.883716,4.75,7.75,9,202.5,null
"2018-09-13T08:36:49.000Z",45.701965,5.883716,5.25,7.25,8.75,202.5,null
"2018-09-13T08:40:49.000Z",45.701965,5.883716,3.5,5.25,7.25,202.5,null
"2018-09-13T08:44:49.000Z",45.701965,5.883716,1.5,4.5,6,202.5,null
"2018-09-13T08:48:53.000Z",45.701965,5.883716,2.5,4.25,5.5,202.5,null
"2018-09-13T08:52:53.000Z",45.701965,5.883716,2.5,4.25,5.5,202.5,null
"2018-09-13T08:56:53.000Z",45.701965,5.883716,0.75,3.25,4.75,202.5,null
"2018-09-13T09:00:57.000Z",45.701965,5.883716,1.75,4,5.25,202.5,null
"2018-09-13T09:04:57.000Z",45.701965,5.883716,1.75,2.75,3.5,202.5,null
"2018-09-13T09:08:57.000Z",45.701965,5.883716,1.5,2.25,3.25,202.5,null
"2018-09-13T09:13:01.000Z",45.701965,5.883716,1,1.5,2.5,202.5,null
"2018-09-13T09:17:01.000Z",45.701965,5.883716,0,0.25,1.75,202.5,null
"2018-09-13T09:21:01.000Z",45.701965,5.883716,0,1,1.75,202.5,null
"2018-09-13T09:25:04.000Z",45.701965,5.883716,0,0.75,1.5,202.5,null
"2018-09-13T09:29:04.000Z",45.701965,5.883716,0,0.25,1,202.5,null
"2018-09-13T09:33:04.000Z",45.701965,5.883716,0,0.25,1,202.5,null
"2018-09-13T09:37:09.000Z",45.701965,5.883716,0,0,0,202.5,null
"2018-09-13T09:41:09.000Z",45.701965,5.883716,0,0,0,202.5,null
"2018-09-13T09:45:09.000Z",45.701965,5.883716,0,0.5,1.5,202.5,null
"2018-09-13T09:49:13.000Z",45.701965,5.883716,0,0,0.75,202.5,null
"2018-09-13T09:53:13.000Z",45.701965,5.883716,0,0,0,202.5,null
"2018-09-13T09:57:13.000Z",45.701965,5.883716,0,0,0.75,202.5,null
"2018-09-13T10:01:17.000Z",45.701965,5.883716,0,0.25,1.5,202.5,null
"2018-09-13T10:05:17.000Z",45.701965,5.883716,0,1.75,3.25,225,null
"2018-09-13T10:09:17.000Z",45.701965,5.883716,1.5,2.5,3.25,292.5,null
"2018-09-13T10:13:22.000Z",45.701965,5.883716,0.25,1.25,2,292.5,null
"2018-09-13T10:17:22.000Z",45.701965,5.883716,0,0.75,1,292.5,null
"2018-09-13T10:21:22.000Z",45.701965,5.883716,0.75,1.75,3.25,292.5,null
"2018-09-13T10:25:25.000Z",45.701965,5.883716,2,2.75,3.5,315,null
"2018-09-13T10:29:25.000Z",45.701965,5.883716,2.75,5,7.25,315,null
"2018-09-13T10:33:25.000Z",45.701965,5.883716,6,7.5,9,337.5,null
"2018-09-13T10:37:29.000Z",45.701965,5.883716,7.75,9.5,11,337.5,null
"2018-09-13T10:41:29.000Z",45.701965,5.883716,6.5,8,9,337.5,null
"2018-09-13T10:45:29.000Z",45.701965,5.883716,7.75,9,10.5,337.5,null
"2018-09-13T10:49:33.000Z",45.701965,5.883716,7,9,10.5,337.5,null
"2018-09-13T10:53:33.000Z",45.701965,5.883716,6.5,7.5,8.75,0,null
"2018-09-13T10:57:33.000Z",45.701965,5.883716,5.5,7.25,8.75,0,null
"2018-09-13T11:01:38.000Z",45.701965,5.883716,5.5,7,8.5,337.5,null
"2018-09-13T11:05:38.000Z",45.701965,5.883716,5.25,7,8,337.5,null
"2018-09-13T11:09:38.000Z",45.701965,5.883716,3.75,5.25,6.5,315,null
"2018-09-13T11:13:41.000Z",45.701965,5.883716,3.75,5.5,6.5,315,null
"2018-09-13T11:17:41.000Z",45.701965,5.883716,2,3.25,4.75,315,null
"2018-09-13T11:21:41.000Z",45.701965,5.883716,1.5,1.75,2.5,315,null
"2018-09-13T11:25:45.000Z",45.701965,5.883716,1.75,2.25,2.75,315,null
"2018-09-13T11:29:45.000Z",45.701965,5.883716,0.75,1.75,2.75,315,null
"2018-09-13T11:33:45.000Z",45.701965,5.883716,0.25,1,1.75,315,null
"2018-09-13T11:37:49.000Z",45.701965,5.883716,1.75,4,6,315,null
"2018-09-13T11:41:49.000Z",45.701965,5.883716,2.5,3.75,5.25,315,null
"2018-09-13T11:45:49.000Z",45.701965,5.883716,1,3.75,5.5,315,null
"2018-09-13T11:49:54.000Z",45.701965,5.883716,0,0.5,1.75,315,null
"2018-09-13T11:53:54.000Z",45.701965,5.883716,0,2.25,3.5,292.5,null
"2018-09-13T11:57:54.000Z",45.701965,5.883716,1.75,3.5,4.5,292.5,null
"2018-09-13T12:01:58.000Z",45.701965,5.883716,0,2.25,4.25,292.5,null
"2018-09-13T12:05:58.000Z",45.701965,5.883716,0,0,0,292.5,null
"2018-09-13T12:09:58.000Z",45.701965,5.883716,0,0,0,292.5,null
"2018-09-13T12:14:02.000Z",45.701965,5.883716,0,0,0,292.5,null
"2018-09-13T12:18:02.000Z",45.701965,5.883716,0,2.75,6,202.5,null
"2018-09-13T12:22:02.000Z",45.701965,5.883716,0,1.5,3.25,180,null
"2018-09-13T12:26:05.000Z",45.701965,5.883716,1,2.25,3.25,180,null
"2018-09-13T12:30:05.000Z",45.701965,5.883716,0,1.5,3.75,180,null
"2018-09-13T12:34:05.000Z",45.701965,5.883716,0,2.25,4.25,180,null
"2018-09-13T12:38:10.000Z",45.701965,5.883716,1.75,5.75,8,180,null
"2018-09-13T12:42:10.000Z",45.701965,5.883716,0.25,4.25,9.75,202.5,null
"2018-09-13T12:46:10.000Z",45.701965,5.883716,0,5.5,8.75,247.5,null
"2018-09-13T12:50:13.000Z",45.701965,5.883716,0.75,6.5,8.75,225,null
"2018-09-13T12:54:13.000Z",45.701965,5.883716,0,0.5,3.5,225,null
"2018-09-13T12:58:13.000Z",45.701965,5.883716,0,0,0,225,null
"2018-09-13T13:02:18.000Z",45.701965,5.883716,0,0.75,8,202.5,null
"2018-09-13T13:06:18.000Z",45.701965,5.883716,1.75,9.5,16.5,225,null
"2018-09-13T13:10:18.000Z",45.701965,5.883716,0.75,8.5,16.5,270,null
"2018-09-13T13:14:22.000Z",45.701965,5.883716,0.5,6.75,12,337.5,null
"2018-09-13T13:18:22.000Z",45.701965,5.883716,4.25,8.5,15.5,0,null
"2018-09-13T13:22:22.000Z",45.701965,5.883716,0,3,7,337.5,null
"2018-09-13T13:26:26.000Z",45.701965,5.883716,0,6.25,16.5,247.5,null
"2018-09-13T13:30:26.000Z",45.701965,5.883716,3.25,8,11.5,270,null
"2018-09-13T13:34:26.000Z",45.701965,5.883716,4.75,8.5,12,270,null
"2018-09-13T13:38:30.000Z",45.701965,5.883716,1,6.25,19,315,null
"2018-09-13T13:42:30.000Z",45.701965,5.883716,1,5.5,12,0,null
"2018-09-13T13:46:30.000Z",45.701965,5.883716,0,1.75,4.25,337.5,null
"2018-09-13T13:50:34.000Z",45.701965,5.883716,0,3,8,225,null
"2018-09-13T13:54:34.000Z",45.701965,5.883716,0,5.25,23.5,292.5,null
"2018-09-13T13:58:34.000Z",45.701965,5.883716,14.5,21,28.5,337.5,null
"2018-09-13T14:02:38.000Z",45.701965,5.883716,18.5,22.5,28,337.5,null
"2018-09-13T14:06:38.000Z",45.701965,5.883716,14.5,18,23.5,337.5,null
"2018-09-13T14:10:38.000Z",45.701965,5.883716,14,17.5,22,0,null
"2018-09-13T14:14:42.000Z",45.701965,5.883716,9.5,16,21,0,null
"2018-09-13T14:18:42.000Z",45.701965,5.883716,14,16.5,21,0,null
"2018-09-13T14:22:42.000Z",45.701965,5.883716,6.25,11.5,18,0,null
"2018-09-13T14:26:46.000Z",45.701965,5.883716,8.25,11,14,0,null
"2018-09-13T14:30:46.000Z",45.701965,5.883716,10.5,14,16.5,337.5,null
"2018-09-13T14:34:46.000Z",45.701965,5.883716,11.5,13.5,16,337.5,null
"2018-09-13T14:38:50.000Z",45.701965,5.883716,6.5,10.5,12.5,0,null
"2018-09-13T14:42:50.000Z",45.701965,5.883716,6,8.25,11,22.5,null
"2018-09-13T14:46:50.000Z",45.701965,5.883716,5.25,7.75,11,22.5,null
"2018-09-13T14:50:54.000Z",45.701965,5.883716,3.75,7,10,0,null
"2018-09-13T14:54:54.000Z",45.701965,5.883716,7,8.25,9.5,0,null
"2018-09-13T14:58:54.000Z",45.701965,5.883716,6.25,7.75,8.75,0,null
"2018-09-13T15:02:58.000Z",45.701965,5.883716,6,7.25,8.25,0,null
"2018-09-13T15:06:58.000Z",45.701965,5.883716,6.25,6.75,8,0,null
"2018-09-13T15:10:58.000Z",45.701965,5.883716,4.5,5.5,6.5,0,null
"2018-09-13T15:15:03.000Z",45.701965,5.883716,6,6.25,7,0,null
"2018-09-13T15:19:03.000Z",45.701965,5.883716,2.75,4,6,0,null
"2018-09-13T15:23:03.000Z",45.701965,5.883716,1,3,4.75,0,null
"2018-09-13T15:27:06.000Z",45.701965,5.883716,1.75,2.5,4.25,0,null
"2018-09-13T15:31:06.000Z",45.701965,5.883716,1.75,3.75,5.25,0,null
"2018-09-13T15:35:06.000Z",45.701965,5.883716,2.5,3.75,5.5,0,null
"2018-09-13T15:39:11.000Z",45.701965,5.883716,2.5,5,7.75,0,null
"2018-09-13T15:43:11.000Z",45.701965,5.883716,2.75,5,7.75,22.5,null
"2018-09-13T15:47:11.000Z",45.701965,5.883716,1.75,3.75,5.25,22.5,null
"2018-09-13T15:51:15.000Z",45.701965,5.883716,1.5,3.25,4.25,22.5,null
"2018-09-13T15:55:15.000Z",45.701965,5.883716,1.75,3.25,4.75,22.5,null
"2018-09-13T15:59:15.000Z",45.701965,5.883716,2,3,3.75,0,null
"2018-09-13T16:03:19.000Z",45.701965,5.883716,1.5,2.25,3.5,0,null
"2018-09-13T16:07:19.000Z",45.701965,5.883716,1.5,2.25,3.5,0,null
"2018-09-13T16:11:19.000Z",45.701965,5.883716,1.75,3.25,7,337.5,null
"2018-09-13T16:15:22.000Z",45.701965,5.883716,3.75,5.25,7.25,337.5,null
"2018-09-13T16:19:22.000Z",45.701965,5.883716,4.75,6.5,8,315,null
"2018-09-13T16:23:22.000Z",45.701965,5.883716,2,6.25,8,315,null
"2018-09-13T16:27:26.000Z",45.701965,5.883716,2,4,5.5,315,null
"2018-09-13T16:31:26.000Z",45.701965,5.883716,3.5,5.5,6.5,315,null
"2018-09-13T16:35:26.000Z",45.701965,5.883716,1,4.5,7,315,null
"2018-09-13T16:39:31.000Z",45.701965,5.883716,0,2.25,4.25,315,null
"2018-09-13T16:43:31.000Z",45.701965,5.883716,0,0,0,315,null
"2018-09-13T16:47:31.000Z",45.701965,5.883716,0,0,0,315,null
"2018-09-13T16:51:35.000Z",45.701965,5.883716,0,0,0,315,null
"2018-09-13T16:55:35.000Z",45.701965,5.883716,0,0,0,315,null
"2018-09-13T16:59:35.000Z",45.701965,5.883716,0,0,0,315,null
"2018-09-13T17:03:39.000Z",45.701965,5.883716,0,0,0,315,null
"2018-09-13T17:07:39.000Z",45.701965,5.883716,0,0,0,315,null
"2018-09-13T17:11:39.000Z",45.701965,5.883716,0,0,0,315,null
"2018-09-13T17:15:42.000Z",45.701965,5.883716,0,0,0,315,null
"2018-09-13T17:19:42.000Z",45.701965,5.883716,0,0,0,315,null
"2018-09-13T17:23:42.000Z",45.701965,5.883716,0,0,0,315,null
"2018-09-13T17:27:46.000Z",45.701965,5.883716,0.25,1,2,315,null
"2018-09-13T17:31:46.000Z",45.701965,5.883716,0,0.75,2,315,null
"2018-09-13T17:35:46.000Z",45.701965,5.883716,0,0,0,315,null
"2018-09-13T17:39:51.000Z",45.701965,5.883716,0,0,0,315,null
"2018-09-13T17:43:51.000Z",45.701965,5.883716,0,0,0,315,null
"2018-09-13T17:47:51.000Z",45.701965,5.883716,0,0,0,315,null
"2018-09-13T17:51:55.000Z",45.701965,5.883716,0,0,1.75,315,null
"2018-09-13T17:55:55.000Z",45.701965,5.883716,0,0.25,1.5,315,null
"2018-09-13T17:59:55.000Z",45.701965,5.883716,0,0,0.75,337.5,null
"2018-09-13T18:03:59.000Z",45.701965,5.883716,0,1.5,4.25,315,null
"2018-09-13T18:07:59.000Z",45.701965,5.883716,2.5,4.25,7.75,315,null
"2018-09-13T18:11:59.000Z",45.701965,5.883716,7,10,13,337.5,null
"2018-09-13T18:16:03.000Z",45.701965,5.883716,11,12.5,15.5,337.5,null
"2018-09-13T18:20:03.000Z",45.701965,5.883716,10,12.5,15.5,337.5,null
"2018-09-13T18:24:03.000Z",45.701965,5.883716,9,14,19.5,337.5,null
"2018-09-13T18:28:07.000Z",45.701965,5.883716,13,20,24.5,337.5,null
"2018-09-13T18:32:07.000Z",45.701965,5.883716,17.5,22,29,337.5,null
"2018-09-13T18:36:07.000Z",45.701965,5.883716,13.5,21,27.5,337.5,null
"2018-09-13T18:40:11.000Z",45.701965,5.883716,9.75,15.5,20,0,null
"2018-09-13T18:44:11.000Z",45.701965,5.883716,5.25,9.25,15.5,22.5,null
"2018-09-13T18:48:11.000Z",45.701965,5.883716,6.25,11,15.5,0,null
"2018-09-13T18:52:15.000Z",45.701965,5.883716,9.75,13.5,17,0,null
"2018-09-13T18:56:15.000Z",45.701965,5.883716,13,18.5,23.5,337.5,null
"2018-09-13T19:00:15.000Z",45.701965,5.883716,12.5,16.5,21,0,null
"2018-09-13T19:04:19.000Z",45.701965,5.883716,10.5,15.5,20.5,0,null
"2018-09-13T19:08:19.000Z",45.701965,5.883716,4.75,10.5,19.5,22.5,null
"2018-09-13T19:12:19.000Z",45.701965,5.883716,3.25,6.75,11,22.5,null
"2018-09-13T19:16:23.000Z",45.701965,5.883716,2.75,7.5,11.5,45,null
"2018-09-13T19:20:23.000Z",45.701965,5.883716,1.75,7.25,13,67.5,null
"2018-09-13T19:24:23.000Z",45.701965,5.883716,3.75,7.5,15,67.5,null
"2018-09-13T19:28:28.000Z",45.701965,5.883716,5.5,8.5,12.5,45,null
"2018-09-13T19:32:28.000Z",45.701965,5.883716,4.75,8.75,11.5,67.5,null
"2018-09-13T19:36:28.000Z",45.701965,5.883716,3.75,9.5,14.5,45,null
"2018-09-13T19:40:31.000Z",45.701965,5.883716,5.25,8.5,11,22.5,null
"2018-09-13T19:44:31.000Z",45.701965,5.883716,5.5,8.5,13,22.5,null
"2018-09-13T19:48:31.000Z",45.701965,5.883716,5.5,8,10,45,null
"2018-09-13T19:52:43.000Z",45.701965,5.883716,2.5,8.25,12.5,22.5,null
"2018-09-13T19:56:43.000Z",45.701965,5.883716,4.5,9,13.5,22.5,null
"2018-09-13T20:00:43.000Z",45.701965,5.883716,4.75,9,14,22.5,null
"2018-09-13T20:04:48.000Z",45.701965,5.883716,6.25,9,13,45,null
"2018-09-13T20:08:48.000Z",45.701965,5.883716,3.5,8.5,13,22.5,null
"2018-09-13T20:12:48.000Z",45.701965,5.883716,3.25,8.75,14.5,45,null
"2018-09-13T20:16:52.000Z",45.701965,5.883716,6.25,12.5,20,22.5,null
"2018-09-13T20:20:52.000Z",45.701965,5.883716,8.75,12.5,18,0,null
"2018-09-13T20:24:52.000Z",45.701965,5.883716,8.25,13.5,19,0,null
"2018-09-13T20:28:55.000Z",45.701965,5.883716,9.75,16,20.5,0,null
"2018-09-13T20:32:55.000Z",45.701965,5.883716,14.5,19,24,337.5,null
"2018-09-13T20:36:55.000Z",45.701965,5.883716,15,19,23.5,337.5,null
"2018-09-13T20:41:00.000Z",45.701965,5.883716,14.5,20,24.5,337.5,null
"2018-09-13T20:45:00.000Z",45.701965,5.883716,15,19,23,0,null
"2018-09-13T20:49:00.000Z",45.701965,5.883716,12,17,23,337.5,null
"2018-09-13T20:53:03.000Z",45.701965,5.883716,11,15,19.5,0,null
"2018-09-13T20:57:03.000Z",45.701965,5.883716,9,17.5,26,0,null
"2018-09-13T21:01:03.000Z",45.701965,5.883716,3.75,9.25,18,22.5,null
"2018-09-13T21:05:07.000Z",45.701965,5.883716,4.75,9,14,67.5,null
"2018-09-13T21:09:07.000Z",45.701965,5.883716,5.5,11,20.5,0,null
"2018-09-13T21:13:07.000Z",45.701965,5.883716,2.5,6,11,45,null
"2018-09-13T21:17:12.000Z",45.701965,5.883716,3.25,6,9,45,null
"2018-09-13T21:21:12.000Z",45.701965,5.883716,2,4.25,8.75,22.5,null
"2018-09-13T21:25:12.000Z",45.701965,5.883716,5.5,12,20,0,null
"2018-09-13T21:29:15.000Z",45.701965,5.883716,12,16,20,337.5,null
"2018-09-13T21:33:15.000Z",45.701965,5.883716,12,15.5,19.5,337.5,null
"2018-09-13T21:37:15.000Z",45.701965,5.883716,8.25,12.5,17,0,null
"2018-09-13T21:41:20.000Z",45.701965,5.883716,6.25,14,20,0,null
"2018-09-13T21:45:20.000Z",45.701965,5.883716,9.5,14.5,20,0,null
"2018-09-13T21:49:20.000Z",45.701965,5.883716,4.25,6.5,12,22.5,null
"2018-09-13T21:53:23.000Z",45.701965,5.883716,3.75,8,15.5,0,null
"2018-09-13T21:57:23.000Z",45.701965,5.883716,14,17,20,0,null
"2018-09-13T22:01:23.000Z",45.701965,5.883716,14,18,24.5,0,null
"2018-09-13T22:05:28.000Z",45.701965,5.883716,14.5,20.5,23.5,0,null
"2018-09-13T22:09:28.000Z",45.701965,5.883716,13,17,21,0,null
"2018-09-13T22:13:28.000Z",45.701965,5.883716,15,19.5,23.5,337.5,null
"2018-09-13T22:17:32.000Z",45.701965,5.883716,15.5,20.5,24.5,337.5,null
"2018-09-13T22:21:32.000Z",45.701965,5.883716,14.5,19,23.5,337.5,null
"2018-09-13T22:25:32.000Z",45.701965,5.883716,18,21,24.5,337.5,null
"2018-09-13T22:29:36.000Z",45.701965,5.883716,16.5,19.5,23.5,337.5,null
"2018-09-13T22:33:36.000Z",45.701965,5.883716,13,17.5,21,0,null
"2018-09-13T22:37:36.000Z",45.701965,5.883716,11.5,16.5,20,0,null
"2018-09-13T22:41:40.000Z",45.701965,5.883716,12,14.5,17,0,null
"2018-09-13T22:45:40.000Z",45.701965,5.883716,8,13,18.5,0,null
"2018-09-13T22:49:40.000Z",45.701965,5.883716,4.75,12,18,0,null
"2018-09-13T22:53:44.000Z",45.701965,5.883716,10,14.5,17.5,0,null
"2018-09-13T22:57:44.000Z",45.701965,5.883716,13,17,22,0,null
"2018-09-13T23:01:44.000Z",45.701965,5.883716,13.5,17,20,0,null
"2018-09-13T23:05:48.000Z",45.701965,5.883716,13,17,19.5,337.5,null
"2018-09-13T23:09:48.000Z",45.701965,5.883716,13,17,20.5,0,null
"2018-09-13T23:13:48.000Z",45.701965,5.883716,13,17,21,337.5,null
"2018-09-13T23:17:52.000Z",45.701965,5.883716,15,18.5,21,337.5,null
"2018-09-13T23:21:52.000Z",45.701965,5.883716,15.5,19.5,22.5,337.5,null
"2018-09-13T23:25:52.000Z",45.701965,5.883716,15.5,20,23.5,337.5,null
"2018-09-13T23:29:56.000Z",45.701965,5.883716,15.5,17.5,20,337.5,null
"2018-09-13T23:33:56.000Z",45.701965,5.883716,14,17.5,20,337.5,null
"2018-09-13T23:37:56.000Z",45.701965,5.883716,12.5,18,23.5,337.5,null
"2018-09-13T23:42:00.000Z",45.701965,5.883716,12,15,17.5,337.5,null
"2018-09-13T23:46:00.000Z",45.701965,5.883716,12.5,16,19.5,337.5,null
"2018-09-13T23:50:00.000Z",45.701965,5.883716,12,16.5,19.5,337.5,null
"2018-09-13T23:54:04.000Z",45.701965,5.883716,12,16.5,20,0,null
"2018-09-13T23:58:04.000Z",45.701965,5.883716,12,20,27,0,null
"2018-09-14T00:02:04.000Z",45.701965,5.883716,17.5,23,27,0,null
"2018-09-14T00:06:08.000Z",45.701965,5.883716,18,23.5,28,337.5,null
"2018-09-14T00:10:08.000Z",45.701965,5.883716,21.5,27.5,32,337.5,null
"2018-09-14T00:14:08.000Z",45.701965,5.883716,22.5,28,34.5,337.5,null
"2018-09-14T00:18:13.000Z",45.701965,5.883716,19,27.5,37,0,null
"2018-09-14T00:22:13.000Z",45.701965,5.883716,16.5,26,38.5,0,null
"2018-09-14T00:26:13.000Z",45.701965,5.883716,17,24.5,34,0,null
"2018-09-14T00:30:16.000Z",45.701965,5.883716,10,18.5,27,22.5,null
"2018-09-14T00:34:16.000Z",45.701965,5.883716,10.5,16.5,23.5,22.5,null
"2018-09-14T00:38:16.000Z",45.701965,5.883716,5.25,10,18,22.5,null
"2018-09-14T00:42:20.000Z",45.701965,5.883716,1.5,5.75,11,45,null
"2018-09-14T00:46:20.000Z",45.701965,5.883716,2,6,11,45,null
"2018-09-14T00:50:20.000Z",45.701965,5.883716,3.25,6,10,45,null
"2018-09-14T00:54:24.000Z",45.701965,5.883716,1.75,4.25,6.25,67.5,null
"2018-09-14T00:58:24.000Z",45.701965,5.883716,0.75,3.25,7.25,67.5,null
"2018-09-14T01:02:24.000Z",45.701965,5.883716,0.75,3,6.5,67.5,null
"2018-09-14T01:06:29.000Z",45.701965,5.883716,3.25,5.25,8.75,67.5,null
"2018-09-14T01:10:29.000Z",45.701965,5.883716,1.5,5,8.75,67.5,null
"2018-09-14T01:14:29.000Z",45.701965,5.883716,1,2.5,5.25,45,null
"2018-09-14T01:18:32.000Z",45.701965,5.883716,2.5,4.5,7,22.5,null
"2018-09-14T01:22:32.000Z",45.701965,5.883716,1,2.75,4.5,22.5,null
"2018-09-14T01:26:32.000Z",45.701965,5.883716,0,1,2.5,22.5,null
"2018-09-14T01:30:37.000Z",45.701965,5.883716,0,1.75,4.25,22.5,null
"2018-09-14T01:34:37.000Z",45.701965,5.883716,0.25,3,6.5,0,null
"2018-09-14T01:38:37.000Z",45.701965,5.883716,0.75,6,9.75,315,null
"2018-09-14T01:42:40.000Z",45.701965,5.883716,0.25,4,7,315,null
"2018-09-14T01:46:40.000Z",45.701965,5.883716,2.75,4.25,5.5,315,null
"2018-09-14T01:50:40.000Z",45.701965,5.883716,4.5,7,9,315,null
"2018-09-14T01:54:45.000Z",45.701965,5.883716,6,7.25,8.25,315,null
"2018-09-14T01:58:45.000Z",45.701965,5.883716,6,7.25,9,337.5,null
"2018-09-14T02:02:45.000Z",45.701965,5.883716,4.5,9.25,12,22.5,null
"2018-09-14T02:06:48.000Z",45.701965,5.883716,4.5,7.75,11,22.5,null
"2018-09-14T02:10:48.000Z",45.701965,5.883716,3.75,6.75,9.75,22.5,null
"2018-09-14T02:14:48.000Z",45.701965,5.883716,4.25,7.25,10.5,22.5,null
"2018-09-14T02:18:52.000Z",45.701965,5.883716,2.75,5,7.25,22.5,null
"2018-09-14T02:22:52.000Z",45.701965,5.883716,2.5,5,8,22.5,null
"2018-09-14T02:26:52.000Z",45.701965,5.883716,3.5,7.75,10.5,0,null
"2018-09-14T02:30:57.000Z",45.701965,5.883716,4.75,8.5,11,0,null
"2018-09-14T02:34:57.000Z",45.701965,5.883716,4.5,7.75,11,0,null
"2018-09-14T02:38:57.000Z",45.701965,5.883716,4.25,7.5,10,0,null
"2018-09-14T02:43:01.000Z",45.701965,5.883716,4.25,8.5,12,0,null
"2018-09-14T02:47:01.000Z",45.701965,5.883716,9.75,12,14.5,0,null
"2018-09-14T02:51:01.000Z",45.701965,5.883716,8,10.5,13,0,null
"2018-09-14T02:55:04.000Z",45.701965,5.883716,6.5,9,11,0,null
"2018-09-14T02:59:04.000Z",45.701965,5.883716,5.25,6.5,8.25,0,null
"2018-09-14T03:03:04.000Z",45.701965,5.883716,5.25,6.5,8.25,0,null
"2018-09-14T03:07:09.000Z",45.701965,5.883716,5.25,6,7.75,0,null
"2018-09-14T03:11:09.000Z",45.701965,5.883716,4.25,6.75,9.5,0,null
"2018-09-14T03:15:09.000Z",45.701965,5.883716,4.5,6.25,7.75,0,null
"2018-09-14T03:19:13.000Z",45.701965,5.883716,3.75,6.5,9,0,null
"2018-09-14T03:23:13.000Z",45.701965,5.883716,3.25,7.25,9.75,0,null
"2018-09-14T03:27:13.000Z",45.701965,5.883716,4.75,7.75,11,0,null
"2018-09-14T03:31:17.000Z",45.701965,5.883716,5.25,8,11.5,0,null
"2018-09-14T03:35:17.000Z",45.701965,5.883716,7,9,12,0,null
"2018-09-14T03:39:17.000Z",45.701965,5.883716,5.5,8.5,12.5,0,null
"2018-09-14T03:43:21.000Z",45.701965,5.883716,8.75,11.5,16.5,0,null
"2018-09-14T03:47:21.000Z",45.701965,5.883716,11,13.5,16,337.5,null
"2018-09-14T03:51:21.000Z",45.701965,5.883716,12,14.5,16.5,337.5,null
"2018-09-14T03:55:25.000Z",45.701965,5.883716,12,14,16.5,0,null
"2018-09-14T03:59:25.000Z",45.701965,5.883716,11,13.5,16,0,null
"2018-09-14T04:03:25.000Z",45.701965,5.883716,11,13.5,16.5,0,null
"2018-09-14T04:07:29.000Z",45.701965,5.883716,12,15,17.5,0,null
"2018-09-14T04:11:29.000Z",45.701965,5.883716,12,14,16.5,0,null
"2018-09-14T04:15:29.000Z",45.701965,5.883716,14,17,19.5,0,null
"2018-09-14T04:19:33.000Z",45.701965,5.883716,15,18,21,0,null
"2018-09-14T04:23:33.000Z",45.701965,5.883716,16,18.5,20,0,null
"2018-09-14T04:27:33.000Z",45.701965,5.883716,13.5,18,21.5,0,null
"2018-09-14T04:31:37.000Z",45.701965,5.883716,17,19.5,22.5,0,null
"2018-09-14T04:35:37.000Z",45.701965,5.883716,15.5,19,22,0,null
"2018-09-14T04:39:37.000Z",45.701965,5.883716,15.5,18,21.5,0,null
"2018-09-14T04:43:41.000Z",45.701965,5.883716,11.5,17.5,21,0,null
"2018-09-14T04:47:41.000Z",45.701965,5.883716,14.5,18.5,23.5,0,null
"2018-09-14T04:51:41.000Z",45.701965,5.883716,12.5,17.5,21,0,null
"2018-09-14T04:55:45.000Z",45.701965,5.883716,14.5,17.5,20,0,null
"2018-09-14T04:59:45.000Z",45.701965,5.883716,14,19,22.5,0,null
"2018-09-14T05:03:45.000Z",45.701965,5.883716,16.5,19.5,23,0,null
"2018-09-14T05:07:50.000Z",45.701965,5.883716,13.5,18.5,22.5,0,null
"2018-09-14T05:11:50.000Z",45.701965,5.883716,12,17,21,0,null
"2018-09-14T05:15:50.000Z",45.701965,5.883716,12,18,22,0,null
"2018-09-14T05:19:54.000Z",45.701965,5.883716,13,18,22,0,null
"2018-09-14T05:23:54.000Z",45.701965,5.883716,15.5,19,22.5,0,null
"2018-09-14T05:27:54.000Z",45.701965,5.883716,16.5,19,21.5,0,null
"2018-09-14T05:31:57.000Z",45.701965,5.883716,12.5,18,21.5,0,null
"2018-09-14T05:35:57.000Z",45.701965,5.883716,14,17,20,0,null
"2018-09-14T05:39:57.000Z",45.701965,5.883716,12,15.5,19,0,null
"2018-09-14T05:44:02.000Z",45.701965,5.883716,11.5,13.5,18,0,null
"2018-09-14T05:48:02.000Z",45.701965,5.883716,8.25,11,13.5,0,null
"2018-09-14T05:52:02.000Z",45.701965,5.883716,7,11.5,14,0,null
"2018-09-14T05:56:05.000Z",45.701965,5.883716,9.75,13.5,17.5,0,null
"2018-09-14T06:00:05.000Z",45.701965,5.883716,10.5,13.5,16.5,0,null
"2018-09-14T06:04:05.000Z",45.701965,5.883716,6.5,12.5,17,0,null
"2018-09-14T06:08:09.000Z",45.701965,5.883716,8,13.5,18,0,null
"2018-09-14T06:12:09.000Z",45.701965,5.883716,7.25,13.5,16.5,0,null
"2018-09-14T06:16:09.000Z",45.701965,5.883716,13,15.5,19,0,null
"2018-09-14T06:20:14.000Z",45.701965,5.883716,12.5,16.5,20,0,null
"2018-09-14T06:24:14.000Z",45.701965,5.883716,13.5,17,20.5,0,null
"2018-09-14T06:28:14.000Z",45.701965,5.883716,12.5,17.5,20.5,0,null
"2018-09-14T06:32:17.000Z",45.701965,5.883716,13,17,20.5,0,null
"2018-09-14T06:36:17.000Z",45.701965,5.883716,12,17,21,0,null
"2018-09-14T06:40:17.000Z",45.701965,5.883716,9.5,17.5,21.5,0,null
"2018-09-14T06:44:22.000Z",45.701965,5.883716,12,16,20,0,null
"2018-09-14T06:48:22.000Z",45.701965,5.883716,10,16,19,0,null
"2018-09-14T06:52:22.000Z",45.701965,5.883716,13,18,22,0,null
"2018-09-14T06:56:25.000Z",45.701965,5.883716,13,19,22,0,null
"2018-09-14T07:00:25.000Z",45.701965,5.883716,14.5,17,20,0,null
"2018-09-14T07:04:25.000Z",45.701965,5.883716,11.5,17.5,22.5,0,null
"2018-09-14T07:08:30.000Z",45.701965,5.883716,10,17,22.5,0,null
"2018-09-14T07:12:30.000Z",45.701965,5.883716,12,16.5,21,0,null
"2018-09-14T07:16:30.000Z",45.701965,5.883716,13,18,21,0,null
"2018-09-14T07:20:34.000Z",45.701965,5.883716,13.5,17,19.5,0,null
"2018-09-14T07:24:34.000Z",45.701965,5.883716,10,16.5,21,0,null
"2018-09-14T07:28:34.000Z",45.701965,5.883716,14.5,18,20.5,0,null
"2018-09-14T07:32:38.000Z",45.701965,5.883716,14,18.5,24.5,0,null
"2018-09-14T07:36:38.000Z",45.701965,5.883716,12.5,18,23.5,0,null
"2018-09-14T07:40:38.000Z",45.701965,5.883716,14,17.5,22,0,null
"2018-09-14T07:44:42.000Z",45.701965,5.883716,11,17.5,23.5,0,null
"2018-09-14T07:48:42.000Z",45.701965,5.883716,9.5,18,22.5,0,null
"2018-09-14T07:52:42.000Z",45.701965,5.883716,13,17.5,20.5,0,null
"2018-09-14T07:56:45.000Z",45.701965,5.883716,8.25,17,22,0,null
"2018-09-14T08:00:45.000Z",45.701965,5.883716,14,17.5,22,0,null
"2018-09-14T08:04:45.000Z",45.701965,5.883716,12.5,16.5,20.5,0,null
"2018-09-14T08:08:50.000Z",45.701965,5.883716,15,18.5,22.5,0,null
"2018-09-14T08:12:50.000Z",45.701965,5.883716,15,19.5,22,0,null
"2018-09-14T08:16:50.000Z",45.701965,5.883716,15,19,22.5,0,null
"2018-09-14T08:20:54.000Z",45.701965,5.883716,12,15.5,18.5,0,null
"2018-09-14T08:24:54.000Z",45.701965,5.883716,13,16,18.5,0,null
"2018-09-14T08:28:54.000Z",45.701965,5.883716,12.5,16.5,20,0,null
"2018-09-14T08:32:58.000Z",45.701965,5.883716,11.5,15,18,0,null
"2018-09-14T08:36:58.000Z",45.701965,5.883716,10.5,14,16.5,337.5,null
"2018-09-14T08:40:58.000Z",45.701965,5.883716,12.5,14.5,16.5,0,null
"2018-09-14T08:45:02.000Z",45.701965,5.883716,10.5,14,16.5,0,null
"2018-09-14T08:49:02.000Z",45.701965,5.883716,10,14,15.5,0,null
"2018-09-14T08:53:02.000Z",45.701965,5.883716,8.75,13,16.5,0,null
"2018-09-14T08:57:07.000Z",45.701965,5.883716,8,12,15,0,null
"2018-09-14T09:01:07.000Z",45.701965,5.883716,7.75,11.5,14.5,0,null
"2018-09-14T09:05:07.000Z",45.701965,5.883716,7.75,11.5,14.5,0,null
"2018-09-14T09:09:10.000Z",45.701965,5.883716,8.25,12,14.5,0,null
"2018-09-14T09:13:10.000Z",45.701965,5.883716,10.5,12.5,15,0,null
"2018-09-14T09:17:10.000Z",45.701965,5.883716,8,12,14.5,0,null
"2018-09-14T09:21:14.000Z",45.701965,5.883716,9,11,14.5,0,null
"2018-09-14T09:25:14.000Z",45.701965,5.883716,9,11,13.5,0,null
"2018-09-14T09:29:14.000Z",45.701965,5.883716,8,12,14.5,0,null
"2018-09-14T09:33:19.000Z",45.701965,5.883716,11,13.5,15.5,0,null
"2018-09-14T09:37:19.000Z",45.701965,5.883716,9,12,15.5,0,null
"2018-09-14T09:41:19.000Z",45.701965,5.883716,10,13,15.5,0,null
"2018-09-14T09:45:23.000Z",45.701965,5.883716,11,13,15.5,0,null
"2018-09-14T09:49:23.000Z",45.701965,5.883716,11,14,15.5,337.5,null
"2018-09-14T09:53:23.000Z",45.701965,5.883716,13,15,16.5,337.5,null
"2018-09-14T09:57:27.000Z",45.701965,5.883716,12,14.5,17,0,null
"2018-09-14T10:01:27.000Z",45.701965,5.883716,10.5,14,18,0,null
"2018-09-14T10:05:27.000Z",45.701965,5.883716,10.5,13,15,0,null
"2018-09-14T10:09:30.000Z",45.701965,5.883716,9.75,12,13.5,0,null
"2018-09-14T10:13:30.000Z",45.701965,5.883716,9,11.5,14,0,null
"2018-09-14T10:17:30.000Z",45.701965,5.883716,9.75,12.5,14.5,0,null
"2018-09-14T10:21:34.000Z",45.701965,5.883716,8.25,12,15,337.5,null
"2018-09-14T10:25:34.000Z",45.701965,5.883716,9.75,13,15.5,0,null
"2018-09-14T10:29:34.000Z",45.701965,5.883716,8.25,11.5,14,0,null
"2018-09-14T10:33:39.000Z",45.701965,5.883716,8.75,12,14.5,0,null
"2018-09-14T10:37:39.000Z",45.701965,5.883716,8,10.5,14.5,337.5,null
"2018-09-14T10:41:39.000Z",45.701965,5.883716,8.75,11,14.5,0,null
"2018-09-14T10:45:42.000Z",45.701965,5.883716,9,12,15.5,0,null
"2018-09-14T10:49:42.000Z",45.701965,5.883716,10,14,17,0,null
"2018-09-14T10:53:42.000Z",45.701965,5.883716,11.5,13.5,15.5,0,null
"2018-09-14T10:57:47.000Z",45.701965,5.883716,9.5,12,14.5,0,null
"2018-09-14T11:01:47.000Z",45.701965,5.883716,6,9.75,14.5,0,null
"2018-09-14T11:05:47.000Z",45.701965,5.883716,5.5,7,9.5,0,null
"2018-09-14T11:09:51.000Z",45.701965,5.883716,5.25,6.25,7.75,0,null
"2018-09-14T11:13:51.000Z",45.701965,5.883716,6,9,12,337.5,null
"2018-09-14T11:17:51.000Z",45.701965,5.883716,8,10,12.5,337.5,null
"2018-09-14T11:21:55.000Z",45.701965,5.883716,9.75,11.5,14.5,337.5,null
"2018-09-14T11:25:55.000Z",45.701965,5.883716,9.5,11,14,337.5,null
"2018-09-14T11:29:55.000Z",45.701965,5.883716,11,12.5,14.5,0,null
"2018-09-14T11:33:59.000Z",45.701965,5.883716,10,12.5,14.5,0,null
"2018-09-14T11:37:59.000Z",45.701965,5.883716,10.5,12.5,15,0,null
"2018-09-14T11:41:59.000Z",45.701965,5.883716,7.75,10.5,13,0,null
"2018-09-14T11:46:03.000Z",45.701965,5.883716,5.5,9.5,13.5,0,null
"2018-09-14T11:50:03.000Z",45.701965,5.883716,6.5,9.75,12,0,null
"2018-09-14T11:54:03.000Z",45.701965,5.883716,7,10.5,12,0,null
"2018-09-14T11:58:07.000Z",45.701965,5.883716,8,10,12.5,0,null
"2018-09-14T12:02:07.000Z",45.701965,5.883716,7.25,11,14,0,null
"2018-09-14T12:06:07.000Z",45.701965,5.883716,5.5,10.5,14.5,337.5,null
"2018-09-14T12:10:11.000Z",45.701965,5.883716,9,12.5,18.5,337.5,null
"2018-09-14T12:14:11.000Z",45.701965,5.883716,8,9.75,11.5,337.5,null
"2018-09-14T12:18:11.000Z",45.701965,5.883716,4.5,9,13,337.5,null
"2018-09-14T12:22:15.000Z",45.701965,5.883716,8.25,14.5,21,315,null
"2018-09-14T12:26:15.000Z",45.701965,5.883716,7,10,13,337.5,null
"2018-09-14T12:30:15.000Z",45.701965,5.883716,5.25,9.75,17.5,337.5,null
"2018-09-14T12:34:19.000Z",45.701965,5.883716,2.75,6,14.5,315,null
"2018-09-14T12:38:19.000Z",45.701965,5.883716,9.75,13.5,17.5,292.5,null
"2018-09-14T12:42:19.000Z",45.701965,5.883716,5.5,10.5,16.5,292.5,null
"2018-09-14T12:46:23.000Z",45.701965,5.883716,8.75,16,23.5,292.5,null
"2018-09-14T12:50:23.000Z",45.701965,5.883716,7.25,11,16.5,270,null
"2018-09-14T12:54:23.000Z",45.701965,5.883716,5.5,11,19.5,292.5,null
"2018-09-14T12:58:27.000Z",45.701965,5.883716,10.5,16,21.5,270,null
"2018-09-14T13:02:27.000Z",45.701965,5.883716,15.5,20.5,24.5,270,null
"2018-09-14T13:06:27.000Z",45.701965,5.883716,8.75,16,24.5,270,null
"2018-09-14T13:10:31.000Z",45.701965,5.883716,5.25,16,28,270,null
"2018-09-14T13:14:31.000Z",45.701965,5.883716,12.5,19.5,26,270,null
"2018-09-14T13:18:31.000Z",45.701965,5.883716,11,17,24.5,270,null
"2018-09-14T13:22:35.000Z",45.701965,5.883716,5.5,16.5,27,270,null
"2018-09-14T13:26:35.000Z",45.701965,5.883716,12,20,26,270,null
"2018-09-14T13:30:35.000Z",45.701965,5.883716,17.5,24.5,33.5,270,null
"2018-09-14T13:34:40.000Z",45.701965,5.883716,14.5,21.5,30,270,null
"2018-09-14T13:38:40.000Z",45.701965,5.883716,16,20.5,26,270,null
"2018-09-14T13:42:40.000Z",45.701965,5.883716,16,22.5,29.5,270,null
"2018-09-14T13:46:44.000Z",45.701965,5.883716,16.5,21,26,270,null
"2018-09-14T13:50:44.000Z",45.701965,5.883716,12,22,29,247.5,null
"2018-09-14T13:54:44.000Z",45.701965,5.883716,16.5,22.5,29.5,270,null
"2018-09-14T13:58:48.000Z",45.701965,5.883716,13,20.5,28,270,null
"2018-09-14T14:02:48.000Z",45.701965,5.883716,8.75,19.5,29,270,null
"2018-09-14T14:06:48.000Z",45.701965,5.883716,11.5,21.5,32,270,null
"2018-09-14T14:10:51.000Z",45.701965,5.883716,13,21,29,270,null
"2018-09-14T14:14:51.000Z",45.701965,5.883716,11,24.5,32.5,270,null
"2018-09-14T14:18:51.000Z",45.701965,5.883716,18,24,30.5,270,null
"2018-09-14T14:22:55.000Z",45.701965,5.883716,14,25,38.5,270,null
"2018-09-14T14:26:55.000Z",45.701965,5.883716,12.5,21,36,270,null
"2018-09-14T14:30:55.000Z",45.701965,5.883716,18,28.5,37,270,null
"2018-09-14T14:34:59.000Z",45.701965,5.883716,23.5,31.5,36,270,null
"2018-09-14T14:38:59.000Z",45.701965,5.883716,16.5,24,34,270,null
"2018-09-14T14:42:59.000Z",45.701965,5.883716,22,28,36,270,null
"2018-09-14T14:47:04.000Z",45.701965,5.883716,14.5,25.5,35.5,270,null
"2018-09-14T14:51:04.000Z",45.701965,5.883716,10.5,21.5,34,270,null
"2018-09-14T14:55:04.000Z",45.701965,5.883716,13,23,31.5,270,null
"2018-09-14T14:59:07.000Z",45.701965,5.883716,18.5,27,36,270,null
"2018-09-14T15:03:07.000Z",45.701965,5.883716,13,22.5,32.5,270,null
"2018-09-14T15:07:07.000Z",45.701965,5.883716,14.5,23,32.5,270,null
"2018-09-14T15:11:11.000Z",45.701965,5.883716,18,26,32.5,270,null
"2018-09-14T15:15:11.000Z",45.701965,5.883716,14.5,23.5,34,270,null
"2018-09-14T15:19:11.000Z",45.701965,5.883716,7,22.5,35,270,null
"2018-09-14T15:23:16.000Z",45.701965,5.883716,20,26.5,35,270,null
"2018-09-14T15:27:16.000Z",45.701965,5.883716,13.5,23,35,270,null
"2018-09-14T15:31:16.000Z",45.701965,5.883716,15.5,27,37,270,null
"2018-09-14T15:35:19.000Z",45.701965,5.883716,13,26.5,36,270,null
"2018-09-14T15:39:19.000Z",45.701965,5.883716,8.25,24,36,270,null
"2018-09-14T15:43:19.000Z",45.701965,5.883716,15.5,24,33,270,null
"2018-09-14T15:47:24.000Z",45.701965,5.883716,19,26,32,270,null
"2018-09-14T15:51:24.000Z",45.701965,5.883716,19.5,29,35,270,null
"2018-09-14T15:55:24.000Z",45.701965,5.883716,17,26,35.5,270,null
"2018-09-14T15:59:27.000Z",45.701965,5.883716,16.5,25,32.5,270,null
"2018-09-14T16:03:27.000Z",45.701965,5.883716,19,25.5,34.5,270,null
"2018-09-14T16:07:27.000Z",45.701965,5.883716,23,28.5,36,270,null
"2018-09-14T16:11:32.000Z",45.701965,5.883716,20,26,35.5,270,null
"2018-09-14T16:15:32.000Z",45.701965,5.883716,14,22,28,270,null
"2018-09-14T16:19:32.000Z",45.701965,5.883716,18,24,32,270,null
"2018-09-14T16:23:36.000Z",45.701965,5.883716,15.5,23,29,270,null
"2018-09-14T16:27:36.000Z",45.701965,5.883716,17,23,32,270,null
"2018-09-14T16:31:36.000Z",45.701965,5.883716,20,25.5,32,270,null
"2018-09-14T16:35:40.000Z",45.701965,5.883716,20,24.5,28.5,270,null
"2018-09-14T16:39:40.000Z",45.701965,5.883716,14.5,23,32.5,270,null
"2018-09-14T16:43:40.000Z",45.701965,5.883716,15.5,24.5,30,270,null
"2018-09-14T16:47:44.000Z",45.701965,5.883716,18,23.5,30,270,null
"2018-09-14T16:51:44.000Z",45.701965,5.883716,19,25,31,270,null
"2018-09-14T16:55:44.000Z",45.701965,5.883716,11,20.5,28,247.5,null
"2018-09-14T16:59:48.000Z",45.701965,5.883716,19.5,23.5,27.5,270,null
"2018-09-14T17:03:48.000Z",45.701965,5.883716,21,25,29,270,null
"2018-09-14T17:07:48.000Z",45.701965,5.883716,18,22.5,27.5,270,null
"2018-09-14T17:11:52.000Z",45.701965,5.883716,11,23,32.5,270,null
"2018-09-14T17:15:52.000Z",45.701965,5.883716,11,20,26.5,270,null
"2018-09-14T17:19:52.000Z",45.701965,5.883716,16.5,22,29,247.5,null
"2018-09-14T17:23:56.000Z",45.701965,5.883716,15.5,22,29.5,270,null
"2018-09-14T17:27:56.000Z",45.701965,5.883716,12,18,25,270,null
"2018-09-14T17:31:56.000Z",45.701965,5.883716,14,19.5,24.5,270,null
"2018-09-14T17:36:00.000Z",45.701965,5.883716,21,25,29.5,270,null
"2018-09-14T17:40:00.000Z",45.701965,5.883716,15.5,21,28.5,270,null
"2018-09-14T17:44:00.000Z",45.701965,5.883716,14,23.5,29,270,null
"2018-09-14T17:48:04.000Z",45.701965,5.883716,17,23.5,29.5,270,null
"2018-09-14T17:52:04.000Z",45.701965,5.883716,15,21,28,270,null
"2018-09-14T17:56:04.000Z",45.701965,5.883716,17.5,22.5,29,270,null
"2018-09-14T18:00:09.000Z",45.701965,5.883716,17,23.5,29,270,null
"2018-09-14T18:04:09.000Z",45.701965,5.883716,15.5,23.5,29,270,null
"2018-09-14T18:08:09.000Z",45.701965,5.883716,14.5,22.5,31.5,270,null
"2018-09-14T18:12:12.000Z",45.701965,5.883716,17.5,23.5,31,270,null
"2018-09-14T18:16:12.000Z",45.701965,5.883716,19,23.5,31,270,null
"2018-09-14T18:20:12.000Z",45.701965,5.883716,16.5,24,31,270,null
"2018-09-14T18:24:17.000Z",45.701965,5.883716,16.5,21.5,31.5,292.5,null
"2018-09-14T18:28:17.000Z",45.701965,5.883716,18,22,34,270,null
"2018-09-14T18:32:17.000Z",45.701965,5.883716,16,23.5,31.5,270,null
"2018-09-14T18:36:20.000Z",45.701965,5.883716,14,17.5,26.5,270,null
"2018-09-14T18:40:20.000Z",45.701965,5.883716,13.5,19,25.5,292.5,null
"2018-09-14T18:44:20.000Z",45.701965,5.883716,12,18.5,23.5,292.5,null
"2018-09-14T18:48:24.000Z",45.701965,5.883716,15.5,21,26,270,null
"2018-09-14T18:52:24.000Z",45.701965,5.883716,13,18.5,24,292.5,null
"2018-09-14T18:56:24.000Z",45.701965,5.883716,13,19,27,270,null
"2018-09-14T19:00:28.000Z",45.701965,5.883716,12.5,19,24.5,270,null
"2018-09-14T19:04:28.000Z",45.701965,5.883716,12,17,23.5,292.5,null
"2018-09-14T19:08:28.000Z",45.701965,5.883716,9.5,15,20.5,292.5,null
"2018-09-14T19:12:33.000Z",45.701965,5.883716,9.5,14,19.5,270,null
"2018-09-14T19:16:33.000Z",45.701965,5.883716,8.75,13.5,18,292.5,null
"2018-09-14T19:20:33.000Z",45.701965,5.883716,9,14,19,292.5,null
"2018-09-14T19:24:37.000Z",45.701965,5.883716,8.75,15,21,292.5,null
"2018-09-14T19:28:37.000Z",45.701965,5.883716,9,13,17,292.5,null
"2018-09-14T19:32:37.000Z",45.701965,5.883716,8.25,13,19.5,292.5,null
"2018-09-14T19:36:41.000Z",45.701965,5.883716,2.5,7.5,13.5,315,null
"2018-09-14T19:40:41.000Z",45.701965,5.883716,1,4.5,8.25,0,null
"2018-09-14T19:44:41.000Z",45.701965,5.883716,2,5,9.75,22.5,null
"2018-09-14T19:49:29.000Z",45.701965,5.883716,4.75,7.25,9.5,0,null
"2018-09-14T19:53:29.000Z",45.701965,5.883716,3.25,6.5,11,22.5,null
"2018-09-14T19:57:29.000Z",45.701965,5.883716,3.25,6.25,10,22.5,null
"2018-09-14T20:01:32.000Z",45.701965,5.883716,4.75,7.5,11.5,45,null
"2018-09-14T20:05:32.000Z",45.701965,5.883716,1.5,7,12.5,45,null
"2018-09-14T20:09:32.000Z",45.701965,5.883716,4.5,7.75,11,22.5,null
"2018-09-14T20:13:37.000Z",45.701965,5.883716,2.75,5.25,8.25,22.5,null
"2018-09-14T20:17:37.000Z",45.701965,5.883716,0,3.75,9.5,22.5,null
"2018-09-14T20:21:37.000Z",45.701965,5.883716,1.75,8.75,13,337.5,null
"2018-09-14T20:25:41.000Z",45.701965,5.883716,9.5,12,16.5,315,null
"2018-09-14T20:29:41.000Z",45.701965,5.883716,11,15,18.5,315,null
"2018-09-14T20:33:41.000Z",45.701965,5.883716,8.25,13,18.5,315,null
"2018-09-14T20:37:45.000Z",45.701965,5.883716,9,13,19.5,315,null
"2018-09-14T20:41:45.000Z",45.701965,5.883716,11,15,20,315,null
"2018-09-14T20:45:45.000Z",45.701965,5.883716,9,13.5,22,315,null
"2018-09-14T20:49:49.000Z",45.701965,5.883716,9.5,14,22,315,null
"2018-09-14T20:53:49.000Z",45.701965,5.883716,6,12,21,0,null
"2018-09-14T20:57:49.000Z",45.701965,5.883716,0,6.25,13.5,22.5,null
"2018-09-14T21:01:52.000Z",45.701965,5.883716,1.5,9.75,16.5,0,null
"2018-09-14T21:05:52.000Z",45.701965,5.883716,1,4,7,0,null
"2018-09-14T21:09:52.000Z",45.701965,5.883716,0,3.5,8.25,0,null
"2018-09-14T21:13:56.000Z",45.701965,5.883716,0,6.75,15.5,337.5,null
"2018-09-14T21:17:56.000Z",45.701965,5.883716,10,14.5,22,337.5,null
"2018-09-14T21:21:56.000Z",45.701965,5.883716,13.5,17,21,337.5,null
"2018-09-14T21:26:01.000Z",45.701965,5.883716,13.5,16,20,337.5,null
"2018-09-14T21:30:01.000Z",45.701965,5.883716,10,14.5,21,337.5,null
"2018-09-14T21:34:01.000Z",45.701965,5.883716,13,15.5,19,337.5,null
"2018-09-14T21:38:05.000Z",45.701965,5.883716,11,14.5,18,337.5,null
"2018-09-14T21:42:05.000Z",45.701965,5.883716,12.5,15.5,18,337.5,null
"2018-09-14T21:46:05.000Z",45.701965,5.883716,11,14.5,18,337.5,null
"2018-09-14T21:50:09.000Z",45.701965,5.883716,10.5,14,17,337.5,null
"2018-09-14T21:54:09.000Z",45.701965,5.883716,3.75,9.75,16,0,null
"2018-09-14T21:58:09.000Z",45.701965,5.883716,4.25,8,14,0,null
"2018-09-14T22:02:13.000Z",45.701965,5.883716,4.25,7,9.75,22.5,null
"2018-09-14T22:06:13.000Z",45.701965,5.883716,3.25,6.25,9.5,22.5,null
"2018-09-14T22:10:13.000Z",45.701965,5.883716,2.75,5.75,8.75,22.5,null
"2018-09-14T22:14:17.000Z",45.701965,5.883716,3.75,6,8.25,22.5,null
"2018-09-14T22:18:17.000Z",45.701965,5.883716,1.75,5.5,8.75,22.5,null
"2018-09-14T22:22:17.000Z",45.701965,5.883716,4.75,6.75,8.75,22.5,null
"2018-09-14T22:26:21.000Z",45.701965,5.883716,3.25,6.5,9,22.5,null
"2018-09-14T22:30:21.000Z",45.701965,5.883716,4.25,7,9.75,22.5,null
"2018-09-14T22:34:21.000Z",45.701965,5.883716,3.5,6,9.5,22.5,null
"2018-09-14T22:38:25.000Z",45.701965,5.883716,3.75,7,11,45,null
"2018-09-14T22:42:25.000Z",45.701965,5.883716,3.25,5.75,10,45,null
"2018-09-14T22:46:25.000Z",45.701965,5.883716,2.75,5.75,9.75,45,null
"2018-09-14T22:50:29.000Z",45.701965,5.883716,2.5,4.75,8,45,null
"2018-09-14T22:54:29.000Z",45.701965,5.883716,1.5,4,7,67.5,null
"2018-09-14T22:58:29.000Z",45.701965,5.883716,1.75,4.25,6.25,45,null
"2018-09-14T23:02:34.000Z",45.701965,5.883716,2,4.5,6.5,22.5,null
"2018-09-14T23:06:34.000Z",45.701965,5.883716,2.75,4.5,6.5,22.5,null
"2018-09-14T23:10:34.000Z",45.701965,5.883716,0.25,2.25,4.5,22.5,null
"2018-09-14T23:14:37.000Z",45.701965,5.883716,1,2.5,5.5,22.5,null
"2018-09-14T23:18:37.000Z",45.701965,5.883716,0.25,1.5,3.75,22.5,null
"2018-09-14T23:22:37.000Z",45.701965,5.883716,0,1.5,2.75,22.5,null
"2018-09-14T23:26:41.000Z",45.701965,5.883716,0,0.75,2.5,22.5,null
"2018-09-14T23:30:41.000Z",45.701965,5.883716,0,0.5,2.5,22.5,null
"2018-09-14T23:34:41.000Z",45.701965,5.883716,0,0.25,2,22.5,null
"2018-09-14T23:38:46.000Z",45.701965,5.883716,0,0,0.25,22.5,null
"2018-09-14T23:42:46.000Z",45.701965,5.883716,0,0,1,22.5,null
"2018-09-14T23:46:46.000Z",45.701965,5.883716,0,1.25,2.5,22.5,null
"2018-09-14T23:50:50.000Z",45.701965,5.883716,0.75,1.5,3.75,22.5,null
"2018-09-14T23:54:50.000Z",45.701965,5.883716,0.75,2,4.5,22.5,null
"2018-09-14T23:58:50.000Z",45.701965,5.883716,0.75,2,2.75,22.5,null
"2018-09-15T00:02:54.000Z",45.701965,5.883716,1,2.5,4.5,22.5,null
"2018-09-15T00:06:54.000Z",45.701965,5.883716,0.25,2.75,5.5,22.5,null
"2018-09-15T00:10:54.000Z",45.701965,5.883716,0.25,2.25,6.5,22.5,null
"2018-09-15T00:14:57.000Z",45.701965,5.883716,0,1.5,3.25,22.5,null
"2018-09-15T00:18:57.000Z",45.701965,5.883716,0.75,3,7,22.5,null
"2018-09-15T00:22:57.000Z",45.701965,5.883716,1.75,3.25,5.25,45,null
"2018-09-15T00:27:02.000Z",45.701965,5.883716,0.25,1.75,3.75,45,null
"2018-09-15T00:31:02.000Z",45.701965,5.883716,0.75,2.25,3.75,45,null
"2018-09-15T00:35:02.000Z",45.701965,5.883716,2,3,4.75,45,null
"2018-09-15T00:39:06.000Z",45.701965,5.883716,1.75,3.25,4.5,45,null
"2018-09-15T00:43:06.000Z",45.701965,5.883716,2,3.75,6,45,null
"2018-09-15T00:47:06.000Z",45.701965,5.883716,2.75,4.5,7.25,45,null
"2018-09-15T00:51:10.000Z",45.701965,5.883716,1.75,3.5,6,67.5,null
"2018-09-15T00:55:10.000Z",45.701965,5.883716,2.5,3.75,6,67.5,null
"2018-09-15T00:59:10.000Z",45.701965,5.883716,0,2.75,6.25,67.5,null
"2018-09-15T01:03:14.000Z",45.701965,5.883716,2.5,4.75,8.25,45,null
"2018-09-15T01:07:14.000Z",45.701965,5.883716,2.5,8.5,15,0,null
"2018-09-15T01:11:14.000Z",45.701965,5.883716,9.75,14,18,0,null
"2018-09-15T01:15:17.000Z",45.701965,5.883716,10,15,20,0,null
"2018-09-15T01:19:17.000Z",45.701965,5.883716,8.75,14.5,20,0,null
"2018-09-15T01:23:17.000Z",45.701965,5.883716,10,16,20,0,null
"2018-09-15T01:27:22.000Z",45.701965,5.883716,9.5,16,20,0,null
"2018-09-15T01:31:22.000Z",45.701965,5.883716,8.75,15.5,18,0,null
"2018-09-15T01:35:22.000Z",45.701965,5.883716,8.25,13.5,17,0,null
"2018-09-15T01:39:25.000Z",45.701965,5.883716,2.75,8,13.5,22.5,null
"2018-09-15T01:43:25.000Z",45.701965,5.883716,1.75,10.5,19.5,0,null
"2018-09-15T01:47:25.000Z",45.701965,5.883716,13.5,18,23,0,null
"2018-09-15T01:51:29.000Z",45.701965,5.883716,11.5,18.5,23,0,null
"2018-09-15T01:55:29.000Z",45.701965,5.883716,9.5,14.5,18.5,0,null
"2018-09-15T01:59:29.000Z",45.701965,5.883716,9.75,13.5,17,0,null
"2018-09-15T02:03:34.000Z",45.701965,5.883716,3.25,12,16.5,0,null
"2018-09-15T02:07:34.000Z",45.701965,5.883716,6.5,13,16.5,0,null
"2018-09-15T02:11:34.000Z",45.701965,5.883716,0,4.25,11.5,22.5,null
"2018-09-15T02:15:38.000Z",45.701965,5.883716,0.25,4.25,9.75,45,null
"2018-09-15T02:19:38.000Z",45.701965,5.883716,1.75,3.75,8,22.5,null
"2018-09-15T02:23:38.000Z",45.701965,5.883716,0.75,2.75,6.5,22.5,null
"2018-09-15T02:27:42.000Z",45.701965,5.883716,0.75,2.25,6,22.5,null
"2018-09-15T02:31:42.000Z",45.701965,5.883716,0.25,2,4.5,45,null
"2018-09-15T02:35:42.000Z",45.701965,5.883716,0,3.5,7,45,null
"2018-09-15T02:39:46.000Z",45.701965,5.883716,4.5,14.5,19,0,null
"2018-09-15T02:43:46.000Z",45.701965,5.883716,14.5,18.5,22,0,null
"2018-09-15T02:47:46.000Z",45.701965,5.883716,14.5,18.5,21.5,0,null
"2018-09-15T02:51:50.000Z",45.701965,5.883716,15,19,21.5,0,null
"2018-09-15T02:55:50.000Z",45.701965,5.883716,15.5,19,22,0,null
"2018-09-15T02:59:50.000Z",45.701965,5.883716,15.5,19.5,23,0,null
"2018-09-15T03:03:54.000Z",45.701965,5.883716,18,21,23.5,0,null
"2018-09-15T03:07:54.000Z",45.701965,5.883716,18,21.5,25.5,0,null
"2018-09-15T03:11:54.000Z",45.701965,5.883716,15.5,22,25.5,0,null
"2018-09-15T03:15:58.000Z",45.701965,5.883716,16,21,25,0,null
"2018-09-15T03:19:58.000Z",45.701965,5.883716,16.5,21.5,26,0,null
"2018-09-15T03:23:58.000Z",45.701965,5.883716,17,20.5,23.5,0,null
"2018-09-15T03:28:02.000Z",45.701965,5.883716,13,20,24,0,null
"2018-09-15T03:32:02.000Z",45.701965,5.883716,13,18,22.5,0,null
"2018-09-15T03:36:02.000Z",45.701965,5.883716,13,18,21.5,0,null
"2018-09-15T03:40:06.000Z",45.701965,5.883716,11,16,20,0,null
"2018-09-15T03:44:06.000Z",45.701965,5.883716,9.5,14,17,0,null
"2018-09-15T03:48:06.000Z",45.701965,5.883716,5.5,11.5,16.5,0,null
"2018-09-15T03:52:11.000Z",45.701965,5.883716,1.75,5,11,45,null
"2018-09-15T03:56:11.000Z",45.701965,5.883716,0.25,4.25,8.75,22.5,null
"2018-09-15T04:00:11.000Z",45.701965,5.883716,0.75,4.25,8.75,45,null
"2018-09-15T04:04:15.000Z",45.701965,5.883716,1.75,5.75,10.5,22.5,null
"2018-09-15T04:08:15.000Z",45.701965,5.883716,3.75,13.5,18.5,0,null
"2018-09-15T04:12:15.000Z",45.701965,5.883716,11.5,15.5,19.5,0,null
"2018-09-15T04:16:19.000Z",45.701965,5.883716,15.5,19,23,0,null
"2018-09-15T04:20:19.000Z",45.701965,5.883716,18,20.5,23.5,0,null
"2018-09-15T04:24:19.000Z",45.701965,5.883716,15.5,19.5,23,0,null
"2018-09-15T04:28:23.000Z",45.701965,5.883716,13.5,18,22,0,null
"2018-09-15T04:32:23.000Z",45.701965,5.883716,11.5,15,19,0,null
"2018-09-15T04:36:23.000Z",45.701965,5.883716,4.25,9.5,16.5,22.5,null
"2018-09-15T04:40:27.000Z",45.701965,5.883716,4.25,11,16,0,null
"2018-09-15T04:44:27.000Z",45.701965,5.883716,9.5,16,19,0,null
"2018-09-15T04:48:27.000Z",45.701965,5.883716,9.75,14.5,19,0,null
"2018-09-15T04:52:30.000Z",45.701965,5.883716,11.5,17.5,21,0,null
"2018-09-15T04:56:30.000Z",45.701965,5.883716,14,18,21.5,0,null
"2018-09-15T05:00:30.000Z",45.701965,5.883716,11,15.5,20,0,null
"2018-09-15T05:04:34.000Z",45.701965,5.883716,10,14.5,19,0,null
"2018-09-15T05:08:34.000Z",45.701965,5.883716,12,17,21,0,null
"2018-09-15T05:12:34.000Z",45.701965,5.883716,12,16,19,0,null
"2018-09-15T05:16:39.000Z",45.701965,5.883716,10,15.5,21,0,null
"2018-09-15T05:20:39.000Z",45.701965,5.883716,7.25,15.5,22.5,22.5,null
"2018-09-15T05:24:39.000Z",45.701965,5.883716,4.5,10,15,22.5,null
"2018-09-15T05:28:43.000Z",45.701965,5.883716,9,16,21.5,0,null
"2018-09-15T05:32:43.000Z",45.701965,5.883716,13,18,22.5,0,null
"2018-09-15T05:36:43.000Z",45.701965,5.883716,11,18.5,22,0,null
"2018-09-15T05:40:46.000Z",45.701965,5.883716,16,20,22.5,0,null
"2018-09-15T05:44:46.000Z",45.701965,5.883716,14.5,19.5,23.5,0,null
"2018-09-15T05:48:46.000Z",45.701965,5.883716,13,19,22.5,0,null
"2018-09-15T05:52:51.000Z",45.701965,5.883716,9.75,15.5,22,0,null
"2018-09-15T05:56:51.000Z",45.701965,5.883716,10.5,16.5,20,0,null
"2018-09-15T06:00:51.000Z",45.701965,5.883716,8.75,15.5,19.5,0,null
"2018-09-15T06:04:55.000Z",45.701965,5.883716,14.5,19,22.5,0,null
"2018-09-15T06:08:55.000Z",45.701965,5.883716,12.5,17,21,0,null
"2018-09-15T06:12:55.000Z",45.701965,5.883716,11,16.5,21,0,null
"2018-09-15T06:16:59.000Z",45.701965,5.883716,9.5,14.5,18,0,null
"2018-09-15T06:20:59.000Z",45.701965,5.883716,7,11,14.5,0,null
"2018-09-15T06:24:59.000Z",45.701965,5.883716,8,11.5,16,22.5,null
"2018-09-15T06:29:03.000Z",45.701965,5.883716,11,14,16.5,0,null
"2018-09-15T06:33:03.000Z",45.701965,5.883716,7.25,13,16,0,null
"2018-09-15T06:37:03.000Z",45.701965,5.883716,7.75,12.5,16.5,0,null
"2018-09-15T06:41:07.000Z",45.701965,5.883716,8,12.5,17,22.5,null
"2018-09-15T06:45:07.000Z",45.701965,5.883716,9.75,14,18.5,0,null
"2018-09-15T06:49:07.000Z",45.701965,5.883716,10,14.5,18.5,0,null
"2018-09-15T06:53:11.000Z",45.701965,5.883716,11.5,15.5,19,0,null
"2018-09-15T06:57:11.000Z",45.701965,5.883716,10.5,14.5,17,0,null
"2018-09-15T07:01:11.000Z",45.701965,5.883716,9.5,13.5,16,0,null
"2018-09-15T07:05:15.000Z",45.701965,5.883716,5.25,10,15,0,null
"2018-09-15T07:09:15.000Z",45.701965,5.883716,4.5,8.5,13,22.5,null
"2018-09-15T07:13:15.000Z",45.701965,5.883716,4.25,10,14,0,null
"2018-09-15T07:17:20.000Z",45.701965,5.883716,11,16,20.5,0,null
"2018-09-15T07:21:20.000Z",45.701965,5.883716,12,15.5,19,0,null
"2018-09-15T07:25:20.000Z",45.701965,5.883716,10,14,20,0,null
"2018-09-15T07:29:24.000Z",45.701965,5.883716,7.25,13,17,0,null
"2018-09-15T07:33:24.000Z",45.701965,5.883716,8,13,18,0,null
"2018-09-15T07:37:24.000Z",45.701965,5.883716,7.25,15,20,0,null
"2018-09-15T07:41:28.000Z",45.701965,5.883716,12,17,22.5,0,null
"2018-09-15T07:45:28.000Z",45.701965,5.883716,12.5,15.5,20.5,0,null
"2018-09-15T07:49:28.000Z",45.701965,5.883716,12,15.5,18.5,0,null
"2018-09-15T07:53:31.000Z",45.701965,5.883716,9,12.5,16,0,null
"2018-09-15T07:57:31.000Z",45.701965,5.883716,9.5,13.5,15.5,0,null
"2018-09-15T08:01:31.000Z",45.701965,5.883716,9.5,12.5,15,0,null
"2018-09-15T08:05:36.000Z",45.701965,5.883716,9.5,12,15.5,0,null
"2018-09-15T08:09:36.000Z",45.701965,5.883716,11,13.5,16.5,0,null
"2018-09-15T08:13:36.000Z",45.701965,5.883716,9.75,13.5,16,0,null
"2018-09-15T08:17:39.000Z",45.701965,5.883716,7.25,11,15.5,0,null
"2018-09-15T08:21:39.000Z",45.701965,5.883716,9,12,15.5,0,null
"2018-09-15T08:25:39.000Z",45.701965,5.883716,7.75,11,15.5,0,null
"2018-09-15T08:29:43.000Z",45.701965,5.883716,10.5,13.5,15.5,0,null
"2018-09-15T08:33:43.000Z",45.701965,5.883716,11,13.5,16.5,0,null
"2018-09-15T08:37:43.000Z",45.701965,5.883716,12,14.5,17,0,null
"2018-09-15T08:41:47.000Z",45.701965,5.883716,11,14,16.5,0,null
"2018-09-15T08:45:47.000Z",45.701965,5.883716,12.5,15,17.5,0,null
"2018-09-15T08:49:47.000Z",45.701965,5.883716,13,15,17.5,0,null
"2018-09-15T08:53:51.000Z",45.701965,5.883716,11,15.5,18,0,null
"2018-09-15T08:57:51.000Z",45.701965,5.883716,13,15.5,18,0,null
"2018-09-15T09:01:51.000Z",45.701965,5.883716,13.5,16,18.5,0,null
"2018-09-15T09:05:55.000Z",45.701965,5.883716,13.5,16,18.5,0,null
"2018-09-15T09:09:55.000Z",45.701965,5.883716,12,15.5,17.5,0,null
"2018-09-15T09:13:55.000Z",45.701965,5.883716,12,15,16.5,0,null
"2018-09-15T09:17:59.000Z",45.701965,5.883716,12.5,14.5,16,0,null
"2018-09-15T09:21:59.000Z",45.701965,5.883716,12,14,16.5,0,null
"2018-09-15T09:25:59.000Z",45.701965,5.883716,11,14,16.5,0,null
"2018-09-15T09:30:04.000Z",45.701965,5.883716,12,16,18.5,0,null
"2018-09-15T09:34:04.000Z",45.701965,5.883716,11,14.5,17.5,0,null
"2018-09-15T09:38:04.000Z",45.701965,5.883716,8,13.5,16.5,0,null
"2018-09-15T09:42:07.000Z",45.701965,5.883716,11,14.5,17,0,null
"2018-09-15T09:46:07.000Z",45.701965,5.883716,10.5,15,16.5,0,null
"2018-09-15T09:50:07.000Z",45.701965,5.883716,11,15.5,18.5,0,null
"2018-09-15T09:54:12.000Z",45.701965,5.883716,13.5,16.5,18.5,0,null
"2018-09-15T09:58:12.000Z",45.701965,5.883716,12,16,18.5,0,null
"2018-09-15T10:02:12.000Z",45.701965,5.883716,13.5,16.5,18.5,0,null
"2018-09-15T10:06:16.000Z",45.701965,5.883716,11.5,15,18,0,null
"2018-09-15T10:10:16.000Z",45.701965,5.883716,11,13.5,17.5,0,null
"2018-09-15T10:14:16.000Z",45.701965,5.883716,8.75,14,18,0,null
"2018-09-15T10:18:20.000Z",45.701965,5.883716,8.75,13.5,16,0,null
"2018-09-15T10:22:20.000Z",45.701965,5.883716,10,14,17.5,0,null
"2018-09-15T10:26:20.000Z",45.701965,5.883716,9,13.5,16.5,0,null
"2018-09-15T10:30:24.000Z",45.701965,5.883716,8.25,11.5,15,0,null
"2018-09-15T10:34:24.000Z",45.701965,5.883716,7,11.5,16,0,null
"2018-09-15T10:38:24.000Z",45.701965,5.883716,8,11,15.5,0,null
"2018-09-15T10:42:28.000Z",45.701965,5.883716,6,9,11.5,0,null
"2018-09-15T10:46:28.000Z",45.701965,5.883716,4.25,9.25,13,0,null
"2018-09-15T10:50:28.000Z",45.701965,5.883716,9.75,12.5,15,0,null
"2018-09-15T10:54:31.000Z",45.701965,5.883716,7,10,13,0,null
"2018-09-15T10:58:31.000Z",45.701965,5.883716,7.75,9.5,11,0,null
"2018-09-15T11:02:31.000Z",45.701965,5.883716,5.5,9,11.5,0,null
"2018-09-15T11:06:36.000Z",45.701965,5.883716,6.25,9.25,12,0,null
"2018-09-15T11:10:36.000Z",45.701965,5.883716,7,9.75,12,0,null
"2018-09-15T11:14:36.000Z",45.701965,5.883716,6.25,9.25,11,0,null
"2018-09-15T11:18:40.000Z",45.701965,5.883716,8.25,10,12,0,null
"2018-09-15T11:22:40.000Z",45.701965,5.883716,8,10.5,13,0,null
"2018-09-15T11:26:40.000Z",45.701965,5.883716,10.5,12.5,15,0,null
"2018-09-15T11:30:44.000Z",45.701965,5.883716,7.75,10.5,14,0,null
"2018-09-15T11:34:44.000Z",45.701965,5.883716,10.5,12,13,0,null
"2018-09-15T11:38:44.000Z",45.701965,5.883716,9,11,13,0,null
"2018-09-15T11:42:48.000Z",45.701965,5.883716,9.75,12,13.5,0,null
"2018-09-15T11:46:48.000Z",45.701965,5.883716,9.5,11.5,13,0,null
"2018-09-15T11:50:48.000Z",45.701965,5.883716,9.75,11.5,14,0,null
"2018-09-15T11:54:52.000Z",45.701965,5.883716,8.75,12,14.5,0,null
"2018-09-15T11:58:52.000Z",45.701965,5.883716,10,12,13.5,0,null
"2018-09-15T12:02:52.000Z",45.701965,5.883716,9.75,12.5,14.5,0,null
"2018-09-15T12:06:56.000Z",45.701965,5.883716,10.5,12.5,15,0,null
"2018-09-15T12:10:56.000Z",45.701965,5.883716,9.5,12.5,14.5,0,null
"2018-09-15T12:14:56.000Z",45.701965,5.883716,10,12.5,14.5,0,null
"2018-09-15T12:19:00.000Z",45.701965,5.883716,10.5,12.5,15,0,null
"2018-09-15T12:23:00.000Z",45.701965,5.883716,12,13.5,15.5,0,null
"2018-09-15T12:27:00.000Z",45.701965,5.883716,9,13,14.5,0,null
"2018-09-15T12:31:04.000Z",45.701965,5.883716,9,11.5,14,0,null
"2018-09-15T12:35:04.000Z",45.701965,5.883716,10,12.5,14.5,0,null
"2018-09-15T12:39:04.000Z",45.701965,5.883716,9.5,12,14.5,0,null
"2018-09-15T12:43:09.000Z",45.701965,5.883716,11,13,14.5,0,null
"2018-09-15T12:47:09.000Z",45.701965,5.883716,9,12.5,14.5,0,null
"2018-09-15T12:51:09.000Z",45.701965,5.883716,8.75,11,13,0,null
"2018-09-15T12:55:12.000Z",45.701965,5.883716,8.75,11,13,0,null
"2018-09-15T12:59:12.000Z",45.701965,5.883716,7.75,9.5,11.5,0,null
"2018-09-15T13:03:12.000Z",45.701965,5.883716,9.5,11,12.5,0,null
"2018-09-15T13:07:16.000Z",45.701965,5.883716,8,10,12,0,null
"2018-09-15T13:11:16.000Z",45.701965,5.883716,6.5,8.5,10,0,null
"2018-09-15T13:15:16.000Z",45.701965,5.883716,8,9.75,11,0,null
"2018-09-15T13:19:21.000Z",45.701965,5.883716,8,9.25,11,0,null
"2018-09-15T13:23:21.000Z",45.701965,5.883716,7.75,9,10,0,null
"2018-09-15T13:27:21.000Z",45.701965,5.883716,8,9.75,11,0,null
"2018-09-15T13:31:24.000Z",45.701965,5.883716,7.75,9.5,11,0,null
"2018-09-15T13:35:24.000Z",45.701965,5.883716,6.25,10.5,12.5,0,null
"2018-09-15T13:39:24.000Z",45.701965,5.883716,9.75,11,12,0,null
"2018-09-15T13:43:29.000Z",45.701965,5.883716,9.75,11.5,12.5,337.5,null
"2018-09-15T13:47:29.000Z",45.701965,5.883716,8.75,10,11.5,337.5,null
"2018-09-15T13:51:29.000Z",45.701965,5.883716,6.5,8.5,9.75,337.5,null
"2018-09-15T13:55:33.000Z",45.701965,5.883716,6.25,8,9.75,337.5,null
"2018-09-15T13:59:33.000Z",45.701965,5.883716,6.25,8,10,337.5,null
"2018-09-15T14:03:33.000Z",45.701965,5.883716,7.25,8.75,10,337.5,null
"2018-09-15T14:07:37.000Z",45.701965,5.883716,6.25,7.5,9,337.5,null
"2018-09-15T14:11:37.000Z",45.701965,5.883716,6,7.25,8,337.5,null
"2018-09-15T14:15:37.000Z",45.701965,5.883716,4.5,5.25,6.5,0,null
"2018-09-15T14:19:41.000Z",45.701965,5.883716,5.25,8,9.5,0,null
"2018-09-15T14:23:41.000Z",45.701965,5.883716,4.75,7,8.75,0,null
"2018-09-15T14:27:41.000Z",45.701965,5.883716,3.5,4.75,5.5,0,null
"2018-09-15T14:31:45.000Z",45.701965,5.883716,1.75,3.25,4.75,0,null
"2018-09-15T14:35:45.000Z",45.701965,5.883716,0,1,2.5,0,null
"2018-09-15T14:39:45.000Z",45.701965,5.883716,0,0.5,7,292.5,null
"2018-09-15T14:43:49.000Z",45.701965,5.883716,0.25,3.5,7.25,270,null
"2018-09-15T14:47:49.000Z",45.701965,5.883716,0,2,3.75,270,null
"2018-09-15T14:51:49.000Z",45.701965,5.883716,2.5,3.5,4.75,270,null
"2018-09-15T14:55:52.000Z",45.701965,5.883716,1.5,5,10.5,247.5,null
"2018-09-15T14:59:52.000Z",45.701965,5.883716,6,11,18.5,247.5,null
"2018-09-15T15:03:52.000Z",45.701965,5.883716,4.25,7,12,247.5,null
"2018-09-15T15:07:56.000Z",45.701965,5.883716,3.75,8,16.5,270,null
"2018-09-15T15:11:56.000Z",45.701965,5.883716,6,9,13,270,null
"2018-09-15T15:15:56.000Z",45.701965,5.883716,4.5,9,13,292.5,null
"2018-09-15T15:20:01.000Z",45.701965,5.883716,6,10.5,17.5,270,null
"2018-09-15T15:24:01.000Z",45.701965,5.883716,4.5,10,15,270,null
"2018-09-15T15:28:01.000Z",45.701965,5.883716,8,11,14,270,null
"2018-09-15T15:32:05.000Z",45.701965,5.883716,6.25,8,10.5,270,null
"2018-09-15T15:36:05.000Z",45.701965,5.883716,6.25,10,17.5,270,null
"2018-09-15T15:40:05.000Z",45.701965,5.883716,5.5,8.5,11,270,null
"2018-09-15T15:44:09.000Z",45.701965,5.883716,6,7.75,10,270,null
"2018-09-15T15:48:09.000Z",45.701965,5.883716,4.5,8.5,13,270,null
"2018-09-15T15:52:09.000Z",45.701965,5.883716,0.75,4.75,12.5,292.5,null
"2018-09-15T15:56:13.000Z",45.701965,5.883716,11,16,23.5,270,null
"2018-09-15T16:00:13.000Z",45.701965,5.883716,11.5,16,21.5,247.5,null
"2018-09-15T16:04:13.000Z",45.701965,5.883716,11,15.5,20,270,null
"2018-09-15T16:08:17.000Z",45.701965,5.883716,17,21,25.5,270,null
"2018-09-15T16:12:17.000Z",45.701965,5.883716,8.75,13.5,21,270,null
"2018-09-15T16:16:17.000Z",45.701965,5.883716,9.75,18,26,270,null
"2018-09-15T16:20:20.000Z",45.701965,5.883716,13,19,24.5,270,null
"2018-09-15T16:24:20.000Z",45.701965,5.883716,13,18.5,22.5,270,null
"2018-09-15T16:28:20.000Z",45.701965,5.883716,14,17.5,23,270,null
"2018-09-15T16:32:25.000Z",45.701965,5.883716,14,21.5,28,270,null
"2018-09-15T16:36:25.000Z",45.701965,5.883716,6.25,18,25.5,270,null
"2018-09-15T16:40:25.000Z",45.701965,5.883716,16,20.5,27.5,270,null
"2018-09-15T16:44:29.000Z",45.701965,5.883716,19,23.5,31.5,270,null
"2018-09-15T16:48:29.000Z",45.701965,5.883716,16.5,21.5,26.5,270,null
"2018-09-15T16:52:29.000Z",45.701965,5.883716,13.5,21.5,29,270,null
"2018-09-15T16:56:33.000Z",45.701965,5.883716,16.5,23.5,29,270,null
"2018-09-15T17:00:33.000Z",45.701965,5.883716,18,24.5,33.5,270,null
"2018-09-15T17:04:33.000Z",45.701965,5.883716,18.5,24,32.5,270,null
"2018-09-15T17:08:37.000Z",45.701965,5.883716,19.5,25.5,36,270,null
"2018-09-15T17:12:37.000Z",45.701965,5.883716,16.5,23.5,33.5,270,null
"2018-09-15T17:16:37.000Z",45.701965,5.883716,16,24.5,31,270,null
"2018-09-15T17:20:42.000Z",45.701965,5.883716,15,23,30.5,270,null
"2018-09-15T17:24:42.000Z",45.701965,5.883716,15,22,31.5,270,null
"2018-09-15T17:28:42.000Z",45.701965,5.883716,17.5,23,28.5,270,null
"2018-09-15T17:32:45.000Z",45.701965,5.883716,13.5,21.5,29,270,null
"2018-09-15T17:36:45.000Z",45.701965,5.883716,14,20.5,26,270,null
"2018-09-15T17:40:45.000Z",45.701965,5.883716,15.5,21.5,27,270,null
"2018-09-15T17:44:49.000Z",45.701965,5.883716,15.5,21,26,270,null
"2018-09-15T17:48:49.000Z",45.701965,5.883716,16.5,20,24.5,270,null
"2018-09-15T17:52:49.000Z",45.701965,5.883716,13.5,19.5,27,270,null
"2018-09-15T17:56:54.000Z",45.701965,5.883716,13,22,27,270,null
"2018-09-15T18:00:54.000Z",45.701965,5.883716,15,20.5,24.5,270,null
"2018-09-15T18:04:54.000Z",45.701965,5.883716,13,20,26.5,270,null
"2018-09-15T18:08:58.000Z",45.701965,5.883716,12,18,23.5,270,null
"2018-09-15T18:12:58.000Z",45.701965,5.883716,13,18.5,23.5,270,null
"2018-09-15T18:16:58.000Z",45.701965,5.883716,12,18,22.5,270,null
"2018-09-15T18:21:02.000Z",45.701965,5.883716,14,18.5,22,270,null
"2018-09-15T18:25:02.000Z",45.701965,5.883716,14,19,23.5,270,null
"2018-09-15T18:29:02.000Z",45.701965,5.883716,8.75,15,22.5,292.5,null
"2018-09-15T18:33:06.000Z",45.701965,5.883716,5.5,10,14,292.5,null
"2018-09-15T18:37:06.000Z",45.701965,5.883716,3.5,8.5,14,315,null
"2018-09-15T18:41:06.000Z",45.701965,5.883716,1.5,5.25,8.75,0,null
"2018-09-15T18:45:10.000Z",45.701965,5.883716,0,2.25,6.25,337.5,null
"2018-09-15T18:49:10.000Z",45.701965,5.883716,0,1,3.5,337.5,null
"2018-09-15T18:53:10.000Z",45.701965,5.883716,0,0.25,1.5,0,null
"2018-09-15T18:57:13.000Z",45.701965,5.883716,0,0,1,0,null
"2018-09-15T19:01:13.000Z",45.701965,5.883716,0,0.25,3.25,0,null
"2018-09-15T19:05:13.000Z",45.701965,5.883716,0,0.25,1.75,0,null
"2018-09-15T19:09:18.000Z",45.701965,5.883716,0,0,0,0,null
"2018-09-15T19:13:18.000Z",45.701965,5.883716,0,0,0,0,null
"2018-09-15T19:17:18.000Z",45.701965,5.883716,0,0,0,0,null
"2018-09-15T19:21:22.000Z",45.701965,5.883716,0,0,0,0,null
"2018-09-15T19:25:22.000Z",45.701965,5.883716,0,0,0,0,null
"2018-09-15T19:29:22.000Z",45.701965,5.883716,0,0,0,0,null
"2018-09-15T19:33:26.000Z",45.701965,5.883716,0,0,0.25,0,null
"2018-09-15T19:37:26.000Z",45.701965,5.883716,0,0,0,0,null
"2018-09-15T19:41:26.000Z",45.701965,5.883716,0,0,0.75,0,null
"2018-09-15T19:45:38.000Z",45.701965,5.883716,0,0.5,3.25,0,null
"2018-09-15T19:49:38.000Z",45.701965,5.883716,0,1.5,6.5,0,null
"2018-09-15T19:53:38.000Z",45.701965,5.883716,0,0.5,2,337.5,null
"2018-09-15T19:57:42.000Z",45.701965,5.883716,0,0.5,2,337.5,null
"2018-09-15T20:01:42.000Z",45.701965,5.883716,0,0.25,3.75,0,null
"2018-09-15T20:05:42.000Z",45.701965,5.883716,0,1,7,0,null
"2018-09-15T20:09:46.000Z",45.701965,5.883716,0,0.25,2.75,0,null
"2018-09-15T20:13:46.000Z",45.701965,5.883716,0,2.5,7.75,45,null
"2018-09-15T20:17:46.000Z",45.701965,5.883716,0,2.25,6.5,67.5,null
"2018-09-15T20:21:50.000Z",45.701965,5.883716,3.75,6.5,9,90,null
"2018-09-15T20:25:50.000Z",45.701965,5.883716,2.75,5.25,8.25,90,null
"2018-09-15T20:29:50.000Z",45.701965,5.883716,2.5,5,7.25,90,null
"2018-09-15T20:33:54.000Z",45.701965,5.883716,1.5,4.5,7.25,67.5,null
"2018-09-15T20:37:54.000Z",45.701965,5.883716,0,6.25,13,0,null
"2018-09-15T20:41:54.000Z",45.701965,5.883716,8.25,15,19,0,null
"2018-09-15T20:45:58.000Z",45.701965,5.883716,0,7,20,22.5,null
"2018-09-15T20:49:58.000Z",45.701965,5.883716,0,3.5,8.25,67.5,null
"2018-09-15T20:53:58.000Z",45.701965,5.883716,0,2.25,10,22.5,null
"2018-09-15T20:58:02.000Z",45.701965,5.883716,2,8,15,22.5,null
"2018-09-15T21:02:02.000Z",45.701965,5.883716,1,4,8,45,null
"2018-09-15T21:06:02.000Z",45.701965,5.883716,2,7,12,45,null
"2018-09-15T21:10:06.000Z",45.701965,5.883716,2,4.25,7,45,null
"2018-09-15T21:14:06.000Z",45.701965,5.883716,3.25,10,18,0,null
"2018-09-15T21:18:06.000Z",45.701965,5.883716,4.75,11.5,18,22.5,null
"2018-09-15T21:22:10.000Z",45.701965,5.883716,5.25,9.75,16.5,22.5,null
"2018-09-15T21:26:10.000Z",45.701965,5.883716,2.75,12,21,22.5,null
"2018-09-15T21:30:10.000Z",45.701965,5.883716,2.75,7.5,15.5,22.5,null
"2018-09-15T21:34:14.000Z",45.701965,5.883716,1.5,6,11,22.5,null
"2018-09-15T21:38:14.000Z",45.701965,5.883716,0,2.5,6.25,45,null
"2018-09-15T21:42:14.000Z",45.701965,5.883716,2.5,4.25,7.75,45,null
"2018-09-15T21:46:19.000Z",45.701965,5.883716,0.75,3.25,6.5,45,null
"2018-09-15T21:50:19.000Z",45.701965,5.883716,0,2.5,7.75,45,null
"2018-09-15T21:54:19.000Z",45.701965,5.883716,1.5,3.75,5.5,45,null
"2018-09-15T21:58:22.000Z",45.701965,5.883716,1.75,4,7,45,null
"2018-09-15T22:02:22.000Z",45.701965,5.883716,0,2.25,5.5,22.5,null
"2018-09-15T22:06:22.000Z",45.701965,5.883716,1,2.5,5.5,22.5,null
"2018-09-15T22:10:26.000Z",45.701965,5.883716,0.25,3.25,8.25,22.5,null
"2018-09-15T22:14:26.000Z",45.701965,5.883716,1.75,4.25,7.75,22.5,null
"2018-09-15T22:18:26.000Z",45.701965,5.883716,2.75,5.25,7.75,45,null
"2018-09-15T22:22:31.000Z",45.701965,5.883716,1.75,4.25,6.5,45,null
"2018-09-15T22:26:31.000Z",45.701965,5.883716,1,4,5.5,45,null
"2018-09-15T22:30:31.000Z",45.701965,5.883716,0.75,3.5,10,22.5,null
"2018-09-15T22:34:34.000Z",45.701965,5.883716,0,3,8,22.5,null
"2018-09-15T22:38:34.000Z",45.701965,5.883716,0.75,3.25,6.5,45,null
"2018-09-15T22:42:34.000Z",45.701965,5.883716,0.75,2.75,7.25,22.5,null
"2018-09-15T22:46:39.000Z",45.701965,5.883716,0,2,4.5,22.5,null
"2018-09-15T22:50:39.000Z",45.701965,5.883716,0,0.25,1.5,45,null
"2018-09-15T22:54:39.000Z",45.701965,5.883716,0,2.5,3.5,45,null
"2018-09-15T22:58:42.000Z",45.701965,5.883716,0.5,2,4.25,45,null
"2018-09-15T23:02:42.000Z",45.701965,5.883716,0,0.25,1.5,45,null
"2018-09-15T23:06:42.000Z",45.701965,5.883716,0,0.25,1.5,45,null
"2018-09-15T23:10:47.000Z",45.701965,5.883716,0,6.25,8.75,135,null
"2018-09-15T23:14:47.000Z",45.701965,5.883716,0.75,4.75,10,135,null
"2018-09-15T23:18:47.000Z",45.701965,5.883716,0,1.5,3.75,135,null
"2018-09-15T23:22:51.000Z",45.701965,5.883716,0,1.25,3.75,135,null
"2018-09-15T23:26:51.000Z",45.701965,5.883716,0,0.25,1.75,135,null
"2018-09-15T23:30:51.000Z",45.701965,5.883716,0,1,1.75,135,null
"2018-09-15T23:34:55.000Z",45.701965,5.883716,0.25,1.75,3.5,135,null
"2018-09-15T23:38:55.000Z",45.701965,5.883716,0.75,2.25,3.75,135,null
"2018-09-15T23:42:55.000Z",45.701965,5.883716,1.5,2.25,3.25,135,null
"2018-09-15T23:46:59.000Z",45.701965,5.883716,1,2.5,4.25,135,null
"2018-09-15T23:50:59.000Z",45.701965,5.883716,2.5,4.5,7,112.5,null
"2018-09-15T23:54:59.000Z",45.701965,5.883716,2.5,4.5,6.25,112.5,null
"2018-09-15T23:59:03.000Z",45.701965,5.883716,2,4.75,7.25,90,null
"2018-09-16T00:03:03.000Z",45.701965,5.883716,0,1.25,2.5,90,null
"2018-09-16T00:07:03.000Z",45.701965,5.883716,1.5,2.5,4.25,90,null
"2018-09-16T00:11:07.000Z",45.701965,5.883716,0.75,3,6.5,112.5,null
"2018-09-16T00:15:07.000Z",45.701965,5.883716,3.25,5.5,8.25,112.5,null
"2018-09-16T00:19:07.000Z",45.701965,5.883716,0.75,3,6.5,135,null
"2018-09-16T00:23:11.000Z",45.701965,5.883716,0,2,5.5,135,null
"2018-09-16T00:27:11.000Z",45.701965,5.883716,0,2.5,7,135,null
"2018-09-16T00:31:11.000Z",45.701965,5.883716,0.75,2.5,6,135,null
"2018-09-16T00:35:15.000Z",45.701965,5.883716,0.25,2.75,7.75,135,null
"2018-09-16T00:39:15.000Z",45.701965,5.883716,1.75,4,6.5,157.5,null
"2018-09-16T00:43:15.000Z",45.701965,5.883716,3.25,6,10,157.5,null
"2018-09-16T00:47:19.000Z",45.701965,5.883716,0.75,4.75,9.5,157.5,null
"2018-09-16T00:51:19.000Z",45.701965,5.883716,3.5,6.75,9.75,180,null
"2018-09-16T00:55:19.000Z",45.701965,5.883716,2.5,7.25,11.5,180,null
"2018-09-16T00:59:23.000Z",45.701965,5.883716,3.75,8.25,12,157.5,null
"2018-09-16T01:03:23.000Z",45.701965,5.883716,6,8.75,12,180,null
"2018-09-16T01:07:23.000Z",45.701965,5.883716,4.5,7.5,11,157.5,null
"2018-09-16T01:11:27.000Z",45.701965,5.883716,3.75,8.25,12,157.5,null
"2018-09-16T01:15:27.000Z",45.701965,5.883716,1.75,5.25,10.5,157.5,null
"2018-09-16T01:19:27.000Z",45.701965,5.883716,2.5,6.5,12,157.5,null
"2018-09-16T01:23:31.000Z",45.701965,5.883716,3.75,7.5,11,157.5,null
"2018-09-16T01:27:31.000Z",45.701965,5.883716,2.5,6.75,9.75,157.5,null
"2018-09-16T01:31:31.000Z",45.701965,5.883716,2.5,6.25,11,157.5,null
"2018-09-16T01:35:35.000Z",45.701965,5.883716,1.75,6,9.5,180,null
"2018-09-16T01:39:35.000Z",45.701965,5.883716,1,4.5,8.75,157.5,null
"2018-09-16T01:43:35.000Z",45.701965,5.883716,0,3.5,9.75,135,null
"2018-09-16T01:47:40.000Z",45.701965,5.883716,0.25,3.25,7.25,112.5,null
"2018-09-16T01:51:40.000Z",45.701965,5.883716,1,3.5,6.5,112.5,null
"2018-09-16T01:55:40.000Z",45.701965,5.883716,1,4,8,112.5,null
"2018-09-16T01:59:43.000Z",45.701965,5.883716,0.25,4,8.75,90,null
"2018-09-16T02:03:43.000Z",45.701965,5.883716,1.75,4.75,8,112.5,null
"2018-09-16T02:07:43.000Z",45.701965,5.883716,2.75,5.5,8.75,112.5,null
"2018-09-16T02:11:47.000Z",45.701965,5.883716,1.75,4.5,8.25,135,null
"2018-09-16T02:15:47.000Z",45.701965,5.883716,2,4.25,7.25,135,null
"2018-09-16T02:19:47.000Z",45.701965,5.883716,1.75,5.25,8.75,112.5,null
"2018-09-16T02:23:51.000Z",45.701965,5.883716,1,5.25,9.75,112.5,null
"2018-09-16T02:27:51.000Z",45.701965,5.883716,0,4.25,7.75,135,null
"2018-09-16T02:31:51.000Z",45.701965,5.883716,1.5,4,8,135,null
"2018-09-16T02:35:55.000Z",45.701965,5.883716,0.25,4.75,9.75,135,null
"2018-09-16T02:39:55.000Z",45.701965,5.883716,1.75,5.5,10.5,157.5,null
"2018-09-16T02:43:55.000Z",45.701965,5.883716,2.75,7,12,157.5,null
"2018-09-16T02:47:59.000Z",45.701965,5.883716,1,4.5,8.25,135,null
"2018-09-16T02:51:59.000Z",45.701965,5.883716,0,3.75,8,135,null
"2018-09-16T02:55:59.000Z",45.701965,5.883716,0.25,4,9,157.5,null
"2018-09-16T03:00:04.000Z",45.701965,5.883716,1.5,4.75,10.5,135,null
"2018-09-16T03:04:04.000Z",45.701965,5.883716,1,5.25,9.5,112.5,null
"2018-09-16T03:08:04.000Z",45.701965,5.883716,1,5.75,10,135,null
"2018-09-16T03:12:08.000Z",45.701965,5.883716,2.5,6,11.5,135,null
"2018-09-16T03:16:08.000Z",45.701965,5.883716,0,2,6.25,135,null
"2018-09-16T03:20:08.000Z",45.701965,5.883716,0.75,4,8.75,135,null
"2018-09-16T03:24:12.000Z",45.701965,5.883716,1,3.5,7.25,135,null
"2018-09-16T03:28:12.000Z",45.701965,5.883716,1.5,4.25,7.75,112.5,null
"2018-09-16T03:32:12.000Z",45.701965,5.883716,0.75,3.75,7,135,null
"2018-09-16T03:36:16.000Z",45.701965,5.883716,1.5,5,10.5,112.5,null
"2018-09-16T03:40:16.000Z",45.701965,5.883716,1,5.75,10,112.5,null
"2018-09-16T03:44:16.000Z",45.701965,5.883716,1.75,6.25,11,135,null
"2018-09-16T03:48:19.000Z",45.701965,5.883716,1.5,5.75,9.5,112.5,null
"2018-09-16T03:52:19.000Z",45.701965,5.883716,2.5,6.25,11,135,null
"2018-09-16T03:56:19.000Z",45.701965,5.883716,1.75,5.25,9,135,null
"2018-09-16T04:00:24.000Z",45.701965,5.883716,1.75,7,11,157.5,null
"2018-09-16T04:04:24.000Z",45.701965,5.883716,2.5,7.25,11,157.5,null
"2018-09-16T04:08:24.000Z",45.701965,5.883716,0,3.5,8,157.5,null
"2018-09-16T04:12:28.000Z",45.701965,5.883716,0,3.75,11,157.5,null
"2018-09-16T04:16:28.000Z",45.701965,5.883716,2.5,8,11,157.5,null
"2018-09-16T04:20:28.000Z",45.701965,5.883716,1.5,4.25,9,157.5,null
"2018-09-16T04:24:32.000Z",45.701965,5.883716,0,3.75,8.75,135,null
"2018-09-16T04:28:32.000Z",45.701965,5.883716,1.75,4.75,8,157.5,null
"2018-09-16T04:32:32.000Z",45.701965,5.883716,0.25,3.5,8.25,157.5,null
"2018-09-16T04:36:36.000Z",45.701965,5.883716,0,2.75,9,157.5,null
"2018-09-16T04:40:36.000Z",45.701965,5.883716,0,4.25,9.5,157.5,null
"2018-09-16T04:44:36.000Z",45.701965,5.883716,0,2.75,8,135,null
"2018-09-16T04:48:39.000Z",45.701965,5.883716,0.25,2.25,6,135,null
"2018-09-16T04:52:39.000Z",45.701965,5.883716,0.25,3.75,8.75,135,null
"2018-09-16T04:56:39.000Z",45.701965,5.883716,0,3.75,8,135,null
"2018-09-16T05:00:44.000Z",45.701965,5.883716,0,3.25,9,135,null
"2018-09-16T05:04:44.000Z",45.701965,5.883716,0,3.5,8,112.5,null
"2018-09-16T05:08:44.000Z",45.701965,5.883716,0,3.25,6.5,135,null
"2018-09-16T05:12:48.000Z",45.701965,5.883716,0,4.25,8,112.5,null
"2018-09-16T05:16:48.000Z",45.701965,5.883716,1,4.75,8.75,112.5,null
"2018-09-16T05:20:48.000Z",45.701965,5.883716,1.75,5.5,9.75,112.5,null
"2018-09-16T05:24:52.000Z",45.701965,5.883716,0.75,4.75,8.25,135,null
"2018-09-16T05:28:52.000Z",45.701965,5.883716,0,1.5,6,135,null
"2018-09-16T05:32:52.000Z",45.701965,5.883716,0,1.75,5.5,112.5,null
"2018-09-16T05:36:56.000Z",45.701965,5.883716,1.5,4.25,7,90,null
"2018-09-16T05:40:56.000Z",45.701965,5.883716,2,4,6.25,90,null
"2018-09-16T05:44:56.000Z",45.701965,5.883716,1.5,3.5,6,90,null
"2018-09-16T05:49:00.000Z",45.701965,5.883716,1.5,3.25,8,112.5,null
"2018-09-16T05:53:00.000Z",45.701965,5.883716,0.25,3.5,8.25,112.5,null
"2018-09-16T05:57:00.000Z",45.701965,5.883716,0,2.25,8.75,135,null
"2018-09-16T06:01:04.000Z",45.701965,5.883716,1.75,5,9.5,135,null
"2018-09-16T06:05:04.000Z",45.701965,5.883716,2.5,5.25,9,157.5,null
"2018-09-16T06:09:04.000Z",45.701965,5.883716,0.75,3.75,7.25,157.5,null
"2018-09-16T06:13:08.000Z",45.701965,5.883716,0,3.75,9,157.5,null
"2018-09-16T06:17:08.000Z",45.701965,5.883716,0,3.5,8.25,157.5,null
"2018-09-16T06:21:08.000Z",45.701965,5.883716,0.75,4.75,10,157.5,null
"2018-09-16T06:25:12.000Z",45.701965,5.883716,0.75,4.5,9.75,135,null
"2018-09-16T06:29:12.000Z",45.701965,5.883716,0.75,4.75,13,135,null
"2018-09-16T06:33:12.000Z",45.701965,5.883716,1.5,5.5,9,180,null
"2018-09-16T06:37:16.000Z",45.701965,5.883716,0,3.25,9,157.5,null
"2018-09-16T06:41:16.000Z",45.701965,5.883716,0,4.5,11.5,135,null
"2018-09-16T06:45:16.000Z",45.701965,5.883716,0.25,5.5,12,112.5,null
"2018-09-16T06:49:20.000Z",45.701965,5.883716,0,3.5,11,135,null
"2018-09-16T06:53:20.000Z",45.701965,5.883716,0,4.25,10,157.5,null
"2018-09-16T06:57:20.000Z",45.701965,5.883716,0,3.25,10,157.5,null
"2018-09-16T07:01:25.000Z",45.701965,5.883716,3.25,9,16,180,null
"2018-09-16T07:05:25.000Z",45.701965,5.883716,3.25,9,14.5,157.5,null
"2018-09-16T07:09:25.000Z",45.701965,5.883716,4.5,8.25,14.5,157.5,null
"2018-09-16T07:13:29.000Z",45.701965,5.883716,3.5,7.75,14,180,null
"2018-09-16T07:17:29.000Z",45.701965,5.883716,1.75,9.5,15.5,180,null
"2018-09-16T07:21:29.000Z",45.701965,5.883716,0.75,6.75,13.5,180,null
"2018-09-16T07:25:33.000Z",45.701965,5.883716,0,4,11,180,null
"2018-09-16T07:29:33.000Z",45.701965,5.883716,2,6.75,12.5,157.5,null
"2018-09-16T07:33:33.000Z",45.701965,5.883716,1.75,7.25,12,180,null
"2018-09-16T07:37:37.000Z",45.701965,5.883716,3.25,8.25,14.5,157.5,null
"2018-09-16T07:41:37.000Z",45.701965,5.883716,1,9.5,18,157.5,null
"2018-09-16T07:45:37.000Z",45.701965,5.883716,2.75,7.75,14.5,157.5,null
"2018-09-16T07:49:41.000Z",45.701965,5.883716,1.75,7.5,14,157.5,null
"2018-09-16T07:53:41.000Z",45.701965,5.883716,2.5,8.25,15,157.5,null
"2018-09-16T07:57:41.000Z",45.701965,5.883716,3.25,7.5,11.5,180,null
"2018-09-16T08:01:45.000Z",45.701965,5.883716,1.75,6.25,11,180,null
"2018-09-16T08:05:45.000Z",45.701965,5.883716,1.75,7.75,12.5,180,null
"2018-09-16T08:09:45.000Z",45.701965,5.883716,4.75,8.5,11,180,null
"2018-09-16T08:13:49.000Z",45.701965,5.883716,3.5,8,12,180,null
"2018-09-16T08:17:49.000Z",45.701965,5.883716,5.25,9.5,11.5,202.5,null
"2018-09-16T08:21:49.000Z",45.701965,5.883716,2.5,9.75,13,202.5,null
"2018-09-16T08:25:53.000Z",45.701965,5.883716,5.25,9.25,11.5,202.5,null
"2018-09-16T08:29:53.000Z",45.701965,5.883716,7.25,9.5,11,202.5,null
"2018-09-16T08:33:53.000Z",45.701965,5.883716,7,10.5,13,225,null
"2018-09-16T08:37:56.000Z",45.701965,5.883716,9.75,12,13.5,225,null
"2018-09-16T08:41:56.000Z",45.701965,5.883716,7,12,15.5,225,null
"2018-09-16T08:45:56.000Z",45.701965,5.883716,8,12,16,225,null
"2018-09-16T08:50:01.000Z",45.701965,5.883716,8.25,14,19,202.5,null
"2018-09-16T08:54:01.000Z",45.701965,5.883716,9.5,12,14.5,225,null
"2018-09-16T08:58:01.000Z",45.701965,5.883716,7.25,10.5,14,202.5,null
"2018-09-16T09:02:05.000Z",45.701965,5.883716,5.25,10.5,14.5,202.5,null
"2018-09-16T09:06:05.000Z",45.701965,5.883716,8,12.5,18,202.5,null
"2018-09-16T09:10:05.000Z",45.701965,5.883716,9.75,13,15.5,202.5,null
"2018-09-16T09:14:09.000Z",45.701965,5.883716,6.25,10,14.5,202.5,null
"2018-09-16T09:18:09.000Z",45.701965,5.883716,5.5,9.75,11.5,202.5,null
"2018-09-16T09:22:09.000Z",45.701965,5.883716,4.5,9.75,12,202.5,null
"2018-09-16T09:26:13.000Z",45.701965,5.883716,5.25,9,11,202.5,null
"2018-09-16T09:30:13.000Z",45.701965,5.883716,6.5,8,9.75,202.5,null
"2018-09-16T09:34:13.000Z",45.701965,5.883716,7,8.75,9.5,225,null
"2018-09-16T09:38:17.000Z",45.701965,5.883716,7.25,8.75,10.5,225,null
"2018-09-16T09:42:17.000Z",45.701965,5.883716,4.75,7.5,8.75,202.5,null
"2018-09-16T09:46:17.000Z",45.701965,5.883716,6.5,7.75,9.5,202.5,null
"2018-09-16T09:50:21.000Z",45.701965,5.883716,6.25,7.75,9,225,null
"2018-09-16T09:54:21.000Z",45.701965,5.883716,7,8.5,9.5,225,null
"2018-09-16T09:58:21.000Z",45.701965,5.883716,6.25,7.75,9,225,null
"2018-09-16T10:02:25.000Z",45.701965,5.883716,4.75,7,8.75,247.5,null
"2018-09-16T10:06:25.000Z",45.701965,5.883716,4.5,5.75,7,247.5,null
"2018-09-16T10:10:25.000Z",45.701965,5.883716,2.75,4.5,6,247.5,null
"2018-09-16T10:14:30.000Z",45.701965,5.883716,2.5,3.75,4.75,247.5,null
"2018-09-16T10:18:30.000Z",45.701965,5.883716,1.75,3,4.25,247.5,null
"2018-09-16T10:22:30.000Z",45.701965,5.883716,0,1.25,2.75,247.5,null
"2018-09-16T10:26:33.000Z",45.701965,5.883716,0,0.5,1.75,247.5,null
"2018-09-16T10:30:33.000Z",45.701965,5.883716,0,0,0.75,247.5,null
"2018-09-16T10:34:33.000Z",45.701965,5.883716,0,0.5,1.5,247.5,null
"2018-09-16T10:38:37.000Z",45.701965,5.883716,0,0.75,1.5,247.5,null
"2018-09-16T10:42:37.000Z",45.701965,5.883716,0,1.75,7,292.5,null
"2018-09-16T10:46:37.000Z",45.701965,5.883716,4.25,6.75,9.5,337.5,null
"2018-09-16T10:50:42.000Z",45.701965,5.883716,4.25,5.5,7.75,337.5,null
"2018-09-16T10:54:42.000Z",45.701965,5.883716,4.5,6.5,8.25,337.5,null
"2018-09-16T10:58:42.000Z",45.701965,5.883716,5.25,7.75,9.75,337.5,null
"2018-09-16T11:02:46.000Z",45.701965,5.883716,6.25,7.75,9.5,337.5,null
"2018-09-16T11:06:46.000Z",45.701965,5.883716,5.25,7.5,9,337.5,null
"2018-09-16T11:10:46.000Z",45.701965,5.883716,7,8.75,10.5,337.5,null
"2018-09-16T11:14:49.000Z",45.701965,5.883716,7,8.5,10,337.5,null
"2018-09-16T11:18:49.000Z",45.701965,5.883716,8,9.75,11.5,337.5,null
"2018-09-16T11:22:49.000Z",45.701965,5.883716,6.5,8.25,9.75,337.5,null
"2018-09-16T11:26:54.000Z",45.701965,5.883716,6.5,8,9.75,337.5,null
"2018-09-16T11:30:54.000Z",45.701965,5.883716,5.25,6.5,7.25,337.5,null
"2018-09-16T11:34:54.000Z",45.701965,5.883716,5.5,6.75,7.75,337.5,null
"2018-09-16T11:38:58.000Z",45.701965,5.883716,6,7.5,8.5,337.5,null
"2018-09-16T11:42:58.000Z",45.701965,5.883716,6.25,7.75,9.5,337.5,null
"2018-09-16T11:46:58.000Z",45.701965,5.883716,6.25,7.5,9.5,337.5,null
"2018-09-16T11:51:02.000Z",45.701965,5.883716,6,7.75,11,315,null
"2018-09-16T11:55:02.000Z",45.701965,5.883716,5.5,7.75,9.75,315,null
"2018-09-16T11:59:02.000Z",45.701965,5.883716,3.75,5.5,8.25,315,null
"2018-09-16T12:03:06.000Z",45.701965,5.883716,4.5,6.5,8,315,null
"2018-09-16T12:07:06.000Z",45.701965,5.883716,2,4.75,6.25,315,null
"2018-09-16T12:11:06.000Z",45.701965,5.883716,2,5,8.75,315,null
"2018-09-16T12:15:10.000Z",45.701965,5.883716,2.5,3.75,6.75,315,null
"2018-09-16T12:19:10.000Z",45.701965,5.883716,1,2.25,3.5,315,null
"2018-09-16T12:23:10.000Z",45.701965,5.883716,0.75,2,5.5,315,null
"2018-09-16T12:27:13.000Z",45.701965,5.883716,2,4.75,6.25,315,null
"2018-09-16T12:31:13.000Z",45.701965,5.883716,0,0.5,2.5,315,null
"2018-09-16T12:35:13.000Z",45.701965,5.883716,0,1.75,4.25,315,null
"2018-09-16T12:39:18.000Z",45.701965,5.883716,0,2.25,4.5,315,null
"2018-09-16T12:43:18.000Z",45.701965,5.883716,0,1.5,5.25,315,null
"2018-09-16T12:47:18.000Z",45.701965,5.883716,0,3.75,7.75,337.5,null
"2018-09-16T12:51:22.000Z",45.701965,5.883716,0,2,7,0,null
"2018-09-16T12:55:22.000Z",45.701965,5.883716,1,4.25,8,337.5,null
"2018-09-16T12:59:22.000Z",45.701965,5.883716,0.25,4,7,337.5,null
"2018-09-16T13:03:26.000Z",45.701965,5.883716,0.25,3,5.75,337.5,null
"2018-09-16T13:07:26.000Z",45.701965,5.883716,0,0.5,3.25,337.5,null
"2018-09-16T13:11:26.000Z",45.701965,5.883716,0,1.5,3.25,337.5,null
"2018-09-16T13:15:30.000Z",45.701965,5.883716,0,0.25,1.75,337.5,null
"2018-09-16T13:19:30.000Z",45.701965,5.883716,1.5,2,2.5,337.5,null
"2018-09-16T13:23:30.000Z",45.701965,5.883716,0,0.5,2,337.5,null
"2018-09-16T13:27:33.000Z",45.701965,5.883716,0,0,0,337.5,null
"2018-09-16T13:31:33.000Z",45.701965,5.883716,0,0,0,337.5,null
"2018-09-16T13:35:33.000Z",45.701965,5.883716,0,2,3.75,337.5,null
"2018-09-16T13:39:38.000Z",45.701965,5.883716,0,3.75,6,337.5,null
"2018-09-16T13:43:38.000Z",45.701965,5.883716,0,2,4.75,315,null
"2018-09-16T13:47:38.000Z",45.701965,5.883716,0,0,1.5,315,null
"2018-09-16T13:51:42.000Z",45.701965,5.883716,1,2.25,3.5,315,null
"2018-09-16T13:55:42.000Z",45.701965,5.883716,0,1,1.75,315,null
"2018-09-16T13:59:42.000Z",45.701965,5.883716,0,0,0,337.5,null
"2018-09-16T14:03:46.000Z",45.701965,5.883716,0,0,0,337.5,null
"2018-09-16T14:07:46.000Z",45.701965,5.883716,0,2.5,6,315,null
"2018-09-16T14:11:46.000Z",45.701965,5.883716,0,2,4.75,315,null
"2018-09-16T14:15:50.000Z",45.701965,5.883716,0,1.5,4.5,315,null
"2018-09-16T14:19:50.000Z",45.701965,5.883716,0,0,0,315,null
"2018-09-16T14:23:50.000Z",45.701965,5.883716,0,0,0,315,null
"2018-09-16T14:27:54.000Z",45.701965,5.883716,0,0,0,315,null
"2018-09-16T14:31:54.000Z",45.701965,5.883716,0,2.5,7.25,247.5,null
"2018-09-16T14:35:54.000Z",45.701965,5.883716,3.25,3.75,4.5,247.5,null
"2018-09-16T14:39:58.000Z",45.701965,5.883716,0,1.5,3.5,225,null
"2018-09-16T14:43:58.000Z",45.701965,5.883716,0,0,0,225,null
"2018-09-16T14:47:58.000Z",45.701965,5.883716,0,0,0,225,null
"2018-09-16T14:52:02.000Z",45.701965,5.883716,0,0,0,225,null
"2018-09-16T14:56:02.000Z",45.701965,5.883716,0,0.5,2.5,225,null
"2018-09-16T15:00:02.000Z",45.701965,5.883716,0.75,1.5,2,225,null
"2018-09-16T15:04:07.000Z",45.701965,5.883716,1,3.25,5.5,202.5,null
"2018-09-16T15:08:07.000Z",45.701965,5.883716,0.25,2.5,4.5,202.5,null
"2018-09-16T15:12:07.000Z",45.701965,5.883716,0.25,1.75,3.25,202.5,null
"2018-09-16T15:16:10.000Z",45.701965,5.883716,0.75,2.5,3.5,202.5,null
"2018-09-16T15:20:10.000Z",45.701965,5.883716,3.25,3.75,4.5,202.5,null
"2018-09-16T15:24:10.000Z",45.701965,5.883716,0,2.25,4.25,202.5,null
"2018-09-16T15:28:14.000Z",45.701965,5.883716,0.75,2.5,3.5,202.5,null
"2018-09-16T15:32:14.000Z",45.701965,5.883716,1.75,3.25,3.75,202.5,null
"2018-09-16T15:36:14.000Z",45.701965,5.883716,2.75,4.25,6.5,247.5,null
"2018-09-16T15:40:18.000Z",45.701965,5.883716,2.5,3.5,4.5,247.5,null
"2018-09-16T15:44:18.000Z",45.701965,5.883716,0,0.75,2.75,247.5,null
"2018-09-16T15:48:18.000Z",45.701965,5.883716,0,0,0,247.5,null
"2018-09-16T15:52:23.000Z",45.701965,5.883716,0,0,0,247.5,null
"2018-09-16T15:56:23.000Z",45.701965,5.883716,0,0,0,247.5,null
"2018-09-16T16:00:23.000Z",45.701965,5.883716,0,0,0,247.5,null
"2018-09-16T16:04:27.000Z",45.701965,5.883716,0,0,0,247.5,null
"2018-09-16T16:08:27.000Z",45.701965,5.883716,0,0,0,247.5,null
"2018-09-16T16:12:27.000Z",45.701965,5.883716,0,0,0,247.5,null
"2018-09-16T16:16:31.000Z",45.701965,5.883716,0,0,0,247.5,null
"2018-09-16T16:20:31.000Z",45.701965,5.883716,0,0,0,247.5,null
"2018-09-16T16:24:31.000Z",45.701965,5.883716,0,0,0,247.5,null
"2018-09-16T16:28:35.000Z",45.701965,5.883716,0,0,0,247.5,null
"2018-09-16T16:32:35.000Z",45.701965,5.883716,0,0,0.25,247.5,null
"2018-09-16T16:36:35.000Z",45.701965,5.883716,0,0.5,1.5,247.5,null
"2018-09-16T16:40:38.000Z",45.701965,5.883716,0,0,0.25,247.5,null
"2018-09-16T16:44:38.000Z",45.701965,5.883716,0,0,0.25,247.5,null
"2018-09-16T16:48:38.000Z",45.701965,5.883716,0,0,0.75,247.5,null
"2018-09-16T16:52:43.000Z",45.701965,5.883716,0,1.25,3.5,202.5,null
"2018-09-16T16:56:43.000Z",45.701965,5.883716,1,2,3.5,202.5,null
"2018-09-16T17:00:43.000Z",45.701965,5.883716,0,0,1,202.5,null
"2018-09-16T17:04:46.000Z",45.701965,5.883716,0,0,0,202.5,null
"2018-09-16T17:08:46.000Z",45.701965,5.883716,0,1.5,2.5,202.5,null
"2018-09-16T17:12:46.000Z",45.701965,5.883716,0,1.25,3.5,202.5,null
"2018-09-16T17:16:50.000Z",45.701965,5.883716,0,0.25,1.5,202.5,null
"2018-09-16T17:20:50.000Z",45.701965,5.883716,0,0.5,1.5,202.5,null
"2018-09-16T17:24:50.000Z",45.701965,5.883716,0,0.25,1.5,202.5,null
"2018-09-16T17:28:55.000Z",45.701965,5.883716,0,1.25,2.5,202.5,null
"2018-09-16T17:32:55.000Z",45.701965,5.883716,0,0,0.75,202.5,null
"2018-09-16T17:36:55.000Z",45.701965,5.883716,0,0,0.25,202.5,null
"2018-09-16T17:40:58.000Z",45.701965,5.883716,0,0,0,202.5,null
"2018-09-16T17:44:58.000Z",45.701965,5.883716,0,0,1.5,202.5,null
"2018-09-16T17:48:58.000Z",45.701965,5.883716,0,0.5,2.5,202.5,null
"2018-09-16T17:53:03.000Z",45.701965,5.883716,0,0,1,202.5,null
"2018-09-16T17:57:03.000Z",45.701965,5.883716,0,0,0,202.5,null
"2018-09-16T18:01:03.000Z",45.701965,5.883716,0,3.75,6.25,270,null
"2018-09-16T18:05:07.000Z",45.701965,5.883716,1.5,2.75,4.75,270,null
"2018-09-16T18:09:07.000Z",45.701965,5.883716,0,0.75,2,270,null
"2018-09-16T18:13:07.000Z",45.701965,5.883716,0,1,2.75,270,null
"2018-09-16T18:17:11.000Z",45.701965,5.883716,0,0.25,1,270,null
"2018-09-16T18:21:11.000Z",45.701965,5.883716,0,1.25,2.5,270,null
"2018-09-16T18:25:11.000Z",45.701965,5.883716,1.5,2.25,2.75,270,null
"2018-09-16T18:29:15.000Z",45.701965,5.883716,1.5,2.75,4.5,270,null
"2018-09-16T18:33:15.000Z",45.701965,5.883716,0.75,2.25,3.5,270,null
"2018-09-16T18:37:15.000Z",45.701965,5.883716,1,2.5,3.75,247.5,null
"2018-09-16T18:41:18.000Z",45.701965,5.883716,0,1.5,5.25,135,null
"2018-09-16T18:45:18.000Z",45.701965,5.883716,0.25,2.25,5.5,112.5,null
"2018-09-16T18:49:18.000Z",45.701965,5.883716,1.5,2.25,3.75,112.5,null
"2018-09-16T18:53:23.000Z",45.701965,5.883716,0,1.5,3.5,112.5,null
"2018-09-16T18:57:23.000Z",45.701965,5.883716,0.75,2.25,5.5,112.5,null
"2018-09-16T19:01:23.000Z",45.701965,5.883716,0,1.25,6,112.5,null
"2018-09-16T19:05:27.000Z",45.701965,5.883716,0,1,4.75,135,null
"2018-09-16T19:09:27.000Z",45.701965,5.883716,0,0,0.75,135,null
"2018-09-16T19:13:27.000Z",45.701965,5.883716,0,0,0,135,null
"2018-09-16T19:17:31.000Z",45.701965,5.883716,0,0,0.75,135,null
"2018-09-16T19:21:31.000Z",45.701965,5.883716,0,0,0,135,null
"2018-09-16T19:25:31.000Z",45.701965,5.883716,0,0.5,2.75,135,null
"2018-09-16T19:29:35.000Z",45.701965,5.883716,0,0,0.75,135,null
"2018-09-16T19:33:35.000Z",45.701965,5.883716,0,1.25,2.75,135,null
"2018-09-16T19:37:35.000Z",45.701965,5.883716,0.75,1.5,2.5,135,null
"2018-09-16T19:41:39.000Z",45.701965,5.883716,0.25,1.75,3.5,135,null
"2018-09-16T19:45:39.000Z",45.701965,5.883716,0.25,1.5,2.5,135,null
"2018-09-16T19:49:39.000Z",45.701965,5.883716,0.75,2.25,4.25,135,null
"2018-09-16T19:54:23.000Z",45.701965,5.883716,1,3.25,6,112.5,null
"2018-09-16T19:58:23.000Z",45.701965,5.883716,1.75,2.75,4.75,90,null
"2018-09-16T20:02:23.000Z",45.701965,5.883716,0,0.5,2.75,90,null
"2018-09-16T20:06:28.000Z",45.701965,5.883716,0,0,0.75,112.5,null
"2018-09-16T20:10:28.000Z",45.701965,5.883716,1,2,3.5,90,null
"2018-09-16T20:14:28.000Z",45.701965,5.883716,0.75,2.5,4.5,90,null
"2018-09-16T20:18:32.000Z",45.701965,5.883716,2.75,5,7.25,90,null
"2018-09-16T20:22:32.000Z",45.701965,5.883716,3.75,5.5,7.25,90,null
"2018-09-16T20:26:32.000Z",45.701965,5.883716,2.75,4.5,5.5,90,null
"2018-09-16T20:30:35.000Z",45.701965,5.883716,2,3,4.5,90,null
"2018-09-16T20:34:35.000Z",45.701965,5.883716,2.5,4,5.5,90,null
"2018-09-16T20:38:35.000Z",45.701965,5.883716,2.5,3.75,6,90,null
"2018-09-16T20:42:40.000Z",45.701965,5.883716,0,1.75,4.75,90,null
"2018-09-16T20:46:40.000Z",45.701965,5.883716,0,2,3.5,90,null
"2018-09-16T20:50:40.000Z",45.701965,5.883716,2.5,3.75,5.5,90,null
"2018-09-16T20:54:44.000Z",45.701965,5.883716,3.75,5,6.25,90,null
"2018-09-16T20:58:44.000Z",45.701965,5.883716,3.25,4.5,5.5,90,null
"2018-09-16T21:02:44.000Z",45.701965,5.883716,0.25,2.25,4.75,67.5,null
"2018-09-16T21:06:48.000Z",45.701965,5.883716,0,1.25,5.25,90,null
"2018-09-16T21:10:48.000Z",45.701965,5.883716,2,3.75,4.75,67.5,null
"2018-09-16T21:14:48.000Z",45.701965,5.883716,0.75,3,5.25,67.5,null
"2018-09-16T21:18:51.000Z",45.701965,5.883716,0.25,1.5,2.5,67.5,null
"2018-09-16T21:22:51.000Z",45.701965,5.883716,1.5,2.5,3.25,67.5,null
"2018-09-16T21:26:51.000Z",45.701965,5.883716,1.5,3,4.75,67.5,null
"2018-09-16T21:30:56.000Z",45.701965,5.883716,2.5,4,5.25,67.5,null
"2018-09-16T21:34:56.000Z",45.701965,5.883716,2,3.75,5.25,67.5,null
"2018-09-16T21:38:56.000Z",45.701965,5.883716,3.25,5.25,7,67.5,null
"2018-09-16T21:43:00.000Z",45.701965,5.883716,1.5,4.25,6,90,null
"2018-09-16T21:47:00.000Z",45.701965,5.883716,2.5,4,6,90,null
"2018-09-16T21:51:00.000Z",45.701965,5.883716,2,3.25,4.5,90,null
"2018-09-16T21:55:03.000Z",45.701965,5.883716,1,3.5,4.75,90,null
"2018-09-16T21:59:03.000Z",45.701965,5.883716,3.5,5,6.5,90,null
"2018-09-16T22:03:03.000Z",45.701965,5.883716,2.75,4,5.25,90,null
"2018-09-16T22:07:08.000Z",45.701965,5.883716,0.75,2.5,4.25,90,null
"2018-09-16T22:11:08.000Z",45.701965,5.883716,0,1,3.25,90,null
"2018-09-16T22:15:08.000Z",45.701965,5.883716,0,2,3.5,90,null
"2018-09-16T22:19:12.000Z",45.701965,5.883716,0.75,2,4.75,90,null
"2018-09-16T22:23:12.000Z",45.701965,5.883716,1,3,5.25,90,null
"2018-09-16T22:27:12.000Z",45.701965,5.883716,0.75,2.5,5.25,90,null
"2018-09-16T22:31:16.000Z",45.701965,5.883716,0,0.5,2.75,90,null
"2018-09-16T22:35:16.000Z",45.701965,5.883716,0,0.5,2.5,90,null
"2018-09-16T22:39:16.000Z",45.701965,5.883716,0,6,15.5,0,null
"2018-09-16T22:43:19.000Z",45.701965,5.883716,10,12.5,15,0,null
"2018-09-16T22:47:19.000Z",45.701965,5.883716,7.75,11.5,13.5,0,null
"2018-09-16T22:51:19.000Z",45.701965,5.883716,7,11,12.5,0,null
"2018-09-16T22:55:23.000Z",45.701965,5.883716,1.5,5.25,9.75,22.5,null
"2018-09-16T22:59:23.000Z",45.701965,5.883716,1.75,4,6.25,22.5,null
"2018-09-16T23:03:23.000Z",45.701965,5.883716,1.75,7,13.5,0,null
"2018-09-16T23:07:28.000Z",45.701965,5.883716,7.25,9.75,11.5,0,null
"2018-09-16T23:11:28.000Z",45.701965,5.883716,6.5,9,11.5,0,null
"2018-09-16T23:15:28.000Z",45.701965,5.883716,4.75,8.25,10.5,0,null
"2018-09-16T23:19:32.000Z",45.701965,5.883716,3.75,7,9.75,0,null
"2018-09-16T23:23:32.000Z",45.701965,5.883716,1,6.25,8.25,0,null
"2018-09-16T23:27:32.000Z",45.701965,5.883716,0,2,6.25,0,null
"2018-09-16T23:31:36.000Z",45.701965,5.883716,0,0.5,2,0,null
"2018-09-16T23:35:36.000Z",45.701965,5.883716,0,0.75,5.25,0,null
"2018-09-16T23:39:36.000Z",45.701965,5.883716,0,0.75,4.5,0,null
"2018-09-16T23:43:40.000Z",45.701965,5.883716,1.5,4.75,9.5,0,null
"2018-09-16T23:47:40.000Z",45.701965,5.883716,0.75,3.25,8,0,null
"2018-09-16T23:51:40.000Z",45.701965,5.883716,0,4.25,9,0,null
"2018-09-16T23:55:44.000Z",45.701965,5.883716,3.5,8.5,11,0,null
"2018-09-16T23:59:44.000Z",45.701965,5.883716,1.5,6.75,11,0,null
"2018-09-17T00:03:44.000Z",45.701965,5.883716,0,1.5,6,0,null
"2018-09-17T00:07:48.000Z",45.701965,5.883716,0,0.75,2.5,22.5,null
"2018-09-17T00:11:48.000Z",45.701965,5.883716,0,0.5,1.75,22.5,null
"2018-09-17T00:15:48.000Z",45.701965,5.883716,0,0.75,3.25,22.5,null
"2018-09-17T00:19:53.000Z",45.701965,5.883716,0,0,0,22.5,null
"2018-09-17T00:23:53.000Z",45.701965,5.883716,0,1,2.5,22.5,null
"2018-09-17T00:27:53.000Z",45.701965,5.883716,0,0.5,1.75,22.5,null
"2018-09-17T00:31:56.000Z",45.701965,5.883716,0,1.25,2,22.5,null
"2018-09-17T00:35:56.000Z",45.701965,5.883716,0,0.25,1.5,22.5,null
"2018-09-17T00:39:56.000Z",45.701965,5.883716,0,0.25,1.75,22.5,null
"2018-09-17T00:44:00.000Z",45.701965,5.883716,0,0.5,1.75,22.5,null
"2018-09-17T00:48:00.000Z",45.701965,5.883716,0,0,1,22.5,null
"2018-09-17T00:52:00.000Z",45.701965,5.883716,0,0,1,22.5,null
"2018-09-17T00:56:04.000Z",45.701965,5.883716,0,0,1,22.5,null
"2018-09-17T01:00:04.000Z",45.701965,5.883716,0,0.25,1.5,22.5,null
"2018-09-17T01:04:04.000Z",45.701965,5.883716,0,0.5,1.75,22.5,null
"2018-09-17T01:08:08.000Z",45.701965,5.883716,0,0.25,1.5,22.5,null
"2018-09-17T01:12:08.000Z",45.701965,5.883716,0.25,1.5,3.5,22.5,null
"2018-09-17T01:16:08.000Z",45.701965,5.883716,0.75,1.5,3.25,22.5,null
"2018-09-17T01:20:13.000Z",45.701965,5.883716,0,1,3,22.5,null
"2018-09-17T01:24:13.000Z",45.701965,5.883716,0,0,1,22.5,null
"2018-09-17T01:28:13.000Z",45.701965,5.883716,0,0,0.75,22.5,null
"2018-09-17T01:32:17.000Z",45.701965,5.883716,0,0.25,1.75,22.5,null
"2018-09-17T01:36:17.000Z",45.701965,5.883716,0,2.75,6.5,112.5,null
"2018-09-17T01:40:17.000Z",45.701965,5.883716,1.75,3.75,6,112.5,null
"2018-09-17T01:44:20.000Z",45.701965,5.883716,1.5,3.5,5.25,112.5,null
"2018-09-17T01:48:20.000Z",45.701965,5.883716,1,2.25,3.5,112.5,null
"2018-09-17T01:52:20.000Z",45.701965,5.883716,1.75,2.5,4.25,112.5,null
"2018-09-17T01:56:25.000Z",45.701965,5.883716,1.75,3,4.5,112.5,null
"2018-09-17T02:00:25.000Z",45.701965,5.883716,2.5,4,6.5,112.5,null
"2018-09-17T02:04:25.000Z",45.701965,5.883716,3.25,5.5,7.25,90,null
"2018-09-17T02:08:29.000Z",45.701965,5.883716,3.25,4.75,7,90,null
"2018-09-17T02:12:29.000Z",45.701965,5.883716,3.5,5,6.5,90,null
"2018-09-17T02:16:29.000Z",45.701965,5.883716,3.5,5.75,8.25,90,null
"2018-09-17T02:20:33.000Z",45.701965,5.883716,3.25,4.5,6.25,90,null
"2018-09-17T02:24:33.000Z",45.701965,5.883716,2.5,3.75,4.75,90,null
"2018-09-17T02:28:33.000Z",45.701965,5.883716,1.5,3.5,4.75,90,null
"2018-09-17T02:32:37.000Z",45.701965,5.883716,2,3.75,5.25,90,null
"2018-09-17T02:36:37.000Z",45.701965,5.883716,1.75,3.25,5.5,90,null
"2018-09-17T02:40:37.000Z",45.701965,5.883716,2,4.25,7,90,null
"2018-09-17T02:44:41.000Z",45.701965,5.883716,2.5,4,5.5,90,null
"2018-09-17T02:48:41.000Z",45.701965,5.883716,1.75,3,3.75,90,null
"2018-09-17T02:52:41.000Z",45.701965,5.883716,0.75,2.5,3.75,90,null
"2018-09-17T02:56:44.000Z",45.701965,5.883716,0.25,1.5,2.75,90,null
"2018-09-17T03:00:44.000Z",45.701965,5.883716,1.75,3,4.25,90,null
"2018-09-17T03:04:44.000Z",45.701965,5.883716,2,2.75,3.75,90,null
"2018-09-17T03:08:49.000Z",45.701965,5.883716,1,2,3.25,90,null
"2018-09-17T03:12:49.000Z",45.701965,5.883716,1,2.25,3.5,90,null
"2018-09-17T03:16:49.000Z",45.701965,5.883716,2.5,3.75,4.5,90,null
"2018-09-17T03:20:53.000Z",45.701965,5.883716,1.75,3,3.75,90,null
"2018-09-17T03:24:53.000Z",45.701965,5.883716,1,2,3.25,90,null
"2018-09-17T03:28:53.000Z",45.701965,5.883716,0,1.75,3.75,90,null
"2018-09-17T03:32:57.000Z",45.701965,5.883716,0,0,1.75,90,null
"2018-09-17T03:36:57.000Z",45.701965,5.883716,0,0,0.75,90,null
"2018-09-17T03:40:57.000Z",45.701965,5.883716,0,0,2.5,90,null
"2018-09-17T03:45:01.000Z",45.701965,5.883716,1,2,3.25,90,null
"2018-09-17T03:49:01.000Z",45.701965,5.883716,0.75,2.5,4.25,90,null
"2018-09-17T03:53:01.000Z",45.701965,5.883716,0,0.5,2,90,null
"2018-09-17T03:57:05.000Z",45.701965,5.883716,1,2.25,2.75,90,null
"2018-09-17T04:01:05.000Z",45.701965,5.883716,1,2.25,3.25,90,null
"2018-09-17T04:05:05.000Z",45.701965,5.883716,0,1.25,4.5,90,null
"2018-09-17T04:09:09.000Z",45.701965,5.883716,0,1,2.75,90,null
"2018-09-17T04:13:09.000Z",45.701965,5.883716,2,3.75,5.5,112.5,null
"2018-09-17T04:17:09.000Z",45.701965,5.883716,0.75,1.75,3.25,112.5,null
"2018-09-17T04:21:14.000Z",45.701965,5.883716,1,3.25,5.25,112.5,null
"2018-09-17T04:25:14.000Z",45.701965,5.883716,1,3,5.25,90,null
"2018-09-17T04:29:14.000Z",45.701965,5.883716,1,2.75,5.25,90,null
"2018-09-17T04:33:17.000Z",45.701965,5.883716,0.25,2.25,3.5,90,null
"2018-09-17T04:37:17.000Z",45.701965,5.883716,1,3,6,90,null
"2018-09-17T04:41:17.000Z",45.701965,5.883716,1,2.75,4.5,90,null
"2018-09-17T04:45:22.000Z",45.701965,5.883716,2,3.75,6.25,90,null
"2018-09-17T04:49:22.000Z",45.701965,5.883716,2,3.75,4.75,90,null
"2018-09-17T04:53:22.000Z",45.701965,5.883716,3.25,5,7,112.5,null
"2018-09-17T04:57:25.000Z",45.701965,5.883716,2,4,5.5,112.5,null
"2018-09-17T05:01:25.000Z",45.701965,5.883716,2,3.25,4.75,112.5,null
"2018-09-17T05:05:25.000Z",45.701965,5.883716,1.75,3.5,5.5,112.5,null
"2018-09-17T05:09:29.000Z",45.701965,5.883716,0.25,2.75,6,135,null
"2018-09-17T05:13:29.000Z",45.701965,5.883716,1,3,6,135,null
"2018-09-17T05:17:29.000Z",45.701965,5.883716,1,3,6,112.5,null
"2018-09-17T05:21:33.000Z",45.701965,5.883716,1,3.75,6.5,112.5,null
"2018-09-17T05:25:33.000Z",45.701965,5.883716,0.25,3.75,6.5,112.5,null
"2018-09-17T05:29:33.000Z",45.701965,5.883716,0.75,2.5,4.75,112.5,null
"2018-09-17T05:33:38.000Z",45.701965,5.883716,0.75,2.25,4.5,90,null
"2018-09-17T05:37:38.000Z",45.701965,5.883716,1.5,2.5,3.75,90,null
"2018-09-17T05:41:38.000Z",45.701965,5.883716,1.75,4,6,112.5,null
"2018-09-17T05:45:42.000Z",45.701965,5.883716,2.75,4.75,6.5,112.5,null
"2018-09-17T05:49:42.000Z",45.701965,5.883716,1.5,3.5,6,112.5,null
"2018-09-17T05:53:42.000Z",45.701965,5.883716,1.75,4,6.5,112.5,null
"2018-09-17T05:57:46.000Z",45.701965,5.883716,2,4,6.25,112.5,null
"2018-09-17T06:01:46.000Z",45.701965,5.883716,1.75,4.25,7,112.5,null
"2018-09-17T06:05:46.000Z",45.701965,5.883716,0.75,3.25,6.25,90,null
"2018-09-17T06:09:50.000Z",45.701965,5.883716,2.5,4.5,7.75,90,null
"2018-09-17T06:13:50.000Z",45.701965,5.883716,1.75,3.75,6.25,112.5,null
"2018-09-17T06:17:50.000Z",45.701965,5.883716,2,3.25,4.5,112.5,null
"2018-09-17T06:21:54.000Z",45.701965,5.883716,1.5,3.5,5.5,90,null
"2018-09-17T06:25:54.000Z",45.701965,5.883716,3.25,5,9,90,null
"2018-09-17T06:29:54.000Z",45.701965,5.883716,1.75,3.5,5.25,112.5,null
"2018-09-17T06:33:58.000Z",45.701965,5.883716,1,3,5.5,112.5,null
"2018-09-17T06:37:58.000Z",45.701965,5.883716,1.5,3.75,5.5,112.5,null
"2018-09-17T06:41:58.000Z",45.701965,5.883716,0,1.25,4.5,112.5,null
"2018-09-17T06:46:02.000Z",45.701965,5.883716,0,0.75,4.5,90,null
"2018-09-17T06:50:02.000Z",45.701965,5.883716,0,2,7,90,null
"2018-09-17T06:54:02.000Z",45.701965,5.883716,0,2.5,6,90,null
"2018-09-17T06:58:06.000Z",45.701965,5.883716,0.25,4,7.75,67.5,null
"2018-09-17T07:02:06.000Z",45.701965,5.883716,2,6,10,67.5,null
"2018-09-17T07:06:06.000Z",45.701965,5.883716,0.25,5.25,11,90,null
"2018-09-17T07:10:10.000Z",45.701965,5.883716,1,4.5,8,67.5,null
"2018-09-17T07:14:10.000Z",45.701965,5.883716,0,2,4.5,67.5,null
"2018-09-17T07:18:10.000Z",45.701965,5.883716,0,1.5,5.5,67.5,null
"2018-09-17T07:22:14.000Z",45.701965,5.883716,0,1,3.5,67.5,null
"2018-09-17T07:26:14.000Z",45.701965,5.883716,0,0.5,3.25,67.5,null
"2018-09-17T07:30:14.000Z",45.701965,5.883716,0,0.25,1.5,67.5,null
"2018-09-17T07:34:18.000Z",45.701965,5.883716,0,0,0.25,67.5,null
"2018-09-17T07:38:18.000Z",45.701965,5.883716,0,1.75,3.75,45,null
"2018-09-17T07:42:18.000Z",45.701965,5.883716,1.75,3.25,4.75,22.5,null
"2018-09-17T07:46:22.000Z",45.701965,5.883716,1,2.5,3.5,22.5,null
"2018-09-17T07:50:22.000Z",45.701965,5.883716,1,3,4.25,22.5,null
"2018-09-17T07:54:22.000Z",45.701965,5.883716,0.25,2.5,3.5,22.5,null
"2018-09-17T07:58:26.000Z",45.701965,5.883716,0,1.25,3.25,22.5,null
"2018-09-17T08:02:26.000Z",45.701965,5.883716,0,0.25,2,22.5,null
"2018-09-17T08:06:26.000Z",45.701965,5.883716,0,0,0,22.5,null
"2018-09-17T08:10:30.000Z",45.701965,5.883716,0,1,2,22.5,null
"2018-09-17T08:14:30.000Z",45.701965,5.883716,0,1.25,4.25,270,null
"2018-09-17T08:18:30.000Z",45.701965,5.883716,0,1.75,4.25,247.5,null
"2018-09-17T08:22:34.000Z",45.701965,5.883716,2,4.75,11,180,null
"2018-09-17T08:26:34.000Z",45.701965,5.883716,6,8.75,11.5,202.5,null
"2018-09-17T08:30:34.000Z",45.701965,5.883716,5.25,8.75,12,202.5,null
"2018-09-17T08:34:38.000Z",45.701965,5.883716,9,10.5,12,202.5,null
"2018-09-17T08:38:38.000Z",45.701965,5.883716,9,11,12,225,null
"2018-09-17T08:42:38.000Z",45.701965,5.883716,10.5,12,14,225,null
"2018-09-17T08:46:42.000Z",45.701965,5.883716,8.25,12,13.5,202.5,null
"2018-09-17T08:50:42.000Z",45.701965,5.883716,8.25,12,13,202.5,null
"2018-09-17T08:54:42.000Z",45.701965,5.883716,9.5,11,12,202.5,null
"2018-09-17T08:58:46.000Z",45.701965,5.883716,6.25,9.25,11,202.5,null
"2018-09-17T09:02:46.000Z",45.701965,5.883716,5.5,9,11,202.5,null
"2018-09-17T09:06:46.000Z",45.701965,5.883716,5.5,8.5,10.5,202.5,null
"2018-09-17T09:10:50.000Z",45.701965,5.883716,5.5,8.25,9.75,202.5,null
"2018-09-17T09:14:50.000Z",45.701965,5.883716,5.25,8,9.75,202.5,null
"2018-09-17T09:18:50.000Z",45.701965,5.883716,4.5,7.5,9,202.5,null
"2018-09-17T09:22:54.000Z",45.701965,5.883716,2.5,6.25,8,202.5,null
"2018-09-17T09:26:54.000Z",45.701965,5.883716,1.5,5.75,7.75,202.5,null
"2018-09-17T09:30:54.000Z",45.701965,5.883716,3.5,4.75,6.5,202.5,null
"2018-09-17T09:34:58.000Z",45.701965,5.883716,1.75,2.75,4,202.5,null
"2018-09-17T09:38:58.000Z",45.701965,5.883716,0,1.25,2.5,202.5,null
"2018-09-17T09:42:58.000Z",45.701965,5.883716,0,0,0,202.5,null
"2018-09-17T09:47:02.000Z",45.701965,5.883716,0,0,0,202.5,null
"2018-09-17T09:51:02.000Z",45.701965,5.883716,0,0,0,202.5,null
"2018-09-17T09:55:02.000Z",45.701965,5.883716,0,0.25,1.75,225,null
"2018-09-17T09:59:07.000Z",45.701965,5.883716,1.5,3,6.5,247.5,null
"2018-09-17T10:03:07.000Z",45.701965,5.883716,5.25,6,7.25,270,null
"2018-09-17T10:07:07.000Z",45.701965,5.883716,3.25,4.5,6,292.5,null
"2018-09-17T10:11:10.000Z",45.701965,5.883716,1.75,3,4.75,292.5,null
"2018-09-17T10:15:10.000Z",45.701965,5.883716,2.5,3,3.75,292.5,null
"2018-09-17T10:19:10.000Z",45.701965,5.883716,2.5,3.25,4.25,270,null
"2018-09-17T10:23:14.000Z",45.701965,5.883716,1,2.25,4,270,null
"2018-09-17T10:27:14.000Z",45.701965,5.883716,0,0.75,2,270,null
"2018-09-17T10:31:14.000Z",45.701965,5.883716,0,0.25,1.5,270,null
"2018-09-17T10:35:18.000Z",45.701965,5.883716,0,0,0,270,null
"2018-09-17T10:39:18.000Z",45.701965,5.883716,0,0,0.25,292.5,null
"2018-09-17T10:43:18.000Z",45.701965,5.883716,0,0.75,2.5,292.5,null
"2018-09-17T10:47:23.000Z",45.701965,5.883716,0.75,1.25,1.75,292.5,null
"2018-09-17T10:51:23.000Z",45.701965,5.883716,1.5,2,3.5,292.5,null
"2018-09-17T10:55:23.000Z",45.701965,5.883716,1.5,3,4.75,292.5,null
"2018-09-17T10:59:27.000Z",45.701965,5.883716,0.75,2.75,4.75,292.5,null
"2018-09-17T11:03:27.000Z",45.701965,5.883716,0.25,1.75,2.75,292.5,null
"2018-09-17T11:07:27.000Z",45.701965,5.883716,1,2,3.25,292.5,null
"2018-09-17T11:11:31.000Z",45.701965,5.883716,5.25,6.25,7.25,315,null
"2018-09-17T11:15:31.000Z",45.701965,5.883716,5.5,6.5,8.25,337.5,null
"2018-09-17T11:19:31.000Z",45.701965,5.883716,5.25,6.75,8,337.5,null
"2018-09-17T11:23:34.000Z",45.701965,5.883716,5.5,7.25,8.25,337.5,null
"2018-09-17T11:27:34.000Z",45.701965,5.883716,4.75,6,8,337.5,null
"2018-09-17T11:31:34.000Z",45.701965,5.883716,4.25,4.75,5.5,337.5,null
"2018-09-17T11:35:38.000Z",45.701965,5.883716,4.5,5.5,6,337.5,null
"2018-09-17T11:39:38.000Z",45.701965,5.883716,4.75,6.75,7.75,337.5,null
"2018-09-17T11:43:38.000Z",45.701965,5.883716,6.25,7.25,8,337.5,null
"2018-09-17T11:47:43.000Z",45.701965,5.883716,6.25,7.25,8,337.5,null
"2018-09-17T11:51:43.000Z",45.701965,5.883716,7.25,8,9.5,337.5,null
"2018-09-17T11:55:43.000Z",45.701965,5.883716,6.25,6.75,7.25,337.5,null
"2018-09-17T11:59:47.000Z",45.701965,5.883716,5.25,6,6.5,337.5,null
"2018-09-17T12:03:47.000Z",45.701965,5.883716,4.5,5.5,6.25,337.5,null
"2018-09-17T12:07:47.000Z",45.701965,5.883716,4.25,5,5.5,337.5,null
"2018-09-17T12:11:51.000Z",45.701965,5.883716,5.5,8.75,11.5,337.5,null
"2018-09-17T12:15:51.000Z",45.701965,5.883716,7.75,9.75,11.5,337.5,null
"2018-09-17T12:19:51.000Z",45.701965,5.883716,7.25,9,11.5,337.5,null
"2018-09-17T12:23:55.000Z",45.701965,5.883716,6.5,8.25,9,337.5,null
"2018-09-17T12:27:55.000Z",45.701965,5.883716,6.5,8.25,9,337.5,null
"2018-09-17T12:31:55.000Z",45.701965,5.883716,3.5,5.5,7.75,337.5,null
"2018-09-17T12:35:59.000Z",45.701965,5.883716,2,2.75,3.5,337.5,null
"2018-09-17T12:39:59.000Z",45.701965,5.883716,2.5,3.75,4.75,337.5,null
"2018-09-17T12:43:59.000Z",45.701965,5.883716,2,3.75,8.25,337.5,null
"2018-09-17T12:48:03.000Z",45.701965,5.883716,2.75,5,8.75,315,null
"2018-09-17T12:52:03.000Z",45.701965,5.883716,4.25,5.25,6,315,null
"2018-09-17T12:56:03.000Z",45.701965,5.883716,4.25,5.5,8.75,315,null
"2018-09-17T13:00:07.000Z",45.701965,5.883716,0,3,8.25,315,null
"2018-09-17T13:04:07.000Z",45.701965,5.883716,0,2.25,8.25,315,null
"2018-09-17T13:08:07.000Z",45.701965,5.883716,2.5,4.75,8.25,292.5,null
"2018-09-17T13:12:11.000Z",45.701965,5.883716,1,1.5,2.75,292.5,null
"2018-09-17T13:16:11.000Z",45.701965,5.883716,1,4.25,7,337.5,null
"2018-09-17T13:20:11.000Z",45.701965,5.883716,1,2.5,4.5,337.5,null
"2018-09-17T13:24:16.000Z",45.701965,5.883716,1,2,3.5,337.5,null
"2018-09-17T13:28:16.000Z",45.701965,5.883716,3.5,7,11,337.5,null
"2018-09-17T13:32:16.000Z",45.701965,5.883716,1.5,4.5,7.25,337.5,null
"2018-09-17T13:36:20.000Z",45.701965,5.883716,2.5,6,9,315,null
"2018-09-17T13:40:20.000Z",45.701965,5.883716,0,3,6.5,315,null
"2018-09-17T13:44:20.000Z",45.701965,5.883716,0,5.5,11,315,null
"2018-09-17T13:48:23.000Z",45.701965,5.883716,8.75,10.5,11,315,null
"2018-09-17T13:52:23.000Z",45.701965,5.883716,6.5,8.75,10.5,337.5,null
"2018-09-17T13:56:23.000Z",45.701965,5.883716,6.5,8.25,9.75,337.5,null
"2018-09-17T14:00:27.000Z",45.701965,5.883716,7,9,10,315,null
"2018-09-17T14:04:27.000Z",45.701965,5.883716,4.75,7.5,10,315,null
"2018-09-17T14:08:27.000Z",45.701965,5.883716,0,2,4.75,315,null
"2018-09-17T14:12:31.000Z",45.701965,5.883716,0,3,8.75,315,null
"2018-09-17T14:16:31.000Z",45.701965,5.883716,5.5,8,11,337.5,null
"2018-09-17T14:20:31.000Z",45.701965,5.883716,7.75,10,11.5,337.5,null
"2018-09-17T14:24:36.000Z",45.701965,5.883716,7.25,9.75,11.5,0,null
"2018-09-17T14:28:36.000Z",45.701965,5.883716,7.75,9.75,11,0,null
"2018-09-17T14:32:36.000Z",45.701965,5.883716,3.5,5.75,8.75,0,null
"2018-09-17T14:36:40.000Z",45.701965,5.883716,4.5,7.25,8.25,0,null
"2018-09-17T14:40:40.000Z",45.701965,5.883716,4.75,6.75,8,22.5,null
"2018-09-17T14:44:40.000Z",45.701965,5.883716,4.5,7.75,11,22.5,null
"2018-09-17T14:48:43.000Z",45.701965,5.883716,5.25,7.25,9.5,22.5,null
"2018-09-17T14:52:43.000Z",45.701965,5.883716,1.75,6.5,8.75,337.5,null
"2018-09-17T14:56:43.000Z",45.701965,5.883716,1.75,3.25,6,315,null
"2018-09-17T15:00:47.000Z",45.701965,5.883716,5.5,7,9.5,315,null
"2018-09-17T15:04:47.000Z",45.701965,5.883716,3.75,8.5,14.5,0,null
"2018-09-17T15:08:47.000Z",45.701965,5.883716,0.25,3.5,7.25,22.5,null
"2018-09-17T15:12:51.000Z",45.701965,5.883716,0,6.75,10.5,0,null
"2018-09-17T15:16:51.000Z",45.701965,5.883716,1.5,5,9,22.5,null
"2018-09-17T15:20:51.000Z",45.701965,5.883716,4.25,6.75,8,22.5,null
"2018-09-17T15:24:56.000Z",45.701965,5.883716,3.5,5.5,7.75,0,null
"2018-09-17T15:28:56.000Z",45.701965,5.883716,3.25,5.5,8.75,315,null
"2018-09-17T15:32:56.000Z",45.701965,5.883716,3.5,7,11,292.5,null
"2018-09-17T15:37:00.000Z",45.701965,5.883716,3.5,4.5,7.75,315,null
"2018-09-17T15:41:00.000Z",45.701965,5.883716,7.75,9.25,11.5,315,null
"2018-09-17T15:45:00.000Z",45.701965,5.883716,5.25,7,10,337.5,null
"2018-09-17T15:49:04.000Z",45.701965,5.883716,0.75,3,5,337.5,null
"2018-09-17T15:53:04.000Z",45.701965,5.883716,0,0.75,1.5,337.5,null
"2018-09-17T15:57:04.000Z",45.701965,5.883716,0,0.25,1.75,337.5,null
"2018-09-17T16:01:07.000Z",45.701965,5.883716,0,3,8.25,337.5,null
"2018-09-17T16:05:07.000Z",45.701965,5.883716,3.25,5,6.25,315,null
"2018-09-17T16:09:07.000Z",45.701965,5.883716,2.5,3.25,4.25,337.5,null
"2018-09-17T16:13:12.000Z",45.701965,5.883716,1.75,2.25,3.25,337.5,null
"2018-09-17T16:17:12.000Z",45.701965,5.883716,0.75,1.5,2,337.5,null
"2018-09-17T16:21:12.000Z",45.701965,5.883716,0,1,1.75,337.5,null
"2018-09-17T16:25:16.000Z",45.701965,5.883716,0,0,0,337.5,null
"2018-09-17T16:29:16.000Z",45.701965,5.883716,0,1.25,2.5,337.5,null
"2018-09-17T16:33:16.000Z",45.701965,5.883716,0,0.5,1.75,337.5,null
"2018-09-17T16:37:19.000Z",45.701965,5.883716,0,0.75,2,337.5,null
"2018-09-17T16:41:19.000Z",45.701965,5.883716,0.25,1.25,2.5,337.5,null
"2018-09-17T16:45:19.000Z",45.701965,5.883716,0,0,0.75,315,null
"2018-09-17T16:49:24.000Z",45.701965,5.883716,0,0,0,337.5,null
"2018-09-17T16:53:24.000Z",45.701965,5.883716,0,1.25,4.25,315,null
"2018-09-17T16:57:24.000Z",45.701965,5.883716,0,2.5,4.5,315,null
"2018-09-17T17:01:28.000Z",45.701965,5.883716,0,0,1,337.5,null
"2018-09-17T17:05:28.000Z",45.701965,5.883716,0,2,4.25,337.5,null
"2018-09-17T17:09:28.000Z",45.701965,5.883716,0.75,1.25,1.75,337.5,null
"2018-09-17T17:13:32.000Z",45.701965,5.883716,0,3.25,6.25,180,null
"2018-09-17T17:17:32.000Z",45.701965,5.883716,0,0.25,2,157.5,null
"2018-09-17T17:21:32.000Z",45.701965,5.883716,0,1.5,4.5,157.5,null
"2018-09-17T17:25:36.000Z",45.701965,5.883716,1.75,5,8,202.5,null
"2018-09-17T17:29:36.000Z",45.701965,5.883716,0,4.25,7.25,225,null
"2018-09-17T17:33:36.000Z",45.701965,5.883716,0,0.5,2.75,225,null
"2018-09-17T17:37:40.000Z",45.701965,5.883716,0,0.25,3.25,225,null
"2018-09-17T17:41:40.000Z",45.701965,5.883716,0,0.25,1,225,null
"2018-09-17T17:45:40.000Z",45.701965,5.883716,0,1.5,8.75,270,null
"2018-09-17T17:49:44.000Z",45.701965,5.883716,0,3.5,7,247.5,null
"2018-09-17T17:53:44.000Z",45.701965,5.883716,0,0.25,1.75,225,null
"2018-09-17T17:57:44.000Z",45.701965,5.883716,0,1.75,3.25,180,null
"2018-09-17T18:01:48.000Z",45.701965,5.883716,0,0.5,2.25,180,null
"2018-09-17T18:05:48.000Z",45.701965,5.883716,0,0,0,180,null
"2018-09-17T18:09:48.000Z",45.701965,5.883716,0,2.75,4.75,180,null
"2018-09-17T18:13:52.000Z",45.701965,5.883716,0,1.5,3.75,180,null
"2018-09-17T18:17:52.000Z",45.701965,5.883716,0,0.25,2.75,180,null
"2018-09-17T18:21:52.000Z",45.701965,5.883716,0,0,0,180,null
"2018-09-17T18:25:57.000Z",45.701965,5.883716,0,0,1,180,null
"2018-09-17T18:29:57.000Z",45.701965,5.883716,0,0.75,4.75,225,null
"2018-09-17T18:33:57.000Z",45.701965,5.883716,0,2.75,8.25,157.5,null
"2018-09-17T18:38:01.000Z",45.701965,5.883716,5.5,7,8.25,90,null
"2018-09-17T18:42:01.000Z",45.701965,5.883716,4.5,5.75,7.25,90,null
"2018-09-17T18:46:01.000Z",45.701965,5.883716,2,4.25,6.5,90,null
"2018-09-17T18:50:05.000Z",45.701965,5.883716,2.5,4,5.5,90,null
"2018-09-17T18:54:05.000Z",45.701965,5.883716,2.75,4.25,6.5,90,null
"2018-09-17T18:58:05.000Z",45.701965,5.883716,1.75,3.25,4.75,90,null
"2018-09-17T19:02:09.000Z",45.701965,5.883716,1.75,3.5,5.5,90,null
"2018-09-17T19:06:09.000Z",45.701965,5.883716,2.75,3.5,4.25,90,null
"2018-09-17T19:10:09.000Z",45.701965,5.883716,2,3.25,4.5,90,null
"2018-09-17T19:14:12.000Z",45.701965,5.883716,0.25,2.5,3.75,90,null
"2018-09-17T19:18:12.000Z",45.701965,5.883716,1.75,2.5,3.5,90,null
"2018-09-17T19:22:12.000Z",45.701965,5.883716,0,2.75,5.25,90,null
"2018-09-17T19:26:16.000Z",45.701965,5.883716,0.25,3.75,5.25,90,null
"2018-09-17T19:30:16.000Z",45.701965,5.883716,1.5,2.5,3.75,90,null
"2018-09-17T19:34:16.000Z",45.701965,5.883716,0,0.75,2.75,90,null
"2018-09-17T19:38:20.000Z",45.701965,5.883716,0,1.75,3.25,90,null
"2018-09-17T19:42:20.000Z",45.701965,5.883716,0,0.5,1.75,90,null
"2018-09-17T19:46:20.000Z",45.701965,5.883716,0,0.75,2,90,null
"2018-09-17T19:50:32.000Z",45.701965,5.883716,1.5,2.25,3.75,90,null
"2018-09-17T19:54:32.000Z",45.701965,5.883716,0.75,2.25,3.75,90,null
"2018-09-17T19:58:32.000Z",45.701965,5.883716,0,0.5,1.5,90,null
"2018-09-17T20:02:37.000Z",45.701965,5.883716,0,0.25,1.5,90,null
"2018-09-17T20:06:37.000Z",45.701965,5.883716,0,1.5,2.75,90,null
"2018-09-17T20:10:37.000Z",45.701965,5.883716,0,0.75,2.5,90,null
"2018-09-17T20:14:41.000Z",45.701965,5.883716,0.25,2,3.25,90,null
"2018-09-17T20:18:41.000Z",45.701965,5.883716,0,1,2,90,null
"2018-09-17T20:22:41.000Z",45.701965,5.883716,0,1.5,3.25,112.5,null
"2018-09-17T20:26:44.000Z",45.701965,5.883716,2.5,4,6,90,null
"2018-09-17T20:30:44.000Z",45.701965,5.883716,0,1.5,4.25,90,null
"2018-09-17T20:34:44.000Z",45.701965,5.883716,0,0.25,2,90,null
"2018-09-17T20:38:49.000Z",45.701965,5.883716,2.25,5,6.5,90,null
"2018-09-17T20:42:49.000Z",45.701965,5.883716,2.5,5.25,7.25,67.5,null
"2018-09-17T20:46:49.000Z",45.701965,5.883716,2,4,6.25,67.5,null
"2018-09-17T20:50:53.000Z",45.701965,5.883716,0.75,2.75,5.25,67.5,null
"2018-09-17T20:54:53.000Z",45.701965,5.883716,0.75,4.25,6.25,67.5,null
"2018-09-17T20:58:53.000Z",45.701965,5.883716,3.25,5,6.25,67.5,null
"2018-09-17T21:02:57.000Z",45.701965,5.883716,2.75,4.75,6.5,67.5,null
"2018-09-17T21:06:57.000Z",45.701965,5.883716,0,1,3.5,67.5,null
"2018-09-17T21:10:57.000Z",45.701965,5.883716,0,0.25,1.5,67.5,null
"2018-09-17T21:15:01.000Z",45.701965,5.883716,0.5,2,3.5,67.5,null
"2018-09-17T21:19:01.000Z",45.701965,5.883716,0.75,2.5,4.5,67.5,null
"2018-09-17T21:23:01.000Z",45.701965,5.883716,2,3.75,4.75,90,null
"2018-09-17T21:27:05.000Z",45.701965,5.883716,2.5,4.25,6,90,null
"2018-09-17T21:31:05.000Z",45.701965,5.883716,1.75,4,5.5,90,null
"2018-09-17T21:35:05.000Z",45.701965,5.883716,1,2.25,3.5,90,null
"2018-09-17T21:39:09.000Z",45.701965,5.883716,0.25,2.5,4.5,90,null
"2018-09-17T21:43:09.000Z",45.701965,5.883716,2.75,4,5.25,90,null
"2018-09-17T21:47:09.000Z",45.701965,5.883716,2,4.25,6.5,90,null
"2018-09-17T21:51:13.000Z",45.701965,5.883716,3.25,4.5,5.5,90,null
"2018-09-17T21:55:13.000Z",45.701965,5.883716,2.75,4.5,6.25,90,null
"2018-09-17T21:59:13.000Z",45.701965,5.883716,4.5,5.75,7,90,null
"2018-09-17T22:03:17.000Z",45.701965,5.883716,5.25,6.5,8,90,null
"2018-09-17T22:07:17.000Z",45.701965,5.883716,5.25,6.25,7.25,90,null
"2018-09-17T22:11:17.000Z",45.701965,5.883716,3.75,5,6.25,67.5,null
"2018-09-17T22:15:21.000Z",45.701965,5.883716,1,3.5,4.75,67.5,null
"2018-09-17T22:19:21.000Z",45.701965,5.883716,2.5,4.75,7,67.5,null
"2018-09-17T22:23:21.000Z",45.701965,5.883716,0.75,3.5,6.25,90,null
"2018-09-17T22:27:26.000Z",45.701965,5.883716,0,1,1.75,90,null
"2018-09-17T22:31:26.000Z",45.701965,5.883716,0,1.25,3.5,90,null
"2018-09-17T22:35:26.000Z",45.701965,5.883716,0,1.25,4.5,90,null
"2018-09-17T22:39:29.000Z",45.701965,5.883716,1,3,6.5,90,null
"2018-09-17T22:43:29.000Z",45.701965,5.883716,3.75,6.5,9,112.5,null
"2018-09-17T22:47:29.000Z",45.701965,5.883716,0.75,4.25,8,135,null
"2018-09-17T22:51:34.000Z",45.701965,5.883716,1.75,4.25,7,112.5,null
"2018-09-17T22:55:34.000Z",45.701965,5.883716,1.5,3,6,112.5,null
"2018-09-17T22:59:34.000Z",45.701965,5.883716,2.5,4.25,6.5,90,null
"2018-09-17T23:03:37.000Z",45.701965,5.883716,1,3.75,7.75,90,null
"2018-09-17T23:07:37.000Z",45.701965,5.883716,2.5,5,8,90,null
"2018-09-17T23:11:37.000Z",45.701965,5.883716,2.5,4.25,6,90,null
"2018-09-17T23:15:42.000Z",45.701965,5.883716,2.75,4.25,5.5,90,null
"2018-09-17T23:19:42.000Z",45.701965,5.883716,3.5,5,6,90,null
"2018-09-17T23:23:42.000Z",45.701965,5.883716,3.75,5,6.25,90,null
"2018-09-17T23:27:46.000Z",45.701965,5.883716,5.25,6.25,7.25,90,null
"2018-09-17T23:31:46.000Z",45.701965,5.883716,2.5,4.75,6,90,null
"2018-09-17T23:35:46.000Z",45.701965,5.883716,1,2.75,4.25,90,null
"2018-09-17T23:39:49.000Z",45.701965,5.883716,2.5,3.5,4.75,90,null
"2018-09-17T23:43:49.000Z",45.701965,5.883716,2.5,4.25,6.5,90,null
"2018-09-17T23:47:49.000Z",45.701965,5.883716,3.5,5,6.25,90,null
"2018-09-17T23:51:53.000Z",45.701965,5.883716,3.75,5,6.25,90,null
"2018-09-17T23:55:53.000Z",45.701965,5.883716,4.25,5.5,7,67.5,null
"2018-09-17T23:59:53.000Z",45.701965,5.883716,1.75,5,7.25,90,null
"2018-09-18T00:03:58.000Z",45.701965,5.883716,2.75,5.5,8.75,90,null
"2018-09-18T00:07:58.000Z",45.701965,5.883716,2.5,4,7,90,null
"2018-09-18T00:11:58.000Z",45.701965,5.883716,0.75,4.5,9,90,null
"2018-09-18T00:16:02.000Z",45.701965,5.883716,0,4,8,90,null
"2018-09-18T00:20:02.000Z",45.701965,5.883716,2,4.75,7.25,90,null
"2018-09-18T00:24:02.000Z",45.701965,5.883716,0,2.75,6,90,null
"2018-09-18T00:28:06.000Z",45.701965,5.883716,0,0.5,2.5,90,null
"2018-09-18T00:32:06.000Z",45.701965,5.883716,1,4.25,6.25,90,null
"2018-09-18T00:36:06.000Z",45.701965,5.883716,2.5,3.75,5.5,90,null
"2018-09-18T00:40:10.000Z",45.701965,5.883716,3.25,4.5,6.5,112.5,null
"2018-09-18T00:44:10.000Z",45.701965,5.883716,2.75,4,5.25,112.5,null
"2018-09-18T00:48:10.000Z",45.701965,5.883716,1.75,3,4.5,90,null
"2018-09-18T00:52:13.000Z",45.701965,5.883716,1.5,3.75,7.75,90,null
"2018-09-18T00:56:13.000Z",45.701965,5.883716,2,7,12,90,null
"2018-09-18T01:00:13.000Z",45.701965,5.883716,1.5,4.5,9,90,null
"2018-09-18T01:04:18.000Z",45.701965,5.883716,1.5,2.75,4.25,90,null
"2018-09-18T01:08:18.000Z",45.701965,5.883716,0,1.5,3.5,90,null
"2018-09-18T01:12:18.000Z",45.701965,5.883716,0.75,1.5,3.5,90,null
"2018-09-18T01:16:21.000Z",45.701965,5.883716,2.5,3.75,6,112.5,null
"2018-09-18T01:20:21.000Z",45.701965,5.883716,3.5,5.5,8,112.5,null
"2018-09-18T01:24:21.000Z",45.701965,5.883716,4.25,6.5,8,90,null
"2018-09-18T01:28:26.000Z",45.701965,5.883716,3.25,4.75,6.5,112.5,null
"2018-09-18T01:32:26.000Z",45.701965,5.883716,3.25,5.25,8,90,null
"2018-09-18T01:36:26.000Z",45.701965,5.883716,1.75,3.75,6.25,90,null
"2018-09-18T01:40:30.000Z",45.701965,5.883716,2.5,6,9.5,135,null
"2018-09-18T01:44:30.000Z",45.701965,5.883716,0.75,4.25,8,112.5,null
"2018-09-18T01:48:30.000Z",45.701965,5.883716,1.75,4,7,112.5,null
"2018-09-18T01:52:34.000Z",45.701965,5.883716,4.25,6.5,9,112.5,null
"2018-09-18T01:56:34.000Z",45.701965,5.883716,4.5,6.75,9.5,112.5,null
"2018-09-18T02:00:34.000Z",45.701965,5.883716,3.25,5.75,9.75,90,null
"2018-09-18T02:04:38.000Z",45.701965,5.883716,3.25,6.25,9.75,90,null
"2018-09-18T02:08:38.000Z",45.701965,5.883716,1,3.75,7.75,90,null
"2018-09-18T02:12:38.000Z",45.701965,5.883716,1.5,4.75,7.25,90,null
"2018-09-18T02:16:42.000Z",45.701965,5.883716,2.75,4.75,6.5,90,null
"2018-09-18T02:20:42.000Z",45.701965,5.883716,1.75,4.5,7,90,null
"2018-09-18T02:24:42.000Z",45.701965,5.883716,1.75,3.75,6,90,null
"2018-09-18T02:28:46.000Z",45.701965,5.883716,1.5,3.25,4.75,90,null
"2018-09-18T02:32:46.000Z",45.701965,5.883716,2.75,4.5,7.75,90,null
"2018-09-18T02:36:46.000Z",45.701965,5.883716,0.75,4.5,7.25,112.5,null
"2018-09-18T02:40:50.000Z",45.701965,5.883716,1.75,4.25,7,90,null
"2018-09-18T02:44:50.000Z",45.701965,5.883716,1.75,4,6.25,90,null
"2018-09-18T02:48:50.000Z",45.701965,5.883716,2,4.25,6.25,112.5,null
"2018-09-18T02:52:54.000Z",45.701965,5.883716,1.5,3.5,7.25,112.5,null
"2018-09-18T02:56:54.000Z",45.701965,5.883716,2.75,5.75,8.75,112.5,null
"2018-09-18T03:00:54.000Z",45.701965,5.883716,1.75,3,5.5,112.5,null
"2018-09-18T03:04:58.000Z",45.701965,5.883716,1.75,3.25,5.5,112.5,null
"2018-09-18T03:08:58.000Z",45.701965,5.883716,2.5,3.75,4.75,90,null
"2018-09-18T03:12:58.000Z",45.701965,5.883716,1.75,3.5,6.5,90,null
"2018-09-18T03:17:03.000Z",45.701965,5.883716,3.75,5.5,7.75,90,null
"2018-09-18T03:21:03.000Z",45.701965,5.883716,3.5,5.75,8,90,null
"2018-09-18T03:25:03.000Z",45.701965,5.883716,2,5.25,7.75,90,null
"2018-09-18T03:29:06.000Z",45.701965,5.883716,4.25,6.25,9,90,null
"2018-09-18T03:33:06.000Z",45.701965,5.883716,3.25,5.25,7,90,null
"2018-09-18T03:37:06.000Z",45.701965,5.883716,2.5,4.75,8,90,null
"2018-09-18T03:41:10.000Z",45.701965,5.883716,1,2.75,4.75,90,null
"2018-09-18T03:45:10.000Z",45.701965,5.883716,1.5,3.25,5.25,90,null
"2018-09-18T03:49:10.000Z",45.701965,5.883716,2.5,3.75,5.5,90,null
"2018-09-18T03:53:15.000Z",45.701965,5.883716,2.5,3.5,5.25,90,null
"2018-09-18T03:57:15.000Z",45.701965,5.883716,2.75,3.75,5.25,112.5,null
"2018-09-18T04:01:15.000Z",45.701965,5.883716,3.25,4.5,6.5,112.5,null
"2018-09-18T04:05:19.000Z",45.701965,5.883716,2.75,4.75,6.5,112.5,null
"2018-09-18T04:09:19.000Z",45.701965,5.883716,3.5,5,7.25,90,null
"2018-09-18T04:13:19.000Z",45.701965,5.883716,3.75,5.75,8.25,90,null
"2018-09-18T04:17:23.000Z",45.701965,5.883716,3.5,6,8.25,90,null
"2018-09-18T04:21:23.000Z",45.701965,5.883716,2.5,4,6.25,90,null
"2018-09-18T04:25:23.000Z",45.701965,5.883716,2,3,4.5,90,null
"2018-09-18T04:29:26.000Z",45.701965,5.883716,2,3.5,5.25,90,null
"2018-09-18T04:33:26.000Z",45.701965,5.883716,1.75,3.5,5.25,90,null
"2018-09-18T04:37:26.000Z",45.701965,5.883716,1.5,2.25,3.75,90,null
"2018-09-18T04:41:31.000Z",45.701965,5.883716,2.5,3.25,4.25,90,null
"2018-09-18T04:45:31.000Z",45.701965,5.883716,2.5,4,6.5,112.5,null
"2018-09-18T04:49:31.000Z",45.701965,5.883716,2.5,4.75,7.75,112.5,null
"2018-09-18T04:53:34.000Z",45.701965,5.883716,2.5,4,5.5,112.5,null
"2018-09-18T04:57:34.000Z",45.701965,5.883716,2,4.5,7.25,112.5,null
"2018-09-18T05:01:34.000Z",45.701965,5.883716,1.75,4.5,7,112.5,null
"2018-09-18T05:05:38.000Z",45.701965,5.883716,2.75,4.5,6.5,112.5,null
"2018-09-18T05:09:38.000Z",45.701965,5.883716,2.5,4.5,7.25,112.5,null
"2018-09-18T05:13:38.000Z",45.701965,5.883716,3.25,5.5,8,112.5,null
"2018-09-18T05:17:43.000Z",45.701965,5.883716,3.25,5,8.25,112.5,null
"2018-09-18T05:21:43.000Z",45.701965,5.883716,2,4.75,9.75,112.5,null
"2018-09-18T05:25:43.000Z",45.701965,5.883716,0.25,3.5,7,90,null
"2018-09-18T05:29:47.000Z",45.701965,5.883716,0.75,4.5,7.75,112.5,null
"2018-09-18T05:33:47.000Z",45.701965,5.883716,2.5,4.75,7.75,112.5,null
"2018-09-18T05:37:47.000Z",45.701965,5.883716,2.5,4.5,7.75,112.5,null
"2018-09-18T05:41:51.000Z",45.701965,5.883716,2.5,4.5,6.75,112.5,null
"2018-09-18T05:45:51.000Z",45.701965,5.883716,3.25,5.5,9,112.5,null
"2018-09-18T05:49:51.000Z",45.701965,5.883716,2.75,4.5,6,90,null
"2018-09-18T05:53:55.000Z",45.701965,5.883716,2.5,4.75,7.75,112.5,null
"2018-09-18T05:57:55.000Z",45.701965,5.883716,2,4.75,7.25,112.5,null
"2018-09-18T06:01:55.000Z",45.701965,5.883716,2,4.75,6.5,112.5,null
"2018-09-18T06:05:59.000Z",45.701965,5.883716,3.25,5,7,112.5,null
"2018-09-18T06:09:59.000Z",45.701965,5.883716,1.75,3.5,6.5,112.5,null
"2018-09-18T06:13:59.000Z",45.701965,5.883716,2.5,4.25,5.5,112.5,null
"2018-09-18T06:18:02.000Z",45.701965,5.883716,3.5,5,6.5,112.5,null
"2018-09-18T06:22:02.000Z",45.701965,5.883716,3.5,4.5,6,112.5,null
"2018-09-18T06:26:02.000Z",45.701965,5.883716,2.5,4.25,6.5,135,null
"2018-09-18T06:30:07.000Z",45.701965,5.883716,1.75,3.75,6.25,112.5,null
"2018-09-18T06:34:07.000Z",45.701965,5.883716,2.5,4.25,6.25,90,null
"2018-09-18T06:38:07.000Z",45.701965,5.883716,1.75,4,6.25,90,null
"2018-09-18T06:42:11.000Z",45.701965,5.883716,1,2.75,5.25,112.5,null
"2018-09-18T06:46:11.000Z",45.701965,5.883716,1.75,2.75,4.5,112.5,null
"2018-09-18T06:50:11.000Z",45.701965,5.883716,0,2.25,5.5,90,null
"2018-09-18T06:54:15.000Z",45.701965,5.883716,0,1.5,2.75,90,null
"2018-09-18T06:58:15.000Z",45.701965,5.883716,0,1,2.75,90,null
"2018-09-18T07:02:15.000Z",45.701965,5.883716,0,1.5,3.25,90,null
"2018-09-18T07:06:19.000Z",45.701965,5.883716,0,1.75,4.25,90,null
"2018-09-18T07:10:19.000Z",45.701965,5.883716,0,0.5,2.75,90,null
"2018-09-18T07:14:19.000Z",45.701965,5.883716,0,0.25,1.75,90,null
"2018-09-18T07:18:23.000Z",45.701965,5.883716,0,0.25,2.5,90,null
"2018-09-18T07:22:23.000Z",45.701965,5.883716,0,0,1,112.5,null
"2018-09-18T07:26:23.000Z",45.701965,5.883716,0,0,0,90,null
"2018-09-18T07:30:27.000Z",45.701965,5.883716,0,0.25,1,112.5,null
"2018-09-18T07:34:27.000Z",45.701965,5.883716,0,1.25,6.25,135,null
"2018-09-18T07:38:27.000Z",45.701965,5.883716,2.5,4.25,6.25,180,null
"2018-09-18T07:42:31.000Z",45.701965,5.883716,1,3.5,5.25,180,null
"2018-09-18T07:46:31.000Z",45.701965,5.883716,0,3.5,6,180,null
"2018-09-18T07:50:31.000Z",45.701965,5.883716,0,2.75,4.75,180,null
"2018-09-18T07:54:35.000Z",45.701965,5.883716,1.75,3.5,5.5,180,null
"2018-09-18T07:58:35.000Z",45.701965,5.883716,1.5,3.5,6,180,null
"2018-09-18T08:02:35.000Z",45.701965,5.883716,1,2.5,4.25,180,null
"2018-09-18T08:06:40.000Z",45.701965,5.883716,1,2.75,4.5,180,null
"2018-09-18T08:10:40.000Z",45.701965,5.883716,0.75,2,4.25,202.5,null
"2018-09-18T08:14:40.000Z",45.701965,5.883716,0.75,2.75,6,202.5,null
"2018-09-18T08:18:44.000Z",45.701965,5.883716,2,3.5,5,202.5,null
"2018-09-18T08:22:44.000Z",45.701965,5.883716,2,3.5,4.75,202.5,null
"2018-09-18T08:26:44.000Z",45.701965,5.883716,1,2.75,4.25,202.5,null
"2018-09-18T08:30:48.000Z",45.701965,5.883716,0,1.75,3.25,202.5,null
"2018-09-18T08:34:48.000Z",45.701965,5.883716,0,0.75,2.5,202.5,null
"2018-09-18T08:38:48.000Z",45.701965,5.883716,0,2.25,5.5,270,null
"2018-09-18T08:42:51.000Z",45.701965,5.883716,1.5,3,6,315,null
"2018-09-18T08:46:51.000Z",45.701965,5.883716,0.75,2.5,5.25,315,null
"2018-09-18T08:50:51.000Z",45.701965,5.883716,0.25,2.5,4.25,315,null
"2018-09-18T08:54:55.000Z",45.701965,5.883716,3.25,4.25,6.25,315,null
"2018-09-18T08:58:55.000Z",45.701965,5.883716,0.75,4,6,315,null
"2018-09-18T09:02:55.000Z",45.701965,5.883716,2.5,4.25,6,315,null
"2018-09-18T09:07:00.000Z",45.701965,5.883716,3.5,6.5,9,337.5,null
"2018-09-18T09:11:00.000Z",45.701965,5.883716,5.5,6.75,8.25,337.5,null
"2018-09-18T09:15:00.000Z",45.701965,5.883716,6,8,9,337.5,null
"2018-09-18T09:19:04.000Z",45.701965,5.883716,6.25,7.75,9,337.5,null
"2018-09-18T09:23:04.000Z",45.701965,5.883716,7.25,8,9,337.5,null
"2018-09-18T09:27:04.000Z",45.701965,5.883716,7.25,8.5,9.75,337.5,null
"2018-09-18T09:31:08.000Z",45.701965,5.883716,7.25,10,13,337.5,null
"2018-09-18T09:35:08.000Z",45.701965,5.883716,9.5,11.5,12,337.5,null
"2018-09-18T09:39:08.000Z",45.701965,5.883716,9,10.5,11.5,337.5,null
"2018-09-18T09:43:11.000Z",45.701965,5.883716,6,8.75,10,337.5,null
"2018-09-18T09:47:11.000Z",45.701965,5.883716,6,7.25,8.75,337.5,null
"2018-09-18T09:51:11.000Z",45.701965,5.883716,6.25,7,8,337.5,null
"2018-09-18T09:55:16.000Z",45.701965,5.883716,6.25,7,8,337.5,null
"2018-09-18T09:59:16.000Z",45.701965,5.883716,6,8,9.5,337.5,null
"2018-09-18T10:03:16.000Z",45.701965,5.883716,7.25,9,10,315,null
"2018-09-18T10:07:20.000Z",45.701965,5.883716,7.25,10,11.5,315,null
"2018-09-18T10:11:20.000Z",45.701965,5.883716,7.25,9,10.5,315,null
"2018-09-18T10:15:20.000Z",45.701965,5.883716,6,7.75,9.5,315,null
"2018-09-18T10:19:24.000Z",45.701965,5.883716,5.5,6.75,7.25,337.5,null
"2018-09-18T10:23:24.000Z",45.701965,5.883716,4.5,5.75,7,337.5,null
"2018-09-18T10:27:24.000Z",45.701965,5.883716,4.25,5,7,337.5,null
"2018-09-18T10:31:28.000Z",45.701965,5.883716,3.75,5,6.25,337.5,null
"2018-09-18T10:35:28.000Z",45.701965,5.883716,1,2.25,4.25,337.5,null
"2018-09-18T10:39:28.000Z",45.701965,5.883716,2.5,5.5,7.25,292.5,null
"2018-09-18T10:43:32.000Z",45.701965,5.883716,2.75,4.25,5.5,292.5,null
"2018-09-18T10:47:32.000Z",45.701965,5.883716,2.75,4.5,5.5,292.5,null
"2018-09-18T10:51:32.000Z",45.701965,5.883716,1.75,2.75,4.5,270,null
"2018-09-18T10:55:36.000Z",45.701965,5.883716,2.5,4.25,6.25,270,null
"2018-09-18T10:59:36.000Z",45.701965,5.883716,2.75,3.5,4.5,270,null
"2018-09-18T11:03:36.000Z",45.701965,5.883716,0.25,2.25,4.25,270,null
"2018-09-18T11:07:40.000Z",45.701965,5.883716,0,0.75,1.5,270,null
"2018-09-18T11:11:40.000Z",45.701965,5.883716,0.75,1.75,3.5,270,null
"2018-09-18T11:15:40.000Z",45.701965,5.883716,1,2.75,4.25,270,null
"2018-09-18T11:19:44.000Z",45.701965,5.883716,0,0.25,1.5,270,null
"2018-09-18T11:23:44.000Z",45.701965,5.883716,0,0.5,1.75,270,null
"2018-09-18T11:27:44.000Z",45.701965,5.883716,0,0,0,270,null
"2018-09-18T11:31:48.000Z",45.701965,5.883716,0,0,0,270,null
"2018-09-18T11:35:48.000Z",45.701965,5.883716,0,0.5,1.5,292.5,null
"2018-09-18T11:39:48.000Z",45.701965,5.883716,0.25,1,1.75,292.5,null
"2018-09-18T11:43:52.000Z",45.701965,5.883716,0.75,2,5.25,292.5,null
"2018-09-18T11:47:52.000Z",45.701965,5.883716,3.5,5.75,6.5,292.5,null
"2018-09-18T11:51:52.000Z",45.701965,5.883716,4.25,5.5,6.25,315,null
"2018-09-18T11:55:57.000Z",45.701965,5.883716,5.25,6.75,8.25,315,null
"2018-09-18T11:59:57.000Z",45.701965,5.883716,3.75,5.25,6.5,315,null
"2018-09-18T12:03:57.000Z",45.701965,5.883716,4.25,6,7,337.5,null
"2018-09-18T12:08:00.000Z",45.701965,5.883716,3.75,4.75,6.5,337.5,null
"2018-09-18T12:12:00.000Z",45.701965,5.883716,2,3,4.5,337.5,null
"2018-09-18T12:16:00.000Z",45.701965,5.883716,2,3.25,4.25,337.5,null
"2018-09-18T12:20:05.000Z",45.701965,5.883716,1.5,3,5.25,337.5,null
"2018-09-18T12:24:05.000Z",45.701965,5.883716,4.75,6.5,8,337.5,null
"2018-09-18T12:28:05.000Z",45.701965,5.883716,4.5,6.25,8,315,null
"2018-09-18T12:32:08.000Z",45.701965,5.883716,5.5,7.5,9.75,337.5,null
"2018-09-18T12:36:08.000Z",45.701965,5.883716,4.25,6.75,9.5,337.5,null
"2018-09-18T12:40:08.000Z",45.701965,5.883716,4.25,6.75,8.25,315,null
"2018-09-18T12:44:13.000Z",45.701965,5.883716,5.5,7.25,8.75,315,null
"2018-09-18T12:48:13.000Z",45.701965,5.883716,5.25,6.75,8.75,315,null
"2018-09-18T12:52:13.000Z",45.701965,5.883716,4.75,6.25,7.75,315,null
"2018-09-18T12:56:17.000Z",45.701965,5.883716,6.25,7.5,8.75,315,null
"2018-09-18T13:00:17.000Z",45.701965,5.883716,7,8.25,8.75,315,null
"2018-09-18T13:04:17.000Z",45.701965,5.883716,7,8,9,315,null
"2018-09-18T13:08:20.000Z",45.701965,5.883716,7.25,8.25,9.75,315,null
"2018-09-18T13:12:20.000Z",45.701965,5.883716,6,7.25,8.75,315,null
"2018-09-18T13:16:20.000Z",45.701965,5.883716,4.5,5.75,6.5,315,null
"2018-09-18T13:20:25.000Z",45.701965,5.883716,3.5,4,4.75,337.5,null
"2018-09-18T13:24:25.000Z",45.701965,5.883716,3.5,4.25,6,315,null
"2018-09-18T13:28:25.000Z",45.701965,5.883716,2.5,5.25,7.25,315,null
"2018-09-18T13:32:28.000Z",45.701965,5.883716,1.5,2.25,4.25,315,null
"2018-09-18T13:36:28.000Z",45.701965,5.883716,2,3.5,4.5,315,null
"2018-09-18T13:40:28.000Z",45.701965,5.883716,0,0.75,2,315,null
"2018-09-18T13:44:33.000Z",45.701965,5.883716,0,3.25,6,315,null
"2018-09-18T13:48:33.000Z",45.701965,5.883716,0.75,2,4.5,292.5,null
"2018-09-18T13:52:33.000Z",45.701965,5.883716,0.25,1,3.5,292.5,null
"2018-09-18T13:56:37.000Z",45.701965,5.883716,4.5,6.25,7.25,270,null
"2018-09-18T14:00:37.000Z",45.701965,5.883716,0,3.25,6.25,247.5,null
"2018-09-18T14:04:37.000Z",45.701965,5.883716,0,0.5,3.5,247.5,null
"2018-09-18T14:08:41.000Z",45.701965,5.883716,0,0.25,2.25,247.5,null
"2018-09-18T14:12:41.000Z",45.701965,5.883716,0,4.75,9,270,null
"2018-09-18T14:16:41.000Z",45.701965,5.883716,0,1.5,3.5,270,null
"2018-09-18T14:20:45.000Z",45.701965,5.883716,2.5,6.5,9.5,202.5,null
"2018-09-18T14:24:45.000Z",45.701965,5.883716,0,3.75,7.25,225,null
"2018-09-18T14:28:45.000Z",45.701965,5.883716,2.75,6.25,9,225,null
"2018-09-18T14:32:49.000Z",45.701965,5.883716,4.25,6.5,8.75,202.5,null
"2018-09-18T14:36:49.000Z",45.701965,5.883716,0,1.75,4.5,202.5,null
"2018-09-18T14:40:49.000Z",45.701965,5.883716,0.75,3,6,247.5,null
"2018-09-18T14:44:53.000Z",45.701965,5.883716,0.25,3.25,5.25,247.5,null
"2018-09-18T14:48:53.000Z",45.701965,5.883716,0,0.75,3.75,247.5,null
"2018-09-18T14:52:53.000Z",45.701965,5.883716,0,0.25,1.75,247.5,null
"2018-09-18T14:56:57.000Z",45.701965,5.883716,0,1.25,3.25,202.5,null
"2018-09-18T15:00:57.000Z",45.701965,5.883716,0,1.75,3.25,202.5,null
"2018-09-18T15:04:57.000Z",45.701965,5.883716,0,0.75,3.5,202.5,null
"2018-09-18T15:09:01.000Z",45.701965,5.883716,2,3,3.75,202.5,null
"2018-09-18T15:13:01.000Z",45.701965,5.883716,1,3,6,225,null
"2018-09-18T15:17:01.000Z",45.701965,5.883716,0,0.75,3.25,247.5,null
"2018-09-18T15:21:05.000Z",45.701965,5.883716,0,0.25,1,225,null
"2018-09-18T15:25:05.000Z",45.701965,5.883716,0,0,1,225,null
"2018-09-18T15:29:05.000Z",45.701965,5.883716,1.75,4,5.5,247.5,null
"2018-09-18T15:33:09.000Z",45.701965,5.883716,2.75,4.5,7,247.5,null
"2018-09-18T15:37:09.000Z",45.701965,5.883716,0,0.5,2.75,270,null
"2018-09-18T15:41:09.000Z",45.701965,5.883716,0,2,3.75,247.5,null
"2018-09-18T15:45:13.000Z",45.701965,5.883716,0,1.5,7,292.5,null
"2018-09-18T15:49:13.000Z",45.701965,5.883716,0.75,3.25,6.25,292.5,null
"2018-09-18T15:53:13.000Z",45.701965,5.883716,0,1,2,292.5,null
"2018-09-18T15:57:17.000Z",45.701965,5.883716,0,0,0,292.5,null
"2018-09-18T16:01:17.000Z",45.701965,5.883716,0,0,0,292.5,null
"2018-09-18T16:05:17.000Z",45.701965,5.883716,0,0,1,292.5,null
"2018-09-18T16:09:21.000Z",45.701965,5.883716,1,2,2.5,292.5,null
"2018-09-18T16:13:21.000Z",45.701965,5.883716,0,0,1,292.5,null
"2018-09-18T16:17:21.000Z",45.701965,5.883716,0,0.25,8,247.5,null
"2018-09-18T16:21:25.000Z",45.701965,5.883716,7.25,9.75,13.5,225,null
"2018-09-18T16:25:25.000Z",45.701965,5.883716,0,5,9.75,247.5,null
"2018-09-18T16:29:25.000Z",45.701965,5.883716,0,3.75,13.5,270,null
"2018-09-18T16:33:30.000Z",45.701965,5.883716,0,3,10.5,247.5,null
"2018-09-18T16:37:30.000Z",45.701965,5.883716,0,7,20.5,315,null
"2018-09-18T16:41:30.000Z",45.701965,5.883716,0,8.5,15,292.5,null
"2018-09-18T16:45:34.000Z",45.701965,5.883716,1.75,8,13.5,225,null
"2018-09-18T16:49:34.000Z",45.701965,5.883716,0,10,25,315,null
"2018-09-18T16:53:34.000Z",45.701965,5.883716,4.25,17.5,26,292.5,null
"2018-09-18T16:57:37.000Z",45.701965,5.883716,14.5,22,31,292.5,null
"2018-09-18T17:01:37.000Z",45.701965,5.883716,15,24.5,30.5,270,null
"2018-09-18T17:05:37.000Z",45.701965,5.883716,12,21,30.5,270,null
"2018-09-18T17:09:41.000Z",45.701965,5.883716,16,22,28,270,null
"2018-09-18T17:13:41.000Z",45.701965,5.883716,10.5,16,22.5,270,null
"2018-09-18T17:17:41.000Z",45.701965,5.883716,17.5,22.5,28,270,null
"2018-09-18T17:21:45.000Z",45.701965,5.883716,16,21.5,26,270,null
"2018-09-18T17:25:45.000Z",45.701965,5.883716,14,18,22,270,null
"2018-09-18T17:29:45.000Z",45.701965,5.883716,12,17.5,21,270,null
"2018-09-18T17:33:49.000Z",45.701965,5.883716,13,18,23.5,270,null
"2018-09-18T17:37:49.000Z",45.701965,5.883716,9.75,16.5,22.5,270,null
"2018-09-18T17:41:49.000Z",45.701965,5.883716,11,15.5,21,270,null
"2018-09-18T17:45:54.000Z",45.701965,5.883716,16.5,23,29,270,null
"2018-09-18T17:49:54.000Z",45.701965,5.883716,11,19.5,25.5,270,null
"2018-09-18T17:53:54.000Z",45.701965,5.883716,12,19.5,28,270,null
"2018-09-18T17:57:57.000Z",45.701965,5.883716,9.5,18,30.5,292.5,null
"2018-09-18T18:01:57.000Z",45.701965,5.883716,9.5,17,22.5,270,null
"2018-09-18T18:05:57.000Z",45.701965,5.883716,12,17.5,25,270,null
"2018-09-18T18:10:02.000Z",45.701965,5.883716,11,16.5,22.5,247.5,null
"2018-09-18T18:14:02.000Z",45.701965,5.883716,5.25,12.5,21.5,202.5,null
"2018-09-18T18:18:02.000Z",45.701965,5.883716,1.75,6.25,12.5,180,null
"2018-09-18T18:22:06.000Z",45.701965,5.883716,0.25,5.25,10,202.5,null
"2018-09-18T18:26:06.000Z",45.701965,5.883716,0,1.75,6.25,202.5,null
"2018-09-18T18:30:06.000Z",45.701965,5.883716,0,2.5,7,22.5,null
"2018-09-18T18:34:09.000Z",45.701965,5.883716,0,0.25,1,0,null
"2018-09-18T18:38:09.000Z",45.701965,5.883716,0,0,1,0,null
"2018-09-18T18:42:09.000Z",45.701965,5.883716,0,1.75,5.25,292.5,null
"2018-09-18T18:46:13.000Z",45.701965,5.883716,1.5,3.75,6,270,null
"2018-09-18T18:50:13.000Z",45.701965,5.883716,0,1.75,4.5,270,null
"2018-09-18T18:54:13.000Z",45.701965,5.883716,0,0,0,270,null
"2018-09-18T18:58:17.000Z",45.701965,5.883716,0,0,0.25,270,null
"2018-09-18T19:02:17.000Z",45.701965,5.883716,0,0,0.75,270,null
"2018-09-18T19:06:17.000Z",45.701965,5.883716,0,0.25,1,247.5,null
"2018-09-18T19:10:22.000Z",45.701965,5.883716,0,0,0.5,247.5,null
"2018-09-18T19:14:22.000Z",45.701965,5.883716,0,0.75,3.75,157.5,null
"2018-09-18T19:18:22.000Z",45.701965,5.883716,0,0.75,1.75,157.5,null
"2018-09-18T19:22:26.000Z",45.701965,5.883716,0,0.75,6.5,157.5,null
"2018-09-18T19:26:26.000Z",45.701965,5.883716,1,2,5.25,135,null
"2018-09-18T19:30:26.000Z",45.701965,5.883716,0.25,1.5,2.75,135,null
"2018-09-18T19:34:30.000Z",45.701965,5.883716,0,2.25,6,135,null
"2018-09-18T19:38:30.000Z",45.701965,5.883716,0.75,2.5,5.5,157.5,null
"2018-09-18T19:42:30.000Z",45.701965,5.883716,0,0.75,3.5,157.5,null
"2018-09-18T19:47:10.000Z",45.701965,5.883716,0,0.25,2.5,157.5,null
"2018-09-18T19:51:10.000Z",45.701965,5.883716,0,0.5,2.5,157.5,null
"2018-09-18T19:55:10.000Z",45.701965,5.883716,0.25,1,1.75,157.5,null
"2018-09-18T19:59:13.000Z",45.701965,5.883716,0.25,1,2,157.5,null
"2018-09-18T20:03:13.000Z",45.701965,5.883716,1.5,3,6,135,null
"2018-09-18T20:07:13.000Z",45.701965,5.883716,3.25,4.75,7.75,90,null
"2018-09-18T20:11:18.000Z",45.701965,5.883716,1.75,5,8,90,null
"2018-09-18T20:15:18.000Z",45.701965,5.883716,2,4.5,7.25,112.5,null
"2018-09-18T20:19:18.000Z",45.701965,5.883716,1.75,3.75,6.25,90,null
"2018-09-18T20:23:22.000Z",45.701965,5.883716,1.75,3.25,4.75,90,null
"2018-09-18T20:27:22.000Z",45.701965,5.883716,1.5,3,7.25,112.5,null
"2018-09-18T20:31:22.000Z",45.701965,5.883716,1.75,4,6,112.5,null
"2018-09-18T20:35:26.000Z",45.701965,5.883716,2,4,5.5,112.5,null
"2018-09-18T20:39:26.000Z",45.701965,5.883716,0.25,2.25,4.5,112.5,null
"2018-09-18T20:43:26.000Z",45.701965,5.883716,0,0.25,3.5,90,null
"2018-09-18T20:47:30.000Z",45.701965,5.883716,0,0.5,2.75,90,null
"2018-09-18T20:51:30.000Z",45.701965,5.883716,1.5,3,5.5,90,null
"2018-09-18T20:55:30.000Z",45.701965,5.883716,2.75,5.75,8.25,90,null
"2018-09-18T20:59:34.000Z",45.701965,5.883716,3.25,6.25,10,90,null
"2018-09-18T21:03:34.000Z",45.701965,5.883716,1.75,3.5,8,90,null
"2018-09-18T21:07:34.000Z",45.701965,5.883716,2,4.25,6.5,112.5,null
"2018-09-18T21:11:38.000Z",45.701965,5.883716,2.75,4.5,6.25,112.5,null
"2018-09-18T21:15:38.000Z",45.701965,5.883716,3.25,5.25,10.5,90,null
"2018-09-18T21:19:38.000Z",45.701965,5.883716,3.25,5.75,8.75,90,null
"2018-09-18T21:23:42.000Z",45.701965,5.883716,3.75,5.5,7.25,67.5,null
"2018-09-18T21:27:42.000Z",45.701965,5.883716,3.25,4.75,6.25,67.5,null
"2018-09-18T21:31:42.000Z",45.701965,5.883716,2.75,4.25,6.5,67.5,null
"2018-09-18T21:35:47.000Z",45.701965,5.883716,1.75,3.25,4.5,67.5,null
"2018-09-18T21:39:47.000Z",45.701965,5.883716,2,4.25,6,67.5,null
"2018-09-18T21:43:47.000Z",45.701965,5.883716,2,3.75,5.5,67.5,null
"2018-09-18T21:47:50.000Z",45.701965,5.883716,2,4.25,6.25,67.5,null
"2018-09-18T21:51:50.000Z",45.701965,5.883716,0,1.25,5.25,90,null
"2018-09-18T21:55:50.000Z",45.701965,5.883716,0,1.5,2.75,90,null
"2018-09-18T21:59:54.000Z",45.701965,5.883716,0,0.75,2.75,90,null
"2018-09-18T22:03:54.000Z",45.701965,5.883716,2.5,3,4.25,67.5,null
"2018-09-18T22:07:54.000Z",45.701965,5.883716,1.75,2.75,4.25,67.5,null
"2018-09-18T22:11:59.000Z",45.701965,5.883716,2,3.5,4.5,67.5,null
"2018-09-18T22:15:59.000Z",45.701965,5.883716,2,3,4.25,67.5,null
"2018-09-18T22:19:59.000Z",45.701965,5.883716,0,1,5.25,67.5,null
"2018-09-18T22:24:03.000Z",45.701965,5.883716,0,0,0,67.5,null
"2018-09-18T22:28:03.000Z",45.701965,5.883716,0,0,0.75,67.5,null
"2018-09-18T22:32:03.000Z",45.701965,5.883716,1.5,4.75,7,135,null
"2018-09-18T22:36:07.000Z",45.701965,5.883716,1.5,3,5.25,135,null
"2018-09-18T22:40:07.000Z",45.701965,5.883716,0.75,2.75,4.5,112.5,null
"2018-09-18T22:44:07.000Z",45.701965,5.883716,2,4,5.25,112.5,null
"2018-09-18T22:48:11.000Z",45.701965,5.883716,0.25,3,6.25,112.5,null
"2018-09-18T22:52:11.000Z",45.701965,5.883716,0.25,3,5.25,112.5,null
"2018-09-18T22:56:11.000Z",45.701965,5.883716,0,2.75,6.25,112.5,null
"2018-09-18T23:00:15.000Z",45.701965,5.883716,0,2,3.5,112.5,null
"2018-09-18T23:04:15.000Z",45.701965,5.883716,0.75,2.75,4.5,112.5,null
"2018-09-18T23:08:15.000Z",45.701965,5.883716,0.75,3,5.25,112.5,null
"2018-09-18T23:12:18.000Z",45.701965,5.883716,2,3.75,6.25,112.5,null
"2018-09-18T23:16:18.000Z",45.701965,5.883716,0.75,2.5,5.25,135,null
"2018-09-18T23:20:18.000Z",45.701965,5.883716,0.75,1.5,2.5,135,null
"2018-09-18T23:24:23.000Z",45.701965,5.883716,0.25,2,3.75,135,null
"2018-09-18T23:28:23.000Z",45.701965,5.883716,1.75,3,4.75,112.5,null
"2018-09-18T23:32:23.000Z",45.701965,5.883716,1.75,3.75,6,112.5,null
"2018-09-18T23:36:27.000Z",45.701965,5.883716,1.75,3.25,5.5,90,null
"2018-09-18T23:40:27.000Z",45.701965,5.883716,1,2.5,4.25,90,null
"2018-09-18T23:44:27.000Z",45.701965,5.883716,1.75,3,3.75,90,null
"2018-09-18T23:48:31.000Z",45.701965,5.883716,1.5,3.75,6,90,null
"2018-09-18T23:52:31.000Z",45.701965,5.883716,1,3.25,4.25,90,null
"2018-09-18T23:56:31.000Z",45.701965,5.883716,1,3.25,4.75,90,null
"2018-09-19T00:00:34.000Z",45.701965,5.883716,1.5,2.25,3.5,90,null
"2018-09-19T00:04:34.000Z",45.701965,5.883716,1,3.75,5.5,90,null
"2018-09-19T00:08:34.000Z",45.701965,5.883716,1.5,3,4.75,90,null
"2018-09-19T00:12:39.000Z",45.701965,5.883716,1.75,3.25,4.5,90,null
"2018-09-19T00:16:39.000Z",45.701965,5.883716,1,2.5,4.75,90,null
"2018-09-19T00:20:39.000Z",45.701965,5.883716,1.75,3.5,4.75,90,null
"2018-09-19T00:24:43.000Z",45.701965,5.883716,2.75,4.5,5.5,90,null
"2018-09-19T00:28:43.000Z",45.701965,5.883716,2,4.5,6,90,null
"2018-09-19T00:32:43.000Z",45.701965,5.883716,2.5,4.25,6.25,90,null
"2018-09-19T00:36:47.000Z",45.701965,5.883716,1,3.75,6.5,90,null
"2018-09-19T00:40:47.000Z",45.701965,5.883716,0.75,4,6,90,null
"2018-09-19T00:44:47.000Z",45.701965,5.883716,2.5,3.5,6,90,null
"2018-09-19T00:48:51.000Z",45.701965,5.883716,2,3.5,5.25,90,null
"2018-09-19T00:52:51.000Z",45.701965,5.883716,2.5,4.5,6.25,90,null
"2018-09-19T00:56:51.000Z",45.701965,5.883716,2,4.5,6,67.5,null
"2018-09-19T01:00:55.000Z",45.701965,5.883716,1,3.75,6,67.5,null
"2018-09-19T01:04:55.000Z",45.701965,5.883716,2,3.75,4.75,67.5,null
"2018-09-19T01:08:55.000Z",45.701965,5.883716,1,3,4.75,67.5,null
"2018-09-19T01:12:59.000Z",45.701965,5.883716,1.5,3.25,4.75,67.5,null
"2018-09-19T01:16:59.000Z",45.701965,5.883716,2.5,4,5.5,90,null
"2018-09-19T01:20:59.000Z",45.701965,5.883716,1.5,2.25,3.25,90,null
"2018-09-19T01:25:03.000Z",45.701965,5.883716,2.75,4,5.25,90,null
"2018-09-19T01:29:03.000Z",45.701965,5.883716,1,3,4.75,90,null
"2018-09-19T01:33:03.000Z",45.701965,5.883716,1.5,2.5,5.25,90,null
"2018-09-19T01:37:07.000Z",45.701965,5.883716,2.75,4,6,90,null
"2018-09-19T01:41:07.000Z",45.701965,5.883716,2.5,4.25,6.25,112.5,null
"2018-09-19T01:45:07.000Z",45.701965,5.883716,3.5,5.25,7.75,112.5,null
"2018-09-19T01:49:11.000Z",45.701965,5.883716,2.75,4.75,7.25,112.5,null
"2018-09-19T01:53:11.000Z",45.701965,5.883716,2.5,4.25,7,112.5,null
"2018-09-19T01:57:11.000Z",45.701965,5.883716,4.25,5.5,7.75,90,null
"2018-09-19T02:01:16.000Z",45.701965,5.883716,2.75,5.25,7.75,90,null
"2018-09-19T02:05:16.000Z",45.701965,5.883716,4.25,5.5,7,90,null
"2018-09-19T02:09:16.000Z",45.701965,5.883716,3.5,4.75,6.25,90,null
"2018-09-19T02:13:19.000Z",45.701965,5.883716,3.25,4.75,7.25,90,null
"2018-09-19T02:17:19.000Z",45.701965,5.883716,2,4.5,7.75,90,null
"2018-09-19T02:21:19.000Z",45.701965,5.883716,2.5,4.25,6,90,null
"2018-09-19T02:25:24.000Z",45.701965,5.883716,1.5,3,4.5,90,null
"2018-09-19T02:29:24.000Z",45.701965,5.883716,1,2.75,5.25,90,null
"2018-09-19T02:33:24.000Z",45.701965,5.883716,3.5,4.5,6,90,null
"2018-09-19T02:37:28.000Z",45.701965,5.883716,3.5,4.75,6.5,90,null
"2018-09-19T02:41:28.000Z",45.701965,5.883716,2.75,5.25,6.5,90,null
"2018-09-19T02:45:28.000Z",45.701965,5.883716,2.75,5.25,8,90,null
"2018-09-19T02:49:32.000Z",45.701965,5.883716,2,3.5,5.5,90,null
"2018-09-19T02:53:32.000Z",45.701965,5.883716,0,0.5,2.5,90,null
"2018-09-19T02:57:32.000Z",45.701965,5.883716,1.75,3,4.75,90,null
"2018-09-19T03:01:36.000Z",45.701965,5.883716,2,4,5.5,90,null
"2018-09-19T03:05:36.000Z",45.701965,5.883716,1.5,2.5,3.75,90,null
"2018-09-19T03:09:36.000Z",45.701965,5.883716,1.5,3,4.5,90,null
"2018-09-19T03:13:40.000Z",45.701965,5.883716,2,3,4.5,90,null
"2018-09-19T03:17:40.000Z",45.701965,5.883716,2.5,4.25,7.25,90,null
"2018-09-19T03:21:40.000Z",45.701965,5.883716,3.25,6,8.25,90,null
"2018-09-19T03:25:43.000Z",45.701965,5.883716,0.25,3.5,7.75,90,null
"2018-09-19T03:29:43.000Z",45.701965,5.883716,0.75,3,6,90,null
"2018-09-19T03:33:43.000Z",45.701965,5.883716,2.75,4.25,6,112.5,null
"2018-09-19T03:37:48.000Z",45.701965,5.883716,2.5,4.5,7,112.5,null
"2018-09-19T03:41:48.000Z",45.701965,5.883716,2,4.25,7.25,90,null
"2018-09-19T03:45:48.000Z",45.701965,5.883716,2.5,5,8,90,null
"2018-09-19T03:49:51.000Z",45.701965,5.883716,1.75,4,7.25,90,null
"2018-09-19T03:53:51.000Z",45.701965,5.883716,2.5,5.25,8,112.5,null
"2018-09-19T03:57:51.000Z",45.701965,5.883716,2.75,5.25,8,112.5,null
"2018-09-19T04:01:56.000Z",45.701965,5.883716,3.5,6,9.5,112.5,null
"2018-09-19T04:05:56.000Z",45.701965,5.883716,2,5.5,9,112.5,null
"2018-09-19T04:09:56.000Z",45.701965,5.883716,0.25,3.75,8,112.5,null
"2018-09-19T04:13:59.000Z",45.701965,5.883716,2.75,4.5,7,112.5,null
"2018-09-19T04:17:59.000Z",45.701965,5.883716,2.75,4.75,7.75,112.5,null
"2018-09-19T04:21:59.000Z",45.701965,5.883716,1.75,3.75,8,90,null
"2018-09-19T04:26:04.000Z",45.701965,5.883716,1,3.25,7,112.5,null
"2018-09-19T04:30:04.000Z",45.701965,5.883716,2.75,5,7.25,135,null
"2018-09-19T04:34:04.000Z",45.701965,5.883716,2.5,4.75,6.5,112.5,null
"2018-09-19T04:38:08.000Z",45.701965,5.883716,2,3.5,6.5,90,null
"2018-09-19T04:42:08.000Z",45.701965,5.883716,1,4.25,7.75,112.5,null
"2018-09-19T04:46:08.000Z",45.701965,5.883716,1.75,5,8.25,112.5,null
"2018-09-19T04:50:12.000Z",45.701965,5.883716,1.75,3.5,6.25,112.5,null
"2018-09-19T04:54:12.000Z",45.701965,5.883716,1.75,2.5,3.75,112.5,null
"2018-09-19T04:58:12.000Z",45.701965,5.883716,0.75,2.5,4.25,112.5,null
"2018-09-19T05:02:16.000Z",45.701965,5.883716,0,1.25,2.5,112.5,null
"2018-09-19T05:06:16.000Z",45.701965,5.883716,1,2.75,4.25,112.5,null
"2018-09-19T05:10:16.000Z",45.701965,5.883716,2.75,3.25,5.5,112.5,null
"2018-09-19T05:14:20.000Z",45.701965,5.883716,1,4.25,6.25,90,null
"2018-09-19T05:18:20.000Z",45.701965,5.883716,0.75,2.25,5.25,90,null
"2018-09-19T05:22:20.000Z",45.701965,5.883716,0,1,5.25,90,null
"2018-09-19T05:26:24.000Z",45.701965,5.883716,2.75,4.25,6.25,112.5,null
"2018-09-19T05:30:24.000Z",45.701965,5.883716,0,4,7.75,112.5,null
"2018-09-19T05:34:24.000Z",45.701965,5.883716,1,4.25,7.75,112.5,null
"2018-09-19T05:38:28.000Z",45.701965,5.883716,2,4.25,6.5,112.5,null
"2018-09-19T05:42:28.000Z",45.701965,5.883716,1,4.5,7.25,112.5,null
"2018-09-19T05:46:28.000Z",45.701965,5.883716,1,3.5,6,112.5,null
"2018-09-19T05:50:32.000Z",45.701965,5.883716,0,2.75,8.25,135,null
"2018-09-19T05:54:32.000Z",45.701965,5.883716,0,2,5.5,135,null
"2018-09-19T05:58:32.000Z",45.701965,5.883716,0.75,3.25,6,112.5,null
"2018-09-19T06:02:37.000Z",45.701965,5.883716,1.5,4.75,8.75,112.5,null
"2018-09-19T06:06:37.000Z",45.701965,5.883716,1,3.5,6,112.5,null
"2018-09-19T06:10:37.000Z",45.701965,5.883716,1.75,4,6.5,112.5,null
"2018-09-19T06:14:40.000Z",45.701965,5.883716,1,4,8.5,112.5,null
"2018-09-19T06:18:40.000Z",45.701965,5.883716,2.75,4.25,5.5,90,null
"2018-09-19T06:22:40.000Z",45.701965,5.883716,1.5,3.5,6.5,112.5,null
"2018-09-19T06:26:45.000Z",45.701965,5.883716,2,4,6.25,112.5,null
"2018-09-19T06:30:45.000Z",45.701965,5.883716,2,3.75,8.25,112.5,null
"2018-09-19T06:34:45.000Z",45.701965,5.883716,2,4,8,112.5,null
"2018-09-19T06:38:49.000Z",45.701965,5.883716,1.75,3.25,7,90,null
"2018-09-19T06:42:49.000Z",45.701965,5.883716,1.75,3.25,6.25,90,null
"2018-09-19T06:46:49.000Z",45.701965,5.883716,0,1.25,3.25,90,null
"2018-09-19T06:50:52.000Z",45.701965,5.883716,0,0.25,1,112.5,null
"2018-09-19T06:54:52.000Z",45.701965,5.883716,0,0.25,2,90,null
"2018-09-19T06:58:52.000Z",45.701965,5.883716,0,0.25,1.75,90,null
"2018-09-19T07:02:57.000Z",45.701965,5.883716,0,0.75,3.5,90,null
"2018-09-19T07:06:57.000Z",45.701965,5.883716,0.25,2.5,4.75,90,null
"2018-09-19T07:10:57.000Z",45.701965,5.883716,1.5,3.5,5.25,90,null
"2018-09-19T07:15:01.000Z",45.701965,5.883716,0.75,3.25,5.25,67.5,null
"2018-09-19T07:19:01.000Z",45.701965,5.883716,1.5,3.75,7.25,90,null
"2018-09-19T07:23:01.000Z",45.701965,5.883716,1.75,6,11,90,null
"2018-09-19T07:27:05.000Z",45.701965,5.883716,3.25,7,12,90,null
"2018-09-19T07:31:05.000Z",45.701965,5.883716,2,6,11,90,null
"2018-09-19T07:35:05.000Z",45.701965,5.883716,4.25,6.5,11,90,null
"2018-09-19T07:39:09.000Z",45.701965,5.883716,3.25,6.25,9,67.5,null
"2018-09-19T07:43:09.000Z",45.701965,5.883716,0.75,4.25,9.75,67.5,null
"2018-09-19T07:47:09.000Z",45.701965,5.883716,0.75,3.75,8,90,null
"2018-09-19T07:51:12.000Z",45.701965,5.883716,0.5,2.5,7.75,112.5,null
"2018-09-19T07:55:12.000Z",45.701965,5.883716,0.75,3,5.25,112.5,null
"2018-09-19T07:59:12.000Z",45.701965,5.883716,1.75,5.5,11,90,null
"2018-09-19T08:03:17.000Z",45.701965,5.883716,0,2,5.5,112.5,null
"2018-09-19T08:07:17.000Z",45.701965,5.883716,0,1.75,4.25,112.5,null
"2018-09-19T08:11:17.000Z",45.701965,5.883716,1,4,8.25,157.5,null
"2018-09-19T08:15:20.000Z",45.701965,5.883716,3.5,7,9.75,180,null
"2018-09-19T08:19:20.000Z",45.701965,5.883716,4.25,7.25,9.5,202.5,null
"2018-09-19T08:23:20.000Z",45.701965,5.883716,4.75,7,9.5,202.5,null
"2018-09-19T08:27:25.000Z",45.701965,5.883716,5.5,8.75,10.5,202.5,null
"2018-09-19T08:31:25.000Z",45.701965,5.883716,7,9.5,11.5,180,null
"2018-09-19T08:35:25.000Z",45.701965,5.883716,4.25,8.5,11,202.5,null
"2018-09-19T08:39:29.000Z",45.701965,5.883716,5.25,8.25,9.75,202.5,null
"2018-09-19T08:43:29.000Z",45.701965,5.883716,4.75,6.5,7.75,202.5,null
"2018-09-19T08:47:29.000Z",45.701965,5.883716,4.75,6.25,7.25,225,null
"2018-09-19T08:51:33.000Z",45.701965,5.883716,3.25,5.25,6.5,225,null
"2018-09-19T08:55:33.000Z",45.701965,5.883716,3.5,4.5,6,225,null
"2018-09-19T08:59:33.000Z",45.701965,5.883716,3.25,4.5,6.25,225,null
"2018-09-19T09:03:37.000Z",45.701965,5.883716,4.75,5.75,7,225,null
"2018-09-19T09:07:37.000Z",45.701965,5.883716,4.5,5.75,6.5,225,null
"2018-09-19T09:11:37.000Z",45.701965,5.883716,3.75,4.75,5.5,225,null
"2018-09-19T09:15:40.000Z",45.701965,5.883716,3.75,5,6.25,225,null
"2018-09-19T09:19:40.000Z",45.701965,5.883716,3.25,4.25,6,202.5,null
"2018-09-19T09:23:40.000Z",45.701965,5.883716,2.5,4,5.25,202.5,null
"2018-09-19T09:27:45.000Z",45.701965,5.883716,3.25,4.25,5.75,202.5,null
"2018-09-19T09:31:45.000Z",45.701965,5.883716,3.25,4.25,5.5,202.5,null
"2018-09-19T09:35:45.000Z",45.701965,5.883716,2,4,5.25,202.5,null
"2018-09-19T09:39:49.000Z",45.701965,5.883716,2,3.5,4.5,202.5,null
"2018-09-19T09:43:49.000Z",45.701965,5.883716,0.25,2.5,3.5,202.5,null
"2018-09-19T09:47:49.000Z",45.701965,5.883716,0,0.5,1.5,202.5,null
"2018-09-19T09:51:53.000Z",45.701965,5.883716,0,0.5,2,202.5,null
"2018-09-19T09:55:53.000Z",45.701965,5.883716,0,1.25,3.5,247.5,null
"2018-09-19T09:59:53.000Z",45.701965,5.883716,2,5.5,8,315,null
"2018-09-19T10:03:57.000Z",45.701965,5.883716,4.75,6.75,9,337.5,null
"2018-09-19T10:07:57.000Z",45.701965,5.883716,5.5,7.5,9,337.5,null
"2018-09-19T10:11:57.000Z",45.701965,5.883716,7.25,8.5,9.5,337.5,null
"2018-09-19T10:16:01.000Z",45.701965,5.883716,7.75,8.5,9.75,337.5,null
"2018-09-19T10:20:01.000Z",45.701965,5.883716,7.25,8.5,9.75,337.5,null
"2018-09-19T10:24:01.000Z",45.701965,5.883716,7.75,9,10.5,337.5,null
"2018-09-19T10:28:05.000Z",45.701965,5.883716,7,8.5,10.5,337.5,null
"2018-09-19T10:32:05.000Z",45.701965,5.883716,6.5,7.5,8.25,337.5,null
"2018-09-19T10:36:05.000Z",45.701965,5.883716,5.5,6.75,8.25,337.5,null
"2018-09-19T10:40:09.000Z",45.701965,5.883716,7,8,9,337.5,null
"2018-09-19T10:44:09.000Z",45.701965,5.883716,5.5,6.75,8.25,337.5,null
"2018-09-19T10:48:09.000Z",45.701965,5.883716,5.5,6.25,7,337.5,null
"2018-09-19T10:52:13.000Z",45.701965,5.883716,4.75,5.75,6.5,337.5,null
"2018-09-19T10:56:13.000Z",45.701965,5.883716,4.75,5.25,6,337.5,null
"2018-09-19T11:00:13.000Z",45.701965,5.883716,5.25,6.25,7.75,315,null
"2018-09-19T11:04:17.000Z",45.701965,5.883716,3.5,4.75,5.5,315,null
"2018-09-19T11:08:17.000Z",45.701965,5.883716,1.75,3,3.75,315,null
"2018-09-19T11:12:17.000Z",45.701965,5.883716,0,0.75,2,315,null
"2018-09-19T11:16:22.000Z",45.701965,5.883716,0,0,0,315,null
"2018-09-19T11:20:22.000Z",45.701965,5.883716,0,0,0,315,null
"2018-09-19T11:24:22.000Z",45.701965,5.883716,0,0,0,315,null
"2018-09-19T11:28:25.000Z",45.701965,5.883716,0,0.5,1,315,null
"2018-09-19T11:32:25.000Z",45.701965,5.883716,0.25,1.25,2,315,null
"2018-09-19T11:36:25.000Z",45.701965,5.883716,2,2.75,3.5,315,null
"2018-09-19T11:40:30.000Z",45.701965,5.883716,2.75,3.5,4.25,315,null
"2018-09-19T11:44:30.000Z",45.701965,5.883716,1.5,2.25,3.5,315,null
"2018-09-19T11:48:30.000Z",45.701965,5.883716,1.75,2.75,3.75,315,null
"2018-09-19T11:52:34.000Z",45.701965,5.883716,2,3.5,4.25,315,null
"2018-09-19T11:56:34.000Z",45.701965,5.883716,1,1.5,3.25,315,null
"2018-09-19T12:00:34.000Z",45.701965,5.883716,1.5,2.25,3.5,315,null
"2018-09-19T12:04:38.000Z",45.701965,5.883716,2,2.75,3.75,315,null
"2018-09-19T12:08:38.000Z",45.701965,5.883716,0.25,1.75,3.75,315,null
"2018-09-19T12:12:38.000Z",45.701965,5.883716,0,1,2.75,315,null
"2018-09-19T12:16:42.000Z",45.701965,5.883716,2.75,4.5,5.5,315,null
"2018-09-19T12:20:42.000Z",45.701965,5.883716,1.75,3.5,4.75,315,null
"2018-09-19T12:24:42.000Z",45.701965,5.883716,1.5,2.25,3.75,315,null
"2018-09-19T12:28:46.000Z",45.701965,5.883716,2.5,3.5,4.5,315,null
"2018-09-19T12:32:46.000Z",45.701965,5.883716,1.5,2.5,3.75,315,null
"2018-09-19T12:36:46.000Z",45.701965,5.883716,1.5,2.5,3.75,315,null
"2018-09-19T12:40:49.000Z",45.701965,5.883716,0,0.5,1.75,315,null
"2018-09-19T12:44:49.000Z",45.701965,5.883716,0,0.25,2,315,null
"2018-09-19T12:48:49.000Z",45.701965,5.883716,0,0.5,1.5,315,null
"2018-09-19T12:52:53.000Z",45.701965,5.883716,0,0.25,2,315,null
"2018-09-19T12:56:53.000Z",45.701965,5.883716,1,1.25,2,315,null
"2018-09-19T13:00:53.000Z",45.701965,5.883716,0.25,1.5,2.5,315,null
"2018-09-19T13:04:58.000Z",45.701965,5.883716,1.5,2,2.75,315,null
"2018-09-19T13:08:58.000Z",45.701965,5.883716,1.5,2,3.25,315,null
"2018-09-19T13:12:58.000Z",45.701965,5.883716,1.5,2,2.75,315,null
"2018-09-19T13:17:02.000Z",45.701965,5.883716,1.5,2.75,4.25,315,null
"2018-09-19T13:21:02.000Z",45.701965,5.883716,0.75,2,3.5,315,null
"2018-09-19T13:25:02.000Z",45.701965,5.883716,0.75,1.5,2.75,315,null
"2018-09-19T13:29:06.000Z",45.701965,5.883716,0,1,1.75,315,null
"2018-09-19T13:33:06.000Z",45.701965,5.883716,0,0,0.25,315,null
"2018-09-19T13:37:06.000Z",45.701965,5.883716,0,1.75,4.25,315,null
"2018-09-19T13:41:10.000Z",45.701965,5.883716,1.5,2.5,3.5,315,null
"2018-09-19T13:45:10.000Z",45.701965,5.883716,1.5,2.5,3.25,315,null
"2018-09-19T13:49:10.000Z",45.701965,5.883716,1.5,2.25,3.25,315,null
"2018-09-19T13:53:14.000Z",45.701965,5.883716,1.5,2.25,3.75,315,null
"2018-09-19T13:57:14.000Z",45.701965,5.883716,1,2,3.5,315,null
"2018-09-19T14:01:14.000Z",45.701965,5.883716,0,0.5,2.5,315,null
"2018-09-19T14:05:18.000Z",45.701965,5.883716,1.5,3.5,5.25,315,null
"2018-09-19T14:09:18.000Z",45.701965,5.883716,2.75,4.25,5.5,315,null
"2018-09-19T14:13:18.000Z",45.701965,5.883716,1.75,2.5,4.5,315,null
"2018-09-19T14:17:22.000Z",45.701965,5.883716,2,3,4.75,315,null
"2018-09-19T14:21:22.000Z",45.701965,5.883716,0,1,2.75,315,null
"2018-09-19T14:25:22.000Z",45.701965,5.883716,0.25,5.75,10,337.5,null
"2018-09-19T14:29:26.000Z",45.701965,5.883716,8,9.75,10.5,337.5,null
"2018-09-19T14:33:26.000Z",45.701965,5.883716,8,10,12,337.5,null
"2018-09-19T14:37:26.000Z",45.701965,5.883716,10.5,12,12.5,337.5,null
"2018-09-19T14:41:31.000Z",45.701965,5.883716,9,11.5,13,337.5,null
"2018-09-19T14:45:31.000Z",45.701965,5.883716,11,12.5,13,337.5,null
"2018-09-19T14:49:31.000Z",45.701965,5.883716,9.5,10.5,12,337.5,null
"2018-09-19T14:53:34.000Z",45.701965,5.883716,9.75,10.5,11.5,0,null
"2018-09-19T14:57:34.000Z",45.701965,5.883716,9.75,10.5,12,0,null
"2018-09-19T15:01:34.000Z",45.701965,5.883716,8.75,10,12,0,null
"2018-09-19T15:05:39.000Z",45.701965,5.883716,7.75,10.5,12.5,0,null
"2018-09-19T15:09:39.000Z",45.701965,5.883716,9,12,14.5,0,null
"2018-09-19T15:13:39.000Z",45.701965,5.883716,11,14,16,0,null
"2018-09-19T15:17:42.000Z",45.701965,5.883716,10.5,13.5,16,0,null
"2018-09-19T15:21:42.000Z",45.701965,5.883716,10.5,12.5,15,0,null
"2018-09-19T15:25:42.000Z",45.701965,5.883716,8.75,11,14.5,0,null
"2018-09-19T15:29:46.000Z",45.701965,5.883716,8.75,10.5,12.5,0,null
"2018-09-19T15:33:46.000Z",45.701965,5.883716,6.5,10.5,12,0,null
"2018-09-19T15:37:46.000Z",45.701965,5.883716,6,9.25,13,0,null
"2018-09-19T15:41:51.000Z",45.701965,5.883716,8.25,10,12,0,null
"2018-09-19T15:45:51.000Z",45.701965,5.883716,9,10.5,13.5,0,null
"2018-09-19T15:49:51.000Z",45.701965,5.883716,8.75,10.5,13.5,0,null
"2018-09-19T15:53:54.000Z",45.701965,5.883716,7.25,10.5,12.5,0,null
"2018-09-19T15:57:54.000Z",45.701965,5.883716,6.25,9.5,12,0,null
"2018-09-19T16:01:54.000Z",45.701965,5.883716,6.5,9.5,12,0,null
"2018-09-19T16:05:58.000Z",45.701965,5.883716,4.5,7.25,10,0,null
"2018-09-19T16:09:58.000Z",45.701965,5.883716,4.75,6.5,9,22.5,null
"2018-09-19T16:13:58.000Z",45.701965,5.883716,3.75,5.75,8,22.5,null
"2018-09-19T16:18:02.000Z",45.701965,5.883716,3.25,5.25,7.75,22.5,null
"2018-09-19T16:22:02.000Z",45.701965,5.883716,2.75,5.25,8,0,null
"2018-09-19T16:26:02.000Z",45.701965,5.883716,3.5,6.25,9,22.5,null
"2018-09-19T16:30:07.000Z",45.701965,5.883716,6.5,8.25,10.5,0,null
"2018-09-19T16:34:07.000Z",45.701965,5.883716,6.25,7.75,10.5,0,null
"2018-09-19T16:38:07.000Z",45.701965,5.883716,6.25,8,9.75,337.5,null
"2018-09-19T16:42:10.000Z",45.701965,5.883716,7.75,9.75,11,337.5,null
"2018-09-19T16:46:10.000Z",45.701965,5.883716,8,9.75,11,337.5,null
"2018-09-19T16:50:10.000Z",45.701965,5.883716,9.5,10.5,11,0,null
"2018-09-19T16:54:15.000Z",45.701965,5.883716,3.25,8.25,11,0,null
"2018-09-19T16:58:15.000Z",45.701965,5.883716,1.75,4.5,7.75,22.5,null
"2018-09-19T17:02:15.000Z",45.701965,5.883716,4.75,7.25,9,22.5,null
"2018-09-19T17:06:19.000Z",45.701965,5.883716,3.75,6.25,9.5,22.5,null
"2018-09-19T17:10:19.000Z",45.701965,5.883716,4.5,7.5,11,22.5,null
"2018-09-19T17:14:19.000Z",45.701965,5.883716,4.5,7,10,22.5,null
"2018-09-19T17:18:23.000Z",45.701965,5.883716,4.75,6.75,8,22.5,null
"2018-09-19T17:22:23.000Z",45.701965,5.883716,4.25,6,7.25,22.5,null
"2018-09-19T17:26:23.000Z",45.701965,5.883716,4.25,5.75,7,22.5,null
"2018-09-19T17:30:26.000Z",45.701965,5.883716,2.75,5,7,22.5,null
"2018-09-19T17:34:26.000Z",45.701965,5.883716,1,2.5,4.25,22.5,null
"2018-09-19T17:38:26.000Z",45.701965,5.883716,0.25,2,3.25,22.5,null
"2018-09-19T17:42:30.000Z",45.701965,5.883716,0.25,1.5,3.25,22.5,null
"2018-09-19T17:46:30.000Z",45.701965,5.883716,0.25,1.75,4.5,22.5,null
"2018-09-19T17:50:30.000Z",45.701965,5.883716,0,0.75,3.25,22.5,null
"2018-09-19T17:54:35.000Z",45.701965,5.883716,0,0,0,22.5,null
"2018-09-19T17:58:35.000Z",45.701965,5.883716,0,0,0,22.5,null
"2018-09-19T18:02:35.000Z",45.701965,5.883716,0,0,0,22.5,null
"2018-09-19T18:06:39.000Z",45.701965,5.883716,0,0,0,22.5,null
"2018-09-19T18:10:39.000Z",45.701965,5.883716,0,0,0,22.5,null
"2018-09-19T18:14:39.000Z",45.701965,5.883716,0,0,0,22.5,null
"2018-09-19T18:18:42.000Z",45.701965,5.883716,0,0,0,22.5,null
"2018-09-19T18:22:42.000Z",45.701965,5.883716,0,0,0,0,null
"2018-09-19T18:26:42.000Z",45.701965,5.883716,0,0,0,0,null
"2018-09-19T18:30:47.000Z",45.701965,5.883716,0,0,0,0,null
"2018-09-19T18:34:47.000Z",45.701965,5.883716,0,0,0,0,null
"2018-09-19T18:38:47.000Z",45.701965,5.883716,0,3,8,45,null
"2018-09-19T18:42:51.000Z",45.701965,5.883716,4.25,5.75,7.25,45,null
"2018-09-19T18:46:51.000Z",45.701965,5.883716,1,4,7,67.5,null
"2018-09-19T18:50:51.000Z",45.701965,5.883716,1.75,4,6.25,67.5,null
"2018-09-19T18:54:55.000Z",45.701965,5.883716,1.5,3.75,6,67.5,null
"2018-09-19T18:58:55.000Z",45.701965,5.883716,0,2.25,5.25,67.5,null
"2018-09-19T19:02:55.000Z",45.701965,5.883716,1,2,3.75,67.5,null
"2018-09-19T19:06:59.000Z",45.701965,5.883716,0.75,2.5,4.5,67.5,null
"2018-09-19T19:10:59.000Z",45.701965,5.883716,0.25,2.25,4.5,67.5,null
"2018-09-19T19:14:59.000Z",45.701965,5.883716,0,1,3.25,67.5,null
"2018-09-19T19:19:03.000Z",45.701965,5.883716,0,0.5,2.5,22.5,null
"2018-09-19T19:23:03.000Z",45.701965,5.883716,0,0,0.75,0,null
"2018-09-19T19:27:03.000Z",45.701965,5.883716,0,0,1,22.5,null
"2018-09-19T19:31:07.000Z",45.701965,5.883716,0,0,0,22.5,null
"2018-09-19T19:35:07.000Z",45.701965,5.883716,0,0,0,22.5,null
"2018-09-19T19:39:07.000Z",45.701965,5.883716,0,0.25,1,22.5,null
"2018-09-19T19:43:11.000Z",45.701965,5.883716,0,0,0.75,22.5,null
"2018-09-19T19:47:11.000Z",45.701965,5.883716,0,0.25,1,22.5,null
"2018-09-19T19:51:11.000Z",45.701965,5.883716,0,0,0.25,22.5,null
"2018-09-19T19:55:25.000Z",45.701965,5.883716,0,0,0,0,null
"2018-09-19T19:59:25.000Z",45.701965,5.883716,0,0.25,1,22.5,null
"2018-09-19T20:03:25.000Z",45.701965,5.883716,0,0.25,2,22.5,null
"2018-09-19T20:07:29.000Z",45.701965,5.883716,0,1.5,2.75,22.5,null
"2018-09-19T20:11:29.000Z",45.701965,5.883716,0,0.5,1.75,22.5,null
"2018-09-19T20:15:29.000Z",45.701965,5.883716,0,0,1,22.5,null
"2018-09-19T20:19:33.000Z",45.701965,5.883716,0,1.25,4.25,22.5,null
"2018-09-19T20:23:33.000Z",45.701965,5.883716,0,0.75,3.25,22.5,null
"2018-09-19T20:27:33.000Z",45.701965,5.883716,0,0,1,22.5,null
"2018-09-19T20:31:37.000Z",45.701965,5.883716,0,0,0.25,22.5,null
"2018-09-19T20:35:37.000Z",45.701965,5.883716,0,0.25,1.5,22.5,null
"2018-09-19T20:39:37.000Z",45.701965,5.883716,0,0,0,22.5,null
"2018-09-19T20:43:42.000Z",45.701965,5.883716,0,0,0,22.5,null
"2018-09-19T20:47:42.000Z",45.701965,5.883716,0,0,0.25,22.5,null
"2018-09-19T20:51:42.000Z",45.701965,5.883716,0,0,0,22.5,null
"2018-09-19T20:55:45.000Z",45.701965,5.883716,0,0,0.25,22.5,null
"2018-09-19T20:59:45.000Z",45.701965,5.883716,0,1.25,2.75,22.5,null
"2018-09-19T21:03:45.000Z",45.701965,5.883716,0.25,1,2.75,22.5,null
"2018-09-19T21:07:50.000Z",45.701965,5.883716,0.25,1.25,2,22.5,null
"2018-09-19T21:11:50.000Z",45.701965,5.883716,0,0.25,1.5,22.5,null
"2018-09-19T21:15:50.000Z",45.701965,5.883716,0,0.25,0.75,22.5,null
"2018-09-19T21:19:53.000Z",45.701965,5.883716,0,0.25,1.5,22.5,null
"2018-09-19T21:23:53.000Z",45.701965,5.883716,0,0.5,1.5,22.5,null
"2018-09-19T21:27:53.000Z",45.701965,5.883716,0,1,2,22.5,null
"2018-09-19T21:31:58.000Z",45.701965,5.883716,0,0.75,1.5,22.5,null
"2018-09-19T21:35:58.000Z",45.701965,5.883716,0,0,0,22.5,null
"2018-09-19T21:39:58.000Z",45.701965,5.883716,0,1,1.5,22.5,null
"2018-09-19T21:44:01.000Z",45.701965,5.883716,0,0,0.25,22.5,null
"2018-09-19T21:48:01.000Z",45.701965,5.883716,0,0,0,22.5,null
"2018-09-19T21:52:01.000Z",45.701965,5.883716,0,0,0,22.5,null
"2018-09-19T21:56:06.000Z",45.701965,5.883716,0,0,1.5,22.5,null
"2018-09-19T22:00:06.000Z",45.701965,5.883716,0,0,1.5,22.5,null
"2018-09-19T22:04:06.000Z",45.701965,5.883716,0,2.25,4.75,45,null
"2018-09-19T22:08:09.000Z",45.701965,5.883716,0,1,2,45,null
"2018-09-19T22:12:09.000Z",45.701965,5.883716,0,1.75,3.75,45,null
"2018-09-19T22:16:09.000Z",45.701965,5.883716,0.75,2,3.25,45,null
"2018-09-19T22:20:14.000Z",45.701965,5.883716,0,1.75,2.75,45,null
"2018-09-19T22:24:14.000Z",45.701965,5.883716,0,1.5,2.75,45,null
"2018-09-19T22:28:14.000Z",45.701965,5.883716,0,1.25,1.75,45,null
"2018-09-19T22:32:18.000Z",45.701965,5.883716,0,0.5,1.75,45,null
"2018-09-19T22:36:18.000Z",45.701965,5.883716,0,0.75,2,67.5,null
"2018-09-19T22:40:18.000Z",45.701965,5.883716,0,0.25,1.5,67.5,null
"2018-09-19T22:44:22.000Z",45.701965,5.883716,0,0,1,67.5,null
"2018-09-19T22:48:22.000Z",45.701965,5.883716,0,1.25,2.5,67.5,null
"2018-09-19T22:52:22.000Z",45.701965,5.883716,0,0,0.25,67.5,null
"2018-09-19T22:56:26.000Z",45.701965,5.883716,0,0.25,1,67.5,null
"2018-09-19T23:00:26.000Z",45.701965,5.883716,0,1.25,3.25,67.5,null
"2018-09-19T23:04:26.000Z",45.701965,5.883716,0.25,2.75,4.5,67.5,null
"2018-09-19T23:08:30.000Z",45.701965,5.883716,0.25,2,4.25,67.5,null
"2018-09-19T23:12:30.000Z",45.701965,5.883716,0.25,1.25,2.75,67.5,null
"2018-09-19T23:16:30.000Z",45.701965,5.883716,0.75,2.5,5.5,67.5,null
"2018-09-19T23:20:35.000Z",45.701965,5.883716,1.75,3,4.5,67.5,null
"2018-09-19T23:24:35.000Z",45.701965,5.883716,0,3.25,5.5,67.5,null
"2018-09-19T23:28:35.000Z",45.701965,5.883716,0,0.25,1.5,67.5,null
"2018-09-19T23:32:38.000Z",45.701965,5.883716,0,0.5,1.75,67.5,null
"2018-09-19T23:36:38.000Z",45.701965,5.883716,0,0,0,67.5,null
"2018-09-19T23:40:38.000Z",45.701965,5.883716,0,0.5,1.75,67.5,null
"2018-09-19T23:44:42.000Z",45.701965,5.883716,0.75,2,3.5,67.5,null
"2018-09-19T23:48:42.000Z",45.701965,5.883716,0.75,2.25,4.5,67.5,null
"2018-09-19T23:52:42.000Z",45.701965,5.883716,1.75,3,4.75,67.5,null
"2018-09-19T23:56:46.000Z",45.701965,5.883716,0.75,2.5,4.25,67.5,null
"2018-09-20T00:00:46.000Z",45.701965,5.883716,0.75,2.25,3.75,67.5,null
"2018-09-20T00:04:46.000Z",45.701965,5.883716,1.75,3.5,4.5,67.5,null
"2018-09-20T00:08:51.000Z",45.701965,5.883716,0.75,2.25,4.25,67.5,null
"2018-09-20T00:12:51.000Z",45.701965,5.883716,1,2.75,3.75,67.5,null
"2018-09-20T00:16:51.000Z",45.701965,5.883716,1,2.5,4.5,67.5,null
"2018-09-20T00:20:54.000Z",45.701965,5.883716,0,1.75,4.25,67.5,null
"2018-09-20T00:24:54.000Z",45.701965,5.883716,0.25,2,4.5,67.5,null
"2018-09-20T00:28:54.000Z",45.701965,5.883716,0,1,2.5,67.5,null
"2018-09-20T00:32:59.000Z",45.701965,5.883716,0,1.25,2.5,67.5,null
"2018-09-20T00:36:59.000Z",45.701965,5.883716,0,1,2,67.5,null
"2018-09-20T00:40:59.000Z",45.701965,5.883716,1,2.25,3.5,67.5,null
"2018-09-20T00:45:02.000Z",45.701965,5.883716,0.75,1.75,3.5,67.5,null
"2018-09-20T00:49:02.000Z",45.701965,5.883716,0.25,1.75,3.25,90,null
"2018-09-20T00:53:02.000Z",45.701965,5.883716,2.5,4,5.5,90,null
"2018-09-20T00:57:07.000Z",45.701965,5.883716,1.75,3,5.25,90,null
"2018-09-20T01:01:07.000Z",45.701965,5.883716,1.75,3.75,7.25,90,null
"2018-09-20T01:05:07.000Z",45.701965,5.883716,1.5,3,6,90,null
"2018-09-20T01:09:10.000Z",45.701965,5.883716,1.5,4,6,112.5,null
"2018-09-20T01:13:10.000Z",45.701965,5.883716,2.75,4.75,7.75,112.5,null
"2018-09-20T01:17:10.000Z",45.701965,5.883716,0,2,5.5,112.5,null
"2018-09-20T01:21:15.000Z",45.701965,5.883716,0.25,3.5,6,90,null
"2018-09-20T01:25:15.000Z",45.701965,5.883716,1.5,4.5,7.75,67.5,null
"2018-09-20T01:29:15.000Z",45.701965,5.883716,3.5,6,8.75,90,null
"2018-09-20T01:33:19.000Z",45.701965,5.883716,1.5,5,8.25,90,null
"2018-09-20T01:37:19.000Z",45.701965,5.883716,2,5.5,9.5,90,null
"2018-09-20T01:41:19.000Z",45.701965,5.883716,2,6.5,11.5,90,null
"2018-09-20T01:45:22.000Z",45.701965,5.883716,0.75,4.5,8,135,null
"2018-09-20T01:49:22.000Z",45.701965,5.883716,0,2.5,10,135,null
"2018-09-20T01:53:22.000Z",45.701965,5.883716,0,5.75,14.5,157.5,null
"2018-09-20T01:57:27.000Z",45.701965,5.883716,2,6.5,11,157.5,null
"2018-09-20T02:01:27.000Z",45.701965,5.883716,0.25,4.25,8.25,135,null
"2018-09-20T02:05:27.000Z",45.701965,5.883716,1.5,5.75,12,135,null
"2018-09-20T02:09:31.000Z",45.701965,5.883716,0.75,4.25,8,135,null
"2018-09-20T02:13:31.000Z",45.701965,5.883716,0,2.25,7.75,135,null
"2018-09-20T02:17:31.000Z",45.701965,5.883716,1.75,4.75,9.75,157.5,null
"2018-09-20T02:21:34.000Z",45.701965,5.883716,0,3.75,7.75,135,null
"2018-09-20T02:25:34.000Z",45.701965,5.883716,0.75,4.5,8.25,112.5,null
"2018-09-20T02:29:34.000Z",45.701965,5.883716,1.5,4.25,7.75,112.5,null
"2018-09-20T02:33:38.000Z",45.701965,5.883716,2.5,5,8,112.5,null
"2018-09-20T02:37:38.000Z",45.701965,5.883716,0.25,4,8.25,135,null
"2018-09-20T02:41:38.000Z",45.701965,5.883716,1,5.25,8.25,112.5,null
"2018-09-20T02:45:43.000Z",45.701965,5.883716,1.75,4.5,8.75,112.5,null
"2018-09-20T02:49:43.000Z",45.701965,5.883716,1,4.5,8,135,null
"2018-09-20T02:53:43.000Z",45.701965,5.883716,1.75,5.25,9.75,112.5,null
"2018-09-20T02:57:47.000Z",45.701965,5.883716,2,5.75,8.75,112.5,null
"2018-09-20T03:01:47.000Z",45.701965,5.883716,1.5,4.75,8.75,112.5,null
"2018-09-20T03:05:47.000Z",45.701965,5.883716,0.75,5.25,10,135,null
"2018-09-20T03:09:51.000Z",45.701965,5.883716,0.25,4.25,9,112.5,null
"2018-09-20T03:13:51.000Z",45.701965,5.883716,0.75,3.75,7.75,112.5,null
"2018-09-20T03:17:51.000Z",45.701965,5.883716,0.75,4.75,8.75,112.5,null
"2018-09-20T03:21:55.000Z",45.701965,5.883716,1.5,5.5,11,112.5,null
"2018-09-20T03:25:55.000Z",45.701965,5.883716,1.75,5.25,9.75,112.5,null
"2018-09-20T03:29:55.000Z",45.701965,5.883716,2,5.25,8.75,112.5,null
"2018-09-20T03:33:59.000Z",45.701965,5.883716,2.5,5.25,8.75,112.5,null
"2018-09-20T03:37:59.000Z",45.701965,5.883716,2,6,9.75,112.5,null
"2018-09-20T03:41:59.000Z",45.701965,5.883716,2.75,6,9.5,112.5,null
"2018-09-20T03:46:03.000Z",45.701965,5.883716,3.25,5.75,8.25,112.5,null
"2018-09-20T03:50:03.000Z",45.701965,5.883716,3.75,6.75,9.75,112.5,null
"2018-09-20T03:54:03.000Z",45.701965,5.883716,1,3.75,8,112.5,null
"2018-09-20T03:58:07.000Z",45.701965,5.883716,2,5.25,8.25,112.5,null
"2018-09-20T04:02:07.000Z",45.701965,5.883716,2.5,5.25,9,112.5,null
"2018-09-20T04:06:07.000Z",45.701965,5.883716,1.5,3.75,6,90,null
"2018-09-20T04:10:11.000Z",45.701965,5.883716,2,3.25,4.75,90,null
"2018-09-20T04:14:11.000Z",45.701965,5.883716,0,2.75,6.25,90,null
"2018-09-20T04:18:11.000Z",45.701965,5.883716,1.5,3.75,5.5,112.5,null
"2018-09-20T04:22:15.000Z",45.701965,5.883716,2,4.25,6.25,112.5,null
"2018-09-20T04:26:15.000Z",45.701965,5.883716,2.75,4.75,6.5,112.5,null
"2018-09-20T04:30:15.000Z",45.701965,5.883716,2.75,4.25,6.5,112.5,null
"2018-09-20T04:34:20.000Z",45.701965,5.883716,1.5,3.5,6.25,112.5,null
"2018-09-20T04:38:20.000Z",45.701965,5.883716,1.5,3.25,4.75,112.5,null
"2018-09-20T04:42:20.000Z",45.701965,5.883716,2.75,4.5,7.75,90,null
"2018-09-20T04:46:23.000Z",45.701965,5.883716,1.75,4,6.5,90,null
"2018-09-20T04:50:23.000Z",45.701965,5.883716,2.5,4.25,7.75,90,null
"2018-09-20T04:54:23.000Z",45.701965,5.883716,1.5,3.75,6,90,null
"2018-09-20T04:58:27.000Z",45.701965,5.883716,2,3.75,5.25,112.5,null
"2018-09-20T05:02:27.000Z",45.701965,5.883716,2.5,4.75,9,112.5,null
"2018-09-20T05:06:27.000Z",45.701965,5.883716,2,3.75,7,112.5,null
"2018-09-20T05:10:31.000Z",45.701965,5.883716,1.5,3.75,6.5,112.5,null
"2018-09-20T05:14:31.000Z",45.701965,5.883716,1.5,4.5,7.75,112.5,null
"2018-09-20T05:18:31.000Z",45.701965,5.883716,0.75,3,4.5,112.5,null
"2018-09-20T05:22:36.000Z",45.701965,5.883716,1.75,3.5,7,112.5,null
"2018-09-20T05:26:36.000Z",45.701965,5.883716,1,3.75,6,90,null
"2018-09-20T05:30:36.000Z",45.701965,5.883716,1,3.25,6.5,90,null
"2018-09-20T05:34:40.000Z",45.701965,5.883716,0.25,3.5,7.25,90,null
"2018-09-20T05:38:40.000Z",45.701965,5.883716,1.5,4,8.75,112.5,null
"2018-09-20T05:42:40.000Z",45.701965,5.883716,1.75,4.75,8.25,112.5,null
"2018-09-20T05:46:44.000Z",45.701965,5.883716,0,2.25,7,112.5,null
"2018-09-20T05:50:44.000Z",45.701965,5.883716,1,3.5,6.5,135,null
"2018-09-20T05:54:44.000Z",45.701965,5.883716,1.5,5.75,11,157.5,null
"2018-09-20T05:58:48.000Z",45.701965,5.883716,1.5,4.75,8,157.5,null
"2018-09-20T06:02:48.000Z",45.701965,5.883716,1,4.75,9.75,157.5,null
"2018-09-20T06:06:48.000Z",45.701965,5.883716,0,3.5,8.25,157.5,null
"2018-09-20T06:10:52.000Z",45.701965,5.883716,0.75,5.25,11,157.5,null
"2018-09-20T06:14:52.000Z",45.701965,5.883716,4.5,8.75,14.5,157.5,null
"2018-09-20T06:18:52.000Z",45.701965,5.883716,1.5,7,12,157.5,null
"2018-09-20T06:22:56.000Z",45.701965,5.883716,2.75,7.75,12.5,157.5,null
"2018-09-20T06:26:56.000Z",45.701965,5.883716,0,3.5,9,135,null
"2018-09-20T06:30:56.000Z",45.701965,5.883716,0,3.25,9.75,157.5,null
"2018-09-20T06:34:59.000Z",45.701965,5.883716,0,1,5.5,112.5,null
"2018-09-20T06:38:59.000Z",45.701965,5.883716,0,1.5,6.25,112.5,null
"2018-09-20T06:42:59.000Z",45.701965,5.883716,0.25,3.25,7.75,112.5,null
"2018-09-20T06:47:04.000Z",45.701965,5.883716,0,1.75,5.25,135,null
"2018-09-20T06:51:04.000Z",45.701965,5.883716,1,4.5,11,112.5,null
"2018-09-20T06:55:04.000Z",45.701965,5.883716,0,2.75,8.25,112.5,null
"2018-09-20T06:59:08.000Z",45.701965,5.883716,0,2.25,6.5,135,null
"2018-09-20T07:03:08.000Z",45.701965,5.883716,1,2.5,4.75,112.5,null
"2018-09-20T07:07:08.000Z",45.701965,5.883716,0,2.5,5.5,90,null
"2018-09-20T07:11:12.000Z",45.701965,5.883716,0,1.5,3.75,90,null
"2018-09-20T07:15:12.000Z",45.701965,5.883716,0,1.75,4.75,90,null
"2018-09-20T07:19:12.000Z",45.701965,5.883716,0,1,6.25,90,null
"2018-09-20T07:23:16.000Z",45.701965,5.883716,0,1.25,9.5,112.5,null
"2018-09-20T07:27:16.000Z",45.701965,5.883716,1.5,7,11,157.5,null
"2018-09-20T07:31:16.000Z",45.701965,5.883716,2,8.25,13.5,157.5,null
"2018-09-20T07:35:19.000Z",45.701965,5.883716,0.25,6.75,12.5,157.5,null
"2018-09-20T07:39:19.000Z",45.701965,5.883716,1,5.25,11,157.5,null
"2018-09-20T07:43:19.000Z",45.701965,5.883716,2,9,15.5,157.5,null
"2018-09-20T07:47:23.000Z",45.701965,5.883716,0.75,6.75,11.5,180,null
"2018-09-20T07:51:23.000Z",45.701965,5.883716,4.75,9,12,180,null
"2018-09-20T07:55:23.000Z",45.701965,5.883716,3.5,8.25,11,180,null
"2018-09-20T07:59:28.000Z",45.701965,5.883716,6,9.25,11.5,180,null
"2018-09-20T08:03:28.000Z",45.701965,5.883716,5.5,8,11,202.5,null
"2018-09-20T08:07:28.000Z",45.701965,5.883716,5.5,9.5,11.5,202.5,null
"2018-09-20T08:11:33.000Z",45.701965,5.883716,7.25,10,12,202.5,null
"2018-09-20T08:15:33.000Z",45.701965,5.883716,6.25,9.25,11,202.5,null
"2018-09-20T08:19:33.000Z",45.701965,5.883716,6.5,9,11,202.5,null
"2018-09-20T08:23:36.000Z",45.701965,5.883716,6,9,11.5,202.5,null
"2018-09-20T08:27:36.000Z",45.701965,5.883716,3.75,8.25,11,202.5,null
"2018-09-20T08:31:36.000Z",45.701965,5.883716,4.5,8,10.5,180,null
"2018-09-20T08:35:41.000Z",45.701965,5.883716,3.25,6.75,9.5,202.5,null
"2018-09-20T08:39:41.000Z",45.701965,5.883716,5.5,8.25,9.75,202.5,null
"2018-09-20T08:43:41.000Z",45.701965,5.883716,3.75,8.5,10,202.5,null
"2018-09-20T08:47:44.000Z",45.701965,5.883716,6.5,9.5,11,202.5,null
"2018-09-20T08:51:44.000Z",45.701965,5.883716,6.5,9.5,11,225,null
"2018-09-20T08:55:44.000Z",45.701965,5.883716,8,9.25,11,225,null
"2018-09-20T08:59:48.000Z",45.701965,5.883716,5.25,8.25,10,225,null
"2018-09-20T09:03:48.000Z",45.701965,5.883716,7,8.5,9.75,202.5,null
"2018-09-20T09:07:48.000Z",45.701965,5.883716,6.5,8.25,9.5,202.5,null
"2018-09-20T09:11:53.000Z",45.701965,5.883716,2.75,8.25,9.75,202.5,null
"2018-09-20T09:15:53.000Z",45.701965,5.883716,5.5,8.5,9.75,202.5,null
"2018-09-20T09:19:53.000Z",45.701965,5.883716,4.25,8.5,10,202.5,null
"2018-09-20T09:23:56.000Z",45.701965,5.883716,7.25,9,10.5,202.5,null
"2018-09-20T09:27:56.000Z",45.701965,5.883716,6.25,9,10.5,202.5,null
"2018-09-20T09:31:56.000Z",45.701965,5.883716,4.75,8.5,10,202.5,null
"2018-09-20T09:36:00.000Z",45.701965,5.883716,6.5,9,10,202.5,null
"2018-09-20T09:40:00.000Z",45.701965,5.883716,5.5,8.5,10,202.5,null
"2018-09-20T09:44:00.000Z",45.701965,5.883716,5.25,7.25,9,202.5,null
"2018-09-20T09:48:04.000Z",45.701965,5.883716,3.75,7.25,9,202.5,null
"2018-09-20T09:52:04.000Z",45.701965,5.883716,4.75,7.75,9,180,null
"2018-09-20T09:56:04.000Z",45.701965,5.883716,3.5,8,9.75,180,null
"2018-09-20T10:00:08.000Z",45.701965,5.883716,4.75,8,9.75,180,null
"2018-09-20T10:04:08.000Z",45.701965,5.883716,5.5,7.75,9.75,202.5,null
"2018-09-20T10:08:08.000Z",45.701965,5.883716,3.25,6.75,8.75,180,null
"2018-09-20T10:12:13.000Z",45.701965,5.883716,1.75,6.25,8.25,180,null
"2018-09-20T10:16:13.000Z",45.701965,5.883716,2.75,5,6.5,180,null
"2018-09-20T10:20:13.000Z",45.701965,5.883716,1.75,4,5.5,180,null
"2018-09-20T10:24:16.000Z",45.701965,5.883716,2.5,4,5.25,180,null
"2018-09-20T10:28:16.000Z",45.701965,5.883716,2,3.75,5.25,202.5,null
"2018-09-20T10:32:16.000Z",45.701965,5.883716,1.5,2.75,3.75,202.5,null
"2018-09-20T10:36:21.000Z",45.701965,5.883716,1.75,2.5,3.25,202.5,null
"2018-09-20T10:40:21.000Z",45.701965,5.883716,0.25,1.5,3.5,202.5,null
"2018-09-20T10:44:21.000Z",45.701965,5.883716,0,0,0.75,202.5,null
"2018-09-20T10:48:25.000Z",45.701965,5.883716,0,0,0.75,202.5,null
"2018-09-20T10:52:25.000Z",45.701965,5.883716,0,3.75,6,292.5,null
"2018-09-20T10:56:25.000Z",45.701965,5.883716,3.25,4,4.5,292.5,null
"2018-09-20T11:00:28.000Z",45.701965,5.883716,3.25,3.5,4.5,292.5,null
"2018-09-20T11:04:28.000Z",45.701965,5.883716,2,3.25,4.25,292.5,null
"2018-09-20T11:08:28.000Z",45.701965,5.883716,0,0.75,3.25,292.5,null
"2018-09-20T11:12:33.000Z",45.701965,5.883716,0,0.75,2,292.5,null
"2018-09-20T11:16:33.000Z",45.701965,5.883716,0.25,1,1.75,292.5,null
"2018-09-20T11:20:33.000Z",45.701965,5.883716,0.25,2,3.25,292.5,null
"2018-09-20T11:24:36.000Z",45.701965,5.883716,1.75,3,3.75,292.5,null
"2018-09-20T11:28:36.000Z",45.701965,5.883716,0,0.75,3.25,292.5,null
"2018-09-20T11:32:36.000Z",45.701965,5.883716,0,0,0,292.5,null
"2018-09-20T11:36:41.000Z",45.701965,5.883716,0,0,0,292.5,null
"2018-09-20T11:40:41.000Z",45.701965,5.883716,0,0,0,292.5,null
"2018-09-20T11:44:41.000Z",45.701965,5.883716,0,0.25,1.75,292.5,null
"2018-09-20T11:48:45.000Z",45.701965,5.883716,1,3.75,7,315,null
"2018-09-20T11:52:45.000Z",45.701965,5.883716,5.5,7.75,9.5,337.5,null
"2018-09-20T11:56:45.000Z",45.701965,5.883716,7.25,8.25,9,337.5,null
"2018-09-20T12:00:49.000Z",45.701965,5.883716,7.25,8.75,10,337.5,null
"2018-09-20T12:04:49.000Z",45.701965,5.883716,7.25,9,10,337.5,null
"2018-09-20T12:08:49.000Z",45.701965,5.883716,7,8.5,9.75,0,null
"2018-09-20T12:12:53.000Z",45.701965,5.883716,7.75,9,9.75,0,null
"2018-09-20T12:16:53.000Z",45.701965,5.883716,7,8.25,9.5,0,null
"2018-09-20T12:20:53.000Z",45.701965,5.883716,6.25,7.25,8.75,0,null
"2018-09-20T12:24:57.000Z",45.701965,5.883716,6.5,7.5,8.25,337.5,null
"2018-09-20T12:28:57.000Z",45.701965,5.883716,7.25,8.25,9.5,337.5,null
"2018-09-20T12:32:57.000Z",45.701965,5.883716,6.25,8.25,10,337.5,null
"2018-09-20T12:37:01.000Z",45.701965,5.883716,8.25,9.75,10.5,337.5,null
"2018-09-20T12:41:01.000Z",45.701965,5.883716,8.25,9.75,11,337.5,null
"2018-09-20T12:45:01.000Z",45.701965,5.883716,7,8.25,10.5,337.5,null
"2018-09-20T12:49:05.000Z",45.701965,5.883716,8.25,10.5,12,337.5,null
"2018-09-20T12:53:05.000Z",45.701965,5.883716,9.5,10.5,11,337.5,null
"2018-09-20T12:57:05.000Z",45.701965,5.883716,8.75,9.75,10.5,337.5,null
"2018-09-20T13:01:09.000Z",45.701965,5.883716,8.25,9.25,10,337.5,null
"2018-09-20T13:05:09.000Z",45.701965,5.883716,8.75,9.25,9.75,337.5,null
"2018-09-20T13:09:09.000Z",45.701965,5.883716,4.75,7.25,9.5,0,null
"2018-09-20T13:13:13.000Z",45.701965,5.883716,6.25,7,7.75,0,null
"2018-09-20T13:17:13.000Z",45.701965,5.883716,4.25,5.25,7,337.5,null
"2018-09-20T13:21:13.000Z",45.701965,5.883716,3.5,4.5,6.5,337.5,null
"2018-09-20T13:25:18.000Z",45.701965,5.883716,6,8,9.75,337.5,null
"2018-09-20T13:29:18.000Z",45.701965,5.883716,6.5,7.25,8,315,null
"2018-09-20T13:33:18.000Z",45.701965,5.883716,6,6.5,7,315,null
"2018-09-20T13:37:21.000Z",45.701965,5.883716,6.5,7.5,8.25,315,null
"2018-09-20T13:41:21.000Z",45.701965,5.883716,7.25,7.75,8.25,315,null
"2018-09-20T13:45:21.000Z",45.701965,5.883716,6.5,7.5,8.25,337.5,null
"2018-09-20T13:49:25.000Z",45.701965,5.883716,6,6.75,7.75,315,null
"2018-09-20T13:53:25.000Z",45.701965,5.883716,6.25,6.75,7.75,315,null
"2018-09-20T13:57:25.000Z",45.701965,5.883716,7.25,9.25,10.5,315,null
"2018-09-20T14:01:29.000Z",45.701965,5.883716,9.5,10.5,11,315,null
"2018-09-20T14:05:29.000Z",45.701965,5.883716,8.25,9.5,11,315,null
"2018-09-20T14:09:29.000Z",45.701965,5.883716,4.75,6.75,8.75,315,null
"2018-09-20T14:13:34.000Z",45.701965,5.883716,3.75,4.5,4.75,315,null
"2018-09-20T14:17:34.000Z",45.701965,5.883716,4.25,5.5,8.25,315,null
"2018-09-20T14:21:34.000Z",45.701965,5.883716,6.5,7.5,9,315,null
"2018-09-20T14:25:38.000Z",45.701965,5.883716,5.5,6,6.75,315,null
"2018-09-20T14:29:38.000Z",45.701965,5.883716,4.75,5.25,6,315,null
"2018-09-20T14:33:38.000Z",45.701965,5.883716,5.25,6.75,9,337.5,null
"2018-09-20T14:37:42.000Z",45.701965,5.883716,0,4.25,7.75,337.5,null
"2018-09-20T14:41:42.000Z",45.701965,5.883716,0,1,6.25,292.5,null
"2018-09-20T14:45:42.000Z",45.701965,5.883716,0,2,6,270,null
"2018-09-20T14:49:46.000Z",45.701965,5.883716,0,0,0.75,270,null
"2018-09-20T14:53:46.000Z",45.701965,5.883716,0.25,1,2.5,270,null
"2018-09-20T14:57:46.000Z",45.701965,5.883716,1.5,2.5,3.5,270,null
"2018-09-20T15:01:50.000Z",45.701965,5.883716,0,0,1.5,270,null
"2018-09-20T15:05:50.000Z",45.701965,5.883716,0,0,0,270,null
"2018-09-20T15:09:50.000Z",45.701965,5.883716,0,0,0,270,null
"2018-09-20T15:13:53.000Z",45.701965,5.883716,0,0.75,2.75,292.5,null
"2018-09-20T15:17:53.000Z",45.701965,5.883716,0,2,6,247.5,null
"2018-09-20T15:21:53.000Z",45.701965,5.883716,0,0,0,225,null
"2018-09-20T15:25:57.000Z",45.701965,5.883716,0,2.75,7.75,225,null
"2018-09-20T15:29:57.000Z",45.701965,5.883716,3.75,5.75,7.75,225,null
"2018-09-20T15:33:57.000Z",45.701965,5.883716,0,1.5,4.25,202.5,null
"2018-09-20T15:38:02.000Z",45.701965,5.883716,0,2.25,5.25,202.5,null
"2018-09-20T15:42:02.000Z",45.701965,5.883716,0,2.25,4.25,202.5,null
"2018-09-20T15:46:02.000Z",45.701965,5.883716,0,0.75,2.75,202.5,null
"2018-09-20T15:50:06.000Z",45.701965,5.883716,0,1.75,6,292.5,null
"2018-09-20T15:54:06.000Z",45.701965,5.883716,0,2.75,7.25,225,null
"2018-09-20T15:58:06.000Z",45.701965,5.883716,0,1,3.75,225,null
"2018-09-20T16:02:10.000Z",45.701965,5.883716,0,0,0,225,null
"2018-09-20T16:06:10.000Z",45.701965,5.883716,0,0,0,225,null
"2018-09-20T16:10:10.000Z",45.701965,5.883716,0,0.25,3.25,225,null
"2018-09-20T16:14:14.000Z",45.701965,5.883716,0,0.25,3.25,202.5,null
"2018-09-20T16:18:14.000Z",45.701965,5.883716,0,1.25,3.5,180,null
"2018-09-20T16:22:14.000Z",45.701965,5.883716,0,3,5.5,180,null
"2018-09-20T16:26:18.000Z",45.701965,5.883716,0,0.25,3.5,157.5,null
"2018-09-20T16:30:18.000Z",45.701965,5.883716,0,0,2,225,null
"2018-09-20T16:34:18.000Z",45.701965,5.883716,0,1.25,11,247.5,null
"2018-09-20T16:38:22.000Z",45.701965,5.883716,8.75,12,17.5,270,null
"2018-09-20T16:42:22.000Z",45.701965,5.883716,8.75,12.5,18,270,null
"2018-09-20T16:46:22.000Z",45.701965,5.883716,7.25,13.5,23.5,247.5,null
"2018-09-20T16:50:26.000Z",45.701965,5.883716,7,11.5,14.5,270,null
"2018-09-20T16:54:26.000Z",45.701965,5.883716,11,13,16.5,270,null
"2018-09-20T16:58:26.000Z",45.701965,5.883716,11.5,16,19.5,270,null
"2018-09-20T17:02:30.000Z",45.701965,5.883716,11,15.5,18,270,null
"2018-09-20T17:06:30.000Z",45.701965,5.883716,9.5,11.5,16,270,null
"2018-09-20T17:10:30.000Z",45.701965,5.883716,11,14,18,270,null
"2018-09-20T17:14:34.000Z",45.701965,5.883716,14.5,18.5,22,270,null
"2018-09-20T17:18:34.000Z",45.701965,5.883716,12,17,23.5,270,null
"2018-09-20T17:22:34.000Z",45.701965,5.883716,12,18,22.5,270,null
"2018-09-20T17:26:38.000Z",45.701965,5.883716,12.5,16,19,270,null
"2018-09-20T17:30:38.000Z",45.701965,5.883716,10.5,14,18,270,null
"2018-09-20T17:34:38.000Z",45.701965,5.883716,14,21,26,270,null
"2018-09-20T17:38:42.000Z",45.701965,5.883716,10.5,15,18.5,270,null
"2018-09-20T17:42:42.000Z",45.701965,5.883716,14.5,18,21,270,null
"2018-09-20T17:46:42.000Z",45.701965,5.883716,12.5,19,25,270,null
"2018-09-20T17:50:46.000Z",45.701965,5.883716,15.5,20,23.5,270,null
"2018-09-20T17:54:46.000Z",45.701965,5.883716,12.5,17,20.5,270,null
"2018-09-20T17:58:46.000Z",45.701965,5.883716,12.5,17.5,21,270,null
"2018-09-20T18:02:50.000Z",45.701965,5.883716,7,12.5,16.5,247.5,null
"2018-09-20T18:06:50.000Z",45.701965,5.883716,1.5,9,16.5,247.5,null
"2018-09-20T18:10:50.000Z",45.701965,5.883716,0.25,6.75,14.5,202.5,null
"2018-09-20T18:14:54.000Z",45.701965,5.883716,0,3.25,7,135,null
"2018-09-20T18:18:54.000Z",45.701965,5.883716,0.75,3.5,5.5,157.5,null
"2018-09-20T18:22:54.000Z",45.701965,5.883716,0,1.75,4.25,157.5,null
"2018-09-20T18:26:59.000Z",45.701965,5.883716,0.5,3,4.25,157.5,null
"2018-09-20T18:30:59.000Z",45.701965,5.883716,2.5,4.25,6.5,135,null
"2018-09-20T18:34:59.000Z",45.701965,5.883716,2,3,3.75,135,null
"2018-09-20T18:39:03.000Z",45.701965,5.883716,0,4.25,8.75,180,null
"2018-09-20T18:43:03.000Z",45.701965,5.883716,4.5,6.75,8.75,157.5,null
"2018-09-20T18:47:03.000Z",45.701965,5.883716,2.75,4.5,8.75,112.5,null
"2018-09-20T18:51:06.000Z",45.701965,5.883716,2.75,4,6.5,135,null
"2018-09-20T18:55:06.000Z",45.701965,5.883716,2,5.5,8.25,112.5,null
"2018-09-20T18:59:06.000Z",45.701965,5.883716,3.5,5.75,9.75,112.5,null
"2018-09-20T19:03:11.000Z",45.701965,5.883716,2.5,5.5,10,112.5,null
"2018-09-20T19:07:11.000Z",45.701965,5.883716,1,3.75,7,112.5,null
"2018-09-20T19:11:11.000Z",45.701965,5.883716,3.25,4.5,8,112.5,null
"2018-09-20T19:15:15.000Z",45.701965,5.883716,3.5,5.25,8.25,112.5,null
"2018-09-20T19:19:15.000Z",45.701965,5.883716,3.75,7,12,90,null
"2018-09-20T19:23:15.000Z",45.701965,5.883716,1.5,5,10,90,null
"2018-09-20T19:27:18.000Z",45.701965,5.883716,1,3.75,6.25,112.5,null
"2018-09-20T19:31:18.000Z",45.701965,5.883716,3.5,5.5,8,112.5,null
"2018-09-20T19:35:18.000Z",45.701965,5.883716,2.75,6.25,9.75,112.5,null
"2018-09-20T19:39:22.000Z",45.701965,5.883716,1.5,4,7.25,112.5,null
"2018-09-20T19:43:22.000Z",45.701965,5.883716,1,3.75,6.25,135,null
"2018-09-20T19:47:22.000Z",45.701965,5.883716,2,4.25,7.75,135,null
"2018-09-20T19:52:17.000Z",45.701965,5.883716,0,4,8,112.5,null
"2018-09-20T19:56:17.000Z",45.701965,5.883716,0,2,5.25,112.5,null
"2018-09-20T20:00:17.000Z",45.701965,5.883716,0,2.5,7.25,90,null
"2018-09-20T20:04:21.000Z",45.701965,5.883716,2,6.5,12,112.5,null
"2018-09-20T20:08:21.000Z",45.701965,5.883716,0.75,3.75,9.5,135,null
"2018-09-20T20:12:21.000Z",45.701965,5.883716,2.5,5.25,11,90,null
"2018-09-20T20:16:25.000Z",45.701965,5.883716,3.25,6.25,10.5,90,null
"2018-09-20T20:20:25.000Z",45.701965,5.883716,2.5,6.25,12,90,null
"2018-09-20T20:24:25.000Z",45.701965,5.883716,0,5.25,11.5,90,null
"2018-09-20T20:28:29.000Z",45.701965,5.883716,0.25,4.75,9.75,112.5,null
"2018-09-20T20:32:29.000Z",45.701965,5.883716,2.75,5.5,8.25,112.5,null
"2018-09-20T20:36:29.000Z",45.701965,5.883716,2.75,5.75,8.25,112.5,null
"2018-09-20T20:40:33.000Z",45.701965,5.883716,4.5,6.75,11,90,null
"2018-09-20T20:44:33.000Z",45.701965,5.883716,1.5,4,8,90,null
"2018-09-20T20:48:33.000Z",45.701965,5.883716,3.25,5.25,7.75,112.5,null
"2018-09-20T20:52:36.000Z",45.701965,5.883716,3.75,5.5,8,112.5,null
"2018-09-20T20:56:36.000Z",45.701965,5.883716,2.5,4.5,7,90,null
"2018-09-20T21:00:36.000Z",45.701965,5.883716,0.75,2.75,6,90,null
"2018-09-20T21:04:41.000Z",45.701965,5.883716,2.5,4.25,8.25,112.5,null
"2018-09-20T21:08:41.000Z",45.701965,5.883716,1.75,6,8.75,135,null
"2018-09-20T21:12:41.000Z",45.701965,5.883716,2.75,5.5,8.75,112.5,null
"2018-09-20T21:16:45.000Z",45.701965,5.883716,2.5,4.5,7.75,112.5,null
"2018-09-20T21:20:45.000Z",45.701965,5.883716,3.75,5.5,7.25,135,null
"2018-09-20T21:24:45.000Z",45.701965,5.883716,3.25,5.25,8.25,135,null
"2018-09-20T21:28:49.000Z",45.701965,5.883716,2,4.75,8,135,null
"2018-09-20T21:32:49.000Z",45.701965,5.883716,1.75,5.25,8.75,112.5,null
"2018-09-20T21:36:49.000Z",45.701965,5.883716,2.75,5.5,9.75,112.5,null
"2018-09-20T21:40:53.000Z",45.701965,5.883716,1.75,5,9.75,112.5,null
"2018-09-20T21:44:53.000Z",45.701965,5.883716,1.5,4.75,9.5,135,null
"2018-09-20T21:48:53.000Z",45.701965,5.883716,0.75,3.75,7.25,135,null
"2018-09-20T21:52:58.000Z",45.701965,5.883716,0.25,4.25,8.75,112.5,null
"2018-09-20T21:56:58.000Z",45.701965,5.883716,0,4.25,11,157.5,null
"2018-09-20T22:00:58.000Z",45.701965,5.883716,0,3.75,10.5,112.5,null
"2018-09-20T22:05:01.000Z",45.701965,5.883716,0,2.25,6.5,135,null
"2018-09-20T22:09:01.000Z",45.701965,5.883716,1,4.25,7,157.5,null
"2018-09-20T22:13:01.000Z",45.701965,5.883716,0,1,4.5,157.5,null
"2018-09-20T22:17:05.000Z",45.701965,5.883716,0,2,8.75,157.5,null
"2018-09-20T22:21:05.000Z",45.701965,5.883716,0,3,8.25,112.5,null
"2018-09-20T22:25:05.000Z",45.701965,5.883716,2,6.25,9.75,112.5,null
"2018-09-20T22:29:09.000Z",45.701965,5.883716,3.75,6.75,11,90,null
"2018-09-20T22:33:09.000Z",45.701965,5.883716,3.75,6.75,9.75,90,null
"2018-09-20T22:37:09.000Z",45.701965,5.883716,2.75,6.5,12,90,null
"2018-09-20T22:41:13.000Z",45.701965,5.883716,2.5,8,12.5,90,null
"2018-09-20T22:45:13.000Z",45.701965,5.883716,3.5,6,9.5,90,null
"2018-09-20T22:49:13.000Z",45.701965,5.883716,1.5,4.5,8.75,112.5,null
"2018-09-20T22:53:17.000Z",45.701965,5.883716,0,3.5,7.25,112.5,null
"2018-09-20T22:57:17.000Z",45.701965,5.883716,1,4.75,8.75,135,null
"2018-09-20T23:01:17.000Z",45.701965,5.883716,2,5,9,90,null
"2018-09-20T23:05:21.000Z",45.701965,5.883716,0.75,2.75,5.5,135,null
"2018-09-20T23:09:21.000Z",45.701965,5.883716,1,2.75,5.5,135,null
"2018-09-20T23:13:21.000Z",45.701965,5.883716,0,3.25,9,157.5,null
"2018-09-20T23:17:25.000Z",45.701965,5.883716,0.25,4.5,9.5,112.5,null
"2018-09-20T23:21:25.000Z",45.701965,5.883716,0.75,4,7.75,90,null
"2018-09-20T23:25:25.000Z",45.701965,5.883716,0.75,5,11,112.5,null
"2018-09-20T23:29:30.000Z",45.701965,5.883716,2,6.5,12,90,null
"2018-09-20T23:33:30.000Z",45.701965,5.883716,3.75,6.75,11,90,null
"2018-09-20T23:37:30.000Z",45.701965,5.883716,0.75,4,7.75,112.5,null
"2018-09-20T23:41:34.000Z",45.701965,5.883716,0.75,3.75,7,135,null
"2018-09-20T23:45:34.000Z",45.701965,5.883716,1,3.75,6.25,135,null
"2018-09-20T23:49:34.000Z",45.701965,5.883716,0,4,8,90,null
"2018-09-20T23:53:38.000Z",45.701965,5.883716,2.75,5,7.75,90,null
"2018-09-20T23:57:38.000Z",45.701965,5.883716,1,3.75,7,112.5,null
"2018-09-21T00:01:38.000Z",45.701965,5.883716,0.25,2.75,6.5,112.5,null
"2018-09-21T00:05:42.000Z",45.701965,5.883716,0.75,3.25,7.75,112.5,null
"2018-09-21T00:09:42.000Z",45.701965,5.883716,1.5,3.25,6.5,112.5,null
"2018-09-21T00:13:42.000Z",45.701965,5.883716,1.5,4,6.5,112.5,null
"2018-09-21T00:17:46.000Z",45.701965,5.883716,0,2.5,6.5,135,null
"2018-09-21T00:21:46.000Z",45.701965,5.883716,0,2.75,6,112.5,null
"2018-09-21T00:25:46.000Z",45.701965,5.883716,0.75,3.75,7.25,112.5,null
"2018-09-21T00:29:50.000Z",45.701965,5.883716,0.25,4,7,112.5,null
"2018-09-21T00:33:50.000Z",45.701965,5.883716,0,2.75,6,112.5,null
"2018-09-21T00:37:50.000Z",45.701965,5.883716,0,2,7.75,112.5,null
"2018-09-21T00:41:53.000Z",45.701965,5.883716,0.75,2.5,5.25,112.5,null
"2018-09-21T00:45:53.000Z",45.701965,5.883716,0,3.25,9,112.5,null
"2018-09-21T00:49:53.000Z",45.701965,5.883716,3.25,6,10,90,null
"2018-09-21T00:53:58.000Z",45.701965,5.883716,3.5,6,9.5,90,null
"2018-09-21T00:57:58.000Z",45.701965,5.883716,2.75,5.25,10.5,90,null
"2018-09-21T01:01:58.000Z",45.701965,5.883716,1.5,4,7.75,90,null
"2018-09-21T01:06:02.000Z",45.701965,5.883716,1.5,4,7.25,112.5,null
"2018-09-21T01:10:02.000Z",45.701965,5.883716,3.75,6,10,90,null
"2018-09-21T01:14:02.000Z",45.701965,5.883716,2.75,6,9.75,90,null
"2018-09-21T01:18:06.000Z",45.701965,5.883716,0,3,7,90,null
"2018-09-21T01:22:06.000Z",45.701965,5.883716,0,2,5.5,0,null
"2018-09-21T01:26:06.000Z",45.701965,5.883716,0,0,1,22.5,null
"2018-09-21T01:30:10.000Z",45.701965,5.883716,0,0.25,1,22.5,null
"2018-09-21T01:34:10.000Z",45.701965,5.883716,0,0,0.25,22.5,null
"2018-09-21T01:38:10.000Z",45.701965,5.883716,0,0,1.75,22.5,null
"2018-09-21T01:42:14.000Z",45.701965,5.883716,2.75,5.5,9.75,90,null
"2018-09-21T01:46:14.000Z",45.701965,5.883716,2.75,4.5,7.75,90,null
"2018-09-21T01:50:14.000Z",45.701965,5.883716,3.75,6,9,112.5,null
"2018-09-21T01:54:17.000Z",45.701965,5.883716,2.5,4.75,7,90,null
"2018-09-21T01:58:17.000Z",45.701965,5.883716,2,4.5,6.25,67.5,null
"2018-09-21T02:02:17.000Z",45.701965,5.883716,2,4.75,7,90,null
"2018-09-21T02:06:22.000Z",45.701965,5.883716,3.25,4.5,6,90,null
"2018-09-21T02:10:22.000Z",45.701965,5.883716,1.5,3.75,6.25,112.5,null
"2018-09-21T02:14:22.000Z",45.701965,5.883716,1.5,3.5,6,90,null
"2018-09-21T02:18:26.000Z",45.701965,5.883716,2.5,4.25,7.25,90,null
"2018-09-21T02:22:26.000Z",45.701965,5.883716,3.25,6,10,112.5,null
"2018-09-21T02:26:26.000Z",45.701965,5.883716,4.25,6.25,9,90,null
"2018-09-21T02:30:30.000Z",45.701965,5.883716,3.25,5.5,9.75,112.5,null
"2018-09-21T02:34:30.000Z",45.701965,5.883716,4.25,6,8.75,112.5,null
"2018-09-21T02:38:30.000Z",45.701965,5.883716,2.5,6,10,90,null
"2018-09-21T02:42:34.000Z",45.701965,5.883716,4,6.25,10,112.5,null
"2018-09-21T02:46:34.000Z",45.701965,5.883716,3.25,5,7.75,112.5,null
"2018-09-21T02:50:34.000Z",45.701965,5.883716,3.75,5.25,8,112.5,null
"2018-09-21T02:54:38.000Z",45.701965,5.883716,3.75,6.25,8.25,112.5,null
"2018-09-21T02:58:38.000Z",45.701965,5.883716,3.5,6.75,9.5,112.5,null
"2018-09-21T03:02:38.000Z",45.701965,5.883716,3.5,5.75,12,112.5,null
"2018-09-21T03:06:42.000Z",45.701965,5.883716,3.75,8.25,12,90,null
"2018-09-21T03:10:42.000Z",45.701965,5.883716,3.5,7,12,90,null
"2018-09-21T03:14:42.000Z",45.701965,5.883716,3.25,5.5,8.75,90,null
"2018-09-21T03:18:46.000Z",45.701965,5.883716,2,4.5,7,90,null
"2018-09-21T03:22:46.000Z",45.701965,5.883716,3.25,6.25,9.75,90,null
"2018-09-21T03:26:46.000Z",45.701965,5.883716,2.5,5.5,8.25,90,null
"2018-09-21T03:30:51.000Z",45.701965,5.883716,3.75,6.5,10,90,null
"2018-09-21T03:34:51.000Z",45.701965,5.883716,2.5,5.5,8,112.5,null
"2018-09-21T03:38:51.000Z",45.701965,5.883716,2.75,7,11,112.5,null
"2018-09-21T03:42:55.000Z",45.701965,5.883716,2,6.25,10.5,90,null
"2018-09-21T03:46:55.000Z",45.701965,5.883716,3.5,7,10,90,null
"2018-09-21T03:50:55.000Z",45.701965,5.883716,1.5,6.75,12.5,90,null
"2018-09-21T03:54:59.000Z",45.701965,5.883716,4.5,8.25,11.5,90,null
"2018-09-21T03:58:59.000Z",45.701965,5.883716,2.75,5.75,10,90,null
"2018-09-21T04:02:59.000Z",45.701965,5.883716,3.75,6.5,11,90,null
"2018-09-21T04:07:03.000Z",45.701965,5.883716,3.5,5.25,8,112.5,null
"2018-09-21T04:11:03.000Z",45.701965,5.883716,1.75,6.25,10.5,112.5,null
"2018-09-21T04:15:03.000Z",45.701965,5.883716,1,4.75,9,135,null
"2018-09-21T04:19:06.000Z",45.701965,5.883716,2.75,5.75,9.75,112.5,null
"2018-09-21T04:23:06.000Z",45.701965,5.883716,3.5,6.25,9,90,null
"2018-09-21T04:27:06.000Z",45.701965,5.883716,2.5,5.25,8.25,90,null
"2018-09-21T04:31:11.000Z",45.701965,5.883716,2,5.5,9.75,90,null
"2018-09-21T04:35:11.000Z",45.701965,5.883716,3.25,5.25,9,90,null
"2018-09-21T04:39:11.000Z",45.701965,5.883716,2.5,5.25,9,90,null
"2018-09-21T04:43:15.000Z",45.701965,5.883716,1,5,9,90,null
"2018-09-21T04:47:15.000Z",45.701965,5.883716,1,5.75,9.5,90,null
"2018-09-21T04:51:15.000Z",45.701965,5.883716,3.75,6.5,11,90,null
"2018-09-21T04:55:18.000Z",45.701965,5.883716,2.75,7.25,11,90,null
"2018-09-21T04:59:18.000Z",45.701965,5.883716,0.75,6.5,13,90,null
"2018-09-21T05:03:18.000Z",45.701965,5.883716,0.25,4.75,11,112.5,null
"2018-09-21T05:07:23.000Z",45.701965,5.883716,0,3.5,8,112.5,null
"2018-09-21T05:11:23.000Z",45.701965,5.883716,1.5,4.75,8.25,90,null
"2018-09-21T05:15:23.000Z",45.701965,5.883716,2.75,6,9,90,null
"2018-09-21T05:19:27.000Z",45.701965,5.883716,0.25,5,12,112.5,null
"2018-09-21T05:23:27.000Z",45.701965,5.883716,0.75,4.5,8.75,90,null
"2018-09-21T05:27:27.000Z",45.701965,5.883716,0.75,4.75,9.75,112.5,null
"2018-09-21T05:31:30.000Z",45.701965,5.883716,1,4.75,9.75,112.5,null
"2018-09-21T05:35:30.000Z",45.701965,5.883716,0,2.75,6.25,90,null
"2018-09-21T05:39:30.000Z",45.701965,5.883716,3.25,5.25,7.25,90,null
"2018-09-21T05:43:35.000Z",45.701965,5.883716,3.5,6.25,8.25,90,null
"2018-09-21T05:47:35.000Z",45.701965,5.883716,1.75,5,7.25,67.5,null
"2018-09-21T05:51:35.000Z",45.701965,5.883716,2,4.25,7.25,67.5,null
"2018-09-21T05:55:39.000Z",45.701965,5.883716,1,3,5.5,67.5,null
"2018-09-21T05:59:39.000Z",45.701965,5.883716,0.25,2.25,4.5,67.5,null
"2018-09-21T06:03:39.000Z",45.701965,5.883716,1.75,3.5,6.25,67.5,null
"2018-09-21T06:07:43.000Z",45.701965,5.883716,5.5,7.5,11,90,null
"2018-09-21T06:11:43.000Z",45.701965,5.883716,4.25,6.75,9,90,null
"2018-09-21T06:15:43.000Z",45.701965,5.883716,2,4.5,8.25,90,null
"2018-09-21T06:19:47.000Z",45.701965,5.883716,1.5,3,5.5,90,null
"2018-09-21T06:23:47.000Z",45.701965,5.883716,1.75,4.5,7,112.5,null
"2018-09-21T06:27:47.000Z",45.701965,5.883716,2.5,6,10,90,null
"2018-09-21T06:31:51.000Z",45.701965,5.883716,3.5,6.25,10.5,90,null
"2018-09-21T06:35:51.000Z",45.701965,5.883716,3.75,5.5,9,90,null
"2018-09-21T06:39:51.000Z",45.701965,5.883716,4.5,6.25,9,90,null
"2018-09-21T06:43:55.000Z",45.701965,5.883716,2.75,6,9.75,67.5,null
"2018-09-21T06:47:55.000Z",45.701965,5.883716,3.75,6,8.75,67.5,null
"2018-09-21T06:51:55.000Z",45.701965,5.883716,1.5,5.5,9.75,90,null
"2018-09-21T06:55:59.000Z",45.701965,5.883716,0,1.75,8.25,90,null
"2018-09-21T06:59:59.000Z",45.701965,5.883716,0,2,5.5,135,null
"2018-09-21T07:03:59.000Z",45.701965,5.883716,0,2,4.75,135,null
"2018-09-21T07:08:03.000Z",45.701965,5.883716,1,3.75,7,112.5,null
"2018-09-21T07:12:03.000Z",45.701965,5.883716,0,3.25,6.5,90,null
"2018-09-21T07:16:03.000Z",45.701965,5.883716,0,0.5,3.25,90,null
"2018-09-21T07:20:07.000Z",45.701965,5.883716,0,2.25,4.25,90,null
"2018-09-21T07:24:07.000Z",45.701965,5.883716,0.75,3.5,5.5,67.5,null
"2018-09-21T07:28:07.000Z",45.701965,5.883716,1,4.25,7.75,67.5,null
"2018-09-21T07:32:11.000Z",45.701965,5.883716,0.75,3.25,8.25,90,null
"2018-09-21T07:36:11.000Z",45.701965,5.883716,0,2,6.25,112.5,null
"2018-09-21T07:40:11.000Z",45.701965,5.883716,0,4.5,8.25,112.5,null
"2018-09-21T07:44:16.000Z",45.701965,5.883716,0,4,8,90,null
"2018-09-21T07:48:16.000Z",45.701965,5.883716,0,1.25,8,157.5,null
"2018-09-21T07:52:16.000Z",45.701965,5.883716,0,7,23.5,157.5,null
"2018-09-21T07:56:19.000Z",45.701965,5.883716,4.5,13.5,26.5,157.5,null
"2018-09-21T08:00:19.000Z",45.701965,5.883716,5.5,16.5,26,157.5,null
"2018-09-21T08:04:19.000Z",45.701965,5.883716,6.25,17.5,26,180,null
"2018-09-21T08:08:23.000Z",45.701965,5.883716,9.5,18.5,29,180,null
"2018-09-21T08:12:23.000Z",45.701965,5.883716,5.25,13,22,157.5,null
"2018-09-21T08:16:23.000Z",45.701965,5.883716,0,7.5,19,157.5,null
"2018-09-21T08:20:27.000Z",45.701965,5.883716,0,3,8.75,90,null
"2018-09-21T08:24:27.000Z",45.701965,5.883716,0,7,14.5,180,null
"2018-09-21T08:28:27.000Z",45.701965,5.883716,4.75,12.5,20,157.5,null
"2018-09-21T08:32:31.000Z",45.701965,5.883716,7.25,15.5,22.5,180,null
"2018-09-21T08:36:31.000Z",45.701965,5.883716,6.25,13,18,180,null
"2018-09-21T08:40:31.000Z",45.701965,5.883716,9,15.5,21,180,null
"2018-09-21T08:44:36.000Z",45.701965,5.883716,7.25,13,20.5,180,null
"2018-09-21T08:48:36.000Z",45.701965,5.883716,5.25,13,20,180,null
"2018-09-21T08:52:36.000Z",45.701965,5.883716,3.75,9.5,15,180,null
"2018-09-21T08:56:39.000Z",45.701965,5.883716,4.5,11,20,180,null
"2018-09-21T09:00:39.000Z",45.701965,5.883716,6,10.5,16.5,180,null
"2018-09-21T09:04:39.000Z",45.701965,5.883716,4.5,11,16,180,null
"2018-09-21T09:08:43.000Z",45.701965,5.883716,6.25,12,17.5,157.5,null
"2018-09-21T09:12:43.000Z",45.701965,5.883716,3.5,8.75,14.5,157.5,null
"2018-09-21T09:16:43.000Z",45.701965,5.883716,7.25,11.5,15.5,180,null
"2018-09-21T09:20:48.000Z",45.701965,5.883716,3.75,11,14,180,null
"2018-09-21T09:24:48.000Z",45.701965,5.883716,3.25,10.5,18,180,null
"2018-09-21T09:28:48.000Z",45.701965,5.883716,8.75,12.5,17,202.5,null
"2018-09-21T09:32:52.000Z",45.701965,5.883716,10.5,15.5,20,202.5,null
"2018-09-21T09:36:52.000Z",45.701965,5.883716,12,16.5,20,202.5,null
"2018-09-21T09:40:52.000Z",45.701965,5.883716,10,17,21.5,202.5,null
"2018-09-21T09:44:56.000Z",45.701965,5.883716,13,16.5,20,202.5,null
"2018-09-21T09:48:56.000Z",45.701965,5.883716,5.5,13.5,18,202.5,null
"2018-09-21T09:52:56.000Z",45.701965,5.883716,7,11,13.5,202.5,null
"2018-09-21T09:57:00.000Z",45.701965,5.883716,4.25,8,12.5,202.5,null
"2018-09-21T10:01:00.000Z",45.701965,5.883716,8,10.5,13,202.5,null
"2018-09-21T10:05:00.000Z",45.701965,5.883716,5.5,11.5,14,202.5,null
"2018-09-21T10:09:04.000Z",45.701965,5.883716,6,8,11,202.5,null
"2018-09-21T10:13:04.000Z",45.701965,5.883716,5.25,7,9.5,225,null
"2018-09-21T10:17:04.000Z",45.701965,5.883716,6.25,8.75,12,202.5,null
"2018-09-21T10:21:08.000Z",45.701965,5.883716,6.5,9.25,12,202.5,null
"2018-09-21T10:25:08.000Z",45.701965,5.883716,8.75,10.5,12,202.5,null
"2018-09-21T10:29:08.000Z",45.701965,5.883716,5.5,9.25,12,180,null
"2018-09-21T10:33:12.000Z",45.701965,5.883716,5.5,8.25,10,180,null
"2018-09-21T10:37:12.000Z",45.701965,5.883716,6,7.75,9.5,202.5,null
"2018-09-21T10:41:12.000Z",45.701965,5.883716,2.75,6.75,9,202.5,null
"2018-09-21T10:45:16.000Z",45.701965,5.883716,0,2.25,4.25,180,null
"2018-09-21T10:49:16.000Z",45.701965,5.883716,0,1.25,3.75,225,null
"2018-09-21T10:53:16.000Z",45.701965,5.883716,2.5,5.5,8.25,315,null
"2018-09-21T10:57:20.000Z",45.701965,5.883716,7,8.5,10.5,337.5,null
"2018-09-21T11:01:20.000Z",45.701965,5.883716,9.5,11,13,337.5,null
"2018-09-21T11:05:20.000Z",45.701965,5.883716,10,13,15,337.5,null
"2018-09-21T11:09:24.000Z",45.701965,5.883716,4.25,10,13,337.5,null
"2018-09-21T11:13:24.000Z",45.701965,5.883716,9.5,12.5,15,0,null
"2018-09-21T11:17:24.000Z",45.701965,5.883716,6.5,11,14.5,0,null
"2018-09-21T11:21:28.000Z",45.701965,5.883716,11,14.5,16.5,337.5,null
"2018-09-21T11:25:28.000Z",45.701965,5.883716,11.5,14,15.5,337.5,null
"2018-09-21T11:29:28.000Z",45.701965,5.883716,11.5,13,14.5,337.5,null
"2018-09-21T11:33:33.000Z",45.701965,5.883716,11,12.5,14.5,337.5,null
"2018-09-21T11:37:33.000Z",45.701965,5.883716,12,13.5,15.5,337.5,null
"2018-09-21T11:41:33.000Z",45.701965,5.883716,10,13,15.5,337.5,null
"2018-09-21T11:45:36.000Z",45.701965,5.883716,8,9.75,11,0,null
"2018-09-21T11:49:36.000Z",45.701965,5.883716,3.25,6.75,9,0,null
"2018-09-21T11:53:36.000Z",45.701965,5.883716,1.5,4.5,7.25,0,null
"2018-09-21T11:57:40.000Z",45.701965,5.883716,0,0.75,2.75,0,null
"2018-09-21T12:01:40.000Z",45.701965,5.883716,0,0,0,0,null
"2018-09-21T12:05:40.000Z",45.701965,5.883716,0,2,4.75,337.5,null
"2018-09-21T12:09:44.000Z",45.701965,5.883716,3.5,5.25,7.25,315,null
"2018-09-21T12:13:44.000Z",45.701965,5.883716,2.75,5,7,315,null
"2018-09-21T12:17:44.000Z",45.701965,5.883716,0,1,2.75,315,null
"2018-09-21T12:21:48.000Z",45.701965,5.883716,0,1.25,2.75,315,null
"2018-09-21T12:25:48.000Z",45.701965,5.883716,0,1,1.75,315,null
"2018-09-21T12:29:48.000Z",45.701965,5.883716,0.25,1.25,2.5,315,null
"2018-09-21T12:33:53.000Z",45.701965,5.883716,0,0.5,1.5,315,null
"2018-09-21T12:37:53.000Z",45.701965,5.883716,0,1,6,202.5,null
"2018-09-21T12:41:53.000Z",45.701965,5.883716,0.25,2.5,4.75,157.5,null
"2018-09-21T12:45:56.000Z",45.701965,5.883716,0,2.5,4.5,157.5,null
"2018-09-21T12:49:56.000Z",45.701965,5.883716,0,0.75,3.5,157.5,null
"2018-09-21T12:53:56.000Z",45.701965,5.883716,0,0.75,3.75,157.5,null
"2018-09-21T12:58:00.000Z",45.701965,5.883716,2.75,4.75,7.75,315,null
"2018-09-21T13:02:00.000Z",45.701965,5.883716,0,2.25,5.25,292.5,null
"2018-09-21T13:06:00.000Z",45.701965,5.883716,0,4,13.5,247.5,null
"2018-09-21T13:10:04.000Z",45.701965,5.883716,4.5,8.75,17.5,225,null
"2018-09-21T13:14:04.000Z",45.701965,5.883716,0,1.75,4.75,202.5,null
"2018-09-21T13:18:04.000Z",45.701965,5.883716,1.5,4.5,7.25,270,null
"2018-09-21T13:22:08.000Z",45.701965,5.883716,0,1.75,7.75,270,null
"2018-09-21T13:26:08.000Z",45.701965,5.883716,0,1.5,9.5,337.5,null
"2018-09-21T13:30:08.000Z",45.701965,5.883716,1.75,7.75,14,337.5,null
"2018-09-21T13:34:12.000Z",45.701965,5.883716,6,11.5,16.5,315,null
"2018-09-21T13:38:12.000Z",45.701965,5.883716,7,15.5,28.5,292.5,null
"2018-09-21T13:42:12.000Z",45.701965,5.883716,6.25,11,16.5,292.5,null
"2018-09-21T13:46:17.000Z",45.701965,5.883716,11,16.5,23.5,270,null
"2018-09-21T13:50:17.000Z",45.701965,5.883716,6.5,14,22.5,315,null
"2018-09-21T13:54:17.000Z",45.701965,5.883716,0.75,14,24.5,247.5,null
"2018-09-21T13:58:21.000Z",45.701965,5.883716,1.5,7.75,16.5,225,null
"2018-09-21T14:02:21.000Z",45.701965,5.883716,2,11.5,25.5,202.5,null
"2018-09-21T14:06:21.000Z",45.701965,5.883716,0,5.75,10.5,67.5,null
"2018-09-21T14:10:25.000Z",45.701965,5.883716,1.5,6,9.5,90,null
"2018-09-21T14:14:25.000Z",45.701965,5.883716,6,8.5,13,45,null
"2018-09-21T14:18:25.000Z",45.701965,5.883716,7.25,12,16.5,22.5,null
"2018-09-21T14:22:29.000Z",45.701965,5.883716,1,6.75,14.5,0,null
"2018-09-21T14:26:29.000Z",45.701965,5.883716,0,5.5,13,0,null
"2018-09-21T14:30:29.000Z",45.701965,5.883716,0,1.75,8.75,135,null
"2018-09-21T14:34:33.000Z",45.701965,5.883716,2.75,6,10,157.5,null
"2018-09-21T14:38:33.000Z",45.701965,5.883716,0,5,12,112.5,null
"2018-09-21T14:42:33.000Z",45.701965,5.883716,5.25,14,24.5,180,null
"2018-09-21T14:46:36.000Z",45.701965,5.883716,9,17,30,225,null
"2018-09-21T14:50:36.000Z",45.701965,5.883716,3.5,9,14,225,null
"2018-09-21T14:54:36.000Z",45.701965,5.883716,4.5,8,13.5,225,null
"2018-09-21T14:58:41.000Z",45.701965,5.883716,0,3.5,6.25,247.5,null
"2018-09-21T15:02:41.000Z",45.701965,5.883716,0,1,5.25,90,null
"2018-09-21T15:06:41.000Z",45.701965,5.883716,0,2.25,6,247.5,null
"2018-09-21T15:10:44.000Z",45.701965,5.883716,0,4.5,8.25,45,null
"2018-09-21T15:14:44.000Z",45.701965,5.883716,2,7,13.5,90,null
"2018-09-21T15:18:44.000Z",45.701965,5.883716,3.25,7.75,12,90,null
"2018-09-21T15:22:49.000Z",45.701965,5.883716,0.25,3.25,6.5,90,null
"2018-09-21T15:26:49.000Z",45.701965,5.883716,0,2.5,9,112.5,null
"2018-09-21T15:30:49.000Z",45.701965,5.883716,1.75,5.25,9.5,90,null
"2018-09-21T15:34:53.000Z",45.701965,5.883716,0,5.25,13.5,180,null
"2018-09-21T15:38:53.000Z",45.701965,5.883716,4.75,12.5,20.5,180,null
"2018-09-21T15:42:53.000Z",45.701965,5.883716,2.5,13,30.5,225,null
"2018-09-21T15:46:57.000Z",45.701965,5.883716,14.5,18.5,26.5,225,null
"2018-09-21T15:50:57.000Z",45.701965,5.883716,8.25,13.5,19,247.5,null
"2018-09-21T15:54:57.000Z",45.701965,5.883716,2.75,9.25,12.5,225,null
"2018-09-21T15:59:01.000Z",45.701965,5.883716,1.5,9.5,19,157.5,null
"2018-09-21T16:03:01.000Z",45.701965,5.883716,5.25,9.75,15.5,202.5,null
"2018-09-21T16:07:01.000Z",45.701965,5.883716,4.25,8,12,180,null
"2018-09-21T16:11:05.000Z",45.701965,5.883716,2.5,10,16,225,null
"2018-09-21T16:15:05.000Z",45.701965,5.883716,7.75,11,16,225,null
"2018-09-21T16:19:05.000Z",45.701965,5.883716,8.75,17.5,24.5,202.5,null
"2018-09-21T16:23:09.000Z",45.701965,5.883716,14,21.5,27,202.5,null
"2018-09-21T16:27:09.000Z",45.701965,5.883716,8.75,18,21.5,202.5,null
"2018-09-21T16:31:09.000Z",45.701965,5.883716,16,19.5,22,202.5,null
"2018-09-21T16:35:13.000Z",45.701965,5.883716,14.5,20,23.5,202.5,null
"2018-09-21T16:39:13.000Z",45.701965,5.883716,12,17.5,20,202.5,null
"2018-09-21T16:43:13.000Z",45.701965,5.883716,3.5,12.5,18.5,180,null
"2018-09-21T16:47:17.000Z",45.701965,5.883716,2,13,18,202.5,null
"2018-09-21T16:51:17.000Z",45.701965,5.883716,0,6.25,13,180,null
"2018-09-21T16:55:17.000Z",45.701965,5.883716,2.75,9,15,157.5,null
"2018-09-21T16:59:22.000Z",45.701965,5.883716,0,8.75,18.5,180,null
"2018-09-21T17:03:22.000Z",45.701965,5.883716,3.5,7,11,45,null
"2018-09-21T17:07:22.000Z",45.701965,5.883716,4.25,10,18.5,22.5,null
"2018-09-21T17:11:26.000Z",45.701965,5.883716,18,27,35,315,null
"2018-09-21T17:15:26.000Z",45.701965,5.883716,14.5,20,30.5,292.5,null
"2018-09-21T17:19:26.000Z",45.701965,5.883716,14.5,19,27.5,292.5,null
"2018-09-21T17:23:30.000Z",45.701965,5.883716,1,14.5,36,315,null
"2018-09-21T17:27:30.000Z",45.701965,5.883716,5.5,12,23,270,null
"2018-09-21T17:31:30.000Z",45.701965,5.883716,5.25,18,30.5,247.5,null
"2018-09-21T17:35:33.000Z",45.701965,5.883716,16.5,27.5,37,247.5,null
"2018-09-21T17:39:33.000Z",45.701965,5.883716,13,27,51,247.5,null
"2018-09-21T17:43:33.000Z",45.701965,5.883716,15,21.5,32,270,null
"2018-09-21T17:47:38.000Z",45.701965,5.883716,7,19.5,31,315,null
"2018-09-21T17:51:38.000Z",45.701965,5.883716,3.75,12.5,27.5,292.5,null
"2018-09-21T17:55:38.000Z",45.701965,5.883716,13.5,19,25.5,292.5,null
"2018-09-21T17:59:41.000Z",45.701965,5.883716,8.25,15.5,24.5,270,null
"2018-09-21T18:03:41.000Z",45.701965,5.883716,9.5,19.5,30.5,292.5,null
"2018-09-21T18:07:41.000Z",45.701965,5.883716,15,21.5,29,270,null
"2018-09-21T18:11:46.000Z",45.701965,5.883716,12,18,25.5,292.5,null
"2018-09-21T18:15:46.000Z",45.701965,5.883716,13.5,21,29.5,270,null
"2018-09-21T18:19:46.000Z",45.701965,5.883716,13,19,25.5,270,null
"2018-09-21T18:23:50.000Z",45.701965,5.883716,9.75,16,24,270,null
"2018-09-21T18:27:50.000Z",45.701965,5.883716,5.5,16,26,292.5,null
"2018-09-21T18:31:50.000Z",45.701965,5.883716,13,22.5,35,270,null
"2018-09-21T18:35:54.000Z",45.701965,5.883716,23.5,35.5,52,270,null
"2018-09-21T18:39:54.000Z",45.701965,5.883716,23.5,32,40,292.5,null
"2018-09-21T18:43:54.000Z",45.701965,5.883716,21,35.5,51,270,null
"2018-09-21T18:47:58.000Z",45.701965,5.883716,19,30.5,50.5,292.5,null
"2018-09-21T18:51:58.000Z",45.701965,5.883716,23.5,35,46.5,270,null
"2018-09-21T18:55:58.000Z",45.701965,5.883716,20.5,32,45,292.5,null
"2018-09-21T19:00:02.000Z",45.701965,5.883716,26.5,37,50.5,270,null
"2018-09-21T19:04:02.000Z",45.701965,5.883716,26.5,38,47.5,270,null
"2018-09-21T19:08:02.000Z",45.701965,5.883716,21,35.5,51.5,270,null
"2018-09-21T19:12:06.000Z",45.701965,5.883716,17,29.5,39.5,292.5,null
"2018-09-21T19:16:06.000Z",45.701965,5.883716,19.5,29,39.5,292.5,null
"2018-09-21T19:20:06.000Z",45.701965,5.883716,6.25,23,34,315,null
"2018-09-21T19:24:10.000Z",45.701965,5.883716,11,19.5,33,292.5,null
"2018-09-21T19:28:10.000Z",45.701965,5.883716,14.5,28,38.5,292.5,null
"2018-09-21T19:32:10.000Z",45.701965,5.883716,19,29.5,38.5,292.5,null
"2018-09-21T19:36:14.000Z",45.701965,5.883716,21,30.5,41.5,270,null
"2018-09-21T19:40:14.000Z",45.701965,5.883716,14.5,26,38.5,292.5,null
"2018-09-21T19:44:14.000Z",45.701965,5.883716,23,32,41,292.5,null
"2018-09-21T19:48:26.000Z",45.701965,5.883716,24.5,34,42,270,null
"2018-09-21T19:52:26.000Z",45.701965,5.883716,22,33,43,292.5,null
"2018-09-21T19:56:26.000Z",45.701965,5.883716,22.5,30.5,38.5,292.5,null
"2018-09-21T20:00:30.000Z",45.701965,5.883716,16.5,31.5,49.5,315,null
"2018-09-21T20:04:30.000Z",45.701965,5.883716,18,25,31.5,337.5,null
"2018-09-21T20:08:30.000Z",45.701965,5.883716,9.5,17.5,30,337.5,null
"2018-09-21T20:12:34.000Z",45.701965,5.883716,18.5,23.5,27.5,315,null
"2018-09-21T20:16:34.000Z",45.701965,5.883716,15,21.5,28,315,null
"2018-09-21T20:20:34.000Z",45.701965,5.883716,2.5,16,26,315,null
"2018-09-21T20:24:39.000Z",45.701965,5.883716,6.5,12,20.5,337.5,null
"2018-09-21T20:28:39.000Z",45.701965,5.883716,6.25,13.5,20.5,337.5,null
"2018-09-21T20:32:39.000Z",45.701965,5.883716,6.5,13.5,18.5,0,null
"2018-09-21T20:36:43.000Z",45.701965,5.883716,3.25,12.5,18,0,null
"2018-09-21T20:40:43.000Z",45.701965,5.883716,10,15.5,19.5,22.5,null
"2018-09-21T20:44:43.000Z",45.701965,5.883716,5.25,11,17.5,22.5,null
"2018-09-21T20:48:46.000Z",45.701965,5.883716,5.5,10.5,15.5,45,null
"2018-09-21T20:52:46.000Z",45.701965,5.883716,4.5,8,12,45,null
"2018-09-21T20:56:46.000Z",45.701965,5.883716,4.75,9.25,14,45,null
"2018-09-21T21:00:50.000Z",45.701965,5.883716,4.75,7.5,12,22.5,null
"2018-09-21T21:04:50.000Z",45.701965,5.883716,2.75,8.25,15,22.5,null
"2018-09-21T21:08:50.000Z",45.701965,5.883716,6.25,9.5,13,22.5,null
"2018-09-21T21:12:54.000Z",45.701965,5.883716,5.25,8,11.5,45,null
"2018-09-21T21:16:54.000Z",45.701965,5.883716,3.75,6.75,10.5,45,null
"2018-09-21T21:20:54.000Z",45.701965,5.883716,1.5,4.75,9.5,67.5,null
"2018-09-21T21:24:58.000Z",45.701965,5.883716,0.75,4,7.75,90,null
"2018-09-21T21:28:58.000Z",45.701965,5.883716,2,5.75,12,90,null
"2018-09-21T21:32:58.000Z",45.701965,5.883716,2.5,6.5,11,90,null
"2018-09-21T21:37:03.000Z",45.701965,5.883716,1.75,5,9.75,112.5,null
"2018-09-21T21:41:03.000Z",45.701965,5.883716,0,1.75,4.75,112.5,null
"2018-09-21T21:45:03.000Z",45.701965,5.883716,1,3.25,6.5,112.5,null
"2018-09-21T21:49:07.000Z",45.701965,5.883716,0.25,3.5,8,112.5,null
"2018-09-21T21:53:07.000Z",45.701965,5.883716,0,2.25,6.25,112.5,null
"2018-09-21T21:57:07.000Z",45.701965,5.883716,0.75,2.5,4.25,112.5,null
"2018-09-21T22:01:11.000Z",45.701965,5.883716,0,1.75,3.75,112.5,null
"2018-09-21T22:05:11.000Z",45.701965,5.883716,0,0,0,112.5,null
"2018-09-21T22:09:11.000Z",45.701965,5.883716,0,0.25,4.25,67.5,null
"2018-09-21T22:13:14.000Z",45.701965,5.883716,2,5,8.75,337.5,null
"2018-09-21T22:17:14.000Z",45.701965,5.883716,3.25,5,9.75,337.5,null
"2018-09-21T22:21:14.000Z",45.701965,5.883716,2.75,5.25,8.75,315,null
"2018-09-21T22:25:18.000Z",45.701965,5.883716,7.25,12,18,315,null
"2018-09-21T22:29:18.000Z",45.701965,5.883716,11.5,15.5,22.5,315,null
"2018-09-21T22:33:18.000Z",45.701965,5.883716,14,20.5,31.5,315,null
"2018-09-21T22:37:22.000Z",45.701965,5.883716,10,17,25,315,null
"2018-09-21T22:41:22.000Z",45.701965,5.883716,8.75,19.5,31.5,315,null
"2018-09-21T22:45:22.000Z",45.701965,5.883716,12.5,22,38.5,315,null
"2018-09-21T22:49:26.000Z",45.701965,5.883716,15,24.5,34,315,null
"2018-09-21T22:53:26.000Z",45.701965,5.883716,23,32,40,292.5,null
"2018-09-21T22:57:26.000Z",45.701965,5.883716,13,28.5,46.5,292.5,null
"2018-09-21T23:01:31.000Z",45.701965,5.883716,16,29,44,292.5,null
"2018-09-21T23:05:31.000Z",45.701965,5.883716,13,28,37,292.5,null
"2018-09-21T23:09:31.000Z",45.701965,5.883716,25,32.5,43,270,null
"2018-09-21T23:13:34.000Z",45.701965,5.883716,13,24.5,32.5,292.5,null
"2018-09-21T23:17:34.000Z",45.701965,5.883716,6.25,17.5,30,292.5,null
"2018-09-21T23:21:34.000Z",45.701965,5.883716,4.75,14.5,25,337.5,null
"2018-09-21T23:25:39.000Z",45.701965,5.883716,4.25,9,19,22.5,null
"2018-09-21T23:29:39.000Z",45.701965,5.883716,4.5,7.25,9.75,22.5,null
"2018-09-21T23:33:39.000Z",45.701965,5.883716,4.25,6.75,10,0,null
"2018-09-21T23:37:43.000Z",45.701965,5.883716,4.5,8.5,12.5,0,null
"2018-09-21T23:41:43.000Z",45.701965,5.883716,9,14,18.5,0,null
"2018-09-21T23:45:43.000Z",45.701965,5.883716,7.75,11.5,16.5,337.5,null
"2018-09-21T23:49:47.000Z",45.701965,5.883716,10,13.5,18,0,null
"2018-09-21T23:53:47.000Z",45.701965,5.883716,10.5,14.5,19,337.5,null
"2018-09-21T23:57:47.000Z",45.701965,5.883716,11.5,16.5,22.5,315,null
"2018-09-22T00:01:51.000Z",45.701965,5.883716,11,17.5,23.5,337.5,null
"2018-09-22T00:05:51.000Z",45.701965,5.883716,9.5,17.5,31.5,337.5,null
"2018-09-22T00:09:51.000Z",45.701965,5.883716,1,9.25,22,0,null
"2018-09-22T00:13:55.000Z",45.701965,5.883716,0,2.5,8,22.5,null
"2018-09-22T00:17:55.000Z",45.701965,5.883716,0.25,6.25,15.5,0,null
"2018-09-22T00:21:55.000Z",45.701965,5.883716,5.5,12,19.5,22.5,null
"2018-09-22T00:25:59.000Z",45.701965,5.883716,6,13,20,22.5,null
"2018-09-22T00:29:59.000Z",45.701965,5.883716,8.75,16,23,22.5,null
"2018-09-22T00:33:59.000Z",45.701965,5.883716,9.5,14.5,22.5,0,null
"2018-09-22T00:38:03.000Z",45.701965,5.883716,8,16.5,24.5,0,null
"2018-09-22T00:42:03.000Z",45.701965,5.883716,9,16.5,21,0,null
"2018-09-22T00:46:03.000Z",45.701965,5.883716,9.75,15,21,22.5,null
"2018-09-22T00:50:07.000Z",45.701965,5.883716,7,11.5,18.5,22.5,null
"2018-09-22T00:54:07.000Z",45.701965,5.883716,9.5,15.5,20,22.5,null
"2018-09-22T00:58:07.000Z",45.701965,5.883716,3.75,13,21,22.5,null
"2018-09-22T01:02:11.000Z",45.701965,5.883716,6.25,12.5,19.5,22.5,null
"2018-09-22T01:06:11.000Z",45.701965,5.883716,8.25,14,21,22.5,null
"2018-09-22T01:10:11.000Z",45.701965,5.883716,5.5,13.5,22,337.5,null
"2018-09-22T01:14:15.000Z",45.701965,5.883716,4.5,13,25,0,null
"2018-09-22T01:18:15.000Z",45.701965,5.883716,8.25,13,18,0,null
"2018-09-22T01:22:15.000Z",45.701965,5.883716,6.25,12.5,20,22.5,null
"2018-09-22T01:26:20.000Z",45.701965,5.883716,2,8.75,17,22.5,null
"2018-09-22T01:30:20.000Z",45.701965,5.883716,3.5,12,23.5,22.5,null
"2018-09-22T01:34:20.000Z",45.701965,5.883716,6,10.5,14.5,22.5,null
"2018-09-22T01:38:24.000Z",45.701965,5.883716,3.75,7.5,11,45,null
"2018-09-22T01:42:24.000Z",45.701965,5.883716,3.75,9,13,22.5,null
"2018-09-22T01:46:24.000Z",45.701965,5.883716,5.5,11,15.5,22.5,null
"2018-09-22T01:50:28.000Z",45.701965,5.883716,6.25,12,18,22.5,null
"2018-09-22T01:54:28.000Z",45.701965,5.883716,6.25,12.5,19.5,22.5,null
"2018-09-22T01:58:28.000Z",45.701965,5.883716,7,13,18.5,22.5,null
"2018-09-22T02:02:31.000Z",45.701965,5.883716,8.25,14,20.5,22.5,null
"2018-09-22T02:06:31.000Z",45.701965,5.883716,8,12,15.5,22.5,null
"2018-09-22T02:10:31.000Z",45.701965,5.883716,1.75,10,17.5,22.5,null
"2018-09-22T02:14:36.000Z",45.701965,5.883716,0,9.25,19,0,null
"2018-09-22T02:18:36.000Z",45.701965,5.883716,1,6.75,18,22.5,null
"2018-09-22T02:22:36.000Z",45.701965,5.883716,3.5,9.75,19,45,null
"2018-09-22T02:26:40.000Z",45.701965,5.883716,4.75,15.5,23.5,22.5,null
"2018-09-22T02:30:40.000Z",45.701965,5.883716,5.5,15,26,22.5,null
"2018-09-22T02:34:40.000Z",45.701965,5.883716,8,16,29,22.5,null
"2018-09-22T02:38:44.000Z",45.701965,5.883716,6.25,16,22.5,22.5,null
"2018-09-22T02:42:44.000Z",45.701965,5.883716,3.25,12,23.5,22.5,null
"2018-09-22T02:46:44.000Z",45.701965,5.883716,5.25,13,24,22.5,null
"2018-09-22T02:50:48.000Z",45.701965,5.883716,2,8.75,20.5,22.5,null
"2018-09-22T02:54:48.000Z",45.701965,5.883716,4.25,11,19.5,22.5,null
"2018-09-22T02:58:48.000Z",45.701965,5.883716,3.25,11,19,22.5,null
"2018-09-22T03:02:52.000Z",45.701965,5.883716,4.75,10.5,19,0,null
"2018-09-22T03:06:52.000Z",45.701965,5.883716,4.5,8.25,14,22.5,null
"2018-09-22T03:10:52.000Z",45.701965,5.883716,4.25,7.25,12,45,null
"2018-09-22T03:14:56.000Z",45.701965,5.883716,4.5,8.5,13,45,null
"2018-09-22T03:18:56.000Z",45.701965,5.883716,2.5,5.5,9.5,67.5,null
"2018-09-22T03:22:56.000Z",45.701965,5.883716,0,3,6.25,90,null
"2018-09-22T03:26:59.000Z",45.701965,5.883716,1.75,4.5,9,90,null
"2018-09-22T03:30:59.000Z",45.701965,5.883716,3.5,7,9.5,90,null
"2018-09-22T03:34:59.000Z",45.701965,5.883716,3.25,5.5,8,67.5,null
"2018-09-22T03:39:04.000Z",45.701965,5.883716,1.5,4,8,90,null
"2018-09-22T03:43:04.000Z",45.701965,5.883716,2.5,4.75,6.5,90,null
"2018-09-22T03:47:04.000Z",45.701965,5.883716,2,4.5,7,90,null
"2018-09-22T03:51:07.000Z",45.701965,5.883716,2.5,5.25,7,67.5,null
"2018-09-22T03:55:07.000Z",45.701965,5.883716,0,2.5,5.5,22.5,null
"2018-09-22T03:59:07.000Z",45.701965,5.883716,1,5.5,12,22.5,null
"2018-09-22T04:03:12.000Z",45.701965,5.883716,10.5,16.5,19.5,0,null
"2018-09-22T04:07:12.000Z",45.701965,5.883716,8.75,16,20.5,337.5,null
"2018-09-22T04:11:12.000Z",45.701965,5.883716,0.25,4.75,11,22.5,null
"2018-09-22T04:15:16.000Z",45.701965,5.883716,2.75,12.5,20,337.5,null
"2018-09-22T04:19:16.000Z",45.701965,5.883716,3.25,8.5,14.5,0,null
"2018-09-22T04:23:16.000Z",45.701965,5.883716,0,3,8,67.5,null
"2018-09-22T04:27:20.000Z",45.701965,5.883716,1.75,6.75,10.5,45,null
"2018-09-22T04:31:20.000Z",45.701965,5.883716,3.75,7.75,12,45,null
"2018-09-22T04:35:20.000Z",45.701965,5.883716,4.75,8.75,13,22.5,null
"2018-09-22T04:39:24.000Z",45.701965,5.883716,7.75,13,19.5,22.5,null
"2018-09-22T04:43:24.000Z",45.701965,5.883716,6.5,12.5,20,22.5,null
"2018-09-22T04:47:24.000Z",45.701965,5.883716,6.5,14,20,22.5,null
"2018-09-22T04:51:28.000Z",45.701965,5.883716,4.5,8,12.5,22.5,null
"2018-09-22T04:55:28.000Z",45.701965,5.883716,5.25,7.5,11,45,null
"2018-09-22T04:59:28.000Z",45.701965,5.883716,4.75,8.25,13,45,null
"2018-09-22T05:03:32.000Z",45.701965,5.883716,2.75,7,10.5,45,null
"2018-09-22T05:07:32.000Z",45.701965,5.883716,3.5,7.5,11.5,45,null
"2018-09-22T05:11:32.000Z",45.701965,5.883716,4.25,7.75,11,45,null
"2018-09-22T05:15:36.000Z",45.701965,5.883716,1.5,5,8.25,45,null
"2018-09-22T05:19:36.000Z",45.701965,5.883716,1.5,5.25,11.5,67.5,null
"2018-09-22T05:23:36.000Z",45.701965,5.883716,4.25,6.25,8.25,67.5,null
"2018-09-22T05:27:40.000Z",45.701965,5.883716,5.25,6.75,9.5,67.5,null
"2018-09-22T05:31:40.000Z",45.701965,5.883716,3.5,5.75,10,67.5,null
"2018-09-22T05:35:40.000Z",45.701965,5.883716,3.25,6,11,67.5,null
"2018-09-22T05:39:45.000Z",45.701965,5.883716,3.5,5.75,8,67.5,null
"2018-09-22T05:43:45.000Z",45.701965,5.883716,3.5,6,8.75,67.5,null
"2018-09-22T05:47:45.000Z",45.701965,5.883716,5.25,7.75,11,90,null
"2018-09-22T05:51:48.000Z",45.701965,5.883716,3.5,6,8.75,67.5,null
"2018-09-22T05:55:48.000Z",45.701965,5.883716,3.5,6,10.5,67.5,null
"2018-09-22T05:59:48.000Z",45.701965,5.883716,0.25,6.25,11,67.5,null
"2018-09-22T06:03:53.000Z",45.701965,5.883716,1.75,11.5,20,0,null
"2018-09-22T06:07:53.000Z",45.701965,5.883716,12,17,22,0,null
"2018-09-22T06:11:53.000Z",45.701965,5.883716,10.5,16.5,21.5,0,null
"2018-09-22T06:15:57.000Z",45.701965,5.883716,8,14,20.5,0,null
"2018-09-22T06:19:57.000Z",45.701965,5.883716,2,8,14.5,22.5,null
"2018-09-22T06:23:57.000Z",45.701965,5.883716,3.25,6.5,8.25,67.5,null
"2018-09-22T06:28:01.000Z",45.701965,5.883716,2.75,6,11.5,67.5,null
"2018-09-22T06:32:01.000Z",45.701965,5.883716,1.5,8.5,15.5,22.5,null
"2018-09-22T06:36:01.000Z",45.701965,5.883716,9.5,14.5,24.5,0,null
"2018-09-22T06:40:05.000Z",45.701965,5.883716,9,15.5,19.5,0,null
"2018-09-22T06:44:05.000Z",45.701965,5.883716,11,16,19.5,0,null
"2018-09-22T06:48:05.000Z",45.701965,5.883716,13,16.5,21.5,0,null
"2018-09-22T06:52:08.000Z",45.701965,5.883716,7,12.5,18,22.5,null
"2018-09-22T06:56:08.000Z",45.701965,5.883716,6,10,14,22.5,null
"2018-09-22T07:00:08.000Z",45.701965,5.883716,7,11,14.5,0,null
"2018-09-22T07:04:13.000Z",45.701965,5.883716,9,12,15.5,0,null
"2018-09-22T07:08:13.000Z",45.701965,5.883716,8.75,11.5,15.5,0,null
"2018-09-22T07:12:13.000Z",45.701965,5.883716,9.75,13,16.5,0,null
"2018-09-22T07:16:17.000Z",45.701965,5.883716,13,15.5,18,0,null
"2018-09-22T07:20:17.000Z",45.701965,5.883716,12,16,19,0,null
"2018-09-22T07:24:17.000Z",45.701965,5.883716,9,13,15.5,0,null
"2018-09-22T07:28:20.000Z",45.701965,5.883716,9.5,13,18,0,null
"2018-09-22T07:32:20.000Z",45.701965,5.883716,10,13.5,16,0,null
"2018-09-22T07:36:20.000Z",45.701965,5.883716,8.75,13.5,17.5,0,null
"2018-09-22T07:40:24.000Z",45.701965,5.883716,12.5,14.5,17,0,null
"2018-09-22T07:44:24.000Z",45.701965,5.883716,10.5,13,16.5,0,null
"2018-09-22T07:48:24.000Z",45.701965,5.883716,8.75,11,14.5,0,null
"2018-09-22T07:52:29.000Z",45.701965,5.883716,7,12.5,15.5,0,null
"2018-09-22T07:56:29.000Z",45.701965,5.883716,10,14.5,17.5,337.5,null
"2018-09-22T08:00:29.000Z",45.701965,5.883716,9,13,18,337.5,null
"2018-09-22T08:04:33.000Z",45.701965,5.883716,9,12,14.5,0,null
"2018-09-22T08:08:33.000Z",45.701965,5.883716,7.25,9.5,12,0,null
"2018-09-22T08:12:33.000Z",45.701965,5.883716,7.25,9.75,13,0,null
"2018-09-22T08:16:37.000Z",45.701965,5.883716,8.25,11.5,14.5,337.5,null
"2018-09-22T08:20:37.000Z",45.701965,5.883716,8,12.5,16.5,0,null
"2018-09-22T08:24:37.000Z",45.701965,5.883716,6.25,10,13,0,null
"2018-09-22T08:28:41.000Z",45.701965,5.883716,3.5,7,12,0,null
"2018-09-22T08:32:41.000Z",45.701965,5.883716,3.75,6.75,9.5,337.5,null
"2018-09-22T08:36:41.000Z",45.701965,5.883716,3.75,6.5,10,337.5,null
"2018-09-22T08:40:45.000Z",45.701965,5.883716,3.75,6.25,8.75,0,null
"2018-09-22T08:44:45.000Z",45.701965,5.883716,1.5,5.75,9.5,337.5,null
"2018-09-22T08:48:45.000Z",45.701965,5.883716,2.75,5,7.75,337.5,null
"2018-09-22T08:52:49.000Z",45.701965,5.883716,2,4,7.25,337.5,null
"2018-09-22T08:56:49.000Z",45.701965,5.883716,3.75,6.25,8.75,337.5,null
"2018-09-22T09:00:49.000Z",45.701965,5.883716,2.75,5.75,9,337.5,null
"2018-09-22T09:04:53.000Z",45.701965,5.883716,3.5,6.5,11,337.5,null
"2018-09-22T09:08:53.000Z",45.701965,5.883716,5.5,8.25,10.5,0,null
"2018-09-22T09:12:53.000Z",45.701965,5.883716,2.5,5.25,8.75,22.5,null
"2018-09-22T09:16:57.000Z",45.701965,5.883716,2.5,5,9.5,0,null
"2018-09-22T09:20:57.000Z",45.701965,5.883716,4.5,7.25,11,337.5,null
"2018-09-22T09:24:57.000Z",45.701965,5.883716,4.5,7,11,337.5,null
"2018-09-22T09:29:02.000Z",45.701965,5.883716,4.5,8.25,11.5,315,null
"2018-09-22T09:33:02.000Z",45.701965,5.883716,7.25,9.5,12,315,null
"2018-09-22T09:37:02.000Z",45.701965,5.883716,5.25,7.5,9,315,null
"2018-09-22T09:41:06.000Z",45.701965,5.883716,6,7.5,9.5,337.5,null
"2018-09-22T09:45:06.000Z",45.701965,5.883716,2.75,5.5,8.25,337.5,null
"2018-09-22T09:49:06.000Z",45.701965,5.883716,0.75,2.75,4.75,337.5,null
"2018-09-22T09:53:10.000Z",45.701965,5.883716,0,2.25,5.5,337.5,null
"2018-09-22T09:57:10.000Z",45.701965,5.883716,2.5,5,7.75,337.5,null
"2018-09-22T10:01:10.000Z",45.701965,5.883716,2.75,6,8.75,337.5,null
"2018-09-22T10:05:13.000Z",45.701965,5.883716,6.25,9.5,12,337.5,null
"2018-09-22T10:09:13.000Z",45.701965,5.883716,7.25,9.5,12,337.5,null
"2018-09-22T10:13:13.000Z",45.701965,5.883716,8,10.5,13,337.5,null
"2018-09-22T10:17:18.000Z",45.701965,5.883716,8,11.5,13.5,337.5,null
"2018-09-22T10:21:18.000Z",45.701965,5.883716,7,10,12,337.5,null
"2018-09-22T10:25:18.000Z",45.701965,5.883716,7.75,10,13,0,null
"2018-09-22T10:29:22.000Z",45.701965,5.883716,5.25,8.75,12,0,null
"2018-09-22T10:33:22.000Z",45.701965,5.883716,8.75,10.5,13.5,0,null
"2018-09-22T10:37:22.000Z",45.701965,5.883716,7.25,9.5,11.5,0,null
"2018-09-22T10:41:26.000Z",45.701965,5.883716,8.25,10,12,337.5,null
"2018-09-22T10:45:26.000Z",45.701965,5.883716,7.75,9.75,11.5,337.5,null
"2018-09-22T10:49:26.000Z",45.701965,5.883716,6.5,8.25,11,337.5,null
"2018-09-22T10:53:30.000Z",45.701965,5.883716,5.25,7.5,9,337.5,null
"2018-09-22T10:57:30.000Z",45.701965,5.883716,5.25,6.75,9.5,337.5,null
"2018-09-22T11:01:30.000Z",45.701965,5.883716,5.25,7.5,10.5,337.5,null
"2018-09-22T11:05:34.000Z",45.701965,5.883716,5.25,7.75,9.5,337.5,null
"2018-09-22T11:09:34.000Z",45.701965,5.883716,7,8.75,11,337.5,null
"2018-09-22T11:13:34.000Z",45.701965,5.883716,7.25,10.5,13.5,337.5,null
"2018-09-22T11:17:38.000Z",45.701965,5.883716,8,10.5,12.5,337.5,null
"2018-09-22T11:21:38.000Z",45.701965,5.883716,9,10.5,12.5,0,null
"2018-09-22T11:25:38.000Z",45.701965,5.883716,7,9.5,12.5,0,null
"2018-09-22T11:29:42.000Z",45.701965,5.883716,6.25,9,11.5,0,null
"2018-09-22T11:33:42.000Z",45.701965,5.883716,5.25,7.75,9.75,0,null
"2018-09-22T11:37:42.000Z",45.701965,5.883716,4.75,7.5,9.5,337.5,null
"2018-09-22T11:41:46.000Z",45.701965,5.883716,4.5,6.5,9,337.5,null
"2018-09-22T11:45:46.000Z",45.701965,5.883716,6,9,11,315,null
"2018-09-22T11:49:46.000Z",45.701965,5.883716,8,9.75,12,315,null
"2018-09-22T11:53:49.000Z",45.701965,5.883716,7.25,9.75,11.5,315,null
"2018-09-22T11:57:49.000Z",45.701965,5.883716,7,8.75,10,315,null
"2018-09-22T12:01:49.000Z",45.701965,5.883716,5.25,7.25,9.5,337.5,null
"2018-09-22T12:05:54.000Z",45.701965,5.883716,5.25,6.25,8,337.5,null
"2018-09-22T12:09:54.000Z",45.701965,5.883716,4.25,5.25,7,337.5,null
"2018-09-22T12:13:54.000Z",45.701965,5.883716,4.25,6,7.75,315,null
"2018-09-22T12:17:57.000Z",45.701965,5.883716,4.5,6.5,8,315,null
"2018-09-22T12:21:57.000Z",45.701965,5.883716,3.25,4.5,7,337.5,null
"2018-09-22T12:25:57.000Z",45.701965,5.883716,1.5,3.5,6,337.5,null
"2018-09-22T12:30:02.000Z",45.701965,5.883716,3.5,6,7.25,315,null
"2018-09-22T12:34:02.000Z",45.701965,5.883716,4.25,5.5,7,315,null
"2018-09-22T12:38:02.000Z",45.701965,5.883716,1.75,3.75,5.25,315,null
"2018-09-22T12:42:06.000Z",45.701965,5.883716,0,0.75,3.5,315,null
"2018-09-22T12:46:06.000Z",45.701965,5.883716,0,0.5,1.5,315,null
"2018-09-22T12:50:06.000Z",45.701965,5.883716,0,1.5,2.75,315,null
"2018-09-22T12:54:10.000Z",45.701965,5.883716,0.75,1.5,2,292.5,null
"2018-09-22T12:58:10.000Z",45.701965,5.883716,1,2.5,4.5,292.5,null
"2018-09-22T13:02:10.000Z",45.701965,5.883716,0.75,2.25,4.5,292.5,null
"2018-09-22T13:06:14.000Z",45.701965,5.883716,1.5,3,4.5,292.5,null
"2018-09-22T13:10:14.000Z",45.701965,5.883716,1,2.5,3.5,292.5,null
"2018-09-22T13:14:14.000Z",45.701965,5.883716,0,1,3.75,292.5,null
"2018-09-22T13:18:18.000Z",45.701965,5.883716,0,1.75,3.5,292.5,null
"2018-09-22T13:22:18.000Z",45.701965,5.883716,0,0.25,1.5,292.5,null
"2018-09-22T13:26:18.000Z",45.701965,5.883716,0,0.25,1.5,292.5,null
"2018-09-22T13:30:22.000Z",45.701965,5.883716,0,1,2.75,292.5,null
"2018-09-22T13:34:22.000Z",45.701965,5.883716,0,1,2,292.5,null
"2018-09-22T13:38:22.000Z",45.701965,5.883716,0,0.5,2,270,null
"2018-09-22T13:42:26.000Z",45.701965,5.883716,0,3.25,7,225,null
"2018-09-22T13:46:26.000Z",45.701965,5.883716,2.5,4.5,7,202.5,null
"2018-09-22T13:50:26.000Z",45.701965,5.883716,3.75,5.25,7,202.5,null
"2018-09-22T13:54:30.000Z",45.701965,5.883716,3.25,5.25,7.25,225,null
"2018-09-22T13:58:30.000Z",45.701965,5.883716,3.75,5,6.25,247.5,null
"2018-09-22T14:02:30.000Z",45.701965,5.883716,2.5,4.5,7,247.5,null
"2018-09-22T14:06:34.000Z",45.701965,5.883716,1.75,3.25,6.25,247.5,null
"2018-09-22T14:10:34.000Z",45.701965,5.883716,1.75,3,4.75,247.5,null
"2018-09-22T14:14:34.000Z",45.701965,5.883716,0,1,3.5,247.5,null
"2018-09-22T14:18:39.000Z",45.701965,5.883716,0,0,1,247.5,null
"2018-09-22T14:22:39.000Z",45.701965,5.883716,0,0,0.25,247.5,null
"2018-09-22T14:26:39.000Z",45.701965,5.883716,0,0,0.25,247.5,null
"2018-09-22T14:30:42.000Z",45.701965,5.883716,0,0,0,247.5,null
"2018-09-22T14:34:42.000Z",45.701965,5.883716,0,0.5,2.5,292.5,null
"2018-09-22T14:38:42.000Z",45.701965,5.883716,0.25,2,3.5,292.5,null
"2018-09-22T14:42:46.000Z",45.701965,5.883716,2.5,3.75,5.5,292.5,null
"2018-09-22T14:46:46.000Z",45.701965,5.883716,3.5,5.25,6.5,292.5,null
"2018-09-22T14:50:46.000Z",45.701965,5.883716,2.5,4,6,292.5,null
"2018-09-22T14:54:50.000Z",45.701965,5.883716,3.25,4.5,6.5,292.5,null
"2018-09-22T14:58:50.000Z",45.701965,5.883716,1.75,3.75,6,315,null
"2018-09-22T15:02:50.000Z",45.701965,5.883716,0,0.75,3.5,315,null
"2018-09-22T15:06:54.000Z",45.701965,5.883716,0,1,3.5,315,null
"2018-09-22T15:10:54.000Z",45.701965,5.883716,1.75,2.75,4.25,315,null
"2018-09-22T15:14:54.000Z",45.701965,5.883716,1.75,3,4.75,315,null
"2018-09-22T15:18:59.000Z",45.701965,5.883716,3.25,3.75,4.75,315,null
"2018-09-22T15:22:59.000Z",45.701965,5.883716,3.75,5,6.5,315,null
"2018-09-22T15:26:59.000Z",45.701965,5.883716,5.5,6.5,8,315,null
"2018-09-22T15:31:02.000Z",45.701965,5.883716,4.25,5.75,7.25,315,null
"2018-09-22T15:35:02.000Z",45.701965,5.883716,2,3.75,5.5,315,null
"2018-09-22T15:39:02.000Z",45.701965,5.883716,0,1.5,3.75,337.5,null
"2018-09-22T15:43:06.000Z",45.701965,5.883716,0,1.5,3.75,22.5,null
"2018-09-22T15:47:06.000Z",45.701965,5.883716,0,0.25,1.75,22.5,null
"2018-09-22T15:51:06.000Z",45.701965,5.883716,0,0.5,2.75,135,null
"2018-09-22T15:55:11.000Z",45.701965,5.883716,0,1.5,5.5,135,null
"2018-09-22T15:59:11.000Z",45.701965,5.883716,4.5,6.25,7.75,292.5,null
"2018-09-22T16:03:11.000Z",45.701965,5.883716,4.75,6.25,7.75,292.5,null
"2018-09-22T16:07:14.000Z",45.701965,5.883716,3.25,5,6.5,292.5,null
"2018-09-22T16:11:14.000Z",45.701965,5.883716,4.25,5.75,7.25,270,null
"2018-09-22T16:15:14.000Z",45.701965,5.883716,3.5,5,6.5,247.5,null
"2018-09-22T16:19:19.000Z",45.701965,5.883716,0,2.25,4.25,270,null
"2018-09-22T16:23:19.000Z",45.701965,5.883716,0,0,1,270,null
"2018-09-22T16:27:19.000Z",45.701965,5.883716,0,0,0,270,null
"2018-09-22T16:31:23.000Z",45.701965,5.883716,0,0,0,270,null
"2018-09-22T16:35:23.000Z",45.701965,5.883716,0,0,0,270,null
"2018-09-22T16:39:23.000Z",45.701965,5.883716,0,0,0,270,null
"2018-09-22T16:43:27.000Z",45.701965,5.883716,0,0,0,270,null
"2018-09-22T16:47:27.000Z",45.701965,5.883716,0,0.5,2,270,null
"2018-09-22T16:51:27.000Z",45.701965,5.883716,1,3.25,6.25,247.5,null
"2018-09-22T16:55:31.000Z",45.701965,5.883716,3.5,4.25,6,225,null
"2018-09-22T16:59:31.000Z",45.701965,5.883716,2,3.25,4.5,225,null
"2018-09-22T17:03:31.000Z",45.701965,5.883716,2.75,4,4.75,225,null
"2018-09-22T17:07:35.000Z",45.701965,5.883716,2,3.5,5.25,225,null
"2018-09-22T17:11:35.000Z",45.701965,5.883716,0,0.75,2.75,225,null
"2018-09-22T17:15:35.000Z",45.701965,5.883716,0,0.5,2,225,null
"2018-09-22T17:19:39.000Z",45.701965,5.883716,1,5.25,7.75,202.5,null
"2018-09-22T17:23:39.000Z",45.701965,5.883716,4.75,7,8.75,202.5,null
"2018-09-22T17:27:39.000Z",45.701965,5.883716,6,7.25,8.25,225,null
"2018-09-22T17:31:42.000Z",45.701965,5.883716,3.25,7.25,9,202.5,null
"2018-09-22T17:35:42.000Z",45.701965,5.883716,2,6,8.75,202.5,null
"2018-09-22T17:39:42.000Z",45.701965,5.883716,0,1.25,5.25,202.5,null
"2018-09-22T17:43:47.000Z",45.701965,5.883716,0,1,4.5,157.5,null
"2018-09-22T17:47:47.000Z",45.701965,5.883716,0,1.75,4.25,157.5,null
"2018-09-22T17:51:47.000Z",45.701965,5.883716,0,2.5,6.25,157.5,null
"2018-09-22T17:55:51.000Z",45.701965,5.883716,0.75,2.75,6.5,157.5,null
"2018-09-22T17:59:51.000Z",45.701965,5.883716,0,1.75,4.5,135,null
"2018-09-22T18:03:51.000Z",45.701965,5.883716,0,0.25,2,135,null
"2018-09-22T18:07:55.000Z",45.701965,5.883716,0,2.5,6.25,135,null
"2018-09-22T18:11:55.000Z",45.701965,5.883716,0,1.25,4.5,157.5,null
"2018-09-22T18:15:55.000Z",45.701965,5.883716,0,0,0,157.5,null
"2018-09-22T18:20:00.000Z",45.701965,5.883716,0,0,0,135,null
"2018-09-22T18:24:00.000Z",45.701965,5.883716,0,0.25,1.5,135,null
"2018-09-22T18:28:00.000Z",45.701965,5.883716,0,1.5,2.75,135,null
"2018-09-22T18:32:03.000Z",45.701965,5.883716,0,1.5,4.25,112.5,null
"2018-09-22T18:36:03.000Z",45.701965,5.883716,2.75,4.5,6.5,90,null
"2018-09-22T18:40:03.000Z",45.701965,5.883716,2,4.25,7.25,112.5,null
"2018-09-22T18:44:08.000Z",45.701965,5.883716,1.75,3.5,6.25,90,null
"2018-09-22T18:48:08.000Z",45.701965,5.883716,1,3.5,5.5,90,null
"2018-09-22T18:52:08.000Z",45.701965,5.883716,0,1.5,4.25,135,null
"2018-09-22T18:56:12.000Z",45.701965,5.883716,0,3.25,6,180,null
"2018-09-22T19:00:12.000Z",45.701965,5.883716,0,1,2.75,180,null
"2018-09-22T19:04:12.000Z",45.701965,5.883716,0,0,0,180,null
"2018-09-22T19:08:15.000Z",45.701965,5.883716,0,0,0,180,null
"2018-09-22T19:12:15.000Z",45.701965,5.883716,0,1,2.75,180,null
"2018-09-22T19:16:15.000Z",45.701965,5.883716,0,1,3.25,112.5,null
"2018-09-22T19:20:20.000Z",45.701965,5.883716,0.25,2.5,4.5,90,null
"2018-09-22T19:24:20.000Z",45.701965,5.883716,1.75,4,6.25,90,null
"2018-09-22T19:28:20.000Z",45.701965,5.883716,1.75,4.25,7,90,null
"2018-09-22T19:32:24.000Z",45.701965,5.883716,1,3.25,6,112.5,null
"2018-09-22T19:36:24.000Z",45.701965,5.883716,0,2.5,6,135,null
"2018-09-22T19:40:24.000Z",45.701965,5.883716,1,3.25,6.25,180,null
"2018-09-22T19:57:16.000Z",45.701965,5.883716,4.5,7.75,9.75,225,null
"2018-09-22T20:01:16.000Z",45.701965,5.883716,3.25,6,9,225,null
"2018-09-22T20:05:16.000Z",45.701965,5.883716,0.25,5,7,202.5,null
"2018-09-22T20:09:20.000Z",45.701965,5.883716,3.75,6.25,8,180,null
"2018-09-22T20:13:20.000Z",45.701965,5.883716,0,3.5,6,180,null
"2018-09-22T20:17:20.000Z",45.701965,5.883716,0,0,1.75,202.5,null
"2018-09-22T20:21:24.000Z",45.701965,5.883716,0,0,0.25,202.5,null
"2018-09-22T20:25:24.000Z",45.701965,5.883716,0,0,0,202.5,null
"2018-09-22T20:29:24.000Z",45.701965,5.883716,0,2.25,4.75,135,null
"2018-09-22T20:33:28.000Z",45.701965,5.883716,0,0.25,2.75,112.5,null
"2018-09-22T20:37:28.000Z",45.701965,5.883716,0,0,0,112.5,null
"2018-09-22T20:41:28.000Z",45.701965,5.883716,0,0,0,112.5,null
"2018-09-22T20:45:31.000Z",45.701965,5.883716,0,0.5,2.5,135,null
"2018-09-22T20:49:31.000Z",45.701965,5.883716,0.25,2,2.75,135,null
"2018-09-22T20:53:31.000Z",45.701965,5.883716,0,1,2.5,112.5,null
"2018-09-22T20:57:36.000Z",45.701965,5.883716,0.25,1.75,3.5,112.5,null
"2018-09-22T21:01:36.000Z",45.701965,5.883716,0,0.75,3.25,112.5,null
"2018-09-22T21:05:36.000Z",45.701965,5.883716,0,0.25,1.75,112.5,null
"2018-09-22T21:09:39.000Z",45.701965,5.883716,0,1,2.75,112.5,null
"2018-09-22T21:13:39.000Z",45.701965,5.883716,0,0.5,3.25,112.5,null
"2018-09-22T21:17:39.000Z",45.701965,5.883716,0,1.25,3.25,112.5,null
"2018-09-22T21:21:44.000Z",45.701965,5.883716,0,1,2.75,112.5,null
"2018-09-22T21:25:44.000Z",45.701965,5.883716,0.25,1.75,2.75,112.5,null
"2018-09-22T21:29:44.000Z",45.701965,5.883716,0.75,2.25,3.5,112.5,null
"2018-09-22T21:33:48.000Z",45.701965,5.883716,2.5,3.5,5.25,90,null
"2018-09-22T21:37:48.000Z",45.701965,5.883716,0.25,2.5,5.5,90,null
"2018-09-22T21:41:48.000Z",45.701965,5.883716,0,1,2.75,90,null
"2018-09-22T21:45:51.000Z",45.701965,5.883716,0.75,1.75,2.5,90,null
"2018-09-22T21:49:51.000Z",45.701965,5.883716,1.5,2.75,3.75,90,null
"2018-09-22T21:53:51.000Z",45.701965,5.883716,0,1,2.5,90,null
"2018-09-22T21:57:56.000Z",45.701965,5.883716,0,1.5,4.25,135,null
"2018-09-22T22:01:56.000Z",45.701965,5.883716,0,0,0,135,null
"2018-09-22T22:05:56.000Z",45.701965,5.883716,0,1.75,4.25,135,null
"2018-09-22T22:10:00.000Z",45.701965,5.883716,0,1,3.25,135,null
"2018-09-22T22:14:00.000Z",45.701965,5.883716,0,0.25,1,135,null
"2018-09-22T22:18:00.000Z",45.701965,5.883716,0,0.25,2,135,null
"2018-09-22T22:22:04.000Z",45.701965,5.883716,0,0,0,135,null
"2018-09-22T22:26:04.000Z",45.701965,5.883716,0,0,0,135,null
"2018-09-22T22:30:04.000Z",45.701965,5.883716,0,0.5,1.5,135,null
"2018-09-22T22:34:08.000Z",45.701965,5.883716,0,0,1,135,null
"2018-09-22T22:38:08.000Z",45.701965,5.883716,0,0.25,1.75,135,null
"2018-09-22T22:42:08.000Z",45.701965,5.883716,0.75,2.25,3.75,135,null
"2018-09-22T22:46:12.000Z",45.701965,5.883716,1.5,2.75,4.5,135,null
"2018-09-22T22:50:12.000Z",45.701965,5.883716,0,1.75,3.75,135,null
"2018-09-22T22:54:12.000Z",45.701965,5.883716,0,1.75,3.75,135,null
"2018-09-22T22:58:16.000Z",45.701965,5.883716,1,2,4.25,135,null
"2018-09-22T23:02:16.000Z",45.701965,5.883716,1.5,3.75,5.5,90,null
"2018-09-22T23:06:16.000Z",45.701965,5.883716,1.5,4.25,6.5,90,null
"2018-09-22T23:10:21.000Z",45.701965,5.883716,0,1.75,3.75,90,null
"2018-09-22T23:14:21.000Z",45.701965,5.883716,0,2.5,4.5,90,null
"2018-09-22T23:18:21.000Z",45.701965,5.883716,0,1.5,3.25,90,null
"2018-09-22T23:22:25.000Z",45.701965,5.883716,1.75,3.25,4.75,90,null
"2018-09-22T23:26:25.000Z",45.701965,5.883716,1,3.5,6,90,null
"2018-09-22T23:30:25.000Z",45.701965,5.883716,0.75,3.25,6.25,90,null
"2018-09-22T23:34:28.000Z",45.701965,5.883716,1.5,3,5.25,90,null
"2018-09-22T23:38:28.000Z",45.701965,5.883716,0,1,4.25,90,null
"2018-09-22T23:42:28.000Z",45.701965,5.883716,0,1.5,4.75,90,null
"2018-09-22T23:46:32.000Z",45.701965,5.883716,1.75,3.25,5.25,112.5,null
"2018-09-22T23:50:32.000Z",45.701965,5.883716,1,3,5.5,90,null
"2018-09-22T23:54:32.000Z",45.701965,5.883716,1.5,2.5,3.75,90,null
"2018-09-22T23:58:37.000Z",45.701965,5.883716,1,2.75,3.75,90,null
"2018-09-23T00:02:37.000Z",45.701965,5.883716,0.75,2.75,3.75,90,null
"2018-09-23T00:06:37.000Z",45.701965,5.883716,0,0.5,1.75,90,null
"2018-09-23T00:10:40.000Z",45.701965,5.883716,0,0.25,1.75,90,null
"2018-09-23T00:14:40.000Z",45.701965,5.883716,0,1,2.75,90,null
"2018-09-23T00:18:40.000Z",45.701965,5.883716,0,0.25,1,90,null
"2018-09-23T00:22:45.000Z",45.701965,5.883716,0,1.5,3.25,90,null
"2018-09-23T00:26:45.000Z",45.701965,5.883716,0,0.5,1.75,90,null
"2018-09-23T00:30:45.000Z",45.701965,5.883716,0.75,2,3.5,90,null
"2018-09-23T00:34:49.000Z",45.701965,5.883716,0.75,1.75,2.75,90,null
"2018-09-23T00:38:49.000Z",45.701965,5.883716,0,1.25,2.75,90,null
"2018-09-23T00:42:49.000Z",45.701965,5.883716,0,1,3.25,90,null
"2018-09-23T00:46:52.000Z",45.701965,5.883716,0,0.75,2.5,90,null
"2018-09-23T00:50:52.000Z",45.701965,5.883716,0.25,2.5,4.5,90,null
"2018-09-23T00:54:52.000Z",45.701965,5.883716,0.25,3.5,5.25,112.5,null
"2018-09-23T00:58:57.000Z",45.701965,5.883716,0,0,1.75,90,null
"2018-09-23T01:02:57.000Z",45.701965,5.883716,0,1.5,4.75,90,null
"2018-09-23T01:06:57.000Z",45.701965,5.883716,0.75,2.75,4.75,90,null
"2018-09-23T01:11:01.000Z",45.701965,5.883716,1.5,4,8.25,90,null
"2018-09-23T01:15:01.000Z",45.701965,5.883716,0,3.5,7,90,null
"2018-09-23T01:19:01.000Z",45.701965,5.883716,0.25,3.75,9,90,null
"2018-09-23T01:23:05.000Z",45.701965,5.883716,0,4.75,8.25,90,null
"2018-09-23T01:27:05.000Z",45.701965,5.883716,0,1.5,3.5,90,null
"2018-09-23T01:31:05.000Z",45.701965,5.883716,0.75,2.25,3.75,90,null
"2018-09-23T01:35:09.000Z",45.701965,5.883716,0,1.5,3.5,90,null
"2018-09-23T01:39:09.000Z",45.701965,5.883716,0,1.5,3.75,90,null
"2018-09-23T01:43:09.000Z",45.701965,5.883716,0,0,0,90,null
"2018-09-23T01:47:13.000Z",45.701965,5.883716,0,1,3.75,90,null
"2018-09-23T01:51:13.000Z",45.701965,5.883716,0,1.75,3.75,90,null
"2018-09-23T01:55:13.000Z",45.701965,5.883716,0,2,3.75,90,null
"2018-09-23T01:59:17.000Z",45.701965,5.883716,0,0,0,90,null
"2018-09-23T02:03:17.000Z",45.701965,5.883716,0,1.25,4.25,90,null
"2018-09-23T02:07:17.000Z",45.701965,5.883716,1.75,2.75,3.75,90,null
"2018-09-23T02:11:20.000Z",45.701965,5.883716,0.75,2,3.25,90,null
"2018-09-23T02:15:20.000Z",45.701965,5.883716,0,0.25,1.75,90,null
"2018-09-23T02:19:20.000Z",45.701965,5.883716,0,0.5,1.5,90,null
"2018-09-23T02:23:25.000Z",45.701965,5.883716,0,0.5,1.75,67.5,null
"2018-09-23T02:27:25.000Z",45.701965,5.883716,0,0,1,67.5,null
"2018-09-23T02:31:25.000Z",45.701965,5.883716,0,2,5.25,90,null
"2018-09-23T02:35:29.000Z",45.701965,5.883716,0,1.75,5.5,112.5,null
"2018-09-23T02:39:29.000Z",45.701965,5.883716,1.75,4,6.25,112.5,null
"2018-09-23T02:43:29.000Z",45.701965,5.883716,2.5,4.25,6,112.5,null
"2018-09-23T02:47:33.000Z",45.701965,5.883716,1.5,3.75,5.5,112.5,null
"2018-09-23T02:51:33.000Z",45.701965,5.883716,0.75,3,5.25,90,null
"2018-09-23T02:55:33.000Z",45.701965,5.883716,1.5,3.25,4.75,90,null
"2018-09-23T02:59:37.000Z",45.701965,5.883716,2,3.25,4.75,112.5,null
"2018-09-23T03:03:37.000Z",45.701965,5.883716,2,3.75,5.5,112.5,null
"2018-09-23T03:07:37.000Z",45.701965,5.883716,2,4.25,5.5,90,null
"2018-09-23T03:11:41.000Z",45.701965,5.883716,1.5,3.25,6,90,null
"2018-09-23T03:15:41.000Z",45.701965,5.883716,2.5,4.75,8,90,null
"2018-09-23T03:19:41.000Z",45.701965,5.883716,2.5,5.25,9.75,90,null
"2018-09-23T03:23:45.000Z",45.701965,5.883716,0.75,4.5,7.25,90,null
"2018-09-23T03:27:45.000Z",45.701965,5.883716,1.5,3,5.5,90,null
"2018-09-23T03:31:45.000Z",45.701965,5.883716,1.5,2.25,3.25,90,null
"2018-09-23T03:35:49.000Z",45.701965,5.883716,0,1.5,3.5,90,null
"2018-09-23T03:39:49.000Z",45.701965,5.883716,0,1,2.5,90,null
"2018-09-23T03:43:49.000Z",45.701965,5.883716,1,2.25,3.5,90,null
"2018-09-23T03:47:53.000Z",45.701965,5.883716,1,1.75,2.75,90,null
"2018-09-23T03:51:53.000Z",45.701965,5.883716,0,1.5,2.5,90,null
"2018-09-23T03:55:53.000Z",45.701965,5.883716,0,1.25,5.5,90,null
"2018-09-23T03:59:57.000Z",45.701965,5.883716,1.75,3.5,5.25,112.5,null
"2018-09-23T04:03:57.000Z",45.701965,5.883716,2.75,4.25,7,112.5,null
"2018-09-23T04:07:57.000Z",45.701965,5.883716,1.5,4.25,7.25,90,null
"2018-09-23T04:12:02.000Z",45.701965,5.883716,0.75,3.5,6.25,112.5,null
"2018-09-23T04:16:02.000Z",45.701965,5.883716,1.75,3.75,5.5,90,null
"2018-09-23T04:20:02.000Z",45.701965,5.883716,1,3,5.5,90,null
"2018-09-23T04:24:05.000Z",45.701965,5.883716,1.5,3,4.5,90,null
"2018-09-23T04:28:05.000Z",45.701965,5.883716,0,1,3.5,90,null
"2018-09-23T04:32:05.000Z",45.701965,5.883716,0,0.75,1.75,90,null
"2018-09-23T04:36:09.000Z",45.701965,5.883716,0,0.75,1.75,90,null
"2018-09-23T04:40:09.000Z",45.701965,5.883716,0,0,0,90,null
"2018-09-23T04:44:09.000Z",45.701965,5.883716,0,2,4.75,90,null
"2018-09-23T04:48:14.000Z",45.701965,5.883716,2.5,4.75,7,67.5,null
"2018-09-23T04:52:14.000Z",45.701965,5.883716,1.75,3.25,4.25,67.5,null
"2018-09-23T04:56:14.000Z",45.701965,5.883716,2.5,3.75,4.5,67.5,null
"2018-09-23T05:00:17.000Z",45.701965,5.883716,1.75,3.75,5.25,67.5,null
"2018-09-23T05:04:17.000Z",45.701965,5.883716,2.5,4.5,6.5,67.5,null
"2018-09-23T05:08:17.000Z",45.701965,5.883716,2.75,4.25,7,90,null
"2018-09-23T05:12:21.000Z",45.701965,5.883716,3.25,5,7.75,90,null
"2018-09-23T05:16:21.000Z",45.701965,5.883716,2.75,5.25,8.25,90,null
"2018-09-23T05:20:21.000Z",45.701965,5.883716,2,4.5,7,90,null
"2018-09-23T05:24:25.000Z",45.701965,5.883716,1.5,3.75,7.25,90,null
"2018-09-23T05:28:25.000Z",45.701965,5.883716,1,3.5,4.75,67.5,null
"2018-09-23T05:32:25.000Z",45.701965,5.883716,1.5,2.75,4.25,90,null
"2018-09-23T05:36:29.000Z",45.701965,5.883716,0.25,1,3.25,90,null
"2018-09-23T05:40:29.000Z",45.701965,5.883716,0.75,3.5,7.75,112.5,null
"2018-09-23T05:44:29.000Z",45.701965,5.883716,1,4,7.25,135,null
"2018-09-23T05:48:34.000Z",45.701965,5.883716,0,2,5.25,112.5,null
"2018-09-23T05:52:34.000Z",45.701965,5.883716,1.5,3.25,7.25,112.5,null
"2018-09-23T05:56:34.000Z",45.701965,5.883716,2,4,6.25,112.5,null
"2018-09-23T06:00:38.000Z",45.701965,5.883716,1.75,4.25,7.25,112.5,null
"2018-09-23T06:04:38.000Z",45.701965,5.883716,0,2.75,6,112.5,null
"2018-09-23T06:08:38.000Z",45.701965,5.883716,0.25,4.25,7.25,90,null
"2018-09-23T06:12:42.000Z",45.701965,5.883716,1.75,5.25,9,90,null
"2018-09-23T06:16:42.000Z",45.701965,5.883716,1,3.5,6,112.5,null
"2018-09-23T06:20:42.000Z",45.701965,5.883716,1.75,4,7.25,112.5,null
"2018-09-23T06:24:46.000Z",45.701965,5.883716,0,2,4.75,112.5,null
"2018-09-23T06:28:46.000Z",45.701965,5.883716,0,0.75,3.25,112.5,null
"2018-09-23T06:32:46.000Z",45.701965,5.883716,0,0.25,2.5,90,null
"2018-09-23T06:36:50.000Z",45.701965,5.883716,0,1.75,4.25,90,null
"2018-09-23T06:40:50.000Z",45.701965,5.883716,0.75,2.75,5.25,90,null
"2018-09-23T06:44:50.000Z",45.701965,5.883716,0.75,3.75,6.25,90,null
"2018-09-23T06:48:54.000Z",45.701965,5.883716,1,3.25,6.25,90,null
"2018-09-23T06:52:54.000Z",45.701965,5.883716,0,2.5,4.75,90,null
"2018-09-23T06:56:54.000Z",45.701965,5.883716,0.25,3,6,90,null
"2018-09-23T07:00:58.000Z",45.701965,5.883716,1,2.75,4.75,90,null
"2018-09-23T07:04:58.000Z",45.701965,5.883716,0,2,5.5,90,null
"2018-09-23T07:08:58.000Z",45.701965,5.883716,0,2,4.25,90,null
"2018-09-23T07:13:02.000Z",45.701965,5.883716,0,4.5,11,157.5,null
"2018-09-23T07:17:02.000Z",45.701965,5.883716,0,1.25,6.25,157.5,null
"2018-09-23T07:21:02.000Z",45.701965,5.883716,0,4.5,11,157.5,null
"2018-09-23T07:25:07.000Z",45.701965,5.883716,1.5,6,10,157.5,null
"2018-09-23T07:29:07.000Z",45.701965,5.883716,0,3.75,8.25,157.5,null
"2018-09-23T07:33:07.000Z",45.701965,5.883716,0.25,5.25,11,180,null
"2018-09-23T07:37:10.000Z",45.701965,5.883716,2.75,6.5,12,180,null
"2018-09-23T07:41:10.000Z",45.701965,5.883716,0,4.5,8,157.5,null
"2018-09-23T07:45:10.000Z",45.701965,5.883716,1.5,4.25,8.75,157.5,null
"2018-09-23T07:49:15.000Z",45.701965,5.883716,0.25,3,4.75,157.5,null
"2018-09-23T07:53:15.000Z",45.701965,5.883716,1,3.25,6,180,null
"2018-09-23T07:57:15.000Z",45.701965,5.883716,0,1.5,5.25,180,null
"2018-09-23T08:01:18.000Z",45.701965,5.883716,0.75,4.25,9.75,180,null
"2018-09-23T08:05:18.000Z",45.701965,5.883716,1,4.75,8.75,180,null
"2018-09-23T08:09:18.000Z",45.701965,5.883716,0,3.5,6.25,180,null
"2018-09-23T08:13:22.000Z",45.701965,5.883716,0.25,4.25,6.25,180,null
"2018-09-23T08:17:22.000Z",45.701965,5.883716,1.75,4.25,6.5,180,null
"2018-09-23T08:21:22.000Z",45.701965,5.883716,0.25,3.25,6.5,202.5,null
"2018-09-23T08:25:26.000Z",45.701965,5.883716,0,2.75,5.25,180,null
"2018-09-23T08:29:26.000Z",45.701965,5.883716,1,3.75,6.25,180,null
"2018-09-23T08:33:26.000Z",45.701965,5.883716,1,4.25,7.75,202.5,null
"2018-09-23T08:37:31.000Z",45.701965,5.883716,1.75,4.25,6.5,202.5,null
"2018-09-23T08:41:31.000Z",45.701965,5.883716,0,0.5,3.25,180,null
"2018-09-23T08:45:31.000Z",45.701965,5.883716,1,3,4.75,180,null
"2018-09-23T08:49:34.000Z",45.701965,5.883716,0,3,4.75,180,null
"2018-09-23T08:53:34.000Z",45.701965,5.883716,1,2.5,3.75,180,null
"2018-09-23T08:57:34.000Z",45.701965,5.883716,1,3,4.5,180,null
"2018-09-23T09:01:39.000Z",45.701965,5.883716,0.75,2,3.75,180,null
"2018-09-23T09:05:39.000Z",45.701965,5.883716,0,0.5,1.75,180,null
"2018-09-23T09:09:39.000Z",45.701965,5.883716,0,0.25,1.75,180,null
"2018-09-23T09:13:42.000Z",45.701965,5.883716,0,0.25,2,180,null
"2018-09-23T09:17:42.000Z",45.701965,5.883716,0,0,0,180,null
"2018-09-23T09:21:42.000Z",45.701965,5.883716,0,0.75,4.5,180,null
"2018-09-23T09:25:47.000Z",45.701965,5.883716,0.25,4,5.25,337.5,null
"2018-09-23T09:29:47.000Z",45.701965,5.883716,1,3.25,5.5,337.5,null
"2018-09-23T09:33:47.000Z",45.701965,5.883716,1.5,3,4.5,337.5,null
"2018-09-23T09:37:50.000Z",45.701965,5.883716,3.75,5,6.5,337.5,null
"2018-09-23T09:41:50.000Z",45.701965,5.883716,3.25,5.25,8.75,337.5,null
"2018-09-23T09:45:50.000Z",45.701965,5.883716,2.75,4.25,6,315,null
"2018-09-23T09:49:55.000Z",45.701965,5.883716,5.5,6.75,7.75,315,null
"2018-09-23T09:53:55.000Z",45.701965,5.883716,3.25,5.25,7.75,337.5,null
"2018-09-23T09:57:55.000Z",45.701965,5.883716,1.5,2.75,4.5,337.5,null
"2018-09-23T10:01:59.000Z",45.701965,5.883716,0.75,1.5,2.5,337.5,null
"2018-09-23T10:05:59.000Z",45.701965,5.883716,1.5,2.5,3.75,337.5,null
"2018-09-23T10:09:59.000Z",45.701965,5.883716,3.25,4.5,6.25,337.5,null
"2018-09-23T10:14:02.000Z",45.701965,5.883716,3.5,4.25,5.25,337.5,null
"2018-09-23T10:18:02.000Z",45.701965,5.883716,3.5,4.5,5.25,337.5,null
"2018-09-23T10:22:02.000Z",45.701965,5.883716,4.25,4.75,6,337.5,null
"2018-09-23T10:26:07.000Z",45.701965,5.883716,4.25,5.75,7.25,337.5,null
"2018-09-23T10:30:07.000Z",45.701965,5.883716,5.5,7,9,337.5,null
"2018-09-23T10:34:07.000Z",45.701965,5.883716,7,8.75,11,337.5,null
"2018-09-23T10:38:11.000Z",45.701965,5.883716,7.25,9,10,337.5,null
"2018-09-23T10:42:11.000Z",45.701965,5.883716,7.75,9,10,337.5,null
"2018-09-23T10:46:11.000Z",45.701965,5.883716,8.25,9.5,11,337.5,null
"2018-09-23T10:50:14.000Z",45.701965,5.883716,8,9,10.5,337.5,null
"2018-09-23T10:54:14.000Z",45.701965,5.883716,8,9.5,11,337.5,null
"2018-09-23T10:58:14.000Z",45.701965,5.883716,9,11,12.5,337.5,null
"2018-09-23T11:02:18.000Z",45.701965,5.883716,9.5,11,12.5,337.5,null
"2018-09-23T11:06:18.000Z",45.701965,5.883716,7.75,9.25,10.5,337.5,null
"2018-09-23T11:10:18.000Z",45.701965,5.883716,7,8.75,10,337.5,null
"2018-09-23T11:14:23.000Z",45.701965,5.883716,6,8.5,9.75,337.5,null
"2018-09-23T11:18:23.000Z",45.701965,5.883716,8,10,12,337.5,null
"2018-09-23T11:22:23.000Z",45.701965,5.883716,8,10.5,12.5,337.5,null
"2018-09-23T11:26:27.000Z",45.701965,5.883716,6,8.75,12,337.5,null
"2018-09-23T11:30:27.000Z",45.701965,5.883716,5.25,6.25,7,337.5,null
"2018-09-23T11:34:27.000Z",45.701965,5.883716,5.25,7,9,337.5,null
"2018-09-23T11:38:31.000Z",45.701965,5.883716,8,9.75,12,337.5,null
"2018-09-23T11:42:31.000Z",45.701965,5.883716,7.25,9,11,337.5,null
"2018-09-23T11:46:31.000Z",45.701965,5.883716,5.5,8.75,12,337.5,null
"2018-09-23T11:50:35.000Z",45.701965,5.883716,6,7.75,9.75,337.5,null
"2018-09-23T11:54:35.000Z",45.701965,5.883716,6.25,7.5,9.5,337.5,null
"2018-09-23T11:58:35.000Z",45.701965,5.883716,4.75,7,9.5,0,null
"2018-09-23T12:02:39.000Z",45.701965,5.883716,6.5,8.5,9.75,0,null
"2018-09-23T12:06:39.000Z",45.701965,5.883716,6,8.75,11,337.5,null
"2018-09-23T12:10:39.000Z",45.701965,5.883716,6,7.25,9,337.5,null
"2018-09-23T12:14:43.000Z",45.701965,5.883716,6,7.5,10,337.5,null
"2018-09-23T12:18:43.000Z",45.701965,5.883716,7,8.25,9.5,337.5,null
"2018-09-23T12:22:43.000Z",45.701965,5.883716,5.25,6.5,8.25,337.5,null
"2018-09-23T12:26:47.000Z",45.701965,5.883716,2.5,4.25,6.25,337.5,null
"2018-09-23T12:30:47.000Z",45.701965,5.883716,6.25,7.75,9,292.5,null
"2018-09-23T12:34:47.000Z",45.701965,5.883716,4.5,5.25,7.25,315,null
"2018-09-23T12:38:51.000Z",45.701965,5.883716,2.75,5,6.75,292.5,null
"2018-09-23T12:42:51.000Z",45.701965,5.883716,1,3,4.25,270,null
"2018-09-23T12:46:51.000Z",45.701965,5.883716,2.5,4.75,6,270,null
"2018-09-23T12:50:55.000Z",45.701965,5.883716,2.75,3.75,4.5,270,null
"2018-09-23T12:54:55.000Z",45.701965,5.883716,2.75,5,6.5,270,null
"2018-09-23T12:58:55.000Z",45.701965,5.883716,1.5,1.75,2.75,292.5,null
"2018-09-23T13:02:59.000Z",45.701965,5.883716,0,0.5,1.5,292.5,null
"2018-09-23T13:06:59.000Z",45.701965,5.883716,0,4.5,6.5,225,null
"2018-09-23T13:10:59.000Z",45.701965,5.883716,3.75,5.5,6.5,202.5,null
"2018-09-23T13:15:03.000Z",45.701965,5.883716,0,3.25,5.5,247.5,null
"2018-09-23T13:19:03.000Z",45.701965,5.883716,0,2,4.75,315,null
"2018-09-23T13:23:03.000Z",45.701965,5.883716,0,1.75,7,247.5,null
"2018-09-23T13:27:08.000Z",45.701965,5.883716,1.75,4.75,8.25,202.5,null
"2018-09-23T13:31:08.000Z",45.701965,5.883716,1.75,8,14,270,null
"2018-09-23T13:35:08.000Z",45.701965,5.883716,0,4,11,292.5,null
"2018-09-23T13:39:11.000Z",45.701965,5.883716,6.25,15,22.5,270,null
"2018-09-23T13:43:11.000Z",45.701965,5.883716,6.5,19,27,270,null
"2018-09-23T13:47:11.000Z",45.701965,5.883716,7,11,15,247.5,null
"2018-09-23T13:51:16.000Z",45.701965,5.883716,4.5,12,22,247.5,null
"2018-09-23T13:55:16.000Z",45.701965,5.883716,9.75,15.5,22.5,292.5,null
"2018-09-23T13:59:16.000Z",45.701965,5.883716,9,13,20,270,null
"2018-09-23T14:03:19.000Z",45.701965,5.883716,7,13,24.5,247.5,null
"2018-09-23T14:07:19.000Z",45.701965,5.883716,0.75,8.25,19,247.5,null
"2018-09-23T14:11:19.000Z",45.701965,5.883716,0.75,6.75,23.5,337.5,null
"2018-09-23T14:15:24.000Z",45.701965,5.883716,1,5.5,11,45,null
"2018-09-23T14:19:24.000Z",45.701965,5.883716,0.25,4,9,337.5,null
"2018-09-23T14:23:24.000Z",45.701965,5.883716,0,3.5,8.75,315,null
"2018-09-23T14:27:27.000Z",45.701965,5.883716,4.75,10,20,337.5,null
"2018-09-23T14:31:27.000Z",45.701965,5.883716,2.5,9,17,292.5,null
"2018-09-23T14:35:27.000Z",45.701965,5.883716,8,19,35,292.5,null
"2018-09-23T14:39:31.000Z",45.701965,5.883716,5.5,14.5,30,270,null
"2018-09-23T14:43:31.000Z",45.701965,5.883716,7,13,22.5,247.5,null
"2018-09-23T14:47:31.000Z",45.701965,5.883716,0,2.75,11,270,null
"2018-09-23T14:51:36.000Z",45.701965,5.883716,0,2.5,6,157.5,null
"2018-09-23T14:55:36.000Z",45.701965,5.883716,0,1.5,8.25,45,null
"2018-09-23T14:59:36.000Z",45.701965,5.883716,1,4.25,9,90,null
"2018-09-23T15:03:39.000Z",45.701965,5.883716,0,4.75,11,247.5,null
"2018-09-23T15:07:39.000Z",45.701965,5.883716,0,3,11,135,null
"2018-09-23T15:11:39.000Z",45.701965,5.883716,0,3.75,6.25,270,null
"2018-09-23T15:15:44.000Z",45.701965,5.883716,1,2.75,5.25,270,null
"2018-09-23T15:19:44.000Z",45.701965,5.883716,3.5,5.75,8.75,247.5,null
"2018-09-23T15:23:44.000Z",45.701965,5.883716,0,1.5,3.75,247.5,null
"2018-09-23T15:27:47.000Z",45.701965,5.883716,0,0.25,1,180,null
"2018-09-23T15:31:47.000Z",45.701965,5.883716,0,0.75,2.5,180,null
"2018-09-23T15:35:47.000Z",45.701965,5.883716,0,1.25,6.25,202.5,null
"2018-09-23T15:39:52.000Z",45.701965,5.883716,4.5,7.25,9.5,270,null
"2018-09-23T15:43:52.000Z",45.701965,5.883716,4.5,6.25,9,270,null
"2018-09-23T15:47:52.000Z",45.701965,5.883716,1.75,3,6,292.5,null
"2018-09-23T15:51:56.000Z",45.701965,5.883716,1,5.5,8.25,315,null
"2018-09-23T15:55:56.000Z",45.701965,5.883716,0.25,4,10.5,292.5,null
"2018-09-23T15:59:56.000Z",45.701965,5.883716,2.5,6,12,315,null
"2018-09-23T16:04:00.000Z",45.701965,5.883716,0,4.25,12,292.5,null
"2018-09-23T16:08:00.000Z",45.701965,5.883716,0,1.5,5.5,112.5,null
"2018-09-23T16:12:00.000Z",45.701965,5.883716,0,1.75,4.75,90,null
"2018-09-23T16:16:04.000Z",45.701965,5.883716,0,1.75,5.5,112.5,null
"2018-09-23T16:20:04.000Z",45.701965,5.883716,1.5,4,8,180,null
"2018-09-23T16:24:04.000Z",45.701965,5.883716,0.75,5.75,9.5,202.5,null
"2018-09-23T16:28:08.000Z",45.701965,5.883716,7,8.25,9.5,225,null
"2018-09-23T16:32:08.000Z",45.701965,5.883716,6.5,8,9.75,247.5,null
"2018-09-23T16:36:08.000Z",45.701965,5.883716,4.25,6.25,7.75,247.5,null
"2018-09-23T16:40:12.000Z",45.701965,5.883716,1,3.5,5.25,247.5,null
"2018-09-23T16:44:12.000Z",45.701965,5.883716,0,0,1,247.5,null
"2018-09-23T16:48:12.000Z",45.701965,5.883716,0,0,0.75,247.5,null
"2018-09-23T16:52:16.000Z",45.701965,5.883716,0,2.5,5.25,202.5,null
"2018-09-23T16:56:16.000Z",45.701965,5.883716,1,2.25,4.25,202.5,null
"2018-09-23T17:00:16.000Z",45.701965,5.883716,1.75,4.25,5.25,202.5,null
"2018-09-23T17:04:21.000Z",45.701965,5.883716,2,3.5,5.75,180,null
"2018-09-23T17:08:21.000Z",45.701965,5.883716,0,1.75,4.75,180,null
"2018-09-23T17:12:21.000Z",45.701965,5.883716,0,0.5,4.25,180,null
"2018-09-23T17:16:24.000Z",45.701965,5.883716,0,2,4.75,157.5,null
"2018-09-23T17:20:24.000Z",45.701965,5.883716,1.5,2.75,4.5,157.5,null
"2018-09-23T17:24:24.000Z",45.701965,5.883716,0,1.5,4.25,157.5,null
"2018-09-23T17:28:29.000Z",45.701965,5.883716,0,2,6.5,157.5,null
"2018-09-23T17:32:29.000Z",45.701965,5.883716,0,0,0,157.5,null
"2018-09-23T17:36:29.000Z",45.701965,5.883716,0,0,0,157.5,null
"2018-09-23T17:40:32.000Z",45.701965,5.883716,0,4.25,7.25,180,null
"2018-09-23T17:44:32.000Z",45.701965,5.883716,0,1,6.5,202.5,null
"2018-09-23T17:48:32.000Z",45.701965,5.883716,3.5,9,12,292.5,null
"2018-09-23T17:52:36.000Z",45.701965,5.883716,7,14,19,337.5,null
"2018-09-23T17:56:36.000Z",45.701965,5.883716,6,11.5,20,0,null
"2018-09-23T18:00:36.000Z",45.701965,5.883716,6,9,16,337.5,null
"2018-09-23T18:04:40.000Z",45.701965,5.883716,1.75,12,19.5,270,null
"2018-09-23T18:08:40.000Z",45.701965,5.883716,5.25,13,21,270,null
"2018-09-23T18:12:40.000Z",45.701965,5.883716,9.75,15,19.5,270,null
"2018-09-23T18:16:44.000Z",45.701965,5.883716,14.5,23.5,31,270,null
"2018-09-23T18:20:44.000Z",45.701965,5.883716,10,21.5,34.5,292.5,null
"2018-09-23T18:24:44.000Z",45.701965,5.883716,11,18.5,28.5,225,null
"2018-09-23T18:28:49.000Z",45.701965,5.883716,7,15.5,20.5,202.5,null
"2018-09-23T18:32:49.000Z",45.701965,5.883716,1.5,8.25,14,157.5,null
"2018-09-23T18:36:49.000Z",45.701965,5.883716,1.5,4.75,10.5,112.5,null
"2018-09-23T18:40:52.000Z",45.701965,5.883716,0.25,4.5,11,157.5,null
"2018-09-23T18:44:52.000Z",45.701965,5.883716,0,4,12.5,180,null
"2018-09-23T18:48:52.000Z",45.701965,5.883716,3.5,6.5,9.5,247.5,null
"2018-09-23T18:52:57.000Z",45.701965,5.883716,6.5,10.5,14.5,247.5,null
"2018-09-23T18:56:57.000Z",45.701965,5.883716,0,5.25,9.75,225,null
"2018-09-23T19:00:57.000Z",45.701965,5.883716,0,2.25,5.5,225,null
"2018-09-23T19:05:00.000Z",45.701965,5.883716,0,0,0.25,225,null
"2018-09-23T19:09:00.000Z",45.701965,5.883716,0,2.5,5.5,157.5,null
"2018-09-23T19:13:00.000Z",45.701965,5.883716,0,1.25,4.25,157.5,null
"2018-09-23T19:17:05.000Z",45.701965,5.883716,0,1.75,4.25,135,null
"2018-09-23T19:21:05.000Z",45.701965,5.883716,1,3.5,6,112.5,null
"2018-09-23T19:25:05.000Z",45.701965,5.883716,0,2.75,6,112.5,null
"2018-09-23T19:29:08.000Z",45.701965,5.883716,0.25,3,7,112.5,null
"2018-09-23T19:33:08.000Z",45.701965,5.883716,0.75,3.75,9.75,90,null
"2018-09-23T19:37:08.000Z",45.701965,5.883716,3.5,5.75,9,90,null
"2018-09-23T19:41:13.000Z",45.701965,5.883716,0,3.25,7.75,67.5,null
"2018-09-23T19:45:13.000Z",45.701965,5.883716,0,2,4.75,135,null
"2018-09-23T19:49:13.000Z",45.701965,5.883716,0,1,3.5,135,null
"2018-09-23T19:53:27.000Z",45.701965,5.883716,3.75,5.25,7.25,112.5,null
"2018-09-23T19:57:27.000Z",45.701965,5.883716,0,5,11.5,45,null
"2018-09-23T20:01:27.000Z",45.701965,5.883716,0.25,5.75,11,270,null
"2018-09-23T20:05:31.000Z",45.701965,5.883716,0,0.25,2,202.5,null
"2018-09-23T20:09:31.000Z",45.701965,5.883716,0,2,3.75,180,null
"2018-09-23T20:13:31.000Z",45.701965,5.883716,0,2.75,8.75,180,null
"2018-09-23T20:17:35.000Z",45.701965,5.883716,1.75,5.75,9,180,null
"2018-09-23T20:21:35.000Z",45.701965,5.883716,1.5,5.25,9.5,67.5,null
"2018-09-23T20:25:35.000Z",45.701965,5.883716,0,11,18,202.5,null
"2018-09-23T20:29:39.000Z",45.701965,5.883716,0,5,12,157.5,null
"2018-09-23T20:33:39.000Z",45.701965,5.883716,0,2.5,6.25,22.5,null
"2018-09-23T20:37:39.000Z",45.701965,5.883716,0,2.25,8.25,22.5,null
"2018-09-23T20:41:43.000Z",45.701965,5.883716,5.5,9.25,12,90,null
"2018-09-23T20:45:43.000Z",45.701965,5.883716,6.25,8.5,11,90,null
"2018-09-23T20:49:43.000Z",45.701965,5.883716,1,9.5,16.5,67.5,null
"2018-09-23T20:53:47.000Z",45.701965,5.883716,0,4.5,11,45,null
"2018-09-23T20:57:47.000Z",45.701965,5.883716,1,4.5,9.5,90,null
"2018-09-23T21:01:47.000Z",45.701965,5.883716,0.25,4,8.25,135,null
"2018-09-23T21:05:51.000Z",45.701965,5.883716,0.25,1.75,3.75,135,null
"2018-09-23T21:09:51.000Z",45.701965,5.883716,0.75,3.25,7,112.5,null
"2018-09-23T21:13:51.000Z",45.701965,5.883716,0,4.5,10.5,157.5,null
"2018-09-23T21:17:55.000Z",45.701965,5.883716,0.75,4.25,7.25,157.5,null
"2018-09-23T21:21:55.000Z",45.701965,5.883716,0.75,3.75,7,157.5,null
"2018-09-23T21:25:55.000Z",45.701965,5.883716,0,0.25,2.5,157.5,null
"2018-09-23T21:29:59.000Z",45.701965,5.883716,0,3.5,8.25,225,null
"2018-09-23T21:33:59.000Z",45.701965,5.883716,0,1,6.5,202.5,null
"2018-09-23T21:37:59.000Z",45.701965,5.883716,0,0.5,2,202.5,null
"2018-09-23T21:42:03.000Z",45.701965,5.883716,0,0.75,3.75,202.5,null
"2018-09-23T21:46:03.000Z",45.701965,5.883716,0,2.5,5.5,180,null
"2018-09-23T21:50:03.000Z",45.701965,5.883716,0.25,7.75,17,45,null
"2018-09-23T21:54:07.000Z",45.701965,5.883716,0.25,10,25.5,315,null
"2018-09-23T21:58:07.000Z",45.701965,5.883716,24.5,44,56.5,337.5,null
"2018-09-23T22:02:07.000Z",45.701965,5.883716,35.5,45,57,337.5,null
"2018-09-23T22:06:11.000Z",45.701965,5.883716,35.5,46,55.5,337.5,null
"2018-09-23T22:10:11.000Z",45.701965,5.883716,34.5,45,54.5,337.5,null
"2018-09-23T22:14:11.000Z",45.701965,5.883716,30.5,41.5,53.5,337.5,null
"2018-09-23T22:18:15.000Z",45.701965,5.883716,24.5,36,51,337.5,null
"2018-09-23T22:22:15.000Z",45.701965,5.883716,29,42,51.5,337.5,null
"2018-09-23T22:26:15.000Z",45.701965,5.883716,30,41,51,337.5,null
"2018-09-23T22:30:19.000Z",45.701965,5.883716,35,44,55.5,337.5,null
"2018-09-23T22:34:19.000Z",45.701965,5.883716,31.5,44.5,56.5,337.5,null
"2018-09-23T22:38:19.000Z",45.701965,5.883716,35,45,54.5,337.5,null
"2018-09-23T22:42:23.000Z",45.701965,5.883716,31.5,43,53.5,337.5,null
"2018-09-23T22:46:23.000Z",45.701965,5.883716,30,39.5,48.5,337.5,null
"2018-09-23T22:50:23.000Z",45.701965,5.883716,22.5,35,45.5,337.5,null
"2018-09-23T22:54:27.000Z",45.701965,5.883716,26.5,34.5,44,337.5,null
"2018-09-23T22:58:27.000Z",45.701965,5.883716,22.5,32.5,41.5,337.5,null
"2018-09-23T23:02:27.000Z",45.701965,5.883716,22,33,42,337.5,null
"2018-09-23T23:06:32.000Z",45.701965,5.883716,20,29.5,37.5,337.5,null
"2018-09-23T23:10:32.000Z",45.701965,5.883716,14.5,26,36,337.5,null
"2018-09-23T23:14:32.000Z",45.701965,5.883716,18.5,26.5,33.5,337.5,null
"2018-09-23T23:18:35.000Z",45.701965,5.883716,16,20,23.5,337.5,null
"2018-09-23T23:22:35.000Z",45.701965,5.883716,13,20.5,27,337.5,null
"2018-09-23T23:26:35.000Z",45.701965,5.883716,11,17,24.5,0,null
"2018-09-23T23:30:40.000Z",45.701965,5.883716,12.5,16,23,337.5,null
"2018-09-23T23:34:40.000Z",45.701965,5.883716,10.5,14.5,19,337.5,null
"2018-09-23T23:38:40.000Z",45.701965,5.883716,7.25,14,19,0,null
"2018-09-23T23:42:44.000Z",45.701965,5.883716,7,14.5,19,0,null
"2018-09-23T23:46:44.000Z",45.701965,5.883716,7.25,14,19,0,null
"2018-09-23T23:50:44.000Z",45.701965,5.883716,7.25,16.5,21.5,0,null
"2018-09-23T23:54:48.000Z",45.701965,5.883716,14.5,18,24,0,null
"2018-09-23T23:58:48.000Z",45.701965,5.883716,6.25,12,20,22.5,null
"2018-09-24T00:02:48.000Z",45.701965,5.883716,11,21,26,0,null
"2018-09-24T00:06:52.000Z",45.701965,5.883716,15.5,23.5,31,337.5,null
"2018-09-24T00:10:52.000Z",45.701965,5.883716,20,26,34,337.5,null
"2018-09-24T00:14:52.000Z",45.701965,5.883716,19.5,25,29.5,337.5,null
"2018-09-24T00:18:56.000Z",45.701965,5.883716,21.5,27,33,337.5,null
"2018-09-24T00:22:56.000Z",45.701965,5.883716,20,25,31,337.5,null
"2018-09-24T00:26:56.000Z",45.701965,5.883716,14,22.5,32,337.5,null
"2018-09-24T00:31:00.000Z",45.701965,5.883716,21,27,32.5,337.5,null
"2018-09-24T00:35:00.000Z",45.701965,5.883716,16.5,28,34.5,337.5,null
"2018-09-24T00:39:00.000Z",45.701965,5.883716,15,24,32.5,0,null
"2018-09-24T00:43:03.000Z",45.701965,5.883716,15.5,24.5,30.5,0,null
"2018-09-24T00:47:03.000Z",45.701965,5.883716,14,25.5,38.5,0,null
"2018-09-24T00:51:03.000Z",45.701965,5.883716,23,30.5,36.5,337.5,null
"2018-09-24T00:55:08.000Z",45.701965,5.883716,23,30.5,36.5,337.5,null
"2018-09-24T00:59:08.000Z",45.701965,5.883716,26,31.5,38,337.5,null
"2018-09-24T01:03:08.000Z",45.701965,5.883716,23.5,33.5,42,337.5,null
"2018-09-24T01:07:12.000Z",45.701965,5.883716,20,30,36,337.5,null
"2018-09-24T01:11:12.000Z",45.701965,5.883716,21,29,34,337.5,null
"2018-09-24T01:15:12.000Z",45.701965,5.883716,20,28.5,35,337.5,null
"2018-09-24T01:19:16.000Z",45.701965,5.883716,15.5,26,37,337.5,null
"2018-09-24T01:23:16.000Z",45.701965,5.883716,11,16.5,22,0,null
"2018-09-24T01:27:16.000Z",45.701965,5.883716,9.5,17,26,0,null
"2018-09-24T01:31:20.000Z",45.701965,5.883716,12,19.5,26.5,0,null
"2018-09-24T01:35:20.000Z",45.701965,5.883716,9.75,19,27.5,0,null
"2018-09-24T01:39:20.000Z",45.701965,5.883716,19,24.5,30,0,null
"2018-09-24T01:43:24.000Z",45.701965,5.883716,22,28,36.5,0,null
"2018-09-24T01:47:24.000Z",45.701965,5.883716,18,26.5,35,0,null
"2018-09-24T01:51:24.000Z",45.701965,5.883716,17.5,24,34,337.5,null
"2018-09-24T01:55:28.000Z",45.701965,5.883716,19,25,32.5,337.5,null
"2018-09-24T01:59:28.000Z",45.701965,5.883716,19,24.5,31,337.5,null
"2018-09-24T02:03:28.000Z",45.701965,5.883716,19,24,28.5,337.5,null
"2018-09-24T02:07:32.000Z",45.701965,5.883716,16.5,21.5,26.5,337.5,null
"2018-09-24T02:11:32.000Z",45.701965,5.883716,16.5,22,30,337.5,null
"2018-09-24T02:15:32.000Z",45.701965,5.883716,14,22.5,27.5,337.5,null
"2018-09-24T02:19:36.000Z",45.701965,5.883716,20.5,25,30.5,337.5,null
"2018-09-24T02:23:36.000Z",45.701965,5.883716,16.5,22.5,29,337.5,null
"2018-09-24T02:27:36.000Z",45.701965,5.883716,14,20.5,26,337.5,null
"2018-09-24T02:31:41.000Z",45.701965,5.883716,14,18.5,33,337.5,null
"2018-09-24T02:35:41.000Z",45.701965,5.883716,13,16,20,0,null
"2018-09-24T02:39:41.000Z",45.701965,5.883716,8,15,20,0,null
"2018-09-24T02:43:44.000Z",45.701965,5.883716,4.75,9.25,20.5,22.5,null
"2018-09-24T02:47:44.000Z",45.701965,5.883716,6,11,20,45,null
"2018-09-24T02:51:44.000Z",45.701965,5.883716,5.5,10.5,14.5,45,null
"2018-09-24T02:55:48.000Z",45.701965,5.883716,4.5,9,14.5,22.5,null
"2018-09-24T02:59:48.000Z",45.701965,5.883716,6.5,10.5,15,22.5,null
"2018-09-24T03:03:48.000Z",45.701965,5.883716,4.75,8.25,13,22.5,null
"2018-09-24T03:07:52.000Z",45.701965,5.883716,5.5,13.5,22,0,null
"2018-09-24T03:11:52.000Z",45.701965,5.883716,16.5,20.5,25,337.5,null
"2018-09-24T03:15:52.000Z",45.701965,5.883716,14.5,20.5,25.5,337.5,null
"2018-09-24T03:19:57.000Z",45.701965,5.883716,14.5,19.5,26,337.5,null
"2018-09-24T03:23:57.000Z",45.701965,5.883716,14.5,19.5,25.5,337.5,null
"2018-09-24T03:27:57.000Z",45.701965,5.883716,14,18.5,25,337.5,null
"2018-09-24T03:32:00.000Z",45.701965,5.883716,6,17,22,337.5,null
"2018-09-24T03:36:00.000Z",45.701965,5.883716,8.75,14.5,21,0,null
"2018-09-24T03:40:00.000Z",45.701965,5.883716,6,10.5,15,22.5,null
"2018-09-24T03:44:05.000Z",45.701965,5.883716,7.75,12,17,22.5,null
"2018-09-24T03:48:05.000Z",45.701965,5.883716,7.75,12.5,18.5,22.5,null
"2018-09-24T03:52:05.000Z",45.701965,5.883716,8,12,19,22.5,null
"2018-09-24T03:56:09.000Z",45.701965,5.883716,6.5,12.5,17.5,45,null
"2018-09-24T04:00:09.000Z",45.701965,5.883716,8.25,12.5,17.5,22.5,null
"2018-09-24T04:04:09.000Z",45.701965,5.883716,5.5,9.25,14,45,null
"2018-09-24T04:08:13.000Z",45.701965,5.883716,6.5,11.5,18,45,null
"2018-09-24T04:12:13.000Z",45.701965,5.883716,7.75,12,20,45,null
"2018-09-24T04:16:13.000Z",45.701965,5.883716,8.25,11.5,17.5,45,null
"2018-09-24T04:20:17.000Z",45.701965,5.883716,6.5,11,14.5,45,null
"2018-09-24T04:24:17.000Z",45.701965,5.883716,4.25,8.5,12,45,null
"2018-09-24T04:28:17.000Z",45.701965,5.883716,4.75,9,16,45,null
"2018-09-24T04:32:21.000Z",45.701965,5.883716,5.5,8.75,12.5,45,null
"2018-09-24T04:36:21.000Z",45.701965,5.883716,7,11,17,45,null
"2018-09-24T04:40:21.000Z",45.701965,5.883716,8,11.5,16.5,45,null
"2018-09-24T04:44:25.000Z",45.701965,5.883716,8,13.5,19,45,null
"2018-09-24T04:48:25.000Z",45.701965,5.883716,6.5,10.5,15,45,null
"2018-09-24T04:52:25.000Z",45.701965,5.883716,5.5,9.25,15.5,22.5,null
"2018-09-24T04:56:29.000Z",45.701965,5.883716,5.5,9.75,15,45,null
"2018-09-24T05:00:29.000Z",45.701965,5.883716,7.75,11,16,45,null
"2018-09-24T05:04:29.000Z",45.701965,5.883716,6.5,10.5,15.5,45,null
"2018-09-24T05:08:33.000Z",45.701965,5.883716,6.25,11.5,15,45,null
"2018-09-24T05:12:33.000Z",45.701965,5.883716,6,10.5,14.5,45,null
"2018-09-24T05:16:33.000Z",45.701965,5.883716,5.25,10.5,16.5,45,null
"2018-09-24T05:20:36.000Z",45.701965,5.883716,5.25,10.5,16,45,null
"2018-09-24T05:24:36.000Z",45.701965,5.883716,6,11.5,18,45,null
"2018-09-24T05:28:36.000Z",45.701965,5.883716,6.25,9.5,18,45,null
"2018-09-24T05:32:41.000Z",45.701965,5.883716,5.5,8.75,13,67.5,null
"2018-09-24T05:36:41.000Z",45.701965,5.883716,4.5,10,15,45,null
"2018-09-24T05:40:41.000Z",45.701965,5.883716,4.75,8.75,13.5,22.5,null
"2018-09-24T05:44:45.000Z",45.701965,5.883716,4.25,9,14,45,null
"2018-09-24T05:48:45.000Z",45.701965,5.883716,6.5,9.25,15,45,null
"2018-09-24T05:52:45.000Z",45.701965,5.883716,5.5,9.5,15.5,45,null
"2018-09-24T05:56:49.000Z",45.701965,5.883716,4.5,11,17.5,22.5,null
"2018-09-24T06:00:49.000Z",45.701965,5.883716,5.25,9.5,15.5,22.5,null
"2018-09-24T06:04:49.000Z",45.701965,5.883716,7,11,16.5,22.5,null
"2018-09-24T06:08:53.000Z",45.701965,5.883716,3.25,9.5,16.5,22.5,null
"2018-09-24T06:12:53.000Z",45.701965,5.883716,4.75,8.25,14,22.5,null
"2018-09-24T06:16:53.000Z",45.701965,5.883716,7.25,17,36,0,null
"2018-09-24T06:20:57.000Z",45.701965,5.883716,8.75,20.5,30.5,0,null
"2018-09-24T06:24:57.000Z",45.701965,5.883716,6.25,16.5,27.5,0,null
"2018-09-24T06:28:57.000Z",45.701965,5.883716,7,15.5,27,0,null
"2018-09-24T06:33:01.000Z",45.701965,5.883716,8.75,18,27,22.5,null
"2018-09-24T06:37:01.000Z",45.701965,5.883716,2.75,9.75,15.5,45,null
"2018-09-24T06:41:01.000Z",45.701965,5.883716,3.75,9,15.5,22.5,null
"2018-09-24T06:45:06.000Z",45.701965,5.883716,2.5,11,15.5,22.5,null
"2018-09-24T06:49:06.000Z",45.701965,5.883716,7.75,11.5,16.5,45,null
"2018-09-24T06:53:06.000Z",45.701965,5.883716,6.25,11,16.5,45,null
"2018-09-24T06:57:09.000Z",45.701965,5.883716,5.25,11,14.5,22.5,null
"2018-09-24T07:01:09.000Z",45.701965,5.883716,3.5,8,12,22.5,null
"2018-09-24T07:05:09.000Z",45.701965,5.883716,4.25,11,16,45,null
"2018-09-24T07:09:13.000Z",45.701965,5.883716,3.75,9.75,14.5,22.5,null
"2018-09-24T07:13:13.000Z",45.701965,5.883716,2.5,11.5,26,22.5,null
"2018-09-24T07:17:13.000Z",45.701965,5.883716,6.5,11,15.5,22.5,null
"2018-09-24T07:21:17.000Z",45.701965,5.883716,8,12,25.5,22.5,null
"2018-09-24T07:25:17.000Z",45.701965,5.883716,8.25,14.5,26,22.5,null
"2018-09-24T07:29:17.000Z",45.701965,5.883716,9.75,20.5,28.5,0,null
"2018-09-24T07:33:21.000Z",45.701965,5.883716,10,21.5,33,0,null
"2018-09-24T07:37:21.000Z",45.701965,5.883716,12,27.5,42,337.5,null
"2018-09-24T07:41:21.000Z",45.701965,5.883716,22.5,30,43.5,337.5,null
"2018-09-24T07:45:26.000Z",45.701965,5.883716,21,29.5,42,337.5,null
"2018-09-24T07:49:26.000Z",45.701965,5.883716,21,29,40,337.5,null
"2018-09-24T07:53:26.000Z",45.701965,5.883716,22.5,30,42,337.5,null
"2018-09-24T07:57:29.000Z",45.701965,5.883716,20,28.5,37.5,337.5,null
"2018-09-24T08:01:29.000Z",45.701965,5.883716,19,27,44.5,337.5,null
"2018-09-24T08:05:29.000Z",45.701965,5.883716,19.5,29,40,0,null
"2018-09-24T08:09:34.000Z",45.701965,5.883716,18,27.5,36,337.5,null
"2018-09-24T08:13:34.000Z",45.701965,5.883716,17.5,27,36.5,337.5,null
"2018-09-24T08:17:34.000Z",45.701965,5.883716,17.5,25.5,36.5,0,null
"2018-09-24T08:21:37.000Z",45.701965,5.883716,20,31.5,39.5,337.5,null
"2018-09-24T08:25:37.000Z",45.701965,5.883716,20,31,43.5,337.5,null
"2018-09-24T08:29:37.000Z",45.701965,5.883716,19,26.5,38.5,0,null
"2018-09-24T08:33:41.000Z",45.701965,5.883716,19.5,31.5,43,337.5,null
"2018-09-24T08:37:41.000Z",45.701965,5.883716,19,28.5,42,337.5,null
"2018-09-24T08:41:41.000Z",45.701965,5.883716,13,26,38.5,0,null
"2018-09-24T08:45:46.000Z",45.701965,5.883716,12,25,44,337.5,null
"2018-09-24T08:49:46.000Z",45.701965,5.883716,19,26.5,34.5,337.5,null
"2018-09-24T08:53:46.000Z",45.701965,5.883716,16.5,25,35,337.5,null
"2018-09-24T08:57:50.000Z",45.701965,5.883716,23,30.5,39.5,337.5,null
"2018-09-24T09:01:50.000Z",45.701965,5.883716,12,24.5,47.5,337.5,null
"2018-09-24T09:05:50.000Z",45.701965,5.883716,12,26,43,0,null
"2018-09-24T09:09:54.000Z",45.701965,5.883716,16,26,36,337.5,null
"2018-09-24T09:13:54.000Z",45.701965,5.883716,19.5,31,44,0,null
"2018-09-24T09:17:54.000Z",45.701965,5.883716,18,26,36,0,null
"2018-09-24T09:21:58.000Z",45.701965,5.883716,19,31,43.5,337.5,null
"2018-09-24T09:25:58.000Z",45.701965,5.883716,22,31,38.5,337.5,null
"2018-09-24T09:29:58.000Z",45.701965,5.883716,19.5,27,36,337.5,null
"2018-09-24T09:34:02.000Z",45.701965,5.883716,22.5,30.5,41,337.5,null
"2018-09-24T09:38:02.000Z",45.701965,5.883716,19,27.5,41,0,null
"2018-09-24T09:42:02.000Z",45.701965,5.883716,14.5,27,40.5,337.5,null
"2018-09-24T09:46:06.000Z",45.701965,5.883716,15.5,27,39.5,337.5,null
"2018-09-24T09:50:06.000Z",45.701965,5.883716,20.5,30.5,46.5,337.5,null
"2018-09-24T09:54:06.000Z",45.701965,5.883716,20,28.5,39,337.5,null
"2018-09-24T09:58:10.000Z",45.701965,5.883716,19.5,29,42,337.5,null
"2018-09-24T10:02:10.000Z",45.701965,5.883716,27,37,47,337.5,null
"2018-09-24T10:06:10.000Z",45.701965,5.883716,22.5,33,43,337.5,null
"2018-09-24T10:10:14.000Z",45.701965,5.883716,19.5,31.5,46.5,0,null
"2018-09-24T10:14:14.000Z",45.701965,5.883716,20,30.5,41.5,0,null
"2018-09-24T10:18:14.000Z",45.701965,5.883716,17,30.5,42,337.5,null
"2018-09-24T10:22:18.000Z",45.701965,5.883716,22.5,32.5,47.5,337.5,null
"2018-09-24T10:26:18.000Z",45.701965,5.883716,28,37.5,50,337.5,null
"2018-09-24T10:30:18.000Z",45.701965,5.883716,24.5,37.5,45.5,337.5,null
"2018-09-24T10:34:22.000Z",45.701965,5.883716,28,36.5,47.5,337.5,null
"2018-09-24T10:38:22.000Z",45.701965,5.883716,21.5,35,49,337.5,null
"2018-09-24T10:42:22.000Z",45.701965,5.883716,19,34,47.5,337.5,null
"2018-09-24T10:46:27.000Z",45.701965,5.883716,26,35.5,45.5,337.5,null
"2018-09-24T10:50:27.000Z",45.701965,5.883716,24.5,34,43.5,337.5,null
"2018-09-24T10:54:27.000Z",45.701965,5.883716,18.5,32,44,337.5,null
"2018-09-24T10:58:30.000Z",45.701965,5.883716,14.5,29.5,44,0,null
"2018-09-24T11:02:30.000Z",45.701965,5.883716,25.5,35.5,46.5,0,null
"2018-09-24T11:06:30.000Z",45.701965,5.883716,20,29.5,44,0,null
"2018-09-24T11:10:35.000Z",45.701965,5.883716,16,29,47.5,0,null
"2018-09-24T11:14:35.000Z",45.701965,5.883716,18,30,42,0,null
"2018-09-24T11:18:35.000Z",45.701965,5.883716,18,30.5,41.5,0,null
"2018-09-24T11:22:38.000Z",45.701965,5.883716,20.5,32,44,0,null
"2018-09-24T11:26:38.000Z",45.701965,5.883716,19,29,41,0,null
"2018-09-24T11:30:38.000Z",45.701965,5.883716,23.5,31,42,0,null
"2018-09-24T11:34:43.000Z",45.701965,5.883716,18,30.5,40.5,0,null
"2018-09-24T11:38:43.000Z",45.701965,5.883716,23.5,33,43.5,337.5,null
"2018-09-24T11:42:43.000Z",45.701965,5.883716,18,31.5,48.5,337.5,null
"2018-09-24T11:46:46.000Z",45.701965,5.883716,21,30.5,41,337.5,null
"2018-09-24T11:50:46.000Z",45.701965,5.883716,22,34,47.5,337.5,null
"2018-09-24T11:54:46.000Z",45.701965,5.883716,20.5,30.5,45.5,337.5,null
"2018-09-24T11:58:51.000Z",45.701965,5.883716,16.5,32.5,47,0,null
"2018-09-24T12:02:51.000Z",45.701965,5.883716,17,31,45,0,null
"2018-09-24T12:06:51.000Z",45.701965,5.883716,14,33.5,50,0,null
"2018-09-24T12:10:54.000Z",45.701965,5.883716,22.5,33,45,0,null
"2018-09-24T12:14:54.000Z",45.701965,5.883716,14.5,26,44,0,null
"2018-09-24T12:18:54.000Z",45.701965,5.883716,0,24,42,337.5,null
"2018-09-24T12:22:59.000Z",45.701965,5.883716,20.5,32.5,51,337.5,null
"2018-09-24T12:26:59.000Z",45.701965,5.883716,15.5,32,45.5,337.5,null
"2018-09-24T12:30:59.000Z",45.701965,5.883716,8,25.5,45,0,null
"2018-09-24T12:35:02.000Z",45.701965,5.883716,22.5,35.5,46.5,337.5,null
"2018-09-24T12:39:02.000Z",45.701965,5.883716,11.5,34,50.5,0,null
"2018-09-24T12:43:02.000Z",45.701965,5.883716,10,29.5,49.5,0,null
"2018-09-24T12:47:06.000Z",45.701965,5.883716,6.25,31.5,43,0,null
"2018-09-24T12:51:06.000Z",45.701965,5.883716,9.5,27.5,38.5,0,null
"2018-09-24T12:55:06.000Z",45.701965,5.883716,21,33,48.5,337.5,null
"2018-09-24T12:59:11.000Z",45.701965,5.883716,13,34,54.5,337.5,null
"2018-09-24T13:03:11.000Z",45.701965,5.883716,15.5,28.5,41,0,null
"2018-09-24T13:07:11.000Z",45.701965,5.883716,17.5,27,41.5,337.5,null
"2018-09-24T13:11:14.000Z",45.701965,5.883716,13,32.5,50,337.5,null
"2018-09-24T13:15:14.000Z",45.701965,5.883716,22,35.5,48.5,337.5,null
"2018-09-24T13:19:14.000Z",45.701965,5.883716,19.5,29,42,337.5,null
"2018-09-24T13:23:19.000Z",45.701965,5.883716,16.5,33,49,0,null
"2018-09-24T13:27:19.000Z",45.701965,5.883716,19,28.5,44.5,337.5,null
"2018-09-24T13:31:19.000Z",45.701965,5.883716,17,29.5,42,337.5,null
"2018-09-24T13:35:23.000Z",45.701965,5.883716,20,29.5,40.5,337.5,null
"2018-09-24T13:39:23.000Z",45.701965,5.883716,27.5,36,50,337.5,null
"2018-09-24T13:43:23.000Z",45.701965,5.883716,24.5,36.5,52,337.5,null
"2018-09-24T13:47:27.000Z",45.701965,5.883716,26.5,36.5,49.5,337.5,null
"2018-09-24T13:51:27.000Z",45.701965,5.883716,26,36,47.5,337.5,null
"2018-09-24T13:55:27.000Z",45.701965,5.883716,21,33.5,44,337.5,null
"2018-09-24T13:59:31.000Z",45.701965,5.883716,24.5,34.5,46.5,337.5,null
"2018-09-24T14:03:31.000Z",45.701965,5.883716,21,34,46,337.5,null
"2018-09-24T14:07:31.000Z",45.701965,5.883716,23,34.5,44,337.5,null
"2018-09-24T14:11:35.000Z",45.701965,5.883716,23,35,47,337.5,null
"2018-09-24T14:15:35.000Z",45.701965,5.883716,30.5,40,53.5,337.5,null
"2018-09-24T14:19:35.000Z",45.701965,5.883716,31,40.5,51,337.5,null
"2018-09-24T14:23:39.000Z",45.701965,5.883716,25.5,35.5,47.5,0,null
"2018-09-24T14:27:39.000Z",45.701965,5.883716,18.5,34.5,50,0,null
"2018-09-24T14:31:39.000Z",45.701965,5.883716,11.5,25,35,0,null
"2018-09-24T14:35:43.000Z",45.701965,5.883716,29,37,47.5,0,null
"2018-09-24T14:39:43.000Z",45.701965,5.883716,27,37.5,47.5,0,null
"2018-09-24T14:43:43.000Z",45.701965,5.883716,27,37,50,0,null
"2018-09-24T14:47:47.000Z",45.701965,5.883716,23.5,35.5,43,0,null
"2018-09-24T14:51:47.000Z",45.701965,5.883716,21.5,34.5,52,0,null
"2018-09-24T14:55:47.000Z",45.701965,5.883716,28.5,37,45,0,null
"2018-09-24T14:59:51.000Z",45.701965,5.883716,20,33.5,43,0,null
"2018-09-24T15:03:51.000Z",45.701965,5.883716,27,36,46.5,0,null
"2018-09-24T15:07:51.000Z",45.701965,5.883716,26,35.5,55,0,null
"2018-09-24T15:11:55.000Z",45.701965,5.883716,22,34,44,0,null
"2018-09-24T15:15:55.000Z",45.701965,5.883716,22.5,30,39.5,0,null
"2018-09-24T15:19:55.000Z",45.701965,5.883716,21.5,30.5,40.5,0,null
"2018-09-24T15:23:59.000Z",45.701965,5.883716,17.5,29,40.5,0,null
"2018-09-24T15:27:59.000Z",45.701965,5.883716,19.5,28.5,37,0,null
"2018-09-24T15:31:59.000Z",45.701965,5.883716,17,30.5,47,0,null
"2018-09-24T15:36:04.000Z",45.701965,5.883716,19.5,39.5,49.5,0,null
"2018-09-24T15:40:04.000Z",45.701965,5.883716,28,39.5,53,0,null
"2018-09-24T15:44:04.000Z",45.701965,5.883716,27.5,40.5,55.5,0,null
"2018-09-24T15:48:08.000Z",45.701965,5.883716,24.5,38,48.5,0,null
"2018-09-24T15:52:08.000Z",45.701965,5.883716,23,39,51,0,null
"2018-09-24T15:56:08.000Z",45.701965,5.883716,22.5,37,48,0,null
"2018-09-24T16:00:11.000Z",45.701965,5.883716,24.5,34,49.5,0,null
"2018-09-24T16:04:11.000Z",45.701965,5.883716,16.5,33,53.5,0,null
"2018-09-24T16:08:11.000Z",45.701965,5.883716,9.75,26,40.5,0,null
"2018-09-24T16:12:15.000Z",45.701965,5.883716,12.5,29,46,0,null
"2018-09-24T16:16:15.000Z",45.701965,5.883716,18.5,28,43,337.5,null
"2018-09-24T16:20:15.000Z",45.701965,5.883716,23.5,30.5,40,337.5,null
"2018-09-24T16:24:20.000Z",45.701965,5.883716,27,31.5,43,337.5,null
"2018-09-24T16:28:20.000Z",45.701965,5.883716,25,33,46.5,337.5,null
"2018-09-24T16:32:20.000Z",45.701965,5.883716,16.5,29.5,42.5,0,null
"2018-09-24T16:36:23.000Z",45.701965,5.883716,23.5,36,51.5,337.5,null
"2018-09-24T16:40:23.000Z",45.701965,5.883716,22.5,35,45.5,337.5,null
"2018-09-24T16:44:23.000Z",45.701965,5.883716,21,36,48.5,337.5,null
"2018-09-24T16:48:28.000Z",45.701965,5.883716,28,41.5,55.5,337.5,null
"2018-09-24T16:52:28.000Z",45.701965,5.883716,22,36.5,54.5,337.5,null
"2018-09-24T16:56:28.000Z",45.701965,5.883716,17,36,48.5,337.5,null
"2018-09-24T17:00:32.000Z",45.701965,5.883716,20,34,54,337.5,null
"2018-09-24T17:04:32.000Z",45.701965,5.883716,27,36.5,51,337.5,null
"2018-09-24T17:08:32.000Z",45.701965,5.883716,21,32.5,47.5,337.5,null
"2018-09-24T17:12:35.000Z",45.701965,5.883716,24.5,34,46.5,0,null
"2018-09-24T17:16:35.000Z",45.701965,5.883716,15,36,45.5,0,null
"2018-09-24T17:20:35.000Z",45.701965,5.883716,18,27.5,42.5,0,null
"2018-09-24T17:24:40.000Z",45.701965,5.883716,19.5,32.5,50,0,null
"2018-09-24T17:28:40.000Z",45.701965,5.883716,16,26,48.5,0,null
"2018-09-24T17:32:40.000Z",45.701965,5.883716,16.5,30.5,47.5,0,null
"2018-09-24T17:36:44.000Z",45.701965,5.883716,14.5,26,38.5,0,null
"2018-09-24T17:40:44.000Z",45.701965,5.883716,13,25.5,43.5,0,null
"2018-09-24T17:44:44.000Z",45.701965,5.883716,11,27.5,38.5,0,null
"2018-09-24T17:48:47.000Z",45.701965,5.883716,15.5,32,50,0,null
"2018-09-24T17:52:47.000Z",45.701965,5.883716,12,29,52,0,null
"2018-09-24T17:56:47.000Z",45.701965,5.883716,20,32.5,45,0,null
"2018-09-24T18:00:52.000Z",45.701965,5.883716,12,25.5,34,0,null
"2018-09-24T18:04:52.000Z",45.701965,5.883716,13.5,30,53.5,0,null
"2018-09-24T18:08:52.000Z",45.701965,5.883716,16.5,28.5,41.5,0,null
"2018-09-24T18:12:55.000Z",45.701965,5.883716,21,30,47.5,0,null
"2018-09-24T18:16:55.000Z",45.701965,5.883716,16.5,32,50,0,null
"2018-09-24T18:20:55.000Z",45.701965,5.883716,18,29,41.5,337.5,null
"2018-09-24T18:25:00.000Z",45.701965,5.883716,26.5,38.5,51.5,337.5,null
"2018-09-24T18:29:00.000Z",45.701965,5.883716,17,32.5,52.5,0,null
"2018-09-24T18:33:00.000Z",45.701965,5.883716,21,30,48.5,0,null
"2018-09-24T18:37:04.000Z",45.701965,5.883716,23,32,47.5,0,null
"2018-09-24T18:41:04.000Z",45.701965,5.883716,11,28,42,0,null
"2018-09-24T18:45:04.000Z",45.701965,5.883716,11,25.5,39.5,0,null
"2018-09-24T18:49:08.000Z",45.701965,5.883716,11,29,39.5,0,null
"2018-09-24T18:53:08.000Z",45.701965,5.883716,17,31,50.5,0,null
"2018-09-24T18:57:08.000Z",45.701965,5.883716,17.5,26,39.5,0,null
"2018-09-24T19:01:12.000Z",45.701965,5.883716,16,28.5,40.5,0,null
"2018-09-24T19:05:12.000Z",45.701965,5.883716,6.5,20,32.5,0,null
"2018-09-24T19:09:12.000Z",45.701965,5.883716,11.5,25.5,43.5,0,null
"2018-09-24T19:13:16.000Z",45.701965,5.883716,13,25.5,38,0,null
"2018-09-24T19:17:16.000Z",45.701965,5.883716,12,24.5,44,0,null
"2018-09-24T19:21:16.000Z",45.701965,5.883716,21.5,32.5,47,0,null
"2018-09-24T19:25:20.000Z",45.701965,5.883716,9.75,23,38,337.5,null
"2018-09-24T19:29:20.000Z",45.701965,5.883716,13,28,64.5,0,null
"2018-09-24T19:33:20.000Z",45.701965,5.883716,13,24.5,40.5,0,null
"2018-09-24T19:37:24.000Z",45.701965,5.883716,20.5,27.5,38,0,null
"2018-09-24T19:41:24.000Z",45.701965,5.883716,22,31,39.5,337.5,null
"2018-09-24T19:45:24.000Z",45.701965,5.883716,19.5,32,52,0,null
"2018-09-24T19:50:20.000Z",45.701965,5.883716,19.5,30,42.5,0,null
"2018-09-24T19:54:20.000Z",45.701965,5.883716,9.5,27.5,46.5,0,null
"2018-09-24T19:58:20.000Z",45.701965,5.883716,14.5,26.5,39.5,0,null
"2018-09-24T20:02:24.000Z",45.701965,5.883716,17,25.5,39.5,337.5,null
"2018-09-24T20:06:24.000Z",45.701965,5.883716,13,23,37,0,null
"2018-09-24T20:10:24.000Z",45.701965,5.883716,16.5,30.5,46.5,0,null
"2018-09-24T20:14:28.000Z",45.701965,5.883716,14.5,29,46.5,0,null
"2018-09-24T20:18:28.000Z",45.701965,5.883716,12.5,32,46.5,0,null
"2018-09-24T20:22:28.000Z",45.701965,5.883716,14.5,26.5,39,0,null
"2018-09-24T20:26:32.000Z",45.701965,5.883716,12,24,47.5,0,null
"2018-09-24T20:30:32.000Z",45.701965,5.883716,8.75,22,39.5,0,null
"2018-09-24T20:34:32.000Z",45.701965,5.883716,15.5,31,50.5,0,null
"2018-09-24T20:38:36.000Z",45.701965,5.883716,3.5,17,37,0,null
"2018-09-24T20:42:36.000Z",45.701965,5.883716,8.75,21.5,33,22.5,null
"2018-09-24T20:46:36.000Z",45.701965,5.883716,8.25,27,53.5,0,null
"2018-09-24T20:50:41.000Z",45.701965,5.883716,10,21,33.5,0,null
"2018-09-24T20:54:41.000Z",45.701965,5.883716,9.5,18,30,0,null
"2018-09-24T20:58:41.000Z",45.701965,5.883716,12.5,20,30.5,22.5,null
"2018-09-24T21:02:44.000Z",45.701965,5.883716,13,25.5,37,0,null
"2018-09-24T21:06:44.000Z",45.701965,5.883716,7,19,35,0,null
"2018-09-24T21:10:44.000Z",45.701965,5.883716,8.75,20.5,36.5,22.5,null
"2018-09-24T21:14:49.000Z",45.701965,5.883716,14.5,23,37,0,null
"2018-09-24T21:18:49.000Z",45.701965,5.883716,8,20,35,22.5,null
"2018-09-24T21:22:49.000Z",45.701965,5.883716,8.25,24.5,47,0,null
"2018-09-24T21:26:53.000Z",45.701965,5.883716,15,29,53,0,null
"2018-09-24T21:30:53.000Z",45.701965,5.883716,16.5,30,45.5,0,null
"2018-09-24T21:34:53.000Z",45.701965,5.883716,13,26.5,40.5,0,null
"2018-09-24T21:38:56.000Z",45.701965,5.883716,6.75,29,45.5,0,null
"2018-09-24T21:42:56.000Z",45.701965,5.883716,14.5,26,47.5,0,null
"2018-09-24T21:46:56.000Z",45.701965,5.883716,10,25,44,0,null
"2018-09-24T21:51:01.000Z",45.701965,5.883716,11,23,39.5,0,null
"2018-09-24T21:55:01.000Z",45.701965,5.883716,12,29.5,45.5,0,null
"2018-09-24T21:59:01.000Z",45.701965,5.883716,1,17.5,35,22.5,null
"2018-09-24T22:03:05.000Z",45.701965,5.883716,5.5,14,24,22.5,null
"2018-09-24T22:07:05.000Z",45.701965,5.883716,8,22,39,0,null
"2018-09-24T22:11:05.000Z",45.701965,5.883716,2,17,34.5,0,null
"2018-09-24T22:15:09.000Z",45.701965,5.883716,0,4.5,10.5,67.5,null
"2018-09-24T22:19:09.000Z",45.701965,5.883716,1,6.5,14,90,null
"2018-09-24T22:23:09.000Z",45.701965,5.883716,0.75,4.75,12,67.5,null
"2018-09-24T22:27:13.000Z",45.701965,5.883716,0,1.75,7,67.5,null
"2018-09-24T22:31:13.000Z",45.701965,5.883716,2,6.75,11.5,22.5,null
"2018-09-24T22:35:13.000Z",45.701965,5.883716,5.5,10,15.5,22.5,null
"2018-09-24T22:39:16.000Z",45.701965,5.883716,1.5,7,15.5,22.5,null
"2018-09-24T22:43:16.000Z",45.701965,5.883716,3.25,9.25,16.5,22.5,null
"2018-09-24T22:47:16.000Z",45.701965,5.883716,2.75,7.25,12.5,22.5,null
"2018-09-24T22:51:21.000Z",45.701965,5.883716,1,6,15.5,45,null
"2018-09-24T22:55:21.000Z",45.701965,5.883716,0,3.75,7.25,67.5,null
"2018-09-24T22:59:21.000Z",45.701965,5.883716,0.75,5.25,10,67.5,null
"2018-09-24T23:03:24.000Z",45.701965,5.883716,2,7,11.5,45,null
"2018-09-24T23:07:24.000Z",45.701965,5.883716,2,6.25,15,45,null
"2018-09-24T23:11:24.000Z",45.701965,5.883716,0.75,5.5,13,45,null
"2018-09-24T23:15:29.000Z",45.701965,5.883716,0,4.75,13.5,22.5,null
"2018-09-24T23:19:29.000Z",45.701965,5.883716,0.25,5.5,11,22.5,null
"2018-09-24T23:23:29.000Z",45.701965,5.883716,0,0.5,3.75,22.5,null
"2018-09-24T23:27:33.000Z",45.701965,5.883716,0.25,6.5,16,22.5,null
"2018-09-24T23:31:33.000Z",45.701965,5.883716,1.5,5.75,11.5,22.5,null
"2018-09-24T23:35:33.000Z",45.701965,5.883716,0.75,5,9.5,22.5,null
"2018-09-24T23:39:37.000Z",45.701965,5.883716,0,4,11,22.5,null
"2018-09-24T23:43:37.000Z",45.701965,5.883716,1.5,5,10.5,0,null
"2018-09-24T23:47:37.000Z",45.701965,5.883716,4.75,8,12,22.5,null
"2018-09-24T23:51:41.000Z",45.701965,5.883716,1.75,9.25,28.5,22.5,null
"2018-09-24T23:55:41.000Z",45.701965,5.883716,1.75,5.25,9.5,22.5,null
"2018-09-24T23:59:41.000Z",45.701965,5.883716,0,5.25,10.5,22.5,null
"2018-09-25T00:03:45.000Z",45.701965,5.883716,0.75,5,11.5,45,null
"2018-09-25T00:07:45.000Z",45.701965,5.883716,0,5.75,12,45,null
"2018-09-25T00:11:45.000Z",45.701965,5.883716,1.5,5.25,9.75,22.5,null
"2018-09-25T00:15:49.000Z",45.701965,5.883716,3.5,7,11,22.5,null
"2018-09-25T00:19:49.000Z",45.701965,5.883716,0,5,12,22.5,null
"2018-09-25T00:23:49.000Z",45.701965,5.883716,2.75,8.25,13.5,22.5,null
"2018-09-25T00:27:54.000Z",45.701965,5.883716,0.25,6.25,12.5,0,null
"2018-09-25T00:31:54.000Z",45.701965,5.883716,5.5,10,17,22.5,null
"2018-09-25T00:35:54.000Z",45.701965,5.883716,1.75,6.5,16.5,22.5,null
"2018-09-25T00:39:58.000Z",45.701965,5.883716,1.5,9,14,22.5,null
"2018-09-25T00:43:58.000Z",45.701965,5.883716,3.75,7.5,15.5,22.5,null
"2018-09-25T00:47:58.000Z",45.701965,5.883716,2.5,7.5,15.5,22.5,null
"2018-09-25T00:52:02.000Z",45.701965,5.883716,1,7.5,16,22.5,null
"2018-09-25T00:56:02.000Z",45.701965,5.883716,3.75,10,18,22.5,null
"2018-09-25T01:00:02.000Z",45.701965,5.883716,1.5,9.75,17.5,22.5,null
"2018-09-25T01:04:06.000Z",45.701965,5.883716,3.25,7.25,14,0,null
"2018-09-25T01:08:06.000Z",45.701965,5.883716,6.25,11,18.5,0,null
"2018-09-25T01:12:06.000Z",45.701965,5.883716,4.5,9,15.5,0,null
"2018-09-25T01:16:10.000Z",45.701965,5.883716,2.5,7.25,11.5,45,null
"2018-09-25T01:20:10.000Z",45.701965,5.883716,1,6.75,13,0,null
"2018-09-25T01:24:10.000Z",45.701965,5.883716,4.25,8,13,22.5,null
"2018-09-25T01:28:13.000Z",45.701965,5.883716,0,4.5,12,22.5,null
"2018-09-25T01:32:13.000Z",45.701965,5.883716,0,4.25,11.5,22.5,null
"2018-09-25T01:36:13.000Z",45.701965,5.883716,1,5,11,0,null
"2018-09-25T01:40:17.000Z",45.701965,5.883716,4.5,9,13.5,0,null
"2018-09-25T01:44:17.000Z",45.701965,5.883716,3.75,8.75,14,0,null
"2018-09-25T01:48:17.000Z",45.701965,5.883716,2,6.25,13,22.5,null
"2018-09-25T01:52:22.000Z",45.701965,5.883716,0,4.25,8,22.5,null
"2018-09-25T01:56:22.000Z",45.701965,5.883716,0,2.75,8,45,null
"2018-09-25T02:00:22.000Z",45.701965,5.883716,0,2,7.25,112.5,null
"2018-09-25T02:04:25.000Z",45.701965,5.883716,0,3.25,8.25,45,null
"2018-09-25T02:08:25.000Z",45.701965,5.883716,0,2.5,11.5,0,null
"2018-09-25T02:12:25.000Z",45.701965,5.883716,0,3.5,9.5,0,null
"2018-09-25T02:16:30.000Z",45.701965,5.883716,0,1.25,5.25,0,null
"2018-09-25T02:20:30.000Z",45.701965,5.883716,0,6.25,18,337.5,null
"2018-09-25T02:24:30.000Z",45.701965,5.883716,0.25,3.5,8,22.5,null
"2018-09-25T02:28:34.000Z",45.701965,5.883716,2.5,6.25,12.5,0,null
"2018-09-25T02:32:34.000Z",45.701965,5.883716,0,4.25,12,45,null
"2018-09-25T02:36:34.000Z",45.701965,5.883716,2.75,6,14.5,0,null
"2018-09-25T02:40:38.000Z",45.701965,5.883716,1,8,12,0,null
"2018-09-25T02:44:38.000Z",45.701965,5.883716,2.75,8.25,19.5,0,null
"2018-09-25T02:48:38.000Z",45.701965,5.883716,3.75,9.25,19,22.5,null
"2018-09-25T02:52:42.000Z",45.701965,5.883716,2,8.25,14.5,22.5,null
"2018-09-25T02:56:42.000Z",45.701965,5.883716,1.75,12,23.5,337.5,null
"2018-09-25T03:00:42.000Z",45.701965,5.883716,0,6.75,15.5,22.5,null
"2018-09-25T03:04:46.000Z",45.701965,5.883716,0,5.75,14.5,0,null
"2018-09-25T03:08:46.000Z",45.701965,5.883716,0,2.5,9.5,22.5,null
"2018-09-25T03:12:46.000Z",45.701965,5.883716,2,8.75,15.5,0,null
"2018-09-25T03:16:50.000Z",45.701965,5.883716,4.25,9.5,19,22.5,null
"2018-09-25T03:20:50.000Z",45.701965,5.883716,2.5,8.25,22,22.5,null
"2018-09-25T03:24:50.000Z",45.701965,5.883716,2,10,22,0,null
"2018-09-25T03:28:54.000Z",45.701965,5.883716,0,3.25,9.5,0,null
"2018-09-25T03:32:54.000Z",45.701965,5.883716,0,2.25,7.25,0,null
"2018-09-25T03:36:54.000Z",45.701965,5.883716,0,3.25,12,0,null
"2018-09-25T03:40:59.000Z",45.701965,5.883716,0,5.25,15.5,22.5,null
"2018-09-25T03:44:59.000Z",45.701965,5.883716,4.5,9,14,0,null
"2018-09-25T03:48:59.000Z",45.701965,5.883716,0.75,6.25,14,0,null
"2018-09-25T03:53:02.000Z",45.701965,5.883716,0,3.25,14.5,0,null
"2018-09-25T03:57:02.000Z",45.701965,5.883716,1,5.75,11,0,null
"2018-09-25T04:01:02.000Z",45.701965,5.883716,0,4.5,10,337.5,null
"2018-09-25T04:05:06.000Z",45.701965,5.883716,0,2.25,9.5,0,null
"2018-09-25T04:09:06.000Z",45.701965,5.883716,0,3.75,11,22.5,null
"2018-09-25T04:13:06.000Z",45.701965,5.883716,0,6.75,12.5,337.5,null
"2018-09-25T04:17:11.000Z",45.701965,5.883716,0.5,6,13.5,0,null
"2018-09-25T04:21:11.000Z",45.701965,5.883716,2.75,10.5,18,337.5,null
"2018-09-25T04:25:11.000Z",45.701965,5.883716,2.5,9,22,0,null
"2018-09-25T04:29:14.000Z",45.701965,5.883716,4.25,10,18.5,45,null
"2018-09-25T04:33:14.000Z",45.701965,5.883716,3.5,8.25,13,45,null
"2018-09-25T04:37:14.000Z",45.701965,5.883716,3.25,7.25,15.5,0,null
"2018-09-25T04:41:19.000Z",45.701965,5.883716,3.25,6.75,10.5,0,null
"2018-09-25T04:45:19.000Z",45.701965,5.883716,0,3.75,9.5,0,null
"2018-09-25T04:49:19.000Z",45.701965,5.883716,0,3.5,11,45,null
"2018-09-25T04:53:22.000Z",45.701965,5.883716,0,2,14.5,45,null
"2018-09-25T04:57:22.000Z",45.701965,5.883716,0,0.25,1.5,22.5,null
"2018-09-25T05:01:22.000Z",45.701965,5.883716,0,4.75,11,135,null
"2018-09-25T05:05:27.000Z",45.701965,5.883716,0,4.5,11.5,135,null
"2018-09-25T05:09:27.000Z",45.701965,5.883716,0,1.75,8.75,225,null
"2018-09-25T05:13:27.000Z",45.701965,5.883716,0.75,2.5,4.75,157.5,null
"2018-09-25T05:17:30.000Z",45.701965,5.883716,0.25,3.75,6.5,135,null
"2018-09-25T05:21:30.000Z",45.701965,5.883716,0,2.25,7.75,112.5,null
"2018-09-25T05:25:30.000Z",45.701965,5.883716,0,1.75,6.5,135,null
"2018-09-25T05:29:35.000Z",45.701965,5.883716,0,3.5,11.5,247.5,null
"2018-09-25T05:33:35.000Z",45.701965,5.883716,0,2.5,8.75,337.5,null
"2018-09-25T05:37:35.000Z",45.701965,5.883716,0,1.25,3.25,0,null
"2018-09-25T05:41:38.000Z",45.701965,5.883716,1.5,5,10,90,null
"2018-09-25T05:45:38.000Z",45.701965,5.883716,0,3.75,7,180,null
"2018-09-25T05:49:38.000Z",45.701965,5.883716,0,3.25,5.25,135,null
"2018-09-25T05:53:43.000Z",45.701965,5.883716,0,3.25,8,67.5,null
"2018-09-25T05:57:43.000Z",45.701965,5.883716,0,1,6.5,0,null
"2018-09-25T06:01:43.000Z",45.701965,5.883716,0,2,8.25,67.5,null
"2018-09-25T06:05:46.000Z",45.701965,5.883716,0,0.75,4.75,337.5,null
"2018-09-25T06:09:46.000Z",45.701965,5.883716,0,0.5,3.75,22.5,null
"2018-09-25T06:13:46.000Z",45.701965,5.883716,0,2.75,9,90,null
"2018-09-25T06:17:51.000Z",45.701965,5.883716,1.5,6.5,13,22.5,null
"2018-09-25T06:21:51.000Z",45.701965,5.883716,0,3.25,9.75,22.5,null
"2018-09-25T06:25:51.000Z",45.701965,5.883716,0,1.75,9,22.5,null
"2018-09-25T06:29:54.000Z",45.701965,5.883716,0.25,6.75,12,22.5,null
"2018-09-25T06:33:54.000Z",45.701965,5.883716,0,4,10,67.5,null
"2018-09-25T06:37:54.000Z",45.701965,5.883716,0,4.25,10,0,null
"2018-09-25T06:41:59.000Z",45.701965,5.883716,0,2.25,11,45,null
"2018-09-25T06:45:59.000Z",45.701965,5.883716,0,7.25,14,67.5,null
"2018-09-25T06:49:59.000Z",45.701965,5.883716,0,5.25,16.5,45,null
"2018-09-25T06:54:03.000Z",45.701965,5.883716,0.25,8.5,15.5,45,null
"2018-09-25T06:58:03.000Z",45.701965,5.883716,0,3.25,16.5,45,null
"2018-09-25T07:02:03.000Z",45.701965,5.883716,1,7.25,16,0,null
"2018-09-25T07:06:07.000Z",45.701965,5.883716,0,4.5,13,22.5,null
"2018-09-25T07:10:07.000Z",45.701965,5.883716,0,6,16.5,22.5,null
"2018-09-25T07:14:07.000Z",45.701965,5.883716,0,3.75,12,22.5,null
"2018-09-25T07:18:11.000Z",45.701965,5.883716,0.25,7,18,22.5,null
"2018-09-25T07:22:11.000Z",45.701965,5.883716,0,3.75,13,0,null
"2018-09-25T07:26:11.000Z",45.701965,5.883716,3.25,10,18,22.5,null
"2018-09-25T07:30:15.000Z",45.701965,5.883716,4.5,9.5,18.5,0,null
"2018-09-25T07:34:15.000Z",45.701965,5.883716,1,7.5,14.5,22.5,null
"2018-09-25T07:38:15.000Z",45.701965,5.883716,1.5,12.5,18.5,0,null
"2018-09-25T07:42:18.000Z",45.701965,5.883716,2.75,9.5,25.5,45,null
"2018-09-25T07:46:18.000Z",45.701965,5.883716,4.75,11.5,20.5,0,null
"2018-09-25T07:50:18.000Z",45.701965,5.883716,1.75,9.25,20,22.5,null
"2018-09-25T07:54:23.000Z",45.701965,5.883716,0.25,6.25,12,22.5,null
"2018-09-25T07:58:23.000Z",45.701965,5.883716,3.75,10.5,21,22.5,null
"2018-09-25T08:02:23.000Z",45.701965,5.883716,0.75,8,26,45,null
"2018-09-25T08:06:27.000Z",45.701965,5.883716,2,12.5,20,22.5,null
"2018-09-25T08:10:27.000Z",45.701965,5.883716,6.25,13,22,22.5,null
"2018-09-25T08:14:27.000Z",45.701965,5.883716,7,11.5,18.5,22.5,null
"2018-09-25T08:18:31.000Z",45.701965,5.883716,7.25,13.5,19,22.5,null
"2018-09-25T08:22:31.000Z",45.701965,5.883716,8.25,14.5,23,22.5,null
"2018-09-25T08:26:31.000Z",45.701965,5.883716,6,12.5,18,22.5,null
"2018-09-25T08:30:35.000Z",45.701965,5.883716,8.25,15,23.5,45,null
"2018-09-25T08:34:35.000Z",45.701965,5.883716,2.5,9.5,17.5,45,null
"2018-09-25T08:38:35.000Z",45.701965,5.883716,5.5,11,16.5,45,null
"2018-09-25T08:42:39.000Z",45.701965,5.883716,6,10.5,18,45,null
"2018-09-25T08:46:39.000Z",45.701965,5.883716,7,14.5,20,22.5,null
"2018-09-25T08:50:39.000Z",45.701965,5.883716,3.5,11,19,22.5,null
"2018-09-25T08:54:43.000Z",45.701965,5.883716,6.25,12,21.5,45,null
"2018-09-25T08:58:43.000Z",45.701965,5.883716,4.25,9.25,16.5,22.5,null
"2018-09-25T09:02:43.000Z",45.701965,5.883716,1,11.5,19.5,22.5,null
"2018-09-25T09:06:47.000Z",45.701965,5.883716,0,4.75,7.25,337.5,null
"2018-09-25T09:10:47.000Z",45.701965,5.883716,4.5,11.5,18,0,null
"2018-09-25T09:14:47.000Z",45.701965,5.883716,3.75,7.75,13,45,null
"2018-09-25T09:18:51.000Z",45.701965,5.883716,6,11.5,20.5,22.5,null
"2018-09-25T09:22:51.000Z",45.701965,5.883716,3.75,9,14.5,22.5,null
"2018-09-25T09:26:51.000Z",45.701965,5.883716,3.25,10,19.5,22.5,null
"2018-09-25T09:30:56.000Z",45.701965,5.883716,5.5,10.5,19,337.5,null
"2018-09-25T09:34:56.000Z",45.701965,5.883716,1.75,5.5,14,0,null
"2018-09-25T09:38:56.000Z",45.701965,5.883716,0,3.5,9,0,null
"2018-09-25T09:43:00.000Z",45.701965,5.883716,0.5,10,14,337.5,null
"2018-09-25T09:47:00.000Z",45.701965,5.883716,3.5,7.25,13,0,null
"2018-09-25T09:51:00.000Z",45.701965,5.883716,0.25,11.5,20.5,67.5,null
"2018-09-25T09:55:03.000Z",45.701965,5.883716,8.75,13.5,20.5,0,null
"2018-09-25T09:59:03.000Z",45.701965,5.883716,7,11.5,15.5,337.5,null
"2018-09-25T10:03:03.000Z",45.701965,5.883716,3.75,11.5,16.5,337.5,null
"2018-09-25T10:07:08.000Z",45.701965,5.883716,7.25,12,17.5,0,null
"2018-09-25T10:11:08.000Z",45.701965,5.883716,5.5,11.5,15.5,0,null
"2018-09-25T10:15:08.000Z",45.701965,5.883716,4.5,8.75,13,0,null
"2018-09-25T10:19:11.000Z",45.701965,5.883716,4.25,11.5,20,337.5,null
"2018-09-25T10:23:11.000Z",45.701965,5.883716,4.25,10,16.5,337.5,null
"2018-09-25T10:27:11.000Z",45.701965,5.883716,6,12.5,18.5,0,null
"2018-09-25T10:31:16.000Z",45.701965,5.883716,7.25,13,19.5,0,null
"2018-09-25T10:35:16.000Z",45.701965,5.883716,7,9.75,14.5,0,null
"2018-09-25T10:39:16.000Z",45.701965,5.883716,6,9.5,14,337.5,null
"2018-09-25T10:43:19.000Z",45.701965,5.883716,8,13,20,337.5,null
"2018-09-25T10:47:19.000Z",45.701965,5.883716,12,16.5,21,337.5,null
"2018-09-25T10:51:19.000Z",45.701965,5.883716,10.5,15,19,337.5,null
"2018-09-25T10:55:24.000Z",45.701965,5.883716,5.25,10,16.5,337.5,null
"2018-09-25T10:59:24.000Z",45.701965,5.883716,9.75,17,23.5,337.5,null
"2018-09-25T11:03:24.000Z",45.701965,5.883716,9.5,15,19.5,337.5,null
"2018-09-25T11:07:27.000Z",45.701965,5.883716,6.5,11.5,20,337.5,null
"2018-09-25T11:11:27.000Z",45.701965,5.883716,10,14,20,337.5,null
"2018-09-25T11:15:27.000Z",45.701965,5.883716,10,16,21,337.5,null
"2018-09-25T11:19:32.000Z",45.701965,5.883716,7.75,12.5,19.5,337.5,null
"2018-09-25T11:23:32.000Z",45.701965,5.883716,6.25,10.5,16,337.5,null
"2018-09-25T11:27:32.000Z",45.701965,5.883716,5.5,13.5,20,337.5,null
"2018-09-25T11:31:36.000Z",45.701965,5.883716,0.75,8.5,20,0,null
"2018-09-25T11:35:36.000Z",45.701965,5.883716,5.5,13,18,0,null
"2018-09-25T11:39:36.000Z",45.701965,5.883716,8.25,16,22,337.5,null
"2018-09-25T11:43:40.000Z",45.701965,5.883716,12,17.5,23.5,337.5,null
"2018-09-25T11:47:40.000Z",45.701965,5.883716,11.5,18,23,337.5,null
"2018-09-25T11:51:40.000Z",45.701965,5.883716,9.75,14.5,21,337.5,null
"2018-09-25T11:55:44.000Z",45.701965,5.883716,12.5,18,28,337.5,null
"2018-09-25T11:59:44.000Z",45.701965,5.883716,3.5,14.5,22.5,337.5,null
"2018-09-25T12:03:44.000Z",45.701965,5.883716,8,18.5,23.5,337.5,null
"2018-09-25T12:07:48.000Z",45.701965,5.883716,12,18,23.5,337.5,null
"2018-09-25T12:11:48.000Z",45.701965,5.883716,7,17.5,25.5,0,null
"2018-09-25T12:15:48.000Z",45.701965,5.883716,9.5,17.5,29.5,337.5,null
"2018-09-25T12:19:52.000Z",45.701965,5.883716,1.5,12,19.5,337.5,null
"2018-09-25T12:23:52.000Z",45.701965,5.883716,2.75,10.5,18,337.5,null
"2018-09-25T12:27:52.000Z",45.701965,5.883716,0.75,7.5,15,0,null
"2018-09-25T12:31:56.000Z",45.701965,5.883716,6.5,12.5,21,0,null
"2018-09-25T12:35:56.000Z",45.701965,5.883716,4.5,11.5,20,337.5,null
"2018-09-25T12:39:56.000Z",45.701965,5.883716,7.75,13.5,20.5,337.5,null
"2018-09-25T12:44:00.000Z",45.701965,5.883716,9.5,13,16,337.5,null
"2018-09-25T12:48:00.000Z",45.701965,5.883716,7.25,13.5,20.5,0,null
"2018-09-25T12:52:00.000Z",45.701965,5.883716,6.5,9.5,13,337.5,null
"2018-09-25T12:56:05.000Z",45.701965,5.883716,5.25,11.5,22.5,0,null
"2018-09-25T13:00:05.000Z",45.701965,5.883716,4.25,10.5,19,0,null
"2018-09-25T13:04:05.000Z",45.701965,5.883716,3.75,7.75,12.5,0,null
"2018-09-25T13:08:08.000Z",45.701965,5.883716,8,12,16,0,null
"2018-09-25T13:12:08.000Z",45.701965,5.883716,4.75,9,16.5,337.5,null
"2018-09-25T13:16:08.000Z",45.701965,5.883716,9,14.5,21,0,null
"2018-09-25T13:20:13.000Z",45.701965,5.883716,8.25,15.5,23.5,337.5,null
"2018-09-25T13:24:13.000Z",45.701965,5.883716,7.75,14.5,20.5,22.5,null
"2018-09-25T13:28:13.000Z",45.701965,5.883716,6.5,12.5,18,22.5,null
"2018-09-25T13:32:16.000Z",45.701965,5.883716,8.25,14,22,0,null
"2018-09-25T13:36:16.000Z",45.701965,5.883716,5.25,13,22,337.5,null
"2018-09-25T13:40:16.000Z",45.701965,5.883716,4.5,11,22.5,0,null
"2018-09-25T13:44:20.000Z",45.701965,5.883716,3.25,11,19.5,0,null
"2018-09-25T13:48:20.000Z",45.701965,5.883716,9.75,15,19.5,0,null
"2018-09-25T13:52:20.000Z",45.701965,5.883716,3.25,11,20,337.5,null
"2018-09-25T13:56:25.000Z",45.701965,5.883716,9.5,15.5,22.5,337.5,null
"2018-09-25T14:00:25.000Z",45.701965,5.883716,3.25,10,19,337.5,null
"2018-09-25T14:04:25.000Z",45.701965,5.883716,0,9,20.5,0,null
"2018-09-25T14:08:29.000Z",45.701965,5.883716,5.5,13,19.5,0,null
"2018-09-25T14:12:29.000Z",45.701965,5.883716,8.25,14.5,19.5,0,null
"2018-09-25T14:16:29.000Z",45.701965,5.883716,10,16.5,23.5,22.5,null
"2018-09-25T14:20:32.000Z",45.701965,5.883716,8.75,17,27.5,22.5,null
"2018-09-25T14:24:32.000Z",45.701965,5.883716,4.75,12.5,20,0,null
"2018-09-25T14:28:32.000Z",45.701965,5.883716,12,19,31.5,22.5,null
"2018-09-25T14:32:37.000Z",45.701965,5.883716,1,10,18.5,22.5,null
"2018-09-25T14:36:37.000Z",45.701965,5.883716,7.75,13,18,0,null
"2018-09-25T14:40:37.000Z",45.701965,5.883716,9,12.5,16.5,0,null
"2018-09-25T14:44:40.000Z",45.701965,5.883716,6.25,12,19,22.5,null
"2018-09-25T14:48:40.000Z",45.701965,5.883716,6.25,11,16.5,22.5,null
"2018-09-25T14:52:40.000Z",45.701965,5.883716,9.5,13.5,18.5,337.5,null
"2018-09-25T14:56:44.000Z",45.701965,5.883716,7,18,30.5,0,null
"2018-09-25T15:00:44.000Z",45.701965,5.883716,6.25,13.5,22.5,22.5,null
"2018-09-25T15:04:44.000Z",45.701965,5.883716,3.75,8.75,13,0,null
"2018-09-25T15:08:49.000Z",45.701965,5.883716,10,18,24.5,0,null
"2018-09-25T15:12:49.000Z",45.701965,5.883716,4.75,14,23.5,0,null
"2018-09-25T15:16:49.000Z",45.701965,5.883716,1.75,9.5,18,22.5,null
"2018-09-25T15:20:53.000Z",45.701965,5.883716,10,15,20.5,0,null
"2018-09-25T15:24:53.000Z",45.701965,5.883716,8.75,14.5,20,0,null
"2018-09-25T15:28:53.000Z",45.701965,5.883716,6.25,14,19.5,0,null
"2018-09-25T15:32:56.000Z",45.701965,5.883716,7.25,14,20.5,0,null
"2018-09-25T15:36:56.000Z",45.701965,5.883716,6.5,15,24,0,null
"2018-09-25T15:40:56.000Z",45.701965,5.883716,9.75,15,24.5,337.5,null
"2018-09-25T15:45:01.000Z",45.701965,5.883716,7,16.5,21,337.5,null
"2018-09-25T15:49:01.000Z",45.701965,5.883716,6.5,16.5,21,0,null
"2018-09-25T15:53:01.000Z",45.701965,5.883716,14,21.5,31,0,null
"2018-09-25T15:57:05.000Z",45.701965,5.883716,7.75,14,20,0,null
"2018-09-25T16:01:05.000Z",45.701965,5.883716,9.5,15.5,23.5,0,null
"2018-09-25T16:05:05.000Z",45.701965,5.883716,11.5,17.5,25,0,null
"2018-09-25T16:09:09.000Z",45.701965,5.883716,7,15,28,0,null
"2018-09-25T16:13:09.000Z",45.701965,5.883716,8.75,14.5,21,0,null
"2018-09-25T16:17:09.000Z",45.701965,5.883716,11,15.5,19.5,0,null
"2018-09-25T16:21:13.000Z",45.701965,5.883716,10,16,22.5,0,null
"2018-09-25T16:25:13.000Z",45.701965,5.883716,14.5,18.5,22.5,0,null
"2018-09-25T16:29:13.000Z",45.701965,5.883716,11,16.5,24.5,0,null
"2018-09-25T16:33:17.000Z",45.701965,5.883716,15.5,20,24.5,0,null
"2018-09-25T16:37:17.000Z",45.701965,5.883716,11.5,17.5,23.5,0,null
"2018-09-25T16:41:17.000Z",45.701965,5.883716,13,20,27,0,null
"2018-09-25T16:45:21.000Z",45.701965,5.883716,14.5,22.5,27,0,null
"2018-09-25T16:49:21.000Z",45.701965,5.883716,14.5,20.5,26,0,null
"2018-09-25T16:53:21.000Z",45.701965,5.883716,16.5,21.5,28.5,0,null
"2018-09-25T16:57:25.000Z",45.701965,5.883716,10.5,17.5,23.5,0,null
"2018-09-25T17:01:25.000Z",45.701965,5.883716,17,21,26,0,null
"2018-09-25T17:05:25.000Z",45.701965,5.883716,12.5,20,31.5,0,null
"2018-09-25T17:09:29.000Z",45.701965,5.883716,10,20,27,22.5,null
"2018-09-25T17:13:29.000Z",45.701965,5.883716,12.5,19,24.5,0,null
"2018-09-25T17:17:29.000Z",45.701965,5.883716,11,20,26,0,null
"2018-09-25T17:21:33.000Z",45.701965,5.883716,15.5,23,29.5,0,null
"2018-09-25T17:25:33.000Z",45.701965,5.883716,13,20,28.5,0,null
"2018-09-25T17:29:33.000Z",45.701965,5.883716,12.5,19.5,27,0,null
"2018-09-25T17:33:37.000Z",45.701965,5.883716,13,18.5,26,0,null
"2018-09-25T17:37:37.000Z",45.701965,5.883716,14.5,20.5,26,0,null
"2018-09-25T17:41:37.000Z",45.701965,5.883716,13,20.5,28,337.5,null
"2018-09-25T17:45:42.000Z",45.701965,5.883716,14.5,20.5,25.5,0,null
"2018-09-25T17:49:42.000Z",45.701965,5.883716,8,19.5,27,0,null
"2018-09-25T17:53:42.000Z",45.701965,5.883716,8.25,12.5,17.5,0,null
"2018-09-25T17:57:45.000Z",45.701965,5.883716,2,7.25,13,22.5,null
"2018-09-25T18:01:45.000Z",45.701965,5.883716,3.75,10,17.5,0,null
"2018-09-25T18:05:45.000Z",45.701965,5.883716,0.75,9.75,22,0,null
"2018-09-25T18:09:49.000Z",45.701965,5.883716,1.75,8.25,13,22.5,null
"2018-09-25T18:13:49.000Z",45.701965,5.883716,2,7.5,14.5,22.5,null
"2018-09-25T18:17:49.000Z",45.701965,5.883716,6.25,13,18.5,0,null
"2018-09-25T18:21:53.000Z",45.701965,5.883716,7,14.5,23.5,22.5,null
"2018-09-25T18:25:53.000Z",45.701965,5.883716,8,15,25.5,22.5,null
"2018-09-25T18:29:53.000Z",45.701965,5.883716,7.75,13,20,22.5,null
"2018-09-25T18:33:58.000Z",45.701965,5.883716,7.25,15,23.5,22.5,null
"2018-09-25T18:37:58.000Z",45.701965,5.883716,5.25,14,24,22.5,null
"2018-09-25T18:41:58.000Z",45.701965,5.883716,6.5,15,25.5,22.5,null
"2018-09-25T18:46:01.000Z",45.701965,5.883716,4.75,10,16.5,22.5,null
"2018-09-25T18:50:01.000Z",45.701965,5.883716,7.75,12.5,19,22.5,null
"2018-09-25T18:54:01.000Z",45.701965,5.883716,1.75,10.5,17.5,0,null
"2018-09-25T18:58:06.000Z",45.701965,5.883716,3.25,10,20.5,22.5,null
"2018-09-25T19:02:06.000Z",45.701965,5.883716,1,8,18,22.5,null
"2018-09-25T19:06:06.000Z",45.701965,5.883716,2,6.25,12.5,22.5,null
"2018-09-25T19:10:10.000Z",45.701965,5.883716,2,7.75,13,0,null
"2018-09-25T19:14:10.000Z",45.701965,5.883716,1.75,9,19.5,0,null
"2018-09-25T19:18:10.000Z",45.701965,5.883716,1,10.5,22.5,0,null
"2018-09-25T19:22:14.000Z",45.701965,5.883716,0,3,9.5,0,null
"2018-09-25T19:26:14.000Z",45.701965,5.883716,0,2,6,0,null
"2018-09-25T19:30:14.000Z",45.701965,5.883716,0,2.5,7.75,0,null
"2018-09-25T19:34:18.000Z",45.701965,5.883716,0,6.5,14.5,0,null
"2018-09-25T19:38:18.000Z",45.701965,5.883716,0,6,17,22.5,null
"2018-09-25T19:42:18.000Z",45.701965,5.883716,0,10,22,0,null
"2018-09-25T19:46:28.000Z",45.701965,5.883716,0,4,11,22.5,null
"2018-09-25T19:50:28.000Z",45.701965,5.883716,0,2.75,7.25,22.5,null
"2018-09-25T19:54:28.000Z",45.701965,5.883716,0,0.75,6,135,null
"2018-09-25T19:58:31.000Z",45.701965,5.883716,0,2.5,10,22.5,null
"2018-09-25T20:02:31.000Z",45.701965,5.883716,0,5.25,20,0,null
"2018-09-25T20:06:31.000Z",45.701965,5.883716,0.75,6.25,13,315,null
"2018-09-25T20:10:36.000Z",45.701965,5.883716,0,6.25,12.5,0,null
"2018-09-25T20:14:36.000Z",45.701965,5.883716,2,8,17.5,337.5,null
"2018-09-25T20:18:36.000Z",45.701965,5.883716,0,3,13.5,337.5,null
"2018-09-25T20:22:40.000Z",45.701965,5.883716,4.75,10.5,21,337.5,null
"2018-09-25T20:26:40.000Z",45.701965,5.883716,0,4,8.75,0,null
"2018-09-25T20:30:40.000Z",45.701965,5.883716,0,7.25,18.5,0,null
"2018-09-25T20:34:43.000Z",45.701965,5.883716,1.5,8.5,18,0,null
"2018-09-25T20:38:43.000Z",45.701965,5.883716,4.25,11.5,21,0,null
"2018-09-25T20:42:43.000Z",45.701965,5.883716,3.5,14.5,23,0,null
"2018-09-25T20:46:48.000Z",45.701965,5.883716,9.5,14.5,26.5,337.5,null
"2018-09-25T20:50:48.000Z",45.701965,5.883716,8,17,30.5,337.5,null
"2018-09-25T20:54:48.000Z",45.701965,5.883716,5.5,13,20,22.5,null
"2018-09-25T20:58:52.000Z",45.701965,5.883716,0,6.75,18.5,22.5,null
"2018-09-25T21:02:52.000Z",45.701965,5.883716,0,5.5,19,337.5,null
"2018-09-25T21:06:52.000Z",45.701965,5.883716,6,12.5,19,337.5,null
"2018-09-25T21:10:55.000Z",45.701965,5.883716,0,9,15.5,45,null
"2018-09-25T21:14:55.000Z",45.701965,5.883716,0.25,5.25,14.5,22.5,null
"2018-09-25T21:18:55.000Z",45.701965,5.883716,1,5.5,9,67.5,null
"2018-09-25T21:23:00.000Z",45.701965,5.883716,4.25,14,24.5,337.5,null
"2018-09-25T21:27:00.000Z",45.701965,5.883716,9.75,15.5,21,0,null
"2018-09-25T21:31:00.000Z",45.701965,5.883716,0.25,7.75,16,67.5,null
"2018-09-25T21:35:04.000Z",45.701965,5.883716,0,4.25,10.5,67.5,null
"2018-09-25T21:39:04.000Z",45.701965,5.883716,0,3.25,6.5,45,null
"2018-09-25T21:43:04.000Z",45.701965,5.883716,0.25,8.25,18,337.5,null
"2018-09-25T21:47:08.000Z",45.701965,5.883716,0,7.5,17,0,null
"2018-09-25T21:51:08.000Z",45.701965,5.883716,0,5.25,12,22.5,null
"2018-09-25T21:55:08.000Z",45.701965,5.883716,0,3,9.5,90,null
"2018-09-25T21:59:13.000Z",45.701965,5.883716,0,6.5,12.5,337.5,null
"2018-09-25T22:03:13.000Z",45.701965,5.883716,3.5,12,23.5,315,null
"2018-09-25T22:07:13.000Z",45.701965,5.883716,0,3.75,9.5,112.5,null
"2018-09-25T22:11:16.000Z",45.701965,5.883716,2,8,12,90,null
"2018-09-25T22:15:16.000Z",45.701965,5.883716,2,6,12,90,null
"2018-09-25T22:19:16.000Z",45.701965,5.883716,2.75,6,9.75,90,null
"2018-09-25T22:23:20.000Z",45.701965,5.883716,3.75,6.75,11,90,null
"2018-09-25T22:27:20.000Z",45.701965,5.883716,3.25,9.75,16.5,67.5,null
"2018-09-25T22:31:20.000Z",45.701965,5.883716,2.75,9.5,18,67.5,null
"2018-09-25T22:35:24.000Z",45.701965,5.883716,2.75,10,16.5,67.5,null
"2018-09-25T22:39:24.000Z",45.701965,5.883716,4.75,9.25,14,67.5,null
"2018-09-25T22:43:24.000Z",45.701965,5.883716,2.75,6.75,14,45,null
"2018-09-25T22:47:28.000Z",45.701965,5.883716,0.25,6.25,9.75,90,null
"2018-09-25T22:51:28.000Z",45.701965,5.883716,0.75,7.5,13,67.5,null
"2018-09-25T22:55:28.000Z",45.701965,5.883716,0,4.5,14,90,null
"2018-09-25T22:59:33.000Z",45.701965,5.883716,6.25,10,16.5,45,null
"2018-09-25T23:03:33.000Z",45.701965,5.883716,0,4.75,13.5,67.5,null
"2018-09-25T23:07:33.000Z",45.701965,5.883716,0.75,6,12.5,45,null
"2018-09-25T23:11:37.000Z",45.701965,5.883716,3.5,9,18,67.5,null
"2018-09-25T23:15:37.000Z",45.701965,5.883716,2.5,5.25,8.75,67.5,null
"2018-09-25T23:19:37.000Z",45.701965,5.883716,1.75,5.25,10.5,67.5,null
"2018-09-25T23:23:41.000Z",45.701965,5.883716,0,6,11,67.5,null
"2018-09-25T23:27:41.000Z",45.701965,5.883716,0.25,6.5,13,90,null
"2018-09-25T23:31:41.000Z",45.701965,5.883716,3.25,5.5,11,90,null
"2018-09-25T23:35:45.000Z",45.701965,5.883716,0,4,9.5,112.5,null
"2018-09-25T23:39:45.000Z",45.701965,5.883716,1.5,6,10,112.5,null
"2018-09-25T23:43:45.000Z",45.701965,5.883716,1.75,4.5,8.75,90,null
"2018-09-25T23:47:49.000Z",45.701965,5.883716,2,4,6.5,90,null
"2018-09-25T23:51:49.000Z",45.701965,5.883716,0.25,2.5,5.5,90,null
"2018-09-25T23:55:49.000Z",45.701965,5.883716,0.75,2.75,5.5,90,null
"2018-09-25T23:59:53.000Z",45.701965,5.883716,1.75,4.75,7.75,135,null
"2018-09-26T00:03:53.000Z",45.701965,5.883716,1,4.5,7.75,135,null
"2018-09-26T00:07:53.000Z",45.701965,5.883716,0.25,2.5,6.25,45,null
"2018-09-26T00:11:57.000Z",45.701965,5.883716,1.5,5.25,9.75,45,null
"2018-09-26T00:15:57.000Z",45.701965,5.883716,0,7.5,20,45,null
"2018-09-26T00:19:57.000Z",45.701965,5.883716,2.5,9,16.5,45,null
"2018-09-26T00:24:01.000Z",45.701965,5.883716,0,4.25,8.25,67.5,null
"2018-09-26T00:28:01.000Z",45.701965,5.883716,3.5,6,10,67.5,null
"2018-09-26T00:32:01.000Z",45.701965,5.883716,0.25,5.75,10,90,null
"2018-09-26T00:36:05.000Z",45.701965,5.883716,3.5,6.5,11,112.5,null
"2018-09-26T00:40:05.000Z",45.701965,5.883716,3.5,7,12,112.5,null
"2018-09-26T00:44:05.000Z",45.701965,5.883716,3.25,6.25,11.5,112.5,null
"2018-09-26T00:48:09.000Z",45.701965,5.883716,0.25,3,6.25,90,null
"2018-09-26T00:52:09.000Z",45.701965,5.883716,0,2.75,5.5,90,null
"2018-09-26T00:56:09.000Z",45.701965,5.883716,1.75,4.75,7.25,112.5,null
"2018-09-26T01:00:13.000Z",45.701965,5.883716,2,5.25,8.75,67.5,null
"2018-09-26T01:04:13.000Z",45.701965,5.883716,0,2.75,8,67.5,null
"2018-09-26T01:08:13.000Z",45.701965,5.883716,0,7,14.5,90,null
"2018-09-26T01:12:17.000Z",45.701965,5.883716,2.5,8.25,19,90,null
"2018-09-26T01:16:17.000Z",45.701965,5.883716,2.5,6.5,11,67.5,null
"2018-09-26T01:20:17.000Z",45.701965,5.883716,0,5.5,9.75,90,null
"2018-09-26T01:24:21.000Z",45.701965,5.883716,0,4,11,90,null
"2018-09-26T01:28:21.000Z",45.701965,5.883716,0.75,6,11.5,67.5,null
"2018-09-26T01:32:21.000Z",45.701965,5.883716,2,6.75,10,67.5,null
"2018-09-26T01:36:25.000Z",45.701965,5.883716,0.75,8.5,19.5,22.5,null
"2018-09-26T01:40:25.000Z",45.701965,5.883716,3.75,8.5,15.5,22.5,null
"2018-09-26T01:44:25.000Z",45.701965,5.883716,1.75,6.5,14,67.5,null
"2018-09-26T01:48:29.000Z",45.701965,5.883716,4.5,8.5,13.5,90,null
"2018-09-26T01:52:29.000Z",45.701965,5.883716,2.5,7,14,67.5,null
"2018-09-26T01:56:29.000Z",45.701965,5.883716,2,8.75,15,67.5,null
"2018-09-26T02:00:33.000Z",45.701965,5.883716,2,9.5,19.5,90,null
"2018-09-26T02:04:33.000Z",45.701965,5.883716,2,8.75,13.5,67.5,null
"2018-09-26T02:08:33.000Z",45.701965,5.883716,0,4,7.25,45,null
"2018-09-26T02:12:37.000Z",45.701965,5.883716,1,8.25,15.5,67.5,null
"2018-09-26T02:16:37.000Z",45.701965,5.883716,1.75,8,14.5,90,null
"2018-09-26T02:20:37.000Z",45.701965,5.883716,0,3.25,12,112.5,null
"2018-09-26T02:24:41.000Z",45.701965,5.883716,2,7,12.5,67.5,null
"2018-09-26T02:28:41.000Z",45.701965,5.883716,3.5,6.5,10.5,67.5,null
"2018-09-26T02:32:41.000Z",45.701965,5.883716,1.5,4.25,12,67.5,null
"2018-09-26T02:36:45.000Z",45.701965,5.883716,0,2.5,9,112.5,null
"2018-09-26T02:40:45.000Z",45.701965,5.883716,1,8.75,15.5,90,null
"2018-09-26T02:44:45.000Z",45.701965,5.883716,1.5,7,13.5,90,null
"2018-09-26T02:48:49.000Z",45.701965,5.883716,0.75,8,15,90,null
"2018-09-26T02:52:49.000Z",45.701965,5.883716,0.25,5.25,14,90,null
"2018-09-26T02:56:49.000Z",45.701965,5.883716,2.75,7.25,13,90,null
"2018-09-26T03:00:53.000Z",45.701965,5.883716,0.25,4.5,10.5,112.5,null
"2018-09-26T03:04:53.000Z",45.701965,5.883716,1.5,6,15.5,135,null
"2018-09-26T03:08:53.000Z",45.701965,5.883716,0.75,6.75,15.5,112.5,null
"2018-09-26T03:12:58.000Z",45.701965,5.883716,1.75,5.75,10,135,null
"2018-09-26T03:16:58.000Z",45.701965,5.883716,2.5,6.75,14.5,112.5,null
"2018-09-26T03:20:58.000Z",45.701965,5.883716,0.75,7.5,15.5,112.5,null
"2018-09-26T03:25:01.000Z",45.701965,5.883716,2,6.75,14.5,112.5,null
"2018-09-26T03:29:01.000Z",45.701965,5.883716,3.5,7.5,12,90,null
"2018-09-26T03:33:01.000Z",45.701965,5.883716,0.75,5.75,15.5,112.5,null
"2018-09-26T03:37:05.000Z",45.701965,5.883716,1.75,6.5,12.5,112.5,null
"2018-09-26T03:41:05.000Z",45.701965,5.883716,0,3.75,10,112.5,null
"2018-09-26T03:45:05.000Z",45.701965,5.883716,0.25,4.5,9.5,90,null
"2018-09-26T03:49:10.000Z",45.701965,5.883716,0,3.75,11,112.5,null
"2018-09-26T03:53:10.000Z",45.701965,5.883716,0,1.75,7,112.5,null
"2018-09-26T03:57:10.000Z",45.701965,5.883716,0,3.75,9.5,90,null
"2018-09-26T04:01:14.000Z",45.701965,5.883716,0,4.5,11,112.5,null
"2018-09-26T04:05:14.000Z",45.701965,5.883716,3.5,9.75,15.5,90,null
"2018-09-26T04:09:14.000Z",45.701965,5.883716,0.75,6.75,13.5,67.5,null
"2018-09-26T04:13:18.000Z",45.701965,5.883716,0,6.75,14.5,90,null
"2018-09-26T04:17:18.000Z",45.701965,5.883716,0,0.75,5.25,90,null
"2018-09-26T04:21:18.000Z",45.701965,5.883716,0,2,8.25,135,null
"2018-09-26T04:25:22.000Z",45.701965,5.883716,0,3.25,9,90,null
"2018-09-26T04:29:22.000Z",45.701965,5.883716,0,5.5,10,67.5,null
"2018-09-26T04:33:22.000Z",45.701965,5.883716,0,3.5,8.25,67.5,null
"2018-09-26T04:37:26.000Z",45.701965,5.883716,1.75,8.25,15.5,67.5,null
"2018-09-26T04:41:26.000Z",45.701965,5.883716,2,7.5,18,67.5,null
"2018-09-26T04:45:26.000Z",45.701965,5.883716,1.5,7.5,12.5,90,null
"2018-09-26T04:49:30.000Z",45.701965,5.883716,0,3,6.25,135,null
"2018-09-26T04:53:30.000Z",45.701965,5.883716,0,3.75,9,135,null
"2018-09-26T04:57:30.000Z",45.701965,5.883716,0.25,4.25,9.75,135,null
"2018-09-26T05:01:34.000Z",45.701965,5.883716,0,4.5,11.5,90,null
"2018-09-26T05:05:34.000Z",45.701965,5.883716,0.25,3.25,7,135,null
"2018-09-26T05:09:34.000Z",45.701965,5.883716,0,1.75,7.75,112.5,null
"2018-09-26T05:13:37.000Z",45.701965,5.883716,2.75,7.25,13,112.5,null
"2018-09-26T05:17:37.000Z",45.701965,5.883716,4.75,8.75,12.5,112.5,null
"2018-09-26T05:21:37.000Z",45.701965,5.883716,3.5,8.5,16,112.5,null
"2018-09-26T05:25:42.000Z",45.701965,5.883716,1,5,9,135,null
"2018-09-26T05:29:42.000Z",45.701965,5.883716,0.75,4.75,7.75,135,null
"2018-09-26T05:33:42.000Z",45.701965,5.883716,1.75,4.75,8.25,112.5,null
"2018-09-26T05:37:47.000Z",45.701965,5.883716,0.25,4.25,10,112.5,null
"2018-09-26T05:41:47.000Z",45.701965,5.883716,0,2.75,6.5,157.5,null
"2018-09-26T05:45:47.000Z",45.701965,5.883716,0.75,3.25,7,135,null
"2018-09-26T05:49:50.000Z",45.701965,5.883716,1.75,4.75,8.75,135,null
"2018-09-26T05:53:50.000Z",45.701965,5.883716,0,2.75,7,112.5,null
"2018-09-26T05:57:50.000Z",45.701965,5.883716,0,4,8.75,90,null
"2018-09-26T06:01:54.000Z",45.701965,5.883716,3.25,7.25,12.5,90,null
"2018-09-26T06:05:54.000Z",45.701965,5.883716,2,6.5,11,135,null
"2018-09-26T06:09:54.000Z",45.701965,5.883716,0,5,10.5,112.5,null
"2018-09-26T06:13:59.000Z",45.701965,5.883716,1.75,5.5,11,112.5,null
"2018-09-26T06:17:59.000Z",45.701965,5.883716,2.5,8.5,14.5,90,null
"2018-09-26T06:21:59.000Z",45.701965,5.883716,3.75,11,18,90,null
"2018-09-26T06:26:03.000Z",45.701965,5.883716,2.75,9.75,15.5,90,null
"2018-09-26T06:30:03.000Z",45.701965,5.883716,1.75,7.25,14,90,null
"2018-09-26T06:34:03.000Z",45.701965,5.883716,4.25,9,14.5,90,null
"2018-09-26T06:38:06.000Z",45.701965,5.883716,2.5,9,13,90,null
"2018-09-26T06:42:06.000Z",45.701965,5.883716,4.75,8,12,90,null
"2018-09-26T06:46:06.000Z",45.701965,5.883716,2.75,5.5,7.75,112.5,null
"2018-09-26T06:50:10.000Z",45.701965,5.883716,3.25,6,9.75,135,null
"2018-09-26T06:54:10.000Z",45.701965,5.883716,2.5,6.25,14.5,112.5,null
"2018-09-26T06:58:10.000Z",45.701965,5.883716,3.75,9,13,90,null
"2018-09-26T07:02:15.000Z",45.701965,5.883716,0.25,5.75,9.75,90,null
"2018-09-26T07:06:15.000Z",45.701965,5.883716,1,5.75,10.5,90,null
"2018-09-26T07:10:15.000Z",45.701965,5.883716,0.25,4,8.25,90,null
"2018-09-26T07:14:18.000Z",45.701965,5.883716,0,4.75,12,90,null
"2018-09-26T07:18:18.000Z",45.701965,5.883716,3.25,6.75,10.5,90,null
"2018-09-26T07:22:18.000Z",45.701965,5.883716,3.75,9,13,90,null
"2018-09-26T07:26:22.000Z",45.701965,5.883716,2.75,9,14.5,90,null
"2018-09-26T07:30:22.000Z",45.701965,5.883716,1.5,7.75,12,90,null
"2018-09-26T07:34:22.000Z",45.701965,5.883716,4.25,9.25,17.5,90,null
"2018-09-26T07:38:27.000Z",45.701965,5.883716,3.75,9.5,21,90,null
"2018-09-26T07:42:27.000Z",45.701965,5.883716,3.25,9.25,20,67.5,null
"2018-09-26T07:46:27.000Z",45.701965,5.883716,1,7.75,16,90,null
"2018-09-26T07:50:31.000Z",45.701965,5.883716,2.75,11.5,20,90,null
"2018-09-26T07:54:31.000Z",45.701965,5.883716,0.25,5.5,15,90,null
"2018-09-26T07:58:31.000Z",45.701965,5.883716,0,4.5,9.5,112.5,null
"2018-09-26T08:02:35.000Z",45.701965,5.883716,0,3.75,10,157.5,null
"2018-09-26T08:06:35.000Z",45.701965,5.883716,0,4.25,10,135,null
"2018-09-26T08:10:35.000Z",45.701965,5.883716,0,2.75,9.5,90,null
"2018-09-26T08:14:39.000Z",45.701965,5.883716,0.25,3.75,7.75,112.5,null
"2018-09-26T08:18:39.000Z",45.701965,5.883716,0,3,8.25,90,null
"2018-09-26T08:22:39.000Z",45.701965,5.883716,0,2.5,7,112.5,null
"2018-09-26T08:26:43.000Z",45.701965,5.883716,0,1.75,6,112.5,null
"2018-09-26T08:30:43.000Z",45.701965,5.883716,0,0.5,4.5,112.5,null
"2018-09-26T08:34:43.000Z",45.701965,5.883716,0,4.25,9.75,67.5,null
"2018-09-26T08:38:47.000Z",45.701965,5.883716,0,4,10.5,67.5,null
"2018-09-26T08:42:47.000Z",45.701965,5.883716,0.75,5,9,202.5,null
"2018-09-26T08:46:47.000Z",45.701965,5.883716,0,2.5,5.5,225,null
"2018-09-26T08:50:51.000Z",45.701965,5.883716,0,6,11.5,180,null
"2018-09-26T08:54:51.000Z",45.701965,5.883716,2,8,12,202.5,null
"2018-09-26T08:58:51.000Z",45.701965,5.883716,0,8.25,18,225,null
"2018-09-26T09:02:54.000Z",45.701965,5.883716,0,1.25,11,315,null
"2018-09-26T09:06:54.000Z",45.701965,5.883716,0,4.75,13.5,270,null
"2018-09-26T09:10:54.000Z",45.701965,5.883716,6.5,10.5,15,270,null
"2018-09-26T09:14:59.000Z",45.701965,5.883716,6.5,10,14.5,270,null
"2018-09-26T09:18:59.000Z",45.701965,5.883716,6.5,9.25,11,247.5,null
"2018-09-26T09:22:59.000Z",45.701965,5.883716,4.75,8.5,11.5,270,null
"2018-09-26T09:27:03.000Z",45.701965,5.883716,7,10,13,247.5,null
"2018-09-26T09:31:03.000Z",45.701965,5.883716,7,9.25,11,247.5,null
"2018-09-26T09:35:03.000Z",45.701965,5.883716,4.75,8.5,12,247.5,null
"2018-09-26T09:39:08.000Z",45.701965,5.883716,4.5,7,10.5,270,null
"2018-09-26T09:43:08.000Z",45.701965,5.883716,6,8.5,11,247.5,null
"2018-09-26T09:47:08.000Z",45.701965,5.883716,5.5,7.75,9,247.5,null
"2018-09-26T09:51:11.000Z",45.701965,5.883716,3.75,6.25,7.75,247.5,null
"2018-09-26T09:55:11.000Z",45.701965,5.883716,3.75,5.5,8.75,225,null
"2018-09-26T09:59:11.000Z",45.701965,5.883716,4.5,6,8,247.5,null
"2018-09-26T10:03:15.000Z",45.701965,5.883716,2.5,5.5,8,247.5,null
"2018-09-26T10:07:15.000Z",45.701965,5.883716,2.5,4.5,6.5,247.5,null
"2018-09-26T10:11:15.000Z",45.701965,5.883716,2,4,6.5,247.5,null
"2018-09-26T10:15:19.000Z",45.701965,5.883716,3.25,5,7,270,null
"2018-09-26T10:19:19.000Z",45.701965,5.883716,2.75,3.5,5.5,270,null
"2018-09-26T10:23:19.000Z",45.701965,5.883716,1,3,5.25,270,null
"2018-09-26T10:27:24.000Z",45.701965,5.883716,1,2.75,4.75,292.5,null
"2018-09-26T10:31:24.000Z",45.701965,5.883716,0.75,2.5,4.25,292.5,null
"2018-09-26T10:35:24.000Z",45.701965,5.883716,1,2.5,3.75,292.5,null
"2018-09-26T10:39:28.000Z",45.701965,5.883716,0.25,1.5,3.25,292.5,null
"2018-09-26T10:43:28.000Z",45.701965,5.883716,1.75,3.5,5.5,315,null
"2018-09-26T10:47:28.000Z",45.701965,5.883716,2,3.75,5.5,315,null
"2018-09-26T10:51:32.000Z",45.701965,5.883716,2.5,4,4.75,315,null
"2018-09-26T10:55:32.000Z",45.701965,5.883716,1.75,3.75,5.5,315,null
"2018-09-26T10:59:32.000Z",45.701965,5.883716,2.75,4.25,6,315,null
"2018-09-26T11:03:35.000Z",45.701965,5.883716,1.5,4,5.75,315,null
"2018-09-26T11:07:35.000Z",45.701965,5.883716,2.5,4.5,6.5,315,null
"2018-09-26T11:11:35.000Z",45.701965,5.883716,2.75,4.5,6,315,null
"2018-09-26T11:15:39.000Z",45.701965,5.883716,3.5,4.5,6.25,337.5,null
"2018-09-26T11:19:39.000Z",45.701965,5.883716,2.75,4.5,6.25,337.5,null
"2018-09-26T11:23:39.000Z",45.701965,5.883716,2.5,3.75,5.5,337.5,null
"2018-09-26T11:27:44.000Z",45.701965,5.883716,2.75,4.25,6.25,337.5,null
"2018-09-26T11:31:44.000Z",45.701965,5.883716,1,2.75,4.5,337.5,null
"2018-09-26T11:35:44.000Z",45.701965,5.883716,1.5,3,4.25,337.5,null
"2018-09-26T11:39:47.000Z",45.701965,5.883716,2,3.75,6.25,337.5,null
"2018-09-26T11:43:47.000Z",45.701965,5.883716,2.75,4.5,6,337.5,null
"2018-09-26T11:47:47.000Z",45.701965,5.883716,4.25,5.5,7,337.5,null
"2018-09-26T11:51:52.000Z",45.701965,5.883716,3.75,5.5,7,337.5,null
"2018-09-26T11:55:52.000Z",45.701965,5.883716,3.5,5,6.25,337.5,null
"2018-09-26T11:59:52.000Z",45.701965,5.883716,3.25,4.75,7,337.5,null
"2018-09-26T12:03:56.000Z",45.701965,5.883716,4.25,5.5,7,337.5,null
"2018-09-26T12:07:56.000Z",45.701965,5.883716,4.5,5.75,7.25,337.5,null
"2018-09-26T12:11:56.000Z",45.701965,5.883716,3.75,5,6.25,315,null
"2018-09-26T12:16:00.000Z",45.701965,5.883716,2.5,4,5.5,315,null
"2018-09-26T12:20:00.000Z",45.701965,5.883716,1.75,3.5,5.25,315,null
"2018-09-26T12:24:00.000Z",45.701965,5.883716,3.25,4.25,6.25,315,null
"2018-09-26T12:28:03.000Z",45.701965,5.883716,3.5,4.5,5.5,315,null
"2018-09-26T12:32:03.000Z",45.701965,5.883716,3.75,4.75,6,315,null
"2018-09-26T12:36:03.000Z",45.701965,5.883716,3.25,4.5,6.25,337.5,null
"2018-09-26T12:40:08.000Z",45.701965,5.883716,4.25,5.25,6.25,337.5,null
"2018-09-26T12:44:08.000Z",45.701965,5.883716,3.5,5.5,6.5,337.5,null
"2018-09-26T12:48:08.000Z",45.701965,5.883716,2.5,4.25,6,337.5,null
"2018-09-26T12:52:12.000Z",45.701965,5.883716,2.75,4,4.75,337.5,null
"2018-09-26T12:56:12.000Z",45.701965,5.883716,1.75,3.5,4.75,337.5,null
"2018-09-26T13:00:12.000Z",45.701965,5.883716,1.5,2.75,4.5,337.5,null
"2018-09-26T13:04:16.000Z",45.701965,5.883716,0.25,1.5,3.25,337.5,null
"2018-09-26T13:08:16.000Z",45.701965,5.883716,0.25,1.25,2.5,337.5,null
"2018-09-26T13:12:16.000Z",45.701965,5.883716,0.25,1.25,2,337.5,null
"2018-09-26T13:16:20.000Z",45.701965,5.883716,0,1.25,2.5,337.5,null
"2018-09-26T13:20:20.000Z",45.701965,5.883716,0,0,0.75,337.5,null
"2018-09-26T13:24:20.000Z",45.701965,5.883716,0,0,0,337.5,null
"2018-09-26T13:28:24.000Z",45.701965,5.883716,0,0,0.75,337.5,null
"2018-09-26T13:32:24.000Z",45.701965,5.883716,0,0.75,1.75,337.5,null
"2018-09-26T13:36:24.000Z",45.701965,5.883716,0,0.25,1.75,337.5,null
"2018-09-26T13:40:28.000Z",45.701965,5.883716,0,0,0,337.5,null
"2018-09-26T13:44:28.000Z",45.701965,5.883716,0,0,0.25,337.5,null
"2018-09-26T13:48:28.000Z",45.701965,5.883716,0,0,0,337.5,null
"2018-09-26T13:52:32.000Z",45.701965,5.883716,0,0,0,337.5,null
"2018-09-26T13:56:32.000Z",45.701965,5.883716,0,0,0,337.5,null
"2018-09-26T14:00:32.000Z",45.701965,5.883716,0,0,0.25,337.5,null
"2018-09-26T14:04:36.000Z",45.701965,5.883716,0,0,0,337.5,null
"2018-09-26T14:08:36.000Z",45.701965,5.883716,0,0,0.25,337.5,null
"2018-09-26T14:12:36.000Z",45.701965,5.883716,0,0,0.25,337.5,null
"2018-09-26T14:16:40.000Z",45.701965,5.883716,0,0,0,337.5,null
"2018-09-26T14:20:40.000Z",45.701965,5.883716,0,0,0.25,337.5,null
"2018-09-26T14:24:40.000Z",45.701965,5.883716,0,0,0.75,337.5,null
"2018-09-26T14:28:44.000Z",45.701965,5.883716,0,1.25,3.5,337.5,null
"2018-09-26T14:32:44.000Z",45.701965,5.883716,1.5,2.25,3.5,337.5,null
"2018-09-26T14:36:44.000Z",45.701965,5.883716,0,0.5,1.75,337.5,null
"2018-09-26T14:40:48.000Z",45.701965,5.883716,0,0.5,1,337.5,null
"2018-09-26T14:44:48.000Z",45.701965,5.883716,0,0.25,1,337.5,null
"2018-09-26T14:48:48.000Z",45.701965,5.883716,0,0,0,337.5,null
"2018-09-26T14:52:52.000Z",45.701965,5.883716,0,0,0,337.5,null
"2018-09-26T14:56:52.000Z",45.701965,5.883716,0,0,0,315,null
"2018-09-26T15:00:52.000Z",45.701965,5.883716,0,0,0,315,null
"2018-09-26T15:04:57.000Z",45.701965,5.883716,0,0,0,315,null
"2018-09-26T15:08:57.000Z",45.701965,5.883716,0,0,0,315,null
"2018-09-26T15:12:57.000Z",45.701965,5.883716,0,0,0,315,null
"2018-09-26T15:17:00.000Z",45.701965,5.883716,0,0,0.25,315,null
"2018-09-26T15:21:00.000Z",45.701965,5.883716,0,1,2.5,315,null
"2018-09-26T15:25:00.000Z",45.701965,5.883716,0,1.5,2.5,315,null
"2018-09-26T15:29:04.000Z",45.701965,5.883716,0,1.25,2.75,315,null
"2018-09-26T15:33:04.000Z",45.701965,5.883716,0,1.5,2.75,315,null
"2018-09-26T15:37:04.000Z",45.701965,5.883716,1.75,2,3.25,315,null
"2018-09-26T15:41:08.000Z",45.701965,5.883716,0.75,1.5,2,315,null
"2018-09-26T15:45:08.000Z",45.701965,5.883716,0,0.5,1.5,315,null
"2018-09-26T15:49:08.000Z",45.701965,5.883716,0.25,1,1.5,315,null
"2018-09-26T15:53:12.000Z",45.701965,5.883716,0.25,0.75,1,315,null
"2018-09-26T15:57:12.000Z",45.701965,5.883716,0.75,1.5,2.5,315,null
"2018-09-26T16:01:12.000Z",45.701965,5.883716,1,1.75,2,315,null
"2018-09-26T16:05:17.000Z",45.701965,5.883716,0,1.25,1.75,315,null
"2018-09-26T16:09:17.000Z",45.701965,5.883716,0,0,0,315,null
"2018-09-26T16:13:17.000Z",45.701965,5.883716,0,1.5,2,315,null
"2018-09-26T16:17:21.000Z",45.701965,5.883716,0,0.5,2,315,null
"2018-09-26T16:21:21.000Z",45.701965,5.883716,0,0,0,315,null
"2018-09-26T16:25:21.000Z",45.701965,5.883716,0,0,0.25,337.5,null
"2018-09-26T16:29:25.000Z",45.701965,5.883716,0,0,0,0,null
"2018-09-26T16:33:25.000Z",45.701965,5.883716,0,0,0,0,null
"2018-09-26T16:37:25.000Z",45.701965,5.883716,0,0,0,0,null
"2018-09-26T16:41:29.000Z",45.701965,5.883716,0,0,0,0,null
"2018-09-26T16:45:29.000Z",45.701965,5.883716,0,0,0.25,337.5,null
"2018-09-26T16:49:29.000Z",45.701965,5.883716,0,1,2,337.5,null
"2018-09-26T16:53:33.000Z",45.701965,5.883716,0,1.25,2.75,337.5,null
"2018-09-26T16:57:33.000Z",45.701965,5.883716,1.5,2.5,3.75,337.5,null
"2018-09-26T17:01:33.000Z",45.701965,5.883716,0.75,2.25,3.25,337.5,null
"2018-09-26T17:05:37.000Z",45.701965,5.883716,0.25,1.75,3.25,337.5,null
"2018-09-26T17:09:37.000Z",45.701965,5.883716,0,1,3.25,337.5,null
"2018-09-26T17:13:37.000Z",45.701965,5.883716,0,0.5,2,337.5,null
"2018-09-26T17:17:41.000Z",45.701965,5.883716,0,0.5,2,337.5,null
"2018-09-26T17:21:41.000Z",45.701965,5.883716,0,0.25,0.75,0,null
"2018-09-26T17:25:41.000Z",45.701965,5.883716,0,0,1,337.5,null
"2018-09-26T17:29:45.000Z",45.701965,5.883716,0,0.25,1,337.5,null
"2018-09-26T17:33:45.000Z",45.701965,5.883716,0.25,1.5,2.75,337.5,null
"2018-09-26T17:37:45.000Z",45.701965,5.883716,0,0.5,1.75,337.5,null
"2018-09-26T17:41:48.000Z",45.701965,5.883716,0,0.25,1.5,337.5,null
"2018-09-26T17:45:48.000Z",45.701965,5.883716,0.75,2.25,3.25,337.5,null
"2018-09-26T17:49:48.000Z",45.701965,5.883716,2.5,3.25,3.75,0,null
"2018-09-26T17:53:53.000Z",45.701965,5.883716,0.75,1.75,3.5,0,null
"2018-09-26T17:57:53.000Z",45.701965,5.883716,0.25,1.25,2,22.5,null
"2018-09-26T18:01:53.000Z",45.701965,5.883716,0,0.5,1.5,22.5,null
"2018-09-26T18:05:57.000Z",45.701965,5.883716,0,0.5,2,45,null
"2018-09-26T18:09:57.000Z",45.701965,5.883716,0,2,5.5,112.5,null
"2018-09-26T18:13:57.000Z",45.701965,5.883716,0,1,3.5,112.5,null
"2018-09-26T18:18:01.000Z",45.701965,5.883716,0,0.25,1.5,112.5,null
"2018-09-26T18:22:01.000Z",45.701965,5.883716,0,0.25,2,112.5,null
"2018-09-26T18:26:01.000Z",45.701965,5.883716,1,2.25,3.75,112.5,null
"2018-09-26T18:30:05.000Z",45.701965,5.883716,1.5,2.75,4.25,135,null
"2018-09-26T18:34:05.000Z",45.701965,5.883716,1.75,3,4.5,112.5,null
"2018-09-26T18:38:05.000Z",45.701965,5.883716,1,3.25,6,135,null
"2018-09-26T18:42:09.000Z",45.701965,5.883716,0.75,2.5,4.75,135,null
"2018-09-26T18:46:09.000Z",45.701965,5.883716,0.25,2.75,5.25,135,null
"2018-09-26T18:50:09.000Z",45.701965,5.883716,1.5,3,5.5,112.5,null
"2018-09-26T18:54:13.000Z",45.701965,5.883716,1.75,5.25,9,112.5,null
"2018-09-26T18:58:13.000Z",45.701965,5.883716,2.75,5.5,8.25,90,null
"2018-09-26T19:02:13.000Z",45.701965,5.883716,1.75,4.75,8,112.5,null
"2018-09-26T19:06:17.000Z",45.701965,5.883716,1,4,7.75,135,null
"2018-09-26T19:10:17.000Z",45.701965,5.883716,1.75,4.75,9.75,112.5,null
"2018-09-26T19:14:17.000Z",45.701965,5.883716,0.75,3.25,6.5,135,null
"2018-09-26T19:18:21.000Z",45.701965,5.883716,0,2.25,3.75,135,null
"2018-09-26T19:22:21.000Z",45.701965,5.883716,0.75,2.5,6.25,135,null
"2018-09-26T19:26:21.000Z",45.701965,5.883716,1.5,4,7,112.5,null
"2018-09-26T19:30:25.000Z",45.701965,5.883716,1.75,4,6.25,90,null
"2018-09-26T19:34:25.000Z",45.701965,5.883716,2,4.5,6.5,90,null
"2018-09-26T19:38:25.000Z",45.701965,5.883716,2.5,4.5,8,90,null
"2018-09-26T19:42:30.000Z",45.701965,5.883716,1.75,4.5,7.25,90,null
"2018-09-26T19:46:30.000Z",45.701965,5.883716,2,4.75,7.25,90,null
"2018-09-26T19:50:30.000Z",45.701965,5.883716,1.5,3.5,7.25,90,null
"2018-09-26T19:55:25.000Z",45.701965,5.883716,1.75,4.5,7.25,90,null
"2018-09-26T19:59:25.000Z",45.701965,5.883716,1.75,4.75,7.75,90,null
"2018-09-26T20:03:25.000Z",45.701965,5.883716,0.25,2.75,5.25,90,null
"2018-09-26T20:07:30.000Z",45.701965,5.883716,1.75,3.5,6.25,112.5,null
"2018-09-26T20:11:30.000Z",45.701965,5.883716,3.25,4.75,7,135,null
"2018-09-26T20:15:30.000Z",45.701965,5.883716,2,3.75,5.25,157.5,null
"2018-09-26T20:19:34.000Z",45.701965,5.883716,1,3,5.25,135,null
"2018-09-26T20:23:34.000Z",45.701965,5.883716,0,1.5,3.75,135,null
"2018-09-26T20:27:34.000Z",45.701965,5.883716,0,1.5,3.25,135,null
"2018-09-26T20:31:38.000Z",45.701965,5.883716,0,0.5,2.5,135,null
"2018-09-26T20:35:38.000Z",45.701965,5.883716,0,1.75,3.5,135,null
"2018-09-26T20:39:38.000Z",45.701965,5.883716,1,4,7,90,null
"2018-09-26T20:43:41.000Z",45.701965,5.883716,1.75,3.25,5.5,90,null
"2018-09-26T20:47:41.000Z",45.701965,5.883716,2,3.75,5.5,90,null
"2018-09-26T20:51:41.000Z",45.701965,5.883716,0.75,3,5.25,90,null
"2018-09-26T20:55:46.000Z",45.701965,5.883716,0.25,2.25,4,90,null
"2018-09-26T20:59:46.000Z",45.701965,5.883716,0.75,1.5,2.5,90,null
"2018-09-26T21:03:46.000Z",45.701965,5.883716,0.75,1.75,2.5,90,null
"2018-09-26T21:07:49.000Z",45.701965,5.883716,0.5,2.25,3.25,90,null
"2018-09-26T21:11:49.000Z",45.701965,5.883716,0.75,1.5,2.5,90,null
"2018-09-26T21:15:49.000Z",45.701965,5.883716,0.75,1.75,2.75,90,null
"2018-09-26T21:19:54.000Z",45.701965,5.883716,0.75,1.25,2,90,null
"2018-09-26T21:23:54.000Z",45.701965,5.883716,0,1,3.25,90,null
"2018-09-26T21:27:54.000Z",45.701965,5.883716,0.25,2.75,3.75,90,null
"2018-09-26T21:31:58.000Z",45.701965,5.883716,0,0.5,4.25,157.5,null
"2018-09-26T21:35:58.000Z",45.701965,5.883716,0,1,2,157.5,null
"2018-09-26T21:39:58.000Z",45.701965,5.883716,0,0.25,1.75,157.5,null
"2018-09-26T21:44:02.000Z",45.701965,5.883716,0,0.75,2.5,157.5,null
"2018-09-26T21:48:02.000Z",45.701965,5.883716,0,1.75,5.5,157.5,null
"2018-09-26T21:52:02.000Z",45.701965,5.883716,1,3.25,5.25,157.5,null
"2018-09-26T21:56:06.000Z",45.701965,5.883716,1,3.75,6.5,180,null
"2018-09-26T22:00:06.000Z",45.701965,5.883716,1.5,4.25,7.75,157.5,null
"2018-09-26T22:04:06.000Z",45.701965,5.883716,0,3.5,7.75,135,null
"2018-09-26T22:08:10.000Z",45.701965,5.883716,0,3.75,9,112.5,null
"2018-09-26T22:12:10.000Z",45.701965,5.883716,2.75,6,9,90,null
"2018-09-26T22:16:10.000Z",45.701965,5.883716,0,3.75,8.25,90,null
"2018-09-26T22:20:14.000Z",45.701965,5.883716,0,0.5,3.25,157.5,null
"2018-09-26T22:24:14.000Z",45.701965,5.883716,0,0.5,3.25,180,null
"2018-09-26T22:28:14.000Z",45.701965,5.883716,0,0.75,2,180,null
"2018-09-26T22:32:18.000Z",45.701965,5.883716,0.25,2.25,4.75,180,null
"2018-09-26T22:36:18.000Z",45.701965,5.883716,1.75,3.5,5.25,180,null
"2018-09-26T22:40:18.000Z",45.701965,5.883716,0,1.5,4.25,180,null
"2018-09-26T22:44:22.000Z",45.701965,5.883716,0,0.25,2,180,null
"2018-09-26T22:48:22.000Z",45.701965,5.883716,0,2.5,6.5,180,null
"2018-09-26T22:52:22.000Z",45.701965,5.883716,0,3.75,9,157.5,null
"2018-09-26T22:56:26.000Z",45.701965,5.883716,3.5,7.25,14,157.5,null
"2018-09-26T23:00:26.000Z",45.701965,5.883716,3.5,7,13,157.5,null
"2018-09-26T23:04:26.000Z",45.701965,5.883716,1.75,5,8.25,157.5,null
"2018-09-26T23:08:30.000Z",45.701965,5.883716,0.25,3.75,11.5,135,null
"2018-09-26T23:12:30.000Z",45.701965,5.883716,1,4,8.75,157.5,null
"2018-09-26T23:16:30.000Z",45.701965,5.883716,1.5,4.5,8,157.5,null
"2018-09-26T23:20:35.000Z",45.701965,5.883716,0,4.75,11,157.5,null
"2018-09-26T23:24:35.000Z",45.701965,5.883716,1.5,5.75,9.5,180,null
"2018-09-26T23:28:35.000Z",45.701965,5.883716,0,2.75,7.75,180,null
"2018-09-26T23:32:39.000Z",45.701965,5.883716,0,3,9.75,135,null
"2018-09-26T23:36:39.000Z",45.701965,5.883716,0,2.5,7.25,135,null
"2018-09-26T23:40:39.000Z",45.701965,5.883716,0,3,8,157.5,null
"2018-09-26T23:44:43.000Z",45.701965,5.883716,0,1.5,8.75,135,null
"2018-09-26T23:48:43.000Z",45.701965,5.883716,0,2.75,6.5,157.5,null
"2018-09-26T23:52:43.000Z",45.701965,5.883716,0.25,3.25,10.5,135,null
"2018-09-26T23:56:47.000Z",45.701965,5.883716,0,3.5,9.5,112.5,null
"2018-09-27T00:00:47.000Z",45.701965,5.883716,0.25,3.75,8.25,112.5,null
"2018-09-27T00:04:47.000Z",45.701965,5.883716,1,4.5,9.75,112.5,null
"2018-09-27T00:08:50.000Z",45.701965,5.883716,1.5,4,8.75,90,null
"2018-09-27T00:12:50.000Z",45.701965,5.883716,0,3.5,8,112.5,null
"2018-09-27T00:16:50.000Z",45.701965,5.883716,0,3,8.75,112.5,null
"2018-09-27T00:20:55.000Z",45.701965,5.883716,0,0.75,4.75,112.5,null
"2018-09-27T00:24:55.000Z",45.701965,5.883716,0,1.5,4.5,112.5,null
"2018-09-27T00:28:55.000Z",45.701965,5.883716,0,4,9,135,null
"2018-09-27T00:32:59.000Z",45.701965,5.883716,0.25,3.75,9.75,135,null
"2018-09-27T00:36:59.000Z",45.701965,5.883716,0.25,3.75,8,112.5,null
"2018-09-27T00:40:59.000Z",45.701965,5.883716,0.25,3.75,10.5,112.5,null
"2018-09-27T00:45:03.000Z",45.701965,5.883716,1.25,5.75,12,90,null
"2018-09-27T00:49:03.000Z",45.701965,5.883716,0.25,4.5,8.25,112.5,null
"2018-09-27T00:53:03.000Z",45.701965,5.883716,0,2.25,10,135,null
"2018-09-27T00:57:07.000Z",45.701965,5.883716,0,2.75,12,157.5,null
"2018-09-27T01:01:07.000Z",45.701965,5.883716,0,2.25,11,135,null
"2018-09-27T01:05:07.000Z",45.701965,5.883716,0,2.25,12.5,135,null
"2018-09-27T01:09:10.000Z",45.701965,5.883716,0.25,4.75,9.75,135,null
"2018-09-27T01:13:10.000Z",45.701965,5.883716,1.5,5.25,9.75,135,null
"2018-09-27T01:17:10.000Z",45.701965,5.883716,3.25,7,12,135,null
"2018-09-27T01:21:15.000Z",45.701965,5.883716,2,8.75,14.5,112.5,null
"2018-09-27T01:25:15.000Z",45.701965,5.883716,5.25,9,14,112.5,null
"2018-09-27T01:29:15.000Z",45.701965,5.883716,4.25,7.25,10,112.5,null
"2018-09-27T01:33:19.000Z",45.701965,5.883716,4.25,8,10.5,112.5,null
"2018-09-27T01:37:19.000Z",45.701965,5.883716,2.75,5.25,9.5,112.5,null
"2018-09-27T01:41:19.000Z",45.701965,5.883716,3.25,5.75,10.5,112.5,null
"2018-09-27T01:45:22.000Z",45.701965,5.883716,3.75,7.25,10.5,112.5,null
"2018-09-27T01:49:22.000Z",45.701965,5.883716,2,6.25,11.5,112.5,null
"2018-09-27T01:53:22.000Z",45.701965,5.883716,4.75,8,12,112.5,null
"2018-09-27T01:57:27.000Z",45.701965,5.883716,4.75,8,12,112.5,null
"2018-09-27T02:01:27.000Z",45.701965,5.883716,3.25,7,11,112.5,null
"2018-09-27T02:05:27.000Z",45.701965,5.883716,3.25,5.75,8.25,112.5,null
"2018-09-27T02:09:30.000Z",45.701965,5.883716,2.75,6.5,9,112.5,null
"2018-09-27T02:13:30.000Z",45.701965,5.883716,3.25,7.5,13,90,null
"2018-09-27T02:17:30.000Z",45.701965,5.883716,3.5,7,12,90,null
"2018-09-27T02:21:35.000Z",45.701965,5.883716,2.5,5.75,10,112.5,null
"2018-09-27T02:25:35.000Z",45.701965,5.883716,1.75,5.25,11,112.5,null
"2018-09-27T02:29:35.000Z",45.701965,5.883716,1,3.75,9.5,135,null
"2018-09-27T02:33:38.000Z",45.701965,5.883716,0.25,3.25,9,135,null
"2018-09-27T02:37:38.000Z",45.701965,5.883716,1.5,5,9,157.5,null
"2018-09-27T02:41:38.000Z",45.701965,5.883716,1.75,5.25,8.75,157.5,null
"2018-09-27T02:45:43.000Z",45.701965,5.883716,0.25,3.75,11,135,null
"2018-09-27T02:49:43.000Z",45.701965,5.883716,1,5.75,11.5,112.5,null
"2018-09-27T02:53:43.000Z",45.701965,5.883716,2.5,7,11.5,135,null
"2018-09-27T02:57:47.000Z",45.701965,5.883716,2,6.25,11,112.5,null
"2018-09-27T03:01:47.000Z",45.701965,5.883716,2.5,6.25,11,112.5,null
"2018-09-27T03:05:47.000Z",45.701965,5.883716,1.75,5.25,9.75,112.5,null
"2018-09-27T03:09:51.000Z",45.701965,5.883716,1.75,5.25,11.5,112.5,null
"2018-09-27T03:13:51.000Z",45.701965,5.883716,2,6.5,13,112.5,null
"2018-09-27T03:17:51.000Z",45.701965,5.883716,1.75,5.75,9.5,112.5,null
"2018-09-27T03:21:55.000Z",45.701965,5.883716,1,4.25,9.5,135,null
"2018-09-27T03:25:55.000Z",45.701965,5.883716,0,3.5,10,157.5,null
"2018-09-27T03:29:55.000Z",45.701965,5.883716,0,2,8,157.5,null
"2018-09-27T03:33:59.000Z",45.701965,5.883716,0.25,3.75,9.5,135,null
"2018-09-27T03:37:59.000Z",45.701965,5.883716,1,4.5,8.25,135,null
"2018-09-27T03:41:59.000Z",45.701965,5.883716,0.75,5.5,12,135,null
"2018-09-27T03:46:04.000Z",45.701965,5.883716,0,5.25,12,135,null
"2018-09-27T03:50:04.000Z",45.701965,5.883716,0,3.25,9.5,135,null
"2018-09-27T03:54:04.000Z",45.701965,5.883716,0.25,4.5,12,157.5,null
"2018-09-27T03:58:08.000Z",45.701965,5.883716,0.25,4,11,157.5,null
"2018-09-27T04:02:08.000Z",45.701965,5.883716,0,6.25,15,157.5,null
"2018-09-27T04:06:08.000Z",45.701965,5.883716,0.25,7,15.5,157.5,null
"2018-09-27T04:10:11.000Z",45.701965,5.883716,0,3.75,12.5,157.5,null
"2018-09-27T04:14:11.000Z",45.701965,5.883716,0,1.75,5.25,135,null
"2018-09-27T04:18:11.000Z",45.701965,5.883716,0,0.25,3.75,135,null
"2018-09-27T04:22:15.000Z",45.701965,5.883716,0,3.75,9,135,null
"2018-09-27T04:26:15.000Z",45.701965,5.883716,0,2.25,5.5,112.5,null
"2018-09-27T04:30:15.000Z",45.701965,5.883716,0,4.5,11.5,112.5,null
"2018-09-27T04:34:20.000Z",45.701965,5.883716,2,6.5,12,112.5,null
"2018-09-27T04:38:20.000Z",45.701965,5.883716,0,4.5,9,135,null
"2018-09-27T04:42:20.000Z",45.701965,5.883716,0.25,4.25,12.5,112.5,null
"2018-09-27T04:46:24.000Z",45.701965,5.883716,0.25,4.5,11.5,135,null
"2018-09-27T04:50:24.000Z",45.701965,5.883716,0.75,5.5,12,157.5,null
"2018-09-27T04:54:24.000Z",45.701965,5.883716,2.5,6.25,11.5,157.5,null
"2018-09-27T04:58:28.000Z",45.701965,5.883716,1.5,4.75,10.5,135,null
"2018-09-27T05:02:28.000Z",45.701965,5.883716,0.75,5.75,12,135,null
"2018-09-27T05:06:28.000Z",45.701965,5.883716,1,5.25,11.5,135,null
"2018-09-27T05:10:31.000Z",45.701965,5.883716,0,5.5,12,157.5,null
"2018-09-27T05:14:31.000Z",45.701965,5.883716,0,5.5,13,157.5,null
"2018-09-27T05:18:31.000Z",45.701965,5.883716,2,6.75,11,157.5,null
"2018-09-27T05:22:36.000Z",45.701965,5.883716,3.25,6.5,11,157.5,null
"2018-09-27T05:26:36.000Z",45.701965,5.883716,2,7.25,14.5,157.5,null
"2018-09-27T05:30:36.000Z",45.701965,5.883716,0.25,3.75,9,157.5,null
"2018-09-27T05:34:40.000Z",45.701965,5.883716,0,2.75,8,157.5,null
"2018-09-27T05:38:40.000Z",45.701965,5.883716,0,1.25,4.75,135,null
"2018-09-27T05:42:40.000Z",45.701965,5.883716,0,3.25,12,112.5,null
"2018-09-27T05:46:44.000Z",45.701965,5.883716,0,3.5,11,112.5,null
"2018-09-27T05:50:44.000Z",45.701965,5.883716,0.25,4,11.5,135,null
"2018-09-27T05:54:44.000Z",45.701965,5.883716,0.75,6,11,112.5,null
"2018-09-27T05:58:48.000Z",45.701965,5.883716,0.25,3.25,11,112.5,null
"2018-09-27T06:02:48.000Z",45.701965,5.883716,0.25,3.5,8.25,112.5,null
"2018-09-27T06:06:48.000Z",45.701965,5.883716,0,2.5,8.25,157.5,null
"2018-09-27T06:10:52.000Z",45.701965,5.883716,1,6,12,157.5,null
"2018-09-27T06:14:52.000Z",45.701965,5.883716,0,4,12,157.5,null
"2018-09-27T06:18:52.000Z",45.701965,5.883716,0.75,5,11,135,null
"2018-09-27T06:22:56.000Z",45.701965,5.883716,0.25,4.25,11,135,null
"2018-09-27T06:26:56.000Z",45.701965,5.883716,2.75,6.25,10.5,135,null
"2018-09-27T06:30:56.000Z",45.701965,5.883716,0.25,4,7.25,135,null
"2018-09-27T06:35:00.000Z",45.701965,5.883716,0.25,4,9,157.5,null
"2018-09-27T06:39:00.000Z",45.701965,5.883716,0.25,4.75,9.5,157.5,null
"2018-09-27T06:43:00.000Z",45.701965,5.883716,0.75,4.5,8.75,135,null
"2018-09-27T06:47:04.000Z",45.701965,5.883716,0,3.5,8.25,135,null
"2018-09-27T06:51:04.000Z",45.701965,5.883716,1.5,5,9.75,135,null
"2018-09-27T06:55:04.000Z",45.701965,5.883716,1,4,10.5,157.5,null
"2018-09-27T06:59:08.000Z",45.701965,5.883716,0,3.25,9,157.5,null
"2018-09-27T07:03:08.000Z",45.701965,5.883716,0,4.25,7.25,157.5,null
"2018-09-27T07:07:08.000Z",45.701965,5.883716,0.25,3,8.25,135,null
"2018-09-27T07:11:12.000Z",45.701965,5.883716,0.75,5,8.75,157.5,null
"2018-09-27T07:15:12.000Z",45.701965,5.883716,2,6.25,10,157.5,null
"2018-09-27T07:19:12.000Z",45.701965,5.883716,1.5,6,9.5,180,null
"2018-09-27T07:23:16.000Z",45.701965,5.883716,0.75,5.25,9.75,180,null
"2018-09-27T07:27:16.000Z",45.701965,5.883716,1.75,5.5,11,180,null
"2018-09-27T07:31:16.000Z",45.701965,5.883716,0,4.75,11,157.5,null
"2018-09-27T07:35:20.000Z",45.701965,5.883716,0,3.25,7.25,157.5,null
"2018-09-27T07:39:20.000Z",45.701965,5.883716,0.25,5.25,11.5,157.5,null
"2018-09-27T07:43:20.000Z",45.701965,5.883716,0.25,6,12.5,157.5,null
"2018-09-27T07:47:24.000Z",45.701965,5.883716,0,5.75,12.5,157.5,null
"2018-09-27T07:51:24.000Z",45.701965,5.883716,1.75,7.25,12,157.5,null
"2018-09-27T07:55:24.000Z",45.701965,5.883716,2,6,12.5,157.5,null
"2018-09-27T07:59:29.000Z",45.701965,5.883716,1,6.25,12.5,157.5,null
"2018-09-27T08:03:29.000Z",45.701965,5.883716,3.25,8.25,12,180,null
"2018-09-27T08:07:29.000Z",45.701965,5.883716,2,7,12,180,null
"2018-09-27T08:11:33.000Z",45.701965,5.883716,2.5,8.5,13.5,180,null
"2018-09-27T08:15:33.000Z",45.701965,5.883716,1.5,7.25,12,180,null
"2018-09-27T08:19:33.000Z",45.701965,5.883716,3.75,7.5,11,180,null
"2018-09-27T08:23:37.000Z",45.701965,5.883716,1.5,6.75,9.75,180,null
"2018-09-27T08:27:37.000Z",45.701965,5.883716,4.75,7.75,10.5,202.5,null
"2018-09-27T08:31:37.000Z",45.701965,5.883716,1.75,6.75,9.5,202.5,null
"2018-09-27T08:35:40.000Z",45.701965,5.883716,3.75,7.25,10.5,202.5,null
"2018-09-27T08:39:40.000Z",45.701965,5.883716,2.75,6.5,9.5,202.5,null
"2018-09-27T08:43:40.000Z",45.701965,5.883716,3.5,7.5,10,202.5,null
"2018-09-27T08:47:44.000Z",45.701965,5.883716,2.75,6.5,8.75,202.5,null
"2018-09-27T08:51:44.000Z",45.701965,5.883716,4.75,7.5,9,202.5,null
"2018-09-27T08:55:44.000Z",45.701965,5.883716,3.5,7.75,10,202.5,null
"2018-09-27T08:59:48.000Z",45.701965,5.883716,5.5,8,9.75,202.5,null
"2018-09-27T09:03:48.000Z",45.701965,5.883716,5.5,7.75,9,202.5,null
"2018-09-27T09:07:48.000Z",45.701965,5.883716,4.5,7.5,9.75,202.5,null
"2018-09-27T09:11:53.000Z",45.701965,5.883716,3.5,7,9.75,202.5,null
"2018-09-27T09:15:53.000Z",45.701965,5.883716,4.5,7.25,9.5,202.5,null
"2018-09-27T09:19:53.000Z",45.701965,5.883716,4.5,7.25,10,202.5,null
"2018-09-27T09:23:56.000Z",45.701965,5.883716,4.75,7.75,9.75,202.5,null
"2018-09-27T09:27:56.000Z",45.701965,5.883716,2,7.5,11.5,202.5,null
"2018-09-27T09:31:56.000Z",45.701965,5.883716,3.75,8.5,10,202.5,null
"2018-09-27T09:36:01.000Z",45.701965,5.883716,4.25,8.25,11,202.5,null
"2018-09-27T09:40:01.000Z",45.701965,5.883716,1.5,6.25,8.75,202.5,null
"2018-09-27T09:44:01.000Z",45.701965,5.883716,3.25,7,9.5,202.5,null
"2018-09-27T09:48:05.000Z",45.701965,5.883716,3.25,7,9,202.5,null
"2018-09-27T09:52:05.000Z",45.701965,5.883716,2.75,6,10,180,null
"2018-09-27T09:56:05.000Z",45.701965,5.883716,2.5,6.5,9,202.5,null
"2018-09-27T10:00:08.000Z",45.701965,5.883716,6.5,7.75,9.5,202.5,null
"2018-09-27T10:04:08.000Z",45.701965,5.883716,5.25,8,9.5,202.5,null
"2018-09-27T10:08:08.000Z",45.701965,5.883716,3.75,7.75,9.75,202.5,null
"2018-09-27T10:12:13.000Z",45.701965,5.883716,4.5,7.25,9,202.5,null
"2018-09-27T10:16:13.000Z",45.701965,5.883716,6.25,7.5,9.75,202.5,null
"2018-09-27T10:20:13.000Z",45.701965,5.883716,5.25,8.5,10,202.5,null
"2018-09-27T10:24:17.000Z",45.701965,5.883716,3.75,8.25,10.5,202.5,null
"2018-09-27T10:28:17.000Z",45.701965,5.883716,6,7.75,9.5,202.5,null
"2018-09-27T10:32:17.000Z",45.701965,5.883716,3.75,6.5,9,202.5,null
"2018-09-27T10:36:21.000Z",45.701965,5.883716,2.75,5.75,7.75,202.5,null
"2018-09-27T10:40:21.000Z",45.701965,5.883716,2,6.25,9,202.5,null
"2018-09-27T10:44:21.000Z",45.701965,5.883716,3.75,6.5,8,202.5,null
"2018-09-27T10:48:25.000Z",45.701965,5.883716,3.75,6.5,7.75,202.5,null
"2018-09-27T10:52:25.000Z",45.701965,5.883716,3.25,5.5,7.25,202.5,null
"2018-09-27T10:56:25.000Z",45.701965,5.883716,2,5.25,7,202.5,null
"2018-09-27T11:00:29.000Z",45.701965,5.883716,3.5,6.25,7.75,180,null
"2018-09-27T11:04:29.000Z",45.701965,5.883716,4.25,6.75,9,202.5,null
"2018-09-27T11:08:29.000Z",45.701965,5.883716,1.5,6.25,8,202.5,null
"2018-09-27T11:12:33.000Z",45.701965,5.883716,4.25,7,8.75,202.5,null
"2018-09-27T11:16:33.000Z",45.701965,5.883716,2.75,6.75,9,202.5,null
"2018-09-27T11:20:33.000Z",45.701965,5.883716,6.5,8.25,9.5,202.5,null
"2018-09-27T11:24:37.000Z",45.701965,5.883716,3.25,6.75,8.5,202.5,null
"2018-09-27T11:28:37.000Z",45.701965,5.883716,2.75,5.25,7,202.5,null
"2018-09-27T11:32:37.000Z",45.701965,5.883716,2.5,5.75,8,202.5,null
"2018-09-27T11:36:41.000Z",45.701965,5.883716,3.75,6.5,8,202.5,null
"2018-09-27T11:40:41.000Z",45.701965,5.883716,1.75,5.75,8.25,180,null
"2018-09-27T11:44:41.000Z",45.701965,5.883716,6,7.5,9.5,180,null
"2018-09-27T11:48:45.000Z",45.701965,5.883716,3.75,7.75,9.75,202.5,null
"2018-09-27T11:52:45.000Z",45.701965,5.883716,6,8.25,9.5,202.5,null
"2018-09-27T11:56:45.000Z",45.701965,5.883716,7.25,8.25,10,202.5,null
"2018-09-27T12:00:50.000Z",45.701965,5.883716,5.25,8,9.5,202.5,null
"2018-09-27T12:04:50.000Z",45.701965,5.883716,4.75,8,9.5,202.5,null
"2018-09-27T12:08:50.000Z",45.701965,5.883716,6.25,8.25,9.5,202.5,null
"2018-09-27T12:12:53.000Z",45.701965,5.883716,6,8.25,9.5,202.5,null
"2018-09-27T12:16:53.000Z",45.701965,5.883716,3.5,7.5,8.75,202.5,null
"2018-09-27T12:20:53.000Z",45.701965,5.883716,6,8.25,9.5,202.5,null
"2018-09-27T12:24:58.000Z",45.701965,5.883716,7.25,8.75,9.5,202.5,null
"2018-09-27T12:28:58.000Z",45.701965,5.883716,7.25,8.5,9.5,225,null
"2018-09-27T12:32:58.000Z",45.701965,5.883716,6.5,7.75,8.25,225,null
"2018-09-27T12:37:02.000Z",45.701965,5.883716,6,7.25,8.25,202.5,null
"2018-09-27T12:41:02.000Z",45.701965,5.883716,7,7.75,8.75,202.5,null
"2018-09-27T12:45:02.000Z",45.701965,5.883716,6.25,7.5,8.75,202.5,null
"2018-09-27T12:49:05.000Z",45.701965,5.883716,7.25,8.25,9,202.5,null
"2018-09-27T12:53:05.000Z",45.701965,5.883716,6.5,8,8.75,225,null
"2018-09-27T12:57:05.000Z",45.701965,5.883716,6.5,7.5,8.25,225,null
"2018-09-27T13:01:10.000Z",45.701965,5.883716,5.5,7,8,225,null
"2018-09-27T13:05:10.000Z",45.701965,5.883716,5.25,6.25,7,225,null
"2018-09-27T13:09:10.000Z",45.701965,5.883716,4.5,5.25,6.5,202.5,null
"2018-09-27T13:13:13.000Z",45.701965,5.883716,4.5,5.5,6.25,202.5,null
"2018-09-27T13:17:13.000Z",45.701965,5.883716,2.75,4.75,6,202.5,null
"2018-09-27T13:21:13.000Z",45.701965,5.883716,2.75,4,4.75,202.5,null
"2018-09-27T13:25:17.000Z",45.701965,5.883716,1,2.25,3.5,180,null
"2018-09-27T13:29:17.000Z",45.701965,5.883716,0.25,2,3.25,202.5,null
"2018-09-27T13:33:17.000Z",45.701965,5.883716,1,1.75,2.5,202.5,null
"2018-09-27T13:37:22.000Z",45.701965,5.883716,0.75,1.25,2,202.5,null
"2018-09-27T13:41:22.000Z",45.701965,5.883716,0,0.25,1,202.5,null
"2018-09-27T13:45:22.000Z",45.701965,5.883716,0,0,0,202.5,null
"2018-09-27T13:49:26.000Z",45.701965,5.883716,0,0,0,202.5,null
"2018-09-27T13:53:26.000Z",45.701965,5.883716,0,0.75,1.5,202.5,null
"2018-09-27T13:57:26.000Z",45.701965,5.883716,0,0.25,1,202.5,null
"2018-09-27T14:01:30.000Z",45.701965,5.883716,0,0,0,202.5,null
"2018-09-27T14:05:30.000Z",45.701965,5.883716,0,0,0,202.5,null
"2018-09-27T14:09:30.000Z",45.701965,5.883716,0,0.75,2.75,202.5,null
"2018-09-27T14:13:34.000Z",45.701965,5.883716,0,1.25,3,180,null
"2018-09-27T14:17:34.000Z",45.701965,5.883716,0,2,3.25,202.5,null
"2018-09-27T14:21:34.000Z",45.701965,5.883716,0,2.5,3.25,202.5,null
"2018-09-27T14:25:38.000Z",45.701965,5.883716,1,4.75,7,315,null
"2018-09-27T14:29:38.000Z",45.701965,5.883716,3.5,4.75,6.25,337.5,null
"2018-09-27T14:33:38.000Z",45.701965,5.883716,4.5,5.5,6.25,337.5,null
"2018-09-27T14:37:42.000Z",45.701965,5.883716,4.5,5.75,6.5,337.5,null
"2018-09-27T14:41:42.000Z",45.701965,5.883716,3.25,4.25,5.5,337.5,null
"2018-09-27T14:45:42.000Z",45.701965,5.883716,2,4,5.5,337.5,null
"2018-09-27T14:49:46.000Z",45.701965,5.883716,6,7.75,9.75,337.5,null
"2018-09-27T14:53:46.000Z",45.701965,5.883716,4.5,5.75,8,337.5,null
"2018-09-27T14:57:46.000Z",45.701965,5.883716,3.75,5,6.5,337.5,null
"2018-09-27T15:01:50.000Z",45.701965,5.883716,4.5,6,7.25,337.5,null
"2018-09-27T15:05:50.000Z",45.701965,5.883716,3.25,4.75,6.5,337.5,null
"2018-09-27T15:09:50.000Z",45.701965,5.883716,0.75,2.75,5.5,337.5,null
"2018-09-27T15:13:54.000Z",45.701965,5.883716,0.25,1.75,4.75,337.5,null
"2018-09-27T15:17:54.000Z",45.701965,5.883716,3.25,4.5,6.25,337.5,null
"2018-09-27T15:21:54.000Z",45.701965,5.883716,5.5,7.25,8.25,337.5,null
"2018-09-27T15:25:58.000Z",45.701965,5.883716,1,4.25,7.75,337.5,null
"2018-09-27T15:29:58.000Z",45.701965,5.883716,0.75,1.75,4.25,0,null
"2018-09-27T15:33:58.000Z",45.701965,5.883716,0.75,5.25,8.75,315,null
"2018-09-27T15:38:02.000Z",45.701965,5.883716,1.75,3.5,5.25,315,null
"2018-09-27T15:42:02.000Z",45.701965,5.883716,0,1.25,2,337.5,null
"2018-09-27T15:46:02.000Z",45.701965,5.883716,0.75,2.25,3.75,315,null
"2018-09-27T15:50:06.000Z",45.701965,5.883716,0.25,1.75,3.5,315,null
"2018-09-27T15:54:06.000Z",45.701965,5.883716,0,1,2.75,315,null
"2018-09-27T15:58:06.000Z",45.701965,5.883716,0,0.75,2.75,315,null
"2018-09-27T16:02:11.000Z",45.701965,5.883716,2.75,3.75,4.5,315,null
"2018-09-27T16:06:11.000Z",45.701965,5.883716,0,1.75,3.5,315,null
"2018-09-27T16:10:11.000Z",45.701965,5.883716,0,0,0.25,315,null
"2018-09-27T16:14:14.000Z",45.701965,5.883716,0,1.25,3.5,315,null
"2018-09-27T16:18:14.000Z",45.701965,5.883716,0,0,0.25,315,null
"2018-09-27T16:22:14.000Z",45.701965,5.883716,0,0.5,2,315,null
"2018-09-27T16:26:18.000Z",45.701965,5.883716,0,0.25,1.5,315,null
"2018-09-27T16:30:18.000Z",45.701965,5.883716,0,0.5,1.5,315,null
"2018-09-27T16:34:18.000Z",45.701965,5.883716,0,0,0,315,null
"2018-09-27T16:38:22.000Z",45.701965,5.883716,0,1,3.25,315,null
"2018-09-27T16:42:22.000Z",45.701965,5.883716,0,0.75,2.5,315,null
"2018-09-27T16:46:22.000Z",45.701965,5.883716,0,0,0,315,null
"2018-09-27T16:50:27.000Z",45.701965,5.883716,0,0,0,315,null
"2018-09-27T16:54:27.000Z",45.701965,5.883716,0,1.5,2.75,315,null
"2018-09-27T16:58:27.000Z",45.701965,5.883716,0,2.25,3.75,315,null
"2018-09-27T17:02:30.000Z",45.701965,5.883716,0,0,1.5,315,null
"2018-09-27T17:06:30.000Z",45.701965,5.883716,0.75,1.75,2.5,315,null
"2018-09-27T17:10:30.000Z",45.701965,5.883716,0.25,1,2,315,null
"2018-09-27T17:14:34.000Z",45.701965,5.883716,1.75,3,4.25,315,null
"2018-09-27T17:18:34.000Z",45.701965,5.883716,0.25,3.75,5.5,135,null
"2018-09-27T17:22:34.000Z",45.701965,5.883716,1.5,3.25,5.25,157.5,null
"2018-09-27T17:26:39.000Z",45.701965,5.883716,0,1,2.25,135,null
"2018-09-27T17:30:39.000Z",45.701965,5.883716,1,2.75,4.5,135,null
"2018-09-27T17:34:39.000Z",45.701965,5.883716,2.5,4.5,6.5,135,null
"2018-09-27T17:38:42.000Z",45.701965,5.883716,0,3,6,112.5,null
"2018-09-27T17:42:42.000Z",45.701965,5.883716,2,4.25,6.25,157.5,null
"2018-09-27T17:46:42.000Z",45.701965,5.883716,2,3.75,5.25,112.5,null
"2018-09-27T17:50:47.000Z",45.701965,5.883716,0,1,3.75,112.5,null
"2018-09-27T17:54:47.000Z",45.701965,5.883716,0,0.75,3.25,90,null
"2018-09-27T17:58:47.000Z",45.701965,5.883716,0,0.25,1.75,90,null
"2018-09-27T18:02:50.000Z",45.701965,5.883716,0,0.5,2.75,112.5,null
"2018-09-27T18:06:50.000Z",45.701965,5.883716,0.75,1.75,3.75,112.5,null
"2018-09-27T18:10:50.000Z",45.701965,5.883716,0,1,3.5,112.5,null
"2018-09-27T18:14:55.000Z",45.701965,5.883716,0.25,3,6,90,null
"2018-09-27T18:18:55.000Z",45.701965,5.883716,0.75,3.25,6.25,112.5,null
"2018-09-27T18:22:55.000Z",45.701965,5.883716,0,3.5,7.25,112.5,null
"2018-09-27T18:26:59.000Z",45.701965,5.883716,2,4.75,8,112.5,null
"2018-09-27T18:30:59.000Z",45.701965,5.883716,2.5,5.25,8,112.5,null
"2018-09-27T18:34:59.000Z",45.701965,5.883716,1,4.25,8,112.5,null
"2018-09-27T18:39:03.000Z",45.701965,5.883716,0,3.25,7.75,135,null
"2018-09-27T18:43:03.000Z",45.701965,5.883716,0,3.5,9.75,157.5,null
"2018-09-27T18:47:03.000Z",45.701965,5.883716,0.25,4,9,157.5,null
"2018-09-27T18:51:07.000Z",45.701965,5.883716,0,1.75,5.25,135,null
"2018-09-27T18:55:07.000Z",45.701965,5.883716,0,2.25,7.75,135,null
"2018-09-27T18:59:07.000Z",45.701965,5.883716,1,3.75,8.75,112.5,null
"2018-09-27T19:03:11.000Z",45.701965,5.883716,0,2.75,7,135,null
"2018-09-27T19:07:11.000Z",45.701965,5.883716,0.75,4,7.75,112.5,null
"2018-09-27T19:11:11.000Z",45.701965,5.883716,0,2,5.5,112.5,null
"2018-09-27T19:15:14.000Z",45.701965,5.883716,0.25,3.25,8.25,112.5,null
"2018-09-27T19:19:14.000Z",45.701965,5.883716,0,2,7,135,null
"2018-09-27T19:23:14.000Z",45.701965,5.883716,0.75,3.5,8.25,135,null
"2018-09-27T19:27:19.000Z",45.701965,5.883716,0,3,8.25,157.5,null
"2018-09-27T19:31:19.000Z",45.701965,5.883716,0,2,4.75,135,null
"2018-09-27T19:35:19.000Z",45.701965,5.883716,0,3.5,6.25,157.5,null
"2018-09-27T19:39:23.000Z",45.701965,5.883716,1,5.25,11,157.5,null
"2018-09-27T19:43:23.000Z",45.701965,5.883716,1.75,5.5,10,157.5,null
"2018-09-27T19:47:23.000Z",45.701965,5.883716,1,5.75,11.5,157.5,null
"2018-09-27T19:51:37.000Z",45.701965,5.883716,0.25,5,11,112.5,null
"2018-09-27T19:55:37.000Z",45.701965,5.883716,1,4.75,13,90,null
"2018-09-27T19:59:37.000Z",45.701965,5.883716,1.5,6.25,12,112.5,null
"2018-09-27T20:03:41.000Z",45.701965,5.883716,3.25,8.25,14,90,null
"2018-09-27T20:07:41.000Z",45.701965,5.883716,1.75,6.25,11,90,null
"2018-09-27T20:11:41.000Z",45.701965,5.883716,2.5,6.25,9.75,90,null
"2018-09-27T20:15:45.000Z",45.701965,5.883716,3.25,6.5,9,90,null
"2018-09-27T20:19:45.000Z",45.701965,5.883716,2.75,4,8,90,null
"2018-09-27T20:23:45.000Z",45.701965,5.883716,1.75,3.5,5.5,90,null
"2018-09-27T20:27:50.000Z",45.701965,5.883716,0,0.75,3.25,90,null
"2018-09-27T20:31:50.000Z",45.701965,5.883716,0,0.5,1.5,90,null
"2018-09-27T20:35:50.000Z",45.701965,5.883716,0.75,3.25,4.5,90,null
"2018-09-27T20:39:53.000Z",45.701965,5.883716,3.25,4.5,6.25,90,null
"2018-09-27T20:43:53.000Z",45.701965,5.883716,2.5,4.25,6.25,90,null
"2018-09-27T20:47:53.000Z",45.701965,5.883716,2.75,4.25,6,90,null
"2018-09-27T20:51:57.000Z",45.701965,5.883716,1.75,4.25,6.5,90,null
"2018-09-27T20:55:57.000Z",45.701965,5.883716,3.75,5,7.25,90,null
"2018-09-27T20:59:57.000Z",45.701965,5.883716,2.75,4.25,5.25,90,null
"2018-09-27T21:04:01.000Z",45.701965,5.883716,3.25,4.5,6,90,null
"2018-09-27T21:08:01.000Z",45.701965,5.883716,2,3.75,5.25,90,null
"2018-09-27T21:12:01.000Z",45.701965,5.883716,2,2.75,3.75,90,null
"2018-09-27T21:16:06.000Z",45.701965,5.883716,2.25,3.5,4.5,90,null
"2018-09-27T21:20:06.000Z",45.701965,5.883716,1.75,2.75,3.75,90,null
"2018-09-27T21:24:06.000Z",45.701965,5.883716,1.75,3.5,5.5,90,null
"2018-09-27T21:28:09.000Z",45.701965,5.883716,1,3,6,90,null
"2018-09-27T21:32:09.000Z",45.701965,5.883716,0.75,1.75,4.75,90,null
"2018-09-27T21:36:09.000Z",45.701965,5.883716,1,2,3.75,90,null
"2018-09-27T21:40:13.000Z",45.701965,5.883716,1.5,3.25,6,90,null
"2018-09-27T21:44:13.000Z",45.701965,5.883716,2.5,4,6.25,90,null
"2018-09-27T21:48:13.000Z",45.701965,5.883716,2.5,4.5,6.5,90,null
"2018-09-27T21:52:18.000Z",45.701965,5.883716,1.75,4,7,90,null
"2018-09-27T21:56:18.000Z",45.701965,5.883716,1,2.25,3.5,90,null
"2018-09-27T22:00:18.000Z",45.701965,5.883716,0.75,2.75,5.25,90,null
"2018-09-27T22:04:22.000Z",45.701965,5.883716,0.25,1.75,3.75,90,null
"2018-09-27T22:08:22.000Z",45.701965,5.883716,0.75,2.25,4.5,90,null
"2018-09-27T22:12:22.000Z",45.701965,5.883716,2,4.75,6.5,90,null
"2018-09-27T22:16:26.000Z",45.701965,5.883716,2.5,5,7.25,90,null
"2018-09-27T22:20:26.000Z",45.701965,5.883716,1.75,3.75,7.25,90,null
"2018-09-27T22:24:26.000Z",45.701965,5.883716,3.75,5.25,7.75,90,null
"2018-09-27T22:28:30.000Z",45.701965,5.883716,3.5,5.75,7.25,90,null
"2018-09-27T22:32:30.000Z",45.701965,5.883716,2.75,5.75,8,90,null
"2018-09-27T22:36:30.000Z",45.701965,5.883716,1.75,4,5.25,90,null
"2018-09-27T22:40:34.000Z",45.701965,5.883716,1,2.75,5.25,90,null
"2018-09-27T22:44:34.000Z",45.701965,5.883716,0.75,1.75,3.5,90,null
"2018-09-27T22:48:34.000Z",45.701965,5.883716,1,2.25,3.75,90,null
"2018-09-27T22:52:37.000Z",45.701965,5.883716,2,3.5,5.25,112.5,null
"2018-09-27T22:56:37.000Z",45.701965,5.883716,0.75,2.5,4.75,90,null
"2018-09-27T23:00:37.000Z",45.701965,5.883716,1.75,3.5,6.25,90,null
"2018-09-27T23:04:41.000Z",45.701965,5.883716,0.75,3.5,5.5,90,null
"2018-09-27T23:08:41.000Z",45.701965,5.883716,1.5,3.5,5.25,90,null
"2018-09-27T23:12:41.000Z",45.701965,5.883716,1.75,4.25,6.5,90,null
"2018-09-27T23:16:46.000Z",45.701965,5.883716,1.5,4.25,7.75,90,null
"2018-09-27T23:20:46.000Z",45.701965,5.883716,1.75,4.25,6.5,90,null
"2018-09-27T23:24:46.000Z",45.701965,5.883716,2,4.25,7.25,90,null
"2018-09-27T23:28:50.000Z",45.701965,5.883716,2,4,7.25,90,null
"2018-09-27T23:32:50.000Z",45.701965,5.883716,1,3.5,6,90,null
"2018-09-27T23:36:50.000Z",45.701965,5.883716,2.75,4.25,6,112.5,null
"2018-09-27T23:40:54.000Z",45.701965,5.883716,2,4,6.25,90,null
"2018-09-27T23:44:54.000Z",45.701965,5.883716,2.5,4,6.25,90,null
"2018-09-27T23:48:54.000Z",45.701965,5.883716,2,4.25,5.5,67.5,null
"2018-09-27T23:52:57.000Z",45.701965,5.883716,1,2,3.25,67.5,null
"2018-09-27T23:56:57.000Z",45.701965,5.883716,1,2.25,3.75,67.5,null
"2018-09-28T00:00:57.000Z",45.701965,5.883716,1.75,2.75,3.75,90,null
"2018-09-28T00:05:02.000Z",45.701965,5.883716,2.5,4,5.5,112.5,null
"2018-09-28T00:09:02.000Z",45.701965,5.883716,2.5,5.25,9,90,null
"2018-09-28T00:13:02.000Z",45.701965,5.883716,1.5,4,8.25,90,null
"2018-09-28T00:17:06.000Z",45.701965,5.883716,0.75,2.25,4.5,90,null
"2018-09-28T00:21:06.000Z",45.701965,5.883716,2,3.5,5.25,112.5,null
"2018-09-28T00:25:06.000Z",45.701965,5.883716,1,4.25,6.25,112.5,null
"2018-09-28T00:29:10.000Z",45.701965,5.883716,1.5,3.25,6,135,null
"2018-09-28T00:33:10.000Z",45.701965,5.883716,0,1.5,3.5,112.5,null
"2018-09-28T00:37:10.000Z",45.701965,5.883716,0.25,2,4.25,112.5,null
"2018-09-28T00:41:14.000Z",45.701965,5.883716,0.75,2.25,4.75,112.5,null
"2018-09-28T00:45:14.000Z",45.701965,5.883716,1.5,4,7,112.5,null
"2018-09-28T00:49:14.000Z",45.701965,5.883716,3.25,4.25,5.5,112.5,null
"2018-09-28T00:53:19.000Z",45.701965,5.883716,1,2.75,5.5,112.5,null
"2018-09-28T00:57:19.000Z",45.701965,5.883716,0.25,2.5,4.75,112.5,null
"2018-09-28T01:01:19.000Z",45.701965,5.883716,2.5,5.75,8.75,112.5,null
"2018-09-28T01:05:22.000Z",45.701965,5.883716,4.5,6.5,9,112.5,null
"2018-09-28T01:09:22.000Z",45.701965,5.883716,1.75,4.5,7.25,112.5,null
"2018-09-28T01:13:22.000Z",45.701965,5.883716,2.5,5,7.25,112.5,null
"2018-09-28T01:17:26.000Z",45.701965,5.883716,2.5,4.5,7.25,112.5,null
"2018-09-28T01:21:26.000Z",45.701965,5.883716,1.5,3.25,7.25,112.5,null
"2018-09-28T01:25:26.000Z",45.701965,5.883716,1.5,4,6.5,112.5,null
"2018-09-28T01:29:31.000Z",45.701965,5.883716,2.75,4.5,7.25,112.5,null
"2018-09-28T01:33:31.000Z",45.701965,5.883716,2.5,4,7,90,null
"2018-09-28T01:37:31.000Z",45.701965,5.883716,2.75,4.25,6,112.5,null
"2018-09-28T01:41:35.000Z",45.701965,5.883716,1.5,5,7.75,112.5,null
"2018-09-28T01:45:35.000Z",45.701965,5.883716,1,3.5,7,112.5,null
"2018-09-28T01:49:35.000Z",45.701965,5.883716,2.75,4.75,7.25,112.5,null
"2018-09-28T01:53:38.000Z",45.701965,5.883716,1.5,4,5.5,112.5,null
"2018-09-28T01:57:38.000Z",45.701965,5.883716,1.75,4,7.75,112.5,null
"2018-09-28T02:01:38.000Z",45.701965,5.883716,1.75,4.25,6,112.5,null
"2018-09-28T02:05:42.000Z",45.701965,5.883716,3.5,5.5,7.75,112.5,null
"2018-09-28T02:09:42.000Z",45.701965,5.883716,3.25,5.5,7.75,112.5,null
"2018-09-28T02:13:42.000Z",45.701965,5.883716,2,4.25,6.25,112.5,null
"2018-09-28T02:17:47.000Z",45.701965,5.883716,1,3.25,6.5,112.5,null
"2018-09-28T02:21:47.000Z",45.701965,5.883716,1.5,4,7.25,90,null
"2018-09-28T02:25:47.000Z",45.701965,5.883716,2.75,5,8.75,112.5,null
"2018-09-28T02:29:50.000Z",45.701965,5.883716,2,4.5,8.25,112.5,null
"2018-09-28T02:33:50.000Z",45.701965,5.883716,1.5,3.5,6,112.5,null
"2018-09-28T02:37:50.000Z",45.701965,5.883716,1,3.75,7.25,90,null
"2018-09-28T02:41:55.000Z",45.701965,5.883716,0.25,2.75,5.5,90,null
"2018-09-28T02:45:55.000Z",45.701965,5.883716,2.5,4,6,112.5,null
"2018-09-28T02:49:55.000Z",45.701965,5.883716,0.75,3,5.5,112.5,null
"2018-09-28T02:53:58.000Z",45.701965,5.883716,2,5.25,7.75,112.5,null
"2018-09-28T02:57:58.000Z",45.701965,5.883716,1,3.5,6.5,112.5,null
"2018-09-28T03:01:58.000Z",45.701965,5.883716,1.75,3.75,6.5,112.5,null
"2018-09-28T03:06:02.000Z",45.701965,5.883716,2.75,5,7,112.5,null
"2018-09-28T03:10:02.000Z",45.701965,5.883716,2.5,5,7.75,112.5,null
"2018-09-28T03:14:02.000Z",45.701965,5.883716,2.75,4.75,7.75,90,null
"2018-09-28T03:18:07.000Z",45.701965,5.883716,1.75,4.25,6.25,112.5,null
"2018-09-28T03:22:07.000Z",45.701965,5.883716,1.75,4.5,8.25,90,null
"2018-09-28T03:26:07.000Z",45.701965,5.883716,2.5,5.5,8,90,null
"2018-09-28T03:30:11.000Z",45.701965,5.883716,2.75,4.25,6.75,90,null
"2018-09-28T03:34:11.000Z",45.701965,5.883716,3.25,5.5,7.75,112.5,null
"2018-09-28T03:38:11.000Z",45.701965,5.883716,2.75,5.25,8.75,112.5,null
"2018-09-28T03:42:15.000Z",45.701965,5.883716,1.75,4.25,6.5,112.5,null
"2018-09-28T03:46:15.000Z",45.701965,5.883716,1,3.5,5.25,112.5,null
"2018-09-28T03:50:15.000Z",45.701965,5.883716,2.75,5.75,8.75,112.5,null
"2018-09-28T03:54:19.000Z",45.701965,5.883716,2,5.5,8.75,112.5,null
"2018-09-28T03:58:19.000Z",45.701965,5.883716,2.75,4.75,7,112.5,null
"2018-09-28T04:02:19.000Z",45.701965,5.883716,2,4,6.5,112.5,null
"2018-09-28T04:06:23.000Z",45.701965,5.883716,1.75,4.25,7.25,112.5,null
"2018-09-28T04:10:23.000Z",45.701965,5.883716,2.5,4.25,6.5,112.5,null
"2018-09-28T04:14:23.000Z",45.701965,5.883716,1.5,3.25,5.5,112.5,null
"2018-09-28T04:18:27.000Z",45.701965,5.883716,1.75,4.75,7,90,null
"2018-09-28T04:22:27.000Z",45.701965,5.883716,1,3,5.5,90,null
"2018-09-28T04:26:27.000Z",45.701965,5.883716,0.75,2.5,4.75,90,null
"2018-09-28T04:30:31.000Z",45.701965,5.883716,3.25,4.5,6.25,90,null
"2018-09-28T04:34:31.000Z",45.701965,5.883716,2.5,4.25,7,112.5,null
"2018-09-28T04:38:31.000Z",45.701965,5.883716,1.5,3.75,6,112.5,null
"2018-09-28T04:42:35.000Z",45.701965,5.883716,1,2.75,4.25,112.5,null
"2018-09-28T04:46:35.000Z",45.701965,5.883716,0.25,3,6.5,112.5,null
"2018-09-28T04:50:35.000Z",45.701965,5.883716,1.75,3.75,6.25,90,null
"2018-09-28T04:54:39.000Z",45.701965,5.883716,1.75,3.75,5.5,90,null
"2018-09-28T04:58:39.000Z",45.701965,5.883716,2.5,5,8,112.5,null
"2018-09-28T05:02:39.000Z",45.701965,5.883716,1.5,5,9.5,90,null
"2018-09-28T05:06:44.000Z",45.701965,5.883716,4.75,7.25,10.5,90,null
"2018-09-28T05:10:44.000Z",45.701965,5.883716,1,6.25,10.5,90,null
"2018-09-28T05:14:44.000Z",45.701965,5.883716,1.75,6,10,90,null
"2018-09-28T05:18:47.000Z",45.701965,5.883716,2,6.25,9.5,90,null
"2018-09-28T05:22:47.000Z",45.701965,5.883716,3.5,8,12,90,null
"2018-09-28T05:26:47.000Z",45.701965,5.883716,2.75,6.25,10.5,90,null
"2018-09-28T05:30:51.000Z",45.701965,5.883716,2.75,6,10,90,null
"2018-09-28T05:34:51.000Z",45.701965,5.883716,1.5,5.25,9.75,90,null
"2018-09-28T05:38:51.000Z",45.701965,5.883716,3.25,6,9.5,90,null
"2018-09-28T05:42:55.000Z",45.701965,5.883716,0.75,5,9.5,90,null
"2018-09-28T05:46:55.000Z",45.701965,5.883716,3.25,5.5,8.25,90,null
"2018-09-28T05:50:55.000Z",45.701965,5.883716,1.75,5.25,8,112.5,null
"2018-09-28T05:54:59.000Z",45.701965,5.883716,3.25,5.75,9.5,112.5,null
"2018-09-28T05:58:59.000Z",45.701965,5.883716,2,5.75,10.5,112.5,null
"2018-09-28T06:02:59.000Z",45.701965,5.883716,2,5.75,9.5,90,null
"2018-09-28T06:07:04.000Z",45.701965,5.883716,3.5,7,11.5,90,null
"2018-09-28T06:11:04.000Z",45.701965,5.883716,2,7.25,13,90,null
"2018-09-28T06:15:04.000Z",45.701965,5.883716,2,5.5,10.5,90,null
"2018-09-28T06:19:08.000Z",45.701965,5.883716,1,4.5,8,112.5,null
"2018-09-28T06:23:08.000Z",45.701965,5.883716,0.75,4.25,8.75,112.5,null
"2018-09-28T06:27:08.000Z",45.701965,5.883716,0.25,4.25,9.5,112.5,null
"2018-09-28T06:31:12.000Z",45.701965,5.883716,1,3.5,8,135,null
"2018-09-28T06:35:12.000Z",45.701965,5.883716,1.5,5.75,10,112.5,null
"2018-09-28T06:39:12.000Z",45.701965,5.883716,1.75,4.75,11,112.5,null
"2018-09-28T06:43:16.000Z",45.701965,5.883716,2.5,5.25,9.75,112.5,null
"2018-09-28T06:47:16.000Z",45.701965,5.883716,1.75,5.75,9.75,112.5,null
"2018-09-28T06:51:16.000Z",45.701965,5.883716,2,7,12,90,null
"2018-09-28T06:55:19.000Z",45.701965,5.883716,1.5,5.5,9.75,90,null
"2018-09-28T06:59:19.000Z",45.701965,5.883716,0.25,4.5,9,90,null
"2018-09-28T07:03:19.000Z",45.701965,5.883716,0,4,9.5,112.5,null
"2018-09-28T07:07:24.000Z",45.701965,5.883716,1,5,10.5,112.5,null
"2018-09-28T07:11:24.000Z",45.701965,5.883716,0,2,7.75,157.5,null
"2018-09-28T07:15:24.000Z",45.701965,5.883716,3.5,8,12.5,180,null
"2018-09-28T07:19:27.000Z",45.701965,5.883716,3.75,7.75,13,180,null
"2018-09-28T07:23:27.000Z",45.701965,5.883716,2.5,7.5,11,180,null
"2018-09-28T07:27:27.000Z",45.701965,5.883716,1.5,8.5,14,180,null
"2018-09-28T07:31:32.000Z",45.701965,5.883716,3.75,10.5,15.5,180,null
"2018-09-28T07:35:32.000Z",45.701965,5.883716,1.75,9.5,15,157.5,null
"2018-09-28T07:39:32.000Z",45.701965,5.883716,3.25,9.75,14,157.5,null
"2018-09-28T07:43:36.000Z",45.701965,5.883716,4.75,9.25,15,180,null
"2018-09-28T07:47:36.000Z",45.701965,5.883716,3.25,7.5,12.5,157.5,null
"2018-09-28T07:51:36.000Z",45.701965,5.883716,3.5,8.5,14.5,180,null
"2018-09-28T07:55:40.000Z",45.701965,5.883716,5.25,9.25,13,180,null
"2018-09-28T07:59:40.000Z",45.701965,5.883716,6.5,11,15.5,180,null
"2018-09-28T08:03:40.000Z",45.701965,5.883716,4.25,10.5,15,180,null
"2018-09-28T08:07:43.000Z",45.701965,5.883716,4.75,9.5,13,180,null
"2018-09-28T08:11:43.000Z",45.701965,5.883716,2.5,8.75,12.5,180,null
"2018-09-28T08:15:43.000Z",45.701965,5.883716,0.75,8.5,12,202.5,null
"2018-09-28T08:19:47.000Z",45.701965,5.883716,5.25,8.5,10.5,180,null
"2018-09-28T08:23:47.000Z",45.701965,5.883716,2.75,8.25,10.5,202.5,null
"2018-09-28T08:27:47.000Z",45.701965,5.883716,0.75,6.75,9.75,180,null
"2018-09-28T08:31:52.000Z",45.701965,5.883716,5.5,8.75,11,202.5,null
"2018-09-28T08:35:52.000Z",45.701965,5.883716,6,8.5,11,202.5,null
"2018-09-28T08:39:52.000Z",45.701965,5.883716,4.5,8,10,202.5,null
"2018-09-28T08:43:56.000Z",45.701965,5.883716,4.25,8.25,10.5,202.5,null
"2018-09-28T08:47:56.000Z",45.701965,5.883716,4.5,8,10,202.5,null
"2018-09-28T08:51:56.000Z",45.701965,5.883716,6.25,8.75,11,202.5,null
"2018-09-28T08:56:00.000Z",45.701965,5.883716,6,9,11,202.5,null
"2018-09-28T09:00:00.000Z",45.701965,5.883716,6,9.25,11.5,202.5,null
"2018-09-28T09:04:00.000Z",45.701965,5.883716,4.25,9,11,202.5,null
"2018-09-28T09:08:04.000Z",45.701965,5.883716,3.25,7.75,10,202.5,null
"2018-09-28T09:12:04.000Z",45.701965,5.883716,4.75,8.75,10.5,202.5,null
"2018-09-28T09:16:04.000Z",45.701965,5.883716,3.25,8.5,10.5,202.5,null
"2018-09-28T09:20:08.000Z",45.701965,5.883716,6,8.25,10.5,202.5,null
"2018-09-28T09:24:08.000Z",45.701965,5.883716,6.5,9,11,202.5,null
"2018-09-28T09:28:08.000Z",45.701965,5.883716,7.75,9.75,11,202.5,null
"2018-09-28T09:32:13.000Z",45.701965,5.883716,8,10.5,12.5,202.5,null
"2018-09-28T09:36:13.000Z",45.701965,5.883716,6.5,9.25,11,202.5,null
"2018-09-28T09:40:13.000Z",45.701965,5.883716,5.25,8,9.5,202.5,null
"2018-09-28T09:44:16.000Z",45.701965,5.883716,7.75,8.75,9.75,225,null
"2018-09-28T09:48:16.000Z",45.701965,5.883716,7.25,8.5,9.75,225,null
"2018-09-28T09:52:16.000Z",45.701965,5.883716,4.75,6.75,8.25,225,null
"2018-09-28T09:56:21.000Z",45.701965,5.883716,2.75,5.5,7,225,null
"2018-09-28T10:00:21.000Z",45.701965,5.883716,2,3.5,5.25,225,null
"2018-09-28T10:04:21.000Z",45.701965,5.883716,0,3.5,5.25,202.5,null
"2018-09-28T10:08:24.000Z",45.701965,5.883716,0.25,3.25,5.25,180,null
"2018-09-28T10:12:24.000Z",45.701965,5.883716,0.25,3.25,5.5,180,null
"2018-09-28T10:16:24.000Z",45.701965,5.883716,0,3,5.5,180,null
"2018-09-28T10:20:29.000Z",45.701965,5.883716,2.5,3.75,6,180,null
"2018-09-28T10:24:29.000Z",45.701965,5.883716,0.25,3.25,6.5,180,null
"2018-09-28T10:28:29.000Z",45.701965,5.883716,1.75,3.25,5.25,180,null
"2018-09-28T10:32:33.000Z",45.701965,5.883716,0.25,3,5.25,202.5,null
"2018-09-28T10:36:33.000Z",45.701965,5.883716,0.25,1.5,2.75,202.5,null
"2018-09-28T10:40:33.000Z",45.701965,5.883716,0,0.75,2,202.5,null
"2018-09-28T10:44:37.000Z",45.701965,5.883716,0,1.25,2.5,202.5,null
"2018-09-28T10:48:37.000Z",45.701965,5.883716,0,0.5,1.5,225,null
"2018-09-28T10:52:37.000Z",45.701965,5.883716,0,0.5,1.75,202.5,null
"2018-09-28T10:56:40.000Z",45.701965,5.883716,0,1.25,2,225,null
"2018-09-28T11:00:40.000Z",45.701965,5.883716,0.25,1.25,2,247.5,null
"2018-09-28T11:04:40.000Z",45.701965,5.883716,0,0.25,2,247.5,null
"2018-09-28T11:08:44.000Z",45.701965,5.883716,0,3,8.75,337.5,null
"2018-09-28T11:12:44.000Z",45.701965,5.883716,4.5,6.5,7.75,0,null
"2018-09-28T11:16:44.000Z",45.701965,5.883716,4.75,6.25,8,0,null
"2018-09-28T11:20:49.000Z",45.701965,5.883716,6.25,7.25,8.75,0,null
"2018-09-28T11:24:49.000Z",45.701965,5.883716,6.25,7.5,8.75,0,null
"2018-09-28T11:28:49.000Z",45.701965,5.883716,7,8.75,11,337.5,null
"2018-09-28T11:32:53.000Z",45.701965,5.883716,8.25,10,12,337.5,null
"2018-09-28T11:36:53.000Z",45.701965,5.883716,7.75,10,13,337.5,null
"2018-09-28T11:40:53.000Z",45.701965,5.883716,8,9.75,11,337.5,null
"2018-09-28T11:44:57.000Z",45.701965,5.883716,8.25,10.5,12,337.5,null
"2018-09-28T11:48:57.000Z",45.701965,5.883716,8,10,11.5,337.5,null
"2018-09-28T11:52:57.000Z",45.701965,5.883716,8.25,10,12,337.5,null
"2018-09-28T11:57:01.000Z",45.701965,5.883716,9,11.5,13.5,337.5,null
"2018-09-28T12:01:01.000Z",45.701965,5.883716,10.5,13.5,15.5,337.5,null
"2018-09-28T12:05:01.000Z",45.701965,5.883716,11,13.5,15.5,337.5,null
"2018-09-28T12:09:05.000Z",45.701965,5.883716,10.5,12.5,14.5,337.5,null
"2018-09-28T12:13:05.000Z",45.701965,5.883716,11,13.5,16,337.5,null
"2018-09-28T12:17:05.000Z",45.701965,5.883716,9.5,11.5,14.5,337.5,null
"2018-09-28T12:21:09.000Z",45.701965,5.883716,9,11,13,0,null
"2018-09-28T12:25:09.000Z",45.701965,5.883716,8,10,13.5,337.5,null
"2018-09-28T12:29:09.000Z",45.701965,5.883716,9,11,12,337.5,null
"2018-09-28T12:33:13.000Z",45.701965,5.883716,8.25,10.5,12,337.5,null
"2018-09-28T12:37:13.000Z",45.701965,5.883716,8.75,12,14.5,337.5,null
"2018-09-28T12:41:13.000Z",45.701965,5.883716,6,7.75,11,337.5,null
"2018-09-28T12:45:17.000Z",45.701965,5.883716,4.25,6,9,0,null
"2018-09-28T12:49:17.000Z",45.701965,5.883716,7.25,9.75,11,337.5,null
"2018-09-28T12:53:17.000Z",45.701965,5.883716,6.5,8.75,11,315,null
"2018-09-28T12:57:21.000Z",45.701965,5.883716,7.75,11,12.5,337.5,null
"2018-09-28T13:01:21.000Z",45.701965,5.883716,8,10,12,337.5,null
"2018-09-28T13:05:21.000Z",45.701965,5.883716,9.75,11.5,13,337.5,null
"2018-09-28T13:09:25.000Z",45.701965,5.883716,9.75,11.5,13,337.5,null
"2018-09-28T13:13:25.000Z",45.701965,5.883716,9.75,11.5,13.5,337.5,null
"2018-09-28T13:17:25.000Z",45.701965,5.883716,8.25,10.5,11,337.5,null
"2018-09-28T13:21:29.000Z",45.701965,5.883716,9,11,12.5,337.5,null
"2018-09-28T13:25:29.000Z",45.701965,5.883716,9.75,12,13.5,337.5,null
"2018-09-28T13:29:29.000Z",45.701965,5.883716,11,12,13,337.5,null
"2018-09-28T13:33:33.000Z",45.701965,5.883716,11,12.5,13,337.5,null
"2018-09-28T13:37:33.000Z",45.701965,5.883716,10.5,11.5,12,337.5,null
"2018-09-28T13:41:33.000Z",45.701965,5.883716,9.5,10.5,11.5,337.5,null
"2018-09-28T13:45:37.000Z",45.701965,5.883716,9.5,11,12,337.5,null
"2018-09-28T13:49:37.000Z",45.701965,5.883716,9.5,11,12,337.5,null
"2018-09-28T13:53:37.000Z",45.701965,5.883716,9.75,10.5,11,337.5,null
"2018-09-28T13:57:41.000Z",45.701965,5.883716,8,9.5,10,337.5,null
"2018-09-28T14:01:41.000Z",45.701965,5.883716,6.25,8.25,9.75,337.5,null
"2018-09-28T14:05:41.000Z",45.701965,5.883716,6,7.5,9,315,null
"2018-09-28T14:09:45.000Z",45.701965,5.883716,5.25,6.75,8,315,null
"2018-09-28T14:13:45.000Z",45.701965,5.883716,5.5,6,6.5,337.5,null
"2018-09-28T14:17:45.000Z",45.701965,5.883716,6,7.25,7.75,337.5,null
"2018-09-28T14:21:49.000Z",45.701965,5.883716,6,6.75,7.25,337.5,null
"2018-09-28T14:25:49.000Z",45.701965,5.883716,1.75,3.5,6.25,337.5,null
"2018-09-28T14:29:49.000Z",45.701965,5.883716,3.25,3.75,4.75,337.5,null
"2018-09-28T14:33:53.000Z",45.701965,5.883716,2.75,3.5,4.25,337.5,null
"2018-09-28T14:37:53.000Z",45.701965,5.883716,1.5,2.75,4.25,337.5,null
"2018-09-28T14:41:53.000Z",45.701965,5.883716,0,0.5,3.75,337.5,null
"2018-09-28T14:45:58.000Z",45.701965,5.883716,1.75,3,4.75,337.5,null
"2018-09-28T14:49:58.000Z",45.701965,5.883716,2,4.75,8,315,null
"2018-09-28T14:53:58.000Z",45.701965,5.883716,6.25,8.25,11,337.5,null
"2018-09-28T14:58:01.000Z",45.701965,5.883716,4.75,6.75,9,337.5,null
"2018-09-28T15:02:01.000Z",45.701965,5.883716,4.25,5,6,337.5,null
"2018-09-28T15:06:01.000Z",45.701965,5.883716,3.75,5,6.5,337.5,null
"2018-09-28T15:10:06.000Z",45.701965,5.883716,5.5,7,8.75,315,null
"2018-09-28T15:14:06.000Z",45.701965,5.883716,6.25,7,8,315,null
"2018-09-28T15:18:06.000Z",45.701965,5.883716,4.75,6.5,7.75,315,null
"2018-09-28T15:22:10.000Z",45.701965,5.883716,2.75,5.5,7.25,315,null
"2018-09-28T15:26:10.000Z",45.701965,5.883716,1.75,2.5,3.25,315,null
"2018-09-28T15:30:10.000Z",45.701965,5.883716,1,2.25,3.25,315,null
"2018-09-28T15:34:14.000Z",45.701965,5.883716,0.5,3.25,4.5,315,null
"2018-09-28T15:38:14.000Z",45.701965,5.883716,3.25,4,4.75,315,null
"2018-09-28T15:42:14.000Z",45.701965,5.883716,1.75,3.25,4.25,315,null
"2018-09-28T15:46:18.000Z",45.701965,5.883716,0.25,1.25,2,315,null
"2018-09-28T15:50:18.000Z",45.701965,5.883716,1,1.75,2.75,315,null
"2018-09-28T15:54:18.000Z",45.701965,5.883716,2.5,3,3.75,337.5,null
"2018-09-28T15:58:22.000Z",45.701965,5.883716,2.5,3.25,5.25,337.5,null
"2018-09-28T16:02:22.000Z",45.701965,5.883716,3.75,4.5,4.75,337.5,null
"2018-09-28T16:06:22.000Z",45.701965,5.883716,4.5,5.75,7,337.5,null
"2018-09-28T16:10:26.000Z",45.701965,5.883716,5.5,6.5,7.75,337.5,null
"2018-09-28T16:14:26.000Z",45.701965,5.883716,3.75,4.75,6,337.5,null
"2018-09-28T16:18:26.000Z",45.701965,5.883716,1.5,3.5,4.5,337.5,null
"2018-09-28T16:22:30.000Z",45.701965,5.883716,1.25,2.5,3.75,337.5,null
"2018-09-28T16:26:30.000Z",45.701965,5.883716,1.5,4.75,6,22.5,null
"2018-09-28T16:30:30.000Z",45.701965,5.883716,3.75,5.5,7.25,0,null
"2018-09-28T16:34:34.000Z",45.701965,5.883716,2,4,6.75,0,null
"2018-09-28T16:38:34.000Z",45.701965,5.883716,2.75,4.75,7,22.5,null
"2018-09-28T16:42:34.000Z",45.701965,5.883716,2.75,5,7.25,22.5,null
"2018-09-28T16:46:38.000Z",45.701965,5.883716,2.75,4.75,6.5,22.5,null
"2018-09-28T16:50:38.000Z",45.701965,5.883716,3.25,6.25,8.75,0,null
"2018-09-28T16:54:38.000Z",45.701965,5.883716,3.75,6,8.75,0,null
"2018-09-28T16:58:42.000Z",45.701965,5.883716,2.5,5.25,8,22.5,null
"2018-09-28T17:02:42.000Z",45.701965,5.883716,2,4.75,7,22.5,null
"2018-09-28T17:06:42.000Z",45.701965,5.883716,4.25,10.5,19,337.5,null
"2018-09-28T17:10:46.000Z",45.701965,5.883716,15,19,25,337.5,null
"2018-09-28T17:14:46.000Z",45.701965,5.883716,14.5,19,23.5,337.5,null
"2018-09-28T17:18:46.000Z",45.701965,5.883716,18.5,23,28,337.5,null
"2018-09-28T17:22:50.000Z",45.701965,5.883716,21,26,30.5,337.5,null
"2018-09-28T17:26:50.000Z",45.701965,5.883716,16.5,21,28,337.5,null
"2018-09-28T17:30:50.000Z",45.701965,5.883716,14,19,24,337.5,null
"2018-09-28T17:34:54.000Z",45.701965,5.883716,13.5,17.5,23.5,337.5,null
"2018-09-28T17:38:54.000Z",45.701965,5.883716,13.5,19,23,337.5,null
"2018-09-28T17:42:54.000Z",45.701965,5.883716,14.5,20.5,24,337.5,null
"2018-09-28T17:46:58.000Z",45.701965,5.883716,14,20,28,337.5,null
"2018-09-28T17:50:58.000Z",45.701965,5.883716,14.5,20,27.5,337.5,null
"2018-09-28T17:54:58.000Z",45.701965,5.883716,15,20,27,337.5,null
"2018-09-28T17:59:02.000Z",45.701965,5.883716,15,21,27.5,337.5,null
"2018-09-28T18:03:02.000Z",45.701965,5.883716,12.5,18,24.5,337.5,null
"2018-09-28T18:07:02.000Z",45.701965,5.883716,11,17.5,21.5,337.5,null
"2018-09-28T18:11:07.000Z",45.701965,5.883716,13,19,25.5,337.5,null
"2018-09-28T18:15:07.000Z",45.701965,5.883716,11,16,23,337.5,null
"2018-09-28T18:19:07.000Z",45.701965,5.883716,10.5,17.5,24,337.5,null
"2018-09-28T18:23:10.000Z",45.701965,5.883716,4.5,12,18,0,null
"2018-09-28T18:27:10.000Z",45.701965,5.883716,2,5.75,12.5,22.5,null
"2018-09-28T18:31:10.000Z",45.701965,5.883716,1.75,3.75,6.5,22.5,null
"2018-09-28T18:35:14.000Z",45.701965,5.883716,0,3,6,22.5,null
"2018-09-28T18:39:14.000Z",45.701965,5.883716,0,1.75,7,45,null
"2018-09-28T18:43:14.000Z",45.701965,5.883716,0,3,11,22.5,null
"2018-09-28T18:47:19.000Z",45.701965,5.883716,1.75,6.5,13.5,22.5,null
"2018-09-28T18:51:19.000Z",45.701965,5.883716,2.75,6,8.75,67.5,null
"2018-09-28T18:55:19.000Z",45.701965,5.883716,3.25,5,6.5,45,null
"2018-09-28T18:59:23.000Z",45.701965,5.883716,2,4.25,7.25,67.5,null
"2018-09-28T19:03:23.000Z",45.701965,5.883716,2.75,5.25,7.75,67.5,null
"2018-09-28T19:07:23.000Z",45.701965,5.883716,4.5,8.25,12,90,null
"2018-09-28T19:11:26.000Z",45.701965,5.883716,1.75,5.75,8.25,67.5,null
"2018-09-28T19:15:26.000Z",45.701965,5.883716,2,6.75,11,67.5,null
"2018-09-28T19:19:26.000Z",45.701965,5.883716,3.25,6.5,14.5,90,null
"2018-09-28T19:23:30.000Z",45.701965,5.883716,0.25,5.25,9,45,null
"2018-09-28T19:27:30.000Z",45.701965,5.883716,0.75,5.5,11,67.5,null
"2018-09-28T19:31:30.000Z",45.701965,5.883716,2.5,5,9,45,null
"2018-09-28T19:35:34.000Z",45.701965,5.883716,0,4,9,90,null
"2018-09-28T19:39:34.000Z",45.701965,5.883716,1,4,7.75,67.5,null
"2018-09-28T19:43:34.000Z",45.701965,5.883716,0.75,3,7.75,22.5,null
"2018-09-28T19:48:26.000Z",45.701965,5.883716,0.25,2.75,6.25,45,null
"2018-09-28T19:52:26.000Z",45.701965,5.883716,3.5,6.75,13,67.5,null
"2018-09-28T19:56:26.000Z",45.701965,5.883716,6.25,9.25,12.5,67.5,null
"2018-09-28T20:00:30.000Z",45.701965,5.883716,0.75,5.25,10,45,null
"2018-09-28T20:04:30.000Z",45.701965,5.883716,4.25,8,13,67.5,null
"2018-09-28T20:08:30.000Z",45.701965,5.883716,5.25,10,16.5,45,null
"2018-09-28T20:12:34.000Z",45.701965,5.883716,4.5,9,20,45,null
"2018-09-28T20:16:34.000Z",45.701965,5.883716,1,9,14,45,null
"2018-09-28T20:20:34.000Z",45.701965,5.883716,3.75,8.5,14.5,45,null
"2018-09-28T20:24:39.000Z",45.701965,5.883716,3.75,8,14,45,null
"2018-09-28T20:28:39.000Z",45.701965,5.883716,1.5,5.5,10.5,45,null
"2018-09-28T20:32:39.000Z",45.701965,5.883716,2.5,4.75,7.25,67.5,null
"2018-09-28T20:36:42.000Z",45.701965,5.883716,1,5.25,13,67.5,null
"2018-09-28T20:40:42.000Z",45.701965,5.883716,4.5,6.75,9.5,67.5,null
"2018-09-28T20:44:42.000Z",45.701965,5.883716,3.5,8.75,12.5,67.5,null
"2018-09-28T20:48:47.000Z",45.701965,5.883716,0,9.25,15.5,67.5,null
"2018-09-28T20:52:47.000Z",45.701965,5.883716,6.5,9.75,14.5,67.5,null
"2018-09-28T20:56:47.000Z",45.701965,5.883716,5.5,8.75,11.5,67.5,null
"2018-09-28T21:00:51.000Z",45.701965,5.883716,2.5,7.75,14,67.5,null
"2018-09-28T21:04:51.000Z",45.701965,5.883716,1.75,5,9,67.5,null
"2018-09-28T21:08:51.000Z",45.701965,5.883716,3.25,4.75,7.25,67.5,null
"2018-09-28T21:12:55.000Z",45.701965,5.883716,3.25,7.75,13,67.5,null
"2018-09-28T21:16:55.000Z",45.701965,5.883716,6.25,10,16.5,67.5,null
"2018-09-28T21:20:55.000Z",45.701965,5.883716,4.25,7.75,13,45,null
"2018-09-28T21:24:58.000Z",45.701965,5.883716,4.25,6.75,11,45,null
"2018-09-28T21:28:58.000Z",45.701965,5.883716,5.25,10,15,67.5,null
"2018-09-28T21:32:58.000Z",45.701965,5.883716,4.25,9.5,13.5,67.5,null
"2018-09-28T21:37:03.000Z",45.701965,5.883716,4.5,8.25,12.5,45,null
"2018-09-28T21:41:03.000Z",45.701965,5.883716,5.25,7.5,10.5,67.5,null
"2018-09-28T21:45:03.000Z",45.701965,5.883716,3.75,7.25,11,45,null
"2018-09-28T21:49:07.000Z",45.701965,5.883716,2.75,7.5,12,45,null
"2018-09-28T21:53:07.000Z",45.701965,5.883716,3.25,6.25,9.75,67.5,null
"2018-09-28T21:57:07.000Z",45.701965,5.883716,4.75,7.5,11.5,67.5,null
"2018-09-28T22:01:12.000Z",45.701965,5.883716,4.75,8,11,67.5,null
"2018-09-28T22:05:12.000Z",45.701965,5.883716,3.25,6.5,9.75,67.5,null
"2018-09-28T22:09:12.000Z",45.701965,5.883716,4.75,7,10.5,67.5,null
"2018-09-28T22:13:15.000Z",45.701965,5.883716,3.5,6,11,45,null
"2018-09-28T22:17:15.000Z",45.701965,5.883716,1.5,5.5,10,45,null
"2018-09-28T22:21:15.000Z",45.701965,5.883716,3.75,7.75,14.5,67.5,null
"2018-09-28T22:25:20.000Z",45.701965,5.883716,4.25,8.5,13,45,null
"2018-09-28T22:29:20.000Z",45.701965,5.883716,3.25,7.25,12,45,null
"2018-09-28T22:33:20.000Z",45.701965,5.883716,2.5,5.75,12,22.5,null
"2018-09-28T22:37:23.000Z",45.701965,5.883716,3.5,8.5,14,22.5,null
"2018-09-28T22:41:23.000Z",45.701965,5.883716,2,6.75,15.5,45,null
"2018-09-28T22:45:23.000Z",45.701965,5.883716,3.25,10.5,15.5,45,null
"2018-09-28T22:49:27.000Z",45.701965,5.883716,4.25,9.25,14.5,22.5,null
"2018-09-28T22:53:27.000Z",45.701965,5.883716,4.5,9.75,17.5,0,null
"2018-09-28T22:57:27.000Z",45.701965,5.883716,5.25,9.5,14,0,null
"2018-09-28T23:01:31.000Z",45.701965,5.883716,4.75,8.75,14.5,45,null
"2018-09-28T23:05:31.000Z",45.701965,5.883716,4.75,8.75,15,45,null
"2018-09-28T23:09:31.000Z",45.701965,5.883716,1.5,8,19,22.5,null
"2018-09-28T23:13:35.000Z",45.701965,5.883716,4.25,9.75,15.5,22.5,null
"2018-09-28T23:17:35.000Z",45.701965,5.883716,4.75,9,15.5,45,null
"2018-09-28T23:21:35.000Z",45.701965,5.883716,8.75,13.5,22.5,0,null
"2018-09-28T23:25:40.000Z",45.701965,5.883716,10.5,15,23.5,22.5,null
"2018-09-28T23:29:40.000Z",45.701965,5.883716,4.75,9.75,15.5,22.5,null
"2018-09-28T23:33:40.000Z",45.701965,5.883716,2,12.5,22.5,22.5,null
"2018-09-28T23:37:43.000Z",45.701965,5.883716,2.5,9.5,21.5,22.5,null
"2018-09-28T23:41:43.000Z",45.701965,5.883716,4.5,8.75,12,67.5,null
"2018-09-28T23:45:43.000Z",45.701965,5.883716,4.5,9.75,22.5,22.5,null
"2018-09-28T23:49:47.000Z",45.701965,5.883716,2,8,18,22.5,null
"2018-09-28T23:53:47.000Z",45.701965,5.883716,5.5,14,26,22.5,null
"2018-09-28T23:57:47.000Z",45.701965,5.883716,4.5,13,26.5,22.5,null
"2018-09-29T00:01:51.000Z",45.701965,5.883716,6.25,17.5,28,0,null
"2018-09-29T00:05:51.000Z",45.701965,5.883716,8,16.5,27,0,null
"2018-09-29T00:09:51.000Z",45.701965,5.883716,6.25,18,24.5,0,null
"2018-09-29T00:13:55.000Z",45.701965,5.883716,7.25,14.5,28,22.5,null
"2018-09-29T00:17:55.000Z",45.701965,5.883716,8,15.5,26.5,0,null
"2018-09-29T00:21:55.000Z",45.701965,5.883716,16.5,23,31,0,null
"2018-09-29T00:25:59.000Z",45.701965,5.883716,8.25,14,17.5,0,null
"2018-09-29T00:29:59.000Z",45.701965,5.883716,13,18,23.5,0,null
"2018-09-29T00:33:59.000Z",45.701965,5.883716,8.75,17.5,26,0,null
"2018-09-29T00:38:03.000Z",45.701965,5.883716,15.5,21,26.5,0,null
"2018-09-29T00:42:03.000Z",45.701965,5.883716,8.75,18.5,30.5,0,null
"2018-09-29T00:46:03.000Z",45.701965,5.883716,10.5,21.5,29.5,0,null
"2018-09-29T00:50:08.000Z",45.701965,5.883716,15.5,24,30.5,0,null
"2018-09-29T00:54:08.000Z",45.701965,5.883716,11,21,31,0,null
"2018-09-29T00:58:08.000Z",45.701965,5.883716,14,23.5,31.5,0,null
"2018-09-29T01:02:11.000Z",45.701965,5.883716,17.5,25.5,36,0,null
"2018-09-29T01:06:11.000Z",45.701965,5.883716,17,27,37,0,null
"2018-09-29T01:10:11.000Z",45.701965,5.883716,14.5,24.5,39,0,null
"2018-09-29T01:14:16.000Z",45.701965,5.883716,20,26.5,38.5,0,null
"2018-09-29T01:18:16.000Z",45.701965,5.883716,16,24,36,0,null
"2018-09-29T01:22:16.000Z",45.701965,5.883716,14,19.5,27,0,null
"2018-09-29T01:26:20.000Z",45.701965,5.883716,14.5,20.5,30,0,null
"2018-09-29T01:30:20.000Z",45.701965,5.883716,9,19,27,22.5,null
"2018-09-29T01:34:20.000Z",45.701965,5.883716,12,19.5,28.5,22.5,null
"2018-09-29T01:38:24.000Z",45.701965,5.883716,14,24,34.5,0,null
"2018-09-29T01:42:24.000Z",45.701965,5.883716,17.5,22.5,30.5,0,null
"2018-09-29T01:46:24.000Z",45.701965,5.883716,15,24.5,33.5,0,null
"2018-09-29T01:50:28.000Z",45.701965,5.883716,20.5,27,37,0,null
"2018-09-29T01:54:28.000Z",45.701965,5.883716,15.5,25.5,36.5,0,null
"2018-09-29T01:58:28.000Z",45.701965,5.883716,12.5,22,35,22.5,null
"2018-09-29T02:02:32.000Z",45.701965,5.883716,12,20.5,30,0,null
"2018-09-29T02:06:32.000Z",45.701965,5.883716,13,23,33,0,null
"2018-09-29T02:10:32.000Z",45.701965,5.883716,9.5,17.5,29.5,0,null
"2018-09-29T02:14:36.000Z",45.701965,5.883716,11,21.5,31.5,0,null
"2018-09-29T02:18:36.000Z",45.701965,5.883716,15.5,25.5,36,0,null
"2018-09-29T02:22:36.000Z",45.701965,5.883716,13,20.5,28,0,null
"2018-09-29T02:26:40.000Z",45.701965,5.883716,16.5,26,34,0,null
"2018-09-29T02:30:40.000Z",45.701965,5.883716,16.5,26,39.5,0,null
"2018-09-29T02:34:40.000Z",45.701965,5.883716,14.5,22,29.5,22.5,null
"2018-09-29T02:38:44.000Z",45.701965,5.883716,12,24,34,0,null
"2018-09-29T02:42:44.000Z",45.701965,5.883716,13,21.5,29.5,0,null
"2018-09-29T02:46:44.000Z",45.701965,5.883716,15.5,25,33.5,0,null
"2018-09-29T02:50:48.000Z",45.701965,5.883716,15.5,23.5,35,0,null
"2018-09-29T02:54:48.000Z",45.701965,5.883716,11,20.5,31,0,null
"2018-09-29T02:58:48.000Z",45.701965,5.883716,13,20,27,0,null
"2018-09-29T03:02:52.000Z",45.701965,5.883716,9,20,31.5,0,null
"2018-09-29T03:06:52.000Z",45.701965,5.883716,9,17,26,22.5,null
"2018-09-29T03:10:52.000Z",45.701965,5.883716,13,20.5,30,22.5,null
"2018-09-29T03:14:56.000Z",45.701965,5.883716,11,17.5,27,22.5,null
"2018-09-29T03:18:56.000Z",45.701965,5.883716,9,17.5,30.5,0,null
"2018-09-29T03:22:56.000Z",45.701965,5.883716,14,22.5,33.5,0,null
"2018-09-29T03:27:00.000Z",45.701965,5.883716,7.25,15.5,24,22.5,null
"2018-09-29T03:31:00.000Z",45.701965,5.883716,13,20,28,22.5,null
"2018-09-29T03:35:00.000Z",45.701965,5.883716,10,23,32.5,0,null
"2018-09-29T03:39:05.000Z",45.701965,5.883716,9.5,20.5,36,22.5,null
"2018-09-29T03:43:05.000Z",45.701965,5.883716,7,17,26,22.5,null
"2018-09-29T03:47:05.000Z",45.701965,5.883716,8.25,17.5,26,0,null
"2018-09-29T03:51:09.000Z",45.701965,5.883716,6,15,26.5,0,null
"2018-09-29T03:55:09.000Z",45.701965,5.883716,15.5,21.5,28,0,null
"2018-09-29T03:59:09.000Z",45.701965,5.883716,12,19,26,0,null
"2018-09-29T04:03:12.000Z",45.701965,5.883716,11,20,27,0,null
"2018-09-29T04:07:12.000Z",45.701965,5.883716,13,25,37,0,null
"2018-09-29T04:11:12.000Z",45.701965,5.883716,17.5,28.5,39.5,0,null
"2018-09-29T04:15:17.000Z",45.701965,5.883716,15.5,25,34.5,0,null
"2018-09-29T04:19:17.000Z",45.701965,5.883716,13,25,34.5,0,null
"2018-09-29T04:23:17.000Z",45.701965,5.883716,14.5,24,33.5,0,null
"2018-09-29T04:27:20.000Z",45.701965,5.883716,15.5,24.5,40,0,null
"2018-09-29T04:31:20.000Z",45.701965,5.883716,19,25,43.5,22.5,null
"2018-09-29T04:35:20.000Z",45.701965,5.883716,12,24,31.5,0,null
"2018-09-29T04:39:24.000Z",45.701965,5.883716,8,20,31,22.5,null
"2018-09-29T04:43:24.000Z",45.701965,5.883716,7,15.5,24.5,22.5,null
"2018-09-29T04:47:24.000Z",45.701965,5.883716,9.5,18.5,29.5,22.5,null
"2018-09-29T04:51:29.000Z",45.701965,5.883716,8.75,21.5,35,22.5,null
"2018-09-29T04:55:29.000Z",45.701965,5.883716,13,20,29,22.5,null
"2018-09-29T04:59:29.000Z",45.701965,5.883716,13,21,32.5,22.5,null
"2018-09-29T05:03:32.000Z",45.701965,5.883716,12,21,27.5,0,null
"2018-09-29T05:07:32.000Z",45.701965,5.883716,14.5,26.5,36.5,0,null
"2018-09-29T05:11:32.000Z",45.701965,5.883716,18.5,29.5,37,0,null
"2018-09-29T05:15:37.000Z",45.701965,5.883716,14.5,27.5,43,0,null
"2018-09-29T05:19:37.000Z",45.701965,5.883716,14.5,24.5,35,0,null
"2018-09-29T05:23:37.000Z",45.701965,5.883716,18.5,27.5,39,0,null
"2018-09-29T05:27:40.000Z",45.701965,5.883716,19,32.5,43,0,null
"2018-09-29T05:31:40.000Z",45.701965,5.883716,13.5,25,37.5,0,null
"2018-09-29T05:35:40.000Z",45.701965,5.883716,20.5,31,40.5,0,null
"2018-09-29T05:39:45.000Z",45.701965,5.883716,15.5,26.5,36,337.5,null
"2018-09-29T05:43:45.000Z",45.701965,5.883716,16,26.5,38.5,0,null
"2018-09-29T05:47:45.000Z",45.701965,5.883716,8.75,23,37.5,0,null
"2018-09-29T05:51:49.000Z",45.701965,5.883716,9,21,31,0,null
"2018-09-29T05:55:49.000Z",45.701965,5.883716,9.75,21,34,0,null
"2018-09-29T05:59:49.000Z",45.701965,5.883716,13,25,38,337.5,null
"2018-09-29T06:03:53.000Z",45.701965,5.883716,11.5,19.5,31,0,null
"2018-09-29T06:07:53.000Z",45.701965,5.883716,6,15.5,29,0,null
"2018-09-29T06:11:53.000Z",45.701965,5.883716,14.5,25,34.5,0,null
"2018-09-29T06:15:57.000Z",45.701965,5.883716,12,19.5,27,0,null
"2018-09-29T06:19:57.000Z",45.701965,5.883716,11,21,28,0,null
"2018-09-29T06:23:57.000Z",45.701965,5.883716,14.5,22.5,28,0,null
"2018-09-29T06:28:01.000Z",45.701965,5.883716,11.5,19,28,0,null
"2018-09-29T06:32:01.000Z",45.701965,5.883716,6,17,27.5,0,null
"2018-09-29T06:36:01.000Z",45.701965,5.883716,12.5,22,28.5,0,null
"2018-09-29T06:40:05.000Z",45.701965,5.883716,12,18.5,26.5,0,null
"2018-09-29T06:44:05.000Z",45.701965,5.883716,9.75,17.5,24.5,22.5,null
"2018-09-29T06:48:05.000Z",45.701965,5.883716,10,16.5,21.5,0,null
"2018-09-29T06:52:09.000Z",45.701965,5.883716,6.25,15.5,26.5,0,null
"2018-09-29T06:56:09.000Z",45.701965,5.883716,8.75,15,21.5,22.5,null
"2018-09-29T07:00:09.000Z",45.701965,5.883716,5.5,11.5,21,22.5,null
"2018-09-29T07:04:13.000Z",45.701965,5.883716,7.75,14,22.5,22.5,null
"2018-09-29T07:08:13.000Z",45.701965,5.883716,5.5,16,26,0,null
"2018-09-29T07:12:13.000Z",45.701965,5.883716,7.25,17,27.5,0,null
"2018-09-29T07:16:17.000Z",45.701965,5.883716,8.25,18.5,28,0,null
"2018-09-29T07:20:17.000Z",45.701965,5.883716,9.75,18,25.5,0,null
"2018-09-29T07:24:17.000Z",45.701965,5.883716,9.75,22.5,29.5,0,null
"2018-09-29T07:28:21.000Z",45.701965,5.883716,7.25,16.5,23.5,0,null
"2018-09-29T07:32:21.000Z",45.701965,5.883716,7.25,15.5,22,0,null
"2018-09-29T07:36:21.000Z",45.701965,5.883716,10,19,29,0,null
"2018-09-29T07:40:25.000Z",45.701965,5.883716,8.25,13.5,25.5,22.5,null
"2018-09-29T07:44:25.000Z",45.701965,5.883716,3.75,17,24.5,0,null
"2018-09-29T07:48:25.000Z",45.701965,5.883716,7,14.5,21,0,null
"2018-09-29T07:52:30.000Z",45.701965,5.883716,7,13.5,21,22.5,null
"2018-09-29T07:56:30.000Z",45.701965,5.883716,8,18,29,0,null
"2018-09-29T08:00:30.000Z",45.701965,5.883716,8,18,26.5,22.5,null
"2018-09-29T08:04:33.000Z",45.701965,5.883716,12,17.5,24,22.5,null
"2018-09-29T08:08:33.000Z",45.701965,5.883716,11.5,18.5,24,0,null
"2018-09-29T08:12:33.000Z",45.701965,5.883716,6,12.5,22,22.5,null
"2018-09-29T08:16:38.000Z",45.701965,5.883716,11,19,30.5,0,null
"2018-09-29T08:20:38.000Z",45.701965,5.883716,9.75,17,26,0,null
"2018-09-29T08:24:38.000Z",45.701965,5.883716,7.25,17,26,0,null
"2018-09-29T08:28:41.000Z",45.701965,5.883716,11,17.5,24,0,null
"2018-09-29T08:32:41.000Z",45.701965,5.883716,12,20.5,29,337.5,null
"2018-09-29T08:36:41.000Z",45.701965,5.883716,7.25,15.5,24,337.5,null
"2018-09-29T08:40:45.000Z",45.701965,5.883716,7.75,15.5,21.5,337.5,null
"2018-09-29T08:44:45.000Z",45.701965,5.883716,8.75,18,23.5,0,null
"2018-09-29T08:48:45.000Z",45.701965,5.883716,7.75,15,26.5,337.5,null
"2018-09-29T08:52:49.000Z",45.701965,5.883716,11,18,23.5,337.5,null
"2018-09-29T08:56:49.000Z",45.701965,5.883716,9.75,16.5,28,0,null
"2018-09-29T09:00:49.000Z",45.701965,5.883716,8.25,15,22.5,0,null
"2018-09-29T09:04:54.000Z",45.701965,5.883716,14,17,25,337.5,null
"2018-09-29T09:08:54.000Z",45.701965,5.883716,12,17,23.5,337.5,null
"2018-09-29T09:12:54.000Z",45.701965,5.883716,13,18,26.5,0,null
"2018-09-29T09:16:57.000Z",45.701965,5.883716,11.5,19.5,32.5,0,null
"2018-09-29T09:20:57.000Z",45.701965,5.883716,11,18,28,0,null
"2018-09-29T09:24:57.000Z",45.701965,5.883716,9,16,25,337.5,null
"2018-09-29T09:29:01.000Z",45.701965,5.883716,9,18.5,26.5,337.5,null
"2018-09-29T09:33:01.000Z",45.701965,5.883716,7,17,23.5,337.5,null
"2018-09-29T09:37:01.000Z",45.701965,5.883716,12,17.5,24,0,null
"2018-09-29T09:41:06.000Z",45.701965,5.883716,15.5,22,27,337.5,null
"2018-09-29T09:45:06.000Z",45.701965,5.883716,8,15.5,23.5,0,null
"2018-09-29T09:49:06.000Z",45.701965,5.883716,9,16,26,337.5,null
"2018-09-29T09:53:10.000Z",45.701965,5.883716,16,22,29.5,337.5,null
"2018-09-29T09:57:10.000Z",45.701965,5.883716,10,16.5,22.5,337.5,null
"2018-09-29T10:01:10.000Z",45.701965,5.883716,16.5,22.5,28,337.5,null
"2018-09-29T10:05:14.000Z",45.701965,5.883716,11,18.5,26,337.5,null
"2018-09-29T10:09:14.000Z",45.701965,5.883716,13,21.5,29,0,null
"2018-09-29T10:13:14.000Z",45.701965,5.883716,9,16.5,25.5,337.5,null
"2018-09-29T10:17:18.000Z",45.701965,5.883716,11,16.5,22,337.5,null
"2018-09-29T10:21:18.000Z",45.701965,5.883716,14.5,20,27,337.5,null
"2018-09-29T10:25:18.000Z",45.701965,5.883716,13.5,18,23,337.5,null
"2018-09-29T10:29:22.000Z",45.701965,5.883716,12.5,17.5,22.5,337.5,null
"2018-09-29T10:33:22.000Z",45.701965,5.883716,11.5,18,24.5,337.5,null
"2018-09-29T10:37:22.000Z",45.701965,5.883716,14.5,19,22.5,337.5,null
"2018-09-29T10:41:26.000Z",45.701965,5.883716,5.25,14.5,25,0,null
"2018-09-29T10:45:26.000Z",45.701965,5.883716,7.75,17,27,337.5,null
"2018-09-29T10:49:26.000Z",45.701965,5.883716,11.5,17.5,23.5,337.5,null
"2018-09-29T10:53:30.000Z",45.701965,5.883716,12,18,23.5,337.5,null
"2018-09-29T10:57:30.000Z",45.701965,5.883716,12.5,16.5,22,0,null
"2018-09-29T11:01:30.000Z",45.701965,5.883716,12,16.5,22.5,337.5,null
"2018-09-29T11:05:34.000Z",45.701965,5.883716,11,16.5,23,337.5,null
"2018-09-29T11:09:34.000Z",45.701965,5.883716,10.5,15.5,20,337.5,null
"2018-09-29T11:13:34.000Z",45.701965,5.883716,9.5,16.5,22,0,null
"2018-09-29T11:17:38.000Z",45.701965,5.883716,11,16,20.5,337.5,null
"2018-09-29T11:21:38.000Z",45.701965,5.883716,12,17.5,23.5,337.5,null
"2018-09-29T11:25:38.000Z",45.701965,5.883716,12,16.5,21,337.5,null
"2018-09-29T11:29:42.000Z",45.701965,5.883716,11.5,16.5,23.5,337.5,null
"2018-09-29T11:33:42.000Z",45.701965,5.883716,9.75,17,25.5,337.5,null
"2018-09-29T11:37:42.000Z",45.701965,5.883716,6.5,15.5,28.5,337.5,null
"2018-09-29T11:41:46.000Z",45.701965,5.883716,11,14,19.5,337.5,null
"2018-09-29T11:45:46.000Z",45.701965,5.883716,12.5,16.5,20,337.5,null
"2018-09-29T11:49:46.000Z",45.701965,5.883716,12,20.5,27.5,337.5,null
"2018-09-29T11:53:50.000Z",45.701965,5.883716,6.25,13.5,23.5,337.5,null
"2018-09-29T11:57:50.000Z",45.701965,5.883716,7,14,20.5,0,null
"2018-09-29T12:01:50.000Z",45.701965,5.883716,7.75,13.5,19,337.5,null
"2018-09-29T12:05:54.000Z",45.701965,5.883716,9.75,16,27,337.5,null
"2018-09-29T12:09:54.000Z",45.701965,5.883716,13,18.5,26,0,null
"2018-09-29T12:13:54.000Z",45.701965,5.883716,0,11.5,21.5,45,null
"2018-09-29T12:17:58.000Z",45.701965,5.883716,9.5,13,18.5,337.5,null
"2018-09-29T12:21:58.000Z",45.701965,5.883716,8,14,20.5,337.5,null
"2018-09-29T12:25:58.000Z",45.701965,5.883716,7,13,21,337.5,null
"2018-09-29T12:30:03.000Z",45.701965,5.883716,8.25,13.5,17,0,null
"2018-09-29T12:34:03.000Z",45.701965,5.883716,5.5,15,27.5,0,null
"2018-09-29T12:38:03.000Z",45.701965,5.883716,11,16,22.5,0,null
"2018-09-29T12:42:06.000Z",45.701965,5.883716,4.75,11,17,0,null
"2018-09-29T12:46:06.000Z",45.701965,5.883716,8.75,11.5,16.5,337.5,null
"2018-09-29T12:50:06.000Z",45.701965,5.883716,10.5,16,21.5,337.5,null
"2018-09-29T12:54:10.000Z",45.701965,5.883716,11,14.5,18,0,null
"2018-09-29T12:58:10.000Z",45.701965,5.883716,9.5,13.5,22.5,0,null
"2018-09-29T13:02:10.000Z",45.701965,5.883716,7.75,12,17.5,337.5,null
"2018-09-29T13:06:15.000Z",45.701965,5.883716,6,10,17.5,0,null
"2018-09-29T13:10:15.000Z",45.701965,5.883716,6.5,11,16,22.5,null
"2018-09-29T13:14:15.000Z",45.701965,5.883716,2.75,9.25,15.5,22.5,null
"2018-09-29T13:18:18.000Z",45.701965,5.883716,7.25,10,15.5,337.5,null
"2018-09-29T13:22:18.000Z",45.701965,5.883716,7.25,15,21.5,22.5,null
"2018-09-29T13:26:18.000Z",45.701965,5.883716,9.5,16.5,28,22.5,null
"2018-09-29T13:30:23.000Z",45.701965,5.883716,7.75,11.5,16,22.5,null
"2018-09-29T13:34:23.000Z",45.701965,5.883716,8,13.5,18,337.5,null
"2018-09-29T13:38:23.000Z",45.701965,5.883716,8,11,13,337.5,null
"2018-09-29T13:42:27.000Z",45.701965,5.883716,0.25,7.75,15,22.5,null
"2018-09-29T13:46:27.000Z",45.701965,5.883716,0.75,9,14.5,22.5,null
"2018-09-29T13:50:27.000Z",45.701965,5.883716,8.25,11,13,337.5,null
"2018-09-29T13:54:30.000Z",45.701965,5.883716,2,9.25,14.5,0,null
"2018-09-29T13:58:30.000Z",45.701965,5.883716,3.25,9.75,15.5,337.5,null
"2018-09-29T14:02:30.000Z",45.701965,5.883716,9.75,12,15,337.5,null
"2018-09-29T14:06:35.000Z",45.701965,5.883716,9.5,14,17,0,null
"2018-09-29T14:10:35.000Z",45.701965,5.883716,6.25,10,15,0,null
"2018-09-29T14:14:35.000Z",45.701965,5.883716,8.25,13,18,337.5,null
"2018-09-29T14:18:38.000Z",45.701965,5.883716,11,14.5,18.5,337.5,null
"2018-09-29T14:22:38.000Z",45.701965,5.883716,11.5,14.5,19,315,null
"2018-09-29T14:26:38.000Z",45.701965,5.883716,10,15,22,337.5,null
"2018-09-29T14:30:42.000Z",45.701965,5.883716,8.75,15,20,337.5,null
"2018-09-29T14:34:42.000Z",45.701965,5.883716,12.5,16,20,337.5,null
"2018-09-29T14:38:42.000Z",45.701965,5.883716,12.5,16.5,19,337.5,null
"2018-09-29T14:42:46.000Z",45.701965,5.883716,14,18,22.5,337.5,null
"2018-09-29T14:46:46.000Z",45.701965,5.883716,11.5,16,20,337.5,null
"2018-09-29T14:50:46.000Z",45.701965,5.883716,11.5,14.5,18,337.5,null
"2018-09-29T14:54:51.000Z",45.701965,5.883716,11.5,14,17,337.5,null
"2018-09-29T14:58:51.000Z",45.701965,5.883716,12,16,20,337.5,null
"2018-09-29T15:02:51.000Z",45.701965,5.883716,11,15.5,20,337.5,null
"2018-09-29T15:06:55.000Z",45.701965,5.883716,14.5,18,24.5,337.5,null
"2018-09-29T15:10:55.000Z",45.701965,5.883716,12,14,18,337.5,null
"2018-09-29T15:14:55.000Z",45.701965,5.883716,12,14.5,18,337.5,null
"2018-09-29T15:18:59.000Z",45.701965,5.883716,13,15.5,19.5,337.5,null
"2018-09-29T15:22:59.000Z",45.701965,5.883716,11,13.5,16,337.5,null
"2018-09-29T15:26:59.000Z",45.701965,5.883716,12.5,15.5,19,337.5,null
"2018-09-29T15:31:03.000Z",45.701965,5.883716,13,17,20,337.5,null
"2018-09-29T15:35:03.000Z",45.701965,5.883716,13.5,17,20,337.5,null
"2018-09-29T15:39:03.000Z",45.701965,5.883716,10,14,18.5,337.5,null
"2018-09-29T15:43:07.000Z",45.701965,5.883716,11,14.5,20,337.5,null
"2018-09-29T15:47:07.000Z",45.701965,5.883716,10.5,12.5,15.5,337.5,null
"2018-09-29T15:51:07.000Z",45.701965,5.883716,9,12,16.5,337.5,null
"2018-09-29T15:55:11.000Z",45.701965,5.883716,10.5,13.5,16.5,337.5,null
"2018-09-29T15:59:11.000Z",45.701965,5.883716,10,15.5,19,0,null
"2018-09-29T16:03:11.000Z",45.701965,5.883716,13,15,20,337.5,null
"2018-09-29T16:07:16.000Z",45.701965,5.883716,9.5,12.5,15.5,337.5,null
"2018-09-29T16:11:16.000Z",45.701965,5.883716,10.5,14.5,19,0,null
"2018-09-29T16:15:16.000Z",45.701965,5.883716,11.5,14,16.5,0,null
"2018-09-29T16:19:19.000Z",45.701965,5.883716,9.75,14,16.5,0,null
"2018-09-29T16:23:19.000Z",45.701965,5.883716,11,13,16.5,0,null
"2018-09-29T16:27:19.000Z",45.701965,5.883716,9.5,12.5,15,0,null
"2018-09-29T16:31:23.000Z",45.701965,5.883716,9.5,14,16.5,0,null
"2018-09-29T16:35:23.000Z",45.701965,5.883716,8,11,16.5,0,null
"2018-09-29T16:39:23.000Z",45.701965,5.883716,10,14,18,0,null
"2018-09-29T16:43:27.000Z",45.701965,5.883716,9.5,14,17.5,0,null
"2018-09-29T16:47:27.000Z",45.701965,5.883716,12,15.5,18,0,null
"2018-09-29T16:51:27.000Z",45.701965,5.883716,12,15,20,337.5,null
"2018-09-29T16:55:31.000Z",45.701965,5.883716,9.5,16,20,0,null
"2018-09-29T16:59:31.000Z",45.701965,5.883716,11,17,21,337.5,null
"2018-09-29T17:03:31.000Z",45.701965,5.883716,11,15,19,0,null
"2018-09-29T17:07:35.000Z",45.701965,5.883716,9,13.5,20,0,null
"2018-09-29T17:11:35.000Z",45.701965,5.883716,8.25,16.5,21.5,0,null
"2018-09-29T17:15:35.000Z",45.701965,5.883716,13,17,21,0,null
"2018-09-29T17:19:39.000Z",45.701965,5.883716,13.5,19.5,27,0,null
"2018-09-29T17:23:39.000Z",45.701965,5.883716,9.5,15.5,20,0,null
"2018-09-29T17:27:39.000Z",45.701965,5.883716,8.75,15,20,0,null
"2018-09-29T17:31:43.000Z",45.701965,5.883716,9.5,16.5,23.5,0,null
"2018-09-29T17:35:43.000Z",45.701965,5.883716,11,16,22.5,0,null
"2018-09-29T17:39:43.000Z",45.701965,5.883716,7.25,13,20.5,0,null
"2018-09-29T17:43:47.000Z",45.701965,5.883716,10,15,18.5,0,null
"2018-09-29T17:47:47.000Z",45.701965,5.883716,4.25,10,16,22.5,null
"2018-09-29T17:51:47.000Z",45.701965,5.883716,9,15,20,0,null
"2018-09-29T17:55:52.000Z",45.701965,5.883716,6.5,10.5,14.5,22.5,null
"2018-09-29T17:59:52.000Z",45.701965,5.883716,4.5,9,16.5,22.5,null
"2018-09-29T18:03:52.000Z",45.701965,5.883716,6,10,15.5,22.5,null
"2018-09-29T18:07:56.000Z",45.701965,5.883716,4.75,8.5,14.5,22.5,null
"2018-09-29T18:11:56.000Z",45.701965,5.883716,5.25,10,15.5,0,null
"2018-09-29T18:15:56.000Z",45.701965,5.883716,3.75,12,20.5,0,null
"2018-09-29T18:20:00.000Z",45.701965,5.883716,8.75,12,17.5,0,null
"2018-09-29T18:24:00.000Z",45.701965,5.883716,6,12,21.5,0,null
"2018-09-29T18:28:00.000Z",45.701965,5.883716,6,12.5,20,0,null
"2018-09-29T18:32:03.000Z",45.701965,5.883716,7.25,13.5,20,0,null
"2018-09-29T18:36:03.000Z",45.701965,5.883716,4.25,11.5,17.5,0,null
"2018-09-29T18:40:03.000Z",45.701965,5.883716,5.5,13.5,20,22.5,null
"2018-09-29T18:44:08.000Z",45.701965,5.883716,2.75,13,26,0,null
"2018-09-29T18:48:08.000Z",45.701965,5.883716,5.5,14.5,23.5,0,null
"2018-09-29T18:52:08.000Z",45.701965,5.883716,7,13,26,0,null
"2018-09-29T18:56:12.000Z",45.701965,5.883716,7,14.5,27,0,null
"2018-09-29T19:00:12.000Z",45.701965,5.883716,6,14.5,28,0,null
"2018-09-29T19:04:12.000Z",45.701965,5.883716,7,13,22.5,0,null
"2018-09-29T19:08:15.000Z",45.701965,5.883716,8,15,23.5,22.5,null
"2018-09-29T19:12:15.000Z",45.701965,5.883716,9.5,17,23.5,0,null
"2018-09-29T19:16:15.000Z",45.701965,5.883716,6.5,11.5,18,0,null
"2018-09-29T19:20:20.000Z",45.701965,5.883716,4.5,11.5,17,0,null
"2018-09-29T19:24:20.000Z",45.701965,5.883716,7.75,15.5,24.5,315,null
"2018-09-29T19:28:20.000Z",45.701965,5.883716,8.75,14.5,21,337.5,null
"2018-09-29T19:32:24.000Z",45.701965,5.883716,1.5,11.5,18.5,0,null
"2018-09-29T19:36:24.000Z",45.701965,5.883716,3.5,12.5,20,0,null
"2018-09-29T19:40:24.000Z",45.701965,5.883716,3.75,9.25,16,22.5,null
"2018-09-29T19:56:36.000Z",45.701965,5.883716,1,6.5,15.5,0,null
"2018-09-29T20:00:36.000Z",45.701965,5.883716,0,5.5,11,22.5,null
"2018-09-29T20:04:36.000Z",45.701965,5.883716,0,0.75,4.75,22.5,null
"2018-09-29T20:08:39.000Z",45.701965,5.883716,2,8.5,14.5,0,null
"2018-09-29T20:12:39.000Z",45.701965,5.883716,0,1.5,8,0,null
"2018-09-29T20:16:39.000Z",45.701965,5.883716,0,4,10,90,null
"2018-09-29T20:20:44.000Z",45.701965,5.883716,0,2.5,7,67.5,null
"2018-09-29T20:24:44.000Z",45.701965,5.883716,0,2.5,8.75,45,null
"2018-09-29T20:28:44.000Z",45.701965,5.883716,0.75,6,13,22.5,null
"2018-09-29T20:32:48.000Z",45.701965,5.883716,0.25,6.75,13,22.5,null
"2018-09-29T20:36:48.000Z",45.701965,5.883716,1,6.5,15.5,45,null
"2018-09-29T20:40:48.000Z",45.701965,5.883716,0,0.5,2.5,45,null
"2018-09-29T20:44:52.000Z",45.701965,5.883716,0,2.75,6.25,112.5,null
"2018-09-29T20:48:52.000Z",45.701965,5.883716,0,3,8.75,337.5,null
"2018-09-29T20:52:52.000Z",45.701965,5.883716,0,2.25,9.5,0,null
"2018-09-29T20:56:56.000Z",45.701965,5.883716,0,2.25,7.75,90,null
"2018-09-29T21:00:56.000Z",45.701965,5.883716,0,1,3.25,292.5,null
"2018-09-29T21:04:56.000Z",45.701965,5.883716,0,2.5,5.25,180,null
"2018-09-29T21:09:01.000Z",45.701965,5.883716,0,2.5,6.25,135,null
"2018-09-29T21:13:01.000Z",45.701965,5.883716,1,3.75,6.5,112.5,null
"2018-09-29T21:17:01.000Z",45.701965,5.883716,0,3,9.5,315,null
"2018-09-29T21:21:04.000Z",45.701965,5.883716,0,4.25,7.25,157.5,null
"2018-09-29T21:25:04.000Z",45.701965,5.883716,0,2,4.25,157.5,null
"2018-09-29T21:29:04.000Z",45.701965,5.883716,1,3.75,6.5,135,null
"2018-09-29T21:33:08.000Z",45.701965,5.883716,1.5,3.75,6,112.5,null
"2018-09-29T21:37:08.000Z",45.701965,5.883716,2.75,6.75,10.5,135,null
"2018-09-29T21:41:08.000Z",45.701965,5.883716,4.25,7.5,11,135,null
"2018-09-29T21:45:12.000Z",45.701965,5.883716,1.75,4.75,8.25,135,null
"2018-09-29T21:49:12.000Z",45.701965,5.883716,1,5.25,10.5,90,null
"2018-09-29T21:53:12.000Z",45.701965,5.883716,2.5,6,9,90,null
"2018-09-29T21:57:17.000Z",45.701965,5.883716,1.75,6.75,11.5,67.5,null
"2018-09-29T22:01:17.000Z",45.701965,5.883716,2,7.5,14.5,90,null
"2018-09-29T22:05:17.000Z",45.701965,5.883716,5.25,11.5,16.5,90,null
"2018-09-29T22:09:21.000Z",45.701965,5.883716,3.25,7.75,12.5,67.5,null
"2018-09-29T22:13:21.000Z",45.701965,5.883716,0.25,6,12,67.5,null
"2018-09-29T22:17:21.000Z",45.701965,5.883716,2.5,7.5,12,90,null
"2018-09-29T22:21:24.000Z",45.701965,5.883716,1.75,6,10.5,67.5,null
"2018-09-29T22:25:24.000Z",45.701965,5.883716,2.75,6.5,11,45,null
"2018-09-29T22:29:24.000Z",45.701965,5.883716,1.75,5.5,11.5,67.5,null
"2018-09-29T22:33:29.000Z",45.701965,5.883716,3.5,7.75,12,67.5,null
"2018-09-29T22:37:29.000Z",45.701965,5.883716,2.75,6.5,11,90,null
"2018-09-29T22:41:29.000Z",45.701965,5.883716,2.75,7.75,13.5,90,null
"2018-09-29T22:45:32.000Z",45.701965,5.883716,2.5,6.25,11,90,null
"2018-09-29T22:49:32.000Z",45.701965,5.883716,4.5,8.25,11.5,90,null
"2018-09-29T22:53:32.000Z",45.701965,5.883716,3.5,6.75,13.5,90,null
"2018-09-29T22:57:37.000Z",45.701965,5.883716,2.5,7,11.5,112.5,null
"2018-09-29T23:01:37.000Z",45.701965,5.883716,1,5.25,13,90,null
"2018-09-29T23:05:37.000Z",45.701965,5.883716,0.75,8.25,14.5,67.5,null
"2018-09-29T23:09:40.000Z",45.701965,5.883716,0,8,14.5,67.5,null
"2018-09-29T23:13:40.000Z",45.701965,5.883716,0,6.75,13.5,67.5,null
"2018-09-29T23:17:40.000Z",45.701965,5.883716,0,6,15,67.5,null
"2018-09-29T23:21:45.000Z",45.701965,5.883716,0,5,11,90,null
"2018-09-29T23:25:45.000Z",45.701965,5.883716,0,1.5,8.25,90,null
"2018-09-29T23:29:45.000Z",45.701965,5.883716,0.25,5.75,12.5,67.5,null
"2018-09-29T23:33:49.000Z",45.701965,5.883716,1.75,7.5,14.5,90,null
"2018-09-29T23:37:49.000Z",45.701965,5.883716,0,4.75,11,67.5,null
"2018-09-29T23:41:49.000Z",45.701965,5.883716,3.5,8.25,14,67.5,null
"2018-09-29T23:45:52.000Z",45.701965,5.883716,2,8.5,14.5,90,null
"2018-09-29T23:49:52.000Z",45.701965,5.883716,3.75,10.5,19.5,67.5,null
"2018-09-29T23:53:52.000Z",45.701965,5.883716,1.75,8.75,16.5,67.5,null
"2018-09-29T23:57:57.000Z",45.701965,5.883716,2.5,7.5,13,90,null
"2018-09-30T00:01:57.000Z",45.701965,5.883716,1,5.75,13,90,null
"2018-09-30T00:05:57.000Z",45.701965,5.883716,0.25,7.25,15.5,90,null
"2018-09-30T00:10:01.000Z",45.701965,5.883716,2,7.75,16,90,null
"2018-09-30T00:14:01.000Z",45.701965,5.883716,0,6.75,17,112.5,null
"2018-09-30T00:18:01.000Z",45.701965,5.883716,1.75,6.5,13,135,null
"2018-09-30T00:22:05.000Z",45.701965,5.883716,3.25,8.25,16.5,90,null
"2018-09-30T00:26:05.000Z",45.701965,5.883716,1.75,6.25,13.5,90,null
"2018-09-30T00:30:05.000Z",45.701965,5.883716,0,4.75,11,90,null
"2018-09-30T00:34:09.000Z",45.701965,5.883716,0.25,4,10,90,null
"2018-09-30T00:38:09.000Z",45.701965,5.883716,1.5,9.25,15,90,null
"2018-09-30T00:42:09.000Z",45.701965,5.883716,0.75,7.25,13,90,null
"2018-09-30T00:46:13.000Z",45.701965,5.883716,1.5,8,15.5,90,null
"2018-09-30T00:50:13.000Z",45.701965,5.883716,0.25,5,13.5,90,null
"2018-09-30T00:54:13.000Z",45.701965,5.883716,0,5.25,12,90,null
"2018-09-30T00:58:17.000Z",45.701965,5.883716,0,1.75,6.25,112.5,null
"2018-09-30T01:02:17.000Z",45.701965,5.883716,0,2,5.25,135,null
"2018-09-30T01:06:17.000Z",45.701965,5.883716,0,1.5,8,135,null
"2018-09-30T01:10:21.000Z",45.701965,5.883716,0,3.25,6.5,180,null
"2018-09-30T01:14:21.000Z",45.701965,5.883716,0.25,3.75,7.75,157.5,null
"2018-09-30T01:18:21.000Z",45.701965,5.883716,0.25,3,7,157.5,null
"2018-09-30T01:22:25.000Z",45.701965,5.883716,0,4,7.75,135,null
"2018-09-30T01:26:25.000Z",45.701965,5.883716,0.25,3.75,8.25,157.5,null
"2018-09-30T01:30:25.000Z",45.701965,5.883716,0.25,4,9.5,135,null
"2018-09-30T01:34:29.000Z",45.701965,5.883716,0.25,4.5,8.5,112.5,null
"2018-09-30T01:38:29.000Z",45.701965,5.883716,0.25,3,6.5,112.5,null
"2018-09-30T01:42:29.000Z",45.701965,5.883716,0.25,3.5,7.25,112.5,null
"2018-09-30T01:46:33.000Z",45.701965,5.883716,1,4.75,9,112.5,null
"2018-09-30T01:50:33.000Z",45.701965,5.883716,2.75,6.75,12,112.5,null
"2018-09-30T01:54:33.000Z",45.701965,5.883716,1.5,5.75,11.5,112.5,null
"2018-09-30T01:58:37.000Z",45.701965,5.883716,3.25,6.25,11,90,null
"2018-09-30T02:02:37.000Z",45.701965,5.883716,3.75,8.25,11,90,null
"2018-09-30T02:06:37.000Z",45.701965,5.883716,2.5,7.5,12.5,90,null
"2018-09-30T02:10:41.000Z",45.701965,5.883716,3.5,8,12.5,90,null
"2018-09-30T02:14:41.000Z",45.701965,5.883716,2.75,6.75,12,90,null
"2018-09-30T02:18:41.000Z",45.701965,5.883716,1.5,7,10.5,90,null
"2018-09-30T02:22:46.000Z",45.701965,5.883716,3.5,7.25,10,112.5,null
"2018-09-30T02:26:46.000Z",45.701965,5.883716,1.75,6.75,12,90,null
"2018-09-30T02:30:46.000Z",45.701965,5.883716,2,6,12,90,null
"2018-09-30T02:34:50.000Z",45.701965,5.883716,0.25,4.75,10,90,null
"2018-09-30T02:38:50.000Z",45.701965,5.883716,1.75,6.5,11,90,null
"2018-09-30T02:42:50.000Z",45.701965,5.883716,2.5,8.5,15,90,null
"2018-09-30T02:46:54.000Z",45.701965,5.883716,1,7,14.5,112.5,null
"2018-09-30T02:50:54.000Z",45.701965,5.883716,0.75,4.75,11,157.5,null
"2018-09-30T02:54:54.000Z",45.701965,5.883716,1,4.5,9,157.5,null
"2018-09-30T02:58:57.000Z",45.701965,5.883716,3.5,6.75,10.5,157.5,null
"2018-09-30T03:02:57.000Z",45.701965,5.883716,2,6.75,9.75,157.5,null
"2018-09-30T03:06:57.000Z",45.701965,5.883716,0,4.75,12,157.5,null
"2018-09-30T03:11:01.000Z",45.701965,5.883716,0,3.25,9,157.5,null
"2018-09-30T03:15:01.000Z",45.701965,5.883716,0,2.75,7,135,null
"2018-09-30T03:19:01.000Z",45.701965,5.883716,0,3.25,9.5,157.5,null
"2018-09-30T03:23:06.000Z",45.701965,5.883716,0.75,5.25,12,135,null
"2018-09-30T03:27:06.000Z",45.701965,5.883716,1.75,7.25,15.5,112.5,null
"2018-09-30T03:31:06.000Z",45.701965,5.883716,0.25,5.75,13,112.5,null
"2018-09-30T03:35:09.000Z",45.701965,5.883716,1.75,6,17,112.5,null
"2018-09-30T03:39:09.000Z",45.701965,5.883716,1.75,6.25,11.5,135,null
"2018-09-30T03:43:09.000Z",45.701965,5.883716,5.25,11,19,90,null
"2018-09-30T03:47:13.000Z",45.701965,5.883716,3.5,9.25,18.5,90,null
"2018-09-30T03:51:13.000Z",45.701965,5.883716,2.5,8,15.5,112.5,null
"2018-09-30T03:55:13.000Z",45.701965,5.883716,1.75,6.75,12,135,null
"2018-09-30T03:59:18.000Z",45.701965,5.883716,0.25,5.25,11.5,157.5,null
"2018-09-30T04:03:18.000Z",45.701965,5.883716,0.25,5.5,11.5,112.5,null
"2018-09-30T04:07:18.000Z",45.701965,5.883716,0,4,11,112.5,null
"2018-09-30T04:11:22.000Z",45.701965,5.883716,0.75,7.75,14.5,112.5,null
"2018-09-30T04:15:22.000Z",45.701965,5.883716,0.25,6.5,13,112.5,null
"2018-09-30T04:19:22.000Z",45.701965,5.883716,0,8,15.5,90,null
"2018-09-30T04:23:26.000Z",45.701965,5.883716,0,6.5,12.5,135,null
"2018-09-30T04:27:26.000Z",45.701965,5.883716,0,4.25,11.5,157.5,null
"2018-09-30T04:31:26.000Z",45.701965,5.883716,0.25,4.5,12,157.5,null
"2018-09-30T04:35:30.000Z",45.701965,5.883716,0.5,4.25,9.75,157.5,null
"2018-09-30T04:39:30.000Z",45.701965,5.883716,2.5,7,12,157.5,null
"2018-09-30T04:43:30.000Z",45.701965,5.883716,3.25,8.5,14.5,180,null
"2018-09-30T04:47:34.000Z",45.701965,5.883716,6,10,14.5,180,null
"2018-09-30T04:51:34.000Z",45.701965,5.883716,2.5,10,16.5,157.5,null
"2018-09-30T04:55:34.000Z",45.701965,5.883716,1,9.25,16,135,null
"2018-09-30T04:59:38.000Z",45.701965,5.883716,1.75,8.25,14.5,112.5,null
"2018-09-30T05:03:38.000Z",45.701965,5.883716,0.25,7.5,17,112.5,null
"2018-09-30T05:07:38.000Z",45.701965,5.883716,3.25,9.75,15.5,90,null
"2018-09-30T05:11:42.000Z",45.701965,5.883716,0,6.75,15.5,112.5,null
"2018-09-30T05:15:42.000Z",45.701965,5.883716,1,5.5,11,112.5,null
"2018-09-30T05:19:42.000Z",45.701965,5.883716,0.25,4,7.25,112.5,null
"2018-09-30T05:23:47.000Z",45.701965,5.883716,1,5.25,11,112.5,null
"2018-09-30T05:27:47.000Z",45.701965,5.883716,2,6,9.5,90,null
"2018-09-30T05:31:47.000Z",45.701965,5.883716,1,5.25,11,112.5,null
"2018-09-30T05:35:50.000Z",45.701965,5.883716,0,5,8.75,112.5,null
"2018-09-30T05:39:50.000Z",45.701965,5.883716,1,4,7.25,112.5,null
"2018-09-30T05:43:50.000Z",45.701965,5.883716,0.75,4.5,8,112.5,null
"2018-09-30T05:47:55.000Z",45.701965,5.883716,2,6.25,11.5,112.5,null
"2018-09-30T05:51:55.000Z",45.701965,5.883716,0.25,5.75,10,135,null
"2018-09-30T05:55:55.000Z",45.701965,5.883716,1,4,10.5,112.5,null
"2018-09-30T05:59:58.000Z",45.701965,5.883716,1.75,6.25,9.75,135,null
"2018-09-30T06:03:58.000Z",45.701965,5.883716,0.25,3.25,8.25,135,null
"2018-09-30T06:07:58.000Z",45.701965,5.883716,0.75,4.25,12,112.5,null
"2018-09-30T06:12:02.000Z",45.701965,5.883716,1,3.75,6.5,112.5,null
"2018-09-30T06:16:02.000Z",45.701965,5.883716,0.75,4.75,9,112.5,null
"2018-09-30T06:20:02.000Z",45.701965,5.883716,0.75,4.75,9,135,null
"2018-09-30T06:24:06.000Z",45.701965,5.883716,2.75,6.5,12,135,null
"2018-09-30T06:28:06.000Z",45.701965,5.883716,0.75,4.25,10.5,90,null
"2018-09-30T06:32:06.000Z",45.701965,5.883716,0.75,5,9.5,90,null
"2018-09-30T06:36:11.000Z",45.701965,5.883716,2.5,5.75,9,112.5,null
"2018-09-30T06:40:11.000Z",45.701965,5.883716,2,7.25,14,157.5,null
"2018-09-30T06:44:11.000Z",45.701965,5.883716,1.75,7,11,157.5,null
"2018-09-30T06:48:15.000Z",45.701965,5.883716,2.5,6.25,12,157.5,null
"2018-09-30T06:52:15.000Z",45.701965,5.883716,0.75,6.5,12.5,157.5,null
"2018-09-30T06:56:15.000Z",45.701965,5.883716,3.5,8,13,157.5,null
"2018-09-30T07:00:19.000Z",45.701965,5.883716,0,5.25,11,157.5,null
"2018-09-30T07:04:19.000Z",45.701965,5.883716,0,3.25,10.5,135,null
"2018-09-30T07:08:19.000Z",45.701965,5.883716,0,5.5,11,135,null
"2018-09-30T07:12:23.000Z",45.701965,5.883716,0.25,4.25,10,157.5,null
"2018-09-30T07:16:23.000Z",45.701965,5.883716,0.75,6.75,12,157.5,null
"2018-09-30T07:20:23.000Z",45.701965,5.883716,2,6.25,11,157.5,null
"2018-09-30T07:24:27.000Z",45.701965,5.883716,1,6.25,12,135,null
"2018-09-30T07:28:27.000Z",45.701965,5.883716,0,3.25,8.25,135,null
"2018-09-30T07:32:27.000Z",45.701965,5.883716,1,4.25,11,135,null
"2018-09-30T07:36:31.000Z",45.701965,5.883716,0.25,2.75,7,135,null
"2018-09-30T07:40:31.000Z",45.701965,5.883716,0,4.25,8,157.5,null
"2018-09-30T07:44:31.000Z",45.701965,5.883716,0.25,3.75,8.25,157.5,null
"2018-09-30T07:48:34.000Z",45.701965,5.883716,0,2.25,7,135,null
"2018-09-30T07:52:34.000Z",45.701965,5.883716,1,4.25,7.75,157.5,null
"2018-09-30T07:56:34.000Z",45.701965,5.883716,0,4.5,8,157.5,null
"2018-09-30T08:00:39.000Z",45.701965,5.883716,0,3.25,8.25,135,null
"2018-09-30T08:04:39.000Z",45.701965,5.883716,0,4,8.75,157.5,null
"2018-09-30T08:08:39.000Z",45.701965,5.883716,1.5,5.5,8.75,180,null
"2018-09-30T08:12:43.000Z",45.701965,5.883716,0,2.25,6,157.5,null
"2018-09-30T08:16:43.000Z",45.701965,5.883716,1.75,4.5,7.25,180,null
"2018-09-30T08:20:43.000Z",45.701965,5.883716,2.75,6.25,9.5,180,null
"2018-09-30T08:24:47.000Z",45.701965,5.883716,3.25,5.5,8,180,null
"2018-09-30T08:28:47.000Z",45.701965,5.883716,2,5.75,9.75,180,null
"2018-09-30T08:32:47.000Z",45.701965,5.883716,3.75,6.5,8.75,202.5,null
"2018-09-30T08:36:51.000Z",45.701965,5.883716,3.75,5.75,8.25,202.5,null
"2018-09-30T08:40:51.000Z",45.701965,5.883716,3.75,6.25,8.75,202.5,null
"2018-09-30T08:44:51.000Z",45.701965,5.883716,2.75,5.75,8.25,202.5,null
"2018-09-30T08:48:55.000Z",45.701965,5.883716,4.5,7,9.5,202.5,null
"2018-09-30T08:52:55.000Z",45.701965,5.883716,3.75,7.5,9.75,202.5,null
"2018-09-30T08:56:55.000Z",45.701965,5.883716,1.75,7.75,10,202.5,null
"2018-09-30T09:00:58.000Z",45.701965,5.883716,4.5,7.25,9.5,202.5,null
"2018-09-30T09:04:58.000Z",45.701965,5.883716,2.75,6.25,8,202.5,null
"2018-09-30T09:08:58.000Z",45.701965,5.883716,3.5,6.25,8.75,202.5,null
"2018-09-30T09:13:03.000Z",45.701965,5.883716,4.25,6.5,8.75,202.5,null
"2018-09-30T09:17:03.000Z",45.701965,5.883716,3.75,6.5,8.25,225,null
"2018-09-30T09:21:03.000Z",45.701965,5.883716,6,7.25,9,225,null
"2018-09-30T09:25:07.000Z",45.701965,5.883716,4.75,6.75,8.25,225,null
"2018-09-30T09:29:07.000Z",45.701965,5.883716,4.5,6,7.25,225,null
"2018-09-30T09:33:07.000Z",45.701965,5.883716,3.25,5,6.5,202.5,null
"2018-09-30T09:37:11.000Z",45.701965,5.883716,4.75,6.25,7.25,202.5,null
"2018-09-30T09:41:11.000Z",45.701965,5.883716,4.75,6,7.25,225,null
"2018-09-30T09:45:11.000Z",45.701965,5.883716,3.5,5.5,6.5,225,null
"2018-09-30T09:49:16.000Z",45.701965,5.883716,1.75,4.25,6.25,225,null
"2018-09-30T09:53:16.000Z",45.701965,5.883716,2.5,4.5,6.5,225,null
"2018-09-30T09:57:16.000Z",45.701965,5.883716,3.25,5,6.5,225,null
"2018-09-30T10:01:20.000Z",45.701965,5.883716,4.75,6.25,8,225,null
"2018-09-30T10:05:20.000Z",45.701965,5.883716,4.5,5.75,7.25,225,null
"2018-09-30T10:09:20.000Z",45.701965,5.883716,2,5.25,7,202.5,null
"2018-09-30T10:13:23.000Z",45.701965,5.883716,4.5,5.75,7,202.5,null
"2018-09-30T10:17:23.000Z",45.701965,5.883716,4.75,5.75,8,225,null
"2018-09-30T10:21:23.000Z",45.701965,5.883716,2,3.75,6,202.5,null
"2018-09-30T10:25:27.000Z",45.701965,5.883716,1.5,3.75,5.5,202.5,null
"2018-09-30T10:29:27.000Z",45.701965,5.883716,2.5,4,5.5,225,null
"2018-09-30T10:33:27.000Z",45.701965,5.883716,2.75,4.5,6.5,225,null
"2018-09-30T10:37:32.000Z",45.701965,5.883716,0,1.5,3.5,225,null
"2018-09-30T10:41:32.000Z",45.701965,5.883716,0,0,0,225,null
"2018-09-30T10:45:32.000Z",45.701965,5.883716,0,0,0,225,null
"2018-09-30T10:49:36.000Z",45.701965,5.883716,0,0,1,247.5,null
"2018-09-30T10:53:36.000Z",45.701965,5.883716,0,0.5,2,270,null
"2018-09-30T10:57:36.000Z",45.701965,5.883716,0,1,2,292.5,null
"2018-09-30T11:01:40.000Z",45.701965,5.883716,0,2.25,6.5,315,null
"2018-09-30T11:05:40.000Z",45.701965,5.883716,0.75,3,4.5,315,null
"2018-09-30T11:09:40.000Z",45.701965,5.883716,3.25,6,8,337.5,null
"2018-09-30T11:13:43.000Z",45.701965,5.883716,0.75,6.5,10,337.5,null
"2018-09-30T11:17:43.000Z",45.701965,5.883716,0,3.25,7,0,null
"2018-09-30T11:21:43.000Z",45.701965,5.883716,0,3.25,6.5,337.5,null
"2018-09-30T11:25:48.000Z",45.701965,5.883716,5.25,7.5,11.5,337.5,null
"2018-09-30T11:29:48.000Z",45.701965,5.883716,3.5,8.5,13,315,null
"2018-09-30T11:33:48.000Z",45.701965,5.883716,0,3.25,7.75,0,null
"2018-09-30T11:37:52.000Z",45.701965,5.883716,0,1.5,5.25,0,null
"2018-09-30T11:41:52.000Z",45.701965,5.883716,1.75,7.75,12.5,337.5,null
"2018-09-30T11:45:52.000Z",45.701965,5.883716,2,6.25,11.5,337.5,null
"2018-09-30T11:49:56.000Z",45.701965,5.883716,0.25,3.25,6.25,0,null
"2018-09-30T11:53:56.000Z",45.701965,5.883716,0,1.5,3.75,0,null
"2018-09-30T11:57:56.000Z",45.701965,5.883716,0,1.75,7.75,270,null
"2018-09-30T12:02:00.000Z",45.701965,5.883716,0.25,4,7,225,null
"2018-09-30T12:06:00.000Z",45.701965,5.883716,0,2.25,10.5,157.5,null
"2018-09-30T12:10:00.000Z",45.701965,5.883716,0,10.5,21,270,null
"2018-09-30T12:14:03.000Z",45.701965,5.883716,13,23,35,270,null
"2018-09-30T12:18:03.000Z",45.701965,5.883716,7.75,19,33.5,247.5,null
"2018-09-30T12:22:03.000Z",45.701965,5.883716,1.75,15,33.5,247.5,null
"2018-09-30T12:26:08.000Z",45.701965,5.883716,18.5,27,42,247.5,null
"2018-09-30T12:30:08.000Z",45.701965,5.883716,12.5,23,45,270,null
"2018-09-30T12:34:08.000Z",45.701965,5.883716,16,28.5,42,270,null
"2018-09-30T12:38:12.000Z",45.701965,5.883716,20,31.5,43.5,270,null
"2018-09-30T12:42:12.000Z",45.701965,5.883716,18,28,38.5,270,null
"2018-09-30T12:46:12.000Z",45.701965,5.883716,7.75,26,36,270,null
"2018-09-30T12:50:16.000Z",45.701965,5.883716,19,31.5,38.5,270,null
"2018-09-30T12:54:16.000Z",45.701965,5.883716,13.5,26,36,270,null
"2018-09-30T12:58:16.000Z",45.701965,5.883716,18.5,28.5,37,270,null
"2018-09-30T13:02:19.000Z",45.701965,5.883716,15.5,25,35.5,270,null
"2018-09-30T13:06:19.000Z",45.701965,5.883716,18,23.5,30.5,270,null
"2018-09-30T13:10:19.000Z",45.701965,5.883716,15.5,24,29,270,null
"2018-09-30T13:14:24.000Z",45.701965,5.883716,16.5,25,33,292.5,null
"2018-09-30T13:18:24.000Z",45.701965,5.883716,17.5,27,35.5,270,null
"2018-09-30T13:22:24.000Z",45.701965,5.883716,11,24.5,37,270,null
"2018-09-30T13:26:28.000Z",45.701965,5.883716,18.5,26,32.5,292.5,null
"2018-09-30T13:30:28.000Z",45.701965,5.883716,22.5,29,34.5,292.5,null
"2018-09-30T13:34:28.000Z",45.701965,5.883716,18,25.5,33,292.5,null
"2018-09-30T13:38:32.000Z",45.701965,5.883716,22,26.5,31.5,270,null
"2018-09-30T13:42:32.000Z",45.701965,5.883716,21,33,43,270,null
"2018-09-30T13:46:32.000Z",45.701965,5.883716,21.5,36,49.5,292.5,null
"2018-09-30T13:50:37.000Z",45.701965,5.883716,12,30,45.5,292.5,null
"2018-09-30T13:54:37.000Z",45.701965,5.883716,14,30.5,43.5,292.5,null
"2018-09-30T13:58:37.000Z",45.701965,5.883716,27.5,40.5,52,292.5,null
"2018-09-30T14:02:40.000Z",45.701965,5.883716,23.5,33.5,46.5,270,null
"2018-09-30T14:06:40.000Z",45.701965,5.883716,16.5,28.5,39,270,null
"2018-09-30T14:10:40.000Z",45.701965,5.883716,20.5,36,44.5,292.5,null
"2018-09-30T14:14:45.000Z",45.701965,5.883716,28,37,43.5,292.5,null
"2018-09-30T14:18:45.000Z",45.701965,5.883716,29,36.5,42.5,292.5,null
"2018-09-30T14:22:45.000Z",45.701965,5.883716,20,27.5,36,292.5,null
"2018-09-30T14:26:49.000Z",45.701965,5.883716,15.5,23,31.5,292.5,null
"2018-09-30T14:30:49.000Z",45.701965,5.883716,12.5,19,27,292.5,null
"2018-09-30T14:34:49.000Z",45.701965,5.883716,10.5,17.5,23,270,null
"2018-09-30T14:38:53.000Z",45.701965,5.883716,0.75,9,18.5,270,null
"2018-09-30T14:42:53.000Z",45.701965,5.883716,1,7.5,13,337.5,null
"2018-09-30T14:46:53.000Z",45.701965,5.883716,4.75,8,11.5,45,null
"2018-09-30T14:50:57.000Z",45.701965,5.883716,0.25,3,7.25,22.5,null
"2018-09-30T14:54:57.000Z",45.701965,5.883716,0.25,4.75,8.75,22.5,null
"2018-09-30T14:58:57.000Z",45.701965,5.883716,3.5,6,9.5,45,null
"2018-09-30T15:03:00.000Z",45.701965,5.883716,3.25,5.5,11,90,null
"2018-09-30T15:07:00.000Z",45.701965,5.883716,0,2.25,8.75,90,null
"2018-09-30T15:11:00.000Z",45.701965,5.883716,0,1.75,6.5,45,null
"2018-09-30T15:15:05.000Z",45.701965,5.883716,9,16,27,22.5,null
"2018-09-30T15:19:05.000Z",45.701965,5.883716,7,14.5,25.5,292.5,null
"2018-09-30T15:23:05.000Z",45.701965,5.883716,18,20.5,26,270,null
"2018-09-30T15:27:09.000Z",45.701965,5.883716,2.5,14,21.5,270,null
"2018-09-30T15:31:09.000Z",45.701965,5.883716,4.5,7.5,13,270,null
"2018-09-30T15:35:09.000Z",45.701965,5.883716,3.25,8.75,13,270,null
"2018-09-30T15:39:13.000Z",45.701965,5.883716,2.5,4.75,7.75,270,null
"2018-09-30T15:43:13.000Z",45.701965,5.883716,1.75,5.5,8.25,202.5,null
"2018-09-30T15:47:13.000Z",45.701965,5.883716,0,3,7,180,null
"2018-09-30T15:51:16.000Z",45.701965,5.883716,0,2,7.25,202.5,null
"2018-09-30T15:55:16.000Z",45.701965,5.883716,0.25,3,6,157.5,null
"2018-09-30T15:59:16.000Z",45.701965,5.883716,0,2.25,6.5,157.5,null
"2018-09-30T16:03:21.000Z",45.701965,5.883716,1.5,3,4.75,157.5,null
"2018-09-30T16:07:21.000Z",45.701965,5.883716,0,1,3.75,157.5,null
"2018-09-30T16:11:21.000Z",45.701965,5.883716,0,0.75,3.5,157.5,null
"2018-09-30T16:15:25.000Z",45.701965,5.883716,0.75,2.25,6.5,135,null
"2018-09-30T16:19:25.000Z",45.701965,5.883716,0,0.75,3.5,135,null
"2018-09-30T16:23:25.000Z",45.701965,5.883716,0,1.25,4.5,135,null
"2018-09-30T16:27:29.000Z",45.701965,5.883716,0.5,3,6.25,90,null
"2018-09-30T16:31:29.000Z",45.701965,5.883716,0,3.25,10.5,90,null
"2018-09-30T16:35:29.000Z",45.701965,5.883716,0,1.75,4.75,67.5,null
"2018-09-30T16:39:33.000Z",45.701965,5.883716,0,2,6.25,112.5,null
"2018-09-30T16:43:33.000Z",45.701965,5.883716,0,0.75,2.75,90,null
"2018-09-30T16:47:33.000Z",45.701965,5.883716,0,1.5,3.5,90,null
"2018-09-30T16:51:36.000Z",45.701965,5.883716,0,1.5,2.75,90,null
"2018-09-30T16:55:36.000Z",45.701965,5.883716,0,0.25,1.5,90,null
"2018-09-30T16:59:36.000Z",45.701965,5.883716,0,4,6.5,45,null
"2018-09-30T17:03:41.000Z",45.701965,5.883716,2,4,6.5,45,null
"2018-09-30T17:07:41.000Z",45.701965,5.883716,0,1.25,5.5,90,null
"2018-09-30T17:11:41.000Z",45.701965,5.883716,1,4,7.25,180,null
"2018-09-30T17:15:45.000Z",45.701965,5.883716,0,5.75,10.5,90,null
"2018-09-30T17:19:45.000Z",45.701965,5.883716,0,2.25,7,157.5,null
"2018-09-30T17:23:45.000Z",45.701965,5.883716,1.75,3.75,6.25,90,null
"2018-09-30T17:27:49.000Z",45.701965,5.883716,0,3.5,9.5,112.5,null
"2018-09-30T17:31:49.000Z",45.701965,5.883716,0,3.5,7.75,90,null
"2018-09-30T17:35:49.000Z",45.701965,5.883716,0,2.5,9,67.5,null
"2018-09-30T17:39:53.000Z",45.701965,5.883716,1.75,6.25,14,90,null
"2018-09-30T17:43:53.000Z",45.701965,5.883716,1,5,8.25,112.5,null
"2018-09-30T17:47:53.000Z",45.701965,5.883716,1,5,11,135,null
"2018-09-30T17:51:57.000Z",45.701965,5.883716,0,3,7.25,135,null
"2018-09-30T17:55:57.000Z",45.701965,5.883716,0.75,3,6.25,112.5,null
"2018-09-30T17:59:57.000Z",45.701965,5.883716,0,1.5,3.75,135,null
"2018-09-30T18:04:02.000Z",45.701965,5.883716,1,4.25,11.5,157.5,null
"2018-09-30T18:08:02.000Z",45.701965,5.883716,1.75,7.5,14.5,180,null
"2018-09-30T18:12:02.000Z",45.701965,5.883716,0.25,3.25,10.5,135,null
"2018-09-30T18:16:05.000Z",45.701965,5.883716,0.25,2.75,10.5,112.5,null
"2018-09-30T18:20:05.000Z",45.701965,5.883716,0,4,9.75,135,null
"2018-09-30T18:24:05.000Z",45.701965,5.883716,0,3.5,14,157.5,null
"2018-09-30T18:28:09.000Z",45.701965,5.883716,0,3.25,6.5,112.5,null
"2018-09-30T18:32:09.000Z",45.701965,5.883716,0,2.5,8,157.5,null
"2018-09-30T18:36:09.000Z",45.701965,5.883716,0,2,7,112.5,null
"2018-09-30T18:40:13.000Z",45.701965,5.883716,0,2,4.75,90,null
"2018-09-30T18:44:13.000Z",45.701965,5.883716,0,2.75,7,90,null
"2018-09-30T18:48:13.000Z",45.701965,5.883716,0,2,5.25,112.5,null
"2018-09-30T18:52:17.000Z",45.701965,5.883716,0,0,1.5,112.5,null
"2018-09-30T18:56:17.000Z",45.701965,5.883716,0,2.75,6.25,135,null
"2018-09-30T19:00:17.000Z",45.701965,5.883716,0,2.25,10.5,135,null
"2018-09-30T19:04:22.000Z",45.701965,5.883716,0,1.75,5.5,135,null
"2018-09-30T19:08:22.000Z",45.701965,5.883716,0,1,3.75,135,null
"2018-09-30T19:12:22.000Z",45.701965,5.883716,0.25,3,6.5,90,null
"2018-09-30T19:16:25.000Z",45.701965,5.883716,0.75,2.25,5.25,112.5,null
"2018-09-30T19:20:25.000Z",45.701965,5.883716,0.25,2.25,5.5,90,null
"2018-09-30T19:24:25.000Z",45.701965,5.883716,0,1.25,4.75,112.5,null
"2018-09-30T19:28:29.000Z",45.701965,5.883716,0,2.5,6.5,135,null
"2018-09-30T19:32:29.000Z",45.701965,5.883716,0.75,3.5,10,135,null
"2018-09-30T19:36:29.000Z",45.701965,5.883716,0,1,2.75,112.5,null
"2018-09-30T19:40:33.000Z",45.701965,5.883716,0.25,3.25,8.25,112.5,null
"2018-09-30T19:44:33.000Z",45.701965,5.883716,0.25,3,7,112.5,null
"2018-09-30T19:48:33.000Z",45.701965,5.883716,0.75,3,6.5,112.5,null
"2018-09-30T19:53:21.000Z",45.701965,5.883716,0,2.25,4.25,112.5,null
"2018-09-30T19:57:21.000Z",45.701965,5.883716,0,1,3.25,112.5,null
"2018-09-30T20:01:21.000Z",45.701965,5.883716,0,0.5,3.75,112.5,null
"2018-09-30T20:05:26.000Z",45.701965,5.883716,1.5,3.75,6,112.5,null
"2018-09-30T20:09:26.000Z",45.701965,5.883716,1.5,3.25,4.75,90,null
"2018-09-30T20:13:26.000Z",45.701965,5.883716,0.75,2.25,5.25,112.5,null
"2018-09-30T20:17:30.000Z",45.701965,5.883716,1.25,5,7.25,90,null
"2018-09-30T20:21:30.000Z",45.701965,5.883716,1.5,4.25,8.25,90,null
"2018-09-30T20:25:30.000Z",45.701965,5.883716,1.75,4.75,7.75,90,null
"2018-09-30T20:29:34.000Z",45.701965,5.883716,0.75,3,6,90,null
"2018-09-30T20:33:34.000Z",45.701965,5.883716,0,3,7,90,null
"2018-09-30T20:37:34.000Z",45.701965,5.883716,0,2.5,6,157.5,null
"2018-09-30T20:41:38.000Z",45.701965,5.883716,0,2,5.75,157.5,null
"2018-09-30T20:45:38.000Z",45.701965,5.883716,0,0.5,2,157.5,null
"2018-09-30T20:49:38.000Z",45.701965,5.883716,1.5,3,6,157.5,null
"2018-09-30T20:53:42.000Z",45.701965,5.883716,1,3.5,6,157.5,null
"2018-09-30T20:57:42.000Z",45.701965,5.883716,1,2.5,3.75,135,null
"2018-09-30T21:01:42.000Z",45.701965,5.883716,0.25,1.5,3.5,135,null
"2018-09-30T21:05:46.000Z",45.701965,5.883716,0,0.25,1,135,null
"2018-09-30T21:09:46.000Z",45.701965,5.883716,0,0,0,135,null
"2018-09-30T21:13:46.000Z",45.701965,5.883716,0,0,0,135,null
"2018-09-30T21:17:50.000Z",45.701965,5.883716,0,0.5,1,135,null
"2018-09-30T21:21:50.000Z",45.701965,5.883716,0.75,3.5,7,135,null
"2018-09-30T21:25:50.000Z",45.701965,5.883716,1.5,4,6,112.5,null
"2018-09-30T21:29:53.000Z",45.701965,5.883716,2.5,4.5,7,90,null
"2018-09-30T21:33:53.000Z",45.701965,5.883716,2.5,5,7,90,null
"2018-09-30T21:37:53.000Z",45.701965,5.883716,2,4.5,7.25,90,null
"2018-09-30T21:41:58.000Z",45.701965,5.883716,0,3,7,112.5,null
"2018-09-30T21:45:58.000Z",45.701965,5.883716,0,0.75,3.25,112.5,null
"2018-09-30T21:49:58.000Z",45.701965,5.883716,0,2,4.75,112.5,null
"2018-09-30T21:54:02.000Z",45.701965,5.883716,0,2,4.75,112.5,null
"2018-09-30T21:58:02.000Z",45.701965,5.883716,0.25,4.5,9,90,null
"2018-09-30T22:02:02.000Z",45.701965,5.883716,1.5,5.25,9.75,90,null
"2018-09-30T22:06:06.000Z",45.701965,5.883716,1,4.5,9.5,90,null
"2018-09-30T22:10:06.000Z",45.701965,5.883716,2,5.25,7.75,90,null
"2018-09-30T22:14:06.000Z",45.701965,5.883716,0.75,4.25,6.5,90,null
"2018-09-30T22:18:10.000Z",45.701965,5.883716,0,2.25,5.5,112.5,null
"2018-09-30T22:22:10.000Z",45.701965,5.883716,3.25,5,6.25,112.5,null
"2018-09-30T22:26:10.000Z",45.701965,5.883716,0.25,2.75,5.5,112.5,null
"2018-09-30T22:30:14.000Z",45.701965,5.883716,0.25,4.75,9.5,112.5,null
"2018-09-30T22:34:14.000Z",45.701965,5.883716,2.75,5.5,8.75,90,null
"2018-09-30T22:38:14.000Z",45.701965,5.883716,0.25,4.25,9,90,null
"2018-09-30T22:42:18.000Z",45.701965,5.883716,1.5,3.5,6.5,90,null
"2018-09-30T22:46:18.000Z",45.701965,5.883716,1.75,5,8,90,null
"2018-09-30T22:50:18.000Z",45.701965,5.883716,0.75,3.75,8,90,null
"2018-09-30T22:54:22.000Z",45.701965,5.883716,1.75,5,8.25,67.5,null
"2018-09-30T22:58:22.000Z",45.701965,5.883716,1.5,3.25,7.25,67.5,null
"2018-09-30T23:02:22.000Z",45.701965,5.883716,2.75,5.25,8,67.5,null
"2018-09-30T23:06:26.000Z",45.701965,5.883716,0,1.75,4.75,67.5,null
"2018-09-30T23:10:26.000Z",45.701965,5.883716,0,1.75,3.75,67.5,null
"2018-09-30T23:14:26.000Z",45.701965,5.883716,1,3,5.25,67.5,null
"2018-09-30T23:18:31.000Z",45.701965,5.883716,0,1,3.25,67.5,null
"2018-09-30T23:22:31.000Z",45.701965,5.883716,0,1.5,2.75,67.5,null
"2018-09-30T23:26:31.000Z",45.701965,5.883716,0,1.25,2.5,67.5,null
"2018-09-30T23:30:35.000Z",45.701965,5.883716,0,0.75,2.5,67.5,null
"2018-09-30T23:34:35.000Z",45.701965,5.883716,0,0.25,1.75,67.5,null
"2018-09-30T23:38:35.000Z",45.701965,5.883716,0,1,3.5,90,null
"2018-09-30T23:42:38.000Z",45.701965,5.883716,0,1.75,4.25,90,null
"2018-09-30T23:46:38.000Z",45.701965,5.883716,2.75,4,5.25,90,null
"2018-09-30T23:50:38.000Z",45.701965,5.883716,3.25,4,5.5,90,null
"2018-09-30T23:54:43.000Z",45.701965,5.883716,0.25,2.5,4.75,90,null
"2018-09-30T23:58:43.000Z",45.701965,5.883716,0,1.5,3.5,90,null
