"License","http://developers.pioupiou.fr/data-licensing"
"Attribution","(c) contributors of the OpenWindMap wind network <https://www.openwindmap.org>"
"time","latitude","longitude","wind_speed_min","wind_speed_avg","wind_speed_max","wind_heading","pressure"
"utc","degrees","degrees","km/h","km/h","km/h","degrees","(deprecated)"
"2019-03-01T00:03:26.000Z",45.701694,5.883461,6,8.75,11.5,0,null
"2019-03-01T00:07:30.000Z",45.701694,5.883461,5.5,8,10,0,null
"2019-03-01T00:11:30.000Z",45.701694,5.883461,8,9.5,12,0,null
"2019-03-01T00:15:30.000Z",45.701694,5.883461,8.25,9.5,10.5,0,null
"2019-03-01T00:20:28.000Z",45.701694,5.883461,4.25,7.75,10,22.5,null
"2019-03-01T00:24:28.000Z",45.701694,5.883461,4.25,6.75,8.75,0,null
"2019-03-01T00:28:28.000Z",45.701694,5.883461,2.75,5,8,22.5,null
"2019-03-01T00:32:31.000Z",45.701694,5.883461,1.5,3.25,5.25,45,null
"2019-03-01T00:36:31.000Z",45.701694,5.883461,0,1.25,4.75,67.5,null
"2019-03-01T00:40:31.000Z",45.701694,5.883461,0,1.5,4.25,315,null
"2019-03-01T00:44:36.000Z",45.701694,5.883461,1.5,2.5,3.5,315,null
"2019-03-01T00:48:36.000Z",45.701694,5.883461,2,3.25,3.75,0,null
"2019-03-01T00:52:36.000Z",45.701694,5.883461,1.5,2.25,3.25,45,null
"2019-03-01T00:56:40.000Z",45.701694,5.883461,0.25,1.5,2.5,67.5,null
"2019-03-01T01:00:40.000Z",45.701694,5.883461,0.75,2.5,3.75,67.5,null
"2019-03-01T01:04:40.000Z",45.701694,5.883461,2,4,6.25,67.5,null
"2019-03-01T01:08:44.000Z",45.701694,5.883461,2.75,5.75,9.5,90,null
"2019-03-01T01:12:44.000Z",45.701694,5.883461,2,4,7,90,null
"2019-03-01T01:16:44.000Z",45.701694,5.883461,1.5,3,4.5,67.5,null
"2019-03-01T01:20:48.000Z",45.701694,5.883461,0.25,3.5,6,67.5,null
"2019-03-01T01:24:48.000Z",45.701694,5.883461,0,6.75,11,292.5,null
"2019-03-01T01:28:48.000Z",45.701694,5.883461,4.25,5.25,6.5,270,null
"2019-03-01T01:32:53.000Z",45.701694,5.883461,5.5,7.75,9.75,270,null
"2019-03-01T01:36:53.000Z",45.701694,5.883461,0,4.5,6.5,247.5,null
"2019-03-01T01:40:53.000Z",45.701694,5.883461,0,2.25,4.75,157.5,null
"2019-03-01T01:44:56.000Z",45.701694,5.883461,0.75,2.5,5.5,157.5,null
"2019-03-01T01:48:56.000Z",45.701694,5.883461,0.25,1.5,2.75,157.5,null
"2019-03-01T01:52:56.000Z",45.701694,5.883461,2,3.5,5.25,157.5,null
"2019-03-01T01:57:00.000Z",45.701694,5.883461,2,3,4.25,157.5,null
"2019-03-01T02:01:00.000Z",45.701694,5.883461,0.75,2,2.75,135,null
"2019-03-01T02:05:00.000Z",45.701694,5.883461,1.75,3.25,4.5,180,null
"2019-03-01T02:09:04.000Z",45.701694,5.883461,0,2.25,3.5,112.5,null
"2019-03-01T02:13:04.000Z",45.701694,5.883461,0,1.25,2.75,45,null
"2019-03-01T02:17:04.000Z",45.701694,5.883461,0.75,3,5.25,112.5,null
"2019-03-01T02:21:08.000Z",45.701694,5.883461,0,1.25,2.75,45,null
"2019-03-01T02:25:08.000Z",45.701694,5.883461,0,0.5,2,45,null
"2019-03-01T02:29:08.000Z",45.701694,5.883461,0,0.25,1.5,315,null
"2019-03-01T02:33:13.000Z",45.701694,5.883461,0,3,7.25,315,null
"2019-03-01T02:37:13.000Z",45.701694,5.883461,0,1,2.75,157.5,null
"2019-03-01T02:41:13.000Z",45.701694,5.883461,0,0.75,2,202.5,null
"2019-03-01T02:45:17.000Z",45.701694,5.883461,0.25,2,3.25,180,null
"2019-03-01T02:49:17.000Z",45.701694,5.883461,0,1,3.25,112.5,null
"2019-03-01T02:53:17.000Z",45.701694,5.883461,0,2,3.75,112.5,null
"2019-03-01T02:57:21.000Z",45.701694,5.883461,1.75,5.5,9,67.5,null
"2019-03-01T03:01:21.000Z",45.701694,5.883461,3.75,6.5,9,67.5,null
"2019-03-01T03:05:21.000Z",45.701694,5.883461,0,2.5,4.25,67.5,null
"2019-03-01T03:09:25.000Z",45.701694,5.883461,0,1.25,3.25,90,null
"2019-03-01T03:13:25.000Z",45.701694,5.883461,0,0.25,1.75,90,null
"2019-03-01T03:17:25.000Z",45.701694,5.883461,0,2.25,3.5,22.5,null
"2019-03-01T03:21:28.000Z",45.701694,5.883461,0,3.25,7.25,0,null
"2019-03-01T03:25:28.000Z",45.701694,5.883461,6.25,9.25,12.5,315,null
"2019-03-01T03:29:28.000Z",45.701694,5.883461,2,8,13,337.5,null
"2019-03-01T03:33:33.000Z",45.701694,5.883461,9.5,11,14.5,0,null
"2019-03-01T03:37:33.000Z",45.701694,5.883461,4.75,9.5,13.5,0,null
"2019-03-01T03:41:33.000Z",45.701694,5.883461,7,11,14,0,null
"2019-03-01T03:45:37.000Z",45.701694,5.883461,7.75,10.5,13,337.5,null
"2019-03-01T03:49:37.000Z",45.701694,5.883461,11,13,15,0,null
"2019-03-01T03:53:37.000Z",45.701694,5.883461,5.5,9,14,337.5,null
"2019-03-01T03:57:41.000Z",45.701694,5.883461,4.25,6.25,8.25,45,null
"2019-03-01T04:01:41.000Z",45.701694,5.883461,1.75,4.5,7.75,22.5,null
"2019-03-01T04:05:41.000Z",45.701694,5.883461,1.75,4.5,7,0,null
"2019-03-01T04:09:45.000Z",45.701694,5.883461,0,1.25,3.5,22.5,null
"2019-03-01T04:13:45.000Z",45.701694,5.883461,0,2,4.5,22.5,null
"2019-03-01T04:17:45.000Z",45.701694,5.883461,1.5,4.25,7.75,315,null
"2019-03-01T04:21:49.000Z",45.701694,5.883461,4.25,6,8.25,292.5,null
"2019-03-01T04:25:49.000Z",45.701694,5.883461,5.5,7.75,11,247.5,null
"2019-03-01T04:29:49.000Z",45.701694,5.883461,2.5,5,8,247.5,null
"2019-03-01T04:33:53.000Z",45.701694,5.883461,0,1.75,4.25,225,null
"2019-03-01T04:37:53.000Z",45.701694,5.883461,3.5,5.75,8.25,202.5,null
"2019-03-01T04:41:53.000Z",45.701694,5.883461,6,8.25,10.5,202.5,null
"2019-03-01T04:45:57.000Z",45.701694,5.883461,1,4,7,180,null
"2019-03-01T04:49:57.000Z",45.701694,5.883461,1.75,3.5,6.25,157.5,null
"2019-03-01T04:53:57.000Z",45.701694,5.883461,2.5,4,6.5,135,null
"2019-03-01T04:58:01.000Z",45.701694,5.883461,1.5,2.5,3.75,90,null
"2019-03-01T05:02:01.000Z",45.701694,5.883461,1,2.5,3.75,112.5,null
"2019-03-01T05:06:01.000Z",45.701694,5.883461,2.5,4.25,6.25,112.5,null
"2019-03-01T05:10:05.000Z",45.701694,5.883461,1.75,3.5,5.25,112.5,null
"2019-03-01T05:14:05.000Z",45.701694,5.883461,0,1.25,3.25,135,null
"2019-03-01T05:18:05.000Z",45.701694,5.883461,2.5,3.25,4.5,112.5,null
"2019-03-01T05:22:09.000Z",45.701694,5.883461,2,4,7.75,90,null
"2019-03-01T05:26:09.000Z",45.701694,5.883461,2,3.5,7.25,90,null
"2019-03-01T05:30:09.000Z",45.701694,5.883461,1.5,5,8.75,90,null
"2019-03-01T05:34:13.000Z",45.701694,5.883461,0.75,6,8.75,90,null
"2019-03-01T05:38:13.000Z",45.701694,5.883461,0.25,3.75,9,157.5,null
"2019-03-01T05:42:13.000Z",45.701694,5.883461,0,2.75,11,247.5,null
"2019-03-01T05:46:17.000Z",45.701694,5.883461,2.5,7.25,13.5,247.5,null
"2019-03-01T05:50:17.000Z",45.701694,5.883461,0,3,10,90,null
"2019-03-01T05:54:17.000Z",45.701694,5.883461,0,3.25,5.5,135,null
"2019-03-01T05:58:21.000Z",45.701694,5.883461,0.75,2.5,4.75,135,null
"2019-03-01T06:02:21.000Z",45.701694,5.883461,4.5,7,12,225,null
"2019-03-01T06:06:21.000Z",45.701694,5.883461,7.75,10,12,202.5,null
"2019-03-01T06:10:26.000Z",45.701694,5.883461,3.25,7,9.5,202.5,null
"2019-03-01T06:14:26.000Z",45.701694,5.883461,0,1.25,3.25,225,null
"2019-03-01T06:18:26.000Z",45.701694,5.883461,0,1,3.25,225,null
"2019-03-01T06:22:30.000Z",45.701694,5.883461,0,0.5,1.75,157.5,null
"2019-03-01T06:26:30.000Z",45.701694,5.883461,0.75,1.5,2.5,67.5,null
"2019-03-01T06:30:30.000Z",45.701694,5.883461,2,4,5.5,90,null
"2019-03-01T06:34:33.000Z",45.701694,5.883461,0,0.5,2.25,22.5,null
"2019-03-01T06:38:33.000Z",45.701694,5.883461,0,1.25,3.5,0,null
"2019-03-01T06:42:33.000Z",45.701694,5.883461,1,2.25,3.5,225,null
"2019-03-01T06:46:38.000Z",45.701694,5.883461,0,3.5,5.25,157.5,null
"2019-03-01T06:50:38.000Z",45.701694,5.883461,0,4,8.75,225,null
"2019-03-01T06:54:38.000Z",45.701694,5.883461,1.75,4,6,180,null
"2019-03-01T06:58:42.000Z",45.701694,5.883461,2.5,5.25,8.75,202.5,null
"2019-03-01T07:02:42.000Z",45.701694,5.883461,6.25,7.5,10,225,null
"2019-03-01T07:06:42.000Z",45.701694,5.883461,5.5,7.75,10,180,null
"2019-03-01T07:10:46.000Z",45.701694,5.883461,0,3.5,9,157.5,null
"2019-03-01T07:14:46.000Z",45.701694,5.883461,0,0.5,1.75,45,null
"2019-03-01T07:18:46.000Z",45.701694,5.883461,0,1.5,3.5,45,null
"2019-03-01T07:22:50.000Z",45.701694,5.883461,0,1.75,4.75,45,null
"2019-03-01T07:26:50.000Z",45.701694,5.883461,0,0.25,1,22.5,null
"2019-03-01T07:30:50.000Z",45.701694,5.883461,0,0.5,2.75,67.5,null
"2019-03-01T07:34:54.000Z",45.701694,5.883461,0,4.5,12,337.5,null
"2019-03-01T07:38:54.000Z",45.701694,5.883461,7.25,9,11.5,337.5,null
"2019-03-01T07:42:54.000Z",45.701694,5.883461,3.5,5,7.75,337.5,null
"2019-03-01T07:46:58.000Z",45.701694,5.883461,4.25,5.75,7.25,337.5,null
"2019-03-01T07:50:58.000Z",45.701694,5.883461,0.25,3.25,6,0,null
"2019-03-01T07:54:58.000Z",45.701694,5.883461,0.75,2.25,4.25,22.5,null
"2019-03-01T07:59:02.000Z",45.701694,5.883461,0.75,3.75,5.5,22.5,null
"2019-03-01T08:03:02.000Z",45.701694,5.883461,2.5,4.25,7,22.5,null
"2019-03-01T08:07:02.000Z",45.701694,5.883461,4.25,5.25,7.25,22.5,null
"2019-03-01T08:11:06.000Z",45.701694,5.883461,0,4,6.5,0,null
"2019-03-01T08:15:06.000Z",45.701694,5.883461,0,4,12,337.5,null
"2019-03-01T08:19:06.000Z",45.701694,5.883461,5.5,7.5,11,0,null
"2019-03-01T08:23:10.000Z",45.701694,5.883461,5.25,8.25,12,22.5,null
"2019-03-01T08:27:10.000Z",45.701694,5.883461,7.25,9.5,12,0,null
"2019-03-01T08:31:10.000Z",45.701694,5.883461,7,14,24.5,337.5,null
"2019-03-01T08:35:14.000Z",45.701694,5.883461,9,12,15.5,337.5,null
"2019-03-01T08:39:14.000Z",45.701694,5.883461,12,15,18,337.5,null
"2019-03-01T08:43:14.000Z",45.701694,5.883461,10,14,16.5,0,null
"2019-03-01T08:47:18.000Z",45.701694,5.883461,10.5,14.5,17.5,337.5,null
"2019-03-01T08:51:18.000Z",45.701694,5.883461,3.75,9,15.5,0,null
"2019-03-01T08:55:18.000Z",45.701694,5.883461,0,3.25,7.25,90,null
"2019-03-01T08:59:22.000Z",45.701694,5.883461,0,1.75,5.25,112.5,null
"2019-03-01T09:03:22.000Z",45.701694,5.883461,0.25,3.75,9.5,67.5,null
"2019-03-01T09:07:22.000Z",45.701694,5.883461,4.25,8.25,11.5,22.5,null
"2019-03-01T09:11:26.000Z",45.701694,5.883461,6.5,9.5,14,22.5,null
"2019-03-01T09:15:26.000Z",45.701694,5.883461,7.75,13,16,0,null
"2019-03-01T09:19:26.000Z",45.701694,5.883461,7.75,13.5,17,0,null
"2019-03-01T09:23:30.000Z",45.701694,5.883461,13,14.5,16.5,337.5,null
"2019-03-01T09:27:30.000Z",45.701694,5.883461,4.75,10.5,18,337.5,null
"2019-03-01T09:31:30.000Z",45.701694,5.883461,13,16,19,337.5,null
"2019-03-01T09:35:34.000Z",45.701694,5.883461,8.25,12.5,15.5,337.5,null
"2019-03-01T09:39:34.000Z",45.701694,5.883461,4.5,10.5,16.5,337.5,null
"2019-03-01T09:43:34.000Z",45.701694,5.883461,8.25,13.5,18,0,null
"2019-03-01T09:47:38.000Z",45.701694,5.883461,8,11.5,15,0,null
"2019-03-01T09:51:38.000Z",45.701694,5.883461,8,10.5,12,0,null
"2019-03-01T09:55:38.000Z",45.701694,5.883461,6,12.5,18.5,0,null
"2019-03-01T09:59:42.000Z",45.701694,5.883461,8,11,14.5,0,null
"2019-03-01T10:03:42.000Z",45.701694,5.883461,10,11.5,12.5,337.5,null
"2019-03-01T10:07:42.000Z",45.701694,5.883461,9.75,11.5,12.5,0,null
"2019-03-01T10:11:47.000Z",45.701694,5.883461,8,10,12,337.5,null
"2019-03-01T10:15:47.000Z",45.701694,5.883461,3.75,5.5,8,337.5,null
"2019-03-01T10:19:47.000Z",45.701694,5.883461,4.5,7,10.5,337.5,null
"2019-03-01T10:23:50.000Z",45.701694,5.883461,5.25,8.5,11.5,337.5,null
"2019-03-01T10:27:50.000Z",45.701694,5.883461,8.25,10.5,13,337.5,null
"2019-03-01T10:31:50.000Z",45.701694,5.883461,4.5,8,9.75,315,null
"2019-03-01T10:35:54.000Z",45.701694,5.883461,6,8.5,10,337.5,null
"2019-03-01T10:39:54.000Z",45.701694,5.883461,8,10,12.5,337.5,null
"2019-03-01T10:43:54.000Z",45.701694,5.883461,6,11,16,337.5,null
"2019-03-01T10:47:58.000Z",45.701694,5.883461,9.75,17.5,30,337.5,null
"2019-03-01T10:51:58.000Z",45.701694,5.883461,3.75,14,30,337.5,null
"2019-03-01T10:55:58.000Z",45.701694,5.883461,7.25,13,21,337.5,null
"2019-03-01T11:00:03.000Z",45.701694,5.883461,2.75,5.75,10.5,337.5,null
"2019-03-01T11:04:03.000Z",45.701694,5.883461,0.75,4,9,292.5,null
"2019-03-01T11:08:03.000Z",45.701694,5.883461,4.25,9.25,14,270,null
"2019-03-01T11:12:07.000Z",45.701694,5.883461,5.25,9.5,18,337.5,null
"2019-03-01T11:16:07.000Z",45.701694,5.883461,6,11,18.5,337.5,null
"2019-03-01T11:20:07.000Z",45.701694,5.883461,3.25,12,21,337.5,null
"2019-03-01T11:24:11.000Z",45.701694,5.883461,5.25,10,17.5,337.5,null
"2019-03-01T11:28:11.000Z",45.701694,5.883461,0,3.5,12,202.5,null
"2019-03-01T11:32:11.000Z",45.701694,5.883461,1.75,8.5,13.5,202.5,null
"2019-03-01T11:36:15.000Z",45.701694,5.883461,0.75,5.5,13.5,112.5,null
"2019-03-01T11:40:15.000Z",45.701694,5.883461,2.75,5.5,9.5,90,null
"2019-03-01T11:44:15.000Z",45.701694,5.883461,4.5,9.25,16.5,67.5,null
"2019-03-01T11:48:19.000Z",45.701694,5.883461,6.25,12.5,23.5,45,null
"2019-03-01T11:52:19.000Z",45.701694,5.883461,0.75,6,13.5,0,null
"2019-03-01T11:56:19.000Z",45.701694,5.883461,1.5,3.25,6.5,247.5,null
"2019-03-01T12:00:22.000Z",45.701694,5.883461,0,2,5.25,315,null
"2019-03-01T12:04:22.000Z",45.701694,5.883461,0.25,4,9.5,45,null
"2019-03-01T12:08:22.000Z",45.701694,5.883461,2.75,8.5,21,22.5,null
"2019-03-01T12:12:27.000Z",45.701694,5.883461,3.75,13,19.5,22.5,null
"2019-03-01T12:16:27.000Z",45.701694,5.883461,7,13,21,0,null
"2019-03-01T12:20:27.000Z",45.701694,5.883461,4.75,9.75,15,0,null
"2019-03-01T12:24:31.000Z",45.701694,5.883461,2.5,12.5,21.5,0,null
"2019-03-01T12:28:31.000Z",45.701694,5.883461,6,10,19,0,null
"2019-03-01T12:32:31.000Z",45.701694,5.883461,3.5,10,17,22.5,null
"2019-03-01T12:36:35.000Z",45.701694,5.883461,6.5,9.5,16,22.5,null
"2019-03-01T12:40:35.000Z",45.701694,5.883461,9,13,18.5,0,null
"2019-03-01T12:44:35.000Z",45.701694,5.883461,3.75,9,18.5,45,null
"2019-03-01T12:48:39.000Z",45.701694,5.883461,0.25,4,9,90,null
"2019-03-01T12:52:39.000Z",45.701694,5.883461,2,6.25,10,67.5,null
"2019-03-01T12:56:39.000Z",45.701694,5.883461,0.25,3.25,7.75,67.5,null
"2019-03-01T13:00:43.000Z",45.701694,5.883461,0,2.25,4.5,270,null
"2019-03-01T13:04:43.000Z",45.701694,5.883461,2,4.75,8,202.5,null
"2019-03-01T13:08:43.000Z",45.701694,5.883461,1,4.5,7.25,67.5,null
"2019-03-01T13:12:48.000Z",45.701694,5.883461,0.25,5.5,8.75,247.5,null
"2019-03-01T13:16:48.000Z",45.701694,5.883461,5.5,6.75,8.25,225,null
"2019-03-01T13:20:48.000Z",45.701694,5.883461,1.5,5.5,10,135,null
"2019-03-01T13:24:52.000Z",45.701694,5.883461,6,8.5,13,22.5,null
"2019-03-01T13:28:52.000Z",45.701694,5.883461,4.25,10,16.5,22.5,null
"2019-03-01T13:32:52.000Z",45.701694,5.883461,0,2,8.25,315,null
"2019-03-01T13:36:56.000Z",45.701694,5.883461,0,0.25,1.75,112.5,null
"2019-03-01T13:40:56.000Z",45.701694,5.883461,0,1.25,3.25,202.5,null
"2019-03-01T13:44:56.000Z",45.701694,5.883461,0.75,2.25,3.5,247.5,null
"2019-03-01T13:48:59.000Z",45.701694,5.883461,3.75,5.75,8.75,0,null
"2019-03-01T13:52:59.000Z",45.701694,5.883461,1,5.25,9.5,0,null
"2019-03-01T13:56:59.000Z",45.701694,5.883461,0,5.75,13,337.5,null
"2019-03-01T14:01:04.000Z",45.701694,5.883461,0,3.5,7.25,292.5,null
"2019-03-01T14:05:04.000Z",45.701694,5.883461,0,0.5,2,292.5,null
"2019-03-01T14:09:04.000Z",45.701694,5.883461,0,2.5,4.25,315,null
"2019-03-01T14:13:07.000Z",45.701694,5.883461,1,3.5,5.25,337.5,null
"2019-03-01T14:17:07.000Z",45.701694,5.883461,1.75,5.75,7.25,315,null
"2019-03-01T14:21:07.000Z",45.701694,5.883461,0.75,3.5,5.5,315,null
"2019-03-01T14:25:12.000Z",45.701694,5.883461,0,2.25,5.5,0,null
"2019-03-01T14:29:12.000Z",45.701694,5.883461,0,2.75,6.25,225,null
"2019-03-01T14:33:12.000Z",45.701694,5.883461,0.75,4,7,202.5,null
"2019-03-01T14:37:16.000Z",45.701694,5.883461,0,1,2,67.5,null
"2019-03-01T14:41:16.000Z",45.701694,5.883461,1.75,3.75,6,45,null
"2019-03-01T14:45:16.000Z",45.701694,5.883461,4.5,6,8.75,22.5,null
"2019-03-01T14:49:19.000Z",45.701694,5.883461,0.25,5.25,9.75,45,null
"2019-03-01T14:53:19.000Z",45.701694,5.883461,0,1.25,4.5,112.5,null
"2019-03-01T14:57:19.000Z",45.701694,5.883461,0,1.25,3.25,90,null
"2019-03-01T15:01:24.000Z",45.701694,5.883461,2.75,6.25,13.5,225,null
"2019-03-01T15:05:24.000Z",45.701694,5.883461,6.25,9.75,12.5,225,null
"2019-03-01T15:09:24.000Z",45.701694,5.883461,8,9.25,10.5,225,null
"2019-03-01T15:13:28.000Z",45.701694,5.883461,7,8,10,202.5,null
"2019-03-01T15:17:28.000Z",45.701694,5.883461,5.5,7.5,9,202.5,null
"2019-03-01T15:21:28.000Z",45.701694,5.883461,6.5,7.75,8.75,202.5,null
"2019-03-01T15:25:32.000Z",45.701694,5.883461,5.25,8,10,180,null
"2019-03-01T15:29:32.000Z",45.701694,5.883461,5.25,9.25,11.5,180,null
"2019-03-01T15:33:32.000Z",45.701694,5.883461,5.25,8,11.5,180,null
"2019-03-01T15:37:36.000Z",45.701694,5.883461,6.5,11,12,180,null
"2019-03-01T15:41:36.000Z",45.701694,5.883461,1.75,6.25,10,135,null
"2019-03-01T15:45:36.000Z",45.701694,5.883461,1.5,4.25,6.25,157.5,null
"2019-03-01T15:49:40.000Z",45.701694,5.883461,4.25,7,9,180,null
"2019-03-01T15:53:40.000Z",45.701694,5.883461,1.5,3.5,6.25,157.5,null
"2019-03-01T15:57:40.000Z",45.701694,5.883461,0,2.25,4.5,67.5,null
"2019-03-01T16:01:44.000Z",45.701694,5.883461,0,0.25,1.5,90,null
"2019-03-01T16:05:44.000Z",45.701694,5.883461,0,0,0,135,null
"2019-03-01T16:09:44.000Z",45.701694,5.883461,0,0.75,3.5,90,null
"2019-03-01T16:13:48.000Z",45.701694,5.883461,0,0.75,2.75,90,null
"2019-03-01T16:17:48.000Z",45.701694,5.883461,0.75,2.5,4.5,135,null
"2019-03-01T16:21:48.000Z",45.701694,5.883461,0,2.5,5.25,180,null
"2019-03-01T16:25:52.000Z",45.701694,5.883461,3.25,5,6.25,225,null
"2019-03-01T16:29:52.000Z",45.701694,5.883461,0.75,2.5,4.5,180,null
"2019-03-01T16:33:52.000Z",45.701694,5.883461,3.25,5,6,202.5,null
"2019-03-01T16:37:56.000Z",45.701694,5.883461,0,2.5,6,157.5,null
"2019-03-01T16:41:56.000Z",45.701694,5.883461,0.25,2.5,4.25,135,null
"2019-03-01T16:45:56.000Z",45.701694,5.883461,0,1.75,4.25,135,null
"2019-03-01T16:50:00.000Z",45.701694,5.883461,0.75,2.75,5.25,157.5,null
"2019-03-01T16:54:00.000Z",45.701694,5.883461,0.75,1.75,3.25,135,null
"2019-03-01T16:58:00.000Z",45.701694,5.883461,0.25,1.5,3.25,135,null
"2019-03-01T17:02:04.000Z",45.701694,5.883461,0.75,2,3.5,90,null
"2019-03-01T17:06:04.000Z",45.701694,5.883461,0,1.75,3.5,90,null
"2019-03-01T17:10:04.000Z",45.701694,5.883461,0.25,1.25,2.5,90,null
"2019-03-01T17:14:09.000Z",45.701694,5.883461,0,0.25,2,90,null
"2019-03-01T17:18:09.000Z",45.701694,5.883461,0,2.75,6,270,null
"2019-03-01T17:22:09.000Z",45.701694,5.883461,0,0.75,3.5,247.5,null
"2019-03-01T17:26:13.000Z",45.701694,5.883461,0,0.25,3.25,180,null
"2019-03-01T17:30:13.000Z",45.701694,5.883461,0.25,2.25,4.75,225,null
"2019-03-01T17:34:13.000Z",45.701694,5.883461,1,2.25,3.75,157.5,null
"2019-03-01T17:38:16.000Z",45.701694,5.883461,1.5,3,4.75,180,null
"2019-03-01T17:42:16.000Z",45.701694,5.883461,1,2.5,3.5,112.5,null
"2019-03-01T17:46:16.000Z",45.701694,5.883461,0.25,1.75,2.75,112.5,null
"2019-03-01T17:50:21.000Z",45.701694,5.883461,0,0.5,1.75,112.5,null
"2019-03-01T17:54:21.000Z",45.701694,5.883461,0,0.5,1.5,135,null
"2019-03-01T17:58:21.000Z",45.701694,5.883461,0.25,1.5,2.75,157.5,null
"2019-03-01T18:02:25.000Z",45.701694,5.883461,3.25,4.5,5.5,180,null
"2019-03-01T18:06:25.000Z",45.701694,5.883461,3.25,4.75,6.5,180,null
"2019-03-01T18:10:25.000Z",45.701694,5.883461,5.25,5.75,6.25,180,null
"2019-03-01T18:14:29.000Z",45.701694,5.883461,5.5,6.5,7.25,180,null
"2019-03-01T18:18:29.000Z",45.701694,5.883461,5.25,7,9.5,180,null
"2019-03-01T18:22:29.000Z",45.701694,5.883461,4.5,5.75,7,180,null
"2019-03-01T18:26:33.000Z",45.701694,5.883461,4.75,6.5,8.75,180,null
"2019-03-01T18:30:33.000Z",45.701694,5.883461,6.25,7.25,8,202.5,null
"2019-03-01T18:34:33.000Z",45.701694,5.883461,2.5,4.75,6.5,180,null
"2019-03-01T18:38:37.000Z",45.701694,5.883461,2,4,5.5,180,null
"2019-03-01T18:42:37.000Z",45.701694,5.883461,3.75,4.5,5.5,180,null
"2019-03-01T18:46:37.000Z",45.701694,5.883461,3.75,4.5,5.25,180,null
"2019-03-01T18:50:41.000Z",45.701694,5.883461,2,3.75,5.25,180,null
"2019-03-01T18:54:41.000Z",45.701694,5.883461,0.25,2,3.75,157.5,null
"2019-03-01T18:58:41.000Z",45.701694,5.883461,0,0.75,2.75,135,null
"2019-03-01T19:02:45.000Z",45.701694,5.883461,0,1.25,4.25,157.5,null
"2019-03-01T19:06:45.000Z",45.701694,5.883461,0,0.5,2.75,180,null
"2019-03-01T19:10:45.000Z",45.701694,5.883461,2,4.25,5.25,180,null
"2019-03-01T19:14:49.000Z",45.701694,5.883461,0,2.5,5.5,157.5,null
"2019-03-01T19:18:49.000Z",45.701694,5.883461,0,1.25,2.5,112.5,null
"2019-03-01T19:22:49.000Z",45.701694,5.883461,0,1.25,3.25,112.5,null
"2019-03-01T19:26:52.000Z",45.701694,5.883461,0.75,2,4.25,157.5,null
"2019-03-01T19:30:52.000Z",45.701694,5.883461,1,3.25,4.75,157.5,null
"2019-03-01T19:34:52.000Z",45.701694,5.883461,1,2.5,3.5,157.5,null
"2019-03-01T19:38:57.000Z",45.701694,5.883461,0.75,1.75,2.75,135,null
"2019-03-01T19:42:57.000Z",45.701694,5.883461,0.75,1.75,3.25,112.5,null
"2019-03-01T19:46:57.000Z",45.701694,5.883461,0.25,1.75,3.75,135,null
"2019-03-01T19:51:01.000Z",45.701694,5.883461,0.75,3.5,5.25,180,null
"2019-03-01T19:55:01.000Z",45.701694,5.883461,3.5,4.25,4.5,180,null
"2019-03-01T19:59:01.000Z",45.701694,5.883461,4.25,4.75,5.5,202.5,null
"2019-03-01T20:03:05.000Z",45.701694,5.883461,0.25,2.25,4.5,180,null
"2019-03-01T20:07:05.000Z",45.701694,5.883461,0,0.25,1.5,135,null
"2019-03-01T20:11:05.000Z",45.701694,5.883461,0,0.5,1.75,135,null
"2019-03-01T20:15:08.000Z",45.701694,5.883461,0,0.25,1.5,135,null
"2019-03-01T20:19:08.000Z",45.701694,5.883461,0,0,0,135,null
"2019-03-01T20:23:08.000Z",45.701694,5.883461,0,0,0,157.5,null
"2019-03-01T20:27:13.000Z",45.701694,5.883461,0,0.75,2.5,157.5,null
"2019-03-01T20:31:13.000Z",45.701694,5.883461,1,2,2.75,180,null
"2019-03-01T20:35:13.000Z",45.701694,5.883461,0,0,1.5,157.5,null
"2019-03-01T20:39:17.000Z",45.701694,5.883461,0,0.25,2,180,null
"2019-03-01T20:43:17.000Z",45.701694,5.883461,2,3.25,4.25,180,null
"2019-03-01T20:47:17.000Z",45.701694,5.883461,1.5,3.25,4.75,157.5,null
"2019-03-01T20:51:21.000Z",45.701694,5.883461,1,2.5,4.25,157.5,null
"2019-03-01T20:55:21.000Z",45.701694,5.883461,2.75,3.75,4.25,180,null
"2019-03-01T20:59:21.000Z",45.701694,5.883461,3.5,4.25,4.75,157.5,null
"2019-03-01T21:03:25.000Z",45.701694,5.883461,2.5,4.5,7,157.5,null
"2019-03-01T21:07:25.000Z",45.701694,5.883461,2.75,5.75,8,157.5,null
"2019-03-01T21:11:25.000Z",45.701694,5.883461,2.75,5.5,7.75,157.5,null
"2019-03-01T21:15:30.000Z",45.701694,5.883461,0.25,2.75,6,157.5,null
"2019-03-01T21:19:30.000Z",45.701694,5.883461,1.5,4.25,6.25,157.5,null
"2019-03-01T21:23:30.000Z",45.701694,5.883461,3.25,4,5.25,180,null
"2019-03-01T21:27:33.000Z",45.701694,5.883461,3.75,5,6,225,null
"2019-03-01T21:31:33.000Z",45.701694,5.883461,4.5,5.25,6.5,247.5,null
"2019-03-01T21:35:33.000Z",45.701694,5.883461,1,3.25,4.5,225,null
"2019-03-01T21:39:37.000Z",45.701694,5.883461,0,0.5,1.75,135,null
"2019-03-01T21:43:37.000Z",45.701694,5.883461,0,0.5,1.75,112.5,null
"2019-03-01T21:47:37.000Z",45.701694,5.883461,0.25,1.75,3.5,67.5,null
"2019-03-01T21:51:42.000Z",45.701694,5.883461,1,2.5,3.75,90,null
"2019-03-01T21:55:42.000Z",45.701694,5.883461,0.25,1.5,2.75,112.5,null
"2019-03-01T21:59:42.000Z",45.701694,5.883461,0.25,2,3.5,67.5,null
"2019-03-01T22:03:46.000Z",45.701694,5.883461,0,0.5,2,90,null
"2019-03-01T22:07:46.000Z",45.701694,5.883461,0,1,3.75,45,null
"2019-03-01T22:11:46.000Z",45.701694,5.883461,1,3,4.25,22.5,null
"2019-03-01T22:15:50.000Z",45.701694,5.883461,2.5,3,4.25,0,null
"2019-03-01T22:19:50.000Z",45.701694,5.883461,3.75,4.5,4.75,337.5,null
"2019-03-01T22:23:50.000Z",45.701694,5.883461,2,3.25,4.25,337.5,null
"2019-03-01T22:27:54.000Z",45.701694,5.883461,2,4.75,8.75,292.5,null
"2019-03-01T22:31:54.000Z",45.701694,5.883461,5.25,7.5,9,315,null
"2019-03-01T22:35:54.000Z",45.701694,5.883461,2.75,4,5.5,315,null
"2019-03-01T22:39:58.000Z",45.701694,5.883461,1.5,3,3.75,315,null
"2019-03-01T22:43:58.000Z",45.701694,5.883461,0,0,1.75,292.5,null
"2019-03-01T22:47:58.000Z",45.701694,5.883461,0,1.25,4.75,22.5,null
"2019-03-01T22:52:01.000Z",45.701694,5.883461,2.75,4.5,5.5,22.5,null
"2019-03-01T22:56:01.000Z",45.701694,5.883461,3.25,5,7.25,0,null
"2019-03-01T23:00:01.000Z",45.701694,5.883461,7,7.25,8,0,null
"2019-03-01T23:04:06.000Z",45.701694,5.883461,7.25,7.5,8,337.5,null
"2019-03-01T23:08:06.000Z",45.701694,5.883461,6.5,7.5,8,337.5,null
"2019-03-01T23:12:06.000Z",45.701694,5.883461,6.25,6.75,7.25,337.5,null
"2019-03-01T23:16:10.000Z",45.701694,5.883461,6,6.5,7.75,315,null
"2019-03-01T23:20:10.000Z",45.701694,5.883461,2,5,6.5,315,null
"2019-03-01T23:24:10.000Z",45.701694,5.883461,0.25,2.75,5.25,45,null
"2019-03-01T23:28:14.000Z",45.701694,5.883461,0.25,2.5,3.75,45,null
"2019-03-01T23:32:14.000Z",45.701694,5.883461,0,0.25,1.5,67.5,null
"2019-03-01T23:36:14.000Z",45.701694,5.883461,0,0,0,90,null
"2019-03-01T23:40:18.000Z",45.701694,5.883461,0,0.25,2,315,null
"2019-03-01T23:44:18.000Z",45.701694,5.883461,1,3.25,4.75,292.5,null
"2019-03-01T23:48:18.000Z",45.701694,5.883461,1.75,6,7.25,292.5,null
"2019-03-01T23:52:22.000Z",45.701694,5.883461,4.5,5.5,6.25,315,null
"2019-03-01T23:56:22.000Z",45.701694,5.883461,3.5,5.5,6.25,315,null
"2019-03-02T00:00:22.000Z",45.701694,5.883461,3.5,4.75,6.25,315,null
"2019-03-02T00:04:26.000Z",45.701694,5.883461,3.25,5,7.75,315,null
"2019-03-02T00:08:26.000Z",45.701694,5.883461,5.25,6.75,9,315,null
"2019-03-02T00:12:26.000Z",45.701694,5.883461,6.25,8,10.5,337.5,null
"2019-03-02T00:16:38.000Z",45.701694,5.883461,9.75,11.5,13,337.5,null
"2019-03-02T00:20:38.000Z",45.701694,5.883461,12,13.5,15,0,null
"2019-03-02T00:24:38.000Z",45.701694,5.883461,11.5,13,14.5,0,null
"2019-03-02T00:28:43.000Z",45.701694,5.883461,12,13,14.5,0,null
"2019-03-02T00:32:43.000Z",45.701694,5.883461,10,11.5,13,0,null
"2019-03-02T00:36:43.000Z",45.701694,5.883461,7,10,12,0,null
"2019-03-02T00:40:46.000Z",45.701694,5.883461,5.5,7.75,10,22.5,null
"2019-03-02T00:44:46.000Z",45.701694,5.883461,3.75,6.25,8,22.5,null
"2019-03-02T00:48:46.000Z",45.701694,5.883461,2.75,5,6.25,0,null
"2019-03-02T00:52:50.000Z",45.701694,5.883461,0.25,3,6.5,22.5,null
"2019-03-02T00:56:50.000Z",45.701694,5.883461,0,1.75,3.25,22.5,null
"2019-03-02T01:00:50.000Z",45.701694,5.883461,0.25,2,3.5,45,null
"2019-03-02T01:04:54.000Z",45.701694,5.883461,1,2,3.5,45,null
"2019-03-02T01:08:54.000Z",45.701694,5.883461,1.5,2.75,4.25,67.5,null
"2019-03-02T01:12:54.000Z",45.701694,5.883461,2.5,4.5,6.25,67.5,null
"2019-03-02T01:16:59.000Z",45.701694,5.883461,2.5,4.5,6.5,67.5,null
"2019-03-02T01:20:59.000Z",45.701694,5.883461,1,2.5,4.75,22.5,null
"2019-03-02T01:24:59.000Z",45.701694,5.883461,1.75,2.5,3.5,22.5,null
"2019-03-02T01:29:02.000Z",45.701694,5.883461,1,2.25,3.5,67.5,null
"2019-03-02T01:33:02.000Z",45.701694,5.883461,0,2.25,5.25,67.5,null
"2019-03-02T01:37:02.000Z",45.701694,5.883461,2,3.25,5.25,67.5,null
"2019-03-02T01:41:07.000Z",45.701694,5.883461,1.75,2.75,4.75,67.5,null
"2019-03-02T01:45:07.000Z",45.701694,5.883461,1,1.75,2.75,90,null
"2019-03-02T01:49:07.000Z",45.701694,5.883461,0,0.25,2,90,null
"2019-03-02T01:53:11.000Z",45.701694,5.883461,0,6.75,9.75,247.5,null
"2019-03-02T01:57:11.000Z",45.701694,5.883461,0.75,4,6,202.5,null
"2019-03-02T02:01:11.000Z",45.701694,5.883461,1.5,3.5,7.25,135,null
"2019-03-02T02:05:14.000Z",45.701694,5.883461,0,2.25,4.75,157.5,null
"2019-03-02T02:09:14.000Z",45.701694,5.883461,1.5,4.25,7.25,202.5,null
"2019-03-02T02:13:14.000Z",45.701694,5.883461,3.5,7.75,13.5,202.5,null
"2019-03-02T02:17:19.000Z",45.701694,5.883461,1.75,6.25,11,180,null
"2019-03-02T02:21:19.000Z",45.701694,5.883461,4.25,6.5,9.5,157.5,null
"2019-03-02T02:25:19.000Z",45.701694,5.883461,1.5,4.75,8,135,null
"2019-03-02T02:29:22.000Z",45.701694,5.883461,0,1.5,4.25,90,null
"2019-03-02T02:33:22.000Z",45.701694,5.883461,0,1.25,2.75,67.5,null
"2019-03-02T02:37:22.000Z",45.701694,5.883461,2,3,5.25,90,null
"2019-03-02T02:41:26.000Z",45.701694,5.883461,1.5,2.25,3.5,90,null
"2019-03-02T02:45:26.000Z",45.701694,5.883461,0,1.5,3.5,67.5,null
"2019-03-02T02:49:26.000Z",45.701694,5.883461,0,0.25,1,90,null
"2019-03-02T02:53:31.000Z",45.701694,5.883461,0,1.25,2.75,67.5,null
"2019-03-02T02:57:31.000Z",45.701694,5.883461,0,0.75,2.75,67.5,null
"2019-03-02T03:01:31.000Z",45.701694,5.883461,0,0,0,112.5,null
"2019-03-02T03:05:35.000Z",45.701694,5.883461,0,0,0,90,null
"2019-03-02T03:09:35.000Z",45.701694,5.883461,0,0,0,90,null
"2019-03-02T03:13:35.000Z",45.701694,5.883461,0,0,0,67.5,null
"2019-03-02T03:17:38.000Z",45.701694,5.883461,0,0.5,2.75,45,null
"2019-03-02T03:21:38.000Z",45.701694,5.883461,0.25,1.25,2.75,90,null
"2019-03-02T03:25:38.000Z",45.701694,5.883461,0,1.5,3.75,112.5,null
"2019-03-02T03:29:43.000Z",45.701694,5.883461,1.5,2.5,4.25,112.5,null
"2019-03-02T03:33:43.000Z",45.701694,5.883461,0,1.25,3.5,135,null
"2019-03-02T03:37:43.000Z",45.701694,5.883461,0,0.75,2.5,135,null
"2019-03-02T03:41:47.000Z",45.701694,5.883461,0.75,3.5,5.5,67.5,null
"2019-03-02T03:45:47.000Z",45.701694,5.883461,2,3.25,4.5,90,null
"2019-03-02T03:49:47.000Z",45.701694,5.883461,1,1.75,2.75,90,null
"2019-03-02T03:53:50.000Z",45.701694,5.883461,0.25,1.25,2.75,90,null
"2019-03-02T03:57:50.000Z",45.701694,5.883461,0,0.75,2,90,null
"2019-03-02T04:01:50.000Z",45.701694,5.883461,0,1.25,4.75,157.5,null
"2019-03-02T04:05:55.000Z",45.701694,5.883461,1,2.5,5,135,null
"2019-03-02T04:09:55.000Z",45.701694,5.883461,1.75,3,4.75,112.5,null
"2019-03-02T04:13:55.000Z",45.701694,5.883461,0.75,2.25,4.25,90,null
"2019-03-02T04:17:59.000Z",45.701694,5.883461,1,3,5.5,90,null
"2019-03-02T04:21:59.000Z",45.701694,5.883461,3.25,5,8.25,90,null
"2019-03-02T04:25:59.000Z",45.701694,5.883461,2.75,4.75,7.25,90,null
"2019-03-02T04:30:03.000Z",45.701694,5.883461,2.5,5.25,8.25,67.5,null
"2019-03-02T04:34:03.000Z",45.701694,5.883461,0.25,3.75,7.25,90,null
"2019-03-02T04:38:03.000Z",45.701694,5.883461,2,6.5,10,67.5,null
"2019-03-02T04:42:08.000Z",45.701694,5.883461,1.5,4,6,90,null
"2019-03-02T04:46:08.000Z",45.701694,5.883461,1.5,4.75,8.75,67.5,null
"2019-03-02T04:50:08.000Z",45.701694,5.883461,0,3.5,6.25,67.5,null
"2019-03-02T04:54:11.000Z",45.701694,5.883461,0,1.25,5.5,90,null
"2019-03-02T04:58:11.000Z",45.701694,5.883461,0,1.5,3.25,112.5,null
"2019-03-02T05:02:11.000Z",45.701694,5.883461,0,1,2.5,67.5,null
"2019-03-02T05:06:15.000Z",45.701694,5.883461,0,0,1,67.5,null
"2019-03-02T05:10:15.000Z",45.701694,5.883461,0,1,2.75,337.5,null
"2019-03-02T05:14:15.000Z",45.701694,5.883461,0,0,0,180,null
"2019-03-02T05:18:20.000Z",45.701694,5.883461,0,1.25,3.75,22.5,null
"2019-03-02T05:22:20.000Z",45.701694,5.883461,2.5,6.25,8.75,0,null
"2019-03-02T05:26:20.000Z",45.701694,5.883461,5.5,6.5,7.25,0,null
"2019-03-02T05:30:24.000Z",45.701694,5.883461,5.5,6.5,7.25,0,null
"2019-03-02T05:34:24.000Z",45.701694,5.883461,5.5,6.5,7.25,337.5,null
"2019-03-02T05:38:24.000Z",45.701694,5.883461,6.25,7.25,8.75,0,null
"2019-03-02T05:42:28.000Z",45.701694,5.883461,5.5,7.25,8.25,0,null
"2019-03-02T05:46:28.000Z",45.701694,5.883461,5.5,7.25,8.75,337.5,null
"2019-03-02T05:50:28.000Z",45.701694,5.883461,6.25,9.25,13.5,337.5,null
"2019-03-02T05:54:31.000Z",45.701694,5.883461,8.75,11,13,337.5,null
"2019-03-02T05:58:31.000Z",45.701694,5.883461,8.25,11,12.5,337.5,null
"2019-03-02T06:02:31.000Z",45.701694,5.883461,8.25,10.5,12,0,null
"2019-03-02T06:06:35.000Z",45.701694,5.883461,7,8.75,10,0,null
"2019-03-02T06:10:35.000Z",45.701694,5.883461,7.25,9.25,11,0,null
"2019-03-02T06:14:35.000Z",45.701694,5.883461,7,9.5,11.5,0,null
"2019-03-02T06:18:40.000Z",45.701694,5.883461,5.5,7.75,10,0,null
"2019-03-02T06:22:40.000Z",45.701694,5.883461,0.25,2.75,6.25,67.5,null
"2019-03-02T06:26:40.000Z",45.701694,5.883461,0.75,2.5,4.25,135,null
"2019-03-02T06:30:44.000Z",45.701694,5.883461,0,0.75,2.5,112.5,null
"2019-03-02T06:34:44.000Z",45.701694,5.883461,0.25,1.75,3.25,112.5,null
"2019-03-02T06:38:44.000Z",45.701694,5.883461,0,1.75,3.75,112.5,null
"2019-03-02T06:42:47.000Z",45.701694,5.883461,0,1.5,4.25,67.5,null
"2019-03-02T06:46:47.000Z",45.701694,5.883461,0,1.5,4.25,90,null
"2019-03-02T06:50:47.000Z",45.701694,5.883461,0,1.5,4.5,90,null
"2019-03-02T06:54:52.000Z",45.701694,5.883461,0.25,2.25,4.5,67.5,null
"2019-03-02T06:58:52.000Z",45.701694,5.883461,0.25,2.25,4.5,67.5,null
"2019-03-02T07:02:52.000Z",45.701694,5.883461,0,0.5,2,67.5,null
"2019-03-02T07:06:55.000Z",45.701694,5.883461,0,0,0.25,135,null
"2019-03-02T07:10:55.000Z",45.701694,5.883461,0,1.25,2.5,157.5,null
"2019-03-02T07:14:55.000Z",45.701694,5.883461,0,0.5,1.75,135,null
"2019-03-02T07:19:00.000Z",45.701694,5.883461,0,0.75,2.75,202.5,null
"2019-03-02T07:23:00.000Z",45.701694,5.883461,2,3.5,5.5,247.5,null
"2019-03-02T07:27:00.000Z",45.701694,5.883461,3.5,6.5,8.75,247.5,null
"2019-03-02T07:31:04.000Z",45.701694,5.883461,5.25,6.75,9.25,247.5,null
"2019-03-02T07:35:04.000Z",45.701694,5.883461,3.25,4.5,6.5,202.5,null
"2019-03-02T07:39:04.000Z",45.701694,5.883461,1.5,3.75,4.75,180,null
"2019-03-02T07:43:08.000Z",45.701694,5.883461,2,3.75,4.75,180,null
"2019-03-02T07:47:08.000Z",45.701694,5.883461,0.75,2,4.25,135,null
"2019-03-02T07:51:08.000Z",45.701694,5.883461,0.25,2.25,4.5,135,null
"2019-03-02T07:55:13.000Z",45.701694,5.883461,0,3.25,6,90,null
"2019-03-02T07:59:13.000Z",45.701694,5.883461,3.25,6,9.5,90,null
"2019-03-02T08:03:13.000Z",45.701694,5.883461,0,1.5,4.25,67.5,null
"2019-03-02T08:07:16.000Z",45.701694,5.883461,0,1.75,4.25,135,null
"2019-03-02T08:11:16.000Z",45.701694,5.883461,0,1.75,3.75,180,null
"2019-03-02T08:15:16.000Z",45.701694,5.883461,0,1,2.75,135,null
"2019-03-02T08:19:20.000Z",45.701694,5.883461,0,1,3.25,135,null
"2019-03-02T08:23:20.000Z",45.701694,5.883461,1.75,4.25,7.75,135,null
"2019-03-02T08:27:20.000Z",45.701694,5.883461,0.75,3.75,6,157.5,null
"2019-03-02T08:31:24.000Z",45.701694,5.883461,3.5,5.25,8.25,180,null
"2019-03-02T08:35:24.000Z",45.701694,5.883461,3.75,7.75,10.5,180,null
"2019-03-02T08:39:24.000Z",45.701694,5.883461,7.25,10.5,13,180,null
"2019-03-02T08:43:28.000Z",45.701694,5.883461,7.25,10,12.5,202.5,null
"2019-03-02T08:47:28.000Z",45.701694,5.883461,4.25,6.5,8,180,null
"2019-03-02T08:51:28.000Z",45.701694,5.883461,0.75,3.75,6.25,180,null
"2019-03-02T08:55:32.000Z",45.701694,5.883461,0,1.75,4.5,157.5,null
"2019-03-02T08:59:32.000Z",45.701694,5.883461,0,3.25,7.25,157.5,null
"2019-03-02T09:03:32.000Z",45.701694,5.883461,0,4.25,8.25,202.5,null
"2019-03-02T09:07:37.000Z",45.701694,5.883461,2.5,5,8,180,null
"2019-03-02T09:11:37.000Z",45.701694,5.883461,1.75,3.75,5.5,180,null
"2019-03-02T09:15:37.000Z",45.701694,5.883461,1.5,3,5.25,202.5,null
"2019-03-02T09:19:40.000Z",45.701694,5.883461,3.25,4.5,6.25,247.5,null
"2019-03-02T09:23:40.000Z",45.701694,5.883461,4.5,5.75,8.75,225,null
"2019-03-02T09:27:40.000Z",45.701694,5.883461,4.25,6,8.25,180,null
"2019-03-02T09:31:44.000Z",45.701694,5.883461,1,4.5,8.25,157.5,null
"2019-03-02T09:35:44.000Z",45.701694,5.883461,0,4.25,8,180,null
"2019-03-02T09:39:44.000Z",45.701694,5.883461,0.75,5.75,12,180,null
"2019-03-02T09:43:49.000Z",45.701694,5.883461,1,5.25,9,225,null
"2019-03-02T09:47:49.000Z",45.701694,5.883461,4.25,8,11.5,292.5,null
"2019-03-02T09:51:49.000Z",45.701694,5.883461,1,4.5,7,315,null
"2019-03-02T09:55:52.000Z",45.701694,5.883461,3.25,9.5,14,292.5,null
"2019-03-02T09:59:52.000Z",45.701694,5.883461,8.75,10.5,12.5,315,null
"2019-03-02T10:03:52.000Z",45.701694,5.883461,4.25,8.25,10,315,null
"2019-03-02T10:07:57.000Z",45.701694,5.883461,0,3.5,7.25,270,null
"2019-03-02T10:11:57.000Z",45.701694,5.883461,0,3.75,9,292.5,null
"2019-03-02T10:15:57.000Z",45.701694,5.883461,1,3.25,8.25,337.5,null
"2019-03-02T10:20:01.000Z",45.701694,5.883461,3.5,4.75,6,0,null
"2019-03-02T10:24:01.000Z",45.701694,5.883461,2,4.75,6.25,0,null
"2019-03-02T10:28:01.000Z",45.701694,5.883461,3.5,4.75,5.5,0,null
"2019-03-02T10:32:05.000Z",45.701694,5.883461,0,2.5,4.5,22.5,null
"2019-03-02T10:36:05.000Z",45.701694,5.883461,0,0.25,1.5,180,null
"2019-03-02T10:40:05.000Z",45.701694,5.883461,1,3,4.75,202.5,null
"2019-03-02T10:44:09.000Z",45.701694,5.883461,4.25,5.75,7.25,180,null
"2019-03-02T10:48:09.000Z",45.701694,5.883461,2.75,5.75,8,180,null
"2019-03-02T10:52:09.000Z",45.701694,5.883461,3.75,6.5,8.25,180,null
"2019-03-02T10:56:13.000Z",45.701694,5.883461,6.5,9.5,11,202.5,null
"2019-03-02T11:00:13.000Z",45.701694,5.883461,8.25,9.75,11,225,null
"2019-03-02T11:04:13.000Z",45.701694,5.883461,8,9,11,270,null
"2019-03-02T11:08:17.000Z",45.701694,5.883461,8,9.75,12,247.5,null
"2019-03-02T11:12:17.000Z",45.701694,5.883461,7.75,8.5,9.5,202.5,null
"2019-03-02T11:16:17.000Z",45.701694,5.883461,4.75,7.75,9.5,180,null
"2019-03-02T11:20:21.000Z",45.701694,5.883461,6,8,10,157.5,null
"2019-03-02T11:24:21.000Z",45.701694,5.883461,5.25,8.25,10.5,180,null
"2019-03-02T11:28:21.000Z",45.701694,5.883461,5.5,7.25,9.5,202.5,null
"2019-03-02T11:32:25.000Z",45.701694,5.883461,9,11,13,202.5,null
"2019-03-02T11:36:25.000Z",45.701694,5.883461,10.5,12.5,14,202.5,null
"2019-03-02T11:40:25.000Z",45.701694,5.883461,8.25,11,13,202.5,null
"2019-03-02T11:44:29.000Z",45.701694,5.883461,7,8,9,180,null
"2019-03-02T11:48:29.000Z",45.701694,5.883461,3.25,5.75,8.25,157.5,null
"2019-03-02T11:52:29.000Z",45.701694,5.883461,2.5,4.75,7.25,157.5,null
"2019-03-02T11:56:33.000Z",45.701694,5.883461,0,2.5,4.25,180,null
"2019-03-02T12:00:33.000Z",45.701694,5.883461,0,0.25,2,180,null
"2019-03-02T12:04:33.000Z",45.701694,5.883461,0,0.25,1,225,null
"2019-03-02T12:08:38.000Z",45.701694,5.883461,0,0,0,225,null
"2019-03-02T12:12:38.000Z",45.701694,5.883461,0,0.5,2,270,null
"2019-03-02T12:16:38.000Z",45.701694,5.883461,0,0,1.5,337.5,null
"2019-03-02T12:20:41.000Z",45.701694,5.883461,1,2.5,4.5,337.5,null
"2019-03-02T12:24:41.000Z",45.701694,5.883461,0,1.25,2.5,0,null
"2019-03-02T12:28:41.000Z",45.701694,5.883461,0,0,0.75,180,null
"2019-03-02T12:32:45.000Z",45.701694,5.883461,0,1,2.5,225,null
"2019-03-02T12:36:45.000Z",45.701694,5.883461,0.75,3.5,6.5,225,null
"2019-03-02T12:40:45.000Z",45.701694,5.883461,3.75,5.25,7.25,225,null
"2019-03-02T12:44:49.000Z",45.701694,5.883461,5.5,6.25,7.25,225,null
"2019-03-02T12:48:49.000Z",45.701694,5.883461,0.75,2.75,7,270,null
"2019-03-02T12:52:49.000Z",45.701694,5.883461,0,1.25,3.25,22.5,null
"2019-03-02T12:56:53.000Z",45.701694,5.883461,0,0.75,4.5,67.5,null
"2019-03-02T13:00:53.000Z",45.701694,5.883461,1.5,6.25,7.75,225,null
"2019-03-02T13:04:53.000Z",45.701694,5.883461,3.75,6.25,9.75,292.5,null
"2019-03-02T13:08:57.000Z",45.701694,5.883461,8,9.75,13,315,null
"2019-03-02T13:12:57.000Z",45.701694,5.883461,7.75,11,15.5,315,null
"2019-03-02T13:16:57.000Z",45.701694,5.883461,8.25,10.5,13,337.5,null
"2019-03-02T13:21:02.000Z",45.701694,5.883461,9,17,25,292.5,null
"2019-03-02T13:25:02.000Z",45.701694,5.883461,9.5,16.5,23.5,315,null
"2019-03-02T13:29:02.000Z",45.701694,5.883461,13,16.5,23.5,315,null
"2019-03-02T13:33:06.000Z",45.701694,5.883461,15,19.5,24.5,292.5,null
"2019-03-02T13:37:06.000Z",45.701694,5.883461,11,14.5,19,315,null
"2019-03-02T13:41:06.000Z",45.701694,5.883461,7.75,11.5,16,315,null
"2019-03-02T13:45:09.000Z",45.701694,5.883461,4.75,9.75,14.5,315,null
"2019-03-02T13:49:09.000Z",45.701694,5.883461,8.25,10.5,13,292.5,null
"2019-03-02T13:53:09.000Z",45.701694,5.883461,8.75,12,15,292.5,null
"2019-03-02T13:57:14.000Z",45.701694,5.883461,4.5,7,10,337.5,null
"2019-03-02T14:01:14.000Z",45.701694,5.883461,4.5,6.5,10,337.5,null
"2019-03-02T14:05:14.000Z",45.701694,5.883461,3.5,8.5,14,0,null
"2019-03-02T14:09:17.000Z",45.701694,5.883461,4.75,7.75,10.5,0,null
"2019-03-02T14:13:17.000Z",45.701694,5.883461,0,5,10.5,0,null
"2019-03-02T14:17:17.000Z",45.701694,5.883461,4.25,8.75,15,270,null
"2019-03-02T14:21:21.000Z",45.701694,5.883461,3.5,9.25,14,270,null
"2019-03-02T14:25:21.000Z",45.701694,5.883461,3.25,8.75,17,270,null
"2019-03-02T14:29:21.000Z",45.701694,5.883461,8.25,11,13.5,270,null
"2019-03-02T14:33:26.000Z",45.701694,5.883461,9,11,13.5,247.5,null
"2019-03-02T14:37:26.000Z",45.701694,5.883461,5.5,7.25,9.75,247.5,null
"2019-03-02T14:41:26.000Z",45.701694,5.883461,4.25,7.25,9.75,180,null
"2019-03-02T14:45:29.000Z",45.701694,5.883461,0.75,3,5.75,180,null
"2019-03-02T14:49:29.000Z",45.701694,5.883461,2.5,5,6.25,180,null
"2019-03-02T14:53:29.000Z",45.701694,5.883461,3.5,4.75,5.5,202.5,null
"2019-03-02T14:57:34.000Z",45.701694,5.883461,3.25,5,6,225,null
"2019-03-02T15:01:34.000Z",45.701694,5.883461,4.75,6,6.5,247.5,null
"2019-03-02T15:05:34.000Z",45.701694,5.883461,5.5,6.25,6.5,247.5,null
"2019-03-02T15:09:38.000Z",45.701694,5.883461,5.25,6,7,247.5,null
"2019-03-02T15:13:38.000Z",45.701694,5.883461,4.75,5.75,6.5,247.5,null
"2019-03-02T15:17:38.000Z",45.701694,5.883461,4.75,6.25,7,247.5,null
"2019-03-02T15:21:42.000Z",45.701694,5.883461,5.5,6.25,6.5,225,null
"2019-03-02T15:25:42.000Z",45.701694,5.883461,6,6.5,7.25,202.5,null
"2019-03-02T15:29:42.000Z",45.701694,5.883461,3.75,5.75,7,202.5,null
"2019-03-02T15:33:46.000Z",45.701694,5.883461,1.75,3.5,4.5,180,null
"2019-03-02T15:37:46.000Z",45.701694,5.883461,1.75,3.25,4.25,180,null
"2019-03-02T15:41:46.000Z",45.701694,5.883461,2,4,4.5,180,null
"2019-03-02T15:45:50.000Z",45.701694,5.883461,2,3.5,4.25,157.5,null
"2019-03-02T15:49:50.000Z",45.701694,5.883461,0.25,1.75,2.75,180,null
"2019-03-02T15:53:50.000Z",45.701694,5.883461,1.75,2.75,3.75,180,null
"2019-03-02T15:57:54.000Z",45.701694,5.883461,0.75,2.5,3.25,180,null
"2019-03-02T16:01:54.000Z",45.701694,5.883461,1.75,2.5,3.25,202.5,null
"2019-03-02T16:05:54.000Z",45.701694,5.883461,0.75,1.25,1.75,202.5,null
"2019-03-02T16:09:58.000Z",45.701694,5.883461,0,1,3.5,270,null
"2019-03-02T16:13:58.000Z",45.701694,5.883461,1.75,2.75,3.75,337.5,null
"2019-03-02T16:17:58.000Z",45.701694,5.883461,0,1.5,3.5,315,null
"2019-03-02T16:22:02.000Z",45.701694,5.883461,0.75,3.25,4.75,315,null
"2019-03-02T16:26:02.000Z",45.701694,5.883461,3.5,4.25,4.75,337.5,null
"2019-03-02T16:30:02.000Z",45.701694,5.883461,2.75,4,4.5,337.5,null
"2019-03-02T16:34:06.000Z",45.701694,5.883461,3.25,3.75,4.5,337.5,null
"2019-03-02T16:38:06.000Z",45.701694,5.883461,3.25,4.25,4.75,337.5,null
"2019-03-02T16:42:06.000Z",45.701694,5.883461,4.25,5.25,7.25,337.5,null
"2019-03-02T16:46:11.000Z",45.701694,5.883461,6.25,7,7.75,337.5,null
"2019-03-02T16:50:11.000Z",45.701694,5.883461,5.5,7,8,0,null
"2019-03-02T16:54:11.000Z",45.701694,5.883461,6,7.25,8.25,0,null
"2019-03-02T16:58:14.000Z",45.701694,5.883461,6.25,8.25,9.5,0,null
"2019-03-02T17:02:14.000Z",45.701694,5.883461,6,7,8.75,0,null
"2019-03-02T17:06:14.000Z",45.701694,5.883461,6,7,7.75,0,null
"2019-03-02T17:10:19.000Z",45.701694,5.883461,3.5,6,7,0,null
"2019-03-02T17:14:19.000Z",45.701694,5.883461,3.5,4.75,6,0,null
"2019-03-02T17:18:19.000Z",45.701694,5.883461,3.25,4.25,5.5,0,null
"2019-03-02T17:22:22.000Z",45.701694,5.883461,2,3.5,4.75,22.5,null
"2019-03-02T17:26:22.000Z",45.701694,5.883461,1.5,2.75,3.75,0,null
"2019-03-02T17:30:22.000Z",45.701694,5.883461,2.75,3.25,3.75,337.5,null
"2019-03-02T17:34:27.000Z",45.701694,5.883461,2.75,4,6,337.5,null
"2019-03-02T17:38:27.000Z",45.701694,5.883461,4.75,5.5,6.25,337.5,null
"2019-03-02T17:42:27.000Z",45.701694,5.883461,3.75,5,6.5,0,null
"2019-03-02T17:46:30.000Z",45.701694,5.883461,1.75,3.5,4.75,22.5,null
"2019-03-02T17:50:30.000Z",45.701694,5.883461,0,1.25,3.25,22.5,null
"2019-03-02T17:54:30.000Z",45.701694,5.883461,2,3.25,3.75,337.5,null
"2019-03-02T17:58:35.000Z",45.701694,5.883461,0,2,4.25,292.5,null
"2019-03-02T18:02:35.000Z",45.701694,5.883461,0,0.5,2,270,null
"2019-03-02T18:06:35.000Z",45.701694,5.883461,0,0,0,225,null
"2019-03-02T18:10:39.000Z",45.701694,5.883461,0,0,0,202.5,null
"2019-03-02T18:14:39.000Z",45.701694,5.883461,0,0,0,180,null
"2019-03-02T18:18:39.000Z",45.701694,5.883461,0,0,0,135,null
"2019-03-02T18:22:43.000Z",45.701694,5.883461,0,0.25,1,22.5,null
"2019-03-02T18:26:43.000Z",45.701694,5.883461,0,1.75,3.25,22.5,null
"2019-03-02T18:30:43.000Z",45.701694,5.883461,2.5,3,3.75,22.5,null
"2019-03-02T18:34:47.000Z",45.701694,5.883461,2.5,3.75,4.5,0,null
"2019-03-02T18:38:47.000Z",45.701694,5.883461,2.5,3.5,4.25,22.5,null
"2019-03-02T18:42:47.000Z",45.701694,5.883461,2,3,4.25,45,null
"2019-03-02T18:46:51.000Z",45.701694,5.883461,0,0.75,3.25,90,null
"2019-03-02T18:50:51.000Z",45.701694,5.883461,0.25,4.5,7,202.5,null
"2019-03-02T18:54:51.000Z",45.701694,5.883461,3.75,5.5,7,202.5,null
"2019-03-02T18:58:55.000Z",45.701694,5.883461,1.75,4,5.25,180,null
"2019-03-02T19:02:55.000Z",45.701694,5.883461,0.25,2,4.75,157.5,null
"2019-03-02T19:06:55.000Z",45.701694,5.883461,0,0.25,1.5,135,null
"2019-03-02T19:10:59.000Z",45.701694,5.883461,0,0,0,135,null
"2019-03-02T19:14:59.000Z",45.701694,5.883461,0,1.25,3.75,202.5,null
"2019-03-02T19:18:59.000Z",45.701694,5.883461,2.5,3.75,4.75,247.5,null
"2019-03-02T19:23:03.000Z",45.701694,5.883461,0,2,3.75,202.5,null
"2019-03-02T19:27:03.000Z",45.701694,5.883461,0,0.25,1,157.5,null
"2019-03-02T19:31:03.000Z",45.701694,5.883461,0,1.25,2.75,157.5,null
"2019-03-02T19:35:07.000Z",45.701694,5.883461,0.75,1.75,2.75,180,null
"2019-03-02T19:39:07.000Z",45.701694,5.883461,1.5,2,3.25,180,null
"2019-03-02T19:43:07.000Z",45.701694,5.883461,0,1,2,157.5,null
"2019-03-02T19:47:11.000Z",45.701694,5.883461,0,0.5,2,180,null
"2019-03-02T19:51:11.000Z",45.701694,5.883461,0,2,4.75,180,null
"2019-03-02T19:55:11.000Z",45.701694,5.883461,0.25,1.5,3.25,135,null
"2019-03-02T19:59:15.000Z",45.701694,5.883461,0,1,2.75,135,null
"2019-03-02T20:03:15.000Z",45.701694,5.883461,0,1,2,157.5,null
"2019-03-02T20:07:15.000Z",45.701694,5.883461,0,0.25,1,135,null
"2019-03-02T20:11:20.000Z",45.701694,5.883461,0,0.5,2,112.5,null
"2019-03-02T20:15:20.000Z",45.701694,5.883461,1.75,3.75,6,135,null
"2019-03-02T20:19:20.000Z",45.701694,5.883461,0.25,2.75,4.75,135,null
"2019-03-02T20:23:23.000Z",45.701694,5.883461,0,0.5,3.5,112.5,null
"2019-03-02T20:27:23.000Z",45.701694,5.883461,0.75,2,3.5,67.5,null
"2019-03-02T20:31:23.000Z",45.701694,5.883461,0,1,2.5,90,null
"2019-03-02T20:35:28.000Z",45.701694,5.883461,0.25,1.75,3.25,135,null
"2019-03-02T20:39:28.000Z",45.701694,5.883461,0,2,4.75,135,null
"2019-03-02T20:43:28.000Z",45.701694,5.883461,0,1,2,90,null
"2019-03-02T20:47:31.000Z",45.701694,5.883461,0.25,1.25,2.5,90,null
"2019-03-02T20:51:31.000Z",45.701694,5.883461,0,0.5,2.5,157.5,null
"2019-03-02T20:55:31.000Z",45.701694,5.883461,0,1.5,3.25,202.5,null
"2019-03-02T20:59:35.000Z",45.701694,5.883461,0.25,2,3.5,180,null
"2019-03-02T21:03:35.000Z",45.701694,5.883461,0,1,2.5,90,null
"2019-03-02T21:07:35.000Z",45.701694,5.883461,0,1.75,5.25,337.5,null
"2019-03-02T21:11:40.000Z",45.701694,5.883461,4.5,7.5,9.75,315,null
"2019-03-02T21:15:40.000Z",45.701694,5.883461,2.5,4.75,8.25,315,null
"2019-03-02T21:19:40.000Z",45.701694,5.883461,0,1,2.5,0,null
"2019-03-02T21:23:43.000Z",45.701694,5.883461,0,1,3.25,337.5,null
"2019-03-02T21:27:43.000Z",45.701694,5.883461,1,3.25,4.75,337.5,null
"2019-03-02T21:31:43.000Z",45.701694,5.883461,0,2,3.25,67.5,null
"2019-03-02T21:35:48.000Z",45.701694,5.883461,0,1,2.75,90,null
"2019-03-02T21:39:48.000Z",45.701694,5.883461,0,0.25,2,315,null
"2019-03-02T21:43:48.000Z",45.701694,5.883461,1,2.25,3.25,337.5,null
"2019-03-02T21:47:52.000Z",45.701694,5.883461,0,1,1.75,45,null
"2019-03-02T21:51:52.000Z",45.701694,5.883461,0,0,0,112.5,null
"2019-03-02T21:55:52.000Z",45.701694,5.883461,0,0,0.75,270,null
"2019-03-02T21:59:55.000Z",45.701694,5.883461,0,1,2.5,135,null
"2019-03-02T22:03:55.000Z",45.701694,5.883461,0,1,2.5,135,null
"2019-03-02T22:07:55.000Z",45.701694,5.883461,0,1,2.5,157.5,null
"2019-03-02T22:12:00.000Z",45.701694,5.883461,1.75,2.75,3.5,180,null
"2019-03-02T22:16:00.000Z",45.701694,5.883461,1,1.75,2.75,180,null
"2019-03-02T22:20:00.000Z",45.701694,5.883461,1,1.75,2.5,225,null
"2019-03-02T22:24:04.000Z",45.701694,5.883461,0.75,1.5,2,225,null
"2019-03-02T22:28:04.000Z",45.701694,5.883461,0,0.25,1,225,null
"2019-03-02T22:32:04.000Z",45.701694,5.883461,0,0.75,2,247.5,null
"2019-03-02T22:36:08.000Z",45.701694,5.883461,0,1.25,2,225,null
"2019-03-02T22:40:08.000Z",45.701694,5.883461,0,0,0.25,180,null
"2019-03-02T22:44:08.000Z",45.701694,5.883461,0,0.5,1.75,67.5,null
"2019-03-02T22:48:12.000Z",45.701694,5.883461,0,1,2.75,67.5,null
"2019-03-02T22:52:12.000Z",45.701694,5.883461,0,0,0,112.5,null
"2019-03-02T22:56:12.000Z",45.701694,5.883461,0,0,0.25,202.5,null
"2019-03-02T23:00:16.000Z",45.701694,5.883461,0,0,0,67.5,null
"2019-03-02T23:04:16.000Z",45.701694,5.883461,0,0.5,1.5,90,null
"2019-03-02T23:08:16.000Z",45.701694,5.883461,0,1.5,3.5,90,null
"2019-03-02T23:12:20.000Z",45.701694,5.883461,0,1,3.75,67.5,null
"2019-03-02T23:16:20.000Z",45.701694,5.883461,0,0,0.75,22.5,null
"2019-03-02T23:20:20.000Z",45.701694,5.883461,0,0.5,2.5,337.5,null
"2019-03-02T23:24:24.000Z",45.701694,5.883461,0,0,0,225,null
"2019-03-02T23:28:24.000Z",45.701694,5.883461,0,0,0,202.5,null
"2019-03-02T23:32:24.000Z",45.701694,5.883461,0,0.75,2.75,180,null
"2019-03-02T23:36:29.000Z",45.701694,5.883461,0.25,1.75,3.25,225,null
"2019-03-02T23:40:29.000Z",45.701694,5.883461,0.75,2.25,4.5,202.5,null
"2019-03-02T23:44:29.000Z",45.701694,5.883461,0.75,3.25,4.5,202.5,null
"2019-03-02T23:48:32.000Z",45.701694,5.883461,0,1.25,3.25,180,null
"2019-03-02T23:52:32.000Z",45.701694,5.883461,0,1,2,135,null
"2019-03-02T23:56:32.000Z",45.701694,5.883461,0.75,1.75,2.75,112.5,null
"2019-03-03T00:00:36.000Z",45.701694,5.883461,2,3,3.75,67.5,null
"2019-03-03T00:04:36.000Z",45.701694,5.883461,1.5,2.5,3.5,90,null
"2019-03-03T00:08:36.000Z",45.701694,5.883461,0.75,1.75,3.25,90,null
"2019-03-03T00:13:33.000Z",45.701694,5.883461,0,1.25,3.25,90,null
"2019-03-03T00:17:33.000Z",45.701694,5.883461,0,0,0.75,90,null
"2019-03-03T00:21:33.000Z",45.701694,5.883461,0,1.5,3.5,67.5,null
"2019-03-03T00:25:36.000Z",45.701694,5.883461,1,2.5,5.25,67.5,null
"2019-03-03T00:29:36.000Z",45.701694,5.883461,1.75,3.25,4.75,90,null
"2019-03-03T00:33:36.000Z",45.701694,5.883461,0,1.5,4.25,90,null
"2019-03-03T00:37:40.000Z",45.701694,5.883461,0,0,0.25,90,null
"2019-03-03T00:41:40.000Z",45.701694,5.883461,0,0,0.75,157.5,null
"2019-03-03T00:45:40.000Z",45.701694,5.883461,0,0.5,2,135,null
"2019-03-03T00:49:45.000Z",45.701694,5.883461,0.25,2.5,4.75,135,null
"2019-03-03T00:53:45.000Z",45.701694,5.883461,0,1.75,3.75,157.5,null
"2019-03-03T00:57:45.000Z",45.701694,5.883461,0.25,1.75,4.5,135,null
"2019-03-03T01:01:48.000Z",45.701694,5.883461,0,1.25,4.25,135,null
"2019-03-03T01:05:48.000Z",45.701694,5.883461,0,1,2.5,112.5,null
"2019-03-03T01:09:48.000Z",45.701694,5.883461,0,1.5,3.75,135,null
"2019-03-03T01:13:53.000Z",45.701694,5.883461,0.25,2.5,4.5,112.5,null
"2019-03-03T01:17:53.000Z",45.701694,5.883461,0.25,2.25,4.25,112.5,null
"2019-03-03T01:21:53.000Z",45.701694,5.883461,0.75,3.25,6.5,90,null
"2019-03-03T01:25:57.000Z",45.701694,5.883461,2.75,4.75,7.75,90,null
"2019-03-03T01:29:57.000Z",45.701694,5.883461,0.25,2.75,5.5,90,null
"2019-03-03T01:33:57.000Z",45.701694,5.883461,1.5,3,6,90,null
"2019-03-03T01:38:01.000Z",45.701694,5.883461,3.5,5.25,8,90,null
"2019-03-03T01:42:01.000Z",45.701694,5.883461,2,4.75,7.25,90,null
"2019-03-03T01:46:01.000Z",45.701694,5.883461,0.75,2.5,4.75,112.5,null
"2019-03-03T01:50:05.000Z",45.701694,5.883461,2,4,6,135,null
"2019-03-03T01:54:05.000Z",45.701694,5.883461,1.75,4,6.5,157.5,null
"2019-03-03T01:58:05.000Z",45.701694,5.883461,1,3.75,6.5,135,null
"2019-03-03T02:02:09.000Z",45.701694,5.883461,1.5,3.25,6.25,135,null
"2019-03-03T02:06:09.000Z",45.701694,5.883461,0.75,2.75,8,112.5,null
"2019-03-03T02:10:09.000Z",45.701694,5.883461,0.25,2.25,5.25,90,null
"2019-03-03T02:14:13.000Z",45.701694,5.883461,1.5,3.5,6.25,90,null
"2019-03-03T02:18:13.000Z",45.701694,5.883461,2,3.25,4.5,90,null
"2019-03-03T02:22:13.000Z",45.701694,5.883461,2.5,4.25,6.25,90,null
"2019-03-03T02:26:17.000Z",45.701694,5.883461,1.5,3,7.25,90,null
"2019-03-03T02:30:17.000Z",45.701694,5.883461,0,3,6.25,112.5,null
"2019-03-03T02:34:17.000Z",45.701694,5.883461,1.75,3.5,6,90,null
"2019-03-03T02:38:21.000Z",45.701694,5.883461,1.75,3,3.75,90,null
"2019-03-03T02:42:21.000Z",45.701694,5.883461,1.75,2.75,4.25,112.5,null
"2019-03-03T02:46:21.000Z",45.701694,5.883461,1,2.25,3.25,135,null
"2019-03-03T02:50:25.000Z",45.701694,5.883461,1,2.25,3.75,112.5,null
"2019-03-03T02:54:25.000Z",45.701694,5.883461,0.75,1.5,2.75,112.5,null
"2019-03-03T02:58:25.000Z",45.701694,5.883461,1.5,3.25,6.5,90,null
"2019-03-03T03:02:29.000Z",45.701694,5.883461,3.5,5.75,7.75,90,null
"2019-03-03T03:06:29.000Z",45.701694,5.883461,1,3.75,7.25,112.5,null
"2019-03-03T03:10:29.000Z",45.701694,5.883461,0.75,3.75,7,112.5,null
"2019-03-03T03:14:33.000Z",45.701694,5.883461,0.75,3.25,8,112.5,null
"2019-03-03T03:18:33.000Z",45.701694,5.883461,1.5,3.5,7.25,112.5,null
"2019-03-03T03:22:33.000Z",45.701694,5.883461,1.75,3.75,6.25,135,null
"2019-03-03T03:26:37.000Z",45.701694,5.883461,0,2,6,112.5,null
"2019-03-03T03:30:37.000Z",45.701694,5.883461,0.25,1.75,3.25,112.5,null
"2019-03-03T03:34:37.000Z",45.701694,5.883461,1.75,2.75,5.25,90,null
"2019-03-03T03:38:41.000Z",45.701694,5.883461,0.25,1.75,3.5,112.5,null
"2019-03-03T03:42:41.000Z",45.701694,5.883461,0.25,2,5.25,135,null
"2019-03-03T03:46:41.000Z",45.701694,5.883461,1.5,3.5,7.75,135,null
"2019-03-03T03:50:46.000Z",45.701694,5.883461,1.5,3.75,6.75,135,null
"2019-03-03T03:54:46.000Z",45.701694,5.883461,1.75,4.25,7.25,112.5,null
"2019-03-03T03:58:46.000Z",45.701694,5.883461,2.75,4.25,8,112.5,null
"2019-03-03T04:02:50.000Z",45.701694,5.883461,1.75,4.25,7.75,112.5,null
"2019-03-03T04:06:50.000Z",45.701694,5.883461,2.5,4,7.75,112.5,null
"2019-03-03T04:10:50.000Z",45.701694,5.883461,1.5,5,8,112.5,null
"2019-03-03T04:14:53.000Z",45.701694,5.883461,0,3.75,8,112.5,null
"2019-03-03T04:18:53.000Z",45.701694,5.883461,1,3.5,7.75,135,null
"2019-03-03T04:22:53.000Z",45.701694,5.883461,1.75,6,11,90,null
"2019-03-03T04:26:58.000Z",45.701694,5.883461,2.5,4.75,8,112.5,null
"2019-03-03T04:30:58.000Z",45.701694,5.883461,1,2.75,5.5,135,null
"2019-03-03T04:34:58.000Z",45.701694,5.883461,1.5,4.25,7,112.5,null
"2019-03-03T04:39:02.000Z",45.701694,5.883461,1,3.75,9.75,112.5,null
"2019-03-03T04:43:02.000Z",45.701694,5.883461,1.5,4.5,8,112.5,null
"2019-03-03T04:47:02.000Z",45.701694,5.883461,3.25,6.75,11.5,112.5,null
"2019-03-03T04:51:06.000Z",45.701694,5.883461,2.75,6.5,9.75,112.5,null
"2019-03-03T04:55:06.000Z",45.701694,5.883461,1,4.25,7.25,112.5,null
"2019-03-03T04:59:06.000Z",45.701694,5.883461,0.25,2.75,6.5,112.5,null
"2019-03-03T05:03:09.000Z",45.701694,5.883461,1,4.25,7.25,112.5,null
"2019-03-03T05:07:09.000Z",45.701694,5.883461,1.5,4,7,90,null
"2019-03-03T05:11:09.000Z",45.701694,5.883461,2.5,4.25,6.5,112.5,null
"2019-03-03T05:15:14.000Z",45.701694,5.883461,2.5,4.25,7,90,null
"2019-03-03T05:19:14.000Z",45.701694,5.883461,2.5,5.25,9,90,null
"2019-03-03T05:23:14.000Z",45.701694,5.883461,2,5.5,9.5,112.5,null
"2019-03-03T05:27:17.000Z",45.701694,5.883461,3.5,6.25,10.5,90,null
"2019-03-03T05:31:17.000Z",45.701694,5.883461,1.5,6,11.5,90,null
"2019-03-03T05:35:17.000Z",45.701694,5.883461,1.5,4.5,8,112.5,null
"2019-03-03T05:39:22.000Z",45.701694,5.883461,2.5,5,9.5,112.5,null
"2019-03-03T05:43:22.000Z",45.701694,5.883461,3.75,6.25,8.25,112.5,null
"2019-03-03T05:47:22.000Z",45.701694,5.883461,2.75,6,11,112.5,null
"2019-03-03T05:51:26.000Z",45.701694,5.883461,1,5.5,11,112.5,null
"2019-03-03T05:55:26.000Z",45.701694,5.883461,1,5.25,12,112.5,null
"2019-03-03T05:59:26.000Z",45.701694,5.883461,3.75,7.25,11,112.5,null
"2019-03-03T06:03:30.000Z",45.701694,5.883461,2.5,7.75,12.5,157.5,null
"2019-03-03T06:07:30.000Z",45.701694,5.883461,3.5,7.5,13,135,null
"2019-03-03T06:11:30.000Z",45.701694,5.883461,3.75,8.75,13,112.5,null
"2019-03-03T06:15:34.000Z",45.701694,5.883461,2.75,7,13,112.5,null
"2019-03-03T06:19:34.000Z",45.701694,5.883461,2,7,13,112.5,null
"2019-03-03T06:23:34.000Z",45.701694,5.883461,3.75,7.75,12.5,112.5,null
"2019-03-03T06:27:38.000Z",45.701694,5.883461,3.25,7.25,11,112.5,null
"2019-03-03T06:31:38.000Z",45.701694,5.883461,1.75,4.75,10,112.5,null
"2019-03-03T06:35:38.000Z",45.701694,5.883461,3.25,6.25,11.5,112.5,null
"2019-03-03T06:39:42.000Z",45.701694,5.883461,1,5.5,10.5,112.5,null
"2019-03-03T06:43:42.000Z",45.701694,5.883461,1,4.75,10.5,112.5,null
"2019-03-03T06:47:42.000Z",45.701694,5.883461,3.5,7,12,90,null
"2019-03-03T06:51:47.000Z",45.701694,5.883461,1.75,6.25,12,90,null
"2019-03-03T06:55:47.000Z",45.701694,5.883461,2,6,10.5,90,null
"2019-03-03T06:59:47.000Z",45.701694,5.883461,0.25,4.25,9.75,112.5,null
"2019-03-03T07:03:50.000Z",45.701694,5.883461,0.25,3.5,7.25,157.5,null
"2019-03-03T07:07:50.000Z",45.701694,5.883461,1.5,4,9,112.5,null
"2019-03-03T07:11:50.000Z",45.701694,5.883461,0,3,6.5,180,null
"2019-03-03T07:15:55.000Z",45.701694,5.883461,2.5,5.5,9.5,112.5,null
"2019-03-03T07:19:55.000Z",45.701694,5.883461,1.5,5.25,9.75,112.5,null
"2019-03-03T07:23:55.000Z",45.701694,5.883461,0,3.75,7.25,135,null
"2019-03-03T07:27:59.000Z",45.701694,5.883461,2,4.5,8,135,null
"2019-03-03T07:31:59.000Z",45.701694,5.883461,2,6.25,9,135,null
"2019-03-03T07:35:59.000Z",45.701694,5.883461,1.5,4.75,7,90,null
"2019-03-03T07:40:03.000Z",45.701694,5.883461,2,6.5,12,90,null
"2019-03-03T07:44:03.000Z",45.701694,5.883461,0.75,3.25,6.25,112.5,null
"2019-03-03T07:48:03.000Z",45.701694,5.883461,1.5,3.75,6.25,112.5,null
"2019-03-03T07:52:07.000Z",45.701694,5.883461,2.75,5.5,7.75,90,null
"2019-03-03T07:56:07.000Z",45.701694,5.883461,4.5,6.75,8.75,67.5,null
"2019-03-03T08:00:07.000Z",45.701694,5.883461,0,2.25,6,67.5,null
"2019-03-03T08:04:11.000Z",45.701694,5.883461,0,3.25,6.5,90,null
"2019-03-03T08:08:11.000Z",45.701694,5.883461,1.75,3.5,6.25,67.5,null
"2019-03-03T08:12:11.000Z",45.701694,5.883461,1.5,3.5,4.75,90,null
"2019-03-03T08:16:15.000Z",45.701694,5.883461,0,0.5,2.75,90,null
"2019-03-03T08:20:15.000Z",45.701694,5.883461,0.25,2.25,6,90,null
"2019-03-03T08:24:15.000Z",45.701694,5.883461,0,2.5,5.5,157.5,null
"2019-03-03T08:28:19.000Z",45.701694,5.883461,2,4.25,7.25,112.5,null
"2019-03-03T08:32:19.000Z",45.701694,5.883461,0,4,8,112.5,null
"2019-03-03T08:36:19.000Z",45.701694,5.883461,1,4.5,8,112.5,null
"2019-03-03T08:40:23.000Z",45.701694,5.883461,0.75,3.25,6.5,90,null
"2019-03-03T08:44:23.000Z",45.701694,5.883461,1.5,5.25,10,112.5,null
"2019-03-03T08:48:23.000Z",45.701694,5.883461,0.25,4.5,9,90,null
"2019-03-03T08:52:26.000Z",45.701694,5.883461,1,4,9.5,90,null
"2019-03-03T08:56:26.000Z",45.701694,5.883461,1.75,4,6.25,90,null
"2019-03-03T09:00:26.000Z",45.701694,5.883461,1.75,5.5,8.75,112.5,null
"2019-03-03T09:04:31.000Z",45.701694,5.883461,0.75,3.5,6,90,null
"2019-03-03T09:08:31.000Z",45.701694,5.883461,0.75,4.75,8,90,null
"2019-03-03T09:12:31.000Z",45.701694,5.883461,1.5,4.75,9.75,90,null
"2019-03-03T09:16:35.000Z",45.701694,5.883461,1.75,4.25,7.25,112.5,null
"2019-03-03T09:20:35.000Z",45.701694,5.883461,0,3.5,6.25,157.5,null
"2019-03-03T09:24:35.000Z",45.701694,5.883461,1.5,5.25,8.75,157.5,null
"2019-03-03T09:28:39.000Z",45.701694,5.883461,2.5,6,9,157.5,null
"2019-03-03T09:32:39.000Z",45.701694,5.883461,0.75,6,11,157.5,null
"2019-03-03T09:36:39.000Z",45.701694,5.883461,5.25,8.75,12,180,null
"2019-03-03T09:40:43.000Z",45.701694,5.883461,2.75,7,9.5,180,null
"2019-03-03T09:44:43.000Z",45.701694,5.883461,0,3.5,6.25,180,null
"2019-03-03T09:48:43.000Z",45.701694,5.883461,0.75,3.5,6,157.5,null
"2019-03-03T09:52:48.000Z",45.701694,5.883461,1.5,3.5,7,157.5,null
"2019-03-03T09:56:48.000Z",45.701694,5.883461,1,5,8.75,157.5,null
"2019-03-03T10:00:48.000Z",45.701694,5.883461,2,5.75,13,157.5,null
"2019-03-03T10:04:52.000Z",45.701694,5.883461,6.25,12,17.5,180,null
"2019-03-03T10:08:52.000Z",45.701694,5.883461,8.75,13.5,16.5,180,null
"2019-03-03T10:12:52.000Z",45.701694,5.883461,9.75,12,14.5,180,null
"2019-03-03T10:16:55.000Z",45.701694,5.883461,8.25,11.5,13.5,180,null
"2019-03-03T10:20:55.000Z",45.701694,5.883461,6,10,12.5,180,null
"2019-03-03T10:24:55.000Z",45.701694,5.883461,9.5,12,14,180,null
"2019-03-03T10:29:00.000Z",45.701694,5.883461,7.25,10.5,13,180,null
"2019-03-03T10:33:00.000Z",45.701694,5.883461,5.5,9.75,12.5,180,null
"2019-03-03T10:37:00.000Z",45.701694,5.883461,4.5,8.5,12,202.5,null
"2019-03-03T10:41:03.000Z",45.701694,5.883461,0.25,6.25,11.5,0,null
"2019-03-03T10:45:03.000Z",45.701694,5.883461,0,2.75,6.5,315,null
"2019-03-03T10:49:03.000Z",45.701694,5.883461,2,11,19,315,null
"2019-03-03T10:53:07.000Z",45.701694,5.883461,8.75,13.5,16.5,337.5,null
"2019-03-03T10:57:07.000Z",45.701694,5.883461,10,13,16,0,null
"2019-03-03T11:01:07.000Z",45.701694,5.883461,8.25,11.5,15.5,0,null
"2019-03-03T11:05:12.000Z",45.701694,5.883461,5.5,8.5,12,0,null
"2019-03-03T11:09:12.000Z",45.701694,5.883461,8.25,11.5,13.5,337.5,null
"2019-03-03T11:13:12.000Z",45.701694,5.883461,9.5,11,12.5,337.5,null
"2019-03-03T11:17:15.000Z",45.701694,5.883461,7.25,8.75,10.5,337.5,null
"2019-03-03T11:21:15.000Z",45.701694,5.883461,5.5,7.25,9,0,null
"2019-03-03T11:25:15.000Z",45.701694,5.883461,4.25,6,7.25,0,null
"2019-03-03T11:29:20.000Z",45.701694,5.883461,4.75,6.75,8.75,0,null
"2019-03-03T11:33:20.000Z",45.701694,5.883461,7.25,9,10.5,337.5,null
"2019-03-03T11:37:20.000Z",45.701694,5.883461,4.75,7.75,10,337.5,null
"2019-03-03T11:41:24.000Z",45.701694,5.883461,4.5,6.75,8.25,315,null
"2019-03-03T11:45:24.000Z",45.701694,5.883461,3.75,4.75,6,337.5,null
"2019-03-03T11:49:24.000Z",45.701694,5.883461,2.75,4,5.5,337.5,null
"2019-03-03T11:53:27.000Z",45.701694,5.883461,4.5,6,7.75,337.5,null
"2019-03-03T11:57:27.000Z",45.701694,5.883461,3.25,5.25,7,22.5,null
"2019-03-03T12:01:27.000Z",45.701694,5.883461,3.5,5,7.25,22.5,null
"2019-03-03T12:05:32.000Z",45.701694,5.883461,2.75,5.25,7,337.5,null
"2019-03-03T12:09:32.000Z",45.701694,5.883461,3.25,4.5,6.25,315,null
"2019-03-03T12:13:32.000Z",45.701694,5.883461,3.25,7.25,9.5,337.5,null
"2019-03-03T12:17:35.000Z",45.701694,5.883461,2.5,5.5,8.25,0,null
"2019-03-03T12:21:35.000Z",45.701694,5.883461,1.5,3.75,7.25,337.5,null
"2019-03-03T12:25:35.000Z",45.701694,5.883461,3.25,5.25,8.25,337.5,null
"2019-03-03T12:29:39.000Z",45.701694,5.883461,6,7.5,10.5,337.5,null
"2019-03-03T12:33:39.000Z",45.701694,5.883461,8.75,11,14.5,337.5,null
"2019-03-03T12:37:39.000Z",45.701694,5.883461,10.5,14,15.5,0,null
"2019-03-03T12:41:44.000Z",45.701694,5.883461,11,12.5,14,0,null
"2019-03-03T12:45:44.000Z",45.701694,5.883461,11,12,13,0,null
"2019-03-03T12:49:44.000Z",45.701694,5.883461,10.5,11.5,12.5,337.5,null
"2019-03-03T12:53:48.000Z",45.701694,5.883461,9,11.5,13.5,337.5,null
"2019-03-03T12:57:48.000Z",45.701694,5.883461,10,12,13,337.5,null
"2019-03-03T13:01:48.000Z",45.701694,5.883461,9.5,11,13,337.5,null
"2019-03-03T13:05:52.000Z",45.701694,5.883461,7.25,8.5,10,0,null
"2019-03-03T13:09:52.000Z",45.701694,5.883461,7.25,8.5,10,0,null
"2019-03-03T13:13:52.000Z",45.701694,5.883461,9.75,11,12,0,null
"2019-03-03T13:17:56.000Z",45.701694,5.883461,11,12,13,0,null
"2019-03-03T13:21:56.000Z",45.701694,5.883461,12,13,13.5,337.5,null
"2019-03-03T13:25:56.000Z",45.701694,5.883461,12,13,13,0,null
"2019-03-03T13:30:00.000Z",45.701694,5.883461,11.5,12.5,13.5,337.5,null
"2019-03-03T13:34:00.000Z",45.701694,5.883461,11.5,12.5,13,337.5,null
"2019-03-03T13:38:00.000Z",45.701694,5.883461,8.25,10.5,12,0,null
"2019-03-03T13:42:04.000Z",45.701694,5.883461,9,12,14.5,0,null
"2019-03-03T13:46:04.000Z",45.701694,5.883461,12,12.5,14,337.5,null
"2019-03-03T13:50:04.000Z",45.701694,5.883461,11.5,13,14.5,337.5,null
"2019-03-03T13:54:08.000Z",45.701694,5.883461,8.25,10.5,13,337.5,null
"2019-03-03T13:58:08.000Z",45.701694,5.883461,10.5,11.5,12,337.5,null
"2019-03-03T14:02:08.000Z",45.701694,5.883461,9.5,11,12,337.5,null
"2019-03-03T14:06:12.000Z",45.701694,5.883461,10,11.5,12.5,337.5,null
"2019-03-03T14:10:12.000Z",45.701694,5.883461,2.75,8.25,10.5,0,null
"2019-03-03T14:14:12.000Z",45.701694,5.883461,8,10.5,14,337.5,null
"2019-03-03T14:18:16.000Z",45.701694,5.883461,11,13,14.5,337.5,null
"2019-03-03T14:22:16.000Z",45.701694,5.883461,11,12.5,13.5,337.5,null
"2019-03-03T14:26:16.000Z",45.701694,5.883461,10,11,12.5,337.5,null
"2019-03-03T14:30:21.000Z",45.701694,5.883461,5.5,9.25,11,337.5,null
"2019-03-03T14:34:21.000Z",45.701694,5.883461,4.5,6.5,8.25,0,null
"2019-03-03T14:38:21.000Z",45.701694,5.883461,6.25,9.5,13,0,null
"2019-03-03T14:42:25.000Z",45.701694,5.883461,11,12.5,13,0,null
"2019-03-03T14:46:25.000Z",45.701694,5.883461,4.75,7.75,11.5,0,null
"2019-03-03T14:50:25.000Z",45.701694,5.883461,3.75,6,8.25,0,null
"2019-03-03T14:54:28.000Z",45.701694,5.883461,3.5,8.5,15.5,315,null
"2019-03-03T14:58:28.000Z",45.701694,5.883461,8.25,11,15,315,null
"2019-03-03T15:02:28.000Z",45.701694,5.883461,6.5,7.25,8.25,315,null
"2019-03-03T15:06:33.000Z",45.701694,5.883461,6,6.75,8.25,315,null
"2019-03-03T15:10:33.000Z",45.701694,5.883461,4.5,7.75,9,337.5,null
"2019-03-03T15:14:33.000Z",45.701694,5.883461,4.75,8,10.5,0,null
"2019-03-03T15:18:36.000Z",45.701694,5.883461,4.25,7,11,22.5,null
"2019-03-03T15:22:36.000Z",45.701694,5.883461,0,3,6,45,null
"2019-03-03T15:26:36.000Z",45.701694,5.883461,0,4.75,12,315,null
"2019-03-03T15:30:41.000Z",45.701694,5.883461,5.25,8.5,12,315,null
"2019-03-03T15:34:41.000Z",45.701694,5.883461,7,9.5,13,315,null
"2019-03-03T15:38:41.000Z",45.701694,5.883461,11,13,14,315,null
"2019-03-03T15:42:45.000Z",45.701694,5.883461,3.75,8,11,337.5,null
"2019-03-03T15:46:45.000Z",45.701694,5.883461,1.5,3.75,6,22.5,null
"2019-03-03T15:50:45.000Z",45.701694,5.883461,2.75,6.25,9.75,22.5,null
"2019-03-03T15:54:49.000Z",45.701694,5.883461,0.25,4.75,7.75,22.5,null
"2019-03-03T15:58:49.000Z",45.701694,5.883461,0,1.25,5.5,337.5,null
"2019-03-03T16:02:49.000Z",45.701694,5.883461,2.75,4.75,7.75,315,null
"2019-03-03T16:06:53.000Z",45.701694,5.883461,6.25,8.5,10.5,337.5,null
"2019-03-03T16:10:53.000Z",45.701694,5.883461,8.25,9.25,10,337.5,null
"2019-03-03T16:14:53.000Z",45.701694,5.883461,2.75,6.75,9,337.5,null
"2019-03-03T16:18:57.000Z",45.701694,5.883461,1,2.5,4.25,22.5,null
"2019-03-03T16:22:57.000Z",45.701694,5.883461,1,3.75,6,0,null
"2019-03-03T16:26:57.000Z",45.701694,5.883461,3.5,5.5,8,0,null
"2019-03-03T16:31:00.000Z",45.701694,5.883461,2.75,5.25,8.25,0,null
"2019-03-03T16:35:00.000Z",45.701694,5.883461,4.25,6.25,8.25,0,null
"2019-03-03T16:39:00.000Z",45.701694,5.883461,2,5,8,0,null
"2019-03-03T16:43:05.000Z",45.701694,5.883461,2,4.25,5.5,337.5,null
"2019-03-03T16:47:05.000Z",45.701694,5.883461,0,3,5.25,337.5,null
"2019-03-03T16:51:05.000Z",45.701694,5.883461,0,2.25,4.75,0,null
"2019-03-03T16:55:09.000Z",45.701694,5.883461,0.75,2,2.75,45,null
"2019-03-03T16:59:09.000Z",45.701694,5.883461,0.75,2.5,3.5,45,null
"2019-03-03T17:03:09.000Z",45.701694,5.883461,0,1.5,3.5,22.5,null
"2019-03-03T17:07:13.000Z",45.701694,5.883461,0,0.25,2,202.5,null
"2019-03-03T17:11:13.000Z",45.701694,5.883461,0,4.5,7.75,180,null
"2019-03-03T17:15:13.000Z",45.701694,5.883461,0.25,3,5.25,135,null
"2019-03-03T17:19:17.000Z",45.701694,5.883461,0,2.75,9,157.5,null
"2019-03-03T17:23:17.000Z",45.701694,5.883461,0.75,4,6.25,202.5,null
"2019-03-03T17:27:17.000Z",45.701694,5.883461,3.5,5.25,7.75,135,null
"2019-03-03T17:31:21.000Z",45.701694,5.883461,1.75,3,4.75,112.5,null
"2019-03-03T17:35:21.000Z",45.701694,5.883461,2.5,3.75,5.5,112.5,null
"2019-03-03T17:39:21.000Z",45.701694,5.883461,2,4.25,8,112.5,null
"2019-03-03T17:43:25.000Z",45.701694,5.883461,0.75,3.75,8.25,135,null
"2019-03-03T17:47:25.000Z",45.701694,5.883461,2.75,5.25,8,135,null
"2019-03-03T17:51:25.000Z",45.701694,5.883461,3.75,6.75,10,135,null
"2019-03-03T17:55:29.000Z",45.701694,5.883461,4.25,8,13,157.5,null
"2019-03-03T17:59:29.000Z",45.701694,5.883461,3.5,5.75,8.25,135,null
"2019-03-03T18:03:29.000Z",45.701694,5.883461,2,4.25,7.75,90,null
"2019-03-03T18:07:34.000Z",45.701694,5.883461,2.5,5.5,9,22.5,null
"2019-03-03T18:11:34.000Z",45.701694,5.883461,6.25,8,10,22.5,null
"2019-03-03T18:15:34.000Z",45.701694,5.883461,0,3.5,7.75,0,null
"2019-03-03T18:19:37.000Z",45.701694,5.883461,1.25,4,11,292.5,null
"2019-03-03T18:23:37.000Z",45.701694,5.883461,2.5,7.75,12,315,null
"2019-03-03T18:27:37.000Z",45.701694,5.883461,0,4.75,8.75,315,null
"2019-03-03T18:31:42.000Z",45.701694,5.883461,0,0.75,5.75,157.5,null
"2019-03-03T18:35:42.000Z",45.701694,5.883461,0,2,6,180,null
"2019-03-03T18:39:42.000Z",45.701694,5.883461,3.25,6.5,11,157.5,null
"2019-03-03T18:43:45.000Z",45.701694,5.883461,4.75,8.75,12,180,null
"2019-03-03T18:47:45.000Z",45.701694,5.883461,9.75,14,19,180,null
"2019-03-03T18:51:45.000Z",45.701694,5.883461,14,16,18.5,202.5,null
"2019-03-03T18:55:50.000Z",45.701694,5.883461,6,9,13,225,null
"2019-03-03T18:59:50.000Z",45.701694,5.883461,4.25,6,9,180,null
"2019-03-03T19:03:50.000Z",45.701694,5.883461,6,13.5,18,180,null
"2019-03-03T19:07:53.000Z",45.701694,5.883461,7.75,12,15.5,180,null
"2019-03-03T19:11:53.000Z",45.701694,5.883461,4.5,8.5,13,180,null
"2019-03-03T19:15:53.000Z",45.701694,5.883461,0.75,4.5,7.75,22.5,null
"2019-03-03T19:19:57.000Z",45.701694,5.883461,0,3.25,7,22.5,null
"2019-03-03T19:23:57.000Z",45.701694,5.883461,0,5,8,0,null
"2019-03-03T19:27:57.000Z",45.701694,5.883461,0,3.5,7.25,247.5,null
"2019-03-03T19:32:01.000Z",45.701694,5.883461,0,6.5,9.75,0,null
"2019-03-03T19:36:01.000Z",45.701694,5.883461,0,3.5,9.75,0,null
"2019-03-03T19:40:01.000Z",45.701694,5.883461,1.5,3.5,5.5,0,null
"2019-03-03T19:44:06.000Z",45.701694,5.883461,0.25,2.75,6.5,315,null
"2019-03-03T19:48:06.000Z",45.701694,5.883461,0,2.5,4.75,315,null
"2019-03-03T19:52:06.000Z",45.701694,5.883461,1,3.25,4.75,337.5,null
"2019-03-03T19:56:10.000Z",45.701694,5.883461,0,0.5,2.5,337.5,null
"2019-03-03T20:00:10.000Z",45.701694,5.883461,0,0.5,3.75,45,null
"2019-03-03T20:04:10.000Z",45.701694,5.883461,2,4.5,8,337.5,null
"2019-03-03T20:08:14.000Z",45.701694,5.883461,1,3.75,5.5,0,null
"2019-03-03T20:12:14.000Z",45.701694,5.883461,1,5.5,9.75,0,null
"2019-03-03T20:16:14.000Z",45.701694,5.883461,0,2,6.25,22.5,null
"2019-03-03T20:20:18.000Z",45.701694,5.883461,2,7,12,0,null
"2019-03-03T20:24:18.000Z",45.701694,5.883461,4.5,6.5,11,0,null
"2019-03-03T20:28:18.000Z",45.701694,5.883461,4.25,6.5,10,0,null
"2019-03-03T20:32:22.000Z",45.701694,5.883461,0.25,4,7.75,22.5,null
"2019-03-03T20:36:22.000Z",45.701694,5.883461,0.75,2.5,4.25,22.5,null
"2019-03-03T20:40:22.000Z",45.701694,5.883461,2,3,4.25,0,null
"2019-03-03T20:44:25.000Z",45.701694,5.883461,0.75,3,4.75,45,null
"2019-03-03T20:48:25.000Z",45.701694,5.883461,0,1,5.25,0,null
"2019-03-03T20:52:25.000Z",45.701694,5.883461,0.25,1.75,3.5,67.5,null
"2019-03-03T20:56:30.000Z",45.701694,5.883461,0,1,2.5,112.5,null
"2019-03-03T21:00:30.000Z",45.701694,5.883461,0,0.25,1,90,null
"2019-03-03T21:04:30.000Z",45.701694,5.883461,0.25,2,3.75,67.5,null
"2019-03-03T21:08:34.000Z",45.701694,5.883461,0,0.75,3.25,90,null
"2019-03-03T21:12:34.000Z",45.701694,5.883461,0,1.5,3.75,112.5,null
"2019-03-03T21:16:34.000Z",45.701694,5.883461,0.25,2.25,6.5,90,null
"2019-03-03T21:20:38.000Z",45.701694,5.883461,0,2,6,292.5,null
"2019-03-03T21:24:38.000Z",45.701694,5.883461,0,0.5,3.25,225,null
"2019-03-03T21:28:38.000Z",45.701694,5.883461,0,0,0,135,null
"2019-03-03T21:32:42.000Z",45.701694,5.883461,0,0.75,2.75,90,null
"2019-03-03T21:36:42.000Z",45.701694,5.883461,0,1.5,3.25,90,null
"2019-03-03T21:40:42.000Z",45.701694,5.883461,1,3,5.5,45,null
"2019-03-03T21:44:46.000Z",45.701694,5.883461,3.5,5.75,7.75,67.5,null
"2019-03-03T21:48:46.000Z",45.701694,5.883461,4.5,6,8,90,null
"2019-03-03T21:52:46.000Z",45.701694,5.883461,4.5,5.75,8.25,90,null
"2019-03-03T21:56:50.000Z",45.701694,5.883461,1.75,3.75,4.75,90,null
"2019-03-03T22:00:50.000Z",45.701694,5.883461,0.75,4.75,8.25,90,null
"2019-03-03T22:04:50.000Z",45.701694,5.883461,0,1.25,4.5,292.5,null
"2019-03-03T22:08:54.000Z",45.701694,5.883461,0,1.75,4.25,22.5,null
"2019-03-03T22:12:54.000Z",45.701694,5.883461,1.75,3.25,6.5,90,null
"2019-03-03T22:16:54.000Z",45.701694,5.883461,3.25,4.75,7.25,112.5,null
"2019-03-03T22:20:59.000Z",45.701694,5.883461,4.75,7,9.75,90,null
"2019-03-03T22:24:59.000Z",45.701694,5.883461,5.25,7,8.75,90,null
"2019-03-03T22:28:59.000Z",45.701694,5.883461,4.5,6.25,9.5,90,null
"2019-03-03T22:33:03.000Z",45.701694,5.883461,2.5,4,6.5,90,null
"2019-03-03T22:37:03.000Z",45.701694,5.883461,2.75,4,5.25,90,null
"2019-03-03T22:41:03.000Z",45.701694,5.883461,2.75,4.25,6.25,90,null
"2019-03-03T22:45:07.000Z",45.701694,5.883461,5.25,7,8.75,90,null
"2019-03-03T22:49:07.000Z",45.701694,5.883461,3.25,5,7,90,null
"2019-03-03T22:53:07.000Z",45.701694,5.883461,3.25,4.75,6.5,90,null
"2019-03-03T22:57:10.000Z",45.701694,5.883461,2.75,5.5,8.25,90,null
"2019-03-03T23:01:10.000Z",45.701694,5.883461,2.5,4.25,6.5,90,null
"2019-03-03T23:05:10.000Z",45.701694,5.883461,2,5.25,7.75,67.5,null
"2019-03-03T23:09:15.000Z",45.701694,5.883461,2,6.5,13.5,112.5,null
"2019-03-03T23:13:15.000Z",45.701694,5.883461,0,3.75,11,112.5,null
"2019-03-03T23:17:15.000Z",45.701694,5.883461,0,3.75,9,90,null
"2019-03-03T23:21:18.000Z",45.701694,5.883461,2.75,6.5,13,90,null
"2019-03-03T23:25:18.000Z",45.701694,5.883461,1.75,6,10.5,112.5,null
"2019-03-03T23:29:18.000Z",45.701694,5.883461,4.25,6.75,9.5,90,null
"2019-03-03T23:33:22.000Z",45.701694,5.883461,0.75,4.75,7.25,90,null
"2019-03-03T23:37:22.000Z",45.701694,5.883461,2,5,9.5,67.5,null
"2019-03-03T23:41:22.000Z",45.701694,5.883461,3.25,5.5,9.5,67.5,null
"2019-03-03T23:45:27.000Z",45.701694,5.883461,0,5,10.5,67.5,null
"2019-03-03T23:49:27.000Z",45.701694,5.883461,0,4.25,8,45,null
"2019-03-03T23:53:27.000Z",45.701694,5.883461,0,2.5,6,45,null
"2019-03-03T23:57:30.000Z",45.701694,5.883461,2.75,8.75,12.5,67.5,null
"2019-03-04T00:01:30.000Z",45.701694,5.883461,6.5,10,13,67.5,null
"2019-03-04T00:05:30.000Z",45.701694,5.883461,4.25,10.5,16.5,67.5,null
"2019-03-04T00:09:35.000Z",45.701694,5.883461,0,4,10.5,90,null
"2019-03-04T00:13:35.000Z",45.701694,5.883461,0,10.5,25,180,null
"2019-03-04T00:17:35.000Z",45.701694,5.883461,0.75,10.5,24,180,null
"2019-03-04T00:21:49.000Z",45.701694,5.883461,0,7,17,225,null
"2019-03-04T00:25:49.000Z",45.701694,5.883461,6.25,16.5,24.5,202.5,null
"2019-03-04T00:29:49.000Z",45.701694,5.883461,7.25,15,24.5,202.5,null
"2019-03-04T00:33:53.000Z",45.701694,5.883461,19,25,31.5,180,null
"2019-03-04T00:37:53.000Z",45.701694,5.883461,18,24,31.5,180,null
"2019-03-04T00:41:53.000Z",45.701694,5.883461,19.5,26.5,35,180,null
"2019-03-04T00:45:57.000Z",45.701694,5.883461,12,21.5,29.5,180,null
"2019-03-04T00:49:57.000Z",45.701694,5.883461,15.5,21,29,180,null
"2019-03-04T00:53:57.000Z",45.701694,5.883461,8,18,27,157.5,null
"2019-03-04T00:58:00.000Z",45.701694,5.883461,9,19.5,27,180,null
"2019-03-04T01:02:00.000Z",45.701694,5.883461,11,22.5,31,180,null
"2019-03-04T01:06:00.000Z",45.701694,5.883461,7.25,16.5,29.5,180,null
"2019-03-04T01:10:05.000Z",45.701694,5.883461,2.75,13,22.5,157.5,null
"2019-03-04T01:14:05.000Z",45.701694,5.883461,3.25,7.25,15.5,112.5,null
"2019-03-04T01:18:05.000Z",45.701694,5.883461,3.5,11.5,19.5,157.5,null
"2019-03-04T01:22:09.000Z",45.701694,5.883461,2,13,24,157.5,null
"2019-03-04T01:26:09.000Z",45.701694,5.883461,2.75,10.5,18,157.5,null
"2019-03-04T01:30:09.000Z",45.701694,5.883461,4.5,11.5,19,157.5,null
"2019-03-04T01:34:13.000Z",45.701694,5.883461,3.5,11.5,19.5,157.5,null
"2019-03-04T01:38:13.000Z",45.701694,5.883461,7.75,17.5,24.5,202.5,null
"2019-03-04T01:42:13.000Z",45.701694,5.883461,13.5,24,31,202.5,null
"2019-03-04T01:46:17.000Z",45.701694,5.883461,4.5,13,19.5,180,null
"2019-03-04T01:50:17.000Z",45.701694,5.883461,6.25,13.5,21.5,180,null
"2019-03-04T01:54:17.000Z",45.701694,5.883461,6.5,16.5,24.5,180,null
"2019-03-04T01:58:21.000Z",45.701694,5.883461,13,21.5,28,180,null
"2019-03-04T02:02:21.000Z",45.701694,5.883461,11,20.5,31.5,180,null
"2019-03-04T02:06:21.000Z",45.701694,5.883461,10.5,22,32,202.5,null
"2019-03-04T02:10:25.000Z",45.701694,5.883461,14.5,23,30.5,180,null
"2019-03-04T02:14:25.000Z",45.701694,5.883461,18,25,30,180,null
"2019-03-04T02:18:25.000Z",45.701694,5.883461,20,27.5,32.5,180,null
"2019-03-04T02:22:29.000Z",45.701694,5.883461,22.5,31.5,38.5,180,null
"2019-03-04T02:26:29.000Z",45.701694,5.883461,18.5,28,38,180,null
"2019-03-04T02:30:29.000Z",45.701694,5.883461,14,28,39.5,180,null
"2019-03-04T02:34:34.000Z",45.701694,5.883461,21.5,29.5,35.5,180,null
"2019-03-04T02:38:34.000Z",45.701694,5.883461,20,30.5,41,180,null
"2019-03-04T02:42:34.000Z",45.701694,5.883461,22,30,40,202.5,null
"2019-03-04T02:46:37.000Z",45.701694,5.883461,23.5,32,43.5,202.5,null
"2019-03-04T02:50:37.000Z",45.701694,5.883461,16.5,28,34.5,180,null
"2019-03-04T02:54:37.000Z",45.701694,5.883461,15.5,27.5,36.5,180,null
"2019-03-04T02:58:41.000Z",45.701694,5.883461,17,28.5,36,180,null
"2019-03-04T03:02:41.000Z",45.701694,5.883461,23,36.5,50,202.5,null
"2019-03-04T03:06:41.000Z",45.701694,5.883461,32.5,41.5,50,202.5,null
"2019-03-04T03:10:46.000Z",45.701694,5.883461,29,38,47.5,202.5,null
"2019-03-04T03:14:46.000Z",45.701694,5.883461,28,39,48,202.5,null
"2019-03-04T03:18:46.000Z",45.701694,5.883461,31.5,37.5,45.5,202.5,null
"2019-03-04T03:22:49.000Z",45.701694,5.883461,23.5,33.5,48,202.5,null
"2019-03-04T03:26:49.000Z",45.701694,5.883461,22.5,31,38.5,202.5,null
"2019-03-04T03:30:49.000Z",45.701694,5.883461,23.5,29.5,35.5,202.5,null
"2019-03-04T03:34:54.000Z",45.701694,5.883461,18,28.5,37,202.5,null
"2019-03-04T03:38:54.000Z",45.701694,5.883461,12,23,30.5,202.5,null
"2019-03-04T03:42:54.000Z",45.701694,5.883461,9.5,16.5,25,202.5,null
"2019-03-04T03:46:58.000Z",45.701694,5.883461,4.25,13,22,225,null
"2019-03-04T03:50:58.000Z",45.701694,5.883461,0.75,5,10,292.5,null
"2019-03-04T03:54:58.000Z",45.701694,5.883461,1,6,11,315,null
"2019-03-04T03:59:02.000Z",45.701694,5.883461,2,7.75,12,22.5,null
"2019-03-04T04:03:02.000Z",45.701694,5.883461,1,14,27,337.5,null
"2019-03-04T04:07:02.000Z",45.701694,5.883461,16,21,26,337.5,null
"2019-03-04T04:11:05.000Z",45.701694,5.883461,4.75,13.5,21.5,0,null
"2019-03-04T04:15:05.000Z",45.701694,5.883461,9.75,15.5,23.5,0,null
"2019-03-04T04:19:05.000Z",45.701694,5.883461,15.5,19.5,23.5,337.5,null
"2019-03-04T04:23:09.000Z",45.701694,5.883461,12,17.5,20.5,0,null
"2019-03-04T04:27:09.000Z",45.701694,5.883461,12,16.5,20.5,0,null
"2019-03-04T04:31:09.000Z",45.701694,5.883461,3.75,10,16.5,0,null
"2019-03-04T04:35:14.000Z",45.701694,5.883461,6.25,9.5,13,0,null
"2019-03-04T04:39:14.000Z",45.701694,5.883461,0.75,4.75,9.5,45,null
"2019-03-04T04:43:14.000Z",45.701694,5.883461,1,4,7.25,0,null
"2019-03-04T04:47:18.000Z",45.701694,5.883461,1.75,7.75,15.5,315,null
"2019-03-04T04:51:18.000Z",45.701694,5.883461,0,2,5.25,315,null
"2019-03-04T04:55:18.000Z",45.701694,5.883461,0,0.5,2.5,45,null
"2019-03-04T04:59:22.000Z",45.701694,5.883461,0,5.75,9,112.5,null
"2019-03-04T05:03:22.000Z",45.701694,5.883461,3.5,5.75,7.75,90,null
"2019-03-04T05:07:22.000Z",45.701694,5.883461,1.75,5,8.25,22.5,null
"2019-03-04T05:11:26.000Z",45.701694,5.883461,4.25,6.5,9.5,0,null
"2019-03-04T05:15:26.000Z",45.701694,5.883461,1.75,3.75,8.25,0,null
"2019-03-04T05:19:26.000Z",45.701694,5.883461,2.5,6.75,12.5,337.5,null
"2019-03-04T05:23:30.000Z",45.701694,5.883461,5.25,9,12.5,337.5,null
"2019-03-04T05:27:30.000Z",45.701694,5.883461,1.75,5.5,11,0,null
"2019-03-04T05:31:30.000Z",45.701694,5.883461,0,4.25,12,22.5,null
"2019-03-04T05:35:34.000Z",45.701694,5.883461,0,4.25,9,22.5,null
"2019-03-04T05:39:34.000Z",45.701694,5.883461,2,4.25,8,0,null
"2019-03-04T05:43:34.000Z",45.701694,5.883461,1,4.25,8,292.5,null
"2019-03-04T05:47:38.000Z",45.701694,5.883461,0,1,3.5,45,null
"2019-03-04T05:51:38.000Z",45.701694,5.883461,0,1.5,6,0,null
"2019-03-04T05:55:38.000Z",45.701694,5.883461,0,2.25,4.25,337.5,null
"2019-03-04T05:59:42.000Z",45.701694,5.883461,0,1.25,3.5,0,null
"2019-03-04T06:03:42.000Z",45.701694,5.883461,0,1.25,4.25,0,null
"2019-03-04T06:07:42.000Z",45.701694,5.883461,0,1.75,10,315,null
"2019-03-04T06:11:46.000Z",45.701694,5.883461,3.5,7,11,337.5,null
"2019-03-04T06:15:46.000Z",45.701694,5.883461,4.25,8.75,18,315,null
"2019-03-04T06:19:46.000Z",45.701694,5.883461,8,15.5,20.5,315,null
"2019-03-04T06:23:50.000Z",45.701694,5.883461,7,14.5,21.5,315,null
"2019-03-04T06:27:50.000Z",45.701694,5.883461,5.5,10,19,315,null
"2019-03-04T06:31:50.000Z",45.701694,5.883461,2,7.5,13,337.5,null
"2019-03-04T06:35:55.000Z",45.701694,5.883461,0,2.75,6,337.5,null
"2019-03-04T06:39:55.000Z",45.701694,5.883461,0.75,4.5,7.75,337.5,null
"2019-03-04T06:43:55.000Z",45.701694,5.883461,1,6.25,10,112.5,null
"2019-03-04T06:47:59.000Z",45.701694,5.883461,4.5,9.5,14,180,null
"2019-03-04T06:51:59.000Z",45.701694,5.883461,0,4.75,13.5,157.5,null
"2019-03-04T06:55:59.000Z",45.701694,5.883461,0,2.25,5.25,67.5,null
"2019-03-04T07:00:03.000Z",45.701694,5.883461,0.75,2.5,6,225,null
"2019-03-04T07:04:03.000Z",45.701694,5.883461,0,4.5,12,180,null
"2019-03-04T07:08:03.000Z",45.701694,5.883461,0.25,3,8,90,null
"2019-03-04T07:12:07.000Z",45.701694,5.883461,1,3,7,247.5,null
"2019-03-04T07:16:07.000Z",45.701694,5.883461,0,4,8,270,null
"2019-03-04T07:20:07.000Z",45.701694,5.883461,0,4.25,8,247.5,null
"2019-03-04T07:24:10.000Z",45.701694,5.883461,0,2.5,5.25,247.5,null
"2019-03-04T07:28:10.000Z",45.701694,5.883461,0,3.75,15.5,135,null
"2019-03-04T07:32:10.000Z",45.701694,5.883461,0,2,7.25,90,null
"2019-03-04T07:36:15.000Z",45.701694,5.883461,0,2.5,8.25,45,null
"2019-03-04T07:40:15.000Z",45.701694,5.883461,2,7.25,11,0,null
"2019-03-04T07:44:15.000Z",45.701694,5.883461,3.25,5.5,10.5,135,null
"2019-03-04T07:48:19.000Z",45.701694,5.883461,0.75,12,41,202.5,null
"2019-03-04T07:52:19.000Z",45.701694,5.883461,20,37,67.5,202.5,null
"2019-03-04T07:56:19.000Z",45.701694,5.883461,28,40,55.5,180,null
"2019-03-04T08:00:22.000Z",45.701694,5.883461,3.25,26.5,59,202.5,null
"2019-03-04T08:04:22.000Z",45.701694,5.883461,22.5,40,59,180,null
"2019-03-04T08:08:22.000Z",45.701694,5.883461,23.5,46.5,68,180,null
"2019-03-04T08:12:26.000Z",45.701694,5.883461,24.5,42,66,180,null
"2019-03-04T08:16:26.000Z",45.701694,5.883461,22.5,35,50,202.5,null
"2019-03-04T08:20:26.000Z",45.701694,5.883461,18,33.5,53.5,202.5,null
"2019-03-04T08:24:31.000Z",45.701694,5.883461,13,36,71,180,null
"2019-03-04T08:28:31.000Z",45.701694,5.883461,22.5,36.5,53.5,202.5,null
"2019-03-04T08:32:31.000Z",45.701694,5.883461,16.5,39,58,180,null
"2019-03-04T08:36:35.000Z",45.701694,5.883461,26,42.5,58,180,null
"2019-03-04T08:40:35.000Z",45.701694,5.883461,19,37.5,58.5,180,null
"2019-03-04T08:44:35.000Z",45.701694,5.883461,18,37.5,63.5,180,null
"2019-03-04T08:48:38.000Z",45.701694,5.883461,13,29,51,225,null
"2019-03-04T08:52:38.000Z",45.701694,5.883461,6.5,24.5,48,247.5,null
"2019-03-04T08:56:38.000Z",45.701694,5.883461,18.5,34,49.5,292.5,null
"2019-03-04T09:00:43.000Z",45.701694,5.883461,17,32,52,247.5,null
"2019-03-04T09:04:43.000Z",45.701694,5.883461,22.5,34.5,56.5,292.5,null
"2019-03-04T09:08:43.000Z",45.701694,5.883461,1,17.5,44.5,270,null
"2019-03-04T09:12:47.000Z",45.701694,5.883461,4.5,23,52,270,null
"2019-03-04T09:16:47.000Z",45.701694,5.883461,1.75,16.5,29,337.5,null
"2019-03-04T09:20:47.000Z",45.701694,5.883461,5.5,20.5,49.5,315,null
"2019-03-04T09:24:51.000Z",45.701694,5.883461,1,18,43.5,247.5,null
"2019-03-04T09:28:51.000Z",45.701694,5.883461,3.25,26.5,44,247.5,null
"2019-03-04T09:32:51.000Z",45.701694,5.883461,13,29.5,50,270,null
"2019-03-04T09:36:55.000Z",45.701694,5.883461,0.25,8.5,16,157.5,null
"2019-03-04T09:40:55.000Z",45.701694,5.883461,0.25,4.75,10.5,225,null
"2019-03-04T09:44:55.000Z",45.701694,5.883461,0.75,13.5,37,225,null
"2019-03-04T09:48:59.000Z",45.701694,5.883461,5.25,19.5,38,270,null
"2019-03-04T09:52:59.000Z",45.701694,5.883461,0,4.5,16.5,0,null
"2019-03-04T09:56:59.000Z",45.701694,5.883461,0,7.75,20.5,315,null
"2019-03-04T10:01:03.000Z",45.701694,5.883461,0,5.5,13,270,null
"2019-03-04T10:05:03.000Z",45.701694,5.883461,0.25,15.5,31,202.5,null
"2019-03-04T10:09:03.000Z",45.701694,5.883461,0,8,16.5,315,null
"2019-03-04T10:13:07.000Z",45.701694,5.883461,4.5,11.5,22.5,292.5,null
"2019-03-04T10:17:07.000Z",45.701694,5.883461,0,3.25,16.5,202.5,null
"2019-03-04T10:21:07.000Z",45.701694,5.883461,2,6,12.5,202.5,null
"2019-03-04T10:25:12.000Z",45.701694,5.883461,0,11,21.5,45,null
"2019-03-04T10:29:12.000Z",45.701694,5.883461,4.5,17.5,33.5,225,null
"2019-03-04T10:33:12.000Z",45.701694,5.883461,0,16.5,43.5,202.5,null
"2019-03-04T10:37:16.000Z",45.701694,5.883461,1,23,52,180,null
"2019-03-04T10:41:16.000Z",45.701694,5.883461,0,8.75,15.5,67.5,null
"2019-03-04T10:45:16.000Z",45.701694,5.883461,0.25,9.75,28,337.5,null
"2019-03-04T10:49:19.000Z",45.701694,5.883461,0,5.75,14,67.5,null
"2019-03-04T10:53:19.000Z",45.701694,5.883461,0,8,19.5,270,null
"2019-03-04T10:57:19.000Z",45.701694,5.883461,0,3.75,12.5,67.5,null
"2019-03-04T11:01:24.000Z",45.701694,5.883461,0,2.75,11,112.5,null
"2019-03-04T11:05:24.000Z",45.701694,5.883461,0,4,11,67.5,null
"2019-03-04T11:09:24.000Z",45.701694,5.883461,0,5.75,11,135,null
"2019-03-04T11:13:28.000Z",45.701694,5.883461,1.5,9.25,23.5,157.5,null
"2019-03-04T11:17:28.000Z",45.701694,5.883461,6.25,13.5,23.5,202.5,null
"2019-03-04T11:21:28.000Z",45.701694,5.883461,2.75,8.5,15.5,247.5,null
"2019-03-04T11:25:31.000Z",45.701694,5.883461,9.75,20.5,36,202.5,null
"2019-03-04T11:29:31.000Z",45.701694,5.883461,16.5,21.5,29,225,null
"2019-03-04T11:33:31.000Z",45.701694,5.883461,11.5,18.5,27,180,null
"2019-03-04T11:37:36.000Z",45.701694,5.883461,13,23.5,31.5,180,null
"2019-03-04T11:41:36.000Z",45.701694,5.883461,7.75,25,38.5,202.5,null
"2019-03-04T11:45:36.000Z",45.701694,5.883461,16.5,31,42,202.5,null
"2019-03-04T11:49:40.000Z",45.701694,5.883461,17.5,26.5,35,202.5,null
"2019-03-04T11:53:40.000Z",45.701694,5.883461,22.5,30.5,39.5,202.5,null
"2019-03-04T11:57:40.000Z",45.701694,5.883461,14.5,28.5,42,180,null
"2019-03-04T12:01:44.000Z",45.701694,5.883461,20.5,32,53.5,202.5,null
"2019-03-04T12:05:44.000Z",45.701694,5.883461,20,32,46.5,202.5,null
"2019-03-04T12:09:44.000Z",45.701694,5.883461,17.5,25.5,35.5,202.5,null
"2019-03-04T12:13:48.000Z",45.701694,5.883461,16,25,38,202.5,null
"2019-03-04T12:17:48.000Z",45.701694,5.883461,14,22,31,202.5,null
"2019-03-04T12:21:48.000Z",45.701694,5.883461,20.5,29,43.5,225,null
"2019-03-04T12:25:52.000Z",45.701694,5.883461,15,31,43,180,null
"2019-03-04T12:29:52.000Z",45.701694,5.883461,19.5,35.5,50,202.5,null
"2019-03-04T12:33:52.000Z",45.701694,5.883461,20,31.5,50.5,202.5,null
"2019-03-04T12:37:56.000Z",45.701694,5.883461,9.5,15,23,202.5,null
"2019-03-04T12:41:56.000Z",45.701694,5.883461,14.5,23.5,38.5,202.5,null
"2019-03-04T12:45:56.000Z",45.701694,5.883461,16.5,27,37.5,202.5,null
"2019-03-04T12:50:00.000Z",45.701694,5.883461,18.5,34,57.5,180,null
"2019-03-04T12:54:00.000Z",45.701694,5.883461,12.5,32.5,55.5,180,null
"2019-03-04T12:58:00.000Z",45.701694,5.883461,18.5,36.5,59.5,180,null
"2019-03-04T13:02:04.000Z",45.701694,5.883461,14.5,30,43.5,180,null
"2019-03-04T13:06:04.000Z",45.701694,5.883461,17,34,51,180,null
"2019-03-04T13:10:04.000Z",45.701694,5.883461,20,29,41.5,180,null
"2019-03-04T13:14:08.000Z",45.701694,5.883461,21,33.5,45.5,180,null
"2019-03-04T13:18:08.000Z",45.701694,5.883461,18,27.5,39,180,null
"2019-03-04T13:22:08.000Z",45.701694,5.883461,21,29,44,180,null
"2019-03-04T13:26:12.000Z",45.701694,5.883461,19,34,47.5,180,null
"2019-03-04T13:30:12.000Z",45.701694,5.883461,13,31,44.5,180,null
"2019-03-04T13:34:12.000Z",45.701694,5.883461,24.5,39,59.5,180,null
"2019-03-04T13:38:16.000Z",45.701694,5.883461,20,26,36.5,202.5,null
"2019-03-04T13:42:16.000Z",45.701694,5.883461,7.75,31.5,53.5,202.5,null
"2019-03-04T13:46:16.000Z",45.701694,5.883461,14.5,29,44,180,null
"2019-03-04T13:50:20.000Z",45.701694,5.883461,12,22,31,202.5,null
"2019-03-04T13:54:20.000Z",45.701694,5.883461,13,36,53.5,202.5,null
"2019-03-04T13:58:20.000Z",45.701694,5.883461,13,28,43,180,null
"2019-03-04T14:02:25.000Z",45.701694,5.883461,13,23,38.5,180,null
"2019-03-04T14:06:25.000Z",45.701694,5.883461,15,28.5,42.5,180,null
"2019-03-04T14:10:25.000Z",45.701694,5.883461,12,25,35.5,202.5,null
"2019-03-04T14:14:28.000Z",45.701694,5.883461,19.5,29,46,202.5,null
"2019-03-04T14:18:28.000Z",45.701694,5.883461,12,23.5,46.5,180,null
"2019-03-04T14:22:28.000Z",45.701694,5.883461,7.25,16.5,23,202.5,null
"2019-03-04T14:26:32.000Z",45.701694,5.883461,13,19.5,26,202.5,null
"2019-03-04T14:30:32.000Z",45.701694,5.883461,7.25,20.5,38.5,225,null
"2019-03-04T14:34:32.000Z",45.701694,5.883461,8.75,18,39.5,292.5,null
"2019-03-04T14:38:36.000Z",45.701694,5.883461,7.25,18.5,32,337.5,null
"2019-03-04T14:42:36.000Z",45.701694,5.883461,2,7.5,19,112.5,null
"2019-03-04T14:46:36.000Z",45.701694,5.883461,9.75,22,31,180,null
"2019-03-04T14:50:41.000Z",45.701694,5.883461,14.5,30,43,225,null
"2019-03-04T14:54:41.000Z",45.701694,5.883461,3.5,15,28,202.5,null
"2019-03-04T14:58:41.000Z",45.701694,5.883461,2,15,25,180,null
"2019-03-04T15:02:45.000Z",45.701694,5.883461,0.75,19.5,36,157.5,null
"2019-03-04T15:06:45.000Z",45.701694,5.883461,1.5,18.5,42,180,null
"2019-03-04T15:10:45.000Z",45.701694,5.883461,5.25,14,29.5,180,null
"2019-03-04T15:14:49.000Z",45.701694,5.883461,4.25,12.5,20,157.5,null
"2019-03-04T15:18:49.000Z",45.701694,5.883461,3.5,9.5,16,180,null
"2019-03-04T15:22:49.000Z",45.701694,5.883461,1.75,8,15.5,270,null
"2019-03-04T15:26:52.000Z",45.701694,5.883461,0,8.5,22,270,null
"2019-03-04T15:30:52.000Z",45.701694,5.883461,0,8,14,292.5,null
"2019-03-04T15:34:52.000Z",45.701694,5.883461,5.25,13.5,21,292.5,null
"2019-03-04T15:38:57.000Z",45.701694,5.883461,3.25,9.25,18.5,270,null
"2019-03-04T15:42:57.000Z",45.701694,5.883461,1,5,10.5,292.5,null
"2019-03-04T15:46:57.000Z",45.701694,5.883461,5.5,13.5,22,315,null
"2019-03-04T15:51:01.000Z",45.701694,5.883461,6.5,13.5,25.5,292.5,null
"2019-03-04T15:55:01.000Z",45.701694,5.883461,1.5,13.5,26.5,292.5,null
"2019-03-04T15:59:01.000Z",45.701694,5.883461,0.75,12.5,18.5,270,null
"2019-03-04T16:03:05.000Z",45.701694,5.883461,1.75,4.5,7.75,247.5,null
"2019-03-04T16:07:05.000Z",45.701694,5.883461,0,3.75,12,337.5,null
"2019-03-04T16:11:05.000Z",45.701694,5.883461,1.75,6.5,26,337.5,null
"2019-03-04T16:15:09.000Z",45.701694,5.883461,0,16,37.5,337.5,null
"2019-03-04T16:19:09.000Z",45.701694,5.883461,0,2.75,7.75,337.5,null
"2019-03-04T16:23:09.000Z",45.701694,5.883461,3.25,6.25,11,0,null
"2019-03-04T16:27:13.000Z",45.701694,5.883461,6,13,29,0,null
"2019-03-04T16:31:13.000Z",45.701694,5.883461,10.5,19,26,0,null
"2019-03-04T16:35:13.000Z",45.701694,5.883461,2.5,11.5,18.5,22.5,null
"2019-03-04T16:39:17.000Z",45.701694,5.883461,7,13.5,19,0,null
"2019-03-04T16:43:17.000Z",45.701694,5.883461,6,8.75,14,0,null
"2019-03-04T16:47:17.000Z",45.701694,5.883461,1.5,10,20,0,null
"2019-03-04T16:51:21.000Z",45.701694,5.883461,8.75,14.5,20.5,0,null
"2019-03-04T16:55:21.000Z",45.701694,5.883461,7.75,10.5,14.5,0,null
"2019-03-04T16:59:21.000Z",45.701694,5.883461,2,7,14,22.5,null
"2019-03-04T17:03:25.000Z",45.701694,5.883461,2.75,12,21.5,0,null
"2019-03-04T17:07:25.000Z",45.701694,5.883461,2,7.5,16.5,0,null
"2019-03-04T17:11:25.000Z",45.701694,5.883461,7.75,17,30.5,337.5,null
"2019-03-04T17:15:29.000Z",45.701694,5.883461,2,12.5,24.5,0,null
"2019-03-04T17:19:29.000Z",45.701694,5.883461,1.5,7.75,15.5,0,null
"2019-03-04T17:23:29.000Z",45.701694,5.883461,1.75,6,11,22.5,null
"2019-03-04T17:27:33.000Z",45.701694,5.883461,0,4,12.5,0,null
"2019-03-04T17:31:33.000Z",45.701694,5.883461,9,16.5,23,0,null
"2019-03-04T17:35:33.000Z",45.701694,5.883461,9,14,22,0,null
"2019-03-04T17:39:37.000Z",45.701694,5.883461,2.75,8.25,21,0,null
"2019-03-04T17:43:37.000Z",45.701694,5.883461,0.25,8,17,0,null
"2019-03-04T17:47:37.000Z",45.701694,5.883461,7,18.5,31.5,0,null
"2019-03-04T17:51:41.000Z",45.701694,5.883461,10,23,36,0,null
"2019-03-04T17:55:41.000Z",45.701694,5.883461,8.25,26,51.5,0,null
"2019-03-04T17:59:41.000Z",45.701694,5.883461,5.25,27,53.5,337.5,null
"2019-03-04T18:03:45.000Z",45.701694,5.883461,8,30,43,0,null
"2019-03-04T18:07:45.000Z",45.701694,5.883461,2.5,12,27,22.5,null
"2019-03-04T18:11:45.000Z",45.701694,5.883461,1,7,13,45,null
"2019-03-04T18:15:49.000Z",45.701694,5.883461,0.25,5.5,12,292.5,null
"2019-03-04T18:19:49.000Z",45.701694,5.883461,2.5,10,21,225,null
"2019-03-04T18:23:49.000Z",45.701694,5.883461,0.25,9.5,18,247.5,null
"2019-03-04T18:27:54.000Z",45.701694,5.883461,0.75,4,8.25,45,null
"2019-03-04T18:31:54.000Z",45.701694,5.883461,2.5,9.25,20,45,null
"2019-03-04T18:35:54.000Z",45.701694,5.883461,0,6.5,19,45,null
"2019-03-04T18:39:57.000Z",45.701694,5.883461,0,2.75,8,157.5,null
"2019-03-04T18:43:57.000Z",45.701694,5.883461,0,5.5,13,202.5,null
"2019-03-04T18:47:57.000Z",45.701694,5.883461,0,9.75,13.5,225,null
"2019-03-04T18:52:01.000Z",45.701694,5.883461,3.75,9.25,15.5,225,null
"2019-03-04T18:56:01.000Z",45.701694,5.883461,6.25,11.5,16.5,202.5,null
"2019-03-04T19:00:01.000Z",45.701694,5.883461,2.75,5.25,8.25,135,null
"2019-03-04T19:04:06.000Z",45.701694,5.883461,0.25,3.25,7.25,90,null
"2019-03-04T19:08:06.000Z",45.701694,5.883461,0,3.5,6.25,202.5,null
"2019-03-04T19:12:06.000Z",45.701694,5.883461,1.75,4.75,7,112.5,null
"2019-03-04T19:16:10.000Z",45.701694,5.883461,0.25,3.25,7,112.5,null
"2019-03-04T19:20:10.000Z",45.701694,5.883461,2,6.25,11,202.5,null
"2019-03-04T19:24:10.000Z",45.701694,5.883461,2,4.75,8.25,202.5,null
"2019-03-04T19:28:13.000Z",45.701694,5.883461,0,3.5,7,135,null
"2019-03-04T19:32:13.000Z",45.701694,5.883461,0.75,3.25,5.25,270,null
"2019-03-04T19:36:13.000Z",45.701694,5.883461,0.75,3.5,6.25,67.5,null
"2019-03-04T19:40:18.000Z",45.701694,5.883461,0,0.75,2,292.5,null
"2019-03-04T19:44:18.000Z",45.701694,5.883461,0,1,3.25,225,null
"2019-03-04T19:48:18.000Z",45.701694,5.883461,0,2.25,4.25,90,null
"2019-03-04T19:52:22.000Z",45.701694,5.883461,2,5.25,8.25,247.5,null
"2019-03-04T19:56:22.000Z",45.701694,5.883461,1,4.5,6.25,225,null
"2019-03-04T20:00:22.000Z",45.701694,5.883461,0,2.25,7.75,67.5,null
"2019-03-04T20:04:26.000Z",45.701694,5.883461,1.5,7,21,45,null
"2019-03-04T20:08:26.000Z",45.701694,5.883461,0,2.25,4.75,45,null
"2019-03-04T20:12:26.000Z",45.701694,5.883461,0,6,10.5,292.5,null
"2019-03-04T20:16:30.000Z",45.701694,5.883461,4.5,8.75,14.5,292.5,null
"2019-03-04T20:20:30.000Z",45.701694,5.883461,5.5,10.5,16,292.5,null
"2019-03-04T20:24:30.000Z",45.701694,5.883461,0,8.75,19,315,null
"2019-03-04T20:28:34.000Z",45.701694,5.883461,0,5,12.5,315,null
"2019-03-04T20:32:34.000Z",45.701694,5.883461,4.25,8.75,15.5,0,null
"2019-03-04T20:36:34.000Z",45.701694,5.883461,1.75,6.5,12,0,null
"2019-03-04T20:40:37.000Z",45.701694,5.883461,0.75,4.75,8.25,292.5,null
"2019-03-04T20:44:37.000Z",45.701694,5.883461,0.25,3.25,6.25,157.5,null
"2019-03-04T20:48:37.000Z",45.701694,5.883461,0,1.5,3.75,315,null
"2019-03-04T20:52:42.000Z",45.701694,5.883461,1.5,3,4.5,270,null
"2019-03-04T20:56:42.000Z",45.701694,5.883461,2,5,7.75,315,null
"2019-03-04T21:00:42.000Z",45.701694,5.883461,2.5,3.75,5.5,315,null
"2019-03-04T21:04:46.000Z",45.701694,5.883461,2.5,4,5.25,315,null
"2019-03-04T21:08:46.000Z",45.701694,5.883461,0,1.75,3.75,315,null
"2019-03-04T21:12:46.000Z",45.701694,5.883461,0,1.5,4.5,247.5,null
"2019-03-04T21:16:50.000Z",45.701694,5.883461,0,1.25,4.5,225,null
"2019-03-04T21:20:50.000Z",45.701694,5.883461,2.5,3.75,6.25,180,null
"2019-03-04T21:24:50.000Z",45.701694,5.883461,3.75,9.5,14,225,null
"2019-03-04T21:28:54.000Z",45.701694,5.883461,5.25,8,10,180,null
"2019-03-04T21:32:54.000Z",45.701694,5.883461,5.5,7.5,9.5,180,null
"2019-03-04T21:36:54.000Z",45.701694,5.883461,4.25,7.25,10.5,180,null
"2019-03-04T21:40:58.000Z",45.701694,5.883461,3.5,6.5,11.5,135,null
"2019-03-04T21:44:58.000Z",45.701694,5.883461,3.5,6.25,9,180,null
"2019-03-04T21:48:58.000Z",45.701694,5.883461,3.5,7,8.75,157.5,null
"2019-03-04T21:53:02.000Z",45.701694,5.883461,7,10,12,180,null
"2019-03-04T21:57:02.000Z",45.701694,5.883461,4.5,8.75,11,157.5,null
"2019-03-04T22:01:02.000Z",45.701694,5.883461,1,4.5,8.25,135,null
"2019-03-04T22:05:06.000Z",45.701694,5.883461,0.25,2.5,5.5,112.5,null
"2019-03-04T22:09:06.000Z",45.701694,5.883461,0.75,3,7,67.5,null
"2019-03-04T22:13:06.000Z",45.701694,5.883461,2,3.75,6.5,90,null
"2019-03-04T22:17:11.000Z",45.701694,5.883461,1,4,8,112.5,null
"2019-03-04T22:21:11.000Z",45.701694,5.883461,0.75,4.5,9.5,112.5,null
"2019-03-04T22:25:11.000Z",45.701694,5.883461,1.5,4.75,8.25,112.5,null
"2019-03-04T22:29:14.000Z",45.701694,5.883461,0.25,4.25,8,112.5,null
"2019-03-04T22:33:14.000Z",45.701694,5.883461,2,4.5,7,112.5,null
"2019-03-04T22:37:14.000Z",45.701694,5.883461,2.5,6,9.75,157.5,null
"2019-03-04T22:41:19.000Z",45.701694,5.883461,5.25,8.25,9.75,202.5,null
"2019-03-04T22:45:19.000Z",45.701694,5.883461,8.75,11.5,13,225,null
"2019-03-04T22:49:19.000Z",45.701694,5.883461,3.5,9.25,12.5,180,null
"2019-03-04T22:53:23.000Z",45.701694,5.883461,1,5.5,9.75,135,null
"2019-03-04T22:57:23.000Z",45.701694,5.883461,2.75,5.5,9,180,null
"2019-03-04T23:01:23.000Z",45.701694,5.883461,2,8.5,12.5,180,null
"2019-03-04T23:05:26.000Z",45.701694,5.883461,4.75,10,13.5,180,null
"2019-03-04T23:09:26.000Z",45.701694,5.883461,7.75,12,15,180,null
"2019-03-04T23:13:26.000Z",45.701694,5.883461,8.25,12,15,180,null
"2019-03-04T23:17:31.000Z",45.701694,5.883461,7.25,12,14.5,157.5,null
"2019-03-04T23:21:31.000Z",45.701694,5.883461,3.75,7.75,11.5,135,null
"2019-03-04T23:25:31.000Z",45.701694,5.883461,3.5,7,11.5,135,null
"2019-03-04T23:29:35.000Z",45.701694,5.883461,2.5,6,9.75,112.5,null
"2019-03-04T23:33:35.000Z",45.701694,5.883461,2.75,7.5,10,112.5,null
"2019-03-04T23:37:35.000Z",45.701694,5.883461,3.25,6,10,90,null
"2019-03-04T23:41:39.000Z",45.701694,5.883461,5.25,9,16,112.5,null
"2019-03-04T23:45:39.000Z",45.701694,5.883461,6.5,12,17,157.5,null
"2019-03-04T23:49:39.000Z",45.701694,5.883461,6,12.5,19.5,180,null
"2019-03-04T23:53:42.000Z",45.701694,5.883461,3.25,7.5,11,135,null
"2019-03-04T23:57:42.000Z",45.701694,5.883461,2,7.75,12,157.5,null
"2019-03-05T00:01:42.000Z",45.701694,5.883461,5.25,8.5,12,135,null
"2019-03-05T00:05:46.000Z",45.701694,5.883461,3.25,7.75,11,135,null
"2019-03-05T00:09:46.000Z",45.701694,5.883461,4.25,9.75,15,135,null
"2019-03-05T00:13:46.000Z",45.701694,5.883461,2.75,7,10.5,135,null
"2019-03-05T00:18:40.000Z",45.701694,5.883461,1.75,4.25,6.25,157.5,null
"2019-03-05T00:22:40.000Z",45.701694,5.883461,4.5,7.5,11,135,null
"2019-03-05T00:26:40.000Z",45.701694,5.883461,3.75,6.75,9.5,157.5,null
"2019-03-05T00:30:45.000Z",45.701694,5.883461,4.75,10,17,157.5,null
"2019-03-05T00:34:45.000Z",45.701694,5.883461,4.75,9.5,15.5,180,null
"2019-03-05T00:38:45.000Z",45.701694,5.883461,5.25,12,20,180,null
"2019-03-05T00:42:48.000Z",45.701694,5.883461,3.75,11.5,18,180,null
"2019-03-05T00:46:48.000Z",45.701694,5.883461,1.75,8.75,16,180,null
"2019-03-05T00:50:48.000Z",45.701694,5.883461,3.5,7.75,16.5,180,null
"2019-03-05T00:54:53.000Z",45.701694,5.883461,1.5,7,14,157.5,null
"2019-03-05T00:58:53.000Z",45.701694,5.883461,2.5,7,13,157.5,null
"2019-03-05T01:02:53.000Z",45.701694,5.883461,1,8.25,16.5,157.5,null
"2019-03-05T01:06:57.000Z",45.701694,5.883461,5.5,10,15.5,180,null
"2019-03-05T01:10:57.000Z",45.701694,5.883461,7.25,13,17.5,157.5,null
"2019-03-05T01:14:57.000Z",45.701694,5.883461,7.75,14,20,157.5,null
"2019-03-05T01:19:01.000Z",45.701694,5.883461,4.25,10.5,17,157.5,null
"2019-03-05T01:23:01.000Z",45.701694,5.883461,1.5,6,12,157.5,null
"2019-03-05T01:27:01.000Z",45.701694,5.883461,4.25,10,19,157.5,null
"2019-03-05T01:31:05.000Z",45.701694,5.883461,0.75,6.5,13,135,null
"2019-03-05T01:35:05.000Z",45.701694,5.883461,3.25,7.5,13.5,135,null
"2019-03-05T01:39:05.000Z",45.701694,5.883461,3.5,7.25,12.5,225,null
"2019-03-05T01:43:09.000Z",45.701694,5.883461,2,4.75,8.75,225,null
"2019-03-05T01:47:09.000Z",45.701694,5.883461,1,3,4.75,112.5,null
"2019-03-05T01:51:09.000Z",45.701694,5.883461,1,3.25,5.25,135,null
"2019-03-05T01:55:13.000Z",45.701694,5.883461,0,1.5,4.5,22.5,null
"2019-03-05T01:59:13.000Z",45.701694,5.883461,1.75,3.5,4.75,22.5,null
"2019-03-05T02:03:13.000Z",45.701694,5.883461,0,1,3.25,45,null
"2019-03-05T02:07:18.000Z",45.701694,5.883461,0,0.25,2,135,null
"2019-03-05T02:11:18.000Z",45.701694,5.883461,1.5,3.5,4.75,135,null
"2019-03-05T02:15:18.000Z",45.701694,5.883461,2.5,4.5,5.5,135,null
"2019-03-05T02:19:22.000Z",45.701694,5.883461,1.5,3.25,6.25,157.5,null
"2019-03-05T02:23:22.000Z",45.701694,5.883461,2,3.75,4.75,202.5,null
"2019-03-05T02:27:22.000Z",45.701694,5.883461,0.25,2.25,4.5,202.5,null
"2019-03-05T02:31:26.000Z",45.701694,5.883461,1.5,2.75,4.5,157.5,null
"2019-03-05T02:35:26.000Z",45.701694,5.883461,0,2.75,6.5,135,null
"2019-03-05T02:39:26.000Z",45.701694,5.883461,0,0,0,135,null
"2019-03-05T02:43:29.000Z",45.701694,5.883461,0,0.25,1.75,157.5,null
"2019-03-05T02:47:29.000Z",45.701694,5.883461,0,3.5,7,180,null
"2019-03-05T02:51:29.000Z",45.701694,5.883461,1.5,4,7.25,157.5,null
"2019-03-05T02:55:33.000Z",45.701694,5.883461,0,2.5,4.75,157.5,null
"2019-03-05T02:59:33.000Z",45.701694,5.883461,1.5,2.5,3.5,135,null
"2019-03-05T03:03:33.000Z",45.701694,5.883461,1,3.75,8,157.5,null
"2019-03-05T03:07:38.000Z",45.701694,5.883461,2.75,5.25,8,157.5,null
"2019-03-05T03:11:38.000Z",45.701694,5.883461,3.75,7.5,11.5,157.5,null
"2019-03-05T03:15:38.000Z",45.701694,5.883461,3.25,7.5,12,157.5,null
"2019-03-05T03:19:42.000Z",45.701694,5.883461,3.75,11,17,157.5,null
"2019-03-05T03:23:42.000Z",45.701694,5.883461,4.75,9.5,12.5,180,null
"2019-03-05T03:27:42.000Z",45.701694,5.883461,5.5,8.75,11,202.5,null
"2019-03-05T03:31:46.000Z",45.701694,5.883461,8.5,12,15,202.5,null
"2019-03-05T03:35:46.000Z",45.701694,5.883461,4.5,10,13,180,null
"2019-03-05T03:39:46.000Z",45.701694,5.883461,2.75,7,11,180,null
"2019-03-05T03:43:49.000Z",45.701694,5.883461,0.75,2.75,5.5,112.5,null
"2019-03-05T03:47:49.000Z",45.701694,5.883461,0,0.75,3.25,112.5,null
"2019-03-05T03:51:49.000Z",45.701694,5.883461,0,1.75,4.25,315,null
"2019-03-05T03:55:54.000Z",45.701694,5.883461,2.5,4.25,6,0,null
"2019-03-05T03:59:54.000Z",45.701694,5.883461,1,3.5,6,270,null
"2019-03-05T04:03:54.000Z",45.701694,5.883461,1.5,4.75,7.25,202.5,null
"2019-03-05T04:07:58.000Z",45.701694,5.883461,3.25,4.75,6.25,202.5,null
"2019-03-05T04:11:58.000Z",45.701694,5.883461,2.5,5,6.5,180,null
"2019-03-05T04:15:58.000Z",45.701694,5.883461,4.5,5.5,7.75,225,null
"2019-03-05T04:20:02.000Z",45.701694,5.883461,4.5,5.75,7,247.5,null
"2019-03-05T04:24:02.000Z",45.701694,5.883461,0,3.5,6.25,225,null
"2019-03-05T04:28:02.000Z",45.701694,5.883461,0,1.5,3.5,90,null
"2019-03-05T04:32:06.000Z",45.701694,5.883461,0,1.25,4.25,135,null
"2019-03-05T04:36:06.000Z",45.701694,5.883461,1,3.5,6,112.5,null
"2019-03-05T04:40:06.000Z",45.701694,5.883461,0,2.25,4.25,112.5,null
"2019-03-05T04:44:10.000Z",45.701694,5.883461,1.5,4.25,7.25,90,null
"2019-03-05T04:48:10.000Z",45.701694,5.883461,0,1.75,4.25,112.5,null
"2019-03-05T04:52:10.000Z",45.701694,5.883461,1,3.25,5.5,112.5,null
"2019-03-05T04:56:14.000Z",45.701694,5.883461,1.5,3,5.5,135,null
"2019-03-05T05:00:14.000Z",45.701694,5.883461,2,4,7,112.5,null
"2019-03-05T05:04:14.000Z",45.701694,5.883461,2,4,6.25,90,null
"2019-03-05T05:08:18.000Z",45.701694,5.883461,2,5,13.5,157.5,null
"2019-03-05T05:12:18.000Z",45.701694,5.883461,8.75,11.5,13,180,null
"2019-03-05T05:16:18.000Z",45.701694,5.883461,6.25,10.5,14,180,null
"2019-03-05T05:20:22.000Z",45.701694,5.883461,10,14,18,180,null
"2019-03-05T05:24:22.000Z",45.701694,5.883461,9,11.5,15,180,null
"2019-03-05T05:28:22.000Z",45.701694,5.883461,3.75,9.5,14,157.5,null
"2019-03-05T05:32:26.000Z",45.701694,5.883461,0.25,3.25,6,135,null
"2019-03-05T05:36:26.000Z",45.701694,5.883461,1.75,5,9.75,157.5,null
"2019-03-05T05:40:26.000Z",45.701694,5.883461,0.75,3.5,6,135,null
"2019-03-05T05:44:30.000Z",45.701694,5.883461,0,1,2.75,112.5,null
"2019-03-05T05:48:30.000Z",45.701694,5.883461,0.25,1.75,3.75,67.5,null
"2019-03-05T05:52:30.000Z",45.701694,5.883461,0.25,1.75,3.25,90,null
"2019-03-05T05:56:34.000Z",45.701694,5.883461,0,1.25,3.25,90,null
"2019-03-05T06:00:34.000Z",45.701694,5.883461,1.5,2.5,4.25,90,null
"2019-03-05T06:04:34.000Z",45.701694,5.883461,0.25,3,6,90,null
"2019-03-05T06:08:38.000Z",45.701694,5.883461,2,3.5,4.75,90,null
"2019-03-05T06:12:38.000Z",45.701694,5.883461,1.5,2.5,3.5,112.5,null
"2019-03-05T06:16:38.000Z",45.701694,5.883461,1.75,3.25,5.5,135,null
"2019-03-05T06:20:43.000Z",45.701694,5.883461,2,3,4.5,112.5,null
"2019-03-05T06:24:43.000Z",45.701694,5.883461,2,3.25,4.25,90,null
"2019-03-05T06:28:43.000Z",45.701694,5.883461,2.5,4,5.5,90,null
"2019-03-05T06:32:47.000Z",45.701694,5.883461,2.75,4.25,7,90,null
"2019-03-05T06:36:47.000Z",45.701694,5.883461,4.75,5.75,8,90,null
"2019-03-05T06:40:47.000Z",45.701694,5.883461,2,4.25,7.25,90,null
"2019-03-05T06:44:51.000Z",45.701694,5.883461,3.25,4.5,7.75,90,null
"2019-03-05T06:48:51.000Z",45.701694,5.883461,0.75,3.5,9.5,90,null
"2019-03-05T06:52:51.000Z",45.701694,5.883461,0.75,2.75,6.5,112.5,null
"2019-03-05T06:56:55.000Z",45.701694,5.883461,2,3.75,6.25,90,null
"2019-03-05T07:00:55.000Z",45.701694,5.883461,0.75,3,6,135,null
"2019-03-05T07:04:55.000Z",45.701694,5.883461,2,4.75,9.75,135,null
"2019-03-05T07:08:59.000Z",45.701694,5.883461,1.5,3.75,7,135,null
"2019-03-05T07:12:59.000Z",45.701694,5.883461,1.75,5,8.75,135,null
"2019-03-05T07:16:59.000Z",45.701694,5.883461,3.25,6.75,9.5,157.5,null
"2019-03-05T07:21:03.000Z",45.701694,5.883461,3.5,7.75,11,157.5,null
"2019-03-05T07:25:03.000Z",45.701694,5.883461,2.5,6.75,10.5,157.5,null
"2019-03-05T07:29:03.000Z",45.701694,5.883461,4.5,7.5,9.75,157.5,null
"2019-03-05T07:33:07.000Z",45.701694,5.883461,3.75,7.25,8.75,157.5,null
"2019-03-05T07:37:07.000Z",45.701694,5.883461,2,4.5,7.25,157.5,null
"2019-03-05T07:41:07.000Z",45.701694,5.883461,1.75,4.75,8,157.5,null
"2019-03-05T07:45:11.000Z",45.701694,5.883461,0.75,3.5,7,135,null
"2019-03-05T07:49:11.000Z",45.701694,5.883461,1.75,4.25,7,22.5,null
"2019-03-05T07:53:11.000Z",45.701694,5.883461,3.25,5.25,7,337.5,null
"2019-03-05T07:57:15.000Z",45.701694,5.883461,2,3.5,6.25,0,null
"2019-03-05T08:01:15.000Z",45.701694,5.883461,0,2.25,5.25,247.5,null
"2019-03-05T08:05:15.000Z",45.701694,5.883461,0,3,7,180,null
"2019-03-05T08:09:18.000Z",45.701694,5.883461,0,0.75,3.25,180,null
"2019-03-05T08:13:18.000Z",45.701694,5.883461,0.75,3,4.75,22.5,null
"2019-03-05T08:17:18.000Z",45.701694,5.883461,0,2.75,7.75,90,null
"2019-03-05T08:21:23.000Z",45.701694,5.883461,1.5,5.5,8.25,157.5,null
"2019-03-05T08:25:23.000Z",45.701694,5.883461,1,3.75,6.5,180,null
"2019-03-05T08:29:23.000Z",45.701694,5.883461,0,2.25,5.25,180,null
"2019-03-05T08:33:27.000Z",45.701694,5.883461,0.25,2.5,4.25,225,null
"2019-03-05T08:37:27.000Z",45.701694,5.883461,1.5,4.5,6.5,180,null
"2019-03-05T08:41:27.000Z",45.701694,5.883461,5.5,6.25,7.25,202.5,null
"2019-03-05T08:45:31.000Z",45.701694,5.883461,0,4.5,7,180,null
"2019-03-05T08:49:31.000Z",45.701694,5.883461,0.25,4,6.5,180,null
"2019-03-05T08:53:31.000Z",45.701694,5.883461,2.5,5.25,7.25,157.5,null
"2019-03-05T08:57:35.000Z",45.701694,5.883461,3.75,4.75,5.5,157.5,null
"2019-03-05T09:01:35.000Z",45.701694,5.883461,0.25,3.25,5.25,180,null
"2019-03-05T09:05:35.000Z",45.701694,5.883461,2.75,4.5,6.5,180,null
"2019-03-05T09:09:39.000Z",45.701694,5.883461,6,7.25,8.25,157.5,null
"2019-03-05T09:13:39.000Z",45.701694,5.883461,5.25,6.75,8,157.5,null
"2019-03-05T09:17:39.000Z",45.701694,5.883461,3.5,6.25,8,180,null
"2019-03-05T09:21:43.000Z",45.701694,5.883461,3.5,4.75,5.5,180,null
"2019-03-05T09:25:43.000Z",45.701694,5.883461,2,5.5,7,180,null
"2019-03-05T09:29:43.000Z",45.701694,5.883461,1.75,3.75,4.75,180,null
"2019-03-05T09:33:48.000Z",45.701694,5.883461,1,3.25,4.5,180,null
"2019-03-05T09:37:48.000Z",45.701694,5.883461,2,3.75,4.75,180,null
"2019-03-05T09:41:48.000Z",45.701694,5.883461,3.5,4.5,5.25,202.5,null
"2019-03-05T09:45:52.000Z",45.701694,5.883461,1.5,4.25,5.25,180,null
"2019-03-05T09:49:52.000Z",45.701694,5.883461,0,3.75,4.75,180,null
"2019-03-05T09:53:52.000Z",45.701694,5.883461,0.25,3.25,5.5,180,null
"2019-03-05T09:57:55.000Z",45.701694,5.883461,2.75,4.5,5.5,180,null
"2019-03-05T10:01:55.000Z",45.701694,5.883461,1.75,3.75,5.25,180,null
"2019-03-05T10:05:55.000Z",45.701694,5.883461,3.5,5.25,6.25,180,null
"2019-03-05T10:09:59.000Z",45.701694,5.883461,2.75,4.75,6.25,180,null
"2019-03-05T10:13:59.000Z",45.701694,5.883461,3.75,5.25,6,180,null
"2019-03-05T10:17:59.000Z",45.701694,5.883461,0.75,2.75,6,292.5,null
"2019-03-05T10:22:04.000Z",45.701694,5.883461,0,1.75,4.5,202.5,null
"2019-03-05T10:26:04.000Z",45.701694,5.883461,1,2.75,4.25,180,null
"2019-03-05T10:30:04.000Z",45.701694,5.883461,1,3.5,4.5,202.5,null
"2019-03-05T10:34:08.000Z",45.701694,5.883461,2.5,4.5,7,315,null
"2019-03-05T10:38:08.000Z",45.701694,5.883461,1,2.5,3.5,315,null
"2019-03-05T10:42:08.000Z",45.701694,5.883461,1,2.25,3.25,337.5,null
"2019-03-05T10:46:12.000Z",45.701694,5.883461,1.75,3,4.75,315,null
"2019-03-05T10:50:12.000Z",45.701694,5.883461,3.5,4.25,5.5,315,null
"2019-03-05T10:54:12.000Z",45.701694,5.883461,2,3,3.75,292.5,null
"2019-03-05T10:58:16.000Z",45.701694,5.883461,2,2.5,3.25,270,null
"2019-03-05T11:02:16.000Z",45.701694,5.883461,2.75,4,6.25,247.5,null
"2019-03-05T11:06:16.000Z",45.701694,5.883461,4.5,5.5,6.25,247.5,null
"2019-03-05T11:10:19.000Z",45.701694,5.883461,4.25,5,6,247.5,null
"2019-03-05T11:14:19.000Z",45.701694,5.883461,3.75,5,6.25,247.5,null
"2019-03-05T11:18:19.000Z",45.701694,5.883461,4.25,5.5,8,247.5,null
"2019-03-05T11:22:24.000Z",45.701694,5.883461,3.75,5,6.25,247.5,null
"2019-03-05T11:26:24.000Z",45.701694,5.883461,3.25,4.5,5.5,247.5,null
"2019-03-05T11:30:24.000Z",45.701694,5.883461,2.75,4.25,5.25,270,null
"2019-03-05T11:34:28.000Z",45.701694,5.883461,1.5,3,5.5,270,null
"2019-03-05T11:38:28.000Z",45.701694,5.883461,0.25,3,6,292.5,null
"2019-03-05T11:42:28.000Z",45.701694,5.883461,0,2.25,6,247.5,null
"2019-03-05T11:46:32.000Z",45.701694,5.883461,3.5,4.5,5.25,270,null
"2019-03-05T11:50:32.000Z",45.701694,5.883461,0.75,3.5,6,337.5,null
"2019-03-05T11:54:32.000Z",45.701694,5.883461,2,4.25,6.25,0,null
"2019-03-05T11:58:36.000Z",45.701694,5.883461,0,1.75,3.5,0,null
"2019-03-05T12:02:36.000Z",45.701694,5.883461,0,2.25,4.5,0,null
"2019-03-05T12:06:36.000Z",45.701694,5.883461,3.25,5.75,7.75,0,null
"2019-03-05T12:10:40.000Z",45.701694,5.883461,5.25,6.75,7.75,0,null
"2019-03-05T12:14:40.000Z",45.701694,5.883461,3.5,5,7,0,null
"2019-03-05T12:18:40.000Z",45.701694,5.883461,1.5,3.75,6.25,0,null
"2019-03-05T12:22:44.000Z",45.701694,5.883461,2,2.75,4.25,0,null
"2019-03-05T12:26:44.000Z",45.701694,5.883461,1.75,3,4.25,337.5,null
"2019-03-05T12:30:44.000Z",45.701694,5.883461,1.75,2.5,3.5,0,null
"2019-03-05T12:34:48.000Z",45.701694,5.883461,0,1.25,2.75,0,null
"2019-03-05T12:38:48.000Z",45.701694,5.883461,0,0,0.75,337.5,null
"2019-03-05T12:42:48.000Z",45.701694,5.883461,0,0,0.75,337.5,null
"2019-03-05T12:46:52.000Z",45.701694,5.883461,0,0.75,2,247.5,null
"2019-03-05T12:50:52.000Z",45.701694,5.883461,1.5,2.25,3.25,270,null
"2019-03-05T12:54:52.000Z",45.701694,5.883461,2,3.25,4.25,315,null
"2019-03-05T12:58:56.000Z",45.701694,5.883461,2,3,3.5,337.5,null
"2019-03-05T13:02:56.000Z",45.701694,5.883461,2.75,3.75,4.5,337.5,null
"2019-03-05T13:06:56.000Z",45.701694,5.883461,3.5,4.5,6,337.5,null
"2019-03-05T13:11:00.000Z",45.701694,5.883461,2.75,5.5,6.5,337.5,null
"2019-03-05T13:15:00.000Z",45.701694,5.883461,4.25,6,7.25,0,null
"2019-03-05T13:19:00.000Z",45.701694,5.883461,4.25,6.5,8,0,null
"2019-03-05T13:23:04.000Z",45.701694,5.883461,6,7.25,8,0,null
"2019-03-05T13:27:04.000Z",45.701694,5.883461,6.5,7.25,7.75,0,null
"2019-03-05T13:31:04.000Z",45.701694,5.883461,6.5,8.75,10,337.5,null
"2019-03-05T13:35:08.000Z",45.701694,5.883461,6.5,8.25,9.75,337.5,null
"2019-03-05T13:39:08.000Z",45.701694,5.883461,7.25,8,8.75,0,null
"2019-03-05T13:43:08.000Z",45.701694,5.883461,7,8,10.5,337.5,null
"2019-03-05T13:47:13.000Z",45.701694,5.883461,8.75,10,11,337.5,null
"2019-03-05T13:51:13.000Z",45.701694,5.883461,6,7.5,9,0,null
"2019-03-05T13:55:13.000Z",45.701694,5.883461,5.25,7.5,11,337.5,null
"2019-03-05T13:59:16.000Z",45.701694,5.883461,8,9.5,11,337.5,null
"2019-03-05T14:03:16.000Z",45.701694,5.883461,7.25,8.25,9.5,337.5,null
"2019-03-05T14:07:16.000Z",45.701694,5.883461,5.5,7.5,8.25,0,null
"2019-03-05T14:11:21.000Z",45.701694,5.883461,3.75,8,9.5,337.5,null
"2019-03-05T14:15:21.000Z",45.701694,5.883461,7.75,8.5,9.75,337.5,null
"2019-03-05T14:19:21.000Z",45.701694,5.883461,7.75,8.25,9,0,null
"2019-03-05T14:23:25.000Z",45.701694,5.883461,7.75,8.5,9,0,null
"2019-03-05T14:27:25.000Z",45.701694,5.883461,7,8.75,11,337.5,null
"2019-03-05T14:31:25.000Z",45.701694,5.883461,8,9.25,11,337.5,null
"2019-03-05T14:35:28.000Z",45.701694,5.883461,2.75,6.75,8.75,0,null
"2019-03-05T14:39:28.000Z",45.701694,5.883461,4.5,6.75,8,0,null
"2019-03-05T14:43:28.000Z",45.701694,5.883461,5.5,8.25,10,315,null
"2019-03-05T14:47:33.000Z",45.701694,5.883461,7.75,8.75,10,337.5,null
"2019-03-05T14:51:33.000Z",45.701694,5.883461,8,9,9.75,337.5,null
"2019-03-05T14:55:33.000Z",45.701694,5.883461,4.75,8.25,9,337.5,null
"2019-03-05T14:59:36.000Z",45.701694,5.883461,4.25,9,11,337.5,null
"2019-03-05T15:03:36.000Z",45.701694,5.883461,9,10,11,337.5,null
"2019-03-05T15:07:36.000Z",45.701694,5.883461,9.5,10.5,11.5,337.5,null
"2019-03-05T15:11:41.000Z",45.701694,5.883461,9,9.75,11.5,315,null
"2019-03-05T15:15:41.000Z",45.701694,5.883461,8.25,9.5,11.5,337.5,null
"2019-03-05T15:19:41.000Z",45.701694,5.883461,8.25,10,11.5,337.5,null
"2019-03-05T15:23:45.000Z",45.701694,5.883461,9.5,11.5,12.5,337.5,null
"2019-03-05T15:27:45.000Z",45.701694,5.883461,11,12.5,14,337.5,null
"2019-03-05T15:31:45.000Z",45.701694,5.883461,10.5,11.5,12.5,337.5,null
"2019-03-05T15:35:49.000Z",45.701694,5.883461,8.75,10.5,12,337.5,null
"2019-03-05T15:39:49.000Z",45.701694,5.883461,8,10,12,337.5,null
"2019-03-05T15:43:49.000Z",45.701694,5.883461,9,10.5,12.5,337.5,null
"2019-03-05T15:47:52.000Z",45.701694,5.883461,8.25,11,14.5,337.5,null
"2019-03-05T15:51:52.000Z",45.701694,5.883461,9,10.5,12,337.5,null
"2019-03-05T15:55:52.000Z",45.701694,5.883461,7.75,11,12.5,0,null
"2019-03-05T15:59:57.000Z",45.701694,5.883461,10,12,14.5,0,null
"2019-03-05T16:03:57.000Z",45.701694,5.883461,8,11,12.5,337.5,null
"2019-03-05T16:07:57.000Z",45.701694,5.883461,11,11.5,12,337.5,null
"2019-03-05T16:12:01.000Z",45.701694,5.883461,11,11.5,12.5,337.5,null
"2019-03-05T16:16:01.000Z",45.701694,5.883461,11,11.5,12,337.5,null
"2019-03-05T16:20:01.000Z",45.701694,5.883461,9.5,11,12,337.5,null
"2019-03-05T16:24:05.000Z",45.701694,5.883461,8.25,9.25,10,337.5,null
"2019-03-05T16:28:05.000Z",45.701694,5.883461,7,8.25,9.75,337.5,null
"2019-03-05T16:32:05.000Z",45.701694,5.883461,4.75,6.25,8,337.5,null
"2019-03-05T16:36:09.000Z",45.701694,5.883461,4.25,6,7,337.5,null
"2019-03-05T16:40:09.000Z",45.701694,5.883461,6.25,7.75,8.75,337.5,null
"2019-03-05T16:44:09.000Z",45.701694,5.883461,6.25,7.75,9,315,null
"2019-03-05T16:48:12.000Z",45.701694,5.883461,5.25,6.5,8.25,0,null
"2019-03-05T16:52:12.000Z",45.701694,5.883461,4.25,6.25,8.25,22.5,null
"2019-03-05T16:56:12.000Z",45.701694,5.883461,3.5,5.75,8.75,22.5,null
"2019-03-05T17:00:17.000Z",45.701694,5.883461,3.25,5,6.5,45,null
"2019-03-05T17:04:17.000Z",45.701694,5.883461,2.75,4.5,7.25,45,null
"2019-03-05T17:08:17.000Z",45.701694,5.883461,1.5,3.75,6,45,null
"2019-03-05T17:12:21.000Z",45.701694,5.883461,1.75,4,6,22.5,null
"2019-03-05T17:16:21.000Z",45.701694,5.883461,2.75,4.75,6,22.5,null
"2019-03-05T17:20:21.000Z",45.701694,5.883461,2.75,4.25,5.5,22.5,null
"2019-03-05T17:24:25.000Z",45.701694,5.883461,2.5,3.75,4.5,0,null
"2019-03-05T17:28:25.000Z",45.701694,5.883461,1.75,4,4.75,22.5,null
"2019-03-05T17:32:25.000Z",45.701694,5.883461,1,2.75,4.5,315,null
"2019-03-05T17:36:29.000Z",45.701694,5.883461,3.25,4.75,6.25,337.5,null
"2019-03-05T17:40:29.000Z",45.701694,5.883461,2,5.25,7,337.5,null
"2019-03-05T17:44:29.000Z",45.701694,5.883461,2,5.75,8.75,337.5,null
"2019-03-05T17:48:33.000Z",45.701694,5.883461,2.75,6,8,0,null
"2019-03-05T17:52:33.000Z",45.701694,5.883461,1.5,3.5,6,22.5,null
"2019-03-05T17:56:33.000Z",45.701694,5.883461,2,5.25,8,22.5,null
"2019-03-05T18:00:37.000Z",45.701694,5.883461,0.25,2,3.5,45,null
"2019-03-05T18:04:37.000Z",45.701694,5.883461,0,1.25,3.5,67.5,null
"2019-03-05T18:08:37.000Z",45.701694,5.883461,0,0.25,1.5,112.5,null
"2019-03-05T18:12:41.000Z",45.701694,5.883461,0,0.5,2.5,67.5,null
"2019-03-05T18:16:41.000Z",45.701694,5.883461,0,1,2,90,null
"2019-03-05T18:20:41.000Z",45.701694,5.883461,1,1.75,3.25,90,null
"2019-03-05T18:24:45.000Z",45.701694,5.883461,0.75,2.75,6,225,null
"2019-03-05T18:28:45.000Z",45.701694,5.883461,1,2.5,3.5,135,null
"2019-03-05T18:32:45.000Z",45.701694,5.883461,0,0.5,2,112.5,null
"2019-03-05T18:36:50.000Z",45.701694,5.883461,0.25,2.75,5.25,157.5,null
"2019-03-05T18:40:50.000Z",45.701694,5.883461,2.75,4,5.5,157.5,null
"2019-03-05T18:44:50.000Z",45.701694,5.883461,2.5,4,5.5,135,null
"2019-03-05T18:48:53.000Z",45.701694,5.883461,3.75,5.5,9.75,157.5,null
"2019-03-05T18:52:53.000Z",45.701694,5.883461,6.25,9.25,11,202.5,null
"2019-03-05T18:56:53.000Z",45.701694,5.883461,6.25,8.25,9.5,180,null
"2019-03-05T19:00:58.000Z",45.701694,5.883461,5.25,7.5,9,180,null
"2019-03-05T19:04:58.000Z",45.701694,5.883461,6,8.75,10,202.5,null
"2019-03-05T19:08:58.000Z",45.701694,5.883461,3.5,6.5,8.75,180,null
"2019-03-05T19:13:02.000Z",45.701694,5.883461,4.25,6.25,7.75,157.5,null
"2019-03-05T19:17:02.000Z",45.701694,5.883461,2.5,5.75,7.75,157.5,null
"2019-03-05T19:21:02.000Z",45.701694,5.883461,4.25,6.25,10,157.5,null
"2019-03-05T19:25:05.000Z",45.701694,5.883461,3.5,6.5,10,135,null
"2019-03-05T19:29:05.000Z",45.701694,5.883461,2,5.75,11,135,null
"2019-03-05T19:33:05.000Z",45.701694,5.883461,1.75,4.75,9,112.5,null
"2019-03-05T19:37:10.000Z",45.701694,5.883461,1.75,5,9.5,135,null
"2019-03-05T19:41:10.000Z",45.701694,5.883461,0,4.25,9.5,135,null
"2019-03-05T19:45:10.000Z",45.701694,5.883461,1,5.75,11,112.5,null
"2019-03-05T19:49:14.000Z",45.701694,5.883461,0,2.75,5.5,112.5,null
"2019-03-05T19:53:14.000Z",45.701694,5.883461,1,5,11,180,null
"2019-03-05T19:57:14.000Z",45.701694,5.883461,7.25,9.75,11,202.5,null
"2019-03-05T20:01:18.000Z",45.701694,5.883461,5.25,8.75,11.5,180,null
"2019-03-05T20:05:18.000Z",45.701694,5.883461,2.75,7,11,157.5,null
"2019-03-05T20:09:18.000Z",45.701694,5.883461,3.25,6.5,9.5,135,null
"2019-03-05T20:13:22.000Z",45.701694,5.883461,2.75,5.25,9,135,null
"2019-03-05T20:17:22.000Z",45.701694,5.883461,1.75,5,8.75,112.5,null
"2019-03-05T20:21:22.000Z",45.701694,5.883461,1,3.75,8,112.5,null
"2019-03-05T20:25:26.000Z",45.701694,5.883461,1.75,4,6,135,null
"2019-03-05T20:29:26.000Z",45.701694,5.883461,3.25,5,7.75,112.5,null
"2019-03-05T20:33:26.000Z",45.701694,5.883461,4.5,5.75,7.75,90,null
"2019-03-05T20:37:30.000Z",45.701694,5.883461,2.75,5,7.75,90,null
"2019-03-05T20:41:30.000Z",45.701694,5.883461,2.75,5.25,7.75,90,null
"2019-03-05T20:45:30.000Z",45.701694,5.883461,2.5,4.25,8.75,112.5,null
"2019-03-05T20:49:34.000Z",45.701694,5.883461,0.75,3.5,10,90,null
"2019-03-05T20:53:34.000Z",45.701694,5.883461,2,5.75,8.75,112.5,null
"2019-03-05T20:57:34.000Z",45.701694,5.883461,1,5,11,112.5,null
"2019-03-05T21:01:38.000Z",45.701694,5.883461,1.5,4.25,9.75,112.5,null
"2019-03-05T21:05:38.000Z",45.701694,5.883461,1.75,4.25,7.75,112.5,null
"2019-03-05T21:09:38.000Z",45.701694,5.883461,1.5,4.75,8,112.5,null
"2019-03-05T21:13:42.000Z",45.701694,5.883461,1.75,3.5,7.25,90,null
"2019-03-05T21:17:42.000Z",45.701694,5.883461,1.5,4.25,7.75,112.5,null
"2019-03-05T21:21:42.000Z",45.701694,5.883461,1,3.5,8,112.5,null
"2019-03-05T21:25:47.000Z",45.701694,5.883461,2,3.5,6.25,112.5,null
"2019-03-05T21:29:47.000Z",45.701694,5.883461,1.75,5.5,10.5,112.5,null
"2019-03-05T21:33:47.000Z",45.701694,5.883461,4.75,7.5,11.5,90,null
"2019-03-05T21:37:51.000Z",45.701694,5.883461,2.75,5.75,10.5,112.5,null
"2019-03-05T21:41:51.000Z",45.701694,5.883461,1.5,4.5,8.25,112.5,null
"2019-03-05T21:45:51.000Z",45.701694,5.883461,0.75,4,8,112.5,null
"2019-03-05T21:49:54.000Z",45.701694,5.883461,0.25,4,9,135,null
"2019-03-05T21:53:54.000Z",45.701694,5.883461,2,4,7.25,112.5,null
"2019-03-05T21:57:54.000Z",45.701694,5.883461,2.5,4,7,112.5,null
"2019-03-05T22:01:58.000Z",45.701694,5.883461,2.5,4.5,8.5,112.5,null
"2019-03-05T22:05:58.000Z",45.701694,5.883461,0.75,2.75,7,112.5,null
"2019-03-05T22:09:58.000Z",45.701694,5.883461,1,4.5,8,112.5,null
"2019-03-05T22:14:02.000Z",45.701694,5.883461,2.5,5.75,10.5,90,null
"2019-03-05T22:18:02.000Z",45.701694,5.883461,3.25,5.5,9.5,90,null
"2019-03-05T22:22:02.000Z",45.701694,5.883461,5.5,7.75,11,90,null
"2019-03-05T22:26:06.000Z",45.701694,5.883461,2,5.25,9.75,90,null
"2019-03-05T22:30:06.000Z",45.701694,5.883461,3.5,6.5,11,90,null
"2019-03-05T22:34:06.000Z",45.701694,5.883461,2,4.75,11,112.5,null
"2019-03-05T22:38:11.000Z",45.701694,5.883461,4.25,7.75,11.5,90,null
"2019-03-05T22:42:11.000Z",45.701694,5.883461,3.75,5.75,9,90,null
"2019-03-05T22:46:11.000Z",45.701694,5.883461,2.5,5,8.75,90,null
"2019-03-05T22:50:15.000Z",45.701694,5.883461,1.75,4.25,7,90,null
"2019-03-05T22:54:15.000Z",45.701694,5.883461,2.5,5.5,10,90,null
"2019-03-05T22:58:15.000Z",45.701694,5.883461,4.25,6.75,9.5,90,null
"2019-03-05T23:02:19.000Z",45.701694,5.883461,3.25,5.75,8,90,null
"2019-03-05T23:06:19.000Z",45.701694,5.883461,4.5,6,8.75,90,null
"2019-03-05T23:10:19.000Z",45.701694,5.883461,4.75,6,8,90,null
"2019-03-05T23:14:23.000Z",45.701694,5.883461,3.75,7,10,90,null
"2019-03-05T23:18:23.000Z",45.701694,5.883461,4.5,6,7.75,90,null
"2019-03-05T23:22:23.000Z",45.701694,5.883461,6,7.5,10.5,90,null
"2019-03-05T23:26:27.000Z",45.701694,5.883461,4.75,6.75,9.75,67.5,null
"2019-03-05T23:30:27.000Z",45.701694,5.883461,4.75,6.75,8,67.5,null
"2019-03-05T23:34:27.000Z",45.701694,5.883461,4.5,6.75,8.75,67.5,null
"2019-03-05T23:38:31.000Z",45.701694,5.883461,4.5,6.75,9.5,67.5,null
"2019-03-05T23:42:31.000Z",45.701694,5.883461,3.75,5.5,8,90,null
"2019-03-05T23:46:31.000Z",45.701694,5.883461,4.5,6.75,8.75,90,null
"2019-03-05T23:50:35.000Z",45.701694,5.883461,3.75,5.5,8.25,90,null
"2019-03-05T23:54:35.000Z",45.701694,5.883461,2.75,4.75,6.5,90,null
"2019-03-05T23:58:35.000Z",45.701694,5.883461,4.25,5.5,7.75,90,null
"2019-03-06T00:02:39.000Z",45.701694,5.883461,4.25,5.75,7,67.5,null
"2019-03-06T00:06:39.000Z",45.701694,5.883461,6.25,7,8,90,null
"2019-03-06T00:10:39.000Z",45.701694,5.883461,6.25,8,10,67.5,null
"2019-03-06T00:14:51.000Z",45.701694,5.883461,3.5,5.25,8.75,90,null
"2019-03-06T00:18:51.000Z",45.701694,5.883461,2,4.25,6,67.5,null
"2019-03-06T00:22:51.000Z",45.701694,5.883461,0,3.75,6.5,67.5,null
"2019-03-06T00:26:55.000Z",45.701694,5.883461,3.75,5.75,7.75,90,null
"2019-03-06T00:30:55.000Z",45.701694,5.883461,3.5,4.75,6,90,null
"2019-03-06T00:34:55.000Z",45.701694,5.883461,3.75,5,6.25,90,null
"2019-03-06T00:38:59.000Z",45.701694,5.883461,3.75,5.75,7.75,67.5,null
"2019-03-06T00:42:59.000Z",45.701694,5.883461,2.5,5.75,8,90,null
"2019-03-06T00:46:59.000Z",45.701694,5.883461,2,4,5.5,45,null
"2019-03-06T00:51:03.000Z",45.701694,5.883461,2.5,3.75,5.25,67.5,null
"2019-03-06T00:55:03.000Z",45.701694,5.883461,2.5,3.25,4.5,67.5,null
"2019-03-06T00:59:03.000Z",45.701694,5.883461,2.5,5.75,8.25,90,null
"2019-03-06T01:03:07.000Z",45.701694,5.883461,1.5,3.75,8,67.5,null
"2019-03-06T01:07:07.000Z",45.701694,5.883461,0,1,2.75,67.5,null
"2019-03-06T01:11:07.000Z",45.701694,5.883461,0.25,1.75,4.25,45,null
"2019-03-06T01:15:12.000Z",45.701694,5.883461,2.75,4.75,6.5,22.5,null
"2019-03-06T01:19:12.000Z",45.701694,5.883461,0,2.75,6.25,22.5,null
"2019-03-06T01:23:12.000Z",45.701694,5.883461,0,0.75,4.25,45,null
"2019-03-06T01:27:15.000Z",45.701694,5.883461,0,0.5,4,67.5,null
"2019-03-06T01:31:15.000Z",45.701694,5.883461,0,3.5,6.25,112.5,null
"2019-03-06T01:35:15.000Z",45.701694,5.883461,0.75,2.25,4.5,112.5,null
"2019-03-06T01:39:19.000Z",45.701694,5.883461,0.75,2.5,4.25,90,null
"2019-03-06T01:43:19.000Z",45.701694,5.883461,1.75,3.25,4.25,90,null
"2019-03-06T01:47:19.000Z",45.701694,5.883461,1.5,3.75,6.25,90,null
"2019-03-06T01:51:24.000Z",45.701694,5.883461,1.5,2.75,4.25,112.5,null
"2019-03-06T01:55:24.000Z",45.701694,5.883461,0.75,2.75,3.75,90,null
"2019-03-06T01:59:24.000Z",45.701694,5.883461,2,4.25,6.25,90,null
"2019-03-06T02:03:27.000Z",45.701694,5.883461,3.25,4.5,6,67.5,null
"2019-03-06T02:07:27.000Z",45.701694,5.883461,2.75,4.5,7,67.5,null
"2019-03-06T02:11:27.000Z",45.701694,5.883461,0.25,2.25,4.5,67.5,null
"2019-03-06T02:15:31.000Z",45.701694,5.883461,0.75,3.25,4.75,67.5,null
"2019-03-06T02:19:31.000Z",45.701694,5.883461,1.5,2.5,4.75,67.5,null
"2019-03-06T02:23:31.000Z",45.701694,5.883461,1,2.5,3.5,90,null
"2019-03-06T02:27:35.000Z",45.701694,5.883461,1.75,2.75,3.75,67.5,null
"2019-03-06T02:31:35.000Z",45.701694,5.883461,1.75,2.75,3.75,90,null
"2019-03-06T02:35:35.000Z",45.701694,5.883461,0.75,1.75,3.25,90,null
"2019-03-06T02:39:39.000Z",45.701694,5.883461,0,0.75,2.5,67.5,null
"2019-03-06T02:43:39.000Z",45.701694,5.883461,0,1,2.5,67.5,null
"2019-03-06T02:47:39.000Z",45.701694,5.883461,1.75,4.5,6,22.5,null
"2019-03-06T02:51:44.000Z",45.701694,5.883461,3.75,5,7.25,0,null
"2019-03-06T02:55:44.000Z",45.701694,5.883461,3.75,6.25,10,22.5,null
"2019-03-06T02:59:44.000Z",45.701694,5.883461,4.25,8.75,13,0,null
"2019-03-06T03:03:48.000Z",45.701694,5.883461,3.25,8,11.5,22.5,null
"2019-03-06T03:07:48.000Z",45.701694,5.883461,0,3.25,8.25,0,null
"2019-03-06T03:11:48.000Z",45.701694,5.883461,0,4.25,7,67.5,null
"2019-03-06T03:15:52.000Z",45.701694,5.883461,0.25,3.25,7.25,90,null
"2019-03-06T03:19:52.000Z",45.701694,5.883461,0,0.75,2.75,112.5,null
"2019-03-06T03:23:52.000Z",45.701694,5.883461,0,0.75,3.25,315,null
"2019-03-06T03:27:56.000Z",45.701694,5.883461,0,3,8,337.5,null
"2019-03-06T03:31:56.000Z",45.701694,5.883461,1.5,4.75,7.75,0,null
"2019-03-06T03:35:56.000Z",45.701694,5.883461,0.25,3,5.5,45,null
"2019-03-06T03:40:00.000Z",45.701694,5.883461,0.25,2,4.5,67.5,null
"2019-03-06T03:44:00.000Z",45.701694,5.883461,0,1.5,2.5,90,null
"2019-03-06T03:48:00.000Z",45.701694,5.883461,0,1,2,90,null
"2019-03-06T03:52:04.000Z",45.701694,5.883461,0.25,2.75,4.75,90,null
"2019-03-06T03:56:04.000Z",45.701694,5.883461,1.75,3.25,6,90,null
"2019-03-06T04:00:04.000Z",45.701694,5.883461,0,1,2.5,67.5,null
"2019-03-06T04:04:08.000Z",45.701694,5.883461,0,0,0,90,null
"2019-03-06T04:08:08.000Z",45.701694,5.883461,0,1.5,4.25,90,null
"2019-03-06T04:12:08.000Z",45.701694,5.883461,2.75,4,4.75,112.5,null
"2019-03-06T04:16:13.000Z",45.701694,5.883461,4.5,5.5,8,112.5,null
"2019-03-06T04:20:13.000Z",45.701694,5.883461,2,4.25,7.75,112.5,null
"2019-03-06T04:24:13.000Z",45.701694,5.883461,0.25,2.5,4.5,112.5,null
"2019-03-06T04:28:17.000Z",45.701694,5.883461,0,1.75,4.25,112.5,null
"2019-03-06T04:32:17.000Z",45.701694,5.883461,0,1,3.75,135,null
"2019-03-06T04:36:17.000Z",45.701694,5.883461,0,1.5,5.25,157.5,null
"2019-03-06T04:40:21.000Z",45.701694,5.883461,0.75,3.25,6.25,112.5,null
"2019-03-06T04:44:21.000Z",45.701694,5.883461,0.25,2.75,6,112.5,null
"2019-03-06T04:48:21.000Z",45.701694,5.883461,3.5,5,8,90,null
"2019-03-06T04:52:24.000Z",45.701694,5.883461,0.25,4,6.25,90,null
"2019-03-06T04:56:24.000Z",45.701694,5.883461,2.75,4.75,8.25,90,null
"2019-03-06T05:00:24.000Z",45.701694,5.883461,2,4.75,8.75,90,null
"2019-03-06T05:04:28.000Z",45.701694,5.883461,1,4.5,7.75,90,null
"2019-03-06T05:08:28.000Z",45.701694,5.883461,0.25,1.75,3.5,112.5,null
"2019-03-06T05:12:28.000Z",45.701694,5.883461,1.75,5.25,7.75,90,null
"2019-03-06T05:16:32.000Z",45.701694,5.883461,0,4,6.5,112.5,null
"2019-03-06T05:20:32.000Z",45.701694,5.883461,0,0.25,2,157.5,null
"2019-03-06T05:24:32.000Z",45.701694,5.883461,0,1.25,2.5,112.5,null
"2019-03-06T05:28:37.000Z",45.701694,5.883461,0,1.25,2.75,67.5,null
"2019-03-06T05:32:37.000Z",45.701694,5.883461,0,1.25,3.25,67.5,null
"2019-03-06T05:36:37.000Z",45.701694,5.883461,2,3.5,5.25,90,null
"2019-03-06T05:40:41.000Z",45.701694,5.883461,3.25,5.25,7,67.5,null
"2019-03-06T05:44:41.000Z",45.701694,5.883461,0.25,2.25,4.75,67.5,null
"2019-03-06T05:48:41.000Z",45.701694,5.883461,0.25,1.5,2.75,90,null
"2019-03-06T05:52:45.000Z",45.701694,5.883461,0.25,2.25,5.5,112.5,null
"2019-03-06T05:56:45.000Z",45.701694,5.883461,0,2,4.75,90,null
"2019-03-06T06:00:45.000Z",45.701694,5.883461,0,1.75,4.5,90,null
"2019-03-06T06:04:49.000Z",45.701694,5.883461,0,0,1.75,90,null
"2019-03-06T06:08:49.000Z",45.701694,5.883461,0,1,2.5,67.5,null
"2019-03-06T06:12:49.000Z",45.701694,5.883461,1.75,2.75,4.75,67.5,null
"2019-03-06T06:16:53.000Z",45.701694,5.883461,0,2.5,5.5,90,null
"2019-03-06T06:20:53.000Z",45.701694,5.883461,2,3.75,5.5,90,null
"2019-03-06T06:24:53.000Z",45.701694,5.883461,2.5,6.75,11,90,null
"2019-03-06T06:28:57.000Z",45.701694,5.883461,3.25,6.5,10.5,90,null
"2019-03-06T06:32:57.000Z",45.701694,5.883461,3.75,7,11,90,null
"2019-03-06T06:36:57.000Z",45.701694,5.883461,4.5,7.25,10,90,null
"2019-03-06T06:41:01.000Z",45.701694,5.883461,1,3.5,5.25,90,null
"2019-03-06T06:45:01.000Z",45.701694,5.883461,1.75,4,6.25,90,null
"2019-03-06T06:49:01.000Z",45.701694,5.883461,0.25,2.75,4.75,90,null
"2019-03-06T06:53:05.000Z",45.701694,5.883461,0,0.25,1.5,67.5,null
"2019-03-06T06:57:05.000Z",45.701694,5.883461,0,0.5,2,67.5,null
"2019-03-06T07:01:05.000Z",45.701694,5.883461,0,1.5,2.5,67.5,null
"2019-03-06T07:05:09.000Z",45.701694,5.883461,1.5,2.25,3.5,90,null
"2019-03-06T07:09:09.000Z",45.701694,5.883461,1.75,3,4.5,112.5,null
"2019-03-06T07:13:09.000Z",45.701694,5.883461,1,3,6,90,null
"2019-03-06T07:17:13.000Z",45.701694,5.883461,0,1.5,4.75,90,null
"2019-03-06T07:21:13.000Z",45.701694,5.883461,0,1.5,4.25,90,null
"2019-03-06T07:25:13.000Z",45.701694,5.883461,0.25,2.75,5.25,67.5,null
"2019-03-06T07:29:17.000Z",45.701694,5.883461,0,2.25,6,67.5,null
"2019-03-06T07:33:17.000Z",45.701694,5.883461,0,0,0.75,90,null
"2019-03-06T07:37:17.000Z",45.701694,5.883461,0,0,0,157.5,null
"2019-03-06T07:41:21.000Z",45.701694,5.883461,0,0,0,112.5,null
"2019-03-06T07:45:21.000Z",45.701694,5.883461,0,0.75,3.75,337.5,null
"2019-03-06T07:49:21.000Z",45.701694,5.883461,1.75,3,4.5,337.5,null
"2019-03-06T07:53:25.000Z",45.701694,5.883461,0.25,2,3.75,22.5,null
"2019-03-06T07:57:25.000Z",45.701694,5.883461,0,1.25,2.75,22.5,null
"2019-03-06T08:01:25.000Z",45.701694,5.883461,0,2.75,4.5,0,null
"2019-03-06T08:05:29.000Z",45.701694,5.883461,2,3.25,4.5,0,null
"2019-03-06T08:09:29.000Z",45.701694,5.883461,0.25,2.25,4.5,0,null
"2019-03-06T08:13:29.000Z",45.701694,5.883461,0,0.5,2,337.5,null
"2019-03-06T08:17:34.000Z",45.701694,5.883461,0,0.25,1.5,292.5,null
"2019-03-06T08:21:34.000Z",45.701694,5.883461,1,2.5,3.75,292.5,null
"2019-03-06T08:25:34.000Z",45.701694,5.883461,0.75,2,3.75,270,null
"2019-03-06T08:29:38.000Z",45.701694,5.883461,0,0,0.5,270,null
"2019-03-06T08:33:38.000Z",45.701694,5.883461,0,1.25,3.25,337.5,null
"2019-03-06T08:37:38.000Z",45.701694,5.883461,0,0.75,2.5,337.5,null
"2019-03-06T08:41:42.000Z",45.701694,5.883461,0,0.25,1.75,315,null
"2019-03-06T08:45:42.000Z",45.701694,5.883461,0.75,2.25,3.25,292.5,null
"2019-03-06T08:49:42.000Z",45.701694,5.883461,0,1.25,2.75,292.5,null
"2019-03-06T08:53:46.000Z",45.701694,5.883461,0,0.5,2.75,337.5,null
"2019-03-06T08:57:46.000Z",45.701694,5.883461,0,1,2.75,337.5,null
"2019-03-06T09:01:46.000Z",45.701694,5.883461,0,1.5,4.25,337.5,null
"2019-03-06T09:05:50.000Z",45.701694,5.883461,3.25,4.25,6.5,337.5,null
"2019-03-06T09:09:50.000Z",45.701694,5.883461,3.5,5,6.5,337.5,null
"2019-03-06T09:13:50.000Z",45.701694,5.883461,4.5,7.25,11,337.5,null
"2019-03-06T09:17:53.000Z",45.701694,5.883461,5.25,8.5,11,0,null
"2019-03-06T09:21:53.000Z",45.701694,5.883461,4.75,7.25,10.5,0,null
"2019-03-06T09:25:53.000Z",45.701694,5.883461,6.25,8,10.5,0,null
"2019-03-06T09:29:58.000Z",45.701694,5.883461,4.75,8.75,11,337.5,null
"2019-03-06T09:33:58.000Z",45.701694,5.883461,7.25,8.75,10.5,337.5,null
"2019-03-06T09:37:58.000Z",45.701694,5.883461,7,8.75,10,337.5,null
"2019-03-06T09:42:02.000Z",45.701694,5.883461,8,9.75,11.5,337.5,null
"2019-03-06T09:46:02.000Z",45.701694,5.883461,6,7,8.25,337.5,null
"2019-03-06T09:50:02.000Z",45.701694,5.883461,4.25,5.5,6.5,337.5,null
"2019-03-06T09:54:06.000Z",45.701694,5.883461,3.75,6,8,337.5,null
"2019-03-06T09:58:06.000Z",45.701694,5.883461,6.25,7.75,9,337.5,null
"2019-03-06T10:02:06.000Z",45.701694,5.883461,6,7.5,8.75,337.5,null
"2019-03-06T10:06:10.000Z",45.701694,5.883461,5.25,6.5,7.75,0,null
"2019-03-06T10:10:10.000Z",45.701694,5.883461,2.75,4.75,7.75,0,null
"2019-03-06T10:14:10.000Z",45.701694,5.883461,3.75,5.5,7,0,null
"2019-03-06T10:18:13.000Z",45.701694,5.883461,3.5,4.75,6,0,null
"2019-03-06T10:22:13.000Z",45.701694,5.883461,4.75,6.75,8,337.5,null
"2019-03-06T10:26:13.000Z",45.701694,5.883461,6,7,8,337.5,null
"2019-03-06T10:30:18.000Z",45.701694,5.883461,5.25,6.75,7.75,337.5,null
"2019-03-06T10:34:18.000Z",45.701694,5.883461,6,7.5,9,337.5,null
"2019-03-06T10:38:18.000Z",45.701694,5.883461,3.5,5,6.25,0,null
"2019-03-06T10:42:22.000Z",45.701694,5.883461,4.25,4.75,5.5,0,null
"2019-03-06T10:46:22.000Z",45.701694,5.883461,4.25,5.5,7.25,0,null
"2019-03-06T10:50:22.000Z",45.701694,5.883461,6.5,7.75,9,337.5,null
"2019-03-06T10:54:26.000Z",45.701694,5.883461,7.25,8.5,11,337.5,null
"2019-03-06T10:58:26.000Z",45.701694,5.883461,6.25,8.75,10.5,337.5,null
"2019-03-06T11:02:26.000Z",45.701694,5.883461,8,9.75,13,337.5,null
"2019-03-06T11:06:30.000Z",45.701694,5.883461,8,10,13,337.5,null
"2019-03-06T11:10:30.000Z",45.701694,5.883461,8.25,9.75,11,0,null
"2019-03-06T11:14:30.000Z",45.701694,5.883461,6,9.25,11,337.5,null
"2019-03-06T11:18:34.000Z",45.701694,5.883461,3.5,5.5,7,0,null
"2019-03-06T11:22:34.000Z",45.701694,5.883461,6.25,10.5,15,337.5,null
"2019-03-06T11:26:34.000Z",45.701694,5.883461,9.75,11.5,14.5,337.5,null
"2019-03-06T11:30:39.000Z",45.701694,5.883461,9.75,11.5,12.5,337.5,null
"2019-03-06T11:34:39.000Z",45.701694,5.883461,10,11.5,13.5,337.5,null
"2019-03-06T11:38:39.000Z",45.701694,5.883461,9.75,11.5,13.5,337.5,null
"2019-03-06T11:42:42.000Z",45.701694,5.883461,11,12.5,14,337.5,null
"2019-03-06T11:46:42.000Z",45.701694,5.883461,9.5,11,13,337.5,null
"2019-03-06T11:50:42.000Z",45.701694,5.883461,8.75,10.5,12,337.5,null
"2019-03-06T11:54:46.000Z",45.701694,5.883461,9.5,11,12.5,337.5,null
"2019-03-06T11:58:46.000Z",45.701694,5.883461,8.75,11,12,337.5,null
"2019-03-06T12:02:46.000Z",45.701694,5.883461,8,9.5,10.5,0,null
"2019-03-06T12:06:50.000Z",45.701694,5.883461,9,11,12,337.5,null
"2019-03-06T12:10:50.000Z",45.701694,5.883461,6.5,9,10.5,337.5,null
"2019-03-06T12:14:50.000Z",45.701694,5.883461,2,6.75,11,337.5,null
"2019-03-06T12:18:54.000Z",45.701694,5.883461,3.75,8.5,11,337.5,null
"2019-03-06T12:22:54.000Z",45.701694,5.883461,0,1.5,4.5,45,null
"2019-03-06T12:26:54.000Z",45.701694,5.883461,0,1.5,4.5,0,null
"2019-03-06T12:30:59.000Z",45.701694,5.883461,3.25,5,6.25,337.5,null
"2019-03-06T12:34:59.000Z",45.701694,5.883461,0,2,4.5,0,null
"2019-03-06T12:38:59.000Z",45.701694,5.883461,0,0.75,3.25,22.5,null
"2019-03-06T12:43:02.000Z",45.701694,5.883461,3.75,9.75,12,337.5,null
"2019-03-06T12:47:02.000Z",45.701694,5.883461,4.5,10.5,15,337.5,null
"2019-03-06T12:51:02.000Z",45.701694,5.883461,0,3,7.25,45,null
"2019-03-06T12:55:06.000Z",45.701694,5.883461,0,2.75,7.25,247.5,null
"2019-03-06T12:59:06.000Z",45.701694,5.883461,0,3,5.5,315,null
"2019-03-06T13:03:06.000Z",45.701694,5.883461,3.5,7.25,9.75,225,null
"2019-03-06T13:07:11.000Z",45.701694,5.883461,1,4,8.25,337.5,null
"2019-03-06T13:11:11.000Z",45.701694,5.883461,0,4.25,10,270,null
"2019-03-06T13:15:11.000Z",45.701694,5.883461,0,1,2.75,45,null
"2019-03-06T13:19:14.000Z",45.701694,5.883461,0,3.75,7.75,292.5,null
"2019-03-06T13:23:14.000Z",45.701694,5.883461,1.75,4.75,6.25,315,null
"2019-03-06T13:27:14.000Z",45.701694,5.883461,0.75,3.5,5.25,315,null
"2019-03-06T13:31:19.000Z",45.701694,5.883461,0.25,2.5,4.5,22.5,null
"2019-03-06T13:35:19.000Z",45.701694,5.883461,2.5,4.75,7.25,22.5,null
"2019-03-06T13:39:19.000Z",45.701694,5.883461,0.75,2.25,3.75,22.5,null
"2019-03-06T13:43:23.000Z",45.701694,5.883461,0,2,5.25,45,null
"2019-03-06T13:47:23.000Z",45.701694,5.883461,0,2,7.75,202.5,null
"2019-03-06T13:51:23.000Z",45.701694,5.883461,0,4,7,180,null
"2019-03-06T13:55:27.000Z",45.701694,5.883461,5.25,9.25,14,202.5,null
"2019-03-06T13:59:27.000Z",45.701694,5.883461,3.5,7.75,11.5,157.5,null
"2019-03-06T14:03:27.000Z",45.701694,5.883461,3.25,4.75,7.75,157.5,null
"2019-03-06T14:07:31.000Z",45.701694,5.883461,0.25,2.75,10.5,180,null
"2019-03-06T14:11:31.000Z",45.701694,5.883461,2,6,13,180,null
"2019-03-06T14:15:31.000Z",45.701694,5.883461,2,3.75,5.5,135,null
"2019-03-06T14:19:35.000Z",45.701694,5.883461,1,3,5.25,202.5,null
"2019-03-06T14:23:35.000Z",45.701694,5.883461,2.5,3.5,5.25,135,null
"2019-03-06T14:27:35.000Z",45.701694,5.883461,0,2.5,4.5,112.5,null
"2019-03-06T14:31:38.000Z",45.701694,5.883461,0,1.75,3.25,180,null
"2019-03-06T14:35:38.000Z",45.701694,5.883461,2.5,6,10,247.5,null
"2019-03-06T14:39:38.000Z",45.701694,5.883461,2.75,5.25,6,202.5,null
"2019-03-06T14:43:43.000Z",45.701694,5.883461,3.5,5.25,6.5,180,null
"2019-03-06T14:47:43.000Z",45.701694,5.883461,3.5,5.75,7.75,180,null
"2019-03-06T14:51:43.000Z",45.701694,5.883461,3.5,5.5,8,157.5,null
"2019-03-06T14:55:47.000Z",45.701694,5.883461,2.75,5.75,9,157.5,null
"2019-03-06T14:59:47.000Z",45.701694,5.883461,1,4.25,8.25,157.5,null
"2019-03-06T15:03:47.000Z",45.701694,5.883461,0,0.75,3.5,202.5,null
"2019-03-06T15:07:51.000Z",45.701694,5.883461,0.75,3.5,6.25,135,null
"2019-03-06T15:11:51.000Z",45.701694,5.883461,1,4.25,6,157.5,null
"2019-03-06T15:15:51.000Z",45.701694,5.883461,0,2,4.75,135,null
"2019-03-06T15:19:55.000Z",45.701694,5.883461,1.75,4,8,157.5,null
"2019-03-06T15:23:55.000Z",45.701694,5.883461,0.25,4.5,9,157.5,null
"2019-03-06T15:27:55.000Z",45.701694,5.883461,0,2.5,6,112.5,null
"2019-03-06T15:31:59.000Z",45.701694,5.883461,0,1.25,5.25,67.5,null
"2019-03-06T15:35:59.000Z",45.701694,5.883461,0.75,3.5,6.5,0,null
"2019-03-06T15:39:59.000Z",45.701694,5.883461,0,1.75,8.75,202.5,null
"2019-03-06T15:44:03.000Z",45.701694,5.883461,4.5,13.5,21.5,202.5,null
"2019-03-06T15:48:03.000Z",45.701694,5.883461,16,22,27,202.5,null
"2019-03-06T15:52:03.000Z",45.701694,5.883461,21,26.5,32.5,202.5,null
"2019-03-06T15:56:07.000Z",45.701694,5.883461,20,24.5,29.5,202.5,null
"2019-03-06T16:00:07.000Z",45.701694,5.883461,22.5,27,31.5,225,null
"2019-03-06T16:04:07.000Z",45.701694,5.883461,22.5,26.5,31.5,202.5,null
"2019-03-06T16:08:11.000Z",45.701694,5.883461,19.5,24.5,31.5,202.5,null
"2019-03-06T16:12:11.000Z",45.701694,5.883461,19,24,29,202.5,null
"2019-03-06T16:16:11.000Z",45.701694,5.883461,20.5,24,29.5,202.5,null
"2019-03-06T16:20:15.000Z",45.701694,5.883461,21.5,27.5,34,202.5,null
"2019-03-06T16:24:15.000Z",45.701694,5.883461,22.5,28.5,35,202.5,null
"2019-03-06T16:28:15.000Z",45.701694,5.883461,23.5,28.5,36,202.5,null
"2019-03-06T16:32:20.000Z",45.701694,5.883461,24.5,29,34,202.5,null
"2019-03-06T16:36:20.000Z",45.701694,5.883461,16.5,23.5,31.5,202.5,null
"2019-03-06T16:40:20.000Z",45.701694,5.883461,26,30.5,40.5,202.5,null
"2019-03-06T16:44:24.000Z",45.701694,5.883461,18,25,35,202.5,null
"2019-03-06T16:48:24.000Z",45.701694,5.883461,17,22,29,202.5,null
"2019-03-06T16:52:24.000Z",45.701694,5.883461,21,26,30,225,null
"2019-03-06T16:56:28.000Z",45.701694,5.883461,10.5,22.5,31,202.5,null
"2019-03-06T17:00:28.000Z",45.701694,5.883461,16.5,21.5,28,202.5,null
"2019-03-06T17:04:28.000Z",45.701694,5.883461,19,28,33,202.5,null
"2019-03-06T17:08:32.000Z",45.701694,5.883461,22.5,26.5,30.5,202.5,null
"2019-03-06T17:12:32.000Z",45.701694,5.883461,18,22,27.5,202.5,null
"2019-03-06T17:16:32.000Z",45.701694,5.883461,19.5,25.5,37,225,null
"2019-03-06T17:20:36.000Z",45.701694,5.883461,15.5,25,31.5,225,null
"2019-03-06T17:24:36.000Z",45.701694,5.883461,23.5,29.5,34.5,247.5,null
"2019-03-06T17:28:36.000Z",45.701694,5.883461,23.5,28.5,35,225,null
"2019-03-06T17:32:39.000Z",45.701694,5.883461,22.5,29,37,225,null
"2019-03-06T17:36:39.000Z",45.701694,5.883461,19.5,26,31.5,225,null
"2019-03-06T17:40:39.000Z",45.701694,5.883461,19.5,24.5,30,225,null
"2019-03-06T17:44:44.000Z",45.701694,5.883461,20.5,25.5,32,225,null
"2019-03-06T17:48:44.000Z",45.701694,5.883461,23,27,32,225,null
"2019-03-06T17:52:44.000Z",45.701694,5.883461,20.5,25.5,30,225,null
"2019-03-06T17:56:48.000Z",45.701694,5.883461,19.5,24.5,28.5,225,null
"2019-03-06T18:00:48.000Z",45.701694,5.883461,15,20,26,225,null
"2019-03-06T18:04:48.000Z",45.701694,5.883461,11.5,15,18,225,null
"2019-03-06T18:08:51.000Z",45.701694,5.883461,7.75,12,15.5,225,null
"2019-03-06T18:12:51.000Z",45.701694,5.883461,10.5,13.5,18.5,247.5,null
"2019-03-06T18:16:51.000Z",45.701694,5.883461,7.25,10.5,18,247.5,null
"2019-03-06T18:20:56.000Z",45.701694,5.883461,3.25,8.5,12,247.5,null
"2019-03-06T18:24:56.000Z",45.701694,5.883461,0,1.75,4.75,225,null
"2019-03-06T18:28:56.000Z",45.701694,5.883461,0,1,3.25,202.5,null
"2019-03-06T18:32:59.000Z",45.701694,5.883461,0,0.75,3.5,22.5,null
"2019-03-06T18:36:59.000Z",45.701694,5.883461,1,2.25,3.5,22.5,null
"2019-03-06T18:40:59.000Z",45.701694,5.883461,1.5,3.5,6,22.5,null
"2019-03-06T18:45:04.000Z",45.701694,5.883461,0,2,4.25,292.5,null
"2019-03-06T18:49:04.000Z",45.701694,5.883461,0,5,13.5,225,null
"2019-03-06T18:53:04.000Z",45.701694,5.883461,6.25,11,15.5,180,null
"2019-03-06T18:57:08.000Z",45.701694,5.883461,4.5,9,14,157.5,null
"2019-03-06T19:01:08.000Z",45.701694,5.883461,0.25,3,6.25,157.5,null
"2019-03-06T19:05:08.000Z",45.701694,5.883461,0,3.25,7.25,157.5,null
"2019-03-06T19:09:12.000Z",45.701694,5.883461,5.25,11,20,180,null
"2019-03-06T19:13:12.000Z",45.701694,5.883461,5.25,13,18,202.5,null
"2019-03-06T19:17:12.000Z",45.701694,5.883461,6,13.5,20.5,180,null
"2019-03-06T19:21:16.000Z",45.701694,5.883461,7.25,16.5,21,180,null
"2019-03-06T19:25:16.000Z",45.701694,5.883461,8.75,15,20,180,null
"2019-03-06T19:29:16.000Z",45.701694,5.883461,8.75,19,25,157.5,null
"2019-03-06T19:33:20.000Z",45.701694,5.883461,15.5,20,24.5,180,null
"2019-03-06T19:37:20.000Z",45.701694,5.883461,10,20.5,30.5,157.5,null
"2019-03-06T19:41:20.000Z",45.701694,5.883461,16.5,23,28,180,null
"2019-03-06T19:45:24.000Z",45.701694,5.883461,16.5,21.5,27,180,null
"2019-03-06T19:49:24.000Z",45.701694,5.883461,10.5,19.5,25,157.5,null
"2019-03-06T19:53:24.000Z",45.701694,5.883461,16,20.5,25,180,null
"2019-03-06T19:57:28.000Z",45.701694,5.883461,12.5,17,22,180,null
"2019-03-06T20:01:28.000Z",45.701694,5.883461,14.5,19.5,23.5,180,null
"2019-03-06T20:05:28.000Z",45.701694,5.883461,11,19,26,202.5,null
"2019-03-06T20:09:32.000Z",45.701694,5.883461,10,14.5,19,202.5,null
"2019-03-06T20:13:32.000Z",45.701694,5.883461,15.5,20.5,22.5,225,null
"2019-03-06T20:17:32.000Z",45.701694,5.883461,15,18.5,20,225,null
"2019-03-06T20:21:37.000Z",45.701694,5.883461,14.5,17,18,202.5,null
"2019-03-06T20:25:37.000Z",45.701694,5.883461,10.5,15,19,202.5,null
"2019-03-06T20:29:37.000Z",45.701694,5.883461,11,16.5,20.5,202.5,null
"2019-03-06T20:33:40.000Z",45.701694,5.883461,11.5,15.5,21,180,null
"2019-03-06T20:37:40.000Z",45.701694,5.883461,13,15.5,18.5,180,null
"2019-03-06T20:41:40.000Z",45.701694,5.883461,11,16,21,180,null
"2019-03-06T20:45:44.000Z",45.701694,5.883461,11,16,21,202.5,null
"2019-03-06T20:49:44.000Z",45.701694,5.883461,5.5,13.5,21,180,null
"2019-03-06T20:53:44.000Z",45.701694,5.883461,8.75,18,24.5,157.5,null
"2019-03-06T20:57:48.000Z",45.701694,5.883461,7,13.5,21,157.5,null
"2019-03-06T21:01:48.000Z",45.701694,5.883461,8.25,15,22.5,157.5,null
"2019-03-06T21:05:48.000Z",45.701694,5.883461,9.5,14,19,157.5,null
"2019-03-06T21:09:52.000Z",45.701694,5.883461,4.75,11,19,157.5,null
"2019-03-06T21:13:52.000Z",45.701694,5.883461,3.5,11,20,157.5,null
"2019-03-06T21:17:52.000Z",45.701694,5.883461,3.75,7.5,14.5,135,null
"2019-03-06T21:21:57.000Z",45.701694,5.883461,5.5,10.5,15.5,157.5,null
"2019-03-06T21:25:57.000Z",45.701694,5.883461,3.75,7.75,14.5,157.5,null
"2019-03-06T21:29:57.000Z",45.701694,5.883461,2,5.25,10.5,135,null
"2019-03-06T21:34:01.000Z",45.701694,5.883461,5.25,11,16.5,157.5,null
"2019-03-06T21:38:01.000Z",45.701694,5.883461,6.5,12.5,15.5,157.5,null
"2019-03-06T21:42:01.000Z",45.701694,5.883461,11,16,17,180,null
"2019-03-06T21:46:05.000Z",45.701694,5.883461,7,12,16.5,157.5,null
"2019-03-06T21:50:05.000Z",45.701694,5.883461,5.5,12.5,17.5,180,null
"2019-03-06T21:54:05.000Z",45.701694,5.883461,5.5,12.5,16.5,180,null
"2019-03-06T21:58:09.000Z",45.701694,5.883461,4.25,11,16.5,180,null
"2019-03-06T22:02:09.000Z",45.701694,5.883461,8,12.5,16,180,null
"2019-03-06T22:06:09.000Z",45.701694,5.883461,10.5,15,19.5,202.5,null
"2019-03-06T22:10:13.000Z",45.701694,5.883461,4.5,12.5,18.5,180,null
"2019-03-06T22:14:13.000Z",45.701694,5.883461,11,19,24.5,180,null
"2019-03-06T22:18:13.000Z",45.701694,5.883461,8,17.5,25.5,157.5,null
"2019-03-06T22:22:17.000Z",45.701694,5.883461,11,19,22.5,180,null
"2019-03-06T22:26:17.000Z",45.701694,5.883461,17,22,27.5,180,null
"2019-03-06T22:30:17.000Z",45.701694,5.883461,13,19.5,27,180,null
"2019-03-06T22:34:21.000Z",45.701694,5.883461,20,24,28.5,202.5,null
"2019-03-06T22:38:21.000Z",45.701694,5.883461,11,21.5,28,202.5,null
"2019-03-06T22:42:21.000Z",45.701694,5.883461,16,24,29,202.5,null
"2019-03-06T22:46:25.000Z",45.701694,5.883461,18,23,28,202.5,null
"2019-03-06T22:50:25.000Z",45.701694,5.883461,19.5,23.5,30,202.5,null
"2019-03-06T22:54:25.000Z",45.701694,5.883461,17.5,21.5,26,202.5,null
"2019-03-06T22:58:29.000Z",45.701694,5.883461,16,19,23.5,202.5,null
"2019-03-06T23:02:29.000Z",45.701694,5.883461,16.5,20,24,202.5,null
"2019-03-06T23:06:29.000Z",45.701694,5.883461,18.5,22,24.5,225,null
"2019-03-06T23:10:33.000Z",45.701694,5.883461,18.5,22,27,225,null
"2019-03-06T23:14:33.000Z",45.701694,5.883461,7,15,24.5,202.5,null
"2019-03-06T23:18:33.000Z",45.701694,5.883461,6.5,11,14.5,157.5,null
"2019-03-06T23:22:36.000Z",45.701694,5.883461,8,13.5,17.5,180,null
"2019-03-06T23:26:36.000Z",45.701694,5.883461,11.5,16.5,21,225,null
"2019-03-06T23:30:36.000Z",45.701694,5.883461,13,16.5,19,202.5,null
"2019-03-06T23:34:41.000Z",45.701694,5.883461,6.25,13,18,180,null
"2019-03-06T23:38:41.000Z",45.701694,5.883461,9,13.5,19,180,null
"2019-03-06T23:42:41.000Z",45.701694,5.883461,8.25,14.5,19,180,null
"2019-03-06T23:46:45.000Z",45.701694,5.883461,10.5,14.5,17.5,202.5,null
"2019-03-06T23:50:45.000Z",45.701694,5.883461,4.5,7.75,11.5,202.5,null
"2019-03-06T23:54:45.000Z",45.701694,5.883461,2.5,8.25,14.5,180,null
"2019-03-06T23:58:49.000Z",45.701694,5.883461,7,12,22.5,180,null
"2019-03-07T00:02:49.000Z",45.701694,5.883461,2.5,9.75,16.5,180,null
"2019-03-07T00:06:49.000Z",45.701694,5.883461,6.5,11.5,16.5,180,null
"2019-03-07T00:11:41.000Z",45.701694,5.883461,5.25,13,25.5,180,null
"2019-03-07T00:15:41.000Z",45.701694,5.883461,4.5,13.5,22.5,180,null
"2019-03-07T00:19:41.000Z",45.701694,5.883461,22.5,29,40,202.5,null
"2019-03-07T00:23:45.000Z",45.701694,5.883461,21,29,43,180,null
"2019-03-07T00:27:45.000Z",45.701694,5.883461,21.5,33.5,50,180,null
"2019-03-07T00:31:45.000Z",45.701694,5.883461,36,50,75,202.5,null
"2019-03-07T00:35:49.000Z",45.701694,5.883461,39.5,49.5,66,202.5,null
"2019-03-07T00:39:49.000Z",45.701694,5.883461,35,43.5,55.5,202.5,null
"2019-03-07T00:43:49.000Z",45.701694,5.883461,33.5,43,54.5,180,null
"2019-03-07T00:47:54.000Z",45.701694,5.883461,32.5,44.5,64.5,202.5,null
"2019-03-07T00:51:54.000Z",45.701694,5.883461,36,50.5,67.5,202.5,null
"2019-03-07T00:55:54.000Z",45.701694,5.883461,24,42.5,56.5,202.5,null
"2019-03-07T00:59:58.000Z",45.701694,5.883461,39,47,65.5,202.5,null
"2019-03-07T01:03:58.000Z",45.701694,5.883461,38.5,52,63.5,202.5,null
"2019-03-07T01:07:58.000Z",45.701694,5.883461,37.5,46.5,57.5,202.5,null
"2019-03-07T01:12:02.000Z",45.701694,5.883461,34,41,50,202.5,null
"2019-03-07T01:16:02.000Z",45.701694,5.883461,30.5,38.5,55,202.5,null
"2019-03-07T01:20:02.000Z",45.701694,5.883461,31.5,40.5,52,202.5,null
"2019-03-07T01:24:06.000Z",45.701694,5.883461,33.5,46,60.5,202.5,null
"2019-03-07T01:28:06.000Z",45.701694,5.883461,34.5,47.5,62.5,202.5,null
"2019-03-07T01:32:06.000Z",45.701694,5.883461,38.5,50.5,62.5,202.5,null
"2019-03-07T01:36:10.000Z",45.701694,5.883461,38,54,65.5,202.5,null
"2019-03-07T01:40:10.000Z",45.701694,5.883461,40.5,55.5,67.5,202.5,null
"2019-03-07T01:44:10.000Z",45.701694,5.883461,37,50.5,70.5,202.5,null
"2019-03-07T01:48:13.000Z",45.701694,5.883461,35.5,48,62.5,225,null
"2019-03-07T01:52:13.000Z",45.701694,5.883461,38.5,52,74,202.5,null
"2019-03-07T01:56:13.000Z",45.701694,5.883461,42,56,77.5,225,null
"2019-03-07T02:00:18.000Z",45.701694,5.883461,44.5,56.5,73.5,225,null
"2019-03-07T02:04:18.000Z",45.701694,5.883461,7.25,40,73,247.5,null
"2019-03-07T02:08:18.000Z",45.701694,5.883461,27,45,68.5,270,null
"2019-03-07T02:12:22.000Z",45.701694,5.883461,31.5,45.5,62.5,292.5,null
"2019-03-07T02:16:22.000Z",45.701694,5.883461,30.5,57.5,86,292.5,null
"2019-03-07T02:20:22.000Z",45.701694,5.883461,46,64,86,270,null
"2019-03-07T02:24:26.000Z",45.701694,5.883461,40.5,58.5,88,270,null
"2019-03-07T02:28:26.000Z",45.701694,5.883461,31,53,76,292.5,null
"2019-03-07T02:32:26.000Z",45.701694,5.883461,12.5,47,77.5,292.5,null
"2019-03-07T02:36:30.000Z",45.701694,5.883461,18,48,79.5,292.5,null
"2019-03-07T02:40:30.000Z",45.701694,5.883461,26,50,69.5,292.5,null
"2019-03-07T02:44:30.000Z",45.701694,5.883461,17,51.5,75,292.5,null
"2019-03-07T02:48:34.000Z",45.701694,5.883461,24.5,52,84,292.5,null
"2019-03-07T02:52:34.000Z",45.701694,5.883461,26,47.5,80,292.5,null
"2019-03-07T02:56:34.000Z",45.701694,5.883461,37.5,60.5,82,292.5,null
"2019-03-07T03:00:38.000Z",45.701694,5.883461,19,52,81,292.5,null
"2019-03-07T03:04:38.000Z",45.701694,5.883461,31.5,57,77,292.5,null
"2019-03-07T03:08:38.000Z",45.701694,5.883461,28.5,44.5,69.5,292.5,null
"2019-03-07T03:12:42.000Z",45.701694,5.883461,23.5,35.5,61,292.5,null
"2019-03-07T03:16:42.000Z",45.701694,5.883461,22,44.5,67.5,292.5,null
"2019-03-07T03:20:42.000Z",45.701694,5.883461,23.5,49,68.5,292.5,null
"2019-03-07T03:24:46.000Z",45.701694,5.883461,25,46,73,270,null
"2019-03-07T03:28:46.000Z",45.701694,5.883461,19,33,56.5,292.5,null
"2019-03-07T03:32:46.000Z",45.701694,5.883461,11,29.5,53.5,247.5,null
"2019-03-07T03:36:49.000Z",45.701694,5.883461,1.75,23.5,50.5,202.5,null
"2019-03-07T03:40:49.000Z",45.701694,5.883461,2,17,41,67.5,null
"2019-03-07T03:44:49.000Z",45.701694,5.883461,0.75,12.5,43,45,null
"2019-03-07T03:48:54.000Z",45.701694,5.883461,13.5,35,54,202.5,null
"2019-03-07T03:52:54.000Z",45.701694,5.883461,12.5,30,61.5,202.5,null
"2019-03-07T03:56:54.000Z",45.701694,5.883461,5.25,31.5,48.5,180,null
"2019-03-07T04:00:59.000Z",45.701694,5.883461,3.25,13.5,35,135,null
"2019-03-07T04:04:59.000Z",45.701694,5.883461,2,18.5,44,202.5,null
"2019-03-07T04:08:59.000Z",45.701694,5.883461,1,6,12.5,135,null
"2019-03-07T04:13:02.000Z",45.701694,5.883461,1.5,5.75,17.5,112.5,null
"2019-03-07T04:17:02.000Z",45.701694,5.883461,2,9.75,20,90,null
"2019-03-07T04:21:02.000Z",45.701694,5.883461,0,6.25,13,90,null
"2019-03-07T04:25:07.000Z",45.701694,5.883461,0,6,14.5,135,null
"2019-03-07T04:29:07.000Z",45.701694,5.883461,3.75,14,33,157.5,null
"2019-03-07T04:33:07.000Z",45.701694,5.883461,5.5,12,19,135,null
"2019-03-07T04:37:10.000Z",45.701694,5.883461,3.75,12.5,25.5,157.5,null
"2019-03-07T04:41:10.000Z",45.701694,5.883461,4.75,14,24.5,157.5,null
"2019-03-07T04:45:10.000Z",45.701694,5.883461,5.25,12.5,20,135,null
"2019-03-07T04:49:15.000Z",45.701694,5.883461,4.25,11,19,135,null
"2019-03-07T04:53:15.000Z",45.701694,5.883461,3.5,15,30,157.5,null
"2019-03-07T04:57:15.000Z",45.701694,5.883461,4.25,12,20.5,135,null
"2019-03-07T05:01:19.000Z",45.701694,5.883461,4.75,12,22.5,157.5,null
"2019-03-07T05:05:19.000Z",45.701694,5.883461,3.5,9.5,22,135,null
"2019-03-07T05:09:19.000Z",45.701694,5.883461,1.75,9.5,22.5,135,null
"2019-03-07T05:13:23.000Z",45.701694,5.883461,2,8.25,20.5,157.5,null
"2019-03-07T05:17:23.000Z",45.701694,5.883461,4.25,12,20,157.5,null
"2019-03-07T05:21:23.000Z",45.701694,5.883461,3.75,14,24.5,157.5,null
"2019-03-07T05:25:26.000Z",45.701694,5.883461,3.5,13,26,135,null
"2019-03-07T05:29:26.000Z",45.701694,5.883461,5.25,18.5,38,157.5,null
"2019-03-07T05:33:26.000Z",45.701694,5.883461,4.25,14.5,21.5,157.5,null
"2019-03-07T05:37:30.000Z",45.701694,5.883461,3.75,15.5,27,157.5,null
"2019-03-07T05:41:30.000Z",45.701694,5.883461,4.25,13.5,27,157.5,null
"2019-03-07T05:45:30.000Z",45.701694,5.883461,7.75,15.5,25,157.5,null
"2019-03-07T05:49:35.000Z",45.701694,5.883461,2,13.5,26.5,157.5,null
"2019-03-07T05:53:35.000Z",45.701694,5.883461,9.5,17,31,157.5,null
"2019-03-07T05:57:35.000Z",45.701694,5.883461,5.5,18,27.5,157.5,null
"2019-03-07T06:01:39.000Z",45.701694,5.883461,9,22,29.5,180,null
"2019-03-07T06:05:39.000Z",45.701694,5.883461,20.5,27,35.5,225,null
"2019-03-07T06:09:39.000Z",45.701694,5.883461,23.5,29.5,34.5,202.5,null
"2019-03-07T06:13:43.000Z",45.701694,5.883461,23,27.5,31.5,202.5,null
"2019-03-07T06:17:43.000Z",45.701694,5.883461,22,28,34,202.5,null
"2019-03-07T06:21:43.000Z",45.701694,5.883461,24,29.5,35.5,225,null
"2019-03-07T06:25:47.000Z",45.701694,5.883461,26,34,43,225,null
"2019-03-07T06:29:47.000Z",45.701694,5.883461,25.5,34,42.5,202.5,null
"2019-03-07T06:33:47.000Z",45.701694,5.883461,30.5,36.5,43.5,202.5,null
"2019-03-07T06:37:51.000Z",45.701694,5.883461,31,36,43.5,202.5,null
"2019-03-07T06:41:51.000Z",45.701694,5.883461,25,34.5,45,202.5,null
"2019-03-07T06:45:51.000Z",45.701694,5.883461,32,38,45.5,202.5,null
"2019-03-07T06:49:55.000Z",45.701694,5.883461,21.5,34.5,46,202.5,null
"2019-03-07T06:53:55.000Z",45.701694,5.883461,28,34.5,39.5,202.5,null
"2019-03-07T06:57:55.000Z",45.701694,5.883461,25.5,32.5,39,202.5,null
"2019-03-07T07:01:59.000Z",45.701694,5.883461,29,35,41.5,202.5,null
"2019-03-07T07:05:59.000Z",45.701694,5.883461,28,35.5,42,202.5,null
"2019-03-07T07:09:59.000Z",45.701694,5.883461,27,36.5,48.5,202.5,null
"2019-03-07T07:14:03.000Z",45.701694,5.883461,29.5,37.5,46.5,202.5,null
"2019-03-07T07:18:03.000Z",45.701694,5.883461,30.5,36.5,45.5,202.5,null
"2019-03-07T07:22:03.000Z",45.701694,5.883461,28,34.5,40.5,202.5,null
"2019-03-07T07:26:07.000Z",45.701694,5.883461,28,33.5,39.5,225,null
"2019-03-07T07:30:07.000Z",45.701694,5.883461,28.5,33.5,41.5,202.5,null
"2019-03-07T07:34:07.000Z",45.701694,5.883461,29.5,34,39,202.5,null
"2019-03-07T07:38:11.000Z",45.701694,5.883461,24.5,31.5,38.5,202.5,null
"2019-03-07T07:42:11.000Z",45.701694,5.883461,26.5,31,36,202.5,null
"2019-03-07T07:46:11.000Z",45.701694,5.883461,24.5,31,39.5,202.5,null
"2019-03-07T07:50:15.000Z",45.701694,5.883461,23.5,29,36.5,202.5,null
"2019-03-07T07:54:15.000Z",45.701694,5.883461,25.5,30.5,37,202.5,null
"2019-03-07T07:58:15.000Z",45.701694,5.883461,24,28.5,33,202.5,null
"2019-03-07T08:02:19.000Z",45.701694,5.883461,19,25.5,32.5,202.5,null
"2019-03-07T08:06:19.000Z",45.701694,5.883461,19,24,32.5,202.5,null
"2019-03-07T08:10:19.000Z",45.701694,5.883461,17.5,22.5,30,202.5,null
"2019-03-07T08:14:23.000Z",45.701694,5.883461,20,26,32,202.5,null
"2019-03-07T08:18:23.000Z",45.701694,5.883461,23,27,35.5,202.5,null
"2019-03-07T08:22:23.000Z",45.701694,5.883461,18,23.5,29,202.5,null
"2019-03-07T08:26:28.000Z",45.701694,5.883461,16.5,24,30,202.5,null
"2019-03-07T08:30:28.000Z",45.701694,5.883461,21,26,33.5,202.5,null
"2019-03-07T08:34:28.000Z",45.701694,5.883461,22.5,26.5,31.5,202.5,null
"2019-03-07T08:38:31.000Z",45.701694,5.883461,20,24.5,29,202.5,null
"2019-03-07T08:42:31.000Z",45.701694,5.883461,23,27,31.5,202.5,null
"2019-03-07T08:46:31.000Z",45.701694,5.883461,23,28,34,202.5,null
"2019-03-07T08:50:36.000Z",45.701694,5.883461,20,24,32,202.5,null
"2019-03-07T08:54:36.000Z",45.701694,5.883461,19,25,30,202.5,null
"2019-03-07T08:58:36.000Z",45.701694,5.883461,18,25,31,202.5,null
"2019-03-07T09:02:39.000Z",45.701694,5.883461,24.5,29,35.5,202.5,null
"2019-03-07T09:06:39.000Z",45.701694,5.883461,23,28,34.5,202.5,null
"2019-03-07T09:10:39.000Z",45.701694,5.883461,20,25.5,30.5,202.5,null
"2019-03-07T09:14:43.000Z",45.701694,5.883461,22.5,26.5,31.5,202.5,null
"2019-03-07T09:18:43.000Z",45.701694,5.883461,20,24,28,202.5,null
"2019-03-07T09:22:43.000Z",45.701694,5.883461,16.5,20.5,24.5,202.5,null
"2019-03-07T09:26:47.000Z",45.701694,5.883461,16,20,24.5,225,null
"2019-03-07T09:30:47.000Z",45.701694,5.883461,14.5,20,28,225,null
"2019-03-07T09:34:47.000Z",45.701694,5.883461,12.5,17,23,202.5,null
"2019-03-07T09:38:51.000Z",45.701694,5.883461,13,18,22,202.5,null
"2019-03-07T09:42:51.000Z",45.701694,5.883461,15.5,21,28.5,202.5,null
"2019-03-07T09:46:51.000Z",45.701694,5.883461,16,21.5,28,202.5,null
"2019-03-07T09:50:55.000Z",45.701694,5.883461,17,23,28,180,null
"2019-03-07T09:54:55.000Z",45.701694,5.883461,11,25,35.5,180,null
"2019-03-07T09:58:55.000Z",45.701694,5.883461,11,24,32.5,180,null
"2019-03-07T10:03:00.000Z",45.701694,5.883461,14,20,30.5,180,null
"2019-03-07T10:07:00.000Z",45.701694,5.883461,13,24,29.5,180,null
"2019-03-07T10:11:00.000Z",45.701694,5.883461,10.5,17.5,23.5,225,null
"2019-03-07T10:15:03.000Z",45.701694,5.883461,2,8.5,13.5,247.5,null
"2019-03-07T10:19:03.000Z",45.701694,5.883461,0,2.25,4.25,0,null
"2019-03-07T10:23:03.000Z",45.701694,5.883461,0,0,1.75,337.5,null
"2019-03-07T10:27:08.000Z",45.701694,5.883461,3.5,9.25,16.5,337.5,null
"2019-03-07T10:31:08.000Z",45.701694,5.883461,10,14,19,337.5,null
"2019-03-07T10:35:08.000Z",45.701694,5.883461,4.5,8,11.5,0,null
"2019-03-07T10:39:11.000Z",45.701694,5.883461,0,1.75,4.75,45,null
"2019-03-07T10:43:11.000Z",45.701694,5.883461,2,6.75,13,0,null
"2019-03-07T10:47:11.000Z",45.701694,5.883461,4.5,9,12,337.5,null
"2019-03-07T10:51:16.000Z",45.701694,5.883461,1.5,5,10.5,337.5,null
"2019-03-07T10:55:16.000Z",45.701694,5.883461,1,3.75,8,315,null
"2019-03-07T10:59:16.000Z",45.701694,5.883461,1.75,7,13,315,null
"2019-03-07T11:03:20.000Z",45.701694,5.883461,0.75,6.75,21.5,157.5,null
"2019-03-07T11:07:20.000Z",45.701694,5.883461,14.5,20.5,29,180,null
"2019-03-07T11:11:20.000Z",45.701694,5.883461,12.5,21.5,30.5,180,null
"2019-03-07T11:15:24.000Z",45.701694,5.883461,15.5,24,33.5,180,null
"2019-03-07T11:19:24.000Z",45.701694,5.883461,13,21.5,28,180,null
"2019-03-07T11:23:24.000Z",45.701694,5.883461,14,23,29.5,180,null
"2019-03-07T11:27:28.000Z",45.701694,5.883461,11,20,29.5,180,null
"2019-03-07T11:31:28.000Z",45.701694,5.883461,11,19.5,30.5,180,null
"2019-03-07T11:35:28.000Z",45.701694,5.883461,3.75,14.5,24,157.5,null
"2019-03-07T11:39:32.000Z",45.701694,5.883461,5.25,12,21,157.5,null
"2019-03-07T11:43:32.000Z",45.701694,5.883461,8,14,21,157.5,null
"2019-03-07T11:47:32.000Z",45.701694,5.883461,6.25,13.5,21,157.5,null
"2019-03-07T11:51:36.000Z",45.701694,5.883461,10.5,20,28,157.5,null
"2019-03-07T11:55:36.000Z",45.701694,5.883461,7,14.5,23.5,157.5,null
"2019-03-07T11:59:36.000Z",45.701694,5.883461,7.75,15.5,22.5,157.5,null
"2019-03-07T12:03:40.000Z",45.701694,5.883461,10,18,24,180,null
"2019-03-07T12:07:40.000Z",45.701694,5.883461,13,17,21,180,null
"2019-03-07T12:11:40.000Z",45.701694,5.883461,13.5,17.5,21.5,225,null
"2019-03-07T12:15:45.000Z",45.701694,5.883461,13,17,20.5,225,null
"2019-03-07T12:19:45.000Z",45.701694,5.883461,9.75,13,17,225,null
"2019-03-07T12:23:45.000Z",45.701694,5.883461,10,14.5,21,247.5,null
"2019-03-07T12:27:48.000Z",45.701694,5.883461,18,25.5,44,270,null
"2019-03-07T12:31:48.000Z",45.701694,5.883461,3.75,8.75,19.5,247.5,null
"2019-03-07T12:35:48.000Z",45.701694,5.883461,0,2.75,8.75,270,null
"2019-03-07T12:39:52.000Z",45.701694,5.883461,0.25,3.5,7.25,292.5,null
"2019-03-07T12:43:52.000Z",45.701694,5.883461,0,0.25,2,315,null
"2019-03-07T12:47:52.000Z",45.701694,5.883461,0,2.25,4.25,337.5,null
"2019-03-07T12:51:56.000Z",45.701694,5.883461,2.75,3.5,4.5,0,null
"2019-03-07T12:55:56.000Z",45.701694,5.883461,2.75,4,5.25,0,null
"2019-03-07T12:59:56.000Z",45.701694,5.883461,2.5,3.5,4.25,0,null
"2019-03-07T13:04:01.000Z",45.701694,5.883461,3.5,4.5,5.25,0,null
"2019-03-07T13:08:01.000Z",45.701694,5.883461,0,1.25,4.25,0,null
"2019-03-07T13:12:01.000Z",45.701694,5.883461,0,0.25,2,315,null
"2019-03-07T13:16:05.000Z",45.701694,5.883461,1.5,2,2.75,315,null
"2019-03-07T13:20:05.000Z",45.701694,5.883461,0,1.25,4.25,22.5,null
"2019-03-07T13:24:05.000Z",45.701694,5.883461,0.25,2.75,6,45,null
"2019-03-07T13:28:08.000Z",45.701694,5.883461,1,6.25,8.25,337.5,null
"2019-03-07T13:32:08.000Z",45.701694,5.883461,2,5,7.25,337.5,null
"2019-03-07T13:36:08.000Z",45.701694,5.883461,0,2,7.75,337.5,null
"2019-03-07T13:40:13.000Z",45.701694,5.883461,5.5,9,11.5,337.5,null
"2019-03-07T13:44:13.000Z",45.701694,5.883461,2,3.75,6,0,null
"2019-03-07T13:48:13.000Z",45.701694,5.883461,2.75,5.5,7.75,45,null
"2019-03-07T13:52:16.000Z",45.701694,5.883461,0,3,7.25,45,null
"2019-03-07T13:56:16.000Z",45.701694,5.883461,0,5.75,9.75,315,null
"2019-03-07T14:00:16.000Z",45.701694,5.883461,1.5,3.25,8,0,null
"2019-03-07T14:04:21.000Z",45.701694,5.883461,2,5.25,8.25,45,null
"2019-03-07T14:08:21.000Z",45.701694,5.883461,0,2,8.25,45,null
"2019-03-07T14:12:21.000Z",45.701694,5.883461,0,1.5,3.25,225,null
"2019-03-07T14:16:25.000Z",45.701694,5.883461,0,1.75,3.75,67.5,null
"2019-03-07T14:20:25.000Z",45.701694,5.883461,1.5,2.5,3.5,67.5,null
"2019-03-07T14:24:25.000Z",45.701694,5.883461,0,0.75,1.75,45,null
"2019-03-07T14:28:29.000Z",45.701694,5.883461,0,1.75,2.75,45,null
"2019-03-07T14:32:29.000Z",45.701694,5.883461,0.75,2.75,3.75,45,null
"2019-03-07T14:36:29.000Z",45.701694,5.883461,1,2.25,4.75,67.5,null
"2019-03-07T14:40:33.000Z",45.701694,5.883461,1,3,5.25,67.5,null
"2019-03-07T14:44:33.000Z",45.701694,5.883461,0.75,3.25,6.25,45,null
"2019-03-07T14:48:33.000Z",45.701694,5.883461,0.75,3.75,5.25,112.5,null
"2019-03-07T14:52:37.000Z",45.701694,5.883461,0,2.75,6.5,247.5,null
"2019-03-07T14:56:37.000Z",45.701694,5.883461,0,0.5,5.25,315,null
"2019-03-07T15:00:37.000Z",45.701694,5.883461,1.5,3.75,6,292.5,null
"2019-03-07T15:04:41.000Z",45.701694,5.883461,0,1.75,4.5,112.5,null
"2019-03-07T15:08:41.000Z",45.701694,5.883461,1.75,3.5,5.5,67.5,null
"2019-03-07T15:12:41.000Z",45.701694,5.883461,0,3.5,6.5,292.5,null
"2019-03-07T15:16:45.000Z",45.701694,5.883461,0,0.5,2,90,null
"2019-03-07T15:20:45.000Z",45.701694,5.883461,0,1.75,7,337.5,null
"2019-03-07T15:24:45.000Z",45.701694,5.883461,3.5,6,8.25,292.5,null
"2019-03-07T15:28:49.000Z",45.701694,5.883461,2.5,4,6,292.5,null
"2019-03-07T15:32:49.000Z",45.701694,5.883461,2,3.75,5.25,315,null
"2019-03-07T15:36:49.000Z",45.701694,5.883461,0.75,2.75,4.25,0,null
"2019-03-07T15:40:53.000Z",45.701694,5.883461,1.5,3.5,5.25,22.5,null
"2019-03-07T15:44:53.000Z",45.701694,5.883461,3.25,4.75,6,45,null
"2019-03-07T15:48:53.000Z",45.701694,5.883461,0,2.75,5.25,67.5,null
"2019-03-07T15:52:57.000Z",45.701694,5.883461,0,5,7.75,315,null
"2019-03-07T15:56:57.000Z",45.701694,5.883461,2.5,4,6.25,337.5,null
"2019-03-07T16:00:57.000Z",45.701694,5.883461,1.5,2.25,3.25,0,null
"2019-03-07T16:05:02.000Z",45.701694,5.883461,2,3.25,4.25,0,null
"2019-03-07T16:09:02.000Z",45.701694,5.883461,1.5,3.75,4.75,45,null
"2019-03-07T16:13:02.000Z",45.701694,5.883461,0,1.25,3.75,180,null
"2019-03-07T16:17:05.000Z",45.701694,5.883461,0,0.5,1.75,45,null
"2019-03-07T16:21:05.000Z",45.701694,5.883461,0,0,0,22.5,null
"2019-03-07T16:25:05.000Z",45.701694,5.883461,0,0.5,1.75,337.5,null
"2019-03-07T16:29:09.000Z",45.701694,5.883461,0,2.25,3.75,292.5,null
"2019-03-07T16:33:09.000Z",45.701694,5.883461,0,4,10,315,null
"2019-03-07T16:37:09.000Z",45.701694,5.883461,0,1.25,6.5,292.5,null
"2019-03-07T16:41:14.000Z",45.701694,5.883461,0,0.25,1,67.5,null
"2019-03-07T16:45:14.000Z",45.701694,5.883461,0,1.5,4.75,337.5,null
"2019-03-07T16:49:14.000Z",45.701694,5.883461,0,1,3.5,0,null
"2019-03-07T16:53:17.000Z",45.701694,5.883461,0,0.75,3.75,45,null
"2019-03-07T16:57:17.000Z",45.701694,5.883461,0,1.25,6,135,null
"2019-03-07T17:01:17.000Z",45.701694,5.883461,0,1,4.25,180,null
"2019-03-07T17:05:21.000Z",45.701694,5.883461,0,1,4.25,292.5,null
"2019-03-07T17:09:21.000Z",45.701694,5.883461,1,2,3.5,337.5,null
"2019-03-07T17:13:21.000Z",45.701694,5.883461,0,3,5.25,45,null
"2019-03-07T17:17:25.000Z",45.701694,5.883461,0,1.5,2.75,45,null
"2019-03-07T17:21:25.000Z",45.701694,5.883461,0,4.25,10.5,292.5,null
"2019-03-07T17:25:25.000Z",45.701694,5.883461,0,2.75,8.75,270,null
"2019-03-07T17:29:29.000Z",45.701694,5.883461,0,0.25,1.5,90,null
"2019-03-07T17:33:29.000Z",45.701694,5.883461,0,0,1,112.5,null
"2019-03-07T17:37:29.000Z",45.701694,5.883461,0,2.25,4.5,90,null
"2019-03-07T17:41:33.000Z",45.701694,5.883461,1,4.5,8.75,157.5,null
"2019-03-07T17:45:33.000Z",45.701694,5.883461,3.25,9,14.5,247.5,null
"2019-03-07T17:49:33.000Z",45.701694,5.883461,6,12,22.5,157.5,null
"2019-03-07T17:53:38.000Z",45.701694,5.883461,2.75,13.5,26,247.5,null
"2019-03-07T17:57:38.000Z",45.701694,5.883461,0,9,19,247.5,null
"2019-03-07T18:01:38.000Z",45.701694,5.883461,7,13.5,24.5,202.5,null
"2019-03-07T18:05:41.000Z",45.701694,5.883461,6.25,15,23.5,225,null
"2019-03-07T18:09:41.000Z",45.701694,5.883461,8.75,14,22.5,225,null
"2019-03-07T18:13:41.000Z",45.701694,5.883461,4.25,8,12,202.5,null
"2019-03-07T18:17:46.000Z",45.701694,5.883461,1.5,4.5,9.75,180,null
"2019-03-07T18:21:46.000Z",45.701694,5.883461,1.75,8.5,15,247.5,null
"2019-03-07T18:25:46.000Z",45.701694,5.883461,3.5,7.25,12,292.5,null
"2019-03-07T18:29:50.000Z",45.701694,5.883461,4.25,6.25,9.5,292.5,null
"2019-03-07T18:33:50.000Z",45.701694,5.883461,4.25,7.5,14,292.5,null
"2019-03-07T18:37:50.000Z",45.701694,5.883461,4.5,9.25,12,315,null
"2019-03-07T18:41:54.000Z",45.701694,5.883461,8.75,15,25.5,315,null
"2019-03-07T18:45:54.000Z",45.701694,5.883461,13,18.5,24.5,292.5,null
"2019-03-07T18:49:54.000Z",45.701694,5.883461,15.5,17.5,21.5,315,null
"2019-03-07T18:53:58.000Z",45.701694,5.883461,11,18,24,292.5,null
"2019-03-07T18:57:58.000Z",45.701694,5.883461,10.5,16,21,292.5,null
"2019-03-07T19:01:58.000Z",45.701694,5.883461,4.75,9.25,16.5,292.5,null
"2019-03-07T19:06:02.000Z",45.701694,5.883461,0.25,6.75,15.5,270,null
"2019-03-07T19:10:02.000Z",45.701694,5.883461,2,4.25,7.75,67.5,null
"2019-03-07T19:14:02.000Z",45.701694,5.883461,1.75,2.5,3.5,45,null
"2019-03-07T19:18:06.000Z",45.701694,5.883461,1.5,4.75,7.75,45,null
"2019-03-07T19:22:06.000Z",45.701694,5.883461,1.5,3.75,6,90,null
"2019-03-07T19:26:06.000Z",45.701694,5.883461,0,1.75,3.75,67.5,null
"2019-03-07T19:30:10.000Z",45.701694,5.883461,0,3.25,9,180,null
"2019-03-07T19:34:10.000Z",45.701694,5.883461,3.75,13,20.5,202.5,null
"2019-03-07T19:38:10.000Z",45.701694,5.883461,7.75,10,13,202.5,null
"2019-03-07T19:42:14.000Z",45.701694,5.883461,7.75,9.75,12,202.5,null
"2019-03-07T19:46:14.000Z",45.701694,5.883461,2.75,6.5,10.5,135,null
"2019-03-07T19:50:14.000Z",45.701694,5.883461,1.5,12,26.5,202.5,null
"2019-03-07T19:54:18.000Z",45.701694,5.883461,6,14.5,24.5,180,null
"2019-03-07T19:58:18.000Z",45.701694,5.883461,1,8.75,16.5,157.5,null
"2019-03-07T20:02:18.000Z",45.701694,5.883461,1.75,11.5,22.5,202.5,null
"2019-03-07T20:06:22.000Z",45.701694,5.883461,11,21,32,225,null
"2019-03-07T20:10:22.000Z",45.701694,5.883461,7.75,18,29,225,null
"2019-03-07T20:14:22.000Z",45.701694,5.883461,6.25,16.5,26,247.5,null
"2019-03-07T20:18:26.000Z",45.701694,5.883461,4.5,14.5,24.5,247.5,null
"2019-03-07T20:22:26.000Z",45.701694,5.883461,1.75,13.5,24,247.5,null
"2019-03-07T20:26:26.000Z",45.701694,5.883461,3.75,8.75,16.5,292.5,null
"2019-03-07T20:30:30.000Z",45.701694,5.883461,9.75,17,26,270,null
"2019-03-07T20:34:30.000Z",45.701694,5.883461,2.5,8.75,18,270,null
"2019-03-07T20:38:30.000Z",45.701694,5.883461,1.5,3.5,7.25,0,null
"2019-03-07T20:42:34.000Z",45.701694,5.883461,1,4,6.5,22.5,null
"2019-03-07T20:46:34.000Z",45.701694,5.883461,1.75,3.75,6.25,45,null
"2019-03-07T20:50:34.000Z",45.701694,5.883461,1.75,3.75,6,45,null
"2019-03-07T20:54:38.000Z",45.701694,5.883461,3.5,5.25,7,45,null
"2019-03-07T20:58:38.000Z",45.701694,5.883461,2.75,4.5,6.25,45,null
"2019-03-07T21:02:38.000Z",45.701694,5.883461,1.75,3.5,4.75,45,null
"2019-03-07T21:06:42.000Z",45.701694,5.883461,0.75,2.5,4.25,67.5,null
"2019-03-07T21:10:42.000Z",45.701694,5.883461,1,3.75,6.25,67.5,null
"2019-03-07T21:14:42.000Z",45.701694,5.883461,0,1.75,5.25,45,null
"2019-03-07T21:18:46.000Z",45.701694,5.883461,0,2.5,4.5,45,null
"2019-03-07T21:22:46.000Z",45.701694,5.883461,2,5,7.75,112.5,null
"2019-03-07T21:26:46.000Z",45.701694,5.883461,2.75,5.25,7.25,90,null
"2019-03-07T21:30:51.000Z",45.701694,5.883461,2,5,7.75,112.5,null
"2019-03-07T21:34:51.000Z",45.701694,5.883461,2.5,6,11.5,135,null
"2019-03-07T21:38:51.000Z",45.701694,5.883461,2,3.25,4.5,90,null
"2019-03-07T21:42:55.000Z",45.701694,5.883461,1.75,4.75,7.25,157.5,null
"2019-03-07T21:46:55.000Z",45.701694,5.883461,0.25,2,3.25,112.5,null
"2019-03-07T21:50:55.000Z",45.701694,5.883461,1.5,2.5,4.25,112.5,null
"2019-03-07T21:54:59.000Z",45.701694,5.883461,0.25,3.75,5.25,112.5,null
"2019-03-07T21:58:59.000Z",45.701694,5.883461,0,1.75,4.25,112.5,null
"2019-03-07T22:02:59.000Z",45.701694,5.883461,0,1.25,3.5,157.5,null
"2019-03-07T22:07:02.000Z",45.701694,5.883461,1,4,7.25,202.5,null
"2019-03-07T22:11:02.000Z",45.701694,5.883461,0,0.5,2.75,67.5,null
"2019-03-07T22:15:02.000Z",45.701694,5.883461,0,2,4.5,270,null
"2019-03-07T22:19:07.000Z",45.701694,5.883461,1.75,4.5,7.25,247.5,null
"2019-03-07T22:23:07.000Z",45.701694,5.883461,1.5,3.25,6.25,225,null
"2019-03-07T22:27:07.000Z",45.701694,5.883461,1.5,2.5,4.5,112.5,null
"2019-03-07T22:31:10.000Z",45.701694,5.883461,1,3.25,4.75,90,null
"2019-03-07T22:35:10.000Z",45.701694,5.883461,2,4,5.25,67.5,null
"2019-03-07T22:39:10.000Z",45.701694,5.883461,0.75,2.75,4.5,67.5,null
"2019-03-07T22:43:15.000Z",45.701694,5.883461,0,2.25,5.25,67.5,null
"2019-03-07T22:47:15.000Z",45.701694,5.883461,0.75,2.75,5.25,0,null
"2019-03-07T22:51:15.000Z",45.701694,5.883461,1.5,4.25,8.75,45,null
"2019-03-07T22:55:19.000Z",45.701694,5.883461,3.5,5.25,7.25,45,null
"2019-03-07T22:59:19.000Z",45.701694,5.883461,0.75,5.5,8.25,67.5,null
"2019-03-07T23:03:19.000Z",45.701694,5.883461,0.75,3.5,4.5,45,null
"2019-03-07T23:07:23.000Z",45.701694,5.883461,1,2.5,4.25,67.5,null
"2019-03-07T23:11:23.000Z",45.701694,5.883461,0,0.75,3.5,292.5,null
"2019-03-07T23:15:23.000Z",45.701694,5.883461,0,1.5,3.25,180,null
"2019-03-07T23:19:27.000Z",45.701694,5.883461,1,2.5,5.5,180,null
"2019-03-07T23:23:27.000Z",45.701694,5.883461,3.5,6,7.75,157.5,null
"2019-03-07T23:27:27.000Z",45.701694,5.883461,1.5,2.75,4.5,112.5,null
"2019-03-07T23:31:31.000Z",45.701694,5.883461,1.75,3.75,6.5,112.5,null
"2019-03-07T23:35:31.000Z",45.701694,5.883461,1.75,3.75,5.25,135,null
"2019-03-07T23:39:31.000Z",45.701694,5.883461,1,2.25,4.25,135,null
"2019-03-07T23:43:35.000Z",45.701694,5.883461,1.75,4,7,135,null
"2019-03-07T23:47:35.000Z",45.701694,5.883461,0.75,5,9.75,157.5,null
"2019-03-07T23:51:35.000Z",45.701694,5.883461,4.5,8,11,270,null
"2019-03-07T23:55:39.000Z",45.701694,5.883461,7.75,11,14.5,270,null
"2019-03-07T23:59:39.000Z",45.701694,5.883461,7.75,12.5,16,270,null
"2019-03-08T00:03:39.000Z",45.701694,5.883461,4.25,10,17.5,292.5,null
"2019-03-08T00:07:43.000Z",45.701694,5.883461,1.5,5.75,12,270,null
"2019-03-08T00:11:43.000Z",45.701694,5.883461,1.5,4.25,7.25,292.5,null
"2019-03-08T00:15:43.000Z",45.701694,5.883461,3.5,10.5,16.5,270,null
"2019-03-08T00:19:57.000Z",45.701694,5.883461,8,13.5,19,270,null
"2019-03-08T00:23:57.000Z",45.701694,5.883461,4.75,8.25,13,225,null
"2019-03-08T00:27:57.000Z",45.701694,5.883461,1.5,3,6.25,135,null
"2019-03-08T00:32:01.000Z",45.701694,5.883461,1.75,4,7.75,135,null
"2019-03-08T00:36:01.000Z",45.701694,5.883461,0,1.75,4.5,112.5,null
"2019-03-08T00:40:01.000Z",45.701694,5.883461,3.5,7.25,9.5,247.5,null
"2019-03-08T00:44:06.000Z",45.701694,5.883461,3.75,8,12,157.5,null
"2019-03-08T00:48:06.000Z",45.701694,5.883461,2.75,9.25,13.5,180,null
"2019-03-08T00:52:06.000Z",45.701694,5.883461,0.75,4.75,10.5,157.5,null
"2019-03-08T00:56:09.000Z",45.701694,5.883461,0,2.5,7.75,0,null
"2019-03-08T01:00:09.000Z",45.701694,5.883461,7,12,16,202.5,null
"2019-03-08T01:04:09.000Z",45.701694,5.883461,1.75,6.5,13,157.5,null
"2019-03-08T01:08:13.000Z",45.701694,5.883461,3.5,6.75,10.5,135,null
"2019-03-08T01:12:13.000Z",45.701694,5.883461,3.25,5.5,9,135,null
"2019-03-08T01:16:13.000Z",45.701694,5.883461,3.75,7,10,180,null
"2019-03-08T01:20:17.000Z",45.701694,5.883461,4.75,8,12,157.5,null
"2019-03-08T01:24:17.000Z",45.701694,5.883461,2.75,5.5,7.75,157.5,null
"2019-03-08T01:28:17.000Z",45.701694,5.883461,4.25,8.25,10.5,180,null
"2019-03-08T01:32:21.000Z",45.701694,5.883461,2.5,6,9.5,157.5,null
"2019-03-08T01:36:21.000Z",45.701694,5.883461,1.75,6,11,157.5,null
"2019-03-08T01:40:21.000Z",45.701694,5.883461,1.5,4.25,9.5,135,null
"2019-03-08T01:44:25.000Z",45.701694,5.883461,1,3,6.75,112.5,null
"2019-03-08T01:48:25.000Z",45.701694,5.883461,2,4.25,8.25,112.5,null
"2019-03-08T01:52:25.000Z",45.701694,5.883461,1,3.25,5.5,135,null
"2019-03-08T01:56:30.000Z",45.701694,5.883461,1.5,4.5,11,135,null
"2019-03-08T02:00:30.000Z",45.701694,5.883461,0.25,3.75,7,135,null
"2019-03-08T02:04:30.000Z",45.701694,5.883461,2.75,5.5,9,157.5,null
"2019-03-08T02:08:33.000Z",45.701694,5.883461,1.75,6.75,10,157.5,null
"2019-03-08T02:12:33.000Z",45.701694,5.883461,3.75,12,15.5,157.5,null
"2019-03-08T02:16:33.000Z",45.701694,5.883461,7.25,13.5,18,180,null
"2019-03-08T02:20:38.000Z",45.701694,5.883461,2,9.5,16.5,157.5,null
"2019-03-08T02:24:38.000Z",45.701694,5.883461,3.25,7,13.5,157.5,null
"2019-03-08T02:28:38.000Z",45.701694,5.883461,1,3.25,6,112.5,null
"2019-03-08T02:32:42.000Z",45.701694,5.883461,0,2,6.25,45,null
"2019-03-08T02:36:42.000Z",45.701694,5.883461,1.5,12.5,19,180,null
"2019-03-08T02:40:42.000Z",45.701694,5.883461,2,5.75,13.5,135,null
"2019-03-08T02:44:46.000Z",45.701694,5.883461,0,1.5,4.5,112.5,null
"2019-03-08T02:48:46.000Z",45.701694,5.883461,0.25,3.25,6,157.5,null
"2019-03-08T02:52:46.000Z",45.701694,5.883461,2.75,5.5,9.5,157.5,null
"2019-03-08T02:56:50.000Z",45.701694,5.883461,3.25,6.25,9.5,157.5,null
"2019-03-08T03:00:50.000Z",45.701694,5.883461,1.5,3.75,6.25,180,null
"2019-03-08T03:04:50.000Z",45.701694,5.883461,3.5,5,6.5,135,null
"2019-03-08T03:08:53.000Z",45.701694,5.883461,0,2.25,4.5,90,null
"2019-03-08T03:12:53.000Z",45.701694,5.883461,0,1,3.5,67.5,null
"2019-03-08T03:16:53.000Z",45.701694,5.883461,0,1,3.75,67.5,null
"2019-03-08T03:20:58.000Z",45.701694,5.883461,0.75,1.5,3.25,67.5,null
"2019-03-08T03:24:58.000Z",45.701694,5.883461,0,0.5,1.75,45,null
"2019-03-08T03:28:58.000Z",45.701694,5.883461,0,2,4.25,90,null
"2019-03-08T03:33:02.000Z",45.701694,5.883461,0,2.5,4.5,247.5,null
"2019-03-08T03:37:02.000Z",45.701694,5.883461,1,2.25,3.5,157.5,null
"2019-03-08T03:41:02.000Z",45.701694,5.883461,1,2,4.25,135,null
"2019-03-08T03:45:06.000Z",45.701694,5.883461,0,1.5,3.75,315,null
"2019-03-08T03:49:06.000Z",45.701694,5.883461,0,1,3.5,225,null
"2019-03-08T03:53:06.000Z",45.701694,5.883461,0,0.75,3.25,202.5,null
"2019-03-08T03:57:10.000Z",45.701694,5.883461,0.25,1.5,2.75,157.5,null
"2019-03-08T04:01:10.000Z",45.701694,5.883461,0,0.75,2,67.5,null
"2019-03-08T04:05:10.000Z",45.701694,5.883461,1.5,2.75,4.25,22.5,null
"2019-03-08T04:09:14.000Z",45.701694,5.883461,0.25,1.75,4,45,null
"2019-03-08T04:13:14.000Z",45.701694,5.883461,0,0.75,2.5,90,null
"2019-03-08T04:17:14.000Z",45.701694,5.883461,0,0.5,1,112.5,null
"2019-03-08T04:21:18.000Z",45.701694,5.883461,0.5,2.5,3.25,180,null
"2019-03-08T04:25:18.000Z",45.701694,5.883461,1.5,2.75,4.5,135,null
"2019-03-08T04:29:18.000Z",45.701694,5.883461,0,2,4.75,112.5,null
"2019-03-08T04:33:22.000Z",45.701694,5.883461,0,0.25,1.75,180,null
"2019-03-08T04:37:22.000Z",45.701694,5.883461,0,0,1,180,null
"2019-03-08T04:41:22.000Z",45.701694,5.883461,0,0,0.25,112.5,null
"2019-03-08T04:45:26.000Z",45.701694,5.883461,0,0.5,2.5,157.5,null
"2019-03-08T04:49:26.000Z",45.701694,5.883461,0,0.5,2,157.5,null
"2019-03-08T04:53:26.000Z",45.701694,5.883461,0,0.25,2,157.5,null
"2019-03-08T04:57:31.000Z",45.701694,5.883461,0,0.5,2.5,135,null
"2019-03-08T05:01:31.000Z",45.701694,5.883461,0,0.75,2,112.5,null
"2019-03-08T05:05:31.000Z",45.701694,5.883461,0,1.75,3.5,112.5,null
"2019-03-08T05:09:34.000Z",45.701694,5.883461,2.5,5,9.5,135,null
"2019-03-08T05:13:34.000Z",45.701694,5.883461,2.5,6.5,11,157.5,null
"2019-03-08T05:17:34.000Z",45.701694,5.883461,3.25,6.75,12,157.5,null
"2019-03-08T05:21:38.000Z",45.701694,5.883461,0,1.75,3.75,135,null
"2019-03-08T05:25:38.000Z",45.701694,5.883461,0,0.75,2.5,67.5,null
"2019-03-08T05:29:38.000Z",45.701694,5.883461,0.25,2.25,3.5,22.5,null
"2019-03-08T05:33:43.000Z",45.701694,5.883461,0,0.75,2.5,22.5,null
"2019-03-08T05:37:43.000Z",45.701694,5.883461,0,2,3.5,90,null
"2019-03-08T05:41:43.000Z",45.701694,5.883461,0,1,1.75,135,null
"2019-03-08T05:45:47.000Z",45.701694,5.883461,0.25,1,2,112.5,null
"2019-03-08T05:49:47.000Z",45.701694,5.883461,1,2.25,3.5,135,null
"2019-03-08T05:53:47.000Z",45.701694,5.883461,0,0.25,1.75,135,null
"2019-03-08T05:57:51.000Z",45.701694,5.883461,0,1,2.5,90,null
"2019-03-08T06:01:51.000Z",45.701694,5.883461,0,1,2.5,112.5,null
"2019-03-08T06:05:51.000Z",45.701694,5.883461,1,2,4.25,112.5,null
"2019-03-08T06:09:55.000Z",45.701694,5.883461,0.75,2,3.75,112.5,null
"2019-03-08T06:13:55.000Z",45.701694,5.883461,0.25,2.5,4.5,112.5,null
"2019-03-08T06:17:55.000Z",45.701694,5.883461,0.25,2.75,5.25,112.5,null
"2019-03-08T06:21:58.000Z",45.701694,5.883461,2,4.25,7.25,135,null
"2019-03-08T06:25:58.000Z",45.701694,5.883461,1.75,4.25,7.75,135,null
"2019-03-08T06:29:58.000Z",45.701694,5.883461,1.5,4.25,6.5,135,null
"2019-03-08T06:34:03.000Z",45.701694,5.883461,1.75,4.25,8.75,135,null
"2019-03-08T06:38:03.000Z",45.701694,5.883461,2,4.75,7.75,135,null
"2019-03-08T06:42:03.000Z",45.701694,5.883461,1,4.5,7.25,135,null
"2019-03-08T06:46:07.000Z",45.701694,5.883461,1,4,9.75,135,null
"2019-03-08T06:50:07.000Z",45.701694,5.883461,0.25,4.5,10.5,135,null
"2019-03-08T06:54:07.000Z",45.701694,5.883461,2,7,12,157.5,null
"2019-03-08T06:58:11.000Z",45.701694,5.883461,1.75,7.25,14,157.5,null
"2019-03-08T07:02:11.000Z",45.701694,5.883461,5.25,11.5,17.5,157.5,null
"2019-03-08T07:06:11.000Z",45.701694,5.883461,7.75,13,19,157.5,null
"2019-03-08T07:10:15.000Z",45.701694,5.883461,4.5,8.75,13,157.5,null
"2019-03-08T07:14:15.000Z",45.701694,5.883461,4.25,6.75,11.5,157.5,null
"2019-03-08T07:18:15.000Z",45.701694,5.883461,4.75,8.25,11.5,157.5,null
"2019-03-08T07:22:19.000Z",45.701694,5.883461,2,6.5,9.5,157.5,null
"2019-03-08T07:26:19.000Z",45.701694,5.883461,3.75,6.75,11,157.5,null
"2019-03-08T07:30:19.000Z",45.701694,5.883461,3.75,8.75,13,157.5,null
"2019-03-08T07:34:23.000Z",45.701694,5.883461,4.25,7.5,12,157.5,null
"2019-03-08T07:38:23.000Z",45.701694,5.883461,3.75,7.5,11.5,157.5,null
"2019-03-08T07:42:23.000Z",45.701694,5.883461,4.5,8.25,12.5,157.5,null
"2019-03-08T07:46:27.000Z",45.701694,5.883461,3.25,8,15,157.5,null
"2019-03-08T07:50:27.000Z",45.701694,5.883461,2.75,7.75,13,157.5,null
"2019-03-08T07:54:27.000Z",45.701694,5.883461,2,7,13,157.5,null
"2019-03-08T07:58:31.000Z",45.701694,5.883461,4.75,8.5,14.5,157.5,null
"2019-03-08T08:02:31.000Z",45.701694,5.883461,1.75,6.5,11.5,157.5,null
"2019-03-08T08:06:31.000Z",45.701694,5.883461,1.5,5.25,9,135,null
"2019-03-08T08:10:35.000Z",45.701694,5.883461,2.75,6.75,11,157.5,null
"2019-03-08T08:14:35.000Z",45.701694,5.883461,2.5,6.5,11,157.5,null
"2019-03-08T08:18:35.000Z",45.701694,5.883461,4.5,7,8.25,180,null
"2019-03-08T08:22:40.000Z",45.701694,5.883461,3.25,5.5,8,180,null
"2019-03-08T08:26:40.000Z",45.701694,5.883461,5.25,8.75,14.5,180,null
"2019-03-08T08:30:40.000Z",45.701694,5.883461,11,13,15,202.5,null
"2019-03-08T08:34:44.000Z",45.701694,5.883461,6,10,12,202.5,null
"2019-03-08T08:38:44.000Z",45.701694,5.883461,0,2.25,7,157.5,null
"2019-03-08T08:42:44.000Z",45.701694,5.883461,0,2.75,5.25,22.5,null
"2019-03-08T08:46:47.000Z",45.701694,5.883461,0,2,4.5,135,null
"2019-03-08T08:50:47.000Z",45.701694,5.883461,0,0.25,1.5,157.5,null
"2019-03-08T08:54:47.000Z",45.701694,5.883461,0,1.75,5.25,135,null
"2019-03-08T08:58:52.000Z",45.701694,5.883461,0.25,2.75,5.5,157.5,null
"2019-03-08T09:02:52.000Z",45.701694,5.883461,0.75,2.5,4.5,180,null
"2019-03-08T09:06:52.000Z",45.701694,5.883461,0.25,3.25,7.75,180,null
"2019-03-08T09:10:55.000Z",45.701694,5.883461,0,3.25,7.25,180,null
"2019-03-08T09:14:55.000Z",45.701694,5.883461,0,1.5,6.5,180,null
"2019-03-08T09:18:55.000Z",45.701694,5.883461,4.25,6.75,8.25,180,null
"2019-03-08T09:22:59.000Z",45.701694,5.883461,0.75,4,7.25,180,null
"2019-03-08T09:26:59.000Z",45.701694,5.883461,1,5.5,12,202.5,null
"2019-03-08T09:30:59.000Z",45.701694,5.883461,3.5,7.5,11,180,null
"2019-03-08T09:35:04.000Z",45.701694,5.883461,3.25,6.75,8.75,225,null
"2019-03-08T09:39:04.000Z",45.701694,5.883461,0.75,4.5,7.25,202.5,null
"2019-03-08T09:43:04.000Z",45.701694,5.883461,1,6.25,9.5,225,null
"2019-03-08T09:47:07.000Z",45.701694,5.883461,6.5,7.75,9.75,225,null
"2019-03-08T09:51:07.000Z",45.701694,5.883461,4.25,6.25,8.25,225,null
"2019-03-08T09:55:07.000Z",45.701694,5.883461,6,7.5,8.25,225,null
"2019-03-08T09:59:12.000Z",45.701694,5.883461,0.75,3.25,6.25,180,null
"2019-03-08T10:03:12.000Z",45.701694,5.883461,1.5,3,5.25,180,null
"2019-03-08T10:07:12.000Z",45.701694,5.883461,0.25,4.25,7,180,null
"2019-03-08T10:11:16.000Z",45.701694,5.883461,3.5,6.25,8,180,null
"2019-03-08T10:15:16.000Z",45.701694,5.883461,3.25,4.75,6.5,180,null
"2019-03-08T10:19:16.000Z",45.701694,5.883461,1.5,3.5,6.25,180,null
"2019-03-08T10:23:20.000Z",45.701694,5.883461,0,2,5.25,180,null
"2019-03-08T10:27:20.000Z",45.701694,5.883461,0.75,1.75,2.75,157.5,null
"2019-03-08T10:31:20.000Z",45.701694,5.883461,1,3,4.75,157.5,null
"2019-03-08T10:35:24.000Z",45.701694,5.883461,1.75,3,4.5,135,null
"2019-03-08T10:39:24.000Z",45.701694,5.883461,0.75,2.75,4.5,135,null
"2019-03-08T10:43:24.000Z",45.701694,5.883461,1.5,4.75,7.75,180,null
"2019-03-08T10:47:28.000Z",45.701694,5.883461,2.75,5.25,6.5,157.5,null
"2019-03-08T10:51:28.000Z",45.701694,5.883461,2.75,4.25,5.5,157.5,null
"2019-03-08T10:55:28.000Z",45.701694,5.883461,2.5,5,6.5,157.5,null
"2019-03-08T10:59:32.000Z",45.701694,5.883461,2.75,4.5,6,157.5,null
"2019-03-08T11:03:32.000Z",45.701694,5.883461,2.5,3.75,5.5,157.5,null
"2019-03-08T11:07:32.000Z",45.701694,5.883461,2.5,4,5.5,157.5,null
"2019-03-08T11:11:36.000Z",45.701694,5.883461,1,3.25,4.75,157.5,null
"2019-03-08T11:15:36.000Z",45.701694,5.883461,0.25,3.25,6.25,180,null
"2019-03-08T11:19:36.000Z",45.701694,5.883461,2,4,6,180,null
"2019-03-08T11:23:40.000Z",45.701694,5.883461,2,3,4.25,180,null
"2019-03-08T11:27:40.000Z",45.701694,5.883461,0,2,3.25,180,null
"2019-03-08T11:31:40.000Z",45.701694,5.883461,0,1.25,2.5,180,null
"2019-03-08T11:35:44.000Z",45.701694,5.883461,0,1.25,2.5,180,null
"2019-03-08T11:39:44.000Z",45.701694,5.883461,1.5,3,4.25,180,null
"2019-03-08T11:43:44.000Z",45.701694,5.883461,1.75,3,3.75,180,null
"2019-03-08T11:47:48.000Z",45.701694,5.883461,0.75,2.5,5.25,180,null
"2019-03-08T11:51:48.000Z",45.701694,5.883461,2.5,3.5,5.25,225,null
"2019-03-08T11:55:48.000Z",45.701694,5.883461,4.5,6,7,270,null
"2019-03-08T11:59:52.000Z",45.701694,5.883461,3.75,5.5,7,270,null
"2019-03-08T12:03:52.000Z",45.701694,5.883461,0,2,4.5,247.5,null
"2019-03-08T12:07:52.000Z",45.701694,5.883461,0,0,1.5,135,null
"2019-03-08T12:11:56.000Z",45.701694,5.883461,0,2.25,7.25,135,null
"2019-03-08T12:15:56.000Z",45.701694,5.883461,3.25,5.5,9.75,67.5,null
"2019-03-08T12:19:56.000Z",45.701694,5.883461,0.75,3.5,8,157.5,null
"2019-03-08T12:24:01.000Z",45.701694,5.883461,2,6.25,9,270,null
"2019-03-08T12:28:01.000Z",45.701694,5.883461,1,4.25,6.25,225,null
"2019-03-08T12:32:01.000Z",45.701694,5.883461,1.5,4,8.75,180,null
"2019-03-08T12:36:05.000Z",45.701694,5.883461,2,4.5,8.25,202.5,null
"2019-03-08T12:40:05.000Z",45.701694,5.883461,2,4,6.25,247.5,null
"2019-03-08T12:44:05.000Z",45.701694,5.883461,1.75,3.5,5.25,247.5,null
"2019-03-08T12:48:08.000Z",45.701694,5.883461,2,5.5,8,247.5,null
"2019-03-08T12:52:08.000Z",45.701694,5.883461,0,4.5,9.75,337.5,null
"2019-03-08T12:56:08.000Z",45.701694,5.883461,6,8,9.75,337.5,null
"2019-03-08T13:00:13.000Z",45.701694,5.883461,6,7.5,9.5,337.5,null
"2019-03-08T13:04:13.000Z",45.701694,5.883461,7.25,9.75,11,337.5,null
"2019-03-08T13:08:13.000Z",45.701694,5.883461,9.5,11.5,14,337.5,null
"2019-03-08T13:12:17.000Z",45.701694,5.883461,9.5,12,14.5,337.5,null
"2019-03-08T13:16:17.000Z",45.701694,5.883461,8.25,13,16,0,null
"2019-03-08T13:20:17.000Z",45.701694,5.883461,8,12,16.5,0,null
"2019-03-08T13:24:21.000Z",45.701694,5.883461,5.5,7.5,10.5,0,null
"2019-03-08T13:28:21.000Z",45.701694,5.883461,7.75,9.5,14.5,315,null
"2019-03-08T13:32:21.000Z",45.701694,5.883461,2.75,9,14.5,315,null
"2019-03-08T13:36:25.000Z",45.701694,5.883461,1.5,8.75,17.5,292.5,null
"2019-03-08T13:40:25.000Z",45.701694,5.883461,2.75,8.5,18,292.5,null
"2019-03-08T13:44:25.000Z",45.701694,5.883461,8.25,10.5,15,315,null
"2019-03-08T13:48:29.000Z",45.701694,5.883461,6.5,9.25,11,337.5,null
"2019-03-08T13:52:29.000Z",45.701694,5.883461,4.25,6.25,8.25,315,null
"2019-03-08T13:56:29.000Z",45.701694,5.883461,7.75,9.25,12,315,null
"2019-03-08T14:00:33.000Z",45.701694,5.883461,4.5,6.25,10.5,315,null
"2019-03-08T14:04:33.000Z",45.701694,5.883461,4.5,6,7.75,315,null
"2019-03-08T14:08:33.000Z",45.701694,5.883461,0,3.75,11,337.5,null
"2019-03-08T14:12:37.000Z",45.701694,5.883461,0,6.75,12.5,315,null
"2019-03-08T14:16:37.000Z",45.701694,5.883461,6.25,8,11,315,null
"2019-03-08T14:20:37.000Z",45.701694,5.883461,9.5,10.5,11.5,337.5,null
"2019-03-08T14:24:41.000Z",45.701694,5.883461,5.25,9,11,337.5,null
"2019-03-08T14:28:41.000Z",45.701694,5.883461,6,8,11,337.5,null
"2019-03-08T14:32:41.000Z",45.701694,5.883461,9.5,12,14.5,337.5,null
"2019-03-08T14:36:45.000Z",45.701694,5.883461,8.75,10.5,13,337.5,null
"2019-03-08T14:40:45.000Z",45.701694,5.883461,5.5,9.75,13.5,337.5,null
"2019-03-08T14:44:45.000Z",45.701694,5.883461,9.75,12,14,337.5,null
"2019-03-08T14:48:49.000Z",45.701694,5.883461,8.25,10,11,337.5,null
"2019-03-08T14:52:49.000Z",45.701694,5.883461,7.75,10,12,337.5,null
"2019-03-08T14:56:49.000Z",45.701694,5.883461,8,11.5,14,337.5,null
"2019-03-08T15:00:53.000Z",45.701694,5.883461,0.75,7.75,18.5,22.5,null
"2019-03-08T15:04:53.000Z",45.701694,5.883461,2,6.25,10.5,337.5,null
"2019-03-08T15:08:53.000Z",45.701694,5.883461,2.5,6.25,11,270,null
"2019-03-08T15:12:56.000Z",45.701694,5.883461,0,4.25,9.75,247.5,null
"2019-03-08T15:16:56.000Z",45.701694,5.883461,0.25,1.25,2.5,157.5,null
"2019-03-08T15:20:56.000Z",45.701694,5.883461,0,1.5,3.5,112.5,null
"2019-03-08T15:25:01.000Z",45.701694,5.883461,0,2,5.25,270,null
"2019-03-08T15:29:01.000Z",45.701694,5.883461,0.25,5.75,11,292.5,null
"2019-03-08T15:33:01.000Z",45.701694,5.883461,3.5,7.5,9.75,315,null
"2019-03-08T15:37:05.000Z",45.701694,5.883461,2.5,6,11,247.5,null
"2019-03-08T15:41:05.000Z",45.701694,5.883461,0,3.25,7.75,180,null
"2019-03-08T15:45:05.000Z",45.701694,5.883461,0,2.5,6.5,225,null
"2019-03-08T15:49:09.000Z",45.701694,5.883461,0,3,7.75,247.5,null
"2019-03-08T15:53:09.000Z",45.701694,5.883461,0,2.25,4.75,180,null
"2019-03-08T15:57:09.000Z",45.701694,5.883461,2.75,7.5,11,315,null
"2019-03-08T16:01:13.000Z",45.701694,5.883461,1.5,4.75,8,22.5,null
"2019-03-08T16:05:13.000Z",45.701694,5.883461,4.25,7,9.75,22.5,null
"2019-03-08T16:09:13.000Z",45.701694,5.883461,3.25,6,9,337.5,null
"2019-03-08T16:13:18.000Z",45.701694,5.883461,1.75,7,9.75,247.5,null
"2019-03-08T16:17:18.000Z",45.701694,5.883461,0,5,13,180,null
"2019-03-08T16:21:18.000Z",45.701694,5.883461,0,2.25,8,337.5,null
"2019-03-08T16:25:21.000Z",45.701694,5.883461,1,3.5,6,292.5,null
"2019-03-08T16:29:21.000Z",45.701694,5.883461,2.75,10.5,20,292.5,null
"2019-03-08T16:33:21.000Z",45.701694,5.883461,1.5,4.5,11,315,null
"2019-03-08T16:37:26.000Z",45.701694,5.883461,6,12,16.5,292.5,null
"2019-03-08T16:41:26.000Z",45.701694,5.883461,4.75,11.5,17.5,292.5,null
"2019-03-08T16:45:26.000Z",45.701694,5.883461,9.75,15,18,292.5,null
"2019-03-08T16:49:30.000Z",45.701694,5.883461,10,15,18.5,292.5,null
"2019-03-08T16:53:30.000Z",45.701694,5.883461,10.5,14.5,17,292.5,null
"2019-03-08T16:57:30.000Z",45.701694,5.883461,13,16.5,19.5,270,null
"2019-03-08T17:01:33.000Z",45.701694,5.883461,11.5,16,19.5,270,null
"2019-03-08T17:05:33.000Z",45.701694,5.883461,13.5,16.5,20,270,null
"2019-03-08T17:09:33.000Z",45.701694,5.883461,12,17,23.5,292.5,null
"2019-03-08T17:13:38.000Z",45.701694,5.883461,13.5,18,21,292.5,null
"2019-03-08T17:17:38.000Z",45.701694,5.883461,14.5,16.5,19,292.5,null
"2019-03-08T17:21:38.000Z",45.701694,5.883461,14,18,21,292.5,null
"2019-03-08T17:25:42.000Z",45.701694,5.883461,13,16.5,21,292.5,null
"2019-03-08T17:29:42.000Z",45.701694,5.883461,11.5,17,22,292.5,null
"2019-03-08T17:33:42.000Z",45.701694,5.883461,13,17,21,292.5,null
"2019-03-08T17:37:46.000Z",45.701694,5.883461,11,15,22.5,292.5,null
"2019-03-08T17:41:46.000Z",45.701694,5.883461,10.5,15,19,292.5,null
"2019-03-08T17:45:46.000Z",45.701694,5.883461,14,16,18.5,292.5,null
"2019-03-08T17:49:49.000Z",45.701694,5.883461,8.75,13,16.5,270,null
"2019-03-08T17:53:49.000Z",45.701694,5.883461,5.25,8.75,13,225,null
"2019-03-08T17:57:49.000Z",45.701694,5.883461,2.75,5.25,7.75,225,null
"2019-03-08T18:01:53.000Z",45.701694,5.883461,2.5,4.75,7,225,null
"2019-03-08T18:05:53.000Z",45.701694,5.883461,2.5,5,8.75,270,null
"2019-03-08T18:09:53.000Z",45.701694,5.883461,0.25,7.25,17.5,270,null
"2019-03-08T18:13:57.000Z",45.701694,5.883461,6,9.25,16,247.5,null
"2019-03-08T18:17:57.000Z",45.701694,5.883461,1.5,6.25,9.75,270,null
"2019-03-08T18:21:57.000Z",45.701694,5.883461,0.25,2.5,4.75,247.5,null
"2019-03-08T18:26:02.000Z",45.701694,5.883461,0,0.25,2,337.5,null
"2019-03-08T18:30:02.000Z",45.701694,5.883461,0,1,4.5,22.5,null
"2019-03-08T18:34:02.000Z",45.701694,5.883461,0,5,11,292.5,null
"2019-03-08T18:38:06.000Z",45.701694,5.883461,3.5,8,11,292.5,null
"2019-03-08T18:42:06.000Z",45.701694,5.883461,3.25,9,12.5,292.5,null
"2019-03-08T18:46:06.000Z",45.701694,5.883461,8,10,13,292.5,null
"2019-03-08T18:50:10.000Z",45.701694,5.883461,7.25,9,13,292.5,null
"2019-03-08T18:54:10.000Z",45.701694,5.883461,6,9,11.5,292.5,null
"2019-03-08T18:58:10.000Z",45.701694,5.883461,0.75,4.5,7.75,337.5,null
"2019-03-08T19:02:14.000Z",45.701694,5.883461,0.25,3,6,135,null
"2019-03-08T19:06:14.000Z",45.701694,5.883461,0.25,2.25,4.25,180,null
"2019-03-08T19:10:14.000Z",45.701694,5.883461,0,0.75,3.25,180,null
"2019-03-08T19:14:18.000Z",45.701694,5.883461,0,3,5.25,292.5,null
"2019-03-08T19:18:18.000Z",45.701694,5.883461,1,4.25,8.25,225,null
"2019-03-08T19:22:18.000Z",45.701694,5.883461,4.75,8.25,11,180,null
"2019-03-08T19:26:22.000Z",45.701694,5.883461,2.5,5,8.25,157.5,null
"2019-03-08T19:30:22.000Z",45.701694,5.883461,1.75,2.75,4.75,135,null
"2019-03-08T19:34:22.000Z",45.701694,5.883461,1,2.25,3.75,135,null
"2019-03-08T19:38:26.000Z",45.701694,5.883461,0,2.25,4.75,157.5,null
"2019-03-08T19:42:26.000Z",45.701694,5.883461,0,2,4.5,135,null
"2019-03-08T19:46:26.000Z",45.701694,5.883461,0.25,4,6.5,180,null
"2019-03-08T19:50:30.000Z",45.701694,5.883461,2.5,4.5,6.25,157.5,null
"2019-03-08T19:54:30.000Z",45.701694,5.883461,1.5,3.75,7,135,null
"2019-03-08T19:58:30.000Z",45.701694,5.883461,1.75,3,4.25,135,null
"2019-03-08T20:02:34.000Z",45.701694,5.883461,0.25,1.5,3.5,135,null
"2019-03-08T20:06:34.000Z",45.701694,5.883461,0,1.5,2.75,135,null
"2019-03-08T20:10:34.000Z",45.701694,5.883461,1.5,3,5.5,90,null
"2019-03-08T20:14:38.000Z",45.701694,5.883461,1.5,3.75,6,90,null
"2019-03-08T20:18:38.000Z",45.701694,5.883461,0,1.5,4.25,112.5,null
"2019-03-08T20:22:38.000Z",45.701694,5.883461,0.25,4.25,7.25,225,null
"2019-03-08T20:26:42.000Z",45.701694,5.883461,1.75,4.5,8.75,90,null
"2019-03-08T20:30:42.000Z",45.701694,5.883461,0.75,3.75,8.25,90,null
"2019-03-08T20:34:42.000Z",45.701694,5.883461,1.75,3.5,6,90,null
"2019-03-08T20:38:46.000Z",45.701694,5.883461,3.5,6.5,9.75,90,null
"2019-03-08T20:42:46.000Z",45.701694,5.883461,2.5,5,7.75,90,null
"2019-03-08T20:46:46.000Z",45.701694,5.883461,0.25,3.25,6.25,90,null
"2019-03-08T20:50:51.000Z",45.701694,5.883461,1,3.75,6.25,22.5,null
"2019-03-08T20:54:51.000Z",45.701694,5.883461,0,1,3.75,67.5,null
"2019-03-08T20:58:51.000Z",45.701694,5.883461,0.75,1.5,2.5,135,null
"2019-03-08T21:02:55.000Z",45.701694,5.883461,0.25,2.5,4.5,112.5,null
"2019-03-08T21:06:55.000Z",45.701694,5.883461,1,2.5,3.5,90,null
"2019-03-08T21:10:55.000Z",45.701694,5.883461,0,4.5,11,247.5,null
"2019-03-08T21:14:58.000Z",45.701694,5.883461,0,3.75,8,247.5,null
"2019-03-08T21:18:58.000Z",45.701694,5.883461,1.5,4,5.5,112.5,null
"2019-03-08T21:22:58.000Z",45.701694,5.883461,1,2.75,4.75,135,null
"2019-03-08T21:27:02.000Z",45.701694,5.883461,0.75,1.75,3.25,157.5,null
"2019-03-08T21:31:02.000Z",45.701694,5.883461,1.75,3.5,5.5,90,null
"2019-03-08T21:35:02.000Z",45.701694,5.883461,0.25,2.75,7.75,112.5,null
"2019-03-08T21:39:06.000Z",45.701694,5.883461,3.25,4.75,7.25,90,null
"2019-03-08T21:43:06.000Z",45.701694,5.883461,1,3.5,5.5,90,null
"2019-03-08T21:47:06.000Z",45.701694,5.883461,1.5,3.5,5.25,90,null
"2019-03-08T21:51:10.000Z",45.701694,5.883461,3.25,4.25,5.25,90,null
"2019-03-08T21:55:10.000Z",45.701694,5.883461,1.5,3.25,4.75,90,null
"2019-03-08T21:59:10.000Z",45.701694,5.883461,0,1.5,3.75,90,null
"2019-03-08T22:03:14.000Z",45.701694,5.883461,0,2,4.5,135,null
"2019-03-08T22:07:14.000Z",45.701694,5.883461,3.75,6,9,90,null
"2019-03-08T22:11:14.000Z",45.701694,5.883461,5.25,7,8.75,90,null
"2019-03-08T22:15:19.000Z",45.701694,5.883461,0,4,7.25,90,null
"2019-03-08T22:19:19.000Z",45.701694,5.883461,0,3,4.75,202.5,null
"2019-03-08T22:23:19.000Z",45.701694,5.883461,3.25,4.75,6.25,135,null
"2019-03-08T22:27:23.000Z",45.701694,5.883461,1.5,4.25,6.5,112.5,null
"2019-03-08T22:31:23.000Z",45.701694,5.883461,0.75,3.75,7.25,135,null
"2019-03-08T22:35:23.000Z",45.701694,5.883461,1,3,5.25,90,null
"2019-03-08T22:39:27.000Z",45.701694,5.883461,1.5,3.25,6.5,112.5,null
"2019-03-08T22:43:27.000Z",45.701694,5.883461,0,0.75,2.5,135,null
"2019-03-08T22:47:27.000Z",45.701694,5.883461,0.25,3,5.25,90,null
"2019-03-08T22:51:31.000Z",45.701694,5.883461,0,0.75,2.75,157.5,null
"2019-03-08T22:55:31.000Z",45.701694,5.883461,0,1.25,3.75,180,null
"2019-03-08T22:59:31.000Z",45.701694,5.883461,0,1.75,4.75,112.5,null
"2019-03-08T23:03:35.000Z",45.701694,5.883461,2,5,6.5,90,null
"2019-03-08T23:07:35.000Z",45.701694,5.883461,0,2.75,5.5,90,null
"2019-03-08T23:11:35.000Z",45.701694,5.883461,0,6,15,270,null
"2019-03-08T23:15:39.000Z",45.701694,5.883461,0,4,10.5,270,null
"2019-03-08T23:19:39.000Z",45.701694,5.883461,0,1.25,4.25,135,null
"2019-03-08T23:23:39.000Z",45.701694,5.883461,0,2.5,6.5,157.5,null
"2019-03-08T23:27:43.000Z",45.701694,5.883461,0.25,2.5,4.75,202.5,null
"2019-03-08T23:31:43.000Z",45.701694,5.883461,0.25,2.25,3.75,180,null
"2019-03-08T23:35:43.000Z",45.701694,5.883461,0.25,2,3.75,202.5,null
"2019-03-08T23:39:47.000Z",45.701694,5.883461,1.75,2.5,3.5,135,null
"2019-03-08T23:43:47.000Z",45.701694,5.883461,0.75,2.5,4.25,112.5,null
"2019-03-08T23:47:47.000Z",45.701694,5.883461,0.75,2.25,3.75,112.5,null
"2019-03-08T23:51:51.000Z",45.701694,5.883461,0,1,2,67.5,null
"2019-03-08T23:55:51.000Z",45.701694,5.883461,0.25,2,4.5,67.5,null
"2019-03-08T23:59:51.000Z",45.701694,5.883461,2.5,3.75,4.75,90,null
"2019-03-09T00:03:55.000Z",45.701694,5.883461,2.5,4.5,6.5,135,null
"2019-03-09T00:07:55.000Z",45.701694,5.883461,0,2.25,5.5,135,null
"2019-03-09T00:11:55.000Z",45.701694,5.883461,0,2.5,5.5,315,null
"2019-03-09T00:16:43.000Z",45.701694,5.883461,0,0.25,2.5,22.5,null
"2019-03-09T00:20:43.000Z",45.701694,5.883461,1.5,3.25,4.5,45,null
"2019-03-09T00:24:43.000Z",45.701694,5.883461,1,4,6.5,22.5,null
"2019-03-09T00:28:48.000Z",45.701694,5.883461,0,2.75,6,157.5,null
"2019-03-09T00:32:48.000Z",45.701694,5.883461,0,5,11,0,null
"2019-03-09T00:36:48.000Z",45.701694,5.883461,0,2.25,4.5,112.5,null
"2019-03-09T00:40:52.000Z",45.701694,5.883461,0,3,6,22.5,null
"2019-03-09T00:44:52.000Z",45.701694,5.883461,0,6,11,270,null
"2019-03-09T00:48:52.000Z",45.701694,5.883461,5.25,6.75,8,270,null
"2019-03-09T00:52:55.000Z",45.701694,5.883461,4.5,7.75,10.5,225,null
"2019-03-09T00:56:55.000Z",45.701694,5.883461,3.5,6.75,9,180,null
"2019-03-09T01:00:55.000Z",45.701694,5.883461,1,3.5,6.25,180,null
"2019-03-09T01:05:00.000Z",45.701694,5.883461,0,0.25,5.25,157.5,null
"2019-03-09T01:09:00.000Z",45.701694,5.883461,5.25,7.5,10.5,180,null
"2019-03-09T01:13:00.000Z",45.701694,5.883461,3.75,7,9.75,180,null
"2019-03-09T01:17:04.000Z",45.701694,5.883461,0.25,2.25,4.25,135,null
"2019-03-09T01:21:04.000Z",45.701694,5.883461,0,3.75,6.5,202.5,null
"2019-03-09T01:25:04.000Z",45.701694,5.883461,1.5,4.75,7.75,157.5,null
"2019-03-09T01:29:07.000Z",45.701694,5.883461,6,9.25,13,157.5,null
"2019-03-09T01:33:07.000Z",45.701694,5.883461,2.5,6.75,9,157.5,null
"2019-03-09T01:37:07.000Z",45.701694,5.883461,1.5,3,5.25,135,null
"2019-03-09T01:41:11.000Z",45.701694,5.883461,1,2,3.5,112.5,null
"2019-03-09T01:45:11.000Z",45.701694,5.883461,0.25,2,4.5,135,null
"2019-03-09T01:49:11.000Z",45.701694,5.883461,1.5,3.25,7,112.5,null
"2019-03-09T01:53:16.000Z",45.701694,5.883461,1.75,3.25,5.25,135,null
"2019-03-09T01:57:16.000Z",45.701694,5.883461,0,2,4.5,135,null
"2019-03-09T02:01:16.000Z",45.701694,5.883461,0.25,2.5,4.25,157.5,null
"2019-03-09T02:05:20.000Z",45.701694,5.883461,2,5,8,180,null
"2019-03-09T02:09:20.000Z",45.701694,5.883461,1,3.75,6.25,135,null
"2019-03-09T02:13:20.000Z",45.701694,5.883461,1.75,3,4.5,157.5,null
"2019-03-09T02:17:24.000Z",45.701694,5.883461,0.25,2.75,5.5,135,null
"2019-03-09T02:21:24.000Z",45.701694,5.883461,0,1.5,3.75,112.5,null
"2019-03-09T02:25:24.000Z",45.701694,5.883461,0.25,2,5.5,135,null
"2019-03-09T02:29:27.000Z",45.701694,5.883461,1,3.75,11,157.5,null
"2019-03-09T02:33:27.000Z",45.701694,5.883461,3.25,6,9,157.5,null
"2019-03-09T02:37:27.000Z",45.701694,5.883461,2.5,6,11,157.5,null
"2019-03-09T02:41:32.000Z",45.701694,5.883461,4.25,6.75,10.5,157.5,null
"2019-03-09T02:45:32.000Z",45.701694,5.883461,2,5,9,157.5,null
"2019-03-09T02:49:32.000Z",45.701694,5.883461,2.75,6.5,9.5,157.5,null
"2019-03-09T02:53:36.000Z",45.701694,5.883461,1.5,5.25,9.5,157.5,null
"2019-03-09T02:57:36.000Z",45.701694,5.883461,4.25,6.5,9,135,null
"2019-03-09T03:01:36.000Z",45.701694,5.883461,1.75,5.75,12,157.5,null
"2019-03-09T03:05:40.000Z",45.701694,5.883461,3.5,6.5,11.5,157.5,null
"2019-03-09T03:09:40.000Z",45.701694,5.883461,3.5,6,10.5,157.5,null
"2019-03-09T03:13:40.000Z",45.701694,5.883461,3.75,6.5,10,157.5,null
"2019-03-09T03:17:44.000Z",45.701694,5.883461,7,10.5,14.5,180,null
"2019-03-09T03:21:44.000Z",45.701694,5.883461,4.75,12,17,157.5,null
"2019-03-09T03:25:44.000Z",45.701694,5.883461,6,11.5,16,157.5,null
"2019-03-09T03:29:48.000Z",45.701694,5.883461,3.5,7,11,157.5,null
"2019-03-09T03:33:48.000Z",45.701694,5.883461,1.75,5,9,135,null
"2019-03-09T03:37:48.000Z",45.701694,5.883461,1,5.25,10,112.5,null
"2019-03-09T03:41:52.000Z",45.701694,5.883461,0,2,4.25,90,null
"2019-03-09T03:45:52.000Z",45.701694,5.883461,0.25,3.75,7.25,157.5,null
"2019-03-09T03:49:52.000Z",45.701694,5.883461,3.25,6.25,12.5,157.5,null
"2019-03-09T03:53:56.000Z",45.701694,5.883461,2.75,9,16,157.5,null
"2019-03-09T03:57:56.000Z",45.701694,5.883461,4.75,8.75,12,157.5,null
"2019-03-09T04:01:56.000Z",45.701694,5.883461,8,9.75,11,180,null
"2019-03-09T04:06:00.000Z",45.701694,5.883461,7.25,9.75,11,180,null
"2019-03-09T04:10:00.000Z",45.701694,5.883461,5.5,10.5,12.5,157.5,null
"2019-03-09T04:14:00.000Z",45.701694,5.883461,4.25,8.75,12,157.5,null
"2019-03-09T04:18:04.000Z",45.701694,5.883461,4.5,8.25,12,157.5,null
"2019-03-09T04:22:04.000Z",45.701694,5.883461,5.5,8.25,11,157.5,null
"2019-03-09T04:26:04.000Z",45.701694,5.883461,3.5,7.75,12,157.5,null
"2019-03-09T04:30:08.000Z",45.701694,5.883461,1,5.5,10.5,135,null
"2019-03-09T04:34:08.000Z",45.701694,5.883461,1.5,5.75,11,157.5,null
"2019-03-09T04:38:08.000Z",45.701694,5.883461,1,5.75,10.5,157.5,null
"2019-03-09T04:42:12.000Z",45.701694,5.883461,0.75,5.25,9.5,135,null
"2019-03-09T04:46:12.000Z",45.701694,5.883461,0,3.75,8.25,157.5,null
"2019-03-09T04:50:12.000Z",45.701694,5.883461,0.25,2.5,5.25,157.5,null
"2019-03-09T04:54:16.000Z",45.701694,5.883461,0,2.25,4.75,157.5,null
"2019-03-09T04:58:16.000Z",45.701694,5.883461,0.25,3.5,7.25,157.5,null
"2019-03-09T05:02:16.000Z",45.701694,5.883461,0.75,3.5,6.5,135,null
"2019-03-09T05:06:20.000Z",45.701694,5.883461,0.75,2.75,5.5,112.5,null
"2019-03-09T05:10:20.000Z",45.701694,5.883461,1,4.25,7.25,157.5,null
"2019-03-09T05:14:20.000Z",45.701694,5.883461,2,5.25,9,135,null
"2019-03-09T05:18:25.000Z",45.701694,5.883461,2.5,5,8,135,null
"2019-03-09T05:22:25.000Z",45.701694,5.883461,4.25,7.75,12,157.5,null
"2019-03-09T05:26:25.000Z",45.701694,5.883461,1,4.5,8,135,null
"2019-03-09T05:30:28.000Z",45.701694,5.883461,0.25,2,5.5,135,null
"2019-03-09T05:34:28.000Z",45.701694,5.883461,0,2,4.5,135,null
"2019-03-09T05:38:28.000Z",45.701694,5.883461,0,2,6.25,135,null
"2019-03-09T05:42:33.000Z",45.701694,5.883461,0,3.5,8,157.5,null
"2019-03-09T05:46:33.000Z",45.701694,5.883461,0,4,8.75,157.5,null
"2019-03-09T05:50:33.000Z",45.701694,5.883461,3.25,7,11,157.5,null
"2019-03-09T05:54:37.000Z",45.701694,5.883461,1.5,5.5,9,135,null
"2019-03-09T05:58:37.000Z",45.701694,5.883461,1.75,4.75,8.25,135,null
"2019-03-09T06:02:37.000Z",45.701694,5.883461,2,5,8,135,null
"2019-03-09T06:06:41.000Z",45.701694,5.883461,2,5,8.75,157.5,null
"2019-03-09T06:10:41.000Z",45.701694,5.883461,1.75,3.5,6.5,135,null
"2019-03-09T06:14:41.000Z",45.701694,5.883461,1.5,3.5,6,90,null
"2019-03-09T06:18:45.000Z",45.701694,5.883461,0,3.75,14.5,90,null
"2019-03-09T06:22:45.000Z",45.701694,5.883461,0,3.75,6,135,null
"2019-03-09T06:26:45.000Z",45.701694,5.883461,0,1.5,4.5,135,null
"2019-03-09T06:30:48.000Z",45.701694,5.883461,0,1,5.25,135,null
"2019-03-09T06:34:48.000Z",45.701694,5.883461,0.25,4.75,12.5,157.5,null
"2019-03-09T06:38:48.000Z",45.701694,5.883461,0,3.5,7.75,157.5,null
"2019-03-09T06:42:53.000Z",45.701694,5.883461,0,2,7.75,157.5,null
"2019-03-09T06:46:53.000Z",45.701694,5.883461,0.25,2.75,6,135,null
"2019-03-09T06:50:53.000Z",45.701694,5.883461,0,1,2.75,135,null
"2019-03-09T06:54:57.000Z",45.701694,5.883461,0,1.25,4.25,135,null
"2019-03-09T06:58:57.000Z",45.701694,5.883461,0,1,4.25,90,null
"2019-03-09T07:02:57.000Z",45.701694,5.883461,0,3.5,7,157.5,null
"2019-03-09T07:07:01.000Z",45.701694,5.883461,1,5.5,7.75,180,null
"2019-03-09T07:11:01.000Z",45.701694,5.883461,1,3.75,7.25,157.5,null
"2019-03-09T07:15:01.000Z",45.701694,5.883461,0.25,2,4.5,135,null
"2019-03-09T07:19:05.000Z",45.701694,5.883461,0.5,3.25,6.25,135,null
"2019-03-09T07:23:05.000Z",45.701694,5.883461,0,2.75,6.25,157.5,null
"2019-03-09T07:27:05.000Z",45.701694,5.883461,0.75,4.25,7.25,180,null
"2019-03-09T07:31:09.000Z",45.701694,5.883461,3.75,5.25,7,180,null
"2019-03-09T07:35:09.000Z",45.701694,5.883461,2.5,5,6.25,180,null
"2019-03-09T07:39:09.000Z",45.701694,5.883461,3.25,5.25,6.25,157.5,null
"2019-03-09T07:43:13.000Z",45.701694,5.883461,4.5,5.5,7,157.5,null
"2019-03-09T07:47:13.000Z",45.701694,5.883461,4.25,6,8,157.5,null
"2019-03-09T07:51:13.000Z",45.701694,5.883461,3.75,6,7.75,157.5,null
"2019-03-09T07:55:18.000Z",45.701694,5.883461,2.75,5.25,7.75,157.5,null
"2019-03-09T07:59:18.000Z",45.701694,5.883461,2.5,5.75,9.5,157.5,null
"2019-03-09T08:03:18.000Z",45.701694,5.883461,2.75,6.5,9.75,157.5,null
"2019-03-09T08:07:21.000Z",45.701694,5.883461,1,4.5,8,157.5,null
"2019-03-09T08:11:21.000Z",45.701694,5.883461,1,3.75,6.25,135,null
"2019-03-09T08:15:21.000Z",45.701694,5.883461,1,3,5.5,135,null
"2019-03-09T08:19:26.000Z",45.701694,5.883461,1.75,4.25,8.25,135,null
"2019-03-09T08:23:26.000Z",45.701694,5.883461,1.75,4.75,11,157.5,null
"2019-03-09T08:27:26.000Z",45.701694,5.883461,1,4,7.25,135,null
"2019-03-09T08:31:29.000Z",45.701694,5.883461,0,1.75,3.25,112.5,null
"2019-03-09T08:35:29.000Z",45.701694,5.883461,0.75,3.25,6.5,135,null
"2019-03-09T08:39:29.000Z",45.701694,5.883461,2.75,6.25,9.75,157.5,null
"2019-03-09T08:43:33.000Z",45.701694,5.883461,3.5,7.5,11.5,157.5,null
"2019-03-09T08:47:33.000Z",45.701694,5.883461,4.75,8.25,11,157.5,null
"2019-03-09T08:51:33.000Z",45.701694,5.883461,1,6.75,10.5,157.5,null
"2019-03-09T08:55:38.000Z",45.701694,5.883461,1.75,7.5,13.5,157.5,null
"2019-03-09T08:59:38.000Z",45.701694,5.883461,7.25,12.5,14.5,180,null
"2019-03-09T09:03:38.000Z",45.701694,5.883461,9.75,11.5,13,180,null
"2019-03-09T09:07:41.000Z",45.701694,5.883461,5.25,9.5,14.5,157.5,null
"2019-03-09T09:11:41.000Z",45.701694,5.883461,5.5,9.5,14.5,157.5,null
"2019-03-09T09:15:41.000Z",45.701694,5.883461,6,9.75,13,157.5,null
"2019-03-09T09:19:46.000Z",45.701694,5.883461,3.5,7.25,11,157.5,null
"2019-03-09T09:23:46.000Z",45.701694,5.883461,3.75,7.25,11.5,157.5,null
"2019-03-09T09:27:46.000Z",45.701694,5.883461,1.75,4.25,9.5,157.5,null
"2019-03-09T09:31:49.000Z",45.701694,5.883461,1.75,6.75,10,157.5,null
"2019-03-09T09:35:49.000Z",45.701694,5.883461,2,7.75,13,180,null
"2019-03-09T09:39:49.000Z",45.701694,5.883461,2.5,5.75,10,180,null
"2019-03-09T09:43:54.000Z",45.701694,5.883461,1.75,3.75,5.25,270,null
"2019-03-09T09:47:54.000Z",45.701694,5.883461,1.75,2.75,4.5,315,null
"2019-03-09T09:51:54.000Z",45.701694,5.883461,0,1.25,3.5,0,null
"2019-03-09T09:55:58.000Z",45.701694,5.883461,0,0,1.25,45,null
"2019-03-09T09:59:58.000Z",45.701694,5.883461,0,0,0,202.5,null
"2019-03-09T10:03:58.000Z",45.701694,5.883461,0,0.25,1.5,225,null
"2019-03-09T10:08:01.000Z",45.701694,5.883461,0,1.25,2.75,225,null
"2019-03-09T10:12:01.000Z",45.701694,5.883461,0,1,2.5,292.5,null
"2019-03-09T10:16:01.000Z",45.701694,5.883461,0,0,1,292.5,null
"2019-03-09T10:20:05.000Z",45.701694,5.883461,0,0.25,3.75,135,null
"2019-03-09T10:24:05.000Z",45.701694,5.883461,0,2,4.25,292.5,null
"2019-03-09T10:28:05.000Z",45.701694,5.883461,1.5,3,4.5,337.5,null
"2019-03-09T10:32:09.000Z",45.701694,5.883461,0,1.25,2.75,0,null
"2019-03-09T10:36:09.000Z",45.701694,5.883461,0,0.5,3.5,112.5,null
"2019-03-09T10:40:09.000Z",45.701694,5.883461,1,4,6.25,157.5,null
"2019-03-09T10:44:14.000Z",45.701694,5.883461,4.25,5.75,7,180,null
"2019-03-09T10:48:14.000Z",45.701694,5.883461,3.5,5.25,6.5,202.5,null
"2019-03-09T10:52:14.000Z",45.701694,5.883461,1.5,3.75,6,270,null
"2019-03-09T10:56:18.000Z",45.701694,5.883461,0,2,3.75,180,null
"2019-03-09T11:00:18.000Z",45.701694,5.883461,0,0.5,1.75,202.5,null
"2019-03-09T11:04:18.000Z",45.701694,5.883461,0,0.25,1.5,247.5,null
"2019-03-09T11:08:22.000Z",45.701694,5.883461,0,0,0,225,null
"2019-03-09T11:12:22.000Z",45.701694,5.883461,0,0.5,1.5,292.5,null
"2019-03-09T11:16:22.000Z",45.701694,5.883461,0,0,1,292.5,null
"2019-03-09T11:20:26.000Z",45.701694,5.883461,0,0,0.75,247.5,null
"2019-03-09T11:24:26.000Z",45.701694,5.883461,0,4.25,7.25,0,null
"2019-03-09T11:28:26.000Z",45.701694,5.883461,2,4.5,6.5,337.5,null
"2019-03-09T11:32:30.000Z",45.701694,5.883461,2,4.5,6.5,337.5,null
"2019-03-09T11:36:30.000Z",45.701694,5.883461,0,2.75,5.25,0,null
"2019-03-09T11:40:30.000Z",45.701694,5.883461,0,0.25,1.5,45,null
"2019-03-09T11:44:35.000Z",45.701694,5.883461,0,0.75,2.75,337.5,null
"2019-03-09T11:48:35.000Z",45.701694,5.883461,0,0.5,2.75,0,null
"2019-03-09T11:52:35.000Z",45.701694,5.883461,0,0.25,1.75,22.5,null
"2019-03-09T11:56:38.000Z",45.701694,5.883461,0,1,3.25,22.5,null
"2019-03-09T12:00:38.000Z",45.701694,5.883461,0,4.5,8.25,225,null
"2019-03-09T12:04:38.000Z",45.701694,5.883461,2,5.5,9.75,225,null
"2019-03-09T12:08:42.000Z",45.701694,5.883461,8,10.5,13,202.5,null
"2019-03-09T12:12:42.000Z",45.701694,5.883461,6.5,9.5,12.5,202.5,null
"2019-03-09T12:16:42.000Z",45.701694,5.883461,8.25,11.5,15,202.5,null
"2019-03-09T12:20:47.000Z",45.701694,5.883461,12,15.5,21,202.5,null
"2019-03-09T12:24:47.000Z",45.701694,5.883461,19,21,23,202.5,null
"2019-03-09T12:28:47.000Z",45.701694,5.883461,13,17,22.5,202.5,null
"2019-03-09T12:32:51.000Z",45.701694,5.883461,8.75,11,15,202.5,null
"2019-03-09T12:36:51.000Z",45.701694,5.883461,4.75,6.5,9,225,null
"2019-03-09T12:40:51.000Z",45.701694,5.883461,2,3,5.5,270,null
"2019-03-09T12:44:55.000Z",45.701694,5.883461,2.5,3,3.75,292.5,null
"2019-03-09T12:48:55.000Z",45.701694,5.883461,1,2.75,3.75,292.5,null
"2019-03-09T12:52:55.000Z",45.701694,5.883461,0,0.5,1.75,270,null
"2019-03-09T12:56:58.000Z",45.701694,5.883461,0,0.25,1,270,null
"2019-03-09T13:00:58.000Z",45.701694,5.883461,0,0.5,1.75,337.5,null
"2019-03-09T13:04:58.000Z",45.701694,5.883461,1,4.25,7,0,null
"2019-03-09T13:09:03.000Z",45.701694,5.883461,2.5,5.5,7.25,0,null
"2019-03-09T13:13:03.000Z",45.701694,5.883461,2.75,7,11,337.5,null
"2019-03-09T13:17:03.000Z",45.701694,5.883461,2,6.25,12,315,null
"2019-03-09T13:21:07.000Z",45.701694,5.883461,0.25,4.5,8.5,337.5,null
"2019-03-09T13:25:07.000Z",45.701694,5.883461,0,9.25,14.5,225,null
"2019-03-09T13:29:07.000Z",45.701694,5.883461,9,12.5,14.5,247.5,null
"2019-03-09T13:33:11.000Z",45.701694,5.883461,11,12.5,14.5,247.5,null
"2019-03-09T13:37:11.000Z",45.701694,5.883461,11,13,16,225,null
"2019-03-09T13:41:11.000Z",45.701694,5.883461,12,15.5,19,225,null
"2019-03-09T13:45:15.000Z",45.701694,5.883461,12,15.5,21,225,null
"2019-03-09T13:49:15.000Z",45.701694,5.883461,14.5,19,26,225,null
"2019-03-09T13:53:15.000Z",45.701694,5.883461,17.5,21,24.5,225,null
"2019-03-09T13:57:18.000Z",45.701694,5.883461,12,16,19,225,null
"2019-03-09T14:01:18.000Z",45.701694,5.883461,13,16,19.5,225,null
"2019-03-09T14:05:18.000Z",45.701694,5.883461,15,18.5,21,225,null
"2019-03-09T14:09:22.000Z",45.701694,5.883461,15.5,17.5,20,225,null
"2019-03-09T14:13:22.000Z",45.701694,5.883461,12,16,20,225,null
"2019-03-09T14:17:22.000Z",45.701694,5.883461,14,16,18,225,null
"2019-03-09T14:21:27.000Z",45.701694,5.883461,12,15,19,225,null
"2019-03-09T14:25:27.000Z",45.701694,5.883461,14.5,17,20.5,225,null
"2019-03-09T14:29:27.000Z",45.701694,5.883461,16,18.5,21.5,225,null
"2019-03-09T14:33:31.000Z",45.701694,5.883461,15.5,18,20,225,null
"2019-03-09T14:37:31.000Z",45.701694,5.883461,16.5,19,22.5,225,null
"2019-03-09T14:41:31.000Z",45.701694,5.883461,15.5,18.5,21,225,null
"2019-03-09T14:45:34.000Z",45.701694,5.883461,14.5,17.5,20.5,225,null
"2019-03-09T14:49:34.000Z",45.701694,5.883461,14.5,17,20,225,null
"2019-03-09T14:53:34.000Z",45.701694,5.883461,12,16.5,19.5,225,null
"2019-03-09T14:57:39.000Z",45.701694,5.883461,16,18.5,20.5,225,null
"2019-03-09T15:01:39.000Z",45.701694,5.883461,17,21,24.5,202.5,null
"2019-03-09T15:05:39.000Z",45.701694,5.883461,20.5,23.5,26,202.5,null
"2019-03-09T15:09:43.000Z",45.701694,5.883461,22,24.5,28,202.5,null
"2019-03-09T15:13:43.000Z",45.701694,5.883461,20.5,24,27.5,202.5,null
"2019-03-09T15:17:43.000Z",45.701694,5.883461,23.5,26,28.5,202.5,null
"2019-03-09T15:21:47.000Z",45.701694,5.883461,22,24,27,202.5,null
"2019-03-09T15:25:47.000Z",45.701694,5.883461,19.5,24,28,202.5,null
"2019-03-09T15:29:47.000Z",45.701694,5.883461,22.5,26,29,202.5,null
"2019-03-09T15:33:51.000Z",45.701694,5.883461,20,25.5,32,202.5,null
"2019-03-09T15:37:51.000Z",45.701694,5.883461,24.5,27.5,32,202.5,null
"2019-03-09T15:41:51.000Z",45.701694,5.883461,23.5,28,34,202.5,null
"2019-03-09T15:45:55.000Z",45.701694,5.883461,21,27,35,202.5,null
"2019-03-09T15:49:55.000Z",45.701694,5.883461,22,28.5,34,202.5,null
"2019-03-09T15:53:55.000Z",45.701694,5.883461,23,28.5,34.5,202.5,null
"2019-03-09T15:57:59.000Z",45.701694,5.883461,23,28.5,38,202.5,null
"2019-03-09T16:01:59.000Z",45.701694,5.883461,21,27,32,202.5,null
"2019-03-09T16:05:59.000Z",45.701694,5.883461,22.5,26,31.5,202.5,null
"2019-03-09T16:10:03.000Z",45.701694,5.883461,22.5,27,30.5,202.5,null
"2019-03-09T16:14:03.000Z",45.701694,5.883461,20.5,25.5,31.5,202.5,null
"2019-03-09T16:18:03.000Z",45.701694,5.883461,18.5,23,28,202.5,null
"2019-03-09T16:22:08.000Z",45.701694,5.883461,14.5,21.5,25,180,null
"2019-03-09T16:26:08.000Z",45.701694,5.883461,10.5,15.5,19.5,180,null
"2019-03-09T16:30:08.000Z",45.701694,5.883461,11,16.5,20.5,180,null
"2019-03-09T16:34:11.000Z",45.701694,5.883461,9.5,14.5,19,180,null
"2019-03-09T16:38:11.000Z",45.701694,5.883461,9,16.5,22,180,null
"2019-03-09T16:42:11.000Z",45.701694,5.883461,13,18.5,23,180,null
"2019-03-09T16:46:16.000Z",45.701694,5.883461,12.5,18,22,180,null
"2019-03-09T16:50:16.000Z",45.701694,5.883461,13,16.5,20.5,180,null
"2019-03-09T16:54:16.000Z",45.701694,5.883461,12,18,22,180,null
"2019-03-09T16:58:20.000Z",45.701694,5.883461,12.5,17,20.5,180,null
"2019-03-09T17:02:20.000Z",45.701694,5.883461,11.5,17.5,20.5,180,null
"2019-03-09T17:06:20.000Z",45.701694,5.883461,15,19.5,23,180,null
"2019-03-09T17:10:24.000Z",45.701694,5.883461,16.5,21,24.5,180,null
"2019-03-09T17:14:24.000Z",45.701694,5.883461,12,19.5,23.5,180,null
"2019-03-09T17:18:24.000Z",45.701694,5.883461,11,16,20,180,null
"2019-03-09T17:22:27.000Z",45.701694,5.883461,15.5,19.5,23.5,180,null
"2019-03-09T17:26:27.000Z",45.701694,5.883461,15,18.5,22.5,180,null
"2019-03-09T17:30:27.000Z",45.701694,5.883461,13,18.5,22.5,180,null
"2019-03-09T17:34:32.000Z",45.701694,5.883461,9.75,15.5,19,180,null
"2019-03-09T17:38:32.000Z",45.701694,5.883461,6.5,12,16.5,180,null
"2019-03-09T17:42:32.000Z",45.701694,5.883461,1.75,9,15,180,null
"2019-03-09T17:46:35.000Z",45.701694,5.883461,3.25,7.5,15.5,157.5,null
"2019-03-09T17:50:35.000Z",45.701694,5.883461,1.5,6.75,15.5,157.5,null
"2019-03-09T17:54:35.000Z",45.701694,5.883461,0,3,8.25,157.5,null
"2019-03-09T17:58:40.000Z",45.701694,5.883461,0,1.5,3.75,270,null
"2019-03-09T18:02:40.000Z",45.701694,5.883461,0,3.25,4.75,247.5,null
"2019-03-09T18:06:40.000Z",45.701694,5.883461,0,2,4.25,180,null
"2019-03-09T18:10:44.000Z",45.701694,5.883461,2,5.25,9,202.5,null
"2019-03-09T18:14:44.000Z",45.701694,5.883461,4.5,6.75,8.75,180,null
"2019-03-09T18:18:44.000Z",45.701694,5.883461,1,4,8.75,157.5,null
"2019-03-09T18:22:48.000Z",45.701694,5.883461,2.5,4.5,8,135,null
"2019-03-09T18:26:48.000Z",45.701694,5.883461,1,2.75,4.75,135,null
"2019-03-09T18:30:48.000Z",45.701694,5.883461,2,3.25,5.25,135,null
"2019-03-09T18:34:52.000Z",45.701694,5.883461,1.75,4,6,135,null
"2019-03-09T18:38:52.000Z",45.701694,5.883461,0.75,3.5,6.5,157.5,null
"2019-03-09T18:42:52.000Z",45.701694,5.883461,4.25,8.25,12.5,157.5,null
"2019-03-09T18:46:56.000Z",45.701694,5.883461,7.75,9.25,11,180,null
"2019-03-09T18:50:56.000Z",45.701694,5.883461,7.25,9.5,11,180,null
"2019-03-09T18:54:56.000Z",45.701694,5.883461,2.5,6.25,11,157.5,null
"2019-03-09T18:59:00.000Z",45.701694,5.883461,4.75,8.25,14.5,157.5,null
"2019-03-09T19:03:00.000Z",45.701694,5.883461,4.5,10,15.5,157.5,null
"2019-03-09T19:07:00.000Z",45.701694,5.883461,3.75,7.75,13,157.5,null
"2019-03-09T19:11:04.000Z",45.701694,5.883461,4.25,9,15,157.5,null
"2019-03-09T19:15:04.000Z",45.701694,5.883461,4.25,11,16,157.5,null
"2019-03-09T19:19:04.000Z",45.701694,5.883461,5.5,10,14.5,180,null
"2019-03-09T19:23:08.000Z",45.701694,5.883461,6.5,10,12,202.5,null
"2019-03-09T19:27:08.000Z",45.701694,5.883461,7,9.25,15,180,null
"2019-03-09T19:31:08.000Z",45.701694,5.883461,5.25,12,16,180,null
"2019-03-09T19:35:12.000Z",45.701694,5.883461,6,10.5,14.5,157.5,null
"2019-03-09T19:39:12.000Z",45.701694,5.883461,6.5,9.75,14.5,157.5,null
"2019-03-09T19:43:12.000Z",45.701694,5.883461,4.5,9,14,157.5,null
"2019-03-09T19:47:16.000Z",45.701694,5.883461,1.75,5.5,11,135,null
"2019-03-09T19:51:16.000Z",45.701694,5.883461,0.75,3.5,8,135,null
"2019-03-09T19:55:16.000Z",45.701694,5.883461,0.75,5.5,11,157.5,null
"2019-03-09T19:59:21.000Z",45.701694,5.883461,1.75,8.25,16.5,157.5,null
"2019-03-09T20:03:21.000Z",45.701694,5.883461,4.25,9.25,16,157.5,null
"2019-03-09T20:07:21.000Z",45.701694,5.883461,4.75,9.25,13,157.5,null
"2019-03-09T20:11:24.000Z",45.701694,5.883461,3.5,8.25,12.5,157.5,null
"2019-03-09T20:15:24.000Z",45.701694,5.883461,4.75,8.25,13.5,157.5,null
"2019-03-09T20:19:24.000Z",45.701694,5.883461,6.5,9.75,12,157.5,null
"2019-03-09T20:23:29.000Z",45.701694,5.883461,3.5,7.75,12.5,157.5,null
"2019-03-09T20:27:29.000Z",45.701694,5.883461,7.75,12.5,15.5,157.5,null
"2019-03-09T20:31:29.000Z",45.701694,5.883461,8,13,17,157.5,null
"2019-03-09T20:35:32.000Z",45.701694,5.883461,8.25,13.5,17.5,180,null
"2019-03-09T20:39:32.000Z",45.701694,5.883461,4.25,10.5,18,157.5,null
"2019-03-09T20:43:32.000Z",45.701694,5.883461,10.5,14,17,157.5,null
"2019-03-09T20:47:36.000Z",45.701694,5.883461,5.25,11.5,14,157.5,null
"2019-03-09T20:51:36.000Z",45.701694,5.883461,4.25,7.5,13.5,157.5,null
"2019-03-09T20:55:36.000Z",45.701694,5.883461,2,6.75,12,157.5,null
"2019-03-09T20:59:41.000Z",45.701694,5.883461,2.75,7,11,157.5,null
"2019-03-09T21:03:41.000Z",45.701694,5.883461,2.75,6,10.5,157.5,null
"2019-03-09T21:07:41.000Z",45.701694,5.883461,5.5,10.5,14.5,157.5,null
"2019-03-09T21:11:44.000Z",45.701694,5.883461,7.25,11.5,14,180,null
"2019-03-09T21:15:44.000Z",45.701694,5.883461,5.25,10,14,157.5,null
"2019-03-09T21:19:44.000Z",45.701694,5.883461,2.5,6.25,9.5,135,null
"2019-03-09T21:23:49.000Z",45.701694,5.883461,1.5,9,14.5,157.5,null
"2019-03-09T21:27:49.000Z",45.701694,5.883461,3.5,8.5,14.5,157.5,null
"2019-03-09T21:31:49.000Z",45.701694,5.883461,3.5,10.5,15.5,157.5,null
"2019-03-09T21:35:52.000Z",45.701694,5.883461,1.75,7.5,13,157.5,null
"2019-03-09T21:39:52.000Z",45.701694,5.883461,2.75,7.25,12,157.5,null
"2019-03-09T21:43:52.000Z",45.701694,5.883461,1,3.75,8,157.5,null
"2019-03-09T21:47:57.000Z",45.701694,5.883461,2.5,6,9,157.5,null
"2019-03-09T21:51:57.000Z",45.701694,5.883461,3.25,7,11,157.5,null
"2019-03-09T21:55:57.000Z",45.701694,5.883461,0.25,3,6.5,135,null
"2019-03-09T22:00:01.000Z",45.701694,5.883461,0.75,2.75,5.5,135,null
"2019-03-09T22:04:01.000Z",45.701694,5.883461,2.5,6,9.5,135,null
"2019-03-09T22:08:01.000Z",45.701694,5.883461,0.25,4.75,10.5,135,null
"2019-03-09T22:12:04.000Z",45.701694,5.883461,0.25,2,4.5,112.5,null
"2019-03-09T22:16:04.000Z",45.701694,5.883461,0.75,2.25,5.5,135,null
"2019-03-09T22:20:04.000Z",45.701694,5.883461,0.75,3.75,7,157.5,null
"2019-03-09T22:24:09.000Z",45.701694,5.883461,1,4.25,8,157.5,null
"2019-03-09T22:28:09.000Z",45.701694,5.883461,0.25,2.5,5.25,112.5,null
"2019-03-09T22:32:09.000Z",45.701694,5.883461,0.25,3,8,157.5,null
"2019-03-09T22:36:13.000Z",45.701694,5.883461,1,4.25,9.5,135,null
"2019-03-09T22:40:13.000Z",45.701694,5.883461,0.25,4.25,8.75,157.5,null
"2019-03-09T22:44:13.000Z",45.701694,5.883461,2.75,7.25,11,157.5,null
"2019-03-09T22:48:17.000Z",45.701694,5.883461,2.75,8.75,11.5,157.5,null
"2019-03-09T22:52:17.000Z",45.701694,5.883461,3.75,9,11,180,null
"2019-03-09T22:56:17.000Z",45.701694,5.883461,3.5,8.25,12,157.5,null
"2019-03-09T23:00:20.000Z",45.701694,5.883461,2,9,15,157.5,null
"2019-03-09T23:04:20.000Z",45.701694,5.883461,6.5,13,18,157.5,null
"2019-03-09T23:08:20.000Z",45.701694,5.883461,6.25,12.5,18,157.5,null
"2019-03-09T23:12:25.000Z",45.701694,5.883461,10,17.5,24,180,null
"2019-03-09T23:16:25.000Z",45.701694,5.883461,12,20.5,24.5,180,null
"2019-03-09T23:20:25.000Z",45.701694,5.883461,15.5,20,23.5,180,null
"2019-03-09T23:24:29.000Z",45.701694,5.883461,15.5,19,22,180,null
"2019-03-09T23:28:29.000Z",45.701694,5.883461,18,22.5,25.5,180,null
"2019-03-09T23:32:29.000Z",45.701694,5.883461,19.5,24.5,29,180,null
"2019-03-09T23:36:33.000Z",45.701694,5.883461,25,28.5,34.5,202.5,null
"2019-03-09T23:40:33.000Z",45.701694,5.883461,26,30,35,202.5,null
"2019-03-09T23:44:33.000Z",45.701694,5.883461,26,34,39.5,202.5,null
"2019-03-09T23:48:37.000Z",45.701694,5.883461,31.5,36.5,42,202.5,null
"2019-03-09T23:52:37.000Z",45.701694,5.883461,31,38.5,43.5,180,null
"2019-03-09T23:56:37.000Z",45.701694,5.883461,31.5,36.5,44,202.5,null
"2019-03-10T00:00:41.000Z",45.701694,5.883461,28,34.5,40.5,202.5,null
"2019-03-10T00:04:41.000Z",45.701694,5.883461,23,33,40.5,202.5,null
"2019-03-10T00:08:41.000Z",45.701694,5.883461,23,27.5,31.5,202.5,null
"2019-03-10T00:12:56.000Z",45.701694,5.883461,27,32.5,39,202.5,null
"2019-03-10T00:16:56.000Z",45.701694,5.883461,28,33.5,38,202.5,null
"2019-03-10T00:20:56.000Z",45.701694,5.883461,24,29.5,36,202.5,null
"2019-03-10T00:24:59.000Z",45.701694,5.883461,25.5,28.5,36.5,225,null
"2019-03-10T00:28:59.000Z",45.701694,5.883461,22,26.5,32.5,202.5,null
"2019-03-10T00:32:59.000Z",45.701694,5.883461,21.5,27,33.5,202.5,null
"2019-03-10T00:37:03.000Z",45.701694,5.883461,21,26.5,32.5,202.5,null
"2019-03-10T00:41:03.000Z",45.701694,5.883461,21,28.5,34.5,202.5,null
"2019-03-10T00:45:03.000Z",45.701694,5.883461,19,26,35,202.5,null
"2019-03-10T00:49:07.000Z",45.701694,5.883461,24.5,30,35.5,202.5,null
"2019-03-10T00:53:07.000Z",45.701694,5.883461,17.5,28.5,38.5,202.5,null
"2019-03-10T00:57:07.000Z",45.701694,5.883461,18,25.5,31.5,180,null
"2019-03-10T01:01:11.000Z",45.701694,5.883461,20,28.5,33.5,180,null
"2019-03-10T01:05:11.000Z",45.701694,5.883461,18.5,28.5,33,180,null
"2019-03-10T01:09:11.000Z",45.701694,5.883461,13,17.5,22,202.5,null
"2019-03-10T01:13:15.000Z",45.701694,5.883461,9.5,16,21.5,180,null
"2019-03-10T01:17:15.000Z",45.701694,5.883461,11.5,17.5,22,202.5,null
"2019-03-10T01:21:15.000Z",45.701694,5.883461,13.5,19,23,180,null
"2019-03-10T01:25:20.000Z",45.701694,5.883461,2.5,13,22.5,157.5,null
"2019-03-10T01:29:20.000Z",45.701694,5.883461,1.75,10.5,23.5,157.5,null
"2019-03-10T01:33:20.000Z",45.701694,5.883461,15.5,21.5,26,180,null
"2019-03-10T01:37:24.000Z",45.701694,5.883461,16.5,25,28.5,180,null
"2019-03-10T01:41:24.000Z",45.701694,5.883461,19,25,29.5,180,null
"2019-03-10T01:45:24.000Z",45.701694,5.883461,18,22,25,180,null
"2019-03-10T01:49:28.000Z",45.701694,5.883461,14.5,21,26,180,null
"2019-03-10T01:53:28.000Z",45.701694,5.883461,13,22,27,180,null
"2019-03-10T01:57:28.000Z",45.701694,5.883461,18,23.5,27.5,180,null
"2019-03-10T02:01:32.000Z",45.701694,5.883461,18,24.5,29,180,null
"2019-03-10T02:05:32.000Z",45.701694,5.883461,23,30,40.5,180,null
"2019-03-10T02:09:32.000Z",45.701694,5.883461,26,33,42,180,null
"2019-03-10T02:13:36.000Z",45.701694,5.883461,21,31.5,37,180,null
"2019-03-10T02:17:36.000Z",45.701694,5.883461,24.5,33,39,180,null
"2019-03-10T02:21:36.000Z",45.701694,5.883461,20,28,34.5,180,null
"2019-03-10T02:25:40.000Z",45.701694,5.883461,15.5,23,28.5,180,null
"2019-03-10T02:29:40.000Z",45.701694,5.883461,13.5,22,28.5,180,null
"2019-03-10T02:33:40.000Z",45.701694,5.883461,18,26,31.5,180,null
"2019-03-10T02:37:44.000Z",45.701694,5.883461,15.5,27.5,35,180,null
"2019-03-10T02:41:44.000Z",45.701694,5.883461,15,22.5,30.5,180,null
"2019-03-10T02:45:44.000Z",45.701694,5.883461,22.5,33.5,40,180,null
"2019-03-10T02:49:48.000Z",45.701694,5.883461,18,28,38,202.5,null
"2019-03-10T02:53:48.000Z",45.701694,5.883461,24.5,33.5,40.5,202.5,null
"2019-03-10T02:57:48.000Z",45.701694,5.883461,24,30.5,38,202.5,null
"2019-03-10T03:01:52.000Z",45.701694,5.883461,28,33.5,43,202.5,null
"2019-03-10T03:05:52.000Z",45.701694,5.883461,20.5,29,38.5,202.5,null
"2019-03-10T03:09:52.000Z",45.701694,5.883461,19,26.5,32.5,202.5,null
"2019-03-10T03:13:56.000Z",45.701694,5.883461,13.5,20,26,202.5,null
"2019-03-10T03:17:56.000Z",45.701694,5.883461,21,27.5,34,202.5,null
"2019-03-10T03:21:56.000Z",45.701694,5.883461,21,28,33.5,202.5,null
"2019-03-10T03:26:00.000Z",45.701694,5.883461,20,26.5,33,202.5,null
"2019-03-10T03:30:00.000Z",45.701694,5.883461,18,25.5,33.5,202.5,null
"2019-03-10T03:34:00.000Z",45.701694,5.883461,8.25,22.5,29,180,null
"2019-03-10T03:38:04.000Z",45.701694,5.883461,17,26,37.5,180,null
"2019-03-10T03:42:04.000Z",45.701694,5.883461,8,20,26,180,null
"2019-03-10T03:46:04.000Z",45.701694,5.883461,7.75,14.5,25,157.5,null
"2019-03-10T03:50:08.000Z",45.701694,5.883461,12.5,21,30.5,180,null
"2019-03-10T03:54:08.000Z",45.701694,5.883461,10,16.5,23.5,157.5,null
"2019-03-10T03:58:08.000Z",45.701694,5.883461,5.5,14,21,157.5,null
"2019-03-10T04:02:12.000Z",45.701694,5.883461,9.75,17.5,26,157.5,null
"2019-03-10T04:06:12.000Z",45.701694,5.883461,11,21,28,180,null
"2019-03-10T04:10:12.000Z",45.701694,5.883461,18,26.5,32,202.5,null
"2019-03-10T04:14:16.000Z",45.701694,5.883461,12,23.5,32,180,null
"2019-03-10T04:18:16.000Z",45.701694,5.883461,18.5,25.5,31.5,180,null
"2019-03-10T04:22:16.000Z",45.701694,5.883461,11.5,19.5,27,180,null
"2019-03-10T04:26:21.000Z",45.701694,5.883461,9,15.5,21,180,null
"2019-03-10T04:30:21.000Z",45.701694,5.883461,3.5,14.5,23.5,157.5,null
"2019-03-10T04:34:21.000Z",45.701694,5.883461,3.75,10,23.5,157.5,null
"2019-03-10T04:38:24.000Z",45.701694,5.883461,3.75,8.5,16.5,135,null
"2019-03-10T04:42:24.000Z",45.701694,5.883461,1.75,12.5,23.5,157.5,null
"2019-03-10T04:46:24.000Z",45.701694,5.883461,4.25,10.5,16,157.5,null
"2019-03-10T04:50:29.000Z",45.701694,5.883461,1.75,11.5,21,157.5,null
"2019-03-10T04:54:29.000Z",45.701694,5.883461,0.75,8.5,19.5,135,null
"2019-03-10T04:58:29.000Z",45.701694,5.883461,7.25,16,26,157.5,null
"2019-03-10T05:02:32.000Z",45.701694,5.883461,15,25.5,35,180,null
"2019-03-10T05:06:32.000Z",45.701694,5.883461,12.5,23,32,180,null
"2019-03-10T05:10:32.000Z",45.701694,5.883461,10.5,21,28.5,180,null
"2019-03-10T05:14:37.000Z",45.701694,5.883461,12,22.5,29,180,null
"2019-03-10T05:18:37.000Z",45.701694,5.883461,16.5,24.5,31.5,202.5,null
"2019-03-10T05:22:37.000Z",45.701694,5.883461,7.75,16.5,24.5,180,null
"2019-03-10T05:26:41.000Z",45.701694,5.883461,5.5,9.75,21,180,null
"2019-03-10T05:30:41.000Z",45.701694,5.883461,6.5,19,27.5,157.5,null
"2019-03-10T05:34:41.000Z",45.701694,5.883461,4.5,10.5,17.5,157.5,null
"2019-03-10T05:38:45.000Z",45.701694,5.883461,5.5,11,17,135,null
"2019-03-10T05:42:45.000Z",45.701694,5.883461,4.75,12.5,22,157.5,null
"2019-03-10T05:46:45.000Z",45.701694,5.883461,6.25,15,21.5,157.5,null
"2019-03-10T05:50:49.000Z",45.701694,5.883461,6.25,16.5,24.5,157.5,null
"2019-03-10T05:54:49.000Z",45.701694,5.883461,9.75,20,28,180,null
"2019-03-10T05:58:49.000Z",45.701694,5.883461,11.5,18.5,23.5,180,null
"2019-03-10T06:02:52.000Z",45.701694,5.883461,11.5,21.5,31,180,null
"2019-03-10T06:06:52.000Z",45.701694,5.883461,13,21,27,180,null
"2019-03-10T06:10:52.000Z",45.701694,5.883461,11.5,19,26,180,null
"2019-03-10T06:14:56.000Z",45.701694,5.883461,12.5,19.5,26.5,180,null
"2019-03-10T06:18:56.000Z",45.701694,5.883461,8,20,26,180,null
"2019-03-10T06:22:56.000Z",45.701694,5.883461,9,20,30.5,157.5,null
"2019-03-10T06:27:01.000Z",45.701694,5.883461,19.5,23.5,27,180,null
"2019-03-10T06:31:01.000Z",45.701694,5.883461,16.5,25,32,180,null
"2019-03-10T06:35:01.000Z",45.701694,5.883461,15.5,23.5,27.5,180,null
"2019-03-10T06:39:05.000Z",45.701694,5.883461,20.5,26,30.5,157.5,null
"2019-03-10T06:43:05.000Z",45.701694,5.883461,18,24.5,30.5,180,null
"2019-03-10T06:47:05.000Z",45.701694,5.883461,14,25,31.5,157.5,null
"2019-03-10T06:51:09.000Z",45.701694,5.883461,7.25,22.5,30.5,157.5,null
"2019-03-10T06:55:09.000Z",45.701694,5.883461,13.5,20.5,27,157.5,null
"2019-03-10T06:59:09.000Z",45.701694,5.883461,6,12,19,157.5,null
"2019-03-10T07:03:13.000Z",45.701694,5.883461,6.25,16,23,157.5,null
"2019-03-10T07:07:13.000Z",45.701694,5.883461,4.5,13.5,22.5,157.5,null
"2019-03-10T07:11:13.000Z",45.701694,5.883461,13,21,28,157.5,null
"2019-03-10T07:15:17.000Z",45.701694,5.883461,8,20,27,157.5,null
"2019-03-10T07:19:17.000Z",45.701694,5.883461,9.75,19,28,157.5,null
"2019-03-10T07:23:17.000Z",45.701694,5.883461,18,23,28,180,null
"2019-03-10T07:27:21.000Z",45.701694,5.883461,16,24.5,30.5,180,null
"2019-03-10T07:31:21.000Z",45.701694,5.883461,17,25,30.5,180,null
"2019-03-10T07:35:21.000Z",45.701694,5.883461,18,26,31.5,157.5,null
"2019-03-10T07:39:25.000Z",45.701694,5.883461,19.5,25,30.5,180,null
"2019-03-10T07:43:25.000Z",45.701694,5.883461,20,24.5,27,180,null
"2019-03-10T07:47:25.000Z",45.701694,5.883461,19,24.5,28,180,null
"2019-03-10T07:51:29.000Z",45.701694,5.883461,14.5,19,23.5,202.5,null
"2019-03-10T07:55:29.000Z",45.701694,5.883461,9.5,15.5,19,180,null
"2019-03-10T07:59:29.000Z",45.701694,5.883461,9,15,22,180,null
"2019-03-10T08:03:33.000Z",45.701694,5.883461,4.75,13.5,19,180,null
"2019-03-10T08:07:33.000Z",45.701694,5.883461,4.5,12,19.5,157.5,null
"2019-03-10T08:11:33.000Z",45.701694,5.883461,8,14,23,225,null
"2019-03-10T08:15:37.000Z",45.701694,5.883461,20,24.5,30.5,202.5,null
"2019-03-10T08:19:37.000Z",45.701694,5.883461,18.5,23,26.5,202.5,null
"2019-03-10T08:23:37.000Z",45.701694,5.883461,15.5,19.5,24,202.5,null
"2019-03-10T08:27:42.000Z",45.701694,5.883461,18.5,23.5,30.5,202.5,null
"2019-03-10T08:31:42.000Z",45.701694,5.883461,18,24.5,28,202.5,null
"2019-03-10T08:35:42.000Z",45.701694,5.883461,10,21,28.5,180,null
"2019-03-10T08:39:46.000Z",45.701694,5.883461,15,23,30.5,202.5,null
"2019-03-10T08:43:46.000Z",45.701694,5.883461,13,22.5,28,180,null
"2019-03-10T08:47:46.000Z",45.701694,5.883461,17,22.5,26,180,null
"2019-03-10T08:51:50.000Z",45.701694,5.883461,15,19,23,180,null
"2019-03-10T08:55:50.000Z",45.701694,5.883461,12.5,21,28.5,180,null
"2019-03-10T08:59:50.000Z",45.701694,5.883461,15,22,29,180,null
"2019-03-10T09:03:53.000Z",45.701694,5.883461,15.5,20.5,25,180,null
"2019-03-10T09:07:53.000Z",45.701694,5.883461,19,25,29,180,null
"2019-03-10T09:11:53.000Z",45.701694,5.883461,14,22,30.5,180,null
"2019-03-10T09:15:57.000Z",45.701694,5.883461,13,17.5,21,180,null
"2019-03-10T09:19:57.000Z",45.701694,5.883461,10,13.5,16,202.5,null
"2019-03-10T09:23:57.000Z",45.701694,5.883461,9.5,16,19,202.5,null
"2019-03-10T09:28:02.000Z",45.701694,5.883461,15.5,18.5,22.5,202.5,null
"2019-03-10T09:32:02.000Z",45.701694,5.883461,12.5,15.5,17.5,202.5,null
"2019-03-10T09:36:02.000Z",45.701694,5.883461,11,16.5,22,202.5,null
"2019-03-10T09:40:06.000Z",45.701694,5.883461,13.5,17.5,21,202.5,null
"2019-03-10T09:44:06.000Z",45.701694,5.883461,8,14.5,22,180,null
"2019-03-10T09:48:06.000Z",45.701694,5.883461,12,16.5,19.5,202.5,null
"2019-03-10T09:52:10.000Z",45.701694,5.883461,12,16,21.5,202.5,null
"2019-03-10T09:56:10.000Z",45.701694,5.883461,14,22,32.5,225,null
"2019-03-10T10:00:10.000Z",45.701694,5.883461,6.5,16.5,25,202.5,null
"2019-03-10T10:04:14.000Z",45.701694,5.883461,2.5,16.5,23.5,202.5,null
"2019-03-10T10:08:14.000Z",45.701694,5.883461,8.25,19,29.5,202.5,null
"2019-03-10T10:12:14.000Z",45.701694,5.883461,13.5,22,30.5,225,null
"2019-03-10T10:16:18.000Z",45.701694,5.883461,12,18.5,25.5,225,null
"2019-03-10T10:20:18.000Z",45.701694,5.883461,9.5,14.5,21.5,247.5,null
"2019-03-10T10:24:18.000Z",45.701694,5.883461,6.25,13,23,247.5,null
"2019-03-10T10:28:22.000Z",45.701694,5.883461,4.25,10.5,16.5,225,null
"2019-03-10T10:32:22.000Z",45.701694,5.883461,8.25,16,24,202.5,null
"2019-03-10T10:36:22.000Z",45.701694,5.883461,5.25,13,24.5,180,null
"2019-03-10T10:40:26.000Z",45.701694,5.883461,3.25,14.5,27,180,null
"2019-03-10T10:44:26.000Z",45.701694,5.883461,2.5,11,21,157.5,null
"2019-03-10T10:48:26.000Z",45.701694,5.883461,3.5,12.5,27,157.5,null
"2019-03-10T10:52:29.000Z",45.701694,5.883461,7.25,16.5,27,225,null
"2019-03-10T10:56:29.000Z",45.701694,5.883461,6.5,16,24.5,247.5,null
"2019-03-10T11:00:29.000Z",45.701694,5.883461,4.75,10.5,19,225,null
"2019-03-10T11:04:34.000Z",45.701694,5.883461,6.25,13.5,24.5,247.5,null
"2019-03-10T11:08:34.000Z",45.701694,5.883461,10.5,19,29,225,null
"2019-03-10T11:12:34.000Z",45.701694,5.883461,12,19,31,202.5,null
"2019-03-10T11:16:38.000Z",45.701694,5.883461,13.5,27.5,38,202.5,null
"2019-03-10T11:20:38.000Z",45.701694,5.883461,16.5,24.5,37,202.5,null
"2019-03-10T11:24:38.000Z",45.701694,5.883461,7.75,27.5,48.5,180,null
"2019-03-10T11:28:42.000Z",45.701694,5.883461,11,23,41.5,180,null
"2019-03-10T11:32:42.000Z",45.701694,5.883461,15.5,27.5,41.5,180,null
"2019-03-10T11:36:42.000Z",45.701694,5.883461,18,32,43,180,null
"2019-03-10T11:40:46.000Z",45.701694,5.883461,17,30,43.5,180,null
"2019-03-10T11:44:46.000Z",45.701694,5.883461,11,27.5,44,157.5,null
"2019-03-10T11:48:46.000Z",45.701694,5.883461,13,22,30,157.5,null
"2019-03-10T11:52:50.000Z",45.701694,5.883461,10.5,19.5,30.5,157.5,null
"2019-03-10T11:56:50.000Z",45.701694,5.883461,11,21,29.5,157.5,null
"2019-03-10T12:00:50.000Z",45.701694,5.883461,10.5,22.5,30,180,null
"2019-03-10T12:04:54.000Z",45.701694,5.883461,13.5,22,31.5,180,null
"2019-03-10T12:08:54.000Z",45.701694,5.883461,14,25.5,38.5,180,null
"2019-03-10T12:12:54.000Z",45.701694,5.883461,17.5,30.5,40.5,180,null
"2019-03-10T12:16:58.000Z",45.701694,5.883461,23.5,30,38,180,null
"2019-03-10T12:20:58.000Z",45.701694,5.883461,18,24,29,180,null
"2019-03-10T12:24:58.000Z",45.701694,5.883461,15.5,21,26.5,180,null
"2019-03-10T12:29:02.000Z",45.701694,5.883461,15.5,23.5,33.5,202.5,null
"2019-03-10T12:33:02.000Z",45.701694,5.883461,20,24.5,31.5,202.5,null
"2019-03-10T12:37:02.000Z",45.701694,5.883461,16,23,30.5,202.5,null
"2019-03-10T12:41:06.000Z",45.701694,5.883461,11,15.5,22.5,180,null
"2019-03-10T12:45:06.000Z",45.701694,5.883461,11,19.5,27.5,180,null
"2019-03-10T12:49:06.000Z",45.701694,5.883461,14.5,22.5,28,202.5,null
"2019-03-10T12:53:11.000Z",45.701694,5.883461,12.5,16.5,20,225,null
"2019-03-10T12:57:11.000Z",45.701694,5.883461,14.5,20.5,26,225,null
"2019-03-10T13:01:11.000Z",45.701694,5.883461,11,17,28,202.5,null
"2019-03-10T13:05:14.000Z",45.701694,5.883461,12,18,26,225,null
"2019-03-10T13:09:14.000Z",45.701694,5.883461,5.5,13,19,202.5,null
"2019-03-10T13:13:14.000Z",45.701694,5.883461,8.75,16,24.5,180,null
"2019-03-10T13:17:18.000Z",45.701694,5.883461,7,12.5,18.5,180,null
"2019-03-10T13:21:18.000Z",45.701694,5.883461,1.75,5.75,11,202.5,null
"2019-03-10T13:25:18.000Z",45.701694,5.883461,3.25,5.75,7.75,180,null
"2019-03-10T13:29:23.000Z",45.701694,5.883461,3.75,11.5,17.5,180,null
"2019-03-10T13:33:23.000Z",45.701694,5.883461,10,14,20,202.5,null
"2019-03-10T13:37:23.000Z",45.701694,5.883461,4.75,9.5,14.5,225,null
"2019-03-10T13:41:27.000Z",45.701694,5.883461,0,1.5,6,180,null
"2019-03-10T13:45:27.000Z",45.701694,5.883461,0,0.5,2.5,22.5,null
"2019-03-10T13:49:27.000Z",45.701694,5.883461,0,2.5,4.5,270,null
"2019-03-10T13:53:30.000Z",45.701694,5.883461,0,0.75,6.25,180,null
"2019-03-10T13:57:30.000Z",45.701694,5.883461,0,1.25,3.75,67.5,null
"2019-03-10T14:01:30.000Z",45.701694,5.883461,2.75,5.5,9.5,22.5,null
"2019-03-10T14:05:35.000Z",45.701694,5.883461,1.75,4.25,9.5,112.5,null
"2019-03-10T14:09:35.000Z",45.701694,5.883461,2.5,4.25,6.5,112.5,null
"2019-03-10T14:13:35.000Z",45.701694,5.883461,0.75,3.25,7.75,135,null
"2019-03-10T14:17:38.000Z",45.701694,5.883461,0,2.25,4.75,180,null
"2019-03-10T14:21:38.000Z",45.701694,5.883461,0,2,4.25,202.5,null
"2019-03-10T14:25:38.000Z",45.701694,5.883461,0,1.75,6.5,225,null
"2019-03-10T14:29:43.000Z",45.701694,5.883461,0,7.25,15.5,180,null
"2019-03-10T14:33:43.000Z",45.701694,5.883461,9,13.5,24.5,202.5,null
"2019-03-10T14:37:43.000Z",45.701694,5.883461,4.5,13.5,20,202.5,null
"2019-03-10T14:41:47.000Z",45.701694,5.883461,6.25,10,15.5,180,null
"2019-03-10T14:45:47.000Z",45.701694,5.883461,10.5,14.5,23,202.5,null
"2019-03-10T14:49:47.000Z",45.701694,5.883461,8.75,13.5,21.5,202.5,null
"2019-03-10T14:53:51.000Z",45.701694,5.883461,9.5,21.5,30.5,202.5,null
"2019-03-10T14:57:51.000Z",45.701694,5.883461,13.5,21.5,27,180,null
"2019-03-10T15:01:51.000Z",45.701694,5.883461,13,22,30.5,180,null
"2019-03-10T15:05:55.000Z",45.701694,5.883461,16,28.5,44.5,180,null
"2019-03-10T15:09:55.000Z",45.701694,5.883461,19,29.5,38.5,180,null
"2019-03-10T15:13:55.000Z",45.701694,5.883461,10,24,38,180,null
"2019-03-10T15:17:59.000Z",45.701694,5.883461,11,17.5,28.5,180,null
"2019-03-10T15:21:59.000Z",45.701694,5.883461,9.75,15.5,21,202.5,null
"2019-03-10T15:25:59.000Z",45.701694,5.883461,10,13.5,19,247.5,null
"2019-03-10T15:30:03.000Z",45.701694,5.883461,7.75,18.5,28.5,337.5,null
"2019-03-10T15:34:03.000Z",45.701694,5.883461,13.5,23.5,31.5,337.5,null
"2019-03-10T15:38:03.000Z",45.701694,5.883461,22.5,28,31.5,0,null
"2019-03-10T15:42:07.000Z",45.701694,5.883461,14,21,26.5,0,null
"2019-03-10T15:46:07.000Z",45.701694,5.883461,15.5,20.5,27,0,null
"2019-03-10T15:50:07.000Z",45.701694,5.883461,11,15.5,20,0,null
"2019-03-10T15:54:11.000Z",45.701694,5.883461,10,12.5,15.5,337.5,null
"2019-03-10T15:58:11.000Z",45.701694,5.883461,6,10,13,337.5,null
"2019-03-10T16:02:11.000Z",45.701694,5.883461,3.5,6,9.75,0,null
"2019-03-10T16:06:15.000Z",45.701694,5.883461,3.25,5,6.25,0,null
"2019-03-10T16:10:15.000Z",45.701694,5.883461,4.25,7,9.5,0,null
"2019-03-10T16:14:15.000Z",45.701694,5.883461,1.75,3.75,5.5,0,null
"2019-03-10T16:18:20.000Z",45.701694,5.883461,0,2,4.25,45,null
"2019-03-10T16:22:20.000Z",45.701694,5.883461,0,2.75,5.5,0,null
"2019-03-10T16:26:20.000Z",45.701694,5.883461,2.5,7,13,337.5,null
"2019-03-10T16:30:23.000Z",45.701694,5.883461,0.75,4.75,10,337.5,null
"2019-03-10T16:34:23.000Z",45.701694,5.883461,3.25,4.5,5.5,22.5,null
"2019-03-10T16:38:23.000Z",45.701694,5.883461,2,4.25,6.5,67.5,null
"2019-03-10T16:42:27.000Z",45.701694,5.883461,2,4.75,7.25,67.5,null
"2019-03-10T16:46:27.000Z",45.701694,5.883461,3.75,6.25,9.5,67.5,null
"2019-03-10T16:50:27.000Z",45.701694,5.883461,0.75,5.75,10,22.5,null
"2019-03-10T16:54:31.000Z",45.701694,5.883461,3.5,6.5,9.5,67.5,null
"2019-03-10T16:58:31.000Z",45.701694,5.883461,0.25,5.75,10,315,null
"2019-03-10T17:02:31.000Z",45.701694,5.883461,6,8.75,11,337.5,null
"2019-03-10T17:06:35.000Z",45.701694,5.883461,1.75,4.5,9.75,22.5,null
"2019-03-10T17:10:35.000Z",45.701694,5.883461,0.25,3,7,180,null
"2019-03-10T17:14:35.000Z",45.701694,5.883461,3.75,5.25,7,225,null
"2019-03-10T17:18:39.000Z",45.701694,5.883461,0.75,2.75,4.75,225,null
"2019-03-10T17:22:39.000Z",45.701694,5.883461,1.75,4.5,7.25,247.5,null
"2019-03-10T17:26:39.000Z",45.701694,5.883461,2.75,4.75,6.25,202.5,null
"2019-03-10T17:30:43.000Z",45.701694,5.883461,2,4,6,135,null
"2019-03-10T17:34:43.000Z",45.701694,5.883461,0,1.5,3.5,135,null
"2019-03-10T17:38:43.000Z",45.701694,5.883461,0,1.25,2.75,157.5,null
"2019-03-10T17:42:48.000Z",45.701694,5.883461,0.25,2.5,4.25,180,null
"2019-03-10T17:46:48.000Z",45.701694,5.883461,2.5,3.75,4.5,157.5,null
"2019-03-10T17:50:48.000Z",45.701694,5.883461,0,1.25,3.75,135,null
"2019-03-10T17:54:51.000Z",45.701694,5.883461,0,1,2.5,135,null
"2019-03-10T17:58:51.000Z",45.701694,5.883461,0,0,0,90,null
"2019-03-10T18:02:51.000Z",45.701694,5.883461,0,0.5,1.5,90,null
"2019-03-10T18:06:56.000Z",45.701694,5.883461,0,0.5,2,67.5,null
"2019-03-10T18:10:56.000Z",45.701694,5.883461,0,0,0,337.5,null
"2019-03-10T18:14:56.000Z",45.701694,5.883461,0,1.75,2.75,112.5,null
"2019-03-10T18:19:00.000Z",45.701694,5.883461,0,3.25,6.5,315,null
"2019-03-10T18:23:00.000Z",45.701694,5.883461,0.75,1.75,3.75,45,null
"2019-03-10T18:27:00.000Z",45.701694,5.883461,0.75,2.75,5.25,202.5,null
"2019-03-10T18:31:03.000Z",45.701694,5.883461,2.5,6.25,9.5,225,null
"2019-03-10T18:35:03.000Z",45.701694,5.883461,1.5,4.75,8,225,null
"2019-03-10T18:39:03.000Z",45.701694,5.883461,0.25,5,7.75,225,null
"2019-03-10T18:43:08.000Z",45.701694,5.883461,0.25,2,3.5,90,null
"2019-03-10T18:47:08.000Z",45.701694,5.883461,0,0.75,2,90,null
"2019-03-10T18:51:08.000Z",45.701694,5.883461,0,0,0,157.5,null
"2019-03-10T18:55:12.000Z",45.701694,5.883461,0,2.75,7.25,0,null
"2019-03-10T18:59:12.000Z",45.701694,5.883461,0.25,2.5,5.25,90,null
"2019-03-10T19:03:12.000Z",45.701694,5.883461,2.5,4.5,8.75,67.5,null
"2019-03-10T19:07:16.000Z",45.701694,5.883461,1.75,8.25,16,247.5,null
"2019-03-10T19:11:16.000Z",45.701694,5.883461,0,2.75,9.75,292.5,null
"2019-03-10T19:15:16.000Z",45.701694,5.883461,0,0.25,0.75,202.5,null
"2019-03-10T19:19:20.000Z",45.701694,5.883461,0,2.5,4.5,90,null
"2019-03-10T19:23:20.000Z",45.701694,5.883461,2.5,4,7,45,null
"2019-03-10T19:27:20.000Z",45.701694,5.883461,1.75,5.5,8.25,45,null
"2019-03-10T19:31:24.000Z",45.701694,5.883461,3.5,9.5,16.5,0,null
"2019-03-10T19:35:24.000Z",45.701694,5.883461,3.5,7.5,14.5,337.5,null
"2019-03-10T19:39:24.000Z",45.701694,5.883461,5.5,13,22,337.5,null
"2019-03-10T19:43:28.000Z",45.701694,5.883461,3.75,11.5,22,315,null
"2019-03-10T19:47:28.000Z",45.701694,5.883461,4.75,6.5,8.25,22.5,null
"2019-03-10T19:51:28.000Z",45.701694,5.883461,3.25,6,11.5,0,null
"2019-03-10T19:55:31.000Z",45.701694,5.883461,0,2,6.5,0,null
"2019-03-10T19:59:31.000Z",45.701694,5.883461,0,1.5,3.25,0,null
"2019-03-10T20:03:31.000Z",45.701694,5.883461,2.5,4,7.25,337.5,null
"2019-03-10T20:07:36.000Z",45.701694,5.883461,6.25,7.5,8.25,337.5,null
"2019-03-10T20:11:36.000Z",45.701694,5.883461,8,10.5,12.5,337.5,null
"2019-03-10T20:15:36.000Z",45.701694,5.883461,8.75,10.5,11,337.5,null
"2019-03-10T20:19:40.000Z",45.701694,5.883461,7.75,9.25,11,337.5,null
"2019-03-10T20:23:40.000Z",45.701694,5.883461,11,12,15,337.5,null
"2019-03-10T20:27:40.000Z",45.701694,5.883461,9,13,15.5,337.5,null
"2019-03-10T20:31:44.000Z",45.701694,5.883461,9.75,12,13,0,null
"2019-03-10T20:35:44.000Z",45.701694,5.883461,12,13.5,15,0,null
"2019-03-10T20:39:44.000Z",45.701694,5.883461,9.5,12.5,14.5,337.5,null
"2019-03-10T20:43:48.000Z",45.701694,5.883461,8.75,10.5,13,0,null
"2019-03-10T20:47:48.000Z",45.701694,5.883461,5.25,8.5,12.5,0,null
"2019-03-10T20:51:48.000Z",45.701694,5.883461,4.5,8.25,10.5,0,null
"2019-03-10T20:55:52.000Z",45.701694,5.883461,8.25,9.75,10.5,0,null
"2019-03-10T20:59:52.000Z",45.701694,5.883461,7,10,14.5,337.5,null
"2019-03-10T21:03:52.000Z",45.701694,5.883461,8.75,13,18,315,null
"2019-03-10T21:07:56.000Z",45.701694,5.883461,8.75,12,18,337.5,null
"2019-03-10T21:11:56.000Z",45.701694,5.883461,13,16.5,20,337.5,null
"2019-03-10T21:15:56.000Z",45.701694,5.883461,15,17.5,21,337.5,null
"2019-03-10T21:20:00.000Z",45.701694,5.883461,12.5,16.5,21,337.5,null
"2019-03-10T21:24:00.000Z",45.701694,5.883461,14.5,19.5,27,337.5,null
"2019-03-10T21:28:00.000Z",45.701694,5.883461,12,16.5,26.5,315,null
"2019-03-10T21:32:05.000Z",45.701694,5.883461,10,19.5,27.5,315,null
"2019-03-10T21:36:05.000Z",45.701694,5.883461,13,16.5,20.5,315,null
"2019-03-10T21:40:05.000Z",45.701694,5.883461,15.5,22,30,315,null
"2019-03-10T21:44:08.000Z",45.701694,5.883461,13.5,16.5,20.5,315,null
"2019-03-10T21:48:08.000Z",45.701694,5.883461,12.5,16,22.5,315,null
"2019-03-10T21:52:08.000Z",45.701694,5.883461,13,17,24,315,null
"2019-03-10T21:56:12.000Z",45.701694,5.883461,8.75,16,24.5,292.5,null
"2019-03-10T22:00:12.000Z",45.701694,5.883461,3.5,10.5,18,315,null
"2019-03-10T22:04:12.000Z",45.701694,5.883461,8,11.5,16.5,292.5,null
"2019-03-10T22:08:17.000Z",45.701694,5.883461,7.75,10,13,292.5,null
"2019-03-10T22:12:17.000Z",45.701694,5.883461,6.25,8.75,12,315,null
"2019-03-10T22:16:17.000Z",45.701694,5.883461,2.75,6.5,9.75,292.5,null
"2019-03-10T22:20:21.000Z",45.701694,5.883461,8.25,14.5,25,292.5,null
"2019-03-10T22:24:21.000Z",45.701694,5.883461,11,15.5,24.5,292.5,null
"2019-03-10T22:28:21.000Z",45.701694,5.883461,10,16.5,22,270,null
"2019-03-10T22:32:25.000Z",45.701694,5.883461,15,20.5,28,270,null
"2019-03-10T22:36:25.000Z",45.701694,5.883461,17.5,23.5,31,292.5,null
"2019-03-10T22:40:25.000Z",45.701694,5.883461,18,22,27,292.5,null
"2019-03-10T22:44:29.000Z",45.701694,5.883461,15.5,20.5,25.5,292.5,null
"2019-03-10T22:48:29.000Z",45.701694,5.883461,19,23.5,29.5,292.5,null
"2019-03-10T22:52:29.000Z",45.701694,5.883461,13,20,25.5,292.5,null
"2019-03-10T22:56:32.000Z",45.701694,5.883461,12,20,29.5,315,null
"2019-03-10T23:00:32.000Z",45.701694,5.883461,7.25,15.5,22.5,315,null
"2019-03-10T23:04:32.000Z",45.701694,5.883461,8.25,13,15.5,292.5,null
"2019-03-10T23:08:37.000Z",45.701694,5.883461,3.5,14,24,315,null
"2019-03-10T23:12:37.000Z",45.701694,5.883461,9.5,12.5,16.5,315,null
"2019-03-10T23:16:37.000Z",45.701694,5.883461,11,16,21.5,315,null
"2019-03-10T23:20:41.000Z",45.701694,5.883461,8,12.5,15.5,315,null
"2019-03-10T23:24:41.000Z",45.701694,5.883461,4.25,9,13.5,337.5,null
"2019-03-10T23:28:41.000Z",45.701694,5.883461,2,5.75,9,0,null
"2019-03-10T23:32:45.000Z",45.701694,5.883461,3.5,6.5,10.5,0,null
"2019-03-10T23:36:45.000Z",45.701694,5.883461,0.25,2.5,4.75,0,null
"2019-03-10T23:40:45.000Z",45.701694,5.883461,0.75,7,16,315,null
"2019-03-10T23:44:49.000Z",45.701694,5.883461,1,7.75,15,315,null
"2019-03-10T23:48:49.000Z",45.701694,5.883461,5.25,7.75,13.5,337.5,null
"2019-03-10T23:52:49.000Z",45.701694,5.883461,2,5.5,10.5,22.5,null
"2019-03-10T23:56:53.000Z",45.701694,5.883461,0,1,2.5,67.5,null
"2019-03-11T00:00:53.000Z",45.701694,5.883461,0,0,2,90,null
"2019-03-11T00:04:53.000Z",45.701694,5.883461,1.5,2.5,4.5,135,null
"2019-03-11T00:08:57.000Z",45.701694,5.883461,0,3.25,8.25,157.5,null
"2019-03-11T00:12:57.000Z",45.701694,5.883461,0.25,3.25,6.25,270,null
"2019-03-11T00:16:57.000Z",45.701694,5.883461,0,2.25,7,270,null
"2019-03-11T00:21:39.000Z",45.701694,5.883461,2.75,7.75,10,247.5,null
"2019-03-11T00:25:39.000Z",45.701694,5.883461,6.25,9.5,12.5,247.5,null
"2019-03-11T00:29:39.000Z",45.701694,5.883461,4.75,9.5,15,270,null
"2019-03-11T00:33:44.000Z",45.701694,5.883461,2,5.75,11.5,247.5,null
"2019-03-11T00:37:44.000Z",45.701694,5.883461,3.25,7,14,292.5,null
"2019-03-11T00:41:44.000Z",45.701694,5.883461,12.5,18.5,29,292.5,null
"2019-03-11T00:45:47.000Z",45.701694,5.883461,7,16.5,22.5,292.5,null
"2019-03-11T00:49:47.000Z",45.701694,5.883461,6.25,12,18.5,315,null
"2019-03-11T00:53:47.000Z",45.701694,5.883461,1,6.75,10,337.5,null
"2019-03-11T00:57:51.000Z",45.701694,5.883461,2,4.25,6.5,0,null
"2019-03-11T01:01:51.000Z",45.701694,5.883461,1.5,4.75,7.25,22.5,null
"2019-03-11T01:05:51.000Z",45.701694,5.883461,0,6,11.5,22.5,null
"2019-03-11T01:09:55.000Z",45.701694,5.883461,5.25,9.25,12,22.5,null
"2019-03-11T01:13:55.000Z",45.701694,5.883461,5.5,8.5,12,0,null
"2019-03-11T01:17:55.000Z",45.701694,5.883461,7.75,10,12,22.5,null
"2019-03-11T01:22:00.000Z",45.701694,5.883461,6,8.75,12,0,null
"2019-03-11T01:26:00.000Z",45.701694,5.883461,6.25,10,15.5,0,null
"2019-03-11T01:30:00.000Z",45.701694,5.883461,2.75,6,8.75,0,null
"2019-03-11T01:34:03.000Z",45.701694,5.883461,4.5,6.75,8.25,0,null
"2019-03-11T01:38:03.000Z",45.701694,5.883461,4.25,7.25,10.5,0,null
"2019-03-11T01:42:03.000Z",45.701694,5.883461,3.5,7.5,9.5,0,null
"2019-03-11T01:46:08.000Z",45.701694,5.883461,1.75,3.5,5.25,0,null
"2019-03-11T01:50:08.000Z",45.701694,5.883461,0,2,4.5,22.5,null
"2019-03-11T01:54:08.000Z",45.701694,5.883461,0,0.5,3.25,22.5,null
"2019-03-11T01:58:12.000Z",45.701694,5.883461,0,0,1,135,null
"2019-03-11T02:02:12.000Z",45.701694,5.883461,0,0.25,1.5,225,null
"2019-03-11T02:06:12.000Z",45.701694,5.883461,0,0.25,1.75,157.5,null
"2019-03-11T02:10:15.000Z",45.701694,5.883461,0,1.5,2.5,135,null
"2019-03-11T02:14:15.000Z",45.701694,5.883461,1.5,2.25,3.25,112.5,null
"2019-03-11T02:18:15.000Z",45.701694,5.883461,0,0.75,2.5,135,null
"2019-03-11T02:22:19.000Z",45.701694,5.883461,0,0,0,112.5,null
"2019-03-11T02:26:19.000Z",45.701694,5.883461,0,2,4.25,112.5,null
"2019-03-11T02:30:19.000Z",45.701694,5.883461,0,2,4.75,112.5,null
"2019-03-11T02:34:24.000Z",45.701694,5.883461,0,0.5,3.75,292.5,null
"2019-03-11T02:38:24.000Z",45.701694,5.883461,2.5,3.25,4.25,270,null
"2019-03-11T02:42:24.000Z",45.701694,5.883461,0,2.25,5.5,270,null
"2019-03-11T02:46:28.000Z",45.701694,5.883461,0,1,2.75,270,null
"2019-03-11T02:50:28.000Z",45.701694,5.883461,0.25,2.75,4.5,270,null
"2019-03-11T02:54:28.000Z",45.701694,5.883461,0.25,2,3.25,247.5,null
"2019-03-11T02:58:32.000Z",45.701694,5.883461,0,0,0,180,null
"2019-03-11T03:02:32.000Z",45.701694,5.883461,0,0.5,1.75,157.5,null
"2019-03-11T03:06:32.000Z",45.701694,5.883461,0,0.25,1.5,157.5,null
"2019-03-11T03:10:36.000Z",45.701694,5.883461,0,0.75,1.75,135,null
"2019-03-11T03:14:36.000Z",45.701694,5.883461,0.75,2.5,4.25,67.5,null
"2019-03-11T03:18:36.000Z",45.701694,5.883461,1.75,2.5,3.75,67.5,null
"2019-03-11T03:22:39.000Z",45.701694,5.883461,0.25,2,4.75,45,null
"2019-03-11T03:26:39.000Z",45.701694,5.883461,0.75,1.75,3.75,45,null
"2019-03-11T03:30:39.000Z",45.701694,5.883461,0,1,2.5,67.5,null
"2019-03-11T03:34:44.000Z",45.701694,5.883461,0.25,3,6,315,null
"2019-03-11T03:38:44.000Z",45.701694,5.883461,0.75,2.75,4.5,337.5,null
"2019-03-11T03:42:44.000Z",45.701694,5.883461,0,2.25,6.5,337.5,null
"2019-03-11T03:46:48.000Z",45.701694,5.883461,1,3,4.5,0,null
"2019-03-11T03:50:48.000Z",45.701694,5.883461,0.75,2.75,6,0,null
"2019-03-11T03:54:48.000Z",45.701694,5.883461,7.25,16,20,292.5,null
"2019-03-11T03:58:52.000Z",45.701694,5.883461,8.75,14,18,292.5,null
"2019-03-11T04:02:52.000Z",45.701694,5.883461,12,15,18.5,292.5,null
"2019-03-11T04:06:52.000Z",45.701694,5.883461,9.75,14,17,292.5,null
"2019-03-11T04:10:56.000Z",45.701694,5.883461,10.5,14,17,270,null
"2019-03-11T04:14:56.000Z",45.701694,5.883461,6.5,10,13,292.5,null
"2019-03-11T04:18:56.000Z",45.701694,5.883461,6.5,11,15,270,null
"2019-03-11T04:23:00.000Z",45.701694,5.883461,11,13.5,16,270,null
"2019-03-11T04:27:00.000Z",45.701694,5.883461,7.25,10,14.5,270,null
"2019-03-11T04:31:00.000Z",45.701694,5.883461,8.25,13.5,17,270,null
"2019-03-11T04:35:04.000Z",45.701694,5.883461,8.25,12,15.5,292.5,null
"2019-03-11T04:39:04.000Z",45.701694,5.883461,10,14.5,21.5,292.5,null
"2019-03-11T04:43:04.000Z",45.701694,5.883461,10.5,15,19.5,270,null
"2019-03-11T04:47:08.000Z",45.701694,5.883461,12,14.5,16.5,270,null
"2019-03-11T04:51:08.000Z",45.701694,5.883461,9,12,15.5,270,null
"2019-03-11T04:55:08.000Z",45.701694,5.883461,9,13,16,270,null
"2019-03-11T04:59:13.000Z",45.701694,5.883461,3.75,15,21.5,270,null
"2019-03-11T05:03:13.000Z",45.701694,5.883461,2.5,11.5,17,270,null
"2019-03-11T05:07:13.000Z",45.701694,5.883461,8,12.5,16,247.5,null
"2019-03-11T05:11:17.000Z",45.701694,5.883461,9.5,11.5,15.5,225,null
"2019-03-11T05:15:17.000Z",45.701694,5.883461,9,11,13,225,null
"2019-03-11T05:19:17.000Z",45.701694,5.883461,11,12,13.5,225,null
"2019-03-11T05:23:20.000Z",45.701694,5.883461,7.75,9.25,11.5,225,null
"2019-03-11T05:27:20.000Z",45.701694,5.883461,7.25,9.5,11.5,225,null
"2019-03-11T05:31:20.000Z",45.701694,5.883461,3.75,6.75,9.5,202.5,null
"2019-03-11T05:35:25.000Z",45.701694,5.883461,1.5,4.25,6.5,157.5,null
"2019-03-11T05:39:25.000Z",45.701694,5.883461,2.75,4.5,6.5,112.5,null
"2019-03-11T05:43:25.000Z",45.701694,5.883461,0,0.75,4.5,90,null
"2019-03-11T05:47:29.000Z",45.701694,5.883461,1,5.75,9,112.5,null
"2019-03-11T05:51:29.000Z",45.701694,5.883461,0,2.5,8.25,90,null
"2019-03-11T05:55:29.000Z",45.701694,5.883461,4.5,7.5,10,22.5,null
"2019-03-11T05:59:33.000Z",45.701694,5.883461,3.5,6.5,10.5,337.5,null
"2019-03-11T06:03:33.000Z",45.701694,5.883461,6.5,10,16,315,null
"2019-03-11T06:07:33.000Z",45.701694,5.883461,6,13.5,24.5,292.5,null
"2019-03-11T06:11:36.000Z",45.701694,5.883461,16.5,22,27.5,270,null
"2019-03-11T06:15:36.000Z",45.701694,5.883461,10.5,18,28,270,null
"2019-03-11T06:19:36.000Z",45.701694,5.883461,15.5,25,39.5,292.5,null
"2019-03-11T06:23:41.000Z",45.701694,5.883461,9.75,23.5,39,315,null
"2019-03-11T06:27:41.000Z",45.701694,5.883461,19,24.5,33.5,270,null
"2019-03-11T06:31:41.000Z",45.701694,5.883461,9,19,27.5,270,null
"2019-03-11T06:35:45.000Z",45.701694,5.883461,11.5,26.5,45,247.5,null
"2019-03-11T06:39:45.000Z",45.701694,5.883461,17,23.5,32,247.5,null
"2019-03-11T06:43:45.000Z",45.701694,5.883461,15,19.5,26,225,null
"2019-03-11T06:47:48.000Z",45.701694,5.883461,3.25,9.75,18,180,null
"2019-03-11T06:51:48.000Z",45.701694,5.883461,1.75,4.5,8.75,135,null
"2019-03-11T06:55:48.000Z",45.701694,5.883461,0.75,5.25,12.5,157.5,null
"2019-03-11T06:59:53.000Z",45.701694,5.883461,9,12.5,15.5,202.5,null
"2019-03-11T07:03:53.000Z",45.701694,5.883461,7.75,9.5,11,225,null
"2019-03-11T07:07:53.000Z",45.701694,5.883461,3.5,7.75,10,202.5,null
"2019-03-11T07:11:57.000Z",45.701694,5.883461,0,4.5,9.75,90,null
"2019-03-11T07:15:57.000Z",45.701694,5.883461,1,5.5,8,45,null
"2019-03-11T07:19:57.000Z",45.701694,5.883461,0,1,3.75,135,null
"2019-03-11T07:24:01.000Z",45.701694,5.883461,0,4.5,6.5,202.5,null
"2019-03-11T07:28:01.000Z",45.701694,5.883461,1.75,3.75,8,180,null
"2019-03-11T07:32:01.000Z",45.701694,5.883461,6.5,11,14.5,202.5,null
"2019-03-11T07:36:05.000Z",45.701694,5.883461,7.25,9.5,13,202.5,null
"2019-03-11T07:40:05.000Z",45.701694,5.883461,5.25,7.25,10,202.5,null
"2019-03-11T07:44:05.000Z",45.701694,5.883461,6.25,8,10.5,225,null
"2019-03-11T07:48:09.000Z",45.701694,5.883461,2,6,7.75,202.5,null
"2019-03-11T07:52:09.000Z",45.701694,5.883461,4.25,11.5,14.5,202.5,null
"2019-03-11T07:56:09.000Z",45.701694,5.883461,7.25,9.25,12,180,null
"2019-03-11T08:00:13.000Z",45.701694,5.883461,0,7.5,15,157.5,null
"2019-03-11T08:04:13.000Z",45.701694,5.883461,0,4,9,22.5,null
"2019-03-11T08:08:13.000Z",45.701694,5.883461,0,2.75,7.25,270,null
"2019-03-11T08:12:17.000Z",45.701694,5.883461,4.75,8,12.5,202.5,null
"2019-03-11T08:16:17.000Z",45.701694,5.883461,3.5,7.5,12.5,202.5,null
"2019-03-11T08:20:17.000Z",45.701694,5.883461,2,4.25,7,180,null
"2019-03-11T08:24:21.000Z",45.701694,5.883461,1.75,4.5,8.75,112.5,null
"2019-03-11T08:28:21.000Z",45.701694,5.883461,1.5,7,16,90,null
"2019-03-11T08:32:21.000Z",45.701694,5.883461,2,7.25,12.5,112.5,null
"2019-03-11T08:36:26.000Z",45.701694,5.883461,0,16,41,225,null
"2019-03-11T08:40:26.000Z",45.701694,5.883461,6,15,41.5,247.5,null
"2019-03-11T08:44:26.000Z",45.701694,5.883461,6.5,15.5,38.5,315,null
"2019-03-11T08:48:29.000Z",45.701694,5.883461,1.5,11,32.5,337.5,null
"2019-03-11T08:52:29.000Z",45.701694,5.883461,1.5,6.5,14.5,315,null
"2019-03-11T08:56:29.000Z",45.701694,5.883461,0,2.75,7,180,null
"2019-03-11T09:00:34.000Z",45.701694,5.883461,3.25,12,21.5,247.5,null
"2019-03-11T09:04:34.000Z",45.701694,5.883461,0,11,21,225,null
"2019-03-11T09:08:34.000Z",45.701694,5.883461,7.25,14.5,21,225,null
"2019-03-11T09:12:38.000Z",45.701694,5.883461,0,7.75,21,202.5,null
"2019-03-11T09:16:38.000Z",45.701694,5.883461,4.5,12,30.5,0,null
"2019-03-11T09:20:38.000Z",45.701694,5.883461,0,8.5,30.5,45,null
"2019-03-11T09:24:42.000Z",45.701694,5.883461,3.5,7,12,22.5,null
"2019-03-11T09:28:42.000Z",45.701694,5.883461,0,4.25,12,292.5,null
"2019-03-11T09:32:42.000Z",45.701694,5.883461,0.25,11,28,337.5,null
"2019-03-11T09:36:46.000Z",45.701694,5.883461,8.25,13.5,21.5,337.5,null
"2019-03-11T09:40:46.000Z",45.701694,5.883461,0,4.5,12,337.5,null
"2019-03-11T09:44:46.000Z",45.701694,5.883461,6.5,9.75,15.5,22.5,null
"2019-03-11T09:48:50.000Z",45.701694,5.883461,5.25,8.25,13,22.5,null
"2019-03-11T09:52:50.000Z",45.701694,5.883461,2,7,15,67.5,null
"2019-03-11T09:56:50.000Z",45.701694,5.883461,2.75,11,20,135,null
"2019-03-11T10:00:54.000Z",45.701694,5.883461,0,9.25,32.5,0,null
"2019-03-11T10:04:54.000Z",45.701694,5.883461,2,17,41,337.5,null
"2019-03-11T10:08:54.000Z",45.701694,5.883461,2.75,13,22.5,0,null
"2019-03-11T10:12:58.000Z",45.701694,5.883461,0.25,8.5,16,45,null
"2019-03-11T10:16:58.000Z",45.701694,5.883461,2.75,9.5,27,270,null
"2019-03-11T10:20:58.000Z",45.701694,5.883461,1.5,11.5,19.5,67.5,null
"2019-03-11T10:25:02.000Z",45.701694,5.883461,3.5,15,38,0,null
"2019-03-11T10:29:02.000Z",45.701694,5.883461,10.5,21,32.5,337.5,null
"2019-03-11T10:33:02.000Z",45.701694,5.883461,4.25,14.5,28,270,null
"2019-03-11T10:37:06.000Z",45.701694,5.883461,0,4.5,15.5,112.5,null
"2019-03-11T10:41:06.000Z",45.701694,5.883461,0,1.75,5.5,315,null
"2019-03-11T10:45:06.000Z",45.701694,5.883461,0,6.75,21,0,null
"2019-03-11T10:49:10.000Z",45.701694,5.883461,5.25,17.5,31.5,45,null
"2019-03-11T10:53:10.000Z",45.701694,5.883461,4.25,16,24.5,45,null
"2019-03-11T10:57:10.000Z",45.701694,5.883461,0.25,7.5,16.5,45,null
"2019-03-11T11:01:14.000Z",45.701694,5.883461,0,8.75,20,337.5,null
"2019-03-11T11:05:14.000Z",45.701694,5.883461,5.5,13.5,23.5,180,null
"2019-03-11T11:09:14.000Z",45.701694,5.883461,0,3,8.25,112.5,null
"2019-03-11T11:13:18.000Z",45.701694,5.883461,4.75,9.25,13,202.5,null
"2019-03-11T11:17:18.000Z",45.701694,5.883461,4.5,7.25,10,225,null
"2019-03-11T11:21:18.000Z",45.701694,5.883461,4.25,10.5,20.5,157.5,null
"2019-03-11T11:25:22.000Z",45.701694,5.883461,8,12.5,18,225,null
"2019-03-11T11:29:22.000Z",45.701694,5.883461,3.25,6.75,11,270,null
"2019-03-11T11:33:22.000Z",45.701694,5.883461,1.75,8.25,16.5,135,null
"2019-03-11T11:37:26.000Z",45.701694,5.883461,4.5,21,29,337.5,null
"2019-03-11T11:41:26.000Z",45.701694,5.883461,8.25,20,29.5,337.5,null
"2019-03-11T11:45:26.000Z",45.701694,5.883461,7.25,19.5,32.5,0,null
"2019-03-11T11:49:30.000Z",45.701694,5.883461,0.75,8.75,24.5,22.5,null
"2019-03-11T11:53:30.000Z",45.701694,5.883461,9.75,20.5,31.5,337.5,null
"2019-03-11T11:57:30.000Z",45.701694,5.883461,20.5,46,71.5,337.5,null
"2019-03-11T12:10:15.000Z",45.701642,5.883521,28,35,45,337.5,null
"2019-03-11T12:14:15.000Z",45.701642,5.883521,21.5,28,38,337.5,null
"2019-03-11T12:18:15.000Z",45.701642,5.883521,22,28,37.5,337.5,null
"2019-03-11T12:22:19.000Z",45.701642,5.883521,15,23.5,33,0,null
"2019-03-11T12:26:19.000Z",45.701642,5.883521,17,22.5,25.5,0,null
"2019-03-11T12:30:19.000Z",45.701642,5.883521,11,16.5,21,22.5,null
"2019-03-11T12:34:23.000Z",45.701642,5.883521,9.75,16,21.5,22.5,null
"2019-03-11T12:38:23.000Z",45.701642,5.883521,8.25,13,20.5,22.5,null
"2019-03-11T12:42:23.000Z",45.701642,5.883521,7.25,12.5,19,22.5,null
"2019-03-11T12:46:27.000Z",45.701642,5.883521,6,11.5,16.5,22.5,null
"2019-03-11T12:50:27.000Z",45.701642,5.883521,7,12.5,21,22.5,null
"2019-03-11T12:54:27.000Z",45.701642,5.883521,8.25,12,16.5,0,null
"2019-03-11T12:59:21.000Z",45.701642,5.883521,3.5,6.75,10.5,0,null
"2019-03-11T13:03:21.000Z",45.701642,5.883521,3.25,6.5,11,22.5,null
"2019-03-11T13:07:21.000Z",45.701645,5.883437,1.5,7.25,13,22.5,null
"2019-03-11T13:11:24.000Z",45.701645,5.883437,3.25,5.5,7.75,337.5,null
"2019-03-11T13:15:24.000Z",45.701645,5.883437,5.5,7,8.75,270,null
"2019-03-11T13:19:24.000Z",45.701645,5.883437,4.5,6.25,7.75,247.5,null
"2019-03-11T13:23:28.000Z",45.701645,5.883437,0,2,5,247.5,null
"2019-03-11T13:27:28.000Z",45.701645,5.883437,1.75,4.25,6.5,225,null
"2019-03-11T13:31:28.000Z",45.701645,5.883437,0,3,10,247.5,null
"2019-03-11T13:35:33.000Z",45.701645,5.883437,8.25,19,30,292.5,null
"2019-03-11T13:39:33.000Z",45.701645,5.883437,3.25,14,24,292.5,null
"2019-03-11T13:43:33.000Z",45.701645,5.883437,0,8,15.5,0,null
"2019-03-11T13:47:37.000Z",45.701645,5.883437,7.75,21,46.5,337.5,null
"2019-03-11T13:51:37.000Z",45.701645,5.883437,33.5,46.5,64,315,null
"2019-03-11T13:55:37.000Z",45.701645,5.883437,29.5,45,63.5,337.5,null
"2019-03-11T14:05:08.000Z",45.701714,5.883533,26,34.5,42,337.5,null
"2019-03-11T14:09:08.000Z",45.701714,5.883533,24.5,33,40.5,337.5,null
"2019-03-11T14:13:08.000Z",45.701714,5.883533,27,34,42.5,337.5,null
"2019-03-11T14:17:13.000Z",45.701714,5.883533,23.5,30.5,37,337.5,null
"2019-03-11T14:21:13.000Z",45.701714,5.883533,22,28,36.5,337.5,null
"2019-03-11T14:25:13.000Z",45.701714,5.883533,21,25.5,29,337.5,null
"2019-03-11T14:29:17.000Z",45.701714,5.883533,15,22.5,31.5,337.5,null
"2019-03-11T14:33:17.000Z",45.701714,5.883533,13,18,23,337.5,null
"2019-03-11T14:37:17.000Z",45.701714,5.883533,5.25,11,16,337.5,null
"2019-03-11T14:41:21.000Z",45.701714,5.883533,1.75,6.75,12,45,null
"2019-03-11T14:45:21.000Z",45.701714,5.883533,1,9.75,16.5,67.5,null
"2019-03-11T14:49:21.000Z",45.701714,5.883533,1,6,12,45,null
"2019-03-11T14:54:17.000Z",45.701714,5.883533,1,5.25,10,22.5,null
"2019-03-11T14:58:17.000Z",45.701714,5.883533,1.75,6,12.5,337.5,null
"2019-03-11T15:02:17.000Z",45.701607,5.88347,4.25,6.25,9.75,0,null
"2019-03-11T15:06:21.000Z",45.701607,5.88347,4.75,7.75,10,337.5,null
"2019-03-11T15:10:21.000Z",45.701607,5.88347,2.75,7.25,10.5,0,null
"2019-03-11T15:14:21.000Z",45.701607,5.88347,1.75,5.75,9.5,0,null
"2019-03-11T15:18:25.000Z",45.701607,5.88347,2,6.25,8.75,337.5,null
"2019-03-11T15:22:25.000Z",45.701607,5.88347,0.25,2,3.25,0,null
"2019-03-11T15:26:25.000Z",45.701607,5.88347,2.5,4.5,6.25,337.5,null
"2019-03-11T15:30:29.000Z",45.701607,5.88347,2,4,5.5,22.5,null
"2019-03-11T15:34:29.000Z",45.701607,5.88347,3.25,8,13,22.5,null
"2019-03-11T15:38:29.000Z",45.701607,5.88347,4.25,6.75,11,22.5,null
"2019-03-11T15:42:33.000Z",45.701607,5.88347,6.25,9,12,0,null
"2019-03-11T15:46:33.000Z",45.701607,5.88347,5.25,9.25,13,337.5,null
"2019-03-11T15:50:33.000Z",45.701607,5.88347,6.25,9.25,12,0,null
"2019-03-11T15:54:37.000Z",45.701607,5.88347,3.25,7,13,0,null
"2019-03-11T15:58:37.000Z",45.701607,5.88347,0.25,6.5,13,0,null
"2019-03-11T16:02:37.000Z",45.701607,5.88347,3.25,9.75,13.5,0,null
"2019-03-11T16:06:41.000Z",45.701607,5.88347,5,10,14,337.5,null
"2019-03-11T16:10:41.000Z",45.701607,5.88347,6.5,10,13,337.5,null
"2019-03-11T16:14:41.000Z",45.701607,5.88347,4.25,6.5,9,0,null
"2019-03-11T16:18:45.000Z",45.701607,5.88347,3.5,5.25,8.25,22.5,null
"2019-03-11T16:22:45.000Z",45.701607,5.88347,0,1.5,4.5,67.5,null
"2019-03-11T16:26:45.000Z",45.701607,5.88347,0,2.25,4.75,0,null
"2019-03-11T16:30:50.000Z",45.701607,5.88347,0.5,4,7.75,0,null
"2019-03-11T16:34:50.000Z",45.701607,5.88347,0.25,2.5,5.5,22.5,null
"2019-03-11T16:38:50.000Z",45.701607,5.88347,0.25,2.25,4.5,45,null
"2019-03-11T16:42:53.000Z",45.701607,5.88347,0,3.5,6,0,null
"2019-03-11T16:46:53.000Z",45.701607,5.88347,3.25,5.75,10.5,22.5,null
"2019-03-11T16:50:53.000Z",45.701607,5.88347,2.5,6.75,11,22.5,null
"2019-03-11T16:54:57.000Z",45.701607,5.88347,2.5,5,9.75,22.5,null
"2019-03-11T16:58:57.000Z",45.701607,5.88347,0.25,3.25,7.75,22.5,null
"2019-03-11T17:02:57.000Z",45.701607,5.88347,2.5,5,7.25,22.5,null
"2019-03-11T17:07:02.000Z",45.701607,5.88347,1,4.5,6.5,22.5,null
"2019-03-11T17:11:02.000Z",45.701607,5.88347,1.75,4.5,7.75,22.5,null
"2019-03-11T17:15:02.000Z",45.701607,5.88347,1.5,3,4.5,22.5,null
"2019-03-11T17:19:05.000Z",45.701607,5.88347,2.75,5,7.75,45,null
"2019-03-11T17:23:05.000Z",45.701607,5.88347,4.25,6.5,9.75,45,null
"2019-03-11T17:27:05.000Z",45.701607,5.88347,3.25,6.75,9.5,45,null
"2019-03-11T17:31:10.000Z",45.701607,5.88347,1.5,5,9,45,null
"2019-03-11T17:35:10.000Z",45.701607,5.88347,1.75,4.25,7,45,null
"2019-03-11T17:39:10.000Z",45.701607,5.88347,1.5,4.5,7.25,45,null
"2019-03-11T17:43:14.000Z",45.701607,5.88347,3.5,6.5,11,67.5,null
"2019-03-11T17:47:14.000Z",45.701607,5.88347,0.75,5.25,11,67.5,null
"2019-03-11T17:51:14.000Z",45.701607,5.88347,0.75,3.25,6.5,67.5,null
"2019-03-11T17:55:18.000Z",45.701607,5.88347,0,3.25,6.5,67.5,null
"2019-03-11T17:59:18.000Z",45.701607,5.88347,0,2.25,6.25,67.5,null
"2019-03-11T18:03:18.000Z",45.701607,5.88347,0.25,2.25,5.25,67.5,null
"2019-03-11T18:07:21.000Z",45.701607,5.88347,0,0.75,2.5,67.5,null
"2019-03-11T18:11:21.000Z",45.701607,5.88347,0,2.25,4.75,45,null
"2019-03-11T18:15:21.000Z",45.701607,5.88347,0,3.75,7.25,0,null
"2019-03-11T18:19:25.000Z",45.701607,5.88347,4.75,7.75,10.5,0,null
"2019-03-11T18:23:25.000Z",45.701607,5.88347,7.25,9,11,0,null
"2019-03-11T18:27:25.000Z",45.701607,5.88347,4.75,9.5,12.5,22.5,null
"2019-03-11T18:31:30.000Z",45.701607,5.88347,7.25,12.5,26,0,null
"2019-03-11T18:35:30.000Z",45.701607,5.88347,19,24,31,0,null
"2019-03-11T18:39:30.000Z",45.701607,5.88347,21,25.5,31.5,337.5,null
"2019-03-11T18:43:34.000Z",45.701607,5.88347,18,22.5,28.5,337.5,null
"2019-03-11T18:47:34.000Z",45.701607,5.88347,16.5,22,28,337.5,null
"2019-03-11T18:51:34.000Z",45.701607,5.88347,18.5,23.5,29.5,315,null
"2019-03-11T18:55:38.000Z",45.701607,5.88347,13,18,22,337.5,null
"2019-03-11T18:59:38.000Z",45.701607,5.88347,11,16.5,19.5,315,null
"2019-03-11T19:03:38.000Z",45.701607,5.88347,11,13.5,17,315,null
"2019-03-11T19:07:42.000Z",45.701607,5.88347,11,13.5,16.5,337.5,null
"2019-03-11T19:11:42.000Z",45.701607,5.88347,9.75,13,16,0,null
"2019-03-11T19:15:42.000Z",45.701607,5.88347,9.75,12,13,0,null
"2019-03-11T19:19:46.000Z",45.701607,5.88347,7,10.5,12.5,0,null
"2019-03-11T19:23:46.000Z",45.701607,5.88347,4.25,7.75,10.5,22.5,null
"2019-03-11T19:27:46.000Z",45.701607,5.88347,3.5,6.75,9.75,45,null
"2019-03-11T19:31:50.000Z",45.701607,5.88347,2.75,5.75,9,67.5,null
"2019-03-11T19:35:50.000Z",45.701607,5.88347,0.25,2.75,7,90,null
"2019-03-11T19:39:50.000Z",45.701607,5.88347,0,2,4.5,112.5,null
"2019-03-11T19:43:55.000Z",45.701607,5.88347,0,7.75,12,180,null
"2019-03-11T19:47:55.000Z",45.701607,5.88347,8,9.5,12,225,null
"2019-03-11T19:51:55.000Z",45.701607,5.88347,6.5,8.75,11,225,null
"2019-03-11T19:55:58.000Z",45.701607,5.88347,7.25,9,11.5,225,null
"2019-03-11T19:59:58.000Z",45.701607,5.88347,9,12.5,16,225,null
"2019-03-11T20:03:58.000Z",45.701607,5.88347,11.5,14.5,18,225,null
"2019-03-11T20:08:02.000Z",45.701607,5.88347,11,14.5,16,225,null
"2019-03-11T20:12:02.000Z",45.701607,5.88347,12,14.5,17.5,202.5,null
"2019-03-11T20:16:02.000Z",45.701607,5.88347,10.5,15.5,18,180,null
"2019-03-11T20:20:06.000Z",45.701607,5.88347,6.25,13,18,180,null
"2019-03-11T20:24:06.000Z",45.701607,5.88347,4.5,10.5,16.5,180,null
"2019-03-11T20:28:06.000Z",45.701607,5.88347,7.25,12.5,15,180,null
"2019-03-11T20:32:10.000Z",45.701607,5.88347,1,5.75,12.5,157.5,null
"2019-03-11T20:36:10.000Z",45.701607,5.88347,1.75,4.75,9.5,135,null
"2019-03-11T20:40:10.000Z",45.701607,5.88347,0,3.5,8,157.5,null
"2019-03-11T20:44:15.000Z",45.701607,5.88347,0,1.5,3.25,112.5,null
"2019-03-11T20:48:15.000Z",45.701607,5.88347,0,1,3.25,112.5,null
"2019-03-11T20:52:15.000Z",45.701607,5.88347,0.75,3,4.5,157.5,null
"2019-03-11T20:56:18.000Z",45.701607,5.88347,0,1.75,3.25,90,null
"2019-03-11T21:00:18.000Z",45.701607,5.88347,0,1.75,3.25,67.5,null
"2019-03-11T21:04:18.000Z",45.701607,5.88347,0.25,2.25,4.5,90,null
"2019-03-11T21:08:23.000Z",45.701607,5.88347,0,0,0.5,90,null
"2019-03-11T21:12:23.000Z",45.701607,5.88347,0,0,0,157.5,null
"2019-03-11T21:16:23.000Z",45.701607,5.88347,0,0.25,1,90,null
"2019-03-11T21:20:26.000Z",45.701607,5.88347,0,0,0.5,90,null
"2019-03-11T21:24:26.000Z",45.701607,5.88347,0,0,0,112.5,null
"2019-03-11T21:28:26.000Z",45.701607,5.88347,0,0,1.5,90,null
"2019-03-11T21:32:31.000Z",45.701607,5.88347,1,1.75,3.25,90,null
"2019-03-11T21:36:31.000Z",45.701607,5.88347,1.5,2.25,3.25,90,null
"2019-03-11T21:40:31.000Z",45.701607,5.88347,0.25,1,2.5,67.5,null
"2019-03-11T21:44:35.000Z",45.701607,5.88347,1,1.5,2,67.5,null
"2019-03-11T21:48:35.000Z",45.701607,5.88347,1.5,3.75,6.5,67.5,null
"2019-03-11T21:52:35.000Z",45.701607,5.88347,1.5,4.5,7.25,67.5,null
"2019-03-11T21:56:38.000Z",45.701607,5.88347,1.75,4.25,6.5,67.5,null
"2019-03-11T22:00:38.000Z",45.701607,5.88347,0.25,1.75,4.25,90,null
"2019-03-11T22:04:38.000Z",45.701607,5.88347,1.5,3,5.25,90,null
"2019-03-11T22:08:42.000Z",45.701607,5.88347,0.75,2.5,3.5,135,null
"2019-03-11T22:12:42.000Z",45.701607,5.88347,2,3.25,4.25,157.5,null
"2019-03-11T22:16:42.000Z",45.701607,5.88347,1.75,4.25,6,157.5,null
"2019-03-11T22:20:47.000Z",45.701607,5.88347,1,3.75,6.5,135,null
"2019-03-11T22:24:47.000Z",45.701607,5.88347,0,1.75,6,157.5,null
"2019-03-11T22:28:47.000Z",45.701607,5.88347,7.25,10.5,13.5,202.5,null
"2019-03-11T22:32:51.000Z",45.701607,5.88347,7.25,10,12.5,202.5,null
"2019-03-11T22:36:51.000Z",45.701607,5.88347,2,6.25,8.75,180,null
"2019-03-11T22:40:51.000Z",45.701607,5.88347,1.5,6,9.5,157.5,null
"2019-03-11T22:44:55.000Z",45.701607,5.88347,2,3,4.75,90,null
"2019-03-11T22:48:55.000Z",45.701607,5.88347,2.75,4,5.25,90,null
"2019-03-11T22:52:55.000Z",45.701607,5.88347,0,2.5,4.75,90,null
"2019-03-11T22:56:59.000Z",45.701607,5.88347,0,2.25,7,90,null
"2019-03-11T23:00:59.000Z",45.701607,5.88347,1.5,3.5,5.5,90,null
"2019-03-11T23:04:59.000Z",45.701607,5.88347,0,3,7,90,null
"2019-03-11T23:09:03.000Z",45.701607,5.88347,2.75,4.25,6.5,90,null
"2019-03-11T23:13:03.000Z",45.701607,5.88347,0,2.75,6,90,null
"2019-03-11T23:17:03.000Z",45.701607,5.88347,0,0.25,2.75,112.5,null
"2019-03-11T23:21:08.000Z",45.701607,5.88347,0,2,3.25,157.5,null
"2019-03-11T23:25:08.000Z",45.701607,5.88347,0.25,1.75,3.25,112.5,null
"2019-03-11T23:29:08.000Z",45.701607,5.88347,1.75,3.5,6.25,112.5,null
"2019-03-11T23:33:11.000Z",45.701607,5.88347,0.75,2.5,3.75,90,null
"2019-03-11T23:37:11.000Z",45.701607,5.88347,1,2.5,6.25,135,null
"2019-03-11T23:41:11.000Z",45.701607,5.88347,0.75,3.75,7.25,135,null
"2019-03-11T23:45:16.000Z",45.701607,5.88347,0,1.75,3.75,112.5,null
"2019-03-11T23:49:16.000Z",45.701607,5.88347,0.25,2.75,6.5,112.5,null
"2019-03-11T23:53:16.000Z",45.701607,5.88347,1.5,4,6.5,90,null
"2019-03-11T23:57:20.000Z",45.701607,5.88347,1,3.5,7,112.5,null
"2019-03-12T00:01:20.000Z",45.701607,5.88347,2,5.5,8,90,null
"2019-03-12T00:05:20.000Z",45.701607,5.88347,1.75,4,6.25,90,null
"2019-03-12T00:09:23.000Z",45.701607,5.88347,0,1.75,5.5,90,null
"2019-03-12T00:13:23.000Z",45.701607,5.88347,0.75,2.75,5.5,90,null
"2019-03-12T00:17:23.000Z",45.701607,5.88347,1,3,6,90,null
"2019-03-12T00:21:28.000Z",45.701607,5.88347,1.5,3.5,6.5,90,null
"2019-03-12T00:25:28.000Z",45.701607,5.88347,1.5,4,7.25,90,null
"2019-03-12T00:29:28.000Z",45.701607,5.88347,1,3,5.5,135,null
"2019-03-12T00:33:32.000Z",45.701607,5.88347,0,1.5,3.75,112.5,null
"2019-03-12T00:37:32.000Z",45.701607,5.88347,1,2.5,4.25,90,null
"2019-03-12T00:41:32.000Z",45.701607,5.88347,1.5,2.75,3.5,90,null
"2019-03-12T00:45:36.000Z",45.701607,5.88347,1,2.25,3.5,90,null
"2019-03-12T00:49:36.000Z",45.701607,5.88347,1.5,3,4.75,90,null
"2019-03-12T00:53:36.000Z",45.701607,5.88347,1.75,3.25,4.5,90,null
"2019-03-12T00:57:40.000Z",45.701607,5.88347,2,3.25,4.5,90,null
"2019-03-12T01:01:40.000Z",45.701607,5.88347,2.5,4.25,5.5,90,null
"2019-03-12T01:05:40.000Z",45.701607,5.88347,3.25,4.25,5.25,67.5,null
"2019-03-12T01:09:44.000Z",45.701607,5.88347,0.75,3,4.5,90,null
"2019-03-12T01:13:44.000Z",45.701607,5.88347,3.5,4.75,6.5,67.5,null
"2019-03-12T01:17:44.000Z",45.701607,5.88347,2.5,4,6.25,90,null
"2019-03-12T01:21:48.000Z",45.701607,5.88347,0,2.5,6,90,null
"2019-03-12T01:25:48.000Z",45.701607,5.88347,0.75,2,3.5,112.5,null
"2019-03-12T01:29:48.000Z",45.701607,5.88347,1.5,2.75,4.75,112.5,null
"2019-03-12T01:33:52.000Z",45.701607,5.88347,2,3.25,4.5,112.5,null
"2019-03-12T01:37:52.000Z",45.701607,5.88347,3.25,4.25,6,90,null
"2019-03-12T01:41:52.000Z",45.701607,5.88347,1,2.25,3.5,90,null
"2019-03-12T01:45:56.000Z",45.701607,5.88347,0,0.25,1.75,112.5,null
"2019-03-12T01:49:56.000Z",45.701607,5.88347,0.25,3,4.75,112.5,null
"2019-03-12T01:53:56.000Z",45.701607,5.88347,0.75,3,4.75,90,null
"2019-03-12T01:58:00.000Z",45.701607,5.88347,2.5,4,5.25,90,null
"2019-03-12T02:02:00.000Z",45.701607,5.88347,0,1.5,3.25,90,null
"2019-03-12T02:06:00.000Z",45.701607,5.88347,0.25,1.5,2.5,90,null
"2019-03-12T02:10:04.000Z",45.701607,5.88347,0,0.75,1.75,67.5,null
"2019-03-12T02:14:04.000Z",45.701607,5.88347,0,0.75,2.75,90,null
"2019-03-12T02:18:04.000Z",45.701607,5.88347,0,0.5,2,90,null
"2019-03-12T02:22:08.000Z",45.701607,5.88347,0,0,0,135,null
"2019-03-12T02:26:08.000Z",45.701607,5.88347,0,0,0,112.5,null
"2019-03-12T02:30:08.000Z",45.701607,5.88347,0,0,0,90,null
"2019-03-12T02:34:12.000Z",45.701607,5.88347,0,0,0.75,67.5,null
"2019-03-12T02:38:12.000Z",45.701607,5.88347,0,0,1.5,67.5,null
"2019-03-12T02:42:12.000Z",45.701607,5.88347,0.25,1.5,2.75,67.5,null
"2019-03-12T02:46:17.000Z",45.701607,5.88347,0,0.75,2.25,45,null
"2019-03-12T02:50:17.000Z",45.701607,5.88347,0,0.75,2.75,22.5,null
"2019-03-12T02:54:17.000Z",45.701607,5.88347,0,1.25,4.25,67.5,null
"2019-03-12T02:58:21.000Z",45.701607,5.88347,2.5,4,4.5,90,null
"2019-03-12T03:02:21.000Z",45.701607,5.88347,1,2.5,4.5,90,null
"2019-03-12T03:06:21.000Z",45.701607,5.88347,0,1.5,2.5,90,null
"2019-03-12T03:10:24.000Z",45.701607,5.88347,0,1.5,4.25,112.5,null
"2019-03-12T03:14:24.000Z",45.701607,5.88347,2.5,4,6.25,90,null
"2019-03-12T03:18:24.000Z",45.701607,5.88347,2.5,3.75,5.5,90,null
"2019-03-12T03:22:29.000Z",45.701607,5.88347,0,1.5,3.75,112.5,null
"2019-03-12T03:26:29.000Z",45.701607,5.88347,0,1.25,2.75,157.5,null
"2019-03-12T03:30:29.000Z",45.701607,5.88347,0,0,0.75,112.5,null
"2019-03-12T03:34:33.000Z",45.701607,5.88347,0,0,0,90,null
"2019-03-12T03:38:33.000Z",45.701607,5.88347,0,2.5,4.25,90,null
"2019-03-12T03:42:33.000Z",45.701607,5.88347,2.5,3.75,4.75,90,null
"2019-03-12T03:46:36.000Z",45.701607,5.88347,2.75,4.5,6.25,112.5,null
"2019-03-12T03:50:36.000Z",45.701607,5.88347,0,3,4.5,112.5,null
"2019-03-12T03:54:36.000Z",45.701607,5.88347,0.25,2.5,6,112.5,null
"2019-03-12T03:58:41.000Z",45.701607,5.88347,0,3,5.5,112.5,null
"2019-03-12T04:02:41.000Z",45.701607,5.88347,1,2.5,4.25,112.5,null
"2019-03-12T04:06:41.000Z",45.701607,5.88347,1,2.5,4.5,135,null
"2019-03-12T04:10:44.000Z",45.701607,5.88347,0,2.25,3.75,112.5,null
"2019-03-12T04:14:44.000Z",45.701607,5.88347,0,0.5,3.25,135,null
"2019-03-12T04:18:44.000Z",45.701607,5.88347,0,2.5,4.75,180,null
"2019-03-12T04:22:49.000Z",45.701607,5.88347,0,0.25,2.25,157.5,null
"2019-03-12T04:26:49.000Z",45.701607,5.88347,0,2.25,3.75,135,null
"2019-03-12T04:30:49.000Z",45.701607,5.88347,1.5,4.5,6.25,135,null
"2019-03-12T04:34:53.000Z",45.701607,5.88347,1.25,4,6,112.5,null
"2019-03-12T04:38:53.000Z",45.701607,5.88347,1.5,3.25,5.25,135,null
"2019-03-12T04:42:53.000Z",45.701607,5.88347,2,4.25,7.25,135,null
"2019-03-12T04:46:56.000Z",45.701607,5.88347,0,4,7.25,112.5,null
"2019-03-12T04:50:56.000Z",45.701607,5.88347,1.75,4,7,112.5,null
"2019-03-12T04:54:56.000Z",45.701607,5.88347,0.75,3.25,6.5,135,null
"2019-03-12T04:59:01.000Z",45.701607,5.88347,1.5,3.5,5.5,157.5,null
"2019-03-12T05:03:01.000Z",45.701607,5.88347,2.5,3.75,6,157.5,null
"2019-03-12T05:07:01.000Z",45.701607,5.88347,1.75,4.75,8,135,null
"2019-03-12T05:11:05.000Z",45.701607,5.88347,1.75,4.5,13,157.5,null
"2019-03-12T05:15:05.000Z",45.701607,5.88347,2.75,6.5,10.5,157.5,null
"2019-03-12T05:19:05.000Z",45.701607,5.88347,2,4.75,8.75,135,null
"2019-03-12T05:23:08.000Z",45.701607,5.88347,2,5.5,9,157.5,null
"2019-03-12T05:27:08.000Z",45.701607,5.88347,2.75,6,9.75,157.5,null
"2019-03-12T05:31:08.000Z",45.701607,5.88347,1.5,4.75,7.75,157.5,null
"2019-03-12T05:35:13.000Z",45.701607,5.88347,0,2.5,6.25,112.5,null
"2019-03-12T05:39:13.000Z",45.701607,5.88347,0,2.75,6.25,90,null
"2019-03-12T05:43:13.000Z",45.701607,5.88347,0.75,2.75,6,112.5,null
"2019-03-12T05:47:17.000Z",45.701607,5.88347,3.25,5.25,8.75,112.5,null
"2019-03-12T05:51:17.000Z",45.701607,5.88347,1.75,4.25,7,90,null
"2019-03-12T05:55:17.000Z",45.701607,5.88347,0,2.5,6.25,112.5,null
"2019-03-12T05:59:21.000Z",45.701607,5.88347,0.25,4,7.25,112.5,null
"2019-03-12T06:03:21.000Z",45.701607,5.88347,2.75,4.75,8,112.5,null
"2019-03-12T06:07:21.000Z",45.701607,5.88347,0.75,3.75,8.75,112.5,null
"2019-03-12T06:11:25.000Z",45.701607,5.88347,0.75,3,5.5,112.5,null
"2019-03-12T06:15:25.000Z",45.701607,5.88347,1,3,5.25,90,null
"2019-03-12T06:19:25.000Z",45.701607,5.88347,0.75,4.75,8.75,90,null
"2019-03-12T06:23:29.000Z",45.701607,5.88347,3.25,5.75,7.75,90,null
"2019-03-12T06:27:29.000Z",45.701607,5.88347,2.75,5,7.75,90,null
"2019-03-12T06:31:29.000Z",45.701607,5.88347,3.25,5,7.75,90,null
"2019-03-12T06:35:33.000Z",45.701607,5.88347,3.5,5.75,8.75,90,null
"2019-03-12T06:39:33.000Z",45.701607,5.88347,2,6,11,90,null
"2019-03-12T06:43:33.000Z",45.701607,5.88347,1.5,5.75,9.5,90,null
"2019-03-12T06:47:38.000Z",45.701607,5.88347,1,5.25,11,90,null
"2019-03-12T06:51:38.000Z",45.701607,5.88347,0.25,3,7.25,90,null
"2019-03-12T06:55:38.000Z",45.701607,5.88347,0,1.5,4.5,90,null
"2019-03-12T06:59:41.000Z",45.701607,5.88347,1.5,3.25,6.5,90,null
"2019-03-12T07:03:41.000Z",45.701607,5.88347,0.75,4,7,90,null
"2019-03-12T07:07:41.000Z",45.701607,5.88347,1.75,3.75,6.25,112.5,null
"2019-03-12T07:11:45.000Z",45.701607,5.88347,1.5,4.25,7.75,112.5,null
"2019-03-12T07:15:45.000Z",45.701607,5.88347,2.5,5.5,9,112.5,null
"2019-03-12T07:19:45.000Z",45.701607,5.88347,2.5,5,7.25,90,null
"2019-03-12T07:23:49.000Z",45.701607,5.88347,0,2.75,4.5,90,null
"2019-03-12T07:27:49.000Z",45.701607,5.88347,0,2.75,6.25,90,null
"2019-03-12T07:31:49.000Z",45.701607,5.88347,0,2,4.75,90,null
"2019-03-12T07:35:53.000Z",45.701607,5.88347,2,5,8,67.5,null
"2019-03-12T07:39:53.000Z",45.701607,5.88347,0,1.75,4.5,90,null
"2019-03-12T07:43:53.000Z",45.701607,5.88347,0.25,2,5.25,90,null
"2019-03-12T07:47:57.000Z",45.701607,5.88347,0.25,2.75,5.25,90,null
"2019-03-12T07:51:57.000Z",45.701607,5.88347,0.25,3,6.5,135,null
"2019-03-12T07:55:57.000Z",45.701607,5.88347,0.75,3.25,6,135,null
"2019-03-12T08:00:02.000Z",45.701607,5.88347,1,4,7,157.5,null
"2019-03-12T08:04:02.000Z",45.701607,5.88347,0.25,3.25,8.25,157.5,null
"2019-03-12T08:08:02.000Z",45.701607,5.88347,0,3,6.25,157.5,null
"2019-03-12T08:12:05.000Z",45.701607,5.88347,0.25,4,7,202.5,null
"2019-03-12T08:16:05.000Z",45.701607,5.88347,0,3.75,7.25,180,null
"2019-03-12T08:20:05.000Z",45.701607,5.88347,1.5,4.25,7.25,180,null
"2019-03-12T08:24:10.000Z",45.701607,5.88347,3.75,6.75,8.25,202.5,null
"2019-03-12T08:28:10.000Z",45.701607,5.88347,5.25,7.25,9,202.5,null
"2019-03-12T08:32:10.000Z",45.701607,5.88347,4.75,7.5,9.5,202.5,null
"2019-03-12T08:36:14.000Z",45.701607,5.88347,5.5,7.5,9.5,202.5,null
"2019-03-12T08:40:14.000Z",45.701607,5.88347,4.5,6.5,8.75,202.5,null
"2019-03-12T08:44:14.000Z",45.701607,5.88347,4.25,7.25,10,180,null
"2019-03-12T08:48:18.000Z",45.701607,5.88347,3.5,6.75,9,180,null
"2019-03-12T08:52:18.000Z",45.701607,5.88347,1.75,7.75,11.5,180,null
"2019-03-12T08:56:18.000Z",45.701607,5.88347,2.5,8,12,157.5,null
"2019-03-12T09:00:21.000Z",45.701607,5.88347,2.5,7.5,13.5,157.5,null
"2019-03-12T09:04:21.000Z",45.701607,5.88347,2.5,8.25,13,157.5,null
"2019-03-12T09:08:21.000Z",45.701607,5.88347,3.25,9.75,18,180,null
"2019-03-12T09:12:26.000Z",45.701607,5.88347,6,12,17.5,157.5,null
"2019-03-12T09:16:26.000Z",45.701607,5.88347,7.75,13.5,17.5,180,null
"2019-03-12T09:20:26.000Z",45.701607,5.88347,5.25,12.5,17.5,157.5,null
"2019-03-12T09:24:30.000Z",45.701607,5.88347,7,13,18,157.5,null
"2019-03-12T09:28:30.000Z",45.701607,5.88347,7,14.5,18,180,null
"2019-03-12T09:32:30.000Z",45.701607,5.88347,6.5,13.5,20,157.5,null
"2019-03-12T09:36:34.000Z",45.701607,5.88347,7,12.5,18.5,157.5,null
"2019-03-12T09:40:34.000Z",45.701607,5.88347,2.75,10.5,16,157.5,null
"2019-03-12T09:44:34.000Z",45.701607,5.88347,5.25,12.5,19,157.5,null
"2019-03-12T09:48:39.000Z",45.701607,5.88347,4.5,13.5,20.5,157.5,null
"2019-03-12T09:52:39.000Z",45.701607,5.88347,7,13,20.5,157.5,null
"2019-03-12T09:56:39.000Z",45.701607,5.88347,5.25,10.5,16.5,157.5,null
"2019-03-12T10:00:42.000Z",45.701607,5.88347,4.5,12,20,157.5,null
"2019-03-12T10:04:42.000Z",45.701607,5.88347,1.75,9.5,16.5,157.5,null
"2019-03-12T10:08:42.000Z",45.701607,5.88347,10.5,18,26,180,null
"2019-03-12T10:12:46.000Z",45.701607,5.88347,9.75,17.5,22.5,180,null
"2019-03-12T10:16:46.000Z",45.701607,5.88347,9.5,19,24,180,null
"2019-03-12T10:20:46.000Z",45.701607,5.88347,9.75,18,24.5,180,null
"2019-03-12T10:24:50.000Z",45.701607,5.88347,10.5,21.5,27.5,180,null
"2019-03-12T10:28:50.000Z",45.701607,5.88347,6.5,15,25.5,157.5,null
"2019-03-12T10:32:50.000Z",45.701607,5.88347,3.25,12,17.5,157.5,null
"2019-03-12T10:36:55.000Z",45.701607,5.88347,6.25,16,26.5,180,null
"2019-03-12T10:40:55.000Z",45.701607,5.88347,12,20.5,27,180,null
"2019-03-12T10:44:55.000Z",45.701607,5.88347,15.5,23,27.5,180,null
"2019-03-12T10:48:58.000Z",45.701607,5.88347,14,23,30.5,180,null
"2019-03-12T10:52:58.000Z",45.701607,5.88347,18.5,24.5,29,180,null
"2019-03-12T10:56:58.000Z",45.701607,5.88347,16,24.5,34,180,null
"2019-03-12T11:01:02.000Z",45.701607,5.88347,18,24.5,31.5,180,null
"2019-03-12T11:05:02.000Z",45.701607,5.88347,13.5,23,29,180,null
"2019-03-12T11:09:02.000Z",45.701607,5.88347,14,23.5,29.5,180,null
"2019-03-12T11:13:07.000Z",45.701607,5.88347,11.5,21,26.5,180,null
"2019-03-12T11:17:07.000Z",45.701607,5.88347,12,21.5,28,180,null
"2019-03-12T11:21:07.000Z",45.701607,5.88347,9.75,20.5,26,180,null
"2019-03-12T11:25:11.000Z",45.701607,5.88347,13.5,20,26.5,180,null
"2019-03-12T11:29:11.000Z",45.701607,5.88347,11.5,20,25,180,null
"2019-03-12T11:33:11.000Z",45.701607,5.88347,13,20.5,27,180,null
"2019-03-12T11:37:14.000Z",45.701607,5.88347,8.75,19,26,180,null
"2019-03-12T11:41:14.000Z",45.701607,5.88347,8.25,18,24.5,180,null
"2019-03-12T11:45:14.000Z",45.701607,5.88347,10.5,17,22.5,180,null
"2019-03-12T11:49:19.000Z",45.701607,5.88347,12,20,24,180,null
"2019-03-12T11:53:19.000Z",45.701607,5.88347,10,17,24,180,null
"2019-03-12T11:57:19.000Z",45.701607,5.88347,8,16,22.5,180,null
"2019-03-12T12:01:22.000Z",45.701607,5.88347,9.5,15,20,180,null
"2019-03-12T12:05:22.000Z",45.701607,5.88347,7,12.5,19.5,180,null
"2019-03-12T12:09:22.000Z",45.701607,5.88347,10,17,20.5,180,null
"2019-03-12T12:13:27.000Z",45.701607,5.88347,8,16,22,180,null
"2019-03-12T12:17:27.000Z",45.701607,5.88347,6.5,13,18,180,null
"2019-03-12T12:21:27.000Z",45.701607,5.88347,5.5,15,19.5,180,null
"2019-03-12T12:25:31.000Z",45.701607,5.88347,9.5,17,20.5,180,null
"2019-03-12T12:29:31.000Z",45.701607,5.88347,12.5,18.5,23,180,null
"2019-03-12T12:33:31.000Z",45.701607,5.88347,13,19.5,25.5,180,null
"2019-03-12T12:37:35.000Z",45.701607,5.88347,8.75,18,22.5,180,null
"2019-03-12T12:41:35.000Z",45.701607,5.88347,9.5,18,22.5,180,null
"2019-03-12T12:45:35.000Z",45.701607,5.88347,12,18.5,25.5,180,null
"2019-03-12T12:49:39.000Z",45.701607,5.88347,9,17,26.5,180,null
"2019-03-12T12:53:39.000Z",45.701607,5.88347,9.75,16,22,180,null
"2019-03-12T12:57:39.000Z",45.701607,5.88347,13,17.5,22.5,180,null
"2019-03-12T13:01:43.000Z",45.701607,5.88347,11.5,16.5,20,180,null
"2019-03-12T13:05:43.000Z",45.701607,5.88347,11,15,18,180,null
"2019-03-12T13:09:43.000Z",45.701607,5.88347,11,17,23,180,null
"2019-03-12T13:13:47.000Z",45.701607,5.88347,13.5,21,24.5,180,null
"2019-03-12T13:17:47.000Z",45.701607,5.88347,17.5,22,26,180,null
"2019-03-12T13:21:47.000Z",45.701607,5.88347,18,22.5,29,180,null
"2019-03-12T13:25:51.000Z",45.701607,5.88347,15,20.5,26,180,null
"2019-03-12T13:29:51.000Z",45.701607,5.88347,12,19,26,180,null
"2019-03-12T13:33:51.000Z",45.701607,5.88347,8.75,16,21,180,null
"2019-03-12T13:37:55.000Z",45.701607,5.88347,10.5,17,22,180,null
"2019-03-12T13:41:55.000Z",45.701607,5.88347,12.5,17,22.5,180,null
"2019-03-12T13:45:55.000Z",45.701607,5.88347,13,19.5,23.5,180,null
"2019-03-12T13:49:59.000Z",45.701607,5.88347,8,17,22.5,180,null
"2019-03-12T13:53:59.000Z",45.701607,5.88347,11,15.5,19,180,null
"2019-03-12T13:57:59.000Z",45.701607,5.88347,13.5,18.5,24.5,202.5,null
"2019-03-12T14:02:11.000Z",45.701607,5.88347,13,18.5,23.5,180,null
"2019-03-12T14:06:11.000Z",45.701607,5.88347,14.5,19.5,25,180,null
"2019-03-12T14:10:11.000Z",45.701607,5.88347,17,21,25.5,180,null
"2019-03-12T14:14:16.000Z",45.701607,5.88347,18,21,24,202.5,null
"2019-03-12T14:18:16.000Z",45.701607,5.88347,14.5,19,23.5,180,null
"2019-03-12T14:22:16.000Z",45.701607,5.88347,13.5,17.5,23,180,null
"2019-03-12T14:26:19.000Z",45.701607,5.88347,13,19.5,24.5,180,null
"2019-03-12T14:30:19.000Z",45.701607,5.88347,19,21.5,26,202.5,null
"2019-03-12T14:34:19.000Z",45.701607,5.88347,17.5,21,24.5,202.5,null
"2019-03-12T14:38:23.000Z",45.701607,5.88347,18.5,22,26,202.5,null
"2019-03-12T14:42:23.000Z",45.701607,5.88347,18.5,23,27.5,202.5,null
"2019-03-12T14:46:23.000Z",45.701607,5.88347,12,19,22,180,null
"2019-03-12T14:50:28.000Z",45.701607,5.88347,18,21,24.5,180,null
"2019-03-12T14:54:28.000Z",45.701607,5.88347,18,20.5,24.5,202.5,null
"2019-03-12T14:58:28.000Z",45.701607,5.88347,17,20,23.5,202.5,null
"2019-03-12T15:02:31.000Z",45.701607,5.88347,15.5,19.5,23,202.5,null
"2019-03-12T15:06:31.000Z",45.701607,5.88347,13,16.5,21,180,null
"2019-03-12T15:10:31.000Z",45.701607,5.88347,16.5,20,24,202.5,null
"2019-03-12T15:14:36.000Z",45.701607,5.88347,17.5,19,22.5,202.5,null
"2019-03-12T15:18:36.000Z",45.701607,5.88347,14.5,20,25,180,null
"2019-03-12T15:22:36.000Z",45.701607,5.88347,15.5,20,23,202.5,null
"2019-03-12T15:26:40.000Z",45.701607,5.88347,15.5,20.5,24.5,180,null
"2019-03-12T15:30:40.000Z",45.701607,5.88347,11.5,17,24,180,null
"2019-03-12T15:34:40.000Z",45.701607,5.88347,12.5,16.5,19,180,null
"2019-03-12T15:38:43.000Z",45.701607,5.88347,11.5,16,19.5,180,null
"2019-03-12T15:42:43.000Z",45.701607,5.88347,13,20.5,25,202.5,null
"2019-03-12T15:46:43.000Z",45.701607,5.88347,15,20,29,202.5,null
"2019-03-12T15:50:47.000Z",45.701607,5.88347,16.5,23.5,27.5,202.5,null
"2019-03-12T15:54:47.000Z",45.701607,5.88347,20,25.5,31,202.5,null
"2019-03-12T15:58:47.000Z",45.701607,5.88347,20,24,31.5,202.5,null
"2019-03-12T16:02:52.000Z",45.701607,5.88347,15.5,22.5,26.5,202.5,null
"2019-03-12T16:06:52.000Z",45.701607,5.88347,18.5,22,29,202.5,null
"2019-03-12T16:10:52.000Z",45.701607,5.88347,18.5,21.5,26,202.5,null
"2019-03-12T16:14:56.000Z",45.701607,5.88347,12,18.5,24.5,180,null
"2019-03-12T16:18:56.000Z",45.701607,5.88347,12,18,21,180,null
"2019-03-12T16:22:56.000Z",45.701607,5.88347,15.5,19.5,26,180,null
"2019-03-12T16:26:59.000Z",45.701607,5.88347,13,18.5,23.5,180,null
"2019-03-12T16:30:59.000Z",45.701607,5.88347,7.25,15.5,23.5,180,null
"2019-03-12T16:34:59.000Z",45.701607,5.88347,5.25,12.5,16.5,157.5,null
"2019-03-12T16:39:04.000Z",45.701607,5.88347,4.25,8.5,12,157.5,null
"2019-03-12T16:43:04.000Z",45.701607,5.88347,6.25,11.5,18.5,157.5,null
"2019-03-12T16:47:04.000Z",45.701607,5.88347,5.5,12,18,157.5,null
"2019-03-12T16:51:08.000Z",45.701607,5.88347,7,13.5,19,157.5,null
"2019-03-12T16:55:08.000Z",45.701607,5.88347,8,13.5,17.5,157.5,null
"2019-03-12T16:59:08.000Z",45.701607,5.88347,9,15.5,20,180,null
"2019-03-12T17:03:12.000Z",45.701607,5.88347,8.75,14.5,19,180,null
"2019-03-12T17:07:12.000Z",45.701607,5.88347,8,13.5,17.5,180,null
"2019-03-12T17:11:12.000Z",45.701607,5.88347,2.75,9.75,14.5,157.5,null
"2019-03-12T17:15:16.000Z",45.701607,5.88347,1.75,5.5,12,135,null
"2019-03-12T17:19:16.000Z",45.701607,5.88347,3.5,6.75,11,135,null
"2019-03-12T17:23:16.000Z",45.701607,5.88347,4.25,8,13,157.5,null
"2019-03-12T17:27:20.000Z",45.701607,5.88347,6,9.5,16,157.5,null
"2019-03-12T17:31:20.000Z",45.701607,5.88347,6.25,14,21,157.5,null
"2019-03-12T17:35:20.000Z",45.701607,5.88347,6,12,17.5,157.5,null
"2019-03-12T17:39:24.000Z",45.701607,5.88347,3.25,8.5,16,157.5,null
"2019-03-12T17:43:24.000Z",45.701607,5.88347,1.75,7.75,14.5,157.5,null
"2019-03-12T17:47:24.000Z",45.701607,5.88347,6,10,15.5,157.5,null
"2019-03-12T17:51:28.000Z",45.701607,5.88347,3.5,6.75,9.75,157.5,null
"2019-03-12T17:55:28.000Z",45.701607,5.88347,3.5,6,9.5,157.5,null
"2019-03-12T17:59:28.000Z",45.701607,5.88347,2.5,5.25,11,157.5,null
"2019-03-12T18:03:33.000Z",45.701607,5.88347,1.75,3.75,7.75,112.5,null
"2019-03-12T18:07:33.000Z",45.701607,5.88347,2.5,3.75,6.25,112.5,null
"2019-03-12T18:11:33.000Z",45.701607,5.88347,0,2.75,5.25,112.5,null
"2019-03-12T18:15:36.000Z",45.701607,5.88347,0,2.75,7,202.5,null
"2019-03-12T18:19:36.000Z",45.701607,5.88347,0,2.5,6.25,180,null
"2019-03-12T18:23:36.000Z",45.701607,5.88347,1.5,4.25,7.25,90,null
"2019-03-12T18:27:40.000Z",45.701607,5.88347,2,5.25,9.5,112.5,null
"2019-03-12T18:31:40.000Z",45.701607,5.88347,3.5,6.75,13,112.5,null
"2019-03-12T18:35:40.000Z",45.701607,5.88347,1.75,7.25,18,157.5,null
"2019-03-12T18:39:45.000Z",45.701607,5.88347,2,7.25,17,135,null
"2019-03-12T18:43:45.000Z",45.701607,5.88347,1.5,6.5,14,157.5,null
"2019-03-12T18:47:45.000Z",45.701607,5.88347,0.75,7.5,14.5,180,null
"2019-03-12T18:51:49.000Z",45.701607,5.88347,1.75,6,11,225,null
"2019-03-12T18:55:49.000Z",45.701607,5.88347,0,1.75,4.25,225,null
"2019-03-12T18:59:49.000Z",45.701607,5.88347,0,2,5.5,292.5,null
"2019-03-12T19:03:53.000Z",45.701607,5.88347,0,2.75,8,270,null
"2019-03-12T19:07:53.000Z",45.701607,5.88347,0.25,2,3.75,202.5,null
"2019-03-12T19:11:53.000Z",45.701607,5.88347,0,0.25,1.5,135,null
"2019-03-12T19:15:56.000Z",45.701607,5.88347,0,8.5,14.5,337.5,null
"2019-03-12T19:19:56.000Z",45.701607,5.88347,2.75,9,14.5,0,null
"2019-03-12T19:23:56.000Z",45.701607,5.88347,0.25,3.5,6,22.5,null
"2019-03-12T19:28:00.000Z",45.701607,5.88347,1.75,4.25,7.25,0,null
"2019-03-12T19:32:00.000Z",45.701607,5.88347,2.5,3.25,4.25,22.5,null
"2019-03-12T19:36:00.000Z",45.701607,5.88347,3.25,4.25,6,45,null
"2019-03-12T19:40:05.000Z",45.701607,5.88347,2,4,6,90,null
"2019-03-12T19:44:05.000Z",45.701607,5.88347,4.5,6.75,9.5,67.5,null
"2019-03-12T19:48:05.000Z",45.701607,5.88347,2.5,5.5,8.25,90,null
"2019-03-12T19:52:09.000Z",45.701607,5.88347,2,4.25,7.25,90,null
"2019-03-12T19:56:09.000Z",45.701607,5.88347,1.5,3.25,5.5,135,null
"2019-03-12T20:00:09.000Z",45.701607,5.88347,0,1.5,5.5,112.5,null
"2019-03-12T20:04:13.000Z",45.701607,5.88347,0.75,2.75,4.75,135,null
"2019-03-12T20:08:13.000Z",45.701607,5.88347,1.75,4.25,6,135,null
"2019-03-12T20:12:13.000Z",45.701607,5.88347,2.75,4.5,7.75,157.5,null
"2019-03-12T20:16:17.000Z",45.701607,5.88347,2.75,6,9.75,135,null
"2019-03-12T20:20:17.000Z",45.701607,5.88347,3.25,7.25,12,157.5,null
"2019-03-12T20:24:17.000Z",45.701607,5.88347,1.75,6,9.75,157.5,null
"2019-03-12T20:28:21.000Z",45.701607,5.88347,1.75,4.75,8.75,135,null
"2019-03-12T20:32:21.000Z",45.701607,5.88347,0.25,2,3.5,157.5,null
"2019-03-12T20:36:21.000Z",45.701607,5.88347,0,1.75,4.25,112.5,null
"2019-03-12T20:40:25.000Z",45.701607,5.88347,0,2.75,7.75,292.5,null
"2019-03-12T20:44:25.000Z",45.701607,5.88347,0,6.5,12.5,202.5,null
"2019-03-12T20:48:25.000Z",45.701607,5.88347,0.75,4.75,10,112.5,null
"2019-03-12T20:52:29.000Z",45.701607,5.88347,0.25,4.25,11.5,135,null
"2019-03-12T20:56:29.000Z",45.701607,5.88347,0,7,12.5,135,null
"2019-03-12T21:00:29.000Z",45.701607,5.88347,2.5,8.25,12.5,157.5,null
"2019-03-12T21:04:33.000Z",45.701607,5.88347,2.5,8.75,13,202.5,null
"2019-03-12T21:08:33.000Z",45.701607,5.88347,1,4,7.25,157.5,null
"2019-03-12T21:12:33.000Z",45.701607,5.88347,0,2.75,6.25,67.5,null
"2019-03-12T21:16:37.000Z",45.701607,5.88347,0,3.75,7,315,null
"2019-03-12T21:20:37.000Z",45.701607,5.88347,2.5,4.25,7.25,247.5,null
"2019-03-12T21:24:37.000Z",45.701607,5.88347,6.25,8.5,11,247.5,null
"2019-03-12T21:28:41.000Z",45.701607,5.88347,1.75,7.75,11,225,null
"2019-03-12T21:32:41.000Z",45.701607,5.88347,0,1,6.5,202.5,null
"2019-03-12T21:36:41.000Z",45.701607,5.88347,0,3.5,9,270,null
"2019-03-12T21:40:45.000Z",45.701607,5.88347,1.5,3.75,8,90,null
"2019-03-12T21:44:45.000Z",45.701607,5.88347,0,13.5,28,157.5,null
"2019-03-12T21:48:45.000Z",45.701607,5.88347,18,25.5,31,157.5,null
"2019-03-12T21:52:49.000Z",45.701607,5.88347,16.5,25.5,31,157.5,null
"2019-03-12T21:56:49.000Z",45.701607,5.88347,11,21.5,29.5,157.5,null
"2019-03-12T22:00:49.000Z",45.701607,5.88347,7.25,21.5,37,157.5,null
"2019-03-12T22:04:54.000Z",45.701607,5.88347,16,27.5,36,157.5,null
"2019-03-12T22:08:54.000Z",45.701607,5.88347,16,27.5,39,180,null
"2019-03-12T22:12:54.000Z",45.701607,5.88347,10,21,30.5,180,null
"2019-03-12T22:16:57.000Z",45.701607,5.88347,16.5,24,34,180,null
"2019-03-12T22:20:57.000Z",45.701607,5.88347,8,24,37,180,null
"2019-03-12T22:24:57.000Z",45.701607,5.88347,8.25,19.5,29.5,157.5,null
"2019-03-12T22:29:02.000Z",45.701607,5.88347,11,21.5,31.5,157.5,null
"2019-03-12T22:33:02.000Z",45.701607,5.88347,11,18.5,26,180,null
"2019-03-12T22:37:02.000Z",45.701607,5.88347,3.25,13,22.5,135,null
"2019-03-12T22:41:05.000Z",45.701607,5.88347,6.5,14,29.5,135,null
"2019-03-12T22:45:05.000Z",45.701607,5.88347,6,13.5,26,157.5,null
"2019-03-12T22:49:05.000Z",45.701607,5.88347,6,20,35.5,157.5,null
"2019-03-12T22:53:10.000Z",45.701607,5.88347,17.5,24.5,34,157.5,null
"2019-03-12T22:57:10.000Z",45.701607,5.88347,13.5,24.5,30.5,180,null
"2019-03-12T23:01:10.000Z",45.701607,5.88347,15,20.5,26.5,180,null
"2019-03-12T23:05:13.000Z",45.701607,5.88347,9.5,15,19,180,null
"2019-03-12T23:09:13.000Z",45.701607,5.88347,8.25,14,19.5,225,null
"2019-03-12T23:13:13.000Z",45.701607,5.88347,8.25,15,19.5,180,null
"2019-03-12T23:17:18.000Z",45.701607,5.88347,15.5,20,24.5,202.5,null
"2019-03-12T23:21:18.000Z",45.701607,5.88347,19,23,27,202.5,null
"2019-03-12T23:25:18.000Z",45.701607,5.88347,18,25,33.5,202.5,null
"2019-03-12T23:29:22.000Z",45.701607,5.88347,21,27.5,36,202.5,null
"2019-03-12T23:33:22.000Z",45.701607,5.88347,21.5,26.5,30,202.5,null
"2019-03-12T23:37:22.000Z",45.701607,5.88347,22.5,28,32.5,202.5,null
"2019-03-12T23:41:26.000Z",45.701607,5.88347,18,26,32.5,202.5,null
"2019-03-12T23:45:26.000Z",45.701607,5.88347,18.5,27.5,35,202.5,null
"2019-03-12T23:49:26.000Z",45.701607,5.88347,20,25.5,32.5,202.5,null
"2019-03-12T23:53:29.000Z",45.701607,5.88347,13.5,22,33,202.5,null
"2019-03-12T23:57:29.000Z",45.701607,5.88347,12.5,19,25,180,null
"2019-03-13T00:01:29.000Z",45.701607,5.88347,5.25,14,20.5,180,null
"2019-03-13T00:05:34.000Z",45.701607,5.88347,3.25,9.5,18,157.5,null
"2019-03-13T00:09:34.000Z",45.701607,5.88347,1,14.5,53,292.5,null
"2019-03-13T00:13:34.000Z",45.701607,5.88347,3.25,35.5,77.5,337.5,null
"2019-03-13T00:17:37.000Z",45.701607,5.88347,1.5,32,69.5,315,null
"2019-03-13T00:21:37.000Z",45.701607,5.88347,1,22,68,315,null
"2019-03-13T00:25:37.000Z",45.701607,5.88347,1.5,23,64.5,315,null
"2019-03-13T00:29:42.000Z",45.701607,5.88347,14,28,50.5,315,null
"2019-03-13T00:33:42.000Z",45.701607,5.88347,6,25.5,44,292.5,null
"2019-03-13T00:37:42.000Z",45.701607,5.88347,14.5,26.5,39.5,292.5,null
"2019-03-13T00:41:46.000Z",45.701607,5.88347,2.75,17,38.5,315,null
"2019-03-13T00:45:46.000Z",45.701607,5.88347,9,18,38,315,null
"2019-03-13T00:49:46.000Z",45.701607,5.88347,9,22,41,337.5,null
"2019-03-13T00:53:50.000Z",45.701607,5.88347,8.75,21,42,337.5,null
"2019-03-13T00:57:50.000Z",45.701607,5.88347,13,30.5,49.5,337.5,null
"2019-03-13T01:01:50.000Z",45.701607,5.88347,8,32.5,59,337.5,null
"2019-03-13T01:05:54.000Z",45.701607,5.88347,23,30,38.5,337.5,null
"2019-03-13T01:09:54.000Z",45.701607,5.88347,23.5,30,37.5,337.5,null
"2019-03-13T01:13:54.000Z",45.701607,5.88347,19,27,35,337.5,null
"2019-03-13T01:17:58.000Z",45.701607,5.88347,18,22,27.5,337.5,null
"2019-03-13T01:21:58.000Z",45.701607,5.88347,16,21.5,28.5,315,null
"2019-03-13T01:25:58.000Z",45.701607,5.88347,17,25.5,40,315,null
"2019-03-13T01:30:02.000Z",45.701607,5.88347,14,21.5,27,292.5,null
"2019-03-13T01:34:02.000Z",45.701607,5.88347,10.5,20,31.5,315,null
"2019-03-13T01:38:02.000Z",45.701607,5.88347,8.25,16.5,29,315,null
"2019-03-13T01:42:06.000Z",45.701607,5.88347,1.75,9.5,14.5,315,null
"2019-03-13T01:46:06.000Z",45.701607,5.88347,0,6.25,15.5,337.5,null
"2019-03-13T01:50:06.000Z",45.701607,5.88347,0,8,21.5,292.5,null
"2019-03-13T01:54:10.000Z",45.701607,5.88347,3.25,7,15,315,null
"2019-03-13T01:58:10.000Z",45.701607,5.88347,3.75,7.75,13,315,null
"2019-03-13T02:02:10.000Z",45.701607,5.88347,1.5,3.75,8.25,247.5,null
"2019-03-13T02:06:14.000Z",45.701607,5.88347,0,1.75,5.25,67.5,null
"2019-03-13T02:10:14.000Z",45.701607,5.88347,0,1.75,7.75,202.5,null
"2019-03-13T02:14:14.000Z",45.701607,5.88347,1.5,9.5,23.5,270,null
"2019-03-13T02:18:18.000Z",45.701607,5.88347,2,6.75,12,315,null
"2019-03-13T02:22:18.000Z",45.701607,5.88347,1.5,10.5,16.5,270,null
"2019-03-13T02:26:18.000Z",45.701607,5.88347,9,12.5,16,270,null
"2019-03-13T02:30:23.000Z",45.701607,5.88347,7.25,11,16,270,null
"2019-03-13T02:34:23.000Z",45.701607,5.88347,4.75,8.5,13,270,null
"2019-03-13T02:38:23.000Z",45.701607,5.88347,1,4.75,7.75,270,null
"2019-03-13T02:42:27.000Z",45.701607,5.88347,0,1.75,4.75,202.5,null
"2019-03-13T02:46:27.000Z",45.701607,5.88347,2,4,7,157.5,null
"2019-03-13T02:50:27.000Z",45.701607,5.88347,1,3,6.25,157.5,null
"2019-03-13T02:54:30.000Z",45.701607,5.88347,1,3.25,4.75,180,null
"2019-03-13T02:58:30.000Z",45.701607,5.88347,2.5,4.25,5.25,202.5,null
"2019-03-13T03:02:30.000Z",45.701607,5.88347,2.75,6.75,9.75,202.5,null
"2019-03-13T03:06:34.000Z",45.701607,5.88347,8.25,9.75,12,202.5,null
"2019-03-13T03:10:34.000Z",45.701607,5.88347,6,9,11,225,null
"2019-03-13T03:14:34.000Z",45.701607,5.88347,4.75,7.5,10.5,225,null
"2019-03-13T03:18:39.000Z",45.701607,5.88347,7.75,9.25,11,225,null
"2019-03-13T03:22:39.000Z",45.701607,5.88347,8.25,10,11,202.5,null
"2019-03-13T03:26:39.000Z",45.701607,5.88347,7,9.5,11,180,null
"2019-03-13T03:30:42.000Z",45.701607,5.88347,4.75,7.5,10.5,157.5,null
"2019-03-13T03:34:42.000Z",45.701607,5.88347,4.75,7.5,9.75,157.5,null
"2019-03-13T03:38:42.000Z",45.701607,5.88347,5.25,8.5,12,180,null
"2019-03-13T03:42:47.000Z",45.701607,5.88347,8.75,12,15,180,null
"2019-03-13T03:46:47.000Z",45.701607,5.88347,9,13.5,15.5,180,null
"2019-03-13T03:50:47.000Z",45.701607,5.88347,7.25,11,13.5,180,null
"2019-03-13T03:54:51.000Z",45.701607,5.88347,7.75,10.5,13,180,null
"2019-03-13T03:58:51.000Z",45.701607,5.88347,7,9.75,11.5,202.5,null
"2019-03-13T04:02:51.000Z",45.701607,5.88347,8.75,10.5,12,202.5,null
"2019-03-13T04:06:55.000Z",45.701607,5.88347,8.75,10.5,12,202.5,null
"2019-03-13T04:10:55.000Z",45.701607,5.88347,6,8.75,10.5,202.5,null
"2019-03-13T04:14:55.000Z",45.701607,5.88347,3.5,7.5,10,180,null
"2019-03-13T04:18:59.000Z",45.701607,5.88347,5.5,7,8.25,202.5,null
"2019-03-13T04:22:59.000Z",45.701607,5.88347,4.5,7.25,10,157.5,null
"2019-03-13T04:26:59.000Z",45.701607,5.88347,0,3.25,8,157.5,null
"2019-03-13T04:31:02.000Z",45.701607,5.88347,0,1,3.25,90,null
"2019-03-13T04:35:02.000Z",45.701607,5.88347,1.5,2.5,3.75,90,null
"2019-03-13T04:39:02.000Z",45.701607,5.88347,1.75,3.75,5.25,90,null
"2019-03-13T04:43:07.000Z",45.701607,5.88347,0,2,5.25,112.5,null
"2019-03-13T04:47:07.000Z",45.701607,5.88347,0,2,6.5,90,null
"2019-03-13T04:51:07.000Z",45.701607,5.88347,0,1.25,3.5,112.5,null
"2019-03-13T04:55:11.000Z",45.701607,5.88347,0.75,2.25,4.75,112.5,null
"2019-03-13T04:59:11.000Z",45.701607,5.88347,0.25,2.25,3.75,135,null
"2019-03-13T05:03:11.000Z",45.701607,5.88347,0.25,3.5,6,180,null
"2019-03-13T05:07:15.000Z",45.701607,5.88347,3.75,5,6.25,202.5,null
"2019-03-13T05:11:15.000Z",45.701607,5.88347,4.5,8,13,225,null
"2019-03-13T05:15:15.000Z",45.701607,5.88347,7,8.5,11,202.5,null
"2019-03-13T05:19:19.000Z",45.701607,5.88347,5.5,7.5,10,202.5,null
"2019-03-13T05:23:19.000Z",45.701607,5.88347,7,9.25,12,180,null
"2019-03-13T05:27:19.000Z",45.701607,5.88347,7.75,10.5,12,180,null
"2019-03-13T05:31:23.000Z",45.701607,5.88347,6.25,11,12.5,180,null
"2019-03-13T05:35:23.000Z",45.701607,5.88347,3.5,8,11,180,null
"2019-03-13T05:39:23.000Z",45.701607,5.88347,0,2.75,6.25,157.5,null
"2019-03-13T05:43:27.000Z",45.701607,5.88347,0,1.25,5.5,135,null
"2019-03-13T05:47:27.000Z",45.701607,5.88347,0,4.5,6.25,45,null
"2019-03-13T05:51:27.000Z",45.701607,5.88347,1.5,3.5,4.5,22.5,null
"2019-03-13T05:55:31.000Z",45.701607,5.88347,0,4.5,12,67.5,null
"2019-03-13T05:59:31.000Z",45.701607,5.88347,0,3.75,8.75,225,null
"2019-03-13T06:03:31.000Z",45.701607,5.88347,2,6.5,11,202.5,null
"2019-03-13T06:07:35.000Z",45.701607,5.88347,4.75,8.75,12,202.5,null
"2019-03-13T06:11:35.000Z",45.701607,5.88347,7,11.5,14,202.5,null
"2019-03-13T06:15:35.000Z",45.701607,5.88347,2,7.25,14.5,180,null
"2019-03-13T06:19:39.000Z",45.701607,5.88347,2,5.75,8.75,180,null
"2019-03-13T06:23:39.000Z",45.701607,5.88347,4.75,8,9.5,202.5,null
"2019-03-13T06:27:39.000Z",45.701607,5.88347,9.75,14.5,19,247.5,null
"2019-03-13T06:31:43.000Z",45.701607,5.88347,16,27,38,270,null
"2019-03-13T06:35:43.000Z",45.701607,5.88347,13,24.5,32.5,270,null
"2019-03-13T06:39:43.000Z",45.701607,5.88347,4.25,8.5,16.5,247.5,null
"2019-03-13T06:43:48.000Z",45.701607,5.88347,0,2.5,7.75,292.5,null
"2019-03-13T06:47:48.000Z",45.701607,5.88347,0,3.5,7.75,247.5,null
"2019-03-13T06:51:48.000Z",45.701607,5.88347,0,2.25,4.5,247.5,null
"2019-03-13T06:55:52.000Z",45.701607,5.88347,3.25,5.25,7.25,45,null
"2019-03-13T06:59:52.000Z",45.701607,5.88347,0,5,7,22.5,null
"2019-03-13T07:03:52.000Z",45.701607,5.88347,3.25,7.5,12.5,337.5,null
"2019-03-13T07:07:55.000Z",45.701607,5.88347,2.75,5.75,13.5,225,null
"2019-03-13T07:11:55.000Z",45.701607,5.88347,6,9.5,13,225,null
"2019-03-13T07:15:55.000Z",45.701607,5.88347,4.75,6.5,8,202.5,null
"2019-03-13T07:20:00.000Z",45.701607,5.88347,5.5,9.25,12,225,null
"2019-03-13T07:24:00.000Z",45.701607,5.88347,8,12,15,202.5,null
"2019-03-13T07:28:00.000Z",45.701607,5.88347,9.75,12,13,202.5,null
"2019-03-13T07:32:04.000Z",45.701607,5.88347,9.75,12.5,14.5,202.5,null
"2019-03-13T07:36:04.000Z",45.701607,5.88347,10.5,12,13.5,202.5,null
"2019-03-13T07:40:04.000Z",45.701607,5.88347,9.75,12.5,16.5,202.5,null
"2019-03-13T07:44:07.000Z",45.701607,5.88347,7.25,14,18.5,180,null
"2019-03-13T07:48:07.000Z",45.701607,5.88347,14,16,18,202.5,null
"2019-03-13T07:52:07.000Z",45.701607,5.88347,11.5,14,17,180,null
"2019-03-13T07:56:12.000Z",45.701607,5.88347,7.25,12.5,15,202.5,null
"2019-03-13T08:00:12.000Z",45.701607,5.88347,13,14.5,16.5,225,null
"2019-03-13T08:04:12.000Z",45.701607,5.88347,8,11.5,14.5,180,null
"2019-03-13T08:08:16.000Z",45.701607,5.88347,8,15.5,19.5,202.5,null
"2019-03-13T08:12:16.000Z",45.701607,5.88347,14.5,17.5,20,202.5,null
"2019-03-13T08:16:16.000Z",45.701607,5.88347,7.75,12.5,18.5,202.5,null
"2019-03-13T08:20:20.000Z",45.701607,5.88347,7.25,12,15,180,null
"2019-03-13T08:24:20.000Z",45.701607,5.88347,8.25,12,14.5,180,null
"2019-03-13T08:28:20.000Z",45.701607,5.88347,7.75,11,13.5,180,null
"2019-03-13T08:32:24.000Z",45.701607,5.88347,3.75,8.75,12.5,157.5,null
"2019-03-13T08:36:24.000Z",45.701607,5.88347,4.75,8.25,12.5,180,null
"2019-03-13T08:40:24.000Z",45.701607,5.88347,3.75,9.5,12,180,null
"2019-03-13T08:44:28.000Z",45.701607,5.88347,3.25,7.25,9.5,157.5,null
"2019-03-13T08:48:28.000Z",45.701607,5.88347,0,3,7.25,180,null
"2019-03-13T08:52:28.000Z",45.701607,5.88347,0,1.75,4.25,225,null
"2019-03-13T08:56:32.000Z",45.701607,5.88347,2.75,5.25,6.5,202.5,null
"2019-03-13T09:00:32.000Z",45.701607,5.88347,5.5,9,12.5,180,null
"2019-03-13T09:04:32.000Z",45.701607,5.88347,5.25,10.5,15.5,180,null
"2019-03-13T09:08:36.000Z",45.701607,5.88347,6,9.25,13,202.5,null
"2019-03-13T09:12:36.000Z",45.701607,5.88347,8.25,10.5,13,202.5,null
"2019-03-13T09:16:36.000Z",45.701607,5.88347,4.75,9.25,13.5,202.5,null
"2019-03-13T09:20:41.000Z",45.701607,5.88347,0.25,2.25,4,67.5,null
"2019-03-13T09:24:41.000Z",45.701607,5.88347,0,2.75,6.25,337.5,null
"2019-03-13T09:28:41.000Z",45.701607,5.88347,1.75,6.5,11.5,202.5,null
"2019-03-13T09:32:44.000Z",45.701607,5.88347,2,6,9.5,180,null
"2019-03-13T09:36:44.000Z",45.701607,5.88347,0,4,9.5,157.5,null
"2019-03-13T09:40:44.000Z",45.701607,5.88347,0,1,4.5,180,null
"2019-03-13T09:44:48.000Z",45.701607,5.88347,1,4.5,7,157.5,null
"2019-03-13T09:48:48.000Z",45.701607,5.88347,0,6.25,11,247.5,null
"2019-03-13T09:52:48.000Z",45.701607,5.88347,0,6,12,247.5,null
"2019-03-13T09:56:53.000Z",45.701607,5.88347,0,3.75,14,202.5,null
"2019-03-13T10:00:53.000Z",45.701607,5.88347,3.25,6.75,11.5,247.5,null
"2019-03-13T10:04:53.000Z",45.701607,5.88347,3.75,5.75,8.25,247.5,null
"2019-03-13T10:08:56.000Z",45.701607,5.88347,4.75,9.5,15,225,null
"2019-03-13T10:12:56.000Z",45.701607,5.88347,3.5,9.5,21,292.5,null
"2019-03-13T10:16:56.000Z",45.701607,5.88347,0,5.5,12,45,null
"2019-03-13T10:21:00.000Z",45.701607,5.88347,0,4.5,10,67.5,null
"2019-03-13T10:25:00.000Z",45.701607,5.88347,0.25,3.5,7.25,202.5,null
"2019-03-13T10:29:00.000Z",45.701607,5.88347,2.5,7.25,11,157.5,null
"2019-03-13T10:33:04.000Z",45.701607,5.88347,1.75,5.25,8.75,135,null
"2019-03-13T10:37:04.000Z",45.701607,5.88347,0,3.75,12.5,135,null
"2019-03-13T10:41:04.000Z",45.701607,5.88347,0,2.25,7.25,112.5,null
"2019-03-13T10:45:08.000Z",45.701607,5.88347,2,7,12,157.5,null
"2019-03-13T10:49:08.000Z",45.701607,5.88347,5.5,12,19.5,180,null
"2019-03-13T10:53:08.000Z",45.701607,5.88347,1,5.25,14,180,null
"2019-03-13T10:57:13.000Z",45.701607,5.88347,4.75,7,10,225,null
"2019-03-13T11:01:13.000Z",45.701607,5.88347,2.75,6.5,14.5,225,null
"2019-03-13T11:05:13.000Z",45.701607,5.88347,4.5,12,20,180,null
"2019-03-13T11:09:16.000Z",45.701607,5.88347,1.75,8,14.5,180,null
"2019-03-13T11:13:16.000Z",45.701607,5.88347,0,2.5,7,202.5,null
"2019-03-13T11:17:16.000Z",45.701607,5.88347,0.25,2.5,6.25,247.5,null
"2019-03-13T11:21:21.000Z",45.701607,5.88347,0,1.5,3.5,247.5,null
"2019-03-13T11:25:21.000Z",45.701607,5.88347,0,1.75,4.5,202.5,null
"2019-03-13T11:29:21.000Z",45.701607,5.88347,3.5,4.75,6.25,202.5,null
"2019-03-13T11:33:24.000Z",45.701607,5.88347,3.75,5,6.25,225,null
"2019-03-13T11:37:24.000Z",45.701607,5.88347,3.25,4,5.25,270,null
"2019-03-13T11:41:24.000Z",45.701607,5.88347,2.5,3,3.75,292.5,null
"2019-03-13T11:45:28.000Z",45.701607,5.88347,2.75,3.5,3.75,315,null
"2019-03-13T11:49:28.000Z",45.701607,5.88347,2,3.5,4.75,315,null
"2019-03-13T11:53:28.000Z",45.701607,5.88347,1,3.5,5.5,292.5,null
"2019-03-13T11:57:33.000Z",45.701607,5.88347,0,0.5,2.75,292.5,null
"2019-03-13T12:01:33.000Z",45.701607,5.88347,0,0.25,1.75,180,null
"2019-03-13T12:05:33.000Z",45.701607,5.88347,2,8,13.5,157.5,null
"2019-03-13T12:09:37.000Z",45.701607,5.88347,0.25,4.5,8.75,112.5,null
"2019-03-13T12:13:37.000Z",45.701607,5.88347,1,4.25,10.5,112.5,null
"2019-03-13T12:17:37.000Z",45.701607,5.88347,1.5,8,14.5,157.5,null
"2019-03-13T12:21:41.000Z",45.701607,5.88347,1.5,5.5,11,157.5,null
"2019-03-13T12:25:41.000Z",45.701607,5.88347,0.25,3.75,8,180,null
"2019-03-13T12:29:41.000Z",45.701607,5.88347,2,3.25,6,270,null
"2019-03-13T12:33:45.000Z",45.701607,5.88347,0,3,6,292.5,null
"2019-03-13T12:37:45.000Z",45.701607,5.88347,0,3.75,7.25,180,null
"2019-03-13T12:41:45.000Z",45.701607,5.88347,2,4.5,7.25,202.5,null
"2019-03-13T12:45:49.000Z",45.701607,5.88347,0.75,4.25,8,180,null
"2019-03-13T12:49:49.000Z",45.701607,5.88347,0.25,4.5,8.75,180,null
"2019-03-13T12:53:49.000Z",45.701607,5.88347,3.25,5,8.25,225,null
"2019-03-13T12:57:52.000Z",45.701607,5.88347,1.5,4.5,8.25,202.5,null
"2019-03-13T13:01:52.000Z",45.701607,5.88347,0.75,4,7.75,157.5,null
"2019-03-13T13:05:52.000Z",45.701607,5.88347,1,4,8,135,null
"2019-03-13T13:09:57.000Z",45.701607,5.88347,0,3,8.25,202.5,null
"2019-03-13T13:13:57.000Z",45.701607,5.88347,7,10.5,14.5,247.5,null
"2019-03-13T13:17:57.000Z",45.701607,5.88347,3.75,10.5,22.5,225,null
"2019-03-13T13:22:01.000Z",45.701607,5.88347,2.5,7.5,15,247.5,null
"2019-03-13T13:26:01.000Z",45.701607,5.88347,0,4.25,9.5,225,null
"2019-03-13T13:30:01.000Z",45.701607,5.88347,0,2,5.25,270,null
"2019-03-13T13:34:05.000Z",45.701607,5.88347,0,4,8,67.5,null
"2019-03-13T13:38:05.000Z",45.701607,5.88347,0,0.75,3.75,157.5,null
"2019-03-13T13:42:05.000Z",45.701607,5.88347,0,2.25,10.5,292.5,null
"2019-03-13T13:46:10.000Z",45.701607,5.88347,8.25,34,55,270,null
"2019-03-13T13:50:10.000Z",45.701607,5.88347,20,33.5,51,292.5,null
"2019-03-13T13:54:10.000Z",45.701607,5.88347,20,35.5,51.5,270,null
"2019-03-13T13:59:05.000Z",45.701607,5.88347,27,37,52.5,270,null
"2019-03-13T14:03:05.000Z",45.701607,5.88347,11.5,24,40.5,270,null
"2019-03-13T14:07:05.000Z",45.701607,5.88347,16.5,26.5,37.5,270,null
"2019-03-13T14:11:10.000Z",45.701607,5.88347,11,14.5,22.5,292.5,null
"2019-03-13T14:15:10.000Z",45.701607,5.88347,3.75,9.5,15.5,270,null
"2019-03-13T14:19:10.000Z",45.701607,5.88347,0,2.75,10.5,202.5,null
"2019-03-13T14:23:13.000Z",45.701607,5.88347,0,2.75,5.25,45,null
"2019-03-13T14:27:13.000Z",45.701607,5.88347,0,2.25,5.25,45,null
"2019-03-13T14:31:13.000Z",45.701607,5.88347,0,3.25,6.25,90,null
"2019-03-13T14:35:18.000Z",45.701607,5.88347,2.5,4,6,67.5,null
"2019-03-13T14:39:18.000Z",45.701607,5.88347,1.5,3.75,7.75,45,null
"2019-03-13T14:43:18.000Z",45.701607,5.88347,0,2,4.75,112.5,null
"2019-03-13T14:47:22.000Z",45.701607,5.88347,0,2.5,7.75,90,null
"2019-03-13T14:51:22.000Z",45.701607,5.88347,0,3,7,90,null
"2019-03-13T14:55:22.000Z",45.701607,5.88347,0,4,8.75,67.5,null
"2019-03-13T14:59:25.000Z",45.701607,5.88347,0.75,3.75,7,45,null
"2019-03-13T15:03:25.000Z",45.701607,5.88347,0,3.75,6.25,22.5,null
"2019-03-13T15:07:25.000Z",45.701607,5.88347,0,4.25,7.75,22.5,null
"2019-03-13T15:11:30.000Z",45.701607,5.88347,1,2.5,5.25,337.5,null
"2019-03-13T15:15:30.000Z",45.701607,5.88347,2.75,6,9,337.5,null
"2019-03-13T15:19:30.000Z",45.701607,5.88347,6,8.25,9.75,315,null
"2019-03-13T15:23:33.000Z",45.701607,5.88347,5.25,7,8.75,315,null
"2019-03-13T15:27:33.000Z",45.701607,5.88347,2.5,5,8,315,null
"2019-03-13T15:31:33.000Z",45.701607,5.88347,0,1.5,5.5,315,null
"2019-03-13T15:35:38.000Z",45.701607,5.88347,0,0.5,3.5,45,null
"2019-03-13T15:39:38.000Z",45.701607,5.88347,0,4.75,9.5,247.5,null
"2019-03-13T15:43:38.000Z",45.701607,5.88347,4.5,8,10.5,225,null
"2019-03-13T15:47:42.000Z",45.701607,5.88347,2,5.25,8,202.5,null
"2019-03-13T15:51:42.000Z",45.701607,5.88347,2.75,4.5,6.5,202.5,null
"2019-03-13T15:55:42.000Z",45.701607,5.88347,3.5,5.25,7.75,202.5,null
"2019-03-13T15:59:45.000Z",45.701607,5.88347,6.25,7.5,9,202.5,null
"2019-03-13T16:03:45.000Z",45.701607,5.88347,7,8.25,9,202.5,null
"2019-03-13T16:07:45.000Z",45.701607,5.88347,4.25,6.25,8,180,null
"2019-03-13T16:11:50.000Z",45.701607,5.88347,2,3.75,6,225,null
"2019-03-13T16:15:50.000Z",45.701607,5.88347,3.75,6.25,10,247.5,null
"2019-03-13T16:19:50.000Z",45.701607,5.88347,4.75,7,9.5,225,null
"2019-03-13T16:23:54.000Z",45.701607,5.88347,6.5,7.75,8.75,247.5,null
"2019-03-13T16:27:54.000Z",45.701607,5.88347,5.5,7.75,9,225,null
"2019-03-13T16:31:54.000Z",45.701607,5.88347,4.25,5.75,7,202.5,null
"2019-03-13T16:35:58.000Z",45.701607,5.88347,4.75,5.75,6.5,225,null
"2019-03-13T16:39:58.000Z",45.701607,5.88347,4.75,6,7.75,202.5,null
"2019-03-13T16:43:58.000Z",45.701607,5.88347,7,9.25,11,202.5,null
"2019-03-13T16:48:02.000Z",45.701607,5.88347,9,10,11.5,225,null
"2019-03-13T16:52:02.000Z",45.701607,5.88347,7,10,11.5,225,null
"2019-03-13T16:56:02.000Z",45.701607,5.88347,6,7,8.25,202.5,null
"2019-03-13T17:00:06.000Z",45.701607,5.88347,2.75,6.25,8,180,null
"2019-03-13T17:04:06.000Z",45.701607,5.88347,3.75,7.5,9.5,180,null
"2019-03-13T17:08:06.000Z",45.701607,5.88347,2,5.5,8.25,157.5,null
"2019-03-13T17:12:10.000Z",45.701607,5.88347,2.5,5.25,7.75,157.5,null
"2019-03-13T17:16:10.000Z",45.701607,5.88347,0,3.25,7.25,157.5,null
"2019-03-13T17:20:10.000Z",45.701607,5.88347,1.5,4,8,135,null
"2019-03-13T17:24:15.000Z",45.701607,5.88347,0.75,3,5.5,135,null
"2019-03-13T17:28:15.000Z",45.701607,5.88347,1.75,4,6.5,135,null
"2019-03-13T17:32:15.000Z",45.701607,5.88347,1.5,5,8.75,135,null
"2019-03-13T17:36:18.000Z",45.701607,5.88347,0,0.75,2.75,135,null
"2019-03-13T17:40:18.000Z",45.701607,5.88347,0,3.25,6.5,135,null
"2019-03-13T17:44:18.000Z",45.701607,5.88347,0.25,3.25,5.5,135,null
"2019-03-13T17:48:22.000Z",45.701607,5.88347,2,5.75,9,157.5,null
"2019-03-13T17:52:22.000Z",45.701607,5.88347,2,5.25,8,157.5,null
"2019-03-13T17:56:22.000Z",45.701607,5.88347,3.25,7.25,12,180,null
"2019-03-13T18:00:26.000Z",45.701607,5.88347,10.5,12,14,202.5,null
"2019-03-13T18:04:26.000Z",45.701607,5.88347,8.75,10.5,12.5,202.5,null
"2019-03-13T18:08:26.000Z",45.701607,5.88347,4.25,9.5,12.5,180,null
"2019-03-13T18:12:30.000Z",45.701607,5.88347,1.5,6.25,12,157.5,null
"2019-03-13T18:16:30.000Z",45.701607,5.88347,2.5,7,11,157.5,null
"2019-03-13T18:20:30.000Z",45.701607,5.88347,4.75,8.75,11,157.5,null
"2019-03-13T18:24:34.000Z",45.701607,5.88347,1,5.75,9.75,157.5,null
"2019-03-13T18:28:34.000Z",45.701607,5.88347,0.75,3.75,7.25,135,null
"2019-03-13T18:32:34.000Z",45.701607,5.88347,1.75,3.5,6.5,112.5,null
"2019-03-13T18:36:38.000Z",45.701607,5.88347,1.75,4,7,112.5,null
"2019-03-13T18:40:38.000Z",45.701607,5.88347,1,2.75,4.75,112.5,null
"2019-03-13T18:44:38.000Z",45.701607,5.88347,1.5,4,6.25,112.5,null
"2019-03-13T18:48:43.000Z",45.701607,5.88347,1,3.75,7.75,112.5,null
"2019-03-13T18:52:43.000Z",45.701607,5.88347,0,1.75,5.5,112.5,null
"2019-03-13T18:56:43.000Z",45.701607,5.88347,0,0.75,2.75,157.5,null
"2019-03-13T19:00:46.000Z",45.701607,5.88347,0,1.75,4.25,135,null
"2019-03-13T19:04:46.000Z",45.701607,5.88347,0,0.75,2.5,135,null
"2019-03-13T19:08:46.000Z",45.701607,5.88347,0,0.25,1,157.5,null
"2019-03-13T19:12:51.000Z",45.701607,5.88347,0,0.5,3.25,135,null
"2019-03-13T19:16:51.000Z",45.701607,5.88347,0.25,2.75,5.25,157.5,null
"2019-03-13T19:20:51.000Z",45.701607,5.88347,1.5,3.25,5.5,135,null
"2019-03-13T19:24:55.000Z",45.701607,5.88347,0,2.5,5.5,157.5,null
"2019-03-13T19:28:55.000Z",45.701607,5.88347,0.75,4.25,9.5,135,null
"2019-03-13T19:32:55.000Z",45.701607,5.88347,0.75,3.25,5.5,135,null
"2019-03-13T19:36:59.000Z",45.701607,5.88347,0,2.5,5.5,135,null
"2019-03-13T19:40:59.000Z",45.701607,5.88347,0.25,2.25,4.75,112.5,null
"2019-03-13T19:44:59.000Z",45.701607,5.88347,0,0.25,2.75,157.5,null
"2019-03-13T19:49:03.000Z",45.701607,5.88347,0,0.25,1.75,225,null
"2019-03-13T19:53:03.000Z",45.701607,5.88347,0,0,0.75,67.5,null
"2019-03-13T19:57:03.000Z",45.701607,5.88347,0,0.5,2,112.5,null
"2019-03-13T20:01:07.000Z",45.701607,5.88347,0,0.75,2.75,90,null
"2019-03-13T20:05:07.000Z",45.701607,5.88347,1.5,4.5,8.75,112.5,null
"2019-03-13T20:09:07.000Z",45.701607,5.88347,0,3.5,7.25,112.5,null
"2019-03-13T20:13:11.000Z",45.701607,5.88347,0,0.5,1.75,135,null
"2019-03-13T20:17:11.000Z",45.701607,5.88347,0,0,0,112.5,null
"2019-03-13T20:21:11.000Z",45.701607,5.88347,0,0,0,135,null
"2019-03-13T20:25:15.000Z",45.701607,5.88347,0,3.25,7,67.5,null
"2019-03-13T20:29:15.000Z",45.701607,5.88347,0,2.75,7,67.5,null
"2019-03-13T20:33:15.000Z",45.701607,5.88347,0,0,1,90,null
"2019-03-13T20:37:19.000Z",45.701607,5.88347,0,0,0.75,45,null
"2019-03-13T20:41:19.000Z",45.701607,5.88347,0,0,0.25,45,null
"2019-03-13T20:45:19.000Z",45.701607,5.88347,0,2,4.25,202.5,null
"2019-03-13T20:49:24.000Z",45.701607,5.88347,4,6.5,8,202.5,null
"2019-03-13T20:53:24.000Z",45.701607,5.88347,4.75,7.25,8.75,225,null
"2019-03-13T20:57:24.000Z",45.701607,5.88347,3.5,5.75,7.75,225,null
"2019-03-13T21:01:28.000Z",45.701607,5.88347,0.75,5,8.75,202.5,null
"2019-03-13T21:05:28.000Z",45.701607,5.88347,2.75,5.75,8.25,270,null
"2019-03-13T21:09:28.000Z",45.701607,5.88347,3.25,4.25,6.5,225,null
"2019-03-13T21:13:31.000Z",45.701607,5.88347,3.25,4.5,6.5,225,null
"2019-03-13T21:17:31.000Z",45.701607,5.88347,4.75,8.25,12,247.5,null
"2019-03-13T21:21:31.000Z",45.701607,5.88347,7.75,10,13,225,null
"2019-03-13T21:25:35.000Z",45.701607,5.88347,1.5,4.5,8.5,157.5,null
"2019-03-13T21:29:35.000Z",45.701607,5.88347,1,2.75,4.75,135,null
"2019-03-13T21:33:35.000Z",45.701607,5.88347,3.25,5.75,8.75,180,null
"2019-03-13T21:37:39.000Z",45.701607,5.88347,3.25,6.25,8.25,180,null
"2019-03-13T21:41:39.000Z",45.701607,5.88347,2.75,5.25,8,180,null
"2019-03-13T21:45:39.000Z",45.701607,5.88347,2.75,5.75,8.25,180,null
"2019-03-13T21:49:44.000Z",45.701607,5.88347,4.25,6.5,8.25,202.5,null
"2019-03-13T21:53:44.000Z",45.701607,5.88347,7.25,10.5,13.5,202.5,null
"2019-03-13T21:57:44.000Z",45.701607,5.88347,10.5,13.5,18.5,202.5,null
"2019-03-13T22:01:48.000Z",45.701607,5.88347,11,15.5,19,180,null
"2019-03-13T22:05:48.000Z",45.701607,5.88347,6.25,12.5,19,157.5,null
"2019-03-13T22:09:48.000Z",45.701607,5.88347,6.25,11.5,18.5,157.5,null
"2019-03-13T22:13:52.000Z",45.701607,5.88347,7.75,14,19,180,null
"2019-03-13T22:17:52.000Z",45.701607,5.88347,8.75,16,21.5,180,null
"2019-03-13T22:21:52.000Z",45.701607,5.88347,11,15.5,18.5,180,null
"2019-03-13T22:25:56.000Z",45.701607,5.88347,9,15,18,180,null
"2019-03-13T22:29:56.000Z",45.701607,5.88347,12,15.5,18,180,null
"2019-03-13T22:33:56.000Z",45.701607,5.88347,8.25,14,18,180,null
"2019-03-13T22:37:59.000Z",45.701607,5.88347,8.25,14.5,18,180,null
"2019-03-13T22:41:59.000Z",45.701607,5.88347,9.5,14,18,180,null
"2019-03-13T22:45:59.000Z",45.701607,5.88347,8.25,14,16.5,180,null
"2019-03-13T22:50:04.000Z",45.701607,5.88347,9.5,12.5,14.5,180,null
"2019-03-13T22:54:04.000Z",45.701607,5.88347,7,12,15,180,null
"2019-03-13T22:58:04.000Z",45.701607,5.88347,8.25,10.5,13,202.5,null
"2019-03-13T23:02:07.000Z",45.701607,5.88347,7.75,10,13,202.5,null
"2019-03-13T23:06:07.000Z",45.701607,5.88347,11,13.5,17,202.5,null
"2019-03-13T23:10:07.000Z",45.701607,5.88347,11.5,16,20,202.5,null
"2019-03-13T23:14:12.000Z",45.701607,5.88347,13.5,17,20,225,null
"2019-03-13T23:18:12.000Z",45.701607,5.88347,11,14.5,18,225,null
"2019-03-13T23:22:12.000Z",45.701607,5.88347,8.25,12,16,247.5,null
"2019-03-13T23:26:15.000Z",45.701607,5.88347,7.25,11,16.5,225,null
"2019-03-13T23:30:15.000Z",45.701607,5.88347,9.5,13.5,18,202.5,null
"2019-03-13T23:34:15.000Z",45.701607,5.88347,9.5,12,14.5,202.5,null
"2019-03-13T23:38:20.000Z",45.701607,5.88347,11,12.5,15,225,null
"2019-03-13T23:42:20.000Z",45.701607,5.88347,8.25,10.5,13,202.5,null
"2019-03-13T23:46:20.000Z",45.701607,5.88347,5.25,9,12,180,null
"2019-03-13T23:50:24.000Z",45.701607,5.88347,1.75,6,10,180,null
"2019-03-13T23:54:24.000Z",45.701607,5.88347,4.5,8.75,12,180,null
"2019-03-13T23:58:24.000Z",45.701607,5.88347,4.75,9,12.5,180,null
"2019-03-14T00:02:28.000Z",45.701607,5.88347,6.5,10.5,12,202.5,null
"2019-03-14T00:06:28.000Z",45.701607,5.88347,6.25,8.75,12,180,null
"2019-03-14T00:10:28.000Z",45.701607,5.88347,8,11,14,202.5,null
"2019-03-14T00:14:32.000Z",45.701607,5.88347,9.5,11,12,202.5,null
"2019-03-14T00:18:32.000Z",45.701607,5.88347,9.75,11,13,202.5,null
"2019-03-14T00:22:32.000Z",45.701607,5.88347,9.75,11,13,202.5,null
"2019-03-14T00:26:36.000Z",45.701607,5.88347,9,11.5,13,202.5,null
"2019-03-14T00:30:36.000Z",45.701607,5.88347,9,12,13,202.5,null
"2019-03-14T00:34:36.000Z",45.701607,5.88347,10,12,13.5,202.5,null
"2019-03-14T00:38:40.000Z",45.701607,5.88347,9.5,12.5,14.5,202.5,null
"2019-03-14T00:42:40.000Z",45.701607,5.88347,5.5,9.5,14,180,null
"2019-03-14T00:46:40.000Z",45.701607,5.88347,2.75,6.25,9,157.5,null
"2019-03-14T00:50:44.000Z",45.701607,5.88347,1.75,6.5,9.5,180,null
"2019-03-14T00:54:44.000Z",45.701607,5.88347,0.75,2.25,6,135,null
"2019-03-14T00:58:44.000Z",45.701607,5.88347,1,3.5,6.25,135,null
"2019-03-14T01:02:48.000Z",45.701607,5.88347,3.5,7,10.5,135,null
"2019-03-14T01:06:48.000Z",45.701607,5.88347,3.25,6.25,9,157.5,null
"2019-03-14T01:10:48.000Z",45.701607,5.88347,0,3,7,157.5,null
"2019-03-14T01:14:53.000Z",45.701607,5.88347,0,2.25,4.75,202.5,null
"2019-03-14T01:18:53.000Z",45.701607,5.88347,1.75,3.75,7,157.5,null
"2019-03-14T01:22:53.000Z",45.701607,5.88347,2.5,5.75,8.25,135,null
"2019-03-14T01:26:57.000Z",45.701607,5.88347,1,4.25,8,112.5,null
"2019-03-14T01:30:57.000Z",45.701607,5.88347,0,1.5,4.5,0,null
"2019-03-14T01:34:57.000Z",45.701607,5.88347,0.75,4,6,315,null
"2019-03-14T01:39:00.000Z",45.701607,5.88347,0,2.25,4.5,337.5,null
"2019-03-14T01:43:00.000Z",45.701607,5.88347,0,2.5,7.25,315,null
"2019-03-14T01:47:00.000Z",45.701607,5.88347,1.75,3.75,7,202.5,null
"2019-03-14T01:51:05.000Z",45.701607,5.88347,0,0.75,2.75,45,null
"2019-03-14T01:55:05.000Z",45.701607,5.88347,1.5,2,2.75,90,null
"2019-03-14T01:59:05.000Z",45.701607,5.88347,2,3.75,5.5,135,null
"2019-03-14T02:03:08.000Z",45.701607,5.88347,3.25,5,6.5,135,null
"2019-03-14T02:07:08.000Z",45.701607,5.88347,1,3.5,6,157.5,null
"2019-03-14T02:11:08.000Z",45.701607,5.88347,0.75,2.75,5.25,112.5,null
"2019-03-14T02:15:13.000Z",45.701607,5.88347,1,2.5,4.75,112.5,null
"2019-03-14T02:19:13.000Z",45.701607,5.88347,0.25,2.25,5.5,135,null
"2019-03-14T02:23:13.000Z",45.701607,5.88347,0,1.75,3.75,135,null
"2019-03-14T02:27:16.000Z",45.701607,5.88347,0.25,4.25,8.75,180,null
"2019-03-14T02:31:16.000Z",45.701607,5.88347,1.5,7,11,180,null
"2019-03-14T02:35:16.000Z",45.701607,5.88347,2.75,7,10.5,180,null
"2019-03-14T02:39:21.000Z",45.701607,5.88347,8.75,10.5,12.5,202.5,null
"2019-03-14T02:43:21.000Z",45.701607,5.88347,9.75,13.5,17.5,180,null
"2019-03-14T02:47:21.000Z",45.701607,5.88347,9,14,18,180,null
"2019-03-14T02:51:25.000Z",45.701607,5.88347,8.25,13.5,15.5,202.5,null
"2019-03-14T02:55:25.000Z",45.701607,5.88347,10.5,12.5,15,202.5,null
"2019-03-14T02:59:25.000Z",45.701607,5.88347,6.5,12,14.5,202.5,null
"2019-03-14T03:03:29.000Z",45.701607,5.88347,7,10.5,13.5,202.5,null
"2019-03-14T03:07:29.000Z",45.701607,5.88347,5.25,7,9.5,225,null
"2019-03-14T03:11:29.000Z",45.701607,5.88347,4.5,6.25,7.25,157.5,null
"2019-03-14T03:15:33.000Z",45.701607,5.88347,0,1.75,7,135,null
"2019-03-14T03:19:33.000Z",45.701607,5.88347,0,4.5,6.5,180,null
"2019-03-14T03:23:33.000Z",45.701607,5.88347,2.5,5.5,8.75,157.5,null
"2019-03-14T03:27:37.000Z",45.701607,5.88347,1,3.5,8.75,112.5,null
"2019-03-14T03:31:37.000Z",45.701607,5.88347,0,2.25,5.5,90,null
"2019-03-14T03:35:37.000Z",45.701607,5.88347,3.5,4.5,6.5,90,null
"2019-03-14T03:39:41.000Z",45.701607,5.88347,1,3.5,6.25,112.5,null
"2019-03-14T03:43:41.000Z",45.701607,5.88347,3.5,6.75,10,180,null
"2019-03-14T03:47:41.000Z",45.701607,5.88347,3.5,7.25,11,157.5,null
"2019-03-14T03:51:45.000Z",45.701607,5.88347,2.5,7.25,11.5,180,null
"2019-03-14T03:55:45.000Z",45.701607,5.88347,5.5,10,14,180,null
"2019-03-14T03:59:45.000Z",45.701607,5.88347,3.75,8,11.5,180,null
"2019-03-14T04:03:49.000Z",45.701607,5.88347,6.5,8.75,11,202.5,null
"2019-03-14T04:07:49.000Z",45.701607,5.88347,6.5,9.5,11,202.5,null
"2019-03-14T04:11:49.000Z",45.701607,5.88347,2.75,7.75,11,157.5,null
"2019-03-14T04:15:53.000Z",45.701607,5.88347,1.5,5.75,12,180,null
"2019-03-14T04:19:53.000Z",45.701607,5.88347,6.5,9,11,180,null
"2019-03-14T04:23:53.000Z",45.701607,5.88347,6,8.75,10.5,180,null
"2019-03-14T04:27:57.000Z",45.701607,5.88347,4.5,7.75,10,180,null
"2019-03-14T04:31:57.000Z",45.701607,5.88347,7.25,9.75,11.5,202.5,null
"2019-03-14T04:35:57.000Z",45.701607,5.88347,9,12.5,16.5,202.5,null
"2019-03-14T04:40:01.000Z",45.701607,5.88347,13,15,17.5,225,null
"2019-03-14T04:44:01.000Z",45.701607,5.88347,13,14,16.5,225,null
"2019-03-14T04:48:01.000Z",45.701607,5.88347,14.5,18,20,247.5,null
"2019-03-14T04:52:05.000Z",45.701607,5.88347,7,13,19.5,202.5,null
"2019-03-14T04:56:05.000Z",45.701607,5.88347,3.75,7.25,13.5,180,null
"2019-03-14T05:00:05.000Z",45.701607,5.88347,8,12.5,15.5,180,null
"2019-03-14T05:04:09.000Z",45.701607,5.88347,11.5,14,15.5,202.5,null
"2019-03-14T05:08:09.000Z",45.701607,5.88347,11,13.5,15.5,202.5,null
"2019-03-14T05:12:09.000Z",45.701607,5.88347,10,12.5,14,202.5,null
"2019-03-14T05:16:14.000Z",45.701607,5.88347,9,12.5,14.5,202.5,null
"2019-03-14T05:20:14.000Z",45.701607,5.88347,4.5,10,14.5,180,null
"2019-03-14T05:24:14.000Z",45.701607,5.88347,5.5,9.5,14,180,null
"2019-03-14T05:28:18.000Z",45.701607,5.88347,2.75,5.75,10,157.5,null
"2019-03-14T05:32:18.000Z",45.701607,5.88347,4.5,8.5,13,157.5,null
"2019-03-14T05:36:18.000Z",45.701607,5.88347,3.75,7,10,157.5,null
"2019-03-14T05:40:22.000Z",45.701607,5.88347,5.25,9.5,14.5,180,null
"2019-03-14T05:44:22.000Z",45.701607,5.88347,10.5,13.5,15.5,202.5,null
"2019-03-14T05:48:22.000Z",45.701607,5.88347,12,13.5,15.5,202.5,null
"2019-03-14T05:52:26.000Z",45.701607,5.88347,4.25,9.5,13,202.5,null
"2019-03-14T05:56:26.000Z",45.701607,5.88347,3.5,7.75,11,180,null
"2019-03-14T06:00:26.000Z",45.701607,5.88347,1,3.25,7.75,135,null
"2019-03-14T06:04:29.000Z",45.701607,5.88347,0.75,5,9,157.5,null
"2019-03-14T06:08:29.000Z",45.701607,5.88347,4.25,8.75,13.5,157.5,null
"2019-03-14T06:12:29.000Z",45.701607,5.88347,6,11,14.5,180,null
"2019-03-14T06:16:34.000Z",45.701607,5.88347,8,14.5,18,180,null
"2019-03-14T06:20:34.000Z",45.701607,5.88347,11,13.5,15.5,202.5,null
"2019-03-14T06:24:34.000Z",45.701607,5.88347,10,14.5,18,180,null
"2019-03-14T06:28:38.000Z",45.701607,5.88347,12,16.5,19.5,202.5,null
"2019-03-14T06:32:38.000Z",45.701607,5.88347,12,16,18,180,null
"2019-03-14T06:36:38.000Z",45.701607,5.88347,11.5,15.5,18,180,null
"2019-03-14T06:40:42.000Z",45.701607,5.88347,6.5,12.5,15.5,180,null
"2019-03-14T06:44:42.000Z",45.701607,5.88347,6.25,12.5,16.5,180,null
"2019-03-14T06:48:42.000Z",45.701607,5.88347,6.5,11.5,15,180,null
"2019-03-14T06:52:46.000Z",45.701607,5.88347,9.75,14,15.5,180,null
"2019-03-14T06:56:46.000Z",45.701607,5.88347,6.25,12,15.5,180,null
"2019-03-14T07:00:46.000Z",45.701607,5.88347,7.75,14,18,180,null
"2019-03-14T07:04:50.000Z",45.701607,5.88347,4.5,13,18,180,null
"2019-03-14T07:08:50.000Z",45.701607,5.88347,13,19.5,24.5,202.5,null
"2019-03-14T07:12:50.000Z",45.701607,5.88347,17.5,20.5,23,202.5,null
"2019-03-14T07:16:54.000Z",45.701607,5.88347,16.5,20,22.5,202.5,null
"2019-03-14T07:20:54.000Z",45.701607,5.88347,15.5,19,22.5,202.5,null
"2019-03-14T07:24:54.000Z",45.701607,5.88347,18,20,23,202.5,null
"2019-03-14T07:28:58.000Z",45.701607,5.88347,16,19.5,22.5,202.5,null
"2019-03-14T07:32:58.000Z",45.701607,5.88347,15,18,20,202.5,null
"2019-03-14T07:36:58.000Z",45.701607,5.88347,14.5,17,19.5,202.5,null
"2019-03-14T07:41:02.000Z",45.701607,5.88347,15.5,18.5,23.5,202.5,null
"2019-03-14T07:45:02.000Z",45.701607,5.88347,13.5,16.5,20,202.5,null
"2019-03-14T07:49:02.000Z",45.701607,5.88347,14,17,20,202.5,null
"2019-03-14T07:53:06.000Z",45.701607,5.88347,12,16,20,202.5,null
"2019-03-14T07:57:06.000Z",45.701607,5.88347,12,15,19,202.5,null
"2019-03-14T08:01:06.000Z",45.701607,5.88347,12.5,14.5,18,202.5,null
"2019-03-14T08:05:10.000Z",45.701607,5.88347,11.5,14.5,18.5,202.5,null
"2019-03-14T08:09:10.000Z",45.701607,5.88347,11,14.5,18,202.5,null
"2019-03-14T08:13:10.000Z",45.701607,5.88347,10.5,13.5,18.5,202.5,null
"2019-03-14T08:17:15.000Z",45.701607,5.88347,13.5,15.5,18,225,null
"2019-03-14T08:21:15.000Z",45.701607,5.88347,11,14,16.5,202.5,null
"2019-03-14T08:25:15.000Z",45.701607,5.88347,10,15,19.5,225,null
"2019-03-14T08:29:19.000Z",45.701607,5.88347,12,15,18,225,null
"2019-03-14T08:33:19.000Z",45.701607,5.88347,12.5,14.5,16.5,225,null
"2019-03-14T08:37:19.000Z",45.701607,5.88347,12.5,16,19,225,null
"2019-03-14T08:41:22.000Z",45.701607,5.88347,13.5,17,19,225,null
"2019-03-14T08:45:22.000Z",45.701607,5.88347,13,15.5,18,225,null
"2019-03-14T08:49:22.000Z",45.701607,5.88347,13,15.5,17,225,null
"2019-03-14T08:53:26.000Z",45.701607,5.88347,13.5,15.5,17.5,225,null
"2019-03-14T08:57:26.000Z",45.701607,5.88347,14.5,16.5,19.5,225,null
"2019-03-14T09:01:26.000Z",45.701607,5.88347,15,18,21,225,null
"2019-03-14T09:05:31.000Z",45.701607,5.88347,13.5,16.5,19,225,null
"2019-03-14T09:09:31.000Z",45.701607,5.88347,12,15,17,225,null
"2019-03-14T09:13:31.000Z",45.701607,5.88347,13.5,17,19.5,225,null
"2019-03-14T09:17:34.000Z",45.701607,5.88347,13.5,18,22.5,225,null
"2019-03-14T09:21:34.000Z",45.701607,5.88347,16,19.5,22.5,225,null
"2019-03-14T09:25:34.000Z",45.701607,5.88347,16,19.5,24.5,225,null
"2019-03-14T09:29:39.000Z",45.701607,5.88347,15.5,19.5,24.5,225,null
"2019-03-14T09:33:39.000Z",45.701607,5.88347,13,17.5,20.5,225,null
"2019-03-14T09:37:39.000Z",45.701607,5.88347,15,18,20.5,225,null
"2019-03-14T09:41:42.000Z",45.701607,5.88347,16,18.5,22,225,null
"2019-03-14T09:45:42.000Z",45.701607,5.88347,14.5,17,19.5,225,null
"2019-03-14T09:49:42.000Z",45.701607,5.88347,13.5,16.5,19.5,225,null
"2019-03-14T09:53:47.000Z",45.701607,5.88347,14,17,21.5,225,null
"2019-03-14T09:57:47.000Z",45.701607,5.88347,14.5,17.5,21,225,null
"2019-03-14T10:01:47.000Z",45.701607,5.88347,12,15.5,18.5,225,null
"2019-03-14T10:05:51.000Z",45.701607,5.88347,14,16,19,225,null
"2019-03-14T10:09:51.000Z",45.701607,5.88347,13.5,16,18,202.5,null
"2019-03-14T10:13:51.000Z",45.701607,5.88347,12,15,17.5,225,null
"2019-03-14T10:17:54.000Z",45.701607,5.88347,13.5,16,18,225,null
"2019-03-14T10:21:54.000Z",45.701607,5.88347,13,15,17,202.5,null
"2019-03-14T10:25:54.000Z",45.701607,5.88347,15,17,20,225,null
"2019-03-14T10:29:59.000Z",45.701607,5.88347,13,16.5,21,225,null
"2019-03-14T10:33:59.000Z",45.701607,5.88347,11,14,16.5,225,null
"2019-03-14T10:37:59.000Z",45.701607,5.88347,11,13,14.5,202.5,null
"2019-03-14T10:42:02.000Z",45.701607,5.88347,11,12.5,14.5,202.5,null
"2019-03-14T10:46:02.000Z",45.701607,5.88347,10,11.5,13.5,202.5,null
"2019-03-14T10:50:02.000Z",45.701607,5.88347,11,13,15.5,225,null
"2019-03-14T10:54:07.000Z",45.701607,5.88347,7.25,9.75,13,225,null
"2019-03-14T10:58:07.000Z",45.701607,5.88347,9,10.5,12.5,225,null
"2019-03-14T11:02:07.000Z",45.701607,5.88347,6.5,9.25,12,225,null
"2019-03-14T11:06:11.000Z",45.701607,5.88347,7.25,10.5,14.5,202.5,null
"2019-03-14T11:10:11.000Z",45.701607,5.88347,8.75,11,13,202.5,null
"2019-03-14T11:14:11.000Z",45.701607,5.88347,9,14,17.5,225,null
"2019-03-14T11:18:15.000Z",45.701607,5.88347,12,15.5,19,225,null
"2019-03-14T11:22:15.000Z",45.701607,5.88347,13,16.5,22.5,202.5,null
"2019-03-14T11:26:15.000Z",45.701607,5.88347,12,15.5,20,225,null
"2019-03-14T11:30:19.000Z",45.701607,5.88347,13.5,18,24.5,202.5,null
"2019-03-14T11:34:19.000Z",45.701607,5.88347,15,18,21,202.5,null
"2019-03-14T11:38:19.000Z",45.701607,5.88347,15,19.5,23.5,225,null
"2019-03-14T11:42:23.000Z",45.701607,5.88347,15.5,19.5,23,225,null
"2019-03-14T11:46:23.000Z",45.701607,5.88347,19,22,27,225,null
"2019-03-14T11:50:23.000Z",45.701607,5.88347,19.5,22.5,26,225,null
"2019-03-14T11:54:27.000Z",45.701607,5.88347,20,23,27,225,null
"2019-03-14T11:58:27.000Z",45.701607,5.88347,16.5,21,26,202.5,null
"2019-03-14T12:02:27.000Z",45.701607,5.88347,20.5,24.5,29,225,null
"2019-03-14T12:06:32.000Z",45.701607,5.88347,19.5,23,25.5,225,null
"2019-03-14T12:10:32.000Z",45.701607,5.88347,18.5,22,25.5,225,null
"2019-03-14T12:14:32.000Z",45.701607,5.88347,18,20.5,23.5,225,null
"2019-03-14T12:18:35.000Z",45.701607,5.88347,18,21,25.5,225,null
"2019-03-14T12:22:35.000Z",45.701607,5.88347,21,24.5,29,225,null
"2019-03-14T12:26:35.000Z",45.701607,5.88347,18,21.5,24.5,225,null
"2019-03-14T12:30:40.000Z",45.701607,5.88347,17,21,24.5,202.5,null
"2019-03-14T12:34:40.000Z",45.701607,5.88347,18,20.5,23.5,202.5,null
"2019-03-14T12:38:40.000Z",45.701607,5.88347,13,18.5,22.5,225,null
"2019-03-14T12:42:43.000Z",45.701607,5.88347,18,27,34,225,null
"2019-03-14T12:46:43.000Z",45.701607,5.88347,9.5,18.5,28.5,202.5,null
"2019-03-14T12:50:43.000Z",45.701607,5.88347,13.5,19,25,225,null
"2019-03-14T12:54:48.000Z",45.701607,5.88347,14.5,19.5,25.5,202.5,null
"2019-03-14T12:58:48.000Z",45.701607,5.88347,16.5,21.5,27,225,null
"2019-03-14T13:02:48.000Z",45.701607,5.88347,16.5,23,29.5,225,null
"2019-03-14T13:06:52.000Z",45.701607,5.88347,15.5,19,22.5,225,null
"2019-03-14T13:10:52.000Z",45.701607,5.88347,14.5,18.5,22.5,225,null
"2019-03-14T13:14:52.000Z",45.701607,5.88347,15.5,20,27.5,225,null
"2019-03-14T13:18:56.000Z",45.701607,5.88347,14.5,18.5,22,225,null
"2019-03-14T13:22:56.000Z",45.701607,5.88347,16,19.5,24.5,225,null
"2019-03-14T13:26:56.000Z",45.701607,5.88347,17.5,21.5,28,225,null
"2019-03-14T13:30:59.000Z",45.701607,5.88347,15,19.5,23.5,225,null
"2019-03-14T13:34:59.000Z",45.701607,5.88347,16.5,21.5,25,225,null
"2019-03-14T13:38:59.000Z",45.701607,5.88347,18,21.5,26,225,null
"2019-03-14T13:43:04.000Z",45.701607,5.88347,18,22,27,225,null
"2019-03-14T13:47:04.000Z",45.701607,5.88347,20,24.5,29,225,null
"2019-03-14T13:51:04.000Z",45.701607,5.88347,18.5,24,29.5,225,null
"2019-03-14T13:55:16.000Z",45.701607,5.88347,20,24.5,31.5,225,null
"2019-03-14T13:59:16.000Z",45.701607,5.88347,22.5,27.5,34,225,null
"2019-03-14T14:03:16.000Z",45.701607,5.88347,21.5,28.5,34,225,null
"2019-03-14T14:07:20.000Z",45.701607,5.88347,21,27.5,36,202.5,null
"2019-03-14T14:11:20.000Z",45.701607,5.88347,24.5,30.5,35,202.5,null
"2019-03-14T14:15:20.000Z",45.701607,5.88347,26,31,35,202.5,null
"2019-03-14T14:19:23.000Z",45.701607,5.88347,22.5,30.5,37,225,null
"2019-03-14T14:23:23.000Z",45.701607,5.88347,26,31.5,39,202.5,null
"2019-03-14T14:27:23.000Z",45.701607,5.88347,24,31,37,202.5,null
"2019-03-14T14:31:28.000Z",45.701607,5.88347,26.5,32,37,202.5,null
"2019-03-14T14:35:28.000Z",45.701607,5.88347,24,33.5,43,202.5,null
"2019-03-14T14:39:28.000Z",45.701607,5.88347,26.5,34,40.5,202.5,null
"2019-03-14T14:43:32.000Z",45.701607,5.88347,24,31,38.5,202.5,null
"2019-03-14T14:47:32.000Z",45.701607,5.88347,25.5,34,40.5,225,null
"2019-03-14T14:51:32.000Z",45.701607,5.88347,24.5,32.5,39,225,null
"2019-03-14T14:55:36.000Z",45.701607,5.88347,27,31,36,202.5,null
"2019-03-14T14:59:36.000Z",45.701607,5.88347,23.5,29.5,35.5,225,null
"2019-03-14T15:03:36.000Z",45.701607,5.88347,23.5,30.5,38.5,225,null
"2019-03-14T15:07:40.000Z",45.701607,5.88347,24,31.5,40.5,225,null
"2019-03-14T15:11:40.000Z",45.701607,5.88347,24.5,30,38,225,null
"2019-03-14T15:15:40.000Z",45.701607,5.88347,24,29,35,225,null
"2019-03-14T15:19:44.000Z",45.701607,5.88347,23,30,36.5,225,null
"2019-03-14T15:23:44.000Z",45.701607,5.88347,22.5,28.5,36,225,null
"2019-03-14T15:27:44.000Z",45.701607,5.88347,23.5,30,36,225,null
"2019-03-14T15:31:49.000Z",45.701607,5.88347,23.5,29.5,37,225,null
"2019-03-14T15:35:49.000Z",45.701607,5.88347,24.5,30,36,202.5,null
"2019-03-14T15:39:49.000Z",45.701607,5.88347,24.5,30.5,38,225,null
"2019-03-14T15:43:53.000Z",45.701607,5.88347,25,29,35,225,null
"2019-03-14T15:47:53.000Z",45.701607,5.88347,22,27.5,38,202.5,null
"2019-03-14T15:51:53.000Z",45.701607,5.88347,24,29,38.5,225,null
"2019-03-14T15:55:57.000Z",45.701607,5.88347,24,30,38,202.5,null
"2019-03-14T15:59:57.000Z",45.701607,5.88347,24,30,37,225,null
"2019-03-14T16:03:57.000Z",45.701607,5.88347,28,32.5,38.5,225,null
"2019-03-14T16:08:01.000Z",45.701607,5.88347,26,31,38,225,null
"2019-03-14T16:12:01.000Z",45.701607,5.88347,26,31.5,36,225,null
"2019-03-14T16:16:01.000Z",45.701607,5.88347,26.5,31,36,225,null
"2019-03-14T16:20:05.000Z",45.701607,5.88347,27,32,38,225,null
"2019-03-14T16:24:05.000Z",45.701607,5.88347,26,30.5,37.5,202.5,null
"2019-03-14T16:28:05.000Z",45.701607,5.88347,23.5,29,35,225,null
"2019-03-14T16:32:08.000Z",45.701607,5.88347,23.5,28.5,35,225,null
"2019-03-14T16:36:08.000Z",45.701607,5.88347,23,27,33,225,null
"2019-03-14T16:40:08.000Z",45.701607,5.88347,20.5,25.5,30.5,225,null
"2019-03-14T16:44:12.000Z",45.701607,5.88347,21.5,25,30.5,225,null
"2019-03-14T16:48:12.000Z",45.701607,5.88347,22,26.5,33,225,null
"2019-03-14T16:52:12.000Z",45.701607,5.88347,22.5,26.5,31.5,225,null
"2019-03-14T16:56:17.000Z",45.701607,5.88347,23,27.5,31,225,null
"2019-03-14T17:00:17.000Z",45.701607,5.88347,20,26.5,31.5,225,null
"2019-03-14T17:04:17.000Z",45.701607,5.88347,19.5,24.5,30.5,225,null
"2019-03-14T17:08:21.000Z",45.701607,5.88347,23.5,26.5,31.5,225,null
"2019-03-14T17:12:21.000Z",45.701607,5.88347,18.5,25,31.5,225,null
"2019-03-14T17:16:21.000Z",45.701607,5.88347,19,24.5,28.5,225,null
"2019-03-14T17:20:25.000Z",45.701607,5.88347,20,25,29.5,225,null
"2019-03-14T17:24:25.000Z",45.701607,5.88347,20,24.5,30,225,null
"2019-03-14T17:28:25.000Z",45.701607,5.88347,21,26,32.5,225,null
"2019-03-14T17:32:29.000Z",45.701607,5.88347,20,25.5,29.5,225,null
"2019-03-14T17:36:29.000Z",45.701607,5.88347,20,25,30.5,225,null
"2019-03-14T17:40:29.000Z",45.701607,5.88347,19,25,29,225,null
"2019-03-14T17:44:33.000Z",45.701607,5.88347,22.5,27,30.5,225,null
"2019-03-14T17:48:33.000Z",45.701607,5.88347,20,25,28,225,null
"2019-03-14T17:52:33.000Z",45.701607,5.88347,23,26,29,225,null
"2019-03-14T17:56:37.000Z",45.701607,5.88347,20,24,28,225,null
"2019-03-14T18:00:37.000Z",45.701607,5.88347,19.5,24,28,225,null
"2019-03-14T18:04:37.000Z",45.701607,5.88347,22,26,30.5,225,null
"2019-03-14T18:08:40.000Z",45.701607,5.88347,21,26,32,225,null
"2019-03-14T18:12:40.000Z",45.701607,5.88347,22,24.5,28,225,null
"2019-03-14T18:16:40.000Z",45.701607,5.88347,20,24,27,225,null
"2019-03-14T18:20:45.000Z",45.701607,5.88347,19.5,24.5,29.5,225,null
"2019-03-14T18:24:45.000Z",45.701607,5.88347,21,24.5,29,202.5,null
"2019-03-14T18:28:45.000Z",45.701607,5.88347,22,26.5,31.5,202.5,null
"2019-03-14T18:32:49.000Z",45.701607,5.88347,18,23,28,202.5,null
"2019-03-14T18:36:49.000Z",45.701607,5.88347,18,23.5,28,202.5,null
"2019-03-14T18:40:49.000Z",45.701607,5.88347,18.5,22.5,26,202.5,null
"2019-03-14T18:44:53.000Z",45.701607,5.88347,18,23.5,28,202.5,null
"2019-03-14T18:48:53.000Z",45.701607,5.88347,21.5,25,30,202.5,null
"2019-03-14T18:52:53.000Z",45.701607,5.88347,19,23,26,202.5,null
"2019-03-14T18:56:58.000Z",45.701607,5.88347,18.5,22.5,27.5,202.5,null
"2019-03-14T19:00:58.000Z",45.701607,5.88347,19,24.5,27.5,202.5,null
"2019-03-14T19:04:58.000Z",45.701607,5.88347,19,23,26,202.5,null
"2019-03-14T19:09:01.000Z",45.701607,5.88347,18.5,23.5,27,202.5,null
"2019-03-14T19:13:01.000Z",45.701607,5.88347,19,23.5,28,202.5,null
"2019-03-14T19:17:01.000Z",45.701607,5.88347,20,24,27,202.5,null
"2019-03-14T19:21:06.000Z",45.701607,5.88347,19,24.5,27,202.5,null
"2019-03-14T19:25:06.000Z",45.701607,5.88347,19.5,23.5,27,202.5,null
"2019-03-14T19:29:06.000Z",45.701607,5.88347,16.5,22.5,27,202.5,null
"2019-03-14T19:33:10.000Z",45.701607,5.88347,13.5,21,24.5,180,null
"2019-03-14T19:37:10.000Z",45.701607,5.88347,13,20,24.5,180,null
"2019-03-14T19:41:10.000Z",45.701607,5.88347,18,22.5,26.5,180,null
"2019-03-14T19:45:14.000Z",45.701607,5.88347,11.5,18.5,23.5,180,null
"2019-03-14T19:49:14.000Z",45.701607,5.88347,14.5,19,22.5,180,null
"2019-03-14T19:53:14.000Z",45.701607,5.88347,17,22,27,180,null
"2019-03-14T19:57:18.000Z",45.701607,5.88347,11.5,22.5,28,202.5,null
"2019-03-14T20:01:18.000Z",45.701607,5.88347,20,23.5,26,202.5,null
"2019-03-14T20:05:18.000Z",45.701607,5.88347,18,23.5,28,180,null
"2019-03-14T20:09:22.000Z",45.701607,5.88347,21,25,30.5,202.5,null
"2019-03-14T20:13:22.000Z",45.701607,5.88347,21,26.5,30.5,180,null
"2019-03-14T20:17:22.000Z",45.701607,5.88347,15.5,24,30.5,180,null
"2019-03-14T20:21:26.000Z",45.701607,5.88347,13.5,22,27,180,null
"2019-03-14T20:25:26.000Z",45.701607,5.88347,16.5,23,27.5,180,null
"2019-03-14T20:29:26.000Z",45.701607,5.88347,18,22.5,27.5,180,null
"2019-03-14T20:33:30.000Z",45.701607,5.88347,17.5,24.5,30.5,202.5,null
"2019-03-14T20:37:30.000Z",45.701607,5.88347,18,25,29,202.5,null
"2019-03-14T20:41:30.000Z",45.701607,5.88347,21,25,28.5,202.5,null
"2019-03-14T20:45:34.000Z",45.701607,5.88347,18,22.5,29,202.5,null
"2019-03-14T20:49:34.000Z",45.701607,5.88347,17,24,31.5,202.5,null
"2019-03-14T20:53:34.000Z",45.701607,5.88347,19,25.5,32,202.5,null
"2019-03-14T20:57:38.000Z",45.701607,5.88347,18,24,28,202.5,null
"2019-03-14T21:01:38.000Z",45.701607,5.88347,14,22,27,180,null
"2019-03-14T21:05:38.000Z",45.701607,5.88347,20,26,30.5,180,null
"2019-03-14T21:09:42.000Z",45.701607,5.88347,14.5,23.5,30,180,null
"2019-03-14T21:13:42.000Z",45.701607,5.88347,20,27,30.5,202.5,null
"2019-03-14T21:17:42.000Z",45.701607,5.88347,17.5,27.5,32,180,null
"2019-03-14T21:21:46.000Z",45.701607,5.88347,19,24,28,202.5,null
"2019-03-14T21:25:46.000Z",45.701607,5.88347,16,24.5,30.5,180,null
"2019-03-14T21:29:46.000Z",45.701607,5.88347,23,28,33,202.5,null
"2019-03-14T21:33:50.000Z",45.701607,5.88347,21,26.5,32.5,202.5,null
"2019-03-14T21:37:50.000Z",45.701607,5.88347,22.5,29.5,35,202.5,null
"2019-03-14T21:41:50.000Z",45.701607,5.88347,23.5,28.5,32.5,202.5,null
"2019-03-14T21:45:54.000Z",45.701607,5.88347,22,28.5,33,180,null
"2019-03-14T21:49:54.000Z",45.701607,5.88347,19,28,35,180,null
"2019-03-14T21:53:54.000Z",45.701607,5.88347,21,30.5,37,202.5,null
"2019-03-14T21:57:58.000Z",45.701607,5.88347,16.5,27.5,35,180,null
"2019-03-14T22:01:58.000Z",45.701607,5.88347,24.5,29,34.5,202.5,null
"2019-03-14T22:05:58.000Z",45.701607,5.88347,23.5,29,35,202.5,null
"2019-03-14T22:10:02.000Z",45.701607,5.88347,26,32,36,180,null
"2019-03-14T22:14:02.000Z",45.701607,5.88347,23.5,32,38.5,202.5,null
"2019-03-14T22:18:02.000Z",45.701607,5.88347,21.5,30,35.5,202.5,null
"2019-03-14T22:22:06.000Z",45.701607,5.88347,24.5,32,39,202.5,null
"2019-03-14T22:26:06.000Z",45.701607,5.88347,23.5,31,38,202.5,null
"2019-03-14T22:30:06.000Z",45.701607,5.88347,24.5,30,35,202.5,null
"2019-03-14T22:34:10.000Z",45.701607,5.88347,23.5,31.5,36.5,202.5,null
"2019-03-14T22:38:10.000Z",45.701607,5.88347,27,32.5,37.5,202.5,null
"2019-03-14T22:42:10.000Z",45.701607,5.88347,23.5,29.5,35,202.5,null
"2019-03-14T22:46:15.000Z",45.701607,5.88347,26,31,36,202.5,null
"2019-03-14T22:50:15.000Z",45.701607,5.88347,11.5,28.5,38.5,202.5,null
"2019-03-14T22:54:15.000Z",45.701607,5.88347,18.5,26,32,202.5,null
"2019-03-14T22:58:19.000Z",45.701607,5.88347,20,27,33,202.5,null
"2019-03-14T23:02:19.000Z",45.701607,5.88347,15.5,27.5,32.5,180,null
"2019-03-14T23:06:19.000Z",45.701607,5.88347,9.75,26.5,33.5,202.5,null
"2019-03-14T23:10:22.000Z",45.701607,5.88347,24,29.5,34,202.5,null
"2019-03-14T23:14:22.000Z",45.701607,5.88347,19,26.5,35.5,180,null
"2019-03-14T23:18:22.000Z",45.701607,5.88347,23.5,29.5,35.5,202.5,null
"2019-03-14T23:22:27.000Z",45.701607,5.88347,22,27.5,30.5,202.5,null
"2019-03-14T23:26:27.000Z",45.701607,5.88347,12.5,24.5,30,180,null
"2019-03-14T23:30:27.000Z",45.701607,5.88347,13,23.5,29,180,null
"2019-03-14T23:34:30.000Z",45.701607,5.88347,9.5,21.5,26.5,180,null
"2019-03-14T23:38:30.000Z",45.701607,5.88347,19.5,25,29,180,null
"2019-03-14T23:42:30.000Z",45.701607,5.88347,15,21.5,26,180,null
"2019-03-14T23:46:35.000Z",45.701607,5.88347,14.5,25,32,180,null
"2019-03-14T23:50:35.000Z",45.701607,5.88347,17,27,32,180,null
"2019-03-14T23:54:35.000Z",45.701607,5.88347,15.5,25,30.5,180,null
"2019-03-14T23:58:38.000Z",45.701607,5.88347,17,24.5,28,180,null
"2019-03-15T00:02:38.000Z",45.701607,5.88347,11,26,32,180,null
"2019-03-15T00:06:38.000Z",45.701607,5.88347,21,29,34,180,null
"2019-03-15T00:10:43.000Z",45.701607,5.88347,19,27,33.5,180,null
"2019-03-15T00:14:43.000Z",45.701607,5.88347,26,30.5,36,202.5,null
"2019-03-15T00:18:43.000Z",45.701607,5.88347,25.5,31,35.5,202.5,null
"2019-03-15T00:22:47.000Z",45.701607,5.88347,27,33.5,39.5,202.5,null
"2019-03-15T00:26:47.000Z",45.701607,5.88347,27,33.5,39,202.5,null
"2019-03-15T00:30:47.000Z",45.701607,5.88347,29,34.5,39.5,202.5,null
"2019-03-15T00:34:51.000Z",45.701607,5.88347,24.5,31,35.5,180,null
"2019-03-15T00:38:51.000Z",45.701607,5.88347,26.5,33,39.5,202.5,null
"2019-03-15T00:42:51.000Z",45.701607,5.88347,24.5,32,35,202.5,null
"2019-03-15T00:46:55.000Z",45.701607,5.88347,27.5,32,36.5,202.5,null
"2019-03-15T00:50:55.000Z",45.701607,5.88347,26.5,32,37.5,202.5,null
"2019-03-15T00:54:55.000Z",45.701607,5.88347,26,32,38.5,202.5,null
"2019-03-15T00:58:59.000Z",45.701607,5.88347,26.5,31.5,36.5,202.5,null
"2019-03-15T01:02:59.000Z",45.701607,5.88347,24,30,36,202.5,null
"2019-03-15T01:06:59.000Z",45.701607,5.88347,24,29,34.5,202.5,null
"2019-03-15T01:11:03.000Z",45.701607,5.88347,29.5,33,38.5,202.5,null
"2019-03-15T01:15:03.000Z",45.701607,5.88347,25.5,32,36.5,202.5,null
"2019-03-15T01:19:03.000Z",45.701607,5.88347,26,31,36,202.5,null
"2019-03-15T01:23:07.000Z",45.701607,5.88347,23,32,36.5,202.5,null
"2019-03-15T01:27:07.000Z",45.701607,5.88347,24,32.5,38.5,202.5,null
"2019-03-15T01:31:07.000Z",45.701607,5.88347,18,29.5,36.5,202.5,null
"2019-03-15T01:35:11.000Z",45.701607,5.88347,24.5,31.5,37,202.5,null
"2019-03-15T01:39:11.000Z",45.701607,5.88347,27,31.5,38,202.5,null
"2019-03-15T01:43:11.000Z",45.701607,5.88347,29,33.5,37.5,202.5,null
"2019-03-15T01:47:15.000Z",45.701607,5.88347,27,33.5,37.5,202.5,null
"2019-03-15T01:51:15.000Z",45.701607,5.88347,30.5,35.5,40.5,202.5,null
"2019-03-15T01:55:15.000Z",45.701607,5.88347,26,33.5,37.5,202.5,null
"2019-03-15T01:59:20.000Z",45.701607,5.88347,26.5,33.5,39,202.5,null
"2019-03-15T02:03:20.000Z",45.701607,5.88347,26,31.5,37,202.5,null
"2019-03-15T02:07:20.000Z",45.701607,5.88347,26,33.5,38.5,202.5,null
"2019-03-15T02:11:23.000Z",45.701607,5.88347,26,31.5,36,202.5,null
"2019-03-15T02:15:23.000Z",45.701607,5.88347,27,32.5,37.5,202.5,null
"2019-03-15T02:19:23.000Z",45.701607,5.88347,26,31.5,36,202.5,null
"2019-03-15T02:23:27.000Z",45.701607,5.88347,24,30.5,36.5,202.5,null
"2019-03-15T02:27:27.000Z",45.701607,5.88347,26,31.5,38.5,202.5,null
"2019-03-15T02:31:27.000Z",45.701607,5.88347,26.5,32,38.5,202.5,null
"2019-03-15T02:35:32.000Z",45.701607,5.88347,26,33.5,39,202.5,null
"2019-03-15T02:39:32.000Z",45.701607,5.88347,25.5,33,39.5,202.5,null
"2019-03-15T02:43:32.000Z",45.701607,5.88347,29,33.5,39.5,202.5,null
"2019-03-15T02:47:35.000Z",45.701607,5.88347,27.5,33,39.5,202.5,null
"2019-03-15T02:51:35.000Z",45.701607,5.88347,29,34.5,40.5,202.5,null
"2019-03-15T02:55:35.000Z",45.701607,5.88347,28,34,40.5,202.5,null
"2019-03-15T02:59:40.000Z",45.701607,5.88347,29.5,35,41,202.5,null
"2019-03-15T03:03:40.000Z",45.701607,5.88347,30,37.5,44,202.5,null
"2019-03-15T03:07:40.000Z",45.701607,5.88347,27,35.5,42,202.5,null
"2019-03-15T03:11:44.000Z",45.701607,5.88347,25,32.5,37.5,202.5,null
"2019-03-15T03:15:44.000Z",45.701607,5.88347,27.5,32,36.5,202.5,null
"2019-03-15T03:19:44.000Z",45.701607,5.88347,30.5,35,41.5,202.5,null
"2019-03-15T03:23:48.000Z",45.701607,5.88347,30,36,41,202.5,null
"2019-03-15T03:27:48.000Z",45.701607,5.88347,29,34,40.5,202.5,null
"2019-03-15T03:31:48.000Z",45.701607,5.88347,28.5,35.5,42,202.5,null
"2019-03-15T03:35:52.000Z",45.701607,5.88347,28,35.5,42,202.5,null
"2019-03-15T03:39:52.000Z",45.701607,5.88347,28.5,34.5,38.5,202.5,null
"2019-03-15T03:43:52.000Z",45.701607,5.88347,28,33.5,38.5,202.5,null
"2019-03-15T03:47:55.000Z",45.701607,5.88347,29,36,43,202.5,null
"2019-03-15T03:51:55.000Z",45.701607,5.88347,28.5,35.5,40.5,202.5,null
"2019-03-15T03:55:55.000Z",45.701607,5.88347,31,37.5,44.5,202.5,null
"2019-03-15T03:59:59.000Z",45.701607,5.88347,24,32.5,39,202.5,null
"2019-03-15T04:03:59.000Z",45.701607,5.88347,29,37.5,43.5,202.5,null
"2019-03-15T04:07:59.000Z",45.701607,5.88347,28,35,39.5,202.5,null
"2019-03-15T04:12:04.000Z",45.701607,5.88347,28.5,34.5,40.5,202.5,null
"2019-03-15T04:16:04.000Z",45.701607,5.88347,28,35,40,202.5,null
"2019-03-15T04:20:04.000Z",45.701607,5.88347,26.5,34,39,202.5,null
"2019-03-15T04:24:08.000Z",45.701607,5.88347,29,33.5,39.5,202.5,null
"2019-03-15T04:28:08.000Z",45.701607,5.88347,27,34.5,40.5,202.5,null
"2019-03-15T04:32:08.000Z",45.701607,5.88347,28,34.5,38.5,202.5,null
"2019-03-15T04:36:11.000Z",45.701607,5.88347,27,33.5,39,202.5,null
"2019-03-15T04:40:11.000Z",45.701607,5.88347,27,33.5,40.5,202.5,null
"2019-03-15T04:44:11.000Z",45.701607,5.88347,27,33.5,39,202.5,null
"2019-03-15T04:48:16.000Z",45.701607,5.88347,25.5,31.5,37,202.5,null
"2019-03-15T04:52:16.000Z",45.701607,5.88347,26,31.5,39.5,202.5,null
"2019-03-15T04:56:16.000Z",45.701607,5.88347,26.5,33,39.5,202.5,null
"2019-03-15T05:00:20.000Z",45.701607,5.88347,22.5,29.5,34.5,202.5,null
"2019-03-15T05:04:20.000Z",45.701607,5.88347,21.5,28.5,34.5,202.5,null
"2019-03-15T05:08:20.000Z",45.701607,5.88347,22,28.5,34,202.5,null
"2019-03-15T05:12:24.000Z",45.701607,5.88347,20.5,25.5,35,202.5,null
"2019-03-15T05:16:24.000Z",45.701607,5.88347,23.5,28.5,34,202.5,null
"2019-03-15T05:20:24.000Z",45.701607,5.88347,15,26.5,32.5,180,null
"2019-03-15T05:24:28.000Z",45.701607,5.88347,24,29.5,37.5,202.5,null
"2019-03-15T05:28:28.000Z",45.701607,5.88347,17.5,27.5,31.5,180,null
"2019-03-15T05:32:28.000Z",45.701607,5.88347,21,27.5,34,180,null
"2019-03-15T05:36:32.000Z",45.701607,5.88347,16.5,26,31.5,180,null
"2019-03-15T05:40:32.000Z",45.701607,5.88347,18,27,34,180,null
"2019-03-15T05:44:32.000Z",45.701607,5.88347,23,29,33,180,null
"2019-03-15T05:48:36.000Z",45.701607,5.88347,22.5,28,35.5,202.5,null
"2019-03-15T05:52:36.000Z",45.701607,5.88347,23.5,30.5,37.5,202.5,null
"2019-03-15T05:56:36.000Z",45.701607,5.88347,18.5,28.5,34.5,180,null
"2019-03-15T06:00:40.000Z",45.701607,5.88347,18.5,26,31,180,null
"2019-03-15T06:04:40.000Z",45.701607,5.88347,19.5,28.5,37,180,null
"2019-03-15T06:08:40.000Z",45.701607,5.88347,22,31,37,180,null
"2019-03-15T06:12:44.000Z",45.701607,5.88347,21.5,28,34,180,null
"2019-03-15T06:16:44.000Z",45.701607,5.88347,23.5,28.5,35.5,180,null
"2019-03-15T06:20:44.000Z",45.701607,5.88347,19,28.5,34,180,null
"2019-03-15T06:24:48.000Z",45.701607,5.88347,16.5,27,33,180,null
"2019-03-15T06:28:48.000Z",45.701607,5.88347,15.5,27,31.5,180,null
"2019-03-15T06:32:48.000Z",45.701607,5.88347,14.5,24.5,32.5,180,null
"2019-03-15T06:36:52.000Z",45.701607,5.88347,19,27,33,180,null
"2019-03-15T06:40:52.000Z",45.701607,5.88347,19.5,27.5,34.5,180,null
"2019-03-15T06:44:52.000Z",45.701607,5.88347,19.5,29,35.5,180,null
"2019-03-15T06:48:56.000Z",45.701607,5.88347,17.5,29.5,36.5,180,null
"2019-03-15T06:52:56.000Z",45.701607,5.88347,18.5,28,34,180,null
"2019-03-15T06:56:56.000Z",45.701607,5.88347,23.5,29.5,35,180,null
"2019-03-15T07:01:01.000Z",45.701607,5.88347,22,28.5,33.5,180,null
"2019-03-15T07:05:01.000Z",45.701607,5.88347,16.5,25.5,33.5,180,null
"2019-03-15T07:09:01.000Z",45.701607,5.88347,14.5,23.5,32,180,null
"2019-03-15T07:13:04.000Z",45.701607,5.88347,19,25.5,31,180,null
"2019-03-15T07:17:04.000Z",45.701607,5.88347,13.5,23.5,28.5,180,null
"2019-03-15T07:21:04.000Z",45.701607,5.88347,13,22.5,27.5,180,null
"2019-03-15T07:25:09.000Z",45.701607,5.88347,9.75,22.5,29,180,null
"2019-03-15T07:29:09.000Z",45.701607,5.88347,13,22.5,29,157.5,null
"2019-03-15T07:33:09.000Z",45.701607,5.88347,14.5,23,29,180,null
"2019-03-15T07:37:13.000Z",45.701607,5.88347,16.5,24,28,180,null
"2019-03-15T07:41:13.000Z",45.701607,5.88347,15.5,23.5,28,180,null
"2019-03-15T07:45:13.000Z",45.701607,5.88347,17.5,24.5,30,180,null
"2019-03-15T07:49:16.000Z",45.701607,5.88347,16.5,23.5,30,180,null
"2019-03-15T07:53:16.000Z",45.701607,5.88347,18,24,31,180,null
"2019-03-15T07:57:16.000Z",45.701607,5.88347,15,26.5,34,180,null
"2019-03-15T08:01:21.000Z",45.701607,5.88347,14.5,26.5,32,157.5,null
"2019-03-15T08:05:21.000Z",45.701607,5.88347,20,26.5,32,180,null
"2019-03-15T08:09:21.000Z",45.701607,5.88347,15.5,24,32.5,157.5,null
"2019-03-15T08:13:25.000Z",45.701607,5.88347,14.5,24,29,180,null
"2019-03-15T08:17:25.000Z",45.701607,5.88347,14.5,22,27.5,180,null
"2019-03-15T08:21:25.000Z",45.701607,5.88347,14.5,23,29.5,180,null
"2019-03-15T08:25:28.000Z",45.701607,5.88347,12.5,22,27.5,180,null
"2019-03-15T08:29:28.000Z",45.701607,5.88347,16.5,22,28,180,null
"2019-03-15T08:33:28.000Z",45.701607,5.88347,15.5,22.5,27,180,null
"2019-03-15T08:37:33.000Z",45.701607,5.88347,14.5,22.5,27.5,180,null
"2019-03-15T08:41:33.000Z",45.701607,5.88347,15.5,22,27,180,null
"2019-03-15T08:45:33.000Z",45.701607,5.88347,12,19,24,180,null
"2019-03-15T08:49:37.000Z",45.701607,5.88347,15.5,22.5,27,180,null
"2019-03-15T08:53:37.000Z",45.701607,5.88347,15.5,20.5,24.5,180,null
"2019-03-15T08:57:37.000Z",45.701607,5.88347,13,19.5,23.5,202.5,null
"2019-03-15T09:01:41.000Z",45.701607,5.88347,9.75,18.5,23,202.5,null
"2019-03-15T09:05:41.000Z",45.701607,5.88347,8.25,16,20.5,180,null
"2019-03-15T09:09:41.000Z",45.701607,5.88347,7.75,17.5,22.5,180,null
"2019-03-15T09:13:45.000Z",45.701607,5.88347,11,17.5,21.5,180,null
"2019-03-15T09:17:45.000Z",45.701607,5.88347,10.5,17,21,180,null
"2019-03-15T09:21:45.000Z",45.701607,5.88347,11.5,18,22.5,157.5,null
"2019-03-15T09:25:49.000Z",45.701607,5.88347,9.5,15,20,157.5,null
"2019-03-15T09:29:49.000Z",45.701607,5.88347,11.5,17,21,180,null
"2019-03-15T09:33:49.000Z",45.701607,5.88347,12,16,19.5,180,null
"2019-03-15T09:37:53.000Z",45.701607,5.88347,10,15,21,157.5,null
"2019-03-15T09:41:53.000Z",45.701607,5.88347,3.75,8.75,13.5,157.5,null
"2019-03-15T09:45:53.000Z",45.701607,5.88347,7,11,19,157.5,null
"2019-03-15T09:49:57.000Z",45.701607,5.88347,6.25,12,20.5,157.5,null
"2019-03-15T09:53:57.000Z",45.701607,5.88347,5.5,10,16.5,157.5,null
"2019-03-15T09:57:57.000Z",45.701607,5.88347,8.25,14.5,22,157.5,null
"2019-03-15T10:02:01.000Z",45.701607,5.88347,8.75,14,20,157.5,null
"2019-03-15T10:06:01.000Z",45.701607,5.88347,9.5,15,20,157.5,null
"2019-03-15T10:10:01.000Z",45.701607,5.88347,7,14.5,20.5,157.5,null
"2019-03-15T10:14:05.000Z",45.701607,5.88347,9.5,16,20,157.5,null
"2019-03-15T10:18:05.000Z",45.701607,5.88347,9,14.5,19,157.5,null
"2019-03-15T10:22:05.000Z",45.701607,5.88347,7,12,16,157.5,null
"2019-03-15T10:26:10.000Z",45.701607,5.88347,8.75,13.5,16.5,157.5,null
"2019-03-15T10:30:10.000Z",45.701607,5.88347,8.25,14.5,18,157.5,null
"2019-03-15T10:34:10.000Z",45.701607,5.88347,7.75,15,18,157.5,null
"2019-03-15T10:38:14.000Z",45.701607,5.88347,5.5,11.5,18,157.5,null
"2019-03-15T10:42:14.000Z",45.701607,5.88347,5.5,13,16,180,null
"2019-03-15T10:46:14.000Z",45.701607,5.88347,5.5,12.5,18.5,157.5,null
"2019-03-15T10:50:17.000Z",45.701607,5.88347,7.75,13.5,17.5,157.5,null
"2019-03-15T10:54:17.000Z",45.701607,5.88347,6,13,16.5,157.5,null
"2019-03-15T10:58:17.000Z",45.701607,5.88347,2.75,8.75,16.5,157.5,null
"2019-03-15T11:02:21.000Z",45.701607,5.88347,6,13.5,18,180,null
"2019-03-15T11:06:21.000Z",45.701607,5.88347,8,13,16.5,180,null
"2019-03-15T11:10:21.000Z",45.701607,5.88347,12.5,16.5,19,180,null
"2019-03-15T11:14:26.000Z",45.701607,5.88347,4.5,11.5,20.5,157.5,null
"2019-03-15T11:18:26.000Z",45.701607,5.88347,7,12,18.5,180,null
"2019-03-15T11:22:26.000Z",45.701607,5.88347,4.5,11,14.5,157.5,null
"2019-03-15T11:26:30.000Z",45.701607,5.88347,6,13,18,157.5,null
"2019-03-15T11:30:30.000Z",45.701607,5.88347,7.75,14.5,19,157.5,null
"2019-03-15T11:34:30.000Z",45.701607,5.88347,6,12.5,19,157.5,null
"2019-03-15T11:38:34.000Z",45.701607,5.88347,12.5,16,18.5,180,null
"2019-03-15T11:42:34.000Z",45.701607,5.88347,7,15,19,157.5,null
"2019-03-15T11:46:34.000Z",45.701607,5.88347,8,14,16.5,157.5,null
"2019-03-15T11:50:37.000Z",45.701607,5.88347,7.25,12,16.5,157.5,null
"2019-03-15T11:54:37.000Z",45.701607,5.88347,3.75,8.75,14,157.5,null
"2019-03-15T11:58:37.000Z",45.701607,5.88347,2.75,7,12.5,157.5,null
"2019-03-15T12:02:42.000Z",45.701607,5.88347,1.75,5.25,9.75,157.5,null
"2019-03-15T12:06:42.000Z",45.701607,5.88347,2.75,6.25,11,135,null
"2019-03-15T12:10:42.000Z",45.701607,5.88347,4.25,9,12,180,null
"2019-03-15T12:14:46.000Z",45.701607,5.88347,7,10,12,180,null
"2019-03-15T12:18:46.000Z",45.701607,5.88347,2.75,5.75,11,157.5,null
"2019-03-15T12:22:46.000Z",45.701607,5.88347,2,5.5,8.25,135,null
"2019-03-15T12:26:50.000Z",45.701607,5.88347,3.75,6.25,10.5,157.5,null
"2019-03-15T12:30:50.000Z",45.701607,5.88347,5.25,9.75,13.5,157.5,null
"2019-03-15T12:34:50.000Z",45.701607,5.88347,5.25,9.25,13,157.5,null
"2019-03-15T12:38:54.000Z",45.701607,5.88347,4.75,10,14.5,157.5,null
"2019-03-15T12:42:54.000Z",45.701607,5.88347,2.75,8.75,13,157.5,null
"2019-03-15T12:46:54.000Z",45.701607,5.88347,1.5,4.75,9.75,157.5,null
"2019-03-15T12:50:58.000Z",45.701607,5.88347,6,10,12,180,null
"2019-03-15T12:54:58.000Z",45.701607,5.88347,5.25,12.5,14.5,202.5,null
"2019-03-15T12:58:58.000Z",45.701607,5.88347,3.25,9,13,180,null
"2019-03-15T13:03:02.000Z",45.701607,5.88347,1.75,7.5,11,157.5,null
"2019-03-15T13:07:02.000Z",45.701607,5.88347,5.5,8.25,11,180,null
"2019-03-15T13:11:02.000Z",45.701607,5.88347,2.75,9.5,13,180,null
"2019-03-15T13:15:06.000Z",45.701607,5.88347,9,12.5,15,202.5,null
"2019-03-15T13:19:06.000Z",45.701607,5.88347,8.25,13,16,202.5,null
"2019-03-15T13:23:06.000Z",45.701607,5.88347,7.25,10,13,180,null
"2019-03-15T13:27:11.000Z",45.701607,5.88347,5.25,10,13,180,null
"2019-03-15T13:31:11.000Z",45.701607,5.88347,7,9.25,11,180,null
"2019-03-15T13:35:11.000Z",45.701607,5.88347,9,11,13,180,null
"2019-03-15T13:39:14.000Z",45.701607,5.88347,8.75,13.5,15.5,202.5,null
"2019-03-15T13:43:14.000Z",45.701607,5.88347,8,10.5,13,180,null
"2019-03-15T13:47:14.000Z",45.701607,5.88347,8.75,10.5,11.5,180,null
"2019-03-15T13:51:18.000Z",45.701607,5.88347,6.5,10,11,180,null
"2019-03-15T13:55:18.000Z",45.701607,5.88347,5.5,8.75,11.5,157.5,null
"2019-03-15T13:59:18.000Z",45.701607,5.88347,7,9.75,12,157.5,null
"2019-03-15T14:04:08.000Z",45.701607,5.88347,4.5,7.75,11,180,null
"2019-03-15T14:08:08.000Z",45.701607,5.88347,4.25,8,12,157.5,null
"2019-03-15T14:12:08.000Z",45.701607,5.88347,5.5,7.5,9.75,180,null
"2019-03-15T14:16:13.000Z",45.701607,5.88347,4.5,8.25,10,202.5,null
"2019-03-15T14:20:13.000Z",45.701607,5.88347,5.25,7.25,8.25,180,null
"2019-03-15T14:24:13.000Z",45.701607,5.88347,2.75,6,8.25,180,null
"2019-03-15T14:28:16.000Z",45.701607,5.88347,3.25,7.25,9,180,null
"2019-03-15T14:32:16.000Z",45.701607,5.88347,3.5,5.25,7.25,180,null
"2019-03-15T14:36:16.000Z",45.701607,5.88347,2.5,4.25,6,180,null
"2019-03-15T14:40:21.000Z",45.701607,5.88347,1.5,4.25,7.25,157.5,null
"2019-03-15T14:44:21.000Z",45.701607,5.88347,5.25,6.5,7.75,157.5,null
"2019-03-15T14:48:21.000Z",45.701607,5.88347,1,4.25,7.25,135,null
"2019-03-15T14:52:24.000Z",45.701607,5.88347,0.25,2.75,7,157.5,null
"2019-03-15T14:56:24.000Z",45.701607,5.88347,1,4.5,7.25,180,null
"2019-03-15T15:00:24.000Z",45.701607,5.88347,7.75,9.25,12,202.5,null
"2019-03-15T15:04:29.000Z",45.701607,5.88347,2.5,8.25,10,180,null
"2019-03-15T15:08:29.000Z",45.701607,5.88347,3.75,6.75,8.75,180,null
"2019-03-15T15:12:29.000Z",45.701607,5.88347,5.25,7.75,9.5,180,null
"2019-03-15T15:16:33.000Z",45.701607,5.88347,3.25,6.25,9,180,null
"2019-03-15T15:20:33.000Z",45.701607,5.88347,5.25,9,11.5,202.5,null
"2019-03-15T15:24:33.000Z",45.701607,5.88347,8.25,9.75,11,202.5,null
"2019-03-15T15:28:37.000Z",45.701607,5.88347,3.75,7,9,202.5,null
"2019-03-15T15:32:37.000Z",45.701607,5.88347,8.25,9.5,10,202.5,null
"2019-03-15T15:36:37.000Z",45.701607,5.88347,6.5,9,10.5,180,null
"2019-03-15T15:40:41.000Z",45.701607,5.88347,7.25,10,11.5,180,null
"2019-03-15T15:44:41.000Z",45.701607,5.88347,2.75,9,11,180,null
"2019-03-15T15:48:41.000Z",45.701607,5.88347,6.5,9.25,10.5,180,null
"2019-03-15T15:52:44.000Z",45.701607,5.88347,6.25,8.25,10,180,null
"2019-03-15T15:56:44.000Z",45.701607,5.88347,4.25,7.5,9.5,180,null
"2019-03-15T16:00:44.000Z",45.701607,5.88347,2,5,9.5,135,null
"2019-03-15T16:04:49.000Z",45.701607,5.88347,1.5,4.5,7.75,157.5,null
"2019-03-15T16:08:49.000Z",45.701607,5.88347,3.25,7.25,11.5,157.5,null
"2019-03-15T16:12:49.000Z",45.701607,5.88347,2.5,6.25,11,157.5,null
"2019-03-15T16:16:53.000Z",45.701607,5.88347,2,4,8.75,135,null
"2019-03-15T16:20:53.000Z",45.701607,5.88347,1.5,4.25,7.25,157.5,null
"2019-03-15T16:24:53.000Z",45.701607,5.88347,2,3.75,6.5,157.5,null
"2019-03-15T16:28:57.000Z",45.701607,5.88347,1,2.75,4.5,157.5,null
"2019-03-15T16:32:57.000Z",45.701607,5.88347,2.75,5,7.25,157.5,null
"2019-03-15T16:36:57.000Z",45.701607,5.88347,3.5,5.25,7.75,157.5,null
"2019-03-15T16:41:01.000Z",45.701607,5.88347,4.75,8.5,12,202.5,null
"2019-03-15T16:45:01.000Z",45.701607,5.88347,5.5,8.5,11,225,null
"2019-03-15T16:49:01.000Z",45.701607,5.88347,8,9,10,225,null
"2019-03-15T16:53:05.000Z",45.701607,5.88347,8.25,9.5,11,225,null
"2019-03-15T16:57:05.000Z",45.701607,5.88347,3.25,6.25,9.75,180,null
"2019-03-15T17:01:05.000Z",45.701607,5.88347,5.5,7.25,8.25,225,null
"2019-03-15T17:05:09.000Z",45.701607,5.88347,6.5,7.25,8.25,225,null
"2019-03-15T17:09:09.000Z",45.701607,5.88347,4.75,7,8.75,180,null
"2019-03-15T17:13:09.000Z",45.701607,5.88347,1.75,3.75,7,157.5,null
"2019-03-15T17:17:13.000Z",45.701607,5.88347,2,3,4.25,112.5,null
"2019-03-15T17:21:13.000Z",45.701607,5.88347,0.75,2.5,4.5,135,null
"2019-03-15T17:25:13.000Z",45.701607,5.88347,0,1.25,3.5,135,null
"2019-03-15T17:29:17.000Z",45.701607,5.88347,0,1.75,6,112.5,null
"2019-03-15T17:33:17.000Z",45.701607,5.88347,0,0.75,2.5,202.5,null
"2019-03-15T17:37:17.000Z",45.701607,5.88347,0,0,0.25,202.5,null
"2019-03-15T17:41:21.000Z",45.701607,5.88347,0,2.25,4.75,247.5,null
"2019-03-15T17:45:21.000Z",45.701607,5.88347,2.75,4.5,6.5,225,null
"2019-03-15T17:49:21.000Z",45.701607,5.88347,4.75,6.5,7.25,202.5,null
"2019-03-15T17:53:25.000Z",45.701607,5.88347,1.5,5.5,6.5,202.5,null
"2019-03-15T17:57:25.000Z",45.701607,5.88347,2,3.75,6,157.5,null
"2019-03-15T18:01:25.000Z",45.701607,5.88347,1.5,4,6.25,180,null
"2019-03-15T18:05:30.000Z",45.701607,5.88347,3.25,7,9.75,225,null
"2019-03-15T18:09:30.000Z",45.701607,5.88347,6.25,9.5,13,202.5,null
"2019-03-15T18:13:30.000Z",45.701607,5.88347,7.25,9.5,12.5,225,null
"2019-03-15T18:17:34.000Z",45.701607,5.88347,4.75,9.75,13,247.5,null
"2019-03-15T18:21:34.000Z",45.701607,5.88347,10,13.5,15.5,225,null
"2019-03-15T18:25:34.000Z",45.701607,5.88347,9.5,12,14.5,202.5,null
"2019-03-15T18:29:37.000Z",45.701607,5.88347,0,2.5,11,157.5,null
"2019-03-15T18:33:37.000Z",45.701607,5.88347,1.5,3,4.25,90,null
"2019-03-15T18:37:37.000Z",45.701607,5.88347,0,2.5,6.25,135,null
"2019-03-15T18:41:41.000Z",45.701607,5.88347,2.5,4.5,6.25,157.5,null
"2019-03-15T18:45:41.000Z",45.701607,5.88347,2,4.25,7,112.5,null
"2019-03-15T18:49:41.000Z",45.701607,5.88347,1.75,3.5,6.5,90,null
"2019-03-15T18:53:45.000Z",45.701607,5.88347,1,4,7.75,90,null
"2019-03-15T18:57:45.000Z",45.701607,5.88347,1,3.5,7,135,null
"2019-03-15T19:01:45.000Z",45.701607,5.88347,1.75,4.25,6.25,157.5,null
"2019-03-15T19:05:50.000Z",45.701607,5.88347,2.75,4,6,180,null
"2019-03-15T19:09:50.000Z",45.701607,5.88347,2,5.75,8,202.5,null
"2019-03-15T19:13:50.000Z",45.701607,5.88347,3.5,6.5,8,202.5,null
"2019-03-15T19:17:54.000Z",45.701607,5.88347,6.25,8.25,9.75,202.5,null
"2019-03-15T19:21:54.000Z",45.701607,5.88347,4.75,7.5,9.5,202.5,null
"2019-03-15T19:25:54.000Z",45.701607,5.88347,3.25,4.5,6.5,180,null
"2019-03-15T19:29:58.000Z",45.701607,5.88347,1.75,4,6.25,202.5,null
"2019-03-15T19:33:58.000Z",45.701607,5.88347,2.5,6.5,11,202.5,null
"2019-03-15T19:37:58.000Z",45.701607,5.88347,4.25,8.75,13.5,202.5,null
"2019-03-15T19:42:01.000Z",45.701607,5.88347,11,13,15,202.5,null
"2019-03-15T19:46:01.000Z",45.701607,5.88347,9,10.5,14.5,202.5,null
"2019-03-15T19:50:01.000Z",45.701607,5.88347,1.75,6,9,202.5,null
"2019-03-15T19:54:06.000Z",45.701607,5.88347,1.75,4.25,5.5,180,null
"2019-03-15T19:58:06.000Z",45.701607,5.88347,0.25,2.25,6,247.5,null
"2019-03-15T20:02:06.000Z",45.701607,5.88347,0,2.5,12.5,315,null
"2019-03-15T20:06:10.000Z",45.701607,5.88347,0.75,6,11,337.5,null
"2019-03-15T20:10:10.000Z",45.701607,5.88347,0.75,4.5,7.75,157.5,null
"2019-03-15T20:14:10.000Z",45.701607,5.88347,0,1.25,4.25,157.5,null
"2019-03-15T20:18:13.000Z",45.701607,5.88347,1.75,3.75,6.25,247.5,null
"2019-03-15T20:22:13.000Z",45.701607,5.88347,1,3.75,6.5,157.5,null
"2019-03-15T20:26:13.000Z",45.701607,5.88347,0.25,2.75,5.25,135,null
"2019-03-15T20:30:17.000Z",45.701607,5.88347,1.75,3.25,5.5,135,null
"2019-03-15T20:34:17.000Z",45.701607,5.88347,0.25,2,3.5,157.5,null
"2019-03-15T20:38:17.000Z",45.701607,5.88347,0,5,10.5,225,null
"2019-03-15T20:42:22.000Z",45.701607,5.88347,7.25,9.5,12,225,null
"2019-03-15T20:46:22.000Z",45.701607,5.88347,4.5,7.75,11,180,null
"2019-03-15T20:50:22.000Z",45.701607,5.88347,3.25,7,12,180,null
"2019-03-15T20:54:26.000Z",45.701607,5.88347,8,9.5,11,202.5,null
"2019-03-15T20:58:26.000Z",45.701607,5.88347,7.25,11,13,225,null
"2019-03-15T21:02:26.000Z",45.701607,5.88347,11,12,13,202.5,null
"2019-03-15T21:06:30.000Z",45.701607,5.88347,9.5,10.5,12,202.5,null
"2019-03-15T21:10:30.000Z",45.701607,5.88347,7.75,10.5,14.5,202.5,null
"2019-03-15T21:14:30.000Z",45.701607,5.88347,8.25,10.5,13,202.5,null
"2019-03-15T21:18:34.000Z",45.701607,5.88347,4.25,8.75,11.5,180,null
"2019-03-15T21:22:34.000Z",45.701607,5.88347,4.5,8,11,157.5,null
"2019-03-15T21:26:34.000Z",45.701607,5.88347,1,4.5,8,157.5,null
"2019-03-15T21:30:38.000Z",45.701607,5.88347,1.75,6,11.5,180,null
"2019-03-15T21:34:38.000Z",45.701607,5.88347,2,5.5,8,157.5,null
"2019-03-15T21:38:38.000Z",45.701607,5.88347,2,4.75,8,135,null
"2019-03-15T21:42:42.000Z",45.701607,5.88347,2.5,4.75,7.25,135,null
"2019-03-15T21:46:42.000Z",45.701607,5.88347,3.25,4.75,8.75,135,null
"2019-03-15T21:50:42.000Z",45.701607,5.88347,2.5,5.25,8,135,null
"2019-03-15T21:54:47.000Z",45.701607,5.88347,3.75,5.75,9.75,135,null
"2019-03-15T21:58:47.000Z",45.701607,5.88347,2,4,6.5,135,null
"2019-03-15T22:02:47.000Z",45.701607,5.88347,0.25,3.75,8.25,135,null
"2019-03-15T22:06:51.000Z",45.701607,5.88347,1,3.25,6.5,135,null
"2019-03-15T22:10:51.000Z",45.701607,5.88347,0.75,4.25,8,157.5,null
"2019-03-15T22:14:51.000Z",45.701607,5.88347,1.75,5.75,10.5,157.5,null
"2019-03-15T22:18:54.000Z",45.701607,5.88347,2.75,6.25,9.5,157.5,null
"2019-03-15T22:22:54.000Z",45.701607,5.88347,2.5,6,8.75,202.5,null
"2019-03-15T22:26:54.000Z",45.701607,5.88347,3.25,6.25,8.75,225,null
"2019-03-15T22:30:58.000Z",45.701607,5.88347,5.5,8,9.75,202.5,null
"2019-03-15T22:34:58.000Z",45.701607,5.88347,3.5,5.75,8.25,157.5,null
"2019-03-15T22:38:58.000Z",45.701607,5.88347,3.25,4.75,8,135,null
"2019-03-15T22:43:03.000Z",45.701607,5.88347,0.25,3,5.5,135,null
"2019-03-15T22:47:03.000Z",45.701607,5.88347,1,2.5,4.5,157.5,null
"2019-03-15T22:51:03.000Z",45.701607,5.88347,1.75,4.25,7.25,157.5,null
"2019-03-15T22:55:06.000Z",45.701607,5.88347,3.75,5,6.5,180,null
"2019-03-15T22:59:06.000Z",45.701607,5.88347,3.25,5,6,180,null
"2019-03-15T23:03:06.000Z",45.701607,5.88347,2.75,4.75,6.25,157.5,null
"2019-03-15T23:07:11.000Z",45.701607,5.88347,1.75,4.25,6.25,157.5,null
"2019-03-15T23:11:11.000Z",45.701607,5.88347,2,4.25,7.75,157.5,null
"2019-03-15T23:15:11.000Z",45.701607,5.88347,0.25,4.5,7.25,157.5,null
"2019-03-15T23:19:15.000Z",45.701607,5.88347,0.75,3.75,6.5,157.5,null
"2019-03-15T23:23:15.000Z",45.701607,5.88347,2,5,7,157.5,null
"2019-03-15T23:27:15.000Z",45.701607,5.88347,4.75,7.75,11,157.5,null
"2019-03-15T23:31:19.000Z",45.701607,5.88347,3.5,7,10,157.5,null
"2019-03-15T23:35:19.000Z",45.701607,5.88347,1.5,3.25,7,180,null
"2019-03-15T23:39:19.000Z",45.701607,5.88347,1.75,4,7.25,135,null
"2019-03-15T23:43:23.000Z",45.701607,5.88347,1.5,2.75,5.25,112.5,null
"2019-03-15T23:47:23.000Z",45.701607,5.88347,1.75,2.75,4.25,112.5,null
"2019-03-15T23:51:23.000Z",45.701607,5.88347,1.5,2.75,4.25,90,null
"2019-03-15T23:55:26.000Z",45.701607,5.88347,1,2,3.75,90,null
"2019-03-15T23:59:26.000Z",45.701607,5.88347,1,2.25,5.5,112.5,null
"2019-03-16T00:03:26.000Z",45.701607,5.88347,0.75,1.75,3.5,90,null
"2019-03-16T00:07:31.000Z",45.701607,5.88347,0.25,2.25,5.25,90,null
"2019-03-16T00:11:31.000Z",45.701607,5.88347,0.25,2.75,4.75,112.5,null
"2019-03-16T00:15:31.000Z",45.701607,5.88347,0,1.5,4.5,112.5,null
"2019-03-16T00:19:35.000Z",45.701607,5.88347,0,1.75,4.25,90,null
"2019-03-16T00:23:35.000Z",45.701607,5.88347,0,0.75,2.75,337.5,null
"2019-03-16T00:27:35.000Z",45.701607,5.88347,0,0,0.75,45,null
"2019-03-16T00:31:39.000Z",45.701607,5.88347,0,0.25,1.75,0,null
"2019-03-16T00:35:39.000Z",45.701607,5.88347,0,1,1.75,22.5,null
"2019-03-16T00:39:39.000Z",45.701607,5.88347,0,0,0.75,22.5,null
"2019-03-16T00:43:43.000Z",45.701607,5.88347,0,0,0.25,135,null
"2019-03-16T00:47:43.000Z",45.701607,5.88347,0,0,0,135,null
"2019-03-16T00:51:43.000Z",45.701607,5.88347,0,1.5,4.25,90,null
"2019-03-16T00:55:47.000Z",45.701607,5.88347,1,2.5,4.75,90,null
"2019-03-16T00:59:47.000Z",45.701607,5.88347,1,2.5,4.75,90,null
"2019-03-16T01:03:47.000Z",45.701607,5.88347,1,2.75,4.5,112.5,null
"2019-03-16T01:07:51.000Z",45.701607,5.88347,0,0.5,2,135,null
"2019-03-16T01:11:51.000Z",45.701607,5.88347,0,0.25,1.5,112.5,null
"2019-03-16T01:15:51.000Z",45.701607,5.88347,1.5,3,3.75,112.5,null
"2019-03-16T01:19:55.000Z",45.701607,5.88347,1,3,4.5,112.5,null
"2019-03-16T01:23:55.000Z",45.701607,5.88347,1.5,3.25,5.25,112.5,null
"2019-03-16T01:27:55.000Z",45.701607,5.88347,0,0.5,2,112.5,null
"2019-03-16T01:32:00.000Z",45.701607,5.88347,1.5,2.5,5.25,112.5,null
"2019-03-16T01:36:00.000Z",45.701607,5.88347,0.75,2,3.5,112.5,null
"2019-03-16T01:40:00.000Z",45.701607,5.88347,0,1,2.75,112.5,null
"2019-03-16T01:44:03.000Z",45.701607,5.88347,0,0.75,2,90,null
"2019-03-16T01:48:03.000Z",45.701607,5.88347,1,2,3.25,67.5,null
"2019-03-16T01:52:03.000Z",45.701607,5.88347,1.75,2.5,3.75,45,null
"2019-03-16T01:56:07.000Z",45.701607,5.88347,0.25,2.5,3.75,22.5,null
"2019-03-16T02:00:07.000Z",45.701607,5.88347,0,0.25,2,22.5,null
"2019-03-16T02:04:07.000Z",45.701607,5.88347,0,0.25,1.75,112.5,null
"2019-03-16T02:08:11.000Z",45.701607,5.88347,0,0.5,2,0,null
"2019-03-16T02:12:11.000Z",45.701607,5.88347,0,0.5,1.75,45,null
"2019-03-16T02:16:11.000Z",45.701607,5.88347,0,1.5,2.5,90,null
"2019-03-16T02:20:15.000Z",45.701607,5.88347,0,0.75,1.75,112.5,null
"2019-03-16T02:24:15.000Z",45.701607,5.88347,0.25,1.5,2.75,90,null
"2019-03-16T02:28:15.000Z",45.701607,5.88347,1,1.75,2.5,67.5,null
"2019-03-16T02:32:20.000Z",45.701607,5.88347,0,1,2.25,45,null
"2019-03-16T02:36:20.000Z",45.701607,5.88347,0,0,0.25,45,null
"2019-03-16T02:40:20.000Z",45.701607,5.88347,0,0,0,90,null
"2019-03-16T02:44:24.000Z",45.701607,5.88347,0,0,0,90,null
"2019-03-16T02:48:24.000Z",45.701607,5.88347,0,0,0,90,null
"2019-03-16T02:52:24.000Z",45.701607,5.88347,0,1.25,2.5,90,null
"2019-03-16T02:56:28.000Z",45.701607,5.88347,0,0,1,112.5,null
"2019-03-16T03:00:28.000Z",45.701607,5.88347,0,0,0.25,112.5,null
"2019-03-16T03:04:28.000Z",45.701607,5.88347,0,0,0.25,112.5,null
"2019-03-16T03:08:32.000Z",45.701607,5.88347,0,2,2.75,112.5,null
"2019-03-16T03:12:32.000Z",45.701607,5.88347,1.75,2.75,4.75,112.5,null
"2019-03-16T03:16:32.000Z",45.701607,5.88347,0,1.75,4.25,90,null
"2019-03-16T03:20:36.000Z",45.701607,5.88347,0,1.75,4.5,112.5,null
"2019-03-16T03:24:36.000Z",45.701607,5.88347,0.25,1.5,3.5,112.5,null
"2019-03-16T03:28:36.000Z",45.701607,5.88347,0,1.75,4.5,112.5,null
"2019-03-16T03:32:39.000Z",45.701607,5.88347,0,3,7,90,null
"2019-03-16T03:36:39.000Z",45.701607,5.88347,1.75,4,6,112.5,null
"2019-03-16T03:40:39.000Z",45.701607,5.88347,1.5,3,4.75,112.5,null
"2019-03-16T03:44:43.000Z",45.701607,5.88347,0.75,2,3.75,112.5,null
"2019-03-16T03:48:43.000Z",45.701607,5.88347,1,2,5.5,112.5,null
"2019-03-16T03:52:43.000Z",45.701607,5.88347,0.75,2.5,6.5,112.5,null
"2019-03-16T03:56:48.000Z",45.701607,5.88347,1.5,3,5.25,135,null
"2019-03-16T04:00:48.000Z",45.701607,5.88347,0.25,2,5.25,135,null
"2019-03-16T04:04:48.000Z",45.701607,5.88347,0,0.25,1.5,112.5,null
"2019-03-16T04:08:52.000Z",45.701607,5.88347,0,2,6,157.5,null
"2019-03-16T04:12:52.000Z",45.701607,5.88347,1.5,3.25,5.5,157.5,null
"2019-03-16T04:16:52.000Z",45.701607,5.88347,0.75,3,5.25,112.5,null
"2019-03-16T04:20:56.000Z",45.701607,5.88347,0,1,4.25,112.5,null
"2019-03-16T04:24:56.000Z",45.701607,5.88347,1.5,3.5,5.5,112.5,null
"2019-03-16T04:28:56.000Z",45.701607,5.88347,0,0.5,2.75,112.5,null
"2019-03-16T04:33:00.000Z",45.701607,5.88347,0,0.25,2.75,112.5,null
"2019-03-16T04:37:00.000Z",45.701607,5.88347,0,2,5.5,90,null
"2019-03-16T04:41:00.000Z",45.701607,5.88347,0,1.25,3.75,67.5,null
"2019-03-16T04:45:04.000Z",45.701607,5.88347,0,0,1,135,null
"2019-03-16T04:49:04.000Z",45.701607,5.88347,0,0.75,2.5,157.5,null
"2019-03-16T04:53:04.000Z",45.701607,5.88347,0,1.5,2.5,135,null
"2019-03-16T04:57:08.000Z",45.701607,5.88347,0.75,2,3.5,135,null
"2019-03-16T05:01:08.000Z",45.701607,5.88347,1.5,3.25,5.25,90,null
"2019-03-16T05:05:08.000Z",45.701607,5.88347,0,3.25,6,90,null
"2019-03-16T05:09:12.000Z",45.701607,5.88347,0.75,3.25,5.5,90,null
"2019-03-16T05:13:12.000Z",45.701607,5.88347,0,1.75,3.5,112.5,null
"2019-03-16T05:17:12.000Z",45.701607,5.88347,0.75,2,3.5,157.5,null
"2019-03-16T05:21:16.000Z",45.701607,5.88347,1.5,2.5,3.75,135,null
"2019-03-16T05:25:16.000Z",45.701607,5.88347,1.5,2.75,4.25,135,null
"2019-03-16T05:29:16.000Z",45.701607,5.88347,0,1.25,2.75,135,null
"2019-03-16T05:33:21.000Z",45.701607,5.88347,0.75,2,4.75,135,null
"2019-03-16T05:37:21.000Z",45.701607,5.88347,0,2.25,7,90,null
"2019-03-16T05:41:21.000Z",45.701607,5.88347,1,3,4.75,157.5,null
"2019-03-16T05:45:24.000Z",45.701607,5.88347,0,2,5.25,112.5,null
"2019-03-16T05:49:24.000Z",45.701607,5.88347,0,1.75,4.5,112.5,null
"2019-03-16T05:53:24.000Z",45.701607,5.88347,0.25,2.5,6.25,112.5,null
"2019-03-16T05:57:28.000Z",45.701607,5.88347,0,1.5,5.5,112.5,null
"2019-03-16T06:01:28.000Z",45.701607,5.88347,1,3.5,7,135,null
"2019-03-16T06:05:28.000Z",45.701607,5.88347,2,5,8.75,180,null
"2019-03-16T06:09:33.000Z",45.701607,5.88347,1.75,3.75,6.5,135,null
"2019-03-16T06:13:33.000Z",45.701607,5.88347,0.75,4.25,7.75,135,null
"2019-03-16T06:17:33.000Z",45.701607,5.88347,0.75,3.5,7.25,135,null
"2019-03-16T06:21:37.000Z",45.701607,5.88347,0.25,4,7.25,157.5,null
"2019-03-16T06:25:37.000Z",45.701607,5.88347,1.5,6,12,157.5,null
"2019-03-16T06:29:37.000Z",45.701607,5.88347,1,5.25,8.25,135,null
"2019-03-16T06:33:41.000Z",45.701607,5.88347,1.5,4,9.75,157.5,null
"2019-03-16T06:37:41.000Z",45.701607,5.88347,2.5,6,10,135,null
"2019-03-16T06:41:41.000Z",45.701607,5.88347,2,5.5,14.5,157.5,null
"2019-03-16T06:45:45.000Z",45.701607,5.88347,1.75,8.5,14,180,null
"2019-03-16T06:49:45.000Z",45.701607,5.88347,0.75,5.25,9.75,157.5,null
"2019-03-16T06:53:45.000Z",45.701607,5.88347,2.5,7.25,12,180,null
"2019-03-16T06:57:49.000Z",45.701607,5.88347,2,7.5,13.5,180,null
"2019-03-16T07:01:49.000Z",45.701607,5.88347,1.5,4.25,7.25,135,null
"2019-03-16T07:05:49.000Z",45.701607,5.88347,0.75,4.5,10,112.5,null
"2019-03-16T07:09:53.000Z",45.701607,5.88347,2,6.5,12,90,null
"2019-03-16T07:13:53.000Z",45.701607,5.88347,0.75,4.5,11,112.5,null
"2019-03-16T07:17:53.000Z",45.701607,5.88347,1,6.5,11.5,157.5,null
"2019-03-16T07:21:57.000Z",45.701607,5.88347,8.25,11.5,16,180,null
"2019-03-16T07:25:57.000Z",45.701607,5.88347,4.5,8.25,12.5,180,null
"2019-03-16T07:29:57.000Z",45.701607,5.88347,7.25,10,13,202.5,null
"2019-03-16T07:34:00.000Z",45.701607,5.88347,5.5,8.5,11,202.5,null
"2019-03-16T07:38:00.000Z",45.701607,5.88347,4.5,7.75,11,180,null
"2019-03-16T07:42:00.000Z",45.701607,5.88347,4.5,7.5,10,180,null
"2019-03-16T07:46:04.000Z",45.701607,5.88347,3.5,6.25,9,180,null
"2019-03-16T07:50:04.000Z",45.701607,5.88347,6.5,8.5,10.5,202.5,null
"2019-03-16T07:54:04.000Z",45.701607,5.88347,6.5,9.5,11,180,null
"2019-03-16T07:58:08.000Z",45.701607,5.88347,8,11.5,13.5,202.5,null
"2019-03-16T08:02:08.000Z",45.701607,5.88347,9,12,13.5,202.5,null
"2019-03-16T08:06:08.000Z",45.701607,5.88347,7,9.25,12,225,null
"2019-03-16T08:10:13.000Z",45.701607,5.88347,7.75,8.75,10.5,202.5,null
"2019-03-16T08:14:13.000Z",45.701607,5.88347,7,8.5,9.75,202.5,null
"2019-03-16T08:18:13.000Z",45.701607,5.88347,6,7.75,9,202.5,null
"2019-03-16T08:22:17.000Z",45.701607,5.88347,6.5,7.75,8.75,202.5,null
"2019-03-16T08:26:17.000Z",45.701607,5.88347,6.5,8,9.5,202.5,null
"2019-03-16T08:30:17.000Z",45.701607,5.88347,7.75,9,10,225,null
"2019-03-16T08:34:21.000Z",45.701607,5.88347,8,9,10,225,null
"2019-03-16T08:38:21.000Z",45.701607,5.88347,8,10.5,12,225,null
"2019-03-16T08:42:21.000Z",45.701607,5.88347,7.25,9.75,11,202.5,null
"2019-03-16T08:46:25.000Z",45.701607,5.88347,5.25,6.75,8,180,null
"2019-03-16T08:50:25.000Z",45.701607,5.88347,5.25,7.25,8.25,180,null
"2019-03-16T08:54:25.000Z",45.701607,5.88347,1.75,5.5,7,180,null
"2019-03-16T08:58:29.000Z",45.701607,5.88347,1.75,3.75,5.5,180,null
"2019-03-16T09:02:29.000Z",45.701607,5.88347,4.5,6,7.25,157.5,null
"2019-03-16T09:06:29.000Z",45.701607,5.88347,2.5,6.25,8,180,null
"2019-03-16T09:10:33.000Z",45.701607,5.88347,5.5,6.5,7.25,202.5,null
"2019-03-16T09:14:33.000Z",45.701607,5.88347,0.75,4.5,6,180,null
"2019-03-16T09:18:33.000Z",45.701607,5.88347,1.5,4.75,6.25,180,null
"2019-03-16T09:22:37.000Z",45.701607,5.88347,4.25,5.25,7.25,202.5,null
"2019-03-16T09:26:37.000Z",45.701607,5.88347,3.75,6.25,7.75,202.5,null
"2019-03-16T09:30:37.000Z",45.701607,5.88347,3.75,5.75,6.5,202.5,null
"2019-03-16T09:34:41.000Z",45.701607,5.88347,4.5,5.5,6.5,202.5,null
"2019-03-16T09:38:41.000Z",45.701607,5.88347,3.25,4.5,6,202.5,null
"2019-03-16T09:42:41.000Z",45.701607,5.88347,3.25,5.5,6.5,225,null
"2019-03-16T09:46:46.000Z",45.701607,5.88347,4.5,6,8.25,225,null
"2019-03-16T09:50:46.000Z",45.701607,5.88347,6.25,7.75,8.75,225,null
"2019-03-16T09:54:46.000Z",45.701607,5.88347,4.75,7,9,202.5,null
"2019-03-16T09:58:50.000Z",45.701607,5.88347,4.5,6,7.75,202.5,null
"2019-03-16T10:02:50.000Z",45.701607,5.88347,5.25,6,7.75,202.5,null
"2019-03-16T10:06:50.000Z",45.701607,5.88347,4.25,4.75,6,202.5,null
"2019-03-16T10:10:53.000Z",45.701607,5.88347,3.5,4.25,4.75,225,null
"2019-03-16T10:14:53.000Z",45.701607,5.88347,4.25,4.75,5.25,225,null
"2019-03-16T10:18:53.000Z",45.701607,5.88347,3.75,4.25,4.75,225,null
"2019-03-16T10:22:57.000Z",45.701607,5.88347,3.75,4.25,4.5,247.5,null
"2019-03-16T10:26:57.000Z",45.701607,5.88347,3.5,4.25,4.5,247.5,null
"2019-03-16T10:30:57.000Z",45.701607,5.88347,3.25,3.75,4.25,270,null
"2019-03-16T10:35:02.000Z",45.701607,5.88347,3.25,3.5,4.25,292.5,null
"2019-03-16T10:39:02.000Z",45.701607,5.88347,4.5,7,8.25,315,null
"2019-03-16T10:43:02.000Z",45.701607,5.88347,5.5,6.25,6.5,315,null
"2019-03-16T10:47:05.000Z",45.701607,5.88347,5.25,6,7,337.5,null
"2019-03-16T10:51:05.000Z",45.701607,5.88347,4.75,7.25,9,0,null
"2019-03-16T10:55:05.000Z",45.701607,5.88347,7,7.5,8.25,0,null
"2019-03-16T10:59:10.000Z",45.701607,5.88347,7,8.5,9.75,337.5,null
"2019-03-16T11:03:10.000Z",45.701607,5.88347,8.75,11,12,337.5,null
"2019-03-16T11:07:10.000Z",45.701607,5.88347,9.75,11,12,337.5,null
"2019-03-16T11:11:13.000Z",45.701607,5.88347,10.5,12,13,337.5,null
"2019-03-16T11:15:13.000Z",45.701607,5.88347,11,13,14.5,337.5,null
"2019-03-16T11:19:13.000Z",45.701607,5.88347,12,14,15.5,337.5,null
"2019-03-16T11:23:17.000Z",45.701607,5.88347,13,15.5,17.5,337.5,null
"2019-03-16T11:27:17.000Z",45.701607,5.88347,12,14,15.5,337.5,null
"2019-03-16T11:31:17.000Z",45.701607,5.88347,12,14,15.5,337.5,null
"2019-03-16T11:35:22.000Z",45.701607,5.88347,12,14,15,337.5,null
"2019-03-16T11:39:22.000Z",45.701607,5.88347,12.5,14.5,15.5,337.5,null
"2019-03-16T11:43:22.000Z",45.701607,5.88347,12,14.5,16,337.5,null
"2019-03-16T11:47:25.000Z",45.701607,5.88347,12,15,16.5,337.5,null
"2019-03-16T11:51:25.000Z",45.701607,5.88347,12,15,17,337.5,null
"2019-03-16T11:55:25.000Z",45.701607,5.88347,11,14,16,337.5,null
"2019-03-16T11:59:30.000Z",45.701607,5.88347,13,15.5,18,337.5,null
"2019-03-16T12:03:30.000Z",45.701607,5.88347,16,17.5,18.5,337.5,null
"2019-03-16T12:07:30.000Z",45.701607,5.88347,14.5,15.5,17.5,337.5,null
"2019-03-16T12:11:34.000Z",45.701607,5.88347,12,14,16,337.5,null
"2019-03-16T12:15:34.000Z",45.701607,5.88347,11,14,16.5,337.5,null
"2019-03-16T12:19:34.000Z",45.701607,5.88347,11,12.5,13.5,337.5,null
"2019-03-16T12:23:38.000Z",45.701607,5.88347,11.5,12.5,13.5,337.5,null
"2019-03-16T12:27:38.000Z",45.701607,5.88347,12,14.5,15.5,337.5,null
"2019-03-16T12:31:38.000Z",45.701607,5.88347,13,14,15.5,337.5,null
"2019-03-16T12:35:43.000Z",45.701607,5.88347,11,15.5,16,337.5,null
"2019-03-16T12:39:43.000Z",45.701607,5.88347,13,15.5,16,337.5,null
"2019-03-16T12:43:43.000Z",45.701607,5.88347,12.5,14,15.5,337.5,null
"2019-03-16T12:47:46.000Z",45.701607,5.88347,13,14.5,15.5,337.5,null
"2019-03-16T12:51:46.000Z",45.701607,5.88347,12,13.5,14.5,337.5,null
"2019-03-16T12:55:46.000Z",45.701607,5.88347,11,13,15,337.5,null
"2019-03-16T12:59:50.000Z",45.701607,5.88347,12,15.5,16.5,337.5,null
"2019-03-16T13:03:50.000Z",45.701607,5.88347,11,14,15.5,337.5,null
"2019-03-16T13:07:50.000Z",45.701607,5.88347,7.25,10.5,13,0,null
"2019-03-16T13:11:55.000Z",45.701607,5.88347,8.75,13,15,337.5,null
"2019-03-16T13:15:55.000Z",45.701607,5.88347,8,12,14,337.5,null
"2019-03-16T13:19:55.000Z",45.701607,5.88347,10,12.5,14,337.5,null
"2019-03-16T13:23:58.000Z",45.701607,5.88347,8.25,10.5,12,337.5,null
"2019-03-16T13:27:58.000Z",45.701607,5.88347,7.25,9.25,11.5,337.5,null
"2019-03-16T13:31:58.000Z",45.701607,5.88347,3.75,7.75,9.75,337.5,null
"2019-03-16T13:36:02.000Z",45.701607,5.88347,3.25,6,10.5,315,null
"2019-03-16T13:40:02.000Z",45.701607,5.88347,8,9.75,11.5,337.5,null
"2019-03-16T13:44:02.000Z",45.701607,5.88347,7.75,10.5,12.5,337.5,null
"2019-03-16T13:48:07.000Z",45.701607,5.88347,11.5,12.5,13,337.5,null
"2019-03-16T13:52:07.000Z",45.701607,5.88347,11.5,12,13,337.5,null
"2019-03-16T13:56:07.000Z",45.701607,5.88347,6.5,11,12.5,337.5,null
"2019-03-16T14:00:18.000Z",45.701607,5.88347,9.75,10.5,11,337.5,null
"2019-03-16T14:04:18.000Z",45.701607,5.88347,9.5,10.5,11.5,337.5,null
"2019-03-16T14:08:18.000Z",45.701607,5.88347,9.5,11,12,337.5,null
"2019-03-16T14:12:23.000Z",45.701607,5.88347,9.5,10,11,315,null
"2019-03-16T14:16:23.000Z",45.701607,5.88347,10.5,11.5,12.5,315,null
"2019-03-16T14:20:23.000Z",45.701607,5.88347,9.5,10.5,11.5,337.5,null
"2019-03-16T14:24:26.000Z",45.701607,5.88347,8,10,11,337.5,null
"2019-03-16T14:28:26.000Z",45.701607,5.88347,7,8.25,9.75,337.5,null
"2019-03-16T14:32:26.000Z",45.701607,5.88347,7.25,8.75,9.75,337.5,null
"2019-03-16T14:36:31.000Z",45.701607,5.88347,6.25,8.25,9.75,337.5,null
"2019-03-16T14:40:31.000Z",45.701607,5.88347,0,3.25,6.5,0,null
"2019-03-16T14:44:31.000Z",45.701607,5.88347,1.5,3.5,7.75,0,null
"2019-03-16T14:48:34.000Z",45.701607,5.88347,0.75,3.5,8,337.5,null
"2019-03-16T14:52:34.000Z",45.701607,5.88347,3.25,6,8,337.5,null
"2019-03-16T14:56:34.000Z",45.701607,5.88347,0.75,2.25,4.5,0,null
"2019-03-16T15:00:39.000Z",45.701607,5.88347,0.75,3.25,5.5,0,null
"2019-03-16T15:04:39.000Z",45.701607,5.88347,0.25,6.25,9.75,337.5,null
"2019-03-16T15:08:39.000Z",45.701607,5.88347,7,8.25,9.5,315,null
"2019-03-16T15:12:42.000Z",45.701607,5.88347,8,9,11,315,null
"2019-03-16T15:16:42.000Z",45.701607,5.88347,9.75,10,11,337.5,null
"2019-03-16T15:20:42.000Z",45.701607,5.88347,9,10,11,337.5,null
"2019-03-16T15:24:47.000Z",45.701607,5.88347,4.5,7.25,9.75,337.5,null
"2019-03-16T15:28:47.000Z",45.701607,5.88347,3.25,5.75,8.75,0,null
"2019-03-16T15:32:47.000Z",45.701607,5.88347,0.25,3.5,5.5,0,null
"2019-03-16T15:36:51.000Z",45.701607,5.88347,0.25,6,8,337.5,null
"2019-03-16T15:40:51.000Z",45.701607,5.88347,1,4,7,0,null
"2019-03-16T15:44:51.000Z",45.701607,5.88347,1.75,5.5,9.75,0,null
"2019-03-16T15:48:55.000Z",45.701607,5.88347,3.25,9.25,12,337.5,null
"2019-03-16T15:52:55.000Z",45.701607,5.88347,9,11.5,12.5,337.5,null
"2019-03-16T15:56:55.000Z",45.701607,5.88347,9.5,11.5,13,337.5,null
"2019-03-16T16:00:59.000Z",45.701607,5.88347,9,10,11,337.5,null
"2019-03-16T16:04:59.000Z",45.701607,5.88347,7.25,9,10.5,337.5,null
"2019-03-16T16:08:59.000Z",45.701607,5.88347,7.25,10,12,337.5,null
"2019-03-16T16:13:03.000Z",45.701607,5.88347,5.25,7.25,8.75,337.5,null
"2019-03-16T16:17:03.000Z",45.701607,5.88347,4.25,6.25,7.25,337.5,null
"2019-03-16T16:21:03.000Z",45.701607,5.88347,4.25,6.75,8.25,337.5,null
"2019-03-16T16:25:07.000Z",45.701607,5.88347,6.5,8.25,9.75,337.5,null
"2019-03-16T16:29:07.000Z",45.701607,5.88347,4.5,7,8.75,337.5,null
"2019-03-16T16:33:07.000Z",45.701607,5.88347,6,8.25,10.5,337.5,null
"2019-03-16T16:37:11.000Z",45.701607,5.88347,6,9.25,10,337.5,null
"2019-03-16T16:41:11.000Z",45.701607,5.88347,2,6,8,315,null
"2019-03-16T16:45:11.000Z",45.701607,5.88347,6.5,7.5,8.75,337.5,null
"2019-03-16T16:49:16.000Z",45.701607,5.88347,3.5,5.5,7.25,315,null
"2019-03-16T16:53:16.000Z",45.701607,5.88347,0,2.25,5.25,337.5,null
"2019-03-16T16:57:16.000Z",45.701607,5.88347,0,1.25,4.25,22.5,null
"2019-03-16T17:01:19.000Z",45.701607,5.88347,0,2,5.25,22.5,null
"2019-03-16T17:05:19.000Z",45.701607,5.88347,0,5.25,9.75,202.5,null
"2019-03-16T17:09:19.000Z",45.701607,5.88347,0,2.75,7,180,null
"2019-03-16T17:13:23.000Z",45.701607,5.88347,0,2.5,6.25,202.5,null
"2019-03-16T17:17:23.000Z",45.701607,5.88347,2,3.5,5.25,180,null
"2019-03-16T17:21:23.000Z",45.701607,5.88347,1.75,3,4.25,202.5,null
"2019-03-16T17:25:28.000Z",45.701607,5.88347,1.5,2.5,3.5,180,null
"2019-03-16T17:29:28.000Z",45.701607,5.88347,0.25,1.25,2.5,157.5,null
"2019-03-16T17:33:28.000Z",45.701607,5.88347,0,1.25,2.5,135,null
"2019-03-16T17:37:31.000Z",45.701607,5.88347,0,0.25,0.75,157.5,null
"2019-03-16T17:41:31.000Z",45.701607,5.88347,0,2.5,4.75,225,null
"2019-03-16T17:45:31.000Z",45.701607,5.88347,2.5,3.75,5.5,202.5,null
"2019-03-16T17:49:35.000Z",45.701607,5.88347,3.25,4.25,5.25,180,null
"2019-03-16T17:53:35.000Z",45.701607,5.88347,2.5,3.75,5.5,135,null
"2019-03-16T17:57:35.000Z",45.701607,5.88347,0.75,2,3.75,112.5,null
"2019-03-16T18:01:39.000Z",45.701607,5.88347,0.25,1.25,2.5,112.5,null
"2019-03-16T18:05:39.000Z",45.701607,5.88347,1.5,2.5,3.75,112.5,null
"2019-03-16T18:09:39.000Z",45.701607,5.88347,0,1.25,3.75,135,null
"2019-03-16T18:13:43.000Z",45.701607,5.88347,0,0.25,2,225,null
"2019-03-16T18:17:43.000Z",45.701607,5.88347,0,1.5,2.75,180,null
"2019-03-16T18:21:43.000Z",45.701607,5.88347,1.5,2.75,4.25,180,null
"2019-03-16T18:25:48.000Z",45.701607,5.88347,3.25,6,8.75,157.5,null
"2019-03-16T18:29:48.000Z",45.701607,5.88347,2.75,5.25,8,135,null
"2019-03-16T18:33:48.000Z",45.701607,5.88347,3.25,4.25,6.5,112.5,null
"2019-03-16T18:37:52.000Z",45.701607,5.88347,1,2.5,6,112.5,null
"2019-03-16T18:41:52.000Z",45.701607,5.88347,0.25,2.25,4.25,135,null
"2019-03-16T18:45:52.000Z",45.701607,5.88347,1.5,3.25,6,112.5,null
"2019-03-16T18:49:56.000Z",45.701607,5.88347,0,2,4.75,157.5,null
"2019-03-16T18:53:56.000Z",45.701607,5.88347,1.75,3.5,6.5,157.5,null
"2019-03-16T18:57:56.000Z",45.701607,5.88347,1.75,4,7.25,157.5,null
"2019-03-16T19:01:59.000Z",45.701607,5.88347,2,3.75,5.25,180,null
"2019-03-16T19:05:59.000Z",45.701607,5.88347,2.5,3.75,5.5,135,null
"2019-03-16T19:09:59.000Z",45.701607,5.88347,1,2.25,4.25,135,null
"2019-03-16T19:14:04.000Z",45.701607,5.88347,1.75,2.75,3.5,135,null
"2019-03-16T19:18:04.000Z",45.701607,5.88347,0.75,2.25,4.25,135,null
"2019-03-16T19:22:04.000Z",45.701607,5.88347,0,2.25,4.5,0,null
"2019-03-16T19:26:08.000Z",45.701607,5.88347,0,2.5,4,337.5,null
"2019-03-16T19:30:08.000Z",45.701607,5.88347,1,2.75,3.75,292.5,null
"2019-03-16T19:34:08.000Z",45.701607,5.88347,0,1,2.75,270,null
"2019-03-16T19:38:11.000Z",45.701607,5.88347,0,0,1.75,67.5,null
"2019-03-16T19:42:11.000Z",45.701607,5.88347,0.25,1.5,2.5,45,null
"2019-03-16T19:46:11.000Z",45.701607,5.88347,1.5,2.25,3.25,22.5,null
"2019-03-16T19:50:16.000Z",45.701607,5.88347,1,1.75,3.25,45,null
"2019-03-16T19:54:16.000Z",45.701607,5.88347,0,1.25,2,45,null
"2019-03-16T19:58:16.000Z",45.701607,5.88347,0,1.75,3.5,67.5,null
"2019-03-16T20:02:20.000Z",45.701607,5.88347,2.5,3.25,4.25,90,null
"2019-03-16T20:06:20.000Z",45.701607,5.88347,3.25,5.5,7,67.5,null
"2019-03-16T20:10:20.000Z",45.701607,5.88347,2.75,4.25,5.5,90,null
"2019-03-16T20:14:24.000Z",45.701607,5.88347,4.25,5.25,6.25,90,null
"2019-03-16T20:18:24.000Z",45.701607,5.88347,0,2,4.5,45,null
"2019-03-16T20:22:24.000Z",45.701607,5.88347,0,1.25,3.75,315,null
"2019-03-16T20:26:28.000Z",45.701607,5.88347,0,1.75,4.25,0,null
"2019-03-16T20:30:28.000Z",45.701607,5.88347,0,1.75,4.75,0,null
"2019-03-16T20:34:28.000Z",45.701607,5.88347,0,2.5,6,22.5,null
"2019-03-16T20:38:32.000Z",45.701607,5.88347,1,2.25,3.5,45,null
"2019-03-16T20:42:32.000Z",45.701607,5.88347,0,0.5,2,67.5,null
"2019-03-16T20:46:32.000Z",45.701607,5.88347,0,1,3.25,337.5,null
"2019-03-16T20:50:36.000Z",45.701607,5.88347,1,2.5,3.75,45,null
"2019-03-16T20:54:36.000Z",45.701607,5.88347,0,0.5,1.75,67.5,null
"2019-03-16T20:58:36.000Z",45.701607,5.88347,0,0,0,112.5,null
"2019-03-16T21:02:40.000Z",45.701607,5.88347,0,0,0,135,null
"2019-03-16T21:06:40.000Z",45.701607,5.88347,0,0,0,135,null
"2019-03-16T21:10:40.000Z",45.701607,5.88347,0,0.25,1.75,337.5,null
"2019-03-16T21:14:45.000Z",45.701607,5.88347,0,0,0,112.5,null
"2019-03-16T21:18:45.000Z",45.701607,5.88347,0,0,0.75,112.5,null
"2019-03-16T21:22:45.000Z",45.701607,5.88347,0,1,3.5,292.5,null
"2019-03-16T21:26:48.000Z",45.701607,5.88347,0,0,0.25,292.5,null
"2019-03-16T21:30:48.000Z",45.701607,5.88347,0,0,0,292.5,null
"2019-03-16T21:34:48.000Z",45.701607,5.88347,0,1.5,3.25,67.5,null
"2019-03-16T21:38:53.000Z",45.701607,5.88347,1.75,3,4.5,45,null
"2019-03-16T21:42:53.000Z",45.701607,5.88347,0.25,2.25,3.75,22.5,null
"2019-03-16T21:46:53.000Z",45.701607,5.88347,0,0.75,1.75,22.5,null
"2019-03-16T21:50:56.000Z",45.701607,5.88347,0,0.75,3.75,22.5,null
"2019-03-16T21:54:56.000Z",45.701607,5.88347,0,1,3.5,0,null
"2019-03-16T21:58:56.000Z",45.701607,5.88347,0,0.25,1.5,112.5,null
"2019-03-16T22:03:00.000Z",45.701607,5.88347,0,0,0.25,112.5,null
"2019-03-16T22:07:00.000Z",45.701607,5.88347,0,0,0,157.5,null
"2019-03-16T22:11:00.000Z",45.701607,5.88347,0,0,0.25,112.5,null
"2019-03-16T22:15:05.000Z",45.701607,5.88347,0,0,0,135,null
"2019-03-16T22:19:05.000Z",45.701607,5.88347,0,1.75,3.5,202.5,null
"2019-03-16T22:23:05.000Z",45.701607,5.88347,1,1.75,2.5,135,null
"2019-03-16T22:27:09.000Z",45.701607,5.88347,0.75,2,3.25,90,null
"2019-03-16T22:31:09.000Z",45.701607,5.88347,1,2.25,3.5,67.5,null
"2019-03-16T22:35:09.000Z",45.701607,5.88347,0,1.75,3.5,45,null
"2019-03-16T22:39:13.000Z",45.701607,5.88347,1.75,3.25,6.25,22.5,null
"2019-03-16T22:43:13.000Z",45.701607,5.88347,0,2.5,5.25,22.5,null
"2019-03-16T22:47:13.000Z",45.701607,5.88347,0.75,1.75,3.5,22.5,null
"2019-03-16T22:51:17.000Z",45.701607,5.88347,0,0.25,1.5,0,null
"2019-03-16T22:55:17.000Z",45.701607,5.88347,0,0,0.25,67.5,null
"2019-03-16T22:59:17.000Z",45.701607,5.88347,0.75,3.75,6.5,0,null
"2019-03-16T23:03:20.000Z",45.701607,5.88347,2,4.5,7.25,0,null
"2019-03-16T23:07:20.000Z",45.701607,5.88347,0,3,7.25,22.5,null
"2019-03-16T23:11:20.000Z",45.701607,5.88347,0,0,0.25,202.5,null
"2019-03-16T23:15:24.000Z",45.701607,5.88347,0,0,0,180,null
"2019-03-16T23:19:24.000Z",45.701607,5.88347,0,1.75,3.25,157.5,null
"2019-03-16T23:23:24.000Z",45.701607,5.88347,0.75,2.25,3.75,135,null
"2019-03-16T23:27:29.000Z",45.701607,5.88347,0,1,3.5,157.5,null
"2019-03-16T23:31:29.000Z",45.701607,5.88347,0,2,4.75,135,null
"2019-03-16T23:35:29.000Z",45.701607,5.88347,0,1.25,3.5,135,null
"2019-03-16T23:39:33.000Z",45.701607,5.88347,1.5,2.5,4,135,null
"2019-03-16T23:43:33.000Z",45.701607,5.88347,0,1.5,2.75,112.5,null
"2019-03-16T23:47:33.000Z",45.701607,5.88347,0,1,2,112.5,null
"2019-03-16T23:51:37.000Z",45.701607,5.88347,0,0.25,1.5,67.5,null
"2019-03-16T23:55:37.000Z",45.701607,5.88347,0,0.5,2,45,null
"2019-03-16T23:59:37.000Z",45.701607,5.88347,0,0.5,2,67.5,null
"2019-03-17T00:03:41.000Z",45.701607,5.88347,0,1.25,3.5,90,null
"2019-03-17T00:07:41.000Z",45.701607,5.88347,0,0.75,2.75,112.5,null
"2019-03-17T00:11:41.000Z",45.701607,5.88347,0,1.25,2.75,112.5,null
"2019-03-17T00:15:45.000Z",45.701607,5.88347,0.75,2,2.75,112.5,null
"2019-03-17T00:19:45.000Z",45.701607,5.88347,1.5,2.25,3.5,112.5,null
"2019-03-17T00:23:45.000Z",45.701607,5.88347,0,1.5,3.25,112.5,null
"2019-03-17T00:27:49.000Z",45.701607,5.88347,0,0.25,1,90,null
"2019-03-17T00:31:49.000Z",45.701607,5.88347,0,0.75,1.75,90,null
"2019-03-17T00:35:49.000Z",45.701607,5.88347,0,1,4.5,112.5,null
"2019-03-17T00:39:54.000Z",45.701607,5.88347,0,1.75,3.25,112.5,null
"2019-03-17T00:43:54.000Z",45.701607,5.88347,1.75,3.25,6,112.5,null
"2019-03-17T00:47:54.000Z",45.701607,5.88347,0.25,3.75,6.5,112.5,null
"2019-03-17T00:51:58.000Z",45.701607,5.88347,3.25,4.5,7,112.5,null
"2019-03-17T00:55:58.000Z",45.701607,5.88347,3.75,6,9.5,90,null
"2019-03-17T00:59:58.000Z",45.701607,5.88347,5.25,8,11,90,null
"2019-03-17T01:04:01.000Z",45.701607,5.88347,6,8,12,90,null
"2019-03-17T01:08:01.000Z",45.701607,5.88347,3.5,6,10,112.5,null
"2019-03-17T01:12:01.000Z",45.701607,5.88347,3.75,5.5,8.75,112.5,null
"2019-03-17T01:16:05.000Z",45.701607,5.88347,5.25,6.75,9,90,null
"2019-03-17T01:20:05.000Z",45.701607,5.88347,3.75,6.75,9.5,112.5,null
"2019-03-17T01:24:05.000Z",45.701607,5.88347,3.25,4.75,8,90,null
"2019-03-17T01:28:10.000Z",45.701607,5.88347,3.75,4.75,6,90,null
"2019-03-17T01:32:10.000Z",45.701607,5.88347,3.5,4.5,6.25,67.5,null
"2019-03-17T01:36:10.000Z",45.701607,5.88347,1.5,5.5,7.75,90,null
"2019-03-17T01:40:13.000Z",45.701607,5.88347,0,3,6.5,90,null
"2019-03-17T01:44:13.000Z",45.701607,5.88347,1.5,4.75,9.75,90,null
"2019-03-17T01:48:13.000Z",45.701607,5.88347,2.5,4.25,6.5,90,null
"2019-03-17T01:52:18.000Z",45.701607,5.88347,0,2,4.5,90,null
"2019-03-17T01:56:18.000Z",45.701607,5.88347,0,1.5,6.25,157.5,null
"2019-03-17T02:00:18.000Z",45.701607,5.88347,2.5,4.25,5.25,22.5,null
"2019-03-17T02:04:22.000Z",45.701607,5.88347,0,1.25,2.5,45,null
"2019-03-17T02:08:22.000Z",45.701607,5.88347,0.25,2,3.5,45,null
"2019-03-17T02:12:22.000Z",45.701607,5.88347,0.75,3,6.25,22.5,null
"2019-03-17T02:16:25.000Z",45.701607,5.88347,0.75,4.25,6.5,90,null
"2019-03-17T02:20:25.000Z",45.701607,5.88347,2,5,8.25,112.5,null
"2019-03-17T02:24:25.000Z",45.701607,5.88347,3.25,5.25,7.75,112.5,null
"2019-03-17T02:28:30.000Z",45.701607,5.88347,3.25,6,11,90,null
"2019-03-17T02:32:30.000Z",45.701607,5.88347,3.5,6,9,90,null
"2019-03-17T02:36:30.000Z",45.701607,5.88347,2,4.25,6.5,90,null
"2019-03-17T02:40:34.000Z",45.701607,5.88347,2.75,5.75,9,67.5,null
"2019-03-17T02:44:34.000Z",45.701607,5.88347,2.75,6,9.5,90,null
"2019-03-17T02:48:34.000Z",45.701607,5.88347,2,5.5,9.75,90,null
"2019-03-17T02:52:38.000Z",45.701607,5.88347,2,4.25,6.25,90,null
"2019-03-17T02:56:38.000Z",45.701607,5.88347,0,2,4.75,315,null
"2019-03-17T03:00:38.000Z",45.701607,5.88347,0,2,4.5,67.5,null
"2019-03-17T03:04:42.000Z",45.701607,5.88347,0,1,3.25,45,null
"2019-03-17T03:08:42.000Z",45.701607,5.88347,0,1.25,3.25,45,null
"2019-03-17T03:12:42.000Z",45.701607,5.88347,0,2.25,4.5,45,null
"2019-03-17T03:16:46.000Z",45.701607,5.88347,0,2,5.5,90,null
"2019-03-17T03:20:46.000Z",45.701607,5.88347,0.25,2,3.75,67.5,null
"2019-03-17T03:24:46.000Z",45.701607,5.88347,2,4.75,7.25,90,null
"2019-03-17T03:28:50.000Z",45.701607,5.88347,3.5,5.5,8.25,90,null
"2019-03-17T03:32:50.000Z",45.701607,5.88347,2.75,5,7.75,67.5,null
"2019-03-17T03:36:50.000Z",45.701607,5.88347,3.75,6,8,67.5,null
"2019-03-17T03:40:54.000Z",45.701607,5.88347,0,2.25,6,67.5,null
"2019-03-17T03:44:54.000Z",45.701607,5.88347,0,2,3.75,45,null
"2019-03-17T03:48:54.000Z",45.701607,5.88347,2.5,3.25,4.5,90,null
"2019-03-17T03:52:58.000Z",45.701607,5.88347,2.75,5.25,7.25,67.5,null
"2019-03-17T03:56:58.000Z",45.701607,5.88347,3.25,4.75,6.25,67.5,null
"2019-03-17T04:00:58.000Z",45.701607,5.88347,3.5,6.25,10,90,null
"2019-03-17T04:05:02.000Z",45.701607,5.88347,4.25,6.25,8.75,90,null
"2019-03-17T04:09:02.000Z",45.701607,5.88347,3.5,6,9,90,null
"2019-03-17T04:13:02.000Z",45.701607,5.88347,2,5,8.25,112.5,null
"2019-03-17T04:17:06.000Z",45.701607,5.88347,2.5,5.75,12.5,90,null
"2019-03-17T04:21:06.000Z",45.701607,5.88347,3.25,8.75,13,90,null
"2019-03-17T04:25:06.000Z",45.701607,5.88347,4.75,9.25,14,90,null
"2019-03-17T04:29:10.000Z",45.701607,5.88347,0.75,4.25,6.25,90,null
"2019-03-17T04:33:10.000Z",45.701607,5.88347,0,1.75,3.5,67.5,null
"2019-03-17T04:37:10.000Z",45.701607,5.88347,0,5.75,9,337.5,null
"2019-03-17T04:41:14.000Z",45.701607,5.88347,2.5,4.5,6.5,22.5,null
"2019-03-17T04:45:14.000Z",45.701607,5.88347,2,3.25,4.25,45,null
"2019-03-17T04:49:14.000Z",45.701607,5.88347,3.25,5.25,6.5,67.5,null
"2019-03-17T04:53:18.000Z",45.701607,5.88347,4.5,6.75,8.25,67.5,null
"2019-03-17T04:57:18.000Z",45.701607,5.88347,0.75,3.5,5.5,112.5,null
"2019-03-17T05:01:18.000Z",45.701607,5.88347,1.5,4.5,8.25,112.5,null
"2019-03-17T05:05:23.000Z",45.701607,5.88347,3.25,5.25,8.75,90,null
"2019-03-17T05:09:23.000Z",45.701607,5.88347,2.75,5.75,8,67.5,null
"2019-03-17T05:13:23.000Z",45.701607,5.88347,3.5,5.75,8,67.5,null
"2019-03-17T05:17:27.000Z",45.701607,5.88347,0.25,4,7,67.5,null
"2019-03-17T05:21:27.000Z",45.701607,5.88347,1,4.75,8.25,90,null
"2019-03-17T05:25:27.000Z",45.701607,5.88347,3.5,5.75,8.75,90,null
"2019-03-17T05:29:31.000Z",45.701607,5.88347,3.75,6.75,11,90,null
"2019-03-17T05:33:31.000Z",45.701607,5.88347,3.5,6.5,9,90,null
"2019-03-17T05:37:31.000Z",45.701607,5.88347,2.75,5.75,8.75,67.5,null
"2019-03-17T05:41:34.000Z",45.701607,5.88347,3.5,7,9.75,67.5,null
"2019-03-17T05:45:34.000Z",45.701607,5.88347,5.25,6.75,8.75,67.5,null
"2019-03-17T05:49:34.000Z",45.701607,5.88347,6.25,9,11,90,null
"2019-03-17T05:53:39.000Z",45.701607,5.88347,4.25,6.75,12.5,90,null
"2019-03-17T05:57:39.000Z",45.701607,5.88347,3.75,5.75,8.75,90,null
"2019-03-17T06:01:39.000Z",45.701607,5.88347,4.5,6,7.75,90,null
"2019-03-17T06:05:43.000Z",45.701607,5.88347,3.75,5.75,7.75,90,null
"2019-03-17T06:09:43.000Z",45.701607,5.88347,3.75,5.75,7.75,90,null
"2019-03-17T06:13:43.000Z",45.701607,5.88347,3.25,5.5,8.25,90,null
"2019-03-17T06:17:46.000Z",45.701607,5.88347,3.5,6.25,9.75,90,null
"2019-03-17T06:21:46.000Z",45.701607,5.88347,0,4.25,7.25,67.5,null
"2019-03-17T06:25:46.000Z",45.701607,5.88347,0.25,2.75,5.25,22.5,null
"2019-03-17T06:29:51.000Z",45.701607,5.88347,0.75,3.25,4.5,67.5,null
"2019-03-17T06:33:51.000Z",45.701607,5.88347,1.75,4.25,5.5,67.5,null
"2019-03-17T06:37:51.000Z",45.701607,5.88347,1,3.5,4.75,90,null
"2019-03-17T06:41:54.000Z",45.701607,5.88347,0,3,6,90,null
"2019-03-17T06:45:54.000Z",45.701607,5.88347,0,4,11,90,null
"2019-03-17T06:49:54.000Z",45.701607,5.88347,3.25,5.75,8,67.5,null
"2019-03-17T06:53:58.000Z",45.701607,5.88347,0,4,6.5,90,null
"2019-03-17T06:57:58.000Z",45.701607,5.88347,0.25,1.5,3.5,202.5,null
"2019-03-17T07:01:58.000Z",45.701607,5.88347,1.75,4.25,6.5,90,null
"2019-03-17T07:06:03.000Z",45.701607,5.88347,1,2.75,5.5,90,null
"2019-03-17T07:10:03.000Z",45.701607,5.88347,4.5,6,7.75,90,null
"2019-03-17T07:14:03.000Z",45.701607,5.88347,4.5,6.5,11,112.5,null
"2019-03-17T07:18:07.000Z",45.701607,5.88347,5.5,8.5,11,112.5,null
"2019-03-17T07:22:07.000Z",45.701607,5.88347,0,5.25,12,112.5,null
"2019-03-17T07:26:07.000Z",45.701607,5.88347,4.5,7.25,9.75,337.5,null
"2019-03-17T07:30:11.000Z",45.701607,5.88347,7.25,9.5,11,337.5,null
"2019-03-17T07:34:11.000Z",45.701607,5.88347,9,13,18,337.5,null
"2019-03-17T07:38:11.000Z",45.701607,5.88347,9.75,11.5,14.5,337.5,null
"2019-03-17T07:42:16.000Z",45.701607,5.88347,7.75,11.5,14,0,null
"2019-03-17T07:46:16.000Z",45.701607,5.88347,7.25,9.25,11,337.5,null
"2019-03-17T07:50:16.000Z",45.701607,5.88347,7.25,9.75,11.5,337.5,null
"2019-03-17T07:54:19.000Z",45.701607,5.88347,3.25,6.5,10.5,22.5,null
"2019-03-17T07:58:19.000Z",45.701607,5.88347,0,4,8.25,0,null
"2019-03-17T08:02:19.000Z",45.701607,5.88347,5.25,7.5,10,337.5,null
"2019-03-17T08:06:23.000Z",45.701607,5.88347,3.75,8,11,0,null
"2019-03-17T08:10:23.000Z",45.701607,5.88347,3.75,5.75,8,0,null
"2019-03-17T08:14:23.000Z",45.701607,5.88347,1,3.25,6,67.5,null
"2019-03-17T08:18:27.000Z",45.701607,5.88347,2,6,8.25,22.5,null
"2019-03-17T08:22:27.000Z",45.701607,5.88347,2.5,4.25,5.5,22.5,null
"2019-03-17T08:26:27.000Z",45.701607,5.88347,4.5,6.25,9.75,337.5,null
"2019-03-17T08:30:31.000Z",45.701607,5.88347,5.5,9.75,11.5,0,null
"2019-03-17T08:34:31.000Z",45.701607,5.88347,4.25,6.5,8,0,null
"2019-03-17T08:38:31.000Z",45.701607,5.88347,3.75,8,10.5,337.5,null
"2019-03-17T08:42:35.000Z",45.701607,5.88347,3.25,6,8.75,337.5,null
"2019-03-17T08:46:35.000Z",45.701607,5.88347,6.25,9.25,13,337.5,null
"2019-03-17T08:50:35.000Z",45.701607,5.88347,6,10,14.5,337.5,null
"2019-03-17T08:54:39.000Z",45.701607,5.88347,11.5,15,18,337.5,null
"2019-03-17T08:58:39.000Z",45.701607,5.88347,12,15,18,0,null
"2019-03-17T09:02:39.000Z",45.701607,5.88347,10.5,13.5,15.5,0,null
"2019-03-17T09:06:44.000Z",45.701607,5.88347,5.25,9,10.5,0,null
"2019-03-17T09:10:44.000Z",45.701607,5.88347,8.25,10.5,12,0,null
"2019-03-17T09:14:44.000Z",45.701607,5.88347,7.75,8.75,10.5,0,null
"2019-03-17T09:18:47.000Z",45.701607,5.88347,3.75,7.5,12,22.5,null
"2019-03-17T09:22:47.000Z",45.701607,5.88347,7.25,10,12,0,null
"2019-03-17T09:26:47.000Z",45.701607,5.88347,3.75,9.5,12.5,22.5,null
"2019-03-17T09:30:52.000Z",45.701607,5.88347,0.25,3.75,8,22.5,null
"2019-03-17T09:34:52.000Z",45.701607,5.88347,0,2,6,270,null
"2019-03-17T09:38:52.000Z",45.701607,5.88347,0,5.5,12.5,67.5,null
"2019-03-17T09:42:56.000Z",45.701607,5.88347,0,3,6,157.5,null
"2019-03-17T09:46:56.000Z",45.701607,5.88347,0,4.75,9,90,null
"2019-03-17T09:50:56.000Z",45.701607,5.88347,4.75,7.5,11.5,90,null
"2019-03-17T09:54:59.000Z",45.701607,5.88347,2.5,6.25,11,112.5,null
"2019-03-17T09:58:59.000Z",45.701607,5.88347,0.75,6.25,15.5,67.5,null
"2019-03-17T10:02:59.000Z",45.701607,5.88347,1,5.75,14,135,null
"2019-03-17T10:07:04.000Z",45.701607,5.88347,0.25,4.25,7.25,202.5,null
"2019-03-17T10:11:04.000Z",45.701607,5.88347,0.75,7,13,247.5,null
"2019-03-17T10:15:04.000Z",45.701607,5.88347,4.25,10,13,202.5,null
"2019-03-17T10:19:07.000Z",45.701607,5.88347,0.75,5.75,9,180,null
"2019-03-17T10:23:07.000Z",45.701607,5.88347,2,6.5,10,180,null
"2019-03-17T10:27:07.000Z",45.701607,5.88347,3.25,5.75,9.75,180,null
"2019-03-17T10:31:12.000Z",45.701607,5.88347,0.75,3,5.25,180,null
"2019-03-17T10:35:12.000Z",45.701607,5.88347,0,8,13.5,22.5,null
"2019-03-17T10:39:12.000Z",45.701607,5.88347,0,2.75,8,22.5,null
"2019-03-17T10:43:16.000Z",45.701607,5.88347,0.25,7.25,18,22.5,null
"2019-03-17T10:47:16.000Z",45.701607,5.88347,0,7.25,23.5,270,null
"2019-03-17T10:51:16.000Z",45.701607,5.88347,9.75,19,29.5,270,null
"2019-03-17T10:55:20.000Z",45.701607,5.88347,12,22,31.5,270,null
"2019-03-17T10:59:20.000Z",45.701607,5.88347,14,23.5,33,270,null
"2019-03-17T11:03:20.000Z",45.701607,5.88347,13,21,30,292.5,null
"2019-03-17T11:07:24.000Z",45.701607,5.88347,5.25,15.5,21.5,270,null
"2019-03-17T11:11:24.000Z",45.701607,5.88347,3.75,11.5,31.5,270,null
"2019-03-17T11:15:24.000Z",45.701607,5.88347,2.75,13,22.5,292.5,null
"2019-03-17T11:19:28.000Z",45.701607,5.88347,7.75,16,28.5,270,null
"2019-03-17T11:23:28.000Z",45.701607,5.88347,2.5,13,30,270,null
"2019-03-17T11:27:28.000Z",45.701607,5.88347,4.5,11.5,21.5,292.5,null
"2019-03-17T11:31:32.000Z",45.701607,5.88347,3.5,13,23.5,337.5,null
"2019-03-17T11:35:32.000Z",45.701607,5.88347,1.75,11.5,24,315,null
"2019-03-17T11:39:32.000Z",45.701607,5.88347,2.75,16,33.5,315,null
"2019-03-17T11:43:36.000Z",45.701607,5.88347,2.5,12.5,20.5,315,null
"2019-03-17T11:47:36.000Z",45.701607,5.88347,1,10.5,20,315,null
"2019-03-17T11:51:36.000Z",45.701607,5.88347,8.75,17.5,24.5,315,null
"2019-03-17T11:55:40.000Z",45.701607,5.88347,3.5,11,29,292.5,null
"2019-03-17T11:59:40.000Z",45.701607,5.88347,0,4.25,12,90,null
"2019-03-17T12:03:40.000Z",45.701607,5.88347,0,1.25,8.75,180,null
"2019-03-17T12:07:45.000Z",45.701607,5.88347,0,3.25,10,45,null
"2019-03-17T12:11:45.000Z",45.701607,5.88347,0.75,8.75,19.5,45,null
"2019-03-17T12:15:45.000Z",45.701607,5.88347,3.75,14.5,20.5,0,null
"2019-03-17T12:19:48.000Z",45.701607,5.88347,11,15.5,22,22.5,null
"2019-03-17T12:23:48.000Z",45.701607,5.88347,7,12,20,0,null
"2019-03-17T12:27:48.000Z",45.701607,5.88347,1.5,11.5,21,337.5,null
"2019-03-17T12:31:53.000Z",45.701607,5.88347,8,16,23.5,315,null
"2019-03-17T12:35:53.000Z",45.701607,5.88347,3.25,19.5,34.5,315,null
"2019-03-17T12:39:53.000Z",45.701607,5.88347,4.25,20.5,39,315,null
"2019-03-17T12:43:57.000Z",45.701607,5.88347,2.75,13.5,26.5,270,null
"2019-03-17T12:47:57.000Z",45.701607,5.88347,0.75,11.5,27,315,null
"2019-03-17T12:51:57.000Z",45.701607,5.88347,2.5,11.5,24,247.5,null
"2019-03-17T12:56:00.000Z",45.701607,5.88347,5.25,13.5,39.5,202.5,null
"2019-03-17T13:00:00.000Z",45.701607,5.88347,4.75,14,28,315,null
"2019-03-17T13:04:00.000Z",45.701607,5.88347,15,25,36,270,null
"2019-03-17T13:08:05.000Z",45.701607,5.88347,8,18,35,292.5,null
"2019-03-17T13:12:05.000Z",45.701607,5.88347,1,16,30.5,247.5,null
"2019-03-17T13:16:05.000Z",45.701607,5.88347,4.75,15,28,270,null
"2019-03-17T13:20:09.000Z",45.701607,5.88347,3.5,14.5,26,247.5,null
"2019-03-17T13:24:09.000Z",45.701607,5.88347,3.25,22,45.5,247.5,null
"2019-03-17T13:28:09.000Z",45.701607,5.88347,4.5,20.5,34.5,292.5,null
"2019-03-17T13:32:12.000Z",45.701607,5.88347,1.75,14,33.5,202.5,null
"2019-03-17T13:36:12.000Z",45.701607,5.88347,1.75,11.5,21,225,null
"2019-03-17T13:40:12.000Z",45.701607,5.88347,4.25,15.5,29,247.5,null
"2019-03-17T13:44:17.000Z",45.701607,5.88347,0,11,25,247.5,null
"2019-03-17T13:48:17.000Z",45.701607,5.88347,0,8.25,19,225,null
"2019-03-17T13:52:17.000Z",45.701607,5.88347,1.5,10,20,247.5,null
"2019-03-17T13:57:00.000Z",45.701607,5.88347,0.25,14,41.5,270,null
"2019-03-17T14:01:00.000Z",45.701607,5.88347,4.75,10.5,20,247.5,null
"2019-03-17T14:05:00.000Z",45.701607,5.88347,1,9.5,18.5,202.5,null
"2019-03-17T14:09:05.000Z",45.701607,5.88347,7.25,19,31.5,202.5,null
"2019-03-17T14:13:05.000Z",45.701607,5.88347,6.25,12.5,22.5,180,null
"2019-03-17T14:17:05.000Z",45.701607,5.88347,2.75,14.5,26.5,180,null
"2019-03-17T14:21:09.000Z",45.701607,5.88347,1.75,8,16.5,247.5,null
"2019-03-17T14:25:09.000Z",45.701607,5.88347,1.5,5.25,9,202.5,null
"2019-03-17T14:29:09.000Z",45.701607,5.88347,0.25,8.25,13,247.5,null
"2019-03-17T14:33:13.000Z",45.701607,5.88347,4.25,18.5,43,270,null
"2019-03-17T14:37:13.000Z",45.701607,5.88347,0,8.5,21,337.5,null
"2019-03-17T14:41:13.000Z",45.701607,5.88347,13,34.5,45.5,315,null
"2019-03-17T14:45:17.000Z",45.701607,5.88347,15.5,28,38,315,null
"2019-03-17T14:49:17.000Z",45.701607,5.88347,22.5,37,53,292.5,null
"2019-03-17T14:53:17.000Z",45.701607,5.88347,38.5,46,54,292.5,null
"2019-03-17T14:57:21.000Z",45.701607,5.88347,30,41.5,52,292.5,null
"2019-03-17T15:01:21.000Z",45.701607,5.88347,34,46.5,54.5,292.5,null
"2019-03-17T15:05:21.000Z",45.701607,5.88347,32.5,50.5,64.5,292.5,null
"2019-03-17T15:09:25.000Z",45.701607,5.88347,31.5,43,63.5,292.5,null
"2019-03-17T15:13:25.000Z",45.701607,5.88347,22.5,41,59,292.5,null
"2019-03-17T15:17:25.000Z",45.701607,5.88347,24.5,39.5,57,292.5,null
"2019-03-17T15:21:29.000Z",45.701607,5.88347,10,25.5,52.5,315,null
"2019-03-17T15:25:29.000Z",45.701607,5.88347,16.5,32,73,315,null
"2019-03-17T15:29:29.000Z",45.701607,5.88347,16,37,59,292.5,null
"2019-03-17T15:33:33.000Z",45.701607,5.88347,14.5,29.5,47,292.5,null
"2019-03-17T15:37:33.000Z",45.701607,5.88347,18,29,46,315,null
"2019-03-17T15:41:33.000Z",45.701607,5.88347,12.5,26.5,46.5,315,null
"2019-03-17T15:45:37.000Z",45.701607,5.88347,10,21.5,44.5,337.5,null
"2019-03-17T15:49:37.000Z",45.701607,5.88347,12.5,23,37.5,337.5,null
"2019-03-17T15:53:37.000Z",45.701607,5.88347,7.25,26.5,43,337.5,null
"2019-03-17T15:57:41.000Z",45.701607,5.88347,7,22.5,40.5,315,null
"2019-03-17T16:01:41.000Z",45.701607,5.88347,11.5,25,47,337.5,null
"2019-03-17T16:05:41.000Z",45.701607,5.88347,12.5,24,45.5,337.5,null
"2019-03-17T16:09:45.000Z",45.701607,5.88347,14,23.5,31,0,null
"2019-03-17T16:13:45.000Z",45.701607,5.88347,19,26.5,34,0,null
"2019-03-17T16:17:45.000Z",45.701607,5.88347,20,27,34,0,null
"2019-03-17T16:21:49.000Z",45.701607,5.88347,18,22.5,28,0,null
"2019-03-17T16:25:49.000Z",45.701607,5.88347,9.75,14,18,0,null
"2019-03-17T16:29:49.000Z",45.701607,5.88347,6.25,11.5,18.5,22.5,null
"2019-03-17T16:33:53.000Z",45.701607,5.88347,0.75,6.75,10.5,0,null
"2019-03-17T16:37:53.000Z",45.701607,5.88347,0,2.25,8.25,45,null
"2019-03-17T16:41:53.000Z",45.701607,5.88347,1.5,7.5,12,22.5,null
"2019-03-17T16:45:58.000Z",45.701607,5.88347,4.25,6.5,10,22.5,null
"2019-03-17T16:49:58.000Z",45.701607,5.88347,1,3.75,8.25,67.5,null
"2019-03-17T16:53:58.000Z",45.701607,5.88347,0,2,5.25,45,null
"2019-03-17T16:58:01.000Z",45.701607,5.88347,0,0.5,2,292.5,null
"2019-03-17T17:02:01.000Z",45.701607,5.88347,0,2.25,4.5,292.5,null
"2019-03-17T17:06:01.000Z",45.701607,5.88347,1,3.25,4.75,270,null
"2019-03-17T17:10:05.000Z",45.701607,5.88347,2.75,4.5,6,270,null
"2019-03-17T17:14:05.000Z",45.701607,5.88347,3.75,6.25,9,247.5,null
"2019-03-17T17:18:05.000Z",45.701607,5.88347,7.75,8.75,9.75,270,null
"2019-03-17T17:22:10.000Z",45.701607,5.88347,7,8.75,9.75,247.5,null
"2019-03-17T17:26:10.000Z",45.701607,5.88347,8,9.25,10,225,null
"2019-03-17T17:30:10.000Z",45.701607,5.88347,7,8.75,10.5,225,null
"2019-03-17T17:34:14.000Z",45.701607,5.88347,7.75,10,13,225,null
"2019-03-17T17:38:14.000Z",45.701607,5.88347,9.75,11.5,14.5,225,null
"2019-03-17T17:42:14.000Z",45.701607,5.88347,9.75,12,14.5,225,null
"2019-03-17T17:46:18.000Z",45.701607,5.88347,7,10,13,225,null
"2019-03-17T17:50:18.000Z",45.701607,5.88347,10.5,12.5,14.5,225,null
"2019-03-17T17:54:18.000Z",45.701607,5.88347,8.25,11,13.5,202.5,null
"2019-03-17T17:58:22.000Z",45.701607,5.88347,4.25,8.75,13,157.5,null
"2019-03-17T18:02:22.000Z",45.701607,5.88347,1.5,7.25,14.5,157.5,null
"2019-03-17T18:06:22.000Z",45.701607,5.88347,0.75,4,8.75,135,null
"2019-03-17T18:10:26.000Z",45.701607,5.88347,2,4.75,9,135,null
"2019-03-17T18:14:26.000Z",45.701607,5.88347,2.75,7,12,135,null
"2019-03-17T18:18:26.000Z",45.701607,5.88347,1.75,5.5,10.5,135,null
"2019-03-17T18:22:30.000Z",45.701607,5.88347,2,5.5,9.75,157.5,null
"2019-03-17T18:26:30.000Z",45.701607,5.88347,2,6.75,11,157.5,null
"2019-03-17T18:30:30.000Z",45.701607,5.88347,4.5,8.25,14.5,157.5,null
"2019-03-17T18:34:33.000Z",45.701607,5.88347,8.75,17,22.5,180,null
"2019-03-17T18:38:33.000Z",45.701607,5.88347,14,18.5,22.5,180,null
"2019-03-17T18:42:33.000Z",45.701607,5.88347,11,16,21,180,null
"2019-03-17T18:46:38.000Z",45.701607,5.88347,9.75,16.5,20,180,null
"2019-03-17T18:50:38.000Z",45.701607,5.88347,9.75,17.5,21,180,null
"2019-03-17T18:54:38.000Z",45.701607,5.88347,7.75,14.5,19,180,null
"2019-03-17T18:58:42.000Z",45.701607,5.88347,7.25,15.5,19.5,157.5,null
"2019-03-17T19:02:42.000Z",45.701607,5.88347,7,15.5,20.5,157.5,null
"2019-03-17T19:06:42.000Z",45.701607,5.88347,7,16,20,157.5,null
"2019-03-17T19:10:46.000Z",45.701607,5.88347,9,15.5,20,157.5,null
"2019-03-17T19:14:46.000Z",45.701607,5.88347,13,20.5,26,202.5,null
"2019-03-17T19:18:46.000Z",45.701607,5.88347,21,24.5,29,202.5,null
"2019-03-17T19:22:50.000Z",45.701607,5.88347,20.5,25.5,31.5,202.5,null
"2019-03-17T19:26:50.000Z",45.701607,5.88347,19,23.5,28,202.5,null
"2019-03-17T19:30:50.000Z",45.701607,5.88347,19,23,28.5,202.5,null
"2019-03-17T19:34:54.000Z",45.701607,5.88347,18,22.5,27,202.5,null
"2019-03-17T19:38:54.000Z",45.701607,5.88347,19,24.5,30.5,202.5,null
"2019-03-17T19:42:54.000Z",45.701607,5.88347,16,21,26,202.5,null
"2019-03-17T19:46:58.000Z",45.701607,5.88347,12,15.5,21,202.5,null
"2019-03-17T19:50:58.000Z",45.701607,5.88347,14.5,19,24,202.5,null
"2019-03-17T19:54:58.000Z",45.701607,5.88347,19,23.5,28,202.5,null
"2019-03-17T19:59:02.000Z",45.701607,5.88347,19,22.5,25,202.5,null
"2019-03-17T20:03:02.000Z",45.701607,5.88347,11,19.5,23.5,180,null
"2019-03-17T20:07:02.000Z",45.701607,5.88347,12,19.5,24,180,null
"2019-03-17T20:11:06.000Z",45.701607,5.88347,17.5,20,23,202.5,null
"2019-03-17T20:15:06.000Z",45.701607,5.88347,16.5,19.5,22.5,202.5,null
"2019-03-17T20:19:06.000Z",45.701607,5.88347,16,20.5,23.5,202.5,null
"2019-03-17T20:23:11.000Z",45.701607,5.88347,15.5,18,20.5,202.5,null
"2019-03-17T20:27:11.000Z",45.701607,5.88347,13,17,20,202.5,null
"2019-03-17T20:31:11.000Z",45.701607,5.88347,9,14,17,180,null
"2019-03-17T20:35:15.000Z",45.701607,5.88347,6.25,12,15,180,null
"2019-03-17T20:39:15.000Z",45.701607,5.88347,4.75,11.5,17,157.5,null
"2019-03-17T20:43:15.000Z",45.701607,5.88347,7,11.5,16.5,157.5,null
"2019-03-17T20:47:18.000Z",45.701607,5.88347,4.75,10,15.5,157.5,null
"2019-03-17T20:51:18.000Z",45.701607,5.88347,5.5,12,19.5,157.5,null
"2019-03-17T20:55:18.000Z",45.701607,5.88347,8.25,12.5,15.5,157.5,null
"2019-03-17T20:59:22.000Z",45.701607,5.88347,6.5,12,15.5,180,null
"2019-03-17T21:03:22.000Z",45.701607,5.88347,2.75,11,14,157.5,null
"2019-03-17T21:07:22.000Z",45.701607,5.88347,2.5,7.75,11.5,157.5,null
"2019-03-17T21:11:27.000Z",45.701607,5.88347,1.5,4.5,8.25,157.5,null
"2019-03-17T21:15:27.000Z",45.701607,5.88347,0.25,4.75,10.5,157.5,null
"2019-03-17T21:19:27.000Z",45.701607,5.88347,1.75,5.25,10,135,null
"2019-03-17T21:23:30.000Z",45.701607,5.88347,1,3.25,6,112.5,null
"2019-03-17T21:27:30.000Z",45.701607,5.88347,0.75,3.25,6.25,135,null
"2019-03-17T21:31:30.000Z",45.701607,5.88347,0.25,4.75,9.5,135,null
"2019-03-17T21:35:35.000Z",45.701607,5.88347,1,5,11.5,135,null
"2019-03-17T21:39:35.000Z",45.701607,5.88347,1,4.25,9.5,135,null
"2019-03-17T21:43:35.000Z",45.701607,5.88347,2.5,6.5,14.5,157.5,null
"2019-03-17T21:47:39.000Z",45.701607,5.88347,0,2.75,8.25,135,null
"2019-03-17T21:51:39.000Z",45.701607,5.88347,0,0.75,4.25,135,null
"2019-03-17T21:55:39.000Z",45.701607,5.88347,0,4.25,8.75,157.5,null
"2019-03-17T21:59:43.000Z",45.701607,5.88347,6.25,10.5,14,180,null
"2019-03-17T22:03:43.000Z",45.701607,5.88347,6.25,10.5,14.5,180,null
"2019-03-17T22:07:43.000Z",45.701607,5.88347,5.5,11,14,180,null
"2019-03-17T22:11:47.000Z",45.701607,5.88347,10,13,14.5,180,null
"2019-03-17T22:15:47.000Z",45.701607,5.88347,9,14.5,19,202.5,null
"2019-03-17T22:19:47.000Z",45.701607,5.88347,9.75,19,28.5,270,null
"2019-03-17T22:23:51.000Z",45.701607,5.88347,12,23,32.5,337.5,null
"2019-03-17T22:27:51.000Z",45.701607,5.88347,11,18,21,0,null
"2019-03-17T22:31:51.000Z",45.701607,5.88347,14,18,22.5,0,null
"2019-03-17T22:35:55.000Z",45.701607,5.88347,16.5,20.5,23.5,0,null
"2019-03-17T22:39:55.000Z",45.701607,5.88347,14,18,23,0,null
"2019-03-17T22:43:55.000Z",45.701607,5.88347,10.5,13,16.5,0,null
"2019-03-17T22:47:59.000Z",45.701607,5.88347,9.5,11,13,0,null
"2019-03-17T22:51:59.000Z",45.701607,5.88347,9.5,12,16,0,null
"2019-03-17T22:55:59.000Z",45.701607,5.88347,7.25,11,14.5,337.5,null
"2019-03-17T23:00:03.000Z",45.701607,5.88347,4.5,8.25,9.75,337.5,null
"2019-03-17T23:04:03.000Z",45.701607,5.88347,4.5,6.75,10,22.5,null
"2019-03-17T23:08:03.000Z",45.701607,5.88347,1.75,4.5,10,45,null
"2019-03-17T23:12:07.000Z",45.701607,5.88347,1.5,3,6,0,null
"2019-03-17T23:16:07.000Z",45.701607,5.88347,0.75,2,3.75,337.5,null
"2019-03-17T23:20:07.000Z",45.701607,5.88347,2.5,4.25,9.75,315,null
"2019-03-17T23:24:11.000Z",45.701607,5.88347,11,21.5,38.5,292.5,null
"2019-03-17T23:28:11.000Z",45.701607,5.88347,17.5,28,36,292.5,null
"2019-03-17T23:32:11.000Z",45.701607,5.88347,20,26.5,35.5,292.5,null
"2019-03-17T23:36:16.000Z",45.701607,5.88347,14,21,29,270,null
"2019-03-17T23:40:16.000Z",45.701607,5.88347,18,24.5,31.5,270,null
"2019-03-17T23:44:16.000Z",45.701607,5.88347,18,23,31,292.5,null
"2019-03-17T23:48:19.000Z",45.701607,5.88347,13,17.5,24,270,null
"2019-03-17T23:52:19.000Z",45.701607,5.88347,11,14,16.5,247.5,null
"2019-03-17T23:56:19.000Z",45.701607,5.88347,0,7,13,202.5,null
"2019-03-18T00:00:23.000Z",45.701607,5.88347,2,5,8.25,90,null
"2019-03-18T00:04:23.000Z",45.701607,5.88347,3.25,7.75,11,90,null
"2019-03-18T00:08:23.000Z",45.701607,5.88347,0.75,3.75,11,135,null
"2019-03-18T00:12:28.000Z",45.701607,5.88347,2,5.75,10,90,null
"2019-03-18T00:16:28.000Z",45.701607,5.88347,3.5,6.5,12,90,null
"2019-03-18T00:20:28.000Z",45.701607,5.88347,1.75,5.75,9.5,135,null
"2019-03-18T00:24:32.000Z",45.701607,5.88347,4.25,7.25,12,157.5,null
"2019-03-18T00:28:32.000Z",45.701607,5.88347,8,12.5,16,202.5,null
"2019-03-18T00:32:32.000Z",45.701607,5.88347,10.5,12.5,14.5,202.5,null
"2019-03-18T00:36:35.000Z",45.701607,5.88347,12,15.5,20,225,null
"2019-03-18T00:40:35.000Z",45.701607,5.88347,12.5,14,15.5,225,null
"2019-03-18T00:44:35.000Z",45.701607,5.88347,11,13,14.5,202.5,null
"2019-03-18T00:48:39.000Z",45.701607,5.88347,10,11.5,12.5,202.5,null
"2019-03-18T00:52:39.000Z",45.701607,5.88347,11,12,13.5,202.5,null
"2019-03-18T00:56:39.000Z",45.701607,5.88347,7.75,11,13,202.5,null
"2019-03-18T01:00:44.000Z",45.701607,5.88347,8.25,9.75,12,202.5,null
"2019-03-18T01:04:44.000Z",45.701607,5.88347,7.25,9,11,225,null
"2019-03-18T01:08:44.000Z",45.701607,5.88347,7.25,8.75,9.75,225,null
"2019-03-18T01:12:48.000Z",45.701607,5.88347,5.25,7,8.75,225,null
"2019-03-18T01:16:48.000Z",45.701607,5.88347,5.25,7.5,9.5,247.5,null
"2019-03-18T01:20:48.000Z",45.701607,5.88347,0,4.5,7.75,225,null
"2019-03-18T01:24:52.000Z",45.701607,5.88347,0,1,2.75,112.5,null
"2019-03-18T01:28:52.000Z",45.701607,5.88347,0,1,4.5,112.5,null
"2019-03-18T01:32:52.000Z",45.701607,5.88347,0,1.75,4.25,112.5,null
"2019-03-18T01:36:56.000Z",45.701607,5.88347,0,0.75,3.75,90,null
"2019-03-18T01:40:56.000Z",45.701607,5.88347,0.25,2.25,3.75,90,null
"2019-03-18T01:44:56.000Z",45.701607,5.88347,1,2,3.5,90,null
"2019-03-18T01:49:00.000Z",45.701607,5.88347,1.75,3.25,4.25,90,null
"2019-03-18T01:53:00.000Z",45.701607,5.88347,0.25,1.75,3.25,67.5,null
"2019-03-18T01:57:00.000Z",45.701607,5.88347,0,0.75,2,67.5,null
"2019-03-18T02:01:04.000Z",45.701607,5.88347,0,0,0.75,112.5,null
"2019-03-18T02:05:04.000Z",45.701607,5.88347,0,0.75,2.5,45,null
"2019-03-18T02:09:04.000Z",45.701607,5.88347,0.75,1.75,3.25,45,null
"2019-03-18T02:13:08.000Z",45.701607,5.88347,0,1.25,3.25,90,null
"2019-03-18T02:17:08.000Z",45.701607,5.88347,0,0.25,1.5,112.5,null
"2019-03-18T02:21:08.000Z",45.701607,5.88347,0,0,0,180,null
"2019-03-18T02:25:11.000Z",45.701607,5.88347,0.25,1.5,3.25,202.5,null
"2019-03-18T02:29:11.000Z",45.701607,5.88347,1.75,3.25,4.25,225,null
"2019-03-18T02:33:11.000Z",45.701607,5.88347,1.5,2.25,3.25,180,null
"2019-03-18T02:37:16.000Z",45.701607,5.88347,0,0.75,1.75,112.5,null
"2019-03-18T02:41:16.000Z",45.701607,5.88347,0,1,2,135,null
"2019-03-18T02:45:16.000Z",45.701607,5.88347,1,2.75,4.75,135,null
"2019-03-18T02:49:20.000Z",45.701607,5.88347,0,2.75,8.75,157.5,null
"2019-03-18T02:53:20.000Z",45.701607,5.88347,0,0.75,3.25,135,null
"2019-03-18T02:57:20.000Z",45.701607,5.88347,0,1,3.5,112.5,null
"2019-03-18T03:01:24.000Z",45.701607,5.88347,0,0,0.75,67.5,null
"2019-03-18T03:05:24.000Z",45.701607,5.88347,0,0,0,135,null
"2019-03-18T03:09:24.000Z",45.701607,5.88347,0,0,0,112.5,null
"2019-03-18T03:13:28.000Z",45.701607,5.88347,0,1.5,3.5,45,null
"2019-03-18T03:17:28.000Z",45.701607,5.88347,0,1.25,3.25,90,null
"2019-03-18T03:21:28.000Z",45.701607,5.88347,0,0,0,90,null
"2019-03-18T03:25:33.000Z",45.701607,5.88347,0,0,0,112.5,null
"2019-03-18T03:29:33.000Z",45.701607,5.88347,0,1.75,3.5,337.5,null
"2019-03-18T03:33:33.000Z",45.701607,5.88347,2,3,4.25,337.5,null
"2019-03-18T03:37:37.000Z",45.701607,5.88347,0,2.5,4,315,null
"2019-03-18T03:41:37.000Z",45.701607,5.88347,2.75,6.25,9,0,null
"2019-03-18T03:45:37.000Z",45.701607,5.88347,1,4.5,9.75,22.5,null
"2019-03-18T03:49:40.000Z",45.701607,5.88347,1.5,4.5,7.25,0,null
"2019-03-18T03:53:40.000Z",45.701607,5.88347,6,8.25,10,0,null
"2019-03-18T03:57:40.000Z",45.701607,5.88347,6.5,8,9.75,0,null
"2019-03-18T04:01:45.000Z",45.701607,5.88347,6.25,8,10,0,null
"2019-03-18T04:05:45.000Z",45.701607,5.88347,2.5,6,8.75,22.5,null
"2019-03-18T04:09:45.000Z",45.701607,5.88347,2,4.5,7.75,67.5,null
"2019-03-18T04:13:48.000Z",45.701607,5.88347,2.5,4.5,7.25,67.5,null
"2019-03-18T04:17:48.000Z",45.701607,5.88347,0,3.25,7.25,67.5,null
"2019-03-18T04:21:48.000Z",45.701607,5.88347,0,0.75,2.75,67.5,null
"2019-03-18T04:25:53.000Z",45.701607,5.88347,0,1.5,4.25,67.5,null
"2019-03-18T04:29:53.000Z",45.701607,5.88347,0,0.5,2.5,22.5,null
"2019-03-18T04:33:53.000Z",45.701607,5.88347,0,0.25,1.75,337.5,null
"2019-03-18T04:37:57.000Z",45.701607,5.88347,0,0,0.75,22.5,null
"2019-03-18T04:41:57.000Z",45.701607,5.88347,0,0.25,1.5,135,null
"2019-03-18T04:45:57.000Z",45.701607,5.88347,0,0.75,4.25,202.5,null
"2019-03-18T04:50:01.000Z",45.701607,5.88347,0,2,5.25,202.5,null
"2019-03-18T04:54:01.000Z",45.701607,5.88347,0,1,2.5,0,null
"2019-03-18T04:58:01.000Z",45.701607,5.88347,0.25,2.25,4.5,22.5,null
"2019-03-18T05:02:04.000Z",45.701607,5.88347,0,0.75,2.75,45,null
"2019-03-18T05:06:04.000Z",45.701607,5.88347,0,0.5,2,112.5,null
"2019-03-18T05:10:04.000Z",45.701607,5.88347,0,1,3.75,157.5,null
"2019-03-18T05:14:08.000Z",45.701607,5.88347,0,0.25,2.5,225,null
"2019-03-18T05:18:08.000Z",45.701607,5.88347,0,1.5,4.25,270,null
"2019-03-18T05:22:08.000Z",45.701607,5.88347,2.75,10.5,20.5,270,null
"2019-03-18T05:26:13.000Z",45.701607,5.88347,4.75,11,21,292.5,null
"2019-03-18T05:30:13.000Z",45.701607,5.88347,9.5,16,22.5,292.5,null
"2019-03-18T05:34:13.000Z",45.701607,5.88347,7,11.5,19.5,270,null
"2019-03-18T05:38:17.000Z",45.701607,5.88347,7,10,13,270,null
"2019-03-18T05:42:17.000Z",45.701607,5.88347,1.5,5.5,11.5,337.5,null
"2019-03-18T05:46:17.000Z",45.701607,5.88347,0.25,3.75,6,337.5,null
"2019-03-18T05:50:21.000Z",45.701607,5.88347,1,3.25,4.75,45,null
"2019-03-18T05:54:21.000Z",45.701607,5.88347,2,4,7.25,45,null
"2019-03-18T05:58:21.000Z",45.701607,5.88347,0.75,3.75,6,67.5,null
"2019-03-18T06:02:25.000Z",45.701607,5.88347,1,2.5,3.75,45,null
"2019-03-18T06:06:25.000Z",45.701607,5.88347,0.25,2.5,4.5,67.5,null
"2019-03-18T06:10:25.000Z",45.701607,5.88347,0,0.5,2.5,45,null
"2019-03-18T06:14:29.000Z",45.701607,5.88347,0,7.25,13,292.5,null
"2019-03-18T06:18:29.000Z",45.701607,5.88347,4.25,13.5,20,292.5,null
"2019-03-18T06:22:29.000Z",45.701607,5.88347,6,11,20.5,315,null
"2019-03-18T06:26:33.000Z",45.701607,5.88347,3.75,6.25,9.5,315,null
"2019-03-18T06:30:33.000Z",45.701607,5.88347,1.75,8.75,17.5,337.5,null
"2019-03-18T06:34:33.000Z",45.701607,5.88347,6.5,11.5,18,0,null
"2019-03-18T06:38:37.000Z",45.701607,5.88347,6.25,9,11,0,null
"2019-03-18T06:42:37.000Z",45.701607,5.88347,7.25,10,14.5,22.5,null
"2019-03-18T06:46:37.000Z",45.701607,5.88347,5.25,9.25,13.5,22.5,null
"2019-03-18T06:50:41.000Z",45.701607,5.88347,3.75,7.25,13,22.5,null
"2019-03-18T06:54:41.000Z",45.701607,5.88347,4.5,10,14.5,22.5,null
"2019-03-18T06:58:41.000Z",45.701607,5.88347,7.25,12.5,15.5,0,null
"2019-03-18T07:02:45.000Z",45.701607,5.88347,10.5,13.5,16.5,0,null
"2019-03-18T07:06:45.000Z",45.701607,5.88347,6.25,10.5,14,0,null
"2019-03-18T07:10:45.000Z",45.701607,5.88347,7,10.5,13,0,null
"2019-03-18T07:14:50.000Z",45.701607,5.88347,7.25,10.5,14.5,0,null
"2019-03-18T07:18:50.000Z",45.701607,5.88347,8.25,11.5,15.5,0,null
"2019-03-18T07:22:50.000Z",45.701607,5.88347,3.25,5.5,9.75,0,null
"2019-03-18T07:26:54.000Z",45.701607,5.88347,2.75,4.75,6.5,337.5,null
"2019-03-18T07:30:54.000Z",45.701607,5.88347,1.5,3.25,4.75,337.5,null
"2019-03-18T07:34:54.000Z",45.701607,5.88347,2,3.75,5.5,22.5,null
"2019-03-18T07:38:57.000Z",45.701607,5.88347,0,3.5,5.5,22.5,null
"2019-03-18T07:42:57.000Z",45.701607,5.88347,0,2,5.5,22.5,null
"2019-03-18T07:46:57.000Z",45.701607,5.88347,1,2.75,4.5,0,null
"2019-03-18T07:51:02.000Z",45.701607,5.88347,0.25,2.25,4.75,0,null
"2019-03-18T07:55:02.000Z",45.701607,5.88347,1,3.25,5.5,0,null
"2019-03-18T07:59:02.000Z",45.701607,5.88347,4.25,5.25,6.5,337.5,null
"2019-03-18T08:03:06.000Z",45.701607,5.88347,3.75,5,6,337.5,null
"2019-03-18T08:07:06.000Z",45.701607,5.88347,3.25,5,6.25,337.5,null
"2019-03-18T08:11:06.000Z",45.701607,5.88347,2.75,5,6,337.5,null
"2019-03-18T08:15:10.000Z",45.701607,5.88347,4.75,6,6.5,315,null
"2019-03-18T08:19:10.000Z",45.701607,5.88347,3.25,5.25,7,315,null
"2019-03-18T08:23:10.000Z",45.701607,5.88347,2.75,4.25,5.5,315,null
"2019-03-18T08:27:14.000Z",45.701607,5.88347,1.75,3,4.5,315,null
"2019-03-18T08:31:14.000Z",45.701607,5.88347,2.75,4,5.25,315,null
"2019-03-18T08:35:14.000Z",45.701607,5.88347,3.75,6,8,315,null
"2019-03-18T08:39:18.000Z",45.701607,5.88347,6,7.5,9.5,292.5,null
"2019-03-18T08:43:18.000Z",45.701607,5.88347,6.25,7.5,9,292.5,null
"2019-03-18T08:47:18.000Z",45.701607,5.88347,4.75,6.5,8,292.5,null
"2019-03-18T08:51:22.000Z",45.701607,5.88347,4.5,6.5,8.25,292.5,null
"2019-03-18T08:55:22.000Z",45.701607,5.88347,3.5,5,7.25,292.5,null
"2019-03-18T08:59:22.000Z",45.701607,5.88347,3.75,5.5,6.5,292.5,null
"2019-03-18T09:03:26.000Z",45.701607,5.88347,1.75,3.25,5,292.5,null
"2019-03-18T09:07:26.000Z",45.701607,5.88347,1.5,3.5,4.75,337.5,null
"2019-03-18T09:11:26.000Z",45.701607,5.88347,1.75,3.5,5.25,337.5,null
"2019-03-18T09:15:30.000Z",45.701607,5.88347,1,4,6,337.5,null
"2019-03-18T09:19:30.000Z",45.701607,5.88347,1.5,4.25,8,337.5,null
"2019-03-18T09:23:30.000Z",45.701607,5.88347,3.5,5.75,9.5,337.5,null
"2019-03-18T09:27:34.000Z",45.701607,5.88347,1.5,4,6.25,337.5,null
"2019-03-18T09:31:34.000Z",45.701607,5.88347,2.5,3.75,4.75,315,null
"2019-03-18T09:35:34.000Z",45.701607,5.88347,3.25,4.5,5.5,315,null
"2019-03-18T09:39:38.000Z",45.701607,5.88347,3.5,5.25,6.5,315,null
"2019-03-18T09:43:38.000Z",45.701607,5.88347,5.5,7,8.75,337.5,null
"2019-03-18T09:47:38.000Z",45.701607,5.88347,6,7.25,9.5,337.5,null
"2019-03-18T09:51:42.000Z",45.701607,5.88347,3.25,5,7.25,315,null
"2019-03-18T09:55:42.000Z",45.701607,5.88347,1.75,3.75,4.75,315,null
"2019-03-18T09:59:42.000Z",45.701607,5.88347,1,2.25,4.75,337.5,null
"2019-03-18T10:03:46.000Z",45.701607,5.88347,0,1.5,3.75,0,null
"2019-03-18T10:07:46.000Z",45.701607,5.88347,1.5,3.5,4.75,337.5,null
"2019-03-18T10:11:46.000Z",45.701607,5.88347,2.75,6.75,12.5,337.5,null
"2019-03-18T10:15:50.000Z",45.701607,5.88347,7.75,10,13,0,null
"2019-03-18T10:19:50.000Z",45.701607,5.88347,6,9,11.5,0,null
"2019-03-18T10:23:50.000Z",45.701607,5.88347,6.25,8.25,12.5,0,null
"2019-03-18T10:27:54.000Z",45.701607,5.88347,9,11,13,0,null
"2019-03-18T10:31:54.000Z",45.701607,5.88347,8,10.5,12,0,null
"2019-03-18T10:35:54.000Z",45.701607,5.88347,8,10,12,0,null
"2019-03-18T10:39:59.000Z",45.701607,5.88347,7.25,8.75,10,0,null
"2019-03-18T10:43:59.000Z",45.701607,5.88347,6.25,8,9.75,0,null
"2019-03-18T10:47:59.000Z",45.701607,5.88347,4.5,7.25,9,0,null
"2019-03-18T10:52:02.000Z",45.701607,5.88347,6.25,8.25,10.5,0,null
"2019-03-18T10:56:02.000Z",45.701607,5.88347,4.75,8.5,10,0,null
"2019-03-18T11:00:02.000Z",45.701607,5.88347,4.75,7.25,8.75,22.5,null
"2019-03-18T11:04:07.000Z",45.701607,5.88347,4.5,7.25,9.5,22.5,null
"2019-03-18T11:08:07.000Z",45.701607,5.88347,4.75,6.75,8.75,0,null
"2019-03-18T11:12:07.000Z",45.701607,5.88347,4.5,6,7.75,0,null
"2019-03-18T11:16:10.000Z",45.701607,5.88347,3.5,4.75,6.5,0,null
"2019-03-18T11:20:10.000Z",45.701607,5.88347,3.25,5.25,8.25,0,null
"2019-03-18T11:24:10.000Z",45.701607,5.88347,7,8.75,10.5,337.5,null
"2019-03-18T11:28:14.000Z",45.701607,5.88347,7.75,9.25,11,337.5,null
"2019-03-18T11:32:14.000Z",45.701607,5.88347,5.5,7.5,11,337.5,null
"2019-03-18T11:36:14.000Z",45.701607,5.88347,6,7.25,8.75,337.5,null
"2019-03-18T11:40:18.000Z",45.701607,5.88347,4.25,6,7.75,337.5,null
"2019-03-18T11:44:18.000Z",45.701607,5.88347,3.75,5.5,8,0,null
"2019-03-18T11:48:18.000Z",45.701607,5.88347,4.25,6.25,7.75,22.5,null
"2019-03-18T11:52:22.000Z",45.701607,5.88347,5.25,6,8,0,null
"2019-03-18T11:56:22.000Z",45.701607,5.88347,2.5,3.5,5.25,0,null
"2019-03-18T12:00:22.000Z",45.701607,5.88347,3.5,5.5,7,0,null
"2019-03-18T12:04:27.000Z",45.701607,5.88347,4.5,6.25,8,0,null
"2019-03-18T12:08:27.000Z",45.701607,5.88347,3.75,6,8,22.5,null
"2019-03-18T12:12:27.000Z",45.701607,5.88347,2.75,5.5,9.75,22.5,null
"2019-03-18T12:16:30.000Z",45.701607,5.88347,3.5,6.5,8.75,0,null
"2019-03-18T12:20:30.000Z",45.701607,5.88347,4.5,6.25,8.75,0,null
"2019-03-18T12:24:30.000Z",45.701607,5.88347,3.75,6.25,8.25,0,null
"2019-03-18T12:28:35.000Z",45.701607,5.88347,5.5,7.5,10.5,0,null
"2019-03-18T12:32:35.000Z",45.701607,5.88347,5.5,7,8.25,0,null
"2019-03-18T12:36:35.000Z",45.701607,5.88347,5.25,6.5,8,0,null
"2019-03-18T12:40:39.000Z",45.701607,5.88347,4.75,7,8.25,0,null
"2019-03-18T12:44:39.000Z",45.701607,5.88347,6,7.25,8.75,0,null
"2019-03-18T12:48:39.000Z",45.701607,5.88347,4.75,8,11,0,null
"2019-03-18T12:52:43.000Z",45.701607,5.88347,6.25,9,12,0,null
"2019-03-18T12:56:43.000Z",45.701607,5.88347,8.75,11.5,14.5,337.5,null
"2019-03-18T13:00:43.000Z",45.701607,5.88347,9.5,13,15,337.5,null
"2019-03-18T13:04:47.000Z",45.701607,5.88347,7,9,11,337.5,null
"2019-03-18T13:08:47.000Z",45.701607,5.88347,6.25,10.5,15,0,null
"2019-03-18T13:12:47.000Z",45.701607,5.88347,9,11,13.5,0,null
"2019-03-18T13:16:51.000Z",45.701607,5.88347,8.25,11.5,15.5,0,null
"2019-03-18T13:20:51.000Z",45.701607,5.88347,8.25,13,15.5,337.5,null
"2019-03-18T13:24:51.000Z",45.701607,5.88347,9,12,14.5,0,null
"2019-03-18T13:28:55.000Z",45.701607,5.88347,9,10.5,12.5,0,null
"2019-03-18T13:32:55.000Z",45.701607,5.88347,8,10.5,12.5,0,null
"2019-03-18T13:36:55.000Z",45.701607,5.88347,9.5,10.5,12,0,null
"2019-03-18T13:40:59.000Z",45.701607,5.88347,7.75,9.75,11,0,null
"2019-03-18T13:44:59.000Z",45.701607,5.88347,9,10,11,0,null
"2019-03-18T13:48:59.000Z",45.701607,5.88347,9.5,11,12.5,0,null
"2019-03-18T13:53:11.000Z",45.701607,5.88347,7.75,9,10.5,0,null
"2019-03-18T13:57:11.000Z",45.701607,5.88347,8.25,11,13.5,0,null
"2019-03-18T14:01:11.000Z",45.701607,5.88347,9.75,11,12.5,0,null
"2019-03-18T14:05:15.000Z",45.701607,5.88347,10,11.5,13,0,null
"2019-03-18T14:09:15.000Z",45.701607,5.88347,7.75,10,11.5,0,null
"2019-03-18T14:13:15.000Z",45.701607,5.88347,8.75,9.75,11,0,null
"2019-03-18T14:17:19.000Z",45.701607,5.88347,8.25,9.75,11,0,null
"2019-03-18T14:21:19.000Z",45.701607,5.88347,8.25,9.5,10.5,0,null
"2019-03-18T14:25:19.000Z",45.701607,5.88347,6.5,8.25,10,337.5,null
"2019-03-18T14:29:24.000Z",45.701607,5.88347,5.5,7,7.75,0,null
"2019-03-18T14:33:24.000Z",45.701607,5.88347,4.5,5.5,6.25,0,null
"2019-03-18T14:37:24.000Z",45.701607,5.88347,4.25,5,5.5,0,null
"2019-03-18T14:41:27.000Z",45.701607,5.88347,4.75,6.25,7,337.5,null
"2019-03-18T14:45:27.000Z",45.701607,5.88347,6.25,7,7.75,337.5,null
"2019-03-18T14:49:27.000Z",45.701607,5.88347,6.5,7.75,8.75,0,null
"2019-03-18T14:53:31.000Z",45.701607,5.88347,7.25,8.25,9.75,0,null
"2019-03-18T14:57:31.000Z",45.701607,5.88347,6.5,7.5,8.25,0,null
"2019-03-18T15:01:31.000Z",45.701607,5.88347,4.5,6.75,7.75,0,null
"2019-03-18T15:05:35.000Z",45.701607,5.88347,3.25,4.5,6.25,0,null
"2019-03-18T15:09:35.000Z",45.701607,5.88347,3.25,5.25,6,0,null
"2019-03-18T15:13:35.000Z",45.701607,5.88347,4.25,5.25,6.5,0,null
"2019-03-18T15:17:40.000Z",45.701607,5.88347,5.25,6,6.5,0,null
"2019-03-18T15:21:40.000Z",45.701607,5.88347,5.25,6,7,0,null
"2019-03-18T15:25:40.000Z",45.701607,5.88347,5.25,6.25,7.25,0,null
"2019-03-18T15:29:44.000Z",45.701607,5.88347,4.5,6.5,8,0,null
"2019-03-18T15:33:44.000Z",45.701607,5.88347,3.75,6,8,0,null
"2019-03-18T15:37:44.000Z",45.701607,5.88347,7.25,8.75,9.5,0,null
"2019-03-18T15:41:48.000Z",45.701607,5.88347,8,9.25,10,0,null
"2019-03-18T15:45:48.000Z",45.701607,5.88347,8,8.75,11,0,null
"2019-03-18T15:49:48.000Z",45.701607,5.88347,7.25,9.75,12,0,null
"2019-03-18T15:53:52.000Z",45.701607,5.88347,6.5,12,15.5,337.5,null
"2019-03-18T15:57:52.000Z",45.701607,5.88347,7,10.5,13,337.5,null
"2019-03-18T16:01:52.000Z",45.701607,5.88347,6.5,9.5,13,337.5,null
"2019-03-18T16:05:55.000Z",45.701607,5.88347,4.75,9,13,315,null
"2019-03-18T16:09:55.000Z",45.701607,5.88347,4.5,7,10,337.5,null
"2019-03-18T16:13:55.000Z",45.701607,5.88347,7.25,8.75,10,337.5,null
"2019-03-18T16:17:59.000Z",45.701607,5.88347,8,11,19.5,337.5,null
"2019-03-18T16:21:59.000Z",45.701607,5.88347,8,10.5,15.5,315,null
"2019-03-18T16:25:59.000Z",45.701607,5.88347,7.75,9.5,11.5,337.5,null
"2019-03-18T16:30:03.000Z",45.701607,5.88347,7.25,9.5,13,337.5,null
"2019-03-18T16:34:03.000Z",45.701607,5.88347,10.5,12.5,14.5,337.5,null
"2019-03-18T16:38:03.000Z",45.701607,5.88347,9,13.5,18,0,null
"2019-03-18T16:42:08.000Z",45.701607,5.88347,13,17.5,19.5,337.5,null
"2019-03-18T16:46:08.000Z",45.701607,5.88347,14.5,17,18.5,337.5,null
"2019-03-18T16:50:08.000Z",45.701607,5.88347,11,14.5,19,337.5,null
"2019-03-18T16:54:11.000Z",45.701607,5.88347,11,13,14.5,337.5,null
"2019-03-18T16:58:11.000Z",45.701607,5.88347,12,14.5,18,337.5,null
"2019-03-18T17:02:11.000Z",45.701607,5.88347,11,12.5,14.5,315,null
"2019-03-18T17:06:16.000Z",45.701607,5.88347,10,11.5,13.5,315,null
"2019-03-18T17:10:16.000Z",45.701607,5.88347,7.75,10.5,14,315,null
"2019-03-18T17:14:16.000Z",45.701607,5.88347,6,8.5,12,315,null
"2019-03-18T17:18:20.000Z",45.701607,5.88347,4.75,9.75,19,0,null
"2019-03-18T17:22:20.000Z",45.701607,5.88347,6.25,12,19,22.5,null
"2019-03-18T17:26:20.000Z",45.701607,5.88347,9.5,14.5,19,22.5,null
"2019-03-18T17:30:24.000Z",45.701607,5.88347,8,13,16,22.5,null
"2019-03-18T17:34:24.000Z",45.701607,5.88347,9.75,13.5,17,0,null
"2019-03-18T17:38:24.000Z",45.701607,5.88347,7.25,12,19,22.5,null
"2019-03-18T17:42:28.000Z",45.701607,5.88347,9.5,13,17,0,null
"2019-03-18T17:46:28.000Z",45.701607,5.88347,9,12,15.5,22.5,null
"2019-03-18T17:50:28.000Z",45.701607,5.88347,6.25,8.75,12,0,null
"2019-03-18T17:54:32.000Z",45.701607,5.88347,6,7,9.75,0,null
"2019-03-18T17:58:32.000Z",45.701607,5.88347,6.25,9,12,0,null
"2019-03-18T18:02:32.000Z",45.701607,5.88347,8,9.75,11,0,null
"2019-03-18T18:06:36.000Z",45.701607,5.88347,6,7.5,9.5,0,null
"2019-03-18T18:10:36.000Z",45.701607,5.88347,3.5,7.25,10.5,22.5,null
"2019-03-18T18:14:36.000Z",45.701607,5.88347,3.25,5,9,0,null
"2019-03-18T18:18:40.000Z",45.701607,5.88347,2,6.25,9.5,22.5,null
"2019-03-18T18:22:40.000Z",45.701607,5.88347,5.5,8,11,22.5,null
"2019-03-18T18:26:40.000Z",45.701607,5.88347,4.75,8,10.5,22.5,null
"2019-03-18T18:30:44.000Z",45.701607,5.88347,6.25,9.75,13.5,22.5,null
"2019-03-18T18:34:44.000Z",45.701607,5.88347,7.75,11,13.5,0,null
"2019-03-18T18:38:44.000Z",45.701607,5.88347,7.25,10.5,13,0,null
"2019-03-18T18:42:48.000Z",45.701607,5.88347,9.75,12,14.5,22.5,null
"2019-03-18T18:46:48.000Z",45.701607,5.88347,7.75,11.5,13.5,22.5,null
"2019-03-18T18:50:48.000Z",45.701607,5.88347,9,11.5,14.5,22.5,null
"2019-03-18T18:54:53.000Z",45.701607,5.88347,7,9.25,11.5,22.5,null
"2019-03-18T18:58:53.000Z",45.701607,5.88347,6.25,8.25,10.5,22.5,null
"2019-03-18T19:02:53.000Z",45.701607,5.88347,6,8.5,11,22.5,null
"2019-03-18T19:06:56.000Z",45.701607,5.88347,4.75,7.5,11,22.5,null
"2019-03-18T19:10:56.000Z",45.701607,5.88347,6,8.25,11,0,null
"2019-03-18T19:14:56.000Z",45.701607,5.88347,4.75,7.25,9.75,0,null
"2019-03-18T19:19:00.000Z",45.701607,5.88347,5.25,6.5,8,22.5,null
"2019-03-18T19:23:00.000Z",45.701607,5.88347,3.25,4.5,6,0,null
"2019-03-18T19:27:00.000Z",45.701607,5.88347,1.5,3.25,5.25,22.5,null
"2019-03-18T19:31:05.000Z",45.701607,5.88347,2,4,7.75,45,null
"2019-03-18T19:35:05.000Z",45.701607,5.88347,1.5,4,7.75,45,null
"2019-03-18T19:39:05.000Z",45.701607,5.88347,2.5,4.25,7,45,null
"2019-03-18T19:43:08.000Z",45.701607,5.88347,3.25,6.25,8.75,45,null
"2019-03-18T19:47:08.000Z",45.701607,5.88347,1.5,4.75,10,45,null
"2019-03-18T19:51:08.000Z",45.701607,5.88347,1,3.75,6.25,45,null
"2019-03-18T19:55:12.000Z",45.701607,5.88347,0,2.5,7,22.5,null
"2019-03-18T19:59:12.000Z",45.701607,5.88347,0,2.75,5.5,0,null
"2019-03-18T20:03:12.000Z",45.701607,5.88347,2,3.5,6,135,null
"2019-03-18T20:07:17.000Z",45.701607,5.88347,1.75,3.5,4.5,112.5,null
"2019-03-18T20:11:17.000Z",45.701607,5.88347,0.75,2.5,4.25,90,null
"2019-03-18T20:15:17.000Z",45.701607,5.88347,0.25,1.75,3.25,90,null
"2019-03-18T20:19:21.000Z",45.701607,5.88347,1,2.25,3.75,67.5,null
"2019-03-18T20:23:21.000Z",45.701607,5.88347,0,1.25,5.5,292.5,null
"2019-03-18T20:27:21.000Z",45.701607,5.88347,3.25,5,6.5,270,null
"2019-03-18T20:31:25.000Z",45.701607,5.88347,2.75,5.75,8.25,270,null
"2019-03-18T20:35:25.000Z",45.701607,5.88347,2.75,5,6.25,292.5,null
"2019-03-18T20:39:25.000Z",45.701607,5.88347,3.25,4.25,6.5,315,null
"2019-03-18T20:43:29.000Z",45.701607,5.88347,3.25,4.75,8.25,337.5,null
"2019-03-18T20:47:29.000Z",45.701607,5.88347,7,8.5,11,337.5,null
"2019-03-18T20:51:29.000Z",45.701607,5.88347,7.25,11,13,0,null
"2019-03-18T20:55:33.000Z",45.701607,5.88347,3.75,7.75,11.5,22.5,null
"2019-03-18T20:59:33.000Z",45.701607,5.88347,0,2,7.25,45,null
"2019-03-18T21:03:33.000Z",45.701607,5.88347,1.5,3.25,4.75,135,null
"2019-03-18T21:07:37.000Z",45.701607,5.88347,0,2.25,4.5,135,null
"2019-03-18T21:11:37.000Z",45.701607,5.88347,1,3,4.75,112.5,null
"2019-03-18T21:15:37.000Z",45.701607,5.88347,1.5,3.75,6.25,112.5,null
"2019-03-18T21:19:41.000Z",45.701607,5.88347,0,0.5,3.25,90,null
"2019-03-18T21:23:41.000Z",45.701607,5.88347,0,0.25,2,135,null
"2019-03-18T21:27:41.000Z",45.701607,5.88347,1,2.25,3.75,135,null
"2019-03-18T21:31:45.000Z",45.701607,5.88347,0.75,3,4.75,112.5,null
"2019-03-18T21:35:45.000Z",45.701607,5.88347,0,1.25,2.5,90,null
"2019-03-18T21:39:45.000Z",45.701607,5.88347,1.5,2.5,3.5,90,null
"2019-03-18T21:43:49.000Z",45.701607,5.88347,2.5,4,5.5,90,null
"2019-03-18T21:47:49.000Z",45.701607,5.88347,0.75,3.25,5.5,90,null
"2019-03-18T21:51:49.000Z",45.701607,5.88347,0,0.25,1,90,null
"2019-03-18T21:55:53.000Z",45.701607,5.88347,0,2,2.75,90,null
"2019-03-18T21:59:53.000Z",45.701607,5.88347,1.75,3.5,5.25,90,null
"2019-03-18T22:03:53.000Z",45.701607,5.88347,1,2.5,5.25,90,null
"2019-03-18T22:07:57.000Z",45.701607,5.88347,1.5,3.25,8,45,null
"2019-03-18T22:11:57.000Z",45.701607,5.88347,2.5,6,8.75,22.5,null
"2019-03-18T22:15:57.000Z",45.701607,5.88347,4.5,7.25,12.5,22.5,null
"2019-03-18T22:20:02.000Z",45.701607,5.88347,6,13.5,18,0,null
"2019-03-18T22:24:02.000Z",45.701607,5.88347,10,15,19.5,0,null
"2019-03-18T22:28:02.000Z",45.701607,5.88347,8.75,14,18,0,null
"2019-03-18T22:32:05.000Z",45.701607,5.88347,6.5,11,16.5,22.5,null
"2019-03-18T22:36:05.000Z",45.701607,5.88347,7.25,11.5,16.5,22.5,null
"2019-03-18T22:40:05.000Z",45.701607,5.88347,5.25,9.5,14,22.5,null
"2019-03-18T22:44:10.000Z",45.701607,5.88347,5.25,9,12.5,22.5,null
"2019-03-18T22:48:10.000Z",45.701607,5.88347,2.75,7.5,12,22.5,null
"2019-03-18T22:52:10.000Z",45.701607,5.88347,4.5,8.75,12.5,45,null
"2019-03-18T22:56:14.000Z",45.701607,5.88347,3.5,7.25,11,45,null
"2019-03-18T23:00:14.000Z",45.701607,5.88347,3.25,5.5,8,22.5,null
"2019-03-18T23:04:14.000Z",45.701607,5.88347,3.75,6.5,11,22.5,null
"2019-03-18T23:08:18.000Z",45.701607,5.88347,3.75,6.5,9.5,22.5,null
"2019-03-18T23:12:18.000Z",45.701607,5.88347,2.5,5.5,9,45,null
"2019-03-18T23:16:18.000Z",45.701607,5.88347,2,4,7.75,67.5,null
"2019-03-18T23:20:22.000Z",45.701607,5.88347,0,3.25,6,45,null
"2019-03-18T23:24:22.000Z",45.701607,5.88347,0,1.75,4.25,45,null
"2019-03-18T23:28:22.000Z",45.701607,5.88347,2.5,4.25,6,67.5,null
"2019-03-18T23:32:26.000Z",45.701607,5.88347,3.5,5.5,9,45,null
"2019-03-18T23:36:26.000Z",45.701607,5.88347,1.5,4.25,6.5,22.5,null
"2019-03-18T23:40:26.000Z",45.701607,5.88347,3.25,6,9.75,22.5,null
"2019-03-18T23:44:30.000Z",45.701607,5.88347,4,7.25,10,22.5,null
"2019-03-18T23:48:30.000Z",45.701607,5.88347,8.75,10,12.5,0,null
"2019-03-18T23:52:30.000Z",45.701607,5.88347,10,12.5,15.5,337.5,null
"2019-03-18T23:56:33.000Z",45.701607,5.88347,11,13,14.5,337.5,null
"2019-03-19T00:00:33.000Z",45.701607,5.88347,12.5,15,17,337.5,null
"2019-03-19T00:04:33.000Z",45.701607,5.88347,11.5,15,19,337.5,null
"2019-03-19T00:08:38.000Z",45.701607,5.88347,11.5,15,17.5,0,null
"2019-03-19T00:12:38.000Z",45.701607,5.88347,7.75,12,18,0,null
"2019-03-19T00:16:38.000Z",45.701607,5.88347,11,14,16.5,0,null
"2019-03-19T00:20:42.000Z",45.701607,5.88347,7.25,12,14.5,0,null
"2019-03-19T00:24:42.000Z",45.701607,5.88347,6.25,9.75,12,0,null
"2019-03-19T00:28:42.000Z",45.701607,5.88347,8.75,11,12.5,0,null
"2019-03-19T00:32:45.000Z",45.701607,5.88347,7.25,9.5,11,0,null
"2019-03-19T00:36:45.000Z",45.701607,5.88347,3.25,5.75,9.5,0,null
"2019-03-19T00:40:45.000Z",45.701607,5.88347,4.75,7.5,9.75,0,null
"2019-03-19T00:44:50.000Z",45.701607,5.88347,6.5,8.5,11,0,null
"2019-03-19T00:48:50.000Z",45.701607,5.88347,7.75,9.25,11,0,null
"2019-03-19T00:52:50.000Z",45.701607,5.88347,6.5,8.5,11,0,null
"2019-03-19T00:56:54.000Z",45.701607,5.88347,8.25,10,12,0,null
"2019-03-19T01:00:54.000Z",45.701607,5.88347,5.5,8,9.5,0,null
"2019-03-19T01:04:54.000Z",45.701607,5.88347,7.25,8.5,10,337.5,null
"2019-03-19T01:08:58.000Z",45.701607,5.88347,7.25,9.75,11.5,0,null
"2019-03-19T01:12:58.000Z",45.701607,5.88347,7.25,8.5,9.75,0,null
"2019-03-19T01:16:58.000Z",45.701607,5.88347,7.25,8.25,9.75,337.5,null
"2019-03-19T01:21:02.000Z",45.701607,5.88347,6.25,7.5,9,337.5,null
"2019-03-19T01:25:02.000Z",45.701607,5.88347,7.75,9.25,10.5,337.5,null
"2019-03-19T01:29:02.000Z",45.701607,5.88347,7.75,9.75,12,337.5,null
"2019-03-19T01:33:06.000Z",45.701607,5.88347,6.5,7.75,8.75,337.5,null
"2019-03-19T01:37:06.000Z",45.701607,5.88347,4.75,7.75,9.5,0,null
"2019-03-19T01:41:06.000Z",45.701607,5.88347,4.25,6,7.75,22.5,null
"2019-03-19T01:45:10.000Z",45.701607,5.88347,2,3.75,6,45,null
"2019-03-19T01:49:10.000Z",45.701607,5.88347,2.75,4.5,7,22.5,null
"2019-03-19T01:53:10.000Z",45.701607,5.88347,1,5.25,8,45,null
"2019-03-19T01:57:14.000Z",45.701607,5.88347,0.75,2.75,5.5,67.5,null
"2019-03-19T02:01:14.000Z",45.701607,5.88347,0,1,2,67.5,null
"2019-03-19T02:05:14.000Z",45.701607,5.88347,1.5,3.5,5.25,22.5,null
"2019-03-19T02:09:19.000Z",45.701607,5.88347,2.75,5,7.25,0,null
"2019-03-19T02:13:19.000Z",45.701607,5.88347,2.5,4.5,7,0,null
"2019-03-19T02:17:19.000Z",45.701607,5.88347,2.5,5.25,8,0,null
"2019-03-19T02:21:22.000Z",45.701607,5.88347,8.25,10,12,337.5,null
"2019-03-19T02:25:22.000Z",45.701607,5.88347,8.25,11,14,0,null
"2019-03-19T02:29:22.000Z",45.701607,5.88347,8,11,13,0,null
"2019-03-19T02:33:27.000Z",45.701607,5.88347,5.5,10.5,14,22.5,null
"2019-03-19T02:37:27.000Z",45.701607,5.88347,3.5,6.75,10,22.5,null
"2019-03-19T02:41:27.000Z",45.701607,5.88347,3.25,5.75,10,22.5,null
"2019-03-19T02:45:30.000Z",45.701607,5.88347,2.75,5.25,7.75,22.5,null
"2019-03-19T02:49:30.000Z",45.701607,5.88347,2.5,5,8.75,22.5,null
"2019-03-19T02:53:30.000Z",45.701607,5.88347,3.5,6.25,9.5,22.5,null
"2019-03-19T02:57:35.000Z",45.701607,5.88347,3.75,6,8.25,22.5,null
"2019-03-19T03:01:35.000Z",45.701607,5.88347,4.5,6.25,8.25,22.5,null
"2019-03-19T03:05:35.000Z",45.701607,5.88347,2.75,6.25,8.75,22.5,null
"2019-03-19T03:09:39.000Z",45.701607,5.88347,2.75,5,7.25,22.5,null
"2019-03-19T03:13:39.000Z",45.701607,5.88347,3.25,7,9.5,0,null
"2019-03-19T03:17:39.000Z",45.701607,5.88347,0.25,2.75,4.5,67.5,null
"2019-03-19T03:21:43.000Z",45.701607,5.88347,2,3.75,6.5,45,null
"2019-03-19T03:25:43.000Z",45.701607,5.88347,3.25,6,9,22.5,null
"2019-03-19T03:29:43.000Z",45.701607,5.88347,2.5,5,8,22.5,null
"2019-03-19T03:33:47.000Z",45.701607,5.88347,2.75,5.75,9.5,22.5,null
"2019-03-19T03:37:47.000Z",45.701607,5.88347,2.75,5.25,8,22.5,null
"2019-03-19T03:41:47.000Z",45.701607,5.88347,2.5,5,7.75,45,null
"2019-03-19T03:45:51.000Z",45.701607,5.88347,1,3.75,6.5,22.5,null
"2019-03-19T03:49:51.000Z",45.701607,5.88347,0.25,5.25,9.75,22.5,null
"2019-03-19T03:53:51.000Z",45.701607,5.88347,4.25,7.75,11.5,22.5,null
"2019-03-19T03:57:55.000Z",45.701607,5.88347,3.75,6.5,10,22.5,null
"2019-03-19T04:01:55.000Z",45.701607,5.88347,4.25,7,10,45,null
"2019-03-19T04:05:55.000Z",45.701607,5.88347,3.25,5.75,9.5,45,null
"2019-03-19T04:09:59.000Z",45.701607,5.88347,3.75,6,10.5,45,null
"2019-03-19T04:13:59.000Z",45.701607,5.88347,3.5,6.75,11.5,45,null
"2019-03-19T04:17:59.000Z",45.701607,5.88347,3.75,7.25,11.5,22.5,null
"2019-03-19T04:22:03.000Z",45.701607,5.88347,3.25,6.25,11,22.5,null
"2019-03-19T04:26:03.000Z",45.701607,5.88347,4.75,8,11.5,22.5,null
"2019-03-19T04:30:03.000Z",45.701607,5.88347,3.5,6.25,8.75,22.5,null
"2019-03-19T04:34:07.000Z",45.701607,5.88347,3.5,6.25,10,22.5,null
"2019-03-19T04:38:07.000Z",45.701607,5.88347,2.75,5,8,45,null
"2019-03-19T04:42:07.000Z",45.701607,5.88347,1,3.5,6,67.5,null
"2019-03-19T04:46:11.000Z",45.701607,5.88347,1.5,4.25,6.25,67.5,null
"2019-03-19T04:50:11.000Z",45.701607,5.88347,0,1,2.75,90,null
"2019-03-19T04:54:11.000Z",45.701607,5.88347,0,2,3.5,67.5,null
"2019-03-19T04:58:16.000Z",45.701607,5.88347,0,2,3.5,90,null
"2019-03-19T05:02:16.000Z",45.701607,5.88347,0,0.25,1.75,90,null
"2019-03-19T05:06:16.000Z",45.701607,5.88347,0,0.75,2,112.5,null
"2019-03-19T05:10:19.000Z",45.701607,5.88347,0,2,4.75,135,null
"2019-03-19T05:14:19.000Z",45.701607,5.88347,1,2.5,4.25,135,null
"2019-03-19T05:18:19.000Z",45.701607,5.88347,0,3,5.5,112.5,null
"2019-03-19T05:22:23.000Z",45.701607,5.88347,3.5,4.75,6,112.5,null
"2019-03-19T05:26:23.000Z",45.701607,5.88347,0.75,3,6.25,112.5,null
"2019-03-19T05:30:23.000Z",45.701607,5.88347,0,1.5,3.5,112.5,null
"2019-03-19T05:34:27.000Z",45.701607,5.88347,1.75,2.25,3.25,90,null
"2019-03-19T05:38:27.000Z",45.701607,5.88347,3.25,4,4.75,90,null
"2019-03-19T05:42:27.000Z",45.701607,5.88347,2.5,3.25,4.5,90,null
"2019-03-19T05:46:32.000Z",45.701607,5.88347,0.75,2.5,3.75,90,null
"2019-03-19T05:50:32.000Z",45.701607,5.88347,0,1,2.75,135,null
"2019-03-19T05:54:32.000Z",45.701607,5.88347,1.75,3.25,6,90,null
"2019-03-19T05:58:35.000Z",45.701607,5.88347,2,4.5,7.75,90,null
"2019-03-19T06:02:35.000Z",45.701607,5.88347,1.75,3,4.25,90,null
"2019-03-19T06:06:35.000Z",45.701607,5.88347,2,4,6.25,90,null
"2019-03-19T06:10:39.000Z",45.701607,5.88347,2.75,4.5,6.25,67.5,null
"2019-03-19T06:14:39.000Z",45.701607,5.88347,3.5,4.75,6,90,null
"2019-03-19T06:18:39.000Z",45.701607,5.88347,0.75,3.75,6.25,90,null
"2019-03-19T06:22:44.000Z",45.701607,5.88347,0.75,2.75,4.75,90,null
"2019-03-19T06:26:44.000Z",45.701607,5.88347,0,1.25,4.25,45,null
"2019-03-19T06:30:44.000Z",45.701607,5.88347,1,2.75,4.75,45,null
"2019-03-19T06:34:48.000Z",45.701607,5.88347,1.75,4,5.5,67.5,null
"2019-03-19T06:38:48.000Z",45.701607,5.88347,0.75,2.75,4.25,45,null
"2019-03-19T06:42:48.000Z",45.701607,5.88347,0.25,2.5,4.5,67.5,null
"2019-03-19T06:46:51.000Z",45.701607,5.88347,1,2.5,4.25,67.5,null
"2019-03-19T06:50:51.000Z",45.701607,5.88347,2.75,4,5.25,67.5,null
"2019-03-19T06:54:51.000Z",45.701607,5.88347,2,4.25,6.5,67.5,null
"2019-03-19T06:58:55.000Z",45.701607,5.88347,3.25,5.25,6.5,67.5,null
"2019-03-19T07:02:55.000Z",45.701607,5.88347,3.25,5.25,7,67.5,null
"2019-03-19T07:06:55.000Z",45.701607,5.88347,2,4.5,7,67.5,null
"2019-03-19T07:11:00.000Z",45.701607,5.88347,3.25,5,6.5,67.5,null
"2019-03-19T07:15:00.000Z",45.701607,5.88347,3.75,5.25,7,67.5,null
"2019-03-19T07:19:00.000Z",45.701607,5.88347,2.5,6,11,67.5,null
"2019-03-19T07:23:04.000Z",45.701607,5.88347,1.75,4.25,9.5,67.5,null
"2019-03-19T07:27:04.000Z",45.701607,5.88347,4.5,7.5,10.5,67.5,null
"2019-03-19T07:31:04.000Z",45.701607,5.88347,4.5,7,9.5,67.5,null
"2019-03-19T07:35:08.000Z",45.701607,5.88347,3.25,6.75,10.5,67.5,null
"2019-03-19T07:39:08.000Z",45.701607,5.88347,3.75,7.25,9.75,67.5,null
"2019-03-19T07:43:08.000Z",45.701607,5.88347,0.25,3.25,6.5,45,null
"2019-03-19T07:47:12.000Z",45.701607,5.88347,2,6.25,9.5,22.5,null
"2019-03-19T07:51:12.000Z",45.701607,5.88347,3.5,6.5,10,22.5,null
"2019-03-19T07:55:12.000Z",45.701607,5.88347,2.75,6,10.5,22.5,null
"2019-03-19T07:59:16.000Z",45.701607,5.88347,3.25,6.5,12.5,22.5,null
"2019-03-19T08:03:16.000Z",45.701607,5.88347,0.75,3,7,22.5,null
"2019-03-19T08:07:16.000Z",45.701607,5.88347,2.75,5.25,9,45,null
"2019-03-19T08:11:20.000Z",45.701607,5.88347,0,5.25,9.5,22.5,null
"2019-03-19T08:15:20.000Z",45.701607,5.88347,4.5,6.75,9.75,0,null
"2019-03-19T08:19:20.000Z",45.701607,5.88347,2,4.75,7.25,22.5,null
"2019-03-19T08:23:24.000Z",45.701607,5.88347,3.5,5.5,8.75,0,null
"2019-03-19T08:27:24.000Z",45.701607,5.88347,4.75,7.25,9.75,22.5,null
"2019-03-19T08:31:24.000Z",45.701607,5.88347,2.75,4.75,7,0,null
"2019-03-19T08:35:29.000Z",45.701607,5.88347,3.5,7,12,0,null
"2019-03-19T08:39:29.000Z",45.701607,5.88347,0.25,3.5,7.25,22.5,null
"2019-03-19T08:43:29.000Z",45.701607,5.88347,2.75,6,10.5,0,null
"2019-03-19T08:47:32.000Z",45.701607,5.88347,7.25,10,12,0,null
"2019-03-19T08:51:32.000Z",45.701607,5.88347,9,13,16.5,0,null
"2019-03-19T08:55:32.000Z",45.701607,5.88347,9.75,14,22,0,null
"2019-03-19T08:59:36.000Z",45.701607,5.88347,11,13.5,18,337.5,null
"2019-03-19T09:03:36.000Z",45.701607,5.88347,7.75,12,15.5,337.5,null
"2019-03-19T09:07:36.000Z",45.701607,5.88347,12,14.5,20,0,null
"2019-03-19T09:11:41.000Z",45.701607,5.88347,9,12.5,18.5,337.5,null
"2019-03-19T09:15:41.000Z",45.701607,5.88347,8,14,16.5,0,null
"2019-03-19T09:19:41.000Z",45.701607,5.88347,6.5,9.75,15.5,0,null
"2019-03-19T09:23:44.000Z",45.701607,5.88347,7.75,11.5,16.5,337.5,null
"2019-03-19T09:27:44.000Z",45.701607,5.88347,7.75,11,14.5,0,null
"2019-03-19T09:31:44.000Z",45.701607,5.88347,3.75,6.25,8.75,0,null
"2019-03-19T09:35:48.000Z",45.701607,5.88347,4.75,12,21,0,null
"2019-03-19T09:39:48.000Z",45.701607,5.88347,11,15,19.5,0,null
"2019-03-19T09:43:48.000Z",45.701607,5.88347,10,14.5,21,0,null
"2019-03-19T09:47:52.000Z",45.701607,5.88347,11,15.5,20.5,0,null
"2019-03-19T09:51:52.000Z",45.701607,5.88347,7.25,10,14.5,0,null
"2019-03-19T09:55:52.000Z",45.701607,5.88347,11,13.5,16.5,0,null
"2019-03-19T09:59:57.000Z",45.701607,5.88347,11,15,21,0,null
"2019-03-19T10:03:57.000Z",45.701607,5.88347,7.25,14,21,337.5,null
"2019-03-19T10:07:57.000Z",45.701607,5.88347,12.5,16.5,20.5,0,null
"2019-03-19T10:12:01.000Z",45.701607,5.88347,11.5,15,20.5,337.5,null
"2019-03-19T10:16:01.000Z",45.701607,5.88347,10,15,22,337.5,null
"2019-03-19T10:20:01.000Z",45.701607,5.88347,13,15,17,337.5,null
"2019-03-19T10:24:05.000Z",45.701607,5.88347,12,18,27,337.5,null
"2019-03-19T10:28:05.000Z",45.701607,5.88347,14,17,21.5,337.5,null
"2019-03-19T10:32:05.000Z",45.701607,5.88347,11,14,18.5,337.5,null
"2019-03-19T10:36:09.000Z",45.701607,5.88347,9.75,11.5,13,337.5,null
"2019-03-19T10:40:09.000Z",45.701607,5.88347,4.75,7.25,11,337.5,null
"2019-03-19T10:44:09.000Z",45.701607,5.88347,5.5,7.5,12,315,null
"2019-03-19T10:48:13.000Z",45.701607,5.88347,10.5,13.5,19,337.5,null
"2019-03-19T10:52:13.000Z",45.701607,5.88347,8,11.5,17.5,337.5,null
"2019-03-19T10:56:13.000Z",45.701607,5.88347,7,10.5,16.5,337.5,null
"2019-03-19T11:00:17.000Z",45.701607,5.88347,8.75,15,19,337.5,null
"2019-03-19T11:04:17.000Z",45.701607,5.88347,11,17,22.5,337.5,null
"2019-03-19T11:08:17.000Z",45.701607,5.88347,11.5,16.5,21,337.5,null
"2019-03-19T11:12:21.000Z",45.701607,5.88347,15,20,29,337.5,null
"2019-03-19T11:16:21.000Z",45.701607,5.88347,16.5,23.5,31,337.5,null
"2019-03-19T11:20:21.000Z",45.701607,5.88347,15.5,22.5,32,337.5,null
"2019-03-19T11:24:25.000Z",45.701607,5.88347,16,24,33.5,337.5,null
"2019-03-19T11:28:25.000Z",45.701607,5.88347,16,21.5,29.5,337.5,null
"2019-03-19T11:32:25.000Z",45.701607,5.88347,12,21,26.5,337.5,null
"2019-03-19T11:36:29.000Z",45.701607,5.88347,12,20,27.5,315,null
"2019-03-19T11:40:29.000Z",45.701607,5.88347,17,22,30.5,337.5,null
"2019-03-19T11:44:29.000Z",45.701607,5.88347,15.5,23.5,30,337.5,null
"2019-03-19T11:48:33.000Z",45.701607,5.88347,18,22.5,30.5,337.5,null
"2019-03-19T11:52:33.000Z",45.701607,5.88347,10.5,19,25,337.5,null
"2019-03-19T11:56:33.000Z",45.701607,5.88347,13.5,20.5,31.5,337.5,null
"2019-03-19T12:00:37.000Z",45.701607,5.88347,10.5,19,28,337.5,null
"2019-03-19T12:04:37.000Z",45.701607,5.88347,15.5,23.5,31.5,337.5,null
"2019-03-19T12:08:37.000Z",45.701607,5.88347,14.5,20,24.5,337.5,null
"2019-03-19T12:12:41.000Z",45.701607,5.88347,12.5,17.5,29,337.5,null
"2019-03-19T12:16:41.000Z",45.701607,5.88347,20,25,28.5,337.5,null
"2019-03-19T12:20:41.000Z",45.701607,5.88347,13.5,25,33,337.5,null
"2019-03-19T12:24:46.000Z",45.701607,5.88347,14.5,19,25,337.5,null
"2019-03-19T12:28:46.000Z",45.701607,5.88347,8.75,18,25,337.5,null
"2019-03-19T12:32:46.000Z",45.701607,5.88347,14.5,19.5,26,337.5,null
"2019-03-19T12:36:49.000Z",45.701607,5.88347,16,21,26.5,337.5,null
"2019-03-19T12:40:49.000Z",45.701607,5.88347,9.75,16,23.5,337.5,null
"2019-03-19T12:44:49.000Z",45.701607,5.88347,7.75,12,18.5,337.5,null
"2019-03-19T12:48:54.000Z",45.701607,5.88347,13.5,19.5,30,337.5,null
"2019-03-19T12:52:54.000Z",45.701607,5.88347,21.5,28.5,36,337.5,null
"2019-03-19T12:56:54.000Z",45.701607,5.88347,20,29.5,37,0,null
"2019-03-19T13:00:57.000Z",45.701607,5.88347,15.5,21.5,28,337.5,null
"2019-03-19T13:04:57.000Z",45.701607,5.88347,10.5,20,28,337.5,null
"2019-03-19T13:08:57.000Z",45.701607,5.88347,13,20.5,27.5,337.5,null
"2019-03-19T13:13:01.000Z",45.701607,5.88347,13,19.5,28,337.5,null
"2019-03-19T13:17:01.000Z",45.701607,5.88347,10,18,23,337.5,null
"2019-03-19T13:21:01.000Z",45.701607,5.88347,14,19,28,337.5,null
"2019-03-19T13:25:05.000Z",45.701607,5.88347,20.5,27.5,37.5,337.5,null
"2019-03-19T13:29:05.000Z",45.701607,5.88347,11.5,18.5,25.5,337.5,null
"2019-03-19T13:33:05.000Z",45.701607,5.88347,14.5,24.5,38.5,337.5,null
"2019-03-19T13:37:10.000Z",45.701607,5.88347,16.5,20.5,25,337.5,null
"2019-03-19T13:41:10.000Z",45.701607,5.88347,16.5,22,34,337.5,null
"2019-03-19T13:45:10.000Z",45.701607,5.88347,10.5,19.5,32.5,337.5,null
"2019-03-19T13:49:14.000Z",45.701607,5.88347,5.25,18.5,29,337.5,null
"2019-03-19T13:53:14.000Z",45.701607,5.88347,10,23,34.5,337.5,null
"2019-03-19T13:57:14.000Z",45.701607,5.88347,9.75,20.5,29.5,337.5,null
"2019-03-19T14:01:54.000Z",45.701607,5.88347,6.25,20.5,37,337.5,null
"2019-03-19T14:05:54.000Z",45.701607,5.88347,8,24,35,0,null
"2019-03-19T14:09:54.000Z",45.701607,5.88347,5.25,20,27.5,337.5,null
"2019-03-19T14:13:58.000Z",45.701607,5.88347,8.75,20,29,337.5,null
"2019-03-19T14:17:58.000Z",45.701607,5.88347,9,14.5,21,0,null
"2019-03-19T14:21:58.000Z",45.701607,5.88347,10.5,18,26,337.5,null
"2019-03-19T14:26:02.000Z",45.701607,5.88347,15.5,22.5,32.5,337.5,null
"2019-03-19T14:30:02.000Z",45.701607,5.88347,19.5,24.5,33,337.5,null
"2019-03-19T14:34:02.000Z",45.701607,5.88347,20,26.5,38,337.5,null
"2019-03-19T14:38:05.000Z",45.701607,5.88347,15.5,28,39.5,337.5,null
"2019-03-19T14:42:05.000Z",45.701607,5.88347,19,24.5,33,0,null
"2019-03-19T14:46:05.000Z",45.701607,5.88347,12,21,31,337.5,null
"2019-03-19T14:50:10.000Z",45.701607,5.88347,12,19,25.5,337.5,null
"2019-03-19T14:54:10.000Z",45.701607,5.88347,16.5,23,28.5,337.5,null
"2019-03-19T14:58:10.000Z",45.701607,5.88347,20,26,34,337.5,null
"2019-03-19T15:02:14.000Z",45.701607,5.88347,17,23.5,28,337.5,null
"2019-03-19T15:06:14.000Z",45.701607,5.88347,14,27,39,0,null
"2019-03-19T15:10:14.000Z",45.701607,5.88347,15,24.5,39.5,0,null
"2019-03-19T15:14:18.000Z",45.701607,5.88347,19.5,26.5,39.5,337.5,null
"2019-03-19T15:18:18.000Z",45.701607,5.88347,18,25,32,0,null
"2019-03-19T15:22:18.000Z",45.701607,5.88347,16,22,33,337.5,null
"2019-03-19T15:26:22.000Z",45.701607,5.88347,18,23.5,29.5,337.5,null
"2019-03-19T15:30:22.000Z",45.701607,5.88347,16.5,24.5,32.5,337.5,null
"2019-03-19T15:34:22.000Z",45.701607,5.88347,22,28.5,33.5,337.5,null
"2019-03-19T15:38:26.000Z",45.701607,5.88347,23.5,27,32.5,337.5,null
"2019-03-19T15:42:26.000Z",45.701607,5.88347,22.5,29.5,36,337.5,null
"2019-03-19T15:46:26.000Z",45.701607,5.88347,17.5,25,34,0,null
"2019-03-19T15:50:30.000Z",45.701607,5.88347,18,24,30.5,337.5,null
"2019-03-19T15:54:30.000Z",45.701607,5.88347,18,26.5,38,337.5,null
"2019-03-19T15:58:30.000Z",45.701607,5.88347,26.5,33.5,41.5,337.5,null
"2019-03-19T16:02:34.000Z",45.701607,5.88347,21,27.5,35,337.5,null
"2019-03-19T16:06:34.000Z",45.701607,5.88347,19,24.5,33,337.5,null
"2019-03-19T16:10:34.000Z",45.701607,5.88347,20,25,29,337.5,null
"2019-03-19T16:14:38.000Z",45.701607,5.88347,20,28,37,337.5,null
"2019-03-19T16:18:38.000Z",45.701607,5.88347,18.5,25.5,34,337.5,null
"2019-03-19T16:22:38.000Z",45.701607,5.88347,24.5,33,41.5,337.5,null
"2019-03-19T16:26:42.000Z",45.701607,5.88347,17.5,28.5,40.5,337.5,null
"2019-03-19T16:30:42.000Z",45.701607,5.88347,14,26,35,337.5,null
"2019-03-19T16:34:42.000Z",45.701607,5.88347,11,22.5,35,337.5,null
"2019-03-19T16:38:46.000Z",45.701607,5.88347,20.5,26.5,33,337.5,null
"2019-03-19T16:42:46.000Z",45.701607,5.88347,19.5,27.5,33.5,0,null
"2019-03-19T16:46:46.000Z",45.701607,5.88347,17,26,34.5,337.5,null
"2019-03-19T16:50:50.000Z",45.701607,5.88347,16.5,27,34.5,0,null
"2019-03-19T16:54:50.000Z",45.701607,5.88347,18.5,26,36,0,null
"2019-03-19T16:58:50.000Z",45.701607,5.88347,18,25,35,0,null
"2019-03-19T17:02:55.000Z",45.701607,5.88347,18,25.5,32,0,null
"2019-03-19T17:06:55.000Z",45.701607,5.88347,13,26.5,37,0,null
"2019-03-19T17:10:55.000Z",45.701607,5.88347,20,30.5,43,0,null
"2019-03-19T17:14:58.000Z",45.701607,5.88347,14,26.5,45.5,0,null
"2019-03-19T17:18:58.000Z",45.701607,5.88347,19,27.5,36,0,null
"2019-03-19T17:22:58.000Z",45.701607,5.88347,11.5,25.5,36,0,null
"2019-03-19T17:27:02.000Z",45.701607,5.88347,18,31,51,0,null
"2019-03-19T17:31:02.000Z",45.701607,5.88347,15.5,25.5,43,0,null
"2019-03-19T17:35:02.000Z",45.701607,5.88347,18,29,42,0,null
"2019-03-19T17:39:07.000Z",45.701607,5.88347,12.5,23.5,39.5,0,null
"2019-03-19T17:43:07.000Z",45.701607,5.88347,8,20.5,34.5,0,null
"2019-03-19T17:47:07.000Z",45.701607,5.88347,12,21.5,37.5,0,null
"2019-03-19T17:51:10.000Z",45.701607,5.88347,11,24.5,43,0,null
"2019-03-19T17:55:10.000Z",45.701607,5.88347,11,26.5,44,0,null
"2019-03-19T17:59:10.000Z",45.701607,5.88347,11,16,21,0,null
"2019-03-19T18:03:14.000Z",45.701607,5.88347,8.75,15,20,22.5,null
"2019-03-19T18:07:14.000Z",45.701607,5.88347,4.5,16,27.5,0,null
"2019-03-19T18:11:14.000Z",45.701607,5.88347,4.75,15,28,0,null
"2019-03-19T18:15:19.000Z",45.701607,5.88347,6.25,11,16,22.5,null
"2019-03-19T18:19:19.000Z",45.701607,5.88347,7.25,13,23.5,0,null
"2019-03-19T18:23:19.000Z",45.701607,5.88347,8.25,20,29,0,null
"2019-03-19T18:27:22.000Z",45.701607,5.88347,11.5,22,35,0,null
"2019-03-19T18:31:22.000Z",45.701607,5.88347,8.25,18.5,29,0,null
"2019-03-19T18:35:22.000Z",45.701607,5.88347,6.5,14.5,23,0,null
"2019-03-19T18:39:27.000Z",45.701607,5.88347,3.5,11,22.5,22.5,null
"2019-03-19T18:43:27.000Z",45.701607,5.88347,1.5,8.5,15,22.5,null
"2019-03-19T18:47:27.000Z",45.701607,5.88347,4.25,8.25,15,22.5,null
"2019-03-19T18:51:31.000Z",45.701607,5.88347,6.25,12,20,22.5,null
"2019-03-19T18:55:31.000Z",45.701607,5.88347,5.5,11.5,28,22.5,null
"2019-03-19T18:59:31.000Z",45.701607,5.88347,9.5,16,27,22.5,null
"2019-03-19T19:03:35.000Z",45.701607,5.88347,1.5,14.5,21.5,22.5,null
"2019-03-19T19:07:35.000Z",45.701607,5.88347,10,17.5,27,22.5,null
"2019-03-19T19:11:35.000Z",45.701607,5.88347,9.75,19.5,31.5,22.5,null
"2019-03-19T19:15:39.000Z",45.701607,5.88347,8,18.5,30.5,22.5,null
"2019-03-19T19:19:39.000Z",45.701607,5.88347,7.75,15.5,24.5,22.5,null
"2019-03-19T19:23:39.000Z",45.701607,5.88347,11,20.5,30,22.5,null
"2019-03-19T19:27:42.000Z",45.701607,5.88347,8,15,22.5,22.5,null
"2019-03-19T19:31:42.000Z",45.701607,5.88347,6,13.5,37,22.5,null
"2019-03-19T19:35:42.000Z",45.701607,5.88347,11.5,20,29,22.5,null
"2019-03-19T19:39:47.000Z",45.701607,5.88347,11,18.5,28.5,22.5,null
"2019-03-19T19:43:47.000Z",45.701607,5.88347,10.5,18.5,25.5,22.5,null
"2019-03-19T19:47:47.000Z",45.701607,5.88347,7.25,17,27,22.5,null
"2019-03-19T19:51:51.000Z",45.701607,5.88347,12.5,19,31,22.5,null
"2019-03-19T19:55:51.000Z",45.701607,5.88347,5.5,13.5,29,22.5,null
"2019-03-19T19:59:51.000Z",45.701607,5.88347,5.5,14.5,26.5,22.5,null
"2019-03-19T20:03:55.000Z",45.701607,5.88347,3.5,12,25,22.5,null
"2019-03-19T20:07:55.000Z",45.701607,5.88347,3.5,8.75,16.5,45,null
"2019-03-19T20:11:55.000Z",45.701607,5.88347,0.75,5,9,45,null
"2019-03-19T20:15:59.000Z",45.701607,5.88347,1,5.5,14,45,null
"2019-03-19T20:19:59.000Z",45.701607,5.88347,0.75,8.75,19,45,null
"2019-03-19T20:23:59.000Z",45.701607,5.88347,0.75,3.75,7.75,45,null
"2019-03-19T20:28:03.000Z",45.701607,5.88347,0,5,10.5,67.5,null
"2019-03-19T20:32:03.000Z",45.701607,5.88347,1.75,5.75,12,67.5,null
"2019-03-19T20:36:03.000Z",45.701607,5.88347,0,5,12.5,90,null
"2019-03-19T20:40:07.000Z",45.701607,5.88347,0,1.5,5.25,112.5,null
"2019-03-19T20:44:07.000Z",45.701607,5.88347,0,3.5,9,67.5,null
"2019-03-19T20:48:07.000Z",45.701607,5.88347,0,5,9.5,67.5,null
"2019-03-19T20:52:11.000Z",45.701607,5.88347,1.75,6.25,13.5,67.5,null
"2019-03-19T20:56:11.000Z",45.701607,5.88347,1.75,6.5,12,67.5,null
"2019-03-19T21:00:11.000Z",45.701607,5.88347,2.75,6,10.5,45,null
"2019-03-19T21:04:15.000Z",45.701607,5.88347,0,5,9.75,67.5,null
"2019-03-19T21:08:15.000Z",45.701607,5.88347,0,4.75,8.75,67.5,null
"2019-03-19T21:12:15.000Z",45.701607,5.88347,3.25,5.5,8.25,45,null
"2019-03-19T21:16:19.000Z",45.701607,5.88347,2.5,6.25,10.5,45,null
"2019-03-19T21:20:19.000Z",45.701607,5.88347,0.75,4.75,9,45,null
"2019-03-19T21:24:19.000Z",45.701607,5.88347,0,3.25,8.25,45,null
"2019-03-19T21:28:23.000Z",45.701607,5.88347,1,4,7.5,67.5,null
"2019-03-19T21:32:23.000Z",45.701607,5.88347,0.25,4.5,10.5,45,null
"2019-03-19T21:36:23.000Z",45.701607,5.88347,0,5.25,11,22.5,null
"2019-03-19T21:40:28.000Z",45.701607,5.88347,1.5,4.5,7,22.5,null
"2019-03-19T21:44:28.000Z",45.701607,5.88347,1.75,5.75,11,45,null
"2019-03-19T21:48:28.000Z",45.701607,5.88347,3.75,8.5,16.5,22.5,null
"2019-03-19T21:52:32.000Z",45.701607,5.88347,2,6.25,11,22.5,null
"2019-03-19T21:56:32.000Z",45.701607,5.88347,3.25,7.5,18.5,45,null
"2019-03-19T22:00:32.000Z",45.701607,5.88347,0.25,3.25,8.25,45,null
"2019-03-19T22:04:36.000Z",45.701607,5.88347,0,2.25,9.5,0,null
"2019-03-19T22:08:36.000Z",45.701607,5.88347,0,1,2.75,157.5,null
"2019-03-19T22:12:36.000Z",45.701607,5.88347,0,1.5,5.25,135,null
"2019-03-19T22:16:40.000Z",45.701607,5.88347,0,1.75,4.75,90,null
"2019-03-19T22:20:40.000Z",45.701607,5.88347,0,3.5,7.25,157.5,null
"2019-03-19T22:24:40.000Z",45.701607,5.88347,0,1.75,6.25,157.5,null
"2019-03-19T22:28:44.000Z",45.701607,5.88347,0,2.5,6.5,0,null
"2019-03-19T22:32:44.000Z",45.701607,5.88347,1,5.5,12.5,157.5,null
"2019-03-19T22:36:44.000Z",45.701607,5.88347,0.25,5.75,13,225,null
"2019-03-19T22:40:47.000Z",45.701607,5.88347,0,5,12,270,null
"2019-03-19T22:44:47.000Z",45.701607,5.88347,0,4.5,8.75,90,null
"2019-03-19T22:48:47.000Z",45.701607,5.88347,0,2.75,6.5,90,null
"2019-03-19T22:52:52.000Z",45.701607,5.88347,0,3.25,11.5,270,null
"2019-03-19T22:56:52.000Z",45.701607,5.88347,1.75,4,7.75,270,null
"2019-03-19T23:00:52.000Z",45.701607,5.88347,0,6,15.5,112.5,null
"2019-03-19T23:04:55.000Z",45.701607,5.88347,2,5.75,11.5,337.5,null
"2019-03-19T23:08:55.000Z",45.701607,5.88347,0,4.75,13.5,22.5,null
"2019-03-19T23:12:55.000Z",45.701607,5.88347,4.5,10,19,0,null
"2019-03-19T23:17:00.000Z",45.701607,5.88347,2.5,8.5,19.5,45,null
"2019-03-19T23:21:00.000Z",45.701607,5.88347,2,10.5,22.5,22.5,null
"2019-03-19T23:25:00.000Z",45.701607,5.88347,3.75,8.75,19.5,0,null
"2019-03-19T23:29:04.000Z",45.701607,5.88347,2,7.75,20.5,337.5,null
"2019-03-19T23:33:04.000Z",45.701607,5.88347,0.75,8.5,16,315,null
"2019-03-19T23:37:04.000Z",45.701607,5.88347,0,3.25,8.25,315,null
"2019-03-19T23:41:08.000Z",45.701607,5.88347,1.5,4.25,7.75,135,null
"2019-03-19T23:45:08.000Z",45.701607,5.88347,0,2,7.25,135,null
"2019-03-19T23:49:08.000Z",45.701607,5.88347,0,2.5,7.75,135,null
"2019-03-19T23:53:12.000Z",45.701607,5.88347,0,0.75,3.5,180,null
"2019-03-19T23:57:12.000Z",45.701607,5.88347,0,2.5,7,135,null
"2019-03-20T00:01:12.000Z",45.701607,5.88347,1,4,6,135,null
"2019-03-20T00:05:16.000Z",45.701607,5.88347,0,4,8.25,202.5,null
"2019-03-20T00:09:16.000Z",45.701607,5.88347,0,2.25,5.25,202.5,null
"2019-03-20T00:13:16.000Z",45.701607,5.88347,1.75,4.75,9,112.5,null
"2019-03-20T00:17:20.000Z",45.701607,5.88347,2.5,5.75,11,90,null
"2019-03-20T00:21:20.000Z",45.701607,5.88347,0.75,6,9.5,157.5,null
"2019-03-20T00:25:20.000Z",45.701607,5.88347,0.75,6,11.5,157.5,null
"2019-03-20T00:29:25.000Z",45.701607,5.88347,0,4,10,225,null
"2019-03-20T00:33:25.000Z",45.701607,5.88347,1,5.5,11,90,null
"2019-03-20T00:37:25.000Z",45.701607,5.88347,1.5,7.5,13,135,null
"2019-03-20T00:41:29.000Z",45.701607,5.88347,0,2.5,7.75,112.5,null
"2019-03-20T00:45:29.000Z",45.701607,5.88347,0,2.5,6,112.5,null
"2019-03-20T00:49:29.000Z",45.701607,5.88347,0.25,3.5,5.5,157.5,null
"2019-03-20T00:53:33.000Z",45.701607,5.88347,0,3,9.5,202.5,null
"2019-03-20T00:57:33.000Z",45.701607,5.88347,1,5.75,12.5,270,null
"2019-03-20T01:01:33.000Z",45.701607,5.88347,0,5.5,9.75,292.5,null
"2019-03-20T01:05:36.000Z",45.701607,5.88347,0,3.75,8.25,135,null
"2019-03-20T01:09:36.000Z",45.701607,5.88347,1.5,4,8,112.5,null
"2019-03-20T01:13:36.000Z",45.701607,5.88347,0,6.5,16,112.5,null
"2019-03-20T01:17:41.000Z",45.701607,5.88347,0.75,6.75,11,112.5,null
"2019-03-20T01:21:41.000Z",45.701607,5.88347,1.75,6.25,12.5,90,null
"2019-03-20T01:25:41.000Z",45.701607,5.88347,3.75,6.75,12,90,null
"2019-03-20T01:29:45.000Z",45.701607,5.88347,3.75,9,13,90,null
"2019-03-20T01:33:45.000Z",45.701607,5.88347,2,4.5,6.5,90,null
"2019-03-20T01:37:45.000Z",45.701607,5.88347,2.5,6.25,11,67.5,null
"2019-03-20T01:41:48.000Z",45.701607,5.88347,0,5.25,13.5,90,null
"2019-03-20T01:45:48.000Z",45.701607,5.88347,0.25,4.25,11,45,null
"2019-03-20T01:49:48.000Z",45.701607,5.88347,0.25,5.25,10.5,45,null
"2019-03-20T01:53:53.000Z",45.701607,5.88347,0.75,5.75,9.75,22.5,null
"2019-03-20T01:57:53.000Z",45.701607,5.88347,0.25,5.25,11.5,45,null
"2019-03-20T02:01:53.000Z",45.701607,5.88347,2,7.25,18,315,null
"2019-03-20T02:05:57.000Z",45.701607,5.88347,2.5,11.5,26,315,null
"2019-03-20T02:09:57.000Z",45.701607,5.88347,0,4.25,22.5,315,null
"2019-03-20T02:13:57.000Z",45.701607,5.88347,0,8.25,19.5,337.5,null
"2019-03-20T02:18:01.000Z",45.701607,5.88347,6.25,17.5,29,315,null
"2019-03-20T02:22:01.000Z",45.701607,5.88347,10.5,18,27,315,null
"2019-03-20T02:26:01.000Z",45.701607,5.88347,7.75,13,20,337.5,null
"2019-03-20T02:30:05.000Z",45.701607,5.88347,7.75,11,14.5,0,null
"2019-03-20T02:34:05.000Z",45.701607,5.88347,6.25,10.5,14.5,0,null
"2019-03-20T02:38:05.000Z",45.701607,5.88347,4.25,12,20,0,null
"2019-03-20T02:42:08.000Z",45.701607,5.88347,1.5,6.25,11,22.5,null
"2019-03-20T02:46:08.000Z",45.701607,5.88347,0,6,10.5,22.5,null
"2019-03-20T02:50:08.000Z",45.701607,5.88347,0,4,10,45,null
"2019-03-20T02:54:13.000Z",45.701607,5.88347,2.5,5,10,22.5,null
"2019-03-20T02:58:13.000Z",45.701607,5.88347,0.25,4.75,15.5,22.5,null
"2019-03-20T03:02:13.000Z",45.701607,5.88347,0.25,12,24.5,0,null
"2019-03-20T03:06:17.000Z",45.701607,5.88347,3.5,11.5,19.5,45,null
"2019-03-20T03:10:17.000Z",45.701607,5.88347,4.75,8.25,15.5,67.5,null
"2019-03-20T03:14:17.000Z",45.701607,5.88347,2.5,8.5,20.5,45,null
"2019-03-20T03:18:21.000Z",45.701607,5.88347,4.5,10.5,19,45,null
"2019-03-20T03:22:21.000Z",45.701607,5.88347,3.25,7.75,15.5,45,null
"2019-03-20T03:26:21.000Z",45.701607,5.88347,0.25,8.5,19,22.5,null
"2019-03-20T03:30:25.000Z",45.701607,5.88347,0,8.25,16.5,45,null
"2019-03-20T03:34:25.000Z",45.701607,5.88347,4.5,9,12.5,45,null
"2019-03-20T03:38:25.000Z",45.701607,5.88347,4.25,10,20,45,null
"2019-03-20T03:42:30.000Z",45.701607,5.88347,3.75,9.5,16.5,45,null
"2019-03-20T03:46:30.000Z",45.701607,5.88347,5.5,10.5,18,45,null
"2019-03-20T03:50:30.000Z",45.701607,5.88347,4.5,9.75,15.5,45,null
"2019-03-20T03:54:33.000Z",45.701607,5.88347,3.75,9.75,16.5,45,null
"2019-03-20T03:58:33.000Z",45.701607,5.88347,3.5,8.5,13,67.5,null
"2019-03-20T04:02:33.000Z",45.701607,5.88347,6,10,15.5,67.5,null
"2019-03-20T04:06:37.000Z",45.701607,5.88347,4.25,8,12,45,null
"2019-03-20T04:10:37.000Z",45.701607,5.88347,3.25,6.75,11,45,null
"2019-03-20T04:14:37.000Z",45.701607,5.88347,4.25,7,12,45,null
"2019-03-20T04:18:41.000Z",45.701607,5.88347,5.25,8.75,14,45,null
"2019-03-20T04:22:41.000Z",45.701607,5.88347,5.5,9.5,15,45,null
"2019-03-20T04:26:41.000Z",45.701607,5.88347,5.25,8.75,13,45,null
"2019-03-20T04:30:46.000Z",45.701607,5.88347,3.75,7.5,11,45,null
"2019-03-20T04:34:46.000Z",45.701607,5.88347,1.75,6.75,11,45,null
"2019-03-20T04:38:46.000Z",45.701607,5.88347,2.75,7.75,14.5,67.5,null
"2019-03-20T04:42:49.000Z",45.701607,5.88347,4.5,9.5,14.5,67.5,null
"2019-03-20T04:46:49.000Z",45.701607,5.88347,6,10.5,14.5,67.5,null
"2019-03-20T04:50:49.000Z",45.701607,5.88347,6,9.25,14.5,90,null
"2019-03-20T04:54:54.000Z",45.701607,5.88347,6,9,12.5,67.5,null
"2019-03-20T04:58:54.000Z",45.701607,5.88347,1.75,5.75,10.5,67.5,null
"2019-03-20T05:02:54.000Z",45.701607,5.88347,3.75,8,14,67.5,null
"2019-03-20T05:06:58.000Z",45.701607,5.88347,2.75,7.5,12,67.5,null
"2019-03-20T05:10:58.000Z",45.701607,5.88347,0,3.5,6.5,67.5,null
"2019-03-20T05:14:58.000Z",45.701607,5.88347,0,2.75,7,90,null
"2019-03-20T05:19:02.000Z",45.701607,5.88347,0,2.25,4.25,180,null
"2019-03-20T05:23:02.000Z",45.701607,5.88347,2,4.5,6.25,135,null
"2019-03-20T05:27:02.000Z",45.701607,5.88347,0,4.25,7.25,112.5,null
"2019-03-20T05:31:06.000Z",45.701607,5.88347,1.5,4,6.5,112.5,null
"2019-03-20T05:35:06.000Z",45.701607,5.88347,0,3,6,67.5,null
"2019-03-20T05:39:06.000Z",45.701607,5.88347,2.5,5.25,8,45,null
"2019-03-20T05:43:10.000Z",45.701607,5.88347,3.75,6.25,8,0,null
"2019-03-20T05:47:10.000Z",45.701607,5.88347,1.5,5.25,8,22.5,null
"2019-03-20T05:51:10.000Z",45.701607,5.88347,0.25,3.5,7.25,22.5,null
"2019-03-20T05:55:14.000Z",45.701607,5.88347,0.25,8.75,18,22.5,null
"2019-03-20T05:59:14.000Z",45.701607,5.88347,4.5,10,15.5,45,null
"2019-03-20T06:03:14.000Z",45.701607,5.88347,2.75,9.5,15,45,null
"2019-03-20T06:07:18.000Z",45.701607,5.88347,2.75,7.5,12,67.5,null
"2019-03-20T06:11:18.000Z",45.701607,5.88347,0.75,6,9.75,45,null
"2019-03-20T06:15:18.000Z",45.701607,5.88347,3.25,8.25,14.5,67.5,null
"2019-03-20T06:19:22.000Z",45.701607,5.88347,3.25,6.25,10.5,67.5,null
"2019-03-20T06:23:22.000Z",45.701607,5.88347,2.5,7.75,13,67.5,null
"2019-03-20T06:27:22.000Z",45.701607,5.88347,3.75,9.25,16.5,67.5,null
"2019-03-20T06:31:26.000Z",45.701607,5.88347,3.25,6.25,12,45,null
"2019-03-20T06:35:26.000Z",45.701607,5.88347,3.5,10.5,16.5,45,null
"2019-03-20T06:39:26.000Z",45.701607,5.88347,4.5,9.75,14,67.5,null
"2019-03-20T06:43:30.000Z",45.701607,5.88347,4.5,8,12.5,45,null
"2019-03-20T06:47:30.000Z",45.701607,5.88347,2.75,6.75,13,67.5,null
"2019-03-20T06:51:30.000Z",45.701607,5.88347,3.5,11,16.5,67.5,null
"2019-03-20T06:55:34.000Z",45.701607,5.88347,4.25,7.5,11.5,45,null
"2019-03-20T06:59:34.000Z",45.701607,5.88347,3.75,7.5,13,67.5,null
"2019-03-20T07:03:34.000Z",45.701607,5.88347,3.5,7.5,11,67.5,null
"2019-03-20T07:07:39.000Z",45.701607,5.88347,3.25,7,12,45,null
"2019-03-20T07:11:39.000Z",45.701607,5.88347,2.75,9.25,16.5,45,null
"2019-03-20T07:15:39.000Z",45.701607,5.88347,5.25,8.75,12,45,null
"2019-03-20T07:19:42.000Z",45.701607,5.88347,1.75,7.25,14.5,45,null
"2019-03-20T07:23:42.000Z",45.701607,5.88347,3.75,7.25,11,45,null
"2019-03-20T07:27:42.000Z",45.701607,5.88347,3.75,8.5,13.5,45,null
"2019-03-20T07:31:46.000Z",45.701607,5.88347,2.75,7,11,45,null
"2019-03-20T07:35:46.000Z",45.701607,5.88347,4.5,8.75,15.5,67.5,null
"2019-03-20T07:39:46.000Z",45.701607,5.88347,2.5,11.5,20,67.5,null
"2019-03-20T07:43:50.000Z",45.701607,5.88347,7,12.5,18,45,null
"2019-03-20T07:47:50.000Z",45.701607,5.88347,1.5,7.25,17,45,null
"2019-03-20T07:51:50.000Z",45.701607,5.88347,1,8,18.5,45,null
"2019-03-20T07:55:55.000Z",45.701607,5.88347,4.75,9,15.5,45,null
"2019-03-20T07:59:55.000Z",45.701607,5.88347,8,13,20.5,22.5,null
"2019-03-20T08:03:55.000Z",45.701607,5.88347,4.5,11,16.5,22.5,null
"2019-03-20T08:07:59.000Z",45.701607,5.88347,0,4,11.5,67.5,null
"2019-03-20T08:11:59.000Z",45.701607,5.88347,0,4.25,11.5,22.5,null
"2019-03-20T08:15:59.000Z",45.701607,5.88347,4.25,5.75,7.75,0,null
"2019-03-20T08:20:02.000Z",45.701607,5.88347,0.75,6.5,9.5,45,null
"2019-03-20T08:24:02.000Z",45.701607,5.88347,0,7,14,67.5,null
"2019-03-20T08:28:02.000Z",45.701607,5.88347,4.25,7.25,13,45,null
"2019-03-20T08:32:06.000Z",45.701607,5.88347,3.75,8.25,12,67.5,null
"2019-03-20T08:36:06.000Z",45.701607,5.88347,1.75,5.25,9.75,22.5,null
"2019-03-20T08:40:06.000Z",45.701607,5.88347,2.75,7.25,11,22.5,null
"2019-03-20T08:44:10.000Z",45.701607,5.88347,0,4.75,8,22.5,null
"2019-03-20T08:48:10.000Z",45.701607,5.88347,2.75,7,12,22.5,null
"2019-03-20T08:52:10.000Z",45.701607,5.88347,1,5.5,13,22.5,null
"2019-03-20T08:56:15.000Z",45.701607,5.88347,1.75,5.5,10.5,22.5,null
"2019-03-20T09:00:15.000Z",45.701607,5.88347,2,6.25,11,22.5,null
"2019-03-20T09:04:15.000Z",45.701607,5.88347,0,3,7.75,22.5,null
"2019-03-20T09:08:19.000Z",45.701607,5.88347,3.5,7,10,0,null
"2019-03-20T09:12:19.000Z",45.701607,5.88347,2.5,5.75,9.75,0,null
"2019-03-20T09:16:19.000Z",45.701607,5.88347,1,3.5,6.25,337.5,null
"2019-03-20T09:20:22.000Z",45.701607,5.88347,0.25,5.25,11.5,0,null
"2019-03-20T09:24:22.000Z",45.701607,5.88347,1.5,3.25,6,0,null
"2019-03-20T09:28:22.000Z",45.701607,5.88347,4.25,11.5,19,0,null
"2019-03-20T09:32:27.000Z",45.701607,5.88347,5.5,9.25,15.5,337.5,null
"2019-03-20T09:36:27.000Z",45.701607,5.88347,4.25,9,13,337.5,null
"2019-03-20T09:40:27.000Z",45.701607,5.88347,7,8.75,11.5,337.5,null
"2019-03-20T09:44:31.000Z",45.701607,5.88347,7.75,9.5,13,337.5,null
"2019-03-20T09:48:31.000Z",45.701607,5.88347,9.75,15,18,337.5,null
"2019-03-20T09:52:31.000Z",45.701607,5.88347,10,14.5,19,337.5,null
"2019-03-20T09:56:35.000Z",45.701607,5.88347,12.5,19.5,29,0,null
"2019-03-20T10:00:35.000Z",45.701607,5.88347,11,15.5,22.5,0,null
"2019-03-20T10:04:35.000Z",45.701607,5.88347,14,17,22,337.5,null
"2019-03-20T10:08:39.000Z",45.701607,5.88347,13.5,17.5,21,0,null
"2019-03-20T10:12:39.000Z",45.701607,5.88347,14.5,20,25,337.5,null
"2019-03-20T10:16:39.000Z",45.701607,5.88347,13,18.5,25,337.5,null
"2019-03-20T10:20:43.000Z",45.701607,5.88347,17.5,21,24.5,337.5,null
"2019-03-20T10:24:43.000Z",45.701607,5.88347,18,22.5,28,337.5,null
"2019-03-20T10:28:43.000Z",45.701607,5.88347,14,17,20.5,337.5,null
"2019-03-20T10:32:47.000Z",45.701607,5.88347,13.5,20,25.5,337.5,null
"2019-03-20T10:36:47.000Z",45.701607,5.88347,18,20.5,27.5,337.5,null
"2019-03-20T10:40:47.000Z",45.701607,5.88347,14.5,19.5,29,337.5,null
"2019-03-20T10:44:51.000Z",45.701607,5.88347,12,18,22.5,337.5,null
"2019-03-20T10:48:51.000Z",45.701607,5.88347,15,21.5,31.5,337.5,null
"2019-03-20T10:52:51.000Z",45.701607,5.88347,12.5,19,25,337.5,null
"2019-03-20T10:56:55.000Z",45.701607,5.88347,11,18.5,23.5,337.5,null
"2019-03-20T11:00:55.000Z",45.701607,5.88347,11,15.5,23,337.5,null
"2019-03-20T11:04:55.000Z",45.701607,5.88347,8.75,13,19.5,337.5,null
"2019-03-20T11:08:59.000Z",45.701607,5.88347,10,14.5,18,337.5,null
"2019-03-20T11:12:59.000Z",45.701607,5.88347,11.5,15.5,19,337.5,null
"2019-03-20T11:16:59.000Z",45.701607,5.88347,8.25,12.5,18,337.5,null
"2019-03-20T11:21:03.000Z",45.701607,5.88347,9,15,20,337.5,null
"2019-03-20T11:25:03.000Z",45.701607,5.88347,13.5,17,19.5,337.5,null
"2019-03-20T11:29:03.000Z",45.701607,5.88347,8.75,13.5,17.5,337.5,null
"2019-03-20T11:33:08.000Z",45.701607,5.88347,12,14,16.5,337.5,null
"2019-03-20T11:37:08.000Z",45.701607,5.88347,11.5,13.5,15.5,337.5,null
"2019-03-20T11:41:08.000Z",45.701607,5.88347,12,15,19,337.5,null
"2019-03-20T11:45:12.000Z",45.701607,5.88347,13.5,18,21,337.5,null
"2019-03-20T11:49:12.000Z",45.701607,5.88347,11,13.5,16.5,337.5,null
"2019-03-20T11:53:12.000Z",45.701607,5.88347,10,12.5,15,315,null
"2019-03-20T11:57:16.000Z",45.701607,5.88347,11,13,14.5,337.5,null
"2019-03-20T12:01:16.000Z",45.701607,5.88347,12.5,14.5,16.5,337.5,null
"2019-03-20T12:05:16.000Z",45.701607,5.88347,13.5,15,16.5,337.5,null
"2019-03-20T12:09:19.000Z",45.701607,5.88347,12.5,15.5,19,337.5,null
"2019-03-20T12:13:19.000Z",45.701607,5.88347,12.5,15,16.5,337.5,null
"2019-03-20T12:17:19.000Z",45.701607,5.88347,10.5,13.5,15.5,337.5,null
"2019-03-20T12:21:24.000Z",45.701607,5.88347,14,15.5,17.5,337.5,null
"2019-03-20T12:25:24.000Z",45.701607,5.88347,13,14.5,16.5,337.5,null
"2019-03-20T12:29:24.000Z",45.701607,5.88347,10.5,14.5,16.5,337.5,null
"2019-03-20T12:33:27.000Z",45.701607,5.88347,13,14.5,16.5,337.5,null
"2019-03-20T12:37:27.000Z",45.701607,5.88347,12,14,15.5,337.5,null
"2019-03-20T12:41:27.000Z",45.701607,5.88347,12.5,13.5,14.5,337.5,null
"2019-03-20T12:45:32.000Z",45.701607,5.88347,12,14,15,337.5,null
"2019-03-20T12:49:32.000Z",45.701607,5.88347,12.5,14,15.5,337.5,null
"2019-03-20T12:53:32.000Z",45.701607,5.88347,13,14.5,16.5,337.5,null
"2019-03-20T12:57:35.000Z",45.701607,5.88347,12,14,15.5,337.5,null
"2019-03-20T13:01:35.000Z",45.701607,5.88347,13.5,14.5,16.5,337.5,null
"2019-03-20T13:05:35.000Z",45.701607,5.88347,12,14,15,337.5,null
"2019-03-20T13:09:40.000Z",45.701607,5.88347,12.5,13.5,15.5,337.5,null
"2019-03-20T13:13:40.000Z",45.701607,5.88347,11.5,13,15,337.5,null
"2019-03-20T13:17:40.000Z",45.701607,5.88347,12.5,14,15.5,337.5,null
"2019-03-20T13:21:44.000Z",45.701607,5.88347,13,14.5,16.5,337.5,null
"2019-03-20T13:25:44.000Z",45.701607,5.88347,12,14.5,16,337.5,null
"2019-03-20T13:29:44.000Z",45.701607,5.88347,14,15.5,17,337.5,null
"2019-03-20T13:33:47.000Z",45.701607,5.88347,9.5,12,14.5,337.5,null
"2019-03-20T13:37:47.000Z",45.701607,5.88347,11.5,14,16.5,337.5,null
"2019-03-20T13:41:47.000Z",45.701607,5.88347,13,14,15,337.5,null
"2019-03-20T13:45:52.000Z",45.701607,5.88347,13,15.5,18.5,315,null
"2019-03-20T13:49:52.000Z",45.701607,5.88347,11,15,17.5,337.5,null
"2019-03-20T13:53:52.000Z",45.701607,5.88347,12,15.5,18,337.5,null
"2019-03-20T13:58:06.000Z",45.701607,5.88347,12,14.5,16.5,337.5,null
"2019-03-20T14:02:06.000Z",45.701607,5.88347,9.75,13.5,17,337.5,null
"2019-03-20T14:06:06.000Z",45.701607,5.88347,10.5,13,15.5,315,null
"2019-03-20T14:10:10.000Z",45.701607,5.88347,11,13.5,15.5,315,null
"2019-03-20T14:14:10.000Z",45.701607,5.88347,10,11,12.5,315,null
"2019-03-20T14:18:10.000Z",45.701607,5.88347,8,10.5,13,315,null
"2019-03-20T14:22:14.000Z",45.701607,5.88347,11,14.5,19,315,null
"2019-03-20T14:26:14.000Z",45.701607,5.88347,12,13.5,16.5,315,null
"2019-03-20T14:30:14.000Z",45.701607,5.88347,10.5,13,14.5,315,null
"2019-03-20T14:34:18.000Z",45.701607,5.88347,12,14.5,16,315,null
"2019-03-20T14:38:18.000Z",45.701607,5.88347,12,14.5,17,315,null
"2019-03-20T14:42:18.000Z",45.701607,5.88347,12.5,15,19.5,315,null
"2019-03-20T14:46:22.000Z",45.701607,5.88347,11,13,15,315,null
"2019-03-20T14:50:22.000Z",45.701607,5.88347,11,13,15.5,315,null
"2019-03-20T14:54:22.000Z",45.701607,5.88347,9.75,13.5,17,337.5,null
"2019-03-20T14:58:26.000Z",45.701607,5.88347,11,12.5,14.5,337.5,null
"2019-03-20T15:02:26.000Z",45.701607,5.88347,10.5,13,15,337.5,null
"2019-03-20T15:06:26.000Z",45.701607,5.88347,11,12.5,16,337.5,null
"2019-03-20T15:10:31.000Z",45.701607,5.88347,12,14,18.5,315,null
"2019-03-20T15:14:31.000Z",45.701607,5.88347,10.5,13,15.5,337.5,null
"2019-03-20T15:18:31.000Z",45.701607,5.88347,13,15.5,18,337.5,null
"2019-03-20T15:22:34.000Z",45.701607,5.88347,10,15,18,337.5,null
"2019-03-20T15:26:34.000Z",45.701607,5.88347,11,13.5,16.5,337.5,null
"2019-03-20T15:30:34.000Z",45.701607,5.88347,9,11.5,15,337.5,null
"2019-03-20T15:34:38.000Z",45.701607,5.88347,9.5,15,20,337.5,null
"2019-03-20T15:38:38.000Z",45.701607,5.88347,16.5,19,21.5,337.5,null
"2019-03-20T15:42:38.000Z",45.701607,5.88347,14,16.5,19,337.5,null
"2019-03-20T15:46:43.000Z",45.701607,5.88347,9.75,12.5,17,337.5,null
"2019-03-20T15:50:43.000Z",45.701607,5.88347,13,19,22.5,337.5,null
"2019-03-20T15:54:43.000Z",45.701607,5.88347,13.5,17.5,22,337.5,null
"2019-03-20T15:58:46.000Z",45.701607,5.88347,12,16,22.5,337.5,null
"2019-03-20T16:02:46.000Z",45.701607,5.88347,15,21,27,337.5,null
"2019-03-20T16:06:46.000Z",45.701607,5.88347,11,16.5,21,337.5,null
"2019-03-20T16:10:51.000Z",45.701607,5.88347,15,18,22,337.5,null
"2019-03-20T16:14:51.000Z",45.701607,5.88347,15.5,20.5,26.5,337.5,null
"2019-03-20T16:18:51.000Z",45.701607,5.88347,15.5,18.5,23.5,337.5,null
"2019-03-20T16:22:55.000Z",45.701607,5.88347,15.5,19.5,24,337.5,null
"2019-03-20T16:26:55.000Z",45.701607,5.88347,14,16.5,20.5,337.5,null
"2019-03-20T16:30:55.000Z",45.701607,5.88347,13,16.5,22.5,337.5,null
"2019-03-20T16:34:58.000Z",45.701607,5.88347,15.5,18.5,24,337.5,null
"2019-03-20T16:38:58.000Z",45.701607,5.88347,15,18.5,25,337.5,null
"2019-03-20T16:42:58.000Z",45.701607,5.88347,15,19,22,337.5,null
"2019-03-20T16:47:03.000Z",45.701607,5.88347,18,21.5,26,337.5,null
"2019-03-20T16:51:03.000Z",45.701607,5.88347,13,17.5,26,337.5,null
"2019-03-20T16:55:03.000Z",45.701607,5.88347,13,16.5,21,337.5,null
"2019-03-20T16:59:07.000Z",45.701607,5.88347,13,16,20.5,337.5,null
"2019-03-20T17:03:07.000Z",45.701607,5.88347,12.5,16.5,19,337.5,null
"2019-03-20T17:07:07.000Z",45.701607,5.88347,14.5,17,20.5,337.5,null
"2019-03-20T17:11:11.000Z",45.701607,5.88347,15,18.5,24.5,0,null
"2019-03-20T17:15:11.000Z",45.701607,5.88347,16,23,33.5,0,null
"2019-03-20T17:19:11.000Z",45.701607,5.88347,16.5,21,27,0,null
"2019-03-20T17:23:15.000Z",45.701607,5.88347,15.5,19.5,27,0,null
"2019-03-20T17:27:15.000Z",45.701607,5.88347,8.75,15.5,20.5,0,null
"2019-03-20T17:31:15.000Z",45.701607,5.88347,16,21,26,0,null
"2019-03-20T17:35:18.000Z",45.701607,5.88347,16,21.5,27.5,0,null
"2019-03-20T17:39:18.000Z",45.701607,5.88347,14.5,21,27,0,null
"2019-03-20T17:43:18.000Z",45.701607,5.88347,15.5,23,29,0,null
"2019-03-20T17:47:23.000Z",45.701607,5.88347,17.5,22.5,28,0,null
"2019-03-20T17:51:23.000Z",45.701607,5.88347,12.5,19.5,28,0,null
"2019-03-20T17:55:23.000Z",45.701607,5.88347,14,20,28,0,null
"2019-03-20T17:59:27.000Z",45.701607,5.88347,14.5,22,32.5,0,null
"2019-03-20T18:03:27.000Z",45.701607,5.88347,12.5,18.5,25,0,null
"2019-03-20T18:07:27.000Z",45.701607,5.88347,6.25,12.5,18,22.5,null
"2019-03-20T18:11:31.000Z",45.701607,5.88347,5.25,12.5,22.5,0,null
"2019-03-20T18:15:31.000Z",45.701607,5.88347,5.5,11,16,22.5,null
"2019-03-20T18:19:31.000Z",45.701607,5.88347,7.25,11.5,18,22.5,null
"2019-03-20T18:23:34.000Z",45.701607,5.88347,5.5,11.5,19,22.5,null
"2019-03-20T18:27:34.000Z",45.701607,5.88347,5.25,11.5,17.5,22.5,null
"2019-03-20T18:31:34.000Z",45.701607,5.88347,6.5,12.5,20,22.5,null
"2019-03-20T18:35:39.000Z",45.701607,5.88347,4.75,11,18.5,22.5,null
"2019-03-20T18:39:39.000Z",45.701607,5.88347,3.75,14,22,22.5,null
"2019-03-20T18:43:39.000Z",45.701607,5.88347,6.5,15,21,22.5,null
"2019-03-20T18:47:43.000Z",45.701607,5.88347,6,13.5,22,22.5,null
"2019-03-20T18:51:43.000Z",45.701607,5.88347,2.75,10,16,22.5,null
"2019-03-20T18:55:43.000Z",45.701607,5.88347,6,11,15.5,22.5,null
"2019-03-20T18:59:47.000Z",45.701607,5.88347,6.5,12,17.5,22.5,null
"2019-03-20T19:03:47.000Z",45.701607,5.88347,7,12,23.5,22.5,null
"2019-03-20T19:07:47.000Z",45.701607,5.88347,9,14,22,22.5,null
"2019-03-20T19:11:51.000Z",45.701607,5.88347,6.25,10,18,22.5,null
"2019-03-20T19:15:51.000Z",45.701607,5.88347,6,11,18,22.5,null
"2019-03-20T19:19:51.000Z",45.701607,5.88347,3.75,10,16.5,22.5,null
"2019-03-20T19:23:55.000Z",45.701607,5.88347,3.75,11.5,21,22.5,null
"2019-03-20T19:27:55.000Z",45.701607,5.88347,6.25,13,22,22.5,null
"2019-03-20T19:31:55.000Z",45.701607,5.88347,3.5,10.5,16.5,22.5,null
"2019-03-20T19:35:59.000Z",45.701607,5.88347,4.25,10.5,15,0,null
"2019-03-20T19:39:59.000Z",45.701607,5.88347,4.75,12,23,0,null
"2019-03-20T19:43:59.000Z",45.701607,5.88347,6,12,19,0,null
"2019-03-20T19:48:03.000Z",45.701607,5.88347,9.5,12,15.5,0,null
"2019-03-20T19:52:03.000Z",45.701607,5.88347,6.25,10.5,18,0,null
"2019-03-20T19:56:03.000Z",45.701607,5.88347,6.25,12.5,20.5,0,null
"2019-03-20T20:00:07.000Z",45.701607,5.88347,7,11,16.5,0,null
"2019-03-20T20:04:07.000Z",45.701607,5.88347,11.5,14.5,21,337.5,null
"2019-03-20T20:08:07.000Z",45.701607,5.88347,7,10.5,15,337.5,null
"2019-03-20T20:12:11.000Z",45.701607,5.88347,9.75,15.5,23.5,337.5,null
"2019-03-20T20:16:11.000Z",45.701607,5.88347,9,17.5,23,337.5,null
"2019-03-20T20:20:11.000Z",45.701607,5.88347,9,16.5,23.5,337.5,null
"2019-03-20T20:24:16.000Z",45.701607,5.88347,15.5,19.5,24,337.5,null
"2019-03-20T20:28:16.000Z",45.701607,5.88347,11.5,16,21,337.5,null
"2019-03-20T20:32:16.000Z",45.701607,5.88347,13.5,18.5,24.5,337.5,null
"2019-03-20T20:36:19.000Z",45.701607,5.88347,12,18.5,23,337.5,null
"2019-03-20T20:40:19.000Z",45.701607,5.88347,12.5,17.5,23.5,337.5,null
"2019-03-20T20:44:19.000Z",45.701607,5.88347,14.5,17,23,337.5,null
"2019-03-20T20:48:24.000Z",45.701607,5.88347,13.5,19,23.5,337.5,null
"2019-03-20T20:52:24.000Z",45.701607,5.88347,11,17,21.5,337.5,null
"2019-03-20T20:56:24.000Z",45.701607,5.88347,11.5,19,25.5,337.5,null
"2019-03-20T21:00:28.000Z",45.701607,5.88347,13.5,17.5,21.5,337.5,null
"2019-03-20T21:04:28.000Z",45.701607,5.88347,12,17,23,337.5,null
"2019-03-20T21:08:28.000Z",45.701607,5.88347,14,18.5,23.5,337.5,null
"2019-03-20T21:12:31.000Z",45.701607,5.88347,14.5,21.5,26,337.5,null
"2019-03-20T21:16:31.000Z",45.701607,5.88347,17,22.5,28,337.5,null
"2019-03-20T21:20:31.000Z",45.701607,5.88347,15.5,20.5,26,337.5,null
"2019-03-20T21:24:35.000Z",45.701607,5.88347,13.5,20,28,337.5,null
"2019-03-20T21:28:35.000Z",45.701607,5.88347,13,19,27,337.5,null
"2019-03-20T21:32:35.000Z",45.701607,5.88347,14,19.5,26,337.5,null
"2019-03-20T21:36:39.000Z",45.701607,5.88347,13,19,25,337.5,null
"2019-03-20T21:40:39.000Z",45.701607,5.88347,14.5,18,23,337.5,null
"2019-03-20T21:44:39.000Z",45.701607,5.88347,18,22,32,337.5,null
"2019-03-20T21:48:43.000Z",45.701607,5.88347,14.5,20,24.5,337.5,null
"2019-03-20T21:52:43.000Z",45.701607,5.88347,8.25,16.5,26,337.5,null
"2019-03-20T21:56:43.000Z",45.701607,5.88347,6.5,15,20,0,null
"2019-03-20T22:00:48.000Z",45.701607,5.88347,3.25,10.5,20.5,22.5,null
"2019-03-20T22:04:48.000Z",45.701607,5.88347,1.5,3.5,7.25,45,null
"2019-03-20T22:08:48.000Z",45.701607,5.88347,2,8.75,18,0,null
"2019-03-20T22:12:52.000Z",45.701607,5.88347,7.75,12,17.5,0,null
"2019-03-20T22:16:52.000Z",45.701607,5.88347,7.75,12.5,16,0,null
"2019-03-20T22:20:52.000Z",45.701607,5.88347,1.75,5.5,12,22.5,null
"2019-03-20T22:24:56.000Z",45.701607,5.88347,0.25,3.5,6,67.5,null
"2019-03-20T22:28:56.000Z",45.701607,5.88347,0,3,6.5,90,null
"2019-03-20T22:32:56.000Z",45.701607,5.88347,3.25,6,11.5,67.5,null
"2019-03-20T22:37:00.000Z",45.701607,5.88347,4.5,6.75,10,67.5,null
"2019-03-20T22:41:00.000Z",45.701607,5.88347,4.25,7,10.5,67.5,null
"2019-03-20T22:45:00.000Z",45.701607,5.88347,2.75,6.25,11,67.5,null
"2019-03-20T22:49:04.000Z",45.701607,5.88347,1,3.75,9,67.5,null
"2019-03-20T22:53:04.000Z",45.701607,5.88347,2.75,7.5,12,90,null
"2019-03-20T22:57:04.000Z",45.701607,5.88347,1,5.5,10,67.5,null
"2019-03-20T23:01:08.000Z",45.701607,5.88347,1.5,5.25,10,67.5,null
"2019-03-20T23:05:08.000Z",45.701607,5.88347,5.25,8.25,13,67.5,null
"2019-03-20T23:09:08.000Z",45.701607,5.88347,1.75,5.25,10,45,null
"2019-03-20T23:13:12.000Z",45.701607,5.88347,0.75,7,13,67.5,null
"2019-03-20T23:17:12.000Z",45.701607,5.88347,2.5,5.5,9.75,67.5,null
"2019-03-20T23:21:12.000Z",45.701607,5.88347,2.5,5.5,8.75,67.5,null
"2019-03-20T23:25:16.000Z",45.701607,5.88347,0.25,3.25,7.25,22.5,null
"2019-03-20T23:29:16.000Z",45.701607,5.88347,0,3.75,9.5,67.5,null
"2019-03-20T23:33:16.000Z",45.701607,5.88347,3.25,5.75,9.5,90,null
"2019-03-20T23:37:20.000Z",45.701607,5.88347,2.5,5.75,11,90,null
"2019-03-20T23:41:20.000Z",45.701607,5.88347,3.25,6.5,8.25,90,null
"2019-03-20T23:45:20.000Z",45.701607,5.88347,4.25,6.75,10,90,null
"2019-03-20T23:49:24.000Z",45.701607,5.88347,2,5.75,12,67.5,null
"2019-03-20T23:53:24.000Z",45.701607,5.88347,3.5,6.75,11,67.5,null
"2019-03-20T23:57:24.000Z",45.701607,5.88347,2.5,6.25,12,90,null
"2019-03-21T00:01:29.000Z",45.701607,5.88347,2.75,6.25,11,67.5,null
"2019-03-21T00:05:29.000Z",45.701607,5.88347,2,5.75,10,67.5,null
"2019-03-21T00:09:29.000Z",45.701607,5.88347,1,6.25,15,67.5,null
"2019-03-21T00:13:33.000Z",45.701607,5.88347,4.25,9.75,16.5,67.5,null
"2019-03-21T00:17:33.000Z",45.701607,5.88347,5.5,9.25,13,67.5,null
"2019-03-21T00:21:33.000Z",45.701607,5.88347,2,7.5,13,67.5,null
"2019-03-21T00:25:36.000Z",45.701607,5.88347,3.5,7.5,12,67.5,null
"2019-03-21T00:29:36.000Z",45.701607,5.88347,2,5.75,10,67.5,null
"2019-03-21T00:33:36.000Z",45.701607,5.88347,0.75,5,10.5,67.5,null
"2019-03-21T00:37:40.000Z",45.701607,5.88347,1.5,6,11.5,0,null
"2019-03-21T00:41:40.000Z",45.701607,5.88347,2.5,7,10,67.5,null
"2019-03-21T00:45:40.000Z",45.701607,5.88347,0,2.75,8,90,null
"2019-03-21T00:49:44.000Z",45.701607,5.88347,0,0.75,3.25,270,null
"2019-03-21T00:53:44.000Z",45.701607,5.88347,0,1.25,4.25,112.5,null
"2019-03-21T00:57:44.000Z",45.701607,5.88347,1.5,4,6.5,90,null
"2019-03-21T01:01:49.000Z",45.701607,5.88347,3.25,5.25,7.75,67.5,null
"2019-03-21T01:05:49.000Z",45.701607,5.88347,1.5,2.75,4.5,90,null
"2019-03-21T01:09:49.000Z",45.701607,5.88347,1.75,4,6,90,null
"2019-03-21T01:13:52.000Z",45.701607,5.88347,2,4.25,5.5,112.5,null
"2019-03-21T01:17:52.000Z",45.701607,5.88347,4.25,6.75,9.5,112.5,null
"2019-03-21T01:21:52.000Z",45.701607,5.88347,1.75,4,6,90,null
"2019-03-21T01:25:57.000Z",45.701607,5.88347,1,4.25,8,90,null
"2019-03-21T01:29:57.000Z",45.701607,5.88347,2,4.5,9.5,112.5,null
"2019-03-21T01:33:57.000Z",45.701607,5.88347,1,4.5,8,90,null
"2019-03-21T01:38:00.000Z",45.701607,5.88347,0,2.75,7.25,67.5,null
"2019-03-21T01:42:00.000Z",45.701607,5.88347,1.75,4,5.5,90,null
"2019-03-21T01:46:00.000Z",45.701607,5.88347,2,4.5,8,90,null
"2019-03-21T01:50:04.000Z",45.701607,5.88347,0.25,2.75,5.75,90,null
"2019-03-21T01:54:04.000Z",45.701607,5.88347,2.75,5,7.25,90,null
"2019-03-21T01:58:04.000Z",45.701607,5.88347,0,4.25,8,90,null
"2019-03-21T02:02:09.000Z",45.701607,5.88347,1.5,4.75,7.75,90,null
"2019-03-21T02:06:09.000Z",45.701607,5.88347,3.25,5.25,8.75,90,null
"2019-03-21T02:10:09.000Z",45.701607,5.88347,2.75,5.75,9.5,90,null
"2019-03-21T02:14:13.000Z",45.701607,5.88347,2.5,5.25,8.25,90,null
"2019-03-21T02:18:13.000Z",45.701607,5.88347,3.5,6.25,9,90,null
"2019-03-21T02:22:13.000Z",45.701607,5.88347,2.5,6,12.5,90,null
"2019-03-21T02:26:17.000Z",45.701607,5.88347,3.75,8,14.5,67.5,null
"2019-03-21T02:30:17.000Z",45.701607,5.88347,0,4.25,13,90,null
"2019-03-21T02:34:17.000Z",45.701607,5.88347,0,4.25,12,90,null
"2019-03-21T02:38:21.000Z",45.701607,5.88347,4.5,8,12.5,90,null
"2019-03-21T02:42:21.000Z",45.701607,5.88347,2,7.5,15,90,null
"2019-03-21T02:46:21.000Z",45.701607,5.88347,0.25,5.75,11.5,90,null
"2019-03-21T02:50:25.000Z",45.701607,5.88347,4.5,7.25,10,90,null
"2019-03-21T02:54:25.000Z",45.701607,5.88347,3.25,7.25,10.5,90,null
"2019-03-21T02:58:25.000Z",45.701607,5.88347,1,5,8.75,112.5,null
"2019-03-21T03:02:29.000Z",45.701607,5.88347,2.75,4.75,6.5,112.5,null
"2019-03-21T03:06:29.000Z",45.701607,5.88347,1.5,5.25,10.5,90,null
"2019-03-21T03:10:29.000Z",45.701607,5.88347,1.75,5.5,10.5,90,null
"2019-03-21T03:14:34.000Z",45.701607,5.88347,1,5.75,9,90,null
"2019-03-21T03:18:34.000Z",45.701607,5.88347,1,3.75,6.25,135,null
"2019-03-21T03:22:34.000Z",45.701607,5.88347,1,4,7.25,135,null
"2019-03-21T03:26:37.000Z",45.701607,5.88347,0,2,6,112.5,null
"2019-03-21T03:30:37.000Z",45.701607,5.88347,0,1.5,3.5,112.5,null
"2019-03-21T03:34:37.000Z",45.701607,5.88347,0,1.25,2.5,157.5,null
"2019-03-21T03:38:41.000Z",45.701607,5.88347,0,0.5,2.5,135,null
"2019-03-21T03:42:41.000Z",45.701607,5.88347,0,0,0.25,202.5,null
"2019-03-21T03:46:41.000Z",45.701607,5.88347,0,0.25,1.75,157.5,null
"2019-03-21T03:50:46.000Z",45.701607,5.88347,0,0.75,2.5,180,null
"2019-03-21T03:54:46.000Z",45.701607,5.88347,0,1.5,2.5,157.5,null
"2019-03-21T03:58:46.000Z",45.701607,5.88347,0,1,3.25,135,null
"2019-03-21T04:02:49.000Z",45.701607,5.88347,0,0.75,2.75,180,null
"2019-03-21T04:06:49.000Z",45.701607,5.88347,0,0.25,1.75,202.5,null
"2019-03-21T04:10:49.000Z",45.701607,5.88347,2,5.5,9.5,202.5,null
"2019-03-21T04:14:54.000Z",45.701607,5.88347,1.75,5.25,8.75,157.5,null
"2019-03-21T04:18:54.000Z",45.701607,5.88347,1.5,5,9,180,null
"2019-03-21T04:22:54.000Z",45.701607,5.88347,0.75,3,5.25,157.5,null
"2019-03-21T04:26:57.000Z",45.701607,5.88347,0.25,1.5,2.75,90,null
"2019-03-21T04:30:57.000Z",45.701607,5.88347,0,1.25,2.75,90,null
"2019-03-21T04:34:57.000Z",45.701607,5.88347,0,0,0,112.5,null
"2019-03-21T04:39:02.000Z",45.701607,5.88347,0,0.5,2.75,157.5,null
"2019-03-21T04:43:02.000Z",45.701607,5.88347,0,0.75,2.75,157.5,null
"2019-03-21T04:47:02.000Z",45.701607,5.88347,0,0.5,3.75,112.5,null
"2019-03-21T04:51:06.000Z",45.701607,5.88347,0,2,4.75,67.5,null
"2019-03-21T04:55:06.000Z",45.701607,5.88347,0,0.5,2.5,112.5,null
"2019-03-21T04:59:06.000Z",45.701607,5.88347,0,0.5,2,180,null
"2019-03-21T05:03:09.000Z",45.701607,5.88347,0,0,1,90,null
"2019-03-21T05:07:09.000Z",45.701607,5.88347,0,0.25,2,202.5,null
"2019-03-21T05:11:09.000Z",45.701607,5.88347,0,1.25,4.5,157.5,null
"2019-03-21T05:15:14.000Z",45.701607,5.88347,1.5,4,6.25,67.5,null
"2019-03-21T05:19:14.000Z",45.701607,5.88347,0.75,3.25,8,45,null
"2019-03-21T05:23:14.000Z",45.701607,5.88347,0,0.75,3.25,45,null
"2019-03-21T05:27:18.000Z",45.701607,5.88347,0,1.5,3.25,180,null
"2019-03-21T05:31:18.000Z",45.701607,5.88347,1,3,5.5,157.5,null
"2019-03-21T05:35:18.000Z",45.701607,5.88347,2.75,4.75,7,112.5,null
"2019-03-21T05:39:22.000Z",45.701607,5.88347,0,1.5,3.75,112.5,null
"2019-03-21T05:43:22.000Z",45.701607,5.88347,0,2.5,5.5,90,null
"2019-03-21T05:47:22.000Z",45.701607,5.88347,1.5,3.5,6.5,90,null
"2019-03-21T05:51:26.000Z",45.701607,5.88347,3.25,5.5,10,90,null
"2019-03-21T05:55:26.000Z",45.701607,5.88347,0.25,3.5,9.5,90,null
"2019-03-21T05:59:26.000Z",45.701607,5.88347,0.25,5.5,9.5,112.5,null
"2019-03-21T06:03:30.000Z",45.701607,5.88347,0,3.25,6.25,90,null
"2019-03-21T06:07:30.000Z",45.701607,5.88347,0,2.5,7,315,null
"2019-03-21T06:11:30.000Z",45.701607,5.88347,0.75,6,9.5,247.5,null
"2019-03-21T06:15:34.000Z",45.701607,5.88347,0,2,4.5,135,null
"2019-03-21T06:19:34.000Z",45.701607,5.88347,1.75,5.5,11,112.5,null
"2019-03-21T06:23:34.000Z",45.701607,5.88347,1,5.25,11.5,90,null
"2019-03-21T06:27:38.000Z",45.701607,5.88347,0,2.75,7.75,90,null
"2019-03-21T06:31:38.000Z",45.701607,5.88347,0,0.75,4.75,45,null
"2019-03-21T06:35:38.000Z",45.701607,5.88347,0,1.75,6.25,225,null
"2019-03-21T06:39:42.000Z",45.701607,5.88347,1,4.75,7.25,157.5,null
"2019-03-21T06:43:42.000Z",45.701607,5.88347,0,3.75,8.25,112.5,null
"2019-03-21T06:47:42.000Z",45.701607,5.88347,2.5,5,7.75,112.5,null
"2019-03-21T06:51:47.000Z",45.701607,5.88347,0,2,6,90,null
"2019-03-21T06:55:47.000Z",45.701607,5.88347,0,0.75,2.75,202.5,null
"2019-03-21T06:59:47.000Z",45.701607,5.88347,0,1.75,7,157.5,null
"2019-03-21T07:03:51.000Z",45.701607,5.88347,0,3,7.75,112.5,null
"2019-03-21T07:07:51.000Z",45.701607,5.88347,1.75,4.5,7.25,135,null
"2019-03-21T07:11:51.000Z",45.701607,5.88347,2,4,9.75,135,null
"2019-03-21T07:15:55.000Z",45.701607,5.88347,0.75,6.25,13,90,null
"2019-03-21T07:19:55.000Z",45.701607,5.88347,0.75,6,11.5,67.5,null
"2019-03-21T07:23:55.000Z",45.701607,5.88347,0,1.5,8.25,45,null
"2019-03-21T07:27:58.000Z",45.701607,5.88347,0,0.75,3.5,157.5,null
"2019-03-21T07:31:58.000Z",45.701607,5.88347,0,0.75,3.75,157.5,null
"2019-03-21T07:35:58.000Z",45.701607,5.88347,0,1,5.25,90,null
"2019-03-21T07:40:02.000Z",45.701607,5.88347,0,8,13.5,67.5,null
"2019-03-21T07:44:02.000Z",45.701607,5.88347,4.5,11,16.5,67.5,null
"2019-03-21T07:48:02.000Z",45.701607,5.88347,3.5,8.75,16,67.5,null
"2019-03-21T07:52:07.000Z",45.701607,5.88347,6.25,11,17,67.5,null
"2019-03-21T07:56:07.000Z",45.701607,5.88347,3.5,7.75,13.5,67.5,null
"2019-03-21T08:00:07.000Z",45.701607,5.88347,4.25,8,13,67.5,null
"2019-03-21T08:04:11.000Z",45.701607,5.88347,3.5,8.75,16.5,67.5,null
"2019-03-21T08:08:11.000Z",45.701607,5.88347,0,9.5,19,67.5,null
"2019-03-21T08:12:11.000Z",45.701607,5.88347,2,8.75,13.5,67.5,null
"2019-03-21T08:16:15.000Z",45.701607,5.88347,3.5,9.5,18,67.5,null
"2019-03-21T08:20:15.000Z",45.701607,5.88347,1.75,7.75,14.5,67.5,null
"2019-03-21T08:24:15.000Z",45.701607,5.88347,4.75,10,17,67.5,null
"2019-03-21T08:28:19.000Z",45.701607,5.88347,6,11.5,21.5,22.5,null
"2019-03-21T08:32:19.000Z",45.701607,5.88347,2.75,8.25,15,22.5,null
"2019-03-21T08:36:19.000Z",45.701607,5.88347,1.5,7.5,15,45,null
"2019-03-21T08:40:23.000Z",45.701607,5.88347,6.25,11,16,22.5,null
"2019-03-21T08:44:23.000Z",45.701607,5.88347,5.25,11,18,22.5,null
"2019-03-21T08:48:23.000Z",45.701607,5.88347,3.75,8,15.5,22.5,null
"2019-03-21T08:52:27.000Z",45.701607,5.88347,1.5,5.75,11.5,0,null
"2019-03-21T08:56:27.000Z",45.701607,5.88347,0,4.25,7.25,292.5,null
"2019-03-21T09:00:27.000Z",45.701607,5.88347,2.75,5,7.75,270,null
"2019-03-21T09:04:31.000Z",45.701607,5.88347,2.75,4.25,6.5,270,null
"2019-03-21T09:08:31.000Z",45.701607,5.88347,2.5,3.75,5.5,270,null
"2019-03-21T09:12:31.000Z",45.701607,5.88347,4.5,6,7.25,270,null
"2019-03-21T09:16:35.000Z",45.701607,5.88347,4.5,6.75,9,247.5,null
"2019-03-21T09:20:35.000Z",45.701607,5.88347,5.25,6.5,8.25,247.5,null
"2019-03-21T09:24:35.000Z",45.701607,5.88347,7,8.25,10,225,null
"2019-03-21T09:28:39.000Z",45.701607,5.88347,5.5,7,9,247.5,null
"2019-03-21T09:32:39.000Z",45.701607,5.88347,7,9.25,11.5,225,null
"2019-03-21T09:36:39.000Z",45.701607,5.88347,9.75,11.5,13,225,null
"2019-03-21T09:40:43.000Z",45.701607,5.88347,4.5,9,11,225,null
"2019-03-21T09:44:43.000Z",45.701607,5.88347,8.75,10.5,12.5,247.5,null
"2019-03-21T09:48:43.000Z",45.701607,5.88347,6.25,9,11,270,null
"2019-03-21T09:52:47.000Z",45.701607,5.88347,6,7.75,9.5,270,null
"2019-03-21T09:56:47.000Z",45.701607,5.88347,6,7,8.75,270,null
"2019-03-21T10:00:47.000Z",45.701607,5.88347,5.25,8.5,11,270,null
"2019-03-21T10:04:51.000Z",45.701607,5.88347,4.5,5.75,8.25,270,null
"2019-03-21T10:08:51.000Z",45.701607,5.88347,3.75,5.5,9.75,270,null
"2019-03-21T10:12:51.000Z",45.701607,5.88347,5.25,8.5,11,247.5,null
"2019-03-21T10:16:55.000Z",45.701607,5.88347,7,9.5,11.5,247.5,null
"2019-03-21T10:20:55.000Z",45.701607,5.88347,5.25,7.25,9,270,null
"2019-03-21T10:24:55.000Z",45.701607,5.88347,4.5,6.25,7.25,270,null
"2019-03-21T10:29:00.000Z",45.701607,5.88347,5.5,7.25,8.75,247.5,null
"2019-03-21T10:33:00.000Z",45.701607,5.88347,6,7,9,247.5,null
"2019-03-21T10:37:00.000Z",45.701607,5.88347,4.5,6,8,247.5,null
"2019-03-21T10:41:03.000Z",45.701607,5.88347,4.25,7.25,10,247.5,null
"2019-03-21T10:45:03.000Z",45.701607,5.88347,6,7,8,270,null
"2019-03-21T10:49:03.000Z",45.701607,5.88347,3.75,6.25,8,270,null
"2019-03-21T10:53:08.000Z",45.701607,5.88347,2.75,4.5,7,315,null
"2019-03-21T10:57:08.000Z",45.701607,5.88347,4.5,6.25,7.75,292.5,null
"2019-03-21T11:01:08.000Z",45.701607,5.88347,3.75,5.75,7.25,270,null
"2019-03-21T11:05:11.000Z",45.701607,5.88347,4.75,6.5,10.5,270,null
"2019-03-21T11:09:11.000Z",45.701607,5.88347,3.75,5.75,7,247.5,null
"2019-03-21T11:13:11.000Z",45.701607,5.88347,2.5,4.75,7.75,292.5,null
"2019-03-21T11:17:16.000Z",45.701607,5.88347,3.75,5.5,7.5,315,null
"2019-03-21T11:21:16.000Z",45.701607,5.88347,4.5,5.5,6.5,315,null
"2019-03-21T11:25:16.000Z",45.701607,5.88347,3.5,4.25,4.75,315,null
"2019-03-21T11:29:19.000Z",45.701607,5.88347,4.25,6,7.25,292.5,null
"2019-03-21T11:33:19.000Z",45.701607,5.88347,3.5,6,9.5,292.5,null
"2019-03-21T11:37:19.000Z",45.701607,5.88347,7,10,12.5,315,null
"2019-03-21T11:41:23.000Z",45.701607,5.88347,8,10,13,315,null
"2019-03-21T11:45:23.000Z",45.701607,5.88347,9.5,10.5,12,315,null
"2019-03-21T11:49:23.000Z",45.701607,5.88347,9,11,14.5,315,null
"2019-03-21T11:53:28.000Z",45.701607,5.88347,6.25,8.75,12,315,null
"2019-03-21T11:57:28.000Z",45.701607,5.88347,9.75,12,14.5,315,null
"2019-03-21T12:01:28.000Z",45.701607,5.88347,11.5,13.5,15,315,null
"2019-03-21T12:05:31.000Z",45.701607,5.88347,11,12.5,15.5,315,null
"2019-03-21T12:09:31.000Z",45.701607,5.88347,12,14,15.5,315,null
"2019-03-21T12:13:31.000Z",45.701607,5.88347,11,13.5,21,337.5,null
"2019-03-21T12:17:36.000Z",45.701607,5.88347,11,14.5,18,315,null
"2019-03-21T12:21:36.000Z",45.701607,5.88347,12,14.5,18,315,null
"2019-03-21T12:25:36.000Z",45.701607,5.88347,13,14.5,18,337.5,null
"2019-03-21T12:29:40.000Z",45.701607,5.88347,12,15,20,315,null
"2019-03-21T12:33:40.000Z",45.701607,5.88347,13,14.5,16,315,null
"2019-03-21T12:37:40.000Z",45.701607,5.88347,12.5,15,17,315,null
"2019-03-21T12:41:44.000Z",45.701607,5.88347,14.5,16.5,17.5,315,null
"2019-03-21T12:45:44.000Z",45.701607,5.88347,10.5,14,16.5,315,null
"2019-03-21T12:49:44.000Z",45.701607,5.88347,11,14,16,315,null
"2019-03-21T12:53:48.000Z",45.701607,5.88347,11.5,13.5,16,315,null
"2019-03-21T12:57:48.000Z",45.701607,5.88347,13,15.5,19,315,null
"2019-03-21T13:01:48.000Z",45.701607,5.88347,13,15.5,18.5,315,null
"2019-03-21T13:05:52.000Z",45.701607,5.88347,12,13.5,15,315,null
"2019-03-21T13:09:52.000Z",45.701607,5.88347,10.5,12.5,14.5,315,null
"2019-03-21T13:13:52.000Z",45.701607,5.88347,11,13.5,16,315,null
"2019-03-21T13:17:55.000Z",45.701607,5.88347,9.5,12,14,315,null
"2019-03-21T13:21:55.000Z",45.701607,5.88347,9,12,14.5,315,null
"2019-03-21T13:25:55.000Z",45.701607,5.88347,7.75,11,13.5,337.5,null
"2019-03-21T13:30:00.000Z",45.701607,5.88347,8,11,14.5,337.5,null
"2019-03-21T13:34:00.000Z",45.701607,5.88347,8.25,9.5,11.5,337.5,null
"2019-03-21T13:38:00.000Z",45.701607,5.88347,10.5,11.5,13,337.5,null
"2019-03-21T13:42:04.000Z",45.701607,5.88347,9.75,12.5,14,337.5,null
"2019-03-21T13:46:04.000Z",45.701607,5.88347,11,12.5,14,337.5,null
"2019-03-21T13:50:04.000Z",45.701607,5.88347,10,11.5,13,337.5,null
"2019-03-21T13:54:54.000Z",45.701607,5.88347,9.75,10.5,11,337.5,null
"2019-03-21T13:58:54.000Z",45.701607,5.88347,9.75,12,13.5,0,null
"2019-03-21T14:02:54.000Z",45.701607,5.88347,9.5,11,13,0,null
"2019-03-21T14:06:58.000Z",45.701607,5.88347,10,11,12.5,337.5,null
"2019-03-21T14:10:58.000Z",45.701607,5.88347,10,11.5,13,337.5,null
"2019-03-21T14:14:58.000Z",45.701607,5.88347,8.75,10,11.5,337.5,null
"2019-03-21T14:19:02.000Z",45.701607,5.88347,8.75,10.5,12.5,337.5,null
"2019-03-21T14:23:02.000Z",45.701607,5.88347,9.5,11,13,337.5,null
"2019-03-21T14:27:02.000Z",45.701607,5.88347,10,11.5,13.5,337.5,null
"2019-03-21T14:31:06.000Z",45.701607,5.88347,9.75,10.5,12.5,337.5,null
"2019-03-21T14:35:06.000Z",45.701607,5.88347,8.25,10,11.5,337.5,null
"2019-03-21T14:39:06.000Z",45.701607,5.88347,6.25,8.25,11,337.5,null
"2019-03-21T14:43:10.000Z",45.701607,5.88347,5.25,6,6.75,337.5,null
"2019-03-21T14:47:10.000Z",45.701607,5.88347,6,9,12,337.5,null
"2019-03-21T14:51:10.000Z",45.701607,5.88347,5.25,8.5,11,337.5,null
"2019-03-21T14:55:15.000Z",45.701607,5.88347,7.75,9.5,11,337.5,null
"2019-03-21T14:59:15.000Z",45.701607,5.88347,7.25,8.75,9.5,337.5,null
"2019-03-21T15:03:15.000Z",45.701607,5.88347,4.5,7.5,9.5,337.5,null
"2019-03-21T15:07:18.000Z",45.701607,5.88347,2.75,4.25,5.25,0,null
"2019-03-21T15:11:18.000Z",45.701607,5.88347,4.25,5.5,7.75,337.5,null
"2019-03-21T15:15:18.000Z",45.701607,5.88347,3.75,6,7,0,null
"2019-03-21T15:19:23.000Z",45.701607,5.88347,2.75,4.5,6,0,null
"2019-03-21T15:23:23.000Z",45.701607,5.88347,3.5,5,7,0,null
"2019-03-21T15:27:23.000Z",45.701607,5.88347,3.5,5.25,7.75,0,null
"2019-03-21T15:31:26.000Z",45.701607,5.88347,2.75,5,6,0,null
"2019-03-21T15:35:26.000Z",45.701607,5.88347,4.25,5,6.25,0,null
"2019-03-21T15:39:26.000Z",45.701607,5.88347,4.25,5.75,7,0,null
"2019-03-21T15:43:30.000Z",45.701607,5.88347,3.25,4.75,9,337.5,null
"2019-03-21T15:47:30.000Z",45.701607,5.88347,6,7,9.5,337.5,null
"2019-03-21T15:51:30.000Z",45.701607,5.88347,6.25,7.5,9.5,337.5,null
"2019-03-21T15:55:35.000Z",45.701607,5.88347,4.5,5.25,7,337.5,null
"2019-03-21T15:59:35.000Z",45.701607,5.88347,4.75,5.75,6.5,0,null
"2019-03-21T16:03:35.000Z",45.701607,5.88347,3.75,5.25,6.5,0,null
"2019-03-21T16:07:39.000Z",45.701607,5.88347,4.75,6.25,7,22.5,null
"2019-03-21T16:11:39.000Z",45.701607,5.88347,3.5,5.75,7.25,22.5,null
"2019-03-21T16:15:39.000Z",45.701607,5.88347,1,3.75,4.75,22.5,null
"2019-03-21T16:19:43.000Z",45.701607,5.88347,2.75,4.75,6.5,0,null
"2019-03-21T16:23:43.000Z",45.701607,5.88347,2.75,4.5,6.5,0,null
"2019-03-21T16:27:43.000Z",45.701607,5.88347,4.5,6,8.25,22.5,null
"2019-03-21T16:31:47.000Z",45.701607,5.88347,3.25,4.75,6.25,0,null
"2019-03-21T16:35:47.000Z",45.701607,5.88347,5.25,6.25,7.75,0,null
"2019-03-21T16:39:47.000Z",45.701607,5.88347,5.5,8.75,11.5,0,null
"2019-03-21T16:43:50.000Z",45.701607,5.88347,4.75,8.25,10.5,0,null
"2019-03-21T16:47:50.000Z",45.701607,5.88347,6.5,7.75,8.75,337.5,null
"2019-03-21T16:51:50.000Z",45.701607,5.88347,4.75,6.75,8.25,0,null
"2019-03-21T16:55:55.000Z",45.701607,5.88347,3.5,7,8.75,337.5,null
"2019-03-21T16:59:55.000Z",45.701607,5.88347,4.25,7.75,9.5,337.5,null
"2019-03-21T17:03:55.000Z",45.701607,5.88347,8.25,10,11.5,337.5,null
"2019-03-21T17:07:59.000Z",45.701607,5.88347,6,9.5,11,0,null
"2019-03-21T17:11:59.000Z",45.701607,5.88347,6.5,8.75,10,0,null
"2019-03-21T17:15:59.000Z",45.701607,5.88347,5.25,7.75,11.5,0,null
"2019-03-21T17:20:02.000Z",45.701607,5.88347,4.5,7,10.5,22.5,null
"2019-03-21T17:24:02.000Z",45.701607,5.88347,3.5,5.25,7.75,22.5,null
"2019-03-21T17:28:02.000Z",45.701607,5.88347,4.25,6.75,9,0,null
"2019-03-21T17:32:07.000Z",45.701607,5.88347,6.5,9.5,11,0,null
"2019-03-21T17:36:07.000Z",45.701607,5.88347,6.5,9.25,12,0,null
"2019-03-21T17:40:07.000Z",45.701607,5.88347,7,9.75,12,0,null
"2019-03-21T17:44:10.000Z",45.701607,5.88347,8.25,11.5,13,0,null
"2019-03-21T17:48:10.000Z",45.701607,5.88347,6.25,9.25,11.5,0,null
"2019-03-21T17:52:10.000Z",45.701607,5.88347,6.5,9,12,22.5,null
"2019-03-21T17:56:15.000Z",45.701607,5.88347,5.5,9,13.5,22.5,null
"2019-03-21T18:00:15.000Z",45.701607,5.88347,6.5,11,16,22.5,null
"2019-03-21T18:04:15.000Z",45.701607,5.88347,6.5,11.5,18.5,22.5,null
"2019-03-21T18:08:19.000Z",45.701607,5.88347,6,10.5,15.5,22.5,null
"2019-03-21T18:12:19.000Z",45.701607,5.88347,6,9,14,22.5,null
"2019-03-21T18:16:19.000Z",45.701607,5.88347,4.75,10,19,22.5,null
"2019-03-21T18:20:23.000Z",45.701607,5.88347,7,11,19,22.5,null
"2019-03-21T18:24:23.000Z",45.701607,5.88347,11,14.5,19.5,22.5,null
"2019-03-21T18:28:23.000Z",45.701607,5.88347,9.75,13,15.5,0,null
"2019-03-21T18:32:27.000Z",45.701607,5.88347,8,12.5,15,0,null
"2019-03-21T18:36:27.000Z",45.701607,5.88347,9,12,16,0,null
"2019-03-21T18:40:27.000Z",45.701607,5.88347,11,15,20,0,null
"2019-03-21T18:44:31.000Z",45.701607,5.88347,13,15.5,19,0,null
"2019-03-21T18:48:31.000Z",45.701607,5.88347,9.75,13,17.5,337.5,null
"2019-03-21T18:52:31.000Z",45.701607,5.88347,10.5,11.5,13,0,null
"2019-03-21T18:56:36.000Z",45.701607,5.88347,9.5,12,15,0,null
"2019-03-21T19:00:36.000Z",45.701607,5.88347,12,15,20.5,0,null
"2019-03-21T19:04:36.000Z",45.701607,5.88347,11,15,19,0,null
"2019-03-21T19:08:40.000Z",45.701607,5.88347,10,13.5,16,337.5,null
"2019-03-21T19:12:40.000Z",45.701607,5.88347,14.5,17,21,337.5,null
"2019-03-21T19:16:40.000Z",45.701607,5.88347,13.5,16.5,19.5,337.5,null
"2019-03-21T19:20:43.000Z",45.701607,5.88347,14.5,17.5,20.5,337.5,null
"2019-03-21T19:24:43.000Z",45.701607,5.88347,16.5,20,23.5,337.5,null
"2019-03-21T19:28:43.000Z",45.701607,5.88347,16.5,19,22,337.5,null
"2019-03-21T19:20:43.000Z",45.701607,5.88347,14.5,17.5,20.5,337.5,null
"2019-03-21T19:24:43.000Z",45.701607,5.88347,16.5,20,23.5,337.5,null
"2019-03-21T19:28:43.000Z",45.701607,5.88347,16.5,19,22,337.5,null
"2019-03-21T19:32:47.000Z",45.701607,5.88347,16.5,18.5,21.5,337.5,null
"2019-03-21T19:36:47.000Z",45.701607,5.88347,12,15.5,19,337.5,null
"2019-03-21T19:40:47.000Z",45.701607,5.88347,12.5,16.5,21.5,337.5,null
"2019-03-21T19:44:52.000Z",45.701607,5.88347,14.5,17.5,20,337.5,null
"2019-03-21T19:48:52.000Z",45.701607,5.88347,14.5,17,19.5,337.5,null
"2019-03-21T19:52:52.000Z",45.701607,5.88347,15,18,22.5,0,null
"2019-03-21T19:56:55.000Z",45.701607,5.88347,11,16.5,24.5,337.5,null
"2019-03-21T20:00:55.000Z",45.701607,5.88347,15.5,17.5,21,337.5,null
"2019-03-21T20:04:55.000Z",45.701607,5.88347,15,17.5,20,337.5,null
"2019-03-21T20:08:59.000Z",45.701607,5.88347,13,15.5,19.5,337.5,null
"2019-03-21T20:12:59.000Z",45.701607,5.88347,10.5,14,16.5,0,null
"2019-03-21T20:16:59.000Z",45.701607,5.88347,11,14,15.5,0,null
"2019-03-21T20:21:04.000Z",45.701607,5.88347,9.5,14,16.5,0,null
"2019-03-21T20:25:04.000Z",45.701607,5.88347,12.5,15,18,0,null
"2019-03-21T20:29:04.000Z",45.701607,5.88347,8.75,13.5,17,0,null
"2019-03-21T20:33:08.000Z",45.701607,5.88347,10,13.5,16.5,0,null
"2019-03-21T20:37:08.000Z",45.701607,5.88347,1.5,4.75,12,45,null
"2019-03-21T20:41:08.000Z",45.701607,5.88347,0,4.25,6.25,45,null
"2019-03-21T20:45:11.000Z",45.701607,5.88347,0.25,3,9,67.5,null
"2019-03-21T20:49:11.000Z",45.701607,5.88347,1,3,5.5,112.5,null
"2019-03-21T20:53:11.000Z",45.701607,5.88347,2,3.5,4.75,112.5,null
"2019-03-21T20:57:15.000Z",45.701607,5.88347,2,3.5,4.75,112.5,null
"2019-03-21T21:01:15.000Z",45.701607,5.88347,2.5,3.5,4.75,112.5,null
"2019-03-21T21:05:15.000Z",45.701607,5.88347,2,3.5,4.5,112.5,null
"2019-03-21T21:09:20.000Z",45.701607,5.88347,2,3.25,3.75,112.5,null
"2019-03-21T21:13:20.000Z",45.701607,5.88347,1.75,3.5,5.25,112.5,null
"2019-03-21T21:17:20.000Z",45.701607,5.88347,3.5,4.75,6,90,null
"2019-03-21T21:21:24.000Z",45.701607,5.88347,3.5,5,7.25,67.5,null
"2019-03-21T21:25:24.000Z",45.701607,5.88347,2.75,5.75,10.5,90,null
"2019-03-21T21:29:24.000Z",45.701607,5.88347,3.75,7.5,11,90,null
"2019-03-21T21:33:27.000Z",45.701607,5.88347,0,3.75,7.25,67.5,null
"2019-03-21T21:37:27.000Z",45.701607,5.88347,0,0,0.75,247.5,null
"2019-03-21T21:41:27.000Z",45.701607,5.88347,0,1,3.25,112.5,null
"2019-03-21T21:45:32.000Z",45.701607,5.88347,0,1.75,3.5,180,null
"2019-03-21T21:49:32.000Z",45.701607,5.88347,0,2.25,5.5,112.5,null
"2019-03-21T21:53:32.000Z",45.701607,5.88347,1.75,3.5,5.5,90,null
"2019-03-21T21:57:36.000Z",45.701607,5.88347,0,2.75,7,112.5,null
"2019-03-21T22:01:36.000Z",45.701607,5.88347,0.25,2.5,5.5,112.5,null
"2019-03-21T22:05:36.000Z",45.701607,5.88347,1.5,3.25,5.25,90,null
"2019-03-21T22:09:40.000Z",45.701607,5.88347,0,2,5.25,90,null
"2019-03-21T22:13:40.000Z",45.701607,5.88347,1,3.25,4.75,112.5,null
"2019-03-21T22:17:40.000Z",45.701607,5.88347,2.5,4.75,8.25,112.5,null
"2019-03-21T22:21:44.000Z",45.701607,5.88347,0.75,3,6.25,112.5,null
"2019-03-21T22:25:44.000Z",45.701607,5.88347,1.5,4,7.25,90,null
"2019-03-21T22:29:44.000Z",45.701607,5.88347,2.5,4.25,8,90,null
"2019-03-21T22:33:48.000Z",45.701607,5.88347,3.25,5.25,7.25,67.5,null
"2019-03-21T22:37:48.000Z",45.701607,5.88347,2,4,6.5,90,null
"2019-03-21T22:41:48.000Z",45.701607,5.88347,1.5,3.75,6.25,135,null
"2019-03-21T22:45:52.000Z",45.701607,5.88347,2.5,4.5,7,112.5,null
"2019-03-21T22:49:52.000Z",45.701607,5.88347,0.25,3.75,7.75,112.5,null
"2019-03-21T22:53:52.000Z",45.701607,5.88347,2.5,7.25,12,180,null
"2019-03-21T22:57:57.000Z",45.701607,5.88347,4.25,8.75,14.5,180,null
"2019-03-21T23:01:57.000Z",45.701607,5.88347,2,7.25,11.5,157.5,null
"2019-03-21T23:05:57.000Z",45.701607,5.88347,2.75,6.5,11,157.5,null
"2019-03-21T23:10:00.000Z",45.701607,5.88347,3.5,7.25,11,180,null
"2019-03-21T23:14:00.000Z",45.701607,5.88347,6.25,11,14.5,180,null
"2019-03-21T23:18:00.000Z",45.701607,5.88347,6.5,10,13,180,null
"2019-03-21T23:22:05.000Z",45.701607,5.88347,6.5,10.5,14,180,null
"2019-03-21T23:26:05.000Z",45.701607,5.88347,1.75,6.5,11.5,157.5,null
"2019-03-21T23:30:05.000Z",45.701607,5.88347,1.5,5.5,12,157.5,null
"2019-03-21T23:34:09.000Z",45.701607,5.88347,3.75,9.25,16.5,180,null
"2019-03-21T23:38:09.000Z",45.701607,5.88347,4.25,10,15.5,157.5,null
"2019-03-21T23:42:09.000Z",45.701607,5.88347,7.75,10.5,13.5,157.5,null
"2019-03-21T23:46:13.000Z",45.701607,5.88347,5.5,9.75,14,157.5,null
"2019-03-21T23:50:13.000Z",45.701607,5.88347,2.75,6.25,12,135,null
"2019-03-21T23:54:13.000Z",45.701607,5.88347,2.5,6.75,11,135,null
"2019-03-21T23:58:17.000Z",45.701607,5.88347,3.5,7.25,10.5,157.5,null
"2019-03-22T00:02:17.000Z",45.701607,5.88347,3.5,7.5,11,157.5,null
"2019-03-22T00:06:17.000Z",45.701607,5.88347,4.75,9,13,157.5,null
"2019-03-22T00:10:21.000Z",45.701607,5.88347,3.75,7.25,11.5,157.5,null
"2019-03-22T00:14:21.000Z",45.701607,5.88347,3.5,6.75,11,157.5,null
"2019-03-22T00:18:21.000Z",45.701607,5.88347,1.75,6.5,11,135,null
"2019-03-22T00:22:25.000Z",45.701607,5.88347,3.75,8,12.5,135,null
"2019-03-22T00:26:25.000Z",45.701607,5.88347,4.5,8,15.5,112.5,null
"2019-03-22T00:30:25.000Z",45.701607,5.88347,0.75,5.25,10.5,112.5,null
"2019-03-22T00:34:29.000Z",45.701607,5.88347,3.5,6.25,10,135,null
"2019-03-22T00:38:29.000Z",45.701607,5.88347,1.5,5.25,9.5,112.5,null
"2019-03-22T00:42:29.000Z",45.701607,5.88347,1.75,6.75,11.5,90,null
"2019-03-22T00:46:33.000Z",45.701607,5.88347,2.5,6.25,12,90,null
"2019-03-22T00:50:33.000Z",45.701607,5.88347,1,4.75,11,135,null
"2019-03-22T00:54:33.000Z",45.701607,5.88347,2.5,6.75,11.5,135,null
"2019-03-22T00:58:37.000Z",45.701607,5.88347,3.75,7.25,11,112.5,null
"2019-03-22T01:02:37.000Z",45.701607,5.88347,2.75,6.75,12,112.5,null
"2019-03-22T01:06:37.000Z",45.701607,5.88347,1.5,5.75,11,112.5,null
"2019-03-22T01:10:41.000Z",45.701607,5.88347,2.75,5.75,9,112.5,null
"2019-03-22T01:14:41.000Z",45.701607,5.88347,2.75,6.25,10,112.5,null
"2019-03-22T01:18:41.000Z",45.701607,5.88347,2.75,5.5,10,135,null
"2019-03-22T01:22:45.000Z",45.701607,5.88347,3.75,6.75,10.5,135,null
"2019-03-22T01:26:45.000Z",45.701607,5.88347,3.75,7.75,11.5,157.5,null
"2019-03-22T01:30:45.000Z",45.701607,5.88347,4.25,7.25,13.5,135,null
"2019-03-22T01:22:45.000Z",45.701607,5.88347,3.75,6.75,10.5,135,null
"2019-03-22T01:26:45.000Z",45.701607,5.88347,3.75,7.75,11.5,157.5,null
"2019-03-22T01:30:45.000Z",45.701607,5.88347,4.25,7.25,13.5,135,null
"2019-03-22T01:34:49.000Z",45.701607,5.88347,1.5,5.25,11,135,null
"2019-03-22T01:38:49.000Z",45.701607,5.88347,1.5,7,12.5,112.5,null
"2019-03-22T01:42:49.000Z",45.701607,5.88347,1.5,6.5,11.5,112.5,null
"2019-03-22T01:46:53.000Z",45.701607,5.88347,3.25,7.5,13,112.5,null
"2019-03-22T01:50:53.000Z",45.701607,5.88347,3.5,6.75,13,112.5,null
"2019-03-22T01:54:53.000Z",45.701607,5.88347,2,7.5,12,112.5,null
"2019-03-22T01:58:57.000Z",45.701607,5.88347,1,4.5,8.75,135,null
"2019-03-22T02:02:57.000Z",45.701607,5.88347,2,6,11,135,null
"2019-03-22T02:06:57.000Z",45.701607,5.88347,3.5,7.5,12,135,null
"2019-03-22T02:11:02.000Z",45.701607,5.88347,3.25,7,10,135,null
"2019-03-22T02:15:02.000Z",45.701607,5.88347,3.75,7.25,11,135,null
"2019-03-22T02:19:02.000Z",45.701607,5.88347,4.25,7,11,135,null
"2019-03-22T02:23:06.000Z",45.701607,5.88347,3.25,7.25,10.5,135,null
"2019-03-22T02:27:06.000Z",45.701607,5.88347,3.5,7.5,12,135,null
"2019-03-22T02:31:06.000Z",45.701607,5.88347,2.75,6.75,11,135,null
"2019-03-22T02:35:10.000Z",45.701607,5.88347,2.75,6.25,12.5,135,null
"2019-03-22T02:39:10.000Z",45.701607,5.88347,2.75,7.75,13,135,null
"2019-03-22T02:43:10.000Z",45.701607,5.88347,2.5,5.75,13,135,null
"2019-03-22T02:47:13.000Z",45.701607,5.88347,2.5,7.5,12,135,null
"2019-03-22T02:51:13.000Z",45.701607,5.88347,2.5,6.25,12.5,135,null
"2019-03-22T02:55:13.000Z",45.701607,5.88347,4.5,7.75,13,135,null
"2019-03-22T02:59:18.000Z",45.701607,5.88347,2,7.75,15,135,null
"2019-03-22T03:03:18.000Z",45.701607,5.88347,2.75,6.75,12.5,135,null
"2019-03-22T03:07:18.000Z",45.701607,5.88347,1.5,7,11,135,null
"2019-03-22T03:11:22.000Z",45.701607,5.88347,3.5,7,11,135,null
"2019-03-22T03:15:22.000Z",45.701607,5.88347,2.5,6,12.5,135,null
"2019-03-22T03:19:22.000Z",45.701607,5.88347,3.5,7,10,157.5,null
"2019-03-22T03:23:26.000Z",45.701607,5.88347,3.5,7.5,11,157.5,null
"2019-03-22T03:27:26.000Z",45.701607,5.88347,4.5,6.75,9.75,157.5,null
"2019-03-22T03:31:26.000Z",45.701607,5.88347,3.5,6.75,11.5,157.5,null
"2019-03-22T03:35:30.000Z",45.701607,5.88347,3.5,7.5,12,157.5,null
"2019-03-22T03:39:30.000Z",45.701607,5.88347,1.5,5.75,12.5,135,null
"2019-03-22T03:43:30.000Z",45.701607,5.88347,2.75,6.75,12.5,135,null
"2019-03-22T03:47:34.000Z",45.701607,5.88347,3.25,6.5,10.5,135,null
"2019-03-22T03:51:34.000Z",45.701607,5.88347,2.5,6.5,10,135,null
"2019-03-22T03:55:34.000Z",45.701607,5.88347,2.5,7,10.5,135,null
"2019-03-22T03:59:38.000Z",45.701607,5.88347,3.75,6.5,10,135,null
"2019-03-22T04:03:38.000Z",45.701607,5.88347,3.75,7,10,135,null
"2019-03-22T04:07:38.000Z",45.701607,5.88347,2.75,6,9,157.5,null
"2019-03-22T04:11:42.000Z",45.701607,5.88347,2,4.75,8.75,135,null
"2019-03-22T04:15:42.000Z",45.701607,5.88347,1.5,3.75,10,135,null
"2019-03-22T04:19:42.000Z",45.701607,5.88347,2.5,6.5,10.5,112.5,null
"2019-03-22T04:23:45.000Z",45.701607,5.88347,3.5,7,11,135,null
"2019-03-22T04:27:45.000Z",45.701607,5.88347,2.75,7.5,12,135,null
"2019-03-22T04:31:45.000Z",45.701607,5.88347,3.5,8.25,16,135,null
"2019-03-22T04:35:50.000Z",45.701607,5.88347,4.5,9,16,135,null
"2019-03-22T04:39:50.000Z",45.701607,5.88347,2.5,8.75,16.5,135,null
"2019-03-22T04:43:50.000Z",45.701607,5.88347,3.25,9.75,16,112.5,null
"2019-03-22T04:47:54.000Z",45.701607,5.88347,3.25,10.5,18.5,112.5,null
"2019-03-22T04:51:54.000Z",45.701607,5.88347,3.75,10.5,20,112.5,null
"2019-03-22T04:55:54.000Z",45.701607,5.88347,4.5,9.25,14.5,135,null
"2019-03-22T04:59:58.000Z",45.701607,5.88347,4.75,10.5,15.5,112.5,null
"2019-03-22T05:03:58.000Z",45.701607,5.88347,3.75,9.25,15.5,112.5,null
"2019-03-22T05:07:58.000Z",45.701607,5.88347,3.25,8.25,13.5,112.5,null
"2019-03-22T05:12:02.000Z",45.701607,5.88347,3.5,10.5,16.5,90,null
"2019-03-22T05:16:02.000Z",45.701607,5.88347,1,7.5,16,112.5,null
"2019-03-22T05:20:02.000Z",45.701607,5.88347,4.25,9.75,16.5,112.5,null
"2019-03-22T05:24:06.000Z",45.701607,5.88347,6.25,10,16.5,135,null
"2019-03-22T05:28:06.000Z",45.701607,5.88347,1.75,8.5,14.5,157.5,null
"2019-03-22T05:32:06.000Z",45.701607,5.88347,0,7.75,18,157.5,null
"2019-03-22T05:36:10.000Z",45.701607,5.88347,0,3,8,112.5,null
"2019-03-22T05:40:10.000Z",45.701607,5.88347,0,2.75,10,112.5,null
"2019-03-22T05:44:10.000Z",45.701607,5.88347,0,3,8.75,112.5,null
"2019-03-22T05:48:14.000Z",45.701607,5.88347,0,3.25,11,90,null
"2019-03-22T05:52:14.000Z",45.701607,5.88347,1.5,4.75,10.5,112.5,null
"2019-03-22T05:56:14.000Z",45.701607,5.88347,0.75,5.25,12,90,null
"2019-03-22T06:00:18.000Z",45.701607,5.88347,0,4.5,12,90,null
"2019-03-22T06:04:18.000Z",45.701607,5.88347,2.75,8,14.5,90,null
"2019-03-22T06:08:18.000Z",45.701607,5.88347,1,6,15,90,null
"2019-03-22T06:12:22.000Z",45.701607,5.88347,0,5,13,90,null
"2019-03-22T06:16:22.000Z",45.701607,5.88347,0,3.5,10.5,90,null
"2019-03-22T06:20:22.000Z",45.701607,5.88347,1.5,5,13,135,null
"2019-03-22T06:24:27.000Z",45.701607,5.88347,2,7,17.5,135,null
"2019-03-22T06:28:27.000Z",45.701607,5.88347,0.75,8,16.5,135,null
"2019-03-22T06:32:27.000Z",45.701607,5.88347,2,8,15.5,112.5,null
"2019-03-22T06:36:30.000Z",45.701607,5.88347,0,8.75,17,135,null
"2019-03-22T06:40:30.000Z",45.701607,5.88347,2,9.5,18,135,null
"2019-03-22T06:44:30.000Z",45.701607,5.88347,5.25,11.5,22,135,null
"2019-03-22T06:48:34.000Z",45.701607,5.88347,4.75,12,20,135,null
"2019-03-22T06:52:34.000Z",45.701607,5.88347,4.5,9.5,17,157.5,null
"2019-03-22T06:56:34.000Z",45.701607,5.88347,4.5,12,19.5,157.5,null
"2019-03-22T07:00:38.000Z",45.701607,5.88347,8,11.5,16.5,157.5,null
"2019-03-22T07:04:38.000Z",45.701607,5.88347,6.25,11,16,157.5,null
"2019-03-22T07:08:38.000Z",45.701607,5.88347,6,9.75,14.5,157.5,null
"2019-03-22T07:12:42.000Z",45.701607,5.88347,4.25,7.75,12,157.5,null
"2019-03-22T07:16:42.000Z",45.701607,5.88347,5.25,8.25,12,157.5,null
"2019-03-22T07:20:42.000Z",45.701607,5.88347,4.5,8.5,12.5,135,null
"2019-03-22T07:24:47.000Z",45.701607,5.88347,2,7.75,15,157.5,null
"2019-03-22T07:28:47.000Z",45.701607,5.88347,2.5,7.5,12.5,157.5,null
"2019-03-22T07:32:47.000Z",45.701607,5.88347,2,6.5,12,157.5,null
"2019-03-22T07:36:50.000Z",45.701607,5.88347,4.75,7.75,11,157.5,null
"2019-03-22T07:40:50.000Z",45.701607,5.88347,3.5,7.75,11.5,157.5,null
"2019-03-22T07:44:50.000Z",45.701607,5.88347,5.25,9.25,11.5,180,null
"2019-03-22T07:48:55.000Z",45.701607,5.88347,5.25,8.5,11,180,null
"2019-03-22T07:52:55.000Z",45.701607,5.88347,0.75,8,12,157.5,null
"2019-03-22T07:56:55.000Z",45.701607,5.88347,4.75,8.75,15.5,180,null
"2019-03-22T08:00:59.000Z",45.701607,5.88347,7.25,12,14.5,202.5,null
"2019-03-22T08:04:59.000Z",45.701607,5.88347,10.5,13,15.5,202.5,null
"2019-03-22T08:08:59.000Z",45.701607,5.88347,9.75,13.5,15.5,202.5,null
"2019-03-22T08:13:02.000Z",45.701607,5.88347,12,14.5,16.5,202.5,null
"2019-03-22T08:17:02.000Z",45.701607,5.88347,7.75,13.5,15.5,202.5,null
"2019-03-22T08:21:02.000Z",45.701607,5.88347,3.25,12.5,15.5,202.5,null
"2019-03-22T08:25:06.000Z",45.701607,5.88347,9.75,13,15,202.5,null
"2019-03-22T08:29:06.000Z",45.701607,5.88347,10,13,14.5,202.5,null
"2019-03-22T08:33:06.000Z",45.701607,5.88347,10,12,13.5,202.5,null
"2019-03-22T08:37:11.000Z",45.701607,5.88347,11,12,14.5,202.5,null
"2019-03-22T08:41:11.000Z",45.701607,5.88347,10.5,11.5,13,202.5,null
"2019-03-22T08:45:11.000Z",45.701607,5.88347,9.5,12,13,180,null
"2019-03-22T08:49:15.000Z",45.701607,5.88347,6.5,11.5,13,180,null
"2019-03-22T08:53:15.000Z",45.701607,5.88347,10,11.5,12.5,180,null
"2019-03-22T08:57:15.000Z",45.701607,5.88347,8.25,11.5,13,180,null
"2019-03-22T09:01:19.000Z",45.701607,5.88347,6,11,13,180,null
"2019-03-22T09:05:19.000Z",45.701607,5.88347,6.5,11.5,13.5,180,null
"2019-03-22T09:09:19.000Z",45.701607,5.88347,7.25,12,14.5,180,null
"2019-03-22T09:13:23.000Z",45.701607,5.88347,8.75,12,13.5,180,null
"2019-03-22T09:17:23.000Z",45.701607,5.88347,6,9.5,12,157.5,null
"2019-03-22T09:21:23.000Z",45.701607,5.88347,6.25,9.75,12,157.5,null
"2019-03-22T09:25:27.000Z",45.701607,5.88347,7.75,10.5,13,180,null
"2019-03-22T09:29:27.000Z",45.701607,5.88347,7.25,10.5,12.5,180,null
"2019-03-22T09:33:27.000Z",45.701607,5.88347,7.25,11.5,15,157.5,null
"2019-03-22T09:37:32.000Z",45.701607,5.88347,3.25,9.5,13,180,null
"2019-03-22T09:41:32.000Z",45.701607,5.88347,6.5,10.5,13,180,null
"2019-03-22T09:45:32.000Z",45.701607,5.88347,6,9.75,14.5,157.5,null
"2019-03-22T09:49:35.000Z",45.701607,5.88347,6,11,14,157.5,null
"2019-03-22T09:53:35.000Z",45.701607,5.88347,5.5,9,13,157.5,null
"2019-03-22T09:57:35.000Z",45.701607,5.88347,3.25,8,13.5,180,null
"2019-03-22T10:01:39.000Z",45.701607,5.88347,1.5,7,12,157.5,null
"2019-03-22T10:05:39.000Z",45.701607,5.88347,6.5,10.5,13,180,null
"2019-03-22T10:09:39.000Z",45.701607,5.88347,11,12.5,13.5,180,null
"2019-03-22T10:13:43.000Z",45.701607,5.88347,4.5,10,13,180,null
"2019-03-22T10:17:43.000Z",45.701607,5.88347,5.25,9.5,11,180,null
"2019-03-22T10:21:43.000Z",45.701607,5.88347,6.25,8.75,10,180,null
"2019-03-22T10:25:47.000Z",45.701607,5.88347,6.25,8.75,10.5,180,null
"2019-03-22T10:29:47.000Z",45.701607,5.88347,8,9.75,11,180,null
"2019-03-22T10:33:47.000Z",45.701607,5.88347,7.75,9.75,11,180,null
"2019-03-22T10:37:51.000Z",45.701607,5.88347,6.25,9.5,11,180,null
"2019-03-22T10:41:51.000Z",45.701607,5.88347,5.25,8.75,10,180,null
"2019-03-22T10:45:51.000Z",45.701607,5.88347,3.75,8,10.5,157.5,null
"2019-03-22T10:49:55.000Z",45.701607,5.88347,6.25,9,11,180,null
"2019-03-22T10:53:55.000Z",45.701607,5.88347,7.75,9.75,11.5,180,null
"2019-03-22T10:57:55.000Z",45.701607,5.88347,6,9.75,11.5,180,null
"2019-03-22T11:02:00.000Z",45.701607,5.88347,10,11,12,180,null
"2019-03-22T11:06:00.000Z",45.701607,5.88347,10,11,12,180,null
"2019-03-22T11:10:00.000Z",45.701607,5.88347,10,11,12,180,null
"2019-03-22T11:14:04.000Z",45.701607,5.88347,8,9.75,11,180,null
"2019-03-22T11:18:04.000Z",45.701607,5.88347,8,9.75,11,180,null
"2019-03-22T11:22:04.000Z",45.701607,5.88347,7.25,9.5,10.5,180,null
"2019-03-22T11:26:08.000Z",45.701607,5.88347,6.25,9.75,10.5,180,null
"2019-03-22T11:30:08.000Z",45.701607,5.88347,4.25,9.5,11.5,180,null
"2019-03-22T11:34:08.000Z",45.701607,5.88347,6.25,8.5,10,180,null
"2019-03-22T11:38:12.000Z",45.701607,5.88347,5.25,7.5,9.5,180,null
"2019-03-22T11:42:12.000Z",45.701607,5.88347,3.5,8,9.75,180,null
"2019-03-22T11:46:12.000Z",45.701607,5.88347,3.5,7,8.25,180,null
"2019-03-22T11:50:16.000Z",45.701607,5.88347,4.25,6.5,8,180,null
"2019-03-22T11:54:16.000Z",45.701607,5.88347,3.5,6,7.75,180,null
"2019-03-22T11:58:16.000Z",45.701607,5.88347,3.25,6.75,8,180,null
"2019-03-22T12:02:20.000Z",45.701607,5.88347,2.5,5.25,7.25,180,null
"2019-03-22T12:06:20.000Z",45.701607,5.88347,2,4.5,5.5,180,null
"2019-03-22T12:10:20.000Z",45.701607,5.88347,1.5,4.25,5.25,180,null
"2019-03-22T12:14:24.000Z",45.701607,5.88347,0.75,3.5,4.5,202.5,null
"2019-03-22T12:18:24.000Z",45.701607,5.88347,3.25,3.75,4.5,202.5,null
"2019-03-22T12:22:24.000Z",45.701607,5.88347,0.75,3.5,4.5,180,null
"2019-03-22T12:26:27.000Z",45.701607,5.88347,1,2.5,3.5,202.5,null
"2019-03-22T12:30:27.000Z",45.701607,5.88347,1,2.25,4.5,247.5,null
"2019-03-22T12:34:27.000Z",45.701607,5.88347,0.75,2.25,6,270,null
"2019-03-22T12:38:32.000Z",45.701607,5.88347,3.5,5.75,7.25,337.5,null
"2019-03-22T12:42:32.000Z",45.701607,5.88347,4.5,5.5,6.25,0,null
"2019-03-22T12:46:32.000Z",45.701607,5.88347,3.5,4.75,5.25,0,null
"2019-03-22T12:50:36.000Z",45.701607,5.88347,2.75,5.5,7,0,null
"2019-03-22T12:54:36.000Z",45.701607,5.88347,2,4.75,6.5,0,null
"2019-03-22T12:58:36.000Z",45.701607,5.88347,0,3,6.25,0,null
"2019-03-22T13:02:40.000Z",45.701607,5.88347,4.25,5.75,7.75,0,null
"2019-03-22T13:06:40.000Z",45.701607,5.88347,1.75,5,6.5,0,null
"2019-03-22T13:10:40.000Z",45.701607,5.88347,6,8,9.5,337.5,null
"2019-03-22T13:14:44.000Z",45.701607,5.88347,3.25,7,9.75,337.5,null
"2019-03-22T13:18:44.000Z",45.701607,5.88347,1.5,3,4.75,0,null
"2019-03-22T13:22:44.000Z",45.701607,5.88347,1,7,11,337.5,null
"2019-03-22T13:26:48.000Z",45.701607,5.88347,10,10.5,11,337.5,null
"2019-03-22T13:30:48.000Z",45.701607,5.88347,11,11.5,12,337.5,null
"2019-03-22T13:34:48.000Z",45.701607,5.88347,11,11.5,12.5,337.5,null
"2019-03-22T13:38:52.000Z",45.701607,5.88347,10.5,11,12,337.5,null
"2019-03-22T13:42:52.000Z",45.701607,5.88347,10,10.5,11,337.5,null
"2019-03-22T13:46:52.000Z",45.701607,5.88347,10,11,12,337.5,null
"2019-03-22T13:50:57.000Z",45.701607,5.88347,12,12.5,13,337.5,null
"2019-03-22T13:54:57.000Z",45.701607,5.88347,11.5,12.5,14,337.5,null
"2019-03-22T13:58:57.000Z",45.701607,5.88347,12.5,13.5,15,337.5,null
"2019-03-22T14:03:10.000Z",45.701607,5.88347,13,14.5,15.5,337.5,null
"2019-03-22T14:07:10.000Z",45.701607,5.88347,14,14.5,15,337.5,null
"2019-03-22T14:11:10.000Z",45.701607,5.88347,12.5,13,14.5,337.5,null
"2019-03-22T14:15:15.000Z",45.701607,5.88347,12,12.5,13.5,337.5,null
"2019-03-22T14:19:15.000Z",45.701607,5.88347,11,13,13.5,337.5,null
"2019-03-22T14:23:15.000Z",45.701607,5.88347,11,12.5,13,337.5,null
"2019-03-22T14:27:18.000Z",45.701607,5.88347,6.5,12.5,13.5,337.5,null
"2019-03-22T14:31:18.000Z",45.701607,5.88347,7,10.5,12,337.5,null
"2019-03-22T14:35:18.000Z",45.701607,5.88347,6.5,9.75,13,337.5,null
"2019-03-22T14:39:22.000Z",45.701607,5.88347,10,11.5,12.5,337.5,null
"2019-03-22T14:43:22.000Z",45.701607,5.88347,9.5,10.5,12.5,337.5,null
"2019-03-22T14:47:22.000Z",45.701607,5.88347,9,10,11.5,337.5,null
"2019-03-22T14:51:27.000Z",45.701607,5.88347,8.75,10,11,337.5,null
"2019-03-22T14:55:27.000Z",45.701607,5.88347,8.25,9.5,11,337.5,null
"2019-03-22T14:59:27.000Z",45.701607,5.88347,2,8,10,337.5,null
"2019-03-22T15:03:31.000Z",45.701607,5.88347,1.5,3.75,6,0,null
"2019-03-22T15:07:31.000Z",45.701607,5.88347,3.25,9.5,12.5,337.5,null
"2019-03-22T15:11:31.000Z",45.701607,5.88347,11,11.5,12,337.5,null
"2019-03-22T15:15:35.000Z",45.701607,5.88347,10,10.5,12,337.5,null
"2019-03-22T15:19:35.000Z",45.701607,5.88347,8.25,10,11.5,337.5,null
"2019-03-22T15:23:35.000Z",45.701607,5.88347,1.75,5.5,8.75,337.5,null
"2019-03-22T15:27:38.000Z",45.701607,5.88347,4.5,7.5,9.75,337.5,null
"2019-03-22T15:31:38.000Z",45.701607,5.88347,4.75,8,10,0,null
"2019-03-22T15:35:38.000Z",45.701607,5.88347,5.25,7.75,10,0,null
"2019-03-22T15:39:42.000Z",45.701607,5.88347,3.5,7.75,11.5,0,null
"2019-03-22T15:43:42.000Z",45.701607,5.88347,7.25,11,13,0,null
"2019-03-22T15:47:42.000Z",45.701607,5.88347,6.25,10.5,12.5,337.5,null
"2019-03-22T15:51:46.000Z",45.701607,5.88347,8.75,10.5,12,337.5,null
"2019-03-22T15:55:46.000Z",45.701607,5.88347,10,11.5,13,0,null
"2019-03-22T15:59:46.000Z",45.701607,5.88347,10,11,12.5,0,null
"2019-03-22T16:03:51.000Z",45.701607,5.88347,11,12,12.5,337.5,null
"2019-03-22T16:07:51.000Z",45.701607,5.88347,10.5,11.5,12,337.5,null
"2019-03-22T16:11:51.000Z",45.701607,5.88347,11,12,13,337.5,null
"2019-03-22T16:15:55.000Z",45.701607,5.88347,10.5,11.5,12,337.5,null
"2019-03-22T16:19:55.000Z",45.701607,5.88347,8.75,11.5,12.5,337.5,null
"2019-03-22T16:23:55.000Z",45.701607,5.88347,11,11.5,12,337.5,null
"2019-03-22T16:27:59.000Z",45.701607,5.88347,8,10.5,12,337.5,null
"2019-03-22T16:31:59.000Z",45.701607,5.88347,9.5,10.5,11,337.5,null
"2019-03-22T16:35:59.000Z",45.701607,5.88347,9.75,10.5,11,0,null
"2019-03-22T16:40:03.000Z",45.701607,5.88347,6,9.25,10.5,0,null
"2019-03-22T16:44:03.000Z",45.701607,5.88347,8,9.25,11,0,null
"2019-03-22T16:48:03.000Z",45.701607,5.88347,8.25,10.5,13,0,null
"2019-03-22T16:52:07.000Z",45.701607,5.88347,6.25,8.5,10,0,null
"2019-03-22T16:56:07.000Z",45.701607,5.88347,6.25,8.5,11,0,null
"2019-03-22T17:00:07.000Z",45.701607,5.88347,6.25,8.5,10,0,null
"2019-03-22T17:04:11.000Z",45.701607,5.88347,3.25,7,10.5,0,null
"2019-03-22T17:08:11.000Z",45.701607,5.88347,3.5,6.25,8,337.5,null
"2019-03-22T17:12:11.000Z",45.701607,5.88347,0.25,3.5,7,0,null
"2019-03-22T17:16:15.000Z",45.701607,5.88347,2,6.5,7.75,0,null
"2019-03-22T17:20:15.000Z",45.701607,5.88347,0,4.25,6.25,0,null
"2019-03-22T17:24:15.000Z",45.701607,5.88347,2.5,4.5,6,22.5,null
"2019-03-22T17:28:19.000Z",45.701607,5.88347,2.75,4.5,5.25,22.5,null
"2019-03-22T17:32:19.000Z",45.701607,5.88347,1.5,2.75,3.75,22.5,null
"2019-03-22T17:36:19.000Z",45.701607,5.88347,1,2.75,4.75,22.5,null
"2019-03-22T17:40:22.000Z",45.701607,5.88347,0,1.75,3.5,22.5,null
"2019-03-22T17:44:22.000Z",45.701607,5.88347,0,1.5,3.25,22.5,null
"2019-03-22T17:48:22.000Z",45.701607,5.88347,0,1.25,2,337.5,null
"2019-03-22T17:52:27.000Z",45.701607,5.88347,0.5,3.25,5.25,315,null
"2019-03-22T17:56:27.000Z",45.701607,5.88347,2.75,5.25,6.5,337.5,null
"2019-03-22T18:00:27.000Z",45.701607,5.88347,2.5,3.75,4.75,22.5,null
"2019-03-22T18:04:31.000Z",45.701607,5.88347,2.25,3.75,6,22.5,null
"2019-03-22T18:08:31.000Z",45.701607,5.88347,2.5,3.5,4.5,22.5,null
"2019-03-22T18:12:31.000Z",45.701607,5.88347,2,3,4.75,22.5,null
"2019-03-22T18:16:35.000Z",45.701607,5.88347,0.25,2,3.5,22.5,null
"2019-03-22T18:20:35.000Z",45.701607,5.88347,0,1.25,3.75,22.5,null
"2019-03-22T18:24:35.000Z",45.701607,5.88347,0.25,1.5,2.5,45,null
"2019-03-22T18:28:39.000Z",45.701607,5.88347,1.75,2.5,3.25,45,null
"2019-03-22T18:32:39.000Z",45.701607,5.88347,2,3,4.25,45,null
"2019-03-22T18:36:39.000Z",45.701607,5.88347,0.75,2,3.25,22.5,null
"2019-03-22T18:40:44.000Z",45.701607,5.88347,0,0.5,1.5,45,null
"2019-03-22T18:44:44.000Z",45.701607,5.88347,0,0.5,3.25,157.5,null
"2019-03-22T18:48:44.000Z",45.701607,5.88347,2.75,3.5,4.5,157.5,null
"2019-03-22T18:52:48.000Z",45.701607,5.88347,2.75,3.5,4.75,157.5,null
"2019-03-22T18:56:48.000Z",45.701607,5.88347,0.25,3.25,4.5,157.5,null
"2019-03-22T19:00:48.000Z",45.701607,5.88347,0,1.75,3.5,112.5,null
"2019-03-22T19:04:52.000Z",45.701607,5.88347,0,1,2.5,202.5,null
"2019-03-22T19:08:52.000Z",45.701607,5.88347,0,0,0.25,157.5,null
"2019-03-22T19:12:52.000Z",45.701607,5.88347,0,0,0.75,90,null
"2019-03-22T19:16:56.000Z",45.701607,5.88347,0,0,0,112.5,null
"2019-03-22T19:20:56.000Z",45.701607,5.88347,0,0,0,157.5,null
"2019-03-22T19:24:56.000Z",45.701607,5.88347,0,0,0,135,null
"2019-03-22T19:29:00.000Z",45.701607,5.88347,0,0,0,112.5,null
"2019-03-22T19:33:00.000Z",45.701607,5.88347,0,0.5,2.75,157.5,null
"2019-03-22T19:37:00.000Z",45.701607,5.88347,1.5,2.5,5.25,202.5,null
"2019-03-22T19:41:04.000Z",45.701607,5.88347,3.25,5.5,7.25,202.5,null
"2019-03-22T19:45:04.000Z",45.701607,5.88347,1,3.75,5.25,180,null
"2019-03-22T19:49:04.000Z",45.701607,5.88347,0,1.5,4.5,157.5,null
"2019-03-22T19:53:08.000Z",45.701607,5.88347,0,2.5,4.5,202.5,null
"2019-03-22T19:57:08.000Z",45.701607,5.88347,0,2.5,4.25,180,null
"2019-03-22T20:01:08.000Z",45.701607,5.88347,0,1,2,157.5,null
"2019-03-22T20:05:12.000Z",45.701607,5.88347,0,2,4.25,135,null
"2019-03-22T20:09:12.000Z",45.701607,5.88347,0.75,2.5,4.5,67.5,null
"2019-03-22T20:13:12.000Z",45.701607,5.88347,0,2,3.75,0,null
"2019-03-22T20:17:15.000Z",45.701607,5.88347,0,0.75,2.25,0,null
"2019-03-22T20:21:15.000Z",45.701607,5.88347,0,0.75,1.5,337.5,null
"2019-03-22T20:25:15.000Z",45.701607,5.88347,0,0.25,1.75,337.5,null
"2019-03-22T20:29:20.000Z",45.701607,5.88347,0,0,0,337.5,null
"2019-03-22T20:33:20.000Z",45.701607,5.88347,0,1,3.75,90,null
"2019-03-22T20:37:20.000Z",45.701607,5.88347,1,2.25,3.25,90,null
"2019-03-22T20:41:24.000Z",45.701607,5.88347,0,0.75,1.75,67.5,null
"2019-03-22T20:45:24.000Z",45.701607,5.88347,0,0,0,90,null
"2019-03-22T20:49:24.000Z",45.701607,5.88347,0,0,0.25,45,null
"2019-03-22T20:53:28.000Z",45.701607,5.88347,0,0.25,1,45,null
"2019-03-22T20:57:28.000Z",45.701607,5.88347,0.25,1.25,2,90,null
"2019-03-22T21:01:28.000Z",45.701607,5.88347,0,1.5,2.75,90,null
"2019-03-22T21:05:32.000Z",45.701607,5.88347,0,2.75,7.25,180,null
"2019-03-22T21:09:32.000Z",45.701607,5.88347,1.5,4.75,6.5,180,null
"2019-03-22T21:13:32.000Z",45.701607,5.88347,1,3.5,4.5,180,null
"2019-03-22T21:17:36.000Z",45.701607,5.88347,3.25,3.75,4.5,180,null
"2019-03-22T21:21:36.000Z",45.701607,5.88347,2.5,4,5.25,157.5,null
"2019-03-22T21:25:36.000Z",45.701607,5.88347,1,2.5,4.75,157.5,null
"2019-03-22T21:29:40.000Z",45.701607,5.88347,0,2.25,3.5,157.5,null
"2019-03-22T21:33:40.000Z",45.701607,5.88347,0,1.25,2.5,112.5,null
"2019-03-22T21:37:40.000Z",45.701607,5.88347,0,0.25,1.75,135,null
"2019-03-22T21:41:44.000Z",45.701607,5.88347,0,1.25,2.5,157.5,null
"2019-03-22T21:45:44.000Z",45.701607,5.88347,1.5,2.25,3.5,180,null
"2019-03-22T21:49:44.000Z",45.701607,5.88347,1.75,3,4.25,157.5,null
"2019-03-22T21:53:48.000Z",45.701607,5.88347,0.25,2,4,157.5,null
"2019-03-22T21:57:48.000Z",45.701607,5.88347,0,0.75,2,135,null
"2019-03-22T22:01:48.000Z",45.701607,5.88347,0,1.25,2.75,180,null
"2019-03-22T22:05:52.000Z",45.701607,5.88347,1,2,3.5,157.5,null
"2019-03-22T22:09:52.000Z",45.701607,5.88347,0.25,1.5,3.25,157.5,null
"2019-03-22T22:13:52.000Z",45.701607,5.88347,0.25,1.75,3.25,157.5,null
"2019-03-22T22:17:56.000Z",45.701607,5.88347,1.75,3.75,6.25,180,null
"2019-03-22T22:21:56.000Z",45.701607,5.88347,0.75,3.5,6.25,180,null
"2019-03-22T22:25:56.000Z",45.701607,5.88347,2.5,5.75,8,180,null
"2019-03-22T22:30:01.000Z",45.701607,5.88347,1.5,4.5,7.25,157.5,null
"2019-03-22T22:34:01.000Z",45.701607,5.88347,1.5,2.75,4.75,157.5,null
"2019-03-22T22:38:01.000Z",45.701607,5.88347,1,2.75,3.75,135,null
"2019-03-22T22:42:04.000Z",45.701607,5.88347,1,2,4.25,112.5,null
"2019-03-22T22:46:04.000Z",45.701607,5.88347,0,0.75,2.75,112.5,null
"2019-03-22T22:50:04.000Z",45.701607,5.88347,0,0,1,135,null
"2019-03-22T22:54:08.000Z",45.701607,5.88347,0,0.5,1.75,135,null
"2019-03-22T22:58:08.000Z",45.701607,5.88347,0,0,0,112.5,null
"2019-03-22T23:02:08.000Z",45.701607,5.88347,0,0,0,112.5,null
"2019-03-22T23:06:12.000Z",45.701607,5.88347,0,0.25,0.75,90,null
"2019-03-22T23:10:12.000Z",45.701607,5.88347,0,0,0,112.5,null
"2019-03-22T23:14:12.000Z",45.701607,5.88347,0,1,2.5,112.5,null
"2019-03-22T23:18:16.000Z",45.701607,5.88347,0,2,3.5,112.5,null
"2019-03-22T23:22:16.000Z",45.701607,5.88347,2.5,4,5.5,90,null
"2019-03-22T23:26:16.000Z",45.701607,5.88347,1.75,3,5.5,112.5,null
"2019-03-22T23:30:21.000Z",45.701607,5.88347,2,3.5,5.5,112.5,null
"2019-03-22T23:34:21.000Z",45.701607,5.88347,1.75,4,6,135,null
"2019-03-22T23:38:21.000Z",45.701607,5.88347,1.75,3.5,6,180,null
"2019-03-22T23:42:25.000Z",45.701607,5.88347,4.25,6.5,9,180,null
"2019-03-22T23:46:25.000Z",45.701607,5.88347,5.25,9.25,13,180,null
"2019-03-22T23:50:25.000Z",45.701607,5.88347,5.25,8.75,12,202.5,null
"2019-03-22T23:54:29.000Z",45.701607,5.88347,4.25,7.75,11.5,180,null
"2019-03-22T23:58:29.000Z",45.701607,5.88347,5.25,9.5,14,180,null
"2019-03-23T00:02:29.000Z",45.701607,5.88347,2.75,6.75,10.5,180,null
"2019-03-23T00:06:32.000Z",45.701607,5.88347,1.75,5.25,9,157.5,null
"2019-03-23T00:10:32.000Z",45.701607,5.88347,1.75,5,8.25,180,null
"2019-03-23T00:14:32.000Z",45.701607,5.88347,4.5,6.5,10,180,null
"2019-03-23T00:18:37.000Z",45.701607,5.88347,3.75,7.5,11,180,null
"2019-03-23T00:22:37.000Z",45.701607,5.88347,3.25,6.75,9.5,180,null
"2019-03-23T00:26:37.000Z",45.701607,5.88347,3.25,7.25,10,180,null
"2019-03-23T00:30:41.000Z",45.701607,5.88347,4.25,6.75,10,157.5,null
"2019-03-23T00:34:41.000Z",45.701607,5.88347,1,6.5,10.5,135,null
"2019-03-23T00:38:41.000Z",45.701607,5.88347,1.5,5,10.5,157.5,null
"2019-03-23T00:42:45.000Z",45.701607,5.88347,0,4.5,11,180,null
"2019-03-23T00:46:45.000Z",45.701607,5.88347,3.5,8.5,14.5,157.5,null
"2019-03-23T00:50:45.000Z",45.701607,5.88347,6.25,10.5,16.5,157.5,null
"2019-03-23T00:54:49.000Z",45.701607,5.88347,4.75,10,15.5,157.5,null
"2019-03-23T00:58:49.000Z",45.701607,5.88347,5.25,10,16,157.5,null
"2019-03-23T01:02:49.000Z",45.701607,5.88347,4.25,9,15.5,135,null
"2019-03-23T01:06:53.000Z",45.701607,5.88347,1,5.5,10,112.5,null
"2019-03-23T01:10:53.000Z",45.701607,5.88347,1,5.75,11,112.5,null
"2019-03-23T01:14:53.000Z",45.701607,5.88347,2,5.75,13,112.5,null
"2019-03-23T01:18:57.000Z",45.701607,5.88347,2,5.25,9.75,135,null
"2019-03-23T01:22:57.000Z",45.701607,5.88347,2.5,7.5,13.5,157.5,null
"2019-03-23T01:26:57.000Z",45.701607,5.88347,2.75,6,11,157.5,null
"2019-03-23T01:31:01.000Z",45.701607,5.88347,4.75,7.75,12,157.5,null
"2019-03-23T01:35:01.000Z",45.701607,5.88347,3.25,6.75,12,135,null
"2019-03-23T01:39:01.000Z",45.701607,5.88347,2,6.75,12,157.5,null
"2019-03-23T01:43:05.000Z",45.701607,5.88347,4.75,8.25,11,157.5,null
"2019-03-23T01:47:05.000Z",45.701607,5.88347,4.5,6.75,9.75,157.5,null
"2019-03-23T01:51:05.000Z",45.701607,5.88347,3.75,6.75,10.5,157.5,null
"2019-03-23T01:55:09.000Z",45.701607,5.88347,3.5,7,10.5,157.5,null
"2019-03-23T01:59:09.000Z",45.701607,5.88347,2.75,5.25,8.25,157.5,null
"2019-03-23T02:03:09.000Z",45.701607,5.88347,2.5,5.75,10.5,112.5,null
"2019-03-23T02:07:13.000Z",45.701607,5.88347,2.5,6,9.5,112.5,null
"2019-03-23T02:11:13.000Z",45.701607,5.88347,3.75,6.25,10,135,null
"2019-03-23T02:15:13.000Z",45.701607,5.88347,4.25,7.75,11,135,null
"2019-03-23T02:19:18.000Z",45.701607,5.88347,3.5,7,12,135,null
"2019-03-23T02:23:18.000Z",45.701607,5.88347,2.5,6.75,12.5,135,null
"2019-03-23T02:27:18.000Z",45.701607,5.88347,3.25,7.25,14.5,112.5,null
"2019-03-23T02:31:22.000Z",45.701607,5.88347,3.25,8,12,112.5,null
"2019-03-23T02:35:22.000Z",45.701607,5.88347,1.75,5.75,13,112.5,null
"2019-03-23T02:39:22.000Z",45.701607,5.88347,1.5,6.5,13,112.5,null
"2019-03-23T02:43:26.000Z",45.701607,5.88347,1.75,6.5,11,112.5,null
"2019-03-23T02:47:26.000Z",45.701607,5.88347,1.5,5.25,12,112.5,null
"2019-03-23T02:51:26.000Z",45.701607,5.88347,0.75,4.5,9,135,null
"2019-03-23T02:55:29.000Z",45.701607,5.88347,0.75,6,14.5,90,null
"2019-03-23T02:59:29.000Z",45.701607,5.88347,2,6.5,12,90,null
"2019-03-23T03:03:29.000Z",45.701607,5.88347,0.75,5.25,12,90,null
"2019-03-23T03:07:33.000Z",45.701607,5.88347,2,5.75,12.5,90,null
"2019-03-23T03:11:33.000Z",45.701607,5.88347,0,3.5,7.75,90,null
"2019-03-23T03:15:33.000Z",45.701607,5.88347,0.75,3,6.25,135,null
"2019-03-23T03:19:38.000Z",45.701607,5.88347,1,4,7,90,null
"2019-03-23T03:23:38.000Z",45.701607,5.88347,0.75,3.5,6.5,67.5,null
"2019-03-23T03:27:38.000Z",45.701607,5.88347,0,0.5,1.75,202.5,null
"2019-03-23T03:31:41.000Z",45.701607,5.88347,0.25,2.25,4.75,157.5,null
"2019-03-23T03:35:41.000Z",45.701607,5.88347,0.25,2.25,4.5,135,null
"2019-03-23T03:39:41.000Z",45.701607,5.88347,1,4.5,9,112.5,null
"2019-03-23T03:43:45.000Z",45.701607,5.88347,0,4.25,9,112.5,null
"2019-03-23T03:47:45.000Z",45.701607,5.88347,1.75,5.5,10.5,135,null
"2019-03-23T03:51:45.000Z",45.701607,5.88347,2.5,6.25,11,135,null
"2019-03-23T03:55:50.000Z",45.701607,5.88347,0.75,4.5,9.75,135,null
"2019-03-23T03:59:50.000Z",45.701607,5.88347,1.75,6,10,112.5,null
"2019-03-23T04:03:50.000Z",45.701607,5.88347,1,4.75,8,112.5,null
"2019-03-23T04:07:53.000Z",45.701607,5.88347,0.25,2.5,6.5,112.5,null
"2019-03-23T04:11:53.000Z",45.701607,5.88347,0.75,3.75,8.25,90,null
"2019-03-23T04:15:53.000Z",45.701607,5.88347,0.25,4,8,90,null
"2019-03-23T04:19:58.000Z",45.701607,5.88347,0,3.5,7.75,90,null
"2019-03-23T04:23:58.000Z",45.701607,5.88347,0,3.25,7.25,90,null
"2019-03-23T04:27:58.000Z",45.701607,5.88347,1.5,4.25,7.25,90,null
"2019-03-23T04:32:01.000Z",45.701607,5.88347,0.25,2.75,6,112.5,null
"2019-03-23T04:36:01.000Z",45.701607,5.88347,0.25,4.25,8.25,112.5,null
"2019-03-23T04:40:01.000Z",45.701607,5.88347,1,4,9.75,112.5,null
"2019-03-23T04:44:06.000Z",45.701607,5.88347,0,3.5,11,112.5,null
"2019-03-23T04:48:06.000Z",45.701607,5.88347,3.5,6.75,11.5,90,null
"2019-03-23T04:52:06.000Z",45.701607,5.88347,1,4,11,90,null
"2019-03-23T04:56:09.000Z",45.701607,5.88347,0,2.5,6,180,null
"2019-03-23T05:00:09.000Z",45.701607,5.88347,0.75,4.5,8.75,157.5,null
"2019-03-23T05:04:09.000Z",45.701607,5.88347,1,4.5,7.25,157.5,null
"2019-03-23T05:08:14.000Z",45.701607,5.88347,0,2.25,5.25,157.5,null
"2019-03-23T05:12:14.000Z",45.701607,5.88347,0,0,1,112.5,null
"2019-03-23T05:16:14.000Z",45.701607,5.88347,0,0,0,135,null
"2019-03-23T05:20:18.000Z",45.701607,5.88347,0,0.5,3.25,135,null
"2019-03-23T05:24:18.000Z",45.701607,5.88347,0,2.5,7.75,112.5,null
"2019-03-23T05:28:18.000Z",45.701607,5.88347,0,3.25,8.25,112.5,null
"2019-03-23T05:32:22.000Z",45.701607,5.88347,0.25,4.5,9,112.5,null
"2019-03-23T05:36:22.000Z",45.701607,5.88347,0,2.5,4.75,112.5,null
"2019-03-23T05:40:22.000Z",45.701607,5.88347,1.5,4,8,112.5,null
"2019-03-23T05:44:26.000Z",45.701607,5.88347,0.75,2.5,6.5,135,null
"2019-03-23T05:48:26.000Z",45.701607,5.88347,0.75,3.75,7.75,135,null
"2019-03-23T05:52:26.000Z",45.701607,5.88347,1,4.5,8.75,135,null
"2019-03-23T05:56:31.000Z",45.701607,5.88347,1,4,9.5,157.5,null
"2019-03-23T06:00:31.000Z",45.701607,5.88347,0,1.75,4.5,135,null
"2019-03-23T06:04:31.000Z",45.701607,5.88347,0,1,4.75,135,null
"2019-03-23T06:08:34.000Z",45.701607,5.88347,0,2.75,9,112.5,null
"2019-03-23T06:12:34.000Z",45.701607,5.88347,0.75,3.5,7,67.5,null
"2019-03-23T06:16:34.000Z",45.701607,5.88347,0.25,6,11,67.5,null
"2019-03-23T06:20:39.000Z",45.701607,5.88347,2,7,18.5,112.5,null
"2019-03-23T06:24:39.000Z",45.701607,5.88347,2,10.5,20.5,135,null
"2019-03-23T06:28:39.000Z",45.701607,5.88347,6.25,12.5,22,135,null
"2019-03-23T06:32:42.000Z",45.701607,5.88347,4.5,9.5,14.5,112.5,null
"2019-03-23T06:36:42.000Z",45.701607,5.88347,2.75,6.75,13,135,null
"2019-03-23T06:40:42.000Z",45.701607,5.88347,1.5,6,11.5,157.5,null
"2019-03-23T06:44:46.000Z",45.701607,5.88347,1.5,6.75,11,157.5,null
"2019-03-23T06:48:46.000Z",45.701607,5.88347,1.5,7.25,11,157.5,null
"2019-03-23T06:52:46.000Z",45.701607,5.88347,2.75,7.5,14,135,null
"2019-03-23T06:56:50.000Z",45.701607,5.88347,1,5.5,15.5,135,null
"2019-03-23T07:00:50.000Z",45.701607,5.88347,0,3.5,8,112.5,null
"2019-03-23T07:04:50.000Z",45.701607,5.88347,1,3.75,9.75,112.5,null
"2019-03-23T07:08:54.000Z",45.701607,5.88347,0.25,2.75,7,112.5,null
"2019-03-23T07:12:54.000Z",45.701607,5.88347,0.25,3.25,7.25,112.5,null
"2019-03-23T07:16:54.000Z",45.701607,5.88347,0,2.5,5.25,135,null
"2019-03-23T07:20:59.000Z",45.701607,5.88347,1,4.75,8,157.5,null
"2019-03-23T07:24:59.000Z",45.701607,5.88347,2,6.5,14.5,157.5,null
"2019-03-23T07:28:59.000Z",45.701607,5.88347,6,11,16,180,null
"2019-03-23T07:33:03.000Z",45.701607,5.88347,5.25,14.5,19,180,null
"2019-03-23T07:37:03.000Z",45.701607,5.88347,6,15,20,180,null
"2019-03-23T07:41:03.000Z",45.701607,5.88347,12.5,17,21,180,null
"2019-03-23T07:45:07.000Z",45.701607,5.88347,8.75,15,19,180,null
"2019-03-23T07:49:07.000Z",45.701607,5.88347,7.25,13,16.5,180,null
"2019-03-23T07:53:07.000Z",45.701607,5.88347,2.75,8.25,14,157.5,null
"2019-03-23T07:57:10.000Z",45.701607,5.88347,1.5,7,13.5,157.5,null
"2019-03-23T08:01:10.000Z",45.701607,5.88347,3.75,6.5,9.75,157.5,null
"2019-03-23T08:05:10.000Z",45.701607,5.88347,0.75,6.5,10.5,180,null
"2019-03-23T08:09:15.000Z",45.701607,5.88347,3.75,10,13.5,202.5,null
"2019-03-23T08:13:15.000Z",45.701607,5.88347,2.75,9.75,14,202.5,null
"2019-03-23T08:17:15.000Z",45.701607,5.88347,4.25,10.5,14.5,202.5,null
"2019-03-23T08:21:19.000Z",45.701607,5.88347,11,13.5,15,202.5,null
"2019-03-23T08:25:19.000Z",45.701607,5.88347,11.5,14,15.5,202.5,null
"2019-03-23T08:29:19.000Z",45.701607,5.88347,13,15,16,202.5,null
"2019-03-23T08:33:23.000Z",45.701607,5.88347,9.75,14,16,180,null
"2019-03-23T08:37:23.000Z",45.701607,5.88347,9.5,13.5,15.5,180,null
"2019-03-23T08:41:23.000Z",45.701607,5.88347,5.5,12,15,180,null
"2019-03-23T08:45:27.000Z",45.701607,5.88347,6.25,11.5,15,180,null
"2019-03-23T08:49:27.000Z",45.701607,5.88347,8.75,13,15.5,180,null
"2019-03-23T08:53:27.000Z",45.701607,5.88347,5.25,10.5,14.5,180,null
"2019-03-23T08:57:31.000Z",45.701607,5.88347,9.5,13.5,15.5,202.5,null
"2019-03-23T09:01:31.000Z",45.701607,5.88347,11,15,16.5,202.5,null
"2019-03-23T09:05:31.000Z",45.701607,5.88347,10,13.5,16,202.5,null
"2019-03-23T09:09:35.000Z",45.701607,5.88347,12,14,16,202.5,null
"2019-03-23T09:13:35.000Z",45.701607,5.88347,7,12,14.5,202.5,null
"2019-03-23T09:17:35.000Z",45.701607,5.88347,8.75,12,13.5,180,null
"2019-03-23T09:21:39.000Z",45.701607,5.88347,5.5,10.5,12,180,null
"2019-03-23T09:25:39.000Z",45.701607,5.88347,3.5,9.5,12,180,null
"2019-03-23T09:29:39.000Z",45.701607,5.88347,6,9,10.5,180,null
"2019-03-23T09:21:39.000Z",45.701607,5.88347,5.5,10.5,12,180,null
"2019-03-23T09:25:39.000Z",45.701607,5.88347,3.5,9.5,12,180,null
"2019-03-23T09:29:39.000Z",45.701607,5.88347,6,9,10.5,180,null
"2019-03-23T09:33:44.000Z",45.701607,5.88347,4.5,8.25,11,180,null
"2019-03-23T09:37:44.000Z",45.701607,5.88347,6,8.5,10,180,null
"2019-03-23T09:41:44.000Z",45.701607,5.88347,1.5,5.75,8.75,180,null
"2019-03-23T09:45:48.000Z",45.701607,5.88347,2.75,7,8.75,180,null
"2019-03-23T09:49:48.000Z",45.701607,5.88347,6.25,9.5,12,180,null
"2019-03-23T09:53:48.000Z",45.701607,5.88347,7,9,10,180,null
"2019-03-23T09:57:52.000Z",45.701607,5.88347,6,9.25,11,180,null
"2019-03-23T10:01:52.000Z",45.701607,5.88347,7.75,9.75,11.5,180,null
"2019-03-23T10:05:52.000Z",45.701607,5.88347,6.25,9.25,11,180,null
"2019-03-23T10:09:55.000Z",45.701607,5.88347,6.5,9.75,11.5,180,null
"2019-03-23T10:13:55.000Z",45.701607,5.88347,8.25,9.5,11,180,null
"2019-03-23T10:17:55.000Z",45.701607,5.88347,9.5,11,12,180,null
"2019-03-23T10:21:59.000Z",45.701607,5.88347,10.5,11.5,13,180,null
"2019-03-23T10:25:59.000Z",45.701607,5.88347,9,10.5,12,180,null
"2019-03-23T10:29:59.000Z",45.701607,5.88347,8.25,9.75,11,180,null
"2019-03-23T10:34:04.000Z",45.701607,5.88347,8,9.25,10,180,null
"2019-03-23T10:38:04.000Z",45.701607,5.88347,4.5,7.25,8.75,180,null
"2019-03-23T10:42:04.000Z",45.701607,5.88347,2.5,5.75,7,180,null
"2019-03-23T10:46:07.000Z",45.701607,5.88347,2.75,5.75,7,180,null
"2019-03-23T10:50:07.000Z",45.701607,5.88347,2.75,5,6.5,180,null
"2019-03-23T10:54:07.000Z",45.701607,5.88347,0,2.25,4.25,180,null
"2019-03-23T10:58:11.000Z",45.701607,5.88347,1.75,2.75,4.5,247.5,null
"2019-03-23T11:02:11.000Z",45.701607,5.88347,0.75,2.75,4.25,270,null
"2019-03-23T11:06:11.000Z",45.701607,5.88347,0,1.75,4.25,337.5,null
"2019-03-23T11:10:16.000Z",45.701607,5.88347,1.75,3.75,7.75,0,null
"2019-03-23T11:14:16.000Z",45.701607,5.88347,2.5,4.75,7.75,0,null
"2019-03-23T11:18:16.000Z",45.701607,5.88347,3.75,6,8.25,0,null
"2019-03-23T11:22:20.000Z",45.701607,5.88347,4.75,6,7.25,337.5,null
"2019-03-23T11:26:20.000Z",45.701607,5.88347,5.5,7.25,8.25,337.5,null
"2019-03-23T11:30:20.000Z",45.701607,5.88347,3.75,5.75,7,337.5,null
"2019-03-23T11:34:24.000Z",45.701607,5.88347,2,4,5.25,0,null
"2019-03-23T11:38:24.000Z",45.701607,5.88347,4.5,5.25,6.25,337.5,null
"2019-03-23T11:42:24.000Z",45.701607,5.88347,4.5,6.5,8,0,null
"2019-03-23T11:46:28.000Z",45.701607,5.88347,4.75,6.75,8,337.5,null
"2019-03-23T11:50:28.000Z",45.701607,5.88347,4.75,5.75,7,337.5,null
"2019-03-23T11:54:28.000Z",45.701607,5.88347,5.5,6.75,8,337.5,null
"2019-03-23T11:58:32.000Z",45.701607,5.88347,6,7.5,11.5,0,null
"2019-03-23T12:02:32.000Z",45.701607,5.88347,8.75,11,12,337.5,null
"2019-03-23T12:06:32.000Z",45.701607,5.88347,7,7.5,8.75,337.5,null
"2019-03-23T12:10:36.000Z",45.701607,5.88347,0.75,4.5,9,0,null
"2019-03-23T12:14:36.000Z",45.701607,5.88347,1.5,3.5,9,0,null
"2019-03-23T12:18:36.000Z",45.701607,5.88347,7,13,15.5,337.5,null
"2019-03-23T12:22:40.000Z",45.701607,5.88347,12.5,13,14,337.5,null
"2019-03-23T12:26:40.000Z",45.701607,5.88347,12,13.5,14.5,337.5,null
"2019-03-23T12:30:40.000Z",45.701607,5.88347,10.5,11.5,12.5,337.5,null
"2019-03-23T12:34:44.000Z",45.701607,5.88347,9.5,11,12.5,337.5,null
"2019-03-23T12:38:44.000Z",45.701607,5.88347,7,9.25,10.5,0,null
"2019-03-23T12:42:44.000Z",45.701607,5.88347,4.5,8,11.5,0,null
"2019-03-23T12:46:48.000Z",45.701607,5.88347,6.25,9.25,11,337.5,null
"2019-03-23T12:50:48.000Z",45.701607,5.88347,4.5,7.5,9.75,337.5,null
"2019-03-23T12:54:48.000Z",45.701607,5.88347,8.25,10,11.5,337.5,null
"2019-03-23T12:58:52.000Z",45.701607,5.88347,3.75,8.5,12,0,null
"2019-03-23T13:02:52.000Z",45.701607,5.88347,7.75,10.5,13.5,0,null
"2019-03-23T13:06:52.000Z",45.701607,5.88347,3.75,9,12,0,null
"2019-03-23T13:10:56.000Z",45.701607,5.88347,6.5,8.5,11,0,null
"2019-03-23T13:14:56.000Z",45.701607,5.88347,5.5,7.5,9.5,0,null
"2019-03-23T13:18:56.000Z",45.701607,5.88347,4.75,7,8.25,0,null
"2019-03-23T13:23:00.000Z",45.701607,5.88347,4.5,6.75,8,0,null
"2019-03-23T13:27:00.000Z",45.701607,5.88347,2.75,5.25,7.25,22.5,null
"2019-03-23T13:31:00.000Z",45.701607,5.88347,3.5,5.25,8.25,0,null
"2019-03-23T13:35:04.000Z",45.701607,5.88347,3.5,7,9.75,0,null
"2019-03-23T13:39:04.000Z",45.701607,5.88347,4.25,6.75,9.75,337.5,null
"2019-03-23T13:43:04.000Z",45.701607,5.88347,4.75,8.5,13,0,null
"2019-03-23T13:47:08.000Z",45.701607,5.88347,11.5,13,14.5,337.5,null
"2019-03-23T13:51:08.000Z",45.701607,5.88347,8.75,12.5,14.5,337.5,null
"2019-03-23T13:55:08.000Z",45.701607,5.88347,10,10.5,11.5,337.5,null
"2019-03-23T14:00:03.000Z",45.701607,5.88347,9.75,12,14,337.5,null
"2019-03-23T14:04:03.000Z",45.701607,5.88347,8.25,14.5,19,337.5,null
"2019-03-23T14:08:03.000Z",45.701607,5.88347,8.75,13,17.5,337.5,null
"2019-03-23T14:12:07.000Z",45.701607,5.88347,13,15,18,315,null
"2019-03-23T14:16:07.000Z",45.701607,5.88347,10.5,13.5,16,337.5,null
"2019-03-23T14:20:07.000Z",45.701607,5.88347,11,15.5,20,337.5,null
"2019-03-23T14:24:10.000Z",45.701607,5.88347,12,14,17,337.5,null
"2019-03-23T14:28:10.000Z",45.701607,5.88347,8.75,11,14,337.5,null
"2019-03-23T14:32:10.000Z",45.701607,5.88347,7.25,8.25,9,337.5,null
"2019-03-23T14:36:14.000Z",45.701607,5.88347,6.25,8,10.5,315,null
"2019-03-23T14:40:14.000Z",45.701607,5.88347,7.75,10,13.5,315,null
"2019-03-23T14:44:14.000Z",45.701607,5.88347,10,13,16,337.5,null
"2019-03-23T14:48:19.000Z",45.701607,5.88347,9.75,13.5,19,337.5,null
"2019-03-23T14:52:19.000Z",45.701607,5.88347,8,11.5,17,337.5,null
"2019-03-23T14:56:19.000Z",45.701607,5.88347,8.75,10.5,12,315,null
"2019-03-23T15:00:22.000Z",45.701607,5.88347,5.5,9.75,13.5,337.5,null
"2019-03-23T15:04:22.000Z",45.701607,5.88347,3.25,8.25,12,315,null
"2019-03-23T15:08:22.000Z",45.701607,5.88347,3.5,8.5,11,315,null
"2019-03-23T15:12:27.000Z",45.701607,5.88347,5.5,7.5,10,292.5,null
"2019-03-23T15:16:27.000Z",45.701607,5.88347,5.5,7.5,9,292.5,null
"2019-03-23T15:20:27.000Z",45.701607,5.88347,6.5,9.75,12,292.5,null
"2019-03-23T15:24:31.000Z",45.701607,5.88347,8,10,12,292.5,null
"2019-03-23T15:28:31.000Z",45.701607,5.88347,8,11,16,292.5,null
"2019-03-23T15:32:31.000Z",45.701607,5.88347,8,11,13.5,292.5,null
"2019-03-23T15:36:35.000Z",45.701607,5.88347,2,8.5,13,292.5,null
"2019-03-23T15:40:35.000Z",45.701607,5.88347,10.5,14.5,18,292.5,null
"2019-03-23T15:44:35.000Z",45.701607,5.88347,6,14.5,20.5,270,null
"2019-03-23T15:48:39.000Z",45.701607,5.88347,12,15,19,270,null
"2019-03-23T15:52:39.000Z",45.701607,5.88347,9,12.5,16.5,270,null
"2019-03-23T15:56:39.000Z",45.701607,5.88347,4.5,8.5,12,270,null
"2019-03-23T16:00:43.000Z",45.701607,5.88347,1.75,3.25,5.25,0,null
"2019-03-23T16:04:43.000Z",45.701607,5.88347,1,3,4.75,0,null
"2019-03-23T16:08:43.000Z",45.701607,5.88347,2,4.5,8,337.5,null
"2019-03-23T16:12:46.000Z",45.701607,5.88347,0,0.75,2.75,315,null
"2019-03-23T16:16:46.000Z",45.701607,5.88347,0,0.5,2.5,315,null
"2019-03-23T16:20:46.000Z",45.701607,5.88347,0,1.75,4.75,315,null
"2019-03-23T16:24:51.000Z",45.701607,5.88347,0.75,2.75,4.75,315,null
"2019-03-23T16:28:51.000Z",45.701607,5.88347,0,3,6.25,315,null
"2019-03-23T16:32:51.000Z",45.701607,5.88347,0,1.5,4.75,247.5,null
"2019-03-23T16:36:55.000Z",45.701607,5.88347,0,2.25,5.5,90,null
"2019-03-23T16:40:55.000Z",45.701607,5.88347,0,0,0.75,202.5,null
"2019-03-23T16:44:55.000Z",45.701607,5.88347,0,0.25,1,180,null
"2019-03-23T16:48:58.000Z",45.701607,5.88347,0,0.5,2,180,null
"2019-03-23T16:52:58.000Z",45.701607,5.88347,1.75,3.75,7,247.5,null
"2019-03-23T16:56:58.000Z",45.701607,5.88347,2.5,4,6,315,null
"2019-03-23T17:01:03.000Z",45.701607,5.88347,0,1.75,6,337.5,null
"2019-03-23T17:05:03.000Z",45.701607,5.88347,0,0.75,1.75,45,null
"2019-03-23T17:09:03.000Z",45.701607,5.88347,0,1.75,3.25,315,null
"2019-03-23T17:13:07.000Z",45.701607,5.88347,1,3,5.25,315,null
"2019-03-23T17:17:07.000Z",45.701607,5.88347,1.5,2.75,3.75,0,null
"2019-03-23T17:21:07.000Z",45.701607,5.88347,1.5,3.5,6,22.5,null
"2019-03-23T17:25:11.000Z",45.701607,5.88347,0,1.5,3.75,45,null
"2019-03-23T17:29:11.000Z",45.701607,5.88347,0.75,3,5.5,22.5,null
"2019-03-23T17:33:11.000Z",45.701607,5.88347,3.75,4.75,6.25,22.5,null
"2019-03-23T17:37:15.000Z",45.701607,5.88347,2.5,3.25,4.25,0,null
"2019-03-23T17:41:15.000Z",45.701607,5.88347,2,2.75,3.75,0,null
"2019-03-23T17:45:15.000Z",45.701607,5.88347,1,2.75,4.5,337.5,null
"2019-03-23T17:49:19.000Z",45.701607,5.88347,3.25,4.5,6,315,null
"2019-03-23T17:53:19.000Z",45.701607,5.88347,1.5,4,6.5,315,null
"2019-03-23T17:57:19.000Z",45.701607,5.88347,1.75,3.5,5.5,337.5,null
"2019-03-23T18:01:23.000Z",45.701607,5.88347,0.25,2.25,3.75,0,null
"2019-03-23T18:05:23.000Z",45.701607,5.88347,0.25,1.75,3.5,337.5,null
"2019-03-23T18:09:23.000Z",45.701607,5.88347,0,1.5,3.25,45,null
"2019-03-23T18:13:28.000Z",45.701607,5.88347,0,1.5,3.75,0,null
"2019-03-23T18:17:28.000Z",45.701607,5.88347,0.75,2.75,4.5,22.5,null
"2019-03-23T18:21:28.000Z",45.701607,5.88347,0,1.75,4.75,0,null
"2019-03-23T18:25:32.000Z",45.701607,5.88347,0,1.25,3.5,67.5,null
"2019-03-23T18:29:32.000Z",45.701607,5.88347,0,1.75,5.25,67.5,null
"2019-03-23T18:33:32.000Z",45.701607,5.88347,1,2,2.75,90,null
"2019-03-23T18:37:36.000Z",45.701607,5.88347,0,1.25,2.5,90,null
"2019-03-23T18:41:36.000Z",45.701607,5.88347,0,0,0,90,null
"2019-03-23T18:45:36.000Z",45.701607,5.88347,0,0,0,90,null
"2019-03-23T18:49:39.000Z",45.701607,5.88347,0,0,0.75,22.5,null
"2019-03-23T18:53:39.000Z",45.701607,5.88347,0.75,1.75,3.25,22.5,null
"2019-03-23T18:57:39.000Z",45.701607,5.88347,0,0.5,1.5,45,null
"2019-03-23T19:01:43.000Z",45.701607,5.88347,0,0.5,1.75,90,null
"2019-03-23T19:05:43.000Z",45.701607,5.88347,0,0,0.25,90,null
"2019-03-23T19:09:43.000Z",45.701607,5.88347,0.25,1.5,2.75,90,null
"2019-03-23T19:13:47.000Z",45.701607,5.88347,0,1,3.25,45,null
"2019-03-23T19:17:47.000Z",45.701607,5.88347,0,1,2,45,null
"2019-03-23T19:21:47.000Z",45.701607,5.88347,0,0,0.75,112.5,null
"2019-03-23T19:25:51.000Z",45.701607,5.88347,0,0.5,3.5,0,null
"2019-03-23T19:29:51.000Z",45.701607,5.88347,0,1.5,3.5,90,null
"2019-03-23T19:33:51.000Z",45.701607,5.88347,0.25,2.5,4.5,67.5,null
"2019-03-23T19:37:55.000Z",45.701607,5.88347,1.75,3,4.25,67.5,null
"2019-03-23T19:41:55.000Z",45.701607,5.88347,0,2.25,3.5,90,null
"2019-03-23T19:45:55.000Z",45.701607,5.88347,1.5,3,5.25,90,null
"2019-03-23T19:50:00.000Z",45.701607,5.88347,3.25,4.75,6.5,67.5,null
"2019-03-23T19:54:00.000Z",45.701607,5.88347,2.5,3.75,5.25,67.5,null
"2019-03-23T19:58:00.000Z",45.701607,5.88347,0.75,2,4.25,90,null
"2019-03-23T20:02:03.000Z",45.701607,5.88347,1,2.25,3.5,112.5,null
"2019-03-23T20:06:03.000Z",45.701607,5.88347,0,0.75,2,90,null
"2019-03-23T20:10:03.000Z",45.701607,5.88347,1,2.5,4.5,90,null
"2019-03-23T20:14:07.000Z",45.701607,5.88347,1.75,4,6.25,67.5,null
"2019-03-23T20:18:07.000Z",45.701607,5.88347,2,3.25,4.5,67.5,null
"2019-03-23T20:22:07.000Z",45.701607,5.88347,1.5,3,4.25,90,null
"2019-03-23T20:26:12.000Z",45.701607,5.88347,0.25,2.25,3.5,90,null
"2019-03-23T20:30:12.000Z",45.701607,5.88347,0,1.5,3.5,202.5,null
"2019-03-23T20:34:12.000Z",45.701607,5.88347,0,0.5,2,112.5,null
"2019-03-23T20:38:16.000Z",45.701607,5.88347,0,0.5,1.75,45,null
"2019-03-23T20:42:16.000Z",45.701607,5.88347,0,0.25,1.5,22.5,null
"2019-03-23T20:46:16.000Z",45.701607,5.88347,0,0,0.25,135,null
"2019-03-23T20:50:19.000Z",45.701607,5.88347,0,0,0,112.5,null
"2019-03-23T20:54:19.000Z",45.701607,5.88347,0,0.5,1.5,90,null
"2019-03-23T20:58:19.000Z",45.701607,5.88347,0,0.5,2,112.5,null
"2019-03-23T21:02:24.000Z",45.701607,5.88347,0,0,0,135,null
"2019-03-23T21:06:24.000Z",45.701607,5.88347,0,0,0,157.5,null
"2019-03-23T21:10:24.000Z",45.701607,5.88347,0,0.25,1.75,135,null
"2019-03-23T21:14:28.000Z",45.701607,5.88347,0.5,2,3.5,135,null
"2019-03-23T21:18:28.000Z",45.701607,5.88347,0,1,2.5,112.5,null
"2019-03-23T21:22:28.000Z",45.701607,5.88347,1,2.75,4.5,90,null
"2019-03-23T21:26:32.000Z",45.701607,5.88347,1.75,5,8.25,67.5,null
"2019-03-23T21:30:32.000Z",45.701607,5.88347,0.75,4.25,6.5,67.5,null
"2019-03-23T21:34:32.000Z",45.701607,5.88347,0,1,2.75,22.5,null
"2019-03-23T21:38:36.000Z",45.701607,5.88347,0,0.5,2,90,null
"2019-03-23T21:42:36.000Z",45.701607,5.88347,0,0.5,2,67.5,null
"2019-03-23T21:46:36.000Z",45.701607,5.88347,0,0,0,180,null
"2019-03-23T21:50:40.000Z",45.701607,5.88347,0,0,0.75,202.5,null
"2019-03-23T21:54:40.000Z",45.701607,5.88347,0.75,2.25,3.25,202.5,null
"2019-03-23T21:58:40.000Z",45.701607,5.88347,1.75,2.75,3.5,157.5,null
"2019-03-23T22:02:44.000Z",45.701607,5.88347,0.25,2.25,4.75,135,null
"2019-03-23T22:06:44.000Z",45.701607,5.88347,0,0.75,3.25,112.5,null
"2019-03-23T22:10:44.000Z",45.701607,5.88347,1.5,3.75,5.25,157.5,null
"2019-03-23T22:14:48.000Z",45.701607,5.88347,3.75,5.75,7.75,157.5,null
"2019-03-23T22:18:48.000Z",45.701607,5.88347,3.25,5.25,8.75,157.5,null
"2019-03-23T22:22:48.000Z",45.701607,5.88347,4.75,6.5,8.75,157.5,null
"2019-03-23T22:26:52.000Z",45.701607,5.88347,2.5,5,8,157.5,null
"2019-03-23T22:30:52.000Z",45.701607,5.88347,0.75,4.75,8,157.5,null
"2019-03-23T22:34:52.000Z",45.701607,5.88347,1.5,2.5,3.75,135,null
"2019-03-23T22:38:57.000Z",45.701607,5.88347,1.75,3.25,4.5,135,null
"2019-03-23T22:42:57.000Z",45.701607,5.88347,2,3.75,6,135,null
"2019-03-23T22:46:57.000Z",45.701607,5.88347,1.75,4.5,6.25,135,null
"2019-03-23T22:51:00.000Z",45.701607,5.88347,1.5,3.5,5.5,112.5,null
"2019-03-23T22:55:00.000Z",45.701607,5.88347,2,4.5,9.5,112.5,null
"2019-03-23T22:59:00.000Z",45.701607,5.88347,2.5,3,4.25,112.5,null
"2019-03-23T23:03:05.000Z",45.701607,5.88347,2,3.5,6.25,112.5,null
"2019-03-23T23:07:05.000Z",45.701607,5.88347,0,1.5,2.75,112.5,null
"2019-03-23T23:11:05.000Z",45.701607,5.88347,0,1,4.25,180,null
"2019-03-23T23:15:08.000Z",45.701607,5.88347,1.75,2.75,3.5,135,null
"2019-03-23T23:19:08.000Z",45.701607,5.88347,1.75,2.5,3.5,157.5,null
"2019-03-23T23:23:08.000Z",45.701607,5.88347,1.5,3.5,6,157.5,null
"2019-03-23T23:27:12.000Z",45.701607,5.88347,2.5,5,7.25,157.5,null
"2019-03-23T23:31:12.000Z",45.701607,5.88347,1.75,4.25,7.75,157.5,null
"2019-03-23T23:35:12.000Z",45.701607,5.88347,1.5,3.5,6.5,135,null
"2019-03-23T23:39:17.000Z",45.701607,5.88347,1,3.25,4.75,135,null
"2019-03-23T23:43:17.000Z",45.701607,5.88347,1.5,2.75,4.5,157.5,null
"2019-03-23T23:47:17.000Z",45.701607,5.88347,1,2.5,4.5,157.5,null
"2019-03-23T23:51:20.000Z",45.701607,5.88347,0.75,1.75,3.5,112.5,null
"2019-03-23T23:55:20.000Z",45.701607,5.88347,1,2,3.5,112.5,null
"2019-03-23T23:59:20.000Z",45.701607,5.88347,0.25,1.25,2.5,112.5,null
"2019-03-24T00:03:25.000Z",45.701607,5.88347,1.75,3.5,4.75,157.5,null
"2019-03-24T00:07:25.000Z",45.701607,5.88347,3.25,4.25,6.5,157.5,null
"2019-03-24T00:11:25.000Z",45.701607,5.88347,1.75,4.5,8.25,157.5,null
"2019-03-24T00:15:28.000Z",45.701607,5.88347,1.5,3.25,6,135,null
"2019-03-24T00:19:28.000Z",45.701607,5.88347,1,3.75,9.5,112.5,null
"2019-03-24T00:23:28.000Z",45.701607,5.88347,3.25,6,9.75,112.5,null
"2019-03-24T00:27:32.000Z",45.701607,5.88347,3.25,6,9.75,90,null
"2019-03-24T00:31:32.000Z",45.701607,5.88347,1.5,5.75,11,112.5,null
"2019-03-24T00:35:32.000Z",45.701607,5.88347,2.5,5.5,12,112.5,null
"2019-03-24T00:39:37.000Z",45.701607,5.88347,2.75,5.5,8.75,112.5,null
"2019-03-24T00:43:37.000Z",45.701607,5.88347,1.75,5.25,11,112.5,null
"2019-03-24T00:47:37.000Z",45.701607,5.88347,0,3.25,9.5,90,null
"2019-03-24T00:51:41.000Z",45.701607,5.88347,0,2.5,9.75,90,null
"2019-03-24T00:55:41.000Z",45.701607,5.88347,0,0.5,3.75,90,null
"2019-03-24T00:59:41.000Z",45.701607,5.88347,0,1.25,4.5,112.5,null
"2019-03-24T01:03:45.000Z",45.701607,5.88347,0,1,4.25,112.5,null
"2019-03-24T01:07:45.000Z",45.701607,5.88347,0,0.75,3.25,112.5,null
"2019-03-24T01:11:45.000Z",45.701607,5.88347,1.5,5.25,10,157.5,null
"2019-03-24T01:15:49.000Z",45.701607,5.88347,3.5,6.75,9.75,157.5,null
"2019-03-24T01:19:49.000Z",45.701607,5.88347,1.75,5.25,9.5,135,null
"2019-03-24T01:23:49.000Z",45.701607,5.88347,3.5,7.25,11,112.5,null
"2019-03-24T01:27:53.000Z",45.701607,5.88347,2.5,6,10,112.5,null
"2019-03-24T01:31:53.000Z",45.701607,5.88347,0.75,4.75,11,112.5,null
"2019-03-24T01:35:53.000Z",45.701607,5.88347,0,1.75,5.25,135,null
"2019-03-24T01:39:57.000Z",45.701607,5.88347,0,1.75,4.5,135,null
"2019-03-24T01:43:57.000Z",45.701607,5.88347,0,1,2.75,135,null
"2019-03-24T01:47:57.000Z",45.701607,5.88347,0,1.5,4.5,135,null
"2019-03-24T01:52:01.000Z",45.701607,5.88347,0,2,5.25,135,null
"2019-03-24T01:56:01.000Z",45.701607,5.88347,0,2,4.75,157.5,null
"2019-03-24T02:00:01.000Z",45.701607,5.88347,1.75,3.75,6.25,135,null
"2019-03-24T02:04:05.000Z",45.701607,5.88347,2.75,4,6.5,157.5,null
"2019-03-24T02:08:05.000Z",45.701607,5.88347,1,3.5,7,112.5,null
"2019-03-24T02:12:05.000Z",45.701607,5.88347,1,3,5.5,112.5,null
"2019-03-24T02:16:09.000Z",45.701607,5.88347,2,4,6.5,135,null
"2019-03-24T02:20:09.000Z",45.701607,5.88347,0.75,4,7,112.5,null
"2019-03-24T02:24:09.000Z",45.701607,5.88347,1.5,3,6,112.5,null
"2019-03-24T02:28:13.000Z",45.701607,5.88347,1.75,3.5,5.25,90,null
"2019-03-24T02:32:13.000Z",45.701607,5.88347,0,0.75,2.5,112.5,null
"2019-03-24T02:36:13.000Z",45.701607,5.88347,0.75,2.25,4.25,90,null
"2019-03-24T02:40:18.000Z",45.701607,5.88347,0,1.75,3.75,90,null
"2019-03-24T02:44:18.000Z",45.701607,5.88347,0,0,0.25,45,null
"2019-03-24T02:48:18.000Z",45.701607,5.88347,0,0.25,2,45,null
"2019-03-24T02:52:22.000Z",45.701607,5.88347,0.75,2.25,4.25,67.5,null
"2019-03-24T02:56:22.000Z",45.701607,5.88347,1,2.5,4.25,67.5,null
"2019-03-24T03:00:22.000Z",45.701607,5.88347,0.25,1.25,2,90,null
"2019-03-24T03:04:26.000Z",45.701607,5.88347,0,1.5,3.25,112.5,null
"2019-03-24T03:08:26.000Z",45.701607,5.88347,1,2.75,4.5,90,null
"2019-03-24T03:12:26.000Z",45.701607,5.88347,1.5,3,4.25,90,null
"2019-03-24T03:16:30.000Z",45.701607,5.88347,1.5,2.5,3.75,90,null
"2019-03-24T03:20:30.000Z",45.701607,5.88347,1.5,2.75,4.25,90,null
"2019-03-24T03:24:30.000Z",45.701607,5.88347,1.75,2.75,3.75,67.5,null
"2019-03-24T03:28:33.000Z",45.701607,5.88347,2.75,4,5.5,67.5,null
"2019-03-24T03:32:33.000Z",45.701607,5.88347,0.75,2.25,4.5,90,null
"2019-03-24T03:36:33.000Z",45.701607,5.88347,0.25,1.5,3.25,90,null
"2019-03-24T03:40:38.000Z",45.701607,5.88347,0.75,2.25,3.75,90,null
"2019-03-24T03:44:38.000Z",45.701607,5.88347,0,0.75,1.75,112.5,null
"2019-03-24T03:48:38.000Z",45.701607,5.88347,0,2,3.5,90,null
"2019-03-24T03:52:42.000Z",45.701607,5.88347,2,2.75,3.75,67.5,null
"2019-03-24T03:56:42.000Z",45.701607,5.88347,1.5,2.75,3.5,90,null
"2019-03-24T04:00:42.000Z",45.701607,5.88347,1,2,2.75,112.5,null
"2019-03-24T04:04:45.000Z",45.701607,5.88347,1.75,3,4.25,90,null
"2019-03-24T04:08:45.000Z",45.701607,5.88347,2.5,3.25,4.25,90,null
"2019-03-24T04:12:45.000Z",45.701607,5.88347,1,2.25,3.75,90,null
"2019-03-24T04:16:50.000Z",45.701607,5.88347,0.75,1.75,2.75,90,null
"2019-03-24T04:20:50.000Z",45.701607,5.88347,0.75,2,3.25,67.5,null
"2019-03-24T04:24:50.000Z",45.701607,5.88347,1.5,2.5,3.25,90,null
"2019-03-24T04:28:54.000Z",45.701607,5.88347,2,3.25,4.5,90,null
"2019-03-24T04:32:54.000Z",45.701607,5.88347,1,2.25,3.25,90,null
"2019-03-24T04:36:54.000Z",45.701607,5.88347,1.75,3.5,5.25,90,null
"2019-03-24T04:40:58.000Z",45.701607,5.88347,2.75,4.25,5,67.5,null
"2019-03-24T04:44:58.000Z",45.701607,5.88347,2.5,3.75,5.25,67.5,null
"2019-03-24T04:48:58.000Z",45.701607,5.88347,1.75,3,4.5,67.5,null
"2019-03-24T04:40:58.000Z",45.701607,5.88347,2.75,4.25,5,67.5,null
"2019-03-24T04:44:58.000Z",45.701607,5.88347,2.5,3.75,5.25,67.5,null
"2019-03-24T04:48:58.000Z",45.701607,5.88347,1.75,3,4.5,67.5,null
"2019-03-24T04:53:02.000Z",45.701607,5.88347,1.75,2.75,3.5,90,null
"2019-03-24T04:57:02.000Z",45.701607,5.88347,2.5,3.25,3.75,90,null
"2019-03-24T05:01:02.000Z",45.701607,5.88347,2.75,4.25,5.25,90,null
"2019-03-24T05:05:06.000Z",45.701607,5.88347,2.5,4,5.5,90,null
"2019-03-24T05:09:06.000Z",45.701607,5.88347,2.5,3.5,4.5,90,null
"2019-03-24T05:13:06.000Z",45.701607,5.88347,2.5,3.5,4.5,90,null
"2019-03-24T05:17:10.000Z",45.701607,5.88347,2,3,3.75,90,null
"2019-03-24T05:21:10.000Z",45.701607,5.88347,1.75,2.5,3.5,112.5,null
"2019-03-24T05:25:10.000Z",45.701607,5.88347,1.75,2.75,3.5,90,null
"2019-03-24T05:29:14.000Z",45.701607,5.88347,1,2.25,3.75,112.5,null
"2019-03-24T05:33:14.000Z",45.701607,5.88347,1.5,2.25,4.25,112.5,null
"2019-03-24T05:37:14.000Z",45.701607,5.88347,2,3.5,6,90,null
"2019-03-24T05:41:19.000Z",45.701607,5.88347,2,4,5.5,90,null
"2019-03-24T05:45:19.000Z",45.701607,5.88347,2,3.5,6.25,90,null
"2019-03-24T05:49:19.000Z",45.701607,5.88347,1.75,3,4.75,90,null
"2019-03-24T05:53:22.000Z",45.701607,5.88347,1.75,2.75,4.25,112.5,null
"2019-03-24T05:57:22.000Z",45.701607,5.88347,1.75,3,4.25,112.5,null
"2019-03-24T06:01:22.000Z",45.701607,5.88347,1.75,3,4.5,112.5,null
"2019-03-24T06:05:26.000Z",45.701607,5.88347,1.5,2.75,3.75,112.5,null
"2019-03-24T06:09:26.000Z",45.701607,5.88347,0.25,1.5,2.75,112.5,null
"2019-03-24T06:13:26.000Z",45.701607,5.88347,0,1,2,90,null
"2019-03-24T06:17:30.000Z",45.701607,5.88347,0,1,2.5,112.5,null
"2019-03-24T06:21:30.000Z",45.701607,5.88347,0,0.75,1.75,112.5,null
"2019-03-24T06:25:30.000Z",45.701607,5.88347,0,0.75,1.75,112.5,null
"2019-03-24T06:29:34.000Z",45.701607,5.88347,0.25,1.75,2.75,90,null
"2019-03-24T06:33:34.000Z",45.701607,5.88347,0.75,1.5,2.5,90,null
"2019-03-24T06:37:34.000Z",45.701607,5.88347,0,1,1.75,90,null
"2019-03-24T06:41:38.000Z",45.701607,5.88347,0,0.25,1,112.5,null
"2019-03-24T06:45:38.000Z",45.701607,5.88347,0,0,1,135,null
"2019-03-24T06:49:38.000Z",45.701607,5.88347,0,0,0,135,null
"2019-03-24T06:53:43.000Z",45.701607,5.88347,0,0,0,157.5,null
"2019-03-24T06:57:43.000Z",45.701607,5.88347,0,0,0,157.5,null
"2019-03-24T07:01:43.000Z",45.701607,5.88347,0,0.25,1.5,157.5,null
"2019-03-24T07:05:47.000Z",45.701607,5.88347,0,0.25,1.5,180,null
"2019-03-24T07:09:47.000Z",45.701607,5.88347,0,2,4.25,180,null
"2019-03-24T07:13:47.000Z",45.701607,5.88347,1.5,3.25,4.75,157.5,null
"2019-03-24T07:17:51.000Z",45.701607,5.88347,1,3,4.75,157.5,null
"2019-03-24T07:21:51.000Z",45.701607,5.88347,1,3,4.5,180,null
"2019-03-24T07:25:51.000Z",45.701607,5.88347,1.5,3.5,6.25,180,null
"2019-03-24T07:29:54.000Z",45.701607,5.88347,2.5,7.5,12,180,null
"2019-03-24T07:33:54.000Z",45.701607,5.88347,2,7,9,202.5,null
"2019-03-24T07:37:54.000Z",45.701607,5.88347,4.75,7,9,202.5,null
"2019-03-24T07:41:59.000Z",45.701607,5.88347,5,6.5,7.75,202.5,null
"2019-03-24T07:45:59.000Z",45.701607,5.88347,5.25,6.5,8.25,202.5,null
"2019-03-24T07:49:59.000Z",45.701607,5.88347,5.25,6.5,8,202.5,null
"2019-03-24T07:54:03.000Z",45.701607,5.88347,4.25,5.5,7,202.5,null
"2019-03-24T07:58:03.000Z",45.701607,5.88347,3.25,5,6.25,202.5,null
"2019-03-24T08:02:03.000Z",45.701607,5.88347,2.75,4.75,6.25,225,null
"2019-03-24T08:06:07.000Z",45.701607,5.88347,3.75,5.25,6.25,225,null
"2019-03-24T08:10:07.000Z",45.701607,5.88347,0.75,3,4.75,247.5,null
"2019-03-24T08:14:07.000Z",45.701607,5.88347,1.5,2,2.75,225,null
"2019-03-24T08:18:11.000Z",45.701607,5.88347,0,1.5,2.5,225,null
"2019-03-24T08:22:11.000Z",45.701607,5.88347,0,0.25,1.75,202.5,null
"2019-03-24T08:26:11.000Z",45.701607,5.88347,0,0.25,0.75,247.5,null
"2019-03-24T08:30:15.000Z",45.701607,5.88347,0,0.25,1.75,292.5,null
"2019-03-24T08:34:15.000Z",45.701607,5.88347,0.25,1.25,2,315,null
"2019-03-24T08:38:15.000Z",45.701607,5.88347,0,0.25,1,315,null
"2019-03-24T08:42:19.000Z",45.701607,5.88347,0.25,2.75,4.75,337.5,null
"2019-03-24T08:46:19.000Z",45.701607,5.88347,2.75,3.75,4.75,337.5,null
"2019-03-24T08:50:19.000Z",45.701607,5.88347,3.25,4.25,5.25,337.5,null
"2019-03-24T08:54:23.000Z",45.701607,5.88347,1.75,3.5,4.5,337.5,null
"2019-03-24T08:58:23.000Z",45.701607,5.88347,2,3.25,4.25,337.5,null
"2019-03-24T09:02:23.000Z",45.701607,5.88347,2.75,3.75,4.5,315,null
"2019-03-24T09:06:27.000Z",45.701607,5.88347,2,3.25,4.25,315,null
"2019-03-24T09:10:27.000Z",45.701607,5.88347,2,2.75,3.5,315,null
"2019-03-24T09:14:27.000Z",45.701607,5.88347,1.5,2.5,3.25,337.5,null
"2019-03-24T09:18:31.000Z",45.701607,5.88347,1.5,2.5,3.75,315,null
"2019-03-24T09:22:31.000Z",45.701607,5.88347,2,3,4.25,315,null
"2019-03-24T09:26:31.000Z",45.701607,5.88347,1.5,3,4.25,315,null
"2019-03-24T09:30:36.000Z",45.701607,5.88347,1,2.75,3.75,337.5,null
"2019-03-24T09:34:36.000Z",45.701607,5.88347,2.5,4,6,337.5,null
"2019-03-24T09:38:36.000Z",45.701607,5.88347,3.25,4.75,7,337.5,null
"2019-03-24T09:42:40.000Z",45.701607,5.88347,4.5,6.25,7.25,337.5,null
"2019-03-24T09:46:40.000Z",45.701607,5.88347,5.25,7,8.25,337.5,null
"2019-03-24T09:50:40.000Z",45.701607,5.88347,6.5,7.75,8.75,337.5,null
"2019-03-24T09:54:43.000Z",45.701607,5.88347,6,7.5,8.75,0,null
"2019-03-24T09:58:43.000Z",45.701607,5.88347,7,8.5,11,337.5,null
"2019-03-24T10:02:43.000Z",45.701607,5.88347,8,9.75,11.5,337.5,null
"2019-03-24T10:06:48.000Z",45.701607,5.88347,8.25,10,11,337.5,null
"2019-03-24T10:10:48.000Z",45.701607,5.88347,8,9.75,11,337.5,null
"2019-03-24T10:14:48.000Z",45.701607,5.88347,7.25,9.5,10.5,337.5,null
"2019-03-24T10:18:52.000Z",45.701607,5.88347,9.5,10.5,11.5,337.5,null
"2019-03-24T10:22:52.000Z",45.701607,5.88347,8,10,11,337.5,null
"2019-03-24T10:26:52.000Z",45.701607,5.88347,8,10,11,337.5,null
"2019-03-24T10:30:55.000Z",45.701607,5.88347,8.25,10,11.5,337.5,null
"2019-03-24T10:34:55.000Z",45.701607,5.88347,7.25,9.25,11,337.5,null
"2019-03-24T10:38:55.000Z",45.701607,5.88347,6.25,8.25,9.75,337.5,null
"2019-03-24T10:42:59.000Z",45.701607,5.88347,4.5,6.5,8,337.5,null
"2019-03-24T10:46:59.000Z",45.701607,5.88347,3.75,6,7,315,null
"2019-03-24T10:50:59.000Z",45.701607,5.88347,2.5,5.75,8,315,null
"2019-03-24T10:55:03.000Z",45.701607,5.88347,4.5,7.5,8.75,315,null
"2019-03-24T10:59:03.000Z",45.701607,5.88347,4.5,7,8.75,315,null
"2019-03-24T11:03:03.000Z",45.701607,5.88347,6,8,9.5,315,null
"2019-03-24T11:07:08.000Z",45.701607,5.88347,7.75,8.25,8.75,315,null
"2019-03-24T11:11:08.000Z",45.701607,5.88347,4.5,7,8.75,315,null
"2019-03-24T11:15:08.000Z",45.701607,5.88347,2.5,4.5,6.25,0,null
"2019-03-24T11:19:12.000Z",45.701607,5.88347,3.25,5,7,0,null
"2019-03-24T11:23:12.000Z",45.701607,5.88347,4.25,5.25,6.5,0,null
"2019-03-24T11:27:12.000Z",45.701607,5.88347,2.75,4.25,5.5,0,null
"2019-03-24T11:31:15.000Z",45.701607,5.88347,2.5,3.75,5.5,0,null
"2019-03-24T11:35:15.000Z",45.701607,5.88347,2.75,4.25,5.5,0,null
"2019-03-24T11:39:15.000Z",45.701607,5.88347,3.75,4.5,6,0,null
"2019-03-24T11:43:20.000Z",45.701607,5.88347,3.5,5,7,337.5,null
"2019-03-24T11:47:20.000Z",45.701607,5.88347,3.75,6,8,337.5,null
"2019-03-24T11:51:20.000Z",45.701607,5.88347,4.5,6.75,9,337.5,null
"2019-03-24T11:55:24.000Z",45.701607,5.88347,4.5,7,9.5,337.5,null
"2019-03-24T11:59:24.000Z",45.701607,5.88347,4.75,6.75,8.25,337.5,null
"2019-03-24T12:03:24.000Z",45.701607,5.88347,2.75,5.75,7.75,337.5,null
"2019-03-24T12:07:28.000Z",45.701607,5.88347,0.75,4,8.25,0,null
"2019-03-24T12:11:28.000Z",45.701607,5.88347,4.5,6.75,9,337.5,null
"2019-03-24T12:15:28.000Z",45.701607,5.88347,3.25,6,9,315,null
"2019-03-24T12:19:32.000Z",45.701607,5.88347,4.75,6,7.75,315,null
"2019-03-24T12:23:32.000Z",45.701607,5.88347,4.75,7,8.25,315,null
"2019-03-24T12:27:32.000Z",45.701607,5.88347,6.25,7,7.75,337.5,null
"2019-03-24T12:31:36.000Z",45.701607,5.88347,6.5,9,11,337.5,null
"2019-03-24T12:35:36.000Z",45.701607,5.88347,8.25,9,10,337.5,null
"2019-03-24T12:39:36.000Z",45.701607,5.88347,8.25,9,9.75,337.5,null
"2019-03-24T12:43:40.000Z",45.701607,5.88347,7.75,10.5,12.5,315,null
"2019-03-24T12:47:40.000Z",45.701607,5.88347,8,9.25,10.5,337.5,null
"2019-03-24T12:51:40.000Z",45.701607,5.88347,7.75,8.75,11,337.5,null
"2019-03-24T12:55:44.000Z",45.701607,5.88347,6,7.25,9.75,337.5,null
"2019-03-24T12:59:44.000Z",45.701607,5.88347,5.5,7,8.75,337.5,null
"2019-03-24T13:03:44.000Z",45.701607,5.88347,2,4.25,7,0,null
"2019-03-24T13:07:48.000Z",45.701607,5.88347,2.5,5.25,7.25,0,null
"2019-03-24T13:11:48.000Z",45.701607,5.88347,1.5,4.75,8.25,337.5,null
"2019-03-24T13:15:48.000Z",45.701607,5.88347,2,4,5.5,315,null
"2019-03-24T13:19:52.000Z",45.701607,5.88347,1.5,2.75,5.25,315,null
"2019-03-24T13:23:52.000Z",45.701607,5.88347,2.5,4,6,315,null
"2019-03-24T13:27:52.000Z",45.701607,5.88347,0.75,3.75,7.25,292.5,null
"2019-03-24T13:31:56.000Z",45.701607,5.88347,2,3.25,4.5,315,null
"2019-03-24T13:35:56.000Z",45.701607,5.88347,0.75,4,6.5,315,null
"2019-03-24T13:39:56.000Z",45.701607,5.88347,1.75,2.5,3.5,337.5,null
"2019-03-24T13:44:00.000Z",45.701607,5.88347,2.75,4.75,7,337.5,null
"2019-03-24T13:48:00.000Z",45.701607,5.88347,1.5,3.5,6.5,337.5,null
"2019-03-24T13:52:00.000Z",45.701607,5.88347,1,4,6.25,315,null
"2019-03-24T13:56:15.000Z",45.701607,5.88347,1.75,3.5,6,292.5,null
"2019-03-24T14:00:15.000Z",45.701607,5.88347,0,1.5,3.75,315,null
"2019-03-24T14:04:15.000Z",45.701607,5.88347,0,2.5,6.25,270,null
"2019-03-24T14:08:18.000Z",45.701607,5.88347,0.75,2.75,6,247.5,null
"2019-03-24T14:12:18.000Z",45.701607,5.88347,0,2.25,4.5,247.5,null
"2019-03-24T14:16:18.000Z",45.701607,5.88347,0,3,7.25,337.5,null
"2019-03-24T14:20:22.000Z",45.701607,5.88347,2,4.75,6.75,0,null
"2019-03-24T14:24:22.000Z",45.701607,5.88347,3.25,4.5,5.5,337.5,null
"2019-03-24T14:28:22.000Z",45.701607,5.88347,0,6,11,0,null
"2019-03-24T14:32:26.000Z",45.701607,5.88347,2,5.75,12,270,null
"2019-03-24T14:36:26.000Z",45.701607,5.88347,4.25,10.5,15.5,292.5,null
"2019-03-24T14:40:26.000Z",45.701607,5.88347,2.75,5.75,10,337.5,null
"2019-03-24T14:44:30.000Z",45.701607,5.88347,0,2.5,4.25,0,null
"2019-03-24T14:48:30.000Z",45.701607,5.88347,1.75,9,20,292.5,null
"2019-03-24T14:52:30.000Z",45.701607,5.88347,6,13,18,270,null
"2019-03-24T14:56:35.000Z",45.701607,5.88347,11,16.5,22.5,270,null
"2019-03-24T15:00:35.000Z",45.701607,5.88347,14.5,20.5,23,270,null
"2019-03-24T15:04:35.000Z",45.701607,5.88347,12,19,26,270,null
"2019-03-24T15:08:39.000Z",45.701607,5.88347,12.5,17,22.5,270,null
"2019-03-24T15:12:39.000Z",45.701607,5.88347,14,20,25,292.5,null
"2019-03-24T15:16:39.000Z",45.701607,5.88347,11,17.5,24.5,270,null
"2019-03-24T15:20:42.000Z",45.701607,5.88347,6.25,15.5,26,270,null
"2019-03-24T15:24:42.000Z",45.701607,5.88347,14.5,18.5,25.5,270,null
"2019-03-24T15:28:42.000Z",45.701607,5.88347,13.5,19.5,26,270,null
"2019-03-24T15:32:47.000Z",45.701607,5.88347,10,18.5,25.5,270,null
"2019-03-24T15:36:47.000Z",45.701607,5.88347,8.25,13.5,21,270,null
"2019-03-24T15:40:47.000Z",45.701607,5.88347,17.5,22,28,270,null
"2019-03-24T15:44:50.000Z",45.701607,5.88347,17,21.5,28,270,null
"2019-03-24T15:48:50.000Z",45.701607,5.88347,19,23.5,28,270,null
"2019-03-24T15:52:50.000Z",45.701607,5.88347,19,22,25,270,null
"2019-03-24T15:56:54.000Z",45.701607,5.88347,18.5,24,28,270,null
"2019-03-24T16:00:54.000Z",45.701607,5.88347,19.5,23.5,28.5,270,null
"2019-03-24T16:04:54.000Z",45.701607,5.88347,19.5,24,27,270,null
"2019-03-24T16:08:59.000Z",45.701607,5.88347,21,24.5,27,270,null
"2019-03-24T16:12:59.000Z",45.701607,5.88347,19,23,27,270,null
"2019-03-24T16:16:59.000Z",45.701607,5.88347,17.5,22,27,270,null
"2019-03-24T16:21:02.000Z",45.701607,5.88347,18,22.5,28.5,270,null
"2019-03-24T16:25:02.000Z",45.701607,5.88347,19,24.5,32.5,270,null
"2019-03-24T16:29:02.000Z",45.701607,5.88347,18.5,24.5,31.5,270,null
"2019-03-24T16:33:07.000Z",45.701607,5.88347,10.5,18.5,27.5,270,null
"2019-03-24T16:37:07.000Z",45.701607,5.88347,13.5,26.5,32.5,270,null
"2019-03-24T16:41:07.000Z",45.701607,5.88347,23,26,31.5,270,null
"2019-03-24T16:45:11.000Z",45.701607,5.88347,18,23.5,29,270,null
"2019-03-24T16:49:11.000Z",45.701607,5.88347,15.5,21.5,31.5,270,null
"2019-03-24T16:53:11.000Z",45.701607,5.88347,23,29,33,270,null
"2019-03-24T16:57:15.000Z",45.701607,5.88347,19,25.5,30.5,270,null
"2019-03-24T17:01:15.000Z",45.701607,5.88347,19,26,30.5,270,null
"2019-03-24T17:05:15.000Z",45.701607,5.88347,22,29,35.5,270,null
"2019-03-24T17:09:18.000Z",45.701607,5.88347,21,27.5,34,270,null
"2019-03-24T17:13:18.000Z",45.701607,5.88347,19,25.5,32,270,null
"2019-03-24T17:17:18.000Z",45.701607,5.88347,19,28,32,270,null
"2019-03-24T17:21:23.000Z",45.701607,5.88347,21,26.5,31.5,270,null
"2019-03-24T17:25:23.000Z",45.701607,5.88347,17,24.5,32,270,null
"2019-03-24T17:29:23.000Z",45.701607,5.88347,19,24.5,29.5,270,null
"2019-03-24T17:33:27.000Z",45.701607,5.88347,19,23.5,28,270,null
"2019-03-24T17:37:27.000Z",45.701607,5.88347,14.5,22.5,32,270,null
"2019-03-24T17:41:27.000Z",45.701607,5.88347,14.5,28,37,270,null
"2019-03-24T17:45:31.000Z",45.701607,5.88347,15.5,22.5,30.5,270,null
"2019-03-24T17:49:31.000Z",45.701607,5.88347,17,22,26.5,270,null
"2019-03-24T17:53:31.000Z",45.701607,5.88347,9,26.5,40,270,null
"2019-03-24T17:57:35.000Z",45.701607,5.88347,19,26,31,270,null
"2019-03-24T18:01:35.000Z",45.701607,5.88347,20,24,29,270,null
"2019-03-24T18:05:35.000Z",45.701607,5.88347,15.5,23,29.5,270,null
"2019-03-24T18:09:39.000Z",45.701607,5.88347,22.5,27,33,270,null
"2019-03-24T18:13:39.000Z",45.701607,5.88347,16.5,26,33.5,270,null
"2019-03-24T18:17:39.000Z",45.701607,5.88347,13,21,29,270,null
"2019-03-24T18:21:43.000Z",45.701607,5.88347,17,24,30.5,270,null
"2019-03-24T18:25:43.000Z",45.701607,5.88347,19.5,25.5,30.5,270,null
"2019-03-24T18:29:43.000Z",45.701607,5.88347,15,22.5,28,270,null
"2019-03-24T18:33:47.000Z",45.701607,5.88347,21,26.5,31,270,null
"2019-03-24T18:37:47.000Z",45.701607,5.88347,16.5,26,36,270,null
"2019-03-24T18:41:47.000Z",45.701607,5.88347,11,22,28.5,270,null
"2019-03-24T18:45:52.000Z",45.701607,5.88347,14.5,23.5,33,270,null
"2019-03-24T18:49:52.000Z",45.701607,5.88347,19,24.5,29.5,270,null
"2019-03-24T18:53:52.000Z",45.701607,5.88347,22.5,28,34,270,null
"2019-03-24T18:57:55.000Z",45.701607,5.88347,11,25,36,292.5,null
"2019-03-24T19:01:55.000Z",45.701607,5.88347,21,30,38,292.5,null
"2019-03-24T19:05:55.000Z",45.701607,5.88347,13.5,21,30.5,270,null
"2019-03-24T19:09:59.000Z",45.701607,5.88347,7,15.5,23.5,337.5,null
"2019-03-24T19:13:59.000Z",45.701607,5.88347,1.5,5.5,13.5,337.5,null
"2019-03-24T19:17:59.000Z",45.701607,5.88347,5.5,16,26,292.5,null
"2019-03-24T19:22:04.000Z",45.701607,5.88347,6.5,12,22,337.5,null
"2019-03-24T19:26:04.000Z",45.701607,5.88347,0,5.25,9.5,0,null
"2019-03-24T19:30:04.000Z",45.701607,5.88347,0.75,5.25,21.5,337.5,null
"2019-03-24T19:34:07.000Z",45.701607,5.88347,1,7.25,15.5,337.5,null
"2019-03-24T19:38:07.000Z",45.701607,5.88347,0,4,9,22.5,null
"2019-03-24T19:42:07.000Z",45.701607,5.88347,0,2,5.5,337.5,null
"2019-03-24T19:46:12.000Z",45.701607,5.88347,1.5,2.75,4.5,315,null
"2019-03-24T19:50:12.000Z",45.701607,5.88347,0,2.75,5.5,0,null
"2019-03-24T19:54:12.000Z",45.701607,5.88347,0.75,9,14.5,315,null
"2019-03-24T19:58:16.000Z",45.701607,5.88347,3.5,6.75,11.5,337.5,null
"2019-03-24T20:02:16.000Z",45.701607,5.88347,3.25,5.25,7.75,0,null
"2019-03-24T20:06:16.000Z",45.701607,5.88347,0.25,6,8.75,67.5,null
"2019-03-24T20:10:20.000Z",45.701607,5.88347,0,3,6.5,180,null
"2019-03-24T20:14:20.000Z",45.701607,5.88347,0,2,6.25,90,null
"2019-03-24T20:18:20.000Z",45.701607,5.88347,0,3.5,6.25,45,null
"2019-03-24T20:22:23.000Z",45.701607,5.88347,0.75,2.75,5.5,90,null
"2019-03-24T20:26:23.000Z",45.701607,5.88347,1,3,5.25,112.5,null
"2019-03-24T20:30:23.000Z",45.701607,5.88347,2.75,4,6,112.5,null
"2019-03-24T20:34:27.000Z",45.701607,5.88347,2.75,4,5.5,90,null
"2019-03-24T20:38:27.000Z",45.701607,5.88347,2.75,4.75,6,90,null
"2019-03-24T20:42:27.000Z",45.701607,5.88347,0,1.75,4.25,90,null
"2019-03-24T20:46:31.000Z",45.701607,5.88347,2,5.25,7.75,67.5,null
"2019-03-24T20:50:31.000Z",45.701607,5.88347,1,4.25,6.25,67.5,null
"2019-03-24T20:54:31.000Z",45.701607,5.88347,0.75,3.75,5.5,90,null
"2019-03-24T20:58:36.000Z",45.701607,5.88347,3.5,5.25,8,67.5,null
"2019-03-24T21:02:36.000Z",45.701607,5.88347,0.75,3.25,6.5,90,null
"2019-03-24T21:06:36.000Z",45.701607,5.88347,0.25,2.75,5.25,67.5,null
"2019-03-24T21:10:40.000Z",45.701607,5.88347,0,3,6.5,90,null
"2019-03-24T21:14:40.000Z",45.701607,5.88347,1,3.25,5.25,90,null
"2019-03-24T21:18:40.000Z",45.701607,5.88347,2,4.5,6.5,67.5,null
"2019-03-24T21:22:44.000Z",45.701607,5.88347,0.75,4.5,6.75,90,null
"2019-03-24T21:26:44.000Z",45.701607,5.88347,0,1.75,7,315,null
"2019-03-24T21:30:44.000Z",45.701607,5.88347,0,3,6,90,null
"2019-03-24T21:34:48.000Z",45.701607,5.88347,2.5,5,9.5,67.5,null
"2019-03-24T21:38:48.000Z",45.701607,5.88347,3.25,6,9.75,67.5,null
"2019-03-24T21:42:48.000Z",45.701607,5.88347,1.5,4.25,6,67.5,null
"2019-03-24T21:46:52.000Z",45.701607,5.88347,0,1.25,4.25,90,null
"2019-03-24T21:50:52.000Z",45.701607,5.88347,0,3.5,9,0,null
"2019-03-24T21:54:52.000Z",45.701607,5.88347,4.75,6.5,8.75,22.5,null
"2019-03-24T21:58:56.000Z",45.701607,5.88347,3.75,6.25,8.25,45,null
"2019-03-24T22:02:56.000Z",45.701607,5.88347,3.25,6.75,11,67.5,null
"2019-03-24T22:06:56.000Z",45.701607,5.88347,3.25,7,11,67.5,null
"2019-03-24T22:11:00.000Z",45.701607,5.88347,0,3,6.25,157.5,null
"2019-03-24T22:15:00.000Z",45.701607,5.88347,0.75,2.25,3.75,157.5,null
"2019-03-24T22:19:00.000Z",45.701607,5.88347,0.75,2.5,3.75,135,null
"2019-03-24T22:23:04.000Z",45.701607,5.88347,1.25,4.25,6,90,null
"2019-03-24T22:27:04.000Z",45.701607,5.88347,2,3.75,6,90,null
"2019-03-24T22:31:04.000Z",45.701607,5.88347,2,3.5,4.5,112.5,null
"2019-03-24T22:35:09.000Z",45.701607,5.88347,2.75,4.25,6.25,90,null
"2019-03-24T22:39:09.000Z",45.701607,5.88347,3.5,4.75,7.75,90,null
"2019-03-24T22:43:09.000Z",45.701607,5.88347,3.75,5.25,7.25,90,null
"2019-03-24T22:47:12.000Z",45.701607,5.88347,4.5,6.25,8.25,67.5,null
"2019-03-24T22:51:12.000Z",45.701607,5.88347,3.75,5.75,7.75,67.5,null
"2019-03-24T22:55:12.000Z",45.701607,5.88347,2.5,3.75,5.5,90,null
"2019-03-24T22:59:16.000Z",45.701607,5.88347,2.5,4,5.5,90,null
"2019-03-24T23:03:16.000Z",45.701607,5.88347,2.75,4,5.5,112.5,null
"2019-03-24T23:07:16.000Z",45.701607,5.88347,3.5,5.25,8.75,112.5,null
"2019-03-24T23:11:20.000Z",45.701607,5.88347,2.5,5.5,7.75,90,null
"2019-03-24T23:15:20.000Z",45.701607,5.88347,2.75,4,6.5,112.5,null
"2019-03-24T23:19:20.000Z",45.701607,5.88347,3.5,5.25,6.5,112.5,null
"2019-03-24T23:23:24.000Z",45.701607,5.88347,2,3.25,6.25,112.5,null
"2019-03-24T23:27:24.000Z",45.701607,5.88347,2,3.25,4.75,67.5,null
"2019-03-24T23:31:24.000Z",45.701607,5.88347,0.75,2.75,5.25,90,null
"2019-03-24T23:35:29.000Z",45.701607,5.88347,1.75,3.75,5.25,67.5,null
"2019-03-24T23:39:29.000Z",45.701607,5.88347,0.25,4,8.25,45,null
"2019-03-24T23:43:29.000Z",45.701607,5.88347,4.25,7.25,10,67.5,null
"2019-03-24T23:47:32.000Z",45.701607,5.88347,4.25,6.25,8,90,null
"2019-03-24T23:51:32.000Z",45.701607,5.88347,2.75,6.25,9.75,90,null
"2019-03-24T23:55:32.000Z",45.701607,5.88347,3.25,6,9.75,67.5,null
"2019-03-24T23:59:37.000Z",45.701607,5.88347,1.5,3.25,6.5,45,null
"2019-03-25T00:03:37.000Z",45.701607,5.88347,0,3,10.5,0,null
"2019-03-25T00:07:37.000Z",45.701607,5.88347,0,2.5,11,337.5,null
"2019-03-25T00:11:41.000Z",45.701607,5.88347,0,3.5,8.75,337.5,null
"2019-03-25T00:15:41.000Z",45.701607,5.88347,4.75,9.5,15.5,337.5,null
"2019-03-25T00:19:41.000Z",45.701607,5.88347,6,12.5,18.5,337.5,null
"2019-03-25T00:23:45.000Z",45.701607,5.88347,8,12,16,315,null
"2019-03-25T00:27:45.000Z",45.701607,5.88347,6,9,12,337.5,null
"2019-03-25T00:31:45.000Z",45.701607,5.88347,8.75,13.5,19.5,0,null
"2019-03-25T00:35:49.000Z",45.701607,5.88347,7,13,18.5,0,null
"2019-03-25T00:39:49.000Z",45.701607,5.88347,1,5.75,11,22.5,null
"2019-03-25T00:43:49.000Z",45.701607,5.88347,1,4.75,9,45,null
"2019-03-25T00:47:53.000Z",45.701607,5.88347,1.5,4.25,8.25,22.5,null
"2019-03-25T00:51:53.000Z",45.701607,5.88347,5.25,12,21.5,337.5,null
"2019-03-25T00:55:53.000Z",45.701607,5.88347,13,17,20.5,337.5,null
"2019-03-25T00:59:57.000Z",45.701607,5.88347,15.5,20,26,0,null
"2019-03-25T01:03:57.000Z",45.701607,5.88347,12,16,19.5,0,null
"2019-03-25T01:07:57.000Z",45.701607,5.88347,10,13,17,337.5,null
"2019-03-25T01:12:01.000Z",45.701607,5.88347,2.5,9.5,15.5,0,null
"2019-03-25T01:16:01.000Z",45.701607,5.88347,0,2.75,11,67.5,null
"2019-03-25T01:20:01.000Z",45.701607,5.88347,0,1.75,5.25,135,null
"2019-03-25T01:24:05.000Z",45.701607,5.88347,0,2.25,8.75,112.5,null
"2019-03-25T01:28:05.000Z",45.701607,5.88347,0,2,4.5,180,null
"2019-03-25T01:32:05.000Z",45.701607,5.88347,0,2.5,7.75,337.5,null
"2019-03-25T01:36:09.000Z",45.701607,5.88347,2.25,11,15,337.5,null
"2019-03-25T01:40:09.000Z",45.701607,5.88347,7.25,10.5,15.5,315,null
"2019-03-25T01:44:09.000Z",45.701607,5.88347,7,9.5,12.5,337.5,null
"2019-03-25T01:48:13.000Z",45.701607,5.88347,2.5,8,12,0,null
"2019-03-25T01:52:13.000Z",45.701607,5.88347,3.25,9.25,17.5,0,null
"2019-03-25T01:56:13.000Z",45.701607,5.88347,7.25,14,20.5,0,null
"2019-03-25T02:00:17.000Z",45.701607,5.88347,13.5,19,23.5,337.5,null
"2019-03-25T02:04:17.000Z",45.701607,5.88347,12,16,19,337.5,null
"2019-03-25T02:08:17.000Z",45.701607,5.88347,12,16,19,337.5,null
"2019-03-25T02:12:21.000Z",45.701607,5.88347,12,17.5,22.5,337.5,null
"2019-03-25T02:16:21.000Z",45.701607,5.88347,14.5,18,22.5,337.5,null
"2019-03-25T02:20:21.000Z",45.701607,5.88347,12.5,17.5,23,337.5,null
"2019-03-25T02:24:25.000Z",45.701607,5.88347,10.5,14.5,19,337.5,null
"2019-03-25T02:28:25.000Z",45.701607,5.88347,12,15.5,21,337.5,null
"2019-03-25T02:32:25.000Z",45.701607,5.88347,12.5,16,20,337.5,null
"2019-03-25T02:36:29.000Z",45.701607,5.88347,6,13.5,19,0,null
"2019-03-25T02:40:29.000Z",45.701607,5.88347,6.5,10,16.5,0,null
"2019-03-25T02:44:29.000Z",45.701607,5.88347,7.75,14,18.5,0,null
"2019-03-25T02:48:33.000Z",45.701607,5.88347,9.5,13.5,17.5,0,null
"2019-03-25T02:52:33.000Z",45.701607,5.88347,6.5,15.5,20,0,null
"2019-03-25T02:56:33.000Z",45.701607,5.88347,13,17.5,22,0,null
"2019-03-25T03:00:37.000Z",45.701607,5.88347,13.5,17,20,337.5,null
"2019-03-25T03:04:37.000Z",45.701607,5.88347,11,15,18.5,337.5,null
"2019-03-25T03:08:37.000Z",45.701607,5.88347,11.5,15.5,20,0,null
"2019-03-25T03:12:42.000Z",45.701607,5.88347,7.25,12.5,17,0,null
"2019-03-25T03:16:42.000Z",45.701607,5.88347,5.25,10.5,18,0,null
"2019-03-25T03:20:42.000Z",45.701607,5.88347,0.25,5.25,16.5,45,null
"2019-03-25T03:24:45.000Z",45.701607,5.88347,0,3.5,9.5,90,null
"2019-03-25T03:28:45.000Z",45.701607,5.88347,2.5,5.75,8.25,112.5,null
"2019-03-25T03:32:45.000Z",45.701607,5.88347,0,3.75,6.5,90,null
"2019-03-25T03:36:50.000Z",45.701607,5.88347,0,2.25,4.75,135,null
"2019-03-25T03:40:50.000Z",45.701607,5.88347,0.25,3.25,5.5,135,null
"2019-03-25T03:44:50.000Z",45.701607,5.88347,1,2.75,5.25,112.5,null
"2019-03-25T03:48:53.000Z",45.701607,5.88347,1,4,6.25,135,null
"2019-03-25T03:52:53.000Z",45.701607,5.88347,0,3.25,8,67.5,null
"2019-03-25T03:56:53.000Z",45.701607,5.88347,0.75,4,7,90,null
"2019-03-25T04:00:57.000Z",45.701607,5.88347,1.75,4.25,6.5,112.5,null
"2019-03-25T04:04:57.000Z",45.701607,5.88347,1.75,4.5,7.75,90,null
"2019-03-25T04:08:57.000Z",45.701607,5.88347,2,4.5,7,90,null
"2019-03-25T04:13:01.000Z",45.701607,5.88347,0,4.5,8,90,null
"2019-03-25T04:17:01.000Z",45.701607,5.88347,0,1.75,3.75,67.5,null
"2019-03-25T04:21:01.000Z",45.701607,5.88347,0,2.25,6,22.5,null
"2019-03-25T04:25:06.000Z",45.701607,5.88347,0,1,3.25,90,null
"2019-03-25T04:29:06.000Z",45.701607,5.88347,0,2,5.5,90,null
"2019-03-25T04:33:06.000Z",45.701607,5.88347,2,6.5,16.5,22.5,null
"2019-03-25T04:37:10.000Z",45.701607,5.88347,1,5,11.5,22.5,null
"2019-03-25T04:41:10.000Z",45.701607,5.88347,0,4.5,15.5,22.5,null
"2019-03-25T04:45:10.000Z",45.701607,5.88347,1,7.5,12.5,22.5,null
"2019-03-25T04:49:14.000Z",45.701607,5.88347,0,3.5,7.75,45,null
"2019-03-25T04:53:14.000Z",45.701607,5.88347,2,13,17.5,0,null
"2019-03-25T04:57:14.000Z",45.701607,5.88347,10.5,14,18.5,337.5,null
"2019-03-25T05:01:18.000Z",45.701607,5.88347,9.75,14.5,19,0,null
"2019-03-25T05:05:18.000Z",45.701607,5.88347,10,14.5,20,0,null
"2019-03-25T05:09:18.000Z",45.701607,5.88347,11,16,22.5,0,null
"2019-03-25T05:13:22.000Z",45.701607,5.88347,3.75,11,19,0,null
"2019-03-25T05:17:22.000Z",45.701607,5.88347,0,3.5,6.5,45,null
"2019-03-25T05:21:22.000Z",45.701607,5.88347,0,1,3.5,45,null
"2019-03-25T05:25:26.000Z",45.701607,5.88347,0,8.25,15.5,337.5,null
"2019-03-25T05:29:26.000Z",45.701607,5.88347,11,16,19,337.5,null
"2019-03-25T05:33:26.000Z",45.701607,5.88347,8,14,19,0,null
"2019-03-25T05:37:30.000Z",45.701607,5.88347,6.5,12.5,17,0,null
"2019-03-25T05:41:30.000Z",45.701607,5.88347,1,6.25,13,22.5,null
"2019-03-25T05:45:30.000Z",45.701607,5.88347,1,4.25,13,45,null
"2019-03-25T05:49:34.000Z",45.701607,5.88347,2,10.5,16.5,0,null
"2019-03-25T05:53:34.000Z",45.701607,5.88347,11,15.5,18.5,0,null
"2019-03-25T05:57:34.000Z",45.701607,5.88347,6,11.5,16.5,0,null
"2019-03-25T06:01:38.000Z",45.701607,5.88347,0.75,7.5,16.5,0,null
"2019-03-25T06:05:38.000Z",45.701607,5.88347,5.25,13,18,0,null
"2019-03-25T06:09:38.000Z",45.701607,5.88347,12.5,16,21.5,0,null
"2019-03-25T06:13:42.000Z",45.701607,5.88347,13,17,20.5,337.5,null
"2019-03-25T06:17:42.000Z",45.701607,5.88347,13.5,17,21,0,null
"2019-03-25T06:21:42.000Z",45.701607,5.88347,10.5,15,18,337.5,null
"2019-03-25T06:25:46.000Z",45.701607,5.88347,13.5,16,18.5,337.5,null
"2019-03-25T06:29:46.000Z",45.701607,5.88347,12.5,17.5,22,0,null
"2019-03-25T06:33:46.000Z",45.701607,5.88347,15,19,23,0,null
"2019-03-25T06:37:51.000Z",45.701607,5.88347,12,17,20,337.5,null
"2019-03-25T06:41:51.000Z",45.701607,5.88347,10.5,14,18,337.5,null
"2019-03-25T06:45:51.000Z",45.701607,5.88347,12,15.5,19,337.5,null
"2019-03-25T06:49:55.000Z",45.701607,5.88347,12,15,20,337.5,null
"2019-03-25T06:53:55.000Z",45.701607,5.88347,14.5,19.5,24,337.5,null
"2019-03-25T06:57:55.000Z",45.701607,5.88347,16,19,22.5,337.5,null
"2019-03-25T07:01:59.000Z",45.701607,5.88347,15.5,20,24.5,0,null
"2019-03-25T07:05:59.000Z",45.701607,5.88347,16.5,20,23.5,0,null
"2019-03-25T07:09:59.000Z",45.701607,5.88347,15,20,25.5,337.5,null
"2019-03-25T07:14:03.000Z",45.701607,5.88347,13.5,19,23.5,0,null
"2019-03-25T07:18:03.000Z",45.701607,5.88347,15,19.5,22.5,0,null
"2019-03-25T07:22:03.000Z",45.701607,5.88347,14,18.5,21,0,null
"2019-03-25T07:26:07.000Z",45.701607,5.88347,15.5,19,23,0,null
"2019-03-25T07:30:07.000Z",45.701607,5.88347,15.5,18.5,21,337.5,null
"2019-03-25T07:34:07.000Z",45.701607,5.88347,14.5,17.5,20,337.5,null
"2019-03-25T07:38:11.000Z",45.701607,5.88347,13,16,19,0,null
"2019-03-25T07:42:11.000Z",45.701607,5.88347,12,15,18,0,null
"2019-03-25T07:46:11.000Z",45.701607,5.88347,13,17,19.5,0,null
"2019-03-25T07:50:15.000Z",45.701607,5.88347,13,17,20.5,0,null
"2019-03-25T07:54:15.000Z",45.701607,5.88347,14.5,17.5,22,337.5,null
"2019-03-25T07:58:15.000Z",45.701607,5.88347,15.5,20,24,0,null
"2019-03-25T08:02:18.000Z",45.701607,5.88347,16.5,21,24.5,0,null
"2019-03-25T08:06:18.000Z",45.701607,5.88347,17.5,21,24.5,0,null
"2019-03-25T08:10:18.000Z",45.701607,5.88347,17.5,21.5,26,0,null
"2019-03-25T08:14:23.000Z",45.701607,5.88347,18.5,23,27.5,0,null
"2019-03-25T08:18:23.000Z",45.701607,5.88347,19,23,26.5,0,null
"2019-03-25T08:22:23.000Z",45.701607,5.88347,19,23,27,0,null
"2019-03-25T08:26:27.000Z",45.701607,5.88347,19,22.5,26,0,null
"2019-03-25T08:30:27.000Z",45.701607,5.88347,18,21,23.5,0,null
"2019-03-25T08:34:27.000Z",45.701607,5.88347,15.5,19.5,23.5,0,null
"2019-03-25T08:38:31.000Z",45.701607,5.88347,16.5,20.5,23.5,0,null
"2019-03-25T08:42:31.000Z",45.701607,5.88347,15,19,21.5,0,null
"2019-03-25T08:46:31.000Z",45.701607,5.88347,15.5,19.5,22.5,0,null
"2019-03-25T08:50:35.000Z",45.701607,5.88347,15,18,21,0,null
"2019-03-25T08:54:35.000Z",45.701607,5.88347,14.5,17,20,337.5,null
"2019-03-25T08:58:35.000Z",45.701607,5.88347,13.5,16,18.5,337.5,null
"2019-03-25T09:02:39.000Z",45.701607,5.88347,13,14.5,15.5,337.5,null
"2019-03-25T09:06:39.000Z",45.701607,5.88347,11,13,14.5,337.5,null
"2019-03-25T09:10:39.000Z",45.701607,5.88347,11,13.5,16.5,337.5,null
"2019-03-25T09:14:43.000Z",45.701607,5.88347,13,16,18,337.5,null
"2019-03-25T09:18:43.000Z",45.701607,5.88347,14.5,18,20,337.5,null
"2019-03-25T09:22:43.000Z",45.701607,5.88347,14,16,17.5,337.5,null
"2019-03-25T09:26:47.000Z",45.701607,5.88347,12.5,15.5,18,337.5,null
"2019-03-25T09:30:47.000Z",45.701607,5.88347,13,15.5,18,337.5,null
"2019-03-25T09:34:47.000Z",45.701607,5.88347,13,15,17,0,null
"2019-03-25T09:38:51.000Z",45.701607,5.88347,12,15,18,337.5,null
"2019-03-25T09:42:51.000Z",45.701607,5.88347,15,16.5,18,0,null
"2019-03-25T09:46:51.000Z",45.701607,5.88347,14.5,16.5,18,0,null
"2019-03-25T09:50:55.000Z",45.701607,5.88347,14,15.5,17,0,null
"2019-03-25T09:54:55.000Z",45.701607,5.88347,13.5,15.5,17.5,0,null
"2019-03-25T09:58:55.000Z",45.701607,5.88347,14,16.5,19,337.5,null
"2019-03-25T10:02:59.000Z",45.701607,5.88347,15.5,17.5,19,337.5,null
"2019-03-25T10:06:59.000Z",45.701607,5.88347,15.5,17.5,19,0,null
"2019-03-25T10:10:59.000Z",45.701607,5.88347,15.5,18,20,337.5,null
"2019-03-25T10:15:03.000Z",45.701607,5.88347,16,18,19.5,337.5,null
"2019-03-25T10:19:03.000Z",45.701607,5.88347,15.5,18.5,20.5,337.5,null
"2019-03-25T10:23:03.000Z",45.701607,5.88347,16,18,20,337.5,null
"2019-03-25T10:27:07.000Z",45.701607,5.88347,14.5,17,19,337.5,null
"2019-03-25T10:31:07.000Z",45.701607,5.88347,13.5,15.5,17.5,337.5,null
"2019-03-25T10:35:07.000Z",45.701607,5.88347,13.5,15.5,17.5,337.5,null
"2019-03-25T10:39:11.000Z",45.701607,5.88347,15.5,17,18.5,337.5,null
"2019-03-25T10:43:11.000Z",45.701607,5.88347,13,17.5,19,0,null
"2019-03-25T10:47:11.000Z",45.701607,5.88347,13,15.5,18,0,null
"2019-03-25T10:51:15.000Z",45.701607,5.88347,14.5,17,19,337.5,null
"2019-03-25T10:55:15.000Z",45.701607,5.88347,14.5,16.5,18,337.5,null
"2019-03-25T10:59:15.000Z",45.701607,5.88347,13,15.5,18.5,0,null
"2019-03-25T11:03:19.000Z",45.701607,5.88347,12.5,15,16.5,0,null
"2019-03-25T11:07:19.000Z",45.701607,5.88347,14,17.5,20,0,null
"2019-03-25T11:11:19.000Z",45.701607,5.88347,15,16.5,19.5,0,null
"2019-03-25T11:15:24.000Z",45.701607,5.88347,14.5,16,18.5,0,null
"2019-03-25T11:19:24.000Z",45.701607,5.88347,14.5,16.5,18.5,0,null
"2019-03-25T11:23:24.000Z",45.701607,5.88347,12,13.5,16,337.5,null
"2019-03-25T11:27:28.000Z",45.701607,5.88347,11,12.5,14,337.5,null
"2019-03-25T11:31:28.000Z",45.701607,5.88347,9.75,12.5,16,337.5,null
"2019-03-25T11:35:28.000Z",45.701607,5.88347,9.5,10.5,12,0,null
"2019-03-25T11:39:31.000Z",45.701607,5.88347,7.25,10,12.5,0,null
"2019-03-25T11:43:31.000Z",45.701607,5.88347,5.25,8,12,0,null
"2019-03-25T11:47:31.000Z",45.701607,5.88347,7.25,11,14.5,0,null
"2019-03-25T11:51:36.000Z",45.701607,5.88347,9,12,14.5,0,null
"2019-03-25T11:55:36.000Z",45.701607,5.88347,10.5,13.5,15.5,0,null
"2019-03-25T11:59:36.000Z",45.701607,5.88347,7.25,10.5,15,0,null
"2019-03-25T12:03:39.000Z",45.701607,5.88347,8.25,14,19,0,null
"2019-03-25T12:07:39.000Z",45.701607,5.88347,10,13.5,18,0,null
"2019-03-25T12:11:39.000Z",45.701607,5.88347,11,14,19,0,null
"2019-03-25T12:15:44.000Z",45.701607,5.88347,8.75,14.5,20,0,null
"2019-03-25T12:19:44.000Z",45.701607,5.88347,11,15,23,0,null
"2019-03-25T12:23:44.000Z",45.701607,5.88347,12,15.5,21,0,null
"2019-03-25T12:27:48.000Z",45.701607,5.88347,13,15.5,18,0,null
"2019-03-25T12:31:48.000Z",45.701607,5.88347,10,14,19,337.5,null
"2019-03-25T12:35:48.000Z",45.701607,5.88347,14.5,17.5,20.5,337.5,null
"2019-03-25T12:39:52.000Z",45.701607,5.88347,14.5,18,21,337.5,null
"2019-03-25T12:43:52.000Z",45.701607,5.88347,14.5,17,20,337.5,null
"2019-03-25T12:47:52.000Z",45.701607,5.88347,13,16,19,337.5,null
"2019-03-25T12:51:56.000Z",45.701607,5.88347,15.5,18.5,21.5,337.5,null
"2019-03-25T12:55:56.000Z",45.701607,5.88347,14,17,19.5,337.5,null
"2019-03-25T12:59:56.000Z",45.701607,5.88347,12,15.5,20,337.5,null
"2019-03-25T13:04:00.000Z",45.701607,5.88347,12,15,17,337.5,null
"2019-03-25T13:08:00.000Z",45.701607,5.88347,12,15.5,21,337.5,null
"2019-03-25T13:12:00.000Z",45.701607,5.88347,16.5,20,23.5,337.5,null
"2019-03-25T13:16:04.000Z",45.701607,5.88347,14,16.5,20,337.5,null
"2019-03-25T13:20:04.000Z",45.701607,5.88347,13,15.5,17.5,337.5,null
"2019-03-25T13:24:04.000Z",45.701607,5.88347,13,16,19.5,337.5,null
"2019-03-25T13:28:08.000Z",45.701607,5.88347,13,16.5,20.5,337.5,null
"2019-03-25T13:32:08.000Z",45.701607,5.88347,14.5,18.5,25,337.5,null
"2019-03-25T13:36:08.000Z",45.701607,5.88347,17.5,24,31.5,337.5,null
"2019-03-25T13:40:12.000Z",45.701607,5.88347,20,23,27.5,337.5,null
"2019-03-25T13:44:12.000Z",45.701607,5.88347,21,26,31.5,337.5,null
"2019-03-25T13:48:12.000Z",45.701607,5.88347,21,26.5,32.5,337.5,null
"2019-03-25T13:52:16.000Z",45.701607,5.88347,21,26.5,31.5,337.5,null
"2019-03-25T13:56:16.000Z",45.701607,5.88347,20.5,24,29,337.5,null
"2019-03-25T14:00:16.000Z",45.701607,5.88347,21.5,27,31.5,337.5,null
"2019-03-25T14:05:10.000Z",45.701607,5.88347,20.5,24,28,337.5,null
"2019-03-25T14:09:10.000Z",45.701607,5.88347,23,26,31,337.5,null
"2019-03-25T14:13:10.000Z",45.701607,5.88347,23.5,28,34,337.5,null
"2019-03-25T14:17:14.000Z",45.701607,5.88347,23,30.5,36,337.5,null
"2019-03-25T14:21:14.000Z",45.701607,5.88347,28,32.5,37.5,337.5,null
"2019-03-25T14:25:14.000Z",45.701607,5.88347,28,33.5,38.5,337.5,null
"2019-03-25T14:29:18.000Z",45.701607,5.88347,28,33.5,38.5,337.5,null
"2019-03-25T14:33:18.000Z",45.701607,5.88347,27.5,32,40.5,337.5,null
"2019-03-25T14:37:18.000Z",45.701607,5.88347,29,35,40.5,337.5,null
"2019-03-25T14:41:23.000Z",45.701607,5.88347,29,35,40.5,337.5,null
"2019-03-25T14:45:23.000Z",45.701607,5.88347,28,36,43,337.5,null
"2019-03-25T14:49:23.000Z",45.701607,5.88347,32.5,37.5,45,337.5,null
"2019-03-25T14:53:26.000Z",45.701607,5.88347,32,37.5,43.5,337.5,null
"2019-03-25T14:57:26.000Z",45.701607,5.88347,30.5,38,45.5,337.5,null
"2019-03-25T15:01:26.000Z",45.701607,5.88347,34,40,51,337.5,null
"2019-03-25T15:05:30.000Z",45.701607,5.88347,32.5,41.5,48,337.5,null
"2019-03-25T15:09:30.000Z",45.701607,5.88347,34,40.5,48,337.5,null
"2019-03-25T15:13:30.000Z",45.701607,5.88347,36,45,56.5,337.5,null
"2019-03-25T15:17:34.000Z",45.701607,5.88347,34,43,51.5,337.5,null
"2019-03-25T15:21:34.000Z",45.701607,5.88347,34,43.5,53.5,337.5,null
"2019-03-25T15:25:34.000Z",45.701607,5.88347,35,41.5,50.5,337.5,null
"2019-03-25T15:29:39.000Z",45.701607,5.88347,35.5,43,52,337.5,null
"2019-03-25T15:33:39.000Z",45.701607,5.88347,35,42.5,51.5,337.5,null
"2019-03-25T15:37:39.000Z",45.701607,5.88347,34,44,53.5,337.5,null
"2019-03-25T15:41:43.000Z",45.701607,5.88347,36.5,45.5,55.5,337.5,null
"2019-03-25T15:45:43.000Z",45.701607,5.88347,34.5,44,52.5,337.5,null
"2019-03-25T15:49:43.000Z",45.701607,5.88347,33,44,56,337.5,null
"2019-03-25T15:53:47.000Z",45.701607,5.88347,34,45,54.5,337.5,null
"2019-03-25T15:57:47.000Z",45.701607,5.88347,35,46.5,57,337.5,null
"2019-03-25T16:01:47.000Z",45.701607,5.88347,25.5,43.5,57,337.5,null
"2019-03-25T16:05:51.000Z",45.701607,5.88347,30.5,42.5,55.5,337.5,null
"2019-03-25T16:09:51.000Z",45.701607,5.88347,30.5,40.5,55,337.5,null
"2019-03-25T16:13:51.000Z",45.701607,5.88347,34,44.5,61.5,337.5,null
"2019-03-25T16:17:54.000Z",45.701607,5.88347,34,43,68,337.5,null
"2019-03-25T16:21:54.000Z",45.701607,5.88347,31,41.5,50,337.5,null
"2019-03-25T16:25:54.000Z",45.701607,5.88347,25,40,50,337.5,null
"2019-03-25T16:29:59.000Z",45.701607,5.88347,27,38,47.5,337.5,null
"2019-03-25T16:33:59.000Z",45.701607,5.88347,16.5,35,47.5,337.5,null
"2019-03-25T16:37:59.000Z",45.701607,5.88347,11,39.5,55,0,null
"2019-03-25T16:42:02.000Z",45.701607,5.88347,21,36.5,48.5,337.5,null
"2019-03-25T16:46:02.000Z",45.701607,5.88347,30,38,45,337.5,null
"2019-03-25T16:50:02.000Z",45.701607,5.88347,32,39.5,52.5,337.5,null
"2019-03-25T16:54:07.000Z",45.701607,5.88347,29,41,60,337.5,null
"2019-03-25T16:58:07.000Z",45.701607,5.88347,19.5,35.5,57,337.5,null
"2019-03-25T17:02:07.000Z",45.701607,5.88347,30,40,57.5,337.5,null
"2019-03-25T17:06:11.000Z",45.701607,5.88347,20,34,66.5,0,null
"2019-03-25T17:10:11.000Z",45.701607,5.88347,21,37.5,54.5,337.5,null
"2019-03-25T17:14:11.000Z",45.701607,5.88347,21.5,38.5,60,337.5,null
"2019-03-25T17:18:15.000Z",45.701607,5.88347,28.5,42.5,61.5,337.5,null
"2019-03-25T17:22:15.000Z",45.701607,5.88347,18,39,61,0,null
"2019-03-25T17:26:15.000Z",45.701607,5.88347,18,36.5,56.5,337.5,null
"2019-03-25T17:30:19.000Z",45.701607,5.88347,21,38,59.5,337.5,null
"2019-03-25T17:34:19.000Z",45.701607,5.88347,22.5,33.5,53.5,337.5,null
"2019-03-25T17:38:19.000Z",45.701607,5.88347,24,39.5,66.5,337.5,null
"2019-03-25T17:42:23.000Z",45.701607,5.88347,21.5,34.5,45.5,337.5,null
"2019-03-25T17:46:23.000Z",45.701607,5.88347,26,40.5,59,337.5,null
"2019-03-25T17:50:23.000Z",45.701607,5.88347,26,38.5,58.5,337.5,null
"2019-03-25T17:54:27.000Z",45.701607,5.88347,16,33,52.5,337.5,null
"2019-03-25T17:58:27.000Z",45.701607,5.88347,28,40.5,62.5,337.5,null
"2019-03-25T18:02:27.000Z",45.701607,5.88347,26,37.5,53,337.5,null
"2019-03-25T18:06:31.000Z",45.701607,5.88347,24.5,39,69.5,337.5,null
"2019-03-25T18:10:31.000Z",45.701607,5.88347,26,44.5,64.5,337.5,null
"2019-03-25T18:14:31.000Z",45.701607,5.88347,27,38.5,62.5,337.5,null
"2019-03-25T18:18:35.000Z",45.701607,5.88347,26,38,50,337.5,null
"2019-03-25T18:22:35.000Z",45.701607,5.88347,12,32.5,63.5,337.5,null
"2019-03-25T18:26:35.000Z",45.701607,5.88347,15.5,37,67,337.5,null
"2019-03-25T18:30:39.000Z",45.701607,5.88347,17.5,35,50,337.5,null
"2019-03-25T18:34:39.000Z",45.701607,5.88347,20,32.5,47,337.5,null
"2019-03-25T18:38:39.000Z",45.701607,5.88347,23.5,35,53,337.5,null
"2019-03-25T18:42:43.000Z",45.701607,5.88347,26.5,36.5,67.5,337.5,null
"2019-03-25T18:46:43.000Z",45.701607,5.88347,26,40.5,66,337.5,null
"2019-03-25T18:50:43.000Z",45.701607,5.88347,29,38,52,337.5,null
"2019-03-25T18:54:48.000Z",45.701607,5.88347,29,38.5,53.5,337.5,null
"2019-03-25T18:58:48.000Z",45.701607,5.88347,24.5,37.5,59,337.5,null
"2019-03-25T19:02:48.000Z",45.701607,5.88347,23.5,42.5,66.5,337.5,null
"2019-03-25T19:06:51.000Z",45.701607,5.88347,27,42,60,337.5,null
"2019-03-25T19:10:51.000Z",45.701607,5.88347,26,36,51,337.5,null
"2019-03-25T19:14:51.000Z",45.701607,5.88347,23.5,38,55.5,337.5,null
"2019-03-25T19:18:55.000Z",45.701607,5.88347,27.5,42,56,337.5,null
"2019-03-25T19:22:55.000Z",45.701607,5.88347,31,42.5,57,337.5,null
"2019-03-25T19:26:55.000Z",45.701607,5.88347,29,39,51,337.5,null
"2019-03-25T19:30:59.000Z",45.701607,5.88347,27,39,60.5,337.5,null
"2019-03-25T19:34:59.000Z",45.701607,5.88347,27,40,56.5,337.5,null
"2019-03-25T19:38:59.000Z",45.701607,5.88347,31,42,55.5,337.5,null
"2019-03-25T19:43:04.000Z",45.701607,5.88347,30.5,39.5,53.5,337.5,null
"2019-03-25T19:47:04.000Z",45.701607,5.88347,29,40.5,53.5,337.5,null
"2019-03-25T19:51:04.000Z",45.701607,5.88347,27,45.5,60,337.5,null
"2019-03-25T19:55:07.000Z",45.701607,5.88347,26,38,54.5,337.5,null
"2019-03-25T19:59:07.000Z",45.701607,5.88347,30,42.5,56.5,337.5,null
"2019-03-25T20:03:07.000Z",45.701607,5.88347,27,40.5,55.5,337.5,null
"2019-03-25T20:07:12.000Z",45.701607,5.88347,21.5,40,55,337.5,null
"2019-03-25T20:11:12.000Z",45.701607,5.88347,27.5,42,58,337.5,null
"2019-03-25T20:15:12.000Z",45.701607,5.88347,22.5,40,70,337.5,null
"2019-03-25T20:19:16.000Z",45.701607,5.88347,31,45,64,337.5,null
"2019-03-25T20:23:16.000Z",45.701607,5.88347,25,41.5,63.5,337.5,null
"2019-03-25T20:27:16.000Z",45.701607,5.88347,33.5,44.5,54.5,337.5,null
"2019-03-25T20:31:20.000Z",45.701607,5.88347,29.5,41,55,337.5,null
"2019-03-25T20:35:20.000Z",45.701607,5.88347,31.5,43.5,63.5,337.5,null
"2019-03-25T20:39:20.000Z",45.701607,5.88347,24.5,42,71,337.5,null
"2019-03-25T20:43:24.000Z",45.701607,5.88347,25.5,42,67.5,337.5,null
"2019-03-25T20:47:24.000Z",45.701607,5.88347,29,43,63.5,337.5,null
"2019-03-25T20:51:24.000Z",45.701607,5.88347,24.5,41.5,58,337.5,null
"2019-03-25T20:55:28.000Z",45.701607,5.88347,30.5,42,58,337.5,null
"2019-03-25T20:59:28.000Z",45.701607,5.88347,29,41,58,337.5,null
"2019-03-25T21:03:28.000Z",45.701607,5.88347,24,38.5,58,337.5,null
"2019-03-25T21:07:32.000Z",45.701607,5.88347,25,41.5,67,337.5,null
"2019-03-25T21:11:32.000Z",45.701607,5.88347,28,41.5,63.5,337.5,null
"2019-03-25T21:15:32.000Z",45.701607,5.88347,25.5,40,62.5,337.5,null
"2019-03-25T21:19:36.000Z",45.701607,5.88347,35,44.5,53.5,337.5,null
"2019-03-25T21:23:36.000Z",45.701607,5.88347,26,38,53,337.5,null
"2019-03-25T21:27:36.000Z",45.701607,5.88347,17.5,42.5,62,337.5,null
"2019-03-25T21:31:40.000Z",45.701607,5.88347,7.75,39,60.5,337.5,null
"2019-03-25T21:35:40.000Z",45.701607,5.88347,20.5,38,56.5,337.5,null
"2019-03-25T21:39:40.000Z",45.701607,5.88347,18,34.5,46.5,0,null
"2019-03-25T21:43:44.000Z",45.701607,5.88347,18.5,29.5,45.5,337.5,null
"2019-03-25T21:47:44.000Z",45.701607,5.88347,25.5,38.5,56.5,337.5,null
"2019-03-25T21:51:44.000Z",45.701607,5.88347,26.5,34.5,45.5,337.5,null
"2019-03-25T21:55:48.000Z",45.701607,5.88347,20,33.5,59,337.5,null
"2019-03-25T21:59:48.000Z",45.701607,5.88347,18,34.5,49,337.5,null
"2019-03-25T22:03:48.000Z",45.701607,5.88347,24,34.5,42,337.5,null
"2019-03-25T22:07:52.000Z",45.701607,5.88347,18,35,55.5,337.5,null
"2019-03-25T22:11:52.000Z",45.701607,5.88347,22,33.5,67,337.5,null
"2019-03-25T22:15:52.000Z",45.701607,5.88347,19,33.5,54,337.5,null
"2019-03-25T22:19:56.000Z",45.701607,5.88347,24,37,52.5,337.5,null
"2019-03-25T22:23:56.000Z",45.701607,5.88347,20,36,47.5,337.5,null
"2019-03-25T22:27:56.000Z",45.701607,5.88347,21.5,37.5,63,337.5,null
"2019-03-25T22:32:00.000Z",45.701607,5.88347,20.5,34,55,337.5,null
"2019-03-25T22:36:00.000Z",45.701607,5.88347,15.5,36,61,337.5,null
"2019-03-25T22:40:00.000Z",45.701607,5.88347,22,33,51,337.5,null
"2019-03-25T22:44:04.000Z",45.701607,5.88347,24,36.5,55,337.5,null
"2019-03-25T22:48:04.000Z",45.701607,5.88347,12,35,53.5,337.5,null
"2019-03-25T22:52:04.000Z",45.701607,5.88347,24.5,37.5,49,337.5,null
"2019-03-25T22:56:09.000Z",45.701607,5.88347,24.5,37.5,62,337.5,null
"2019-03-25T23:00:09.000Z",45.701607,5.88347,27,35.5,50,337.5,null
"2019-03-25T23:04:09.000Z",45.701607,5.88347,25,35,54,337.5,null
"2019-03-25T23:08:12.000Z",45.701607,5.88347,26,38.5,59,337.5,null
"2019-03-25T23:12:12.000Z",45.701607,5.88347,21,32.5,49,337.5,null
"2019-03-25T23:16:12.000Z",45.701607,5.88347,25,39,51,337.5,null
"2019-03-25T23:20:17.000Z",45.701607,5.88347,28,37.5,59,337.5,null
"2019-03-25T23:24:17.000Z",45.701607,5.88347,21,37,50,337.5,null
"2019-03-25T23:28:17.000Z",45.701607,5.88347,21,34,46.5,337.5,null
"2019-03-25T23:32:20.000Z",45.701607,5.88347,18.5,38.5,56.5,337.5,null
"2019-03-25T23:36:20.000Z",45.701607,5.88347,29,39,60,337.5,null
"2019-03-25T23:40:20.000Z",45.701607,5.88347,32.5,39.5,54.5,337.5,null
"2019-03-25T23:44:25.000Z",45.701607,5.88347,21.5,36,59,337.5,null
"2019-03-25T23:48:25.000Z",45.701607,5.88347,22.5,33.5,47.5,337.5,null
"2019-03-25T23:52:25.000Z",45.701607,5.88347,24,38.5,56.5,337.5,null
"2019-03-25T23:56:29.000Z",45.701607,5.88347,27.5,38,50.5,337.5,null
"2019-03-26T00:00:29.000Z",45.701607,5.88347,27,37.5,54,337.5,null
"2019-03-26T00:04:29.000Z",45.701607,5.88347,24.5,36.5,53,337.5,null
"2019-03-26T00:08:33.000Z",45.701607,5.88347,24.5,38,53.5,337.5,null
"2019-03-26T00:12:33.000Z",45.701607,5.88347,23.5,38,52.5,337.5,null
"2019-03-26T00:16:33.000Z",45.701607,5.88347,25.5,37.5,51.5,337.5,null
"2019-03-26T00:20:37.000Z",45.701607,5.88347,28,36,46.5,337.5,null
"2019-03-26T00:24:37.000Z",45.701607,5.88347,24.5,34,45.5,337.5,null
"2019-03-26T00:28:37.000Z",45.701607,5.88347,22.5,38.5,53.5,337.5,null
"2019-03-26T00:32:40.000Z",45.701607,5.88347,21,35,45.5,337.5,null
"2019-03-26T00:36:40.000Z",45.701607,5.88347,19.5,29,46,337.5,null
"2019-03-26T00:40:40.000Z",45.701607,5.88347,18,31.5,54.5,337.5,null
"2019-03-26T00:44:45.000Z",45.701607,5.88347,11,31.5,50,337.5,null
"2019-03-26T00:48:45.000Z",45.701607,5.88347,19.5,29.5,43,337.5,null
"2019-03-26T00:52:45.000Z",45.701607,5.88347,20.5,32,47,337.5,null
"2019-03-26T00:56:49.000Z",45.701607,5.88347,14.5,28,51.5,337.5,null
"2019-03-26T01:00:49.000Z",45.701607,5.88347,11.5,24,37,337.5,null
"2019-03-26T01:04:49.000Z",45.701607,5.88347,19.5,30.5,43,337.5,null
"2019-03-26T01:08:52.000Z",45.701607,5.88347,19.5,27,35,337.5,null
"2019-03-26T01:12:52.000Z",45.701607,5.88347,12,23,33.5,0,null
"2019-03-26T01:16:52.000Z",45.701607,5.88347,8.25,21.5,37,0,null
"2019-03-26T01:20:56.000Z",45.701607,5.88347,4.75,12,18,0,null
"2019-03-26T01:24:56.000Z",45.701607,5.88347,11,24,40.5,337.5,null
"2019-03-26T01:28:56.000Z",45.701607,5.88347,19,30.5,43,337.5,null
"2019-03-26T01:33:01.000Z",45.701607,5.88347,27,35,43,337.5,null
"2019-03-26T01:37:01.000Z",45.701607,5.88347,18.5,31.5,55.5,337.5,null
"2019-03-26T01:41:01.000Z",45.701607,5.88347,22.5,33,45.5,337.5,null
"2019-03-26T01:45:05.000Z",45.701607,5.88347,24.5,34.5,47,337.5,null
"2019-03-26T01:49:05.000Z",45.701607,5.88347,25.5,35.5,48.5,337.5,null
"2019-03-26T01:53:05.000Z",45.701607,5.88347,24,35,46.5,337.5,null
"2019-03-26T01:57:09.000Z",45.701607,5.88347,15.5,35.5,52,337.5,null
"2019-03-26T02:01:09.000Z",45.701607,5.88347,22.5,30.5,39,337.5,null
"2019-03-26T02:05:09.000Z",45.701607,5.88347,22.5,30,36.5,337.5,null
"2019-03-26T02:09:13.000Z",45.701607,5.88347,21.5,28.5,42.5,337.5,null
"2019-03-26T02:13:13.000Z",45.701607,5.88347,24.5,33.5,46.5,337.5,null
"2019-03-26T02:17:13.000Z",45.701607,5.88347,27,37,49,337.5,null
"2019-03-26T02:21:17.000Z",45.701607,5.88347,20.5,36,58,337.5,null
"2019-03-26T02:25:17.000Z",45.701607,5.88347,23,36.5,55.5,337.5,null
"2019-03-26T02:29:17.000Z",45.701607,5.88347,30,40,56.5,337.5,null
"2019-03-26T02:33:21.000Z",45.701607,5.88347,20,37,50.5,337.5,null
"2019-03-26T02:37:21.000Z",45.701607,5.88347,22.5,37.5,53.5,337.5,null
"2019-03-26T02:41:21.000Z",45.701607,5.88347,22.5,41,58.5,337.5,null
"2019-03-26T02:45:25.000Z",45.701607,5.88347,23.5,37,53.5,337.5,null
"2019-03-26T02:49:25.000Z",45.701607,5.88347,28,39,63,337.5,null
"2019-03-26T02:53:25.000Z",45.701607,5.88347,24.5,37.5,50,337.5,null
"2019-03-26T02:57:30.000Z",45.701607,5.88347,12,32,52,0,null
"2019-03-26T03:01:30.000Z",45.701607,5.88347,20,38,58,337.5,null
"2019-03-26T03:05:30.000Z",45.701607,5.88347,24,36.5,56.5,337.5,null
"2019-03-26T03:09:34.000Z",45.701607,5.88347,27,39,56.5,337.5,null
"2019-03-26T03:13:34.000Z",45.701607,5.88347,22.5,36,54,337.5,null
"2019-03-26T03:17:34.000Z",45.701607,5.88347,21.5,34,48.5,337.5,null
"2019-03-26T03:21:37.000Z",45.701607,5.88347,23.5,39.5,66,337.5,null
"2019-03-26T03:25:37.000Z",45.701607,5.88347,27.5,38.5,54,337.5,null
"2019-03-26T03:29:37.000Z",45.701607,5.88347,19.5,31.5,48,0,null
"2019-03-26T03:33:41.000Z",45.701607,5.88347,19.5,35,57,337.5,null
"2019-03-26T03:37:41.000Z",45.701607,5.88347,28,37,46.5,337.5,null
"2019-03-26T03:41:41.000Z",45.701607,5.88347,21.5,32,43.5,337.5,null
"2019-03-26T03:45:46.000Z",45.701607,5.88347,23.5,35,48,337.5,null
"2019-03-26T03:49:46.000Z",45.701607,5.88347,16,28,42,0,null
"2019-03-26T03:53:46.000Z",45.701607,5.88347,18,35,53,337.5,null
"2019-03-26T03:57:50.000Z",45.701607,5.88347,19.5,32,47.5,337.5,null
"2019-03-26T04:01:50.000Z",45.701607,5.88347,14.5,27.5,46.5,337.5,null
"2019-03-26T04:05:50.000Z",45.701607,5.88347,13,31,47.5,337.5,null
"2019-03-26T04:09:53.000Z",45.701607,5.88347,17.5,27.5,38.5,337.5,null
"2019-03-26T04:13:53.000Z",45.701607,5.88347,17,26.5,48,337.5,null
"2019-03-26T04:17:53.000Z",45.701607,5.88347,19,29,41.5,0,null
"2019-03-26T04:21:58.000Z",45.701607,5.88347,21,34,64.5,337.5,null
"2019-03-26T04:25:58.000Z",45.701607,5.88347,18,32,53.5,337.5,null
"2019-03-26T04:29:58.000Z",45.701607,5.88347,24.5,37.5,64.5,337.5,null
"2019-03-26T04:34:02.000Z",45.701607,5.88347,26.5,36.5,51,337.5,null
"2019-03-26T04:38:02.000Z",45.701607,5.88347,19,37.5,60,337.5,null
"2019-03-26T04:42:02.000Z",45.701607,5.88347,26.5,41.5,68,337.5,null
"2019-03-26T04:46:06.000Z",45.701607,5.88347,21,38.5,60.5,337.5,null
"2019-03-26T04:50:06.000Z",45.701607,5.88347,22,39,61.5,337.5,null
"2019-03-26T04:54:06.000Z",45.701607,5.88347,31.5,42,59,337.5,null
"2019-03-26T04:58:10.000Z",45.701607,5.88347,29.5,41.5,55.5,337.5,null
"2019-03-26T05:02:10.000Z",45.701607,5.88347,23.5,43.5,63.5,337.5,null
"2019-03-26T05:06:10.000Z",45.701607,5.88347,34,45,55.5,337.5,null
"2019-03-26T05:10:14.000Z",45.701607,5.88347,29,47,70.5,337.5,null
"2019-03-26T05:14:14.000Z",45.701607,5.88347,28,42.5,62.5,337.5,null
"2019-03-26T05:18:14.000Z",45.701607,5.88347,27,44.5,65.5,337.5,null
"2019-03-26T05:22:18.000Z",45.701607,5.88347,26.5,43.5,61.5,337.5,null
"2019-03-26T05:26:18.000Z",45.701607,5.88347,25,40.5,54.5,337.5,null
"2019-03-26T05:30:18.000Z",45.701607,5.88347,21.5,36.5,56.5,337.5,null
"2019-03-26T05:34:22.000Z",45.701607,5.88347,22.5,42,56,337.5,null
"2019-03-26T05:38:22.000Z",45.701607,5.88347,23,38.5,62,0,null
"2019-03-26T05:42:22.000Z",45.701607,5.88347,29,43,58,337.5,null
"2019-03-26T05:46:26.000Z",45.701607,5.88347,28.5,39.5,55,0,null
"2019-03-26T05:50:26.000Z",45.701607,5.88347,17,33.5,59,0,null
"2019-03-26T05:54:26.000Z",45.701607,5.88347,18,37.5,54.5,337.5,null
"2019-03-26T05:58:31.000Z",45.701607,5.88347,22,44,61,337.5,null
"2019-03-26T06:02:31.000Z",45.701607,5.88347,17,43,62.5,0,null
"2019-03-26T06:06:31.000Z",45.701607,5.88347,22.5,39.5,62.5,0,null
"2019-03-26T06:10:34.000Z",45.701607,5.88347,24.5,43.5,69.5,0,null
"2019-03-26T06:14:34.000Z",45.701607,5.88347,15.5,39.5,62.5,0,null
"2019-03-26T06:18:34.000Z",45.701607,5.88347,14,40.5,75,0,null
"2019-03-26T06:22:39.000Z",45.701607,5.88347,19,42.5,76,0,null
"2019-03-26T06:26:39.000Z",45.701607,5.88347,17,36.5,62,0,null
"2019-03-26T06:30:39.000Z",45.701607,5.88347,21.5,39,56.5,337.5,null
"2019-03-26T06:34:42.000Z",45.701607,5.88347,22,41,62.5,0,null
"2019-03-26T06:38:42.000Z",45.701607,5.88347,19,38,66.5,0,null
"2019-03-26T06:42:42.000Z",45.701607,5.88347,22.5,43,68,0,null
"2019-03-26T06:46:46.000Z",45.701607,5.88347,16,39.5,60.5,0,null
"2019-03-26T06:50:46.000Z",45.701607,5.88347,23.5,41.5,62.5,0,null
"2019-03-26T06:54:46.000Z",45.701607,5.88347,21.5,42.5,69,0,null
"2019-03-26T06:58:51.000Z",45.701607,5.88347,25,37.5,63,0,null
"2019-03-26T07:02:51.000Z",45.701607,5.88347,29,41,66,337.5,null
"2019-03-26T07:06:51.000Z",45.701607,5.88347,28,39,53,337.5,null
"2019-03-26T07:10:55.000Z",45.701607,5.88347,22,42,57,337.5,null
"2019-03-26T07:14:55.000Z",45.701607,5.88347,26,42,67.5,0,null
"2019-03-26T07:18:55.000Z",45.701607,5.88347,23,42.5,73.5,0,null
"2019-03-26T07:22:59.000Z",45.701607,5.88347,22,38.5,56,0,null
"2019-03-26T07:26:59.000Z",45.701607,5.88347,21.5,40,73,0,null
"2019-03-26T07:30:59.000Z",45.701607,5.88347,24.5,43.5,61.5,0,null
"2019-03-26T07:35:02.000Z",45.701607,5.88347,20,36.5,66,0,null
"2019-03-26T07:39:02.000Z",45.701607,5.88347,16.5,38.5,56,337.5,null
"2019-03-26T07:43:02.000Z",45.701607,5.88347,28.5,40,59,0,null
"2019-03-26T07:47:07.000Z",45.701607,5.88347,29.5,42,72.5,0,null
"2019-03-26T07:51:07.000Z",45.701607,5.88347,20,38.5,59.5,0,null
"2019-03-26T07:55:07.000Z",45.701607,5.88347,26,37,59,0,null
"2019-03-26T07:59:11.000Z",45.701607,5.88347,19.5,39.5,56.5,0,null
"2019-03-26T08:03:11.000Z",45.701607,5.88347,23.5,38,54,0,null
"2019-03-26T08:07:11.000Z",45.701607,5.88347,22.5,37,57.5,0,null
"2019-03-26T08:11:15.000Z",45.701607,5.88347,27,39.5,52,0,null
"2019-03-26T08:15:15.000Z",45.701607,5.88347,21,40.5,71.5,0,null
"2019-03-26T08:19:15.000Z",45.701607,5.88347,30,40,54,0,null
"2019-03-26T08:23:19.000Z",45.701607,5.88347,29,46,66.5,337.5,null
"2019-03-26T08:27:19.000Z",45.701607,5.88347,26,41.5,58.5,0,null
"2019-03-26T08:31:19.000Z",45.701607,5.88347,28,44.5,70,0,null
"2019-03-26T08:35:23.000Z",45.701607,5.88347,21,37,59.5,0,null
"2019-03-26T08:39:23.000Z",45.701607,5.88347,17.5,36,58,0,null
"2019-03-26T08:43:23.000Z",45.701607,5.88347,13,29.5,49,0,null
"2019-03-26T08:47:27.000Z",45.701607,5.88347,21,38.5,60.5,337.5,null
"2019-03-26T08:51:27.000Z",45.701607,5.88347,21.5,34.5,57.5,337.5,null
"2019-03-26T08:55:27.000Z",45.701607,5.88347,22,39,60.5,337.5,null
"2019-03-26T08:59:31.000Z",45.701607,5.88347,20,39,60,0,null
"2019-03-26T09:03:31.000Z",45.701607,5.88347,27,38,51,0,null
"2019-03-26T09:07:31.000Z",45.701607,5.88347,28,41.5,54.5,337.5,null
"2019-03-26T09:11:35.000Z",45.701607,5.88347,33,45,59.5,337.5,null
"2019-03-26T09:15:35.000Z",45.701607,5.88347,16.5,38,60,0,null
"2019-03-26T09:19:35.000Z",45.701607,5.88347,13.5,43.5,61,337.5,null
"2019-03-26T09:23:39.000Z",45.701607,5.88347,19.5,39.5,56,337.5,null
"2019-03-26T09:27:39.000Z",45.701607,5.88347,18.5,40,54,0,null
"2019-03-26T09:31:39.000Z",45.701607,5.88347,22.5,34.5,54.5,337.5,null
"2019-03-26T09:35:43.000Z",45.701607,5.88347,21.5,30,49.5,337.5,null
"2019-03-26T09:39:43.000Z",45.701607,5.88347,27,35,51.5,337.5,null
"2019-03-26T09:43:43.000Z",45.701607,5.88347,24,35.5,48.5,337.5,null
"2019-03-26T09:47:47.000Z",45.701607,5.88347,27.5,41,58,337.5,null
"2019-03-26T09:51:47.000Z",45.701607,5.88347,21,36,52,337.5,null
"2019-03-26T09:55:47.000Z",45.701607,5.88347,22.5,39,63.5,337.5,null
"2019-03-26T09:59:52.000Z",45.701607,5.88347,26.5,42,57,337.5,null
"2019-03-26T10:03:52.000Z",45.701607,5.88347,28,38,60,337.5,null
"2019-03-26T10:07:52.000Z",45.701607,5.88347,22,36,50.5,337.5,null
"2019-03-26T10:11:56.000Z",45.701607,5.88347,14.5,30.5,47.5,337.5,null
"2019-03-26T10:15:56.000Z",45.701607,5.88347,22.5,40.5,67.5,337.5,null
"2019-03-26T10:19:56.000Z",45.701607,5.88347,13,35,53.5,337.5,null
"2019-03-26T10:23:59.000Z",45.701607,5.88347,29.5,37.5,52.5,337.5,null
"2019-03-26T10:27:59.000Z",45.701607,5.88347,23.5,35.5,45,337.5,null
"2019-03-26T10:31:59.000Z",45.701607,5.88347,21.5,32,42,337.5,null
"2019-03-26T10:36:03.000Z",45.701607,5.88347,25.5,35,46.5,337.5,null
"2019-03-26T10:40:03.000Z",45.701607,5.88347,27.5,38.5,51,337.5,null
"2019-03-26T10:44:03.000Z",45.701607,5.88347,24,35.5,46.5,337.5,null
"2019-03-26T10:48:08.000Z",45.701607,5.88347,21.5,35,50,0,null
"2019-03-26T10:52:08.000Z",45.701607,5.88347,21,34.5,47.5,0,null
"2019-03-26T10:56:08.000Z",45.701607,5.88347,22.5,31.5,45,337.5,null
"2019-03-26T11:00:12.000Z",45.701607,5.88347,26,34.5,45.5,337.5,null
"2019-03-26T11:04:12.000Z",45.701607,5.88347,21.5,29,39.5,337.5,null
"2019-03-26T11:08:12.000Z",45.701607,5.88347,21.5,31,45.5,337.5,null
"2019-03-26T11:12:15.000Z",45.701607,5.88347,24.5,33.5,45.5,337.5,null
"2019-03-26T11:16:15.000Z",45.701607,5.88347,24.5,34.5,50.5,337.5,null
"2019-03-26T11:20:15.000Z",45.701607,5.88347,20,32,42.5,337.5,null
"2019-03-26T11:24:19.000Z",45.701607,5.88347,21,28,41,337.5,null
"2019-03-26T11:28:19.000Z",45.701607,5.88347,17.5,30,41,337.5,null
"2019-03-26T11:32:19.000Z",45.701607,5.88347,19,30,43,337.5,null
"2019-03-26T11:36:24.000Z",45.701607,5.88347,22.5,31,40,337.5,null
"2019-03-26T11:40:24.000Z",45.701607,5.88347,21,31.5,45.5,337.5,null
"2019-03-26T11:44:24.000Z",45.701607,5.88347,18,29.5,46.5,337.5,null
"2019-03-26T11:48:28.000Z",45.701607,5.88347,20,34,47,337.5,null
"2019-03-26T11:52:28.000Z",45.701607,5.88347,25,33.5,41,337.5,null
"2019-03-26T11:56:28.000Z",45.701607,5.88347,30,40,56.5,337.5,null
"2019-03-26T12:00:31.000Z",45.701607,5.88347,21,31,40.5,337.5,null
"2019-03-26T12:04:31.000Z",45.701607,5.88347,16.5,34,50,337.5,null
"2019-03-26T12:08:31.000Z",45.701607,5.88347,22.5,35.5,50,337.5,null
"2019-03-26T12:12:36.000Z",45.701607,5.88347,14,31,43,337.5,null
"2019-03-26T12:16:36.000Z",45.701607,5.88347,8.75,27,47.5,337.5,null
"2019-03-26T12:20:36.000Z",45.701607,5.88347,25,35.5,47,337.5,null
"2019-03-26T12:24:40.000Z",45.701607,5.88347,16.5,29.5,41,337.5,null
"2019-03-26T12:28:40.000Z",45.701607,5.88347,20.5,33,44,337.5,null
"2019-03-26T12:32:40.000Z",45.701607,5.88347,22,34.5,49.5,337.5,null
"2019-03-26T12:36:44.000Z",45.701607,5.88347,17,28,42,0,null
"2019-03-26T12:40:44.000Z",45.701607,5.88347,14.5,24.5,40.5,0,null
"2019-03-26T12:44:44.000Z",45.701607,5.88347,23,30,40,0,null
"2019-03-26T12:48:48.000Z",45.701607,5.88347,16.5,30,47.5,0,null
"2019-03-26T12:52:48.000Z",45.701607,5.88347,11.5,26,40.5,0,null
"2019-03-26T12:56:48.000Z",45.701607,5.88347,17,32.5,51.5,0,null
"2019-03-26T13:00:51.000Z",45.701607,5.88347,12,31.5,66.5,337.5,null
"2019-03-26T13:04:51.000Z",45.701607,5.88347,14,29,42,337.5,null
"2019-03-26T13:08:51.000Z",45.701607,5.88347,20,31.5,43,337.5,null
"2019-03-26T13:12:56.000Z",45.701607,5.88347,13,27.5,50,337.5,null
"2019-03-26T13:16:56.000Z",45.701607,5.88347,17.5,29.5,46,337.5,null
"2019-03-26T13:20:56.000Z",45.701607,5.88347,19,31,46,337.5,null
"2019-03-26T13:25:00.000Z",45.701607,5.88347,15.5,32.5,49.5,337.5,null
"2019-03-26T13:29:00.000Z",45.701607,5.88347,20.5,30.5,44,337.5,null
"2019-03-26T13:33:00.000Z",45.701607,5.88347,20,32.5,46.5,337.5,null
"2019-03-26T13:37:04.000Z",45.701607,5.88347,26.5,36.5,49.5,337.5,null
"2019-03-26T13:41:04.000Z",45.701607,5.88347,19,33,49,337.5,null
"2019-03-26T13:45:04.000Z",45.701607,5.88347,23,32.5,45.5,337.5,null
"2019-03-26T13:49:08.000Z",45.701607,5.88347,26,33.5,47.5,337.5,null
"2019-03-26T13:53:08.000Z",45.701607,5.88347,25.5,34.5,42,337.5,null
"2019-03-26T13:57:08.000Z",45.701607,5.88347,26.5,32.5,47,337.5,null
"2019-03-26T14:01:20.000Z",45.701607,5.88347,17,30.5,46.5,337.5,null
"2019-03-26T14:05:20.000Z",45.701607,5.88347,27,37.5,51,337.5,null
"2019-03-26T14:09:20.000Z",45.701607,5.88347,19,34.5,49,337.5,null
"2019-03-26T14:13:24.000Z",45.701607,5.88347,29,37.5,47.5,337.5,null
"2019-03-26T14:17:24.000Z",45.701607,5.88347,28,34,39.5,337.5,null
"2019-03-26T14:21:24.000Z",45.701607,5.88347,16.5,27.5,37,337.5,null
"2019-03-26T14:25:28.000Z",45.701607,5.88347,22.5,35.5,53,337.5,null
"2019-03-26T14:29:28.000Z",45.701607,5.88347,24.5,34,43,315,null
"2019-03-26T14:33:28.000Z",45.701607,5.88347,26.5,33,44.5,337.5,null
"2019-03-26T14:37:32.000Z",45.701607,5.88347,21,27.5,40,337.5,null
"2019-03-26T14:41:32.000Z",45.701607,5.88347,24.5,35,48.5,337.5,null
"2019-03-26T14:45:32.000Z",45.701607,5.88347,26.5,36.5,55.5,337.5,null
"2019-03-26T14:49:36.000Z",45.701607,5.88347,24.5,33.5,46,337.5,null
"2019-03-26T14:53:36.000Z",45.701607,5.88347,18.5,30.5,41.5,337.5,null
"2019-03-26T14:57:36.000Z",45.701607,5.88347,13,28.5,41.5,337.5,null
"2019-03-26T15:01:41.000Z",45.701607,5.88347,20,30.5,48,337.5,null
"2019-03-26T15:05:41.000Z",45.701607,5.88347,20,29.5,41,337.5,null
"2019-03-26T15:09:41.000Z",45.701607,5.88347,19,32.5,55.5,337.5,null
"2019-03-26T15:13:45.000Z",45.701607,5.88347,23,31.5,42,337.5,null
"2019-03-26T15:17:45.000Z",45.701607,5.88347,15,28.5,40.5,337.5,null
"2019-03-26T15:21:45.000Z",45.701607,5.88347,21,27,39.5,337.5,null
"2019-03-26T15:25:49.000Z",45.701607,5.88347,13.5,28,39,337.5,null
"2019-03-26T15:29:49.000Z",45.701607,5.88347,23.5,32.5,42,337.5,null
"2019-03-26T15:33:49.000Z",45.701607,5.88347,20,31,46,337.5,null
"2019-03-26T15:37:53.000Z",45.701607,5.88347,22.5,32.5,45.5,337.5,null
"2019-03-26T15:41:53.000Z",45.701607,5.88347,25,31,42,337.5,null
"2019-03-26T15:45:53.000Z",45.701607,5.88347,16.5,27,44,337.5,null
"2019-03-26T15:49:57.000Z",45.701607,5.88347,17,31.5,44,337.5,null
"2019-03-26T15:53:57.000Z",45.701607,5.88347,15,30.5,45.5,337.5,null
"2019-03-26T15:57:57.000Z",45.701607,5.88347,18.5,25.5,43,0,null
"2019-03-26T16:02:00.000Z",45.701607,5.88347,19,30.5,45.5,337.5,null
"2019-03-26T16:06:00.000Z",45.701607,5.88347,12,27.5,42,337.5,null
"2019-03-26T16:10:00.000Z",45.701607,5.88347,14,25.5,33,337.5,null
"2019-03-26T16:14:05.000Z",45.701607,5.88347,24.5,30.5,46.5,0,null
"2019-03-26T16:18:05.000Z",45.701607,5.88347,12,27,37,337.5,null
"2019-03-26T16:22:05.000Z",45.701607,5.88347,15,25,42,0,null
"2019-03-26T16:26:09.000Z",45.701607,5.88347,16.5,33,45,0,null
"2019-03-26T16:30:09.000Z",45.701607,5.88347,23,33.5,48,337.5,null
"2019-03-26T16:34:09.000Z",45.701607,5.88347,17,26.5,35,337.5,null
"2019-03-26T16:38:13.000Z",45.701607,5.88347,13,27.5,42,337.5,null
"2019-03-26T16:42:13.000Z",45.701607,5.88347,17,31.5,45.5,337.5,null
"2019-03-26T16:46:13.000Z",45.701607,5.88347,22.5,29.5,44,337.5,null
"2019-03-26T16:50:17.000Z",45.701607,5.88347,20.5,28.5,38.5,337.5,null
"2019-03-26T16:54:17.000Z",45.701607,5.88347,15.5,28.5,39.5,337.5,null
"2019-03-26T16:58:17.000Z",45.701607,5.88347,13.5,25,36.5,337.5,null
"2019-03-26T17:02:20.000Z",45.701607,5.88347,20.5,30,45.5,337.5,null
"2019-03-26T17:06:20.000Z",45.701607,5.88347,22.5,30.5,43,337.5,null
"2019-03-26T17:10:20.000Z",45.701607,5.88347,17.5,27.5,42,337.5,null
"2019-03-26T17:14:25.000Z",45.701607,5.88347,19,30,49,0,null
"2019-03-26T17:18:25.000Z",45.701607,5.88347,16.5,31,47,0,null
"2019-03-26T17:22:25.000Z",45.701607,5.88347,13,25.5,36,337.5,null
"2019-03-26T17:26:29.000Z",45.701607,5.88347,5.5,23,38,0,null
"2019-03-26T17:30:29.000Z",45.701607,5.88347,16.5,25.5,40.5,0,null
"2019-03-26T17:34:29.000Z",45.701607,5.88347,16.5,23.5,34.5,337.5,null
"2019-03-26T17:38:33.000Z",45.701607,5.88347,20.5,31,44,337.5,null
"2019-03-26T17:42:33.000Z",45.701607,5.88347,19,28.5,46,337.5,null
"2019-03-26T17:46:33.000Z",45.701607,5.88347,19,26.5,37,337.5,null
"2019-03-26T17:50:37.000Z",45.701607,5.88347,21,31,43.5,337.5,null
"2019-03-26T17:54:37.000Z",45.701607,5.88347,14.5,28.5,52,337.5,null
"2019-03-26T17:58:37.000Z",45.701607,5.88347,14.5,22.5,35.5,337.5,null
"2019-03-26T18:02:41.000Z",45.701607,5.88347,19,26.5,36.5,337.5,null
"2019-03-26T18:06:41.000Z",45.701607,5.88347,18,27,37,0,null
"2019-03-26T18:10:41.000Z",45.701607,5.88347,13,23.5,31.5,0,null
"2019-03-26T18:14:45.000Z",45.701607,5.88347,12,20,31.5,0,null
"2019-03-26T18:18:45.000Z",45.701607,5.88347,5.5,16.5,23.5,0,null
"2019-03-26T18:22:45.000Z",45.701607,5.88347,3.25,11,20.5,22.5,null
"2019-03-26T18:26:50.000Z",45.701607,5.88347,0.75,11,30.5,0,null
"2019-03-26T18:30:50.000Z",45.701607,5.88347,7.25,17.5,30.5,0,null
"2019-03-26T18:34:50.000Z",45.701607,5.88347,7.25,14.5,21,0,null
"2019-03-26T18:38:53.000Z",45.701607,5.88347,0.75,7.25,14.5,0,null
"2019-03-26T18:42:53.000Z",45.701607,5.88347,2.75,11.5,22.5,0,null
"2019-03-26T18:46:53.000Z",45.701607,5.88347,8.25,16.5,22,0,null
"2019-03-26T18:50:58.000Z",45.701607,5.88347,5.5,12.5,24.5,0,null
"2019-03-26T18:54:58.000Z",45.701607,5.88347,12.5,19,24.5,0,null
"2019-03-26T18:58:58.000Z",45.701607,5.88347,9.75,18.5,30.5,0,null
"2019-03-26T19:03:02.000Z",45.701607,5.88347,15,27,40,0,null
"2019-03-26T19:07:02.000Z",45.701607,5.88347,21,28,36.5,337.5,null
"2019-03-26T19:11:02.000Z",45.701607,5.88347,15,22.5,35.5,0,null
"2019-03-26T19:15:06.000Z",45.701607,5.88347,18.5,25,34,337.5,null
"2019-03-26T19:19:06.000Z",45.701607,5.88347,18,25.5,42,337.5,null
"2019-03-26T19:23:06.000Z",45.701607,5.88347,13,24.5,39.5,337.5,null
"2019-03-26T19:27:10.000Z",45.701607,5.88347,15.5,29.5,50,0,null
"2019-03-26T19:31:10.000Z",45.701607,5.88347,15.5,26,37.5,337.5,null
"2019-03-26T19:35:10.000Z",45.701607,5.88347,12,28,43,0,null
"2019-03-26T19:39:14.000Z",45.701607,5.88347,9,24.5,46,0,null
"2019-03-26T19:43:14.000Z",45.701607,5.88347,17.5,23,35,0,null
"2019-03-26T19:47:14.000Z",45.701607,5.88347,15.5,23.5,30.5,0,null
"2019-03-26T19:51:18.000Z",45.701607,5.88347,15.5,25,49,0,null
"2019-03-26T19:55:18.000Z",45.701607,5.88347,11,18.5,26,0,null
"2019-03-26T19:59:18.000Z",45.701607,5.88347,6,14.5,29,22.5,null
"2019-03-26T20:03:22.000Z",45.701607,5.88347,8,14,21,22.5,null
"2019-03-26T20:07:22.000Z",45.701607,5.88347,6,13,20.5,22.5,null
"2019-03-26T20:11:22.000Z",45.701607,5.88347,7.25,11.5,18.5,22.5,null
"2019-03-26T20:15:25.000Z",45.701607,5.88347,12,16.5,22.5,0,null
"2019-03-26T20:19:25.000Z",45.701607,5.88347,7.25,17,25.5,0,null
"2019-03-26T20:23:25.000Z",45.701607,5.88347,6.25,16,26,0,null
"2019-03-26T20:27:29.000Z",45.701607,5.88347,12,24,35,0,null
"2019-03-26T20:31:29.000Z",45.701607,5.88347,14,21.5,34,0,null
"2019-03-26T20:35:29.000Z",45.701607,5.88347,15.5,29,37,337.5,null
"2019-03-26T20:39:34.000Z",45.701607,5.88347,18,31,43,337.5,null
"2019-03-26T20:43:34.000Z",45.701607,5.88347,22.5,33,44.5,337.5,null
"2019-03-26T20:47:34.000Z",45.701607,5.88347,21.5,35,48,337.5,null
"2019-03-26T20:51:38.000Z",45.701607,5.88347,26,38,57.5,337.5,null
"2019-03-26T20:55:38.000Z",45.701607,5.88347,28,37,55.5,337.5,null
"2019-03-26T20:59:38.000Z",45.701607,5.88347,25,36,49.5,337.5,null
"2019-03-26T21:03:42.000Z",45.701607,5.88347,22.5,38.5,58,0,null
"2019-03-26T21:07:42.000Z",45.701607,5.88347,28.5,35.5,46.5,0,null
"2019-03-26T21:11:42.000Z",45.701607,5.88347,25,36,44,0,null
"2019-03-26T21:15:46.000Z",45.701607,5.88347,27,37,47.5,0,null
"2019-03-26T21:19:46.000Z",45.701607,5.88347,29,35.5,46.5,0,null
"2019-03-26T21:23:46.000Z",45.701607,5.88347,19.5,30.5,48,0,null
"2019-03-26T21:27:50.000Z",45.701607,5.88347,12,21.5,33.5,0,null
"2019-03-26T21:31:50.000Z",45.701607,5.88347,8.25,22,37,22.5,null
"2019-03-26T21:35:50.000Z",45.701607,5.88347,12,26,41,0,null
"2019-03-26T21:39:54.000Z",45.701607,5.88347,10.5,20.5,36,22.5,null
"2019-03-26T21:43:54.000Z",45.701607,5.88347,6.5,19,29.5,22.5,null
"2019-03-26T21:47:54.000Z",45.701607,5.88347,6.25,26,38,22.5,null
"2019-03-26T21:51:58.000Z",45.701607,5.88347,3.25,14,25.5,22.5,null
"2019-03-26T21:55:58.000Z",45.701607,5.88347,7.75,20,42,0,null
"2019-03-26T21:59:58.000Z",45.701607,5.88347,11,24.5,35.5,0,null
"2019-03-26T22:04:02.000Z",45.701607,5.88347,4.25,10,22.5,0,null
"2019-03-26T22:08:02.000Z",45.701607,5.88347,5.25,12.5,22,337.5,null
"2019-03-26T22:12:02.000Z",45.701607,5.88347,5.25,14.5,30.5,337.5,null
"2019-03-26T22:16:06.000Z",45.701607,5.88347,0,7.5,20,22.5,null
"2019-03-26T22:20:06.000Z",45.701607,5.88347,0,5,11,22.5,null
"2019-03-26T22:24:06.000Z",45.701607,5.88347,0,2,6.25,90,null
"2019-03-26T22:28:11.000Z",45.701607,5.88347,0,3.25,6.25,112.5,null
"2019-03-26T22:32:11.000Z",45.701607,5.88347,0.25,3.25,7,157.5,null
"2019-03-26T22:36:11.000Z",45.701607,5.88347,0,4.25,10.5,90,null
"2019-03-26T22:40:15.000Z",45.701607,5.88347,0,4.5,9,67.5,null
"2019-03-26T22:44:15.000Z",45.701607,5.88347,0,3,6.5,22.5,null
"2019-03-26T22:48:15.000Z",45.701607,5.88347,0,3.5,9,22.5,null
"2019-03-26T22:52:19.000Z",45.701607,5.88347,1.5,14,28,0,null
"2019-03-26T22:56:19.000Z",45.701607,5.88347,7,13.5,21.5,22.5,null
"2019-03-26T23:00:19.000Z",45.701607,5.88347,5.25,17,31.5,0,null
"2019-03-26T23:04:22.000Z",45.701607,5.88347,7,20,35,0,null
"2019-03-26T23:08:22.000Z",45.701607,5.88347,15,24,32,0,null
"2019-03-26T23:12:22.000Z",45.701607,5.88347,13,18,23.5,0,null
"2019-03-26T23:16:27.000Z",45.701607,5.88347,8,11.5,17.5,22.5,null
"2019-03-26T23:20:27.000Z",45.701607,5.88347,7.75,13,20.5,22.5,null
"2019-03-26T23:24:27.000Z",45.701607,5.88347,7.25,12,18.5,22.5,null
"2019-03-26T23:28:30.000Z",45.701607,5.88347,9.75,13.5,18.5,22.5,null
"2019-03-26T23:32:30.000Z",45.701607,5.88347,4.25,15,23,0,null
"2019-03-26T23:36:30.000Z",45.701607,5.88347,2,13,21,0,null
"2019-03-26T23:40:34.000Z",45.701607,5.88347,12.5,20,36,0,null
"2019-03-26T23:44:34.000Z",45.701607,5.88347,11,23,33.5,0,null
"2019-03-26T23:48:34.000Z",45.701607,5.88347,16,25,42,0,null
"2019-03-26T23:52:38.000Z",45.701607,5.88347,26,35.5,45,0,null
"2019-03-26T23:56:38.000Z",45.701607,5.88347,25.5,34.5,47.5,0,null
"2019-03-27T00:00:38.000Z",45.701607,5.88347,22.5,31,42,0,null
"2019-03-27T00:04:43.000Z",45.701607,5.88347,21.5,27.5,32.5,0,null
"2019-03-27T00:08:43.000Z",45.701607,5.88347,20,26.5,32.5,0,null
"2019-03-27T00:12:43.000Z",45.701607,5.88347,19,25,32.5,0,null
"2019-03-27T00:16:46.000Z",45.701607,5.88347,10,18,28,0,null
"2019-03-27T00:20:46.000Z",45.701607,5.88347,15.5,22,29,0,null
"2019-03-27T00:24:46.000Z",45.701607,5.88347,16,21,25.5,0,null
"2019-03-27T00:28:51.000Z",45.701607,5.88347,16.5,22.5,28.5,0,null
"2019-03-27T00:32:51.000Z",45.701607,5.88347,15.5,24,31.5,0,null
"2019-03-27T00:36:51.000Z",45.701607,5.88347,18,24,31,0,null
"2019-03-27T00:40:55.000Z",45.701607,5.88347,16.5,24.5,33.5,0,null
"2019-03-27T00:44:55.000Z",45.701607,5.88347,21,28,38.5,0,null
"2019-03-27T00:48:55.000Z",45.701607,5.88347,18.5,28,37,0,null
"2019-03-27T00:52:59.000Z",45.701607,5.88347,18,28.5,36.5,0,null
"2019-03-27T00:56:59.000Z",45.701607,5.88347,21,24.5,30,0,null
"2019-03-27T01:00:59.000Z",45.701607,5.88347,19,28.5,45.5,0,null
"2019-03-27T01:05:03.000Z",45.701607,5.88347,10,18.5,34,0,null
"2019-03-27T01:09:03.000Z",45.701607,5.88347,12,17.5,23,22.5,null
"2019-03-27T01:13:03.000Z",45.701607,5.88347,12,16,29,22.5,null
"2019-03-27T01:17:07.000Z",45.701607,5.88347,13.5,18.5,26.5,0,null
"2019-03-27T01:21:07.000Z",45.701607,5.88347,8.25,14.5,21,0,null
"2019-03-27T01:25:07.000Z",45.701607,5.88347,5.5,10.5,17,0,null
"2019-03-27T01:29:11.000Z",45.701607,5.88347,7.75,18,31.5,337.5,null
"2019-03-27T01:33:11.000Z",45.701607,5.88347,1.5,10,27,337.5,null
"2019-03-27T01:37:11.000Z",45.701607,5.88347,6.25,13.5,20,337.5,null
"2019-03-27T01:41:15.000Z",45.701607,5.88347,12.5,22,36,337.5,null
"2019-03-27T01:45:15.000Z",45.701607,5.88347,2.5,8.5,20.5,0,null
"2019-03-27T01:49:15.000Z",45.701607,5.88347,9,18,33,315,null
"2019-03-27T01:53:19.000Z",45.701607,5.88347,3.25,11.5,22.5,337.5,null
"2019-03-27T01:57:19.000Z",45.701607,5.88347,1.5,16,30.5,337.5,null
"2019-03-27T02:01:19.000Z",45.701607,5.88347,1,11.5,24.5,0,null
"2019-03-27T02:05:24.000Z",45.701607,5.88347,2.5,8,22,22.5,null
"2019-03-27T02:09:24.000Z",45.701607,5.88347,4.25,13.5,20,315,null
"2019-03-27T02:13:24.000Z",45.701607,5.88347,0.25,5,12,22.5,null
"2019-03-27T02:17:28.000Z",45.701607,5.88347,0,5,11,0,null
"2019-03-27T02:21:28.000Z",45.701607,5.88347,0,4,10.5,22.5,null
"2019-03-27T02:25:28.000Z",45.701607,5.88347,3.25,7,15.5,0,null
"2019-03-27T02:29:32.000Z",45.701607,5.88347,2,6,13,45,null
"2019-03-27T02:33:32.000Z",45.701607,5.88347,1.5,4,7,45,null
"2019-03-27T02:37:32.000Z",45.701607,5.88347,2.75,7.75,14.5,0,null
"2019-03-27T02:41:35.000Z",45.701607,5.88347,9.75,16.5,27,0,null
"2019-03-27T02:45:35.000Z",45.701607,5.88347,1.5,6.5,13.5,22.5,null
"2019-03-27T02:49:35.000Z",45.701607,5.88347,3.75,10.5,20,0,null
"2019-03-27T02:53:39.000Z",45.701607,5.88347,5.5,8.5,14,45,null
"2019-03-27T02:57:39.000Z",45.701607,5.88347,5.25,7.75,13.5,67.5,null
"2019-03-27T03:01:39.000Z",45.701607,5.88347,4.25,9,14.5,45,null
"2019-03-27T03:05:43.000Z",45.701607,5.88347,3.75,7,11,67.5,null
"2019-03-27T03:09:43.000Z",45.701607,5.88347,3.5,8,14,45,null
"2019-03-27T03:13:43.000Z",45.701607,5.88347,4.75,8.25,15.5,45,null
"2019-03-27T03:17:48.000Z",45.701607,5.88347,3.5,9.25,13,45,null
"2019-03-27T03:21:48.000Z",45.701607,5.88347,2.75,9.75,13,67.5,null
"2019-03-27T03:25:48.000Z",45.701607,5.88347,3.25,6.5,9.75,45,null
"2019-03-27T03:29:52.000Z",45.701607,5.88347,4.5,7.75,10.5,22.5,null
"2019-03-27T03:33:52.000Z",45.701607,5.88347,4.25,6.75,10,45,null
"2019-03-27T03:37:52.000Z",45.701607,5.88347,4.75,8.5,15,22.5,null
"2019-03-27T03:41:56.000Z",45.701607,5.88347,0.75,6.5,12,45,null
"2019-03-27T03:45:56.000Z",45.701607,5.88347,2,5,11,22.5,null
"2019-03-27T03:49:56.000Z",45.701607,5.88347,5.25,7.25,14.5,45,null
"2019-03-27T03:54:00.000Z",45.701607,5.88347,3.5,9.75,15.5,22.5,null
"2019-03-27T03:58:00.000Z",45.701607,5.88347,7.25,12.5,17.5,22.5,null
"2019-03-27T04:02:00.000Z",45.701607,5.88347,3.5,10.5,15.5,22.5,null
"2019-03-27T04:06:03.000Z",45.701607,5.88347,5.5,9.5,14,22.5,null
"2019-03-27T04:10:03.000Z",45.701607,5.88347,3.25,7.25,14.5,45,null
"2019-03-27T04:14:03.000Z",45.701607,5.88347,6,8.25,12,45,null
"2019-03-27T04:18:08.000Z",45.701607,5.88347,5.25,10,15,22.5,null
"2019-03-27T04:22:08.000Z",45.701607,5.88347,2,8,14.5,45,null
"2019-03-27T04:26:08.000Z",45.701607,5.88347,4.25,9.5,13,45,null
"2019-03-27T04:30:12.000Z",45.701607,5.88347,6.25,10,15.5,45,null
"2019-03-27T04:34:12.000Z",45.701607,5.88347,4.5,9.25,16.5,45,null
"2019-03-27T04:38:12.000Z",45.701607,5.88347,4.25,9.25,15.5,22.5,null
"2019-03-27T04:42:16.000Z",45.701607,5.88347,5.25,9.5,14.5,22.5,null
"2019-03-27T04:46:16.000Z",45.701607,5.88347,5.5,9.5,14,22.5,null
"2019-03-27T04:50:16.000Z",45.701607,5.88347,8,13,20,22.5,null
"2019-03-27T04:54:20.000Z",45.701607,5.88347,5.5,10.5,18.5,22.5,null
"2019-03-27T04:58:20.000Z",45.701607,5.88347,3.5,12.5,23.5,0,null
"2019-03-27T05:02:20.000Z",45.701607,5.88347,5.25,10.5,16.5,45,null
"2019-03-27T05:06:24.000Z",45.701607,5.88347,6.5,11,17.5,22.5,null
"2019-03-27T05:10:24.000Z",45.701607,5.88347,5.25,9.75,17,22.5,null
"2019-03-27T05:14:24.000Z",45.701607,5.88347,4.25,8,15,22.5,null
"2019-03-27T05:18:28.000Z",45.701607,5.88347,4.5,12.5,27,0,null
"2019-03-27T05:22:28.000Z",45.701607,5.88347,8,18,29,0,null
"2019-03-27T05:26:28.000Z",45.701607,5.88347,3.75,9.75,13.5,22.5,null
"2019-03-27T05:30:33.000Z",45.701607,5.88347,5.5,9.75,19,22.5,null
"2019-03-27T05:34:33.000Z",45.701607,5.88347,7,13.5,19,22.5,null
"2019-03-27T05:38:33.000Z",45.701607,5.88347,3.5,8.5,14.5,22.5,null
"2019-03-27T05:42:36.000Z",45.701607,5.88347,4.75,9.75,16.5,22.5,null
"2019-03-27T05:46:36.000Z",45.701607,5.88347,3.75,7.25,14,45,null
"2019-03-27T05:50:36.000Z",45.701607,5.88347,3.75,8.75,15,45,null
"2019-03-27T05:54:40.000Z",45.701607,5.88347,2,12.5,19.5,45,null
"2019-03-27T05:58:40.000Z",45.701607,5.88347,5.25,10.5,17.5,22.5,null
"2019-03-27T06:02:40.000Z",45.701607,5.88347,4.75,9.25,17.5,45,null
"2019-03-27T06:06:44.000Z",45.701607,5.88347,4.25,7.5,14,22.5,null
"2019-03-27T06:10:44.000Z",45.701607,5.88347,3.25,7.5,13,45,null
"2019-03-27T06:14:44.000Z",45.701607,5.88347,4.25,8.5,13,45,null
"2019-03-27T06:18:48.000Z",45.701607,5.88347,6.25,12.5,19.5,22.5,null
"2019-03-27T06:22:48.000Z",45.701607,5.88347,7.75,12.5,17.5,22.5,null
"2019-03-27T06:26:48.000Z",45.701607,5.88347,5.25,12,19,22.5,null
"2019-03-27T06:30:53.000Z",45.701607,5.88347,4.25,12,24,45,null
"2019-03-27T06:34:53.000Z",45.701607,5.88347,4.5,9.5,16.5,45,null
"2019-03-27T06:38:53.000Z",45.701607,5.88347,4.5,8.5,14.5,45,null
"2019-03-27T06:42:56.000Z",45.701607,5.88347,3.5,8.75,15.5,22.5,null
"2019-03-27T06:46:56.000Z",45.701607,5.88347,4.5,9,13,22.5,null
"2019-03-27T06:50:56.000Z",45.701607,5.88347,2.75,7.25,12,45,null
"2019-03-27T06:55:01.000Z",45.701607,5.88347,4.25,9.75,14.5,45,null
"2019-03-27T06:59:01.000Z",45.701607,5.88347,2,7,11,67.5,null
"2019-03-27T07:03:01.000Z",45.701607,5.88347,3.5,9.25,16.5,67.5,null
"2019-03-27T07:07:04.000Z",45.701607,5.88347,6.5,11,16.5,67.5,null
"2019-03-27T07:11:04.000Z",45.701607,5.88347,3.5,10,16.5,67.5,null
"2019-03-27T07:15:04.000Z",45.701607,5.88347,3.75,8.5,17,22.5,null
"2019-03-27T07:19:08.000Z",45.701607,5.88347,3.75,7.75,13,45,null
"2019-03-27T07:23:08.000Z",45.701607,5.88347,0.25,6.75,13,45,null
"2019-03-27T07:27:08.000Z",45.701607,5.88347,2,6,12,22.5,null
"2019-03-27T07:31:13.000Z",45.701607,5.88347,1.5,10,16.5,22.5,null
"2019-03-27T07:35:13.000Z",45.701607,5.88347,4.5,11,16.5,22.5,null
"2019-03-27T07:39:13.000Z",45.701607,5.88347,7.75,12,16.5,22.5,null
"2019-03-27T07:43:17.000Z",45.701607,5.88347,3.25,9.25,14,22.5,null
"2019-03-27T07:47:17.000Z",45.701607,5.88347,6.25,11.5,21,22.5,null
"2019-03-27T07:51:17.000Z",45.701607,5.88347,10.5,15,21,22.5,null
"2019-03-27T07:55:21.000Z",45.701607,5.88347,8,13.5,21,22.5,null
"2019-03-27T07:59:21.000Z",45.701607,5.88347,3.75,12,21.5,22.5,null
"2019-03-27T08:03:21.000Z",45.701607,5.88347,10.5,17,25.5,0,null
"2019-03-27T08:07:25.000Z",45.701607,5.88347,7,11.5,19,22.5,null
"2019-03-27T08:11:25.000Z",45.701607,5.88347,7.25,12.5,16.5,0,null
"2019-03-27T08:15:25.000Z",45.701607,5.88347,11,15.5,19.5,0,null
"2019-03-27T08:19:29.000Z",45.701607,5.88347,13,21.5,27.5,0,null
"2019-03-27T08:23:29.000Z",45.701607,5.88347,9.75,19,26.5,0,null
"2019-03-27T08:27:29.000Z",45.701607,5.88347,13,20.5,28.5,0,null
"2019-03-27T08:31:33.000Z",45.701607,5.88347,11.5,20,27.5,337.5,null
"2019-03-27T08:35:33.000Z",45.701607,5.88347,16.5,23.5,32.5,337.5,null
"2019-03-27T08:39:33.000Z",45.701607,5.88347,20,25,32.5,0,null
"2019-03-27T08:43:37.000Z",45.701607,5.88347,17.5,23,30.5,337.5,null
"2019-03-27T08:47:37.000Z",45.701607,5.88347,12,19.5,26,0,null
"2019-03-27T08:51:37.000Z",45.701607,5.88347,11.5,18.5,27,337.5,null
"2019-03-27T08:55:41.000Z",45.701607,5.88347,14.5,24,37,337.5,null
"2019-03-27T08:59:41.000Z",45.701607,5.88347,14.5,20.5,27,337.5,null
"2019-03-27T09:03:41.000Z",45.701607,5.88347,13.5,21.5,28,337.5,null
"2019-03-27T09:07:45.000Z",45.701607,5.88347,12,18,28,337.5,null
"2019-03-27T09:11:45.000Z",45.701607,5.88347,8,18,32.5,337.5,null
"2019-03-27T09:15:45.000Z",45.701607,5.88347,11,18.5,27,0,null
"2019-03-27T09:19:50.000Z",45.701607,5.88347,10,15,21,0,null
"2019-03-27T09:23:50.000Z",45.701607,5.88347,6.5,13.5,23,0,null
"2019-03-27T09:27:50.000Z",45.701607,5.88347,5.5,14,22.5,337.5,null
"2019-03-27T09:31:54.000Z",45.701607,5.88347,5.5,12.5,22.5,0,null
"2019-03-27T09:35:54.000Z",45.701607,5.88347,7,11,16.5,337.5,null
"2019-03-27T09:39:54.000Z",45.701607,5.88347,10.5,17,23,337.5,null
"2019-03-27T09:43:58.000Z",45.701607,5.88347,10,14,22,0,null
"2019-03-27T09:47:58.000Z",45.701607,5.88347,6.5,13,22,0,null
"2019-03-27T09:51:58.000Z",45.701607,5.88347,3.25,12.5,24.5,0,null
"2019-03-27T09:56:02.000Z",45.701607,5.88347,7,19,38,0,null
"2019-03-27T10:00:02.000Z",45.701607,5.88347,7.75,17,25,0,null
"2019-03-27T10:04:02.000Z",45.701607,5.88347,6,15,25,0,null
"2019-03-27T10:08:06.000Z",45.701607,5.88347,12,18.5,27,337.5,null
"2019-03-27T10:12:06.000Z",45.701607,5.88347,17.5,25.5,33,337.5,null
"2019-03-27T10:16:06.000Z",45.701607,5.88347,22.5,27.5,34,337.5,null
"2019-03-27T10:20:09.000Z",45.701607,5.88347,16,23.5,40.5,337.5,null
"2019-03-27T10:24:09.000Z",45.701607,5.88347,14.5,22,30.5,0,null
"2019-03-27T10:28:09.000Z",45.701607,5.88347,19.5,26.5,37.5,337.5,null
"2019-03-27T10:32:14.000Z",45.701607,5.88347,15,24.5,39.5,337.5,null
"2019-03-27T10:36:14.000Z",45.701607,5.88347,23,28.5,38,0,null
"2019-03-27T10:40:14.000Z",45.701607,5.88347,19,26,32.5,337.5,null
"2019-03-27T10:44:17.000Z",45.701607,5.88347,18.5,23,26,337.5,null
"2019-03-27T10:48:17.000Z",45.701607,5.88347,22,28,33.5,337.5,null
"2019-03-27T10:52:17.000Z",45.701607,5.88347,15.5,22,30.5,337.5,null
"2019-03-27T10:56:21.000Z",45.701607,5.88347,14.5,20,29.5,337.5,null
"2019-03-27T11:00:21.000Z",45.701607,5.88347,19,25.5,38.5,337.5,null
"2019-03-27T11:04:21.000Z",45.701607,5.88347,19.5,27.5,38.5,0,null
"2019-03-27T11:08:25.000Z",45.701607,5.88347,8,17,29.5,0,null
"2019-03-27T11:12:25.000Z",45.701607,5.88347,15.5,23.5,32,337.5,null
"2019-03-27T11:16:25.000Z",45.701607,5.88347,18,24.5,35.5,337.5,null
"2019-03-27T11:20:30.000Z",45.701607,5.88347,16,20,23.5,337.5,null
"2019-03-27T11:24:30.000Z",45.701607,5.88347,13.5,19.5,28.5,337.5,null
"2019-03-27T11:28:30.000Z",45.701607,5.88347,13,21,28.5,337.5,null
"2019-03-27T11:32:33.000Z",45.701607,5.88347,14.5,19.5,25.5,337.5,null
"2019-03-27T11:36:33.000Z",45.701607,5.88347,14.5,18,22,337.5,null
"2019-03-27T11:40:33.000Z",45.701607,5.88347,15.5,20,27,337.5,null
"2019-03-27T11:44:38.000Z",45.701607,5.88347,15.5,24.5,31.5,337.5,null
"2019-03-27T11:48:38.000Z",45.701607,5.88347,15.5,20.5,26,337.5,null
"2019-03-27T11:52:38.000Z",45.701607,5.88347,16.5,21,26,337.5,null
"2019-03-27T11:56:42.000Z",45.701607,5.88347,13,18.5,23.5,337.5,null
"2019-03-27T12:00:42.000Z",45.701607,5.88347,18,23,27,337.5,null
"2019-03-27T12:04:42.000Z",45.701607,5.88347,19,23,29.5,337.5,null
"2019-03-27T12:08:46.000Z",45.701607,5.88347,17,21.5,26,337.5,null
"2019-03-27T12:12:46.000Z",45.701607,5.88347,14,19,26,337.5,null
"2019-03-27T12:16:46.000Z",45.701607,5.88347,14.5,23,35,337.5,null
"2019-03-27T12:20:50.000Z",45.701607,5.88347,18,22.5,31,337.5,null
"2019-03-27T12:24:50.000Z",45.701607,5.88347,5.25,15,26,337.5,null
"2019-03-27T12:28:50.000Z",45.701607,5.88347,10.5,13,24.5,337.5,null
"2019-03-27T12:32:54.000Z",45.701607,5.88347,11.5,17,23,337.5,null
"2019-03-27T12:36:54.000Z",45.701607,5.88347,13,17,22,337.5,null
"2019-03-27T12:40:54.000Z",45.701607,5.88347,12.5,20.5,29,337.5,null
"2019-03-27T12:44:58.000Z",45.701607,5.88347,12,19,22.5,337.5,null
"2019-03-27T12:48:58.000Z",45.701607,5.88347,13,17,20,315,null
"2019-03-27T12:52:58.000Z",45.701607,5.88347,15.5,18,22.5,337.5,null
"2019-03-27T12:57:02.000Z",45.701607,5.88347,14.5,17.5,21,337.5,null
"2019-03-27T13:01:02.000Z",45.701607,5.88347,8.25,15,22.5,337.5,null
"2019-03-27T13:05:02.000Z",45.701607,5.88347,9.5,15,24,337.5,null
"2019-03-27T13:09:06.000Z",45.701607,5.88347,5.25,11.5,21.5,315,null
"2019-03-27T13:13:06.000Z",45.701607,5.88347,11,15.5,25.5,337.5,null
"2019-03-27T13:17:06.000Z",45.701607,5.88347,10,15.5,25,337.5,null
"2019-03-27T13:21:10.000Z",45.701607,5.88347,10,15,21.5,337.5,null
"2019-03-27T13:25:10.000Z",45.701607,5.88347,3.5,12,16.5,337.5,null
"2019-03-27T13:29:10.000Z",45.701607,5.88347,5.5,15,27.5,337.5,null
"2019-03-27T13:33:14.000Z",45.701607,5.88347,8,14,19,337.5,null
"2019-03-27T13:37:14.000Z",45.701607,5.88347,11,18,24,337.5,null
"2019-03-27T13:41:14.000Z",45.701607,5.88347,14.5,18.5,25,337.5,null
"2019-03-27T13:45:18.000Z",45.701607,5.88347,12,14,20,337.5,null
"2019-03-27T13:49:18.000Z",45.701607,5.88347,14,16,20.5,337.5,null
"2019-03-27T13:53:18.000Z",45.701607,5.88347,15.5,23.5,30.5,337.5,null
"2019-03-27T13:58:07.000Z",45.701607,5.88347,15,18.5,23.5,337.5,null
"2019-03-27T14:02:07.000Z",45.701607,5.88347,14,19,23.5,337.5,null
"2019-03-27T14:06:07.000Z",45.701607,5.88347,18,23,28,337.5,null
"2019-03-27T14:10:10.000Z",45.701607,5.88347,14.5,19,26.5,337.5,null
"2019-03-27T14:14:10.000Z",45.701607,5.88347,14,17,23.5,315,null
"2019-03-27T14:18:10.000Z",45.701607,5.88347,13.5,18,24.5,337.5,null
"2019-03-27T14:22:14.000Z",45.701607,5.88347,12,16.5,21,337.5,null
"2019-03-27T14:26:14.000Z",45.701607,5.88347,14.5,20,30.5,337.5,null
"2019-03-27T14:30:14.000Z",45.701607,5.88347,15,21,31.5,337.5,null
"2019-03-27T14:34:19.000Z",45.701607,5.88347,16,19.5,27.5,337.5,null
"2019-03-27T14:38:19.000Z",45.701607,5.88347,13,17.5,21,337.5,null
"2019-03-27T14:42:19.000Z",45.701607,5.88347,14.5,18,22.5,337.5,null
"2019-03-27T14:46:23.000Z",45.701607,5.88347,17,21.5,28,337.5,null
"2019-03-27T14:50:23.000Z",45.701607,5.88347,16,22,29,337.5,null
"2019-03-27T14:54:23.000Z",45.701607,5.88347,20.5,24,28.5,337.5,null
"2019-03-27T14:58:27.000Z",45.701607,5.88347,16.5,22,27.5,337.5,null
"2019-03-27T15:02:27.000Z",45.701607,5.88347,16.5,21,26.5,337.5,null
"2019-03-27T15:06:27.000Z",45.701607,5.88347,19,24.5,35,337.5,null
"2019-03-27T15:10:30.000Z",45.701607,5.88347,17.5,22,28.5,337.5,null
"2019-03-27T15:14:30.000Z",45.701607,5.88347,11.5,21,31,337.5,null
"2019-03-27T15:18:30.000Z",45.701607,5.88347,13.5,17.5,28,337.5,null
"2019-03-27T15:22:35.000Z",45.701607,5.88347,15.5,22.5,29,337.5,null
"2019-03-27T15:26:35.000Z",45.701607,5.88347,21,26.5,34,337.5,null
"2019-03-27T15:30:35.000Z",45.701607,5.88347,22,27,32,337.5,null
"2019-03-27T15:34:39.000Z",45.701607,5.88347,19,24.5,28.5,337.5,null
"2019-03-27T15:38:39.000Z",45.701607,5.88347,18,22.5,28.5,337.5,null
"2019-03-27T15:42:39.000Z",45.701607,5.88347,18,22,29,337.5,null
"2019-03-27T15:46:43.000Z",45.701607,5.88347,21,26,32,337.5,null
"2019-03-27T15:50:43.000Z",45.701607,5.88347,16.5,24.5,34,337.5,null
"2019-03-27T15:54:43.000Z",45.701607,5.88347,15.5,24.5,33,337.5,null
"2019-03-27T15:58:47.000Z",45.701607,5.88347,14.5,22.5,29,337.5,null
"2019-03-27T16:02:47.000Z",45.701607,5.88347,14.5,23,33,337.5,null
"2019-03-27T16:06:47.000Z",45.701607,5.88347,21,25,28.5,337.5,null
"2019-03-27T16:10:51.000Z",45.701607,5.88347,21,25.5,33.5,337.5,null
"2019-03-27T16:14:51.000Z",45.701607,5.88347,21.5,26,31.5,337.5,null
"2019-03-27T16:18:51.000Z",45.701607,5.88347,19,25,34,337.5,null
"2019-03-27T16:22:55.000Z",45.701607,5.88347,17,24,31,337.5,null
"2019-03-27T16:26:55.000Z",45.701607,5.88347,7.25,25,38.5,337.5,null
"2019-03-27T16:30:55.000Z",45.701607,5.88347,6.5,18,27.5,0,null
"2019-03-27T16:34:59.000Z",45.701607,5.88347,15,25,35.5,0,null
"2019-03-27T16:38:59.000Z",45.701607,5.88347,13,18.5,24.5,0,null
"2019-03-27T16:42:59.000Z",45.701607,5.88347,18,26,36.5,0,null
"2019-03-27T16:47:03.000Z",45.701607,5.88347,14.5,22,28.5,0,null
"2019-03-27T16:51:03.000Z",45.701607,5.88347,15.5,26.5,35.5,0,null
"2019-03-27T16:55:03.000Z",45.701607,5.88347,17.5,25.5,34.5,0,null
"2019-03-27T16:59:06.000Z",45.701607,5.88347,18,25.5,32,0,null
"2019-03-27T17:03:06.000Z",45.701607,5.88347,14,26.5,41.5,0,null
"2019-03-27T17:07:06.000Z",45.701607,5.88347,10,20.5,29,0,null
"2019-03-27T17:11:11.000Z",45.701607,5.88347,15.5,27.5,37,0,null
"2019-03-27T17:15:11.000Z",45.701607,5.88347,18,26,35,0,null
"2019-03-27T17:19:11.000Z",45.701607,5.88347,19,28,36,0,null
"2019-03-27T17:23:15.000Z",45.701607,5.88347,15.5,26,44.5,0,null
"2019-03-27T17:27:15.000Z",45.701607,5.88347,19.5,28.5,37.5,0,null
"2019-03-27T17:31:15.000Z",45.701607,5.88347,22.5,28.5,35,0,null
"2019-03-27T17:35:19.000Z",45.701607,5.88347,12,26,36,0,null
"2019-03-27T17:39:19.000Z",45.701607,5.88347,15.5,25.5,36.5,0,null
"2019-03-27T17:43:19.000Z",45.701607,5.88347,19,26.5,40.5,0,null
"2019-03-27T17:47:23.000Z",45.701607,5.88347,16,25.5,34.5,0,null
"2019-03-27T17:51:23.000Z",45.701607,5.88347,18,26.5,38,0,null
"2019-03-27T17:55:23.000Z",45.701607,5.88347,19,27.5,35.5,0,null
"2019-03-27T17:59:27.000Z",45.701607,5.88347,14.5,25.5,36.5,0,null
"2019-03-27T18:03:27.000Z",45.701607,5.88347,18,25.5,37.5,0,null
"2019-03-27T18:07:27.000Z",45.701607,5.88347,16,25,34.5,0,null
"2019-03-27T18:11:31.000Z",45.701607,5.88347,9.75,24,35.5,0,null
"2019-03-27T18:15:31.000Z",45.701607,5.88347,10,18.5,29.5,22.5,null
"2019-03-27T18:19:31.000Z",45.701607,5.88347,12,19,24,22.5,null
"2019-03-27T18:23:35.000Z",45.701607,5.88347,7.25,18.5,32.5,22.5,null
"2019-03-27T18:27:35.000Z",45.701607,5.88347,9.5,17.5,27.5,22.5,null
"2019-03-27T18:31:35.000Z",45.701607,5.88347,6.5,16,25.5,22.5,null
"2019-03-27T18:35:39.000Z",45.701607,5.88347,15.5,25.5,38.5,0,null
"2019-03-27T18:39:39.000Z",45.701607,5.88347,4.75,17,31,22.5,null
"2019-03-27T18:43:39.000Z",45.701607,5.88347,8.75,15,23.5,22.5,null
"2019-03-27T18:47:43.000Z",45.701607,5.88347,7.25,13,19,22.5,null
"2019-03-27T18:51:43.000Z",45.701607,5.88347,6.25,12,19,22.5,null
"2019-03-27T18:55:43.000Z",45.701607,5.88347,8.75,16.5,27,22.5,null
"2019-03-27T18:59:47.000Z",45.701607,5.88347,6.5,17,26,22.5,null
"2019-03-27T19:03:47.000Z",45.701607,5.88347,14.5,22,36,22.5,null
"2019-03-27T19:07:47.000Z",45.701607,5.88347,8.25,17,30.5,22.5,null
"2019-03-27T19:11:52.000Z",45.701607,5.88347,8.75,16.5,32.5,22.5,null
"2019-03-27T19:15:52.000Z",45.701607,5.88347,10,18.5,30,22.5,null
"2019-03-27T19:19:52.000Z",45.701607,5.88347,11.5,19.5,32.5,22.5,null
"2019-03-27T19:23:56.000Z",45.701607,5.88347,8.75,18,30.5,22.5,null
"2019-03-27T19:27:56.000Z",45.701607,5.88347,12,23,35,22.5,null
"2019-03-27T19:31:56.000Z",45.701607,5.88347,9.75,20,29,22.5,null
"2019-03-27T19:36:00.000Z",45.701607,5.88347,8,16,24.5,22.5,null
"2019-03-27T19:40:00.000Z",45.701607,5.88347,8.75,17.5,27,22.5,null
"2019-03-27T19:44:00.000Z",45.701607,5.88347,8,19,31.5,22.5,null
"2019-03-27T19:48:04.000Z",45.701607,5.88347,8.75,16,24,22.5,null
"2019-03-27T19:52:04.000Z",45.701607,5.88347,12,19,32.5,22.5,null
"2019-03-27T19:56:04.000Z",45.701607,5.88347,6.5,15.5,25.5,22.5,null
"2019-03-27T20:00:08.000Z",45.701607,5.88347,6,15,26.5,0,null
"2019-03-27T20:04:08.000Z",45.701607,5.88347,6.25,10.5,16.5,0,null
"2019-03-27T20:08:08.000Z",45.701607,5.88347,8.25,13.5,20,0,null
"2019-03-27T20:12:11.000Z",45.701607,5.88347,6.5,11.5,17.5,0,null
"2019-03-27T20:16:11.000Z",45.701607,5.88347,8.75,13.5,20,337.5,null
"2019-03-27T20:20:11.000Z",45.701607,5.88347,9,15,23.5,337.5,null
"2019-03-27T20:24:15.000Z",45.701607,5.88347,6.75,16.5,24.5,337.5,null
"2019-03-27T20:28:15.000Z",45.701607,5.88347,12.5,18.5,27,337.5,null
"2019-03-27T20:32:15.000Z",45.701607,5.88347,13.5,20,28,337.5,null
"2019-03-27T20:36:20.000Z",45.701607,5.88347,14.5,23,29.5,337.5,null
"2019-03-27T20:40:20.000Z",45.701607,5.88347,15.5,25.5,31.5,337.5,null
"2019-03-27T20:44:20.000Z",45.701607,5.88347,14,23.5,30.5,337.5,null
"2019-03-27T20:48:24.000Z",45.701607,5.88347,15.5,24,35,337.5,null
"2019-03-27T20:52:24.000Z",45.701607,5.88347,16.5,23.5,32.5,337.5,null
"2019-03-27T20:56:24.000Z",45.701607,5.88347,16.5,24,29.5,337.5,null
"2019-03-27T21:00:28.000Z",45.701607,5.88347,16,22.5,30.5,337.5,null
"2019-03-27T21:04:28.000Z",45.701607,5.88347,15.5,22.5,29,337.5,null
"2019-03-27T21:08:28.000Z",45.701607,5.88347,15.5,21,26.5,337.5,null
"2019-03-27T21:12:32.000Z",45.701607,5.88347,16.5,19.5,24.5,337.5,null
"2019-03-27T21:16:32.000Z",45.701607,5.88347,6.25,18.5,30.5,0,null
"2019-03-27T21:20:32.000Z",45.701607,5.88347,11,14,18.5,0,null
"2019-03-27T21:24:36.000Z",45.701607,5.88347,12.5,20.5,30.5,337.5,null
"2019-03-27T21:28:36.000Z",45.701607,5.88347,13,18.5,25,337.5,null
"2019-03-27T21:32:36.000Z",45.701607,5.88347,13,17,22,0,null
"2019-03-27T21:36:40.000Z",45.701607,5.88347,17.5,22,26.5,337.5,null
"2019-03-27T21:40:40.000Z",45.701607,5.88347,9,16,23.5,337.5,null
"2019-03-27T21:44:40.000Z",45.701607,5.88347,13,20,27,337.5,null
"2019-03-27T21:48:44.000Z",45.701607,5.88347,13.5,17.5,22,0,null
"2019-03-27T21:52:44.000Z",45.701607,5.88347,15,19,24.5,337.5,null
"2019-03-27T21:56:44.000Z",45.701607,5.88347,16.5,21,27,0,null
"2019-03-27T22:00:48.000Z",45.701607,5.88347,17.5,22.5,28,0,null
"2019-03-27T22:04:48.000Z",45.701607,5.88347,16,24,30.5,0,null
"2019-03-27T22:08:48.000Z",45.701607,5.88347,10,17.5,24.5,0,null
"2019-03-27T22:12:52.000Z",45.701607,5.88347,13,20,28.5,0,null
"2019-03-27T22:16:52.000Z",45.701607,5.88347,13,17.5,23.5,0,null
"2019-03-27T22:20:52.000Z",45.701607,5.88347,12,16,21,0,null
"2019-03-27T22:24:57.000Z",45.701607,5.88347,14.5,17.5,22,0,null
"2019-03-27T22:28:57.000Z",45.701607,5.88347,13,17,21,0,null
"2019-03-27T22:32:57.000Z",45.701607,5.88347,9.5,13.5,18.5,0,null
"2019-03-27T22:37:01.000Z",45.701607,5.88347,10,13.5,17,0,null
"2019-03-27T22:41:01.000Z",45.701607,5.88347,12,16.5,20,0,null
"2019-03-27T22:45:01.000Z",45.701607,5.88347,5.25,12.5,19,0,null
"2019-03-27T22:49:05.000Z",45.701607,5.88347,12,19.5,29,0,null
"2019-03-27T22:53:05.000Z",45.701607,5.88347,11.5,17,24,0,null
"2019-03-27T22:57:05.000Z",45.701607,5.88347,13.5,19,23.5,0,null
"2019-03-27T23:01:08.000Z",45.701607,5.88347,17.5,22,26.5,0,null
"2019-03-27T23:05:08.000Z",45.701607,5.88347,14,18.5,23.5,0,null
"2019-03-27T23:09:08.000Z",45.701607,5.88347,13.5,22.5,31,0,null
"2019-03-27T23:13:13.000Z",45.701607,5.88347,7.25,14,21,0,null
"2019-03-27T23:17:13.000Z",45.701607,5.88347,5.25,10.5,17.5,22.5,null
"2019-03-27T23:21:13.000Z",45.701607,5.88347,6,10.5,16.5,22.5,null
"2019-03-27T23:25:16.000Z",45.701607,5.88347,7.25,12.5,17.5,22.5,null
"2019-03-27T23:29:16.000Z",45.701607,5.88347,6.25,11.5,23,0,null
"2019-03-27T23:33:16.000Z",45.701607,5.88347,6.5,12.5,18,22.5,null
"2019-03-27T23:37:21.000Z",45.701607,5.88347,4.25,8.5,12,22.5,null
"2019-03-27T23:41:21.000Z",45.701607,5.88347,9.75,13.5,19,22.5,null
"2019-03-27T23:45:21.000Z",45.701607,5.88347,6.25,12,22,22.5,null
"2019-03-27T23:49:25.000Z",45.701607,5.88347,9.5,16.5,21,0,null
"2019-03-27T23:53:25.000Z",45.701607,5.88347,3.25,10.5,16.5,22.5,null
"2019-03-27T23:57:25.000Z",45.701607,5.88347,5.5,9.5,16.5,22.5,null
"2019-03-28T00:01:28.000Z",45.701607,5.88347,4.5,8,14.5,22.5,null
"2019-03-28T00:05:28.000Z",45.701607,5.88347,9,21,28,0,null
"2019-03-28T00:09:28.000Z",45.701607,5.88347,11.5,20,27,0,null
"2019-03-28T00:13:33.000Z",45.701607,5.88347,4.25,14.5,21.5,0,null
"2019-03-28T00:17:33.000Z",45.701607,5.88347,4.75,12.5,21,0,null
"2019-03-28T00:21:33.000Z",45.701607,5.88347,5.25,9.75,15.5,22.5,null
"2019-03-28T00:25:37.000Z",45.701607,5.88347,8,15,22.5,0,null
"2019-03-28T00:29:37.000Z",45.701607,5.88347,11,19,31.5,0,null
"2019-03-28T00:33:37.000Z",45.701607,5.88347,10.5,18.5,29,0,null
"2019-03-28T00:37:41.000Z",45.701607,5.88347,12,21.5,29.5,0,null
"2019-03-28T00:41:41.000Z",45.701607,5.88347,11,16,22.5,0,null
"2019-03-28T00:45:41.000Z",45.701607,5.88347,14,22.5,35,0,null
"2019-03-28T00:49:45.000Z",45.701607,5.88347,19.5,24,33.5,0,null
"2019-03-28T00:53:45.000Z",45.701607,5.88347,14,23,31.5,22.5,null
"2019-03-28T00:57:45.000Z",45.701607,5.88347,12,23,31,0,null
"2019-03-28T01:01:49.000Z",45.701607,5.88347,8,15,23.5,0,null
"2019-03-28T01:05:49.000Z",45.701607,5.88347,11.5,17,26.5,0,null
"2019-03-28T01:09:49.000Z",45.701607,5.88347,12.5,17.5,27,0,null
"2019-03-28T01:13:53.000Z",45.701607,5.88347,11.5,17.5,25,0,null
"2019-03-28T01:17:53.000Z",45.701607,5.88347,13,19,27,0,null
"2019-03-28T01:21:53.000Z",45.701607,5.88347,12,16,19,0,null
"2019-03-28T01:25:57.000Z",45.701607,5.88347,6.5,16.5,20,0,null
"2019-03-28T01:29:57.000Z",45.701607,5.88347,3.75,8,16.5,22.5,null
"2019-03-28T01:33:57.000Z",45.701607,5.88347,5.25,12.5,20,0,null
"2019-03-28T01:38:02.000Z",45.701607,5.88347,3.25,8,15,22.5,null
"2019-03-28T01:42:02.000Z",45.701607,5.88347,4.75,7.5,11,22.5,null
"2019-03-28T01:46:02.000Z",45.701607,5.88347,2.75,5.5,9.75,45,null
"2019-03-28T01:50:05.000Z",45.701607,5.88347,1.75,4.25,10.5,67.5,null
"2019-03-28T01:54:05.000Z",45.701607,5.88347,3.25,6.5,13,67.5,null
"2019-03-28T01:58:05.000Z",45.701607,5.88347,2,4.5,6.25,90,null
"2019-03-28T02:02:09.000Z",45.701607,5.88347,0.75,3,4.5,67.5,null
"2019-03-28T02:06:09.000Z",45.701607,5.88347,0,1.5,5.25,112.5,null
"2019-03-28T02:10:09.000Z",45.701607,5.88347,0,1.5,4.5,90,null
"2019-03-28T02:14:14.000Z",45.701607,5.88347,0,1.5,4.5,90,null
"2019-03-28T02:18:14.000Z",45.701607,5.88347,2,3.75,5.5,112.5,null
"2019-03-28T02:22:14.000Z",45.701607,5.88347,0,2.75,7.25,135,null
"2019-03-28T02:26:17.000Z",45.701607,5.88347,2.75,6.25,13,90,null
"2019-03-28T02:30:17.000Z",45.701607,5.88347,2,7.75,12.5,67.5,null
"2019-03-28T02:34:17.000Z",45.701607,5.88347,6,9.75,15,67.5,null
"2019-03-28T02:38:21.000Z",45.701607,5.88347,2,5,8.25,45,null
"2019-03-28T02:42:21.000Z",45.701607,5.88347,4.5,7,11,67.5,null
"2019-03-28T02:46:21.000Z",45.701607,5.88347,3.25,7,11,67.5,null
"2019-03-28T02:50:25.000Z",45.701607,5.88347,2,4.75,8,67.5,null
"2019-03-28T02:54:25.000Z",45.701607,5.88347,0.25,4.25,8.75,67.5,null
"2019-03-28T02:58:25.000Z",45.701607,5.88347,1.5,4,6.5,67.5,null
"2019-03-28T03:02:30.000Z",45.701607,5.88347,3.5,7,13,67.5,null
"2019-03-28T03:06:30.000Z",45.701607,5.88347,3.5,8.75,13.5,45,null
"2019-03-28T03:10:30.000Z",45.701607,5.88347,1.5,6.5,9.5,45,null
"2019-03-28T03:14:33.000Z",45.701607,5.88347,4.75,8.75,15,22.5,null
"2019-03-28T03:18:33.000Z",45.701607,5.88347,2.5,5.25,11,45,null
"2019-03-28T03:22:33.000Z",45.701607,5.88347,3.75,8.75,11.5,22.5,null
"2019-03-28T03:26:38.000Z",45.701607,5.88347,6,9.5,14.5,22.5,null
"2019-03-28T03:30:38.000Z",45.701607,5.88347,4.25,8.75,13.5,22.5,null
"2019-03-28T03:34:38.000Z",45.701607,5.88347,3.75,7.75,14.5,45,null
"2019-03-28T03:38:41.000Z",45.701607,5.88347,2.75,6,9,45,null
"2019-03-28T03:42:41.000Z",45.701607,5.88347,3.25,6.25,11.5,45,null
"2019-03-28T03:46:41.000Z",45.701607,5.88347,2,6,9.75,45,null
"2019-03-28T03:50:46.000Z",45.701607,5.88347,6.5,9.5,13,22.5,null
"2019-03-28T03:54:46.000Z",45.701607,5.88347,3.5,8.25,12.5,22.5,null
"2019-03-28T03:58:46.000Z",45.701607,5.88347,4.5,8.75,13,22.5,null
"2019-03-28T04:02:50.000Z",45.701607,5.88347,4.5,8,12,45,null
"2019-03-28T04:06:50.000Z",45.701607,5.88347,3.5,6.25,10,45,null
"2019-03-28T04:10:50.000Z",45.701607,5.88347,4.25,6.25,9,45,null
"2019-03-28T04:14:54.000Z",45.701607,5.88347,3.5,7.5,12,45,null
"2019-03-28T04:18:54.000Z",45.701607,5.88347,4.5,9,13.5,45,null
"2019-03-28T04:22:54.000Z",45.701607,5.88347,4.75,7.75,11,45,null
"2019-03-28T04:26:58.000Z",45.701607,5.88347,4.5,7.5,11,45,null
"2019-03-28T04:30:58.000Z",45.701607,5.88347,3.25,5.25,7.25,45,null
"2019-03-28T04:34:58.000Z",45.701607,5.88347,3.75,6.25,9.5,45,null
"2019-03-28T04:39:02.000Z",45.701607,5.88347,4.75,8.25,12,45,null
"2019-03-28T04:43:02.000Z",45.701607,5.88347,5.5,8.75,12,22.5,null
"2019-03-28T04:47:02.000Z",45.701607,5.88347,5.5,10,14.5,22.5,null
"2019-03-28T04:51:06.000Z",45.701607,5.88347,4.75,8.75,11.5,22.5,null
"2019-03-28T04:55:06.000Z",45.701607,5.88347,7,10.5,13.5,0,null
"2019-03-28T04:59:06.000Z",45.701607,5.88347,0.25,3.75,11,22.5,null
"2019-03-28T05:03:10.000Z",45.701607,5.88347,0,3.75,7.75,22.5,null
"2019-03-28T05:07:10.000Z",45.701607,5.88347,0,1.5,5.25,45,null
"2019-03-28T05:11:10.000Z",45.701607,5.88347,0,1.5,3.25,112.5,null
"2019-03-28T05:15:14.000Z",45.701607,5.88347,0,0.5,2,90,null
"2019-03-28T05:19:14.000Z",45.701607,5.88347,0,1,3.5,45,null
"2019-03-28T05:23:14.000Z",45.701607,5.88347,0,1.5,4.25,67.5,null
"2019-03-28T05:27:19.000Z",45.701607,5.88347,0,2.25,4.75,90,null
"2019-03-28T05:31:19.000Z",45.701607,5.88347,1.75,3.75,5.5,90,null
"2019-03-28T05:35:19.000Z",45.701607,5.88347,1.75,5,9,90,null
"2019-03-28T05:39:22.000Z",45.701607,5.88347,3.25,4.5,6.25,90,null
"2019-03-28T05:43:22.000Z",45.701607,5.88347,3.5,5.5,7.75,67.5,null
"2019-03-28T05:47:22.000Z",45.701607,5.88347,1.75,3.5,5.25,90,null
"2019-03-28T05:51:26.000Z",45.701607,5.88347,1.75,3.25,5.5,90,null
"2019-03-28T05:55:26.000Z",45.701607,5.88347,2,4,6.25,112.5,null
"2019-03-28T05:59:26.000Z",45.701607,5.88347,1,3.75,5.5,90,null
"2019-03-28T06:03:30.000Z",45.701607,5.88347,2.5,4.75,7,90,null
"2019-03-28T06:07:30.000Z",45.701607,5.88347,2.75,4.25,5.5,112.5,null
"2019-03-28T06:11:30.000Z",45.701607,5.88347,2.5,4.5,7.25,90,null
"2019-03-28T06:15:34.000Z",45.701607,5.88347,1,3.75,6,90,null
"2019-03-28T06:19:34.000Z",45.701607,5.88347,2.5,5.5,7.75,90,null
"2019-03-28T06:23:34.000Z",45.701607,5.88347,3.5,6,8.25,90,null
"2019-03-28T06:27:39.000Z",45.701607,5.88347,2.75,4.75,7.75,90,null
"2019-03-28T06:31:39.000Z",45.701607,5.88347,1.75,4.5,7.25,90,null
"2019-03-28T06:35:39.000Z",45.701607,5.88347,2.75,4.5,7.75,67.5,null
"2019-03-28T06:39:42.000Z",45.701607,5.88347,3.5,4.75,6.25,90,null
"2019-03-28T06:43:42.000Z",45.701607,5.88347,2,4.75,8.25,112.5,null
"2019-03-28T06:47:42.000Z",45.701607,5.88347,2.75,5.25,8.75,135,null
"2019-03-28T06:51:47.000Z",45.701607,5.88347,2,4.5,7.75,112.5,null
"2019-03-28T06:55:47.000Z",45.701607,5.88347,2.75,5.75,8.75,90,null
"2019-03-28T06:59:47.000Z",45.701607,5.88347,2,7.75,12,90,null
"2019-03-28T07:03:51.000Z",45.701607,5.88347,4.25,7.25,11.5,90,null
"2019-03-28T07:07:51.000Z",45.701607,5.88347,0,6.5,12,67.5,null
"2019-03-28T07:11:51.000Z",45.701607,5.88347,2,4.25,7.75,67.5,null
"2019-03-28T07:15:55.000Z",45.701607,5.88347,1.75,4.75,12.5,45,null
"2019-03-28T07:19:55.000Z",45.701607,5.88347,5.25,12.5,21,22.5,null
"2019-03-28T07:23:55.000Z",45.701607,5.88347,6,11.5,21,22.5,null
"2019-03-28T07:27:59.000Z",45.701607,5.88347,6.5,10.5,14.5,22.5,null
"2019-03-28T07:31:59.000Z",45.701607,5.88347,4.75,13.5,21,22.5,null
"2019-03-28T07:35:59.000Z",45.701607,5.88347,5.25,10,13,45,null
"2019-03-28T07:40:03.000Z",45.701607,5.88347,2,5.75,9.75,45,null
"2019-03-28T07:44:03.000Z",45.701607,5.88347,1,5.25,8.25,45,null
"2019-03-28T07:48:03.000Z",45.701607,5.88347,3.25,5.75,8.25,22.5,null
"2019-03-28T07:52:07.000Z",45.701607,5.88347,2.5,6,10,22.5,null
"2019-03-28T07:56:07.000Z",45.701607,5.88347,0,4,16,45,null
"2019-03-28T08:00:07.000Z",45.701607,5.88347,1,7.5,14.5,67.5,null
"2019-03-28T08:04:10.000Z",45.701607,5.88347,0.25,5.75,12.5,22.5,null
"2019-03-28T08:08:10.000Z",45.701607,5.88347,0,4.75,9.75,45,null
"2019-03-28T08:12:10.000Z",45.701607,5.88347,5.25,10,16.5,22.5,null
"2019-03-28T08:16:15.000Z",45.701607,5.88347,3.25,9,16,22.5,null
"2019-03-28T08:20:15.000Z",45.701607,5.88347,2.75,7,12,45,null
"2019-03-28T08:24:15.000Z",45.701607,5.88347,2.5,7.5,12,22.5,null
"2019-03-28T08:28:19.000Z",45.701607,5.88347,1,7,12,22.5,null
"2019-03-28T08:32:19.000Z",45.701607,5.88347,4.75,8.25,11.5,22.5,null
"2019-03-28T08:36:19.000Z",45.701607,5.88347,3.5,5.75,9,0,null
"2019-03-28T08:40:23.000Z",45.701607,5.88347,4.5,6,7,337.5,null
"2019-03-28T08:44:23.000Z",45.701607,5.88347,2.5,4.5,6,0,null
"2019-03-28T08:48:23.000Z",45.701607,5.88347,2,3.5,4.75,337.5,null
"2019-03-28T08:52:28.000Z",45.701607,5.88347,3.25,8,14.5,337.5,null
"2019-03-28T08:56:28.000Z",45.701607,5.88347,7,9.25,11,337.5,null
"2019-03-28T09:00:28.000Z",45.701607,5.88347,2.75,4.25,6.5,337.5,null
"2019-03-28T09:04:31.000Z",45.701607,5.88347,3.5,5.5,9.5,337.5,null
"2019-03-28T09:08:31.000Z",45.701607,5.88347,6.5,8.25,11,337.5,null
"2019-03-28T09:12:31.000Z",45.701607,5.88347,2,4.5,6.5,0,null
"2019-03-28T09:16:35.000Z",45.701607,5.88347,1.5,2.75,7,337.5,null
"2019-03-28T09:20:35.000Z",45.701607,5.88347,3.5,5.75,7.75,337.5,null
"2019-03-28T09:24:35.000Z",45.701607,5.88347,3.25,4.5,7,337.5,null
"2019-03-28T09:28:39.000Z",45.701607,5.88347,2.5,3,4.75,315,null
"2019-03-28T09:32:39.000Z",45.701607,5.88347,2.75,4,5.25,315,null
"2019-03-28T09:36:39.000Z",45.701607,5.88347,1,2.25,3.5,315,null
"2019-03-28T09:40:43.000Z",45.701607,5.88347,0,0.75,2,337.5,null
"2019-03-28T09:44:43.000Z",45.701607,5.88347,0,0.75,2.5,337.5,null
"2019-03-28T09:48:43.000Z",45.701607,5.88347,0,1,2,337.5,null
"2019-03-28T09:52:47.000Z",45.701607,5.88347,0,0.25,2.5,0,null
"2019-03-28T09:56:47.000Z",45.701607,5.88347,0,0,0.75,315,null
"2019-03-28T10:00:47.000Z",45.701607,5.88347,0,0.5,2.5,225,null
"2019-03-28T10:04:52.000Z",45.701607,5.88347,0,1.25,2.5,225,null
"2019-03-28T10:08:52.000Z",45.701607,5.88347,0,0.25,1.5,225,null
"2019-03-28T10:12:52.000Z",45.701607,5.88347,0,0.5,2,225,null
"2019-03-28T10:16:56.000Z",45.701607,5.88347,0,0.25,1,247.5,null
"2019-03-28T10:20:56.000Z",45.701607,5.88347,0,0.5,2.5,202.5,null
"2019-03-28T10:24:56.000Z",45.701607,5.88347,0,0,1,247.5,null
"2019-03-28T10:29:00.000Z",45.701607,5.88347,0,1.75,3.25,225,null
"2019-03-28T10:33:00.000Z",45.701607,5.88347,0.25,2,2.75,247.5,null
"2019-03-28T10:37:00.000Z",45.701607,5.88347,0.75,2.25,3.5,292.5,null
"2019-03-28T10:41:04.000Z",45.701607,5.88347,1,1.75,2.5,315,null
"2019-03-28T10:45:04.000Z",45.701607,5.88347,0.25,1.25,2.75,292.5,null
"2019-03-28T10:49:04.000Z",45.701607,5.88347,0,0.5,2,315,null
"2019-03-28T10:41:04.000Z",45.701607,5.88347,1,1.75,2.5,315,null
"2019-03-28T10:45:04.000Z",45.701607,5.88347,0.25,1.25,2.75,292.5,null
"2019-03-28T10:49:04.000Z",45.701607,5.88347,0,0.5,2,315,null
"2019-03-28T10:53:08.000Z",45.701607,5.88347,0,1,2.75,0,null
"2019-03-28T10:57:08.000Z",45.701607,5.88347,0,1,2.75,0,null
"2019-03-28T11:01:08.000Z",45.701607,5.88347,0,0.25,1.75,337.5,null
"2019-03-28T11:05:11.000Z",45.701607,5.88347,0,1.75,3.25,337.5,null
"2019-03-28T11:09:11.000Z",45.701607,5.88347,1.75,3.75,5.5,337.5,null
"2019-03-28T11:13:11.000Z",45.701607,5.88347,4.25,5.25,7.25,337.5,null
"2019-03-28T11:17:16.000Z",45.701607,5.88347,3.5,4.5,5.25,0,null
"2019-03-28T11:21:16.000Z",45.701607,5.88347,3.5,5.5,8,0,null
"2019-03-28T11:25:16.000Z",45.701607,5.88347,4.25,5.5,7.75,337.5,null
"2019-03-28T11:29:20.000Z",45.701607,5.88347,5.25,8.5,11,337.5,null
"2019-03-28T11:33:20.000Z",45.701607,5.88347,6.25,9,11,337.5,null
"2019-03-28T11:37:20.000Z",45.701607,5.88347,8,10,12,337.5,null
"2019-03-28T11:41:24.000Z",45.701607,5.88347,9,10,12,337.5,null
"2019-03-28T11:45:24.000Z",45.701607,5.88347,11,13,14.5,337.5,null
"2019-03-28T11:49:24.000Z",45.701607,5.88347,9.5,11.5,13,337.5,null
"2019-03-28T11:53:28.000Z",45.701607,5.88347,8.75,10,12,0,null
"2019-03-28T11:57:28.000Z",45.701607,5.88347,6.5,9.25,11,0,null
"2019-03-28T12:01:28.000Z",45.701607,5.88347,6.5,9.25,11.5,0,null
"2019-03-28T12:05:32.000Z",45.701607,5.88347,9.5,11,14,337.5,null
"2019-03-28T12:09:32.000Z",45.701607,5.88347,8,9.5,12,337.5,null
"2019-03-28T12:13:32.000Z",45.701607,5.88347,8.75,10.5,13,337.5,null
"2019-03-28T12:17:36.000Z",45.701607,5.88347,12,12.5,14,337.5,null
"2019-03-28T12:21:36.000Z",45.701607,5.88347,11,12.5,14.5,337.5,null
"2019-03-28T12:25:36.000Z",45.701607,5.88347,8.25,11.5,14,337.5,null
"2019-03-28T12:29:39.000Z",45.701607,5.88347,11.5,13,13.5,337.5,null
"2019-03-28T12:33:39.000Z",45.701607,5.88347,11,12,13,337.5,null
"2019-03-28T12:37:39.000Z",45.701607,5.88347,9.75,11,12,337.5,null
"2019-03-28T12:41:44.000Z",45.701607,5.88347,10,11,13,337.5,null
"2019-03-28T12:45:44.000Z",45.701607,5.88347,10,10.5,12,337.5,null
"2019-03-28T12:49:44.000Z",45.701607,5.88347,8.75,10.5,11.5,337.5,null
"2019-03-28T12:53:48.000Z",45.701607,5.88347,7,9,10.5,337.5,null
"2019-03-28T12:57:48.000Z",45.701607,5.88347,7.25,10,13.5,337.5,null
"2019-03-28T13:01:48.000Z",45.701607,5.88347,11,13,14.5,315,null
"2019-03-28T13:05:52.000Z",45.701607,5.88347,9.75,12,13.5,315,null
"2019-03-28T13:09:52.000Z",45.701607,5.88347,10.5,12,13.5,315,null
"2019-03-28T13:13:52.000Z",45.701607,5.88347,10.5,12,13.5,337.5,null
"2019-03-28T13:17:57.000Z",45.701607,5.88347,8,9.5,11,337.5,null
"2019-03-28T13:21:57.000Z",45.701607,5.88347,9,10,12,337.5,null
"2019-03-28T13:25:57.000Z",45.701607,5.88347,9,11,13,337.5,null
"2019-03-28T13:30:00.000Z",45.701607,5.88347,8.25,10.5,12.5,315,null
"2019-03-28T13:34:00.000Z",45.701607,5.88347,8,11.5,15,315,null
"2019-03-28T13:38:00.000Z",45.701607,5.88347,9.75,11,12.5,315,null
"2019-03-28T13:42:04.000Z",45.701607,5.88347,9,11.5,14,337.5,null
"2019-03-28T13:46:04.000Z",45.701607,5.88347,7.25,10.5,12,337.5,null
"2019-03-28T13:50:04.000Z",45.701607,5.88347,8.25,9.25,11,337.5,null
"2019-03-28T13:54:19.000Z",45.701607,5.88347,8.75,10.5,12.5,337.5,null
"2019-03-28T13:58:19.000Z",45.701607,5.88347,9.5,11,12,337.5,null
"2019-03-28T14:02:19.000Z",45.701607,5.88347,9,10.5,12.5,337.5,null
"2019-03-28T14:06:22.000Z",45.701607,5.88347,8,11.5,14,337.5,null
"2019-03-28T14:10:22.000Z",45.701607,5.88347,9.5,12,15,315,null
"2019-03-28T14:14:22.000Z",45.701607,5.88347,9,11.5,14.5,315,null
"2019-03-28T14:18:26.000Z",45.701607,5.88347,8.75,10.5,12,315,null
"2019-03-28T14:22:26.000Z",45.701607,5.88347,6.5,8.75,11,337.5,null
"2019-03-28T14:26:26.000Z",45.701607,5.88347,10.5,13,16.5,337.5,null
"2019-03-28T14:30:31.000Z",45.701607,5.88347,10.5,13,15.5,337.5,null
"2019-03-28T14:34:31.000Z",45.701607,5.88347,9.5,12,14.5,337.5,null
"2019-03-28T14:38:31.000Z",45.701607,5.88347,7,12,15.5,337.5,null
"2019-03-28T14:42:34.000Z",45.701607,5.88347,9.5,12,16,315,null
"2019-03-28T14:46:34.000Z",45.701607,5.88347,8.25,10.5,12,315,null
"2019-03-28T14:50:34.000Z",45.701607,5.88347,6.25,10,13,337.5,null
"2019-03-28T14:54:39.000Z",45.701607,5.88347,9,12.5,20.5,337.5,null
"2019-03-28T14:58:39.000Z",45.701607,5.88347,9.75,14,18,337.5,null
"2019-03-28T15:02:39.000Z",45.701607,5.88347,9.5,12,15.5,315,null
"2019-03-28T15:06:45.000Z",45.701607,5.88347,9,12,15.5,337.5,null
"2019-03-28T15:10:45.000Z",45.701607,5.88347,12,16,19,337.5,null
"2019-03-28T15:14:45.000Z",45.701607,5.88347,15.5,21,26,337.5,null
"2019-03-28T15:18:47.000Z",45.701607,5.88347,14,17,20.5,337.5,null
"2019-03-28T15:22:47.000Z",45.701607,5.88347,11,15,19.5,337.5,null
"2019-03-28T15:26:47.000Z",45.701607,5.88347,9.5,18,26,337.5,null
"2019-03-28T15:30:50.000Z",45.701607,5.88347,12,15,18.5,337.5,null
"2019-03-28T15:34:50.000Z",45.701607,5.88347,14,17,19.5,337.5,null
"2019-03-28T15:38:50.000Z",45.701607,5.88347,10.5,16,21,337.5,null
"2019-03-28T15:42:54.000Z",45.701607,5.88347,15.5,19,23.5,337.5,null
"2019-03-28T15:46:54.000Z",45.701607,5.88347,11.5,18.5,27,0,null
"2019-03-28T15:50:54.000Z",45.701607,5.88347,13,19.5,29,337.5,null
"2019-03-28T15:54:59.000Z",45.701607,5.88347,12.5,18.5,24.5,337.5,null
"2019-03-28T15:58:59.000Z",45.701607,5.88347,13,17.5,21,337.5,null
"2019-03-28T16:02:59.000Z",45.701607,5.88347,13,17,26,337.5,null
"2019-03-28T16:07:03.000Z",45.701607,5.88347,16.5,21.5,27,337.5,null
"2019-03-28T16:11:03.000Z",45.701607,5.88347,15,21.5,28.5,337.5,null
"2019-03-28T16:15:03.000Z",45.701607,5.88347,17.5,22.5,28,337.5,null
"2019-03-28T16:19:07.000Z",45.701607,5.88347,18.5,23.5,30.5,337.5,null
"2019-03-28T16:23:07.000Z",45.701607,5.88347,18.5,24,27.5,337.5,null
"2019-03-28T16:27:07.000Z",45.701607,5.88347,18.5,25,32.5,337.5,null
"2019-03-28T16:31:10.000Z",45.701607,5.88347,21,25.5,32.5,337.5,null
"2019-03-28T16:35:10.000Z",45.701607,5.88347,20.5,26.5,31.5,0,null
"2019-03-28T16:39:10.000Z",45.701607,5.88347,21.5,24.5,30.5,0,null
"2019-03-28T16:43:15.000Z",45.701607,5.88347,21,27.5,34,0,null
"2019-03-28T16:47:15.000Z",45.701607,5.88347,20,24.5,30,0,null
"2019-03-28T16:51:15.000Z",45.701607,5.88347,18,23,29,337.5,null
"2019-03-28T16:55:19.000Z",45.701607,5.88347,21.5,26,30.5,0,null
"2019-03-28T16:59:19.000Z",45.701607,5.88347,20.5,23.5,28,0,null
"2019-03-28T17:03:19.000Z",45.701607,5.88347,18,22.5,30,0,null
"2019-03-28T17:07:23.000Z",45.701607,5.88347,18,22,25,0,null
"2019-03-28T17:11:23.000Z",45.701607,5.88347,15.5,21,27,0,null
"2019-03-28T17:15:23.000Z",45.701607,5.88347,15.5,20,25.5,337.5,null
"2019-03-28T17:19:27.000Z",45.701607,5.88347,15,19,24,0,null
"2019-03-28T17:23:27.000Z",45.701607,5.88347,15,19,23,0,null
"2019-03-28T17:27:27.000Z",45.701607,5.88347,11,16.5,21,337.5,null
"2019-03-28T17:31:31.000Z",45.701607,5.88347,14.5,17,21,337.5,null
"2019-03-28T17:35:31.000Z",45.701607,5.88347,15,19,24.5,0,null
"2019-03-28T17:39:31.000Z",45.701607,5.88347,15.5,20,23.5,0,null
"2019-03-28T17:43:35.000Z",45.701607,5.88347,14,17,20,0,null
"2019-03-28T17:47:35.000Z",45.701607,5.88347,11,17,23.5,0,null
"2019-03-28T17:51:35.000Z",45.701607,5.88347,14,19,23.5,0,null
"2019-03-28T17:55:40.000Z",45.701607,5.88347,15.5,19,26,0,null
"2019-03-28T17:59:40.000Z",45.701607,5.88347,11,16.5,22,0,null
"2019-03-28T18:03:40.000Z",45.701607,5.88347,13,15,17,0,null
"2019-03-28T18:07:43.000Z",45.701607,5.88347,12.5,15.5,19,0,null
"2019-03-28T18:11:43.000Z",45.701607,5.88347,11,15.5,19,0,null
"2019-03-28T18:15:43.000Z",45.701607,5.88347,13,16,19,0,null
"2019-03-28T18:19:48.000Z",45.701607,5.88347,13.5,14.5,16,0,null
"2019-03-28T18:23:48.000Z",45.701607,5.88347,13,15,16.5,0,null
"2019-03-28T18:27:48.000Z",45.701607,5.88347,9.75,12,14.5,0,null
"2019-03-28T18:31:52.000Z",45.701607,5.88347,9.75,12.5,15.5,0,null
"2019-03-28T18:35:52.000Z",45.701607,5.88347,10.5,12.5,14.5,0,null
"2019-03-28T18:39:52.000Z",45.701607,5.88347,7.75,11,12.5,0,null
"2019-03-28T18:43:55.000Z",45.701607,5.88347,4.25,6.5,9.25,0,null
"2019-03-28T18:47:55.000Z",45.701607,5.88347,0,1.75,4.5,22.5,null
"2019-03-28T18:51:55.000Z",45.701607,5.88347,0,1.5,5.25,22.5,null
"2019-03-28T18:56:00.000Z",45.701607,5.88347,0,1.5,4.5,45,null
"2019-03-28T19:00:00.000Z",45.701607,5.88347,0,2,3.5,45,null
"2019-03-28T19:04:00.000Z",45.701607,5.88347,2,4.25,7,45,null
"2019-03-28T19:08:04.000Z",45.701607,5.88347,0.25,2,3.5,45,null
"2019-03-28T19:12:04.000Z",45.701607,5.88347,0.75,2.75,4.75,45,null
"2019-03-28T19:16:04.000Z",45.701607,5.88347,0.75,2.25,3.5,67.5,null
"2019-03-28T19:20:07.000Z",45.701607,5.88347,2,2.75,5.5,67.5,null
"2019-03-28T19:24:07.000Z",45.701607,5.88347,0.25,1.5,3.25,45,null
"2019-03-28T19:28:07.000Z",45.701607,5.88347,0.25,2.5,4.25,90,null
"2019-03-28T19:32:12.000Z",45.701607,5.88347,1.75,3.5,5.25,90,null
"2019-03-28T19:36:12.000Z",45.701607,5.88347,2,3.75,6.25,67.5,null
"2019-03-28T19:40:12.000Z",45.701607,5.88347,1.5,3.75,6.25,67.5,null
"2019-03-28T19:44:16.000Z",45.701607,5.88347,0.75,3,4.25,67.5,null
"2019-03-28T19:48:16.000Z",45.701607,5.88347,0.75,1.75,3.75,67.5,null
"2019-03-28T19:52:16.000Z",45.701607,5.88347,0.25,1.75,3.25,67.5,null
"2019-03-28T19:56:20.000Z",45.701607,5.88347,0,2.25,5.25,67.5,null
"2019-03-28T20:00:20.000Z",45.701607,5.88347,1,3,4.5,67.5,null
"2019-03-28T20:04:20.000Z",45.701607,5.88347,0,1.25,3.5,90,null
"2019-03-28T20:08:24.000Z",45.701607,5.88347,0,0.25,1.5,157.5,null
"2019-03-28T20:12:24.000Z",45.701607,5.88347,0,0,0,135,null
"2019-03-28T20:16:24.000Z",45.701607,5.88347,0,0.25,2,90,null
"2019-03-28T20:20:27.000Z",45.701607,5.88347,1,1.75,2.5,67.5,null
"2019-03-28T20:24:27.000Z",45.701607,5.88347,0,0.5,2,112.5,null
"2019-03-28T20:28:27.000Z",45.701607,5.88347,2.5,3.75,5.5,90,null
"2019-03-28T20:32:32.000Z",45.701607,5.88347,0,2.75,4.75,90,null
"2019-03-28T20:36:32.000Z",45.701607,5.88347,0.75,1.75,3.25,112.5,null
"2019-03-28T20:40:32.000Z",45.701607,5.88347,1.5,2.75,4.25,112.5,null
"2019-03-28T20:44:36.000Z",45.701607,5.88347,0.25,1.5,3.5,90,null
"2019-03-28T20:48:36.000Z",45.701607,5.88347,1.75,4.25,6.25,90,null
"2019-03-28T20:52:36.000Z",45.701607,5.88347,2.75,4.5,6.5,90,null
"2019-03-28T20:56:40.000Z",45.701607,5.88347,1.75,4,7.25,90,null
"2019-03-28T21:00:40.000Z",45.701607,5.88347,0,1.75,4.25,90,null
"2019-03-28T21:04:40.000Z",45.701607,5.88347,1,4,8,90,null
"2019-03-28T21:08:44.000Z",45.701607,5.88347,2,4.5,8.25,90,null
"2019-03-28T21:12:44.000Z",45.701607,5.88347,3.75,6.75,9.5,90,null
"2019-03-28T21:16:44.000Z",45.701607,5.88347,4.25,6.25,8.75,90,null
"2019-03-28T21:20:48.000Z",45.701607,5.88347,3.5,5.5,7.75,90,null
"2019-03-28T21:24:48.000Z",45.701607,5.88347,1.5,6,9.75,90,null
"2019-03-28T21:28:48.000Z",45.701607,5.88347,2.5,6.5,11,90,null
"2019-03-28T21:32:52.000Z",45.701607,5.88347,3.25,6.5,11,90,null
"2019-03-28T21:36:52.000Z",45.701607,5.88347,3.5,6.5,10.5,90,null
"2019-03-28T21:40:52.000Z",45.701607,5.88347,2.75,5.5,8.75,90,null
"2019-03-28T21:44:56.000Z",45.701607,5.88347,0,3.25,6.5,90,null
"2019-03-28T21:48:56.000Z",45.701607,5.88347,0,0.75,2.5,292.5,null
"2019-03-28T21:52:56.000Z",45.701607,5.88347,0,2.5,4.75,202.5,null
"2019-03-28T21:57:00.000Z",45.701607,5.88347,3.5,5.25,9,202.5,null
"2019-03-28T22:01:00.000Z",45.701607,5.88347,3.25,6.5,9,180,null
"2019-03-28T22:05:00.000Z",45.701607,5.88347,2.5,4.25,6.25,157.5,null
"2019-03-28T22:09:04.000Z",45.701607,5.88347,1.75,4.25,7,180,null
"2019-03-28T22:13:04.000Z",45.701607,5.88347,3.5,5.25,7.25,180,null
"2019-03-28T22:17:04.000Z",45.701607,5.88347,2,4.5,6.5,180,null
"2019-03-28T22:21:09.000Z",45.701607,5.88347,2.5,4.75,6.5,180,null
"2019-03-28T22:25:09.000Z",45.701607,5.88347,0,2.5,5.25,157.5,null
"2019-03-28T22:29:09.000Z",45.701607,5.88347,1,3.25,5.5,157.5,null
"2019-03-28T22:33:13.000Z",45.701607,5.88347,1,4,6,157.5,null
"2019-03-28T22:37:13.000Z",45.701607,5.88347,1.5,3,6,135,null
"2019-03-28T22:41:13.000Z",45.701607,5.88347,0,1.5,3.25,157.5,null
"2019-03-28T22:45:17.000Z",45.701607,5.88347,0.25,2.75,5.25,135,null
"2019-03-28T22:49:17.000Z",45.701607,5.88347,2.75,4.75,7.25,135,null
"2019-03-28T22:53:17.000Z",45.701607,5.88347,3.75,6,9,157.5,null
"2019-03-28T22:57:21.000Z",45.701607,5.88347,3.5,7.25,10.5,157.5,null
"2019-03-28T23:01:21.000Z",45.701607,5.88347,3.25,7.75,12,157.5,null
"2019-03-28T23:05:21.000Z",45.701607,5.88347,6,10.5,14.5,157.5,null
"2019-03-28T23:09:25.000Z",45.701607,5.88347,6.25,10,14,157.5,null
"2019-03-28T23:13:25.000Z",45.701607,5.88347,5.5,11,13.5,180,null
"2019-03-28T23:17:25.000Z",45.701607,5.88347,5.25,10.5,14.5,180,null
"2019-03-28T23:21:29.000Z",45.701607,5.88347,3.75,7.5,11,180,null
"2019-03-28T23:25:29.000Z",45.701607,5.88347,1.75,6.75,10,157.5,null
"2019-03-28T23:29:29.000Z",45.701607,5.88347,4.25,6.5,9,157.5,null
"2019-03-28T23:33:33.000Z",45.701607,5.88347,2.75,4.75,7.25,157.5,null
"2019-03-28T23:37:33.000Z",45.701607,5.88347,2,4.75,6.5,180,null
"2019-03-28T23:41:33.000Z",45.701607,5.88347,2.5,5.5,10,157.5,null
"2019-03-28T23:45:37.000Z",45.701607,5.88347,5.25,9.5,13.5,157.5,null
"2019-03-28T23:49:37.000Z",45.701607,5.88347,7.75,11,15.5,157.5,null
"2019-03-28T23:53:37.000Z",45.701607,5.88347,1.5,6.75,11,157.5,null
"2019-03-28T23:57:41.000Z",45.701607,5.88347,2,5.5,10.5,157.5,null
"2019-03-29T00:01:41.000Z",45.701607,5.88347,1.75,6.5,12,157.5,null
"2019-03-29T00:05:41.000Z",45.701607,5.88347,2,10,17.5,157.5,null
"2019-03-29T00:09:45.000Z",45.701607,5.88347,4.75,10,16.5,157.5,null
"2019-03-29T00:13:45.000Z",45.701607,5.88347,2.5,8.5,14.5,157.5,null
"2019-03-29T00:17:45.000Z",45.701607,5.88347,5.5,9,13,157.5,null
"2019-03-29T00:21:49.000Z",45.701607,5.88347,4.25,8.25,12,157.5,null
"2019-03-29T00:25:49.000Z",45.701607,5.88347,3.25,6.75,10,157.5,null
"2019-03-29T00:29:49.000Z",45.701607,5.88347,3.25,6,10,157.5,null
"2019-03-29T00:33:53.000Z",45.701607,5.88347,0.75,6,9.75,157.5,null
"2019-03-29T00:37:53.000Z",45.701607,5.88347,3.25,8.25,14,157.5,null
"2019-03-29T00:41:53.000Z",45.701607,5.88347,5.25,9,12.5,157.5,null
"2019-03-29T00:45:57.000Z",45.701607,5.88347,3.5,9,15,135,null
"2019-03-29T00:49:57.000Z",45.701607,5.88347,2,6.5,12,135,null
"2019-03-29T00:53:57.000Z",45.701607,5.88347,3.25,6.5,11.5,112.5,null
"2019-03-29T00:58:01.000Z",45.701607,5.88347,2.75,7,14.5,135,null
"2019-03-29T01:02:01.000Z",45.701607,5.88347,2.5,5.75,9.5,135,null
"2019-03-29T01:06:01.000Z",45.701607,5.88347,1,5,9,157.5,null
"2019-03-29T01:10:05.000Z",45.701607,5.88347,3.75,6.75,10,157.5,null
"2019-03-29T01:14:05.000Z",45.701607,5.88347,6.25,10.5,17,157.5,null
"2019-03-29T01:18:05.000Z",45.701607,5.88347,3.75,11.5,15.5,135,null
"2019-03-29T01:22:10.000Z",45.701607,5.88347,0.75,5.75,12,135,null
"2019-03-29T01:26:10.000Z",45.701607,5.88347,1.5,6.25,13,112.5,null
"2019-03-29T01:30:10.000Z",45.701607,5.88347,2.75,7.25,16.5,112.5,null
"2019-03-29T01:34:13.000Z",45.701607,5.88347,3.25,8.25,13,135,null
"2019-03-29T01:38:13.000Z",45.701607,5.88347,3.25,7.75,12,135,null
"2019-03-29T01:42:13.000Z",45.701607,5.88347,2.75,7,11,135,null
"2019-03-29T01:46:17.000Z",45.701607,5.88347,4.25,8.25,14,157.5,null
"2019-03-29T01:50:17.000Z",45.701607,5.88347,5.5,9.5,13,157.5,null
"2019-03-29T01:54:17.000Z",45.701607,5.88347,2.5,6.5,11,157.5,null
"2019-03-29T01:58:22.000Z",45.701607,5.88347,2.75,5.75,10,135,null
"2019-03-29T02:02:22.000Z",45.701607,5.88347,2,5.5,12,112.5,null
"2019-03-29T02:06:22.000Z",45.701607,5.88347,2.75,6.25,10,112.5,null
"2019-03-29T02:10:25.000Z",45.701607,5.88347,2.5,5.5,10,135,null
"2019-03-29T02:14:25.000Z",45.701607,5.88347,2,6.5,10.5,135,null
"2019-03-29T02:18:25.000Z",45.701607,5.88347,1.75,6,11,135,null
"2019-03-29T02:22:30.000Z",45.701607,5.88347,1.75,5,8,135,null
"2019-03-29T02:26:30.000Z",45.701607,5.88347,2.5,5.5,10.5,135,null
"2019-03-29T02:30:30.000Z",45.701607,5.88347,1,5.25,9.75,112.5,null
"2019-03-29T02:34:33.000Z",45.701607,5.88347,1,5,12,112.5,null
"2019-03-29T02:38:33.000Z",45.701607,5.88347,0,4.25,9.75,135,null
"2019-03-29T02:42:33.000Z",45.701607,5.88347,2.5,5.75,12,135,null
"2019-03-29T02:46:37.000Z",45.701607,5.88347,1.75,5.75,11.5,112.5,null
"2019-03-29T02:50:37.000Z",45.701607,5.88347,2.5,6.25,12,135,null
"2019-03-29T02:54:37.000Z",45.701607,5.88347,3.75,8.25,14.5,135,null
"2019-03-29T02:58:42.000Z",45.701607,5.88347,3.5,7,11.5,135,null
"2019-03-29T03:02:42.000Z",45.701607,5.88347,2.5,7.75,13,135,null
"2019-03-29T03:06:42.000Z",45.701607,5.88347,3.25,8.75,15.5,135,null
"2019-03-29T03:10:46.000Z",45.701607,5.88347,3.25,7.75,13.5,135,null
"2019-03-29T03:14:46.000Z",45.701607,5.88347,3.5,7.5,12,135,null
"2019-03-29T03:18:46.000Z",45.701607,5.88347,3.75,9,13.5,157.5,null
"2019-03-29T03:22:49.000Z",45.701607,5.88347,3.25,7.5,13,157.5,null
"2019-03-29T03:26:49.000Z",45.701607,5.88347,2.75,7.5,11.5,157.5,null
"2019-03-29T03:30:49.000Z",45.701607,5.88347,3.75,7.25,13.5,157.5,null
"2019-03-29T03:34:54.000Z",45.701607,5.88347,4.5,7.75,12,157.5,null
"2019-03-29T03:38:54.000Z",45.701607,5.88347,2.5,7.75,12,157.5,null
"2019-03-29T03:42:54.000Z",45.701607,5.88347,3.25,7.5,12,135,null
"2019-03-29T03:46:58.000Z",45.701607,5.88347,3.75,7,11.5,135,null
"2019-03-29T03:50:58.000Z",45.701607,5.88347,2.75,6.5,10.5,157.5,null
"2019-03-29T03:54:58.000Z",45.701607,5.88347,4.25,7.5,11,157.5,null
"2019-03-29T03:59:02.000Z",45.701607,5.88347,2.5,6.25,11,135,null
"2019-03-29T04:03:02.000Z",45.701607,5.88347,2,8.25,15.5,112.5,null
"2019-03-29T04:07:02.000Z",45.701607,5.88347,4.25,8.5,13,112.5,null
"2019-03-29T04:11:06.000Z",45.701607,5.88347,2.75,7.5,11.5,112.5,null
"2019-03-29T04:15:06.000Z",45.701607,5.88347,5.5,9.25,12.5,112.5,null
"2019-03-29T04:19:06.000Z",45.701607,5.88347,2.75,6.25,12,112.5,null
"2019-03-29T04:23:10.000Z",45.701607,5.88347,2.75,6.5,11,112.5,null
"2019-03-29T04:27:10.000Z",45.701607,5.88347,3.5,7.25,11.5,112.5,null
"2019-03-29T04:31:10.000Z",45.701607,5.88347,3.5,6.75,11,135,null
"2019-03-29T04:35:15.000Z",45.701607,5.88347,3.25,7,12.5,135,null
"2019-03-29T04:39:15.000Z",45.701607,5.88347,2,7.25,14,112.5,null
"2019-03-29T04:43:15.000Z",45.701607,5.88347,2.75,8.25,15,112.5,null
"2019-03-29T04:47:18.000Z",45.701607,5.88347,3.75,9.25,17,135,null
"2019-03-29T04:51:18.000Z",45.701607,5.88347,3.25,9.25,15.5,135,null
"2019-03-29T04:55:18.000Z",45.701607,5.88347,4.75,9,15,135,null
"2019-03-29T04:59:22.000Z",45.701607,5.88347,4.5,9.25,15,135,null
"2019-03-29T05:03:22.000Z",45.701607,5.88347,4.75,10,16.5,135,null
"2019-03-29T05:07:22.000Z",45.701607,5.88347,2,8,17.5,135,null
"2019-03-29T05:11:27.000Z",45.701607,5.88347,4.5,13.5,21,135,null
"2019-03-29T05:15:27.000Z",45.701607,5.88347,5.25,12.5,20,135,null
"2019-03-29T05:19:27.000Z",45.701607,5.88347,4.5,8.75,19,135,null
"2019-03-29T05:23:31.000Z",45.701607,5.88347,2,9.75,21,135,null
"2019-03-29T05:27:31.000Z",45.701607,5.88347,3.25,9.5,18,135,null
"2019-03-29T05:31:31.000Z",45.701607,5.88347,4.25,10.5,19,112.5,null
"2019-03-29T05:35:35.000Z",45.701607,5.88347,5.25,8.75,12,135,null
"2019-03-29T05:39:35.000Z",45.701607,5.88347,3.75,9.25,18,135,null
"2019-03-29T05:43:35.000Z",45.701607,5.88347,6.25,10,17.5,135,null
"2019-03-29T05:47:38.000Z",45.701607,5.88347,3.25,8.25,13.5,135,null
"2019-03-29T05:51:38.000Z",45.701607,5.88347,2.5,8,15,135,null
"2019-03-29T05:55:38.000Z",45.701607,5.88347,1.5,6,14,135,null
"2019-03-29T05:59:42.000Z",45.701607,5.88347,0,4.75,10.5,135,null
"2019-03-29T06:03:42.000Z",45.701607,5.88347,1.5,5.5,11,90,null
"2019-03-29T06:07:42.000Z",45.701607,5.88347,0,4.75,13,90,null
"2019-03-29T06:11:47.000Z",45.701607,5.88347,0.75,4.5,9.5,67.5,null
"2019-03-29T06:15:47.000Z",45.701607,5.88347,0,2.25,5.5,22.5,null
"2019-03-29T06:19:47.000Z",45.701607,5.88347,0,0.25,2,45,null
"2019-03-29T06:23:51.000Z",45.701607,5.88347,0,1.75,3.75,270,null
"2019-03-29T06:27:51.000Z",45.701607,5.88347,0,2,4.25,135,null
"2019-03-29T06:31:51.000Z",45.701607,5.88347,1,4.25,8.75,135,null
"2019-03-29T06:35:55.000Z",45.701607,5.88347,2.5,6.25,14,112.5,null
"2019-03-29T06:39:55.000Z",45.701607,5.88347,2,5.75,12.5,135,null
"2019-03-29T06:43:55.000Z",45.701607,5.88347,2.75,7.5,13,112.5,null
"2019-03-29T06:47:59.000Z",45.701607,5.88347,2.5,7,14.5,135,null
"2019-03-29T06:51:59.000Z",45.701607,5.88347,1.75,10,18,157.5,null
"2019-03-29T06:55:59.000Z",45.701607,5.88347,6.5,12,18,157.5,null
"2019-03-29T07:00:03.000Z",45.701607,5.88347,1.5,8.5,16.5,157.5,null
"2019-03-29T07:04:03.000Z",45.701607,5.88347,3.5,11.5,21,157.5,null
"2019-03-29T07:08:03.000Z",45.701607,5.88347,5.5,12,17,157.5,null
"2019-03-29T07:12:07.000Z",45.701607,5.88347,2.75,11,18,157.5,null
"2019-03-29T07:16:07.000Z",45.701607,5.88347,0.75,9.75,16.5,157.5,null
"2019-03-29T07:20:07.000Z",45.701607,5.88347,4.5,12,21,157.5,null
"2019-03-29T07:24:11.000Z",45.701607,5.88347,2.5,10,17.5,157.5,null
"2019-03-29T07:28:11.000Z",45.701607,5.88347,6,10.5,15.5,180,null
"2019-03-29T07:32:11.000Z",45.701607,5.88347,4.5,12,14.5,202.5,null
"2019-03-29T07:36:14.000Z",45.701607,5.88347,9,13,17.5,180,null
"2019-03-29T07:40:14.000Z",45.701607,5.88347,2.75,10.5,14.5,180,null
"2019-03-29T07:44:14.000Z",45.701607,5.88347,7,12.5,17.5,180,null
"2019-03-29T07:48:19.000Z",45.701607,5.88347,9.75,14,16.5,202.5,null
"2019-03-29T07:52:19.000Z",45.701607,5.88347,10,14,17.5,202.5,null
"2019-03-29T07:56:19.000Z",45.701607,5.88347,7,14,16.5,202.5,null
"2019-03-29T08:00:23.000Z",45.701607,5.88347,13.5,15,16,202.5,null
"2019-03-29T08:04:23.000Z",45.701607,5.88347,12,14,15.5,225,null
"2019-03-29T08:08:23.000Z",45.701607,5.88347,11,12,13.5,202.5,null
"2019-03-29T08:12:27.000Z",45.701607,5.88347,10,11.5,15,202.5,null
"2019-03-29T08:16:27.000Z",45.701607,5.88347,9,13,15,202.5,null
"2019-03-29T08:20:27.000Z",45.701607,5.88347,10,14,16.5,202.5,null
"2019-03-29T08:24:31.000Z",45.701607,5.88347,12,14,15.5,225,null
"2019-03-29T08:28:31.000Z",45.701607,5.88347,11,14,16.5,225,null
"2019-03-29T08:32:31.000Z",45.701607,5.88347,4.75,11,13.5,225,null
"2019-03-29T08:36:35.000Z",45.701607,5.88347,6.25,9.75,12.5,225,null
"2019-03-29T08:40:35.000Z",45.701607,5.88347,8.75,10,12,225,null
"2019-03-29T08:44:35.000Z",45.701607,5.88347,6.5,8,9.5,225,null
"2019-03-29T08:48:39.000Z",45.701607,5.88347,6.25,7.75,10,202.5,null
"2019-03-29T08:52:39.000Z",45.701607,5.88347,6,8,10,202.5,null
"2019-03-29T08:56:39.000Z",45.701607,5.88347,6.25,7.25,8.25,225,null
"2019-03-29T09:00:44.000Z",45.701607,5.88347,6,6.75,7.75,225,null
"2019-03-29T09:04:44.000Z",45.701607,5.88347,5.25,6.25,7.25,225,null
"2019-03-29T09:08:44.000Z",45.701607,5.88347,5.5,6,6.5,225,null
"2019-03-29T09:00:44.000Z",45.701607,5.88347,6,6.75,7.75,225,null
"2019-03-29T09:04:44.000Z",45.701607,5.88347,5.25,6.25,7.25,225,null
"2019-03-29T09:08:44.000Z",45.701607,5.88347,5.5,6,6.5,225,null
"2019-03-29T09:12:48.000Z",45.701607,5.88347,4.25,5.5,6.25,225,null
"2019-03-29T09:16:48.000Z",45.701607,5.88347,6,7,8.25,225,null
"2019-03-29T09:20:48.000Z",45.701607,5.88347,7,8,8.75,225,null
"2019-03-29T09:24:52.000Z",45.701607,5.88347,7,7.25,7.75,247.5,null
"2019-03-29T09:28:52.000Z",45.701607,5.88347,6.5,7,7.25,225,null
"2019-03-29T09:32:52.000Z",45.701607,5.88347,5.5,6.25,7.25,247.5,null
"2019-03-29T09:36:56.000Z",45.701607,5.88347,5.25,5.75,6.5,247.5,null
"2019-03-29T09:40:56.000Z",45.701607,5.88347,6.25,6.75,7.25,225,null
"2019-03-29T09:44:56.000Z",45.701607,5.88347,4.5,5.5,7,225,null
"2019-03-29T09:49:00.000Z",45.701607,5.88347,2.75,3.75,5,247.5,null
"2019-03-29T09:53:00.000Z",45.701607,5.88347,2,2.5,2.75,247.5,null
"2019-03-29T09:57:00.000Z",45.701607,5.88347,1.75,2.5,2.75,247.5,null
"2019-03-29T10:01:04.000Z",45.701607,5.88347,1.75,2.5,3.25,225,null
"2019-03-29T10:05:04.000Z",45.701607,5.88347,2.75,3,3.5,225,null
"2019-03-29T10:09:04.000Z",45.701607,5.88347,2,3.25,4.75,225,null
"2019-03-29T10:13:08.000Z",45.701607,5.88347,1,2,3.5,202.5,null
"2019-03-29T10:17:08.000Z",45.701607,5.88347,0,0.25,1.5,247.5,null
"2019-03-29T10:21:08.000Z",45.701607,5.88347,0.75,1.5,2.5,247.5,null
"2019-03-29T10:25:11.000Z",45.701607,5.88347,0.25,2,3.25,180,null
"2019-03-29T10:29:11.000Z",45.701607,5.88347,0,1,2,247.5,null
"2019-03-29T10:33:11.000Z",45.701607,5.88347,1.5,2.5,3.75,292.5,null
"2019-03-29T10:37:15.000Z",45.701607,5.88347,1,2,3.25,315,null
"2019-03-29T10:41:15.000Z",45.701607,5.88347,1,2,2.75,315,null
"2019-03-29T10:45:15.000Z",45.701607,5.88347,2.5,3.5,4.75,337.5,null
"2019-03-29T10:49:20.000Z",45.701607,5.88347,2.5,3.5,4.75,337.5,null
"2019-03-29T10:53:20.000Z",45.701607,5.88347,3.25,3.5,4.25,315,null
"2019-03-29T10:57:20.000Z",45.701607,5.88347,2.75,3.5,4.25,315,null
"2019-03-29T11:01:24.000Z",45.701607,5.88347,2,3,4,337.5,null
"2019-03-29T11:05:24.000Z",45.701607,5.88347,1.75,2.5,3.75,337.5,null
"2019-03-29T11:09:24.000Z",45.701607,5.88347,2,2.75,4.25,337.5,null
"2019-03-29T11:13:28.000Z",45.701607,5.88347,1.75,3.25,5.25,337.5,null
"2019-03-29T11:17:28.000Z",45.701607,5.88347,3.75,6.25,7.75,315,null
"2019-03-29T11:21:28.000Z",45.701607,5.88347,6.25,7.75,8.75,337.5,null
"2019-03-29T11:25:32.000Z",45.701607,5.88347,7,8.25,9,337.5,null
"2019-03-29T11:29:32.000Z",45.701607,5.88347,8,8.5,9,337.5,null
"2019-03-29T11:33:32.000Z",45.701607,5.88347,7.25,8.25,8.75,337.5,null
"2019-03-29T11:37:36.000Z",45.701607,5.88347,8,9,9.5,337.5,null
"2019-03-29T11:41:36.000Z",45.701607,5.88347,7,8,9.5,337.5,null
"2019-03-29T11:45:36.000Z",45.701607,5.88347,7.25,9.75,11.5,337.5,null
"2019-03-29T11:49:40.000Z",45.701607,5.88347,8.75,9.75,11,337.5,null
"2019-03-29T11:53:40.000Z",45.701607,5.88347,8.75,9.75,11,337.5,null
"2019-03-29T11:57:40.000Z",45.701607,5.88347,9,10,11,337.5,null
"2019-03-29T12:01:44.000Z",45.701607,5.88347,9.75,10.5,11,337.5,null
"2019-03-29T12:05:44.000Z",45.701607,5.88347,9,9.75,11.5,337.5,null
"2019-03-29T12:09:44.000Z",45.701607,5.88347,10,11,12,337.5,null
"2019-03-29T12:13:48.000Z",45.701607,5.88347,9.75,10.5,12,337.5,null
"2019-03-29T12:17:48.000Z",45.701607,5.88347,10,11,12,337.5,null
"2019-03-29T12:21:48.000Z",45.701607,5.88347,4.75,8.5,11.5,337.5,null
"2019-03-29T12:25:52.000Z",45.701607,5.88347,8,8.75,10,337.5,null
"2019-03-29T12:29:52.000Z",45.701607,5.88347,6.5,7.5,8.75,337.5,null
"2019-03-29T12:33:52.000Z",45.701607,5.88347,7,8.75,10,337.5,null
"2019-03-29T12:37:56.000Z",45.701607,5.88347,8.25,8.75,9.5,337.5,null
"2019-03-29T12:41:56.000Z",45.701607,5.88347,9,9.75,10.5,337.5,null
"2019-03-29T12:45:56.000Z",45.701607,5.88347,8,8.5,9,337.5,null
"2019-03-29T12:50:00.000Z",45.701607,5.88347,4.75,6.75,8,337.5,null
"2019-03-29T12:54:00.000Z",45.701607,5.88347,4.5,7,9,337.5,null
"2019-03-29T12:58:00.000Z",45.701607,5.88347,4.75,9.5,12,337.5,null
"2019-03-29T13:02:04.000Z",45.701607,5.88347,10.5,12,13,337.5,null
"2019-03-29T13:06:04.000Z",45.701607,5.88347,9,11,13,337.5,null
"2019-03-29T13:10:04.000Z",45.701607,5.88347,11,12,13,337.5,null
"2019-03-29T13:14:08.000Z",45.701607,5.88347,11,13,14,337.5,null
"2019-03-29T13:18:08.000Z",45.701607,5.88347,11,12.5,13.5,337.5,null
"2019-03-29T13:22:08.000Z",45.701607,5.88347,11,11.5,12.5,337.5,null
"2019-03-29T13:26:12.000Z",45.701607,5.88347,11.5,13,13.5,337.5,null
"2019-03-29T13:30:12.000Z",45.701607,5.88347,10,11,12.5,337.5,null
"2019-03-29T13:34:12.000Z",45.701607,5.88347,9.75,10.5,11,337.5,null
"2019-03-29T13:38:17.000Z",45.701607,5.88347,7.25,9.75,11,337.5,null
"2019-03-29T13:42:17.000Z",45.701607,5.88347,6.25,7.75,10,315,null
"2019-03-29T13:46:17.000Z",45.701607,5.88347,8,9.25,10.5,337.5,null
"2019-03-29T13:50:21.000Z",45.701607,5.88347,8,9,10,315,null
"2019-03-29T13:54:21.000Z",45.701607,5.88347,8.75,9.25,10,315,null
"2019-03-29T13:58:21.000Z",45.701607,5.88347,7.75,8.75,9.75,315,null
"2019-03-29T14:03:04.000Z",45.701607,5.88347,6,7.25,8.75,315,null
"2019-03-29T14:07:04.000Z",45.701607,5.88347,6.25,8.5,11,292.5,null
"2019-03-29T14:11:04.000Z",45.701607,5.88347,7.25,9.5,11,315,null
"2019-03-29T14:15:08.000Z",45.701607,5.88347,9.75,11.5,13.5,315,null
"2019-03-29T14:19:08.000Z",45.701607,5.88347,9.5,11,13.5,315,null
"2019-03-29T14:23:08.000Z",45.701607,5.88347,7,9.5,11,315,null
"2019-03-29T14:27:13.000Z",45.701607,5.88347,6,8.5,10.5,337.5,null
"2019-03-29T14:31:13.000Z",45.701607,5.88347,9.5,10.5,11.5,337.5,null
"2019-03-29T14:35:13.000Z",45.701607,5.88347,5.5,9.25,11,337.5,null
"2019-03-29T14:39:16.000Z",45.701607,5.88347,7.75,8.5,10.5,337.5,null
"2019-03-29T14:43:16.000Z",45.701607,5.88347,9.5,12.5,14,337.5,null
"2019-03-29T14:47:16.000Z",45.701607,5.88347,10.5,12,13.5,337.5,null
"2019-03-29T14:51:21.000Z",45.701607,5.88347,9,10.5,12,337.5,null
"2019-03-29T14:55:21.000Z",45.701607,5.88347,8,9.25,11,337.5,null
"2019-03-29T14:59:21.000Z",45.701607,5.88347,7.75,9.25,10.5,337.5,null
"2019-03-29T15:03:25.000Z",45.701607,5.88347,7.25,9.75,11,337.5,null
"2019-03-29T15:07:25.000Z",45.701607,5.88347,6.25,8.5,10,22.5,null
"2019-03-29T15:11:25.000Z",45.701607,5.88347,4.75,7.5,9.75,0,null
"2019-03-29T15:15:29.000Z",45.701607,5.88347,9.75,11,12.5,337.5,null
"2019-03-29T15:19:29.000Z",45.701607,5.88347,7.75,9.25,11,337.5,null
"2019-03-29T15:23:29.000Z",45.701607,5.88347,4.5,7.25,9.75,337.5,null
"2019-03-29T15:27:32.000Z",45.701607,5.88347,4.75,5.75,7.25,337.5,null
"2019-03-29T15:31:32.000Z",45.701607,5.88347,3.25,7,11,315,null
"2019-03-29T15:35:32.000Z",45.701607,5.88347,5.25,8.25,10,337.5,null
"2019-03-29T15:39:37.000Z",45.701607,5.88347,7,8.75,10.5,337.5,null
"2019-03-29T15:43:37.000Z",45.701607,5.88347,6.5,8,9.75,337.5,null
"2019-03-29T15:47:37.000Z",45.701607,5.88347,5.25,6.75,8.75,337.5,null
"2019-03-29T15:51:41.000Z",45.701607,5.88347,6.25,8.25,9.5,337.5,null
"2019-03-29T15:55:41.000Z",45.701607,5.88347,6.25,9.75,11.5,337.5,null
"2019-03-29T15:59:41.000Z",45.701607,5.88347,7.75,10,12,0,null
"2019-03-29T16:03:45.000Z",45.701607,5.88347,7.25,8,9.5,0,null
"2019-03-29T16:07:45.000Z",45.701607,5.88347,6,7.25,8.25,0,null
"2019-03-29T16:11:45.000Z",45.701607,5.88347,4.25,6.25,7.25,337.5,null
"2019-03-29T16:15:49.000Z",45.701607,5.88347,0,2.5,4.5,0,null
"2019-03-29T16:19:49.000Z",45.701607,5.88347,1,4.25,6.25,0,null
"2019-03-29T16:23:49.000Z",45.701607,5.88347,4.5,7.25,11,337.5,null
"2019-03-29T16:27:53.000Z",45.701607,5.88347,4.25,6,10,337.5,null
"2019-03-29T16:31:53.000Z",45.701607,5.88347,2.5,4.25,5.5,0,null
"2019-03-29T16:35:53.000Z",45.701607,5.88347,1.5,2.75,4.25,0,null
"2019-03-29T16:39:57.000Z",45.701607,5.88347,1,3.5,8.25,315,null
"2019-03-29T16:43:57.000Z",45.701607,5.88347,0,2.5,4.75,315,null
"2019-03-29T16:47:57.000Z",45.701607,5.88347,0.75,2.75,4.75,315,null
"2019-03-29T16:52:01.000Z",45.701607,5.88347,0,3.5,5.5,315,null
"2019-03-29T16:56:01.000Z",45.701607,5.88347,0.25,3,4.5,315,null
"2019-03-29T17:00:01.000Z",45.701607,5.88347,0,1.5,3.25,337.5,null
"2019-03-29T17:04:05.000Z",45.701607,5.88347,0,1.25,3.25,337.5,null
"2019-03-29T17:08:05.000Z",45.701607,5.88347,0,1.5,2.5,0,null
"2019-03-29T17:12:05.000Z",45.701607,5.88347,0,0.25,1.75,22.5,null
"2019-03-29T17:16:09.000Z",45.701607,5.88347,1,3.75,6,0,null
"2019-03-29T17:20:09.000Z",45.701607,5.88347,3.25,4.75,6.25,0,null
"2019-03-29T17:24:09.000Z",45.701607,5.88347,1.75,3,4.25,22.5,null
"2019-03-29T17:28:13.000Z",45.701607,5.88347,0,4.25,8.75,180,null
"2019-03-29T17:32:13.000Z",45.701607,5.88347,0,3.5,7.75,180,null
"2019-03-29T17:36:13.000Z",45.701607,5.88347,0,0.25,1,157.5,null
"2019-03-29T17:40:18.000Z",45.701607,5.88347,0,0,0,135,null
"2019-03-29T17:44:18.000Z",45.701607,5.88347,0,1,3.5,157.5,null
"2019-03-29T17:48:18.000Z",45.701607,5.88347,0.25,1.5,2.5,135,null
"2019-03-29T17:40:18.000Z",45.701607,5.88347,0,0,0,135,null
"2019-03-29T17:44:18.000Z",45.701607,5.88347,0,1,3.5,157.5,null
"2019-03-29T17:48:18.000Z",45.701607,5.88347,0.25,1.5,2.5,135,null
"2019-03-29T17:52:21.000Z",45.701607,5.88347,0,0.25,1.5,157.5,null
"2019-03-29T17:56:21.000Z",45.701607,5.88347,0,2.75,5.25,202.5,null
"2019-03-29T18:00:21.000Z",45.701607,5.88347,1,3.25,4.5,157.5,null
"2019-03-29T18:04:25.000Z",45.701607,5.88347,1,3.25,5.5,225,null
"2019-03-29T18:08:25.000Z",45.701607,5.88347,0,2.75,5.5,225,null
"2019-03-29T18:12:25.000Z",45.701607,5.88347,0,0.5,2,90,null
"2019-03-29T18:16:30.000Z",45.701607,5.88347,0,1.25,2.75,67.5,null
"2019-03-29T18:20:30.000Z",45.701607,5.88347,0,2,5.5,270,null
"2019-03-29T18:24:30.000Z",45.701607,5.88347,0,1,2.5,157.5,null
"2019-03-29T18:28:33.000Z",45.701607,5.88347,0,1,2.5,180,null
"2019-03-29T18:32:33.000Z",45.701607,5.88347,0,1.25,2,135,null
"2019-03-29T18:36:33.000Z",45.701607,5.88347,0,1.75,4.25,202.5,null
"2019-03-29T18:40:37.000Z",45.701607,5.88347,1.75,3.5,4.75,157.5,null
"2019-03-29T18:44:37.000Z",45.701607,5.88347,1.5,2.25,3.75,157.5,null
"2019-03-29T18:48:37.000Z",45.701607,5.88347,0,2,4.25,157.5,null
"2019-03-29T18:52:42.000Z",45.701607,5.88347,0,0.75,5.25,247.5,null
"2019-03-29T18:56:42.000Z",45.701607,5.88347,2.5,4,5.25,157.5,null
"2019-03-29T19:00:42.000Z",45.701607,5.88347,0,1.5,3.25,135,null
"2019-03-29T19:04:46.000Z",45.701607,5.88347,1.5,3.5,5.25,225,null
"2019-03-29T19:08:46.000Z",45.701607,5.88347,2.75,4,5.5,135,null
"2019-03-29T19:12:46.000Z",45.701607,5.88347,0,1.75,4.75,135,null
"2019-03-29T19:16:49.000Z",45.701607,5.88347,0,1.25,4.25,112.5,null
"2019-03-29T19:20:49.000Z",45.701607,5.88347,0.25,4,10,90,null
"2019-03-29T19:24:49.000Z",45.701607,5.88347,1.75,4.75,10.5,90,null
"2019-03-29T19:28:54.000Z",45.701607,5.88347,2,3.75,6.75,90,null
"2019-03-29T19:32:54.000Z",45.701607,5.88347,1.5,4.25,6.5,135,null
"2019-03-29T19:36:54.000Z",45.701607,5.88347,0.75,3.25,6.5,135,null
"2019-03-29T19:40:58.000Z",45.701607,5.88347,1,3,4.75,157.5,null
"2019-03-29T19:44:58.000Z",45.701607,5.88347,2.75,4.75,6.25,135,null
"2019-03-29T19:48:58.000Z",45.701607,5.88347,0,2.5,6,112.5,null
"2019-03-29T19:53:02.000Z",45.701607,5.88347,1,2.75,4.75,112.5,null
"2019-03-29T19:57:02.000Z",45.701607,5.88347,0.75,2.75,6,90,null
"2019-03-29T20:01:02.000Z",45.701607,5.88347,0.75,3.5,6.5,135,null
"2019-03-29T20:05:06.000Z",45.701607,5.88347,3.75,5.5,6.5,90,null
"2019-03-29T20:09:06.000Z",45.701607,5.88347,3.5,5,7.25,90,null
"2019-03-29T20:13:06.000Z",45.701607,5.88347,4.5,5.5,7.25,90,null
"2019-03-29T20:17:10.000Z",45.701607,5.88347,0,2.75,7,90,null
"2019-03-29T20:21:10.000Z",45.701607,5.88347,0,1.75,4.25,292.5,null
"2019-03-29T20:25:10.000Z",45.701607,5.88347,0,1.5,3.5,45,null
"2019-03-29T20:29:14.000Z",45.701607,5.88347,0.25,3,5.25,67.5,null
"2019-03-29T20:33:14.000Z",45.701607,5.88347,1.5,3,5.25,90,null
"2019-03-29T20:37:14.000Z",45.701607,5.88347,2.5,4.75,7.75,90,null
"2019-03-29T20:41:18.000Z",45.701607,5.88347,3.25,5.5,8,90,null
"2019-03-29T20:45:18.000Z",45.701607,5.88347,3.75,6.25,9.75,90,null
"2019-03-29T20:49:18.000Z",45.701607,5.88347,3.25,6.5,10,90,null
"2019-03-29T20:53:22.000Z",45.701607,5.88347,1.5,4,7,0,null
"2019-03-29T20:57:22.000Z",45.701607,5.88347,1,3.75,5.5,90,null
"2019-03-29T21:01:22.000Z",45.701607,5.88347,1.5,3,4.25,112.5,null
"2019-03-29T21:05:26.000Z",45.701607,5.88347,1,3.25,4.75,90,null
"2019-03-29T21:09:26.000Z",45.701607,5.88347,0,2.5,5.5,90,null
"2019-03-29T21:13:26.000Z",45.701607,5.88347,3.25,4.25,5.5,90,null
"2019-03-29T21:17:31.000Z",45.701607,5.88347,0,2.5,5.25,90,null
"2019-03-29T21:21:31.000Z",45.701607,5.88347,0,2.25,3.75,90,null
"2019-03-29T21:25:31.000Z",45.701607,5.88347,0,2,4.5,67.5,null
"2019-03-29T21:29:34.000Z",45.701607,5.88347,1.75,3.25,5.25,90,null
"2019-03-29T21:33:34.000Z",45.701607,5.88347,1.75,3.25,4.5,90,null
"2019-03-29T21:37:34.000Z",45.701607,5.88347,3.5,5.5,7,90,null
"2019-03-29T21:41:38.000Z",45.701607,5.88347,2.5,4.75,6.25,67.5,null
"2019-03-29T21:45:38.000Z",45.701607,5.88347,1.5,4.25,6.25,67.5,null
"2019-03-29T21:49:38.000Z",45.701607,5.88347,0.75,2.25,4.25,135,null
"2019-03-29T21:53:43.000Z",45.701607,5.88347,0,1.5,4.25,45,null
"2019-03-29T21:57:43.000Z",45.701607,5.88347,3.75,5.25,7.25,67.5,null
"2019-03-29T22:01:43.000Z",45.701607,5.88347,5.25,6.75,7.75,90,null
"2019-03-29T22:05:47.000Z",45.701607,5.88347,0,1.75,6,67.5,null
"2019-03-29T22:09:47.000Z",45.701607,5.88347,0,3,5.25,135,null
"2019-03-29T22:13:47.000Z",45.701607,5.88347,1.75,4,6.5,112.5,null
"2019-03-29T22:17:50.000Z",45.701607,5.88347,0,2.25,4.5,90,null
"2019-03-29T22:21:50.000Z",45.701607,5.88347,0.75,2.75,5.25,90,null
"2019-03-29T22:25:50.000Z",45.701607,5.88347,0,2.5,6.25,67.5,null
"2019-03-29T22:29:55.000Z",45.701607,5.88347,0,0.25,2,90,null
"2019-03-29T22:33:55.000Z",45.701607,5.88347,0,0.25,2.75,112.5,null
"2019-03-29T22:37:55.000Z",45.701607,5.88347,1.5,2.75,4.75,67.5,null
"2019-03-29T22:41:58.000Z",45.701607,5.88347,0.75,3,4.25,90,null
"2019-03-29T22:45:58.000Z",45.701607,5.88347,2.5,4.25,5.5,90,null
"2019-03-29T22:49:58.000Z",45.701607,5.88347,2.5,4.25,6.5,90,null
"2019-03-29T22:54:03.000Z",45.701607,5.88347,1.5,3.25,6,90,null
"2019-03-29T22:58:03.000Z",45.701607,5.88347,3.75,6.5,9,67.5,null
"2019-03-29T23:02:03.000Z",45.701607,5.88347,4.25,5.5,7.25,67.5,null
"2019-03-29T23:06:07.000Z",45.701607,5.88347,2,3.25,4.5,67.5,null
"2019-03-29T23:10:07.000Z",45.701607,5.88347,0,1.5,2.75,67.5,null
"2019-03-29T23:14:07.000Z",45.701607,5.88347,1.5,5,7.25,67.5,null
"2019-03-29T23:18:10.000Z",45.701607,5.88347,0,4.5,7,67.5,null
"2019-03-29T23:22:10.000Z",45.701607,5.88347,0,2,5.5,67.5,null
"2019-03-29T23:26:10.000Z",45.701607,5.88347,3.5,5.5,7.75,90,null
"2019-03-29T23:30:15.000Z",45.701607,5.88347,4.25,7.25,13.5,90,null
"2019-03-29T23:34:15.000Z",45.701607,5.88347,2.5,6.75,12,67.5,null
"2019-03-29T23:38:15.000Z",45.701607,5.88347,2.75,4.5,8.25,67.5,null
"2019-03-29T23:42:19.000Z",45.701607,5.88347,0,2.5,7.25,90,null
"2019-03-29T23:46:19.000Z",45.701607,5.88347,0.25,2,4.5,135,null
"2019-03-29T23:50:19.000Z",45.701607,5.88347,0,4,5.5,90,null
"2019-03-29T23:54:23.000Z",45.701607,5.88347,0,1.25,3.5,22.5,null
"2019-03-29T23:58:23.000Z",45.701607,5.88347,0.75,2.75,5.25,67.5,null
"2019-03-30T00:02:23.000Z",45.701607,5.88347,0,0.5,2.5,90,null
"2019-03-30T00:06:27.000Z",45.701607,5.88347,0,0.5,2,315,null
"2019-03-30T00:10:27.000Z",45.701607,5.88347,0,3.25,6.25,112.5,null
"2019-03-30T00:14:27.000Z",45.701607,5.88347,3.5,5.25,7,90,null
"2019-03-30T00:18:31.000Z",45.701607,5.88347,3.75,5,6.25,67.5,null
"2019-03-30T00:22:31.000Z",45.701607,5.88347,4.75,6,7,90,null
"2019-03-30T00:26:31.000Z",45.701607,5.88347,4.5,6,8,90,null
"2019-03-30T00:30:35.000Z",45.701607,5.88347,2,4.75,7.75,90,null
"2019-03-30T00:34:35.000Z",45.701607,5.88347,2.75,6,7.75,90,null
"2019-03-30T00:38:35.000Z",45.701607,5.88347,3.75,5.75,7.75,90,null
"2019-03-30T00:42:39.000Z",45.701607,5.88347,0,2,6.25,90,null
"2019-03-30T00:46:39.000Z",45.701607,5.88347,0.25,5,9,90,null
"2019-03-30T00:50:39.000Z",45.701607,5.88347,2,5,6.5,90,null
"2019-03-30T00:54:43.000Z",45.701607,5.88347,0,3,5.75,67.5,null
"2019-03-30T00:58:43.000Z",45.701607,5.88347,3.25,6,9,67.5,null
"2019-03-30T01:02:43.000Z",45.701607,5.88347,1.75,5.25,12,90,null
"2019-03-30T01:06:47.000Z",45.701607,5.88347,2,5.5,7.75,112.5,null
"2019-03-30T01:10:47.000Z",45.701607,5.88347,3.5,5,7.25,90,null
"2019-03-30T01:14:47.000Z",45.701607,5.88347,2,4,6.5,90,null
"2019-03-30T01:18:51.000Z",45.701607,5.88347,1.75,4,6.25,90,null
"2019-03-30T01:22:51.000Z",45.701607,5.88347,2.5,4.25,6.5,90,null
"2019-03-30T01:26:51.000Z",45.701607,5.88347,0,0.5,5.5,90,null
"2019-03-30T01:30:56.000Z",45.701607,5.88347,0,0.5,2.5,90,null
"2019-03-30T01:34:56.000Z",45.701607,5.88347,0,2.25,4.75,67.5,null
"2019-03-30T01:38:56.000Z",45.701607,5.88347,1.5,4.5,9.75,90,null
"2019-03-30T01:43:00.000Z",45.701607,5.88347,2.5,6.5,10.5,90,null
"2019-03-30T01:47:00.000Z",45.701607,5.88347,2.75,4.25,7,90,null
"2019-03-30T01:51:00.000Z",45.701607,5.88347,0,2.75,6.25,90,null
"2019-03-30T01:55:04.000Z",45.701607,5.88347,0,0.25,1.5,67.5,null
"2019-03-30T01:59:04.000Z",45.701607,5.88347,0.75,1.75,3.25,90,null
"2019-03-30T02:03:04.000Z",45.701607,5.88347,0.75,2,3.25,112.5,null
"2019-03-30T02:07:08.000Z",45.701607,5.88347,2.75,3.5,5.25,90,null
"2019-03-30T02:11:08.000Z",45.701607,5.88347,1.75,2.5,3.5,90,null
"2019-03-30T02:15:08.000Z",45.701607,5.88347,0.75,2.75,4.25,90,null
"2019-03-30T02:19:12.000Z",45.701607,5.88347,0,2.25,4.75,67.5,null
"2019-03-30T02:23:12.000Z",45.701607,5.88347,0.25,3.5,5.25,67.5,null
"2019-03-30T02:27:12.000Z",45.701607,5.88347,0,1.5,3.5,90,null
"2019-03-30T02:31:16.000Z",45.701607,5.88347,0.75,2.25,3.5,67.5,null
"2019-03-30T02:35:16.000Z",45.701607,5.88347,0.25,1.5,2.75,90,null
"2019-03-30T02:39:16.000Z",45.701607,5.88347,0.25,2.5,4.5,67.5,null
"2019-03-30T02:43:19.000Z",45.701607,5.88347,1,2,3.5,67.5,null
"2019-03-30T02:47:19.000Z",45.701607,5.88347,0,1.25,2.5,90,null
"2019-03-30T02:51:19.000Z",45.701607,5.88347,1.75,2.5,3.25,90,null
"2019-03-30T02:55:24.000Z",45.701607,5.88347,0.75,1.5,2.75,90,null
"2019-03-30T02:59:24.000Z",45.701607,5.88347,0.25,1.25,2,112.5,null
"2019-03-30T03:03:24.000Z",45.701607,5.88347,1,2,3.5,90,null
"2019-03-30T03:07:28.000Z",45.701607,5.88347,1.75,2.5,3.75,90,null
"2019-03-30T03:11:28.000Z",45.701607,5.88347,1.75,2.5,3.25,90,null
"2019-03-30T03:15:28.000Z",45.701607,5.88347,2,3.5,4.5,90,null
"2019-03-30T03:19:32.000Z",45.701607,5.88347,2.75,4.25,6.5,67.5,null
"2019-03-30T03:23:32.000Z",45.701607,5.88347,3.25,4.25,5.5,67.5,null
"2019-03-30T03:27:32.000Z",45.701607,5.88347,2,3.5,4.75,67.5,null
"2019-03-30T03:31:36.000Z",45.701607,5.88347,2.5,3.5,4.5,67.5,null
"2019-03-30T03:35:36.000Z",45.701607,5.88347,2.5,4,5.5,67.5,null
"2019-03-30T03:39:36.000Z",45.701607,5.88347,1.5,3,4.75,90,null
"2019-03-30T03:43:40.000Z",45.701607,5.88347,3.25,4.5,6.5,90,null
"2019-03-30T03:47:40.000Z",45.701607,5.88347,3.5,4.75,6,90,null
"2019-03-30T03:51:40.000Z",45.701607,5.88347,0.25,3.5,5.25,90,null
"2019-03-30T03:55:44.000Z",45.701607,5.88347,0,1.75,4,67.5,null
"2019-03-30T03:59:44.000Z",45.701607,5.88347,0.25,1.75,2.5,90,null
"2019-03-30T04:03:44.000Z",45.701607,5.88347,0.25,2.75,4.25,67.5,null
"2019-03-30T04:07:48.000Z",45.701607,5.88347,2,3.25,4.25,67.5,null
"2019-03-30T04:11:48.000Z",45.701607,5.88347,2,3.25,4.75,67.5,null
"2019-03-30T04:15:48.000Z",45.701607,5.88347,1.75,3,3.75,67.5,null
"2019-03-30T04:19:52.000Z",45.701607,5.88347,1.75,3.5,4.75,90,null
"2019-03-30T04:23:52.000Z",45.701607,5.88347,3.5,4.5,5.5,67.5,null
"2019-03-30T04:27:52.000Z",45.701607,5.88347,2.5,4,4.75,90,null
"2019-03-30T04:31:56.000Z",45.701607,5.88347,2,3.25,5.25,90,null
"2019-03-30T04:35:56.000Z",45.701607,5.88347,1.75,3.5,4.75,90,null
"2019-03-30T04:39:56.000Z",45.701607,5.88347,2,3.25,4.75,90,null
"2019-03-30T04:44:01.000Z",45.701607,5.88347,2.5,3.25,4.25,112.5,null
"2019-03-30T04:48:01.000Z",45.701607,5.88347,1.75,2.75,3.5,90,null
"2019-03-30T04:52:01.000Z",45.701607,5.88347,2.5,3,4.25,112.5,null
"2019-03-30T04:56:04.000Z",45.701607,5.88347,2,3,4,90,null
"2019-03-30T05:00:04.000Z",45.701607,5.88347,2.5,3.5,5.5,90,null
"2019-03-30T05:04:04.000Z",45.701607,5.88347,3.25,4.75,6.25,90,null
"2019-03-30T05:08:08.000Z",45.701607,5.88347,2.75,4.25,6.25,90,null
"2019-03-30T05:12:08.000Z",45.701607,5.88347,2.5,3,4.25,112.5,null
"2019-03-30T05:16:08.000Z",45.701607,5.88347,2.75,3.25,4.5,112.5,null
"2019-03-30T05:20:13.000Z",45.701607,5.88347,2,3.75,6.25,112.5,null
"2019-03-30T05:24:13.000Z",45.701607,5.88347,1.5,3,4.5,90,null
"2019-03-30T05:28:13.000Z",45.701607,5.88347,2.5,3.5,4.5,112.5,null
"2019-03-30T05:32:17.000Z",45.701607,5.88347,0.75,1.75,3.5,112.5,null
"2019-03-30T05:36:17.000Z",45.701607,5.88347,1.75,2.75,4.5,112.5,null
"2019-03-30T05:40:17.000Z",45.701607,5.88347,3.25,4.75,7,90,null
"2019-03-30T05:44:21.000Z",45.701607,5.88347,2.5,4,6.25,90,null
"2019-03-30T05:48:21.000Z",45.701607,5.88347,1.5,2.75,5.25,90,null
"2019-03-30T05:52:21.000Z",45.701607,5.88347,1.5,2.75,3.75,90,null
"2019-03-30T05:56:25.000Z",45.701607,5.88347,1.5,2.75,4.75,90,null
"2019-03-30T06:00:25.000Z",45.701607,5.88347,1,3,6,90,null
"2019-03-30T06:04:25.000Z",45.701607,5.88347,1.5,2.5,4.25,112.5,null
"2019-03-30T06:08:29.000Z",45.701607,5.88347,0,3,5.5,135,null
"2019-03-30T06:12:29.000Z",45.701607,5.88347,2.75,4.5,7.25,112.5,null
"2019-03-30T06:16:29.000Z",45.701607,5.88347,2,3.25,4.75,112.5,null
"2019-03-30T06:20:32.000Z",45.701607,5.88347,1.5,3,5.25,90,null
"2019-03-30T06:24:32.000Z",45.701607,5.88347,0.75,4.25,8,90,null
"2019-03-30T06:28:32.000Z",45.701607,5.88347,0,2.5,6,90,null
"2019-03-30T06:32:36.000Z",45.701607,5.88347,0,1.25,3.75,90,null
"2019-03-30T06:36:36.000Z",45.701607,5.88347,0,1.25,4.25,90,null
"2019-03-30T06:40:36.000Z",45.701607,5.88347,0,1,3.5,135,null
"2019-03-30T06:44:41.000Z",45.701607,5.88347,0,1.75,4.75,157.5,null
"2019-03-30T06:48:41.000Z",45.701607,5.88347,3.25,6.5,9.75,180,null
"2019-03-30T06:52:41.000Z",45.701607,5.88347,4.25,6.75,9.5,180,null
"2019-03-30T06:56:45.000Z",45.701607,5.88347,2.75,6.25,8.75,157.5,null
"2019-03-30T07:00:45.000Z",45.701607,5.88347,3.25,5.5,7.75,157.5,null
"2019-03-30T07:04:45.000Z",45.701607,5.88347,3.25,5,7.75,157.5,null
"2019-03-30T07:08:49.000Z",45.701607,5.88347,1.75,4.5,7.75,157.5,null
"2019-03-30T07:12:49.000Z",45.701607,5.88347,2.5,6.25,11,157.5,null
"2019-03-30T07:16:49.000Z",45.701607,5.88347,1,4.75,8.75,157.5,null
"2019-03-30T07:20:52.000Z",45.701607,5.88347,0.75,4.5,7.75,157.5,null
"2019-03-30T07:24:52.000Z",45.701607,5.88347,4.5,8,12,180,null
"2019-03-30T07:28:52.000Z",45.701607,5.88347,3.5,9,13.5,180,null
"2019-03-30T07:32:57.000Z",45.701607,5.88347,8.25,10,12.5,202.5,null
"2019-03-30T07:36:57.000Z",45.701607,5.88347,9,10.5,12.5,202.5,null
"2019-03-30T07:40:57.000Z",45.701607,5.88347,6.25,9.5,11.5,202.5,null
"2019-03-30T07:45:01.000Z",45.701607,5.88347,4.5,8,10,180,null
"2019-03-30T07:49:01.000Z",45.701607,5.88347,5.25,8.25,11,180,null
"2019-03-30T07:53:01.000Z",45.701607,5.88347,5.25,9,12,180,null
"2019-03-30T07:57:05.000Z",45.701607,5.88347,5.5,8.75,9.75,180,null
"2019-03-30T08:01:05.000Z",45.701607,5.88347,4.25,8,9.75,180,null
"2019-03-30T08:05:05.000Z",45.701607,5.88347,7,8.25,9.5,202.5,null
"2019-03-30T08:09:09.000Z",45.701607,5.88347,5.25,7.25,8,202.5,null
"2019-03-30T08:13:09.000Z",45.701607,5.88347,4.5,6.75,7.75,202.5,null
"2019-03-30T08:17:09.000Z",45.701607,5.88347,4.25,6.75,7.25,202.5,null
"2019-03-30T08:21:13.000Z",45.701607,5.88347,4.25,5.75,7,180,null
"2019-03-30T08:25:13.000Z",45.701607,5.88347,4.25,6,7,180,null
"2019-03-30T08:29:13.000Z",45.701607,5.88347,4.75,6,6.5,202.5,null
"2019-03-30T08:33:18.000Z",45.701607,5.88347,4.5,6,6.5,202.5,null
"2019-03-30T08:37:18.000Z",45.701607,5.88347,2,5.5,6.5,180,null
"2019-03-30T08:41:18.000Z",45.701607,5.88347,2.5,5.25,7,180,null
"2019-03-30T08:45:21.000Z",45.701607,5.88347,2.75,5.25,6.5,180,null
"2019-03-30T08:49:21.000Z",45.701607,5.88347,0,4.25,6.25,180,null
"2019-03-30T08:53:21.000Z",45.701607,5.88347,0.75,3,4.5,180,null
"2019-03-30T08:57:25.000Z",45.701607,5.88347,2,3.25,4.25,180,null
"2019-03-30T09:01:25.000Z",45.701607,5.88347,1.5,2.25,3.75,180,null
"2019-03-30T09:05:25.000Z",45.701607,5.88347,0,2,3.75,180,null
"2019-03-30T09:09:30.000Z",45.701607,5.88347,1,2,3.25,180,null
"2019-03-30T09:13:30.000Z",45.701607,5.88347,0,1,2,180,null
"2019-03-30T09:17:30.000Z",45.701607,5.88347,0,2,4.5,292.5,null
"2019-03-30T09:21:34.000Z",45.701607,5.88347,1.5,2.5,3.75,315,null
"2019-03-30T09:25:34.000Z",45.701607,5.88347,1.5,2.5,3.5,315,null
"2019-03-30T09:29:34.000Z",45.701607,5.88347,1.5,2.25,4.75,315,null
"2019-03-30T09:33:38.000Z",45.701607,5.88347,1.75,3,4.5,337.5,null
"2019-03-30T09:37:38.000Z",45.701607,5.88347,2,3.75,6.25,0,null
"2019-03-30T09:41:38.000Z",45.701607,5.88347,4.75,5.75,7,0,null
"2019-03-30T09:45:42.000Z",45.701607,5.88347,5.25,6.25,7,0,null
"2019-03-30T09:49:42.000Z",45.701607,5.88347,5.5,7.25,9,0,null
"2019-03-30T09:53:42.000Z",45.701607,5.88347,7.25,8.75,10,337.5,null
"2019-03-30T09:57:46.000Z",45.701607,5.88347,8.25,9.5,10.5,337.5,null
"2019-03-30T10:01:46.000Z",45.701607,5.88347,7.25,9,10,337.5,null
"2019-03-30T10:05:46.000Z",45.701607,5.88347,7.75,9.5,11,337.5,null
"2019-03-30T10:09:50.000Z",45.701607,5.88347,8.25,10,11.5,337.5,null
"2019-03-30T10:13:50.000Z",45.701607,5.88347,8.75,10,11.5,337.5,null
"2019-03-30T10:17:50.000Z",45.701607,5.88347,8,9.5,10.5,0,null
"2019-03-30T10:21:54.000Z",45.701607,5.88347,8.25,10,11,337.5,null
"2019-03-30T10:25:54.000Z",45.701607,5.88347,8,9.75,11,337.5,null
"2019-03-30T10:29:54.000Z",45.701607,5.88347,8.75,10,11.5,337.5,null
"2019-03-30T10:33:57.000Z",45.701607,5.88347,8.25,9.75,11,337.5,null
"2019-03-30T10:37:57.000Z",45.701607,5.88347,7.75,9,10,337.5,null
"2019-03-30T10:41:57.000Z",45.701607,5.88347,7.75,9.75,12,337.5,null
"2019-03-30T10:46:02.000Z",45.701607,5.88347,9.5,11,11.5,337.5,null
"2019-03-30T10:50:02.000Z",45.701607,5.88347,9,10,11,337.5,null
"2019-03-30T10:54:02.000Z",45.701607,5.88347,6.5,8.5,9.5,337.5,null
"2019-03-30T10:58:06.000Z",45.701607,5.88347,7.75,9.25,10.5,337.5,null
"2019-03-30T11:02:06.000Z",45.701607,5.88347,7.25,8.5,9,337.5,null
"2019-03-30T11:06:06.000Z",45.701607,5.88347,7.25,8.5,9.75,337.5,null
"2019-03-30T11:10:10.000Z",45.701607,5.88347,5.25,7,8.5,337.5,null
"2019-03-30T11:14:10.000Z",45.701607,5.88347,6.5,7.25,8,337.5,null
"2019-03-30T11:18:10.000Z",45.701607,5.88347,6.25,7,8,337.5,null
"2019-03-30T11:22:14.000Z",45.701607,5.88347,7.25,8.5,9,337.5,null
"2019-03-30T11:26:14.000Z",45.701607,5.88347,6,6.75,8,337.5,null
"2019-03-30T11:30:14.000Z",45.701607,5.88347,5.5,7.25,8.25,337.5,null
"2019-03-30T11:34:18.000Z",45.701607,5.88347,4.75,6.25,7.75,337.5,null
"2019-03-30T11:38:18.000Z",45.701607,5.88347,5.5,7,8.75,337.5,null
"2019-03-30T11:42:18.000Z",45.701607,5.88347,6.25,7.75,9,337.5,null
"2019-03-30T11:46:22.000Z",45.701607,5.88347,6,8,9.75,337.5,null
"2019-03-30T11:50:22.000Z",45.701607,5.88347,3.75,7,9.75,0,null
"2019-03-30T11:54:22.000Z",45.701607,5.88347,2.75,5,7,0,null
"2019-03-30T11:58:26.000Z",45.701607,5.88347,3.5,5.75,7.25,0,null
"2019-03-30T12:02:26.000Z",45.701607,5.88347,3.75,7,7.75,0,null
"2019-03-30T12:06:26.000Z",45.701607,5.88347,4.75,7.5,9,0,null
"2019-03-30T12:10:30.000Z",45.701607,5.88347,3.5,6.75,10,0,null
"2019-03-30T12:14:30.000Z",45.701607,5.88347,9,9.75,10.5,337.5,null
"2019-03-30T12:18:30.000Z",45.701607,5.88347,8,8.5,9,337.5,null
"2019-03-30T12:22:34.000Z",45.701607,5.88347,7.75,9.25,11,337.5,null
"2019-03-30T12:26:34.000Z",45.701607,5.88347,8.25,9.25,9.75,337.5,null
"2019-03-30T12:30:34.000Z",45.701607,5.88347,7.25,8,9,337.5,null
"2019-03-30T12:34:38.000Z",45.701607,5.88347,7,7.75,8.75,337.5,null
"2019-03-30T12:38:38.000Z",45.701607,5.88347,6,7.25,8,315,null
"2019-03-30T12:42:38.000Z",45.701607,5.88347,3.75,5,6.5,315,null
"2019-03-30T12:46:43.000Z",45.701607,5.88347,3.75,5,7,315,null
"2019-03-30T12:50:43.000Z",45.701607,5.88347,4.25,6.5,8.75,315,null
"2019-03-30T12:54:43.000Z",45.701607,5.88347,3.75,5.5,8,315,null
"2019-03-30T12:58:47.000Z",45.701607,5.88347,7.25,8.5,9,315,null
"2019-03-30T13:02:47.000Z",45.701607,5.88347,7,8,8.75,315,null
"2019-03-30T13:06:47.000Z",45.701607,5.88347,6.25,7,7.75,315,null
"2019-03-30T13:10:50.000Z",45.701607,5.88347,6.75,8.25,10,315,null
"2019-03-30T13:14:50.000Z",45.701607,5.88347,4.75,6,7.25,337.5,null
"2019-03-30T13:18:50.000Z",45.701607,5.88347,2.75,4.25,4.75,315,null
"2019-03-30T13:22:54.000Z",45.701607,5.88347,1.5,2.75,4.25,247.5,null
"2019-03-30T13:26:54.000Z",45.701607,5.88347,1.75,2.25,3.5,292.5,null
"2019-03-30T13:30:54.000Z",45.701607,5.88347,0.75,1.75,3.5,315,null
"2019-03-30T13:34:58.000Z",45.701607,5.88347,0,0.75,2,225,null
"2019-03-30T13:38:58.000Z",45.701607,5.88347,0,0.5,1.75,292.5,null
"2019-03-30T13:42:58.000Z",45.701607,5.88347,0.75,3.5,5.5,270,null
"2019-03-30T13:47:02.000Z",45.701607,5.88347,1,2.75,5.25,270,null
"2019-03-30T13:51:02.000Z",45.701607,5.88347,0.25,2,4.25,292.5,null
"2019-03-30T13:55:02.000Z",45.701607,5.88347,2.5,3.75,5.25,292.5,null
"2019-03-30T13:59:15.000Z",45.701607,5.88347,2.5,3.75,4.5,270,null
"2019-03-30T14:03:15.000Z",45.701607,5.88347,1.5,3,4.25,247.5,null
"2019-03-30T14:07:15.000Z",45.701607,5.88347,1,2,3.25,270,null
"2019-03-30T14:11:19.000Z",45.701607,5.88347,0,1.5,2.5,315,null
"2019-03-30T14:15:19.000Z",45.701607,5.88347,0,2,4.25,315,null
"2019-03-30T14:19:19.000Z",45.701607,5.88347,0.75,2.5,4.25,270,null
"2019-03-30T14:23:22.000Z",45.701607,5.88347,0,1.75,3.75,337.5,null
"2019-03-30T14:27:22.000Z",45.701607,5.88347,1.75,3.75,6,0,null
"2019-03-30T14:31:22.000Z",45.701607,5.88347,3.25,4.75,6.5,0,null
"2019-03-30T14:35:26.000Z",45.701607,5.88347,2.5,5.25,8.25,315,null
"2019-03-30T14:39:26.000Z",45.701607,5.88347,2.75,4.5,6.25,315,null
"2019-03-30T14:43:26.000Z",45.701607,5.88347,4.25,5.75,7,315,null
"2019-03-30T14:47:31.000Z",45.701607,5.88347,5.5,7.5,8.75,337.5,null
"2019-03-30T14:51:31.000Z",45.701607,5.88347,4.75,7,9.5,337.5,null
"2019-03-30T14:55:31.000Z",45.701607,5.88347,6.25,8.5,9.75,337.5,null
"2019-03-30T14:59:35.000Z",45.701607,5.88347,5.5,8,9.5,337.5,null
"2019-03-30T15:03:35.000Z",45.701607,5.88347,6.5,8.25,9,337.5,null
"2019-03-30T15:07:35.000Z",45.701607,5.88347,6.25,7.5,8.75,337.5,null
"2019-03-30T15:11:38.000Z",45.701607,5.88347,6.5,8.5,9.75,337.5,null
"2019-03-30T15:15:38.000Z",45.701607,5.88347,7.25,8.5,9.75,337.5,null
"2019-03-30T15:19:38.000Z",45.701607,5.88347,6.25,8.25,9.5,337.5,null
"2019-03-30T15:23:43.000Z",45.701607,5.88347,7.75,8.5,9,315,null
"2019-03-30T15:27:43.000Z",45.701607,5.88347,7.75,8.75,9.75,315,null
"2019-03-30T15:31:43.000Z",45.701607,5.88347,8.25,9.25,10,337.5,null
"2019-03-30T15:35:46.000Z",45.701607,5.88347,9,9.75,11,337.5,null
"2019-03-30T15:39:46.000Z",45.701607,5.88347,8,8.75,9.5,337.5,null
"2019-03-30T15:43:46.000Z",45.701607,5.88347,4.5,8.25,9,315,null
"2019-03-30T15:47:51.000Z",45.701607,5.88347,7.25,8,8.75,315,null
"2019-03-30T15:51:51.000Z",45.701607,5.88347,6.5,7.5,8.25,337.5,null
"2019-03-30T15:55:51.000Z",45.701607,5.88347,6.5,7.25,8.25,337.5,null
"2019-03-30T15:59:55.000Z",45.701607,5.88347,6.25,6.75,7.75,337.5,null
"2019-03-30T16:03:55.000Z",45.701607,5.88347,6,7.25,8,337.5,null
"2019-03-30T16:07:55.000Z",45.701607,5.88347,6,6.75,7.25,337.5,null
"2019-03-30T16:11:59.000Z",45.701607,5.88347,6,6.5,7,337.5,null
"2019-03-30T16:15:59.000Z",45.701607,5.88347,6.25,6.75,7.75,337.5,null
"2019-03-30T16:19:59.000Z",45.701607,5.88347,4.5,5.75,6.5,337.5,null
"2019-03-30T16:24:03.000Z",45.701607,5.88347,3.75,4.5,5.25,337.5,null
"2019-03-30T16:28:03.000Z",45.701607,5.88347,4.75,5.75,7.25,337.5,null
"2019-03-30T16:32:03.000Z",45.701607,5.88347,2.75,4.25,5.5,337.5,null
"2019-03-30T16:36:07.000Z",45.701607,5.88347,2.5,3.75,6,337.5,null
"2019-03-30T16:40:07.000Z",45.701607,5.88347,2.75,5,7,337.5,null
"2019-03-30T16:44:07.000Z",45.701607,5.88347,1,5.75,8,337.5,null
"2019-03-30T16:48:11.000Z",45.701607,5.88347,2,4.25,6,337.5,null
"2019-03-30T16:52:11.000Z",45.701607,5.88347,1.75,3.25,4.25,0,null
"2019-03-30T16:56:11.000Z",45.701607,5.88347,0.25,2,3.5,337.5,null
"2019-03-30T17:00:16.000Z",45.701607,5.88347,0,0.75,2.5,315,null
"2019-03-30T17:04:16.000Z",45.701607,5.88347,0,0.75,2.75,292.5,null
"2019-03-30T17:08:16.000Z",45.701607,5.88347,0,1.25,2,292.5,null
"2019-03-30T17:12:19.000Z",45.701607,5.88347,0,1.25,2.5,0,null
"2019-03-30T17:16:19.000Z",45.701607,5.88347,0,1,2.5,315,null
"2019-03-30T17:20:19.000Z",45.701607,5.88347,0,2.75,6.5,0,null
"2019-03-30T17:24:23.000Z",45.701607,5.88347,2.5,4,6,22.5,null
"2019-03-30T17:28:23.000Z",45.701607,5.88347,0,2.25,4.25,22.5,null
"2019-03-30T17:32:23.000Z",45.701607,5.88347,0,4,8,0,null
"2019-03-30T17:36:28.000Z",45.701607,5.88347,1.75,5,7,0,null
"2019-03-30T17:40:28.000Z",45.701607,5.88347,0,3.75,8,22.5,null
"2019-03-30T17:44:28.000Z",45.701607,5.88347,0,2.25,7.75,45,null
"2019-03-30T17:48:32.000Z",45.701607,5.88347,0,4.75,13,315,null
"2019-03-30T17:52:32.000Z",45.701607,5.88347,3.5,14.5,20,292.5,null
"2019-03-30T17:56:32.000Z",45.701607,5.88347,14.5,17.5,21.5,292.5,null
"2019-03-30T18:00:35.000Z",45.701607,5.88347,14.5,17.5,21,292.5,null
"2019-03-30T18:04:35.000Z",45.701607,5.88347,14.5,18,22.5,270,null
"2019-03-30T18:08:35.000Z",45.701607,5.88347,15,20,23.5,292.5,null
"2019-03-30T18:12:40.000Z",45.701607,5.88347,9.5,15,24,292.5,null
"2019-03-30T18:16:40.000Z",45.701607,5.88347,19,22.5,26,270,null
"2019-03-30T18:20:40.000Z",45.701607,5.88347,11.5,16,26,270,null
"2019-03-30T18:24:44.000Z",45.701607,5.88347,17.5,21,26,270,null
"2019-03-30T18:28:44.000Z",45.701607,5.88347,6,14.5,22,270,null
"2019-03-30T18:32:44.000Z",45.701607,5.88347,13,18,24.5,270,null
"2019-03-30T18:36:48.000Z",45.701607,5.88347,10.5,21,26,270,null
"2019-03-30T18:40:48.000Z",45.701607,5.88347,4.5,10.5,15.5,270,null
"2019-03-30T18:44:48.000Z",45.701607,5.88347,11,15.5,21,270,null
"2019-03-30T18:48:52.000Z",45.701607,5.88347,13,18,22,270,null
"2019-03-30T18:52:52.000Z",45.701607,5.88347,9.75,15,20.5,292.5,null
"2019-03-30T18:56:52.000Z",45.701607,5.88347,10,16,26,292.5,null
"2019-03-30T19:00:56.000Z",45.701607,5.88347,12,21.5,28.5,270,null
"2019-03-30T19:04:56.000Z",45.701607,5.88347,16,21.5,28.5,270,null
"2019-03-30T19:08:56.000Z",45.701607,5.88347,15,25.5,35,270,null
"2019-03-30T19:12:59.000Z",45.701607,5.88347,17,26.5,32,270,null
"2019-03-30T19:16:59.000Z",45.701607,5.88347,22.5,27,31.5,292.5,null
"2019-03-30T19:20:59.000Z",45.701607,5.88347,22.5,28.5,34,270,null
"2019-03-30T19:25:04.000Z",45.701607,5.88347,21,28.5,37,270,null
"2019-03-30T19:29:04.000Z",45.701607,5.88347,21.5,31,38.5,270,null
"2019-03-30T19:33:04.000Z",45.701607,5.88347,15,21.5,32.5,270,null
"2019-03-30T19:37:07.000Z",45.701607,5.88347,17,29,38.5,270,null
"2019-03-30T19:41:07.000Z",45.701607,5.88347,12,21.5,32,270,null
"2019-03-30T19:45:07.000Z",45.701607,5.88347,14,28,37,270,null
"2019-03-30T19:49:11.000Z",45.701607,5.88347,18,28.5,37.5,270,null
"2019-03-30T19:53:11.000Z",45.701607,5.88347,13,21.5,28.5,270,null
"2019-03-30T19:57:11.000Z",45.701607,5.88347,18,27.5,36.5,270,null
"2019-03-30T20:01:16.000Z",45.701607,5.88347,12,22,32.5,270,null
"2019-03-30T20:05:16.000Z",45.701607,5.88347,19,27,37,270,null
"2019-03-30T20:09:16.000Z",45.701607,5.88347,22.5,28,34.5,270,null
"2019-03-30T20:13:20.000Z",45.701607,5.88347,6.5,20,36,270,null
"2019-03-30T20:17:20.000Z",45.701607,5.88347,15.5,27,35,270,null
"2019-03-30T20:21:20.000Z",45.701607,5.88347,14,21.5,32.5,270,null
"2019-03-30T20:25:24.000Z",45.701607,5.88347,14,22,31,270,null
"2019-03-30T20:29:24.000Z",45.701607,5.88347,7.75,19.5,29,270,null
"2019-03-30T20:33:24.000Z",45.701607,5.88347,14.5,21.5,27.5,270,null
"2019-03-30T20:37:28.000Z",45.701607,5.88347,12.5,20,28.5,270,null
"2019-03-30T20:41:28.000Z",45.701607,5.88347,12,17.5,21,247.5,null
"2019-03-30T20:45:28.000Z",45.701607,5.88347,7.75,12.5,20,247.5,null
"2019-03-30T20:49:32.000Z",45.701607,5.88347,10,14,19,247.5,null
"2019-03-30T20:53:32.000Z",45.701607,5.88347,9.75,13.5,18,247.5,null
"2019-03-30T20:57:32.000Z",45.701607,5.88347,4.5,9.5,13,247.5,null
"2019-03-30T21:01:36.000Z",45.701607,5.88347,6,11,20,247.5,null
"2019-03-30T21:05:36.000Z",45.701607,5.88347,0.25,8.25,14.5,225,null
"2019-03-30T21:09:36.000Z",45.701607,5.88347,1.75,4.25,10.5,90,null
"2019-03-30T21:13:40.000Z",45.701607,5.88347,0.75,3.75,7.75,67.5,null
"2019-03-30T21:17:40.000Z",45.701607,5.88347,1.75,3.5,5.5,112.5,null
"2019-03-30T21:21:40.000Z",45.701607,5.88347,2.5,7,10.5,90,null
"2019-03-30T21:25:44.000Z",45.701607,5.88347,3.75,5.75,9.5,90,null
"2019-03-30T21:29:44.000Z",45.701607,5.88347,3.75,6.25,9.5,90,null
"2019-03-30T21:33:44.000Z",45.701607,5.88347,3.75,5.75,8,112.5,null
"2019-03-30T21:37:48.000Z",45.701607,5.88347,0,1.75,4.5,67.5,null
"2019-03-30T21:41:48.000Z",45.701607,5.88347,3.5,5.25,9.5,45,null
"2019-03-30T21:45:48.000Z",45.701607,5.88347,3.75,7.5,11,90,null
"2019-03-30T21:49:52.000Z",45.701607,5.88347,3.25,6.75,11.5,90,null
"2019-03-30T21:53:52.000Z",45.701607,5.88347,3.75,5.75,8.75,112.5,null
"2019-03-30T21:57:52.000Z",45.701607,5.88347,4.25,7.5,11,90,null
"2019-03-30T22:01:56.000Z",45.701607,5.88347,3.75,7.75,11,90,null
"2019-03-30T22:05:56.000Z",45.701607,5.88347,4.25,7,11,90,null
"2019-03-30T22:09:56.000Z",45.701607,5.88347,2.75,4.75,7.25,90,null
"2019-03-30T22:14:00.000Z",45.701607,5.88347,2.5,5.25,7.75,90,null
"2019-03-30T22:18:00.000Z",45.701607,5.88347,0,3,7,90,null
"2019-03-30T22:22:00.000Z",45.701607,5.88347,0,4.75,8.75,67.5,null
"2019-03-30T22:26:05.000Z",45.701607,5.88347,4.5,7.25,8.75,90,null
"2019-03-30T22:30:05.000Z",45.701607,5.88347,1,3.75,7.75,90,null
"2019-03-30T22:34:05.000Z",45.701607,5.88347,0,1.5,3.5,112.5,null
"2019-03-30T22:38:09.000Z",45.701607,5.88347,0,1.5,4.75,67.5,null
"2019-03-30T22:42:09.000Z",45.701607,5.88347,0,2,4.5,90,null
"2019-03-30T22:46:09.000Z",45.701607,5.88347,0,1.25,4.5,90,null
"2019-03-30T22:50:13.000Z",45.701607,5.88347,2.75,4,6.25,90,null
"2019-03-30T22:54:13.000Z",45.701607,5.88347,3.25,4.75,6.5,90,null
"2019-03-30T22:58:13.000Z",45.701607,5.88347,1,3.75,6,67.5,null
"2019-03-30T23:02:17.000Z",45.701607,5.88347,0,2,5.25,90,null
"2019-03-30T23:06:17.000Z",45.701607,5.88347,2.75,4.5,6.5,90,null
"2019-03-30T23:10:17.000Z",45.701607,5.88347,0,1.5,4.75,67.5,null
"2019-03-30T23:14:20.000Z",45.701607,5.88347,0.25,2.75,7,90,null
"2019-03-30T23:18:20.000Z",45.701607,5.88347,0,0.5,2,90,null
"2019-03-30T23:22:20.000Z",45.701607,5.88347,0,3.75,7.75,90,null
"2019-03-30T23:26:25.000Z",45.701607,5.88347,0,1.5,4.75,90,null
"2019-03-30T23:30:25.000Z",45.701607,5.88347,0,2,4.5,90,null
"2019-03-30T23:34:25.000Z",45.701607,5.88347,0,1.25,3.75,90,null
"2019-03-30T23:38:29.000Z",45.701607,5.88347,2.75,4.5,6,90,null
"2019-03-30T23:42:29.000Z",45.701607,5.88347,3.25,5.75,8,90,null
"2019-03-30T23:46:29.000Z",45.701607,5.88347,2.75,4.75,7.75,67.5,null
"2019-03-30T23:50:32.000Z",45.701607,5.88347,2.75,4.5,6.5,67.5,null
"2019-03-30T23:54:32.000Z",45.701607,5.88347,0,2,3.5,90,null
"2019-03-30T23:58:32.000Z",45.701607,5.88347,0,0.25,2,90,null
"2019-03-31T00:02:37.000Z",45.701607,5.88347,0.75,3.25,5.5,90,null
"2019-03-31T00:06:37.000Z",45.701607,5.88347,1,3,4.75,135,null
"2019-03-31T00:10:37.000Z",45.701607,5.88347,1.75,4,6,135,null
"2019-03-31T00:14:41.000Z",45.701607,5.88347,1.75,3.5,5.5,135,null
"2019-03-31T00:18:41.000Z",45.701607,5.88347,2.75,4.5,8.25,157.5,null
"2019-03-31T00:22:41.000Z",45.701607,5.88347,1,2.5,3.75,135,null
"2019-03-31T00:26:45.000Z",45.701607,5.88347,0,0.75,3.75,135,null
"2019-03-31T00:30:45.000Z",45.701607,5.88347,0,1.25,3.75,112.5,null
"2019-03-31T00:34:45.000Z",45.701607,5.88347,0,3.5,6.5,90,null
"2019-03-31T00:38:49.000Z",45.701607,5.88347,4.75,6.25,9,90,null
"2019-03-31T00:42:49.000Z",45.701607,5.88347,1.75,3.75,6.5,90,null
"2019-03-31T00:46:49.000Z",45.701607,5.88347,1.75,3,4.25,90,null
"2019-03-31T00:50:53.000Z",45.701607,5.88347,0,0.75,2.5,90,null
"2019-03-31T00:54:53.000Z",45.701607,5.88347,0,0,0.75,67.5,null
"2019-03-31T00:58:53.000Z",45.701607,5.88347,0.25,2.5,4.25,67.5,null
"2019-03-31T01:02:57.000Z",45.701607,5.88347,1.5,3.25,4.75,67.5,null
"2019-03-31T01:06:57.000Z",45.701607,5.88347,1,3,4.5,67.5,null
"2019-03-31T01:10:57.000Z",45.701607,5.88347,1.5,2.75,4.25,90,null
"2019-03-31T01:02:57.000Z",45.701607,5.88347,1.5,3.25,4.75,67.5,null
"2019-03-31T01:06:57.000Z",45.701607,5.88347,1,3,4.5,67.5,null
"2019-03-31T01:10:57.000Z",45.701607,5.88347,1.5,2.75,4.25,90,null
"2019-03-31T01:15:01.000Z",45.701607,5.88347,1.5,2.75,3.75,90,null
"2019-03-31T01:19:01.000Z",45.701607,5.88347,0.25,1.5,2.75,135,null
"2019-03-31T01:23:01.000Z",45.701607,5.88347,0,1.75,3.5,90,null
"2019-03-31T01:27:06.000Z",45.701607,5.88347,1.5,2.5,3.75,67.5,null
"2019-03-31T01:31:06.000Z",45.701607,5.88347,0.75,2.25,3.25,112.5,null
"2019-03-31T01:35:06.000Z",45.701607,5.88347,1.5,2.25,3.25,112.5,null
"2019-03-31T01:39:09.000Z",45.701607,5.88347,1.75,2.75,3.75,90,null
"2019-03-31T01:43:09.000Z",45.701607,5.88347,0,1.5,3.5,67.5,null
"2019-03-31T01:47:09.000Z",45.701607,5.88347,0,0.25,1.5,90,null
"2019-03-31T01:51:13.000Z",45.701607,5.88347,0,1,2.75,45,null
"2019-03-31T01:55:13.000Z",45.701607,5.88347,0.75,2,3.5,45,null
"2019-03-31T01:59:13.000Z",45.701607,5.88347,0,1.5,3.75,22.5,null
"2019-03-31T02:03:17.000Z",45.701607,5.88347,0.25,2,4.25,45,null
"2019-03-31T02:07:17.000Z",45.701607,5.88347,0,1.25,3.25,90,null
"2019-03-31T02:11:17.000Z",45.701607,5.88347,0.75,2,3.5,67.5,null
"2019-03-31T02:15:22.000Z",45.701607,5.88347,2.5,3.75,5.25,67.5,null
"2019-03-31T02:19:22.000Z",45.701607,5.88347,2,3.25,4.5,90,null
"2019-03-31T02:23:22.000Z",45.701607,5.88347,2.5,3.75,5.25,90,null
"2019-03-31T02:27:26.000Z",45.701607,5.88347,1.75,3.25,4.5,90,null
"2019-03-31T02:31:26.000Z",45.701607,5.88347,2,3.75,6,112.5,null
"2019-03-31T02:35:26.000Z",45.701607,5.88347,3.25,4.5,5.5,112.5,null
"2019-03-31T02:39:30.000Z",45.701607,5.88347,2,3.75,5.25,112.5,null
"2019-03-31T02:43:30.000Z",45.701607,5.88347,2,3.25,4.25,90,null
"2019-03-31T02:47:30.000Z",45.701607,5.88347,2.5,3.25,4.25,112.5,null
"2019-03-31T02:51:34.000Z",45.701607,5.88347,2,3,3.5,112.5,null
"2019-03-31T02:55:34.000Z",45.701607,5.88347,2.75,4.25,6.25,90,null
"2019-03-31T02:59:34.000Z",45.701607,5.88347,3.75,5,6.25,67.5,null
"2019-03-31T03:03:38.000Z",45.701607,5.88347,1.75,3.5,4.5,90,null
"2019-03-31T03:07:38.000Z",45.701607,5.88347,2.5,3.25,4.75,90,null
"2019-03-31T03:11:38.000Z",45.701607,5.88347,2.75,3.75,4.5,90,null
"2019-03-31T03:15:42.000Z",45.701607,5.88347,3.25,4,4.75,90,null
"2019-03-31T03:19:42.000Z",45.701607,5.88347,3.5,4.25,4.75,90,null
"2019-03-31T03:23:42.000Z",45.701607,5.88347,1.75,3.25,4.5,90,null
"2019-03-31T03:27:45.000Z",45.701607,5.88347,1.75,2.5,3.5,90,null
"2019-03-31T03:31:45.000Z",45.701607,5.88347,1.75,2.75,3.75,90,null
"2019-03-31T03:35:45.000Z",45.701607,5.88347,3.25,3.75,4.75,90,null
"2019-03-31T03:39:50.000Z",45.701607,5.88347,2.5,4,4.75,90,null
"2019-03-31T03:43:50.000Z",45.701607,5.88347,2.75,4,5.25,90,null
"2019-03-31T03:47:50.000Z",45.701607,5.88347,3.5,4.25,4.75,90,null
"2019-03-31T03:51:54.000Z",45.701607,5.88347,2.75,4,4.75,90,null
"2019-03-31T03:55:54.000Z",45.701607,5.88347,2.5,4,5.25,90,null
"2019-03-31T03:59:54.000Z",45.701607,5.88347,2.75,4.25,5.5,90,null
"2019-03-31T04:03:57.000Z",45.701607,5.88347,2,3.25,5.5,90,null
"2019-03-31T04:07:57.000Z",45.701607,5.88347,2,3,4.25,112.5,null
"2019-03-31T04:11:57.000Z",45.701607,5.88347,2,3,4.5,112.5,null
"2019-03-31T04:16:02.000Z",45.701607,5.88347,2,3,4.25,112.5,null
"2019-03-31T04:20:02.000Z",45.701607,5.88347,2.75,3.5,5.25,112.5,null
"2019-03-31T04:24:02.000Z",45.701607,5.88347,2.75,4,6,90,null
"2019-03-31T04:28:06.000Z",45.701607,5.88347,2.5,3.25,4.75,112.5,null
"2019-03-31T04:32:06.000Z",45.701607,5.88347,2,3,3.75,112.5,null
"2019-03-31T04:36:06.000Z",45.701607,5.88347,1.5,2.75,4.25,112.5,null
"2019-03-31T04:40:10.000Z",45.701607,5.88347,2,4.25,6.25,90,null
"2019-03-31T04:44:10.000Z",45.701607,5.88347,3.25,4.5,5.5,90,null
"2019-03-31T04:48:10.000Z",45.701607,5.88347,2.5,4,4.75,90,null
"2019-03-31T04:52:14.000Z",45.701607,5.88347,3.25,4.25,5.25,90,null
"2019-03-31T04:56:14.000Z",45.701607,5.88347,2.5,3.75,4.5,67.5,null
"2019-03-31T05:00:14.000Z",45.701607,5.88347,2,2.75,3.5,67.5,null
"2019-03-31T05:04:18.000Z",45.701607,5.88347,1.75,2.5,3.25,67.5,null
"2019-03-31T05:08:18.000Z",45.701607,5.88347,2,3,4.5,90,null
"2019-03-31T05:12:18.000Z",45.701607,5.88347,2.5,3.5,4.5,90,null
"2019-03-31T05:16:23.000Z",45.701607,5.88347,1.75,3.25,4.5,90,null
"2019-03-31T05:20:23.000Z",45.701607,5.88347,2.5,3.75,4.5,67.5,null
"2019-03-31T05:24:23.000Z",45.701607,5.88347,0.75,2.75,3.75,90,null
"2019-03-31T05:28:26.000Z",45.701607,5.88347,0.75,2,3.5,90,null
"2019-03-31T05:32:26.000Z",45.701607,5.88347,0,1,2.5,135,null
"2019-03-31T05:36:26.000Z",45.701607,5.88347,0,1.75,3.75,135,null
"2019-03-31T05:40:30.000Z",45.701607,5.88347,1.75,3.75,5.5,112.5,null
"2019-03-31T05:44:30.000Z",45.701607,5.88347,1.75,3.5,4.75,112.5,null
"2019-03-31T05:48:30.000Z",45.701607,5.88347,1.5,2.25,3.75,90,null
"2019-03-31T05:52:35.000Z",45.701607,5.88347,0.25,1.75,3.25,112.5,null
"2019-03-31T05:56:35.000Z",45.701607,5.88347,1.5,2.75,5.5,112.5,null
"2019-03-31T06:00:35.000Z",45.701607,5.88347,0.75,1.75,2.75,112.5,null
"2019-03-31T06:04:38.000Z",45.701607,5.88347,1.5,2.75,4.25,112.5,null
"2019-03-31T06:08:38.000Z",45.701607,5.88347,1.5,3.25,4.75,112.5,null
"2019-03-31T06:12:38.000Z",45.701607,5.88347,1,1.75,3.25,112.5,null
"2019-03-31T06:16:42.000Z",45.701607,5.88347,0.75,1.5,2,112.5,null
"2019-03-31T06:20:42.000Z",45.701607,5.88347,0.25,1.5,3.5,112.5,null
"2019-03-31T06:24:42.000Z",45.701607,5.88347,0.75,2.5,3.75,135,null
"2019-03-31T06:28:47.000Z",45.701607,5.88347,1.5,3,4.5,135,null
"2019-03-31T06:32:47.000Z",45.701607,5.88347,0,1.5,4.5,135,null
"2019-03-31T06:36:47.000Z",45.701607,5.88347,0,2.25,8,112.5,null
"2019-03-31T06:40:51.000Z",45.701607,5.88347,1,4.75,9.75,90,null
"2019-03-31T06:44:51.000Z",45.701607,5.88347,1.75,4.5,8,90,null
"2019-03-31T06:48:51.000Z",45.701607,5.88347,0.25,2.75,6.25,67.5,null
"2019-03-31T06:52:55.000Z",45.701607,5.88347,0,1.25,3.5,67.5,null
"2019-03-31T06:56:55.000Z",45.701607,5.88347,0,0.75,2.75,22.5,null
"2019-03-31T07:00:55.000Z",45.701607,5.88347,0,1,1.75,337.5,null
"2019-03-31T07:04:59.000Z",45.701607,5.88347,0,1,2,315,null
"2019-03-31T07:08:59.000Z",45.701607,5.88347,0,0.25,1,22.5,null
"2019-03-31T07:12:59.000Z",45.701607,5.88347,0,1.75,3.5,22.5,null
"2019-03-31T07:17:03.000Z",45.701607,5.88347,0,0.75,1.75,292.5,null
"2019-03-31T07:21:03.000Z",45.701607,5.88347,0.75,5,10.5,180,null
"2019-03-31T07:25:03.000Z",45.701607,5.88347,3.75,8.5,11.5,180,null
"2019-03-31T07:29:07.000Z",45.701607,5.88347,2.75,6.5,11.5,157.5,null
"2019-03-31T07:33:07.000Z",45.701607,5.88347,4.25,8,13,157.5,null
"2019-03-31T07:37:07.000Z",45.701607,5.88347,3.75,7.5,12,157.5,null
"2019-03-31T07:41:10.000Z",45.701607,5.88347,3.5,10,13.5,180,null
"2019-03-31T07:45:10.000Z",45.701607,5.88347,4.75,12,15.5,202.5,null
"2019-03-31T07:49:10.000Z",45.701607,5.88347,8.75,11,14.5,202.5,null
"2019-03-31T07:53:15.000Z",45.701607,5.88347,4.5,9.25,12,202.5,null
"2019-03-31T07:57:15.000Z",45.701607,5.88347,8,10,12,202.5,null
"2019-03-31T08:01:15.000Z",45.701607,5.88347,8,10.5,11.5,202.5,null
"2019-03-31T08:05:19.000Z",45.701607,5.88347,8.75,10.5,12,202.5,null
"2019-03-31T08:09:19.000Z",45.701607,5.88347,9,11,12.5,202.5,null
"2019-03-31T08:13:19.000Z",45.701607,5.88347,8,11.5,12.5,202.5,null
"2019-03-31T08:17:23.000Z",45.701607,5.88347,2.75,8.25,11,180,null
"2019-03-31T08:21:23.000Z",45.701607,5.88347,3.5,9.25,11.5,202.5,null
"2019-03-31T08:25:23.000Z",45.701607,5.88347,7,9.75,11.5,180,null
"2019-03-31T08:29:27.000Z",45.701607,5.88347,7.25,9.25,11,180,null
"2019-03-31T08:33:27.000Z",45.701607,5.88347,7.75,9.75,11,202.5,null
"2019-03-31T08:37:27.000Z",45.701607,5.88347,8.75,10,12,202.5,null
"2019-03-31T08:41:32.000Z",45.701607,5.88347,4.75,9.5,11,202.5,null
"2019-03-31T08:45:32.000Z",45.701607,5.88347,6.5,9.75,11,202.5,null
"2019-03-31T08:49:32.000Z",45.701607,5.88347,9,10,11.5,202.5,null
"2019-03-31T08:53:35.000Z",45.701607,5.88347,3.25,9.25,11,180,null
"2019-03-31T08:57:35.000Z",45.701607,5.88347,5.25,8.5,10.5,180,null
"2019-03-31T09:01:35.000Z",45.701607,5.88347,7,10,12,180,null
"2019-03-31T09:05:40.000Z",45.701607,5.88347,9,11,12,180,null
"2019-03-31T09:09:40.000Z",45.701607,5.88347,5.5,8.5,11,180,null
"2019-03-31T09:13:40.000Z",45.701607,5.88347,6.25,9.5,11,180,null
"2019-03-31T09:17:44.000Z",45.701607,5.88347,5.25,9.25,10.5,180,null
"2019-03-31T09:21:44.000Z",45.701607,5.88347,4.25,9,11,180,null
"2019-03-31T09:25:44.000Z",45.701607,5.88347,8.25,10,11.5,180,null
"2019-03-31T09:29:48.000Z",45.701607,5.88347,7,10,11.5,180,null
"2019-03-31T09:33:48.000Z",45.701607,5.88347,5.5,9.5,11,180,null
"2019-03-31T09:37:48.000Z",45.701607,5.88347,4.75,8,9.75,180,null
"2019-03-31T09:41:51.000Z",45.701607,5.88347,7,9.5,11,180,null
"2019-03-31T09:45:51.000Z",45.701607,5.88347,9,11,11.5,202.5,null
"2019-03-31T09:49:51.000Z",45.701607,5.88347,3.75,8.75,12,180,null
"2019-03-31T09:53:56.000Z",45.701607,5.88347,6.5,11,12.5,180,null
"2019-03-31T09:57:56.000Z",45.701607,5.88347,6.5,9.75,11.5,180,null
"2019-03-31T10:01:56.000Z",45.701607,5.88347,4.25,9,12,180,null
"2019-03-31T10:06:00.000Z",45.701607,5.88347,2.75,8.25,11,180,null
"2019-03-31T10:10:00.000Z",45.701607,5.88347,8,9,10,202.5,null
"2019-03-31T10:14:00.000Z",45.701607,5.88347,6,7.5,9,202.5,null
"2019-03-31T10:18:04.000Z",45.701607,5.88347,2.75,6,7.25,202.5,null
"2019-03-31T10:22:04.000Z",45.701607,5.88347,2,5.5,7.25,180,null
"2019-03-31T10:26:04.000Z",45.701607,5.88347,4.25,7,9.75,180,null
"2019-03-31T10:30:07.000Z",45.701607,5.88347,6.25,9,11,157.5,null
"2019-03-31T10:34:07.000Z",45.701607,5.88347,8.75,9.5,11,180,null
"2019-03-31T10:38:07.000Z",45.701607,5.88347,8.75,9.5,10.5,180,null
"2019-03-31T10:42:11.000Z",45.701607,5.88347,7,9,10,180,null
"2019-03-31T10:46:11.000Z",45.701607,5.88347,2.75,7.25,9.5,180,null
"2019-03-31T10:50:11.000Z",45.701607,5.88347,7,8,9,202.5,null
"2019-03-31T10:54:15.000Z",45.701607,5.88347,1.5,4.75,8,180,null
"2019-03-31T10:58:15.000Z",45.701607,5.88347,1.5,6,8,180,null
"2019-03-31T11:02:15.000Z",45.701607,5.88347,1.5,6.25,8.75,180,null
"2019-03-31T11:06:20.000Z",45.701607,5.88347,3.25,6.75,9,180,null
"2019-03-31T11:10:20.000Z",45.701607,5.88347,7.25,8.75,11,180,null
"2019-03-31T11:14:20.000Z",45.701607,5.88347,7,7.75,9,180,null
"2019-03-31T11:18:24.000Z",45.701607,5.88347,8.5,10,11.5,180,null
"2019-03-31T11:22:24.000Z",45.701607,5.88347,8.25,9.5,11,157.5,null
"2019-03-31T11:26:24.000Z",45.701607,5.88347,8.75,9.5,10,157.5,null
"2019-03-31T11:30:28.000Z",45.701607,5.88347,6.5,8.5,10,157.5,null
"2019-03-31T11:34:28.000Z",45.701607,5.88347,2,4.5,7,157.5,null
"2019-03-31T11:38:28.000Z",45.701607,5.88347,0,2,6,0,null
"2019-03-31T11:42:32.000Z",45.701607,5.88347,0.75,2.75,6.25,315,null
"2019-03-31T11:46:32.000Z",45.701607,5.88347,2,5.5,8,292.5,null
"2019-03-31T11:50:32.000Z",45.701607,5.88347,3.5,5,7,292.5,null
"2019-03-31T11:54:36.000Z",45.701607,5.88347,4.25,5.25,6.25,292.5,null
"2019-03-31T11:58:36.000Z",45.701607,5.88347,5.5,6.25,7,292.5,null
"2019-03-31T12:02:36.000Z",45.701607,5.88347,6,7,10,292.5,null
"2019-03-31T12:06:40.000Z",45.701607,5.88347,4.5,5.25,6.25,292.5,null
"2019-03-31T12:10:40.000Z",45.701607,5.88347,0,3.5,6,315,null
"2019-03-31T12:14:40.000Z",45.701607,5.88347,0,1.75,3.75,22.5,null
"2019-03-31T12:18:44.000Z",45.701607,5.88347,0.75,1.75,2.75,22.5,null
"2019-03-31T12:22:44.000Z",45.701607,5.88347,1.75,3.25,4.25,337.5,null
"2019-03-31T12:26:44.000Z",45.701607,5.88347,3.25,3.5,3.75,315,null
"2019-03-31T12:30:48.000Z",45.701607,5.88347,1,2.25,3.75,315,null
"2019-03-31T12:34:48.000Z",45.701607,5.88347,3.75,4.5,5.5,315,null
"2019-03-31T12:38:48.000Z",45.701607,5.88347,3.5,4.25,4.75,315,null
"2019-03-31T12:42:52.000Z",45.701607,5.88347,1,2.5,3.5,315,null
"2019-03-31T12:46:52.000Z",45.701607,5.88347,1.75,2.75,3.75,337.5,null
"2019-03-31T12:50:52.000Z",45.701607,5.88347,2.5,3,3.75,315,null
"2019-03-31T12:54:57.000Z",45.701607,5.88347,2,3.5,4.5,315,null
"2019-03-31T12:58:57.000Z",45.701607,5.88347,3.25,4,4.5,337.5,null
"2019-03-31T13:02:57.000Z",45.701607,5.88347,1.75,2.25,3.5,337.5,null
"2019-03-31T13:07:00.000Z",45.701607,5.88347,0.75,1.75,2.75,337.5,null
"2019-03-31T13:11:00.000Z",45.701607,5.88347,0.75,2,2.75,337.5,null
"2019-03-31T13:15:00.000Z",45.701607,5.88347,0,0.75,2,315,null
"2019-03-31T13:19:04.000Z",45.701607,5.88347,0,0.75,4.5,337.5,null
"2019-03-31T13:23:04.000Z",45.701607,5.88347,0.75,2.25,3.5,337.5,null
"2019-03-31T13:27:04.000Z",45.701607,5.88347,0.75,2.5,3.75,337.5,null
"2019-03-31T13:31:09.000Z",45.701607,5.88347,1.5,3.75,5.25,337.5,null
"2019-03-31T13:35:09.000Z",45.701607,5.88347,1.5,2.75,4.75,0,null
"2019-03-31T13:39:09.000Z",45.701607,5.88347,0.75,2.25,3.75,337.5,null
"2019-03-31T13:43:12.000Z",45.701607,5.88347,1,2.75,3.75,315,null
"2019-03-31T13:47:12.000Z",45.701607,5.88347,1.75,2.75,4.25,292.5,null
"2019-03-31T13:51:12.000Z",45.701607,5.88347,2.75,4.25,6,270,null
"2019-03-31T13:56:10.000Z",45.701607,5.88347,1.5,2.5,3.75,270,null
"2019-03-31T14:00:10.000Z",45.701607,5.88347,0.25,1.25,2,292.5,null
"2019-03-31T14:04:10.000Z",45.701607,5.88347,0.75,2.5,5.25,292.5,null
"2019-03-31T14:08:15.000Z",45.701607,5.88347,4,5.75,6.25,315,null
"2019-03-31T14:12:15.000Z",45.701607,5.88347,3.25,4.5,5.5,292.5,null
"2019-03-31T14:16:15.000Z",45.701607,5.88347,3.25,4,4.75,315,null
"2019-03-31T14:20:19.000Z",45.701607,5.88347,2,3,4.25,315,null
"2019-03-31T14:24:19.000Z",45.701607,5.88347,0.25,1.25,2.5,292.5,null
"2019-03-31T14:28:19.000Z",45.701607,5.88347,0,2.75,4.25,270,null
"2019-03-31T14:32:22.000Z",45.701607,5.88347,0,2,3.25,270,null
"2019-03-31T14:36:22.000Z",45.701607,5.88347,0,1.25,2.5,270,null
"2019-03-31T14:40:22.000Z",45.701607,5.88347,0,1.5,3.5,315,null
"2019-03-31T14:44:27.000Z",45.701607,5.88347,1.75,2.75,3.5,315,null
"2019-03-31T14:48:27.000Z",45.701607,5.88347,3.25,3.75,4.25,337.5,null
"2019-03-31T14:52:27.000Z",45.701607,5.88347,1.75,3,4.25,337.5,null
"2019-03-31T14:56:31.000Z",45.701607,5.88347,1.5,2.25,3.5,315,null
"2019-03-31T15:00:31.000Z",45.701607,5.88347,1.75,2.75,3.5,337.5,null
"2019-03-31T15:04:31.000Z",45.701607,5.88347,2,2.75,3.5,315,null
"2019-03-31T15:08:34.000Z",45.701607,5.88347,1.75,2.25,3.25,315,null
"2019-03-31T15:12:34.000Z",45.701607,5.88347,0.25,1.5,2.5,315,null
"2019-03-31T15:16:34.000Z",45.701607,5.88347,0,1,2.5,337.5,null
"2019-03-31T15:20:38.000Z",45.701607,5.88347,0.25,2.25,4.75,315,null
"2019-03-31T15:24:38.000Z",45.701607,5.88347,0.75,2.25,3.75,337.5,null
"2019-03-31T15:28:38.000Z",45.701607,5.88347,2.5,3.75,4.75,337.5,null
"2019-03-31T15:32:43.000Z",45.701607,5.88347,1.5,3,4.75,0,null
"2019-03-31T15:36:43.000Z",45.701607,5.88347,2.75,5,6.25,337.5,null
"2019-03-31T15:40:43.000Z",45.701607,5.88347,5.5,6.25,7.75,337.5,null
"2019-03-31T15:44:47.000Z",45.701607,5.88347,3.5,4.75,7.25,337.5,null
"2019-03-31T15:48:47.000Z",45.701607,5.88347,2.75,4,7,337.5,null
"2019-03-31T15:52:47.000Z",45.701607,5.88347,2,3.5,4.75,337.5,null
"2019-03-31T15:56:51.000Z",45.701607,5.88347,1.75,3.25,4.5,0,null
"2019-03-31T16:00:51.000Z",45.701607,5.88347,3.25,3.75,4.25,0,null
"2019-03-31T16:04:51.000Z",45.701607,5.88347,3.75,4.25,4.75,0,null
"2019-03-31T16:08:55.000Z",45.701607,5.88347,4.25,5,5.5,0,null
"2019-03-31T16:12:55.000Z",45.701607,5.88347,3.5,4.5,5.25,0,null
"2019-03-31T16:16:55.000Z",45.701607,5.88347,3.25,3.75,4.25,337.5,null
"2019-03-31T16:20:59.000Z",45.701607,5.88347,3.25,4,5.25,337.5,null
"2019-03-31T16:24:59.000Z",45.701607,5.88347,3.75,5.25,7,0,null
"2019-03-31T16:28:59.000Z",45.701607,5.88347,4.25,5,6.25,0,null
"2019-03-31T16:33:02.000Z",45.701607,5.88347,3.75,4.5,4.75,337.5,null
"2019-03-31T16:37:02.000Z",45.701607,5.88347,2.5,3.25,4.5,337.5,null
"2019-03-31T16:41:02.000Z",45.701607,5.88347,1.75,3.75,6,0,null
"2019-03-31T16:45:07.000Z",45.701607,5.88347,2.5,4,6.25,0,null
"2019-03-31T16:49:07.000Z",45.701607,5.88347,1,3.25,4.5,22.5,null
"2019-03-31T16:53:07.000Z",45.701607,5.88347,3.25,5,7,22.5,null
"2019-03-31T16:57:11.000Z",45.701607,5.88347,3.25,4.5,5.5,22.5,null
"2019-03-31T17:01:11.000Z",45.701607,5.88347,2,3.5,4.5,0,null
"2019-03-31T17:05:11.000Z",45.701607,5.88347,2.5,4.25,6.5,22.5,null
"2019-03-31T17:09:15.000Z",45.701607,5.88347,2.5,4,6.25,22.5,null
"2019-03-31T17:13:15.000Z",45.701607,5.88347,3.5,5.25,7,22.5,null
"2019-03-31T17:17:15.000Z",45.701607,5.88347,3.5,5,6.25,22.5,null
"2019-03-31T17:21:19.000Z",45.701607,5.88347,3.75,6.5,8.75,0,null
"2019-03-31T17:25:19.000Z",45.701607,5.88347,6,7.5,9,0,null
"2019-03-31T17:29:19.000Z",45.701607,5.88347,6,8,10.5,0,null
"2019-03-31T17:33:23.000Z",45.701607,5.88347,7.25,8.75,10,22.5,null
"2019-03-31T17:37:23.000Z",45.701607,5.88347,7,8,9.5,22.5,null
"2019-03-31T17:41:23.000Z",45.701607,5.88347,6,7.5,9.5,22.5,null
"2019-03-31T17:45:27.000Z",45.701607,5.88347,4.75,7.5,11,0,null
"2019-03-31T17:49:27.000Z",45.701607,5.88347,4.25,8.75,11,0,null
"2019-03-31T17:53:27.000Z",45.701607,5.88347,7,8.5,9.75,0,null
"2019-03-31T17:57:31.000Z",45.701607,5.88347,8.25,9.25,11,337.5,null
"2019-03-31T18:01:31.000Z",45.701607,5.88347,7,8.25,10,337.5,null
"2019-03-31T18:05:31.000Z",45.701607,5.88347,4.75,6.75,9,0,null
"2019-03-31T18:09:36.000Z",45.701607,5.88347,4.25,5.75,7,0,null
"2019-03-31T18:13:36.000Z",45.701607,5.88347,2.5,5,7.25,0,null
"2019-03-31T18:17:36.000Z",45.701607,5.88347,0.75,3.5,6,0,null
"2019-03-31T18:21:40.000Z",45.701607,5.88347,1,3,5.25,67.5,null
"2019-03-31T18:25:40.000Z",45.701607,5.88347,0,0.25,3.75,67.5,null
"2019-03-31T18:29:40.000Z",45.701607,5.88347,0,1,3.5,90,null
"2019-03-31T18:33:44.000Z",45.701607,5.88347,1,2,3.5,135,null
"2019-03-31T18:37:44.000Z",45.701607,5.88347,0,1.25,2.5,135,null
"2019-03-31T18:41:44.000Z",45.701607,5.88347,0,2.5,4.75,112.5,null
"2019-03-31T18:45:47.000Z",45.701607,5.88347,0,2.75,5.25,67.5,null
"2019-03-31T18:49:47.000Z",45.701607,5.88347,1,2.25,3.75,90,null
"2019-03-31T18:53:47.000Z",45.701607,5.88347,1.75,3.75,6,67.5,null
"2019-03-31T18:57:52.000Z",45.701607,5.88347,4.5,5.5,7,67.5,null
"2019-03-31T19:01:52.000Z",45.701607,5.88347,3.5,5,6.5,67.5,null
"2019-03-31T19:05:52.000Z",45.701607,5.88347,2,4.25,6,67.5,null
"2019-03-31T19:09:56.000Z",45.701607,5.88347,3.75,5.75,9,67.5,null
"2019-03-31T19:13:56.000Z",45.701607,5.88347,3.75,6,9,67.5,null
"2019-03-31T19:17:56.000Z",45.701607,5.88347,0.75,4,6.5,67.5,null
"2019-03-31T19:21:59.000Z",45.701607,5.88347,0,0.5,3.5,112.5,null
"2019-03-31T19:25:59.000Z",45.701607,5.88347,0,1,3.25,112.5,null
"2019-03-31T19:29:59.000Z",45.701607,5.88347,0,2,5.25,270,null
"2019-03-31T19:34:04.000Z",45.701607,5.88347,0,0,0,157.5,null
"2019-03-31T19:38:04.000Z",45.701607,5.88347,0,0,0,157.5,null
"2019-03-31T19:42:04.000Z",45.701607,5.88347,0,0.25,1.5,112.5,null
"2019-03-31T19:46:07.000Z",45.701607,5.88347,0,0.5,2,135,null
"2019-03-31T19:50:07.000Z",45.701607,5.88347,0.25,1.75,3.25,112.5,null
"2019-03-31T19:54:07.000Z",45.701607,5.88347,1.5,2.25,3.75,135,null
"2019-03-31T19:58:12.000Z",45.701607,5.88347,1.75,3,5.25,112.5,null
"2019-03-31T20:02:12.000Z",45.701607,5.88347,2.75,4.75,7.25,90,null
"2019-03-31T20:06:12.000Z",45.701607,5.88347,2,4.25,6.5,90,null
"2019-03-31T20:10:16.000Z",45.701607,5.88347,4.25,5.75,8.75,90,null
"2019-03-31T20:14:16.000Z",45.701607,5.88347,0.25,4,7.75,90,null
"2019-03-31T20:18:16.000Z",45.701607,5.88347,0,0.25,2.5,135,null
"2019-03-31T20:22:20.000Z",45.701607,5.88347,0,0,1,292.5,null
"2019-03-31T20:26:20.000Z",45.701607,5.88347,0,0.5,3.25,135,null
"2019-03-31T20:30:20.000Z",45.701607,5.88347,0.75,1.75,2.75,157.5,null
"2019-03-31T20:34:24.000Z",45.701607,5.88347,0,2.25,4.5,180,null
"2019-03-31T20:38:24.000Z",45.701607,5.88347,1.5,2.75,3.75,157.5,null
"2019-03-31T20:42:24.000Z",45.701607,5.88347,1.75,4,5.5,180,null
"2019-03-31T20:46:28.000Z",45.701607,5.88347,3.5,4.75,7,180,null
"2019-03-31T20:50:28.000Z",45.701607,5.88347,5.25,7,8.25,180,null
"2019-03-31T20:54:28.000Z",45.701607,5.88347,2,5,8.75,157.5,null
"2019-03-31T20:58:32.000Z",45.701607,5.88347,2,3.25,4.5,157.5,null
"2019-03-31T21:02:32.000Z",45.701607,5.88347,1.75,3.25,5.5,135,null
"2019-03-31T21:06:32.000Z",45.701607,5.88347,0,1.75,4.5,135,null
"2019-03-31T21:10:35.000Z",45.701607,5.88347,0,0.5,1.75,135,null
"2019-03-31T21:14:35.000Z",45.701607,5.88347,0,0.5,2,90,null
"2019-03-31T21:18:35.000Z",45.701607,5.88347,0,0,0.25,112.5,null
"2019-03-31T21:22:40.000Z",45.701607,5.88347,0,1,3.5,90,null
"2019-03-31T21:26:40.000Z",45.701607,5.88347,0,0,0.75,90,null
"2019-03-31T21:30:40.000Z",45.701607,5.88347,0,0,0,112.5,null
"2019-03-31T21:34:44.000Z",45.701607,5.88347,0,0,0,135,null
"2019-03-31T21:38:44.000Z",45.701607,5.88347,0,1.25,4.25,67.5,null
"2019-03-31T21:42:44.000Z",45.701607,5.88347,0,1,3.25,90,null
"2019-03-31T21:46:48.000Z",45.701607,5.88347,1,2.5,5.25,112.5,null
"2019-03-31T21:50:48.000Z",45.701607,5.88347,0,2.75,5.5,90,null
"2019-03-31T21:54:48.000Z",45.701607,5.88347,0.75,3.5,6.5,90,null
"2019-03-31T21:58:52.000Z",45.701607,5.88347,0,3,7.75,90,null
"2019-03-31T22:02:52.000Z",45.701607,5.88347,0,1.25,3.5,112.5,null
"2019-03-31T22:06:52.000Z",45.701607,5.88347,0.75,3.75,7,90,null
"2019-03-31T22:10:56.000Z",45.701607,5.88347,2.75,4.75,7.75,90,null
"2019-03-31T22:14:56.000Z",45.701607,5.88347,2,4,6,90,null
"2019-03-31T22:18:56.000Z",45.701607,5.88347,1.5,3.75,6.25,90,null
"2019-03-31T22:23:00.000Z",45.701607,5.88347,2.75,4.25,6.5,90,null
"2019-03-31T22:27:00.000Z",45.701607,5.88347,3.5,4.75,6.5,90,null
"2019-03-31T22:31:00.000Z",45.701607,5.88347,2.5,4.5,7.25,90,null
"2019-03-31T22:35:05.000Z",45.701607,5.88347,1.75,3.5,5.5,90,null
"2019-03-31T22:39:05.000Z",45.701607,5.88347,2.5,4.25,6.25,67.5,null
"2019-03-31T22:43:05.000Z",45.701607,5.88347,1.5,3.25,5.25,67.5,null
"2019-03-31T22:47:09.000Z",45.701607,5.88347,0,0.75,2.25,67.5,null
"2019-03-31T22:51:09.000Z",45.701607,5.88347,0,0,0,112.5,null
"2019-03-31T22:55:09.000Z",45.701607,5.88347,0,0,0,90,null
"2019-03-31T22:59:12.000Z",45.701607,5.88347,0,0,0,90,null
"2019-03-31T23:03:12.000Z",45.701607,5.88347,0,0,0,112.5,null
"2019-03-31T23:07:12.000Z",45.701607,5.88347,0,0,0,112.5,null
"2019-03-31T23:11:17.000Z",45.701607,5.88347,0,0.75,1.75,90,null
"2019-03-31T23:15:17.000Z",45.701607,5.88347,0.25,1.25,2.5,90,null
"2019-03-31T23:19:17.000Z",45.701607,5.88347,0.25,1.75,3.25,67.5,null
"2019-03-31T23:23:21.000Z",45.701607,5.88347,1,2.5,4.25,67.5,null
"2019-03-31T23:27:21.000Z",45.701607,5.88347,1,2.5,3.5,90,null
"2019-03-31T23:31:21.000Z",45.701607,5.88347,1.75,3.25,5.25,90,null
"2019-03-31T23:35:24.000Z",45.701607,5.88347,2.75,4,5.5,67.5,null
"2019-03-31T23:39:24.000Z",45.701607,5.88347,0,2.5,4.25,90,null
"2019-03-31T23:43:24.000Z",45.701607,5.88347,0,1.5,3.5,90,null
"2019-03-31T23:47:29.000Z",45.701607,5.88347,0,0.25,1.75,225,null
"2019-03-31T23:51:29.000Z",45.701607,5.88347,0,0,0,225,null
"2019-03-31T23:55:29.000Z",45.701607,5.88347,0,0,0.75,67.5,null
"2019-03-31T23:59:33.000Z",45.701607,5.88347,0,0,0.25,112.5,null
