"License","http://developers.pioupiou.fr/data-licensing"
"Attribution","(c) contributors of the OpenWindMap wind network <https://www.openwindmap.org>"
"time","latitude","longitude","wind_speed_min","wind_speed_avg","wind_speed_max","wind_heading","pressure"
"utc","degrees","degrees","km/h","km/h","km/h","degrees","(deprecated)"
"2020-06-01T00:02:49.000Z",45.701713,5.883443,1.75,5.5,9,90,null
"2020-06-01T00:06:49.000Z",45.701713,5.883443,2.5,4,6.25,90,null
"2020-06-01T00:10:49.000Z",45.701713,5.883443,2.5,5,7.75,112.5,null
"2020-06-01T00:15:32.000Z",45.701713,5.883443,0.25,4.25,9.75,112.5,null
"2020-06-01T00:19:32.000Z",45.701713,5.883443,0,1,2.75,135,null
"2020-06-01T00:23:32.000Z",45.701671,5.883549,0,1.75,4.5,157.5,null
"2020-06-01T00:27:36.000Z",45.701671,5.883549,1,3,4.75,157.5,null
"2020-06-01T00:31:36.000Z",45.701671,5.883549,0.25,3.5,8.25,90,null
"2020-06-01T00:35:36.000Z",45.701671,5.883549,3.25,6,11,90,null
"2020-06-01T00:39:40.000Z",45.701671,5.883549,2.5,5.5,9,90,null
"2020-06-01T00:43:40.000Z",45.701671,5.883549,2.5,6,11.5,90,null
"2020-06-01T00:47:40.000Z",45.701671,5.883549,2.5,7,11,90,null
"2020-06-01T00:51:44.000Z",45.701671,5.883549,3.5,7.5,10.5,90,null
"2020-06-01T00:55:44.000Z",45.701671,5.883549,1.75,6,11,90,null
"2020-06-01T00:59:44.000Z",45.701671,5.883549,2,5.25,9.75,67.5,null
"2020-06-01T01:03:48.000Z",45.701671,5.883549,2,5.5,9,90,null
"2020-06-01T01:07:48.000Z",45.701671,5.883549,0.25,4.25,7.25,90,null
"2020-06-01T01:11:48.000Z",45.701671,5.883549,2,4.5,7.25,112.5,null
"2020-06-01T01:15:52.000Z",45.701671,5.883549,2,6,9.75,135,null
"2020-06-01T01:19:52.000Z",45.701671,5.883549,3.5,6.25,10.5,112.5,null
"2020-06-01T01:23:52.000Z",45.701671,5.883549,4.5,6.25,8.25,112.5,null
"2020-06-01T01:27:56.000Z",45.701671,5.883549,3.75,6,7.75,112.5,null
"2020-06-01T01:31:56.000Z",45.701671,5.883549,2,4.25,6.25,112.5,null
"2020-06-01T01:35:56.000Z",45.701671,5.883549,0.75,4.25,7.75,90,null
"2020-06-01T01:40:00.000Z",45.701671,5.883549,0.75,3.5,6.5,67.5,null
"2020-06-01T01:44:00.000Z",45.701671,5.883549,1.75,4.5,8.25,90,null
"2020-06-01T01:48:00.000Z",45.701671,5.883549,3.5,5.25,8.25,90,null
"2020-06-01T01:52:05.000Z",45.701671,5.883549,2,4.5,7.25,112.5,null
"2020-06-01T01:56:05.000Z",45.701671,5.883549,1,4.75,8.25,90,null
"2020-06-01T02:00:05.000Z",45.701671,5.883549,0.25,2,3.75,135,null
"2020-06-01T02:04:09.000Z",45.701671,5.883549,0,2.25,7,90,null
"2020-06-01T02:08:09.000Z",45.701671,5.883549,3.75,6.5,10,90,null
"2020-06-01T02:12:09.000Z",45.701671,5.883549,3.5,6.5,10,90,null
"2020-06-01T02:16:13.000Z",45.701671,5.883549,2,5.5,9.5,90,null
"2020-06-01T02:20:13.000Z",45.701671,5.883549,0,2.5,6,135,null
"2020-06-01T02:24:13.000Z",45.701671,5.883549,0.75,4.25,7.75,135,null
"2020-06-01T02:28:16.000Z",45.701671,5.883549,3.5,6,8.75,112.5,null
"2020-06-01T02:32:16.000Z",45.701671,5.883549,2.5,4.5,6.5,90,null
"2020-06-01T02:36:16.000Z",45.701671,5.883549,2,3.75,6,112.5,null
"2020-06-01T02:40:20.000Z",45.701671,5.883549,1,4.5,8.75,112.5,null
"2020-06-01T02:44:20.000Z",45.701671,5.883549,1.5,5.25,8.75,90,null
"2020-06-01T02:48:20.000Z",45.701671,5.883549,4.5,7,9.75,90,null
"2020-06-01T02:52:24.000Z",45.701671,5.883549,4.25,5.75,8.5,90,null
"2020-06-01T02:56:24.000Z",45.701671,5.883549,4.25,8.5,15.5,90,null
"2020-06-01T03:00:24.000Z",45.701671,5.883549,2.75,8,13,90,null
"2020-06-01T03:04:29.000Z",45.701671,5.883549,2,6.75,14,90,null
"2020-06-01T03:08:29.000Z",45.701671,5.883549,3.25,8.5,14,90,null
"2020-06-01T03:12:29.000Z",45.701671,5.883549,2.5,7.25,11,67.5,null
"2020-06-01T03:16:32.000Z",45.701671,5.883549,1.5,5.75,11,67.5,null
"2020-06-01T03:20:32.000Z",45.701671,5.883549,3.25,6.5,12,67.5,null
"2020-06-01T03:24:32.000Z",45.701671,5.883549,0.25,3.5,6,67.5,null
"2020-06-01T03:28:37.000Z",45.701671,5.883549,0.75,3.75,9,67.5,null
"2020-06-01T03:32:37.000Z",45.701671,5.883549,2,7.75,14,67.5,null
"2020-06-01T03:36:37.000Z",45.701671,5.883549,2,5.75,10,45,null
"2020-06-01T03:40:41.000Z",45.701671,5.883549,3.75,8.25,15,67.5,null
"2020-06-01T03:44:41.000Z",45.701671,5.883549,3.5,8,12.5,45,null
"2020-06-01T03:48:41.000Z",45.701671,5.883549,3.75,6.75,13,45,null
"2020-06-01T03:52:45.000Z",45.701671,5.883549,3.25,7.75,15,67.5,null
"2020-06-01T03:56:45.000Z",45.701671,5.883549,0.25,6.75,12.5,67.5,null
"2020-06-01T04:00:45.000Z",45.701671,5.883549,3.75,9.25,15.5,45,null
"2020-06-01T04:04:49.000Z",45.701671,5.883549,3.5,7,12,67.5,null
"2020-06-01T04:08:49.000Z",45.701671,5.883549,1,3.75,7.75,90,null
"2020-06-01T04:12:49.000Z",45.701671,5.883549,0.75,3.75,8,90,null
"2020-06-01T04:16:53.000Z",45.701671,5.883549,0.25,3,9.5,67.5,null
"2020-06-01T04:20:53.000Z",45.701671,5.883549,0.75,7.25,12,90,null
"2020-06-01T04:24:53.000Z",45.701671,5.883549,3.75,7.75,11,90,null
"2020-06-01T04:28:57.000Z",45.701671,5.883549,1.75,4.75,9,90,null
"2020-06-01T04:32:57.000Z",45.701671,5.883549,2.5,4.75,11,90,null
"2020-06-01T04:36:57.000Z",45.701671,5.883549,6,9.25,13,90,null
"2020-06-01T04:41:00.000Z",45.701671,5.883549,4.5,7.75,11.5,90,null
"2020-06-01T04:45:00.000Z",45.701671,5.883549,4.5,8.25,13,90,null
"2020-06-01T04:49:00.000Z",45.701671,5.883549,3.75,8.25,11.5,90,null
"2020-06-01T04:53:05.000Z",45.701671,5.883549,6,8.25,13,90,null
"2020-06-01T04:57:05.000Z",45.701671,5.883549,5.25,8,10,90,null
"2020-06-01T05:01:05.000Z",45.701671,5.883549,4.5,7.25,11,90,null
"2020-06-01T05:05:09.000Z",45.701671,5.883549,3.75,7.25,10.5,90,null
"2020-06-01T05:09:09.000Z",45.701671,5.883549,3.5,6.5,9.75,90,null
"2020-06-01T05:13:09.000Z",45.701671,5.883549,0.75,2.75,5.5,90,null
"2020-06-01T05:17:13.000Z",45.701671,5.883549,0,4,9,90,null
"2020-06-01T05:21:13.000Z",45.701671,5.883549,0.25,3.5,8,90,null
"2020-06-01T05:25:13.000Z",45.701671,5.883549,0.25,2.75,5.25,90,null
"2020-06-01T05:29:17.000Z",45.701671,5.883549,0,3.25,7,67.5,null
"2020-06-01T05:33:17.000Z",45.701671,5.883549,0,3.25,8.25,67.5,null
"2020-06-01T05:37:17.000Z",45.701671,5.883549,0,6,10.5,90,null
"2020-06-01T05:41:21.000Z",45.701671,5.883549,2,4.5,8.25,90,null
"2020-06-01T05:45:21.000Z",45.701671,5.883549,1,2,3.5,112.5,null
"2020-06-01T05:49:21.000Z",45.701671,5.883549,0,2,4.5,135,null
"2020-06-01T05:53:25.000Z",45.701671,5.883549,1.5,4,8,90,null
"2020-06-01T05:57:25.000Z",45.701671,5.883549,1.75,5.5,12,67.5,null
"2020-06-01T06:01:25.000Z",45.701671,5.883549,3.5,7.5,12,67.5,null
"2020-06-01T06:05:29.000Z",45.701671,5.883549,1.5,6.25,11,67.5,null
"2020-06-01T06:09:29.000Z",45.701671,5.883549,1,7.5,13,67.5,null
"2020-06-01T06:13:29.000Z",45.701671,5.883549,3.25,9,15,67.5,null
"2020-06-01T06:17:33.000Z",45.701671,5.883549,5.5,11,16.5,67.5,null
"2020-06-01T06:21:33.000Z",45.701671,5.883549,4.75,10.5,17.5,67.5,null
"2020-06-01T06:25:33.000Z",45.701671,5.883549,0.75,9.75,17.5,67.5,null
"2020-06-01T06:29:37.000Z",45.701671,5.883549,3.25,9.25,19,67.5,null
"2020-06-01T06:33:37.000Z",45.701671,5.883549,2.5,11,18,67.5,null
"2020-06-01T06:37:37.000Z",45.701671,5.883549,5.25,12,21,67.5,null
"2020-06-01T06:41:41.000Z",45.701671,5.883549,6,13.5,21.5,67.5,null
"2020-06-01T06:45:41.000Z",45.701671,5.883549,2.5,11,19,67.5,null
"2020-06-01T06:49:41.000Z",45.701671,5.883549,2.75,7.75,14,67.5,null
"2020-06-01T06:53:46.000Z",45.701671,5.883549,2.75,8.75,15,90,null
"2020-06-01T06:57:46.000Z",45.701671,5.883549,1.75,9.5,17.5,67.5,null
"2020-06-01T07:01:46.000Z",45.701671,5.883549,6.25,10.5,15.5,45,null
"2020-06-01T07:05:49.000Z",45.701671,5.883549,2.75,8,16.5,67.5,null
"2020-06-01T07:09:49.000Z",45.701671,5.883549,1.5,5,9.5,45,null
"2020-06-01T07:13:49.000Z",45.701671,5.883549,2,8,14.5,67.5,null
"2020-06-01T07:17:53.000Z",45.701671,5.883549,3.25,8,15.5,67.5,null
"2020-06-01T07:21:53.000Z",45.701671,5.883549,4.5,9.75,15.5,67.5,null
"2020-06-01T07:25:53.000Z",45.701671,5.883549,2.75,8.5,17.5,67.5,null
"2020-06-01T07:29:58.000Z",45.701671,5.883549,2.5,6.25,14.5,67.5,null
"2020-06-01T07:33:58.000Z",45.701671,5.883549,1.5,6.75,13,45,null
"2020-06-01T07:37:58.000Z",45.701671,5.883549,2,8.25,13,22.5,null
"2020-06-01T07:42:01.000Z",45.701671,5.883549,4.25,9.75,14,22.5,null
"2020-06-01T07:46:01.000Z",45.701671,5.883549,3.25,8,16,22.5,null
"2020-06-01T07:50:01.000Z",45.701671,5.883549,3.75,9,15,22.5,null
"2020-06-01T07:54:05.000Z",45.701671,5.883549,1.75,5.75,9.5,0,null
"2020-06-01T07:58:05.000Z",45.701671,5.883549,4.25,6.25,8.25,337.5,null
"2020-06-01T08:02:05.000Z",45.701671,5.883549,4.25,6.5,10.5,0,null
"2020-06-01T08:06:10.000Z",45.701671,5.883549,2.5,8.5,16.5,22.5,null
"2020-06-01T08:10:10.000Z",45.701671,5.883549,3.5,5.75,11.5,315,null
"2020-06-01T08:14:10.000Z",45.701671,5.883549,0.25,4.75,7.25,270,null
"2020-06-01T08:18:14.000Z",45.701671,5.883549,1.75,5,8,270,null
"2020-06-01T08:22:14.000Z",45.701671,5.883549,3.5,7,10.5,292.5,null
"2020-06-01T08:26:14.000Z",45.701671,5.883549,3.75,8,12,270,null
"2020-06-01T08:30:18.000Z",45.701671,5.883549,7,8.75,13,270,null
"2020-06-01T08:34:18.000Z",45.701671,5.883549,2.5,5.5,7.75,270,null
"2020-06-01T08:38:18.000Z",45.701671,5.883549,2,5.5,8,292.5,null
"2020-06-01T08:42:21.000Z",45.701671,5.883549,5.25,7,8,292.5,null
"2020-06-01T08:46:21.000Z",45.701671,5.883549,4.75,6.5,8,292.5,null
"2020-06-01T08:50:21.000Z",45.701671,5.883549,3.25,4.75,6.5,292.5,null
"2020-06-01T08:54:25.000Z",45.701671,5.883549,4.25,5.25,6.5,292.5,null
"2020-06-01T08:58:25.000Z",45.701671,5.883549,3.75,6,7.75,292.5,null
"2020-06-01T09:02:25.000Z",45.701671,5.883549,4.25,5.75,8,292.5,null
"2020-06-01T09:06:30.000Z",45.701671,5.883549,3.5,4.75,6.25,292.5,null
"2020-06-01T09:10:30.000Z",45.701671,5.883549,3.5,4.5,5.25,270,null
"2020-06-01T09:14:30.000Z",45.701671,5.883549,1.75,3,5.25,292.5,null
"2020-06-01T09:18:34.000Z",45.701671,5.883549,1.25,2.75,4.5,292.5,null
"2020-06-01T09:22:34.000Z",45.701671,5.883549,2,3.5,4.75,292.5,null
"2020-06-01T09:26:34.000Z",45.701671,5.883549,2,3.5,4.5,292.5,null
"2020-06-01T09:30:37.000Z",45.701671,5.883549,3.25,4.25,6,270,null
"2020-06-01T09:34:37.000Z",45.701671,5.883549,3.25,4.25,5.25,270,null
"2020-06-01T09:38:37.000Z",45.701671,5.883549,3.25,4,5.25,270,null
"2020-06-01T09:42:41.000Z",45.701671,5.883549,4.5,5.25,6.25,270,null
"2020-06-01T09:46:41.000Z",45.701671,5.883549,3.5,4.5,5.5,247.5,null
"2020-06-01T09:50:41.000Z",45.701671,5.883549,2.75,4.25,5.5,270,null
"2020-06-01T09:54:46.000Z",45.701671,5.883549,2.5,3.75,6.25,292.5,null
"2020-06-01T09:58:46.000Z",45.701671,5.883549,2.75,4.25,7,292.5,null
"2020-06-01T10:02:46.000Z",45.701671,5.883549,3.5,4.5,6,292.5,null
"2020-06-01T10:06:50.000Z",45.701671,5.883549,4.5,5,5.75,270,null
"2020-06-01T10:10:50.000Z",45.701671,5.883549,3.5,4.75,5.25,270,null
"2020-06-01T10:14:50.000Z",45.701671,5.883549,2.75,4,6,270,null
"2020-06-01T10:18:54.000Z",45.701671,5.883549,3.5,4.25,5.25,270,null
"2020-06-01T10:22:54.000Z",45.701671,5.883549,2.5,3.5,4.25,292.5,null
"2020-06-01T10:26:54.000Z",45.701671,5.883549,2,3.25,4.5,270,null
"2020-06-01T10:30:58.000Z",45.701671,5.883549,3.25,4.25,5.5,292.5,null
"2020-06-01T10:34:58.000Z",45.701671,5.883549,0,2.5,6,292.5,null
"2020-06-01T10:38:58.000Z",45.701671,5.883549,0,1.75,3.25,337.5,null
"2020-06-01T10:43:02.000Z",45.701671,5.883549,3.5,4.5,5.5,292.5,null
"2020-06-01T10:47:02.000Z",45.701671,5.883549,3.75,4.75,5.5,292.5,null
"2020-06-01T10:51:02.000Z",45.701671,5.883549,4.25,5.25,5.5,292.5,null
"2020-06-01T10:55:06.000Z",45.701671,5.883549,4.25,4.75,5.5,292.5,null
"2020-06-01T10:59:06.000Z",45.701671,5.883549,4.5,5.75,6.5,292.5,null
"2020-06-01T11:03:06.000Z",45.701671,5.883549,5.25,6.25,7.75,292.5,null
"2020-06-01T11:07:10.000Z",45.701671,5.883549,4.5,5.75,7,292.5,null
"2020-06-01T11:11:10.000Z",45.701671,5.883549,5.25,6.25,7,292.5,null
"2020-06-01T11:15:10.000Z",45.701671,5.883549,6.25,7,8.25,292.5,null
"2020-06-01T11:19:14.000Z",45.701671,5.883549,6,7.5,8.25,292.5,null
"2020-06-01T11:23:14.000Z",45.701671,5.883549,5.25,6.25,7,292.5,null
"2020-06-01T11:27:14.000Z",45.701671,5.883549,5.25,6.25,7,292.5,null
"2020-06-01T11:31:18.000Z",45.701671,5.883549,5.5,6.25,7,315,null
"2020-06-01T11:35:18.000Z",45.701671,5.883549,4.5,5.25,6,315,null
"2020-06-01T11:39:18.000Z",45.701671,5.883549,4.75,5.75,6.5,337.5,null
"2020-06-01T11:43:22.000Z",45.701671,5.883549,6,6.75,7.75,315,null
"2020-06-01T11:47:22.000Z",45.701671,5.883549,4.5,5.75,6.5,337.5,null
"2020-06-01T11:51:22.000Z",45.701671,5.883549,4.75,5.75,7,337.5,null
"2020-06-01T11:55:26.000Z",45.701671,5.883549,6,7,8.25,315,null
"2020-06-01T11:59:26.000Z",45.701671,5.883549,6.5,8.25,11,315,null
"2020-06-01T12:03:26.000Z",45.701671,5.883549,6,7.75,8.75,315,null
"2020-06-01T12:07:31.000Z",45.701671,5.883549,6.5,8,8.75,337.5,null
"2020-06-01T12:11:31.000Z",45.701671,5.883549,4.75,6.25,7.75,337.5,null
"2020-06-01T12:15:31.000Z",45.701671,5.883549,5.5,6.5,7.25,337.5,null
"2020-06-01T12:19:35.000Z",45.701671,5.883549,6,7,7.75,337.5,null
"2020-06-01T12:23:35.000Z",45.701671,5.883549,4.75,5.75,6.5,337.5,null
"2020-06-01T12:27:35.000Z",45.701671,5.883549,3.75,5.25,6,337.5,null
"2020-06-01T12:31:38.000Z",45.701671,5.883549,4.5,5.5,7.25,337.5,null
"2020-06-01T12:35:38.000Z",45.701671,5.883549,3.25,4.25,5.5,337.5,null
"2020-06-01T12:39:38.000Z",45.701671,5.883549,1.75,2.5,3.5,315,null
"2020-06-01T12:43:43.000Z",45.701671,5.883549,2,3.5,6,315,null
"2020-06-01T12:47:43.000Z",45.701671,5.883549,3.5,4.75,6.25,315,null
"2020-06-01T12:51:43.000Z",45.701671,5.883549,3.25,4,4.75,337.5,null
"2020-06-01T12:55:46.000Z",45.701671,5.883549,2.5,3.25,4.25,337.5,null
"2020-06-01T12:59:46.000Z",45.701671,5.883549,2.75,4.25,5.25,337.5,null
"2020-06-01T13:03:46.000Z",45.701671,5.883549,0.75,2.75,4.5,337.5,null
"2020-06-01T13:07:51.000Z",45.701671,5.883549,0,0,0.75,337.5,null
"2020-06-01T13:11:51.000Z",45.701671,5.883549,0,3.5,5.5,270,null
"2020-06-01T13:15:51.000Z",45.701671,5.883549,4.25,4.75,5.25,270,null
"2020-06-01T13:19:55.000Z",45.701671,5.883549,4.25,5.25,6,270,null
"2020-06-01T13:23:55.000Z",45.701671,5.883549,0,2.75,4.5,315,null
"2020-06-01T13:27:55.000Z",45.701671,5.883549,1,2,2.75,292.5,null
"2020-06-01T13:31:59.000Z",45.701671,5.883549,1,1.75,2.5,270,null
"2020-06-01T13:35:59.000Z",45.701671,5.883549,0,0.25,1.5,270,null
"2020-06-01T13:39:59.000Z",45.701671,5.883549,0,1.25,3.75,67.5,null
"2020-06-01T13:44:02.000Z",45.701671,5.883549,0,2.5,5.25,0,null
"2020-06-01T13:48:02.000Z",45.701671,5.883549,1,2.5,4.25,337.5,null
"2020-06-01T13:52:02.000Z",45.701671,5.883549,0,1.25,3.25,0,null
"2020-06-01T13:56:07.000Z",45.701671,5.883549,0,1.75,2.75,292.5,null
"2020-06-01T14:00:07.000Z",45.701671,5.883549,2.5,4.75,7,270,null
"2020-06-01T14:04:07.000Z",45.701671,5.883549,0,1.75,4.25,225,null
"2020-06-01T14:08:11.000Z",45.701671,5.883549,1.5,3.5,5.25,247.5,null
"2020-06-01T14:12:11.000Z",45.701671,5.883549,1.5,5,8.75,225,null
"2020-06-01T14:16:11.000Z",45.701671,5.883549,1,4.5,7.25,202.5,null
"2020-06-01T14:20:15.000Z",45.701671,5.883549,0,2.5,4.5,180,null
"2020-06-01T14:24:15.000Z",45.701671,5.883549,0.25,2.5,4.75,180,null
"2020-06-01T14:28:15.000Z",45.701671,5.883549,2,4,6.25,180,null
"2020-06-01T14:32:19.000Z",45.701671,5.883549,1.5,3.25,4.5,180,null
"2020-06-01T14:36:19.000Z",45.701671,5.883549,1.5,3,4.5,180,null
"2020-06-01T14:40:19.000Z",45.701671,5.883549,1,2.75,4.5,180,null
"2020-06-01T14:44:23.000Z",45.701671,5.883549,1,3,4.5,202.5,null
"2020-06-01T14:48:23.000Z",45.701671,5.883549,1.75,4.25,5.5,202.5,null
"2020-06-01T14:52:23.000Z",45.701671,5.883549,2,4.75,6,202.5,null
"2020-06-01T14:56:27.000Z",45.701671,5.883549,2,4,5.5,202.5,null
"2020-06-01T15:00:27.000Z",45.701671,5.883549,2.75,5,7,270,null
"2020-06-01T15:04:27.000Z",45.701671,5.883549,1.5,2.5,3.5,247.5,null
"2020-06-01T15:08:31.000Z",45.701671,5.883549,0,1,2.5,292.5,null
"2020-06-01T15:12:31.000Z",45.701671,5.883549,0,1,1.75,292.5,null
"2020-06-01T15:16:31.000Z",45.701671,5.883549,1,2.25,6.25,270,null
"2020-06-01T15:20:35.000Z",45.701671,5.883549,0,2,5,247.5,null
"2020-06-01T15:24:35.000Z",45.701671,5.883549,0,2.25,4.5,315,null
"2020-06-01T15:28:35.000Z",45.701671,5.883549,2.5,4.75,8,247.5,null
"2020-06-01T15:32:39.000Z",45.701671,5.883549,6,7,8.75,247.5,null
"2020-06-01T15:36:39.000Z",45.701671,5.883549,7,8.25,10,225,null
"2020-06-01T15:40:39.000Z",45.701671,5.883549,6.5,7.5,8.25,225,null
"2020-06-01T15:44:43.000Z",45.701671,5.883549,7.25,8.5,9.75,202.5,null
"2020-06-01T15:48:43.000Z",45.701671,5.883549,7.75,9.75,11.5,202.5,null
"2020-06-01T15:52:43.000Z",45.701671,5.883549,7.75,9,10.5,202.5,null
"2020-06-01T15:56:47.000Z",45.701671,5.883549,4.75,6.25,8,202.5,null
"2020-06-01T16:00:47.000Z",45.701671,5.883549,2.75,4.75,6.25,180,null
"2020-06-01T16:04:47.000Z",45.701671,5.883549,0,3.25,5.5,202.5,null
"2020-06-01T16:08:51.000Z",45.701671,5.883549,0.25,9,15,180,null
"2020-06-01T16:12:51.000Z",45.701671,5.883549,2.5,9,16.5,157.5,null
"2020-06-01T16:16:51.000Z",45.701671,5.883549,1.75,5.75,11,180,null
"2020-06-01T16:20:55.000Z",45.701671,5.883549,2,5.5,12,135,null
"2020-06-01T16:24:55.000Z",45.701671,5.883549,1.5,7.25,14.5,180,null
"2020-06-01T16:28:55.000Z",45.701671,5.883549,3.5,7,12,180,null
"2020-06-01T16:32:59.000Z",45.701671,5.883549,0,2.75,7.75,202.5,null
"2020-06-01T16:36:59.000Z",45.701671,5.883549,0,0.75,2.5,112.5,null
"2020-06-01T16:40:59.000Z",45.701671,5.883549,0,3,8.75,225,null
"2020-06-01T16:45:04.000Z",45.701671,5.883549,2.75,7,11.5,247.5,null
"2020-06-01T16:49:04.000Z",45.701671,5.883549,2,3.75,5.5,180,null
"2020-06-01T16:53:04.000Z",45.701671,5.883549,1.75,6,12,202.5,null
"2020-06-01T16:57:08.000Z",45.701671,5.883549,12,19,25,202.5,null
"2020-06-01T17:01:08.000Z",45.701671,5.883549,15.5,22,27.5,202.5,null
"2020-06-01T17:05:08.000Z",45.701671,5.883549,8.75,14.5,20,180,null
"2020-06-01T17:09:11.000Z",45.701671,5.883549,1.75,8.25,14,180,null
"2020-06-01T17:13:11.000Z",45.701671,5.883549,4.25,9.75,14,157.5,null
"2020-06-01T17:17:11.000Z",45.701671,5.883549,3.5,9.75,14.5,157.5,null
"2020-06-01T17:21:16.000Z",45.701671,5.883549,4.75,10,15,157.5,null
"2020-06-01T17:25:16.000Z",45.701671,5.883549,0,4,11.5,157.5,null
"2020-06-01T17:29:16.000Z",45.701671,5.883549,0,3.5,8.75,135,null
"2020-06-01T17:33:20.000Z",45.701671,5.883549,1,5.5,9.5,180,null
"2020-06-01T17:37:20.000Z",45.701671,5.883549,0,3.25,8,180,null
"2020-06-01T17:41:20.000Z",45.701671,5.883549,3.75,6.5,11,202.5,null
"2020-06-01T17:45:24.000Z",45.701671,5.883549,2.5,6.75,10,202.5,null
"2020-06-01T17:49:24.000Z",45.701671,5.883549,2,5.5,8.75,157.5,null
"2020-06-01T17:53:24.000Z",45.701671,5.883549,3.5,7,10.5,202.5,null
"2020-06-01T17:57:27.000Z",45.701671,5.883549,1.75,6.75,12.5,202.5,null
"2020-06-01T18:01:27.000Z",45.701671,5.883549,5.25,9.25,13,202.5,null
"2020-06-01T18:05:27.000Z",45.701671,5.883549,8,10,12,225,null
"2020-06-01T18:09:32.000Z",45.701671,5.883549,6.5,10.5,13.5,202.5,null
"2020-06-01T18:13:32.000Z",45.701671,5.883549,3.25,7.5,11,202.5,null
"2020-06-01T18:17:32.000Z",45.701671,5.883549,6.5,7.75,9.5,202.5,null
"2020-06-01T18:21:35.000Z",45.701671,5.883549,3.25,6.25,9,180,null
"2020-06-01T18:25:35.000Z",45.701671,5.883549,3.25,7.25,10,180,null
"2020-06-01T18:29:35.000Z",45.701671,5.883549,2.75,4.75,7.25,180,null
"2020-06-01T18:33:39.000Z",45.701671,5.883549,2.75,6,9,202.5,null
"2020-06-01T18:37:39.000Z",45.701671,5.883549,0.75,5,8,157.5,null
"2020-06-01T18:41:39.000Z",45.701671,5.883549,0,0.25,2,157.5,null
"2020-06-01T18:45:44.000Z",45.701671,5.883549,0,4,7.75,157.5,null
"2020-06-01T18:49:44.000Z",45.701671,5.883549,0,1,3.75,157.5,null
"2020-06-01T18:53:44.000Z",45.701671,5.883549,0,1,4.75,135,null
"2020-06-01T18:57:48.000Z",45.701671,5.883549,1.5,5,7.75,180,null
"2020-06-01T19:01:48.000Z",45.701671,5.883549,1.5,5.75,7.25,180,null
"2020-06-01T19:05:48.000Z",45.701671,5.883549,3.5,6,7.75,180,null
"2020-06-01T19:09:52.000Z",45.701671,5.883549,1,4.75,6.5,180,null
"2020-06-01T19:13:52.000Z",45.701671,5.883549,0.25,2.25,4.75,157.5,null
"2020-06-01T19:17:52.000Z",45.701671,5.883549,1.5,3,5.5,157.5,null
"2020-06-01T19:21:56.000Z",45.701671,5.883549,1.75,3.5,4.5,112.5,null
"2020-06-01T19:25:56.000Z",45.701671,5.883549,0,1,2.75,112.5,null
"2020-06-01T19:29:56.000Z",45.701671,5.883549,0.75,2.5,3.5,112.5,null
"2020-06-01T19:34:00.000Z",45.701671,5.883549,0.25,2.5,4.5,90,null
"2020-06-01T19:38:00.000Z",45.701671,5.883549,3.25,5,6.5,112.5,null
"2020-06-01T19:42:00.000Z",45.701671,5.883549,2,4.25,7,135,null
"2020-06-01T19:46:04.000Z",45.701671,5.883549,2.5,6.75,15.5,157.5,null
"2020-06-01T19:50:04.000Z",45.701671,5.883549,5.5,13.5,19.5,180,null
"2020-06-01T19:54:04.000Z",45.701671,5.883549,6,12.5,19,180,null
"2020-06-01T19:58:08.000Z",45.701671,5.883549,3.25,12,18,157.5,null
"2020-06-01T20:02:08.000Z",45.701671,5.883549,3.5,14.5,30.5,157.5,null
"2020-06-01T20:06:08.000Z",45.701671,5.883549,2,17.5,29,157.5,null
"2020-06-01T20:10:12.000Z",45.701671,5.883549,7,17,27,180,null
"2020-06-01T20:14:12.000Z",45.701671,5.883549,4.25,19,32,157.5,null
"2020-06-01T20:18:12.000Z",45.701671,5.883549,11,20.5,30.5,157.5,null
"2020-06-01T20:22:16.000Z",45.701671,5.883549,7,18.5,28.5,157.5,null
"2020-06-01T20:26:16.000Z",45.701671,5.883549,3.5,16.5,29,180,null
"2020-06-01T20:30:16.000Z",45.701671,5.883549,6.25,19.5,30.5,157.5,null
"2020-06-01T20:34:20.000Z",45.701671,5.883549,9,19.5,31.5,180,null
"2020-06-01T20:38:20.000Z",45.701671,5.883549,8,20.5,28,180,null
"2020-06-01T20:42:20.000Z",45.701671,5.883549,12,22.5,31.5,180,null
"2020-06-01T20:46:24.000Z",45.701671,5.883549,14.5,22,30.5,180,null
"2020-06-01T20:50:24.000Z",45.701671,5.883549,15.5,25,32.5,180,null
"2020-06-01T20:54:24.000Z",45.701671,5.883549,18.5,25.5,32.5,180,null
"2020-06-01T20:58:28.000Z",45.701671,5.883549,14,25.5,31.5,202.5,null
"2020-06-01T21:02:28.000Z",45.701671,5.883549,15.5,26,35,202.5,null
"2020-06-01T21:06:28.000Z",45.701671,5.883549,18,30.5,38,180,null
"2020-06-01T21:10:32.000Z",45.701671,5.883549,22.5,34.5,43,202.5,null
"2020-06-01T21:14:32.000Z",45.701671,5.883549,22.5,32.5,42,202.5,null
"2020-06-01T21:18:32.000Z",45.701671,5.883549,21,35.5,46.5,180,null
"2020-06-01T21:22:37.000Z",45.701671,5.883549,20,35,43.5,202.5,null
"2020-06-01T21:26:37.000Z",45.701671,5.883549,21,34.5,43.5,180,null
"2020-06-01T21:30:37.000Z",45.701671,5.883549,22,37,47.5,180,null
"2020-06-01T21:34:40.000Z",45.701671,5.883549,26,35.5,47.5,202.5,null
"2020-06-01T21:38:40.000Z",45.701671,5.883549,23.5,33,42,202.5,null
"2020-06-01T21:42:40.000Z",45.701671,5.883549,26,35,40.5,202.5,null
"2020-06-01T21:46:45.000Z",45.701671,5.883549,29,37.5,44,202.5,null
"2020-06-01T21:50:45.000Z",45.701671,5.883549,30.5,40.5,46.5,202.5,null
"2020-06-01T21:54:45.000Z",45.701671,5.883549,32.5,41.5,50,202.5,null
"2020-06-01T21:58:49.000Z",45.701671,5.883549,32,43,50.5,202.5,null
"2020-06-01T22:02:49.000Z",45.701671,5.883549,27,39.5,49,202.5,null
"2020-06-01T22:06:49.000Z",45.701671,5.883549,34.5,41,50,202.5,null
"2020-06-01T22:10:53.000Z",45.701671,5.883549,30,40,46.5,202.5,null
"2020-06-01T22:14:53.000Z",45.701671,5.883549,32.5,41.5,49,202.5,null
"2020-06-01T22:18:53.000Z",45.701671,5.883549,27,40.5,47.5,202.5,null
"2020-06-01T22:22:56.000Z",45.701671,5.883549,30.5,41.5,50.5,202.5,null
"2020-06-01T22:26:56.000Z",45.701671,5.883549,32,41.5,48.5,202.5,null
"2020-06-01T22:30:56.000Z",45.701671,5.883549,27.5,39.5,47,202.5,null
"2020-06-01T22:35:00.000Z",45.701671,5.883549,24.5,38,44,202.5,null
"2020-06-01T22:39:00.000Z",45.701671,5.883549,25.5,38,43.5,202.5,null
"2020-06-01T22:43:00.000Z",45.701671,5.883549,28,36.5,42.5,202.5,null
"2020-06-01T22:47:05.000Z",45.701671,5.883549,26,36,43,202.5,null
"2020-06-01T22:51:05.000Z",45.701671,5.883549,29.5,37.5,43.5,202.5,null
"2020-06-01T22:55:05.000Z",45.701671,5.883549,23.5,35.5,43,202.5,null
"2020-06-01T22:59:08.000Z",45.701671,5.883549,24,34.5,41,202.5,null
"2020-06-01T23:03:08.000Z",45.701671,5.883549,17,29,37,180,null
"2020-06-01T23:07:08.000Z",45.701671,5.883549,12,20,30.5,180,null
"2020-06-01T23:11:12.000Z",45.701671,5.883549,12,20.5,28,180,null
"2020-06-01T23:15:12.000Z",45.701671,5.883549,8.75,22,30.5,180,null
"2020-06-01T23:19:12.000Z",45.701671,5.883549,9,24.5,35.5,180,null
"2020-06-01T23:27:14.000Z",45.701649,5.883609,12,23.5,30.5,180,null
"2020-06-01T23:31:14.000Z",45.701649,5.883609,6.5,15.5,23.5,180,null
"2020-06-01T23:35:14.000Z",45.701649,5.883609,6.5,15,23.5,157.5,null
"2020-06-01T23:39:19.000Z",45.701649,5.883609,2.5,10.5,20.5,135,null
"2020-06-01T23:43:19.000Z",45.701649,5.883609,0,4.75,10.5,112.5,null
"2020-06-01T23:47:19.000Z",45.701649,5.883609,0,3.5,11,135,null
"2020-06-01T23:51:23.000Z",45.701649,5.883609,0,1.25,5.25,135,null
"2020-06-01T23:55:23.000Z",45.701649,5.883609,1,5.5,12,135,null
"2020-06-01T23:59:23.000Z",45.701649,5.883609,0,3.5,10,135,null
"2020-06-02T00:03:27.000Z",45.701649,5.883609,0,2.5,8.75,135,null
"2020-06-02T00:07:27.000Z",45.701649,5.883609,0,1.25,6,112.5,null
"2020-06-02T00:11:27.000Z",45.701649,5.883609,0,1.75,4.75,67.5,null
"2020-06-02T00:16:17.000Z",45.701649,5.883609,0,2.75,6.25,90,null
"2020-06-02T00:20:17.000Z",45.701649,5.883609,0.25,3.75,6.25,135,null
"2020-06-02T00:24:17.000Z",45.701563,5.883569,0,8.5,17.5,202.5,null
"2020-06-02T00:28:21.000Z",45.701563,5.883569,7.25,15.5,21,202.5,null
"2020-06-02T00:32:21.000Z",45.701563,5.883569,3.75,11,16.5,202.5,null
"2020-06-02T00:36:21.000Z",45.701563,5.883569,0.25,3.25,8,90,null
"2020-06-02T00:40:25.000Z",45.701563,5.883569,0,2,4.75,67.5,null
"2020-06-02T00:44:25.000Z",45.701563,5.883569,0,0.5,2,67.5,null
"2020-06-02T00:48:25.000Z",45.701563,5.883569,0,0.75,3.25,247.5,null
"2020-06-02T00:52:29.000Z",45.701563,5.883569,3.25,7.75,13,225,null
"2020-06-02T00:56:29.000Z",45.701563,5.883569,5.25,9,12,247.5,null
"2020-06-02T01:00:29.000Z",45.701563,5.883569,4.5,7.5,11,225,null
"2020-06-02T01:04:33.000Z",45.701563,5.883569,1.5,5,12.5,202.5,null
"2020-06-02T01:08:33.000Z",45.701563,5.883569,1.5,9,14.5,202.5,null
"2020-06-02T01:12:33.000Z",45.701563,5.883569,0.25,3.25,9.5,180,null
"2020-06-02T01:16:37.000Z",45.701563,5.883569,0,2.5,7,157.5,null
"2020-06-02T01:20:37.000Z",45.701563,5.883569,0.25,2.5,7,90,null
"2020-06-02T01:24:37.000Z",45.701563,5.883569,0,1.75,6,67.5,null
"2020-06-02T01:28:41.000Z",45.701563,5.883569,0,8.25,16.5,202.5,null
"2020-06-02T01:32:41.000Z",45.701563,5.883569,3.75,8,11,202.5,null
"2020-06-02T01:36:41.000Z",45.701563,5.883569,4.75,9.5,13.5,225,null
"2020-06-02T01:40:45.000Z",45.701563,5.883569,4.75,8.25,14.5,202.5,null
"2020-06-02T01:44:45.000Z",45.701563,5.883569,4.25,8.75,14.5,180,null
"2020-06-02T01:48:45.000Z",45.701563,5.883569,2,9.75,17,180,null
"2020-06-02T01:52:49.000Z",45.701563,5.883569,4.75,12.5,22,180,null
"2020-06-02T01:56:49.000Z",45.701563,5.883569,5.5,14,22,180,null
"2020-06-02T02:00:49.000Z",45.701563,5.883569,3.75,14.5,22.5,180,null
"2020-06-02T02:04:53.000Z",45.701563,5.883569,2.75,17,23.5,180,null
"2020-06-02T02:08:53.000Z",45.701563,5.883569,4.25,15.5,24.5,180,null
"2020-06-02T02:12:53.000Z",45.701563,5.883569,3.75,11,19,157.5,null
"2020-06-02T02:16:58.000Z",45.701563,5.883569,4.25,9.75,16.5,157.5,null
"2020-06-02T02:20:58.000Z",45.701563,5.883569,2,7.5,15,135,null
"2020-06-02T02:24:58.000Z",45.701563,5.883569,0,5,11,135,null
"2020-06-02T02:29:02.000Z",45.701563,5.883569,0,3.75,9.75,157.5,null
"2020-06-02T02:33:02.000Z",45.701563,5.883569,0,3,6.5,135,null
"2020-06-02T02:37:02.000Z",45.701563,5.883569,0.75,4.25,8.75,157.5,null
"2020-06-02T02:41:05.000Z",45.701563,5.883569,2,7.75,12.5,157.5,null
"2020-06-02T02:45:05.000Z",45.701563,5.883569,2,6.5,9.75,157.5,null
"2020-06-02T02:49:05.000Z",45.701563,5.883569,0.75,4.5,11,157.5,null
"2020-06-02T02:53:10.000Z",45.701563,5.883569,0.25,2.25,6,135,null
"2020-06-02T02:57:10.000Z",45.701563,5.883569,0,3.5,11,135,null
"2020-06-02T03:01:10.000Z",45.701563,5.883569,0,2.5,6,135,null
"2020-06-02T03:05:14.000Z",45.701563,5.883569,0,2.25,4.75,112.5,null
"2020-06-02T03:09:14.000Z",45.701563,5.883569,1.5,3,6.25,112.5,null
"2020-06-02T03:13:14.000Z",45.701563,5.883569,0.25,1.75,4.75,112.5,null
"2020-06-02T03:17:18.000Z",45.701563,5.883569,0.25,3,4.25,112.5,null
"2020-06-02T03:21:18.000Z",45.701563,5.883569,1.75,3.25,5.5,112.5,null
"2020-06-02T03:25:18.000Z",45.701563,5.883569,0,3,8.25,157.5,null
"2020-06-02T03:29:21.000Z",45.701563,5.883569,2.75,11,18.5,180,null
"2020-06-02T03:33:21.000Z",45.701563,5.883569,5.25,10.5,15,157.5,null
"2020-06-02T03:37:21.000Z",45.701563,5.883569,2.5,9.25,14,157.5,null
"2020-06-02T03:41:25.000Z",45.701563,5.883569,0.75,3.25,9.75,135,null
"2020-06-02T03:45:25.000Z",45.701563,5.883569,0,2.25,6,112.5,null
"2020-06-02T03:49:25.000Z",45.701563,5.883569,0.75,3,5.25,112.5,null
"2020-06-02T03:53:29.000Z",45.701563,5.883569,0.25,3,8,112.5,null
"2020-06-02T03:57:29.000Z",45.701563,5.883569,0,3.25,6.25,135,null
"2020-06-02T04:01:29.000Z",45.701563,5.883569,0,3.25,6.5,112.5,null
"2020-06-02T04:05:34.000Z",45.701563,5.883569,1.5,3,6,112.5,null
"2020-06-02T04:09:34.000Z",45.701563,5.883569,2.75,6.25,9.75,112.5,null
"2020-06-02T04:13:34.000Z",45.701563,5.883569,1.5,6.5,12,90,null
"2020-06-02T04:17:38.000Z",45.701563,5.883569,0,3.5,8.25,135,null
"2020-06-02T04:21:38.000Z",45.701563,5.883569,0,3,7.25,157.5,null
"2020-06-02T04:25:38.000Z",45.701563,5.883569,2.5,4.25,6.5,157.5,null
"2020-06-02T04:29:42.000Z",45.701563,5.883569,1.5,3.25,6.25,157.5,null
"2020-06-02T04:33:42.000Z",45.701563,5.883569,0.75,4.5,8.25,135,null
"2020-06-02T04:37:42.000Z",45.701563,5.883569,2,3.75,7.75,90,null
"2020-06-02T04:41:45.000Z",45.701563,5.883569,1.75,4,9,112.5,null
"2020-06-02T04:45:45.000Z",45.701563,5.883569,0.75,3,7,135,null
"2020-06-02T04:49:45.000Z",45.701563,5.883569,0.75,4.25,6.5,112.5,null
"2020-06-02T04:53:50.000Z",45.701563,5.883569,1,3.75,7.25,112.5,null
"2020-06-02T04:57:50.000Z",45.701563,5.883569,0.75,2.5,6.5,90,null
"2020-06-02T05:01:50.000Z",45.701563,5.883569,0.25,4,11.5,157.5,null
"2020-06-02T05:05:54.000Z",45.701563,5.883569,1,5,9.5,157.5,null
"2020-06-02T05:09:54.000Z",45.701563,5.883569,2.5,7.5,13.5,180,null
"2020-06-02T05:13:54.000Z",45.701563,5.883569,4.25,10,14,180,null
"2020-06-02T05:17:58.000Z",45.701563,5.883569,5.25,10,15.5,157.5,null
"2020-06-02T05:21:58.000Z",45.701563,5.883569,3.25,8.75,13.5,180,null
"2020-06-02T05:25:58.000Z",45.701563,5.883569,3.25,8,12.5,157.5,null
"2020-06-02T05:30:02.000Z",45.701563,5.883569,1,8.5,12,180,null
"2020-06-02T05:34:02.000Z",45.701563,5.883569,1.75,7.25,12,180,null
"2020-06-02T05:38:02.000Z",45.701563,5.883569,3.25,9,12.5,180,null
"2020-06-02T05:42:06.000Z",45.701563,5.883569,2,6,10.5,157.5,null
"2020-06-02T05:46:06.000Z",45.701563,5.883569,1,4.5,7,157.5,null
"2020-06-02T05:50:06.000Z",45.701563,5.883569,0.25,4,6.25,157.5,null
"2020-06-02T05:54:10.000Z",45.701563,5.883569,0,5.75,8.75,180,null
"2020-06-02T05:58:10.000Z",45.701563,5.883569,0,6.25,9.75,180,null
"2020-06-02T06:02:10.000Z",45.701563,5.883569,4.5,7.5,9.5,180,null
"2020-06-02T06:06:14.000Z",45.701563,5.883569,2,5.75,9,180,null
"2020-06-02T06:10:14.000Z",45.701563,5.883569,2.75,6.75,13,180,null
"2020-06-02T06:14:14.000Z",45.701563,5.883569,4.5,7.25,10.5,180,null
"2020-06-02T06:18:18.000Z",45.701563,5.883569,0.25,6.75,10.5,180,null
"2020-06-02T06:22:18.000Z",45.701563,5.883569,3.5,7.5,10.5,180,null
"2020-06-02T06:26:18.000Z",45.701563,5.883569,2,7.25,11.5,180,null
"2020-06-02T06:30:22.000Z",45.701563,5.883569,4.5,8.75,11,180,null
"2020-06-02T06:34:22.000Z",45.701563,5.883569,3.25,7.75,11,180,null
"2020-06-02T06:38:22.000Z",45.701563,5.883569,2.5,7.5,11,180,null
"2020-06-02T06:42:27.000Z",45.701563,5.883569,2,6.75,9.75,180,null
"2020-06-02T06:46:27.000Z",45.701563,5.883569,4.75,8.25,11,180,null
"2020-06-02T06:50:27.000Z",45.701563,5.883569,3.25,8,12,180,null
"2020-06-02T06:54:31.000Z",45.701563,5.883569,3.25,7.75,12,180,null
"2020-06-02T06:58:31.000Z",45.701563,5.883569,0.75,6.25,10,180,null
"2020-06-02T07:02:31.000Z",45.701563,5.883569,3.25,8,11,180,null
"2020-06-02T07:06:34.000Z",45.701563,5.883569,3.75,9.25,13,180,null
"2020-06-02T07:10:34.000Z",45.701563,5.883569,3.5,8.75,13,180,null
"2020-06-02T07:14:34.000Z",45.701563,5.883569,1,9.75,13,180,null
"2020-06-02T07:18:39.000Z",45.701563,5.883569,6,11.5,14,180,null
"2020-06-02T07:22:39.000Z",45.701563,5.883569,5.5,9.75,13,180,null
"2020-06-02T07:26:39.000Z",45.701563,5.883569,5.5,10,12,180,null
"2020-06-02T07:30:42.000Z",45.701563,5.883569,2.75,9.75,12.5,180,null
"2020-06-02T07:34:42.000Z",45.701563,5.883569,3.75,9.5,12,180,null
"2020-06-02T07:38:42.000Z",45.701563,5.883569,4.75,9,12,180,null
"2020-06-02T07:42:47.000Z",45.701563,5.883569,4.25,8,11,180,null
"2020-06-02T07:46:47.000Z",45.701563,5.883569,2.5,7.25,12,180,null
"2020-06-02T07:50:47.000Z",45.701563,5.883569,1.75,7.25,11,180,null
"2020-06-02T07:54:51.000Z",45.701563,5.883569,0,8.25,11,180,null
"2020-06-02T07:58:51.000Z",45.701563,5.883569,6,9.5,13,180,null
"2020-06-02T08:02:51.000Z",45.701563,5.883569,4.5,9.5,12,202.5,null
"2020-06-02T08:06:55.000Z",45.701563,5.883569,1,7.5,11.5,180,null
"2020-06-02T08:10:55.000Z",45.701563,5.883569,2.5,7.25,11,180,null
"2020-06-02T08:14:55.000Z",45.701563,5.883569,0.75,6.25,9.75,180,null
"2020-06-02T08:18:59.000Z",45.701563,5.883569,2,7,9.75,180,null
"2020-06-02T08:22:59.000Z",45.701563,5.883569,2.75,6.25,8.25,180,null
"2020-06-02T08:26:59.000Z",45.701563,5.883569,1.5,6.5,9,202.5,null
"2020-06-02T08:31:03.000Z",45.701563,5.883569,1.75,6.5,8.75,202.5,null
"2020-06-02T08:35:03.000Z",45.701563,5.883569,2.5,5.25,7.75,180,null
"2020-06-02T08:39:03.000Z",45.701563,5.883569,0,3.5,6,202.5,null
"2020-06-02T08:43:07.000Z",45.701563,5.883569,0.75,3.25,5.5,180,null
"2020-06-02T08:47:07.000Z",45.701563,5.883569,2,4.5,6.5,202.5,null
"2020-06-02T08:51:07.000Z",45.701563,5.883569,1,5,7.25,202.5,null
"2020-06-02T08:55:11.000Z",45.701563,5.883569,2,4.5,6.5,202.5,null
"2020-06-02T08:59:11.000Z",45.701563,5.883569,1.5,4,6.25,202.5,null
"2020-06-02T09:03:11.000Z",45.701563,5.883569,1,3,4.75,202.5,null
"2020-06-02T09:07:15.000Z",45.701563,5.883569,0.75,2.75,4.5,202.5,null
"2020-06-02T09:11:15.000Z",45.701563,5.883569,0.75,3.25,4.25,225,null
"2020-06-02T09:15:15.000Z",45.701563,5.883569,2.75,3.5,4.25,247.5,null
"2020-06-02T09:19:19.000Z",45.701563,5.883569,2.75,3.75,4.5,247.5,null
"2020-06-02T09:23:19.000Z",45.701563,5.883569,3.25,4.25,4.75,247.5,null
"2020-06-02T09:27:19.000Z",45.701563,5.883569,3.5,4.5,6.25,270,null
"2020-06-02T09:31:23.000Z",45.701563,5.883569,1.75,3.25,4.5,270,null
"2020-06-02T09:35:23.000Z",45.701563,5.883569,1,2.25,3.5,270,null
"2020-06-02T09:39:23.000Z",45.701563,5.883569,1.75,2.75,3.75,292.5,null
"2020-06-02T09:43:27.000Z",45.701563,5.883569,2.25,3.75,4.75,292.5,null
"2020-06-02T09:47:27.000Z",45.701563,5.883569,3.75,5.75,8.25,315,null
"2020-06-02T09:51:27.000Z",45.701563,5.883569,4.5,6.25,8,337.5,null
"2020-06-02T09:55:31.000Z",45.701563,5.883569,4.5,5.75,7.25,337.5,null
"2020-06-02T09:59:31.000Z",45.701563,5.883569,4.25,5,6,315,null
"2020-06-02T10:03:31.000Z",45.701563,5.883569,3.5,4.5,5.5,315,null
"2020-06-02T10:07:35.000Z",45.701563,5.883569,4.25,5,6.25,315,null
"2020-06-02T10:11:35.000Z",45.701563,5.883569,4.25,5.75,7,315,null
"2020-06-02T10:15:35.000Z",45.701563,5.883569,6,6.75,7.75,315,null
"2020-06-02T10:19:39.000Z",45.701563,5.883569,4.75,6,6.5,315,null
"2020-06-02T10:23:39.000Z",45.701563,5.883569,5.5,6.5,7.75,292.5,null
"2020-06-02T10:27:39.000Z",45.701563,5.883569,5.25,6,7.25,292.5,null
"2020-06-02T10:31:43.000Z",45.701563,5.883569,6,7,8,315,null
"2020-06-02T10:35:43.000Z",45.701563,5.883569,5.5,6.5,7.25,337.5,null
"2020-06-02T10:39:43.000Z",45.701563,5.883569,6.5,7.5,8.75,337.5,null
"2020-06-02T10:43:48.000Z",45.701563,5.883569,5.5,7,9,337.5,null
"2020-06-02T10:47:48.000Z",45.701563,5.883569,7.75,9,10.5,337.5,null
"2020-06-02T10:51:48.000Z",45.701563,5.883569,7.25,8.5,10,337.5,null
"2020-06-02T10:55:51.000Z",45.701563,5.883569,8,9.5,11,315,null
"2020-06-02T10:59:51.000Z",45.701563,5.883569,7.25,8.75,10,315,null
"2020-06-02T11:03:51.000Z",45.701563,5.883569,8.75,10,11,315,null
"2020-06-02T11:07:55.000Z",45.701563,5.883569,8.25,9.5,11,315,null
"2020-06-02T11:11:55.000Z",45.701563,5.883569,6,8.25,9,315,null
"2020-06-02T11:15:55.000Z",45.701563,5.883569,5.5,7.25,9,315,null
"2020-06-02T11:20:00.000Z",45.701563,5.883569,5.25,7.25,8.25,315,null
"2020-06-02T11:24:00.000Z",45.701563,5.883569,6.25,8.25,9.75,315,null
"2020-06-02T11:28:00.000Z",45.701563,5.883569,7.25,9.5,11,315,null
"2020-06-02T11:32:04.000Z",45.701563,5.883569,8.25,10,11.5,315,null
"2020-06-02T11:36:04.000Z",45.701563,5.883569,8,10.5,12,315,null
"2020-06-02T11:40:04.000Z",45.701563,5.883569,8,10,11,315,null
"2020-06-02T11:44:07.000Z",45.701563,5.883569,8.75,10,11.5,315,null
"2020-06-02T11:48:07.000Z",45.701563,5.883569,8,10,12,337.5,null
"2020-06-02T11:52:07.000Z",45.701563,5.883569,11,12,13,0,null
"2020-06-02T11:56:11.000Z",45.701563,5.883569,10,11.5,12.5,0,null
"2020-06-02T12:00:11.000Z",45.701563,5.883569,4.5,8.5,10.5,0,null
"2020-06-02T12:04:11.000Z",45.701563,5.883569,4.75,6.5,8,337.5,null
"2020-06-02T12:08:15.000Z",45.701563,5.883569,4.25,8.25,9.75,0,null
"2020-06-02T12:12:15.000Z",45.701563,5.883569,8.25,9.25,10,0,null
"2020-06-02T12:16:15.000Z",45.701563,5.883569,7.75,9,10,0,null
"2020-06-02T12:20:20.000Z",45.701563,5.883569,7,9,10,0,null
"2020-06-02T12:24:20.000Z",45.701563,5.883569,5.25,6.5,7.75,0,null
"2020-06-02T12:28:20.000Z",45.701563,5.883569,5.25,8,11,337.5,null
"2020-06-02T12:32:24.000Z",45.701563,5.883569,6,7.25,9.5,337.5,null
"2020-06-02T12:36:24.000Z",45.701563,5.883569,3.75,5.25,6.25,0,null
"2020-06-02T12:40:24.000Z",45.701563,5.883569,3.25,5.5,6.5,337.5,null
"2020-06-02T12:44:28.000Z",45.701563,5.883569,3.5,6,8.25,315,null
"2020-06-02T12:48:28.000Z",45.701563,5.883569,2,5.5,6.5,0,null
"2020-06-02T12:52:28.000Z",45.701563,5.883569,2,4,6.25,337.5,null
"2020-06-02T12:56:32.000Z",45.701563,5.883569,3.75,6.25,8,315,null
"2020-06-02T13:00:32.000Z",45.701563,5.883569,6.25,7.25,8.75,315,null
"2020-06-02T13:04:32.000Z",45.701563,5.883569,5.25,6.25,7,337.5,null
"2020-06-02T13:08:35.000Z",45.701563,5.883569,5.25,7.5,9.5,315,null
"2020-06-02T13:12:35.000Z",45.701563,5.883569,8.25,8.75,9.5,315,null
"2020-06-02T13:16:35.000Z",45.701563,5.883569,6.5,8.25,9.5,315,null
"2020-06-02T13:20:40.000Z",45.701563,5.883569,6.25,7.5,9.5,315,null
"2020-06-02T13:24:40.000Z",45.701563,5.883569,8.25,9.25,10,292.5,null
"2020-06-02T13:28:40.000Z",45.701563,5.883569,5.5,7,9,315,null
"2020-06-02T13:32:43.000Z",45.701563,5.883569,5.5,6.25,6.5,315,null
"2020-06-02T13:36:43.000Z",45.701563,5.883569,5.5,7,8,337.5,null
"2020-06-02T13:40:43.000Z",45.701563,5.883569,6.5,8.75,10,337.5,null
"2020-06-02T13:44:48.000Z",45.701563,5.883569,6.5,7.75,9,315,null
"2020-06-02T13:48:48.000Z",45.701563,5.883569,6.25,7.5,8.25,315,null
"2020-06-02T13:52:48.000Z",45.701563,5.883569,4.75,6.75,7.75,315,null
"2020-06-02T13:56:52.000Z",45.701563,5.883569,5.5,7,8,315,null
"2020-06-02T14:00:52.000Z",45.701563,5.883569,4.75,5.75,7.75,315,null
"2020-06-02T14:04:52.000Z",45.701563,5.883569,4.25,5,6,337.5,null
"2020-06-02T14:08:56.000Z",45.701563,5.883569,2.75,4.25,5.25,337.5,null
"2020-06-02T14:12:56.000Z",45.701563,5.883569,2.5,3.75,4.75,292.5,null
"2020-06-02T14:16:56.000Z",45.701563,5.883569,1.5,4.75,8.75,270,null
"2020-06-02T14:21:00.000Z",45.701563,5.883569,0,3,7.75,270,null
"2020-06-02T14:25:00.000Z",45.701563,5.883569,0.25,3.75,8.25,292.5,null
"2020-06-02T14:29:00.000Z",45.701563,5.883569,1.75,5,9.75,315,null
"2020-06-02T14:33:04.000Z",45.701563,5.883569,2.5,4.25,6.25,292.5,null
"2020-06-02T14:37:04.000Z",45.701563,5.883569,3.25,4.75,7.25,292.5,null
"2020-06-02T14:41:04.000Z",45.701563,5.883569,3.25,5,6.5,292.5,null
"2020-06-02T14:45:08.000Z",45.701563,5.883569,3.75,5.5,7.75,292.5,null
"2020-06-02T14:49:08.000Z",45.701563,5.883569,2.5,4.25,7.25,292.5,null
"2020-06-02T14:53:08.000Z",45.701563,5.883569,3.75,6,7.75,270,null
"2020-06-02T14:57:12.000Z",45.701563,5.883569,4.5,6,8,292.5,null
"2020-06-02T15:01:12.000Z",45.701563,5.883569,6.25,8,9.5,315,null
"2020-06-02T15:05:12.000Z",45.701563,5.883569,6.25,8,10,337.5,null
"2020-06-02T15:09:16.000Z",45.701563,5.883569,7.75,9,11,337.5,null
"2020-06-02T15:13:16.000Z",45.701563,5.883569,8.75,10,11,337.5,null
"2020-06-02T15:17:16.000Z",45.701563,5.883569,4.25,7.25,9.5,0,null
"2020-06-02T15:21:20.000Z",45.701563,5.883569,6,7,9.5,337.5,null
"2020-06-02T15:25:20.000Z",45.701563,5.883569,5.5,6.5,8.75,337.5,null
"2020-06-02T15:29:20.000Z",45.701563,5.883569,7,8.25,9,315,null
"2020-06-02T15:33:24.000Z",45.701563,5.883569,5.25,6.25,7.75,292.5,null
"2020-06-02T15:37:24.000Z",45.701563,5.883569,4.75,6.75,9,292.5,null
"2020-06-02T15:41:24.000Z",45.701563,5.883569,3.5,7,9.75,315,null
"2020-06-02T15:45:28.000Z",45.701563,5.883569,1,4.5,9,315,null
"2020-06-02T15:49:28.000Z",45.701563,5.883569,4.25,6,8.75,315,null
"2020-06-02T15:53:28.000Z",45.701563,5.883569,3.25,7.25,15.5,337.5,null
"2020-06-02T15:57:33.000Z",45.701563,5.883569,10,13.5,15.5,337.5,null
"2020-06-02T16:01:33.000Z",45.701563,5.883569,11,13,16,0,null
"2020-06-02T16:05:33.000Z",45.701563,5.883569,10,12,14,0,null
"2020-06-02T16:09:36.000Z",45.701563,5.883569,8,9.5,11,0,null
"2020-06-02T16:13:36.000Z",45.701563,5.883569,6,8,10,337.5,null
"2020-06-02T16:17:36.000Z",45.701563,5.883569,4.75,10,14,337.5,null
"2020-06-02T16:21:40.000Z",45.701563,5.883569,11,12,13.5,337.5,null
"2020-06-02T16:25:40.000Z",45.701563,5.883569,5.25,8.25,11,0,null
"2020-06-02T16:29:40.000Z",45.701563,5.883569,7.75,9.5,13,0,null
"2020-06-02T16:33:45.000Z",45.701563,5.883569,9.5,11.5,15.5,0,null
"2020-06-02T16:37:45.000Z",45.701563,5.883569,8.75,11,13,0,null
"2020-06-02T16:41:45.000Z",45.701563,5.883569,6.5,9.25,12,0,null
"2020-06-02T16:45:48.000Z",45.701563,5.883569,7.25,9.25,11,337.5,null
"2020-06-02T16:49:48.000Z",45.701563,5.883569,7.75,9.25,10.5,0,null
"2020-06-02T16:53:48.000Z",45.701563,5.883569,7,8.5,10,0,null
"2020-06-02T16:57:52.000Z",45.701563,5.883569,4.75,8.75,11.5,0,null
"2020-06-02T17:01:52.000Z",45.701563,5.883569,5.25,8,11,337.5,null
"2020-06-02T17:05:52.000Z",45.701563,5.883569,4.25,6.5,9.5,337.5,null
"2020-06-02T17:09:57.000Z",45.701563,5.883569,6.25,9.75,12,315,null
"2020-06-02T17:13:57.000Z",45.701563,5.883569,6.25,9.25,11.5,315,null
"2020-06-02T17:17:57.000Z",45.701563,5.883569,6.5,8.25,11,315,null
"2020-06-02T17:22:00.000Z",45.701563,5.883569,4.25,6.5,9.75,0,null
"2020-06-02T17:26:00.000Z",45.701563,5.883569,4.5,6.5,8.75,0,null
"2020-06-02T17:30:00.000Z",45.701563,5.883569,4.25,6.25,8.25,337.5,null
"2020-06-02T17:34:04.000Z",45.701563,5.883569,4.5,6,10.5,0,null
"2020-06-02T17:38:04.000Z",45.701563,5.883569,5.25,7,9.5,0,null
"2020-06-02T17:42:04.000Z",45.701563,5.883569,4.25,5.5,7,337.5,null
"2020-06-02T17:46:09.000Z",45.701563,5.883569,3.75,5.75,7.25,315,null
"2020-06-02T17:50:09.000Z",45.701563,5.883569,3.5,6,8,337.5,null
"2020-06-02T17:54:09.000Z",45.701563,5.883569,2.5,3.5,5.5,315,null
"2020-06-02T17:58:12.000Z",45.701563,5.883569,1.75,2.5,3.75,337.5,null
"2020-06-02T18:02:12.000Z",45.701563,5.883569,2.5,3.75,4.75,337.5,null
"2020-06-02T18:06:12.000Z",45.701563,5.883569,0,1.75,4.5,315,null
"2020-06-02T18:10:16.000Z",45.701563,5.883569,0,0.75,2.75,337.5,null
"2020-06-02T18:14:16.000Z",45.701563,5.883569,0,1.25,2.5,315,null
"2020-06-02T18:18:16.000Z",45.701563,5.883569,0,0.5,3.25,315,null
"2020-06-02T18:22:21.000Z",45.701563,5.883569,0,2.25,4.25,45,null
"2020-06-02T18:26:21.000Z",45.701563,5.883569,1.5,2.25,3.5,67.5,null
"2020-06-02T18:30:21.000Z",45.701563,5.883569,1,2,3.5,67.5,null
"2020-06-02T18:34:24.000Z",45.701563,5.883569,0.75,2.25,3.75,45,null
"2020-06-02T18:38:24.000Z",45.701563,5.883569,0.75,3,6,0,null
"2020-06-02T18:42:24.000Z",45.701563,5.883569,0.75,1.75,3.75,270,null
"2020-06-02T18:46:29.000Z",45.701563,5.883569,0,0.75,2,0,null
"2020-06-02T18:50:29.000Z",45.701563,5.883569,0,2.25,3.5,270,null
"2020-06-02T18:54:29.000Z",45.701563,5.883569,0.25,3.5,5.25,270,null
"2020-06-02T18:58:33.000Z",45.701563,5.883569,0,1,3.5,247.5,null
"2020-06-02T19:02:33.000Z",45.701563,5.883569,0,1.25,3.75,67.5,null
"2020-06-02T19:06:33.000Z",45.701563,5.883569,0,0,0,180,null
"2020-06-02T19:10:37.000Z",45.701563,5.883569,0,1.75,3.5,315,null
"2020-06-02T19:14:37.000Z",45.701563,5.883569,0.75,2,3.25,292.5,null
"2020-06-02T19:18:37.000Z",45.701563,5.883569,1,2.25,4.75,315,null
"2020-06-02T19:22:41.000Z",45.701563,5.883569,0,2.5,4.25,45,null
"2020-06-02T19:26:41.000Z",45.701563,5.883569,0,0,0,90,null
"2020-06-02T19:30:41.000Z",45.701563,5.883569,0,3.5,9,202.5,null
"2020-06-02T19:34:45.000Z",45.701563,5.883569,1,4.5,8.25,180,null
"2020-06-02T19:38:45.000Z",45.701563,5.883569,0.25,3.25,6.5,180,null
"2020-06-02T19:42:45.000Z",45.701563,5.883569,2.75,5,8.25,135,null
"2020-06-02T19:46:49.000Z",45.701563,5.883569,1.75,5.5,8,157.5,null
"2020-06-02T19:50:49.000Z",45.701563,5.883569,2.5,6,7.75,157.5,null
"2020-06-02T19:54:49.000Z",45.701563,5.883569,1,4.5,8.25,135,null
"2020-06-02T19:58:53.000Z",45.701563,5.883569,1.5,2.75,5.25,112.5,null
"2020-06-02T20:02:53.000Z",45.701563,5.883569,1.75,3.5,4.75,135,null
"2020-06-02T20:06:53.000Z",45.701563,5.883569,1.75,4.25,7.75,157.5,null
"2020-06-02T20:10:57.000Z",45.701563,5.883569,1.75,4.25,6.5,157.5,null
"2020-06-02T20:14:57.000Z",45.701563,5.883569,2.5,4.75,6.5,180,null
"2020-06-02T20:18:57.000Z",45.701563,5.883569,2,4.5,7,180,null
"2020-06-02T20:23:01.000Z",45.701563,5.883569,2.75,4,5.5,180,null
"2020-06-02T20:27:01.000Z",45.701563,5.883569,0.25,4.5,8.75,202.5,null
"2020-06-02T20:31:01.000Z",45.701563,5.883569,2.5,5,8,180,null
"2020-06-02T20:35:05.000Z",45.701563,5.883569,1.5,3.5,5.5,157.5,null
"2020-06-02T20:39:05.000Z",45.701563,5.883569,1,3.25,5.5,112.5,null
"2020-06-02T20:43:05.000Z",45.701563,5.883569,0.25,3.25,5.5,157.5,null
"2020-06-02T20:47:09.000Z",45.701563,5.883569,0,2.5,6.5,157.5,null
"2020-06-02T20:51:09.000Z",45.701563,5.883569,0,1.5,3.5,180,null
"2020-06-02T20:55:09.000Z",45.701563,5.883569,0,2,5.25,135,null
"2020-06-02T20:59:13.000Z",45.701563,5.883569,0,1,3.75,135,null
"2020-06-02T21:03:13.000Z",45.701563,5.883569,0,1.75,3.75,180,null
"2020-06-02T21:07:13.000Z",45.701563,5.883569,0.75,3,4.75,180,null
"2020-06-02T21:11:18.000Z",45.701563,5.883569,1,3,4.75,157.5,null
"2020-06-02T21:15:18.000Z",45.701563,5.883569,0,2.25,4.75,135,null
"2020-06-02T21:19:18.000Z",45.701563,5.883569,0.25,2.5,7.75,157.5,null
"2020-06-02T21:23:21.000Z",45.701563,5.883569,0,2.75,5.75,157.5,null
"2020-06-02T21:27:21.000Z",45.701563,5.883569,0,3.5,6.5,112.5,null
"2020-06-02T21:31:21.000Z",45.701563,5.883569,1.5,3,5.5,112.5,null
"2020-06-02T21:35:26.000Z",45.701563,5.883569,2.25,4,6.5,112.5,null
"2020-06-02T21:39:26.000Z",45.701563,5.883569,2.5,4.5,7.75,90,null
"2020-06-02T21:43:26.000Z",45.701563,5.883569,2.5,4,6.5,112.5,null
"2020-06-02T21:47:29.000Z",45.701563,5.883569,1.75,3.75,5.5,90,null
"2020-06-02T21:51:29.000Z",45.701563,5.883569,3.75,5.5,9,135,null
"2020-06-02T21:55:29.000Z",45.701563,5.883569,0.25,2.75,6.5,112.5,null
"2020-06-02T21:59:34.000Z",45.701563,5.883569,1.5,3.5,6,90,null
"2020-06-02T22:03:34.000Z",45.701563,5.883569,1,3.25,5.25,112.5,null
"2020-06-02T22:07:34.000Z",45.701563,5.883569,2.5,4.25,5.5,112.5,null
"2020-06-02T22:11:38.000Z",45.701563,5.883569,2.75,4.5,6.25,112.5,null
"2020-06-02T22:15:38.000Z",45.701563,5.883569,3.25,4.75,7,112.5,null
"2020-06-02T22:19:38.000Z",45.701563,5.883569,3.25,5,7.25,112.5,null
"2020-06-02T22:23:42.000Z",45.701563,5.883569,1.75,3.75,6,90,null
"2020-06-02T22:27:42.000Z",45.701563,5.883569,2.75,4.25,6,90,null
"2020-06-02T22:31:42.000Z",45.701563,5.883569,3.75,5,6.25,112.5,null
"2020-06-02T22:35:46.000Z",45.701563,5.883569,2.75,4.5,6.25,112.5,null
"2020-06-02T22:39:46.000Z",45.701563,5.883569,2.5,3.5,6,112.5,null
"2020-06-02T22:43:46.000Z",45.701563,5.883569,1,3.5,7,90,null
"2020-06-02T22:47:50.000Z",45.701563,5.883569,0,0.5,2.5,67.5,null
"2020-06-02T22:51:50.000Z",45.701563,5.883569,0,2.25,4.75,90,null
"2020-06-02T22:55:50.000Z",45.701563,5.883569,2.75,5.75,8,90,null
"2020-06-02T22:59:54.000Z",45.701563,5.883569,4.25,6.25,8.75,90,null
"2020-06-02T23:03:54.000Z",45.701563,5.883569,1,3.5,6.25,112.5,null
"2020-06-02T23:07:54.000Z",45.701563,5.883569,1.5,2.75,4.75,112.5,null
"2020-06-02T23:11:58.000Z",45.701563,5.883569,1.5,3.75,6,112.5,null
"2020-06-02T23:15:58.000Z",45.701563,5.883569,1.75,4.25,7.25,112.5,null
"2020-06-02T23:19:58.000Z",45.701563,5.883569,1,3.5,7.75,112.5,null
"2020-06-02T23:27:44.000Z",45.701745,5.883485,1,2.75,4.5,90,null
"2020-06-02T23:31:44.000Z",45.701745,5.883485,1.5,2,3.25,112.5,null
"2020-06-02T23:35:44.000Z",45.701745,5.883485,1,3.25,5.25,90,null
"2020-06-02T23:39:47.000Z",45.701745,5.883485,2.5,4.5,7.75,90,null
"2020-06-02T23:43:47.000Z",45.701745,5.883485,3.5,5.5,6.5,90,null
"2020-06-02T23:47:47.000Z",45.701745,5.883485,2,4.75,6.5,90,null
"2020-06-02T23:51:52.000Z",45.701745,5.883485,3.5,6,8.25,90,null
"2020-06-02T23:55:52.000Z",45.701745,5.883485,5.25,7,9,90,null
"2020-06-02T23:59:52.000Z",45.701745,5.883485,4.25,7,9.5,90,null
"2020-06-03T00:03:56.000Z",45.701745,5.883485,2.75,5,8.25,90,null
"2020-06-03T00:07:56.000Z",45.701745,5.883485,0,2,4.25,90,null
"2020-06-03T00:11:56.000Z",45.701745,5.883485,0,0.25,2,202.5,null
"2020-06-03T00:16:52.000Z",45.701745,5.883485,0,2.25,6.5,112.5,null
"2020-06-03T00:20:52.000Z",45.701745,5.883485,2.75,5.25,7.75,90,null
"2020-06-03T00:24:52.000Z",45.701779,5.883488,3.75,6,7.75,112.5,null
"2020-06-03T00:28:56.000Z",45.701779,5.883488,3.75,6.25,8.75,112.5,null
"2020-06-03T00:32:56.000Z",45.701779,5.883488,3.25,5.5,9,112.5,null
"2020-06-03T00:36:56.000Z",45.701779,5.883488,2,4.25,8.25,112.5,null
"2020-06-03T00:41:00.000Z",45.701779,5.883488,4.25,8.25,11.5,90,null
"2020-06-03T00:45:00.000Z",45.701779,5.883488,3.25,6.5,11,90,null
"2020-06-03T00:49:00.000Z",45.701779,5.883488,2.5,5.25,8.25,90,null
"2020-06-03T00:53:04.000Z",45.701779,5.883488,2.75,5,8,90,null
"2020-06-03T00:57:04.000Z",45.701779,5.883488,0,3.5,7,112.5,null
"2020-06-03T01:01:04.000Z",45.701779,5.883488,0,2.5,6.5,157.5,null
"2020-06-03T01:05:08.000Z",45.701779,5.883488,0,3,6.25,135,null
"2020-06-03T01:09:08.000Z",45.701779,5.883488,0,3.5,8,90,null
"2020-06-03T01:13:08.000Z",45.701779,5.883488,2,6,11,90,null
"2020-06-03T01:17:12.000Z",45.701779,5.883488,2.75,5.75,8.75,90,null
"2020-06-03T01:21:12.000Z",45.701779,5.883488,3.5,5.75,9,90,null
"2020-06-03T01:25:12.000Z",45.701779,5.883488,3.5,5,8.25,90,null
"2020-06-03T01:29:16.000Z",45.701779,5.883488,2,4.25,7,90,null
"2020-06-03T01:33:16.000Z",45.701779,5.883488,1.75,3.5,5.25,90,null
"2020-06-03T01:37:16.000Z",45.701779,5.883488,2.75,5.25,7,90,null
"2020-06-03T01:41:20.000Z",45.701779,5.883488,3.75,5.5,7,90,null
"2020-06-03T01:45:20.000Z",45.701779,5.883488,2.75,4.25,6.25,112.5,null
"2020-06-03T01:49:20.000Z",45.701779,5.883488,3.25,5,7,90,null
"2020-06-03T01:53:24.000Z",45.701779,5.883488,0,2.75,5.5,90,null
"2020-06-03T01:57:24.000Z",45.701779,5.883488,0,2,3.75,90,null
"2020-06-03T02:01:24.000Z",45.701779,5.883488,2,3.5,4.5,90,null
"2020-06-03T02:05:28.000Z",45.701779,5.883488,2.75,4.75,6.5,90,null
"2020-06-03T02:09:28.000Z",45.701779,5.883488,3.75,5.75,7,90,null
"2020-06-03T02:13:28.000Z",45.701779,5.883488,4.25,5.75,7.75,90,null
"2020-06-03T02:17:32.000Z",45.701779,5.883488,2.5,4.25,6,90,null
"2020-06-03T02:21:32.000Z",45.701779,5.883488,2,4,5.25,90,null
"2020-06-03T02:25:32.000Z",45.701779,5.883488,3.25,4.25,5.5,90,null
"2020-06-03T02:29:37.000Z",45.701779,5.883488,2.75,5.25,7.25,90,null
"2020-06-03T02:33:37.000Z",45.701779,5.883488,3.25,5,6.5,90,null
"2020-06-03T02:37:37.000Z",45.701779,5.883488,4.25,5.25,6.5,90,null
"2020-06-03T02:41:40.000Z",45.701779,5.883488,3.25,5.5,7.25,90,null
"2020-06-03T02:45:40.000Z",45.701779,5.883488,2.75,4.5,7,90,null
"2020-06-03T02:49:40.000Z",45.701779,5.883488,2,4,5.5,90,null
"2020-06-03T02:53:44.000Z",45.701779,5.883488,1.5,3.25,4.5,90,null
"2020-06-03T02:57:44.000Z",45.701779,5.883488,0.75,1.25,2.5,90,null
"2020-06-03T03:01:44.000Z",45.701779,5.883488,0.25,1.75,4.75,90,null
"2020-06-03T03:05:48.000Z",45.701779,5.883488,2,3.5,4.5,90,null
"2020-06-03T03:09:48.000Z",45.701779,5.883488,0.75,2,3.5,112.5,null
"2020-06-03T03:13:48.000Z",45.701779,5.883488,0.75,2.25,3.75,112.5,null
"2020-06-03T03:17:53.000Z",45.701779,5.883488,2.75,4.25,7,112.5,null
"2020-06-03T03:21:53.000Z",45.701779,5.883488,3.25,6,9.75,112.5,null
"2020-06-03T03:25:53.000Z",45.701779,5.883488,4.25,7.25,9.5,90,null
"2020-06-03T03:29:57.000Z",45.701779,5.883488,2.75,5,7.75,90,null
"2020-06-03T03:33:57.000Z",45.701779,5.883488,3.25,6,8.75,90,null
"2020-06-03T03:37:57.000Z",45.701779,5.883488,2.5,3.75,6.25,90,null
"2020-06-03T03:42:01.000Z",45.701779,5.883488,1.75,3.5,5.25,90,null
"2020-06-03T03:46:01.000Z",45.701779,5.883488,1.75,3.25,4.25,90,null
"2020-06-03T03:50:01.000Z",45.701779,5.883488,2.5,3.75,5.5,90,null
"2020-06-03T03:54:04.000Z",45.701779,5.883488,2.5,3.25,4.5,90,null
"2020-06-03T03:58:04.000Z",45.701779,5.883488,2.75,4.5,6,90,null
"2020-06-03T04:02:04.000Z",45.701779,5.883488,3.25,4.75,6.25,90,null
"2020-06-03T04:06:08.000Z",45.701779,5.883488,2.75,5,6.25,90,null
"2020-06-03T04:10:08.000Z",45.701779,5.883488,3.75,5.75,7.25,90,null
"2020-06-03T04:14:08.000Z",45.701779,5.883488,2.75,5.25,7.25,90,null
"2020-06-03T04:18:13.000Z",45.701779,5.883488,3.75,5.5,7.25,90,null
"2020-06-03T04:22:13.000Z",45.701779,5.883488,3.75,5.5,7.25,90,null
"2020-06-03T04:26:13.000Z",45.701779,5.883488,3.75,5,7,90,null
"2020-06-03T04:30:17.000Z",45.701779,5.883488,2.75,5.25,7.75,90,null
"2020-06-03T04:34:17.000Z",45.701779,5.883488,2,4.75,7.75,90,null
"2020-06-03T04:38:17.000Z",45.701779,5.883488,3.25,5,7,90,null
"2020-06-03T04:42:20.000Z",45.701779,5.883488,2,4,6,90,null
"2020-06-03T04:46:20.000Z",45.701779,5.883488,1.5,2.75,4.75,112.5,null
"2020-06-03T04:50:20.000Z",45.701779,5.883488,2.5,3.75,4.75,112.5,null
"2020-06-03T04:54:25.000Z",45.701779,5.883488,2.5,3.75,6.5,112.5,null
"2020-06-03T04:58:25.000Z",45.701779,5.883488,1.75,3.5,5.25,112.5,null
"2020-06-03T05:02:25.000Z",45.701779,5.883488,1,3.25,7,112.5,null
"2020-06-03T05:06:29.000Z",45.701779,5.883488,1,4,7,90,null
"2020-06-03T05:10:29.000Z",45.701779,5.883488,1,4.25,8,90,null
"2020-06-03T05:14:29.000Z",45.701779,5.883488,2.5,4.5,6.5,67.5,null
"2020-06-03T05:18:33.000Z",45.701779,5.883488,1.75,3.5,5.25,90,null
"2020-06-03T05:22:33.000Z",45.701779,5.883488,2,3.5,4.75,90,null
"2020-06-03T05:26:33.000Z",45.701779,5.883488,1,3,4.75,90,null
"2020-06-03T05:30:37.000Z",45.701779,5.883488,0.25,2,3.5,90,null
"2020-06-03T05:34:37.000Z",45.701779,5.883488,0.75,1.75,3.25,90,null
"2020-06-03T05:38:37.000Z",45.701779,5.883488,0.25,1.75,3.5,112.5,null
"2020-06-03T05:42:41.000Z",45.701779,5.883488,0,1,2.75,90,null
"2020-06-03T05:46:41.000Z",45.701779,5.883488,0,2.25,3.75,67.5,null
"2020-06-03T05:50:41.000Z",45.701779,5.883488,0,1.75,3.5,67.5,null
"2020-06-03T05:54:45.000Z",45.701779,5.883488,0,2.25,4,22.5,null
"2020-06-03T05:58:45.000Z",45.701779,5.883488,0,1.5,2.5,337.5,null
"2020-06-03T06:02:45.000Z",45.701779,5.883488,0,2.25,6.25,67.5,null
"2020-06-03T06:06:49.000Z",45.701779,5.883488,0,1.75,5.5,112.5,null
"2020-06-03T06:10:49.000Z",45.701779,5.883488,0,1.5,4.75,112.5,null
"2020-06-03T06:14:49.000Z",45.701779,5.883488,0,2,6,112.5,null
"2020-06-03T06:18:53.000Z",45.701779,5.883488,0,2,5.5,90,null
"2020-06-03T06:22:53.000Z",45.701779,5.883488,0,2.25,6.25,67.5,null
"2020-06-03T06:26:53.000Z",45.701779,5.883488,0,1.75,4.5,202.5,null
"2020-06-03T06:30:57.000Z",45.701779,5.883488,1.75,3,5.25,202.5,null
"2020-06-03T06:34:57.000Z",45.701779,5.883488,1.75,4.25,7,180,null
"2020-06-03T06:38:57.000Z",45.701779,5.883488,2.5,4,6,180,null
"2020-06-03T06:43:02.000Z",45.701779,5.883488,1.75,3,4.25,180,null
"2020-06-03T06:47:02.000Z",45.701779,5.883488,2,3,4.5,202.5,null
"2020-06-03T06:51:02.000Z",45.701779,5.883488,2,2.75,3.75,225,null
"2020-06-03T06:55:05.000Z",45.701779,5.883488,1.75,3,4.5,270,null
"2020-06-03T06:59:05.000Z",45.701779,5.883488,0,2.5,5.25,292.5,null
"2020-06-03T07:03:05.000Z",45.701779,5.883488,0.25,1.75,2.75,315,null
"2020-06-03T07:07:09.000Z",45.701779,5.883488,1,3.5,5.25,315,null
"2020-06-03T07:11:09.000Z",45.701779,5.883488,4.25,5.25,6.25,315,null
"2020-06-03T07:15:09.000Z",45.701779,5.883488,4.25,5.5,7,315,null
"2020-06-03T07:19:14.000Z",45.701779,5.883488,2.75,4.75,6,315,null
"2020-06-03T07:23:14.000Z",45.701779,5.883488,2.5,4,6,315,null
"2020-06-03T07:27:14.000Z",45.701779,5.883488,2,3.25,4.75,337.5,null
"2020-06-03T07:31:18.000Z",45.701779,5.883488,1.5,2.5,4.25,315,null
"2020-06-03T07:35:18.000Z",45.701779,5.883488,0.75,2,3.25,292.5,null
"2020-06-03T07:39:18.000Z",45.701779,5.883488,0,1.75,2.75,270,null
"2020-06-03T07:43:22.000Z",45.701779,5.883488,0,0.75,2.25,292.5,null
"2020-06-03T07:47:22.000Z",45.701779,5.883488,0,1.25,2.75,292.5,null
"2020-06-03T07:51:22.000Z",45.701779,5.883488,2.5,3,3.75,292.5,null
"2020-06-03T07:55:25.000Z",45.701779,5.883488,1.5,2,3.25,270,null
"2020-06-03T07:59:25.000Z",45.701779,5.883488,0.75,2,3.25,270,null
"2020-06-03T08:03:25.000Z",45.701779,5.883488,1.75,3.25,4.5,270,null
"2020-06-03T08:07:30.000Z",45.701779,5.883488,2.75,3.5,4.5,292.5,null
"2020-06-03T08:11:30.000Z",45.701779,5.883488,1.75,3.75,5.25,315,null
"2020-06-03T08:15:30.000Z",45.701779,5.883488,0.75,2.5,4.5,292.5,null
"2020-06-03T08:19:34.000Z",45.701779,5.883488,0,2.25,4.25,292.5,null
"2020-06-03T08:23:34.000Z",45.701779,5.883488,0.25,1.75,3.5,292.5,null
"2020-06-03T08:27:34.000Z",45.701779,5.883488,1.5,3.25,5.5,315,null
"2020-06-03T08:31:38.000Z",45.701779,5.883488,0.25,2.75,4.25,315,null
"2020-06-03T08:35:38.000Z",45.701779,5.883488,0,2.5,4.5,337.5,null
"2020-06-03T08:39:38.000Z",45.701779,5.883488,2.5,5.75,9.75,337.5,null
"2020-06-03T08:43:42.000Z",45.701779,5.883488,4.25,6.75,9.5,337.5,null
"2020-06-03T08:47:42.000Z",45.701779,5.883488,3.75,5.5,7.25,337.5,null
"2020-06-03T08:51:42.000Z",45.701779,5.883488,4.25,5.5,7,315,null
"2020-06-03T08:55:46.000Z",45.701779,5.883488,6,7.25,8.75,315,null
"2020-06-03T08:59:46.000Z",45.701779,5.883488,5.25,6.5,7.25,337.5,null
"2020-06-03T09:03:46.000Z",45.701779,5.883488,5.25,7,12,337.5,null
"2020-06-03T09:07:50.000Z",45.701779,5.883488,4.75,9.25,12,315,null
"2020-06-03T09:11:50.000Z",45.701779,5.883488,2.5,5,7.75,337.5,null
"2020-06-03T09:15:50.000Z",45.701779,5.883488,1.5,4,5.5,337.5,null
"2020-06-03T09:19:54.000Z",45.701779,5.883488,1,3.25,7.25,337.5,null
"2020-06-03T09:23:54.000Z",45.701779,5.883488,1.5,4.75,7,315,null
"2020-06-03T09:27:54.000Z",45.701779,5.883488,1.75,5.5,8.75,315,null
"2020-06-03T09:31:58.000Z",45.701779,5.883488,4.75,6.25,8.25,292.5,null
"2020-06-03T09:35:58.000Z",45.701779,5.883488,4.25,5.75,8,315,null
"2020-06-03T09:39:58.000Z",45.701779,5.883488,4.5,5.25,6.25,337.5,null
"2020-06-03T09:44:02.000Z",45.701779,5.883488,4.75,5.25,6,337.5,null
"2020-06-03T09:48:02.000Z",45.701779,5.883488,4.5,6.75,8.25,337.5,null
"2020-06-03T09:52:02.000Z",45.701779,5.883488,3.25,5.5,7.75,337.5,null
"2020-06-03T09:56:06.000Z",45.701779,5.883488,2.5,3.25,4.5,337.5,null
"2020-06-03T10:00:06.000Z",45.701779,5.883488,3.75,5,6.25,337.5,null
"2020-06-03T10:04:06.000Z",45.701779,5.883488,4.5,5.25,6.25,315,null
"2020-06-03T10:08:09.000Z",45.701779,5.883488,3.5,4.5,5.25,337.5,null
"2020-06-03T10:12:09.000Z",45.701779,5.883488,4.5,5.75,7,337.5,null
"2020-06-03T10:16:09.000Z",45.701779,5.883488,3.75,4.5,6,315,null
"2020-06-03T10:20:14.000Z",45.701779,5.883488,3.25,4,4.5,315,null
"2020-06-03T10:24:14.000Z",45.701779,5.883488,2.5,3.5,4.5,292.5,null
"2020-06-03T10:28:14.000Z",45.701779,5.883488,2,4,4.75,315,null
"2020-06-03T10:32:18.000Z",45.701779,5.883488,0,1.5,3.75,315,null
"2020-06-03T10:36:18.000Z",45.701779,5.883488,0,0.5,2.5,270,null
"2020-06-03T10:40:18.000Z",45.701779,5.883488,1,2,3.25,247.5,null
"2020-06-03T10:44:22.000Z",45.701779,5.883488,0.25,1.5,2.75,247.5,null
"2020-06-03T10:48:22.000Z",45.701779,5.883488,0.75,2,3.5,247.5,null
"2020-06-03T10:52:22.000Z",45.701779,5.883488,1.5,2.75,3.75,292.5,null
"2020-06-03T10:56:26.000Z",45.701779,5.883488,1.5,3,4.5,270,null
"2020-06-03T11:00:26.000Z",45.701779,5.883488,2.5,3.75,5.25,247.5,null
"2020-06-03T11:04:26.000Z",45.701779,5.883488,2.5,3.5,4.75,225,null
"2020-06-03T11:08:30.000Z",45.701779,5.883488,0.75,2,2.75,202.5,null
"2020-06-03T11:12:30.000Z",45.701779,5.883488,0.75,2,3.25,225,null
"2020-06-03T11:16:30.000Z",45.701779,5.883488,1.75,2.5,3.5,247.5,null
"2020-06-03T11:20:34.000Z",45.701779,5.883488,1.5,4.75,7.25,225,null
"2020-06-03T11:24:34.000Z",45.701779,5.883488,2.5,5,7.25,202.5,null
"2020-06-03T11:28:34.000Z",45.701779,5.883488,3.75,6.5,7.75,202.5,null
"2020-06-03T11:32:38.000Z",45.701779,5.883488,3.5,5.5,7.25,225,null
"2020-06-03T11:36:38.000Z",45.701779,5.883488,2,3,4.25,270,null
"2020-06-03T11:40:38.000Z",45.701779,5.883488,2.75,4.25,6.25,292.5,null
"2020-06-03T11:44:43.000Z",45.701779,5.883488,5.25,8,9.75,292.5,null
"2020-06-03T11:48:43.000Z",45.701779,5.883488,4.75,8,13.5,270,null
"2020-06-03T11:52:43.000Z",45.701779,5.883488,7.25,18,27,270,null
"2020-06-03T11:56:46.000Z",45.701779,5.883488,15,22,33.5,270,null
"2020-06-03T12:00:46.000Z",45.701779,5.883488,8.25,18.5,33.5,270,null
"2020-06-03T12:04:46.000Z",45.701779,5.883488,13,21.5,28.5,270,null
"2020-06-03T12:08:51.000Z",45.701779,5.883488,12,19.5,25.5,270,null
"2020-06-03T12:12:51.000Z",45.701779,5.883488,8.75,15.5,20,270,null
"2020-06-03T12:16:51.000Z",45.701779,5.883488,5.5,12.5,18,270,null
"2020-06-03T12:20:55.000Z",45.701779,5.883488,7.75,12,17,247.5,null
"2020-06-03T12:24:55.000Z",45.701779,5.883488,3.75,9,13.5,247.5,null
"2020-06-03T12:28:55.000Z",45.701779,5.883488,1,5.5,9,225,null
"2020-06-03T12:32:59.000Z",45.701779,5.883488,4.25,7.25,10.5,225,null
"2020-06-03T12:36:59.000Z",45.701779,5.883488,4.5,14,23,202.5,null
"2020-06-03T12:40:59.000Z",45.701779,5.883488,4.75,12,19,225,null
"2020-06-03T12:45:03.000Z",45.701779,5.883488,5.25,9.75,14.5,202.5,null
"2020-06-03T12:49:03.000Z",45.701779,5.883488,7.25,14.5,20,180,null
"2020-06-03T12:53:03.000Z",45.701779,5.883488,8,17,24.5,180,null
"2020-06-03T12:57:06.000Z",45.701779,5.883488,7.75,14,19.5,180,null
"2020-06-03T13:01:06.000Z",45.701779,5.883488,9,14,19,202.5,null
"2020-06-03T13:05:06.000Z",45.701779,5.883488,4.25,6.75,9,247.5,null
"2020-06-03T13:09:10.000Z",45.701779,5.883488,3.25,6.75,12.5,225,null
"2020-06-03T13:13:10.000Z",45.701779,5.883488,7.75,10,12.5,225,null
"2020-06-03T13:17:10.000Z",45.701779,5.883488,4.75,6.25,8.25,247.5,null
"2020-06-03T13:21:15.000Z",45.701779,5.883488,1.75,3.75,5.25,247.5,null
"2020-06-03T13:25:15.000Z",45.701779,5.883488,2.5,3.75,5.5,247.5,null
"2020-06-03T13:29:15.000Z",45.701779,5.883488,3.25,4.75,6,247.5,null
"2020-06-03T13:33:18.000Z",45.701779,5.883488,3.5,4.5,6,247.5,null
"2020-06-03T13:37:18.000Z",45.701779,5.883488,3.5,4.5,5.5,247.5,null
"2020-06-03T13:41:18.000Z",45.701779,5.883488,3.5,4.5,6,270,null
"2020-06-03T13:45:23.000Z",45.701779,5.883488,2,3.25,5,292.5,null
"2020-06-03T13:49:23.000Z",45.701779,5.883488,0.75,2.75,5.25,315,null
"2020-06-03T13:53:23.000Z",45.701779,5.883488,1.75,3.5,6,270,null
"2020-06-03T13:57:27.000Z",45.701779,5.883488,1.75,3,4.25,292.5,null
"2020-06-03T14:01:27.000Z",45.701779,5.883488,0.75,2.25,3.75,315,null
"2020-06-03T14:05:27.000Z",45.701779,5.883488,0,0.25,1,337.5,null
"2020-06-03T14:09:31.000Z",45.701779,5.883488,0,0.25,1.75,202.5,null
"2020-06-03T14:13:31.000Z",45.701779,5.883488,0,0.25,1.75,180,null
"2020-06-03T14:17:31.000Z",45.701779,5.883488,0,2.5,7.25,292.5,null
"2020-06-03T14:21:35.000Z",45.701779,5.883488,6.25,7.5,8.25,292.5,null
"2020-06-03T14:25:35.000Z",45.701779,5.883488,5.25,6.5,9.5,292.5,null
"2020-06-03T14:29:35.000Z",45.701779,5.883488,4.5,11.5,19,270,null
"2020-06-03T14:33:38.000Z",45.701779,5.883488,8,11.5,16.5,270,null
"2020-06-03T14:37:38.000Z",45.701779,5.883488,3.5,8.5,13,247.5,null
"2020-06-03T14:41:38.000Z",45.701779,5.883488,6,9.25,15,270,null
"2020-06-03T14:45:43.000Z",45.701779,5.883488,7.25,13.5,20.5,270,null
"2020-06-03T14:49:43.000Z",45.701779,5.883488,7,10.5,14,270,null
"2020-06-03T14:53:43.000Z",45.701779,5.883488,6.25,12.5,17,270,null
"2020-06-03T14:57:47.000Z",45.701779,5.883488,6,9.75,13,270,null
"2020-06-03T15:01:47.000Z",45.701779,5.883488,9,11.5,16,270,null
"2020-06-03T15:05:47.000Z",45.701779,5.883488,7,12,18.5,270,null
"2020-06-03T15:09:51.000Z",45.701779,5.883488,7.25,10,14,270,null
"2020-06-03T15:13:51.000Z",45.701779,5.883488,8,10.5,12.5,270,null
"2020-06-03T15:17:51.000Z",45.701779,5.883488,7,9.75,12.5,270,null
"2020-06-03T15:21:55.000Z",45.701779,5.883488,4.25,7.25,11,270,null
"2020-06-03T15:25:55.000Z",45.701779,5.883488,1.5,3.5,5.25,247.5,null
"2020-06-03T15:29:55.000Z",45.701779,5.883488,4.5,10,14.5,247.5,null
"2020-06-03T15:33:59.000Z",45.701779,5.883488,7,10,13,270,null
"2020-06-03T15:37:59.000Z",45.701779,5.883488,6.5,9.5,13.5,270,null
"2020-06-03T15:41:59.000Z",45.701779,5.883488,4.25,7,11,225,null
"2020-06-03T15:46:03.000Z",45.701779,5.883488,1.5,4,8.75,180,null
"2020-06-03T15:50:03.000Z",45.701779,5.883488,5.25,13.5,20.5,180,null
"2020-06-03T15:54:03.000Z",45.701779,5.883488,9,17,23.5,180,null
"2020-06-03T15:58:07.000Z",45.701779,5.883488,7.75,14.5,24,180,null
"2020-06-03T16:02:07.000Z",45.701779,5.883488,9.75,18.5,30,180,null
"2020-06-03T16:06:07.000Z",45.701779,5.883488,15,26,33,202.5,null
"2020-06-03T16:10:11.000Z",45.701779,5.883488,21,29.5,38.5,202.5,null
"2020-06-03T16:14:11.000Z",45.701779,5.883488,20,28,45.5,247.5,null
"2020-06-03T16:18:11.000Z",45.701779,5.883488,14,32.5,45.5,225,null
"2020-06-03T16:22:15.000Z",45.701779,5.883488,12,23.5,37,180,null
"2020-06-03T16:26:15.000Z",45.701779,5.883488,5.25,12,19,180,null
"2020-06-03T16:30:15.000Z",45.701779,5.883488,11.5,16.5,21,247.5,null
"2020-06-03T16:34:19.000Z",45.701779,5.883488,9,15.5,21,202.5,null
"2020-06-03T16:38:19.000Z",45.701779,5.883488,2,8.75,14,202.5,null
"2020-06-03T16:42:19.000Z",45.701779,5.883488,3.75,8.25,11,225,null
"2020-06-03T16:46:23.000Z",45.701779,5.883488,0.75,4.75,8,225,null
"2020-06-03T16:50:23.000Z",45.701779,5.883488,0,1,3.5,90,null
"2020-06-03T16:54:23.000Z",45.701779,5.883488,0,9.25,15,292.5,null
"2020-06-03T16:58:27.000Z",45.701779,5.883488,7.25,11.5,17.5,292.5,null
"2020-06-03T17:02:27.000Z",45.701779,5.883488,0.25,5.25,9,45,null
"2020-06-03T17:06:27.000Z",45.701779,5.883488,1,4.75,8.75,67.5,null
"2020-06-03T17:10:32.000Z",45.701779,5.883488,4.25,5.5,7.25,67.5,null
"2020-06-03T17:14:32.000Z",45.701779,5.883488,2.75,5.5,9.5,45,null
"2020-06-03T17:18:32.000Z",45.701779,5.883488,3.25,6,10.5,45,null
"2020-06-03T17:22:35.000Z",45.701779,5.883488,1,6,11,45,null
"2020-06-03T17:26:35.000Z",45.701779,5.883488,2.5,5,7.25,67.5,null
"2020-06-03T17:30:35.000Z",45.701779,5.883488,2,5.75,8.75,67.5,null
"2020-06-03T17:34:40.000Z",45.701779,5.883488,1.75,4.75,7.25,67.5,null
"2020-06-03T17:38:40.000Z",45.701779,5.883488,3.5,5.75,9.5,67.5,null
"2020-06-03T17:42:40.000Z",45.701779,5.883488,2.75,5.75,8.25,67.5,null
"2020-06-03T17:46:43.000Z",45.701779,5.883488,1.75,3.5,6.25,67.5,null
"2020-06-03T17:50:43.000Z",45.701779,5.883488,1,4.25,6.5,135,null
"2020-06-03T17:54:43.000Z",45.701779,5.883488,0.25,7.75,14,202.5,null
"2020-06-03T17:58:48.000Z",45.701779,5.883488,2.5,9.5,15,247.5,null
"2020-06-03T18:02:48.000Z",45.701779,5.883488,0,4.75,9,225,null
"2020-06-03T18:06:48.000Z",45.701779,5.883488,0.25,2.75,5.5,112.5,null
"2020-06-03T18:10:52.000Z",45.701779,5.883488,2.75,4.5,6.25,67.5,null
"2020-06-03T18:14:52.000Z",45.701779,5.883488,1,5.5,9,67.5,null
"2020-06-03T18:18:52.000Z",45.701779,5.883488,0,3.5,7.75,67.5,null
"2020-06-03T18:22:56.000Z",45.701779,5.883488,0.25,3,5.5,22.5,null
"2020-06-03T18:26:56.000Z",45.701779,5.883488,0,0.25,1.75,67.5,null
"2020-06-03T18:30:56.000Z",45.701779,5.883488,0,0.25,1.75,337.5,null
"2020-06-03T18:35:00.000Z",45.701779,5.883488,1.75,5,11.5,315,null
"2020-06-03T18:39:00.000Z",45.701779,5.883488,5.25,8.25,11.5,337.5,null
"2020-06-03T18:43:00.000Z",45.701779,5.883488,5.5,7.5,11,337.5,null
"2020-06-03T18:47:04.000Z",45.701779,5.883488,7.75,11,14.5,337.5,null
"2020-06-03T18:51:04.000Z",45.701779,5.883488,11,14.5,20,337.5,null
"2020-06-03T18:55:04.000Z",45.701779,5.883488,14.5,23,28.5,337.5,null
"2020-06-03T18:59:07.000Z",45.701779,5.883488,18,22,27.5,337.5,null
"2020-06-03T19:03:07.000Z",45.701779,5.883488,15.5,19.5,24.5,337.5,null
"2020-06-03T19:07:07.000Z",45.701779,5.883488,16,20.5,26,337.5,null
"2020-06-03T19:11:12.000Z",45.701779,5.883488,18,23,29,0,null
"2020-06-03T19:15:12.000Z",45.701779,5.883488,21,24.5,28.5,0,null
"2020-06-03T19:19:12.000Z",45.701779,5.883488,20,23.5,27,337.5,null
"2020-06-03T19:23:15.000Z",45.701779,5.883488,13,17.5,24.5,337.5,null
"2020-06-03T19:27:15.000Z",45.701779,5.883488,15.5,19,21.5,337.5,null
"2020-06-03T19:31:15.000Z",45.701779,5.883488,13.5,17.5,20.5,337.5,null
"2020-06-03T19:35:20.000Z",45.701779,5.883488,15.5,18.5,21.5,0,null
"2020-06-03T19:39:20.000Z",45.701779,5.883488,10,16,20,0,null
"2020-06-03T19:43:20.000Z",45.701779,5.883488,9,13.5,16.5,0,null
"2020-06-03T19:47:24.000Z",45.701779,5.883488,4.5,9.5,12.5,0,null
"2020-06-03T19:51:24.000Z",45.701779,5.883488,2,5.25,10.5,22.5,null
"2020-06-03T19:55:24.000Z",45.701779,5.883488,0,4.25,9.75,0,null
"2020-06-03T19:59:28.000Z",45.701779,5.883488,7.25,10,13,337.5,null
"2020-06-03T20:03:28.000Z",45.701779,5.883488,7.25,9,10.5,337.5,null
"2020-06-03T20:07:28.000Z",45.701779,5.883488,5.5,7.5,9.75,337.5,null
"2020-06-03T20:11:32.000Z",45.701779,5.883488,6.25,7.5,10,337.5,null
"2020-06-03T20:15:32.000Z",45.701779,5.883488,7,9.5,12.5,337.5,null
"2020-06-03T20:19:32.000Z",45.701779,5.883488,9.5,12,14.5,0,null
"2020-06-03T20:23:36.000Z",45.701779,5.883488,7.75,10.5,12.5,0,null
"2020-06-03T20:27:36.000Z",45.701779,5.883488,7.25,9,10.5,0,null
"2020-06-03T20:31:36.000Z",45.701779,5.883488,6,7.5,9,0,null
"2020-06-03T20:35:40.000Z",45.701779,5.883488,6,7.25,9,0,null
"2020-06-03T20:39:40.000Z",45.701779,5.883488,2.5,5.5,8.25,0,null
"2020-06-03T20:43:40.000Z",45.701779,5.883488,0,2.75,5.25,22.5,null
"2020-06-03T20:47:45.000Z",45.701779,5.883488,1,2.5,4.25,0,null
"2020-06-03T20:51:45.000Z",45.701779,5.883488,0,1.5,2.75,0,null
"2020-06-03T20:55:45.000Z",45.701779,5.883488,0,1.25,2.75,45,null
"2020-06-03T20:59:48.000Z",45.701779,5.883488,0,0.5,2,45,null
"2020-06-03T21:03:48.000Z",45.701779,5.883488,0,0.5,2.5,0,null
"2020-06-03T21:07:48.000Z",45.701779,5.883488,0,1,2.5,337.5,null
"2020-06-03T21:11:53.000Z",45.701779,5.883488,0,2,3.25,0,null
"2020-06-03T21:15:53.000Z",45.701779,5.883488,1.5,2.5,3.75,337.5,null
"2020-06-03T21:19:53.000Z",45.701779,5.883488,1,2.25,4.25,337.5,null
"2020-06-03T21:23:56.000Z",45.701779,5.883488,1.75,4,6.25,315,null
"2020-06-03T21:27:56.000Z",45.701779,5.883488,3.75,5.75,7.75,315,null
"2020-06-03T21:31:56.000Z",45.701779,5.883488,0,2.5,4.5,315,null
"2020-06-03T21:36:00.000Z",45.701779,5.883488,0,0,0.25,292.5,null
"2020-06-03T21:40:00.000Z",45.701779,5.883488,0,0.75,3.25,45,null
"2020-06-03T21:44:00.000Z",45.701779,5.883488,0,0.25,1.75,22.5,null
"2020-06-03T21:48:04.000Z",45.701779,5.883488,0,1,3.5,90,null
"2020-06-03T21:52:04.000Z",45.701779,5.883488,0,0.25,2,45,null
"2020-06-03T21:56:04.000Z",45.701779,5.883488,0,1,3.25,67.5,null
"2020-06-03T22:00:09.000Z",45.701779,5.883488,0,1.75,3.5,67.5,null
"2020-06-03T22:04:09.000Z",45.701779,5.883488,0,1.75,3.75,67.5,null
"2020-06-03T22:08:09.000Z",45.701779,5.883488,1.75,2.75,3.25,67.5,null
"2020-06-03T22:12:12.000Z",45.701779,5.883488,0,0.5,2,112.5,null
"2020-06-03T22:16:12.000Z",45.701779,5.883488,0,0,0,247.5,null
"2020-06-03T22:20:12.000Z",45.701779,5.883488,0,0,0,90,null
"2020-06-03T22:24:17.000Z",45.701779,5.883488,0,0,0,67.5,null
"2020-06-03T22:28:17.000Z",45.701779,5.883488,0,1.25,3.25,0,null
"2020-06-03T22:32:17.000Z",45.701779,5.883488,0,1.25,2.75,22.5,null
"2020-06-03T22:36:21.000Z",45.701779,5.883488,0,0.5,1.5,22.5,null
"2020-06-03T22:40:21.000Z",45.701779,5.883488,0.25,2,3.5,0,null
"2020-06-03T22:44:21.000Z",45.701779,5.883488,0,1.5,2.75,0,null
"2020-06-03T22:48:25.000Z",45.701779,5.883488,0,3.5,5.5,337.5,null
"2020-06-03T22:52:25.000Z",45.701779,5.883488,1.5,3.5,4.75,337.5,null
"2020-06-03T22:56:25.000Z",45.701779,5.883488,0,1.5,4.25,0,null
"2020-06-03T23:00:29.000Z",45.701779,5.883488,0,2,3.5,67.5,null
"2020-06-03T23:04:29.000Z",45.701779,5.883488,0,1.75,5.5,22.5,null
"2020-06-03T23:08:29.000Z",45.701779,5.883488,3.5,4.75,6.25,0,null
"2020-06-03T23:12:33.000Z",45.701779,5.883488,2.75,4.5,8.25,0,null
"2020-06-03T23:16:33.000Z",45.701779,5.883488,0,2.75,8.75,337.5,null
"2020-06-03T23:20:33.000Z",45.701779,5.883488,0,1.5,4.5,45,null
"2020-06-03T23:28:39.000Z",45.700944,5.883857,0,0.25,1,112.5,null
"2020-06-03T23:32:39.000Z",45.700944,5.883857,0,0,0,135,null
"2020-06-03T23:36:39.000Z",45.700944,5.883857,0,0,0.75,112.5,null
"2020-06-03T23:40:44.000Z",45.700944,5.883857,0,1,2,112.5,null
"2020-06-03T23:44:44.000Z",45.700944,5.883857,0,0,0,112.5,null
"2020-06-03T23:48:44.000Z",45.700944,5.883857,0,0,0,135,null
"2020-06-03T23:52:48.000Z",45.700944,5.883857,0,1,2,112.5,null
"2020-06-03T23:56:48.000Z",45.700944,5.883857,0,0.5,1.75,112.5,null
"2020-06-04T00:00:48.000Z",45.700944,5.883857,0,0,0,112.5,null
"2020-06-04T00:04:51.000Z",45.700944,5.883857,0,1.5,3.25,112.5,null
"2020-06-04T00:08:51.000Z",45.700944,5.883857,1.5,3,4.75,90,null
"2020-06-04T00:12:51.000Z",45.700944,5.883857,0,1.25,2.75,112.5,null
"2020-06-04T00:17:33.000Z",45.700944,5.883857,0,0.5,2.5,112.5,null
"2020-06-04T00:21:33.000Z",45.700944,5.883857,0,0.75,2.5,112.5,null
"2020-06-04T00:25:33.000Z",45.701599,5.883522,0,0.75,2.5,112.5,null
"2020-06-04T00:29:38.000Z",45.701599,5.883522,0,1.75,2.75,112.5,null
"2020-06-04T00:33:38.000Z",45.701599,5.883522,0,0.75,2,112.5,null
"2020-06-04T00:37:38.000Z",45.701599,5.883522,0,1.25,4.75,157.5,null
"2020-06-04T00:41:42.000Z",45.701599,5.883522,0,3.5,7.25,180,null
"2020-06-04T00:45:42.000Z",45.701599,5.883522,0.75,4.25,7.25,180,null
"2020-06-04T00:49:42.000Z",45.701599,5.883522,1,2.5,4.5,180,null
"2020-06-04T00:53:45.000Z",45.701599,5.883522,1,3,6.25,135,null
"2020-06-04T00:57:45.000Z",45.701599,5.883522,0.75,4.75,15,180,null
"2020-06-04T01:01:45.000Z",45.701599,5.883522,4.75,10.5,14.5,202.5,null
"2020-06-04T01:05:50.000Z",45.701599,5.883522,2.75,9.5,15,180,null
"2020-06-04T01:09:50.000Z",45.701599,5.883522,3.25,14,20,180,null
"2020-06-04T01:13:50.000Z",45.701599,5.883522,4.25,12,20,180,null
"2020-06-04T01:17:54.000Z",45.701599,5.883522,3.75,19,27,180,null
"2020-06-04T01:21:54.000Z",45.701599,5.883522,11,19.5,23.5,202.5,null
"2020-06-04T01:25:54.000Z",45.701599,5.883522,7,18.5,24,202.5,null
"2020-06-04T01:29:58.000Z",45.701599,5.883522,12,17.5,22.5,180,null
"2020-06-04T01:33:58.000Z",45.701599,5.883522,8.25,18,25.5,180,null
"2020-06-04T01:37:58.000Z",45.701599,5.883522,11,20,25.5,202.5,null
"2020-06-04T01:42:02.000Z",45.701599,5.883522,12,21,28,202.5,null
"2020-06-04T01:46:02.000Z",45.701599,5.883522,11,20.5,26,202.5,null
"2020-06-04T01:50:02.000Z",45.701599,5.883522,14,23.5,28.5,202.5,null
"2020-06-04T01:54:06.000Z",45.701599,5.883522,14,20.5,24.5,202.5,null
"2020-06-04T01:58:06.000Z",45.701599,5.883522,11,18.5,25,202.5,null
"2020-06-04T02:02:06.000Z",45.701599,5.883522,11.5,19,24,202.5,null
"2020-06-04T02:06:10.000Z",45.701599,5.883522,8.75,18.5,24.5,202.5,null
"2020-06-04T02:10:10.000Z",45.701599,5.883522,8.25,16,23,180,null
"2020-06-04T02:14:10.000Z",45.701599,5.883522,5.5,14,21.5,180,null
"2020-06-04T02:18:14.000Z",45.701599,5.883522,6.5,16,21.5,180,null
"2020-06-04T02:22:14.000Z",45.701599,5.883522,9.75,20,28,202.5,null
"2020-06-04T02:26:14.000Z",45.701599,5.883522,6,18.5,24.5,180,null
"2020-06-04T02:30:19.000Z",45.701599,5.883522,14,21,27.5,180,null
"2020-06-04T02:34:19.000Z",45.701599,5.883522,6,19,28,180,null
"2020-06-04T02:38:19.000Z",45.701599,5.883522,12,22,30.5,180,null
"2020-06-04T02:42:22.000Z",45.701599,5.883522,13,23,29,180,null
"2020-06-04T02:46:22.000Z",45.701599,5.883522,8.25,17.5,24.5,180,null
"2020-06-04T02:50:22.000Z",45.701599,5.883522,11,20.5,26,202.5,null
"2020-06-04T02:54:26.000Z",45.701599,5.883522,12,22.5,28,202.5,null
"2020-06-04T02:58:26.000Z",45.701599,5.883522,11,21,28.5,202.5,null
"2020-06-04T03:02:26.000Z",45.701599,5.883522,12.5,23.5,30.5,202.5,null
"2020-06-04T03:06:30.000Z",45.701599,5.883522,17,24.5,30,202.5,null
"2020-06-04T03:10:30.000Z",45.701599,5.883522,17,25,30,202.5,null
"2020-06-04T03:14:30.000Z",45.701599,5.883522,17.5,25.5,32.5,202.5,null
"2020-06-04T03:18:34.000Z",45.701599,5.883522,15.5,24.5,32,202.5,null
"2020-06-04T03:22:34.000Z",45.701599,5.883522,18,24.5,31.5,180,null
"2020-06-04T03:26:34.000Z",45.701599,5.883522,13,21,26.5,202.5,null
"2020-06-04T03:30:38.000Z",45.701599,5.883522,13,20,26,180,null
"2020-06-04T03:34:38.000Z",45.701599,5.883522,10,21,27.5,202.5,null
"2020-06-04T03:38:38.000Z",45.701599,5.883522,15.5,22,27,202.5,null
"2020-06-04T03:42:43.000Z",45.701599,5.883522,10.5,20,25,202.5,null
"2020-06-04T03:46:43.000Z",45.701599,5.883522,15,22.5,26.5,202.5,null
"2020-06-04T03:50:43.000Z",45.701599,5.883522,15,23,28.5,202.5,null
"2020-06-04T03:54:47.000Z",45.701599,5.883522,18,24.5,29,202.5,null
"2020-06-04T03:58:47.000Z",45.701599,5.883522,14,24.5,30.5,202.5,null
"2020-06-04T04:02:47.000Z",45.701599,5.883522,14.5,24.5,30,202.5,null
"2020-06-04T04:06:51.000Z",45.701599,5.883522,16.5,27.5,33.5,202.5,null
"2020-06-04T04:10:51.000Z",45.701599,5.883522,11.5,27.5,37,202.5,null
"2020-06-04T04:14:51.000Z",45.701599,5.883522,20,30.5,36.5,202.5,null
"2020-06-04T04:18:54.000Z",45.701599,5.883522,18.5,30.5,36.5,202.5,null
"2020-06-04T04:22:54.000Z",45.701599,5.883522,16,31.5,37.5,202.5,null
"2020-06-04T04:26:54.000Z",45.701599,5.883522,16,31.5,38.5,202.5,null
"2020-06-04T04:30:58.000Z",45.701599,5.883522,23,31,39.5,202.5,null
"2020-06-04T04:34:58.000Z",45.701599,5.883522,19,34,39.5,202.5,null
"2020-06-04T04:38:58.000Z",45.701599,5.883522,24.5,32,38.5,202.5,null
"2020-06-04T04:43:03.000Z",45.701599,5.883522,22.5,29.5,34,202.5,null
"2020-06-04T04:47:03.000Z",45.701599,5.883522,20.5,28,33,202.5,null
"2020-06-04T04:51:03.000Z",45.701599,5.883522,21.5,28,32,202.5,null
"2020-06-04T04:55:06.000Z",45.701599,5.883522,23.5,29,36,202.5,null
"2020-06-04T04:59:06.000Z",45.701599,5.883522,23.5,30,37,202.5,null
"2020-06-04T05:03:06.000Z",45.701599,5.883522,21,31.5,37,202.5,null
"2020-06-04T05:07:11.000Z",45.701599,5.883522,22.5,30,35,202.5,null
"2020-06-04T05:11:11.000Z",45.701599,5.883522,18.5,30,36,202.5,null
"2020-06-04T05:15:11.000Z",45.701599,5.883522,20,29.5,35,202.5,null
"2020-06-04T05:19:15.000Z",45.701599,5.883522,16.5,28,36,202.5,null
"2020-06-04T05:23:15.000Z",45.701599,5.883522,22.5,29.5,35,202.5,null
"2020-06-04T05:27:15.000Z",45.701599,5.883522,18.5,25.5,31.5,202.5,null
"2020-06-04T05:31:19.000Z",45.701599,5.883522,19,28.5,38,202.5,null
"2020-06-04T05:35:19.000Z",45.701599,5.883522,21,27,35,202.5,null
"2020-06-04T05:39:19.000Z",45.701599,5.883522,9,27,34,202.5,null
"2020-06-04T05:43:23.000Z",45.701599,5.883522,25,31,35.5,202.5,null
"2020-06-04T05:47:23.000Z",45.701599,5.883522,20,27.5,35,202.5,null
"2020-06-04T05:51:23.000Z",45.701599,5.883522,21,28.5,34,202.5,null
"2020-06-04T05:55:27.000Z",45.701599,5.883522,20,27,32.5,202.5,null
"2020-06-04T05:59:27.000Z",45.701599,5.883522,20,25.5,31.5,202.5,null
"2020-06-04T06:03:27.000Z",45.701599,5.883522,16.5,24.5,32.5,202.5,null
"2020-06-04T06:07:31.000Z",45.701599,5.883522,16,25,30.5,202.5,null
"2020-06-04T06:11:31.000Z",45.701599,5.883522,16.5,24,30.5,202.5,null
"2020-06-04T06:15:31.000Z",45.701599,5.883522,14.5,25,33.5,202.5,null
"2020-06-04T06:19:35.000Z",45.701599,5.883522,11.5,21.5,29.5,202.5,null
"2020-06-04T06:23:35.000Z",45.701599,5.883522,18,24,31.5,202.5,null
"2020-06-04T06:27:35.000Z",45.701599,5.883522,12,21.5,28,202.5,null
"2020-06-04T06:31:39.000Z",45.701599,5.883522,14,23.5,32.5,225,null
"2020-06-04T06:35:39.000Z",45.701599,5.883522,20,26,35,202.5,null
"2020-06-04T06:39:39.000Z",45.701599,5.883522,16,23.5,29,202.5,null
"2020-06-04T06:43:43.000Z",45.701599,5.883522,15,23,28,202.5,null
"2020-06-04T06:47:43.000Z",45.701599,5.883522,14.5,22,27,202.5,null
"2020-06-04T06:51:43.000Z",45.701599,5.883522,9,20,29,202.5,null
"2020-06-04T06:55:47.000Z",45.701599,5.883522,9.75,19,25.5,202.5,null
"2020-06-04T06:59:47.000Z",45.701599,5.883522,13,18.5,25,202.5,null
"2020-06-04T07:03:47.000Z",45.701599,5.883522,14.5,18.5,22.5,202.5,null
"2020-06-04T07:07:51.000Z",45.701599,5.883522,7.25,16.5,22.5,202.5,null
"2020-06-04T07:11:51.000Z",45.701599,5.883522,6.5,13,18,202.5,null
"2020-06-04T07:15:51.000Z",45.701599,5.883522,6.5,12.5,17,202.5,null
"2020-06-04T07:19:55.000Z",45.701599,5.883522,4.5,11,18,202.5,null
"2020-06-04T07:23:55.000Z",45.701599,5.883522,9,12.5,15.5,202.5,null
"2020-06-04T07:27:55.000Z",45.701599,5.883522,4.75,10.5,15,202.5,null
"2020-06-04T07:32:00.000Z",45.701599,5.883522,4.75,10.5,15,202.5,null
"2020-06-04T07:36:00.000Z",45.701599,5.883522,8,15.5,23,202.5,null
"2020-06-04T07:40:00.000Z",45.701599,5.883522,6,15,20,202.5,null
"2020-06-04T07:44:03.000Z",45.701599,5.883522,5.25,13,17.5,202.5,null
"2020-06-04T07:48:03.000Z",45.701599,5.883522,6,13.5,17,202.5,null
"2020-06-04T07:52:03.000Z",45.701599,5.883522,6.5,11,13.5,202.5,null
"2020-06-04T07:56:08.000Z",45.701599,5.883522,5.5,10.5,14.5,202.5,null
"2020-06-04T08:00:08.000Z",45.701599,5.883522,8,12.5,16,202.5,null
"2020-06-04T08:04:08.000Z",45.701599,5.883522,6,11.5,14.5,202.5,null
"2020-06-04T08:08:12.000Z",45.701599,5.883522,6.25,11,15.5,202.5,null
"2020-06-04T08:12:12.000Z",45.701599,5.883522,7.25,11.5,14.5,202.5,null
"2020-06-04T08:16:12.000Z",45.701599,5.883522,3.5,8.75,14.5,202.5,null
"2020-06-04T08:20:15.000Z",45.701599,5.883522,3.75,8.75,13,180,null
"2020-06-04T08:24:15.000Z",45.701599,5.883522,3.75,10.5,14.5,202.5,null
"2020-06-04T08:28:15.000Z",45.701599,5.883522,6,10.5,13.5,202.5,null
"2020-06-04T08:32:19.000Z",45.701599,5.883522,4.75,11,14.5,202.5,null
"2020-06-04T08:36:19.000Z",45.701599,5.883522,4.75,10.5,13.5,202.5,null
"2020-06-04T08:40:19.000Z",45.701599,5.883522,7.75,11,15,202.5,null
"2020-06-04T08:44:24.000Z",45.701599,5.883522,3.75,8,13,180,null
"2020-06-04T08:48:24.000Z",45.701599,5.883522,4.75,9.25,14,202.5,null
"2020-06-04T08:52:24.000Z",45.701599,5.883522,6,9.75,13.5,202.5,null
"2020-06-04T08:56:27.000Z",45.701599,5.883522,3.75,10,13.5,202.5,null
"2020-06-04T09:00:27.000Z",45.701599,5.883522,3.75,9.5,12.5,202.5,null
"2020-06-04T09:04:27.000Z",45.701599,5.883522,8,11,14,202.5,null
"2020-06-04T09:08:32.000Z",45.701599,5.883522,5.5,11,13.5,202.5,null
"2020-06-04T09:12:32.000Z",45.701599,5.883522,5.25,9.75,13,202.5,null
"2020-06-04T09:16:32.000Z",45.701599,5.883522,8.25,12,17,202.5,null
"2020-06-04T09:20:36.000Z",45.701599,5.883522,6.5,12.5,16,202.5,null
"2020-06-04T09:24:36.000Z",45.701599,5.883522,7.25,12.5,16.5,202.5,null
"2020-06-04T09:28:36.000Z",45.701599,5.883522,7.75,12.5,15.5,202.5,null
"2020-06-04T09:32:40.000Z",45.701599,5.883522,7.75,12,15.5,202.5,null
"2020-06-04T09:36:40.000Z",45.701599,5.883522,5.5,11.5,15,202.5,null
"2020-06-04T09:40:40.000Z",45.701599,5.883522,5.5,10,14.5,202.5,null
"2020-06-04T09:44:44.000Z",45.701599,5.883522,6.25,11,14,180,null
"2020-06-04T09:48:44.000Z",45.701599,5.883522,6.25,9.5,12,180,null
"2020-06-04T09:52:44.000Z",45.701599,5.883522,4.5,9.75,13,180,null
"2020-06-04T09:56:48.000Z",45.701599,5.883522,2,6.75,9.75,180,null
"2020-06-04T10:00:48.000Z",45.701599,5.883522,1,7.25,12,180,null
"2020-06-04T10:04:48.000Z",45.701599,5.883522,1.5,6.5,11.5,180,null
"2020-06-04T10:08:52.000Z",45.701599,5.883522,0.25,6.5,10.5,180,null
"2020-06-04T10:12:52.000Z",45.701599,5.883522,2,7.25,10.5,180,null
"2020-06-04T10:16:52.000Z",45.701599,5.883522,5.5,9.5,12,180,null
"2020-06-04T10:20:56.000Z",45.701599,5.883522,3.5,8,13,180,null
"2020-06-04T10:24:56.000Z",45.701599,5.883522,2.75,7,10,180,null
"2020-06-04T10:28:56.000Z",45.701599,5.883522,0.25,6,9.5,180,null
"2020-06-04T10:33:00.000Z",45.701599,5.883522,1.5,4.75,7.25,157.5,null
"2020-06-04T10:37:00.000Z",45.701599,5.883522,1.75,6.5,10,180,null
"2020-06-04T10:41:00.000Z",45.701599,5.883522,3.25,7.25,9.75,180,null
"2020-06-04T10:45:04.000Z",45.701599,5.883522,1.75,6.25,9,180,null
"2020-06-04T10:49:04.000Z",45.701599,5.883522,1.5,5.5,8.75,180,null
"2020-06-04T10:53:04.000Z",45.701599,5.883522,1.75,6.5,9.5,180,null
"2020-06-04T10:57:08.000Z",45.701599,5.883522,1.5,5.75,8.25,180,null
"2020-06-04T11:01:08.000Z",45.701599,5.883522,1.5,5,8.25,180,null
"2020-06-04T11:05:08.000Z",45.701599,5.883522,0.75,5.75,9,180,null
"2020-06-04T11:09:12.000Z",45.701599,5.883522,4.5,7.5,10.5,180,null
"2020-06-04T11:13:12.000Z",45.701599,5.883522,2,8,9.75,202.5,null
"2020-06-04T11:17:12.000Z",45.701599,5.883522,1.75,8.75,12,202.5,null
"2020-06-04T11:21:16.000Z",45.701599,5.883522,1.75,8.25,11.5,180,null
"2020-06-04T11:25:16.000Z",45.701599,5.883522,4.75,9.75,12.5,180,null
"2020-06-04T11:29:16.000Z",45.701599,5.883522,3.75,11,14.5,202.5,null
"2020-06-04T11:33:20.000Z",45.701599,5.883522,4.25,12.5,16.5,202.5,null
"2020-06-04T11:37:20.000Z",45.701599,5.883522,8.75,13,16.5,202.5,null
"2020-06-04T11:41:20.000Z",45.701599,5.883522,7.25,13,16.5,202.5,null
"2020-06-04T11:45:24.000Z",45.701599,5.883522,7,14,17,202.5,null
"2020-06-04T11:49:24.000Z",45.701599,5.883522,8,13,17,202.5,null
"2020-06-04T11:53:24.000Z",45.701599,5.883522,5.5,12.5,16.5,202.5,null
"2020-06-04T11:57:28.000Z",45.701599,5.883522,5.5,12.5,17,202.5,null
"2020-06-04T12:01:28.000Z",45.701599,5.883522,4.25,9.25,12.5,202.5,null
"2020-06-04T12:05:28.000Z",45.701599,5.883522,4.25,7.75,14.5,270,null
"2020-06-04T12:09:32.000Z",45.701599,5.883522,8.75,12,14.5,315,null
"2020-06-04T12:13:32.000Z",45.701599,5.883522,9.75,13,16.5,337.5,null
"2020-06-04T12:17:32.000Z",45.701599,5.883522,10.5,13,16.5,337.5,null
"2020-06-04T12:21:37.000Z",45.701599,5.883522,11.5,14.5,18,0,null
"2020-06-04T12:25:37.000Z",45.701599,5.883522,10.5,14,17.5,0,null
"2020-06-04T12:29:37.000Z",45.701599,5.883522,9.75,14,17.5,0,null
"2020-06-04T12:33:41.000Z",45.701599,5.883522,10,14,17,0,null
"2020-06-04T12:37:41.000Z",45.701599,5.883522,11.5,14.5,16.5,337.5,null
"2020-06-04T12:41:41.000Z",45.701599,5.883522,10,12.5,14.5,337.5,null
"2020-06-04T12:45:45.000Z",45.701599,5.883522,9,11,13,337.5,null
"2020-06-04T12:49:45.000Z",45.701599,5.883522,7.25,11,15.5,337.5,null
"2020-06-04T12:53:45.000Z",45.701599,5.883522,11,15,16.5,337.5,null
"2020-06-04T12:57:48.000Z",45.701599,5.883522,9.5,12.5,16,337.5,null
"2020-06-04T13:01:48.000Z",45.701599,5.883522,6.25,11,14,0,null
"2020-06-04T13:05:48.000Z",45.701599,5.883522,1.5,6.5,12,22.5,null
"2020-06-04T13:09:53.000Z",45.701599,5.883522,5.25,8.25,12,22.5,null
"2020-06-04T13:13:53.000Z",45.701599,5.883522,4.5,7.5,10,22.5,null
"2020-06-04T13:17:53.000Z",45.701599,5.883522,2,5.25,7.75,0,null
"2020-06-04T13:21:57.000Z",45.701599,5.883522,4.25,7,9.5,315,null
"2020-06-04T13:25:57.000Z",45.701599,5.883522,4.75,8.25,11.5,0,null
"2020-06-04T13:29:57.000Z",45.701599,5.883522,6.5,9.5,13,0,null
"2020-06-04T13:34:01.000Z",45.701599,5.883522,7,12,15.5,0,null
"2020-06-04T13:38:01.000Z",45.701599,5.883522,4.75,9.75,15.5,22.5,null
"2020-06-04T13:42:01.000Z",45.701599,5.883522,4.75,8.25,12.5,45,null
"2020-06-04T13:46:05.000Z",45.701599,5.883522,3.75,6.75,9.5,45,null
"2020-06-04T13:50:05.000Z",45.701599,5.883522,1,3.5,7,67.5,null
"2020-06-04T13:54:05.000Z",45.701599,5.883522,1.5,3.75,7,90,null
"2020-06-04T13:58:09.000Z",45.701599,5.883522,1.5,4.25,7,90,null
"2020-06-04T14:02:09.000Z",45.701599,5.883522,0.75,3.75,8.75,90,null
"2020-06-04T14:06:09.000Z",45.701599,5.883522,3.5,8,12.5,67.5,null
"2020-06-04T14:10:13.000Z",45.701599,5.883522,1.5,7,10,90,null
"2020-06-04T14:14:13.000Z",45.701599,5.883522,3.25,6.5,10.5,67.5,null
"2020-06-04T14:18:13.000Z",45.701599,5.883522,3.75,7.5,12,45,null
"2020-06-04T14:22:17.000Z",45.701599,5.883522,0,4.75,12,45,null
"2020-06-04T14:26:17.000Z",45.701599,5.883522,1,5,9.5,67.5,null
"2020-06-04T14:30:17.000Z",45.701599,5.883522,0,2,5.5,112.5,null
"2020-06-04T14:34:21.000Z",45.701599,5.883522,0,2.25,4.75,157.5,null
"2020-06-04T14:38:21.000Z",45.701599,5.883522,0,1.75,4.25,225,null
"2020-06-04T14:42:21.000Z",45.701599,5.883522,1.75,5,9,225,null
"2020-06-04T14:46:24.000Z",45.701599,5.883522,6,8.5,12,225,null
"2020-06-04T14:50:24.000Z",45.701599,5.883522,3.75,6.5,8.75,225,null
"2020-06-04T14:54:24.000Z",45.701599,5.883522,2.5,5,8.75,225,null
"2020-06-04T14:58:29.000Z",45.701599,5.883522,1.75,5,8.25,247.5,null
"2020-06-04T15:02:29.000Z",45.701599,5.883522,2,4,6.25,247.5,null
"2020-06-04T15:06:29.000Z",45.701599,5.883522,3.25,5.5,8.75,202.5,null
"2020-06-04T15:10:33.000Z",45.701599,5.883522,0.25,2,4.25,135,null
"2020-06-04T15:14:33.000Z",45.701599,5.883522,1,2.25,3.5,90,null
"2020-06-04T15:18:33.000Z",45.701599,5.883522,2.5,3.25,3.75,112.5,null
"2020-06-04T15:22:37.000Z",45.701599,5.883522,1.75,3.5,4.75,112.5,null
"2020-06-04T15:26:37.000Z",45.701599,5.883522,0.25,2,3.5,112.5,null
"2020-06-04T15:30:37.000Z",45.701599,5.883522,1,2.5,3.75,112.5,null
"2020-06-04T15:34:41.000Z",45.701599,5.883522,1,2.75,3.75,112.5,null
"2020-06-04T15:38:41.000Z",45.701599,5.883522,1.5,3.25,7,112.5,null
"2020-06-04T15:42:41.000Z",45.701599,5.883522,0.25,2,4.25,112.5,null
"2020-06-04T15:46:45.000Z",45.701599,5.883522,0.75,3.25,7.25,90,null
"2020-06-04T15:50:45.000Z",45.701599,5.883522,0.25,4,7.75,112.5,null
"2020-06-04T15:54:45.000Z",45.701599,5.883522,0.75,3,7,135,null
"2020-06-04T15:58:49.000Z",45.701599,5.883522,0,2.75,9,112.5,null
"2020-06-04T16:02:49.000Z",45.701599,5.883522,0,1.5,4.75,90,null
"2020-06-04T16:06:49.000Z",45.701599,5.883522,0.75,3,6.5,135,null
"2020-06-04T16:10:53.000Z",45.701599,5.883522,0,1.75,4.5,112.5,null
"2020-06-04T16:14:53.000Z",45.701599,5.883522,0,2.75,5.25,90,null
"2020-06-04T16:18:53.000Z",45.701599,5.883522,2,3.75,6,112.5,null
"2020-06-04T16:22:58.000Z",45.701599,5.883522,0,1.25,4.75,112.5,null
"2020-06-04T16:26:58.000Z",45.701599,5.883522,0,2.25,6,67.5,null
"2020-06-04T16:30:58.000Z",45.701599,5.883522,0.25,2.75,6.25,90,null
"2020-06-04T16:35:02.000Z",45.701599,5.883522,0,4.25,9.75,90,null
"2020-06-04T16:39:02.000Z",45.701599,5.883522,0,1,2.75,135,null
"2020-06-04T16:43:02.000Z",45.701599,5.883522,0,0.75,5.25,157.5,null
"2020-06-04T16:47:05.000Z",45.701599,5.883522,0,1.25,6,67.5,null
"2020-06-04T16:51:05.000Z",45.701599,5.883522,0.25,2.75,5.25,180,null
"2020-06-04T16:55:05.000Z",45.701599,5.883522,0,3.5,6.5,180,null
"2020-06-04T16:59:09.000Z",45.701599,5.883522,2,5.75,9,180,null
"2020-06-04T17:03:09.000Z",45.701599,5.883522,3.5,6.75,9.5,202.5,null
"2020-06-04T17:07:09.000Z",45.701599,5.883522,3.25,5,7.75,202.5,null
"2020-06-04T17:11:13.000Z",45.701599,5.883522,4.5,7.25,10,202.5,null
"2020-06-04T17:15:13.000Z",45.701599,5.883522,1,6.25,10,202.5,null
"2020-06-04T17:19:13.000Z",45.701599,5.883522,3.25,6.5,9,202.5,null
"2020-06-04T17:23:18.000Z",45.701599,5.883522,0.75,5.5,9,202.5,null
"2020-06-04T17:27:18.000Z",45.701599,5.883522,2,6.25,9.5,180,null
"2020-06-04T17:31:18.000Z",45.701599,5.883522,0,2.5,7.75,157.5,null
"2020-06-04T17:35:21.000Z",45.701599,5.883522,0,3.5,7.75,157.5,null
"2020-06-04T17:39:21.000Z",45.701599,5.883522,0,1.5,3.75,157.5,null
"2020-06-04T17:43:21.000Z",45.701599,5.883522,0,0.25,1.5,90,null
"2020-06-04T17:47:26.000Z",45.701599,5.883522,0,0.75,3.5,112.5,null
"2020-06-04T17:51:26.000Z",45.701599,5.883522,1,2.75,3.75,112.5,null
"2020-06-04T17:55:26.000Z",45.701599,5.883522,0.75,2.25,4.5,112.5,null
"2020-06-04T17:59:30.000Z",45.701599,5.883522,0,0.75,4.25,135,null
"2020-06-04T18:03:30.000Z",45.701599,5.883522,0,0.25,2,90,null
"2020-06-04T18:07:30.000Z",45.701599,5.883522,0,0,0,135,null
"2020-06-04T18:11:33.000Z",45.701599,5.883522,0,1.75,3.5,90,null
"2020-06-04T18:15:33.000Z",45.701599,5.883522,2.75,3.75,5.25,90,null
"2020-06-04T18:19:33.000Z",45.701599,5.883522,1.75,3.5,5.25,90,null
"2020-06-04T18:23:38.000Z",45.701599,5.883522,0.75,2.25,4.5,90,null
"2020-06-04T18:27:38.000Z",45.701599,5.883522,0,0.25,3.25,292.5,null
"2020-06-04T18:31:38.000Z",45.701599,5.883522,2.5,7.25,13.5,292.5,null
"2020-06-04T18:35:42.000Z",45.701599,5.883522,11,18.5,29.5,292.5,null
"2020-06-04T18:39:42.000Z",45.701599,5.883522,16.5,26.5,34.5,315,null
"2020-06-04T18:43:42.000Z",45.701599,5.883522,20,29,37,315,null
"2020-06-04T18:47:46.000Z",45.701599,5.883522,15.5,26.5,37.5,292.5,null
"2020-06-04T18:51:46.000Z",45.701599,5.883522,18.5,24.5,30.5,315,null
"2020-06-04T18:55:46.000Z",45.701599,5.883522,19,25.5,34,337.5,null
"2020-06-04T18:59:50.000Z",45.701599,5.883522,20,24,28,337.5,null
"2020-06-04T19:03:50.000Z",45.701599,5.883522,15,23,28,337.5,null
"2020-06-04T19:07:50.000Z",45.701599,5.883522,10,17,22.5,0,null
"2020-06-04T19:11:54.000Z",45.701599,5.883522,2.75,13,24.5,337.5,null
"2020-06-04T19:15:54.000Z",45.701599,5.883522,6,12,18.5,337.5,null
"2020-06-04T19:19:54.000Z",45.701599,5.883522,2.5,8.5,16.5,45,null
"2020-06-04T19:23:58.000Z",45.701599,5.883522,0,2.75,5.5,157.5,null
"2020-06-04T19:27:58.000Z",45.701599,5.883522,0.75,3.5,7.25,180,null
"2020-06-04T19:31:58.000Z",45.701599,5.883522,0.75,3,6.25,135,null
"2020-06-04T19:36:02.000Z",45.701599,5.883522,1.5,5,10.5,45,null
"2020-06-04T19:40:02.000Z",45.701599,5.883522,2,6,13.5,22.5,null
"2020-06-04T19:44:02.000Z",45.701599,5.883522,0,5.75,14.5,45,null
"2020-06-04T19:48:06.000Z",45.701599,5.883522,1.5,3,5.5,67.5,null
"2020-06-04T19:52:06.000Z",45.701599,5.883522,0.75,3.5,6,90,null
"2020-06-04T19:56:06.000Z",45.701599,5.883522,0,1,3.25,112.5,null
"2020-06-04T20:00:10.000Z",45.701599,5.883522,0,0.75,2,157.5,null
"2020-06-04T20:04:10.000Z",45.701599,5.883522,0,1.25,3.5,225,null
"2020-06-04T20:08:10.000Z",45.701599,5.883522,0,5,12.5,247.5,null
"2020-06-04T20:12:14.000Z",45.701599,5.883522,5.5,8.25,12,247.5,null
"2020-06-04T20:16:14.000Z",45.701599,5.883522,4.75,8.25,12,247.5,null
"2020-06-04T20:20:14.000Z",45.701599,5.883522,6.25,10,12.5,247.5,null
"2020-06-04T20:24:19.000Z",45.701599,5.883522,1.5,8.5,11,225,null
"2020-06-04T20:28:19.000Z",45.701599,5.883522,4.5,9,14,225,null
"2020-06-04T20:32:19.000Z",45.701599,5.883522,5.5,9.5,13,225,null
"2020-06-04T20:36:23.000Z",45.701599,5.883522,0,2.25,8.25,180,null
"2020-06-04T20:40:23.000Z",45.701599,5.883522,0,3.5,6.5,135,null
"2020-06-04T20:44:23.000Z",45.701599,5.883522,1,4,7.25,157.5,null
"2020-06-04T20:48:26.000Z",45.701599,5.883522,2,3.75,7.25,112.5,null
"2020-06-04T20:52:26.000Z",45.701599,5.883522,0,1,5.25,135,null
"2020-06-04T20:56:26.000Z",45.701599,5.883522,0.75,2.5,8,112.5,null
"2020-06-04T21:00:30.000Z",45.701599,5.883522,0.25,3.25,6.25,112.5,null
"2020-06-04T21:04:30.000Z",45.701599,5.883522,0.75,2.75,6.25,90,null
"2020-06-04T21:08:30.000Z",45.701599,5.883522,1.5,2.75,4.5,90,null
"2020-06-04T21:12:34.000Z",45.701599,5.883522,0.25,2,4.25,90,null
"2020-06-04T21:16:34.000Z",45.701599,5.883522,2.75,4.75,6.5,90,null
"2020-06-04T21:20:34.000Z",45.701599,5.883522,0.25,3.5,6.5,90,null
"2020-06-04T21:24:39.000Z",45.701599,5.883522,0.75,4,6.25,90,null
"2020-06-04T21:28:39.000Z",45.701599,5.883522,1,2.5,4.5,90,null
"2020-06-04T21:32:39.000Z",45.701599,5.883522,0.75,2.5,4.5,90,null
"2020-06-04T21:36:42.000Z",45.701599,5.883522,2,3.75,5.5,90,null
"2020-06-04T21:40:42.000Z",45.701599,5.883522,1.5,3,4.75,90,null
"2020-06-04T21:44:42.000Z",45.701599,5.883522,0.25,3.75,7,112.5,null
"2020-06-04T21:48:46.000Z",45.701599,5.883522,0.25,3.25,6,135,null
"2020-06-04T21:52:46.000Z",45.701599,5.883522,0.75,3.5,7.25,157.5,null
"2020-06-04T21:56:46.000Z",45.701599,5.883522,1,3.75,7.75,157.5,null
"2020-06-04T22:00:51.000Z",45.701599,5.883522,1.75,5.5,12.5,180,null
"2020-06-04T22:04:51.000Z",45.701599,5.883522,4.25,10.5,14.5,180,null
"2020-06-04T22:08:51.000Z",45.701599,5.883522,1.5,6.75,12,180,null
"2020-06-04T22:12:54.000Z",45.701599,5.883522,4.75,8.25,12,180,null
"2020-06-04T22:16:54.000Z",45.701599,5.883522,2,7.75,11,202.5,null
"2020-06-04T22:20:54.000Z",45.701599,5.883522,6,9.5,12.5,202.5,null
"2020-06-04T22:24:59.000Z",45.701599,5.883522,7,9.25,13,225,null
"2020-06-04T22:28:59.000Z",45.701599,5.883522,6.25,9.5,13,270,null
"2020-06-04T22:32:59.000Z",45.701599,5.883522,8.25,15,26.5,337.5,null
"2020-06-04T22:37:02.000Z",45.701599,5.883522,20,27,35.5,315,null
"2020-06-04T22:41:02.000Z",45.701599,5.883522,19.5,25.5,33,315,null
"2020-06-04T22:45:02.000Z",45.701599,5.883522,13,18.5,22,315,null
"2020-06-04T22:49:07.000Z",45.701599,5.883522,13,17.5,24.5,337.5,null
"2020-06-04T22:53:07.000Z",45.701599,5.883522,16.5,21.5,24.5,315,null
"2020-06-04T22:57:07.000Z",45.701599,5.883522,12,17,23.5,337.5,null
"2020-06-04T23:01:11.000Z",45.701599,5.883522,7.75,11,14.5,337.5,null
"2020-06-04T23:05:11.000Z",45.701599,5.883522,5.5,9.25,14.5,0,null
"2020-06-04T23:09:11.000Z",45.701599,5.883522,4.75,8.25,14.5,0,null
"2020-06-04T23:13:15.000Z",45.701599,5.883522,2.5,7.75,11.5,22.5,null
"2020-06-04T23:17:15.000Z",45.701599,5.883522,1.75,5,8.75,45,null
"2020-06-04T23:21:15.000Z",45.701599,5.883522,0,2.25,5.25,45,null
"2020-06-04T23:29:13.000Z",45.701703,5.883495,4.25,6.75,10,90,null
"2020-06-04T23:33:13.000Z",45.701703,5.883495,0,2.5,7,90,null
"2020-06-04T23:37:13.000Z",45.701703,5.883495,0,1.75,4.25,45,null
"2020-06-04T23:41:17.000Z",45.701703,5.883495,0,2.75,5.5,45,null
"2020-06-04T23:45:17.000Z",45.701703,5.883495,0,2.5,4.5,22.5,null
"2020-06-04T23:49:17.000Z",45.701703,5.883495,0,1.5,4.25,45,null
"2020-06-04T23:53:22.000Z",45.701703,5.883495,0,2.25,4.75,337.5,null
"2020-06-04T23:57:22.000Z",45.701703,5.883495,2.5,5.25,8.75,337.5,null
"2020-06-05T00:01:22.000Z",45.701703,5.883495,4.25,6.25,9,337.5,null
"2020-06-05T00:05:25.000Z",45.701703,5.883495,2.75,4.75,7,337.5,null
"2020-06-05T00:09:25.000Z",45.701703,5.883495,4.75,7,9,0,null
"2020-06-05T00:13:25.000Z",45.701703,5.883495,0,4,7.25,0,null
"2020-06-05T00:18:17.000Z",45.701703,5.883495,1.75,4.75,8.25,0,null
"2020-06-05T00:22:17.000Z",45.701703,5.883495,0.25,4.25,6.5,337.5,null
"2020-06-05T00:26:17.000Z",45.701673,5.883481,0,2.25,4.75,337.5,null
"2020-06-05T00:30:22.000Z",45.701673,5.883481,0.25,2,4.5,67.5,null
"2020-06-05T00:34:22.000Z",45.701673,5.883481,1.75,3.25,5.25,67.5,null
"2020-06-05T00:38:22.000Z",45.701673,5.883481,1.5,3,4.75,67.5,null
"2020-06-05T00:42:26.000Z",45.701673,5.883481,1.5,3.5,4.75,90,null
"2020-06-05T00:46:26.000Z",45.701673,5.883481,0.75,3,4.5,90,null
"2020-06-05T00:50:26.000Z",45.701673,5.883481,1.5,2.5,3.5,90,null
"2020-06-05T00:54:30.000Z",45.701673,5.883481,1.5,3,4.25,112.5,null
"2020-06-05T00:58:30.000Z",45.701673,5.883481,1.75,3,4.25,112.5,null
"2020-06-05T01:02:30.000Z",45.701673,5.883481,2.5,3.5,4.75,112.5,null
"2020-06-05T01:06:34.000Z",45.701673,5.883481,2,4,6,135,null
"2020-06-05T01:10:34.000Z",45.701673,5.883481,0,1.75,5.25,112.5,null
"2020-06-05T01:14:34.000Z",45.701673,5.883481,2,3.75,6.25,67.5,null
"2020-06-05T01:18:38.000Z",45.701673,5.883481,1.75,3.75,6,67.5,null
"2020-06-05T01:22:38.000Z",45.701673,5.883481,1.5,3.25,5.5,67.5,null
"2020-06-05T01:26:38.000Z",45.701673,5.883481,1.75,4.25,6.25,67.5,null
"2020-06-05T01:30:42.000Z",45.701673,5.883481,0,2.25,5.25,112.5,null
"2020-06-05T01:34:42.000Z",45.701673,5.883481,0,1,3.5,135,null
"2020-06-05T01:38:42.000Z",45.701673,5.883481,0,0.5,2.75,90,null
"2020-06-05T01:42:46.000Z",45.701673,5.883481,0,0.75,2.5,112.5,null
"2020-06-05T01:46:46.000Z",45.701673,5.883481,0,0.5,2,135,null
"2020-06-05T01:50:46.000Z",45.701673,5.883481,0,2.5,3.75,180,null
"2020-06-05T01:54:50.000Z",45.701673,5.883481,1,2.25,3.25,135,null
"2020-06-05T01:58:50.000Z",45.701673,5.883481,0,1.5,3.5,112.5,null
"2020-06-05T02:02:50.000Z",45.701673,5.883481,1,2.75,4.25,90,null
"2020-06-05T02:06:54.000Z",45.701673,5.883481,0,3,6,67.5,null
"2020-06-05T02:10:54.000Z",45.701673,5.883481,0.75,2.75,4.25,67.5,null
"2020-06-05T02:14:54.000Z",45.701673,5.883481,0.75,2.25,4.75,90,null
"2020-06-05T02:18:58.000Z",45.701673,5.883481,0,3,4.75,112.5,null
"2020-06-05T02:22:58.000Z",45.701673,5.883481,1.5,3.5,4.5,90,null
"2020-06-05T02:26:58.000Z",45.701673,5.883481,2.5,3.75,6,90,null
"2020-06-05T02:31:02.000Z",45.701673,5.883481,0,2.5,6,90,null
"2020-06-05T02:35:02.000Z",45.701673,5.883481,0,1.75,3.5,90,null
"2020-06-05T02:39:02.000Z",45.701673,5.883481,1.5,2.75,3.5,112.5,null
"2020-06-05T02:43:07.000Z",45.701673,5.883481,2,3,4.5,112.5,null
"2020-06-05T02:47:07.000Z",45.701673,5.883481,2,3,4.25,90,null
"2020-06-05T02:51:07.000Z",45.701673,5.883481,1,2.25,3.25,112.5,null
"2020-06-05T02:55:11.000Z",45.701673,5.883481,0.75,2.25,3.5,135,null
"2020-06-05T02:59:11.000Z",45.701673,5.883481,0,1.25,2.75,157.5,null
"2020-06-05T03:03:11.000Z",45.701673,5.883481,0,0.25,2.5,202.5,null
"2020-06-05T03:07:14.000Z",45.701673,5.883481,0,0.25,1.75,157.5,null
"2020-06-05T03:11:14.000Z",45.701673,5.883481,0,2.75,4.25,225,null
"2020-06-05T03:15:14.000Z",45.701673,5.883481,0,0.5,2.5,202.5,null
"2020-06-05T03:19:19.000Z",45.701673,5.883481,0,1.5,4.25,157.5,null
"2020-06-05T03:23:19.000Z",45.701673,5.883481,2,3.5,4.75,45,null
"2020-06-05T03:27:19.000Z",45.701673,5.883481,1,2.75,4.25,45,null
"2020-06-05T03:31:23.000Z",45.701673,5.883481,1.5,3.25,5.5,45,null
"2020-06-05T03:35:23.000Z",45.701673,5.883481,1,2.5,4.75,45,null
"2020-06-05T03:39:23.000Z",45.701673,5.883481,0,1.5,4.25,45,null
"2020-06-05T03:43:26.000Z",45.701673,5.883481,0,1.5,4.75,0,null
"2020-06-05T03:47:26.000Z",45.701673,5.883481,0,0,1.5,337.5,null
"2020-06-05T03:51:26.000Z",45.701673,5.883481,0,2,3.25,112.5,null
"2020-06-05T03:55:31.000Z",45.701673,5.883481,2,4,5.5,112.5,null
"2020-06-05T03:59:31.000Z",45.701673,5.883481,1.75,3.25,5.25,112.5,null
"2020-06-05T04:03:31.000Z",45.701673,5.883481,1.5,2.75,5.25,112.5,null
"2020-06-05T04:07:34.000Z",45.701673,5.883481,0,0.75,2.75,112.5,null
"2020-06-05T04:11:34.000Z",45.701673,5.883481,0,0.75,2.75,112.5,null
"2020-06-05T04:15:34.000Z",45.701673,5.883481,0,0,0,180,null
"2020-06-05T04:19:38.000Z",45.701673,5.883481,0,0,1,292.5,null
"2020-06-05T04:23:38.000Z",45.701673,5.883481,0,8.5,12,225,null
"2020-06-05T04:27:38.000Z",45.701673,5.883481,7,9.5,12,225,null
"2020-06-05T04:31:43.000Z",45.701673,5.883481,3.5,9,12,202.5,null
"2020-06-05T04:35:43.000Z",45.701673,5.883481,3.75,7.75,13,180,null
"2020-06-05T04:39:43.000Z",45.701673,5.883481,1.75,5.5,8,157.5,null
"2020-06-05T04:43:47.000Z",45.701673,5.883481,0.25,5,9,180,null
"2020-06-05T04:47:47.000Z",45.701673,5.883481,1.75,6.25,11,180,null
"2020-06-05T04:51:47.000Z",45.701673,5.883481,2,7.75,13,202.5,null
"2020-06-05T04:55:51.000Z",45.701673,5.883481,6,11.5,14.5,202.5,null
"2020-06-05T04:59:51.000Z",45.701673,5.883481,3.25,10,13,202.5,null
"2020-06-05T05:03:51.000Z",45.701673,5.883481,6,9,12,202.5,null
"2020-06-05T05:07:55.000Z",45.701673,5.883481,4.5,7.75,12,202.5,null
"2020-06-05T05:11:55.000Z",45.701673,5.883481,2.75,5.75,8.25,180,null
"2020-06-05T05:15:55.000Z",45.701673,5.883481,1.5,4.75,7.25,180,null
"2020-06-05T05:19:59.000Z",45.701673,5.883481,5.5,13,19,270,null
"2020-06-05T05:23:59.000Z",45.701673,5.883481,7,11.5,16.5,247.5,null
"2020-06-05T05:27:59.000Z",45.701673,5.883481,4.5,9,12,270,null
"2020-06-05T05:32:03.000Z",45.701673,5.883481,3.25,5.5,9,270,null
"2020-06-05T05:36:03.000Z",45.701673,5.883481,3.5,7.25,11,270,null
"2020-06-05T05:40:03.000Z",45.701673,5.883481,1.75,4.75,8,0,null
"2020-06-05T05:44:07.000Z",45.701673,5.883481,0,1.75,3.75,90,null
"2020-06-05T05:48:07.000Z",45.701673,5.883481,0,3.25,5.5,225,null
"2020-06-05T05:52:07.000Z",45.701673,5.883481,2.5,4.5,6.5,270,null
"2020-06-05T05:56:11.000Z",45.701673,5.883481,3.5,8.75,14,247.5,null
"2020-06-05T06:00:11.000Z",45.701673,5.883481,7.25,10,13,225,null
"2020-06-05T06:04:11.000Z",45.701673,5.883481,6.5,9.75,12,225,null
"2020-06-05T06:08:15.000Z",45.701673,5.883481,1,7,14.5,202.5,null
"2020-06-05T06:12:15.000Z",45.701673,5.883481,6,9.25,13,247.5,null
"2020-06-05T06:16:15.000Z",45.701673,5.883481,7,12,20,247.5,null
"2020-06-05T06:20:20.000Z",45.701673,5.883481,2,7.5,13,270,null
"2020-06-05T06:24:20.000Z",45.701673,5.883481,1,9.75,18,292.5,null
"2020-06-05T06:28:20.000Z",45.701673,5.883481,4.5,13,21,315,null
"2020-06-05T06:32:23.000Z",45.701673,5.883481,4.5,9.5,15,292.5,null
"2020-06-05T06:36:23.000Z",45.701673,5.883481,0.25,5.25,11,270,null
"2020-06-05T06:40:23.000Z",45.701673,5.883481,0.25,5.25,12,337.5,null
"2020-06-05T06:44:27.000Z",45.701673,5.883481,0,9,25.5,337.5,null
"2020-06-05T06:48:27.000Z",45.701673,5.883481,0.75,11,21,270,null
"2020-06-05T06:52:27.000Z",45.701673,5.883481,2,7.75,13,292.5,null
"2020-06-05T06:56:32.000Z",45.701673,5.883481,1,9.75,18.5,247.5,null
"2020-06-05T07:00:32.000Z",45.701673,5.883481,0,6.25,18,292.5,null
"2020-06-05T07:04:32.000Z",45.701673,5.883481,5.5,11.5,21.5,292.5,null
"2020-06-05T07:08:35.000Z",45.701673,5.883481,1.75,8.5,13,270,null
"2020-06-05T07:12:35.000Z",45.701673,5.883481,0,6.25,15,270,null
"2020-06-05T07:16:35.000Z",45.701673,5.883481,9.5,14.5,22.5,270,null
"2020-06-05T07:20:40.000Z",45.701673,5.883481,11,15,23,292.5,null
"2020-06-05T07:24:40.000Z",45.701673,5.883481,8.75,16,30.5,315,null
"2020-06-05T07:28:40.000Z",45.701673,5.883481,0.75,10.5,19.5,292.5,null
"2020-06-05T07:32:43.000Z",45.701673,5.883481,9.5,14.5,19,270,null
"2020-06-05T07:36:43.000Z",45.701673,5.883481,4.5,10.5,20,292.5,null
"2020-06-05T07:40:43.000Z",45.701673,5.883481,1.5,6.75,13,315,null
"2020-06-05T07:44:47.000Z",45.701673,5.883481,2.5,8,15.5,337.5,null
"2020-06-05T07:48:47.000Z",45.701673,5.883481,1,7.25,16.5,0,null
"2020-06-05T07:52:47.000Z",45.701673,5.883481,0.75,6,16.5,225,null
"2020-06-05T07:56:51.000Z",45.701673,5.883481,4.25,13.5,24.5,225,null
"2020-06-05T08:00:51.000Z",45.701673,5.883481,0.25,8.75,15.5,22.5,null
"2020-06-05T08:04:51.000Z",45.701673,5.883481,2.75,8.25,13,315,null
"2020-06-05T08:08:56.000Z",45.701673,5.883481,0,3.25,8.25,225,null
"2020-06-05T08:12:56.000Z",45.701673,5.883481,3.25,7,15.5,225,null
"2020-06-05T08:16:56.000Z",45.701673,5.883481,6,16.5,31,292.5,null
"2020-06-05T08:21:00.000Z",45.701673,5.883481,3.25,10.5,28.5,337.5,null
"2020-06-05T08:25:00.000Z",45.701673,5.883481,2,7.75,15.5,67.5,null
"2020-06-05T08:29:00.000Z",45.701673,5.883481,3.25,10.5,18.5,22.5,null
"2020-06-05T08:33:04.000Z",45.701673,5.883481,8.25,12,19.5,337.5,null
"2020-06-05T08:37:04.000Z",45.701673,5.883481,2.75,8,14.5,315,null
"2020-06-05T08:41:04.000Z",45.701673,5.883481,1.75,7.5,16.5,0,null
"2020-06-05T08:45:07.000Z",45.701673,5.883481,3.75,10,16.5,0,null
"2020-06-05T08:49:07.000Z",45.701673,5.883481,2,5.5,10,22.5,null
"2020-06-05T08:53:07.000Z",45.701673,5.883481,0,4,12,0,null
"2020-06-05T08:57:12.000Z",45.701673,5.883481,4.25,9.75,18,45,null
"2020-06-05T09:01:12.000Z",45.701673,5.883481,2,5.5,12,45,null
"2020-06-05T09:05:12.000Z",45.701673,5.883481,2.5,9.75,16.5,315,null
"2020-06-05T09:09:16.000Z",45.701673,5.883481,5.25,11.5,18.5,202.5,null
"2020-06-05T09:13:16.000Z",45.701673,5.883481,2,7,14.5,202.5,null
"2020-06-05T09:17:16.000Z",45.701673,5.883481,0.25,4.75,13.5,247.5,null
"2020-06-05T09:21:20.000Z",45.701673,5.883481,0,2.25,11,0,null
"2020-06-05T09:25:20.000Z",45.701673,5.883481,0,2,5.5,90,null
"2020-06-05T09:29:20.000Z",45.701673,5.883481,0,2.5,9,180,null
"2020-06-05T09:33:23.000Z",45.701673,5.883481,0.75,7.25,16.5,180,null
"2020-06-05T09:37:23.000Z",45.701673,5.883481,0,6.75,14.5,180,null
"2020-06-05T09:41:23.000Z",45.701673,5.883481,0,9.25,18.5,225,null
"2020-06-05T09:45:28.000Z",45.701673,5.883481,0,5.75,11,292.5,null
"2020-06-05T09:49:28.000Z",45.701673,5.883481,8,10,13.5,292.5,null
"2020-06-05T09:53:28.000Z",45.701673,5.883481,6.25,9.5,13,270,null
"2020-06-05T09:57:32.000Z",45.701673,5.883481,7.75,11,14.5,247.5,null
"2020-06-05T10:01:32.000Z",45.701673,5.883481,5.25,7.75,11.5,225,null
"2020-06-05T10:05:32.000Z",45.701673,5.883481,0,5,8.25,202.5,null
"2020-06-05T10:09:36.000Z",45.701673,5.883481,2.75,6.75,11.5,157.5,null
"2020-06-05T10:13:36.000Z",45.701673,5.883481,0,3.25,8,157.5,null
"2020-06-05T10:17:36.000Z",45.701673,5.883481,0,3,7.25,135,null
"2020-06-05T10:21:40.000Z",45.701673,5.883481,0.25,2.5,6,112.5,null
"2020-06-05T10:25:40.000Z",45.701673,5.883481,0,2.5,6.5,157.5,null
"2020-06-05T10:29:40.000Z",45.701673,5.883481,2.5,6.5,11.5,157.5,null
"2020-06-05T10:33:44.000Z",45.701673,5.883481,0.75,6.5,12.5,157.5,null
"2020-06-05T10:37:44.000Z",45.701673,5.883481,3.5,12,17.5,180,null
"2020-06-05T10:41:44.000Z",45.701673,5.883481,6,11.5,17.5,180,null
"2020-06-05T10:45:48.000Z",45.701673,5.883481,7,11,17,180,null
"2020-06-05T10:49:48.000Z",45.701673,5.883481,5.5,9.75,14,157.5,null
"2020-06-05T10:53:48.000Z",45.701673,5.883481,1.5,8.75,15.5,180,null
"2020-06-05T10:57:53.000Z",45.701673,5.883481,3.25,8.75,14.5,180,null
"2020-06-05T11:01:53.000Z",45.701673,5.883481,0.25,7,16,180,null
"2020-06-05T11:05:53.000Z",45.701673,5.883481,1.5,7.5,12,180,null
"2020-06-05T11:09:56.000Z",45.701673,5.883481,5.25,9.5,13.5,180,null
"2020-06-05T11:13:56.000Z",45.701673,5.883481,0.75,6,13,180,null
"2020-06-05T11:17:56.000Z",45.701673,5.883481,2.75,11.5,18,180,null
"2020-06-05T11:22:00.000Z",45.701673,5.883481,4.25,9.75,15.5,157.5,null
"2020-06-05T11:26:00.000Z",45.701673,5.883481,2.5,6.75,14.5,202.5,null
"2020-06-05T11:30:00.000Z",45.701673,5.883481,6,10.5,14,202.5,null
"2020-06-05T11:34:05.000Z",45.701673,5.883481,4.75,14,21,180,null
"2020-06-05T11:38:05.000Z",45.701673,5.883481,8.75,18.5,26,180,null
"2020-06-05T11:42:05.000Z",45.701673,5.883481,7.25,17,24.5,180,null
"2020-06-05T11:46:08.000Z",45.701673,5.883481,8.75,17.5,23.5,202.5,null
"2020-06-05T11:50:08.000Z",45.701673,5.883481,9.5,18.5,23,202.5,null
"2020-06-05T11:54:08.000Z",45.701673,5.883481,10,17.5,23.5,202.5,null
"2020-06-05T11:58:13.000Z",45.701673,5.883481,9.5,15,18,202.5,null
"2020-06-05T12:02:13.000Z",45.701673,5.883481,7.25,12.5,16,202.5,null
"2020-06-05T12:06:13.000Z",45.701673,5.883481,8,13.5,18.5,180,null
"2020-06-05T12:10:16.000Z",45.701673,5.883481,9,13.5,16.5,202.5,null
"2020-06-05T12:14:16.000Z",45.701673,5.883481,8.75,14,18.5,202.5,null
"2020-06-05T12:18:16.000Z",45.701673,5.883481,12,19.5,26,202.5,null
"2020-06-05T12:22:20.000Z",45.701673,5.883481,6,19,26,202.5,null
"2020-06-05T12:26:20.000Z",45.701673,5.883481,8.25,18.5,24.5,202.5,null
"2020-06-05T12:30:20.000Z",45.701673,5.883481,14.5,21.5,27,202.5,null
"2020-06-05T12:34:25.000Z",45.701673,5.883481,8.75,19.5,25.5,202.5,null
"2020-06-05T12:38:25.000Z",45.701673,5.883481,17,21.5,26.5,202.5,null
"2020-06-05T12:42:25.000Z",45.701673,5.883481,14,21,27,202.5,null
"2020-06-05T12:46:29.000Z",45.701673,5.883481,9.5,17.5,24.5,202.5,null
"2020-06-05T12:50:29.000Z",45.701673,5.883481,18,22,26.5,225,null
"2020-06-05T12:54:29.000Z",45.701673,5.883481,18,22,26,225,null
"2020-06-05T12:58:33.000Z",45.701673,5.883481,20,23.5,30,225,null
"2020-06-05T13:02:33.000Z",45.701673,5.883481,19,22.5,28,225,null
"2020-06-05T13:06:33.000Z",45.701673,5.883481,12.5,17.5,23.5,225,null
"2020-06-05T13:10:37.000Z",45.701673,5.883481,14.5,19,23.5,225,null
"2020-06-05T13:14:37.000Z",45.701673,5.883481,11.5,15,17.5,225,null
"2020-06-05T13:18:37.000Z",45.701673,5.883481,12,16,20,225,null
"2020-06-05T13:22:41.000Z",45.701673,5.883481,9.5,14,18,225,null
"2020-06-05T13:26:41.000Z",45.701673,5.883481,9,13,17,225,null
"2020-06-05T13:30:41.000Z",45.701673,5.883481,11.5,14,16.5,225,null
"2020-06-05T13:34:45.000Z",45.701673,5.883481,9.5,12,15.5,225,null
"2020-06-05T13:38:45.000Z",45.701673,5.883481,7,12.5,15.5,202.5,null
"2020-06-05T13:42:45.000Z",45.701673,5.883481,9.5,13,17.5,202.5,null
"2020-06-05T13:46:49.000Z",45.701673,5.883481,5.5,12,15.5,202.5,null
"2020-06-05T13:50:49.000Z",45.701673,5.883481,12,15,19,225,null
"2020-06-05T13:54:49.000Z",45.701673,5.883481,3.25,12.5,17,202.5,null
"2020-06-05T13:58:53.000Z",45.701673,5.883481,10.5,15,20,180,null
"2020-06-05T14:02:53.000Z",45.701673,5.883481,8.25,13.5,18.5,180,null
"2020-06-05T14:06:53.000Z",45.701673,5.883481,4.25,12,18,180,null
"2020-06-05T14:10:56.000Z",45.701673,5.883481,6.5,12.5,17.5,180,null
"2020-06-05T14:14:56.000Z",45.701673,5.883481,3.5,11,16,180,null
"2020-06-05T14:18:56.000Z",45.701673,5.883481,3.5,9.5,14.5,180,null
"2020-06-05T14:23:01.000Z",45.701673,5.883481,2.5,9.5,15.5,180,null
"2020-06-05T14:27:01.000Z",45.701673,5.883481,2.75,13.5,17.5,180,null
"2020-06-05T14:31:01.000Z",45.701673,5.883481,4.5,10.5,15.5,180,null
"2020-06-05T14:35:05.000Z",45.701673,5.883481,2.75,10.5,18,180,null
"2020-06-05T14:39:05.000Z",45.701673,5.883481,3.75,11,20.5,180,null
"2020-06-05T14:43:05.000Z",45.701673,5.883481,5.25,11.5,15.5,180,null
"2020-06-05T14:47:09.000Z",45.701673,5.883481,4.25,9.25,16,180,null
"2020-06-05T14:51:09.000Z",45.701673,5.883481,3.25,12.5,21,180,null
"2020-06-05T14:55:09.000Z",45.701673,5.883481,7.25,13.5,19,180,null
"2020-06-05T14:59:13.000Z",45.701673,5.883481,4.75,14.5,21.5,180,null
"2020-06-05T15:03:13.000Z",45.701673,5.883481,6.5,17.5,26,180,null
"2020-06-05T15:07:13.000Z",45.701673,5.883481,11,20.5,26,202.5,null
"2020-06-05T15:11:17.000Z",45.701673,5.883481,13,19.5,24.5,202.5,null
"2020-06-05T15:15:17.000Z",45.701673,5.883481,7.25,16.5,24,180,null
"2020-06-05T15:19:17.000Z",45.701673,5.883481,11,18,24,180,null
"2020-06-05T15:23:21.000Z",45.701673,5.883481,12.5,20,25,180,null
"2020-06-05T15:27:21.000Z",45.701673,5.883481,12.5,20,27.5,202.5,null
"2020-06-05T15:31:21.000Z",45.701673,5.883481,12,22,26,202.5,null
"2020-06-05T15:35:25.000Z",45.701673,5.883481,15.5,22,28,202.5,null
"2020-06-05T15:39:25.000Z",45.701673,5.883481,15,25.5,33,202.5,null
"2020-06-05T15:43:25.000Z",45.701673,5.883481,11.5,24,30.5,202.5,null
"2020-06-05T15:47:29.000Z",45.701673,5.883481,12.5,26,33,202.5,null
"2020-06-05T15:51:29.000Z",45.701673,5.883481,16.5,23.5,31,202.5,null
"2020-06-05T15:55:29.000Z",45.701673,5.883481,17.5,26.5,32,202.5,null
"2020-06-05T15:59:33.000Z",45.701673,5.883481,16.5,25.5,32,202.5,null
"2020-06-05T16:03:33.000Z",45.701673,5.883481,15.5,23,28,202.5,null
"2020-06-05T16:07:33.000Z",45.701673,5.883481,14.5,25.5,31,202.5,null
"2020-06-05T16:11:37.000Z",45.701673,5.883481,15.5,24,30.5,202.5,null
"2020-06-05T16:15:37.000Z",45.701673,5.883481,20,27,31.5,202.5,null
"2020-06-05T16:19:37.000Z",45.701673,5.883481,22.5,30.5,35.5,202.5,null
"2020-06-05T16:23:41.000Z",45.701673,5.883481,24,29.5,35,202.5,null
"2020-06-05T16:27:41.000Z",45.701673,5.883481,22,29,34,202.5,null
"2020-06-05T16:31:41.000Z",45.701673,5.883481,24.5,28.5,32.5,202.5,null
"2020-06-05T16:35:46.000Z",45.701673,5.883481,23.5,29.5,35,202.5,null
"2020-06-05T16:39:46.000Z",45.701673,5.883481,21.5,28.5,33,202.5,null
"2020-06-05T16:43:46.000Z",45.701673,5.883481,22,28,31.5,202.5,null
"2020-06-05T16:47:50.000Z",45.701673,5.883481,22,27.5,31.5,202.5,null
"2020-06-05T16:51:50.000Z",45.701673,5.883481,21,29.5,34.5,202.5,null
"2020-06-05T16:55:50.000Z",45.701673,5.883481,23.5,29,34,225,null
"2020-06-05T16:59:54.000Z",45.701673,5.883481,24.5,29,34,225,null
"2020-06-05T17:03:54.000Z",45.701673,5.883481,21,28.5,32.5,202.5,null
"2020-06-05T17:07:54.000Z",45.701673,5.883481,24.5,29,33,225,null
"2020-06-05T17:11:57.000Z",45.701673,5.883481,17,27.5,33,202.5,null
"2020-06-05T17:15:57.000Z",45.701673,5.883481,19,27.5,32.5,202.5,null
"2020-06-05T17:19:57.000Z",45.701673,5.883481,20.5,28.5,34.5,202.5,null
"2020-06-05T17:24:02.000Z",45.701673,5.883481,21,29.5,34.5,202.5,null
"2020-06-05T17:28:02.000Z",45.701673,5.883481,20,31,36,202.5,null
"2020-06-05T17:32:02.000Z",45.701673,5.883481,24,28.5,32,202.5,null
"2020-06-05T17:36:05.000Z",45.701673,5.883481,24,29.5,34,202.5,null
"2020-06-05T17:40:05.000Z",45.701673,5.883481,23.5,29.5,35,202.5,null
"2020-06-05T17:44:05.000Z",45.701673,5.883481,23.5,29.5,34,202.5,null
"2020-06-05T17:48:09.000Z",45.701673,5.883481,22.5,27.5,32.5,202.5,null
"2020-06-05T17:52:09.000Z",45.701673,5.883481,16.5,27.5,34,202.5,null
"2020-06-05T17:56:09.000Z",45.701673,5.883481,21.5,29,34,202.5,null
"2020-06-05T18:00:13.000Z",45.701673,5.883481,20,30,36,202.5,null
"2020-06-05T18:04:13.000Z",45.701673,5.883481,24,30.5,35.5,202.5,null
"2020-06-05T18:08:13.000Z",45.701673,5.883481,25,30.5,34.5,202.5,null
"2020-06-05T18:12:17.000Z",45.701673,5.883481,22.5,27.5,32,202.5,null
"2020-06-05T18:16:17.000Z",45.701673,5.883481,22.5,26.5,29.5,225,null
"2020-06-05T18:20:17.000Z",45.701673,5.883481,22.5,26.5,30.5,225,null
"2020-06-05T18:24:22.000Z",45.701673,5.883481,20,24.5,29,225,null
"2020-06-05T18:28:22.000Z",45.701673,5.883481,17.5,22,26.5,225,null
"2020-06-05T18:32:22.000Z",45.701673,5.883481,18,22,26,225,null
"2020-06-05T18:36:26.000Z",45.701673,5.883481,17,22,28,225,null
"2020-06-05T18:40:26.000Z",45.701673,5.883481,19,23,29,202.5,null
"2020-06-05T18:44:26.000Z",45.701673,5.883481,16.5,23,27.5,225,null
"2020-06-05T18:48:30.000Z",45.701673,5.883481,14.5,21.5,28,225,null
"2020-06-05T18:52:30.000Z",45.701673,5.883481,16.5,22.5,27,202.5,null
"2020-06-05T18:56:30.000Z",45.701673,5.883481,14,19.5,25,202.5,null
"2020-06-05T19:00:34.000Z",45.701673,5.883481,12,18.5,24.5,202.5,null
"2020-06-05T19:04:34.000Z",45.701673,5.883481,6.25,17.5,23.5,202.5,null
"2020-06-05T19:08:34.000Z",45.701673,5.883481,10,19.5,27.5,202.5,null
"2020-06-05T19:12:37.000Z",45.701673,5.883481,9.5,17,23.5,202.5,null
"2020-06-05T19:16:37.000Z",45.701673,5.883481,10,18,23.5,202.5,null
"2020-06-05T19:20:37.000Z",45.701673,5.883481,11,19.5,25.5,202.5,null
"2020-06-05T19:24:42.000Z",45.701673,5.883481,13,19.5,24,202.5,null
"2020-06-05T19:28:42.000Z",45.701673,5.883481,12,20,24,202.5,null
"2020-06-05T19:32:42.000Z",45.701673,5.883481,16.5,21.5,27,202.5,null
"2020-06-05T19:36:46.000Z",45.701673,5.883481,10,23,30,202.5,null
"2020-06-05T19:40:46.000Z",45.701673,5.883481,11.5,26.5,33.5,202.5,null
"2020-06-05T19:44:46.000Z",45.701673,5.883481,15,25,32,202.5,null
"2020-06-05T19:48:51.000Z",45.701673,5.883481,14,23.5,29,202.5,null
"2020-06-05T19:52:51.000Z",45.701673,5.883481,12.5,22.5,30,202.5,null
"2020-06-05T19:56:51.000Z",45.701673,5.883481,10,19.5,23.5,202.5,null
"2020-06-05T20:00:54.000Z",45.701673,5.883481,6.25,17,24.5,180,null
"2020-06-05T20:04:54.000Z",45.701673,5.883481,9.75,18,24.5,180,null
"2020-06-05T20:08:54.000Z",45.701673,5.883481,9.75,17,22.5,202.5,null
"2020-06-05T20:12:58.000Z",45.701673,5.883481,7,17,24,202.5,null
"2020-06-05T20:16:58.000Z",45.701673,5.883481,10,20.5,24.5,202.5,null
"2020-06-05T20:20:58.000Z",45.701673,5.883481,13,20.5,26,202.5,null
"2020-06-05T20:25:03.000Z",45.701673,5.883481,11,20,26,202.5,null
"2020-06-05T20:29:03.000Z",45.701673,5.883481,12.5,20.5,27,202.5,null
"2020-06-05T20:33:03.000Z",45.701673,5.883481,9.5,18.5,23.5,202.5,null
"2020-06-05T20:37:06.000Z",45.701673,5.883481,9.5,21,28,202.5,null
"2020-06-05T20:41:06.000Z",45.701673,5.883481,12,22,27.5,202.5,null
"2020-06-05T20:45:06.000Z",45.701673,5.883481,18,23,30.5,202.5,null
"2020-06-05T20:49:10.000Z",45.701673,5.883481,15.5,22.5,27,202.5,null
"2020-06-05T20:53:10.000Z",45.701673,5.883481,11,20,24.5,202.5,null
"2020-06-05T20:57:10.000Z",45.701673,5.883481,9,19,26,202.5,null
"2020-06-05T21:01:14.000Z",45.701673,5.883481,11,19.5,28,202.5,null
"2020-06-05T21:05:14.000Z",45.701673,5.883481,13,20,26,202.5,null
"2020-06-05T21:09:14.000Z",45.701673,5.883481,11.5,19.5,25,180,null
"2020-06-05T21:13:18.000Z",45.701673,5.883481,6.5,15,23.5,180,null
"2020-06-05T21:17:18.000Z",45.701673,5.883481,4.5,15,23.5,180,null
"2020-06-05T21:21:18.000Z",45.701673,5.883481,10,18,25,202.5,null
"2020-06-05T21:25:23.000Z",45.701673,5.883481,8.75,17.5,22.5,202.5,null
"2020-06-05T21:29:23.000Z",45.701673,5.883481,2.5,12.5,19,180,null
"2020-06-05T21:33:23.000Z",45.701673,5.883481,10,14,19,180,null
"2020-06-05T21:37:27.000Z",45.701673,5.883481,6.25,16.5,22.5,202.5,null
"2020-06-05T21:41:27.000Z",45.701673,5.883481,5.25,17.5,24.5,202.5,null
"2020-06-05T21:45:27.000Z",45.701673,5.883481,13,22,26,202.5,null
"2020-06-05T21:49:31.000Z",45.701673,5.883481,11,22.5,28,202.5,null
"2020-06-05T21:53:31.000Z",45.701673,5.883481,12,24,29.5,202.5,null
"2020-06-05T21:57:31.000Z",45.701673,5.883481,14.5,23,29.5,202.5,null
"2020-06-05T22:01:35.000Z",45.701673,5.883481,17.5,23,28,202.5,null
"2020-06-05T22:05:35.000Z",45.701673,5.883481,15.5,24.5,30.5,202.5,null
"2020-06-05T22:09:35.000Z",45.701673,5.883481,12,23.5,29,202.5,null
"2020-06-05T22:13:38.000Z",45.701673,5.883481,10.5,20,26,180,null
"2020-06-05T22:17:38.000Z",45.701673,5.883481,14,21,27,180,null
"2020-06-05T22:21:38.000Z",45.701673,5.883481,12.5,20,26.5,180,null
"2020-06-05T22:25:43.000Z",45.701673,5.883481,13,21,26.5,180,null
"2020-06-05T22:29:43.000Z",45.701673,5.883481,14,21.5,27,180,null
"2020-06-05T22:33:43.000Z",45.701673,5.883481,11.5,19.5,24.5,180,null
"2020-06-05T22:37:47.000Z",45.701673,5.883481,11,22,29,180,null
"2020-06-05T22:41:47.000Z",45.701673,5.883481,12,24.5,31.5,180,null
"2020-06-05T22:45:47.000Z",45.701673,5.883481,11,25,34.5,180,null
"2020-06-05T22:49:51.000Z",45.701673,5.883481,14,24,33,180,null
"2020-06-05T22:53:51.000Z",45.701673,5.883481,15.5,26.5,34,180,null
"2020-06-05T22:57:51.000Z",45.701673,5.883481,16,26.5,36,202.5,null
"2020-06-05T23:01:54.000Z",45.701673,5.883481,20,28.5,35,180,null
"2020-06-05T23:05:54.000Z",45.701673,5.883481,13,25,32.5,180,null
"2020-06-05T23:09:54.000Z",45.701673,5.883481,19.5,28.5,35,202.5,null
"2020-06-05T23:13:58.000Z",45.701673,5.883481,8.25,19.5,30.5,180,null
"2020-06-05T23:17:58.000Z",45.701673,5.883481,11,21.5,32,180,null
"2020-06-05T23:21:58.000Z",45.701673,5.883481,7.75,26,31.5,180,null
"2020-06-05T23:29:44.000Z",45.701651,5.883591,16.5,24,30.5,202.5,null
"2020-06-05T23:33:44.000Z",45.701651,5.883591,14,22.5,28,202.5,null
"2020-06-05T23:37:44.000Z",45.701651,5.883591,7.75,18,26,180,null
"2020-06-05T23:41:48.000Z",45.701651,5.883591,7,15.5,26,180,null
"2020-06-05T23:45:48.000Z",45.701651,5.883591,8.75,17.5,24.5,180,null
"2020-06-05T23:49:48.000Z",45.701651,5.883591,4.25,17.5,24,180,null
"2020-06-05T23:53:52.000Z",45.701651,5.883591,12,18,24.5,180,null
"2020-06-05T23:57:52.000Z",45.701651,5.883591,8.75,18.5,26.5,180,null
"2020-06-06T00:01:52.000Z",45.701651,5.883591,11.5,21,28,180,null
"2020-06-06T00:05:56.000Z",45.701651,5.883591,13,24,32.5,180,null
"2020-06-06T00:09:56.000Z",45.701651,5.883591,13,22,28.5,202.5,null
"2020-06-06T00:13:56.000Z",45.701651,5.883591,11,22.5,32.5,180,null
"2020-06-06T00:18:52.000Z",45.701651,5.883591,12.5,22,30,180,null
"2020-06-06T00:22:52.000Z",45.701651,5.883591,18,26.5,33,202.5,null
"2020-06-06T00:26:52.000Z",45.701536,5.883515,16.5,27.5,35,202.5,null
"2020-06-06T00:30:56.000Z",45.701536,5.883515,18,26,30,202.5,null
"2020-06-06T00:34:56.000Z",45.701536,5.883515,14.5,24.5,30.5,180,null
"2020-06-06T00:38:56.000Z",45.701536,5.883515,17,23.5,28,180,null
"2020-06-06T00:43:00.000Z",45.701536,5.883515,14,22.5,29.5,180,null
"2020-06-06T00:47:00.000Z",45.701536,5.883515,11.5,21.5,26,202.5,null
"2020-06-06T00:51:00.000Z",45.701536,5.883515,12,21,28.5,202.5,null
"2020-06-06T00:55:04.000Z",45.701536,5.883515,13,21.5,27,202.5,null
"2020-06-06T00:59:04.000Z",45.701536,5.883515,14,21.5,27,202.5,null
"2020-06-06T01:03:04.000Z",45.701536,5.883515,14.5,21.5,28,202.5,null
"2020-06-06T01:07:08.000Z",45.701536,5.883515,14.5,21.5,27.5,202.5,null
"2020-06-06T01:11:08.000Z",45.701536,5.883515,12,20.5,28,180,null
"2020-06-06T01:15:08.000Z",45.701536,5.883515,8.75,18,26,180,null
"2020-06-06T01:19:12.000Z",45.701536,5.883515,14,22,29.5,180,null
"2020-06-06T01:23:12.000Z",45.701536,5.883515,15,26.5,35.5,180,null
"2020-06-06T01:27:12.000Z",45.701536,5.883515,17,27.5,36,180,null
"2020-06-06T01:31:16.000Z",45.701536,5.883515,18.5,29,38,202.5,null
"2020-06-06T01:35:16.000Z",45.701536,5.883515,18,28,35,180,null
"2020-06-06T01:39:16.000Z",45.701536,5.883515,15.5,25,33,180,null
"2020-06-06T01:43:20.000Z",45.701536,5.883515,12,22.5,31,180,null
"2020-06-06T01:47:20.000Z",45.701536,5.883515,11,23.5,32,180,null
"2020-06-06T01:51:20.000Z",45.701536,5.883515,15.5,25.5,35,202.5,null
"2020-06-06T01:55:24.000Z",45.701536,5.883515,15.5,28.5,36,180,null
"2020-06-06T01:59:24.000Z",45.701536,5.883515,14,26.5,35,180,null
"2020-06-06T02:03:24.000Z",45.701536,5.883515,14,28.5,36,180,null
"2020-06-06T02:07:28.000Z",45.701536,5.883515,18,29,37,202.5,null
"2020-06-06T02:11:28.000Z",45.701536,5.883515,22,31,38.5,202.5,null
"2020-06-06T02:15:28.000Z",45.701536,5.883515,25,30.5,37,202.5,null
"2020-06-06T02:19:32.000Z",45.701536,5.883515,24.5,32,38.5,202.5,null
"2020-06-06T02:23:32.000Z",45.701536,5.883515,21.5,32,40.5,202.5,null
"2020-06-06T02:27:32.000Z",45.701536,5.883515,16.5,31,39.5,202.5,null
"2020-06-06T02:31:36.000Z",45.701536,5.883515,20,30.5,38,180,null
"2020-06-06T02:35:36.000Z",45.701536,5.883515,19,31.5,40.5,202.5,null
"2020-06-06T02:39:36.000Z",45.701536,5.883515,23,33,39.5,202.5,null
"2020-06-06T02:43:40.000Z",45.701536,5.883515,20,30,37,202.5,null
"2020-06-06T02:47:40.000Z",45.701536,5.883515,15.5,29,36,202.5,null
"2020-06-06T02:51:40.000Z",45.701536,5.883515,16.5,28,35.5,202.5,null
"2020-06-06T02:55:45.000Z",45.701536,5.883515,16.5,26.5,32.5,202.5,null
"2020-06-06T02:59:45.000Z",45.701536,5.883515,18,26.5,31.5,202.5,null
"2020-06-06T03:03:45.000Z",45.701536,5.883515,12,27.5,36,202.5,null
"2020-06-06T03:07:48.000Z",45.701536,5.883515,18.5,26,33,202.5,null
"2020-06-06T03:11:48.000Z",45.701536,5.883515,16.5,25.5,32,202.5,null
"2020-06-06T03:15:48.000Z",45.701536,5.883515,20,28.5,35,202.5,null
"2020-06-06T03:19:52.000Z",45.701536,5.883515,16,25.5,34.5,202.5,null
"2020-06-06T03:23:52.000Z",45.701536,5.883515,14.5,25,31.5,202.5,null
"2020-06-06T03:27:52.000Z",45.701536,5.883515,13,24.5,32.5,202.5,null
"2020-06-06T03:31:57.000Z",45.701536,5.883515,12,25,31,202.5,null
"2020-06-06T03:35:57.000Z",45.701536,5.883515,12,24,31.5,202.5,null
"2020-06-06T03:39:57.000Z",45.701536,5.883515,9.75,24,30.5,202.5,null
"2020-06-06T03:44:00.000Z",45.701536,5.883515,17,24,28.5,202.5,null
"2020-06-06T03:48:00.000Z",45.701536,5.883515,16.5,24,30,202.5,null
"2020-06-06T03:52:00.000Z",45.701536,5.883515,12,20.5,27,202.5,null
"2020-06-06T03:56:05.000Z",45.701536,5.883515,15,23.5,30.5,202.5,null
"2020-06-06T04:00:05.000Z",45.701536,5.883515,11.5,21.5,26.5,202.5,null
"2020-06-06T04:04:05.000Z",45.701536,5.883515,13,21.5,29,202.5,null
"2020-06-06T04:08:09.000Z",45.701536,5.883515,16.5,26,32.5,202.5,null
"2020-06-06T04:12:09.000Z",45.701536,5.883515,18,27.5,33.5,180,null
"2020-06-06T04:16:09.000Z",45.701536,5.883515,15,27,32.5,180,null
"2020-06-06T04:20:13.000Z",45.701536,5.883515,20,28,32.5,180,null
"2020-06-06T04:24:13.000Z",45.701536,5.883515,15,25.5,32.5,180,null
"2020-06-06T04:28:13.000Z",45.701536,5.883515,7,24,31.5,180,null
"2020-06-06T04:32:17.000Z",45.701536,5.883515,19,27,32.5,180,null
"2020-06-06T04:36:17.000Z",45.701536,5.883515,18,26.5,32.5,180,null
"2020-06-06T04:40:17.000Z",45.701536,5.883515,17.5,26,31.5,202.5,null
"2020-06-06T04:44:21.000Z",45.701536,5.883515,18,30,36,202.5,null
"2020-06-06T04:48:21.000Z",45.701536,5.883515,18,29,35,202.5,null
"2020-06-06T04:52:21.000Z",45.701536,5.883515,19,30.5,37.5,180,null
"2020-06-06T04:56:25.000Z",45.701536,5.883515,4.5,26,36,180,null
"2020-06-06T05:00:25.000Z",45.701536,5.883515,14,25,33.5,180,null
"2020-06-06T05:04:25.000Z",45.701536,5.883515,14.5,26.5,33.5,180,null
"2020-06-06T05:08:29.000Z",45.701536,5.883515,14.5,27,34,202.5,null
"2020-06-06T05:12:29.000Z",45.701536,5.883515,17,26,31.5,202.5,null
"2020-06-06T05:16:29.000Z",45.701536,5.883515,13,23,30,180,null
"2020-06-06T05:20:33.000Z",45.701536,5.883515,17.5,27,32.5,202.5,null
"2020-06-06T05:24:33.000Z",45.701536,5.883515,12,25,30,202.5,null
"2020-06-06T05:28:33.000Z",45.701536,5.883515,12.5,21.5,28,202.5,null
"2020-06-06T05:32:37.000Z",45.701536,5.883515,15,23,29,202.5,null
"2020-06-06T05:36:37.000Z",45.701536,5.883515,16,22.5,28,202.5,null
"2020-06-06T05:40:37.000Z",45.701536,5.883515,13,20.5,28.5,202.5,null
"2020-06-06T05:44:41.000Z",45.701536,5.883515,14,20.5,26.5,202.5,null
"2020-06-06T05:48:41.000Z",45.701536,5.883515,9.75,19.5,25.5,202.5,null
"2020-06-06T05:52:41.000Z",45.701536,5.883515,9,17.5,25,202.5,null
"2020-06-06T05:56:45.000Z",45.701536,5.883515,9,18,27.5,180,null
"2020-06-06T06:00:45.000Z",45.701536,5.883515,9.5,18,26,180,null
"2020-06-06T06:04:45.000Z",45.701536,5.883515,2.5,10.5,19.5,180,null
"2020-06-06T06:08:49.000Z",45.701536,5.883515,3.5,12.5,20,180,null
"2020-06-06T06:12:49.000Z",45.701536,5.883515,2.5,9.75,17.5,157.5,null
"2020-06-06T06:16:49.000Z",45.701536,5.883515,1.75,12,20.5,157.5,null
"2020-06-06T06:20:53.000Z",45.701536,5.883515,3.75,14,22,180,null
"2020-06-06T06:24:53.000Z",45.701536,5.883515,6.5,17.5,23.5,180,null
"2020-06-06T06:28:53.000Z",45.701536,5.883515,10,19.5,27,180,null
"2020-06-06T06:32:57.000Z",45.701536,5.883515,7.75,18,27,180,null
"2020-06-06T06:36:57.000Z",45.701536,5.883515,6.25,19,25.5,180,null
"2020-06-06T06:40:57.000Z",45.701536,5.883515,4.25,15,25.5,180,null
"2020-06-06T06:45:01.000Z",45.701536,5.883515,4.75,14.5,27,180,null
"2020-06-06T06:49:01.000Z",45.701536,5.883515,5.25,16,26.5,180,null
"2020-06-06T06:53:01.000Z",45.701536,5.883515,5.25,18.5,26.5,180,null
"2020-06-06T06:57:06.000Z",45.701536,5.883515,12,21,29,180,null
"2020-06-06T07:01:06.000Z",45.701536,5.883515,15.5,23.5,29.5,180,null
"2020-06-06T07:05:06.000Z",45.701536,5.883515,13.5,23,29.5,180,null
"2020-06-06T07:09:09.000Z",45.701536,5.883515,15,24,31.5,202.5,null
"2020-06-06T07:13:09.000Z",45.701536,5.883515,12.5,25.5,32.5,202.5,null
"2020-06-06T07:17:09.000Z",45.701536,5.883515,15.5,26.5,34,202.5,null
"2020-06-06T07:21:13.000Z",45.701536,5.883515,13.5,27,34,202.5,null
"2020-06-06T07:25:13.000Z",45.701536,5.883515,8,25.5,33.5,202.5,null
"2020-06-06T07:29:13.000Z",45.701536,5.883515,16,26.5,35,180,null
"2020-06-06T07:33:18.000Z",45.701536,5.883515,13,22.5,29,180,null
"2020-06-06T07:37:18.000Z",45.701536,5.883515,16,25,31.5,180,null
"2020-06-06T07:41:18.000Z",45.701536,5.883515,16,26.5,32.5,180,null
"2020-06-06T07:45:21.000Z",45.701536,5.883515,17,26.5,34.5,202.5,null
"2020-06-06T07:49:21.000Z",45.701536,5.883515,17,26.5,32,202.5,null
"2020-06-06T07:53:21.000Z",45.701536,5.883515,14.5,22.5,29,202.5,null
"2020-06-06T07:57:26.000Z",45.701536,5.883515,16.5,25,29.5,202.5,null
"2020-06-06T08:01:26.000Z",45.701536,5.883515,17.5,25,31,202.5,null
"2020-06-06T08:05:26.000Z",45.701536,5.883515,13,23.5,29,202.5,null
"2020-06-06T08:09:30.000Z",45.701536,5.883515,15,22.5,29,180,null
"2020-06-06T08:13:30.000Z",45.701536,5.883515,15,22,29.5,180,null
"2020-06-06T08:17:30.000Z",45.701536,5.883515,9,18.5,26,180,null
"2020-06-06T08:21:34.000Z",45.701536,5.883515,12.5,20.5,27,180,null
"2020-06-06T08:25:34.000Z",45.701536,5.883515,13,20.5,27,180,null
"2020-06-06T08:29:34.000Z",45.701536,5.883515,5.25,17,23.5,180,null
"2020-06-06T08:33:38.000Z",45.701536,5.883515,7,15.5,22.5,180,null
"2020-06-06T08:37:38.000Z",45.701536,5.883515,7.25,15.5,22,180,null
"2020-06-06T08:41:38.000Z",45.701536,5.883515,10,16.5,23,180,null
"2020-06-06T08:45:41.000Z",45.701536,5.883515,6,14,20,180,null
"2020-06-06T08:49:41.000Z",45.701536,5.883515,7.25,15,19,180,null
"2020-06-06T08:53:41.000Z",45.701536,5.883515,9.75,16.5,20.5,202.5,null
"2020-06-06T08:57:46.000Z",45.701536,5.883515,8.25,15,18,180,null
"2020-06-06T09:01:46.000Z",45.701536,5.883515,9.75,15.5,19,202.5,null
"2020-06-06T09:05:46.000Z",45.701536,5.883515,7,14.5,16.5,202.5,null
"2020-06-06T09:09:50.000Z",45.701536,5.883515,10,15,20,202.5,null
"2020-06-06T09:13:50.000Z",45.701536,5.883515,11,14.5,16.5,202.5,null
"2020-06-06T09:17:50.000Z",45.701536,5.883515,8.75,13.5,15.5,202.5,null
"2020-06-06T09:21:54.000Z",45.701536,5.883515,6.5,11.5,15.5,225,null
"2020-06-06T09:25:54.000Z",45.701536,5.883515,2.5,6,11,202.5,null
"2020-06-06T09:29:54.000Z",45.701536,5.883515,2.5,6.5,10.5,202.5,null
"2020-06-06T09:33:58.000Z",45.701536,5.883515,4.25,8.25,11,202.5,null
"2020-06-06T09:37:58.000Z",45.701536,5.883515,3.25,5.5,8.25,202.5,null
"2020-06-06T09:41:58.000Z",45.701536,5.883515,3.5,6.25,8.75,202.5,null
"2020-06-06T09:46:01.000Z",45.701536,5.883515,2.5,5.25,7.75,202.5,null
"2020-06-06T09:50:01.000Z",45.701536,5.883515,0.75,2.5,5.5,180,null
"2020-06-06T09:54:01.000Z",45.701536,5.883515,0.25,3.25,5.25,180,null
"2020-06-06T09:58:06.000Z",45.701536,5.883515,2.75,6,8.25,202.5,null
"2020-06-06T10:02:06.000Z",45.701536,5.883515,2.5,5.25,7.75,180,null
"2020-06-06T10:06:06.000Z",45.701536,5.883515,1.5,6.75,9.75,180,null
"2020-06-06T10:10:10.000Z",45.701536,5.883515,0,3,7,180,null
"2020-06-06T10:14:10.000Z",45.701536,5.883515,4.25,9,15.5,270,null
"2020-06-06T10:18:10.000Z",45.701536,5.883515,7,13.5,30.5,270,null
"2020-06-06T10:22:14.000Z",45.701536,5.883515,6.5,12,20.5,270,null
"2020-06-06T10:26:14.000Z",45.701536,5.883515,4.25,10.5,18,292.5,null
"2020-06-06T10:30:14.000Z",45.701536,5.883515,0,5.75,13,292.5,null
"2020-06-06T10:34:18.000Z",45.701536,5.883515,1.5,5.5,13.5,315,null
"2020-06-06T10:38:18.000Z",45.701536,5.883515,3.75,7.75,18,315,null
"2020-06-06T10:42:18.000Z",45.701536,5.883515,3.5,10,19,270,null
"2020-06-06T10:46:22.000Z",45.701536,5.883515,5.5,9,14,292.5,null
"2020-06-06T10:50:22.000Z",45.701536,5.883515,8.75,14,20,270,null
"2020-06-06T10:54:22.000Z",45.701536,5.883515,11.5,17.5,24,292.5,null
"2020-06-06T10:58:26.000Z",45.701536,5.883515,7,13,22,270,null
"2020-06-06T11:02:26.000Z",45.701536,5.883515,6.5,12.5,21.5,270,null
"2020-06-06T11:06:26.000Z",45.701536,5.883515,5.5,8.25,14,270,null
"2020-06-06T11:10:30.000Z",45.701536,5.883515,1.5,3.5,7.25,270,null
"2020-06-06T11:14:30.000Z",45.701536,5.883515,2,3.75,6.25,270,null
"2020-06-06T11:18:30.000Z",45.701536,5.883515,1.5,4,7,315,null
"2020-06-06T11:22:35.000Z",45.701536,5.883515,1.75,3.25,5.25,337.5,null
"2020-06-06T11:26:35.000Z",45.701536,5.883515,4.25,5.75,7,337.5,null
"2020-06-06T11:30:35.000Z",45.701536,5.883515,2.75,5.25,7,0,null
"2020-06-06T11:34:38.000Z",45.701536,5.883515,0,4.5,16,202.5,null
"2020-06-06T11:38:38.000Z",45.701536,5.883515,1,5.75,8.75,225,null
"2020-06-06T11:42:38.000Z",45.701536,5.883515,0,2.5,6.5,292.5,null
"2020-06-06T11:46:43.000Z",45.701536,5.883515,3.5,7.5,13,292.5,null
"2020-06-06T11:50:43.000Z",45.701536,5.883515,3.25,6,9.5,270,null
"2020-06-06T11:54:43.000Z",45.701536,5.883515,1.5,3.5,6.5,247.5,null
"2020-06-06T11:58:47.000Z",45.701536,5.883515,0.25,2.5,6,135,null
"2020-06-06T12:02:47.000Z",45.701536,5.883515,0,3.25,7.25,157.5,null
"2020-06-06T12:06:47.000Z",45.701536,5.883515,1.75,5.5,9.75,225,null
"2020-06-06T12:10:50.000Z",45.701536,5.883515,0,6.75,12,202.5,null
"2020-06-06T12:14:50.000Z",45.701536,5.883515,0.75,8.25,18.5,292.5,null
"2020-06-06T12:18:50.000Z",45.701536,5.883515,1.75,6.5,12.5,270,null
"2020-06-06T12:22:54.000Z",45.701536,5.883515,3.25,8.75,13.5,202.5,null
"2020-06-06T12:26:54.000Z",45.701536,5.883515,3.5,7.25,13,157.5,null
"2020-06-06T12:30:54.000Z",45.701536,5.883515,4.5,8,13,180,null
"2020-06-06T12:34:59.000Z",45.701536,5.883515,2.75,7,11,180,null
"2020-06-06T12:38:59.000Z",45.701536,5.883515,4.5,8,10.5,180,null
"2020-06-06T12:42:59.000Z",45.701536,5.883515,0,5.5,10,180,null
"2020-06-06T12:47:03.000Z",45.701536,5.883515,6.5,9.5,12,180,null
"2020-06-06T12:51:03.000Z",45.701536,5.883515,4.25,6.5,8.25,180,null
"2020-06-06T12:55:03.000Z",45.701536,5.883515,0.75,3.5,6.5,180,null
"2020-06-06T12:59:07.000Z",45.701536,5.883515,0.25,2.5,4.25,202.5,null
"2020-06-06T13:03:07.000Z",45.701536,5.883515,3.25,5.75,7.75,225,null
"2020-06-06T13:07:07.000Z",45.701536,5.883515,3.75,6,8,247.5,null
"2020-06-06T13:11:11.000Z",45.701536,5.883515,5.25,7,8.25,247.5,null
"2020-06-06T13:15:11.000Z",45.701536,5.883515,5.25,7.5,8.75,270,null
"2020-06-06T13:19:11.000Z",45.701536,5.883515,4.75,7.25,9.5,270,null
"2020-06-06T13:23:15.000Z",45.701536,5.883515,7,8,9,247.5,null
"2020-06-06T13:27:15.000Z",45.701536,5.883515,2.75,5.5,7,247.5,null
"2020-06-06T13:31:15.000Z",45.701536,5.883515,1,3,6.5,202.5,null
"2020-06-06T13:35:19.000Z",45.701536,5.883515,1.75,4.75,6,247.5,null
"2020-06-06T13:39:19.000Z",45.701536,5.883515,5.5,7.5,9.75,270,null
"2020-06-06T13:43:19.000Z",45.701536,5.883515,7,8.75,10.5,270,null
"2020-06-06T13:47:23.000Z",45.701536,5.883515,2.5,6,9.5,247.5,null
"2020-06-06T13:51:23.000Z",45.701536,5.883515,0.25,1.5,3.25,247.5,null
"2020-06-06T13:55:23.000Z",45.701536,5.883515,0,0.75,2.75,45,null
"2020-06-06T13:59:26.000Z",45.701536,5.883515,0,2.75,7.25,90,null
"2020-06-06T14:03:26.000Z",45.701536,5.883515,0,7.25,14.5,180,null
"2020-06-06T14:07:26.000Z",45.701536,5.883515,0,3,12,225,null
"2020-06-06T14:11:31.000Z",45.701536,5.883515,0.25,4.75,11,135,null
"2020-06-06T14:15:31.000Z",45.701536,5.883515,0.25,6.75,13,180,null
"2020-06-06T14:19:31.000Z",45.701536,5.883515,1,8.75,17,157.5,null
"2020-06-06T14:23:35.000Z",45.701536,5.883515,0.25,6,13.5,157.5,null
"2020-06-06T14:27:35.000Z",45.701536,5.883515,2,8.75,16.5,157.5,null
"2020-06-06T14:31:35.000Z",45.701536,5.883515,3.25,9.5,16,180,null
"2020-06-06T14:35:39.000Z",45.701536,5.883515,3.25,6.5,9,180,null
"2020-06-06T14:39:39.000Z",45.701536,5.883515,3.25,5.5,8.25,202.5,null
"2020-06-06T14:43:39.000Z",45.701536,5.883515,3.25,8.5,14.5,202.5,null
"2020-06-06T14:47:42.000Z",45.701536,5.883515,2.75,9.25,16,180,null
"2020-06-06T14:51:42.000Z",45.701536,5.883515,1.75,7.25,12.5,202.5,null
"2020-06-06T14:55:42.000Z",45.701536,5.883515,2.5,3.75,5.25,337.5,null
"2020-06-06T14:59:47.000Z",45.701536,5.883515,0,2.75,7.25,180,null
"2020-06-06T15:03:47.000Z",45.701536,5.883515,9,14.5,20,225,null
"2020-06-06T15:07:47.000Z",45.701536,5.883515,7,13.5,27,247.5,null
"2020-06-06T15:11:51.000Z",45.701536,5.883515,1.5,4.75,7,247.5,null
"2020-06-06T15:15:51.000Z",45.701536,5.883515,0,2.5,5.5,135,null
"2020-06-06T15:19:51.000Z",45.701536,5.883515,1.5,5.75,21,202.5,null
"2020-06-06T15:23:55.000Z",45.701536,5.883515,3.5,11,21,270,null
"2020-06-06T15:27:55.000Z",45.701536,5.883515,0,0.75,4.25,225,null
"2020-06-06T15:31:55.000Z",45.701536,5.883515,0,4.75,12,225,null
"2020-06-06T15:35:59.000Z",45.701536,5.883515,4.5,12,22,225,null
"2020-06-06T15:39:59.000Z",45.701536,5.883515,4.75,13.5,23.5,202.5,null
"2020-06-06T15:43:59.000Z",45.701536,5.883515,1,8,17.5,180,null
"2020-06-06T15:48:03.000Z",45.701536,5.883515,9,14,19.5,202.5,null
"2020-06-06T15:52:03.000Z",45.701536,5.883515,3.75,6.75,13,225,null
"2020-06-06T15:56:03.000Z",45.701536,5.883515,3.5,6.5,9,225,null
"2020-06-06T16:00:07.000Z",45.701536,5.883515,0.75,7,14.5,202.5,null
"2020-06-06T16:04:07.000Z",45.701536,5.883515,2.5,10.5,18.5,202.5,null
"2020-06-06T16:08:07.000Z",45.701536,5.883515,1,5.25,10,202.5,null
"2020-06-06T16:12:11.000Z",45.701536,5.883515,2.75,8.25,11.5,247.5,null
"2020-06-06T16:16:11.000Z",45.701536,5.883515,4.25,6.5,8.75,247.5,null
"2020-06-06T16:20:11.000Z",45.701536,5.883515,3.25,6,9,247.5,null
"2020-06-06T16:24:15.000Z",45.701536,5.883515,0,4.75,9,225,null
"2020-06-06T16:28:15.000Z",45.701536,5.883515,1,8.5,15,270,null
"2020-06-06T16:32:15.000Z",45.701536,5.883515,6.5,12.5,25.5,270,null
"2020-06-06T16:36:19.000Z",45.701536,5.883515,9.75,16,24.5,247.5,null
"2020-06-06T16:40:19.000Z",45.701536,5.883515,2.75,6.5,12,270,null
"2020-06-06T16:44:19.000Z",45.701536,5.883515,8.25,14.5,21,292.5,null
"2020-06-06T16:48:24.000Z",45.701536,5.883515,13.5,17.5,23.5,337.5,null
"2020-06-06T16:52:24.000Z",45.701536,5.883515,20,25,29,315,null
"2020-06-06T16:56:24.000Z",45.701536,5.883515,15.5,21.5,27,315,null
"2020-06-06T17:00:27.000Z",45.701536,5.883515,14.5,23.5,30.5,270,null
"2020-06-06T17:04:27.000Z",45.701536,5.883515,12,25,33.5,292.5,null
"2020-06-06T17:08:27.000Z",45.701536,5.883515,9,18,33,337.5,null
"2020-06-06T17:12:32.000Z",45.701536,5.883515,20,26.5,33,0,null
"2020-06-06T17:16:32.000Z",45.701536,5.883515,14.5,21,28,337.5,null
"2020-06-06T17:20:32.000Z",45.701536,5.883515,14.5,20,25.5,337.5,null
"2020-06-06T17:24:35.000Z",45.701536,5.883515,13,19,26,315,null
"2020-06-06T17:28:35.000Z",45.701536,5.883515,12.5,20,26,0,null
"2020-06-06T17:32:35.000Z",45.701536,5.883515,13,22,28,0,null
"2020-06-06T17:36:39.000Z",45.701536,5.883515,14.5,20,25,337.5,null
"2020-06-06T17:40:39.000Z",45.701536,5.883515,11,19,23,0,null
"2020-06-06T17:44:39.000Z",45.701536,5.883515,9,15,20,22.5,null
"2020-06-06T17:48:43.000Z",45.701536,5.883515,11,15.5,20,0,null
"2020-06-06T17:52:43.000Z",45.701536,5.883515,16.5,21,27.5,0,null
"2020-06-06T17:56:43.000Z",45.701536,5.883515,18,24.5,30,0,null
"2020-06-06T18:00:48.000Z",45.701536,5.883515,10,19,28,0,null
"2020-06-06T18:04:48.000Z",45.701536,5.883515,9,16.5,22.5,0,null
"2020-06-06T18:08:48.000Z",45.701536,5.883515,9,16,19,0,null
"2020-06-06T18:12:51.000Z",45.701536,5.883515,7,13,20,0,null
"2020-06-06T18:16:51.000Z",45.701536,5.883515,10.5,17,22,0,null
"2020-06-06T18:20:51.000Z",45.701536,5.883515,7.25,13,17.5,22.5,null
"2020-06-06T18:24:56.000Z",45.701536,5.883515,2.75,11,23.5,337.5,null
"2020-06-06T18:28:56.000Z",45.701536,5.883515,14,20.5,27,337.5,null
"2020-06-06T18:32:56.000Z",45.701536,5.883515,2,14,23.5,337.5,null
"2020-06-06T18:36:59.000Z",45.701536,5.883515,14.5,19.5,23.5,337.5,null
"2020-06-06T18:40:59.000Z",45.701536,5.883515,11,15.5,23.5,0,null
"2020-06-06T18:44:59.000Z",45.701536,5.883515,2.5,7.25,15.5,22.5,null
"2020-06-06T18:49:04.000Z",45.701536,5.883515,0,3.5,7.25,22.5,null
"2020-06-06T18:53:04.000Z",45.701536,5.883515,4.5,6.5,9.75,0,null
"2020-06-06T18:57:04.000Z",45.701536,5.883515,4.75,8.5,12,45,null
"2020-06-06T19:01:08.000Z",45.701536,5.883515,5.25,8.5,13,22.5,null
"2020-06-06T19:05:08.000Z",45.701536,5.883515,0.75,4.25,8.75,67.5,null
"2020-06-06T19:09:08.000Z",45.701536,5.883515,0.25,3.25,6,135,null
"2020-06-06T19:13:11.000Z",45.701536,5.883515,0,2,4.75,67.5,null
"2020-06-06T19:17:11.000Z",45.701536,5.883515,0,2.75,6,67.5,null
"2020-06-06T19:21:11.000Z",45.701536,5.883515,0,2.25,6.25,112.5,null
"2020-06-06T19:25:16.000Z",45.701536,5.883515,0,4.5,9,292.5,null
"2020-06-06T19:29:16.000Z",45.701536,5.883515,2.5,7,9.5,270,null
"2020-06-06T19:33:16.000Z",45.701536,5.883515,0,2,4.25,315,null
"2020-06-06T19:37:20.000Z",45.701536,5.883515,0,0,0,180,null
"2020-06-06T19:41:20.000Z",45.701536,5.883515,0,2,4.25,180,null
"2020-06-06T19:45:20.000Z",45.701536,5.883515,1.75,5.25,9,180,null
"2020-06-06T19:49:24.000Z",45.701536,5.883515,3.25,6.5,9,225,null
"2020-06-06T19:53:24.000Z",45.701536,5.883515,4.5,8.5,13.5,225,null
"2020-06-06T19:57:24.000Z",45.701536,5.883515,1.5,6.75,11.5,225,null
"2020-06-06T20:01:28.000Z",45.701536,5.883515,0.25,5,9,180,null
"2020-06-06T20:05:28.000Z",45.701536,5.883515,0,3,7,157.5,null
"2020-06-06T20:09:28.000Z",45.701536,5.883515,0,1.5,4.25,90,null
"2020-06-06T20:13:32.000Z",45.701536,5.883515,2.5,3.75,5.25,90,null
"2020-06-06T20:17:32.000Z",45.701536,5.883515,1.75,4,5.5,67.5,null
"2020-06-06T20:21:32.000Z",45.701536,5.883515,2.5,4.25,6.25,45,null
"2020-06-06T20:25:36.000Z",45.701536,5.883515,3.25,5,6.5,22.5,null
"2020-06-06T20:29:36.000Z",45.701536,5.883515,0,2.5,6.25,45,null
"2020-06-06T20:33:36.000Z",45.701536,5.883515,0,0.5,2,112.5,null
"2020-06-06T20:37:41.000Z",45.701536,5.883515,0,0.75,3.5,292.5,null
"2020-06-06T20:41:41.000Z",45.701536,5.883515,0,0.75,2.75,315,null
"2020-06-06T20:45:41.000Z",45.701536,5.883515,0,1.5,2.5,45,null
"2020-06-06T20:49:44.000Z",45.701536,5.883515,0,0.75,1.75,22.5,null
"2020-06-06T20:53:44.000Z",45.701536,5.883515,0.25,2,3.5,90,null
"2020-06-06T20:57:44.000Z",45.701536,5.883515,1,2.75,4.75,67.5,null
"2020-06-06T21:01:48.000Z",45.701536,5.883515,1,3.5,5.5,90,null
"2020-06-06T21:05:48.000Z",45.701536,5.883515,0,1,3.25,90,null
"2020-06-06T21:09:48.000Z",45.701536,5.883515,1.5,3.5,4.5,22.5,null
"2020-06-06T21:13:53.000Z",45.701536,5.883515,1,2.5,4.5,22.5,null
"2020-06-06T21:17:53.000Z",45.701536,5.883515,0,2,4.25,0,null
"2020-06-06T21:21:53.000Z",45.701536,5.883515,0,4.75,9.75,337.5,null
"2020-06-06T21:25:56.000Z",45.701536,5.883515,2.75,7.5,10.5,337.5,null
"2020-06-06T21:29:56.000Z",45.701536,5.883515,0,1.25,4.25,22.5,null
"2020-06-06T21:33:56.000Z",45.701536,5.883515,1,3.75,6,22.5,null
"2020-06-06T21:38:00.000Z",45.701536,5.883515,2.75,5,6.5,0,null
"2020-06-06T21:42:00.000Z",45.701536,5.883515,4.75,7,9.75,0,null
"2020-06-06T21:46:00.000Z",45.701536,5.883515,2,5.75,8,0,null
"2020-06-06T21:50:04.000Z",45.701536,5.883515,0.25,2.5,5.5,45,null
"2020-06-06T21:54:04.000Z",45.701536,5.883515,1,5.25,8.75,0,null
"2020-06-06T21:58:04.000Z",45.701536,5.883515,6,8,11,337.5,null
"2020-06-06T22:02:09.000Z",45.701536,5.883515,7.25,12.5,17,337.5,null
"2020-06-06T22:06:09.000Z",45.701536,5.883515,10.5,14,18.5,315,null
"2020-06-06T22:10:09.000Z",45.701536,5.883515,9.75,13,16,337.5,null
"2020-06-06T22:14:12.000Z",45.701536,5.883515,7.25,13,17,0,null
"2020-06-06T22:18:12.000Z",45.701536,5.883515,4.75,7.25,12,0,null
"2020-06-06T22:22:12.000Z",45.701536,5.883515,3.5,7.5,12,22.5,null
"2020-06-06T22:26:17.000Z",45.701536,5.883515,2.5,5,8.25,0,null
"2020-06-06T22:30:17.000Z",45.701536,5.883515,0.25,3.75,7,45,null
"2020-06-06T22:34:17.000Z",45.701536,5.883515,1.75,7,14,22.5,null
"2020-06-06T22:38:21.000Z",45.701536,5.883515,0.25,3.5,6.5,67.5,null
"2020-06-06T22:42:21.000Z",45.701536,5.883515,0,2.75,6,337.5,null
"2020-06-06T22:46:21.000Z",45.701536,5.883515,3.25,5.75,9,337.5,null
"2020-06-06T22:50:25.000Z",45.701536,5.883515,4.25,8.5,11.5,337.5,null
"2020-06-06T22:54:25.000Z",45.701536,5.883515,6,11,16.5,0,null
"2020-06-06T22:58:25.000Z",45.701536,5.883515,6,12,19,22.5,null
"2020-06-06T23:02:29.000Z",45.701536,5.883515,2,7.25,12,45,null
"2020-06-06T23:06:29.000Z",45.701536,5.883515,0.25,3.5,7.75,90,null
"2020-06-06T23:10:29.000Z",45.701536,5.883515,1.5,3.5,7,112.5,null
"2020-06-06T23:14:32.000Z",45.701536,5.883515,0,2,6.25,22.5,null
"2020-06-06T23:18:32.000Z",45.701536,5.883515,0,2.5,6,0,null
"2020-06-06T23:22:32.000Z",45.701536,5.883515,1.5,2.75,4.25,45,null
"2020-06-06T23:30:14.000Z",45.701706,5.883523,0,0.75,2.75,67.5,null
"2020-06-06T23:34:14.000Z",45.701706,5.883523,0.75,2.25,3.5,315,null
"2020-06-06T23:38:14.000Z",45.701706,5.883523,1.75,2.75,3.75,315,null
"2020-06-06T23:42:18.000Z",45.701706,5.883523,1.5,3.25,5.5,315,null
"2020-06-06T23:46:18.000Z",45.701706,5.883523,0.25,2.25,7.25,315,null
"2020-06-06T23:50:18.000Z",45.701706,5.883523,2,3.75,4.75,45,null
"2020-06-06T23:54:21.000Z",45.701706,5.883523,2,4.25,6.5,22.5,null
"2020-06-06T23:58:21.000Z",45.701706,5.883523,9,14.5,20.5,337.5,null
"2020-06-07T00:02:21.000Z",45.701706,5.883523,10.5,12.5,14.5,337.5,null
"2020-06-07T00:06:25.000Z",45.701706,5.883523,11,13,16.5,337.5,null
"2020-06-07T00:10:25.000Z",45.701706,5.883523,12,14.5,16,337.5,null
"2020-06-07T00:14:25.000Z",45.701706,5.883523,10,12.5,15,337.5,null
"2020-06-07T00:19:13.000Z",45.701706,5.883523,5.25,9.25,12.5,337.5,null
"2020-06-07T00:23:13.000Z",45.701706,5.883523,7,11.5,14.5,0,null
"2020-06-07T00:27:13.000Z",45.701689,5.883523,5.5,8.25,13,337.5,null
"2020-06-07T00:31:18.000Z",45.701689,5.883523,6,11,14.5,0,null
"2020-06-07T00:35:18.000Z",45.701689,5.883523,11,18,24.5,0,null
"2020-06-07T00:39:18.000Z",45.701689,5.883523,15,19.5,23.5,0,null
"2020-06-07T00:43:22.000Z",45.701689,5.883523,15,19.5,24.5,0,null
"2020-06-07T00:47:22.000Z",45.701689,5.883523,14,17,21,0,null
"2020-06-07T00:51:22.000Z",45.701689,5.883523,13,17,20.5,337.5,null
"2020-06-07T00:55:25.000Z",45.701689,5.883523,14,17,20,337.5,null
"2020-06-07T00:59:25.000Z",45.701689,5.883523,11,14.5,18,337.5,null
"2020-06-07T01:03:25.000Z",45.701689,5.883523,6.25,11,17.5,315,null
"2020-06-07T01:07:30.000Z",45.701689,5.883523,4.5,10,16.5,22.5,null
"2020-06-07T01:11:30.000Z",45.701689,5.883523,3.25,7,10.5,45,null
"2020-06-07T01:15:30.000Z",45.701689,5.883523,3.25,7.25,10,45,null
"2020-06-07T01:19:34.000Z",45.701689,5.883523,4.25,7.5,11,45,null
"2020-06-07T01:23:34.000Z",45.701689,5.883523,3.75,7.25,10,22.5,null
"2020-06-07T01:27:34.000Z",45.701689,5.883523,3.25,6.75,12,22.5,null
"2020-06-07T01:31:38.000Z",45.701689,5.883523,13,18.5,23.5,0,null
"2020-06-07T01:35:38.000Z",45.701689,5.883523,15,20.5,26,337.5,null
"2020-06-07T01:39:38.000Z",45.701689,5.883523,15,21,24.5,337.5,null
"2020-06-07T01:43:42.000Z",45.701689,5.883523,16,20.5,24.5,337.5,null
"2020-06-07T01:47:42.000Z",45.701689,5.883523,16.5,23.5,27,0,null
"2020-06-07T01:51:42.000Z",45.701689,5.883523,17.5,22.5,27,337.5,null
"2020-06-07T01:55:47.000Z",45.701689,5.883523,9.5,18.5,23.5,337.5,null
"2020-06-07T01:59:47.000Z",45.701689,5.883523,11.5,17.5,24,0,null
"2020-06-07T02:03:47.000Z",45.701689,5.883523,12,19,26.5,0,null
"2020-06-07T02:07:50.000Z",45.701689,5.883523,12,16.5,21,0,null
"2020-06-07T02:11:50.000Z",45.701689,5.883523,7,12.5,17,0,null
"2020-06-07T02:15:50.000Z",45.701689,5.883523,8.75,13,18,0,null
"2020-06-07T02:19:54.000Z",45.701689,5.883523,7.75,12.5,18.5,0,null
"2020-06-07T02:23:54.000Z",45.701689,5.883523,4.75,14.5,28,0,null
"2020-06-07T02:27:54.000Z",45.701689,5.883523,6.5,17,28,292.5,null
"2020-06-07T02:31:58.000Z",45.701689,5.883523,1.75,19,37.5,292.5,null
"2020-06-07T02:35:58.000Z",45.701689,5.883523,10,18,26.5,337.5,null
"2020-06-07T02:39:58.000Z",45.701689,5.883523,1.75,13,20,0,null
"2020-06-07T02:44:03.000Z",45.701689,5.883523,9,17,23.5,337.5,null
"2020-06-07T02:48:03.000Z",45.701689,5.883523,9.75,16.5,23,0,null
"2020-06-07T02:52:03.000Z",45.701689,5.883523,7.75,12.5,18,22.5,null
"2020-06-07T02:56:07.000Z",45.701689,5.883523,6.5,12.5,16.5,22.5,null
"2020-06-07T03:00:07.000Z",45.701689,5.883523,6.25,11,16.5,22.5,null
"2020-06-07T03:04:07.000Z",45.701689,5.883523,8.25,13,15.5,0,null
"2020-06-07T03:08:11.000Z",45.701689,5.883523,11,14.5,16.5,337.5,null
"2020-06-07T03:12:11.000Z",45.701689,5.883523,11,14.5,16.5,337.5,null
"2020-06-07T03:16:11.000Z",45.701689,5.883523,10,14.5,16.5,337.5,null
"2020-06-07T03:20:15.000Z",45.701689,5.883523,11.5,13.5,15.5,337.5,null
"2020-06-07T03:24:15.000Z",45.701689,5.883523,11,14,15.5,0,null
"2020-06-07T03:28:15.000Z",45.701689,5.883523,6,11.5,16.5,0,null
"2020-06-07T03:32:18.000Z",45.701689,5.883523,6,9.25,13.5,22.5,null
"2020-06-07T03:36:18.000Z",45.701689,5.883523,3.75,6.75,9.75,45,null
"2020-06-07T03:40:18.000Z",45.701689,5.883523,4.25,6.5,13,22.5,null
"2020-06-07T03:44:23.000Z",45.701689,5.883523,7.25,10.5,14.5,0,null
"2020-06-07T03:48:23.000Z",45.701689,5.883523,3.5,8,12.5,22.5,null
"2020-06-07T03:52:23.000Z",45.701689,5.883523,3.5,7,11.5,22.5,null
"2020-06-07T03:56:26.000Z",45.701689,5.883523,2.75,5.75,9.75,22.5,null
"2020-06-07T04:00:26.000Z",45.701689,5.883523,2,5.5,11,22.5,null
"2020-06-07T04:04:26.000Z",45.701689,5.883523,6,8.25,14.5,0,null
"2020-06-07T04:08:30.000Z",45.701689,5.883523,7,10,14,0,null
"2020-06-07T04:12:30.000Z",45.701689,5.883523,6.25,9.75,14,337.5,null
"2020-06-07T04:16:30.000Z",45.701689,5.883523,8,11.5,13.5,315,null
"2020-06-07T04:20:34.000Z",45.701689,5.883523,9.5,11.5,14,337.5,null
"2020-06-07T04:24:34.000Z",45.701689,5.883523,7.25,11.5,15.5,337.5,null
"2020-06-07T04:28:34.000Z",45.701689,5.883523,6.25,9.5,15.5,0,null
"2020-06-07T04:32:39.000Z",45.701689,5.883523,7.25,10,13,0,null
"2020-06-07T04:36:39.000Z",45.701689,5.883523,5.5,11.5,14.5,0,null
"2020-06-07T04:40:39.000Z",45.701689,5.883523,8.25,11.5,14.5,0,null
"2020-06-07T04:44:43.000Z",45.701689,5.883523,6.25,9.5,13.5,0,null
"2020-06-07T04:48:43.000Z",45.701689,5.883523,4.5,8,11,22.5,null
"2020-06-07T04:52:43.000Z",45.701689,5.883523,4.25,8.5,12.5,45,null
"2020-06-07T04:56:47.000Z",45.701689,5.883523,5.25,8.75,12,45,null
"2020-06-07T05:00:47.000Z",45.701689,5.883523,3.25,5.75,8.25,22.5,null
"2020-06-07T05:04:47.000Z",45.701689,5.883523,2,7.25,11,22.5,null
"2020-06-07T05:08:51.000Z",45.701689,5.883523,2.75,8.25,12.5,0,null
"2020-06-07T05:12:51.000Z",45.701689,5.883523,7,10,14,0,null
"2020-06-07T05:16:51.000Z",45.701689,5.883523,2.75,7.5,11.5,22.5,null
"2020-06-07T05:20:55.000Z",45.701689,5.883523,5.5,10,12.5,0,null
"2020-06-07T05:24:55.000Z",45.701689,5.883523,6.5,10,12.5,0,null
"2020-06-07T05:28:55.000Z",45.701689,5.883523,5.25,11,14,0,null
"2020-06-07T05:32:59.000Z",45.701689,5.883523,6.25,10,14.5,0,null
"2020-06-07T05:36:59.000Z",45.701689,5.883523,7,10,12.5,0,null
"2020-06-07T05:40:59.000Z",45.701689,5.883523,7.75,9.75,12,337.5,null
"2020-06-07T05:45:03.000Z",45.701689,5.883523,8,11,12.5,337.5,null
"2020-06-07T05:49:03.000Z",45.701689,5.883523,9.75,12,15,0,null
"2020-06-07T05:53:03.000Z",45.701689,5.883523,9,12.5,15.5,0,null
"2020-06-07T05:57:07.000Z",45.701689,5.883523,9,13,15.5,0,null
"2020-06-07T06:01:07.000Z",45.701689,5.883523,7.75,12.5,15.5,0,null
"2020-06-07T06:05:07.000Z",45.701689,5.883523,7.25,11,14.5,0,null
"2020-06-07T06:09:11.000Z",45.701689,5.883523,6.25,11,14,0,null
"2020-06-07T06:13:11.000Z",45.701689,5.883523,11,13.5,17.5,0,null
"2020-06-07T06:17:11.000Z",45.701689,5.883523,9.75,12,14.5,0,null
"2020-06-07T06:21:16.000Z",45.701689,5.883523,9,12,15,0,null
"2020-06-07T06:25:16.000Z",45.701689,5.883523,9.5,12.5,15.5,0,null
"2020-06-07T06:29:16.000Z",45.701689,5.883523,9.5,12.5,15.5,0,null
"2020-06-07T06:33:19.000Z",45.701689,5.883523,7.25,10.5,13,0,null
"2020-06-07T06:37:19.000Z",45.701689,5.883523,5.5,9.5,13,22.5,null
"2020-06-07T06:41:19.000Z",45.701689,5.883523,5.5,9.75,13,22.5,null
"2020-06-07T06:45:23.000Z",45.701689,5.883523,3.25,10,13,0,null
"2020-06-07T06:49:23.000Z",45.701689,5.883523,5.25,9,14,22.5,null
"2020-06-07T06:53:23.000Z",45.701689,5.883523,4.5,8.25,12,0,null
"2020-06-07T06:57:28.000Z",45.701689,5.883523,7,9.75,13,0,null
"2020-06-07T07:01:28.000Z",45.701689,5.883523,6.5,9.75,14.5,0,null
"2020-06-07T07:05:28.000Z",45.701689,5.883523,6.25,9.5,13,0,null
"2020-06-07T07:09:31.000Z",45.701689,5.883523,7.25,11.5,16,0,null
"2020-06-07T07:13:31.000Z",45.701689,5.883523,7.75,12.5,16,0,null
"2020-06-07T07:17:31.000Z",45.701689,5.883523,9,12.5,15,0,null
"2020-06-07T07:21:36.000Z",45.701689,5.883523,10,13.5,19,337.5,null
"2020-06-07T07:25:36.000Z",45.701689,5.883523,11,16.5,21,337.5,null
"2020-06-07T07:29:36.000Z",45.701689,5.883523,12,16.5,20,0,null
"2020-06-07T07:33:40.000Z",45.701689,5.883523,12,16.5,20,0,null
"2020-06-07T07:37:40.000Z",45.701689,5.883523,11,15,18,0,null
"2020-06-07T07:41:40.000Z",45.701689,5.883523,9.75,15.5,19.5,0,null
"2020-06-07T07:45:43.000Z",45.701689,5.883523,9.5,15,17.5,0,null
"2020-06-07T07:49:43.000Z",45.701689,5.883523,11.5,15.5,18,0,null
"2020-06-07T07:53:43.000Z",45.701689,5.883523,12,15.5,19,337.5,null
"2020-06-07T07:57:48.000Z",45.701689,5.883523,12.5,16.5,19.5,337.5,null
"2020-06-07T08:01:48.000Z",45.701689,5.883523,10.5,16,19.5,337.5,null
"2020-06-07T08:05:48.000Z",45.701689,5.883523,8.75,15.5,19,0,null
"2020-06-07T08:09:51.000Z",45.701689,5.883523,9,14.5,18,0,null
"2020-06-07T08:13:51.000Z",45.701689,5.883523,9.75,14,18,0,null
"2020-06-07T08:17:51.000Z",45.701689,5.883523,8.25,14,18,0,null
"2020-06-07T08:21:55.000Z",45.701689,5.883523,13,16.5,18.5,0,null
"2020-06-07T08:25:55.000Z",45.701689,5.883523,12,16,19,0,null
"2020-06-07T08:29:55.000Z",45.701689,5.883523,12,17,21,0,null
"2020-06-07T08:34:00.000Z",45.701689,5.883523,15,17.5,20,0,null
"2020-06-07T08:38:00.000Z",45.701689,5.883523,11.5,16,21,0,null
"2020-06-07T08:42:00.000Z",45.701689,5.883523,10.5,15.5,18.5,0,null
"2020-06-07T08:46:03.000Z",45.701689,5.883523,11,15,18,0,null
"2020-06-07T08:50:03.000Z",45.701689,5.883523,12,15.5,18.5,0,null
"2020-06-07T08:54:03.000Z",45.701689,5.883523,11,14.5,18,0,null
"2020-06-07T08:58:08.000Z",45.701689,5.883523,9.75,14,17.5,0,null
"2020-06-07T09:02:08.000Z",45.701689,5.883523,11,14,18,0,null
"2020-06-07T09:06:08.000Z",45.701689,5.883523,9.5,14,17,0,null
"2020-06-07T09:10:12.000Z",45.701689,5.883523,7.25,13,16.5,0,null
"2020-06-07T09:14:12.000Z",45.701689,5.883523,8.75,13.5,16.5,0,null
"2020-06-07T09:18:12.000Z",45.701689,5.883523,10.5,12.5,15.5,0,null
"2020-06-07T09:22:16.000Z",45.701689,5.883523,9.75,13.5,18,0,null
"2020-06-07T09:26:16.000Z",45.701689,5.883523,8.25,13,16.5,0,null
"2020-06-07T09:30:16.000Z",45.701689,5.883523,5.25,9.75,14,0,null
"2020-06-07T09:34:20.000Z",45.701689,5.883523,6,10,14,0,null
"2020-06-07T09:38:20.000Z",45.701689,5.883523,7,11.5,16,0,null
"2020-06-07T09:42:20.000Z",45.701689,5.883523,9.5,12,14.5,0,null
"2020-06-07T09:46:23.000Z",45.701689,5.883523,10,13,15.5,0,null
"2020-06-07T09:50:23.000Z",45.701689,5.883523,9.5,12,15.5,0,null
"2020-06-07T09:54:23.000Z",45.701689,5.883523,7.25,11,14,0,null
"2020-06-07T09:58:28.000Z",45.701689,5.883523,7.75,11.5,14,0,null
"2020-06-07T10:02:28.000Z",45.701689,5.883523,8.25,11.5,13.5,0,null
"2020-06-07T10:06:28.000Z",45.701689,5.883523,10,12.5,14.5,0,null
"2020-06-07T10:10:32.000Z",45.701689,5.883523,9,12,14.5,0,null
"2020-06-07T10:14:32.000Z",45.701689,5.883523,8.75,11,13.5,0,null
"2020-06-07T10:18:32.000Z",45.701689,5.883523,8,11,13.5,0,null
"2020-06-07T10:22:36.000Z",45.701689,5.883523,9.5,12.5,15,0,null
"2020-06-07T10:26:36.000Z",45.701689,5.883523,8,12,15.5,0,null
"2020-06-07T10:30:36.000Z",45.701689,5.883523,8,12,15,0,null
"2020-06-07T10:34:40.000Z",45.701689,5.883523,8.25,11,13.5,0,null
"2020-06-07T10:38:40.000Z",45.701689,5.883523,8.25,11.5,14.5,0,null
"2020-06-07T10:42:40.000Z",45.701689,5.883523,8.75,12.5,16.5,0,null
"2020-06-07T10:46:44.000Z",45.701689,5.883523,7.75,11.5,16.5,0,null
"2020-06-07T10:50:44.000Z",45.701689,5.883523,7,11.5,15.5,0,null
"2020-06-07T10:54:44.000Z",45.701689,5.883523,9,12,15,337.5,null
"2020-06-07T10:58:48.000Z",45.701689,5.883523,8.75,12,16,0,null
"2020-06-07T11:02:48.000Z",45.701689,5.883523,10.5,14,17.5,0,null
"2020-06-07T11:06:48.000Z",45.701689,5.883523,11,14,17.5,0,null
"2020-06-07T11:10:53.000Z",45.701689,5.883523,9.5,14.5,19,0,null
"2020-06-07T11:14:53.000Z",45.701689,5.883523,11,14.5,18.5,0,null
"2020-06-07T11:18:53.000Z",45.701689,5.883523,11.5,15,17.5,0,null
"2020-06-07T11:22:57.000Z",45.701689,5.883523,8,12,16,0,null
"2020-06-07T11:26:57.000Z",45.701689,5.883523,7,11.5,15.5,0,null
"2020-06-07T11:30:57.000Z",45.701689,5.883523,7,10,14.5,0,null
"2020-06-07T11:35:00.000Z",45.701689,5.883523,6,10.5,13.5,0,null
"2020-06-07T11:39:00.000Z",45.701689,5.883523,7.25,9,11,337.5,null
"2020-06-07T11:43:00.000Z",45.701689,5.883523,6,7.75,11,337.5,null
"2020-06-07T11:47:04.000Z",45.701689,5.883523,4.25,7,11,337.5,null
"2020-06-07T11:51:04.000Z",45.701689,5.883523,7.25,10,13.5,337.5,null
"2020-06-07T11:55:04.000Z",45.701689,5.883523,5.5,10.5,15.5,337.5,null
"2020-06-07T11:59:09.000Z",45.701689,5.883523,10,12.5,17.5,337.5,null
"2020-06-07T12:03:09.000Z",45.701689,5.883523,11,13,15.5,0,null
"2020-06-07T12:07:09.000Z",45.701689,5.883523,9.5,12,15.5,337.5,null
"2020-06-07T12:11:13.000Z",45.701689,5.883523,8,10,12,337.5,null
"2020-06-07T12:15:13.000Z",45.701689,5.883523,5.5,7.25,9.75,337.5,null
"2020-06-07T12:19:13.000Z",45.701689,5.883523,5.5,7.5,10.5,337.5,null
"2020-06-07T12:23:17.000Z",45.701689,5.883523,2.5,5,8.25,0,null
"2020-06-07T12:27:17.000Z",45.701689,5.883523,0,2.75,4.75,45,null
"2020-06-07T12:31:17.000Z",45.701689,5.883523,0,3.25,6,22.5,null
"2020-06-07T12:35:21.000Z",45.701689,5.883523,1.5,4.5,6.5,22.5,null
"2020-06-07T12:39:21.000Z",45.701689,5.883523,0.75,2.5,5.25,22.5,null
"2020-06-07T12:43:21.000Z",45.701689,5.883523,2,4.5,9.5,45,null
"2020-06-07T12:47:25.000Z",45.701689,5.883523,0.75,5,8.25,45,null
"2020-06-07T12:51:25.000Z",45.701689,5.883523,3.75,6.5,9.75,22.5,null
"2020-06-07T12:55:25.000Z",45.701689,5.883523,1,6,8.25,337.5,null
"2020-06-07T12:59:29.000Z",45.701689,5.883523,4.75,6.5,8.25,337.5,null
"2020-06-07T13:03:29.000Z",45.701689,5.883523,3.75,6,8,337.5,null
"2020-06-07T13:07:29.000Z",45.701689,5.883523,4.75,6.75,8.75,337.5,null
"2020-06-07T13:11:32.000Z",45.701689,5.883523,4.25,7.25,9,315,null
"2020-06-07T13:15:32.000Z",45.701689,5.883523,7,8.5,10,337.5,null
"2020-06-07T13:19:32.000Z",45.701689,5.883523,5.5,8.75,11,337.5,null
"2020-06-07T13:23:37.000Z",45.701689,5.883523,6.25,8.75,10.5,337.5,null
"2020-06-07T13:27:37.000Z",45.701689,5.883523,7.25,9,12,315,null
"2020-06-07T13:31:37.000Z",45.701689,5.883523,8,10,12,315,null
"2020-06-07T13:35:41.000Z",45.701689,5.883523,7.25,9.5,11,337.5,null
"2020-06-07T13:39:41.000Z",45.701689,5.883523,6,8,12.5,337.5,null
"2020-06-07T13:43:41.000Z",45.701689,5.883523,5.25,8.75,12.5,0,null
"2020-06-07T13:47:45.000Z",45.701689,5.883523,5.5,8.5,10.5,0,null
"2020-06-07T13:51:45.000Z",45.701689,5.883523,5.25,8.75,11.5,0,null
"2020-06-07T13:55:45.000Z",45.701689,5.883523,4.5,9.25,13,0,null
"2020-06-07T13:59:49.000Z",45.701689,5.883523,4.5,8.75,11,0,null
"2020-06-07T14:03:49.000Z",45.701689,5.883523,7,9.5,11,337.5,null
"2020-06-07T14:07:49.000Z",45.701689,5.883523,6.5,9.25,12,337.5,null
"2020-06-07T14:11:53.000Z",45.701689,5.883523,8.25,10,11.5,315,null
"2020-06-07T14:15:53.000Z",45.701689,5.883523,8,9.75,11.5,315,null
"2020-06-07T14:19:53.000Z",45.701689,5.883523,8.25,9.75,11,315,null
"2020-06-07T14:23:57.000Z",45.701689,5.883523,7.75,9.75,11,337.5,null
"2020-06-07T14:27:57.000Z",45.701689,5.883523,7,9.25,11,337.5,null
"2020-06-07T14:31:57.000Z",45.701689,5.883523,6.25,8.75,11,337.5,null
"2020-06-07T14:36:01.000Z",45.701689,5.883523,7,8.75,11,337.5,null
"2020-06-07T14:40:01.000Z",45.701689,5.883523,8.25,9.5,11,337.5,null
"2020-06-07T14:44:01.000Z",45.701689,5.883523,8.75,10.5,12.5,337.5,null
"2020-06-07T14:48:05.000Z",45.701689,5.883523,9,11,13,337.5,null
"2020-06-07T14:52:05.000Z",45.701689,5.883523,8.25,10.5,13,337.5,null
"2020-06-07T14:56:05.000Z",45.701689,5.883523,6.5,9.75,12,0,null
"2020-06-07T15:00:09.000Z",45.701689,5.883523,5.25,7.5,11,0,null
"2020-06-07T15:04:09.000Z",45.701689,5.883523,4.75,6.75,9,0,null
"2020-06-07T15:08:09.000Z",45.701689,5.883523,5.5,7,8,337.5,null
"2020-06-07T15:12:13.000Z",45.701689,5.883523,7,8.5,10.5,315,null
"2020-06-07T15:16:13.000Z",45.701689,5.883523,7,9.25,11,315,null
"2020-06-07T15:20:13.000Z",45.701689,5.883523,9,10,12,315,null
"2020-06-07T15:24:17.000Z",45.701689,5.883523,7.75,10.5,13,315,null
"2020-06-07T15:28:17.000Z",45.701689,5.883523,3.25,6.25,9,315,null
"2020-06-07T15:32:17.000Z",45.701689,5.883523,6,10,13,315,null
"2020-06-07T15:36:22.000Z",45.701689,5.883523,7.25,11.5,16,315,null
"2020-06-07T15:40:22.000Z",45.701689,5.883523,7.25,9.75,13,315,null
"2020-06-07T15:44:22.000Z",45.701689,5.883523,2.5,9.25,15.5,315,null
"2020-06-07T15:48:25.000Z",45.701689,5.883523,5.5,8.25,12,315,null
"2020-06-07T15:52:25.000Z",45.701689,5.883523,4.25,8,13,315,null
"2020-06-07T15:56:25.000Z",45.701689,5.883523,4.5,8,12,315,null
"2020-06-07T16:00:30.000Z",45.701689,5.883523,6,9,13,337.5,null
"2020-06-07T16:04:30.000Z",45.701689,5.883523,4.5,7.5,14,337.5,null
"2020-06-07T16:08:30.000Z",45.701689,5.883523,2.5,7.5,12,315,null
"2020-06-07T16:12:33.000Z",45.701689,5.883523,4.25,9.25,12,315,null
"2020-06-07T16:16:33.000Z",45.701689,5.883523,6.25,9.75,15,292.5,null
"2020-06-07T16:20:33.000Z",45.701689,5.883523,7,9.5,12.5,292.5,null
"2020-06-07T16:24:37.000Z",45.701689,5.883523,7.25,10.5,13,292.5,null
"2020-06-07T16:28:37.000Z",45.701689,5.883523,8,10.5,13.5,315,null
"2020-06-07T16:32:37.000Z",45.701689,5.883523,7.25,10,12.5,315,null
"2020-06-07T16:36:42.000Z",45.701689,5.883523,8.25,10,13,315,null
"2020-06-07T16:40:42.000Z",45.701689,5.883523,6.25,9.75,12,315,null
"2020-06-07T16:44:42.000Z",45.701689,5.883523,8,10.5,12.5,315,null
"2020-06-07T16:48:45.000Z",45.701689,5.883523,8,9.75,12.5,315,null
"2020-06-07T16:52:45.000Z",45.701689,5.883523,7,12,17,315,null
"2020-06-07T16:56:45.000Z",45.701689,5.883523,10,13,15.5,315,null
"2020-06-07T17:00:50.000Z",45.701689,5.883523,11,13.5,16.5,315,null
"2020-06-07T17:04:50.000Z",45.701689,5.883523,9,12.5,15.5,315,null
"2020-06-07T17:08:50.000Z",45.701689,5.883523,7.75,11,15.5,337.5,null
"2020-06-07T17:12:53.000Z",45.701689,5.883523,7.75,12,17.5,315,null
"2020-06-07T17:16:53.000Z",45.701689,5.883523,9.75,12.5,15.5,315,null
"2020-06-07T17:20:53.000Z",45.701689,5.883523,11.5,14.5,18,337.5,null
"2020-06-07T17:24:58.000Z",45.701689,5.883523,12,15.5,18,337.5,null
"2020-06-07T17:28:58.000Z",45.701689,5.883523,12,15,18,315,null
"2020-06-07T17:32:58.000Z",45.701689,5.883523,9.5,14,18,315,null
"2020-06-07T17:37:02.000Z",45.701689,5.883523,9.75,12,15,315,null
"2020-06-07T17:41:02.000Z",45.701689,5.883523,9.5,12,14.5,315,null
"2020-06-07T17:45:02.000Z",45.701689,5.883523,8,10.5,14.5,315,null
"2020-06-07T17:49:06.000Z",45.701689,5.883523,7.25,10.5,14,315,null
"2020-06-07T17:53:06.000Z",45.701689,5.883523,9,12,15,315,null
"2020-06-07T17:57:06.000Z",45.701689,5.883523,8.75,12,16.5,337.5,null
"2020-06-07T18:01:10.000Z",45.701689,5.883523,8.75,12,15.5,315,null
"2020-06-07T18:05:10.000Z",45.701689,5.883523,12,15,18.5,337.5,null
"2020-06-07T18:09:10.000Z",45.701689,5.883523,13,16,19,337.5,null
"2020-06-07T18:13:14.000Z",45.701689,5.883523,12.5,15.5,19,337.5,null
"2020-06-07T18:17:14.000Z",45.701689,5.883523,13,16.5,20,337.5,null
"2020-06-07T18:21:14.000Z",45.701689,5.883523,15,18.5,22,315,null
"2020-06-07T18:25:18.000Z",45.701689,5.883523,13.5,17.5,20,315,null
"2020-06-07T18:29:18.000Z",45.701689,5.883523,14,17.5,20.5,315,null
"2020-06-07T18:33:18.000Z",45.701689,5.883523,16,19.5,22.5,315,null
"2020-06-07T18:37:22.000Z",45.701689,5.883523,15,19.5,21.5,315,null
"2020-06-07T18:41:22.000Z",45.701689,5.883523,14.5,18,21,315,null
"2020-06-07T18:45:22.000Z",45.701689,5.883523,14,17,20,337.5,null
"2020-06-07T18:49:26.000Z",45.701689,5.883523,13.5,17,20,337.5,null
"2020-06-07T18:53:26.000Z",45.701689,5.883523,13,16.5,19,337.5,null
"2020-06-07T18:57:26.000Z",45.701689,5.883523,13.5,17,19.5,337.5,null
"2020-06-07T19:01:30.000Z",45.701689,5.883523,12.5,16,18.5,337.5,null
"2020-06-07T19:05:30.000Z",45.701689,5.883523,15,16.5,19,337.5,null
"2020-06-07T19:09:30.000Z",45.701689,5.883523,13,16,18,337.5,null
"2020-06-07T19:13:34.000Z",45.701689,5.883523,12,15.5,19,337.5,null
"2020-06-07T19:17:34.000Z",45.701689,5.883523,12,15,18,337.5,null
"2020-06-07T19:21:34.000Z",45.701689,5.883523,11,14.5,16.5,337.5,null
"2020-06-07T19:25:38.000Z",45.701689,5.883523,11,13.5,15.5,337.5,null
"2020-06-07T19:29:38.000Z",45.701689,5.883523,10,13,14.5,0,null
"2020-06-07T19:33:38.000Z",45.701689,5.883523,12,14,16,337.5,null
"2020-06-07T19:37:43.000Z",45.701689,5.883523,12,13.5,16,337.5,null
"2020-06-07T19:41:43.000Z",45.701689,5.883523,8.75,13,15.5,0,null
"2020-06-07T19:45:43.000Z",45.701689,5.883523,8,11.5,14,0,null
"2020-06-07T19:49:46.000Z",45.701689,5.883523,6.25,9.5,13.5,0,null
"2020-06-07T19:53:46.000Z",45.701689,5.883523,7.75,9.75,12,0,null
"2020-06-07T19:57:46.000Z",45.701689,5.883523,7.25,11,15,337.5,null
"2020-06-07T20:01:50.000Z",45.701689,5.883523,8.75,13,17,337.5,null
"2020-06-07T20:05:50.000Z",45.701689,5.883523,8.75,11.5,13.5,0,null
"2020-06-07T20:09:50.000Z",45.701689,5.883523,7.75,11,13,0,null
"2020-06-07T20:13:55.000Z",45.701689,5.883523,5.25,11.5,15,0,null
"2020-06-07T20:17:55.000Z",45.701689,5.883523,8.75,11.5,14.5,337.5,null
"2020-06-07T20:21:55.000Z",45.701689,5.883523,7.75,12.5,15.5,337.5,null
"2020-06-07T20:25:58.000Z",45.701689,5.883523,9.75,14,18,337.5,null
"2020-06-07T20:29:58.000Z",45.701689,5.883523,12,14.5,17,337.5,null
"2020-06-07T20:33:58.000Z",45.701689,5.883523,10,14,17.5,337.5,null
"2020-06-07T20:38:02.000Z",45.701689,5.883523,9,13.5,18,337.5,null
"2020-06-07T20:42:02.000Z",45.701689,5.883523,12.5,15.5,19,315,null
"2020-06-07T20:46:02.000Z",45.701689,5.883523,13,16,18.5,315,null
"2020-06-07T20:50:06.000Z",45.701689,5.883523,13,16.5,19,315,null
"2020-06-07T20:54:06.000Z",45.701689,5.883523,11,15,18,315,null
"2020-06-07T20:58:06.000Z",45.701689,5.883523,11.5,15.5,18,315,null
"2020-06-07T21:02:11.000Z",45.701689,5.883523,13,16.5,18.5,315,null
"2020-06-07T21:06:11.000Z",45.701689,5.883523,12.5,16,19.5,315,null
"2020-06-07T21:10:11.000Z",45.701689,5.883523,12.5,15.5,20,315,null
"2020-06-07T21:14:15.000Z",45.701689,5.883523,12,14.5,17,315,null
"2020-06-07T21:18:15.000Z",45.701689,5.883523,11,14,16.5,315,null
"2020-06-07T21:22:15.000Z",45.701689,5.883523,10.5,13.5,17,337.5,null
"2020-06-07T21:26:19.000Z",45.701689,5.883523,13,15.5,18,337.5,null
"2020-06-07T21:30:19.000Z",45.701689,5.883523,12,14.5,18,337.5,null
"2020-06-07T21:34:19.000Z",45.701689,5.883523,14,16,19,315,null
"2020-06-07T21:38:23.000Z",45.701689,5.883523,10,13.5,16.5,315,null
"2020-06-07T21:42:23.000Z",45.701689,5.883523,11.5,14,19.5,315,null
"2020-06-07T21:46:23.000Z",45.701689,5.883523,9,12.5,15.5,337.5,null
"2020-06-07T21:50:27.000Z",45.701689,5.883523,8.75,12,14.5,315,null
"2020-06-07T21:54:27.000Z",45.701689,5.883523,9.75,12,14.5,315,null
"2020-06-07T21:58:27.000Z",45.701689,5.883523,7.75,10,12.5,315,null
"2020-06-07T22:02:31.000Z",45.701689,5.883523,6,8.5,10.5,337.5,null
"2020-06-07T22:06:31.000Z",45.701689,5.883523,5.25,9,12,337.5,null
"2020-06-07T22:10:31.000Z",45.701689,5.883523,1.75,5.5,9,0,null
"2020-06-07T22:14:35.000Z",45.701689,5.883523,1.25,4.5,9.75,0,null
"2020-06-07T22:18:35.000Z",45.701689,5.883523,2,4,6.5,45,null
"2020-06-07T22:22:35.000Z",45.701689,5.883523,3.25,5,7.25,45,null
"2020-06-07T22:26:39.000Z",45.701689,5.883523,2.5,4.5,7,45,null
"2020-06-07T22:30:39.000Z",45.701689,5.883523,3.75,6.25,10.5,45,null
"2020-06-07T22:34:39.000Z",45.701689,5.883523,3.5,6.25,9,67.5,null
"2020-06-07T22:38:43.000Z",45.701689,5.883523,3.5,5.75,9,45,null
"2020-06-07T22:42:43.000Z",45.701689,5.883523,4.25,6.25,9.75,45,null
"2020-06-07T22:46:43.000Z",45.701689,5.883523,4.5,7.75,11,22.5,null
"2020-06-07T22:50:47.000Z",45.701689,5.883523,4.25,6.75,9.5,45,null
"2020-06-07T22:54:47.000Z",45.701689,5.883523,5.25,8.25,11,45,null
"2020-06-07T22:58:47.000Z",45.701689,5.883523,4.75,7.5,11,22.5,null
"2020-06-07T23:02:51.000Z",45.701689,5.883523,5.25,8.25,13,22.5,null
"2020-06-07T23:06:51.000Z",45.701689,5.883523,8,11.5,14.5,0,null
"2020-06-07T23:10:51.000Z",45.701689,5.883523,7.75,13.5,15.5,0,null
"2020-06-07T23:14:55.000Z",45.701689,5.883523,7.75,11.5,13,0,null
"2020-06-07T23:18:55.000Z",45.701689,5.883523,9.5,12.5,15,0,null
"2020-06-07T23:22:55.000Z",45.701689,5.883523,11.5,13,16,337.5,null
"2020-06-07T23:31:08.000Z",45.701698,5.883489,8.25,13,19,337.5,null
"2020-06-07T23:35:08.000Z",45.701698,5.883489,12,15.5,18,337.5,null
"2020-06-07T23:39:08.000Z",45.701698,5.883489,12,15,17.5,337.5,null
"2020-06-07T23:43:12.000Z",45.701698,5.883489,11.5,15.5,17,337.5,null
"2020-06-07T23:47:12.000Z",45.701698,5.883489,13.5,16.5,19,337.5,null
"2020-06-07T23:51:12.000Z",45.701698,5.883489,12,16.5,20,0,null
"2020-06-07T23:55:16.000Z",45.701698,5.883489,8.25,12.5,16.5,0,null
"2020-06-07T23:59:16.000Z",45.701698,5.883489,6.25,10.5,14,22.5,null
"2020-06-08T00:03:16.000Z",45.701698,5.883489,8,12.5,17.5,0,null
"2020-06-08T00:07:20.000Z",45.701698,5.883489,7,12,19,0,null
"2020-06-08T00:11:20.000Z",45.701698,5.883489,7.25,11,14,0,null
"2020-06-08T00:15:20.000Z",45.701698,5.883489,6.5,11,13.5,0,null
"2020-06-08T00:20:00.000Z",45.701698,5.883489,7.25,12,14.5,0,null
"2020-06-08T00:24:00.000Z",45.701698,5.883489,4.75,8.75,13,22.5,null
"2020-06-08T00:28:00.000Z",45.7018,5.883509,3.75,7.25,12,45,null
"2020-06-08T00:32:04.000Z",45.7018,5.883509,5.25,8.5,12.5,22.5,null
"2020-06-08T00:36:04.000Z",45.7018,5.883509,4.5,8.75,12,22.5,null
"2020-06-08T00:40:04.000Z",45.7018,5.883509,7.75,10.5,16.5,22.5,null
"2020-06-08T00:44:08.000Z",45.7018,5.883509,8.75,12.5,16.5,0,null
"2020-06-08T00:48:08.000Z",45.7018,5.883509,6.25,11,15,22.5,null
"2020-06-08T00:52:08.000Z",45.7018,5.883509,5.5,8.75,13,22.5,null
"2020-06-08T00:56:12.000Z",45.7018,5.883509,4.5,9,12.5,22.5,null
"2020-06-08T01:00:12.000Z",45.7018,5.883509,5.5,9,12.5,45,null
"2020-06-08T01:04:12.000Z",45.7018,5.883509,5.25,8,11,45,null
"2020-06-08T01:08:16.000Z",45.7018,5.883509,4.25,7.25,11,45,null
"2020-06-08T01:12:16.000Z",45.7018,5.883509,5.25,8,11,22.5,null
"2020-06-08T01:16:16.000Z",45.7018,5.883509,6.25,9.25,12.5,45,null
"2020-06-08T01:20:20.000Z",45.7018,5.883509,4.5,8.5,11.5,45,null
"2020-06-08T01:24:20.000Z",45.7018,5.883509,4.5,9.75,13,45,null
"2020-06-08T01:28:20.000Z",45.7018,5.883509,7,9.5,12,45,null
"2020-06-08T01:32:24.000Z",45.7018,5.883509,7,9.5,12.5,45,null
"2020-06-08T01:36:24.000Z",45.7018,5.883509,3.25,6.5,10.5,22.5,null
"2020-06-08T01:40:24.000Z",45.7018,5.883509,4.25,6.5,8.25,0,null
"2020-06-08T01:44:29.000Z",45.7018,5.883509,3.75,7,11,0,null
"2020-06-08T01:48:29.000Z",45.7018,5.883509,7,10,13,0,null
"2020-06-08T01:52:29.000Z",45.7018,5.883509,6.25,9.25,11,0,null
"2020-06-08T01:56:32.000Z",45.7018,5.883509,6.5,8.75,10.5,0,null
"2020-06-08T02:00:32.000Z",45.7018,5.883509,4.25,8,11,22.5,null
"2020-06-08T02:04:32.000Z",45.7018,5.883509,3.25,6.25,10.5,45,null
"2020-06-08T02:08:36.000Z",45.7018,5.883509,3.75,6.5,9.5,45,null
"2020-06-08T02:12:36.000Z",45.7018,5.883509,4.5,8,11,22.5,null
"2020-06-08T02:16:36.000Z",45.7018,5.883509,3.25,5,7.25,0,null
"2020-06-08T02:20:40.000Z",45.7018,5.883509,3.75,6,7.75,0,null
"2020-06-08T02:24:40.000Z",45.7018,5.883509,4.5,6.5,8,0,null
"2020-06-08T02:28:40.000Z",45.7018,5.883509,4.25,5.75,7.25,22.5,null
"2020-06-08T02:32:45.000Z",45.7018,5.883509,3.75,5.75,8,22.5,null
"2020-06-08T02:36:45.000Z",45.7018,5.883509,3.5,5.25,7,22.5,null
"2020-06-08T02:40:45.000Z",45.7018,5.883509,4.25,8.25,10.5,0,null
"2020-06-08T02:44:48.000Z",45.7018,5.883509,6,9,12,337.5,null
"2020-06-08T02:48:48.000Z",45.7018,5.883509,8.25,10.5,13.5,0,null
"2020-06-08T02:52:48.000Z",45.7018,5.883509,8.75,11.5,14,0,null
"2020-06-08T02:56:52.000Z",45.7018,5.883509,8.75,12,13.5,0,null
"2020-06-08T03:00:52.000Z",45.7018,5.883509,5.5,9,12,0,null
"2020-06-08T03:04:52.000Z",45.7018,5.883509,3.75,6.75,9.75,22.5,null
"2020-06-08T03:08:57.000Z",45.7018,5.883509,3.75,6.5,9.5,22.5,null
"2020-06-08T03:12:57.000Z",45.7018,5.883509,3.75,7.25,11,0,null
"2020-06-08T03:16:57.000Z",45.7018,5.883509,8,11.5,14,0,null
"2020-06-08T03:21:00.000Z",45.7018,5.883509,11.5,13.5,15.5,0,null
"2020-06-08T03:25:00.000Z",45.7018,5.883509,7,11.5,14.5,0,null
"2020-06-08T03:29:00.000Z",45.7018,5.883509,5.25,8.25,11,22.5,null
"2020-06-08T03:33:05.000Z",45.7018,5.883509,3.5,7,11.5,22.5,null
"2020-06-08T03:37:05.000Z",45.7018,5.883509,6.25,13,18,0,null
"2020-06-08T03:41:05.000Z",45.7018,5.883509,13,15.5,18.5,337.5,null
"2020-06-08T03:45:08.000Z",45.7018,5.883509,13.5,17,19,337.5,null
"2020-06-08T03:49:08.000Z",45.7018,5.883509,9,14.5,19.5,0,null
"2020-06-08T03:53:08.000Z",45.7018,5.883509,10,16,20,0,null
"2020-06-08T03:57:12.000Z",45.7018,5.883509,8.25,15,19,0,null
"2020-06-08T04:01:12.000Z",45.7018,5.883509,7,12,16.5,0,null
"2020-06-08T04:05:12.000Z",45.7018,5.883509,6.5,11.5,14,0,null
"2020-06-08T04:09:17.000Z",45.7018,5.883509,8,11,13,0,null
"2020-06-08T04:13:17.000Z",45.7018,5.883509,8,10.5,14.5,0,null
"2020-06-08T04:17:17.000Z",45.7018,5.883509,9,11.5,15.5,337.5,null
"2020-06-08T04:21:21.000Z",45.7018,5.883509,9.75,12,15,337.5,null
"2020-06-08T04:25:21.000Z",45.7018,5.883509,9.5,13,16.5,337.5,null
"2020-06-08T04:29:21.000Z",45.7018,5.883509,4.25,10,14.5,0,null
"2020-06-08T04:33:25.000Z",45.7018,5.883509,5.25,9.5,15,22.5,null
"2020-06-08T04:37:25.000Z",45.7018,5.883509,6,11,15,22.5,null
"2020-06-08T04:41:25.000Z",45.7018,5.883509,8.25,13.5,17.5,0,null
"2020-06-08T04:45:29.000Z",45.7018,5.883509,8.75,12.5,16.5,0,null
"2020-06-08T04:49:29.000Z",45.7018,5.883509,11,14,16.5,0,null
"2020-06-08T04:53:29.000Z",45.7018,5.883509,9.5,13,15.5,0,null
"2020-06-08T04:57:33.000Z",45.7018,5.883509,9,12.5,15.5,0,null
"2020-06-08T05:01:33.000Z",45.7018,5.883509,7.25,13.5,18,0,null
"2020-06-08T05:05:33.000Z",45.7018,5.883509,11,14.5,20,0,null
"2020-06-08T05:09:37.000Z",45.7018,5.883509,13.5,17,20.5,337.5,null
"2020-06-08T05:13:37.000Z",45.7018,5.883509,13.5,17.5,20.5,337.5,null
"2020-06-08T05:17:37.000Z",45.7018,5.883509,15,17.5,20,337.5,null
"2020-06-08T05:21:41.000Z",45.7018,5.883509,15,18,21,337.5,null
"2020-06-08T05:25:41.000Z",45.7018,5.883509,13.5,17.5,20,337.5,null
"2020-06-08T05:29:41.000Z",45.7018,5.883509,13.5,16.5,19.5,337.5,null
"2020-06-08T05:33:45.000Z",45.7018,5.883509,12.5,16.5,19,337.5,null
"2020-06-08T05:37:45.000Z",45.7018,5.883509,13,16,18,337.5,null
"2020-06-08T05:41:45.000Z",45.7018,5.883509,14,17,20,337.5,null
"2020-06-08T05:45:49.000Z",45.7018,5.883509,12,16.5,19.5,337.5,null
"2020-06-08T05:49:49.000Z",45.7018,5.883509,13,15.5,18,337.5,null
"2020-06-08T05:53:49.000Z",45.7018,5.883509,11.5,15,18,337.5,null
"2020-06-08T05:57:53.000Z",45.7018,5.883509,13,16,18,337.5,null
"2020-06-08T06:01:53.000Z",45.7018,5.883509,12,15,18,337.5,null
"2020-06-08T06:05:53.000Z",45.7018,5.883509,11,14.5,16.5,337.5,null
"2020-06-08T06:09:57.000Z",45.7018,5.883509,12.5,15,19,337.5,null
"2020-06-08T06:13:57.000Z",45.7018,5.883509,12,15,17.5,337.5,null
"2020-06-08T06:17:57.000Z",45.7018,5.883509,12,15,17.5,337.5,null
"2020-06-08T06:22:01.000Z",45.7018,5.883509,10,14,18,337.5,null
"2020-06-08T06:26:01.000Z",45.7018,5.883509,11.5,15,17.5,337.5,null
"2020-06-08T06:30:01.000Z",45.7018,5.883509,12,14.5,16.5,337.5,null
"2020-06-08T06:34:06.000Z",45.7018,5.883509,11,14.5,16.5,337.5,null
"2020-06-08T06:38:06.000Z",45.7018,5.883509,11.5,14,17.5,0,null
"2020-06-08T06:42:06.000Z",45.7018,5.883509,12,14,16,337.5,null
"2020-06-08T06:46:09.000Z",45.7018,5.883509,9.5,14,17,0,null
"2020-06-08T06:50:09.000Z",45.7018,5.883509,10,15,18,0,null
"2020-06-08T06:54:09.000Z",45.7018,5.883509,11.5,15,18,337.5,null
"2020-06-08T06:58:13.000Z",45.7018,5.883509,7.75,13.5,17,0,null
"2020-06-08T07:02:13.000Z",45.7018,5.883509,10,13.5,17,0,null
"2020-06-08T07:06:13.000Z",45.7018,5.883509,8,13.5,17,0,null
"2020-06-08T07:10:18.000Z",45.7018,5.883509,10.5,14.5,18,0,null
"2020-06-08T07:14:18.000Z",45.7018,5.883509,9.75,13.5,18.5,0,null
"2020-06-08T07:18:18.000Z",45.7018,5.883509,7.25,12,15.5,0,null
"2020-06-08T07:22:22.000Z",45.7018,5.883509,11,13,15.5,337.5,null
"2020-06-08T07:26:22.000Z",45.7018,5.883509,10.5,14.5,19,0,null
"2020-06-08T07:30:22.000Z",45.7018,5.883509,11,14.5,19,337.5,null
"2020-06-08T07:34:25.000Z",45.7018,5.883509,9.75,13,17,0,null
"2020-06-08T07:38:25.000Z",45.7018,5.883509,10,15,18,0,null
"2020-06-08T07:42:25.000Z",45.7018,5.883509,9.75,13.5,17,0,null
"2020-06-08T07:46:29.000Z",45.7018,5.883509,10.5,14,17.5,0,null
"2020-06-08T07:50:29.000Z",45.7018,5.883509,12,15,19,337.5,null
"2020-06-08T07:54:29.000Z",45.7018,5.883509,13,16.5,19,337.5,null
"2020-06-08T07:58:34.000Z",45.7018,5.883509,12.5,16,19,337.5,null
"2020-06-08T08:02:34.000Z",45.7018,5.883509,12.5,15,17.5,337.5,null
"2020-06-08T08:06:34.000Z",45.7018,5.883509,12,14.5,16.5,0,null
"2020-06-08T08:10:37.000Z",45.7018,5.883509,9.5,13.5,17,0,null
"2020-06-08T08:14:37.000Z",45.7018,5.883509,10,14,17,0,null
"2020-06-08T08:18:37.000Z",45.7018,5.883509,9.75,15,20,0,null
"2020-06-08T08:22:41.000Z",45.7018,5.883509,12,15,17.5,337.5,null
"2020-06-08T08:26:41.000Z",45.7018,5.883509,9.75,13,17.5,0,null
"2020-06-08T08:30:41.000Z",45.7018,5.883509,9,13,18,0,null
"2020-06-08T08:34:46.000Z",45.7018,5.883509,7.75,14,18,0,null
"2020-06-08T08:38:46.000Z",45.7018,5.883509,11,14,16.5,0,null
"2020-06-08T08:42:46.000Z",45.7018,5.883509,8.25,12,15.5,0,null
"2020-06-08T08:46:49.000Z",45.7018,5.883509,7,12.5,17,0,null
"2020-06-08T08:50:49.000Z",45.7018,5.883509,9,14,17.5,337.5,null
"2020-06-08T08:54:49.000Z",45.7018,5.883509,8.75,15.5,21.5,0,null
"2020-06-08T08:58:54.000Z",45.7018,5.883509,15,18,21,0,null
"2020-06-08T09:02:54.000Z",45.7018,5.883509,13,17,20.5,337.5,null
"2020-06-08T09:06:54.000Z",45.7018,5.883509,14.5,19,21.5,337.5,null
"2020-06-08T09:10:58.000Z",45.7018,5.883509,14.5,18,21,337.5,null
"2020-06-08T09:14:58.000Z",45.7018,5.883509,13,17.5,20,337.5,null
"2020-06-08T09:18:58.000Z",45.7018,5.883509,12,16.5,20.5,0,null
"2020-06-08T09:23:01.000Z",45.7018,5.883509,15.5,18.5,22.5,337.5,null
"2020-06-08T09:27:01.000Z",45.7018,5.883509,11.5,17.5,23.5,0,null
"2020-06-08T09:31:01.000Z",45.7018,5.883509,8.75,13,18.5,22.5,null
"2020-06-08T09:35:06.000Z",45.7018,5.883509,7.75,11.5,15.5,22.5,null
"2020-06-08T09:39:06.000Z",45.7018,5.883509,7.75,11.5,14.5,0,null
"2020-06-08T09:43:06.000Z",45.7018,5.883509,6.25,12,16,0,null
"2020-06-08T09:47:10.000Z",45.7018,5.883509,8,13,15,0,null
"2020-06-08T09:51:10.000Z",45.7018,5.883509,8.75,12,16.5,0,null
"2020-06-08T09:55:10.000Z",45.7018,5.883509,11.5,15,17.5,337.5,null
"2020-06-08T09:59:14.000Z",45.7018,5.883509,7.75,14,16.5,0,null
"2020-06-08T10:03:14.000Z",45.7018,5.883509,10.5,13.5,15.5,0,null
"2020-06-08T10:07:14.000Z",45.7018,5.883509,12,14.5,18,337.5,null
"2020-06-08T10:11:18.000Z",45.7018,5.883509,12,17,20.5,337.5,null
"2020-06-08T10:15:18.000Z",45.7018,5.883509,11,15.5,21.5,0,null
"2020-06-08T10:19:18.000Z",45.7018,5.883509,12.5,16,18.5,337.5,null
"2020-06-08T10:23:22.000Z",45.7018,5.883509,15.5,17.5,20,337.5,null
"2020-06-08T10:27:22.000Z",45.7018,5.883509,14,16.5,20,337.5,null
"2020-06-08T10:31:22.000Z",45.7018,5.883509,14,18,22,337.5,null
"2020-06-08T10:35:26.000Z",45.7018,5.883509,16.5,18.5,21,337.5,null
"2020-06-08T10:39:26.000Z",45.7018,5.883509,15,18,21,337.5,null
"2020-06-08T10:43:26.000Z",45.7018,5.883509,11,16,20,0,null
"2020-06-08T10:47:30.000Z",45.7018,5.883509,11,15,19,337.5,null
"2020-06-08T10:51:30.000Z",45.7018,5.883509,15,17.5,21,0,null
"2020-06-08T10:55:30.000Z",45.7018,5.883509,14,17,19.5,0,null
"2020-06-08T10:59:35.000Z",45.7018,5.883509,12,16,19,0,null
"2020-06-08T11:03:35.000Z",45.7018,5.883509,13,17.5,22.5,0,null
"2020-06-08T11:07:35.000Z",45.7018,5.883509,14.5,17.5,19.5,337.5,null
"2020-06-08T11:11:39.000Z",45.7018,5.883509,13,17,22,337.5,null
"2020-06-08T11:15:39.000Z",45.7018,5.883509,15,18.5,20.5,337.5,null
"2020-06-08T11:19:39.000Z",45.7018,5.883509,15,18.5,21.5,337.5,null
"2020-06-08T11:23:42.000Z",45.7018,5.883509,13,17.5,21.5,0,null
"2020-06-08T11:27:42.000Z",45.7018,5.883509,12,15.5,19,0,null
"2020-06-08T11:31:42.000Z",45.7018,5.883509,12.5,16,19,0,null
"2020-06-08T11:35:47.000Z",45.7018,5.883509,12.5,16.5,19,0,null
"2020-06-08T11:39:47.000Z",45.7018,5.883509,11,14.5,17,0,null
"2020-06-08T11:43:47.000Z",45.7018,5.883509,11.5,15,19,0,null
"2020-06-08T11:47:51.000Z",45.7018,5.883509,8,12,15.5,0,null
"2020-06-08T11:51:51.000Z",45.7018,5.883509,10,13,17,0,null
"2020-06-08T11:55:51.000Z",45.7018,5.883509,13,15.5,19,0,null
"2020-06-08T11:59:54.000Z",45.7018,5.883509,10.5,15,18,0,null
"2020-06-08T12:03:54.000Z",45.7018,5.883509,10.5,13.5,16.5,0,null
"2020-06-08T12:07:54.000Z",45.7018,5.883509,10.5,12.5,14.5,337.5,null
"2020-06-08T12:11:58.000Z",45.7018,5.883509,8,10.5,12.5,337.5,null
"2020-06-08T12:15:58.000Z",45.7018,5.883509,8,10,12,337.5,null
"2020-06-08T12:19:58.000Z",45.7018,5.883509,8.75,11.5,13,337.5,null
"2020-06-08T12:24:03.000Z",45.7018,5.883509,8,10.5,12,337.5,null
"2020-06-08T12:28:03.000Z",45.7018,5.883509,7.25,10.5,12,0,null
"2020-06-08T12:32:03.000Z",45.7018,5.883509,7.25,9,11.5,0,null
"2020-06-08T12:36:07.000Z",45.7018,5.883509,6.5,8.75,10.5,0,null
"2020-06-08T12:40:07.000Z",45.7018,5.883509,6.25,9.5,12,0,null
"2020-06-08T12:44:07.000Z",45.7018,5.883509,6,8.25,11,0,null
"2020-06-08T12:48:11.000Z",45.7018,5.883509,4.5,8.5,12,0,null
"2020-06-08T12:52:11.000Z",45.7018,5.883509,3.5,7.25,10,0,null
"2020-06-08T12:56:11.000Z",45.7018,5.883509,2.75,7.25,12,0,null
"2020-06-08T13:00:15.000Z",45.7018,5.883509,4.75,7.75,10.5,22.5,null
"2020-06-08T13:04:15.000Z",45.7018,5.883509,2,5.75,10,22.5,null
"2020-06-08T13:08:15.000Z",45.7018,5.883509,4.25,6.25,8.75,22.5,null
"2020-06-08T13:12:19.000Z",45.7018,5.883509,3.25,6.5,11,22.5,null
"2020-06-08T13:16:19.000Z",45.7018,5.883509,2.75,4.75,8,45,null
"2020-06-08T13:20:19.000Z",45.7018,5.883509,2,6.25,9,67.5,null
"2020-06-08T13:24:23.000Z",45.7018,5.883509,1.5,5.25,8.75,45,null
"2020-06-08T13:28:23.000Z",45.7018,5.883509,2.5,5.75,11,22.5,null
"2020-06-08T13:32:23.000Z",45.7018,5.883509,2,5.5,10.5,67.5,null
"2020-06-08T13:36:26.000Z",45.7018,5.883509,0,2.25,9.5,45,null
"2020-06-08T13:40:26.000Z",45.7018,5.883509,0.75,6.75,10.5,270,null
"2020-06-08T13:44:26.000Z",45.7018,5.883509,1.75,6,9.75,247.5,null
"2020-06-08T13:48:30.000Z",45.7018,5.883509,0.75,4,11,315,null
"2020-06-08T13:52:30.000Z",45.7018,5.883509,2,6.25,13,22.5,null
"2020-06-08T13:56:30.000Z",45.7018,5.883509,4.5,14.5,24.5,292.5,null
"2020-06-08T14:00:34.000Z",45.7018,5.883509,10.5,24,44,270,null
"2020-06-08T14:04:34.000Z",45.7018,5.883509,24,31,38,270,null
"2020-06-08T14:08:34.000Z",45.7018,5.883509,23.5,27.5,33.5,270,null
"2020-06-08T14:12:39.000Z",45.7018,5.883509,18.5,30.5,39.5,270,null
"2020-06-08T14:16:39.000Z",45.7018,5.883509,19,30,38,247.5,null
"2020-06-08T14:20:39.000Z",45.7018,5.883509,18,27,34,270,null
"2020-06-08T14:24:43.000Z",45.7018,5.883509,17,26.5,37,270,null
"2020-06-08T14:28:43.000Z",45.7018,5.883509,23,29.5,40.5,270,null
"2020-06-08T14:32:43.000Z",45.7018,5.883509,18.5,30.5,41,270,null
"2020-06-08T14:36:47.000Z",45.7018,5.883509,20,27.5,42.5,270,null
"2020-06-08T14:40:47.000Z",45.7018,5.883509,14,22,30,292.5,null
"2020-06-08T14:44:47.000Z",45.7018,5.883509,9.5,19,31.5,292.5,null
"2020-06-08T14:48:51.000Z",45.7018,5.883509,9.75,15,27,315,null
"2020-06-08T14:52:51.000Z",45.7018,5.883509,3.5,9.75,17,315,null
"2020-06-08T14:56:51.000Z",45.7018,5.883509,0,4.25,8.75,45,null
"2020-06-08T15:00:55.000Z",45.7018,5.883509,2.75,6.75,11,45,null
"2020-06-08T15:04:55.000Z",45.7018,5.883509,1,8.5,20,67.5,null
"2020-06-08T15:08:55.000Z",45.7018,5.883509,3.25,7.75,14.5,45,null
"2020-06-08T15:13:00.000Z",45.7018,5.883509,3.75,6.75,12,67.5,null
"2020-06-08T15:17:00.000Z",45.7018,5.883509,2.75,6.25,10,90,null
"2020-06-08T15:21:00.000Z",45.7018,5.883509,0.25,6.75,18.5,45,null
"2020-06-08T15:25:03.000Z",45.7018,5.883509,0.75,6,17,67.5,null
"2020-06-08T15:29:03.000Z",45.7018,5.883509,0,2,8.75,112.5,null
"2020-06-08T15:33:03.000Z",45.7018,5.883509,2.75,8,13,202.5,null
"2020-06-08T15:37:07.000Z",45.7018,5.883509,0.25,7,14.5,202.5,null
"2020-06-08T15:41:07.000Z",45.7018,5.883509,4.75,8.5,16.5,225,null
"2020-06-08T15:45:07.000Z",45.7018,5.883509,7.75,15.5,22,202.5,null
"2020-06-08T15:49:12.000Z",45.7018,5.883509,15,18.5,20.5,225,null
"2020-06-08T15:53:12.000Z",45.7018,5.883509,14,17,20,225,null
"2020-06-08T15:57:12.000Z",45.7018,5.883509,9.5,14.5,21,247.5,null
"2020-06-08T16:01:16.000Z",45.7018,5.883509,2.75,8,14,247.5,null
"2020-06-08T16:05:16.000Z",45.7018,5.883509,3.5,6.5,9.5,247.5,null
"2020-06-08T16:09:16.000Z",45.7018,5.883509,6.5,11.5,15.5,247.5,null
"2020-06-08T16:13:19.000Z",45.7018,5.883509,1.75,5.5,14,247.5,null
"2020-06-08T16:17:19.000Z",45.7018,5.883509,0,7.25,12.5,247.5,null
"2020-06-08T16:21:19.000Z",45.7018,5.883509,0,6,13,202.5,null
"2020-06-08T16:25:23.000Z",45.7018,5.883509,1,3.75,7.75,157.5,null
"2020-06-08T16:29:23.000Z",45.7018,5.883509,2.75,10,15.5,202.5,null
"2020-06-08T16:33:23.000Z",45.7018,5.883509,6,10.5,15,202.5,null
"2020-06-08T16:37:27.000Z",45.7018,5.883509,1.5,7.75,12,180,null
"2020-06-08T16:41:27.000Z",45.7018,5.883509,0.75,4.5,9.5,135,null
"2020-06-08T16:45:27.000Z",45.7018,5.883509,1.75,5,10,157.5,null
"2020-06-08T16:49:31.000Z",45.7018,5.883509,2.5,6.25,10.5,157.5,null
"2020-06-08T16:53:31.000Z",45.7018,5.883509,5.25,10,15.5,180,null
"2020-06-08T16:57:31.000Z",45.7018,5.883509,1,8.25,14,157.5,null
"2020-06-08T17:01:36.000Z",45.7018,5.883509,1,3.75,8,157.5,null
"2020-06-08T17:05:36.000Z",45.7018,5.883509,0.25,3.5,8,157.5,null
"2020-06-08T17:09:36.000Z",45.7018,5.883509,0,1.25,5.5,157.5,null
"2020-06-08T17:13:40.000Z",45.7018,5.883509,0,3.75,7.75,157.5,null
"2020-06-08T17:17:40.000Z",45.7018,5.883509,1.5,5,9,157.5,null
"2020-06-08T17:21:40.000Z",45.7018,5.883509,1.75,8.5,14.5,180,null
"2020-06-08T17:25:44.000Z",45.7018,5.883509,0.75,6.5,14,180,null
"2020-06-08T17:29:44.000Z",45.7018,5.883509,1,5,8.25,180,null
"2020-06-08T17:33:44.000Z",45.7018,5.883509,0.75,4,8.75,180,null
"2020-06-08T17:37:47.000Z",45.7018,5.883509,0.75,4.25,7.75,202.5,null
"2020-06-08T17:41:47.000Z",45.7018,5.883509,0.25,3.5,5.5,202.5,null
"2020-06-08T17:45:47.000Z",45.7018,5.883509,0.75,4.75,7.25,225,null
"2020-06-08T17:49:52.000Z",45.7018,5.883509,6.25,8.5,11,225,null
"2020-06-08T17:53:52.000Z",45.7018,5.883509,3.5,6,9,247.5,null
"2020-06-08T17:57:52.000Z",45.7018,5.883509,0,2,5.5,225,null
"2020-06-08T18:01:56.000Z",45.7018,5.883509,0,1,2.75,90,null
"2020-06-08T18:05:56.000Z",45.7018,5.883509,0.25,1.5,2.75,90,null
"2020-06-08T18:09:56.000Z",45.7018,5.883509,0.75,2.25,3.5,67.5,null
"2020-06-08T18:14:00.000Z",45.7018,5.883509,0.25,2.25,3.75,67.5,null
"2020-06-08T18:18:00.000Z",45.7018,5.883509,0.25,2.25,3.75,45,null
"2020-06-08T18:22:00.000Z",45.7018,5.883509,1.75,4,5.5,22.5,null
"2020-06-08T18:26:04.000Z",45.7018,5.883509,3.25,5.75,7.75,45,null
"2020-06-08T18:30:04.000Z",45.7018,5.883509,2.5,4.5,6.5,22.5,null
"2020-06-08T18:34:04.000Z",45.7018,5.883509,0,1.25,3.75,22.5,null
"2020-06-08T18:38:08.000Z",45.7018,5.883509,0.75,2.75,5.25,45,null
"2020-06-08T18:42:08.000Z",45.7018,5.883509,1.75,5,7,22.5,null
"2020-06-08T18:46:08.000Z",45.7018,5.883509,3.25,6,8.75,22.5,null
"2020-06-08T18:50:12.000Z",45.7018,5.883509,4.25,7.75,12.5,0,null
"2020-06-08T18:54:12.000Z",45.7018,5.883509,6.5,9.5,14,0,null
"2020-06-08T18:58:12.000Z",45.7018,5.883509,6,9.25,13,0,null
"2020-06-08T19:02:16.000Z",45.7018,5.883509,6,13,17,0,null
"2020-06-08T19:06:16.000Z",45.7018,5.883509,12.5,16.5,21,0,null
"2020-06-08T19:10:16.000Z",45.7018,5.883509,10.5,16,20,0,null
"2020-06-08T19:14:20.000Z",45.7018,5.883509,8.25,13,16.5,0,null
"2020-06-08T19:18:20.000Z",45.7018,5.883509,8,11.5,15.5,0,null
"2020-06-08T19:22:20.000Z",45.7018,5.883509,7.75,11,16,0,null
"2020-06-08T19:26:24.000Z",45.7018,5.883509,9.5,14.5,22.5,337.5,null
"2020-06-08T19:30:24.000Z",45.7018,5.883509,5.5,15.5,21.5,337.5,null
"2020-06-08T19:34:24.000Z",45.7018,5.883509,9.75,16.5,24,337.5,null
"2020-06-08T19:38:28.000Z",45.7018,5.883509,5.5,10,15,0,null
"2020-06-08T19:42:28.000Z",45.7018,5.883509,1.75,7,12,22.5,null
"2020-06-08T19:46:28.000Z",45.7018,5.883509,3.75,6.75,11,22.5,null
"2020-06-08T19:50:32.000Z",45.7018,5.883509,2.75,5.75,9.75,22.5,null
"2020-06-08T19:54:32.000Z",45.7018,5.883509,4.75,8.5,13,45,null
"2020-06-08T19:58:32.000Z",45.7018,5.883509,4.25,7.5,12.5,22.5,null
"2020-06-08T20:02:36.000Z",45.7018,5.883509,6.25,9.5,13,22.5,null
"2020-06-08T20:06:36.000Z",45.7018,5.883509,5.5,8.75,14.5,22.5,null
"2020-06-08T20:10:36.000Z",45.7018,5.883509,4.25,7.75,11,22.5,null
"2020-06-08T20:14:40.000Z",45.7018,5.883509,3.75,7,9.5,22.5,null
"2020-06-08T20:18:40.000Z",45.7018,5.883509,6,8.5,12,22.5,null
"2020-06-08T20:22:40.000Z",45.7018,5.883509,4.5,8.25,13,22.5,null
"2020-06-08T20:26:44.000Z",45.7018,5.883509,4.75,10,14.5,22.5,null
"2020-06-08T20:30:44.000Z",45.7018,5.883509,4.5,10,15.5,22.5,null
"2020-06-08T20:34:44.000Z",45.7018,5.883509,5.5,12,17,0,null
"2020-06-08T20:38:49.000Z",45.7018,5.883509,7,11,15.5,22.5,null
"2020-06-08T20:42:49.000Z",45.7018,5.883509,5.5,12,17.5,0,null
"2020-06-08T20:46:49.000Z",45.7018,5.883509,8.25,14,18,22.5,null
"2020-06-08T20:50:52.000Z",45.7018,5.883509,6.25,10.5,14.5,22.5,null
"2020-06-08T20:54:52.000Z",45.7018,5.883509,4.75,9.75,13,22.5,null
"2020-06-08T20:58:52.000Z",45.7018,5.883509,4.5,10,13.5,22.5,null
"2020-06-08T21:02:56.000Z",45.7018,5.883509,5.25,9.25,13,22.5,null
"2020-06-08T21:06:56.000Z",45.7018,5.883509,5.25,10.5,14.5,22.5,null
"2020-06-08T21:10:56.000Z",45.7018,5.883509,6,10.5,15.5,22.5,null
"2020-06-08T21:15:01.000Z",45.7018,5.883509,6,10.5,16.5,22.5,null
"2020-06-08T21:19:01.000Z",45.7018,5.883509,4.5,10.5,15.5,22.5,null
"2020-06-08T21:23:01.000Z",45.7018,5.883509,7.25,11.5,17,22.5,null
"2020-06-08T21:27:05.000Z",45.7018,5.883509,7,12.5,18,22.5,null
"2020-06-08T21:31:05.000Z",45.7018,5.883509,9.75,14.5,18.5,22.5,null
"2020-06-08T21:35:05.000Z",45.7018,5.883509,10.5,15.5,20,0,null
"2020-06-08T21:39:08.000Z",45.7018,5.883509,8,14.5,18.5,22.5,null
"2020-06-08T21:43:08.000Z",45.7018,5.883509,6.5,13,20,22.5,null
"2020-06-08T21:47:08.000Z",45.7018,5.883509,7.25,13.5,19.5,22.5,null
"2020-06-08T21:51:13.000Z",45.7018,5.883509,5.5,11.5,16.5,22.5,null
"2020-06-08T21:55:13.000Z",45.7018,5.883509,5.5,11,16.5,22.5,null
"2020-06-08T21:59:13.000Z",45.7018,5.883509,4.75,10,13.5,22.5,null
"2020-06-08T22:03:16.000Z",45.7018,5.883509,6.5,10,14,22.5,null
"2020-06-08T22:07:16.000Z",45.7018,5.883509,6,9,13.5,22.5,null
"2020-06-08T22:11:16.000Z",45.7018,5.883509,4.75,9.25,13.5,22.5,null
"2020-06-08T22:15:21.000Z",45.7018,5.883509,4.25,9,13,22.5,null
"2020-06-08T22:19:21.000Z",45.7018,5.883509,4.75,9.75,14.5,22.5,null
"2020-06-08T22:23:21.000Z",45.7018,5.883509,6.5,11.5,16.5,45,null
"2020-06-08T22:27:25.000Z",45.7018,5.883509,5.5,9,13,45,null
"2020-06-08T22:31:25.000Z",45.7018,5.883509,4.25,9.5,14,45,null
"2020-06-08T22:35:25.000Z",45.7018,5.883509,4.75,8,12.5,22.5,null
"2020-06-08T22:39:29.000Z",45.7018,5.883509,4.75,8,12,22.5,null
"2020-06-08T22:43:29.000Z",45.7018,5.883509,4.25,7.5,11.5,22.5,null
"2020-06-08T22:47:29.000Z",45.7018,5.883509,4.75,7.75,12,22.5,null
"2020-06-08T22:51:33.000Z",45.7018,5.883509,4.25,8.5,13,45,null
"2020-06-08T22:55:33.000Z",45.7018,5.883509,5.25,8.25,12,22.5,null
"2020-06-08T22:59:33.000Z",45.7018,5.883509,4.25,8.75,13,22.5,null
"2020-06-08T23:03:37.000Z",45.7018,5.883509,5.5,9.75,14.5,22.5,null
"2020-06-08T23:07:37.000Z",45.7018,5.883509,5.5,9,14.5,22.5,null
"2020-06-08T23:11:37.000Z",45.7018,5.883509,4.5,7.5,12,22.5,null
"2020-06-08T23:15:41.000Z",45.7018,5.883509,4.75,8.5,13,22.5,null
"2020-06-08T23:19:41.000Z",45.7018,5.883509,3.75,7.25,12.5,22.5,null
"2020-06-08T23:23:41.000Z",45.7018,5.883509,4.25,6.75,9.75,22.5,null
"2020-06-08T23:31:45.000Z",45.701712,5.883461,4.75,8.5,12,22.5,null
"2020-06-08T23:35:45.000Z",45.701712,5.883461,5.25,8.25,12.5,22.5,null
"2020-06-08T23:39:45.000Z",45.701712,5.883461,3.5,6.75,9,22.5,null
"2020-06-08T23:43:49.000Z",45.701712,5.883461,3.75,6.75,10.5,22.5,null
"2020-06-08T23:47:49.000Z",45.701712,5.883461,3.75,6.25,9.5,22.5,null
"2020-06-08T23:51:49.000Z",45.701712,5.883461,3.75,6.25,9.5,22.5,null
"2020-06-08T23:55:52.000Z",45.701712,5.883461,2,6.75,11,22.5,null
"2020-06-08T23:59:52.000Z",45.701712,5.883461,3.75,7,10,22.5,null
"2020-06-09T00:03:52.000Z",45.701712,5.883461,3.5,7.25,11,22.5,null
"2020-06-09T00:07:57.000Z",45.701712,5.883461,3.25,6.25,9.75,22.5,null
"2020-06-09T00:11:57.000Z",45.701712,5.883461,3.5,5.5,8,22.5,null
"2020-06-09T00:15:57.000Z",45.701712,5.883461,3.5,6.25,9,22.5,null
"2020-06-09T00:20:47.000Z",45.701712,5.883461,4.75,7,11,22.5,null
"2020-06-09T00:24:47.000Z",45.701712,5.883461,3.25,7.25,12,22.5,null
"2020-06-09T00:28:47.000Z",45.701724,5.883545,3.75,7.75,12.5,0,null
"2020-06-09T00:32:51.000Z",45.701724,5.883545,9,12,14.5,0,null
"2020-06-09T00:36:51.000Z",45.701724,5.883545,4.75,9.25,14,22.5,null
"2020-06-09T00:40:51.000Z",45.701724,5.883545,6.25,9.75,13,0,null
"2020-06-09T00:44:55.000Z",45.701724,5.883545,6.25,10.5,14.5,0,null
"2020-06-09T00:48:55.000Z",45.701724,5.883545,6,9.5,12,0,null
"2020-06-09T00:52:55.000Z",45.701724,5.883545,8,11,14.5,0,null
"2020-06-09T00:56:59.000Z",45.701724,5.883545,7,12.5,16.5,0,null
"2020-06-09T01:00:59.000Z",45.701724,5.883545,7,11,15.5,0,null
"2020-06-09T01:04:59.000Z",45.701724,5.883545,5.5,10,15,22.5,null
"2020-06-09T01:09:03.000Z",45.701724,5.883545,5.25,9.25,14.5,22.5,null
"2020-06-09T01:13:03.000Z",45.701724,5.883545,6,9.5,15.5,22.5,null
"2020-06-09T01:17:03.000Z",45.701724,5.883545,4.25,8.5,15.5,22.5,null
"2020-06-09T01:21:07.000Z",45.701724,5.883545,5.5,10,15.5,22.5,null
"2020-06-09T01:25:07.000Z",45.701724,5.883545,6,10,13,22.5,null
"2020-06-09T01:29:07.000Z",45.701724,5.883545,5.5,10,13.5,22.5,null
"2020-06-09T01:33:11.000Z",45.701724,5.883545,5.5,11.5,15.5,22.5,null
"2020-06-09T01:37:11.000Z",45.701724,5.883545,5.25,9,13.5,22.5,null
"2020-06-09T01:41:11.000Z",45.701724,5.883545,6.25,10,15.5,22.5,null
"2020-06-09T01:45:15.000Z",45.701724,5.883545,5.5,8.75,13.5,22.5,null
"2020-06-09T01:49:15.000Z",45.701724,5.883545,6.25,11,15.5,22.5,null
"2020-06-09T01:53:15.000Z",45.701724,5.883545,6.25,12,16,22.5,null
"2020-06-09T01:57:19.000Z",45.701724,5.883545,8,13,16.5,0,null
"2020-06-09T02:01:19.000Z",45.701724,5.883545,6,11.5,15.5,22.5,null
"2020-06-09T02:05:19.000Z",45.701724,5.883545,8.25,12.5,18,22.5,null
"2020-06-09T02:09:23.000Z",45.701724,5.883545,8.25,14,18,0,null
"2020-06-09T02:13:23.000Z",45.701724,5.883545,7.25,12.5,15,0,null
"2020-06-09T02:17:23.000Z",45.701724,5.883545,9.75,13,17.5,0,null
"2020-06-09T02:21:27.000Z",45.701724,5.883545,9.5,14.5,18,0,null
"2020-06-09T02:25:27.000Z",45.701724,5.883545,9.75,14,18,0,null
"2020-06-09T02:29:27.000Z",45.701724,5.883545,7,12.5,17,22.5,null
"2020-06-09T02:33:31.000Z",45.701724,5.883545,4.25,10.5,14.5,22.5,null
"2020-06-09T02:37:31.000Z",45.701724,5.883545,6.25,9.5,13,22.5,null
"2020-06-09T02:41:31.000Z",45.701724,5.883545,4.75,10.5,15.5,22.5,null
"2020-06-09T02:45:36.000Z",45.701724,5.883545,6,9.75,13,22.5,null
"2020-06-09T02:49:36.000Z",45.701724,5.883545,3.75,9.5,14,22.5,null
"2020-06-09T02:53:36.000Z",45.701724,5.883545,5.25,8.75,14.5,22.5,null
"2020-06-09T02:57:40.000Z",45.701724,5.883545,5.25,9.75,14.5,22.5,null
"2020-06-09T03:01:40.000Z",45.701724,5.883545,5.5,9.75,14.5,22.5,null
"2020-06-09T03:05:40.000Z",45.701724,5.883545,5.25,10.5,18,22.5,null
"2020-06-09T03:09:44.000Z",45.701724,5.883545,5.5,9.25,13,22.5,null
"2020-06-09T03:13:44.000Z",45.701724,5.883545,4.75,10,15,22.5,null
"2020-06-09T03:17:44.000Z",45.701724,5.883545,4.75,9.5,15.5,22.5,null
"2020-06-09T03:21:48.000Z",45.701724,5.883545,7.25,11,16,22.5,null
"2020-06-09T03:25:48.000Z",45.701724,5.883545,5.5,9.25,14.5,22.5,null
"2020-06-09T03:29:48.000Z",45.701724,5.883545,6,9.75,13.5,22.5,null
"2020-06-09T03:33:51.000Z",45.701724,5.883545,4.5,9,16.5,22.5,null
"2020-06-09T03:37:51.000Z",45.701724,5.883545,4.5,9.25,14,22.5,null
"2020-06-09T03:41:51.000Z",45.701724,5.883545,4.25,7.75,12.5,22.5,null
"2020-06-09T03:45:56.000Z",45.701724,5.883545,3.5,6.75,12,22.5,null
"2020-06-09T03:49:56.000Z",45.701724,5.883545,4.75,8,12.5,22.5,null
"2020-06-09T03:53:56.000Z",45.701724,5.883545,3.75,8,12.5,22.5,null
"2020-06-09T03:57:59.000Z",45.701724,5.883545,3.75,7.5,13,22.5,null
"2020-06-09T04:01:59.000Z",45.701724,5.883545,4.25,6.75,10.5,22.5,null
"2020-06-09T04:05:59.000Z",45.701724,5.883545,4.75,8,11.5,22.5,null
"2020-06-09T04:10:03.000Z",45.701724,5.883545,3.5,8.25,12,22.5,null
"2020-06-09T04:14:03.000Z",45.701724,5.883545,4.75,8.75,12,22.5,null
"2020-06-09T04:18:03.000Z",45.701724,5.883545,3.75,8.5,13,22.5,null
"2020-06-09T04:22:08.000Z",45.701724,5.883545,4.5,8,12,22.5,null
"2020-06-09T04:26:08.000Z",45.701724,5.883545,4.5,8.25,11.5,22.5,null
"2020-06-09T04:30:08.000Z",45.701724,5.883545,4.25,7.25,12,22.5,null
"2020-06-09T04:34:11.000Z",45.701724,5.883545,2.75,7.5,11,45,null
"2020-06-09T04:38:11.000Z",45.701724,5.883545,3.5,7.5,11,22.5,null
"2020-06-09T04:42:11.000Z",45.701724,5.883545,3.75,7,10,22.5,null
"2020-06-09T04:46:16.000Z",45.701724,5.883545,2.75,6.5,10.5,22.5,null
"2020-06-09T04:50:16.000Z",45.701724,5.883545,4.75,7.5,11,22.5,null
"2020-06-09T04:54:16.000Z",45.701724,5.883545,4.25,7.5,12.5,22.5,null
"2020-06-09T04:58:20.000Z",45.701724,5.883545,3.5,6.5,10,22.5,null
"2020-06-09T05:02:20.000Z",45.701724,5.883545,3.75,7.25,12.5,22.5,null
"2020-06-09T05:06:20.000Z",45.701724,5.883545,3.75,7.5,12,22.5,null
"2020-06-09T05:10:24.000Z",45.701724,5.883545,5.25,8.25,11.5,22.5,null
"2020-06-09T05:14:24.000Z",45.701724,5.883545,4.5,7.25,11,22.5,null
"2020-06-09T05:18:24.000Z",45.701724,5.883545,4.25,7.25,10.5,22.5,null
"2020-06-09T05:22:28.000Z",45.701724,5.883545,3.25,7.25,13,22.5,null
"2020-06-09T05:26:28.000Z",45.701724,5.883545,4.25,7.25,11,22.5,null
"2020-06-09T05:30:28.000Z",45.701724,5.883545,3.75,7.5,11,22.5,null
"2020-06-09T05:34:32.000Z",45.701724,5.883545,4.5,8.5,11.5,0,null
"2020-06-09T05:38:32.000Z",45.701724,5.883545,4.25,9.5,14.5,22.5,null
"2020-06-09T05:42:32.000Z",45.701724,5.883545,5.5,10,15,0,null
"2020-06-09T05:46:36.000Z",45.701724,5.883545,8,14,19,0,null
"2020-06-09T05:50:36.000Z",45.701724,5.883545,10,14.5,20,0,null
"2020-06-09T05:54:36.000Z",45.701724,5.883545,11,16,20.5,0,null
"2020-06-09T05:58:40.000Z",45.701724,5.883545,10,14,18.5,0,null
"2020-06-09T06:02:40.000Z",45.701724,5.883545,8,12.5,18,0,null
"2020-06-09T06:06:40.000Z",45.701724,5.883545,9.75,14,23,0,null
"2020-06-09T06:10:44.000Z",45.701724,5.883545,7.75,14,23.5,22.5,null
"2020-06-09T06:14:44.000Z",45.701724,5.883545,10.5,15.5,19.5,0,null
"2020-06-09T06:18:44.000Z",45.701724,5.883545,11.5,17.5,22,0,null
"2020-06-09T06:22:48.000Z",45.701724,5.883545,12,16.5,21,0,null
"2020-06-09T06:26:48.000Z",45.701724,5.883545,10.5,17,22.5,0,null
"2020-06-09T06:30:48.000Z",45.701724,5.883545,12.5,20.5,27.5,0,null
"2020-06-09T06:34:52.000Z",45.701724,5.883545,15.5,23,28,337.5,null
"2020-06-09T06:38:52.000Z",45.701724,5.883545,16,21.5,26,0,null
"2020-06-09T06:42:52.000Z",45.701724,5.883545,13,20,27.5,0,null
"2020-06-09T06:46:56.000Z",45.701724,5.883545,8.75,13,19,0,null
"2020-06-09T06:50:56.000Z",45.701724,5.883545,6.25,14,23.5,0,null
"2020-06-09T06:54:56.000Z",45.701724,5.883545,4.25,9.5,15,22.5,null
"2020-06-09T06:59:01.000Z",45.701724,5.883545,6.5,11,16.5,22.5,null
"2020-06-09T07:03:01.000Z",45.701724,5.883545,6.5,11,22,0,null
"2020-06-09T07:07:01.000Z",45.701724,5.883545,8.75,15.5,21.5,0,null
"2020-06-09T07:11:05.000Z",45.701724,5.883545,16,21.5,27.5,0,null
"2020-06-09T07:15:05.000Z",45.701724,5.883545,18,23,27,337.5,null
"2020-06-09T07:19:05.000Z",45.701724,5.883545,18.5,23.5,28.5,337.5,null
"2020-06-09T07:23:09.000Z",45.701724,5.883545,20,24.5,28,337.5,null
"2020-06-09T07:27:09.000Z",45.701724,5.883545,19.5,26,29.5,337.5,null
"2020-06-09T07:31:09.000Z",45.701724,5.883545,20,24.5,29,337.5,null
"2020-06-09T07:35:12.000Z",45.701724,5.883545,19.5,23.5,27,337.5,null
"2020-06-09T07:39:12.000Z",45.701724,5.883545,16.5,24,28.5,337.5,null
"2020-06-09T07:43:12.000Z",45.701724,5.883545,18,23,27,337.5,null
"2020-06-09T07:47:16.000Z",45.701724,5.883545,18,23,27.5,337.5,null
"2020-06-09T07:51:16.000Z",45.701724,5.883545,20,23.5,27,337.5,null
"2020-06-09T07:55:16.000Z",45.701724,5.883545,18,23,28,337.5,null
"2020-06-09T07:59:21.000Z",45.701724,5.883545,18,23.5,28,337.5,null
"2020-06-09T08:03:21.000Z",45.701724,5.883545,18,23.5,29.5,337.5,null
"2020-06-09T08:07:21.000Z",45.701724,5.883545,18.5,24,28,337.5,null
"2020-06-09T08:11:25.000Z",45.701724,5.883545,19.5,25,31,337.5,null
"2020-06-09T08:15:25.000Z",45.701724,5.883545,19,24,28,337.5,null
"2020-06-09T08:19:25.000Z",45.701724,5.883545,19,24,29,337.5,null
"2020-06-09T08:23:28.000Z",45.701724,5.883545,19.5,24.5,29,337.5,null
"2020-06-09T08:27:28.000Z",45.701724,5.883545,19,23,27,337.5,null
"2020-06-09T08:31:28.000Z",45.701724,5.883545,18,22.5,26,337.5,null
"2020-06-09T08:35:32.000Z",45.701724,5.883545,19,22.5,26,337.5,null
"2020-06-09T08:39:32.000Z",45.701724,5.883545,17,22.5,27.5,337.5,null
"2020-06-09T08:43:32.000Z",45.701724,5.883545,19,23,26.5,337.5,null
"2020-06-09T08:47:37.000Z",45.701724,5.883545,21,24,28,337.5,null
"2020-06-09T08:51:37.000Z",45.701724,5.883545,20,23.5,28,337.5,null
"2020-06-09T08:55:37.000Z",45.701724,5.883545,20,23.5,27.5,337.5,null
"2020-06-09T08:59:41.000Z",45.701724,5.883545,18.5,23.5,28,337.5,null
"2020-06-09T09:03:41.000Z",45.701724,5.883545,19,23,26.5,337.5,null
"2020-06-09T09:07:41.000Z",45.701724,5.883545,19,23.5,27.5,337.5,null
"2020-06-09T09:11:45.000Z",45.701724,5.883545,19,24.5,29,337.5,null
"2020-06-09T09:15:45.000Z",45.701724,5.883545,19,24,27.5,337.5,null
"2020-06-09T09:19:45.000Z",45.701724,5.883545,19,24.5,28,337.5,null
"2020-06-09T09:23:49.000Z",45.701724,5.883545,20.5,26,30.5,337.5,null
"2020-06-09T09:27:49.000Z",45.701724,5.883545,19.5,25.5,30.5,337.5,null
"2020-06-09T09:31:49.000Z",45.701724,5.883545,18.5,24.5,28.5,337.5,null
"2020-06-09T09:35:53.000Z",45.701724,5.883545,19,24,28,337.5,null
"2020-06-09T09:39:53.000Z",45.701724,5.883545,19,23.5,27,337.5,null
"2020-06-09T09:43:53.000Z",45.701724,5.883545,18,22.5,26.5,337.5,null
"2020-06-09T09:47:57.000Z",45.701724,5.883545,16.5,22,27,337.5,null
"2020-06-09T09:51:57.000Z",45.701724,5.883545,17,21.5,24.5,337.5,null
"2020-06-09T09:55:57.000Z",45.701724,5.883545,18,21.5,24.5,337.5,null
"2020-06-09T10:00:01.000Z",45.701724,5.883545,16.5,20.5,24.5,0,null
"2020-06-09T10:04:01.000Z",45.701724,5.883545,16.5,20.5,24.5,0,null
"2020-06-09T10:08:01.000Z",45.701724,5.883545,12.5,19,23,0,null
"2020-06-09T10:12:05.000Z",45.701724,5.883545,11.5,17.5,23,0,null
"2020-06-09T10:16:05.000Z",45.701724,5.883545,13.5,18.5,24.5,0,null
"2020-06-09T10:20:05.000Z",45.701724,5.883545,13,20.5,26,0,null
"2020-06-09T10:24:09.000Z",45.701724,5.883545,12,17.5,22.5,0,null
"2020-06-09T10:28:09.000Z",45.701724,5.883545,16.5,21.5,26.5,0,null
"2020-06-09T10:32:09.000Z",45.701724,5.883545,18.5,23.5,28.5,0,null
"2020-06-09T10:36:13.000Z",45.701724,5.883545,19,24,27.5,337.5,null
"2020-06-09T10:40:13.000Z",45.701724,5.883545,13,23,28,0,null
"2020-06-09T10:44:13.000Z",45.701724,5.883545,15,21,28.5,0,null
"2020-06-09T10:48:17.000Z",45.701724,5.883545,17,24,31.5,0,null
"2020-06-09T10:52:17.000Z",45.701724,5.883545,20,24.5,29,0,null
"2020-06-09T10:56:17.000Z",45.701724,5.883545,17.5,24,29,0,null
"2020-06-09T11:00:21.000Z",45.701724,5.883545,12,18.5,24,0,null
"2020-06-09T11:04:21.000Z",45.701724,5.883545,13,20,26.5,0,null
"2020-06-09T11:08:21.000Z",45.701724,5.883545,15,21.5,27,0,null
"2020-06-09T11:12:26.000Z",45.701724,5.883545,15.5,21.5,29,0,null
"2020-06-09T11:16:26.000Z",45.701724,5.883545,15,20.5,25.5,0,null
"2020-06-09T11:20:26.000Z",45.701724,5.883545,10.5,17.5,21.5,0,null
"2020-06-09T11:24:29.000Z",45.701724,5.883545,13,17.5,21.5,0,null
"2020-06-09T11:28:29.000Z",45.701724,5.883545,13.5,19.5,25.5,0,null
"2020-06-09T11:32:29.000Z",45.701724,5.883545,12,19.5,26.5,0,null
"2020-06-09T11:36:33.000Z",45.701724,5.883545,9.5,15.5,21.5,0,null
"2020-06-09T11:40:33.000Z",45.701724,5.883545,9.75,14.5,19,0,null
"2020-06-09T11:44:33.000Z",45.701724,5.883545,12,17.5,22.5,0,null
"2020-06-09T11:48:38.000Z",45.701724,5.883545,10.5,18.5,22.5,0,null
"2020-06-09T11:52:38.000Z",45.701724,5.883545,11,16.5,21,0,null
"2020-06-09T11:56:38.000Z",45.701724,5.883545,11.5,19,24.5,0,null
"2020-06-09T12:00:41.000Z",45.701724,5.883545,11.5,16.5,22,0,null
"2020-06-09T12:04:41.000Z",45.701724,5.883545,10.5,19,24,0,null
"2020-06-09T12:08:41.000Z",45.701724,5.883545,9.5,15.5,23.5,22.5,null
"2020-06-09T12:12:46.000Z",45.701724,5.883545,7.75,13.5,23.5,0,null
"2020-06-09T12:16:46.000Z",45.701724,5.883545,10,19.5,27,0,null
"2020-06-09T12:20:46.000Z",45.701724,5.883545,11,19,24.5,337.5,null
"2020-06-09T12:24:50.000Z",45.701724,5.883545,14.5,19.5,24,337.5,null
"2020-06-09T12:28:50.000Z",45.701724,5.883545,12.5,19,25.5,337.5,null
"2020-06-09T12:32:50.000Z",45.701724,5.883545,16.5,21.5,27,337.5,null
"2020-06-09T12:36:54.000Z",45.701724,5.883545,15.5,20,24.5,337.5,null
"2020-06-09T12:40:54.000Z",45.701724,5.883545,14.5,17,21,337.5,null
"2020-06-09T12:44:54.000Z",45.701724,5.883545,15,18.5,22.5,337.5,null
"2020-06-09T12:48:58.000Z",45.701724,5.883545,14.5,18.5,23,337.5,null
"2020-06-09T12:52:58.000Z",45.701724,5.883545,16,18,22,0,null
"2020-06-09T12:56:58.000Z",45.701724,5.883545,15,19,22,0,null
"2020-06-09T13:01:02.000Z",45.701724,5.883545,13,17.5,22,0,null
"2020-06-09T13:05:02.000Z",45.701724,5.883545,16,20.5,24,0,null
"2020-06-09T13:09:02.000Z",45.701724,5.883545,14,20.5,24.5,0,null
"2020-06-09T13:13:06.000Z",45.701724,5.883545,17,20.5,24.5,337.5,null
"2020-06-09T13:17:06.000Z",45.701724,5.883545,17.5,21,24.5,0,null
"2020-06-09T13:21:06.000Z",45.701724,5.883545,13,21.5,27,0,null
"2020-06-09T13:25:10.000Z",45.701724,5.883545,14,19,23,0,null
"2020-06-09T13:29:10.000Z",45.701724,5.883545,12.5,19.5,25.5,0,null
"2020-06-09T13:33:10.000Z",45.701724,5.883545,11,17.5,21,0,null
"2020-06-09T13:37:14.000Z",45.701724,5.883545,9.5,15,24.5,0,null
"2020-06-09T13:41:14.000Z",45.701724,5.883545,12,16,21.5,0,null
"2020-06-09T13:45:14.000Z",45.701724,5.883545,11,16,21,0,null
"2020-06-09T13:49:18.000Z",45.701724,5.883545,9.75,15.5,21,0,null
"2020-06-09T13:53:18.000Z",45.701724,5.883545,9.75,15,19.5,0,null
"2020-06-09T13:57:18.000Z",45.701724,5.883545,8,13.5,18,22.5,null
"2020-06-09T14:01:22.000Z",45.701724,5.883545,8.25,12.5,17,22.5,null
"2020-06-09T14:05:22.000Z",45.701724,5.883545,8,13,17.5,22.5,null
"2020-06-09T14:09:22.000Z",45.701724,5.883545,5.5,11.5,16.5,22.5,null
"2020-06-09T14:13:26.000Z",45.701724,5.883545,7.75,13,17.5,0,null
"2020-06-09T14:17:26.000Z",45.701724,5.883545,7.25,13.5,20,22.5,null
"2020-06-09T14:21:26.000Z",45.701724,5.883545,7.75,11,15.5,0,null
"2020-06-09T14:25:30.000Z",45.701724,5.883545,7,10.5,14.5,0,null
"2020-06-09T14:29:30.000Z",45.701724,5.883545,4.5,9.75,13,0,null
"2020-06-09T14:33:30.000Z",45.701724,5.883545,3.75,9.25,12,22.5,null
"2020-06-09T14:37:34.000Z",45.701724,5.883545,4.5,8.75,14.5,0,null
"2020-06-09T14:41:34.000Z",45.701724,5.883545,4.5,7.75,11,0,null
"2020-06-09T14:45:34.000Z",45.701724,5.883545,5.25,9,13.5,0,null
"2020-06-09T14:49:38.000Z",45.701724,5.883545,3.25,6.25,11,22.5,null
"2020-06-09T14:53:38.000Z",45.701724,5.883545,2,6.25,10.5,0,null
"2020-06-09T14:57:38.000Z",45.701724,5.883545,2.5,6,8.25,0,null
"2020-06-09T15:01:42.000Z",45.701724,5.883545,0.75,3.5,6.5,0,null
"2020-06-09T15:05:42.000Z",45.701724,5.883545,0,3.5,6,337.5,null
"2020-06-09T15:09:42.000Z",45.701724,5.883545,0.25,2.75,4.75,337.5,null
"2020-06-09T15:13:46.000Z",45.701724,5.883545,0,2.25,4.5,0,null
"2020-06-09T15:17:46.000Z",45.701724,5.883545,1,2.75,3.75,0,null
"2020-06-09T15:21:46.000Z",45.701724,5.883545,1.5,3,4.5,22.5,null
"2020-06-09T15:25:50.000Z",45.701724,5.883545,1.5,3.5,4.5,0,null
"2020-06-09T15:29:50.000Z",45.701724,5.883545,2.5,4,5.25,0,null
"2020-06-09T15:33:50.000Z",45.701724,5.883545,0.25,2.75,5.25,22.5,null
"2020-06-09T15:37:55.000Z",45.701724,5.883545,1.5,3,5.5,22.5,null
"2020-06-09T15:41:55.000Z",45.701724,5.883545,1,3.75,8.25,22.5,null
"2020-06-09T15:45:55.000Z",45.701724,5.883545,2.5,4.25,6.5,22.5,null
"2020-06-09T15:49:59.000Z",45.701724,5.883545,1.5,3.5,6.5,22.5,null
"2020-06-09T15:53:59.000Z",45.701724,5.883545,1.75,4.25,6,22.5,null
"2020-06-09T15:57:59.000Z",45.701724,5.883545,0.25,2.75,5.25,315,null
"2020-06-09T16:02:02.000Z",45.701724,5.883545,0.25,3.25,6.5,0,null
"2020-06-09T16:06:02.000Z",45.701724,5.883545,1,3,6,0,null
"2020-06-09T16:10:02.000Z",45.701724,5.883545,1.5,4,6.5,22.5,null
"2020-06-09T16:14:07.000Z",45.701724,5.883545,2.75,4,4.75,0,null
"2020-06-09T16:18:07.000Z",45.701724,5.883545,1.75,4.75,7,0,null
"2020-06-09T16:22:07.000Z",45.701724,5.883545,3.75,6,7.25,337.5,null
"2020-06-09T16:26:10.000Z",45.701724,5.883545,0,3.5,5.5,315,null
"2020-06-09T16:30:10.000Z",45.701724,5.883545,0,1.5,3.5,337.5,null
"2020-06-09T16:34:10.000Z",45.701724,5.883545,1.75,4.5,8.75,337.5,null
"2020-06-09T16:38:15.000Z",45.701724,5.883545,6,8.75,12,0,null
"2020-06-09T16:42:15.000Z",45.701724,5.883545,6.25,10,13.5,0,null
"2020-06-09T16:46:15.000Z",45.701724,5.883545,7,11,15,0,null
"2020-06-09T16:50:19.000Z",45.701724,5.883545,8.25,11.5,14.5,0,null
"2020-06-09T16:54:19.000Z",45.701724,5.883545,9,12.5,16,0,null
"2020-06-09T16:58:19.000Z",45.701724,5.883545,9.75,12.5,14.5,0,null
"2020-06-09T17:02:23.000Z",45.701724,5.883545,6.25,11,13.5,0,null
"2020-06-09T17:06:23.000Z",45.701724,5.883545,9,11.5,14.5,0,null
"2020-06-09T17:10:23.000Z",45.701724,5.883545,8,10.5,12.5,0,null
"2020-06-09T17:14:27.000Z",45.701724,5.883545,7.25,9.75,12,0,null
"2020-06-09T17:18:27.000Z",45.701724,5.883545,7,9.5,12,0,null
"2020-06-09T17:22:27.000Z",45.701724,5.883545,6.25,8.25,11,0,null
"2020-06-09T17:26:31.000Z",45.701724,5.883545,6.25,8,9.75,0,null
"2020-06-09T17:30:31.000Z",45.701724,5.883545,3.5,6.5,9.75,0,null
"2020-06-09T17:34:31.000Z",45.701724,5.883545,4.75,7,9.5,0,null
"2020-06-09T17:38:35.000Z",45.701724,5.883545,3.75,6,8,0,null
"2020-06-09T17:42:35.000Z",45.701724,5.883545,1.5,5,7.25,337.5,null
"2020-06-09T17:46:35.000Z",45.701724,5.883545,1.5,2.5,4.25,315,null
"2020-06-09T17:50:39.000Z",45.701724,5.883545,1,2.75,5.5,315,null
"2020-06-09T17:54:39.000Z",45.701724,5.883545,3.5,5.5,7.25,292.5,null
"2020-06-09T17:58:39.000Z",45.701724,5.883545,1.5,4.25,7,292.5,null
"2020-06-09T18:02:43.000Z",45.701724,5.883545,0,1.25,3.25,292.5,null
"2020-06-09T18:06:43.000Z",45.701724,5.883545,0,0,0,292.5,null
"2020-06-09T18:10:43.000Z",45.701724,5.883545,0,0.75,3.75,0,null
"2020-06-09T18:14:47.000Z",45.701724,5.883545,1.5,2.75,3.75,337.5,null
"2020-06-09T18:18:47.000Z",45.701724,5.883545,0,1.75,4.75,0,null
"2020-06-09T18:22:47.000Z",45.701724,5.883545,0,1.75,3.25,90,null
"2020-06-09T18:26:51.000Z",45.701724,5.883545,0,1,3.25,67.5,null
"2020-06-09T18:30:51.000Z",45.701724,5.883545,0,2,3.75,45,null
"2020-06-09T18:34:51.000Z",45.701724,5.883545,0.75,3.75,7.75,22.5,null
"2020-06-09T18:38:55.000Z",45.701724,5.883545,5.5,7.75,11,22.5,null
"2020-06-09T18:42:55.000Z",45.701724,5.883545,3.75,7.25,10.5,0,null
"2020-06-09T18:46:55.000Z",45.701724,5.883545,1.5,7.5,11,22.5,null
"2020-06-09T18:50:59.000Z",45.701724,5.883545,2.5,5.5,9.5,22.5,null
"2020-06-09T18:54:59.000Z",45.701724,5.883545,2.75,5,8,22.5,null
"2020-06-09T18:58:59.000Z",45.701724,5.883545,2.75,4.75,8.75,22.5,null
"2020-06-09T19:03:03.000Z",45.701724,5.883545,3.75,5.75,8.25,45,null
"2020-06-09T19:07:03.000Z",45.701724,5.883545,3.75,7,9,45,null
"2020-06-09T19:11:03.000Z",45.701724,5.883545,2,5.75,9,45,null
"2020-06-09T19:15:07.000Z",45.701724,5.883545,1,3.75,6.25,45,null
"2020-06-09T19:19:07.000Z",45.701724,5.883545,2.5,4,6.25,45,null
"2020-06-09T19:23:07.000Z",45.701724,5.883545,2,3.75,6,45,null
"2020-06-09T19:27:12.000Z",45.701724,5.883545,1.75,4.25,6.25,45,null
"2020-06-09T19:31:12.000Z",45.701724,5.883545,0.75,3.25,6,45,null
"2020-06-09T19:35:12.000Z",45.701724,5.883545,2.5,4,6.5,45,null
"2020-06-09T19:39:16.000Z",45.701724,5.883545,2,4,6,45,null
"2020-06-09T19:43:16.000Z",45.701724,5.883545,2.5,4,6.25,45,null
"2020-06-09T19:47:16.000Z",45.701724,5.883545,0.75,3.5,6,45,null
"2020-06-09T19:51:19.000Z",45.701724,5.883545,1.75,3.5,6.25,45,null
"2020-06-09T19:55:19.000Z",45.701724,5.883545,1.5,3.75,6.5,45,null
"2020-06-09T19:59:19.000Z",45.701724,5.883545,2.5,4.25,6,45,null
"2020-06-09T20:03:23.000Z",45.701724,5.883545,2.5,4.25,7,45,null
"2020-06-09T20:07:23.000Z",45.701724,5.883545,2.5,4.5,6.5,45,null
"2020-06-09T20:11:23.000Z",45.701724,5.883545,1.75,4.5,7,45,null
"2020-06-09T20:15:28.000Z",45.701724,5.883545,0.75,3,5.5,45,null
"2020-06-09T20:19:28.000Z",45.701724,5.883545,0,3,4.75,45,null
"2020-06-09T20:23:28.000Z",45.701724,5.883545,0.75,2.75,6.25,67.5,null
"2020-06-09T20:27:32.000Z",45.701724,5.883545,0.5,2.75,5.5,45,null
"2020-06-09T20:31:32.000Z",45.701724,5.883545,0.75,2.75,4.75,45,null
"2020-06-09T20:35:32.000Z",45.701724,5.883545,1.75,3.25,5.25,45,null
"2020-06-09T20:39:36.000Z",45.701724,5.883545,0.75,3,4.75,22.5,null
"2020-06-09T20:43:36.000Z",45.701724,5.883545,1.5,2.75,4.5,45,null
"2020-06-09T20:47:36.000Z",45.701724,5.883545,1.5,3.5,6,45,null
"2020-06-09T20:51:40.000Z",45.701724,5.883545,2.75,4,6,45,null
"2020-06-09T20:55:40.000Z",45.701724,5.883545,1.5,3.5,7.25,45,null
"2020-06-09T20:59:40.000Z",45.701724,5.883545,0.75,3,4.5,67.5,null
"2020-06-09T21:03:43.000Z",45.701724,5.883545,2,3.75,5.5,67.5,null
"2020-06-09T21:07:43.000Z",45.701724,5.883545,2.75,4.25,5.5,67.5,null
"2020-06-09T21:11:43.000Z",45.701724,5.883545,2.75,4,6.25,67.5,null
"2020-06-09T21:15:47.000Z",45.701724,5.883545,2.75,4.75,7,22.5,null
"2020-06-09T21:19:47.000Z",45.701724,5.883545,2.5,4.75,8,45,null
"2020-06-09T21:23:47.000Z",45.701724,5.883545,2,4.25,8,45,null
"2020-06-09T21:27:52.000Z",45.701724,5.883545,1,3.75,6.5,45,null
"2020-06-09T21:31:52.000Z",45.701724,5.883545,0.75,3.25,6.25,22.5,null
"2020-06-09T21:35:52.000Z",45.701724,5.883545,1.5,3.5,6,45,null
"2020-06-09T21:39:56.000Z",45.701724,5.883545,1,2.75,5.5,45,null
"2020-06-09T21:43:56.000Z",45.701724,5.883545,1.5,3.25,6,45,null
"2020-06-09T21:47:56.000Z",45.701724,5.883545,1,3,6,67.5,null
"2020-06-09T21:52:00.000Z",45.701724,5.883545,0.75,2.5,4.5,45,null
"2020-06-09T21:56:00.000Z",45.701724,5.883545,0,1.75,3.25,45,null
"2020-06-09T22:00:00.000Z",45.701724,5.883545,0.25,2,4.5,67.5,null
"2020-06-09T22:04:04.000Z",45.701724,5.883545,0,0.5,2.75,67.5,null
"2020-06-09T22:08:04.000Z",45.701724,5.883545,0.25,2,4.5,67.5,null
"2020-06-09T22:12:04.000Z",45.701724,5.883545,1,3,6,45,null
"2020-06-09T22:16:08.000Z",45.701724,5.883545,1.75,3.5,5.25,45,null
"2020-06-09T22:20:08.000Z",45.701724,5.883545,1,3,5.25,45,null
"2020-06-09T22:24:08.000Z",45.701724,5.883545,1,2.5,4.5,45,null
"2020-06-09T22:28:12.000Z",45.701724,5.883545,2,3.75,6.25,45,null
"2020-06-09T22:32:12.000Z",45.701724,5.883545,2.5,4.75,7.25,45,null
"2020-06-09T22:36:12.000Z",45.701724,5.883545,1.5,4.25,6.25,45,null
"2020-06-09T22:40:16.000Z",45.701724,5.883545,1.5,3,4.75,67.5,null
"2020-06-09T22:44:16.000Z",45.701724,5.883545,0,1.25,3.75,67.5,null
"2020-06-09T22:48:16.000Z",45.701724,5.883545,0,1.5,3.25,67.5,null
"2020-06-09T22:52:20.000Z",45.701724,5.883545,0.25,2,5.25,45,null
"2020-06-09T22:56:20.000Z",45.701724,5.883545,0,0.75,4.25,22.5,null
"2020-06-09T23:00:20.000Z",45.701724,5.883545,0,2.25,4.25,22.5,null
"2020-06-09T23:04:24.000Z",45.701724,5.883545,1.5,2.75,4.25,22.5,null
"2020-06-09T23:08:24.000Z",45.701724,5.883545,1,2.25,4.25,45,null
"2020-06-09T23:12:24.000Z",45.701724,5.883545,0,1.5,2.75,45,null
"2020-06-09T23:16:28.000Z",45.701724,5.883545,1.5,2.75,4.25,90,null
"2020-06-09T23:20:28.000Z",45.701724,5.883545,0.75,2.5,3.75,90,null
"2020-06-09T23:24:28.000Z",45.701724,5.883545,0.75,2.5,4.25,90,null
"2020-06-09T23:32:13.000Z",45.701661,5.883523,1,2.5,3.75,90,null
"2020-06-09T23:36:13.000Z",45.701661,5.883523,0.25,1.75,2.75,90,null
"2020-06-09T23:40:13.000Z",45.701661,5.883523,1.5,2.25,3.75,90,null
"2020-06-09T23:44:17.000Z",45.701661,5.883523,1,2,3.5,112.5,null
"2020-06-09T23:48:17.000Z",45.701661,5.883523,0.25,1.75,3.25,112.5,null
"2020-06-09T23:52:17.000Z",45.701661,5.883523,0,0.5,2,90,null
"2020-06-09T23:56:22.000Z",45.701661,5.883523,0.25,1.5,3.25,90,null
"2020-06-10T00:00:22.000Z",45.701661,5.883523,0.75,2.5,4.25,112.5,null
"2020-06-10T00:04:22.000Z",45.701661,5.883523,1,2,3.5,112.5,null
"2020-06-10T00:08:25.000Z",45.701661,5.883523,1.5,3,4.5,90,null
"2020-06-10T00:12:25.000Z",45.701661,5.883523,1,2.5,4.25,112.5,null
"2020-06-10T00:16:25.000Z",45.701661,5.883523,1,2.25,3.25,112.5,null
"2020-06-10T00:21:21.000Z",45.701661,5.883523,0,1.25,2.5,135,null
"2020-06-10T00:25:21.000Z",45.701661,5.883523,0,0.75,2.5,135,null
"2020-06-10T00:29:21.000Z",45.701634,5.883546,0,0.75,2.5,135,null
"2020-06-10T00:33:26.000Z",45.701634,5.883546,0.75,2,3.75,90,null
"2020-06-10T00:37:26.000Z",45.701634,5.883546,0.25,2,4.25,67.5,null
"2020-06-10T00:41:26.000Z",45.701634,5.883546,0.25,1.5,2.75,90,null
"2020-06-10T00:45:30.000Z",45.701634,5.883546,0,0.75,2,90,null
"2020-06-10T00:49:30.000Z",45.701634,5.883546,0,0.5,2.5,90,null
"2020-06-10T00:53:30.000Z",45.701634,5.883546,0.75,1.75,2.75,90,null
"2020-06-10T00:57:34.000Z",45.701634,5.883546,0,1.75,3.5,90,null
"2020-06-10T01:01:34.000Z",45.701634,5.883546,0.75,2.75,4.25,90,null
"2020-06-10T01:05:34.000Z",45.701634,5.883546,2.75,4,6,90,null
"2020-06-10T01:09:38.000Z",45.701634,5.883546,3.25,4.25,6.25,90,null
"2020-06-10T01:13:38.000Z",45.701634,5.883546,2,3.75,6.25,90,null
"2020-06-10T01:17:38.000Z",45.701634,5.883546,0.25,3,5.25,90,null
"2020-06-10T01:21:42.000Z",45.701634,5.883546,0,0,1,112.5,null
"2020-06-10T01:25:42.000Z",45.701634,5.883546,0,0.75,2,112.5,null
"2020-06-10T01:29:42.000Z",45.701634,5.883546,0,0.5,2,90,null
"2020-06-10T01:33:46.000Z",45.701634,5.883546,0,1.5,3.75,67.5,null
"2020-06-10T01:37:46.000Z",45.701634,5.883546,0.75,3.75,7,90,null
"2020-06-10T01:41:46.000Z",45.701634,5.883546,2.75,4,4.75,90,null
"2020-06-10T01:45:50.000Z",45.701634,5.883546,0.75,2,4,90,null
"2020-06-10T01:49:50.000Z",45.701634,5.883546,0.25,2.25,4.75,135,null
"2020-06-10T01:53:50.000Z",45.701634,5.883546,1.5,3.75,5.25,112.5,null
"2020-06-10T01:57:54.000Z",45.701634,5.883546,0,2,3.25,112.5,null
"2020-06-10T02:01:54.000Z",45.701634,5.883546,0,1,2,135,null
"2020-06-10T02:05:54.000Z",45.701634,5.883546,0,0.75,2,90,null
"2020-06-10T02:09:58.000Z",45.701634,5.883546,0,0,1,90,null
"2020-06-10T02:13:58.000Z",45.701634,5.883546,0,0.75,2.75,90,null
"2020-06-10T02:17:58.000Z",45.701634,5.883546,1.5,2.25,3.5,67.5,null
"2020-06-10T02:22:02.000Z",45.701634,5.883546,1.5,2.5,3.5,90,null
"2020-06-10T02:26:02.000Z",45.701634,5.883546,0,0.75,2.5,90,null
"2020-06-10T02:30:02.000Z",45.701634,5.883546,0,0,0.75,112.5,null
"2020-06-10T02:34:06.000Z",45.701634,5.883546,0,1.75,4.5,90,null
"2020-06-10T02:38:06.000Z",45.701634,5.883546,1,2.75,4.75,67.5,null
"2020-06-10T02:42:06.000Z",45.701634,5.883546,2,4,6.5,67.5,null
"2020-06-10T02:46:10.000Z",45.701634,5.883546,1.5,4.25,7,90,null
"2020-06-10T02:50:10.000Z",45.701634,5.883546,0,3.25,5.5,90,null
"2020-06-10T02:54:10.000Z",45.701634,5.883546,0,1.25,3.5,67.5,null
"2020-06-10T02:58:14.000Z",45.701634,5.883546,0,0.5,2.5,67.5,null
"2020-06-10T03:02:14.000Z",45.701634,5.883546,1.75,3,4.25,67.5,null
"2020-06-10T03:06:14.000Z",45.701634,5.883546,2.5,4.25,6.5,67.5,null
"2020-06-10T03:10:19.000Z",45.701634,5.883546,2.75,5.5,7,67.5,null
"2020-06-10T03:14:19.000Z",45.701634,5.883546,3.25,5.5,8,67.5,null
"2020-06-10T03:18:19.000Z",45.701634,5.883546,2.5,4.25,7.25,45,null
"2020-06-10T03:22:22.000Z",45.701634,5.883546,2.75,11,16.5,0,null
"2020-06-10T03:26:22.000Z",45.701634,5.883546,11,13,15.5,337.5,null
"2020-06-10T03:30:22.000Z",45.701634,5.883546,9,13.5,16,337.5,null
"2020-06-10T03:34:26.000Z",45.701634,5.883546,11,13.5,16,337.5,null
"2020-06-10T03:38:26.000Z",45.701634,5.883546,9,11.5,13.5,337.5,null
"2020-06-10T03:42:26.000Z",45.701634,5.883546,8.25,12.5,15.5,337.5,null
"2020-06-10T03:46:31.000Z",45.701634,5.883546,9,12,14.5,337.5,null
"2020-06-10T03:50:31.000Z",45.701634,5.883546,8.25,11,14.5,337.5,null
"2020-06-10T03:54:31.000Z",45.701634,5.883546,8.25,12,15,337.5,null
"2020-06-10T03:58:35.000Z",45.701634,5.883546,9,11,13,337.5,null
"2020-06-10T04:02:35.000Z",45.701634,5.883546,6,8.25,11.5,337.5,null
"2020-06-10T04:06:35.000Z",45.701634,5.883546,5.25,8.25,12.5,0,null
"2020-06-10T04:10:39.000Z",45.701634,5.883546,3.75,7,11.5,22.5,null
"2020-06-10T04:14:39.000Z",45.701634,5.883546,0,4,6,22.5,null
"2020-06-10T04:18:39.000Z",45.701634,5.883546,0,2.5,6.5,0,null
"2020-06-10T04:22:43.000Z",45.701634,5.883546,2,5,8.75,0,null
"2020-06-10T04:26:43.000Z",45.701634,5.883546,3.5,6.25,8.75,337.5,null
"2020-06-10T04:30:43.000Z",45.701634,5.883546,4.5,6.75,9.75,337.5,null
"2020-06-10T04:34:47.000Z",45.701634,5.883546,1.75,5.25,7.25,0,null
"2020-06-10T04:38:47.000Z",45.701634,5.883546,2.75,6.75,9.5,337.5,null
"2020-06-10T04:42:47.000Z",45.701634,5.883546,4.75,7.25,9,337.5,null
"2020-06-10T04:46:51.000Z",45.701634,5.883546,7,9.25,13,337.5,null
"2020-06-10T04:50:51.000Z",45.701634,5.883546,6.5,9.25,12.5,337.5,null
"2020-06-10T04:54:51.000Z",45.701634,5.883546,8.25,11,14.5,337.5,null
"2020-06-10T04:58:55.000Z",45.701634,5.883546,7.25,11,13.5,337.5,null
"2020-06-10T05:02:55.000Z",45.701634,5.883546,8,10.5,15.5,337.5,null
"2020-06-10T05:06:55.000Z",45.701634,5.883546,7.25,10,13,337.5,null
"2020-06-10T05:10:59.000Z",45.701634,5.883546,8.25,11.5,14,337.5,null
"2020-06-10T05:14:59.000Z",45.701634,5.883546,6.5,10.5,13,337.5,null
"2020-06-10T05:18:59.000Z",45.701634,5.883546,8,11,15.5,337.5,null
"2020-06-10T05:23:03.000Z",45.701634,5.883546,8.75,10,12,337.5,null
"2020-06-10T05:27:03.000Z",45.701634,5.883546,7.25,10.5,14,337.5,null
"2020-06-10T05:31:03.000Z",45.701634,5.883546,7.25,10,12.5,337.5,null
"2020-06-10T05:35:07.000Z",45.701634,5.883546,8.25,11,14,337.5,null
"2020-06-10T05:39:07.000Z",45.701634,5.883546,8.75,11.5,14.5,337.5,null
"2020-06-10T05:43:07.000Z",45.701634,5.883546,9.75,12.5,15,337.5,null
"2020-06-10T05:47:11.000Z",45.701634,5.883546,9.75,12.5,16,337.5,null
"2020-06-10T05:51:11.000Z",45.701634,5.883546,10,13,15.5,337.5,null
"2020-06-10T05:55:11.000Z",45.701634,5.883546,9.75,12.5,16,337.5,null
"2020-06-10T05:59:15.000Z",45.701634,5.883546,9,11.5,15.5,337.5,null
"2020-06-10T06:03:15.000Z",45.701634,5.883546,9.75,12.5,15,337.5,null
"2020-06-10T06:07:15.000Z",45.701634,5.883546,6.25,9,12.5,337.5,null
"2020-06-10T06:11:19.000Z",45.701634,5.883546,7.25,9.5,11.5,315,null
"2020-06-10T06:15:19.000Z",45.701634,5.883546,6.5,9,11.5,315,null
"2020-06-10T06:19:19.000Z",45.701634,5.883546,6.5,9.5,11.5,315,null
"2020-06-10T06:35:27.000Z",45.701634,5.883546,9,11,14,337.5,null
"2020-06-10T06:39:27.000Z",45.701634,5.883546,8,12,14.5,337.5,null
"2020-06-10T06:43:27.000Z",45.701634,5.883546,10,12,14.5,337.5,null
"2020-06-10T06:47:31.000Z",45.701634,5.883546,9.75,11,13,315,null
"2020-06-10T06:51:31.000Z",45.701634,5.883546,8.25,10.5,13,315,null
"2020-06-10T06:55:31.000Z",45.701634,5.883546,6.5,9.5,12,337.5,null
"2020-06-10T06:59:35.000Z",45.701634,5.883546,7.25,9.75,12,337.5,null
"2020-06-10T07:03:35.000Z",45.701634,5.883546,8.25,11,15.5,337.5,null
"2020-06-10T07:07:35.000Z",45.701634,5.883546,7,9.75,12,337.5,null
"2020-06-10T07:11:40.000Z",45.701634,5.883546,7.75,10,13,337.5,null
"2020-06-10T07:15:40.000Z",45.701634,5.883546,7.25,9.5,12,337.5,null
"2020-06-10T07:19:40.000Z",45.701634,5.883546,8,11,13,337.5,null
"2020-06-10T07:23:44.000Z",45.701634,5.883546,6.5,9,12,337.5,null
"2020-06-10T07:27:44.000Z",45.701634,5.883546,7.75,10.5,15,337.5,null
"2020-06-10T07:31:44.000Z",45.701634,5.883546,9.75,12,14,337.5,null
"2020-06-10T07:35:48.000Z",45.701634,5.883546,9,11,13,337.5,null
"2020-06-10T07:39:48.000Z",45.701634,5.883546,5.5,10.5,12.5,0,null
"2020-06-10T07:43:48.000Z",45.701634,5.883546,8.25,10.5,12.5,337.5,null
"2020-06-10T07:47:52.000Z",45.701634,5.883546,6.25,9.75,12,337.5,null
"2020-06-10T07:51:52.000Z",45.701634,5.883546,8,10.5,13,337.5,null
"2020-06-10T07:55:52.000Z",45.701634,5.883546,8,10,12,337.5,null
"2020-06-10T07:59:56.000Z",45.701634,5.883546,7.75,9.75,12,337.5,null
"2020-06-10T08:03:56.000Z",45.701634,5.883546,9.5,11,13,337.5,null
"2020-06-10T08:07:56.000Z",45.701634,5.883546,8,11,12,337.5,null
"2020-06-10T08:11:59.000Z",45.701634,5.883546,9.5,11,13,337.5,null
"2020-06-10T08:15:59.000Z",45.701634,5.883546,9.5,11.5,13,337.5,null
"2020-06-10T08:19:59.000Z",45.701634,5.883546,10,12.5,15.5,337.5,null
"2020-06-10T08:24:04.000Z",45.701634,5.883546,9,12.5,15.5,337.5,null
"2020-06-10T08:28:04.000Z",45.701634,5.883546,9.5,12,15,337.5,null
"2020-06-10T08:32:04.000Z",45.701634,5.883546,8.25,10,12.5,337.5,null
"2020-06-10T08:36:07.000Z",45.701634,5.883546,7.25,9.25,12,337.5,null
"2020-06-10T08:40:07.000Z",45.701634,5.883546,7.75,10.5,13.5,337.5,null
"2020-06-10T08:44:07.000Z",45.701634,5.883546,6.5,9.25,13,337.5,null
"2020-06-10T08:48:12.000Z",45.701634,5.883546,9,11,13.5,0,null
"2020-06-10T08:52:12.000Z",45.701634,5.883546,9.5,11.5,14,337.5,null
"2020-06-10T08:56:12.000Z",45.701634,5.883546,6,10,12,0,null
"2020-06-10T09:00:16.000Z",45.701634,5.883546,7.75,10.5,12.5,337.5,null
"2020-06-10T09:04:16.000Z",45.701634,5.883546,8.75,11.5,14.5,337.5,null
"2020-06-10T09:08:16.000Z",45.701634,5.883546,8.75,11.5,15,337.5,null
"2020-06-10T09:12:20.000Z",45.701634,5.883546,11.5,14,18,337.5,null
"2020-06-10T09:16:20.000Z",45.701634,5.883546,7.25,11,14.5,337.5,null
"2020-06-10T09:20:20.000Z",45.701634,5.883546,5.25,9.5,14,337.5,null
"2020-06-10T09:24:24.000Z",45.701634,5.883546,6.5,8.25,10.5,337.5,null
"2020-06-10T09:28:24.000Z",45.701634,5.883546,5.25,7,9,0,null
"2020-06-10T09:32:24.000Z",45.701634,5.883546,5.25,7.75,11,0,null
"2020-06-10T09:36:28.000Z",45.701634,5.883546,6.5,8.25,10,0,null
"2020-06-10T09:40:28.000Z",45.701634,5.883546,5.5,7,9.5,337.5,null
"2020-06-10T09:44:28.000Z",45.701634,5.883546,4.5,7,11,337.5,null
"2020-06-10T09:48:32.000Z",45.701634,5.883546,6,8,11,337.5,null
"2020-06-10T09:52:32.000Z",45.701634,5.883546,7.75,9.75,13,337.5,null
"2020-06-10T09:56:32.000Z",45.701634,5.883546,6,8.75,12,0,null
"2020-06-10T10:00:36.000Z",45.701634,5.883546,6.75,11,14.5,337.5,null
"2020-06-10T10:04:36.000Z",45.701634,5.883546,6.5,9.5,12,0,null
"2020-06-10T10:08:36.000Z",45.701634,5.883546,5.25,8,10,0,null
"2020-06-10T10:12:40.000Z",45.701634,5.883546,5.5,7.75,10,0,null
"2020-06-10T10:16:40.000Z",45.701634,5.883546,3.75,6.25,8.25,0,null
"2020-06-10T10:20:40.000Z",45.701634,5.883546,2.75,4.5,6.5,337.5,null
"2020-06-10T10:24:44.000Z",45.701634,5.883546,2.5,4,6,0,null
"2020-06-10T10:28:44.000Z",45.701634,5.883546,2.5,3.5,4.75,337.5,null
"2020-06-10T10:32:44.000Z",45.701634,5.883546,0.75,3,4.5,337.5,null
"2020-06-10T10:36:48.000Z",45.701634,5.883546,0,1.5,3.25,315,null
"2020-06-10T10:40:48.000Z",45.701634,5.883546,0,1.5,4.25,270,null
"2020-06-10T10:44:48.000Z",45.701634,5.883546,2,3.5,4.75,247.5,null
"2020-06-10T10:48:52.000Z",45.701634,5.883546,1,2.5,4.5,270,null
"2020-06-10T10:52:52.000Z",45.701634,5.883546,0.25,1.5,4.25,270,null
"2020-06-10T10:56:52.000Z",45.701634,5.883546,1,3,7,247.5,null
"2020-06-10T11:00:56.000Z",45.701634,5.883546,0,0.25,2.25,270,null
"2020-06-10T11:04:56.000Z",45.701634,5.883546,0,0.75,2.5,292.5,null
"2020-06-10T11:08:56.000Z",45.701634,5.883546,0,1.25,3.25,292.5,null
"2020-06-10T11:13:00.000Z",45.701634,5.883546,0,0.5,1.75,225,null
"2020-06-10T11:17:00.000Z",45.701634,5.883546,0,0.5,2.5,202.5,null
"2020-06-10T11:21:00.000Z",45.701634,5.883546,0,0.75,3.25,202.5,null
"2020-06-10T11:25:04.000Z",45.701634,5.883546,0,0,1.5,202.5,null
"2020-06-10T11:29:04.000Z",45.701634,5.883546,0,1.75,3.5,292.5,null
"2020-06-10T11:33:04.000Z",45.701634,5.883546,0,0.5,2.5,0,null
"2020-06-10T11:37:08.000Z",45.701634,5.883546,0,0,0,225,null
"2020-06-10T11:41:08.000Z",45.701634,5.883546,0,0.5,2.75,180,null
"2020-06-10T11:45:08.000Z",45.701634,5.883546,0,1.25,2.75,202.5,null
"2020-06-10T11:49:13.000Z",45.701634,5.883546,0,2,3.5,180,null
"2020-06-10T11:53:13.000Z",45.701634,5.883546,0,1.5,3.25,157.5,null
"2020-06-10T11:57:13.000Z",45.701634,5.883546,0,0.75,2,180,null
"2020-06-10T12:01:16.000Z",45.701634,5.883546,0,0.25,1.75,67.5,null
"2020-06-10T12:05:16.000Z",45.701634,5.883546,0.25,2,3.25,45,null
"2020-06-10T12:09:16.000Z",45.701634,5.883546,0.25,2.5,4.25,45,null
"2020-06-10T12:13:20.000Z",45.701634,5.883546,1,2.5,3.75,67.5,null
"2020-06-10T12:17:20.000Z",45.701634,5.883546,0,1.25,2.75,45,null
"2020-06-10T12:21:20.000Z",45.701634,5.883546,0,0.25,1.5,90,null
"2020-06-10T12:25:24.000Z",45.701634,5.883546,0,0,0,225,null
"2020-06-10T12:29:24.000Z",45.701634,5.883546,0,0,0.25,270,null
"2020-06-10T12:33:24.000Z",45.701634,5.883546,0,0,1.5,337.5,null
"2020-06-10T12:37:29.000Z",45.701634,5.883546,0,0,0,0,null
"2020-06-10T12:41:29.000Z",45.701634,5.883546,0,0.75,2.75,45,null
"2020-06-10T12:45:29.000Z",45.701634,5.883546,0,0,1,45,null
"2020-06-10T12:49:33.000Z",45.701634,5.883546,0,0,0,90,null
"2020-06-10T12:53:33.000Z",45.701634,5.883546,0,1,2.5,112.5,null
"2020-06-10T12:57:33.000Z",45.701634,5.883546,0,1.75,3.5,90,null
"2020-06-10T13:01:37.000Z",45.701634,5.883546,0,1,3.75,112.5,null
"2020-06-10T13:05:37.000Z",45.701634,5.883546,0,1.5,3.75,90,null
"2020-06-10T13:09:37.000Z",45.701634,5.883546,0,1.25,3.25,90,null
"2020-06-10T13:13:41.000Z",45.701634,5.883546,0,1,2.5,90,null
"2020-06-10T13:17:41.000Z",45.701634,5.883546,0.25,1.25,2.75,112.5,null
"2020-06-10T13:21:41.000Z",45.701634,5.883546,1,2,3.5,112.5,null
"2020-06-10T13:25:45.000Z",45.701634,5.883546,0,1.5,3.25,112.5,null
"2020-06-10T13:29:45.000Z",45.701634,5.883546,1.75,2.75,3.75,112.5,null
"2020-06-10T13:33:45.000Z",45.701634,5.883546,1.5,3,5.25,67.5,null
"2020-06-10T13:37:49.000Z",45.701634,5.883546,0,2,4.25,67.5,null
"2020-06-10T13:41:49.000Z",45.701634,5.883546,0,3.75,12,270,null
"2020-06-10T13:45:49.000Z",45.701634,5.883546,0.75,7.5,13,247.5,null
"2020-06-12T19:17:19.000Z",45.701634,5.883546,7.75,10,12,0,null
"2020-06-12T19:21:19.000Z",45.701634,5.883546,7.25,9,11,337.5,null
"2020-06-12T19:25:19.000Z",45.701634,5.883546,7.75,9.5,11,337.5,null
"2020-06-12T19:29:23.000Z",45.701634,5.883546,7,8.25,10,0,null
"2020-06-12T19:33:23.000Z",45.701634,5.883546,6.5,8.75,10.5,0,null
"2020-06-12T19:37:23.000Z",45.701634,5.883546,1.5,5.5,8.25,0,null
"2020-06-12T19:41:27.000Z",45.701634,5.883546,2.75,6,13.5,337.5,null
"2020-06-12T19:45:27.000Z",45.701634,5.883546,11.5,13,14.5,337.5,null
"2020-06-12T19:49:27.000Z",45.701634,5.883546,11,13,14.5,337.5,null
"2020-06-12T19:53:31.000Z",45.701634,5.883546,9.5,11.5,13.5,337.5,null
"2020-06-12T19:57:31.000Z",45.701634,5.883546,9.75,11.5,13.5,0,null
"2020-06-12T20:01:31.000Z",45.701634,5.883546,6.5,10.5,14,0,null
"2020-06-12T20:05:35.000Z",45.701634,5.883546,2.5,5.25,7.5,22.5,null
"2020-06-12T20:09:35.000Z",45.701634,5.883546,2.75,5.75,11,0,null
"2020-06-12T20:13:35.000Z",45.701634,5.883546,8,10,12,0,null
"2020-06-12T20:17:39.000Z",45.701634,5.883546,3.75,8.25,12.5,22.5,null
"2020-06-12T20:21:39.000Z",45.701634,5.883546,4.5,8.5,12,0,null
"2020-06-12T20:25:39.000Z",45.701634,5.883546,6.5,11,12.5,0,null
"2020-06-12T20:29:43.000Z",45.701634,5.883546,7.75,9,11,0,null
"2020-06-12T20:33:43.000Z",45.701634,5.883546,4.5,6.75,9,0,null
"2020-06-12T20:37:43.000Z",45.701634,5.883546,1.5,3.5,6.25,45,null
"2020-06-12T20:41:47.000Z",45.701634,5.883546,0.75,3.5,5.5,90,null
"2020-06-12T20:45:47.000Z",45.701634,5.883546,0,1.25,4.5,67.5,null
"2020-06-12T20:49:47.000Z",45.701634,5.883546,0,2.5,8.25,0,null
"2020-06-12T20:53:51.000Z",45.701634,5.883546,3.75,8,13,337.5,null
"2020-06-12T20:57:51.000Z",45.701634,5.883546,6.5,10.5,13,337.5,null
"2020-06-12T21:01:51.000Z",45.701634,5.883546,6.5,8.75,11,337.5,null
"2020-06-12T21:05:55.000Z",45.701634,5.883546,6.25,10.5,13,337.5,null
"2020-06-12T21:09:55.000Z",45.701634,5.883546,9,11,12.5,337.5,null
"2020-06-12T21:13:55.000Z",45.701634,5.883546,8.75,10,11.5,337.5,null
"2020-06-12T21:17:59.000Z",45.701634,5.883546,7.75,11,13,315,null
"2020-06-12T21:21:59.000Z",45.701634,5.883546,9.5,11.5,13.5,337.5,null
"2020-06-12T21:25:59.000Z",45.701634,5.883546,10.5,12.5,14.5,337.5,null
"2020-06-12T21:30:03.000Z",45.701634,5.883546,10,13,16.5,337.5,null
"2020-06-12T21:34:03.000Z",45.701634,5.883546,9.75,13.5,17,315,null
"2020-06-12T21:38:03.000Z",45.701634,5.883546,9,13,15.5,315,null
"2020-06-12T21:42:08.000Z",45.701634,5.883546,5.25,8.75,13.5,315,null
"2020-06-12T21:46:08.000Z",45.701634,5.883546,5.5,6.75,8,337.5,null
"2020-06-12T21:50:08.000Z",45.701634,5.883546,4.5,7,9,0,null
"2020-06-12T21:54:12.000Z",45.701634,5.883546,0.75,5.25,8.25,22.5,null
"2020-06-12T21:58:12.000Z",45.701634,5.883546,2,4.5,7,22.5,null
"2020-06-12T22:02:12.000Z",45.701634,5.883546,0,1.75,4.25,0,null
"2020-06-12T22:06:15.000Z",45.701634,5.883546,2,3,4.25,0,null
"2020-06-12T22:10:15.000Z",45.701634,5.883546,0.75,1.75,3.5,22.5,null
"2020-06-12T22:14:15.000Z",45.701634,5.883546,0.75,2.75,4.5,67.5,null
"2020-06-12T22:18:19.000Z",45.701634,5.883546,1.75,3,4.5,90,null
"2020-06-12T22:22:19.000Z",45.701634,5.883546,2.5,3.5,4.75,67.5,null
"2020-06-12T22:26:19.000Z",45.701634,5.883546,1.75,3,4.5,67.5,null
"2020-06-12T22:30:23.000Z",45.701634,5.883546,2,3.25,5.5,67.5,null
"2020-06-12T22:34:23.000Z",45.701634,5.883546,2.5,4,7,45,null
"2020-06-12T22:38:23.000Z",45.701634,5.883546,2.75,5.5,8.75,22.5,null
"2020-06-12T22:42:27.000Z",45.701634,5.883546,4.25,6.75,11,0,null
"2020-06-12T22:46:27.000Z",45.701634,5.883546,3.25,7,10,0,null
"2020-06-12T22:50:27.000Z",45.701634,5.883546,2.75,8,12,337.5,null
"2020-06-12T22:54:32.000Z",45.701634,5.883546,7,9.5,12,315,null
"2020-06-12T22:58:32.000Z",45.701634,5.883546,6.25,9.5,12,337.5,null
"2020-06-12T23:02:32.000Z",45.701634,5.883546,6,10,11.5,337.5,null
"2020-06-12T23:06:36.000Z",45.701634,5.883546,2.75,8.25,12,0,null
"2020-06-12T23:10:36.000Z",45.701634,5.883546,2.5,4.5,6.5,90,null
"2020-06-12T23:14:36.000Z",45.701634,5.883546,1.75,3.75,6.25,90,null
"2020-06-12T23:18:40.000Z",45.701634,5.883546,0.25,2.25,3.5,90,null
"2020-06-12T23:22:40.000Z",45.701634,5.883546,0,1,3.25,90,null
"2020-06-12T23:26:40.000Z",45.701634,5.883546,0,1,2.5,112.5,null
"2020-06-12T23:34:14.000Z",45.701656,5.883596,2.5,3.5,4.75,90,null
"2020-06-12T23:38:14.000Z",45.701656,5.883596,2.75,4.5,6.25,67.5,null
"2020-06-12T23:42:14.000Z",45.701656,5.883596,1,2.75,4.75,90,null
"2020-06-12T23:46:17.000Z",45.701656,5.883596,1.5,3.25,4.5,90,null
"2020-06-12T23:50:17.000Z",45.701656,5.883596,1.5,2.75,3.75,90,null
"2020-06-12T23:54:17.000Z",45.701656,5.883596,1.5,2.75,3.75,90,null
"2020-06-12T23:58:21.000Z",45.701656,5.883596,1.5,3,4.5,90,null
"2020-06-13T00:02:21.000Z",45.701656,5.883596,0.25,1.75,4.5,90,null
"2020-06-13T00:06:21.000Z",45.701656,5.883596,1,2.75,3.75,90,null
"2020-06-13T00:10:26.000Z",45.701656,5.883596,1,4,6.25,90,null
"2020-06-13T00:14:26.000Z",45.701656,5.883596,1,2.75,3.75,90,null
"2020-06-13T00:18:26.000Z",45.701656,5.883596,1,2.5,4.5,90,null
"2020-06-13T00:23:16.000Z",45.701656,5.883596,1,2.5,3.75,90,null
"2020-06-13T00:27:16.000Z",45.701656,5.883596,2.5,3.25,3.75,112.5,null
"2020-06-13T00:31:16.000Z",45.701687,5.883608,1.75,3,4.25,90,null
"2020-06-13T00:35:20.000Z",45.701687,5.883608,1,3,6,67.5,null
"2020-06-13T00:39:20.000Z",45.701687,5.883608,1,3.25,6.5,67.5,null
"2020-06-13T00:43:20.000Z",45.701687,5.883608,0,2.25,6,45,null
"2020-06-13T00:47:24.000Z",45.701687,5.883608,1,8.5,12.5,0,null
"2020-06-13T00:51:24.000Z",45.701687,5.883608,3.25,8.5,12.5,0,null
"2020-06-13T00:55:24.000Z",45.701687,5.883608,9,11,12.5,0,null
"2020-06-13T00:59:28.000Z",45.701687,5.883608,2,5.5,10,22.5,null
"2020-06-13T01:03:28.000Z",45.701687,5.883608,1.75,3.5,4.75,45,null
"2020-06-13T01:07:28.000Z",45.701687,5.883608,1.75,3,4.75,67.5,null
"2020-06-13T01:11:32.000Z",45.701687,5.883608,1.5,4,5.5,67.5,null
"2020-06-13T01:15:32.000Z",45.701687,5.883608,1.5,3.25,4.5,67.5,null
"2020-06-13T01:19:32.000Z",45.701687,5.883608,0.75,3.75,6.25,90,null
"2020-06-13T01:23:36.000Z",45.701687,5.883608,2,3.75,6,90,null
"2020-06-13T01:27:36.000Z",45.701687,5.883608,1.75,3,4.25,67.5,null
"2020-06-13T01:31:36.000Z",45.701687,5.883608,1.5,3.25,5.5,67.5,null
"2020-06-13T01:35:40.000Z",45.701687,5.883608,1.75,3.5,4.75,45,null
"2020-06-13T01:39:40.000Z",45.701687,5.883608,0,2.25,4.75,45,null
"2020-06-13T01:43:40.000Z",45.701687,5.883608,0,2.25,5.25,22.5,null
"2020-06-13T01:47:44.000Z",45.701687,5.883608,2,3.75,6,22.5,null
"2020-06-13T01:51:44.000Z",45.701687,5.883608,0,2.75,6.5,22.5,null
"2020-06-13T01:55:44.000Z",45.701687,5.883608,0.25,2,3.25,45,null
"2020-06-13T01:59:49.000Z",45.701687,5.883608,0,1.25,2.75,45,null
"2020-06-13T02:03:49.000Z",45.701687,5.883608,0,0.25,2,90,null
"2020-06-13T02:07:49.000Z",45.701687,5.883608,1.5,3.25,4.5,90,null
"2020-06-13T02:11:52.000Z",45.701687,5.883608,1,3.5,4.75,90,null
"2020-06-13T02:15:52.000Z",45.701687,5.883608,0.75,2,3.75,67.5,null
"2020-06-13T02:19:52.000Z",45.701687,5.883608,0,1.75,4.5,90,null
"2020-06-13T02:23:57.000Z",45.701687,5.883608,0,1.25,2.75,135,null
"2020-06-13T02:27:57.000Z",45.701687,5.883608,0,2,3.75,90,null
"2020-06-13T02:31:57.000Z",45.701687,5.883608,1,2.75,3.75,67.5,null
"2020-06-13T02:36:00.000Z",45.701687,5.883608,1,3,5.25,90,null
"2020-06-13T02:40:00.000Z",45.701687,5.883608,3.5,4.5,6.5,67.5,null
"2020-06-13T02:44:00.000Z",45.701687,5.883608,1,2.75,6.25,67.5,null
"2020-06-13T02:48:05.000Z",45.701687,5.883608,0,0,1.5,22.5,null
"2020-06-13T02:52:05.000Z",45.701687,5.883608,0,1,2.75,112.5,null
"2020-06-13T02:56:05.000Z",45.701687,5.883608,2,4.25,5.5,90,null
"2020-06-13T03:00:08.000Z",45.701687,5.883608,0.75,4,6.25,67.5,null
"2020-06-13T03:04:08.000Z",45.701687,5.883608,0.75,2.75,4.5,67.5,null
"2020-06-13T03:08:08.000Z",45.701687,5.883608,0.75,3,4.25,90,null
"2020-06-13T03:12:12.000Z",45.701687,5.883608,0,2,3.5,67.5,null
"2020-06-13T03:16:12.000Z",45.701687,5.883608,0.75,3,5.25,45,null
"2020-06-13T03:20:12.000Z",45.701687,5.883608,0,1.5,2.75,67.5,null
"2020-06-13T03:24:17.000Z",45.701687,5.883608,0,1.5,2.75,67.5,null
"2020-06-13T03:28:17.000Z",45.701687,5.883608,1,4,6,90,null
"2020-06-13T03:32:17.000Z",45.701687,5.883608,2,3.75,5.25,90,null
"2020-06-13T03:36:20.000Z",45.701687,5.883608,2.75,4,5.25,67.5,null
"2020-06-13T03:40:20.000Z",45.701687,5.883608,2,3.5,4.75,67.5,null
"2020-06-13T03:44:20.000Z",45.701687,5.883608,1,2.75,4.25,90,null
"2020-06-13T03:48:25.000Z",45.701687,5.883608,0.75,2.25,3.5,90,null
"2020-06-13T03:52:25.000Z",45.701687,5.883608,0.75,2,3.25,112.5,null
"2020-06-13T03:56:25.000Z",45.701687,5.883608,0,1.5,3.5,90,null
"2020-06-13T04:00:29.000Z",45.701687,5.883608,0,1.75,3.75,135,null
"2020-06-13T04:04:29.000Z",45.701687,5.883608,0.75,2.25,3.75,112.5,null
"2020-06-13T04:08:29.000Z",45.701687,5.883608,2,3.75,5.5,90,null
"2020-06-13T04:12:33.000Z",45.701687,5.883608,1,2.75,4.75,112.5,null
"2020-06-13T04:16:33.000Z",45.701687,5.883608,0,2.25,4.25,135,null
"2020-06-13T04:20:33.000Z",45.701687,5.883608,0.25,2.5,3.5,135,null
"2020-06-13T04:24:37.000Z",45.701687,5.883608,0.25,1.75,3.25,157.5,null
"2020-06-13T04:28:37.000Z",45.701687,5.883608,0.75,1.75,3.25,90,null
"2020-06-13T04:32:37.000Z",45.701687,5.883608,2,3,4.5,90,null
"2020-06-13T04:36:40.000Z",45.701687,5.883608,1.5,3.75,4.75,90,null
"2020-06-13T04:40:40.000Z",45.701687,5.883608,0.75,2,3.75,112.5,null
"2020-06-13T04:44:40.000Z",45.701687,5.883608,1,2.75,4.75,112.5,null
"2020-06-13T04:48:45.000Z",45.701687,5.883608,1,2.75,4.25,112.5,null
"2020-06-13T04:52:45.000Z",45.701687,5.883608,1.5,3.25,5.5,90,null
"2020-06-13T04:56:45.000Z",45.701687,5.883608,0,2.5,4.25,90,null
"2020-06-13T05:00:49.000Z",45.701687,5.883608,1,2.25,3.25,67.5,null
"2020-06-13T05:04:49.000Z",45.701687,5.883608,1.5,2.5,3.5,90,null
"2020-06-13T05:08:49.000Z",45.701687,5.883608,1,2.25,4.75,112.5,null
"2020-06-13T05:12:53.000Z",45.701687,5.883608,0,1.25,3.5,90,null
"2020-06-13T05:16:53.000Z",45.701687,5.883608,0.25,1.25,3.25,135,null
"2020-06-13T05:20:53.000Z",45.701687,5.883608,0,1,3.5,90,null
"2020-06-13T05:24:57.000Z",45.701687,5.883608,0.25,2.25,4.25,90,null
"2020-06-13T05:28:57.000Z",45.701687,5.883608,0,0.75,3.25,135,null
"2020-06-13T05:32:57.000Z",45.701687,5.883608,0,1.75,6,112.5,null
"2020-06-13T05:37:01.000Z",45.701687,5.883608,0.75,3.25,6.5,112.5,null
"2020-06-13T05:41:01.000Z",45.701687,5.883608,0,3.25,6.5,112.5,null
"2020-06-13T05:45:01.000Z",45.701687,5.883608,0,1.5,4.25,112.5,null
"2020-06-13T05:49:05.000Z",45.701687,5.883608,0,2.25,5.25,157.5,null
"2020-06-13T05:53:05.000Z",45.701687,5.883608,0,1.5,4.5,202.5,null
"2020-06-13T05:57:05.000Z",45.701687,5.883608,0.25,3,4.5,225,null
"2020-06-13T06:01:09.000Z",45.701687,5.883608,0,0.75,3,112.5,null
"2020-06-13T06:05:09.000Z",45.701687,5.883608,0,3,4.75,67.5,null
"2020-06-13T06:09:09.000Z",45.701687,5.883608,1,3.75,7.25,67.5,null
"2020-06-13T06:13:13.000Z",45.701687,5.883608,0,2.75,5.25,90,null
"2020-06-13T06:17:13.000Z",45.701687,5.883608,0,1.75,5.25,67.5,null
"2020-06-13T06:21:13.000Z",45.701687,5.883608,0,2,4.75,112.5,null
"2020-06-13T06:25:17.000Z",45.701687,5.883608,0.75,2.25,3.75,90,null
"2020-06-13T06:29:17.000Z",45.701687,5.883608,0,1.5,3.75,112.5,null
"2020-06-13T06:33:17.000Z",45.701687,5.883608,0.75,3.75,6,90,null
"2020-06-13T06:37:21.000Z",45.701687,5.883608,0.75,2.5,4.5,90,null
"2020-06-13T06:41:21.000Z",45.701687,5.883608,0.75,2.75,5.5,90,null
"2020-06-13T06:45:21.000Z",45.701687,5.883608,0,2,5.5,135,null
"2020-06-13T06:49:25.000Z",45.701687,5.883608,0,1,4.75,157.5,null
"2020-06-13T06:53:25.000Z",45.701687,5.883608,0,1.5,4.5,135,null
"2020-06-13T06:57:25.000Z",45.701687,5.883608,0,2.5,6.25,135,null
"2020-06-13T07:01:30.000Z",45.701687,5.883608,0.25,3.25,9,180,null
"2020-06-13T07:05:30.000Z",45.701687,5.883608,4.5,7.25,9.75,202.5,null
"2020-06-13T07:09:30.000Z",45.701687,5.883608,0,5.25,10.5,202.5,null
"2020-06-13T07:13:33.000Z",45.701687,5.883608,0,2.75,6,180,null
"2020-06-13T07:17:33.000Z",45.701687,5.883608,2.5,4.75,7,180,null
"2020-06-13T07:21:33.000Z",45.701687,5.883608,2,5.25,9,180,null
"2020-06-13T07:25:37.000Z",45.701687,5.883608,1.75,5.75,8,202.5,null
"2020-06-13T07:29:37.000Z",45.701687,5.883608,2.75,5.5,8.25,202.5,null
"2020-06-13T07:33:37.000Z",45.701687,5.883608,0.75,4.25,7,202.5,null
"2020-06-13T07:37:41.000Z",45.701687,5.883608,0,0.75,2.5,202.5,null
"2020-06-13T07:41:41.000Z",45.701687,5.883608,0,0,0,180,null
"2020-06-13T07:45:41.000Z",45.701687,5.883608,0,1.25,4.25,0,null
"2020-06-13T07:49:45.000Z",45.701687,5.883608,3.25,6.5,9,0,null
"2020-06-13T07:53:45.000Z",45.701687,5.883608,4.5,6.5,8.75,0,null
"2020-06-13T07:57:45.000Z",45.701687,5.883608,4.75,6.5,9,0,null
"2020-06-13T08:01:50.000Z",45.701687,5.883608,6.25,8,9.75,337.5,null
"2020-06-13T08:05:50.000Z",45.701687,5.883608,6.25,8.5,10,337.5,null
"2020-06-13T08:09:50.000Z",45.701687,5.883608,6.5,8.25,9.5,337.5,null
"2020-06-13T08:13:53.000Z",45.701687,5.883608,4.75,7.25,8.75,315,null
"2020-06-13T08:17:53.000Z",45.701687,5.883608,4.5,5.5,7,337.5,null
"2020-06-13T08:21:53.000Z",45.701687,5.883608,4.5,6.25,7.75,337.5,null
"2020-06-13T08:25:58.000Z",45.701687,5.883608,4.5,7.25,9.5,337.5,null
"2020-06-13T08:29:58.000Z",45.701687,5.883608,9,10,12,337.5,null
"2020-06-13T08:33:58.000Z",45.701687,5.883608,9,11,12,337.5,null
"2020-06-13T08:38:02.000Z",45.701687,5.883608,6.5,9.5,11.5,337.5,null
"2020-06-13T08:42:02.000Z",45.701687,5.883608,6.25,7.75,9,337.5,null
"2020-06-13T08:46:02.000Z",45.701687,5.883608,6.5,8,9.5,315,null
"2020-06-13T08:50:06.000Z",45.701687,5.883608,4.5,7,11.5,292.5,null
"2020-06-13T08:54:06.000Z",45.701687,5.883608,5.25,11.5,17.5,270,null
"2020-06-13T08:58:06.000Z",45.701687,5.883608,3.5,9,24,315,null
"2020-06-13T09:02:09.000Z",45.701687,5.883608,9.5,20,32.5,292.5,null
"2020-06-13T09:06:09.000Z",45.701687,5.883608,11,20,27.5,292.5,null
"2020-06-13T09:10:09.000Z",45.701687,5.883608,13,19.5,27,270,null
"2020-06-13T09:14:14.000Z",45.701687,5.883608,12,19.5,26.5,270,null
"2020-06-13T09:18:14.000Z",45.701687,5.883608,15.5,22,28,270,null
"2020-06-13T09:22:14.000Z",45.701687,5.883608,15,22.5,31.5,270,null
"2020-06-13T09:26:18.000Z",45.701687,5.883608,13,23.5,33.5,270,null
"2020-06-13T09:30:18.000Z",45.701687,5.883608,22.5,28,38,270,null
"2020-06-13T09:34:18.000Z",45.701687,5.883608,26,31,35.5,270,null
"2020-06-13T09:38:22.000Z",45.701687,5.883608,19,25.5,36,270,null
"2020-06-13T09:42:22.000Z",45.701687,5.883608,16.5,24.5,31.5,270,null
"2020-06-13T09:46:22.000Z",45.701687,5.883608,8.25,18,33,292.5,null
"2020-06-13T09:50:26.000Z",45.701687,5.883608,13,26.5,40.5,270,null
"2020-06-13T09:54:26.000Z",45.701687,5.883608,22,28.5,35.5,270,null
"2020-06-13T09:58:26.000Z",45.701687,5.883608,21,28,34,270,null
"2020-06-13T10:02:30.000Z",45.701687,5.883608,22.5,32,38,270,null
"2020-06-13T10:06:30.000Z",45.701687,5.883608,22.5,34,43,270,null
"2020-06-13T10:10:30.000Z",45.701687,5.883608,22,32.5,41.5,270,null
"2020-06-13T10:14:34.000Z",45.701687,5.883608,24.5,33,42,270,null
"2020-06-13T10:18:34.000Z",45.701687,5.883608,26,35,44,247.5,null
"2020-06-13T10:22:34.000Z",45.701687,5.883608,22.5,32,39.5,270,null
"2020-06-13T10:26:38.000Z",45.701687,5.883608,19,31,39.5,270,null
"2020-06-13T10:30:38.000Z",45.701687,5.883608,18.5,26,35,247.5,null
"2020-06-13T10:34:38.000Z",45.701687,5.883608,16.5,24,31.5,270,null
"2020-06-13T10:38:42.000Z",45.701687,5.883608,11,17.5,29,270,null
"2020-06-13T10:42:42.000Z",45.701687,5.883608,6.25,15,27.5,270,null
"2020-06-13T10:46:42.000Z",45.701687,5.883608,9,17,25.5,292.5,null
"2020-06-13T10:50:46.000Z",45.701687,5.883608,6.5,12,19.5,0,null
"2020-06-13T10:54:46.000Z",45.701687,5.883608,5.5,11,16,0,null
"2020-06-13T10:58:46.000Z",45.701687,5.883608,4.75,12,22,0,null
"2020-06-13T11:02:51.000Z",45.701687,5.883608,0,4,14,0,null
"2020-06-13T11:06:51.000Z",45.701687,5.883608,0,5.5,12,22.5,null
"2020-06-13T11:10:51.000Z",45.701687,5.883608,1.5,5.75,13,45,null
"2020-06-13T11:14:54.000Z",45.701687,5.883608,2.75,7.25,13,45,null
"2020-06-13T11:18:54.000Z",45.701687,5.883608,3.5,8.75,14,0,null
"2020-06-13T11:22:54.000Z",45.701687,5.883608,1.75,3.75,7,45,null
"2020-06-13T11:26:58.000Z",45.701687,5.883608,0.75,3,4.5,67.5,null
"2020-06-13T11:30:58.000Z",45.701687,5.883608,0.25,2.5,6,67.5,null
"2020-06-13T11:34:58.000Z",45.701687,5.883608,0,1.5,3.5,112.5,null
"2020-06-13T11:39:02.000Z",45.701687,5.883608,0,0,0,67.5,null
"2020-06-13T11:43:02.000Z",45.701687,5.883608,0,2,4.75,135,null
"2020-06-13T11:47:02.000Z",45.701687,5.883608,2,3.5,5.25,112.5,null
"2020-06-13T11:51:07.000Z",45.701687,5.883608,0.75,2.25,4.25,90,null
"2020-06-13T11:55:07.000Z",45.701687,5.883608,1.5,2.5,4.25,112.5,null
"2020-06-13T11:59:07.000Z",45.701687,5.883608,0,1.5,3.75,112.5,null
"2020-06-13T12:03:10.000Z",45.701687,5.883608,0,1.25,3.5,90,null
"2020-06-13T12:07:10.000Z",45.701687,5.883608,1.75,4,5.5,67.5,null
"2020-06-13T12:11:10.000Z",45.701687,5.883608,0.25,4,6.5,67.5,null
"2020-06-13T12:15:14.000Z",45.701687,5.883608,0,0.5,2,135,null
"2020-06-13T12:19:14.000Z",45.701687,5.883608,0,1,2.75,45,null
"2020-06-13T12:23:14.000Z",45.701687,5.883608,0,2,4.25,180,null
"2020-06-13T12:27:19.000Z",45.701687,5.883608,2,4.5,7,225,null
"2020-06-13T12:31:19.000Z",45.701687,5.883608,2.75,4.25,6.25,225,null
"2020-06-13T12:35:19.000Z",45.701687,5.883608,2.75,4.5,6,225,null
"2020-06-13T12:39:22.000Z",45.701687,5.883608,2.5,4.25,5.5,225,null
"2020-06-13T12:43:22.000Z",45.701687,5.883608,2.75,6.25,10,225,null
"2020-06-13T12:47:22.000Z",45.701687,5.883608,4.25,9.25,12,202.5,null
"2020-06-13T12:51:27.000Z",45.701687,5.883608,3.25,7.75,11,202.5,null
"2020-06-13T12:55:27.000Z",45.701687,5.883608,3.25,8.75,13.5,202.5,null
"2020-06-13T12:59:27.000Z",45.701687,5.883608,5.5,9.75,12.5,202.5,null
"2020-06-13T13:03:31.000Z",45.701687,5.883608,3.25,8.75,12.5,180,null
"2020-06-13T13:07:31.000Z",45.701687,5.883608,6.5,11.5,16.5,202.5,null
"2020-06-13T13:11:31.000Z",45.701687,5.883608,8,13.5,17.5,202.5,null
"2020-06-13T13:15:35.000Z",45.701687,5.883608,5.25,11,15.5,202.5,null
"2020-06-13T13:19:35.000Z",45.701687,5.883608,2.75,9.25,13,180,null
"2020-06-13T13:23:35.000Z",45.701687,5.883608,1.75,5.5,10,157.5,null
"2020-06-13T13:27:39.000Z",45.701687,5.883608,1.5,4.5,10.5,157.5,null
"2020-06-13T13:31:39.000Z",45.701687,5.883608,0.25,2.75,6,135,null
"2020-06-13T13:35:39.000Z",45.701687,5.883608,0,3.75,7.75,157.5,null
"2020-06-13T13:39:42.000Z",45.701687,5.883608,0,1.75,4.25,157.5,null
"2020-06-13T13:43:42.000Z",45.701687,5.883608,0,1,4.5,157.5,null
"2020-06-13T13:47:42.000Z",45.701687,5.883608,0,2,6,180,null
"2020-06-13T13:51:47.000Z",45.701687,5.883608,0.25,4.75,11,157.5,null
"2020-06-13T13:55:47.000Z",45.701687,5.883608,0.75,5.25,10.5,157.5,null
"2020-06-13T13:59:47.000Z",45.701687,5.883608,0,1.75,6,157.5,null
"2020-06-13T14:03:51.000Z",45.701687,5.883608,0.75,4.75,9.75,112.5,null
"2020-06-13T14:07:51.000Z",45.701687,5.883608,0.75,4.5,7.75,112.5,null
"2020-06-13T14:11:51.000Z",45.701687,5.883608,0,3.75,11,90,null
"2020-06-13T14:15:54.000Z",45.701687,5.883608,0,2.75,7.75,112.5,null
"2020-06-13T14:19:54.000Z",45.701687,5.883608,0,3.5,8.75,112.5,null
"2020-06-13T14:23:54.000Z",45.701687,5.883608,0,3.75,9.75,112.5,null
"2020-06-13T14:27:59.000Z",45.701687,5.883608,0,3,7.75,112.5,null
"2020-06-13T14:31:59.000Z",45.701687,5.883608,1,4.25,10,135,null
"2020-06-13T14:35:59.000Z",45.701687,5.883608,0,3.75,16,135,null
"2020-06-13T14:40:03.000Z",45.701687,5.883608,3.25,9.75,20,157.5,null
"2020-06-13T14:44:03.000Z",45.701687,5.883608,6,12,19.5,157.5,null
"2020-06-13T14:48:03.000Z",45.701687,5.883608,1.75,10.5,20,157.5,null
"2020-06-13T14:52:07.000Z",45.701687,5.883608,5.25,11.5,19,157.5,null
"2020-06-13T14:56:07.000Z",45.701687,5.883608,4.75,12,20.5,157.5,null
"2020-06-13T15:00:07.000Z",45.701687,5.883608,4.75,10,18,157.5,null
"2020-06-13T15:04:11.000Z",45.701687,5.883608,3.5,11,16.5,135,null
"2020-06-13T15:08:11.000Z",45.701687,5.883608,1.75,8,13,157.5,null
"2020-06-13T15:12:11.000Z",45.701687,5.883608,4.75,11.5,22.5,180,null
"2020-06-13T15:16:15.000Z",45.701687,5.883608,4.25,20,29,180,null
"2020-06-13T15:20:15.000Z",45.701687,5.883608,5.5,15.5,25,180,null
"2020-06-13T15:24:15.000Z",45.701687,5.883608,7.75,19,35.5,180,null
"2020-06-13T15:28:19.000Z",45.701687,5.883608,3.5,19.5,31,180,null
"2020-06-13T15:32:19.000Z",45.701687,5.883608,4.75,18.5,31,180,null
"2020-06-13T15:36:19.000Z",45.701687,5.883608,11,24,34,202.5,null
"2020-06-13T15:40:23.000Z",45.701687,5.883608,5.5,23,32,180,null
"2020-06-13T15:44:23.000Z",45.701687,5.883608,11,27.5,43,202.5,null
"2020-06-13T15:48:23.000Z",45.701687,5.883608,15,27,35.5,202.5,null
"2020-06-13T15:52:28.000Z",45.701687,5.883608,14.5,27,39,202.5,null
"2020-06-13T15:56:28.000Z",45.701687,5.883608,19,31,43,202.5,null
"2020-06-13T16:00:28.000Z",45.701687,5.883608,9.75,27.5,39.5,202.5,null
"2020-06-13T16:04:31.000Z",45.701687,5.883608,16.5,27,36.5,202.5,null
"2020-06-13T16:08:31.000Z",45.701687,5.883608,16.5,28.5,39,202.5,null
"2020-06-13T16:12:31.000Z",45.701687,5.883608,9.5,27,37.5,202.5,null
"2020-06-13T16:16:35.000Z",45.701687,5.883608,16.5,27.5,36.5,202.5,null
"2020-06-13T16:20:35.000Z",45.701687,5.883608,16,26.5,38.5,202.5,null
"2020-06-13T16:24:35.000Z",45.701687,5.883608,13,25.5,35,180,null
"2020-06-13T16:28:40.000Z",45.701687,5.883608,9.75,23.5,31.5,202.5,null
"2020-06-13T16:32:40.000Z",45.701687,5.883608,10,19.5,30,180,null
"2020-06-13T16:36:40.000Z",45.701687,5.883608,11,18.5,31.5,180,null
"2020-06-13T16:40:43.000Z",45.701687,5.883608,1.75,11,24.5,180,null
"2020-06-13T16:44:43.000Z",45.701687,5.883608,0.25,6.75,15,157.5,null
"2020-06-13T16:48:43.000Z",45.701687,5.883608,0,5,16.5,135,null
"2020-06-13T16:52:48.000Z",45.701687,5.883608,0,2.5,7,135,null
"2020-06-13T16:56:48.000Z",45.701687,5.883608,0.25,4,8.75,157.5,null
"2020-06-13T17:00:48.000Z",45.701687,5.883608,0.75,5,12,157.5,null
"2020-06-13T17:04:51.000Z",45.701687,5.883608,0.75,6.75,12.5,135,null
"2020-06-13T17:08:51.000Z",45.701687,5.883608,2.5,7.75,15.5,157.5,null
"2020-06-13T17:12:51.000Z",45.701687,5.883608,0,3.75,9.75,135,null
"2020-06-13T17:16:56.000Z",45.701687,5.883608,0,3.5,9.75,135,null
"2020-06-13T17:20:56.000Z",45.701687,5.883608,0,5.5,9.75,135,null
"2020-06-13T17:24:56.000Z",45.701687,5.883608,0.75,3.5,9,135,null
"2020-06-13T17:29:00.000Z",45.701687,5.883608,0.25,4.25,9,112.5,null
"2020-06-13T17:33:00.000Z",45.701687,5.883608,0,3.5,9,135,null
"2020-06-13T17:37:00.000Z",45.701687,5.883608,0,2.25,6.25,112.5,null
"2020-06-13T17:41:04.000Z",45.701687,5.883608,1,3.25,6,112.5,null
"2020-06-13T17:45:04.000Z",45.701687,5.883608,0.25,2,4.5,112.5,null
"2020-06-13T17:49:04.000Z",45.701687,5.883608,0,2,4.75,112.5,null
"2020-06-13T17:53:07.000Z",45.701687,5.883608,0.75,3.25,9.5,112.5,null
"2020-06-13T17:57:07.000Z",45.701687,5.883608,0,2.5,6.5,135,null
"2020-06-13T18:01:07.000Z",45.701687,5.883608,0,2.25,6,135,null
"2020-06-13T18:05:12.000Z",45.701687,5.883608,0,3.5,10,135,null
"2020-06-13T18:09:12.000Z",45.701687,5.883608,0.25,2.75,7,112.5,null
"2020-06-13T18:13:12.000Z",45.701687,5.883608,0.75,3.25,8,135,null
"2020-06-13T18:17:15.000Z",45.701687,5.883608,1.5,4.25,9.75,135,null
"2020-06-13T18:21:15.000Z",45.701687,5.883608,0.25,3,6,135,null
"2020-06-13T18:25:15.000Z",45.701687,5.883608,2,4,6.5,157.5,null
"2020-06-13T18:29:20.000Z",45.701687,5.883608,2.5,5.25,9.75,157.5,null
"2020-06-13T18:33:20.000Z",45.701687,5.883608,1.75,4.25,7.25,157.5,null
"2020-06-13T18:37:20.000Z",45.701687,5.883608,1.5,5.75,9.75,157.5,null
"2020-06-13T18:41:24.000Z",45.701687,5.883608,0.25,3,7.75,135,null
"2020-06-13T18:45:24.000Z",45.701687,5.883608,0,4.75,12,157.5,null
"2020-06-13T18:49:24.000Z",45.701687,5.883608,0,3.75,10,135,null
"2020-06-13T18:53:28.000Z",45.701687,5.883608,0,2,4.25,112.5,null
"2020-06-13T18:57:28.000Z",45.701687,5.883608,0,1.5,5.25,112.5,null
"2020-06-13T19:01:28.000Z",45.701687,5.883608,0,2.25,4.5,90,null
"2020-06-13T19:05:32.000Z",45.701687,5.883608,0,0.75,3.75,135,null
"2020-06-13T19:09:32.000Z",45.701687,5.883608,0,1.25,3.75,90,null
"2020-06-13T19:13:32.000Z",45.701687,5.883608,0,2.5,5.25,90,null
"2020-06-13T19:17:36.000Z",45.701687,5.883608,0.75,2.75,4.75,90,null
"2020-06-13T19:21:36.000Z",45.701687,5.883608,1,2.5,3.75,90,null
"2020-06-13T19:25:36.000Z",45.701687,5.883608,1.5,3,4.75,90,null
"2020-06-13T19:29:40.000Z",45.701687,5.883608,0.75,3.5,6.5,90,null
"2020-06-13T19:33:40.000Z",45.701687,5.883608,2,3.5,5.25,90,null
"2020-06-13T19:37:40.000Z",45.701687,5.883608,0.75,3,6,90,null
"2020-06-13T19:41:44.000Z",45.701687,5.883608,0,1.75,3.75,157.5,null
"2020-06-13T19:45:44.000Z",45.701687,5.883608,0,2,4.25,90,null
"2020-06-13T19:49:44.000Z",45.701687,5.883608,0,1.25,2.75,112.5,null
"2020-06-13T19:53:48.000Z",45.701687,5.883608,0.75,2,3.5,90,null
"2020-06-13T19:57:48.000Z",45.701687,5.883608,0,1.75,2.75,90,null
"2020-06-13T20:01:48.000Z",45.701687,5.883608,0,1.5,3.75,112.5,null
"2020-06-13T20:05:52.000Z",45.701687,5.883608,0,1.25,3.25,112.5,null
"2020-06-13T20:09:52.000Z",45.701687,5.883608,0.75,2.25,3.75,112.5,null
"2020-06-13T20:13:52.000Z",45.701687,5.883608,0,2.75,5.5,157.5,null
"2020-06-13T20:17:56.000Z",45.701687,5.883608,1.5,4,7.75,180,null
"2020-06-13T20:21:56.000Z",45.701687,5.883608,2,6,12,202.5,null
"2020-06-13T20:25:56.000Z",45.701687,5.883608,1.5,6.25,12,180,null
"2020-06-13T20:30:01.000Z",45.701687,5.883608,0,5.75,11,180,null
"2020-06-13T20:34:01.000Z",45.701687,5.883608,0.25,3.5,11,180,null
"2020-06-13T20:38:01.000Z",45.701687,5.883608,7,10.5,14.5,180,null
"2020-06-13T20:42:04.000Z",45.701687,5.883608,2.75,7.5,13,180,null
"2020-06-13T20:46:04.000Z",45.701687,5.883608,0.75,5.25,12,180,null
"2020-06-13T20:50:04.000Z",45.701687,5.883608,1.75,5.25,9.75,180,null
"2020-06-13T20:54:09.000Z",45.701687,5.883608,0.25,2.25,4.5,112.5,null
"2020-06-13T20:58:09.000Z",45.701687,5.883608,0,1.25,4.25,157.5,null
"2020-06-13T21:02:09.000Z",45.701687,5.883608,2.5,4,5.5,90,null
"2020-06-13T21:06:13.000Z",45.701687,5.883608,1.75,4.25,8,90,null
"2020-06-13T21:10:13.000Z",45.701687,5.883608,2,4,6.5,90,null
"2020-06-13T21:14:13.000Z",45.701687,5.883608,2,4.25,7,90,null
"2020-06-13T21:18:17.000Z",45.701687,5.883608,0.75,3.25,5.75,90,null
"2020-06-13T21:22:17.000Z",45.701687,5.883608,1,4.25,7.75,112.5,null
"2020-06-13T21:26:17.000Z",45.701687,5.883608,0.25,3,6,112.5,null
"2020-06-13T21:30:20.000Z",45.701687,5.883608,1.75,3.5,5.5,90,null
"2020-06-13T21:34:20.000Z",45.701687,5.883608,0.75,2.75,5.5,112.5,null
"2020-06-13T21:38:20.000Z",45.701687,5.883608,1,3,7.25,90,null
"2020-06-13T21:42:25.000Z",45.701687,5.883608,0,2.5,6.5,112.5,null
"2020-06-13T21:46:25.000Z",45.701687,5.883608,0,1.25,3.75,112.5,null
"2020-06-13T21:50:25.000Z",45.701687,5.883608,1,2.75,6,112.5,null
"2020-06-13T21:54:29.000Z",45.701687,5.883608,0,2,4.75,112.5,null
"2020-06-13T21:58:29.000Z",45.701687,5.883608,0,2.25,6.25,135,null
"2020-06-13T22:02:29.000Z",45.701687,5.883608,0.25,2,4.25,90,null
"2020-06-13T22:06:33.000Z",45.701687,5.883608,1,3.75,6,90,null
"2020-06-13T22:10:33.000Z",45.701687,5.883608,0.25,2.5,6.5,90,null
"2020-06-13T22:14:33.000Z",45.701687,5.883608,1.5,3,6,90,null
"2020-06-13T22:18:37.000Z",45.701687,5.883608,0,3,6,112.5,null
"2020-06-13T22:22:37.000Z",45.701687,5.883608,0,1.5,3.5,90,null
"2020-06-13T22:26:37.000Z",45.701687,5.883608,0.75,2.75,4.75,90,null
"2020-06-13T22:30:41.000Z",45.701687,5.883608,0.75,2.25,3.75,112.5,null
"2020-06-13T22:34:41.000Z",45.701687,5.883608,1,2.5,5.5,112.5,null
"2020-06-13T22:38:41.000Z",45.701687,5.883608,1,2.5,4.75,90,null
"2020-06-13T22:42:45.000Z",45.701687,5.883608,3.25,4,5.25,90,null
"2020-06-13T22:46:45.000Z",45.701687,5.883608,1.75,3.5,5.25,90,null
"2020-06-13T22:50:45.000Z",45.701687,5.883608,1.75,2.75,4.75,90,null
"2020-06-13T22:54:49.000Z",45.701687,5.883608,1.5,2.75,4.5,90,null
"2020-06-13T22:58:49.000Z",45.701687,5.883608,0,2.25,5.25,90,null
"2020-06-13T23:02:49.000Z",45.701687,5.883608,1,2,2.75,90,null
"2020-06-13T23:06:53.000Z",45.701687,5.883608,0.25,2,3.5,112.5,null
"2020-06-13T23:10:53.000Z",45.701687,5.883608,1,1.75,2.75,90,null
"2020-06-13T23:14:53.000Z",45.701687,5.883608,0.25,2,2.75,90,null
"2020-06-13T23:18:57.000Z",45.701687,5.883608,0,0.25,2,135,null
"2020-06-13T23:22:57.000Z",45.701687,5.883608,0,0.75,3.5,135,null
"2020-06-13T23:26:57.000Z",45.701687,5.883608,0,1.5,3.5,112.5,null
"2020-06-13T23:34:43.000Z",45.701716,5.883634,2.5,5,9,90,null
"2020-06-13T23:38:43.000Z",45.701716,5.883634,2.5,4.75,7,90,null
"2020-06-13T23:42:43.000Z",45.701716,5.883634,2.5,4.5,6.25,90,null
"2020-06-13T23:46:47.000Z",45.701716,5.883634,1.5,3.75,6.5,90,null
"2020-06-13T23:50:47.000Z",45.701716,5.883634,1,2.25,3.5,67.5,null
"2020-06-13T23:54:47.000Z",45.701716,5.883634,1.5,3,4.25,67.5,null
"2020-06-13T23:58:52.000Z",45.701716,5.883634,0.75,2.25,3.75,90,null
"2020-06-14T00:02:52.000Z",45.701716,5.883634,0.75,3,4.5,67.5,null
"2020-06-14T00:06:52.000Z",45.701716,5.883634,1.75,3.25,4.5,67.5,null
"2020-06-14T00:10:56.000Z",45.701716,5.883634,2,3.5,4.5,90,null
"2020-06-14T00:14:56.000Z",45.701716,5.883634,0.75,2.25,4.25,67.5,null
"2020-06-14T00:18:56.000Z",45.701716,5.883634,0.75,1.75,3.25,67.5,null
"2020-06-14T00:23:50.000Z",45.701716,5.883634,1,2,3.25,90,null
"2020-06-14T00:27:50.000Z",45.701716,5.883634,2,3,3.75,112.5,null
"2020-06-14T00:31:50.000Z",45.701688,5.883581,1.75,3.75,7,112.5,null
"2020-06-14T00:35:54.000Z",45.701688,5.883581,1,3.75,6.5,90,null
"2020-06-14T00:39:54.000Z",45.701688,5.883581,2,4.25,6.25,90,null
"2020-06-14T00:43:54.000Z",45.701688,5.883581,0.75,2,4.25,90,null
"2020-06-14T00:47:58.000Z",45.701688,5.883581,1.5,2.75,4.25,90,null
"2020-06-14T00:51:58.000Z",45.701688,5.883581,0.25,1.5,2,112.5,null
"2020-06-14T00:55:58.000Z",45.701688,5.883581,1,1.5,2,112.5,null
"2020-06-14T01:00:02.000Z",45.701688,5.883581,0,0.25,1.75,135,null
"2020-06-14T01:04:02.000Z",45.701688,5.883581,0,1.75,3.25,202.5,null
"2020-06-14T01:08:02.000Z",45.701688,5.883581,0,0.5,2,135,null
"2020-06-14T01:12:06.000Z",45.701688,5.883581,0,0,1,112.5,null
"2020-06-14T01:16:06.000Z",45.701688,5.883581,0,0.75,1.75,157.5,null
"2020-06-14T01:20:06.000Z",45.701688,5.883581,0,0.5,1.5,112.5,null
"2020-06-14T01:24:10.000Z",45.701688,5.883581,0,0.5,2.5,180,null
"2020-06-14T01:28:10.000Z",45.701688,5.883581,0,0.5,2.5,157.5,null
"2020-06-14T01:32:10.000Z",45.701688,5.883581,0,1.25,2.75,112.5,null
"2020-06-14T01:36:14.000Z",45.701688,5.883581,0,0.75,2.75,90,null
"2020-06-14T01:40:14.000Z",45.701688,5.883581,2.5,3.25,3.75,90,null
"2020-06-14T01:44:14.000Z",45.701688,5.883581,2.75,3.75,6,90,null
"2020-06-14T01:48:19.000Z",45.701688,5.883581,0.25,2.25,4.25,112.5,null
"2020-06-14T01:52:19.000Z",45.701688,5.883581,0.25,2.5,4.25,135,null
"2020-06-14T01:56:19.000Z",45.701688,5.883581,1,2.25,4.5,112.5,null
"2020-06-14T02:00:23.000Z",45.701688,5.883581,0.25,2.5,4.25,90,null
"2020-06-14T02:04:23.000Z",45.701688,5.883581,0,1.75,4.25,112.5,null
"2020-06-14T02:08:23.000Z",45.701688,5.883581,0,1.5,3.25,90,null
"2020-06-14T02:12:26.000Z",45.701688,5.883581,0,2,4.75,90,null
"2020-06-14T02:16:26.000Z",45.701688,5.883581,0,1.75,2.75,90,null
"2020-06-14T02:20:26.000Z",45.701688,5.883581,0.25,2,4.75,90,null
"2020-06-14T02:24:30.000Z",45.701688,5.883581,0.75,3,4.5,90,null
"2020-06-14T02:28:30.000Z",45.701688,5.883581,1.75,2.75,4.25,90,null
"2020-06-14T02:32:30.000Z",45.701688,5.883581,0,1.5,2.5,90,null
"2020-06-14T02:36:35.000Z",45.701688,5.883581,0.25,1.75,3.5,67.5,null
"2020-06-14T02:40:35.000Z",45.701688,5.883581,1.75,3,3.75,67.5,null
"2020-06-14T02:44:35.000Z",45.701688,5.883581,1.5,2.75,4.25,67.5,null
"2020-06-14T02:48:38.000Z",45.701688,5.883581,2.5,3.75,5.25,45,null
"2020-06-14T02:52:38.000Z",45.701688,5.883581,0,2.25,5.5,45,null
"2020-06-14T02:56:38.000Z",45.701688,5.883581,0,1.5,7,67.5,null
"2020-06-14T03:00:42.000Z",45.701688,5.883581,4.25,10.5,14.5,0,null
"2020-06-14T03:04:42.000Z",45.701688,5.883581,9.75,12,14.5,0,null
"2020-06-14T03:08:42.000Z",45.701688,5.883581,8,11,13,0,null
"2020-06-14T03:12:46.000Z",45.701688,5.883581,5.5,9.25,12,0,null
"2020-06-14T03:16:46.000Z",45.701688,5.883581,2.75,7,10,22.5,null
"2020-06-14T03:20:46.000Z",45.701688,5.883581,1.75,5,8,22.5,null
"2020-06-14T03:24:50.000Z",45.701688,5.883581,2.25,4.5,6.5,67.5,null
"2020-06-14T03:28:50.000Z",45.701688,5.883581,1.75,4,7,67.5,null
"2020-06-14T03:32:50.000Z",45.701688,5.883581,2,4.5,7.75,22.5,null
"2020-06-14T03:36:55.000Z",45.701688,5.883581,6.5,9,12,0,null
"2020-06-14T03:40:55.000Z",45.701688,5.883581,4.5,8.5,11,0,null
"2020-06-14T03:44:55.000Z",45.701688,5.883581,6.25,8.75,11,0,null
"2020-06-14T03:48:59.000Z",45.701688,5.883581,4.5,8.25,11,0,null
"2020-06-14T03:52:59.000Z",45.701688,5.883581,5.5,8.25,11.5,0,null
"2020-06-14T03:56:59.000Z",45.701688,5.883581,5.25,8,10.5,0,null
"2020-06-14T04:01:03.000Z",45.701688,5.883581,2.75,5,9.5,22.5,null
"2020-06-14T04:05:03.000Z",45.701688,5.883581,2,4.25,7.75,22.5,null
"2020-06-14T04:09:03.000Z",45.701688,5.883581,1.75,4.5,8.25,22.5,null
"2020-06-14T04:13:07.000Z",45.701688,5.883581,1.75,3.75,5.5,45,null
"2020-06-14T04:17:07.000Z",45.701688,5.883581,2,4,6.25,45,null
"2020-06-14T04:21:07.000Z",45.701688,5.883581,2.75,4.75,6.5,45,null
"2020-06-14T04:25:11.000Z",45.701688,5.883581,0.25,2.75,5.75,45,null
"2020-06-14T04:29:11.000Z",45.701688,5.883581,1.75,3.25,5.25,45,null
"2020-06-14T04:33:11.000Z",45.701688,5.883581,0,2.5,5.5,0,null
"2020-06-14T04:37:15.000Z",45.701688,5.883581,1,4.5,7,0,null
"2020-06-14T04:41:15.000Z",45.701688,5.883581,5.25,7.5,10.5,337.5,null
"2020-06-14T04:45:15.000Z",45.701688,5.883581,3.25,5.75,8.25,337.5,null
"2020-06-14T04:49:19.000Z",45.701688,5.883581,3.5,5.25,7.25,22.5,null
"2020-06-14T04:53:19.000Z",45.701688,5.883581,1.75,2.75,4.5,67.5,null
"2020-06-14T04:57:19.000Z",45.701688,5.883581,1,2.75,4.25,67.5,null
"2020-06-14T05:01:23.000Z",45.701688,5.883581,1.75,3.25,6.25,67.5,null
"2020-06-14T05:05:23.000Z",45.701688,5.883581,1,3.75,6.5,67.5,null
"2020-06-14T05:09:23.000Z",45.701688,5.883581,1.5,4,6,90,null
"2020-06-14T05:13:27.000Z",45.701688,5.883581,0.75,3,5.5,90,null
"2020-06-14T05:17:27.000Z",45.701688,5.883581,0.25,2,4.25,112.5,null
"2020-06-14T05:21:27.000Z",45.701688,5.883581,0,2.25,4.25,135,null
"2020-06-14T05:25:31.000Z",45.701688,5.883581,0.25,2.5,4.75,112.5,null
"2020-06-14T05:29:31.000Z",45.701688,5.883581,0,1.75,4.25,135,null
"2020-06-14T05:33:31.000Z",45.701688,5.883581,0,1.75,4.75,112.5,null
"2020-06-14T05:37:35.000Z",45.701688,5.883581,0,0.75,3.25,112.5,null
"2020-06-14T05:41:35.000Z",45.701688,5.883581,0.25,2,3.5,112.5,null
"2020-06-14T05:45:35.000Z",45.701688,5.883581,0.25,1.5,3.25,90,null
"2020-06-14T05:49:39.000Z",45.701688,5.883581,0,1,2.75,90,null
"2020-06-14T05:53:39.000Z",45.701688,5.883581,0,1.5,2.75,67.5,null
"2020-06-14T05:57:39.000Z",45.701688,5.883581,0,0.75,1.75,112.5,null
"2020-06-14T06:01:43.000Z",45.701688,5.883581,0,0,0.5,135,null
"2020-06-14T06:05:43.000Z",45.701688,5.883581,0,0,0,157.5,null
"2020-06-14T06:09:43.000Z",45.701688,5.883581,0,0.25,1.5,90,null
"2020-06-14T06:13:47.000Z",45.701688,5.883581,0.25,1.75,3.25,90,null
"2020-06-14T06:17:47.000Z",45.701688,5.883581,1,1.75,2.75,90,null
"2020-06-14T06:21:47.000Z",45.701688,5.883581,0,1.25,2.75,90,null
"2020-06-14T06:25:52.000Z",45.701688,5.883581,0.25,1.25,2.75,112.5,null
"2020-06-14T06:29:52.000Z",45.701688,5.883581,0.25,1.5,2.5,112.5,null
"2020-06-14T06:33:52.000Z",45.701688,5.883581,0,1.25,2.5,90,null
"2020-06-14T06:37:55.000Z",45.701688,5.883581,0,1,2.75,22.5,null
"2020-06-14T06:41:55.000Z",45.701688,5.883581,0,0.5,1.75,22.5,null
"2020-06-14T06:45:55.000Z",45.701688,5.883581,0,0,0,315,null
"2020-06-14T06:50:00.000Z",45.701688,5.883581,0,0.75,2,270,null
"2020-06-14T06:54:00.000Z",45.701688,5.883581,0,0.25,1.75,315,null
"2020-06-14T06:58:00.000Z",45.701688,5.883581,0,0.25,1.75,337.5,null
"2020-06-14T07:02:04.000Z",45.701688,5.883581,0,0,0.75,315,null
"2020-06-14T07:06:04.000Z",45.701688,5.883581,0,0.5,1.75,315,null
"2020-06-14T07:10:04.000Z",45.701688,5.883581,0,1.25,2.75,337.5,null
"2020-06-14T07:14:07.000Z",45.701688,5.883581,1.5,2.75,3.75,0,null
"2020-06-14T07:18:07.000Z",45.701688,5.883581,3.5,4.5,6.25,337.5,null
"2020-06-14T07:22:07.000Z",45.701688,5.883581,3.25,5,6.5,315,null
"2020-06-14T07:26:12.000Z",45.701688,5.883581,3.75,5.5,8,337.5,null
"2020-06-14T07:30:12.000Z",45.701688,5.883581,3.5,5.25,7.75,337.5,null
"2020-06-14T07:34:12.000Z",45.701688,5.883581,3.5,7,9,337.5,null
"2020-06-14T07:38:15.000Z",45.701688,5.883581,5.25,7.5,9.5,337.5,null
"2020-06-14T07:42:15.000Z",45.701688,5.883581,6.25,8,10.5,337.5,null
"2020-06-14T07:46:15.000Z",45.701688,5.883581,7.75,9.25,11.5,337.5,null
"2020-06-14T07:50:20.000Z",45.701688,5.883581,7.25,9.5,11,337.5,null
"2020-06-14T07:54:20.000Z",45.701688,5.883581,8,10,12.5,337.5,null
"2020-06-14T07:58:20.000Z",45.701688,5.883581,7,9.25,11.5,337.5,null
"2020-06-14T08:02:24.000Z",45.701688,5.883581,6.5,9,11.5,337.5,null
"2020-06-14T08:06:24.000Z",45.701688,5.883581,6.5,8.5,9.75,337.5,null
"2020-06-14T08:10:24.000Z",45.701688,5.883581,7.75,9,10.5,337.5,null
"2020-06-14T08:14:28.000Z",45.701688,5.883581,6.5,9.5,11.5,337.5,null
"2020-06-14T08:18:28.000Z",45.701688,5.883581,8,10.5,12.5,337.5,null
"2020-06-14T08:22:28.000Z",45.701688,5.883581,8,10,12,337.5,null
"2020-06-14T08:26:32.000Z",45.701688,5.883581,7,9.75,12,337.5,null
"2020-06-14T08:30:32.000Z",45.701688,5.883581,7.25,10,12,337.5,null
"2020-06-14T08:34:32.000Z",45.701688,5.883581,8.25,10,11.5,337.5,null
"2020-06-14T08:38:35.000Z",45.701688,5.883581,7.25,10,12,315,null
"2020-06-14T08:42:35.000Z",45.701688,5.883581,7,9.5,12,337.5,null
"2020-06-14T08:46:35.000Z",45.701688,5.883581,8,9.5,11.5,337.5,null
"2020-06-14T08:50:39.000Z",45.701688,5.883581,8.25,10.5,12.5,337.5,null
"2020-06-14T08:54:39.000Z",45.701688,5.883581,8.25,10,11,337.5,null
"2020-06-14T08:58:39.000Z",45.701688,5.883581,8.25,9.75,11,337.5,null
"2020-06-14T09:02:44.000Z",45.701688,5.883581,5.5,8.25,11,337.5,null
"2020-06-14T09:06:44.000Z",45.701688,5.883581,6.25,7.5,9.5,315,null
"2020-06-14T09:10:44.000Z",45.701688,5.883581,6,7.75,9,337.5,null
"2020-06-14T09:14:48.000Z",45.701688,5.883581,6.5,8.5,10,337.5,null
"2020-06-14T09:18:48.000Z",45.701688,5.883581,8,9.25,11,337.5,null
"2020-06-14T09:22:48.000Z",45.701688,5.883581,8,9.75,11,0,null
"2020-06-14T09:26:52.000Z",45.701688,5.883581,8.75,10.5,12,337.5,null
"2020-06-14T09:30:52.000Z",45.701688,5.883581,8.25,10.5,13,0,null
"2020-06-14T09:34:52.000Z",45.701688,5.883581,6.5,10,12,0,null
"2020-06-14T09:38:56.000Z",45.701688,5.883581,6.5,8.75,10.5,0,null
"2020-06-14T09:42:56.000Z",45.701688,5.883581,3.5,7.75,10,0,null
"2020-06-14T09:46:56.000Z",45.701688,5.883581,6.5,8.25,9.5,337.5,null
"2020-06-14T09:51:00.000Z",45.701688,5.883581,6.25,7.5,9,337.5,null
"2020-06-14T09:55:00.000Z",45.701688,5.883581,5.5,7.75,9.75,315,null
"2020-06-14T09:59:00.000Z",45.701688,5.883581,7.25,8.75,10,315,null
"2020-06-14T10:03:04.000Z",45.701688,5.883581,7.75,9.25,11.5,315,null
"2020-06-14T10:07:04.000Z",45.701688,5.883581,8.25,9.75,11.5,315,null
"2020-06-14T10:11:04.000Z",45.701688,5.883581,7.25,9.25,12.5,315,null
"2020-06-14T10:15:08.000Z",45.701688,5.883581,8.75,10,12,337.5,null
"2020-06-14T10:19:08.000Z",45.701688,5.883581,8.75,10.5,11.5,337.5,null
"2020-06-14T10:23:08.000Z",45.701688,5.883581,7.75,9.5,12,337.5,null
"2020-06-14T10:27:12.000Z",45.701688,5.883581,8.25,9.5,12,337.5,null
"2020-06-14T10:31:12.000Z",45.701688,5.883581,9.75,11.5,13.5,315,null
"2020-06-14T10:35:12.000Z",45.701688,5.883581,9.75,12,14,315,null
"2020-06-14T10:39:16.000Z",45.701688,5.883581,8.25,10.5,12,337.5,null
"2020-06-14T10:43:16.000Z",45.701688,5.883581,8.25,10,11.5,337.5,null
"2020-06-14T10:47:16.000Z",45.701688,5.883581,7.25,9,10.5,337.5,null
"2020-06-14T10:51:20.000Z",45.701688,5.883581,7,8.75,10.5,337.5,null
"2020-06-14T10:55:20.000Z",45.701688,5.883581,8,10.5,12.5,337.5,null
"2020-06-14T10:59:20.000Z",45.701688,5.883581,9.5,11.5,13,337.5,null
"2020-06-14T11:03:24.000Z",45.701688,5.883581,7.75,9,10.5,337.5,null
"2020-06-14T11:07:24.000Z",45.701688,5.883581,9.5,10.5,12.5,0,null
"2020-06-14T11:11:24.000Z",45.701688,5.883581,8.75,11,13.5,0,null
"2020-06-14T11:15:28.000Z",45.701688,5.883581,7.75,9.75,12.5,0,null
"2020-06-14T11:19:28.000Z",45.701688,5.883581,7,9,11,337.5,null
"2020-06-14T11:23:28.000Z",45.701688,5.883581,8.25,11,13,337.5,null
"2020-06-14T11:27:32.000Z",45.701688,5.883581,8.25,10.5,12.5,337.5,null
"2020-06-14T11:31:32.000Z",45.701688,5.883581,8.25,10,11.5,337.5,null
"2020-06-14T11:35:32.000Z",45.701688,5.883581,10,11.5,13,337.5,null
"2020-06-14T11:39:36.000Z",45.701688,5.883581,8.25,10,11.5,337.5,null
"2020-06-14T11:43:36.000Z",45.701688,5.883581,8,9.25,11,0,null
"2020-06-14T11:47:36.000Z",45.701688,5.883581,5.5,6.75,8.25,337.5,null
"2020-06-14T11:51:40.000Z",45.701688,5.883581,7,8.75,10,315,null
"2020-06-14T11:55:40.000Z",45.701688,5.883581,7,9,10,337.5,null
"2020-06-14T11:59:40.000Z",45.701688,5.883581,7.25,8.75,9.75,337.5,null
"2020-06-14T12:03:45.000Z",45.701688,5.883581,7,8.25,9.75,337.5,null
"2020-06-14T12:07:45.000Z",45.701688,5.883581,8.25,10,12.5,337.5,null
"2020-06-14T12:11:45.000Z",45.701688,5.883581,7.25,9,11,337.5,null
"2020-06-14T12:15:48.000Z",45.701688,5.883581,8,10.5,13,337.5,null
"2020-06-14T12:19:48.000Z",45.701688,5.883581,9.5,11,12.5,0,null
"2020-06-14T12:23:48.000Z",45.701688,5.883581,9,11.5,14,0,null
"2020-06-14T12:27:53.000Z",45.701688,5.883581,9.75,11.5,13,0,null
"2020-06-14T12:31:53.000Z",45.701688,5.883581,9.5,11.5,13,0,null
"2020-06-14T12:35:53.000Z",45.701688,5.883581,8,9.5,11.5,0,null
"2020-06-14T12:39:56.000Z",45.701688,5.883581,6.25,8,10,0,null
"2020-06-14T12:43:56.000Z",45.701688,5.883581,6.25,8.5,10.5,337.5,null
"2020-06-14T12:47:56.000Z",45.701688,5.883581,8,9.5,10.5,337.5,null
"2020-06-14T12:52:01.000Z",45.701688,5.883581,7.25,9.75,12,337.5,null
"2020-06-14T12:56:01.000Z",45.701688,5.883581,8.75,11,12.5,0,null
"2020-06-14T13:00:01.000Z",45.701688,5.883581,8.25,10.5,12,0,null
"2020-06-14T13:04:05.000Z",45.701688,5.883581,9.75,11,12.5,337.5,null
"2020-06-14T13:08:05.000Z",45.701688,5.883581,9,10,11.5,337.5,null
"2020-06-14T13:12:05.000Z",45.701688,5.883581,8,9.25,10,337.5,null
"2020-06-14T13:16:08.000Z",45.701688,5.883581,7,8.25,9.5,337.5,null
"2020-06-14T13:20:08.000Z",45.701688,5.883581,6.5,8,9.75,337.5,null
"2020-06-14T13:24:08.000Z",45.701688,5.883581,6.25,8,9.75,0,null
"2020-06-14T13:28:12.000Z",45.701688,5.883581,6.25,9.25,11,0,null
"2020-06-14T13:32:12.000Z",45.701688,5.883581,7.25,8.5,9.5,0,null
"2020-06-14T13:36:12.000Z",45.701688,5.883581,7.25,8,9,0,null
"2020-06-14T13:40:17.000Z",45.701688,5.883581,4.75,7,8,0,null
"2020-06-14T13:44:17.000Z",45.701688,5.883581,5.25,6,7,337.5,null
"2020-06-14T13:48:17.000Z",45.701688,5.883581,6,6.5,7.25,337.5,null
"2020-06-14T13:52:20.000Z",45.701688,5.883581,6.5,7.25,8,337.5,null
"2020-06-14T13:56:20.000Z",45.701688,5.883581,6,7,7.75,337.5,null
"2020-06-14T14:00:20.000Z",45.701688,5.883581,6,7,8,315,null
"2020-06-14T14:04:25.000Z",45.701688,5.883581,5.5,6.5,7.25,337.5,null
"2020-06-14T14:08:25.000Z",45.701688,5.883581,5.25,6.25,7,337.5,null
"2020-06-14T14:12:25.000Z",45.701688,5.883581,4.75,7.5,9.5,315,null
"2020-06-14T14:16:29.000Z",45.701688,5.883581,6.5,8.25,9.5,315,null
"2020-06-14T14:20:29.000Z",45.701688,5.883581,6.25,7.5,8.25,315,null
"2020-06-14T14:24:29.000Z",45.701688,5.883581,6.5,7.5,8.25,315,null
"2020-06-14T14:28:33.000Z",45.701688,5.883581,5.25,6,7.25,315,null
"2020-06-14T14:32:33.000Z",45.701688,5.883581,4.5,5.25,6,315,null
"2020-06-14T14:36:33.000Z",45.701688,5.883581,4.5,5.25,6.25,315,null
"2020-06-14T14:40:37.000Z",45.701688,5.883581,4.25,6,7.25,337.5,null
"2020-06-14T14:44:37.000Z",45.701688,5.883581,4.5,5.5,6.5,315,null
"2020-06-14T14:48:37.000Z",45.701688,5.883581,4.75,6.5,8.25,315,null
"2020-06-14T14:52:41.000Z",45.701688,5.883581,6.5,7.75,8.75,337.5,null
"2020-06-14T14:56:41.000Z",45.701688,5.883581,4.25,7.75,9.75,0,null
"2020-06-14T15:00:41.000Z",45.701688,5.883581,4.25,6,7.25,0,null
"2020-06-14T15:04:45.000Z",45.701688,5.883581,5.5,6.5,8,337.5,null
"2020-06-14T15:08:45.000Z",45.701688,5.883581,4.25,5,7,337.5,null
"2020-06-14T15:12:45.000Z",45.701688,5.883581,3.25,4.25,5.25,337.5,null
"2020-06-14T15:16:49.000Z",45.701688,5.883581,1,2.5,3.5,0,null
"2020-06-14T15:20:49.000Z",45.701688,5.883581,2.5,4,4.75,337.5,null
"2020-06-14T15:24:49.000Z",45.701688,5.883581,2.5,4.25,5.25,0,null
"2020-06-14T15:28:53.000Z",45.701688,5.883581,2,4,4.75,0,null
"2020-06-14T15:32:53.000Z",45.701688,5.883581,1,2.5,4.5,337.5,null
"2020-06-14T15:36:53.000Z",45.701688,5.883581,0,3.25,6.5,0,null
"2020-06-14T15:40:57.000Z",45.701688,5.883581,0,2.5,5.5,337.5,null
"2020-06-14T15:44:57.000Z",45.701688,5.883581,2,3.5,4.75,0,null
"2020-06-14T15:48:57.000Z",45.701688,5.883581,1.5,3.25,4.5,22.5,null
"2020-06-14T15:53:01.000Z",45.701688,5.883581,1,3,4.5,22.5,null
"2020-06-14T15:57:01.000Z",45.701688,5.883581,0.25,2,3.5,22.5,null
"2020-06-14T16:01:01.000Z",45.701688,5.883581,1.5,2.25,3.25,0,null
"2020-06-14T16:05:05.000Z",45.701688,5.883581,1.75,2.75,3.5,0,null
"2020-06-14T16:09:05.000Z",45.701688,5.883581,2.5,3,3.5,337.5,null
"2020-06-14T16:13:05.000Z",45.701688,5.883581,2.75,4,5.5,292.5,null
"2020-06-14T16:17:10.000Z",45.701688,5.883581,4.5,5.25,6,292.5,null
"2020-06-14T16:21:10.000Z",45.701688,5.883581,3.75,4.5,5.25,292.5,null
"2020-06-14T16:25:10.000Z",45.701688,5.883581,3.75,4.25,4.75,292.5,null
"2020-06-14T16:29:14.000Z",45.701688,5.883581,2.5,3.5,4.25,315,null
"2020-06-14T16:33:14.000Z",45.701688,5.883581,2.75,3.75,4.5,292.5,null
"2020-06-14T16:37:14.000Z",45.701688,5.883581,3.5,4,4.25,315,null
"2020-06-14T16:41:18.000Z",45.701688,5.883581,3.25,3.5,4.25,315,null
"2020-06-14T16:45:18.000Z",45.701688,5.883581,2.5,3,3.5,337.5,null
"2020-06-14T16:49:18.000Z",45.701688,5.883581,0.75,2.25,3.5,22.5,null
"2020-06-14T16:53:21.000Z",45.701688,5.883581,1,2.5,4.25,22.5,null
"2020-06-14T16:57:21.000Z",45.701688,5.883581,1,2.75,3.75,22.5,null
"2020-06-14T17:01:21.000Z",45.701688,5.883581,1.75,3.25,4.75,0,null
"2020-06-14T17:05:25.000Z",45.701688,5.883581,1,3,4.25,0,null
"2020-06-14T17:09:25.000Z",45.701688,5.883581,2,3.25,4.5,0,null
"2020-06-14T17:13:25.000Z",45.701688,5.883581,2.75,3.5,4.75,0,null
"2020-06-14T17:17:30.000Z",45.701688,5.883581,2.5,4,4.75,22.5,null
"2020-06-14T17:21:30.000Z",45.701688,5.883581,4.25,5.25,7,22.5,null
"2020-06-14T17:25:30.000Z",45.701688,5.883581,2.75,4.25,6,22.5,null
"2020-06-14T17:29:34.000Z",45.701688,5.883581,2,4.25,6,22.5,null
"2020-06-14T17:33:34.000Z",45.701688,5.883581,1,3,5.5,0,null
"2020-06-14T17:37:34.000Z",45.701688,5.883581,1.75,3.75,6,337.5,null
"2020-06-14T17:41:38.000Z",45.701688,5.883581,1.5,2.5,3.75,315,null
"2020-06-14T17:45:38.000Z",45.701688,5.883581,1,2.25,3.25,0,null
"2020-06-14T17:49:38.000Z",45.701688,5.883581,0.75,6,9,0,null
"2020-06-14T17:53:42.000Z",45.701688,5.883581,2.5,6,9,22.5,null
"2020-06-14T17:57:42.000Z",45.701688,5.883581,3.25,6.75,11,45,null
"2020-06-14T18:01:42.000Z",45.701688,5.883581,5.25,10.5,16,22.5,null
"2020-06-14T18:05:46.000Z",45.701688,5.883581,4.25,11,21.5,22.5,null
"2020-06-14T18:09:46.000Z",45.701688,5.883581,3.5,11.5,19,22.5,null
"2020-06-14T18:13:46.000Z",45.701688,5.883581,6.25,12,20.5,45,null
"2020-06-14T18:17:50.000Z",45.701688,5.883581,3.75,8,15,45,null
"2020-06-14T18:21:50.000Z",45.701688,5.883581,4.5,12,20.5,67.5,null
"2020-06-14T18:25:50.000Z",45.701688,5.883581,6.25,14,23,67.5,null
"2020-06-14T18:29:53.000Z",45.701688,5.883581,5.25,12,23,45,null
"2020-06-14T18:33:53.000Z",45.701688,5.883581,6,13,20,67.5,null
"2020-06-14T18:37:53.000Z",45.701688,5.883581,1,8.25,21.5,67.5,null
"2020-06-14T18:41:58.000Z",45.701688,5.883581,0.75,5.5,14,45,null
"2020-06-14T18:45:58.000Z",45.701688,5.883581,0.25,3.75,7.75,337.5,null
"2020-06-14T18:49:58.000Z",45.701688,5.883581,0,5.75,18,315,null
"2020-06-14T18:54:02.000Z",45.701688,5.883581,7.75,13,18,315,null
"2020-06-14T18:58:02.000Z",45.701688,5.883581,4.25,9,15.5,337.5,null
"2020-06-14T19:02:02.000Z",45.701688,5.883581,7,11.5,18.5,337.5,null
"2020-06-14T19:06:06.000Z",45.701688,5.883581,6,13.5,21,315,null
"2020-06-14T19:10:06.000Z",45.701688,5.883581,5.25,12,25,337.5,null
"2020-06-14T19:14:06.000Z",45.701688,5.883581,0,5.5,11,337.5,null
"2020-06-14T19:18:10.000Z",45.701688,5.883581,1.75,7.25,16.5,315,null
"2020-06-14T19:22:10.000Z",45.701688,5.883581,2.5,10.5,25,337.5,null
"2020-06-14T19:26:10.000Z",45.701688,5.883581,6.5,12,17.5,0,null
"2020-06-14T19:30:14.000Z",45.701688,5.883581,4.25,8.75,14,67.5,null
"2020-06-14T19:34:14.000Z",45.701688,5.883581,1.75,4.75,8.75,45,null
"2020-06-14T19:38:14.000Z",45.701688,5.883581,0.25,3.75,10,45,null
"2020-06-14T19:42:18.000Z",45.701688,5.883581,2,4.5,7.75,22.5,null
"2020-06-14T19:46:18.000Z",45.701688,5.883581,1,4.25,10.5,22.5,null
"2020-06-14T19:50:18.000Z",45.701688,5.883581,1,4.25,9.5,22.5,null
"2020-06-14T19:54:22.000Z",45.701688,5.883581,2.5,5.75,8.75,22.5,null
"2020-06-14T19:58:22.000Z",45.701688,5.883581,1,3.75,8.25,22.5,null
"2020-06-14T20:02:22.000Z",45.701688,5.883581,2.75,4.75,6.5,45,null
"2020-06-14T20:06:26.000Z",45.701688,5.883581,1.75,5.5,11,45,null
"2020-06-14T20:10:26.000Z",45.701688,5.883581,2,5.5,8,22.5,null
"2020-06-14T20:14:26.000Z",45.701688,5.883581,4.25,7.75,10.5,45,null
"2020-06-14T20:18:30.000Z",45.701688,5.883581,3.75,6.5,9.5,45,null
"2020-06-14T20:22:30.000Z",45.701688,5.883581,1.75,4,6,67.5,null
"2020-06-14T20:26:30.000Z",45.701688,5.883581,1.75,3.75,6.25,112.5,null
"2020-06-14T20:30:35.000Z",45.701688,5.883581,2,4.5,6.25,90,null
"2020-06-14T20:34:35.000Z",45.701688,5.883581,1.5,3,4.5,90,null
"2020-06-14T20:38:35.000Z",45.701688,5.883581,2,4,6.5,90,null
"2020-06-14T20:42:38.000Z",45.701688,5.883581,2,5.25,8.5,90,null
"2020-06-14T20:46:38.000Z",45.701688,5.883581,2.75,4.25,6.5,112.5,null
"2020-06-14T20:50:38.000Z",45.701688,5.883581,1.75,3.5,6.25,112.5,null
"2020-06-14T20:54:43.000Z",45.701688,5.883581,1.75,4.25,6.5,135,null
"2020-06-14T20:58:43.000Z",45.701688,5.883581,1.75,3.5,5.25,135,null
"2020-06-14T21:02:43.000Z",45.701688,5.883581,1,3.25,5.25,112.5,null
"2020-06-14T21:06:46.000Z",45.701688,5.883581,1,2,3.75,112.5,null
"2020-06-14T21:10:46.000Z",45.701688,5.883581,1.75,2.5,3.5,135,null
"2020-06-14T21:14:46.000Z",45.701688,5.883581,1,2.25,3.5,112.5,null
"2020-06-14T21:18:50.000Z",45.701688,5.883581,0.5,2.5,4.25,112.5,null
"2020-06-14T21:22:50.000Z",45.701688,5.883581,0,1.75,3.5,112.5,null
"2020-06-14T21:26:50.000Z",45.701688,5.883581,0.25,1.75,3.5,112.5,null
"2020-06-14T21:30:55.000Z",45.701688,5.883581,0,2.5,4.5,112.5,null
"2020-06-14T21:34:55.000Z",45.701688,5.883581,2.5,4,5.25,112.5,null
"2020-06-14T21:38:55.000Z",45.701688,5.883581,3.5,4.5,6.5,112.5,null
"2020-06-14T21:42:58.000Z",45.701688,5.883581,0,1.5,3.75,112.5,null
"2020-06-14T21:46:58.000Z",45.701688,5.883581,0,0.25,1,67.5,null
"2020-06-14T21:50:58.000Z",45.701688,5.883581,0,0,0,135,null
"2020-06-14T21:55:03.000Z",45.701688,5.883581,0,0.75,3.25,112.5,null
"2020-06-14T21:59:03.000Z",45.701688,5.883581,0.75,1.75,2.5,90,null
"2020-06-14T22:03:03.000Z",45.701688,5.883581,2,2.75,3.75,90,null
"2020-06-14T22:07:06.000Z",45.701688,5.883581,0,1.5,2.75,90,null
"2020-06-14T22:11:06.000Z",45.701688,5.883581,0.75,1.75,2.5,112.5,null
"2020-06-14T22:15:06.000Z",45.701688,5.883581,0,1,3.5,135,null
"2020-06-14T22:19:11.000Z",45.701688,5.883581,0,2,3.75,135,null
"2020-06-14T22:23:11.000Z",45.701688,5.883581,0.75,2.5,4.75,135,null
"2020-06-14T22:27:11.000Z",45.701688,5.883581,1.75,3,4.75,135,null
"2020-06-14T22:31:15.000Z",45.701688,5.883581,1.75,3.5,6,112.5,null
"2020-06-14T22:35:15.000Z",45.701688,5.883581,1.5,3.75,6.25,112.5,null
"2020-06-14T22:39:15.000Z",45.701688,5.883581,0,0.25,2.5,157.5,null
"2020-06-14T22:43:19.000Z",45.701688,5.883581,0,0.25,1,112.5,null
"2020-06-14T22:47:19.000Z",45.701688,5.883581,0,0,0,112.5,null
"2020-06-14T22:51:19.000Z",45.701688,5.883581,0,0.25,1,90,null
"2020-06-14T22:55:23.000Z",45.701688,5.883581,0,0.25,2,90,null
"2020-06-14T22:59:23.000Z",45.701688,5.883581,1,2,3.25,67.5,null
"2020-06-14T23:03:23.000Z",45.701688,5.883581,1.5,3,5.25,67.5,null
"2020-06-14T23:07:27.000Z",45.701688,5.883581,0,3.25,6,67.5,null
"2020-06-14T23:11:27.000Z",45.701688,5.883581,2,3.75,5.5,112.5,null
"2020-06-14T23:15:27.000Z",45.701688,5.883581,0,0.75,3.5,112.5,null
"2020-06-14T23:19:31.000Z",45.701688,5.883581,0,0.5,2,292.5,null
"2020-06-14T23:23:31.000Z",45.701688,5.883581,0,0.25,1.5,225,null
"2020-06-14T23:27:31.000Z",45.701688,5.883581,0,0,0,135,null
"2020-06-14T23:35:33.000Z",45.701677,5.883507,1,2,3.75,135,null
"2020-06-14T23:39:33.000Z",45.701677,5.883507,0.25,1.25,2.5,112.5,null
"2020-06-14T23:43:33.000Z",45.701677,5.883507,0,1,2.5,112.5,null
"2020-06-14T23:47:37.000Z",45.701677,5.883507,0,1.25,2.5,135,null
"2020-06-14T23:51:37.000Z",45.701677,5.883507,0,0,0,135,null
"2020-06-14T23:55:37.000Z",45.701677,5.883507,0,0,0,135,null
"2020-06-14T23:59:40.000Z",45.701677,5.883507,0,0,0,225,null
"2020-06-15T00:03:40.000Z",45.701677,5.883507,0,0,0,225,null
"2020-06-15T00:07:40.000Z",45.701677,5.883507,0,0,0,135,null
"2020-06-15T00:11:45.000Z",45.701677,5.883507,0,0,0,157.5,null
"2020-06-15T00:15:45.000Z",45.701677,5.883507,0,0,1.75,112.5,null
"2020-06-15T00:19:45.000Z",45.701677,5.883507,1.75,2.75,3.5,90,null
"2020-06-15T00:24:31.000Z",45.701677,5.883507,1.5,2.25,2.75,90,null
"2020-06-15T00:28:31.000Z",45.701677,5.883507,0,1,2.5,112.5,null
"2020-06-15T00:32:31.000Z",45.701725,5.883526,0,1.25,5.25,135,null
"2020-06-15T00:36:35.000Z",45.701725,5.883526,1.5,3,5.25,135,null
"2020-06-15T00:40:35.000Z",45.701725,5.883526,0,1.5,3.5,135,null
"2020-06-15T00:44:35.000Z",45.701725,5.883526,1.75,3.25,4.75,112.5,null
"2020-06-15T00:48:39.000Z",45.701725,5.883526,1,2.5,4.5,90,null
"2020-06-15T00:52:39.000Z",45.701725,5.883526,0,1.25,2.5,67.5,null
"2020-06-15T00:56:39.000Z",45.701725,5.883526,0,0.25,2.5,0,null
"2020-06-15T01:00:43.000Z",45.701725,5.883526,2,3.5,5.25,292.5,null
"2020-06-15T01:04:43.000Z",45.701725,5.883526,1,5.25,10,0,null
"2020-06-15T01:08:43.000Z",45.701725,5.883526,8,9.75,11.5,0,null
"2020-06-15T01:12:47.000Z",45.701725,5.883526,6.25,10,12.5,0,null
"2020-06-15T01:16:47.000Z",45.701725,5.883526,4.75,7.5,9,0,null
"2020-06-15T01:20:47.000Z",45.701725,5.883526,6,7.5,8.25,0,null
"2020-06-15T01:24:51.000Z",45.701725,5.883526,4.5,6,7.75,0,null
"2020-06-15T01:28:51.000Z",45.701725,5.883526,3.75,6,8,0,null
"2020-06-15T01:32:51.000Z",45.701725,5.883526,3.75,8.25,10,337.5,null
"2020-06-15T01:36:55.000Z",45.701725,5.883526,6,8.75,11,337.5,null
"2020-06-15T01:40:55.000Z",45.701725,5.883526,4.75,8.25,10.5,0,null
"2020-06-15T01:44:55.000Z",45.701725,5.883526,3.5,7,9.5,0,null
"2020-06-15T01:48:59.000Z",45.701725,5.883526,4.25,7.5,9.75,0,null
"2020-06-15T01:52:59.000Z",45.701725,5.883526,3.5,7.5,9.5,0,null
"2020-06-15T01:56:59.000Z",45.701725,5.883526,1.75,3.75,7.25,22.5,null
"2020-06-15T02:01:03.000Z",45.701725,5.883526,1,3.25,5.5,45,null
"2020-06-15T02:05:03.000Z",45.701725,5.883526,0,3.25,5.25,45,null
"2020-06-15T02:09:03.000Z",45.701725,5.883526,0,2.25,3.75,45,null
"2020-06-15T02:13:07.000Z",45.701725,5.883526,0.75,4.75,8.75,0,null
"2020-06-15T02:17:07.000Z",45.701725,5.883526,1,6,9.75,0,null
"2020-06-15T02:21:07.000Z",45.701725,5.883526,0,2.25,4.25,67.5,null
"2020-06-15T02:25:12.000Z",45.701725,5.883526,2.75,4.75,7.25,90,null
"2020-06-15T02:29:12.000Z",45.701725,5.883526,0,2.75,5.25,112.5,null
"2020-06-15T02:33:12.000Z",45.701725,5.883526,0,1.75,3.75,90,null
"2020-06-15T02:37:15.000Z",45.701725,5.883526,0,0.75,4.5,135,null
"2020-06-15T02:41:15.000Z",45.701725,5.883526,2.5,4,5.5,135,null
"2020-06-15T02:45:15.000Z",45.701725,5.883526,2.5,3.75,5.25,112.5,null
"2020-06-15T02:49:20.000Z",45.701725,5.883526,0.75,1.75,3.25,112.5,null
"2020-06-15T02:53:20.000Z",45.701725,5.883526,1.75,3.25,4.5,90,null
"2020-06-15T02:57:20.000Z",45.701725,5.883526,2.5,3,4.25,90,null
"2020-06-15T03:01:23.000Z",45.701725,5.883526,1.75,2.75,3.75,90,null
"2020-06-15T03:05:23.000Z",45.701725,5.883526,0.25,1.75,3.25,67.5,null
"2020-06-15T03:09:23.000Z",45.701725,5.883526,1.75,3,5.25,45,null
"2020-06-15T03:13:27.000Z",45.701725,5.883526,1.5,4,6.5,22.5,null
"2020-06-15T03:17:27.000Z",45.701725,5.883526,2.75,5.25,10,22.5,null
"2020-06-15T03:21:27.000Z",45.701725,5.883526,3.25,6.25,10.5,0,null
"2020-06-15T03:25:32.000Z",45.701725,5.883526,4.25,5.75,8,22.5,null
"2020-06-15T03:29:32.000Z",45.701725,5.883526,5.25,7.75,9.75,0,null
"2020-06-15T03:33:32.000Z",45.701725,5.883526,4.25,8.25,12,0,null
"2020-06-15T03:37:35.000Z",45.701725,5.883526,9,11.5,13.5,0,null
"2020-06-15T03:41:35.000Z",45.701725,5.883526,7.75,12.5,14.5,0,null
"2020-06-15T03:45:35.000Z",45.701725,5.883526,8,11,13,0,null
"2020-06-15T03:49:39.000Z",45.701725,5.883526,5.5,10,13,0,null
"2020-06-15T03:53:39.000Z",45.701725,5.883526,4.75,7.5,10.5,0,null
"2020-06-15T03:57:39.000Z",45.701725,5.883526,3.25,6,9,22.5,null
"2020-06-15T04:01:44.000Z",45.701725,5.883526,1,4,7.25,22.5,null
"2020-06-15T04:05:44.000Z",45.701725,5.883526,4.25,7.5,11,0,null
"2020-06-15T04:09:44.000Z",45.701725,5.883526,6.5,9.75,12,0,null
"2020-06-15T04:13:48.000Z",45.701725,5.883526,7.25,10.5,13,0,null
"2020-06-15T04:17:48.000Z",45.701725,5.883526,6.5,9.5,13.5,0,null
"2020-06-15T04:21:48.000Z",45.701725,5.883526,7,10.5,13,0,null
"2020-06-15T04:25:51.000Z",45.701725,5.883526,6.25,9.25,12,0,null
"2020-06-15T04:29:51.000Z",45.701725,5.883526,4.75,7.5,9.75,0,null
"2020-06-15T04:33:51.000Z",45.701725,5.883526,4.25,7.5,11,22.5,null
"2020-06-15T04:37:56.000Z",45.701725,5.883526,3.25,8.5,13,0,null
"2020-06-15T04:41:56.000Z",45.701725,5.883526,8.25,14,16.5,0,null
"2020-06-15T04:45:56.000Z",45.701725,5.883526,12,14.5,16,337.5,null
"2020-06-15T04:49:59.000Z",45.701725,5.883526,11,13.5,16.5,337.5,null
"2020-06-15T04:53:59.000Z",45.701725,5.883526,10.5,13,16.5,337.5,null
"2020-06-15T04:57:59.000Z",45.701725,5.883526,10,13.5,16.5,337.5,null
"2020-06-15T05:02:04.000Z",45.701725,5.883526,12,14.5,17,337.5,null
"2020-06-15T05:06:04.000Z",45.701725,5.883526,11,12.5,15,337.5,null
"2020-06-15T05:10:04.000Z",45.701725,5.883526,9.75,11.5,13.5,337.5,null
"2020-06-15T05:14:08.000Z",45.701725,5.883526,2.75,7.5,13,0,null
"2020-06-15T05:18:08.000Z",45.701725,5.883526,1.5,4,7.25,45,null
"2020-06-15T05:22:08.000Z",45.701725,5.883526,3.75,6.25,12,22.5,null
"2020-06-15T05:26:12.000Z",45.701725,5.883526,6,11.5,14.5,337.5,null
"2020-06-15T05:30:12.000Z",45.701725,5.883526,12,14.5,16.5,337.5,null
"2020-06-15T05:34:12.000Z",45.701725,5.883526,11.5,14,16.5,337.5,null
"2020-06-15T05:38:16.000Z",45.701725,5.883526,10,13.5,16.5,337.5,null
"2020-06-15T05:42:16.000Z",45.701725,5.883526,11.5,14,16.5,337.5,null
"2020-06-15T05:46:16.000Z",45.701725,5.883526,12,14,16.5,315,null
"2020-06-15T05:50:20.000Z",45.701725,5.883526,11.5,15,18,337.5,null
"2020-06-15T05:54:20.000Z",45.701725,5.883526,12,15.5,18.5,315,null
"2020-06-15T05:58:20.000Z",45.701725,5.883526,11,15,19,337.5,null
"2020-06-15T06:02:24.000Z",45.701725,5.883526,13,15.5,19,337.5,null
"2020-06-15T06:06:24.000Z",45.701725,5.883526,11.5,15,18,337.5,null
"2020-06-15T06:10:24.000Z",45.701725,5.883526,11,13,16,337.5,null
"2020-06-15T06:14:28.000Z",45.701725,5.883526,10,12.5,15.5,315,null
"2020-06-15T06:18:28.000Z",45.701725,5.883526,12,14,16,337.5,null
"2020-06-15T06:22:28.000Z",45.701725,5.883526,9.75,12.5,15.5,337.5,null
"2020-06-15T06:26:32.000Z",45.701725,5.883526,7.25,9.5,11,337.5,null
"2020-06-15T06:30:32.000Z",45.701725,5.883526,8.25,10,12,337.5,null
"2020-06-15T06:34:32.000Z",45.701725,5.883526,8.75,10,11.5,337.5,null
"2020-06-15T06:38:36.000Z",45.701725,5.883526,7.75,9.5,11,337.5,null
"2020-06-15T06:42:36.000Z",45.701725,5.883526,7.75,9.5,11,337.5,null
"2020-06-15T06:46:36.000Z",45.701725,5.883526,7,8.25,9.75,337.5,null
"2020-06-15T06:50:40.000Z",45.701725,5.883526,5.25,7.25,9.5,337.5,null
"2020-06-15T06:54:40.000Z",45.701725,5.883526,4.75,7.25,9.75,337.5,null
"2020-06-15T06:58:40.000Z",45.701725,5.883526,6.5,8.5,10.5,337.5,null
"2020-06-15T07:02:45.000Z",45.701725,5.883526,6.5,8.75,11,337.5,null
"2020-06-15T07:06:45.000Z",45.701725,5.883526,6.25,8.25,10,337.5,null
"2020-06-15T07:10:45.000Z",45.701725,5.883526,6.25,10,14,337.5,null
"2020-06-15T07:14:48.000Z",45.701725,5.883526,7.75,9.75,12.5,337.5,null
"2020-06-15T07:18:48.000Z",45.701725,5.883526,6.5,8.75,10.5,337.5,null
"2020-06-15T07:22:48.000Z",45.701725,5.883526,6.25,7.75,9.5,337.5,null
"2020-06-15T07:26:52.000Z",45.701725,5.883526,5.25,7,9.5,337.5,null
"2020-06-15T07:30:52.000Z",45.701725,5.883526,6,7.75,9.5,315,null
"2020-06-15T07:34:52.000Z",45.701725,5.883526,5.5,7,8.75,315,null
"2020-06-15T07:38:56.000Z",45.701725,5.883526,5.5,6.75,8.25,315,null
"2020-06-15T07:42:56.000Z",45.701725,5.883526,5.25,7.5,10,315,null
"2020-06-15T07:46:56.000Z",45.701725,5.883526,6.25,8.5,10.5,315,null
"2020-06-15T07:51:01.000Z",45.701725,5.883526,6.25,7.75,9.5,337.5,null
"2020-06-15T07:55:01.000Z",45.701725,5.883526,7,8.25,11,315,null
"2020-06-15T07:59:01.000Z",45.701725,5.883526,6.5,8.5,10.5,337.5,null
"2020-06-15T08:03:04.000Z",45.701725,5.883526,7,8.5,9.75,337.5,null
"2020-06-15T08:07:04.000Z",45.701725,5.883526,6.25,8.5,10,337.5,null
"2020-06-15T08:11:04.000Z",45.701725,5.883526,7.25,8.75,10,337.5,null
"2020-06-15T08:15:08.000Z",45.701725,5.883526,8.25,9.5,11.5,337.5,null
"2020-06-15T08:19:08.000Z",45.701725,5.883526,7.75,9.75,11,337.5,null
"2020-06-15T08:23:08.000Z",45.701725,5.883526,8.75,10.5,12,337.5,null
"2020-06-15T08:27:13.000Z",45.701725,5.883526,8.25,10,11.5,337.5,null
"2020-06-15T08:31:13.000Z",45.701725,5.883526,9,11,13,337.5,null
"2020-06-15T08:35:13.000Z",45.701725,5.883526,8.75,11,13,337.5,null
"2020-06-15T08:39:17.000Z",45.701725,5.883526,10.5,12,14.5,337.5,null
"2020-06-15T08:43:17.000Z",45.701725,5.883526,11,13,14.5,337.5,null
"2020-06-15T08:47:17.000Z",45.701725,5.883526,9.75,12,13.5,337.5,null
"2020-06-15T08:51:20.000Z",45.701725,5.883526,9,11.5,13.5,0,null
"2020-06-15T08:55:20.000Z",45.701725,5.883526,10,11.5,13,337.5,null
"2020-06-15T08:59:20.000Z",45.701725,5.883526,10,12,13,337.5,null
"2020-06-15T09:03:24.000Z",45.701725,5.883526,8.75,11.5,13.5,337.5,null
"2020-06-15T09:07:24.000Z",45.701725,5.883526,8.25,10.5,12.5,337.5,null
"2020-06-15T09:11:24.000Z",45.701725,5.883526,9.75,12,14,337.5,null
"2020-06-15T09:15:29.000Z",45.701725,5.883526,10,12.5,15,337.5,null
"2020-06-15T09:19:29.000Z",45.701725,5.883526,11,13,14.5,337.5,null
"2020-06-15T09:23:29.000Z",45.701725,5.883526,10,12.5,15,337.5,null
"2020-06-15T09:27:33.000Z",45.701725,5.883526,11,14,17,337.5,null
"2020-06-15T09:31:33.000Z",45.701725,5.883526,11.5,14,16.5,337.5,null
"2020-06-15T09:35:33.000Z",45.701725,5.883526,11,13,14.5,337.5,null
"2020-06-15T09:39:37.000Z",45.701725,5.883526,10,12.5,14.5,337.5,null
"2020-06-15T09:43:37.000Z",45.701725,5.883526,11,14,16.5,337.5,null
"2020-06-15T09:47:37.000Z",45.701725,5.883526,11.5,13.5,15.5,337.5,null
"2020-06-15T09:51:40.000Z",45.701725,5.883526,10.5,12.5,14.5,337.5,null
"2020-06-15T09:55:40.000Z",45.701725,5.883526,9.5,12.5,14.5,337.5,null
"2020-06-15T09:59:40.000Z",45.701725,5.883526,9.5,12,15,337.5,null
"2020-06-15T10:03:45.000Z",45.701725,5.883526,4.25,10,13.5,337.5,null
"2020-06-15T10:07:45.000Z",45.701725,5.883526,6.5,11.5,15.5,337.5,null
"2020-06-15T10:11:45.000Z",45.701725,5.883526,6.5,9.5,15,337.5,null
"2020-06-15T10:15:49.000Z",45.701725,5.883526,5.25,9,14,337.5,null
"2020-06-15T10:19:49.000Z",45.701725,5.883526,8,9.75,12,0,null
"2020-06-15T10:23:49.000Z",45.701725,5.883526,9.75,10.5,12,0,null
"2020-06-15T10:27:53.000Z",45.701725,5.883526,8,10,11.5,337.5,null
"2020-06-15T10:31:53.000Z",45.701725,5.883526,6.25,7.5,8.75,337.5,null
"2020-06-15T10:35:53.000Z",45.701725,5.883526,3.75,6,8.75,315,null
"2020-06-15T10:39:57.000Z",45.701725,5.883526,4.25,5.75,8.25,337.5,null
"2020-06-15T10:43:57.000Z",45.701725,5.883526,6,8,10,315,null
"2020-06-15T10:47:57.000Z",45.701725,5.883526,6,9.25,12,337.5,null
"2020-06-15T10:52:01.000Z",45.701725,5.883526,6.5,8.25,10,337.5,null
"2020-06-15T10:56:01.000Z",45.701725,5.883526,8,10.5,13,337.5,null
"2020-06-15T11:00:01.000Z",45.701725,5.883526,5.5,10.5,15,337.5,null
"2020-06-15T11:04:05.000Z",45.701725,5.883526,8,10,12.5,315,null
"2020-06-15T11:08:05.000Z",45.701725,5.883526,2,6.25,8.25,315,null
"2020-06-15T11:12:05.000Z",45.701725,5.883526,5.25,10,15,315,null
"2020-06-15T11:16:09.000Z",45.701725,5.883526,2.75,8.75,19,315,null
"2020-06-15T11:20:09.000Z",45.701725,5.883526,11.5,16.5,22,292.5,null
"2020-06-15T11:24:09.000Z",45.701725,5.883526,11,17.5,26,292.5,null
"2020-06-15T11:28:13.000Z",45.701725,5.883526,5.5,12,21,270,null
"2020-06-15T11:32:13.000Z",45.701725,5.883526,8,13.5,21.5,292.5,null
"2020-06-15T11:36:13.000Z",45.701725,5.883526,5.25,9.25,17.5,292.5,null
"2020-06-15T11:40:17.000Z",45.701725,5.883526,7.75,13,19.5,270,null
"2020-06-15T11:44:17.000Z",45.701725,5.883526,10,17,23.5,270,null
"2020-06-15T11:48:17.000Z",45.701725,5.883526,5.25,14.5,25,270,null
"2020-06-15T11:52:21.000Z",45.701725,5.883526,9.5,13.5,22,270,null
"2020-06-15T11:56:21.000Z",45.701725,5.883526,8.75,16,24.5,315,null
"2020-06-15T12:00:21.000Z",45.701725,5.883526,3.5,12.5,27.5,315,null
"2020-06-15T12:04:26.000Z",45.701725,5.883526,7.75,12.5,22.5,315,null
"2020-06-15T12:08:26.000Z",45.701725,5.883526,11,15,22,315,null
"2020-06-15T12:12:26.000Z",45.701725,5.883526,9,13.5,18,315,null
"2020-06-15T12:16:29.000Z",45.701725,5.883526,15,24,33.5,337.5,null
"2020-06-15T12:20:29.000Z",45.701725,5.883526,16.5,20,24.5,337.5,null
"2020-06-15T12:24:29.000Z",45.701725,5.883526,16.5,20.5,23.5,337.5,null
"2020-06-15T12:28:33.000Z",45.701725,5.883526,16.5,19,22.5,337.5,null
"2020-06-15T12:32:33.000Z",45.701725,5.883526,13.5,16,19,337.5,null
"2020-06-15T12:36:33.000Z",45.701725,5.883526,9.5,12.5,15,337.5,null
"2020-06-15T12:40:37.000Z",45.701725,5.883526,8.25,10,12,337.5,null
"2020-06-15T12:44:37.000Z",45.701725,5.883526,4.25,6.75,11,0,null
"2020-06-15T12:48:37.000Z",45.701725,5.883526,3.5,6,8.75,22.5,null
"2020-06-15T12:52:41.000Z",45.701725,5.883526,2.5,6.25,10.5,45,null
"2020-06-15T12:56:41.000Z",45.701725,5.883526,2.5,6,10.5,45,null
"2020-06-15T13:00:41.000Z",45.701725,5.883526,0.75,3.5,7,0,null
"2020-06-15T13:04:46.000Z",45.701725,5.883526,1.5,6.25,13,0,null
"2020-06-15T13:08:46.000Z",45.701725,5.883526,4.75,8.25,13,0,null
"2020-06-15T13:12:46.000Z",45.701725,5.883526,2.5,6,9,22.5,null
"2020-06-15T13:16:50.000Z",45.701725,5.883526,3.25,6.25,9.5,22.5,null
"2020-06-15T13:20:50.000Z",45.701725,5.883526,1.75,4.5,7,22.5,null
"2020-06-15T13:24:50.000Z",45.701725,5.883526,3.25,6.25,9.5,0,null
"2020-06-15T13:28:54.000Z",45.701725,5.883526,6.25,9,11,0,null
"2020-06-15T13:32:54.000Z",45.701725,5.883526,3.5,7.25,10.5,337.5,null
"2020-06-15T13:36:54.000Z",45.701725,5.883526,1.5,4.25,7.75,247.5,null
"2020-06-15T13:40:58.000Z",45.701725,5.883526,6.5,13,21,270,null
"2020-06-15T13:44:58.000Z",45.701725,5.883526,8.25,13.5,20,270,null
"2020-06-15T13:48:58.000Z",45.701725,5.883526,9.75,18,26,270,null
"2020-06-15T13:53:01.000Z",45.701725,5.883526,14,21.5,27.5,270,null
"2020-06-15T13:57:01.000Z",45.701725,5.883526,10,17.5,23,247.5,null
"2020-06-15T14:01:01.000Z",45.701725,5.883526,12.5,19.5,24.5,270,null
"2020-06-15T14:05:06.000Z",45.701725,5.883526,11,16.5,23,247.5,null
"2020-06-15T14:09:06.000Z",45.701725,5.883526,14.5,19.5,24,247.5,null
"2020-06-15T14:13:06.000Z",45.701725,5.883526,12,17,21.5,247.5,null
"2020-06-15T14:17:10.000Z",45.701725,5.883526,14,18,23.5,270,null
"2020-06-15T14:21:10.000Z",45.701725,5.883526,11,16.5,23.5,270,null
"2020-06-15T14:25:10.000Z",45.701725,5.883526,10.5,16.5,21,270,null
"2020-06-15T14:29:14.000Z",45.701725,5.883526,12,19,28,270,null
"2020-06-15T14:33:14.000Z",45.701725,5.883526,9.75,13,20,270,null
"2020-06-15T14:37:14.000Z",45.701725,5.883526,7.75,10.5,14,270,null
"2020-06-15T14:41:18.000Z",45.701725,5.883526,6.5,14,22,270,null
"2020-06-15T14:45:18.000Z",45.701725,5.883526,7.75,13.5,19,270,null
"2020-06-15T14:49:18.000Z",45.701725,5.883526,8.75,17,27,270,null
"2020-06-15T14:53:22.000Z",45.701725,5.883526,4.75,10.5,16.5,247.5,null
"2020-06-15T14:57:22.000Z",45.701725,5.883526,2.5,5.75,10.5,315,null
"2020-06-15T15:01:22.000Z",45.701725,5.883526,0,2,7.75,315,null
"2020-06-15T15:05:26.000Z",45.701725,5.883526,1,4.75,7.5,292.5,null
"2020-06-15T15:09:26.000Z",45.701725,5.883526,3.25,9.75,13,270,null
"2020-06-15T15:13:26.000Z",45.701725,5.883526,3.75,7,11,270,null
"2020-06-15T15:17:30.000Z",45.701725,5.883526,3.5,6.25,10,270,null
"2020-06-15T15:21:30.000Z",45.701725,5.883526,1,8,14,270,null
"2020-06-15T15:25:30.000Z",45.701725,5.883526,6.5,11,16,270,null
"2020-06-15T15:29:34.000Z",45.701725,5.883526,1.5,6,12,315,null
"2020-06-15T15:33:34.000Z",45.701725,5.883526,3.5,9,19,292.5,null
"2020-06-15T15:37:34.000Z",45.701725,5.883526,7.75,12,19.5,270,null
"2020-06-15T15:41:38.000Z",45.701725,5.883526,8.25,12.5,17,270,null
"2020-06-15T15:45:38.000Z",45.701725,5.883526,5.5,9.75,16.5,270,null
"2020-06-15T15:49:38.000Z",45.701725,5.883526,6,12,19,270,null
"2020-06-15T15:53:42.000Z",45.701725,5.883526,0,3.5,8,247.5,null
"2020-06-15T15:57:42.000Z",45.701725,5.883526,0.75,4.25,6.5,0,null
"2020-06-15T16:01:42.000Z",45.701725,5.883526,0,0.5,2.75,22.5,null
"2020-06-15T16:05:46.000Z",45.701725,5.883526,0,0,0.25,270,null
"2020-06-15T16:09:46.000Z",45.701725,5.883526,0,0,0,225,null
"2020-06-15T16:13:46.000Z",45.701725,5.883526,0,0,0,202.5,null
"2020-06-15T16:17:50.000Z",45.701725,5.883526,0,0.75,1.75,315,null
"2020-06-15T16:21:50.000Z",45.701725,5.883526,0,0.75,1.75,270,null
"2020-06-15T16:25:50.000Z",45.701725,5.883526,1.5,4,7,270,null
"2020-06-15T16:29:55.000Z",45.701725,5.883526,2.75,7.75,14.5,270,null
"2020-06-15T16:33:55.000Z",45.701725,5.883526,6.5,11,16,270,null
"2020-06-15T16:37:55.000Z",45.701725,5.883526,2.75,8.5,13.5,270,null
"2020-06-15T16:41:58.000Z",45.701725,5.883526,6.25,9.5,16.5,270,null
"2020-06-15T16:45:58.000Z",45.701725,5.883526,8,14,19.5,270,null
"2020-06-15T16:49:58.000Z",45.701725,5.883526,4.5,9.75,17.5,292.5,null
"2020-06-15T16:54:02.000Z",45.701725,5.883526,9,13.5,17.5,270,null
"2020-06-15T16:58:02.000Z",45.701725,5.883526,7.75,12,18,292.5,null
"2020-06-15T17:02:02.000Z",45.701725,5.883526,4.5,10.5,15.5,292.5,null
"2020-06-15T17:06:06.000Z",45.701725,5.883526,11,14.5,17.5,270,null
"2020-06-15T17:10:06.000Z",45.701725,5.883526,12.5,16,20,270,null
"2020-06-15T17:14:06.000Z",45.701725,5.883526,11.5,15.5,21,270,null
"2020-06-15T17:18:11.000Z",45.701725,5.883526,11,17.5,24.5,270,null
"2020-06-15T17:22:11.000Z",45.701725,5.883526,9,13.5,19,292.5,null
"2020-06-15T17:26:11.000Z",45.701725,5.883526,9,14,21,292.5,null
"2020-06-15T17:30:14.000Z",45.701725,5.883526,4.5,11.5,19,292.5,null
"2020-06-15T17:34:14.000Z",45.701725,5.883526,7,11.5,16.5,315,null
"2020-06-15T17:38:14.000Z",45.701725,5.883526,7.75,12,15,315,null
"2020-06-15T17:42:18.000Z",45.701725,5.883526,7,10,15,337.5,null
"2020-06-15T17:46:18.000Z",45.701725,5.883526,7.75,10.5,15,337.5,null
"2020-06-15T17:50:18.000Z",45.701725,5.883526,5.25,10,14.5,0,null
"2020-06-15T17:54:22.000Z",45.701725,5.883526,4.5,7.25,12,0,null
"2020-06-15T17:58:22.000Z",45.701725,5.883526,2.75,6,9,0,null
"2020-06-15T18:02:22.000Z",45.701725,5.883526,1.75,7.5,13.5,22.5,null
"2020-06-15T18:06:26.000Z",45.701725,5.883526,7.75,11,15,0,null
"2020-06-15T18:10:26.000Z",45.701725,5.883526,7,11,16,0,null
"2020-06-15T18:14:26.000Z",45.701725,5.883526,6,9.75,14,22.5,null
"2020-06-15T18:18:31.000Z",45.701725,5.883526,4.75,8.5,13.5,22.5,null
"2020-06-15T18:22:31.000Z",45.701725,5.883526,4.75,8,11.5,22.5,null
"2020-06-15T18:26:31.000Z",45.701725,5.883526,3.75,8,13,45,null
"2020-06-15T18:30:34.000Z",45.701725,5.883526,3.5,9,15,67.5,null
"2020-06-15T18:34:34.000Z",45.701725,5.883526,3.25,8,14.5,67.5,null
"2020-06-15T18:38:34.000Z",45.701725,5.883526,3.5,7.25,12,67.5,null
"2020-06-15T18:42:39.000Z",45.701725,5.883526,1.5,5.25,9.75,45,null
"2020-06-15T18:46:39.000Z",45.701725,5.883526,1.75,5,9.75,45,null
"2020-06-15T18:50:39.000Z",45.701725,5.883526,1.75,5,11,45,null
"2020-06-15T18:54:42.000Z",45.701725,5.883526,2.5,6,9,22.5,null
"2020-06-15T18:58:42.000Z",45.701725,5.883526,4.25,7.25,11,22.5,null
"2020-06-15T19:02:42.000Z",45.701725,5.883526,4.5,7,9.75,45,null
"2020-06-15T19:06:47.000Z",45.701725,5.883526,1.75,4,6.5,22.5,null
"2020-06-15T19:10:47.000Z",45.701725,5.883526,1.75,3.75,6.25,22.5,null
"2020-06-15T19:14:47.000Z",45.701725,5.883526,2.75,4.25,5.5,22.5,null
"2020-06-15T19:18:51.000Z",45.701725,5.883526,2.75,4.5,7,22.5,null
"2020-06-15T19:22:51.000Z",45.701725,5.883526,2.75,5.25,7.25,22.5,null
"2020-06-15T19:26:51.000Z",45.701725,5.883526,2,4.75,6.25,0,null
"2020-06-15T19:30:55.000Z",45.701725,5.883526,2.75,4.5,6.25,22.5,null
"2020-06-15T19:34:55.000Z",45.701725,5.883526,1.75,3.25,5.25,22.5,null
"2020-06-15T19:38:55.000Z",45.701725,5.883526,3.75,5.5,7.75,45,null
"2020-06-15T19:42:59.000Z",45.701725,5.883526,2.75,5,8,45,null
"2020-06-15T19:46:59.000Z",45.701725,5.883526,3.5,6.25,9,67.5,null
"2020-06-15T19:50:59.000Z",45.701725,5.883526,4.25,5.75,9.75,45,null
"2020-06-15T19:55:03.000Z",45.701725,5.883526,1.75,7.25,15.5,45,null
"2020-06-15T19:59:03.000Z",45.701725,5.883526,3.25,7.5,14.5,67.5,null
"2020-06-15T20:03:03.000Z",45.701725,5.883526,1.75,6.25,11,67.5,null
"2020-06-15T20:07:07.000Z",45.701725,5.883526,0,3,8.25,67.5,null
"2020-06-15T20:11:07.000Z",45.701725,5.883526,0,3.5,12,90,null
"2020-06-15T20:15:07.000Z",45.701725,5.883526,1,4.25,8,90,null
"2020-06-15T20:19:11.000Z",45.701725,5.883526,0,1.75,4.5,135,null
"2020-06-15T20:23:11.000Z",45.701725,5.883526,0,0.25,1.75,90,null
"2020-06-15T20:27:11.000Z",45.701725,5.883526,0,1,3.75,67.5,null
"2020-06-15T20:31:15.000Z",45.701725,5.883526,0,1.25,4.75,292.5,null
"2020-06-15T20:35:15.000Z",45.701725,5.883526,0.25,2.5,5.25,292.5,null
"2020-06-15T20:39:15.000Z",45.701725,5.883526,0,0.25,1.5,270,null
"2020-06-15T20:43:19.000Z",45.701725,5.883526,0,1.25,3.75,292.5,null
"2020-06-15T20:47:19.000Z",45.701725,5.883526,0.25,5.25,13.5,315,null
"2020-06-15T20:51:19.000Z",45.701725,5.883526,0,3,7,45,null
"2020-06-15T20:55:24.000Z",45.701725,5.883526,0,1.75,6.5,292.5,null
"2020-06-15T20:59:24.000Z",45.701725,5.883526,1.5,5,12,0,null
"2020-06-15T21:03:24.000Z",45.701725,5.883526,0,2.5,6,315,null
"2020-06-15T21:07:28.000Z",45.701725,5.883526,0,1,3.25,90,null
"2020-06-15T21:11:28.000Z",45.701725,5.883526,0,3.25,5.25,292.5,null
"2020-06-15T21:15:28.000Z",45.701725,5.883526,3.75,5.5,7,270,null
"2020-06-15T21:19:31.000Z",45.701725,5.883526,4.25,7,10,292.5,null
"2020-06-15T21:23:31.000Z",45.701725,5.883526,0,2.25,6,292.5,null
"2020-06-15T21:27:31.000Z",45.701725,5.883526,0.25,2.5,6.5,292.5,null
"2020-06-15T21:31:35.000Z",45.701725,5.883526,1,3.25,5.25,270,null
"2020-06-15T21:35:35.000Z",45.701725,5.883526,0,0.5,2.75,247.5,null
"2020-06-15T21:39:35.000Z",45.701725,5.883526,0,1.5,3.5,157.5,null
"2020-06-15T21:43:40.000Z",45.701725,5.883526,1,2.75,4.5,112.5,null
"2020-06-15T21:47:40.000Z",45.701725,5.883526,2.75,3.75,4.75,90,null
"2020-06-15T21:51:40.000Z",45.701725,5.883526,1.5,3,4.5,90,null
"2020-06-15T21:55:44.000Z",45.701725,5.883526,0,1.25,3.25,90,null
"2020-06-15T21:59:44.000Z",45.701725,5.883526,0,1.25,2.75,135,null
"2020-06-15T22:03:44.000Z",45.701725,5.883526,0.25,2.25,4.75,112.5,null
"2020-06-15T22:07:47.000Z",45.701725,5.883526,0.75,3,5.25,90,null
"2020-06-15T22:11:47.000Z",45.701725,5.883526,0.25,2.5,5.25,90,null
"2020-06-15T22:15:47.000Z",45.701725,5.883526,1.75,3.5,4.75,67.5,null
"2020-06-15T22:19:52.000Z",45.701725,5.883526,1,2.75,4.25,90,null
"2020-06-15T22:23:52.000Z",45.701725,5.883526,2,5.5,8,112.5,null
"2020-06-15T22:27:52.000Z",45.701725,5.883526,1.75,3.75,6,90,null
"2020-06-15T22:31:56.000Z",45.701725,5.883526,1.5,2.75,3.75,112.5,null
"2020-06-15T22:35:56.000Z",45.701725,5.883526,1.75,3.5,4.75,112.5,null
"2020-06-15T22:39:56.000Z",45.701725,5.883526,0.75,2.75,4.5,112.5,null
"2020-06-15T22:44:00.000Z",45.701725,5.883526,0,2.5,4.5,112.5,null
"2020-06-15T22:48:00.000Z",45.701725,5.883526,1.75,3.25,4.5,90,null
"2020-06-15T22:52:00.000Z",45.701725,5.883526,0.75,3,6.5,90,null
"2020-06-15T22:56:04.000Z",45.701725,5.883526,2,4.25,7.75,90,null
"2020-06-15T23:00:04.000Z",45.701725,5.883526,1,4,8.25,90,null
"2020-06-15T23:04:04.000Z",45.701725,5.883526,0.25,1.5,3.25,112.5,null
"2020-06-15T23:08:07.000Z",45.701725,5.883526,1.5,2.5,4.25,112.5,null
"2020-06-15T23:12:07.000Z",45.701725,5.883526,1.5,2.75,4.25,90,null
"2020-06-15T23:16:07.000Z",45.701725,5.883526,0.75,2,3.75,90,null
"2020-06-15T23:20:12.000Z",45.701725,5.883526,0.75,2,3.5,90,null
"2020-06-15T23:24:12.000Z",45.701725,5.883526,1.75,2.75,3.5,90,null
"2020-06-15T23:28:12.000Z",45.701725,5.883526,0,0.5,2.75,90,null
"2020-06-15T23:36:10.000Z",45.701483,5.883496,3.5,5.75,7.75,90,null
"2020-06-15T23:40:10.000Z",45.701483,5.883496,2.75,6.5,9,90,null
"2020-06-15T23:44:10.000Z",45.701483,5.883496,2,5.25,9.5,67.5,null
"2020-06-15T23:48:13.000Z",45.701483,5.883496,2.5,4.75,7.25,67.5,null
"2020-06-15T23:52:13.000Z",45.701483,5.883496,2,4.5,6.25,90,null
"2020-06-15T23:56:13.000Z",45.701483,5.883496,0.75,3.25,6.25,90,null
"2020-06-16T00:00:18.000Z",45.701483,5.883496,0.75,2.25,4.25,90,null
"2020-06-16T00:04:18.000Z",45.701483,5.883496,0,0.25,1.5,112.5,null
"2020-06-16T00:08:18.000Z",45.701483,5.883496,0,0.25,1.75,270,null
"2020-06-16T00:12:22.000Z",45.701483,5.883496,0,1,2,67.5,null
"2020-06-16T00:16:22.000Z",45.701483,5.883496,0,0.5,1.75,0,null
"2020-06-16T00:20:22.000Z",45.701483,5.883496,0,2.25,4.75,270,null
"2020-06-16T00:25:01.000Z",45.701483,5.883496,0,1.5,4.5,247.5,null
"2020-06-16T00:29:01.000Z",45.701483,5.883496,0.75,3.75,4.75,225,null
"2020-06-16T00:33:01.000Z",45.701631,5.883565,1,2.75,3.75,202.5,null
"2020-06-16T00:37:06.000Z",45.701631,5.883565,0.25,2.25,3.5,180,null
"2020-06-16T00:41:06.000Z",45.701631,5.883565,0,1.5,3.5,112.5,null
"2020-06-16T00:45:06.000Z",45.701631,5.883565,0.25,2.25,4.75,90,null
"2020-06-16T00:49:10.000Z",45.701631,5.883565,1.5,4.5,7,90,null
"2020-06-16T00:53:10.000Z",45.701631,5.883565,0.75,2,4.25,112.5,null
"2020-06-16T00:57:10.000Z",45.701631,5.883565,1,2,2.5,112.5,null
"2020-06-16T01:01:14.000Z",45.701631,5.883565,2,3.25,4.5,112.5,null
"2020-06-16T01:05:14.000Z",45.701631,5.883565,1.5,2.75,4.25,90,null
"2020-06-16T01:09:14.000Z",45.701631,5.883565,1.5,3,5.5,112.5,null
"2020-06-16T01:13:18.000Z",45.701631,5.883565,2.75,4.25,6.25,90,null
"2020-06-16T01:17:18.000Z",45.701631,5.883565,1.75,3.75,5.5,90,null
"2020-06-16T01:21:18.000Z",45.701631,5.883565,0,2.5,5.5,90,null
"2020-06-16T01:25:22.000Z",45.701631,5.883565,0,2.5,5.25,112.5,null
"2020-06-16T01:29:22.000Z",45.701631,5.883565,0.25,2,4.5,90,null
"2020-06-16T01:33:22.000Z",45.701631,5.883565,0.75,2.25,4.75,90,null
"2020-06-16T01:37:26.000Z",45.701631,5.883565,0,0.5,1.75,67.5,null
"2020-06-16T01:41:26.000Z",45.701631,5.883565,0,1.5,2.5,67.5,null
"2020-06-16T01:45:26.000Z",45.701631,5.883565,0,1.5,3.25,90,null
"2020-06-16T01:49:30.000Z",45.701631,5.883565,2,3.75,5.25,90,null
"2020-06-16T01:53:30.000Z",45.701631,5.883565,2.5,3.5,4.75,90,null
"2020-06-16T01:57:30.000Z",45.701631,5.883565,0.75,2.25,3.5,67.5,null
"2020-06-16T02:01:35.000Z",45.701631,5.883565,0,1.25,2.5,67.5,null
"2020-06-16T02:05:35.000Z",45.701631,5.883565,1,2.75,4.75,90,null
"2020-06-16T02:09:35.000Z",45.701631,5.883565,1,2.75,4.25,112.5,null
"2020-06-16T02:13:39.000Z",45.701631,5.883565,1.5,2.75,4,90,null
"2020-06-16T02:17:39.000Z",45.701631,5.883565,1,3.5,5.5,90,null
"2020-06-16T02:21:39.000Z",45.701631,5.883565,1.75,3.25,4.25,90,null
"2020-06-16T02:25:42.000Z",45.701631,5.883565,1.5,3,3.75,90,null
"2020-06-16T02:29:42.000Z",45.701631,5.883565,1.5,2.75,3.75,90,null
"2020-06-16T02:33:42.000Z",45.701631,5.883565,1.75,2.75,4.25,90,null
"2020-06-16T02:37:46.000Z",45.701631,5.883565,2.5,4,6.25,90,null
"2020-06-16T02:41:46.000Z",45.701631,5.883565,2.75,3.75,5.25,90,null
"2020-06-16T02:45:46.000Z",45.701631,5.883565,2.75,4,6.25,90,null
"2020-06-16T02:49:50.000Z",45.701631,5.883565,2.75,5,6.25,90,null
"2020-06-16T02:53:50.000Z",45.701631,5.883565,2,4.25,5.5,90,null
"2020-06-16T02:57:50.000Z",45.701631,5.883565,2.5,3.5,4.5,90,null
"2020-06-16T03:01:54.000Z",45.701631,5.883565,1.75,4.25,5.25,90,null
"2020-06-16T03:05:54.000Z",45.701631,5.883565,3.5,4.75,6.25,90,null
"2020-06-16T03:09:54.000Z",45.701631,5.883565,1.75,3.5,4.75,90,null
"2020-06-16T03:13:58.000Z",45.701631,5.883565,1,3,4.5,90,null
"2020-06-16T03:17:58.000Z",45.701631,5.883565,2.5,4,5.25,90,null
"2020-06-16T03:21:58.000Z",45.701631,5.883565,1.75,3.25,4.75,90,null
"2020-06-16T03:26:03.000Z",45.701631,5.883565,1,2.5,3.5,90,null
"2020-06-16T03:30:03.000Z",45.701631,5.883565,2,3.25,4.5,90,null
"2020-06-16T03:34:03.000Z",45.701631,5.883565,2.5,3.5,4.5,90,null
"2020-06-16T03:38:07.000Z",45.701631,5.883565,2.5,3.75,5.75,90,null
"2020-06-16T03:42:07.000Z",45.701631,5.883565,0.25,2,3.75,90,null
"2020-06-16T03:46:07.000Z",45.701631,5.883565,1.5,3,4.5,90,null
"2020-06-16T03:50:11.000Z",45.701631,5.883565,1,1.75,2.75,112.5,null
"2020-06-16T03:54:11.000Z",45.701631,5.883565,2,3.25,4.25,90,null
"2020-06-16T03:58:11.000Z",45.701631,5.883565,2,3.75,4.25,90,null
"2020-06-16T04:02:14.000Z",45.701631,5.883565,2.5,3.75,4.75,90,null
"2020-06-16T04:06:14.000Z",45.701631,5.883565,2.75,4,5.25,90,null
"2020-06-16T04:10:14.000Z",45.701631,5.883565,2.75,4.25,5.5,67.5,null
"2020-06-16T04:14:19.000Z",45.701631,5.883565,2.5,4,5.25,90,null
"2020-06-16T04:18:19.000Z",45.701631,5.883565,1,3,4.75,90,null
"2020-06-16T04:22:19.000Z",45.701631,5.883565,0.25,2,3.5,90,null
"2020-06-16T04:26:23.000Z",45.701631,5.883565,0.25,3,5.25,90,null
"2020-06-16T04:30:23.000Z",45.701631,5.883565,2.75,4.5,6,90,null
"2020-06-16T04:34:23.000Z",45.701631,5.883565,3.5,4.75,6.25,67.5,null
"2020-06-16T04:38:27.000Z",45.701631,5.883565,3.25,4.75,7.25,45,null
"2020-06-16T04:42:27.000Z",45.701631,5.883565,1.75,4.75,7,45,null
"2020-06-16T04:46:27.000Z",45.701631,5.883565,3.25,5.5,8.25,45,null
"2020-06-16T04:50:31.000Z",45.701631,5.883565,2.75,5.25,8,67.5,null
"2020-06-16T04:54:31.000Z",45.701631,5.883565,0,4,7.75,45,null
"2020-06-16T04:58:31.000Z",45.701631,5.883565,1,3.75,6,22.5,null
"2020-06-16T05:02:35.000Z",45.701631,5.883565,2.75,8.25,11.5,0,null
"2020-06-16T05:06:35.000Z",45.701631,5.883565,3.75,7,11,0,null
"2020-06-16T05:10:35.000Z",45.701631,5.883565,3.25,5.25,7.75,45,null
"2020-06-16T05:14:39.000Z",45.701631,5.883565,3.25,5.5,8.25,22.5,null
"2020-06-16T05:18:39.000Z",45.701631,5.883565,1.75,6.25,9.5,22.5,null
"2020-06-16T05:22:39.000Z",45.701631,5.883565,2.75,5.5,8.75,67.5,null
"2020-06-16T05:26:43.000Z",45.701631,5.883565,3.25,5.5,8,45,null
"2020-06-16T05:30:43.000Z",45.701631,5.883565,3.5,7.25,12,0,null
"2020-06-16T05:34:43.000Z",45.701631,5.883565,3.5,6.75,9.75,22.5,null
"2020-06-16T05:38:47.000Z",45.701631,5.883565,4.75,8.25,11,0,null
"2020-06-16T05:42:47.000Z",45.701631,5.883565,3.25,6.5,12,22.5,null
"2020-06-16T05:46:47.000Z",45.701631,5.883565,7.25,11,13,0,null
"2020-06-16T05:50:51.000Z",45.701631,5.883565,8.75,12,14.5,337.5,null
"2020-06-16T05:54:51.000Z",45.701631,5.883565,9.75,12.5,14.5,337.5,null
"2020-06-16T05:58:51.000Z",45.701631,5.883565,9.5,12,14.5,337.5,null
"2020-06-16T06:02:55.000Z",45.701631,5.883565,10,12,14,337.5,null
"2020-06-16T06:06:55.000Z",45.701631,5.883565,8.75,11,13,337.5,null
"2020-06-16T06:10:55.000Z",45.701631,5.883565,8.25,9.25,10.5,337.5,null
"2020-06-16T06:14:59.000Z",45.701631,5.883565,7,8.25,9.5,337.5,null
"2020-06-16T06:18:59.000Z",45.701631,5.883565,3.25,6.75,8.75,337.5,null
"2020-06-16T06:22:59.000Z",45.701631,5.883565,3.5,4.75,6,0,null
"2020-06-16T06:27:04.000Z",45.701631,5.883565,2.5,3.75,5.25,0,null
"2020-06-16T06:31:04.000Z",45.701631,5.883565,2.75,6.5,10.5,337.5,null
"2020-06-16T06:35:04.000Z",45.701631,5.883565,7.75,10,11.5,315,null
"2020-06-16T06:39:07.000Z",45.701631,5.883565,6,10,13,315,null
"2020-06-16T06:43:07.000Z",45.701631,5.883565,8.75,10.5,12,315,null
"2020-06-16T06:47:07.000Z",45.701631,5.883565,8.75,10.5,12,315,null
"2020-06-16T06:51:11.000Z",45.701631,5.883565,8.75,12,14,337.5,null
"2020-06-16T06:55:11.000Z",45.701631,5.883565,9.75,12,13,337.5,null
"2020-06-16T06:59:11.000Z",45.701631,5.883565,9,11,12.5,315,null
"2020-06-16T07:03:15.000Z",45.701631,5.883565,9.5,11.5,13,337.5,null
"2020-06-16T07:07:15.000Z",45.701631,5.883565,10,12,13.5,337.5,null
"2020-06-16T07:11:15.000Z",45.701631,5.883565,9.5,12,13,337.5,null
"2020-06-16T07:15:19.000Z",45.701631,5.883565,7,10,11.5,337.5,null
"2020-06-16T07:19:19.000Z",45.701631,5.883565,7.25,10,12,337.5,null
"2020-06-16T07:23:19.000Z",45.701631,5.883565,9.75,11.5,13,337.5,null
"2020-06-16T07:27:23.000Z",45.701631,5.883565,10,11.5,13,337.5,null
"2020-06-16T07:31:23.000Z",45.701631,5.883565,9,11,12.5,337.5,null
"2020-06-16T07:35:23.000Z",45.701631,5.883565,9.5,11,12,337.5,null
"2020-06-16T07:39:27.000Z",45.701631,5.883565,9,11.5,13,337.5,null
"2020-06-16T07:43:27.000Z",45.701631,5.883565,9,11,12.5,337.5,null
"2020-06-16T07:47:27.000Z",45.701631,5.883565,9,11,12.5,337.5,null
"2020-06-16T07:51:32.000Z",45.701631,5.883565,9,12,13,337.5,null
"2020-06-16T07:55:32.000Z",45.701631,5.883565,9.5,12,14,337.5,null
"2020-06-16T07:59:32.000Z",45.701631,5.883565,8.75,11,13.5,337.5,null
"2020-06-16T08:03:36.000Z",45.701631,5.883565,10.5,12,13.5,337.5,null
"2020-06-16T08:07:36.000Z",45.701631,5.883565,10,12.5,14.5,337.5,null
"2020-06-16T08:11:36.000Z",45.701631,5.883565,10.5,12.5,15,337.5,null
"2020-06-16T08:15:39.000Z",45.701631,5.883565,10.5,13,15,337.5,null
"2020-06-16T08:19:39.000Z",45.701631,5.883565,12.5,14.5,16,337.5,null
"2020-06-16T08:23:39.000Z",45.701631,5.883565,12,14,15.5,337.5,null
"2020-06-16T08:27:44.000Z",45.701631,5.883565,11.5,14,16,337.5,null
"2020-06-16T08:31:44.000Z",45.701631,5.883565,12,14.5,16,0,null
"2020-06-16T08:35:44.000Z",45.701631,5.883565,12.5,14.5,16,337.5,null
"2020-06-16T08:39:48.000Z",45.701631,5.883565,11.5,13.5,15,0,null
"2020-06-16T08:43:48.000Z",45.701631,5.883565,9.5,13,16,0,null
"2020-06-16T08:47:48.000Z",45.701631,5.883565,11,13,15.5,337.5,null
"2020-06-16T08:51:52.000Z",45.701631,5.883565,11,13.5,16.5,337.5,null
"2020-06-16T08:55:52.000Z",45.701631,5.883565,12.5,15,17.5,337.5,null
"2020-06-16T08:59:52.000Z",45.701631,5.883565,12.5,15,18,337.5,null
"2020-06-16T09:03:56.000Z",45.701631,5.883565,11,14,17,337.5,null
"2020-06-16T09:07:56.000Z",45.701631,5.883565,9.75,12,14.5,337.5,null
"2020-06-16T09:11:56.000Z",45.701631,5.883565,9.5,12,14.5,337.5,null
"2020-06-16T09:15:59.000Z",45.701631,5.883565,9.75,13,16,337.5,null
"2020-06-16T09:19:59.000Z",45.701631,5.883565,12,14,16,337.5,null
"2020-06-16T09:23:59.000Z",45.701631,5.883565,10.5,15.5,18,337.5,null
"2020-06-16T09:28:04.000Z",45.701631,5.883565,13,15,16.5,337.5,null
"2020-06-16T09:32:04.000Z",45.701631,5.883565,12.5,15,17.5,337.5,null
"2020-06-16T09:36:04.000Z",45.701631,5.883565,12,14,16.5,337.5,null
"2020-06-16T09:40:08.000Z",45.701631,5.883565,8.25,14.5,18,0,null
"2020-06-16T09:44:08.000Z",45.701631,5.883565,13,15.5,18,0,null
"2020-06-16T09:48:08.000Z",45.701631,5.883565,14.5,16.5,19,337.5,null
"2020-06-16T09:52:12.000Z",45.701631,5.883565,12,14,17.5,0,null
"2020-06-16T09:56:12.000Z",45.701631,5.883565,12,15,17.5,0,null
"2020-06-16T10:00:12.000Z",45.701631,5.883565,12,14.5,17,337.5,null
"2020-06-16T10:04:16.000Z",45.701631,5.883565,11,14.5,17.5,337.5,null
"2020-06-16T10:08:16.000Z",45.701631,5.883565,11,13.5,16.5,337.5,null
"2020-06-16T10:12:16.000Z",45.701631,5.883565,11,13.5,16.5,337.5,null
"2020-06-16T10:16:20.000Z",45.701631,5.883565,9.5,12.5,14.5,337.5,null
"2020-06-16T10:20:20.000Z",45.701631,5.883565,11.5,14.5,16.5,337.5,null
"2020-06-16T10:24:20.000Z",45.701631,5.883565,13,15.5,19,337.5,null
"2020-06-16T10:28:24.000Z",45.701631,5.883565,13,15.5,18.5,337.5,null
"2020-06-16T10:32:24.000Z",45.701631,5.883565,12,15,18,337.5,null
"2020-06-16T10:36:24.000Z",45.701631,5.883565,14,16.5,18,337.5,null
"2020-06-16T10:40:28.000Z",45.701631,5.883565,13.5,15.5,16.5,337.5,null
"2020-06-16T10:44:28.000Z",45.701631,5.883565,13,15.5,17.5,337.5,null
"2020-06-16T10:48:28.000Z",45.701631,5.883565,15.5,17.5,20,337.5,null
"2020-06-16T10:52:32.000Z",45.701631,5.883565,12,14,17,337.5,null
"2020-06-16T10:56:32.000Z",45.701631,5.883565,11.5,14,15.5,337.5,null
"2020-06-16T11:00:32.000Z",45.701631,5.883565,7.25,11,19,315,null
"2020-06-16T11:04:36.000Z",45.701631,5.883565,3.75,8.25,15,315,null
"2020-06-16T11:08:36.000Z",45.701631,5.883565,8.75,14,21.5,337.5,null
"2020-06-16T11:12:36.000Z",45.701631,5.883565,8,13,19.5,292.5,null
"2020-06-16T11:16:40.000Z",45.701631,5.883565,4.5,13,21.5,292.5,null
"2020-06-16T11:20:40.000Z",45.701631,5.883565,2,15,25,292.5,null
"2020-06-16T11:24:40.000Z",45.701631,5.883565,8.25,21,27.5,270,null
"2020-06-16T11:28:44.000Z",45.701631,5.883565,13,20,31,270,null
"2020-06-16T11:32:44.000Z",45.701631,5.883565,10.5,18,26,247.5,null
"2020-06-16T11:36:44.000Z",45.701631,5.883565,4.75,13.5,21,270,null
"2020-06-16T11:40:49.000Z",45.701631,5.883565,1.75,14.5,26,270,null
"2020-06-16T11:44:49.000Z",45.701631,5.883565,12.5,18.5,26.5,270,null
"2020-06-16T11:48:49.000Z",45.701631,5.883565,10,18,25,247.5,null
"2020-06-16T11:52:52.000Z",45.701631,5.883565,5.5,8.75,12,292.5,null
"2020-06-16T11:56:52.000Z",45.701631,5.883565,10.5,20.5,28.5,270,null
"2020-06-16T12:00:52.000Z",45.701631,5.883565,16.5,24,32,270,null
"2020-06-16T12:04:56.000Z",45.701631,5.883565,9.5,19,29.5,247.5,null
"2020-06-16T12:08:56.000Z",45.701631,5.883565,6,12,26,270,null
"2020-06-16T12:12:56.000Z",45.701631,5.883565,12.5,17,23.5,292.5,null
"2020-06-16T12:17:00.000Z",45.701631,5.883565,12,23,30.5,270,null
"2020-06-16T12:21:00.000Z",45.701631,5.883565,17,26,32,270,null
"2020-06-16T12:25:00.000Z",45.701631,5.883565,14.5,21,28,270,null
"2020-06-16T12:29:05.000Z",45.701631,5.883565,8,14,21,270,null
"2020-06-16T12:33:05.000Z",45.701631,5.883565,5.25,11,18.5,270,null
"2020-06-16T12:37:05.000Z",45.701631,5.883565,2.75,8.5,16.5,270,null
"2020-06-16T12:41:08.000Z",45.701631,5.883565,4,10.5,22.5,270,null
"2020-06-16T12:45:08.000Z",45.701631,5.883565,11.5,18,26,270,null
"2020-06-16T12:49:08.000Z",45.701631,5.883565,11,21,31,270,null
"2020-06-16T12:53:13.000Z",45.701631,5.883565,7.25,20,28.5,270,null
"2020-06-16T12:57:13.000Z",45.701631,5.883565,6,12,18.5,247.5,null
"2020-06-16T13:01:13.000Z",45.701631,5.883565,7,14,26,270,null
"2020-06-16T13:05:16.000Z",45.701631,5.883565,14.5,21.5,27,270,null
"2020-06-16T13:09:16.000Z",45.701631,5.883565,15,20,29,270,null
"2020-06-16T13:13:16.000Z",45.701631,5.883565,12,19.5,29,247.5,null
"2020-06-16T13:17:21.000Z",45.701631,5.883565,8.25,13,22,270,null
"2020-06-16T13:21:21.000Z",45.701631,5.883565,7.75,16,27,270,null
"2020-06-16T13:25:21.000Z",45.701631,5.883565,9.75,15,22.5,270,null
"2020-06-16T13:29:25.000Z",45.701631,5.883565,12.5,19.5,29,270,null
"2020-06-16T13:33:25.000Z",45.701631,5.883565,6.25,14.5,25.5,270,null
"2020-06-16T13:37:25.000Z",45.701631,5.883565,10,17.5,25,270,null
"2020-06-16T13:41:28.000Z",45.701631,5.883565,10.5,15,19.5,270,null
"2020-06-16T13:45:28.000Z",45.701631,5.883565,2.5,8,17.5,270,null
"2020-06-16T13:49:28.000Z",45.701631,5.883565,4.75,10,19.5,270,null
"2020-06-16T13:53:33.000Z",45.701631,5.883565,3.75,7.75,13,270,null
"2020-06-16T13:57:33.000Z",45.701631,5.883565,4.75,8.5,13.5,247.5,null
"2020-06-16T14:01:33.000Z",45.701631,5.883565,3.5,15.5,40.5,247.5,null
"2020-06-16T14:05:37.000Z",45.701631,5.883565,2.5,10,18,270,null
"2020-06-16T14:09:37.000Z",45.701631,5.883565,11.5,18,22,270,null
"2020-06-16T14:13:37.000Z",45.701631,5.883565,14,21.5,27,270,null
"2020-06-16T14:17:41.000Z",45.701631,5.883565,18,22.5,26,270,null
"2020-06-16T14:21:41.000Z",45.701631,5.883565,10.5,16,31.5,270,null
"2020-06-16T14:25:41.000Z",45.701631,5.883565,7,17,24.5,270,null
"2020-06-16T14:29:45.000Z",45.701631,5.883565,11.5,16,21.5,270,null
"2020-06-16T14:33:45.000Z",45.701631,5.883565,13.5,18,23,270,null
"2020-06-16T14:37:45.000Z",45.701631,5.883565,12.5,19.5,28,270,null
"2020-06-16T14:41:49.000Z",45.701631,5.883565,13.5,21,26,247.5,null
"2020-06-16T14:45:49.000Z",45.701631,5.883565,13,20,27,247.5,null
"2020-06-16T14:49:49.000Z",45.701631,5.883565,12,18.5,21.5,270,null
"2020-06-16T14:53:53.000Z",45.701631,5.883565,10,13.5,18.5,270,null
"2020-06-16T14:57:53.000Z",45.701631,5.883565,6.5,12,20,270,null
"2020-06-16T15:01:53.000Z",45.701631,5.883565,9.5,17,24.5,270,null
"2020-06-16T15:05:57.000Z",45.701631,5.883565,8.75,18,25,270,null
"2020-06-16T15:09:57.000Z",45.701631,5.883565,12,21.5,28.5,270,null
"2020-06-16T15:13:57.000Z",45.701631,5.883565,13.5,19,26.5,270,null
"2020-06-16T15:18:01.000Z",45.701631,5.883565,16,19.5,24,270,null
"2020-06-16T15:22:01.000Z",45.701631,5.883565,9.5,17,25,270,null
"2020-06-16T15:26:01.000Z",45.701631,5.883565,14,18,23.5,270,null
"2020-06-16T15:30:05.000Z",45.701631,5.883565,14,18.5,23.5,247.5,null
"2020-06-16T15:34:05.000Z",45.701631,5.883565,13.5,17.5,22.5,270,null
"2020-06-16T15:38:05.000Z",45.701631,5.883565,8.75,14.5,21,270,null
"2020-06-16T15:42:09.000Z",45.701631,5.883565,13,17,21,270,null
"2020-06-16T15:46:09.000Z",45.701631,5.883565,13,17.5,22.5,270,null
"2020-06-16T15:50:09.000Z",45.701631,5.883565,10.5,16.5,21,270,null
"2020-06-16T15:54:13.000Z",45.701631,5.883565,6.25,9.25,13,270,null
"2020-06-16T15:58:13.000Z",45.701631,5.883565,4.5,9,21,292.5,null
"2020-06-16T16:02:13.000Z",45.701631,5.883565,9.5,16,21.5,270,null
"2020-06-16T16:06:17.000Z",45.701631,5.883565,6.5,10.5,20.5,270,null
"2020-06-16T16:10:17.000Z",45.701631,5.883565,8,12.5,16,270,null
"2020-06-16T16:14:17.000Z",45.701631,5.883565,12,16.5,20.5,270,null
"2020-06-16T16:18:22.000Z",45.701631,5.883565,10,15,19.5,270,null
"2020-06-16T16:22:22.000Z",45.701631,5.883565,4.5,7.5,18,270,null
"2020-06-16T16:26:22.000Z",45.701631,5.883565,4.5,10,15,0,null
"2020-06-16T16:30:25.000Z",45.701631,5.883565,9,12.5,19,337.5,null
"2020-06-16T16:34:25.000Z",45.701631,5.883565,7.25,13,23,292.5,null
"2020-06-16T16:38:25.000Z",45.701631,5.883565,6,9.75,14.5,315,null
"2020-06-16T16:42:30.000Z",45.701631,5.883565,7.75,13,20,292.5,null
"2020-06-16T16:46:30.000Z",45.701631,5.883565,7.75,13.5,19.5,292.5,null
"2020-06-16T16:50:30.000Z",45.701631,5.883565,11,15,19,292.5,null
"2020-06-16T16:54:33.000Z",45.701631,5.883565,13.5,19,23.5,292.5,null
"2020-06-16T16:58:33.000Z",45.701631,5.883565,15,21,26,270,null
"2020-06-16T17:02:33.000Z",45.701631,5.883565,9,12.5,16.5,270,null
"2020-06-16T17:06:37.000Z",45.701631,5.883565,1.75,4.25,10,292.5,null
"2020-06-16T17:10:37.000Z",45.701631,5.883565,3.5,5.25,7.25,45,null
"2020-06-16T17:14:37.000Z",45.701631,5.883565,2.75,4,6,90,null
"2020-06-16T17:18:41.000Z",45.701631,5.883565,1.5,2.75,3.75,112.5,null
"2020-06-16T17:22:41.000Z",45.701631,5.883565,0,3,5.25,45,null
"2020-06-16T17:26:41.000Z",45.701631,5.883565,1.75,5.75,11,45,null
"2020-06-16T17:30:45.000Z",45.701631,5.883565,3.75,6.5,9.5,45,null
"2020-06-16T17:34:45.000Z",45.701631,5.883565,1.5,4.5,7.25,45,null
"2020-06-16T17:38:45.000Z",45.701631,5.883565,0,1.75,3.75,22.5,null
"2020-06-16T17:42:50.000Z",45.701631,5.883565,0,1.25,2.5,22.5,null
"2020-06-16T17:46:50.000Z",45.701631,5.883565,0,1,3.25,0,null
"2020-06-16T17:50:50.000Z",45.701631,5.883565,0,0,1,22.5,null
"2020-06-16T17:54:53.000Z",45.701631,5.883565,0,0,0,225,null
"2020-06-16T17:58:53.000Z",45.701631,5.883565,0,0,0,157.5,null
"2020-06-16T18:02:53.000Z",45.701631,5.883565,0,0,0,67.5,null
"2020-06-16T18:06:58.000Z",45.701631,5.883565,0,1,2.5,337.5,null
"2020-06-16T18:10:58.000Z",45.701631,5.883565,0,0.25,1,0,null
"2020-06-16T18:14:58.000Z",45.701631,5.883565,0,1.5,2,45,null
"2020-06-16T18:19:01.000Z",45.701631,5.883565,0,1.25,2.5,67.5,null
"2020-06-16T18:23:01.000Z",45.701631,5.883565,0,1.75,3.5,0,null
"2020-06-16T18:27:01.000Z",45.701631,5.883565,1,1.75,2.5,0,null
"2020-06-16T18:31:06.000Z",45.701631,5.883565,1.5,2,2.75,0,null
"2020-06-16T18:35:06.000Z",45.701631,5.883565,1.5,4,6,337.5,null
"2020-06-16T18:39:06.000Z",45.701631,5.883565,1,3.75,5.25,0,null
"2020-06-16T18:43:10.000Z",45.701631,5.883565,1.5,5.25,8.75,315,null
"2020-06-16T18:47:10.000Z",45.701631,5.883565,6,8.5,11.5,315,null
"2020-06-16T18:51:10.000Z",45.701631,5.883565,2.75,5.25,6.5,337.5,null
"2020-06-16T18:55:14.000Z",45.701631,5.883565,4.5,6.75,11,337.5,null
"2020-06-16T18:59:14.000Z",45.701631,5.883565,6.5,8.75,11.5,315,null
"2020-06-16T19:03:14.000Z",45.701631,5.883565,7,10,13,315,null
"2020-06-16T19:07:18.000Z",45.701631,5.883565,8,9.75,12,315,null
"2020-06-16T19:11:18.000Z",45.701631,5.883565,4.25,7,10.5,315,null
"2020-06-16T19:15:18.000Z",45.701631,5.883565,1.75,4.75,7.75,0,null
"2020-06-16T19:19:22.000Z",45.701631,5.883565,2.5,3.75,5.5,0,null
"2020-06-16T19:23:22.000Z",45.701631,5.883565,1.5,5,9.5,337.5,null
"2020-06-16T19:27:22.000Z",45.701631,5.883565,4.75,6.75,9,337.5,null
"2020-06-16T19:31:26.000Z",45.701631,5.883565,4.75,6.5,9.5,337.5,null
"2020-06-16T19:35:26.000Z",45.701631,5.883565,3.5,6,8.25,0,null
"2020-06-16T19:39:26.000Z",45.701631,5.883565,1.75,4.5,7.25,22.5,null
"2020-06-16T19:43:30.000Z",45.701631,5.883565,2.5,5.25,10,337.5,null
"2020-06-16T19:47:30.000Z",45.701631,5.883565,8.25,10.5,14,337.5,null
"2020-06-16T19:51:30.000Z",45.701631,5.883565,6.25,8.5,11.5,337.5,null
"2020-06-16T19:55:34.000Z",45.701631,5.883565,1,3.75,9,22.5,null
"2020-06-16T19:59:34.000Z",45.701631,5.883565,0,2,3.5,45,null
"2020-06-16T20:03:34.000Z",45.701631,5.883565,0,1.75,3.5,90,null
"2020-06-16T20:07:38.000Z",45.701631,5.883565,0.25,2.5,4.25,90,null
"2020-06-16T20:11:38.000Z",45.701631,5.883565,0.75,2,3.5,90,null
"2020-06-16T20:15:38.000Z",45.701631,5.883565,0,0.25,1.75,180,null
"2020-06-16T20:19:42.000Z",45.701631,5.883565,0,1.25,3.25,157.5,null
"2020-06-16T20:23:42.000Z",45.701631,5.883565,0,0.75,3.25,45,null
"2020-06-16T20:27:42.000Z",45.701631,5.883565,0,1.5,3.75,315,null
"2020-06-16T20:31:46.000Z",45.701631,5.883565,0,0.75,9.5,247.5,null
"2020-06-16T20:35:46.000Z",45.701631,5.883565,3.25,6,9.75,337.5,null
"2020-06-16T20:39:46.000Z",45.701631,5.883565,0,2.25,4.5,337.5,null
"2020-06-16T20:43:50.000Z",45.701631,5.883565,0,5.75,11,315,null
"2020-06-16T20:47:50.000Z",45.701631,5.883565,0,4.25,10.5,337.5,null
"2020-06-16T20:51:50.000Z",45.701631,5.883565,2.5,5,7,45,null
"2020-06-16T20:55:54.000Z",45.701631,5.883565,2.75,10,19.5,0,null
"2020-06-16T20:59:54.000Z",45.701631,5.883565,11,18,25.5,0,null
"2020-06-16T21:03:54.000Z",45.701631,5.883565,10.5,17,21.5,0,null
"2020-06-16T21:07:59.000Z",45.701631,5.883565,7,16.5,22.5,0,null
"2020-06-16T21:11:59.000Z",45.701631,5.883565,12.5,17,20.5,0,null
"2020-06-16T21:15:59.000Z",45.701631,5.883565,11,14.5,18,0,null
"2020-06-16T21:20:02.000Z",45.701631,5.883565,7.25,11.5,15.5,337.5,null
"2020-06-16T21:24:02.000Z",45.701631,5.883565,5.25,10.5,14.5,337.5,null
"2020-06-16T21:28:02.000Z",45.701631,5.883565,6.5,9.75,13,337.5,null
"2020-06-16T21:32:06.000Z",45.701631,5.883565,6,11,13.5,292.5,null
"2020-06-16T21:36:06.000Z",45.701631,5.883565,0,4.75,12,337.5,null
"2020-06-16T21:40:06.000Z",45.701631,5.883565,7,13,22,292.5,null
"2020-06-16T21:44:11.000Z",45.701631,5.883565,4.25,12,20,292.5,null
"2020-06-16T21:48:11.000Z",45.701631,5.883565,3.75,8.5,11.5,315,null
"2020-06-16T21:52:11.000Z",45.701631,5.883565,3.5,6,9,315,null
"2020-06-16T21:56:15.000Z",45.701631,5.883565,6.5,10,13,337.5,null
"2020-06-16T22:00:15.000Z",45.701631,5.883565,7,10,14.5,0,null
"2020-06-16T22:04:15.000Z",45.701631,5.883565,5.5,8.25,11,337.5,null
"2020-06-16T22:08:18.000Z",45.701631,5.883565,3.75,6.75,8.75,337.5,null
"2020-06-16T22:12:18.000Z",45.701631,5.883565,1,3.5,5.5,0,null
"2020-06-16T22:16:18.000Z",45.701631,5.883565,0,3.5,6.25,0,null
"2020-06-16T22:20:22.000Z",45.701631,5.883565,0,2.25,5.5,157.5,null
"2020-06-16T22:24:22.000Z",45.701631,5.883565,0.75,1.5,2.75,135,null
"2020-06-16T22:28:22.000Z",45.701631,5.883565,0,0.25,1.75,135,null
"2020-06-16T22:32:26.000Z",45.701631,5.883565,0,3.25,5.5,157.5,null
"2020-06-16T22:36:26.000Z",45.701631,5.883565,0,4.75,12.5,180,null
"2020-06-16T22:40:26.000Z",45.701631,5.883565,6.5,10.5,13,202.5,null
"2020-06-16T22:44:31.000Z",45.701631,5.883565,1,6.75,11,202.5,null
"2020-06-16T22:48:31.000Z",45.701631,5.883565,0.75,4,7.25,180,null
"2020-06-16T22:52:31.000Z",45.701631,5.883565,0,4.25,8.25,157.5,null
"2020-06-16T22:56:34.000Z",45.701631,5.883565,0,3.25,7.25,157.5,null
"2020-06-16T23:00:34.000Z",45.701631,5.883565,0,1.75,6,157.5,null
"2020-06-16T23:04:34.000Z",45.701631,5.883565,0,2.5,4.75,112.5,null
"2020-06-16T23:08:38.000Z",45.701631,5.883565,0,1.25,3.75,90,null
"2020-06-16T23:12:38.000Z",45.701631,5.883565,0,0.25,1.75,135,null
"2020-06-16T23:16:38.000Z",45.701631,5.883565,0,2,3.75,157.5,null
"2020-06-16T23:20:43.000Z",45.701631,5.883565,0,1.25,2.75,90,null
"2020-06-16T23:24:43.000Z",45.701631,5.883565,0,1.75,4.25,90,null
"2020-06-16T23:28:43.000Z",45.701631,5.883565,0,0.5,3.25,67.5,null
"2020-06-16T23:36:44.000Z",45.701585,5.883542,3.5,8.5,12,225,null
"2020-06-16T23:40:44.000Z",45.701585,5.883542,8.75,12,15.5,225,null
"2020-06-16T23:44:44.000Z",45.701585,5.883542,8.25,12.5,15,225,null
"2020-06-16T23:48:48.000Z",45.701585,5.883542,6,8.25,11,225,null
"2020-06-16T23:52:48.000Z",45.701585,5.883542,6.25,8,11,225,null
"2020-06-16T23:56:48.000Z",45.701585,5.883542,1,7,10.5,202.5,null
"2020-06-17T00:00:52.000Z",45.701585,5.883542,1.75,6.75,10,202.5,null
"2020-06-17T00:04:52.000Z",45.701585,5.883542,2.5,8,9.75,202.5,null
"2020-06-17T00:08:52.000Z",45.701585,5.883542,1.75,6,8.75,202.5,null
"2020-06-17T00:12:57.000Z",45.701585,5.883542,1.75,5.25,8.25,180,null
"2020-06-17T00:16:57.000Z",45.701585,5.883542,1.5,5.75,9,180,null
"2020-06-17T00:20:57.000Z",45.701585,5.883542,1.75,5.25,9.5,157.5,null
"2020-06-17T00:25:47.000Z",45.701585,5.883542,0,2.25,6,135,null
"2020-06-17T00:29:47.000Z",45.701585,5.883542,0,4.25,7.25,157.5,null
"2020-06-17T00:33:47.000Z",45.701561,5.883489,0,2,7,157.5,null
"2020-06-17T00:37:51.000Z",45.701561,5.883489,0,0.75,2.75,112.5,null
"2020-06-17T00:41:51.000Z",45.701561,5.883489,0,0.25,1.75,112.5,null
"2020-06-17T00:45:51.000Z",45.701561,5.883489,0,1,3.25,157.5,null
"2020-06-17T00:49:55.000Z",45.701561,5.883489,0,0.75,4.25,157.5,null
"2020-06-17T00:53:55.000Z",45.701561,5.883489,0,1.75,5.25,157.5,null
"2020-06-17T00:57:55.000Z",45.701561,5.883489,0,0.25,1.5,112.5,null
"2020-06-17T01:01:59.000Z",45.701561,5.883489,0,0.75,2.75,112.5,null
"2020-06-17T01:05:59.000Z",45.701561,5.883489,0,0.75,2.5,135,null
"2020-06-17T01:09:59.000Z",45.701561,5.883489,0,1,3.5,112.5,null
"2020-06-17T01:14:03.000Z",45.701561,5.883489,0.75,2.25,4.25,90,null
"2020-06-17T01:18:03.000Z",45.701561,5.883489,0,2,5.5,112.5,null
"2020-06-17T01:22:03.000Z",45.701561,5.883489,0,0.25,1.5,135,null
"2020-06-17T01:26:07.000Z",45.701561,5.883489,0,0,1.5,112.5,null
"2020-06-17T01:30:07.000Z",45.701561,5.883489,0,1.5,3.25,112.5,null
"2020-06-17T01:34:07.000Z",45.701561,5.883489,0,1.25,2.5,112.5,null
"2020-06-17T01:38:11.000Z",45.701561,5.883489,0,0.25,1.75,90,null
"2020-06-17T01:42:11.000Z",45.701561,5.883489,0,0.75,5.25,157.5,null
"2020-06-17T01:46:11.000Z",45.701561,5.883489,0.75,3.5,8.25,157.5,null
"2020-06-17T01:50:16.000Z",45.701561,5.883489,0,2.5,7.25,135,null
"2020-06-17T01:54:16.000Z",45.701561,5.883489,0,1,3.5,135,null
"2020-06-17T01:58:16.000Z",45.701561,5.883489,0,1.25,6.5,157.5,null
"2020-06-17T02:02:19.000Z",45.701561,5.883489,0.75,3.5,6.5,157.5,null
"2020-06-17T02:06:19.000Z",45.701561,5.883489,0,3.25,6,135,null
"2020-06-17T02:10:19.000Z",45.701561,5.883489,0,1,4.75,135,null
"2020-06-17T02:14:23.000Z",45.701561,5.883489,0,1,4.5,112.5,null
"2020-06-17T02:18:23.000Z",45.701561,5.883489,0,3.5,8,157.5,null
"2020-06-17T02:22:23.000Z",45.701561,5.883489,0,5.25,13,157.5,null
"2020-06-17T02:26:27.000Z",45.701561,5.883489,0,2.5,7.25,157.5,null
"2020-06-17T02:30:27.000Z",45.701561,5.883489,2.75,7.75,16,157.5,null
"2020-06-17T02:34:27.000Z",45.701561,5.883489,0.75,7.5,14.5,157.5,null
"2020-06-17T02:38:32.000Z",45.701561,5.883489,0,7.5,14,157.5,null
"2020-06-17T02:42:32.000Z",45.701561,5.883489,0.75,7.75,13,180,null
"2020-06-17T02:46:32.000Z",45.701561,5.883489,2,9.75,13.5,180,null
"2020-06-17T02:50:35.000Z",45.701561,5.883489,0.25,5,10.5,180,null
"2020-06-17T02:54:35.000Z",45.701561,5.883489,0,4.25,10.5,180,null
"2020-06-17T02:58:35.000Z",45.701561,5.883489,1,5.75,11,157.5,null
"2020-06-17T03:02:39.000Z",45.701561,5.883489,0,2,4.75,90,null
"2020-06-17T03:06:39.000Z",45.701561,5.883489,0,0.75,2,112.5,null
"2020-06-17T03:10:39.000Z",45.701561,5.883489,0,2,5.5,135,null
"2020-06-17T03:14:44.000Z",45.701561,5.883489,0,0.25,2,135,null
"2020-06-17T03:18:44.000Z",45.701561,5.883489,0.25,3.25,5.5,90,null
"2020-06-17T03:22:44.000Z",45.701561,5.883489,0,3.25,7,90,null
"2020-06-17T03:26:48.000Z",45.701561,5.883489,0,0.5,3.75,67.5,null
"2020-06-17T03:30:48.000Z",45.701561,5.883489,0,1.25,3.75,90,null
"2020-06-17T03:34:48.000Z",45.701561,5.883489,1.75,3.5,5.5,90,null
"2020-06-17T03:38:52.000Z",45.701561,5.883489,2.75,5.5,7.25,90,null
"2020-06-17T03:42:52.000Z",45.701561,5.883489,0.75,3.5,7.25,67.5,null
"2020-06-17T03:46:52.000Z",45.701561,5.883489,1.75,5.25,8.25,67.5,null
"2020-06-17T03:50:55.000Z",45.701561,5.883489,0.5,3.75,7,90,null
"2020-06-17T03:54:55.000Z",45.701561,5.883489,2.5,5.25,6.5,67.5,null
"2020-06-17T03:58:55.000Z",45.701561,5.883489,0,2,5.5,67.5,null
"2020-06-17T04:03:00.000Z",45.701561,5.883489,0.25,5,9.75,67.5,null
"2020-06-17T04:07:00.000Z",45.701561,5.883489,0,1.75,3.75,90,null
"2020-06-17T04:11:00.000Z",45.701561,5.883489,0,1,2,112.5,null
"2020-06-17T04:15:03.000Z",45.701561,5.883489,1.75,2.75,3.75,90,null
"2020-06-17T04:19:03.000Z",45.701561,5.883489,1.5,3,4.25,90,null
"2020-06-17T04:23:03.000Z",45.701561,5.883489,1.75,3.25,4.25,90,null
"2020-06-17T04:27:07.000Z",45.701561,5.883489,0.75,2,3.5,112.5,null
"2020-06-17T04:31:07.000Z",45.701561,5.883489,1.75,3.25,4.25,90,null
"2020-06-17T04:35:07.000Z",45.701561,5.883489,0,1.25,3.25,112.5,null
"2020-06-17T04:39:12.000Z",45.701561,5.883489,0,1,3.75,157.5,null
"2020-06-17T04:43:12.000Z",45.701561,5.883489,0.75,3.5,5.25,202.5,null
"2020-06-17T04:47:12.000Z",45.701561,5.883489,0,2.5,5.25,180,null
"2020-06-17T04:51:16.000Z",45.701561,5.883489,0,2.75,4.25,112.5,null
"2020-06-17T04:55:16.000Z",45.701561,5.883489,0,1.25,4.75,135,null
"2020-06-17T04:59:16.000Z",45.701561,5.883489,0,0.5,2.5,135,null
"2020-06-17T05:03:20.000Z",45.701561,5.883489,0,2.25,6.25,112.5,null
"2020-06-17T05:07:20.000Z",45.701561,5.883489,0,1,3.75,112.5,null
"2020-06-17T05:11:20.000Z",45.701561,5.883489,0,0.25,1.5,90,null
"2020-06-17T05:15:24.000Z",45.701561,5.883489,0,1.25,3.75,90,null
"2020-06-17T05:19:24.000Z",45.701561,5.883489,0,2,3.75,112.5,null
"2020-06-17T05:23:24.000Z",45.701561,5.883489,0,0.75,3.75,90,null
"2020-06-17T05:27:28.000Z",45.701561,5.883489,0,0.75,3.25,90,null
"2020-06-17T05:31:28.000Z",45.701561,5.883489,0,0.75,3.75,135,null
"2020-06-17T05:35:28.000Z",45.701561,5.883489,0.25,1.75,3.25,112.5,null
"2020-06-17T05:39:32.000Z",45.701561,5.883489,0,1,2.75,112.5,null
"2020-06-17T05:43:32.000Z",45.701561,5.883489,0,0.25,1.75,90,null
"2020-06-17T05:47:32.000Z",45.701561,5.883489,0,2,4.25,112.5,null
"2020-06-17T05:51:36.000Z",45.701561,5.883489,0,1.25,3.25,112.5,null
"2020-06-17T05:55:36.000Z",45.701561,5.883489,0,1.5,3.25,90,null
"2020-06-17T05:59:36.000Z",45.701561,5.883489,0.25,2.5,3.5,112.5,null
"2020-06-17T06:03:40.000Z",45.701561,5.883489,0,1.5,3.5,112.5,null
"2020-06-17T06:07:40.000Z",45.701561,5.883489,0,1.5,3.5,112.5,null
"2020-06-17T06:11:40.000Z",45.701561,5.883489,0,1.25,3.5,135,null
"2020-06-17T06:15:44.000Z",45.701561,5.883489,0.75,1.75,2.75,135,null
"2020-06-17T06:19:44.000Z",45.701561,5.883489,0,2.5,5.5,157.5,null
"2020-06-17T06:23:44.000Z",45.701561,5.883489,0,2.75,5.25,135,null
"2020-06-17T06:27:48.000Z",45.701561,5.883489,1.5,2.75,4.75,157.5,null
"2020-06-17T06:31:48.000Z",45.701561,5.883489,0,1.75,3.5,157.5,null
"2020-06-17T06:35:48.000Z",45.701561,5.883489,0,1.25,3.75,202.5,null
"2020-06-17T06:39:52.000Z",45.701561,5.883489,0.25,3.25,5.5,202.5,null
"2020-06-17T06:43:52.000Z",45.701561,5.883489,2.75,6,8,225,null
"2020-06-17T06:47:52.000Z",45.701561,5.883489,3.25,5.5,7.25,202.5,null
"2020-06-17T06:51:56.000Z",45.701561,5.883489,2,5,7.75,202.5,null
"2020-06-17T06:55:56.000Z",45.701561,5.883489,2,4.75,7.75,202.5,null
"2020-06-17T06:59:56.000Z",45.701561,5.883489,4.75,6.5,8,225,null
"2020-06-17T07:04:00.000Z",45.701561,5.883489,3.75,6.75,9.5,247.5,null
"2020-06-17T07:08:00.000Z",45.701561,5.883489,1.75,5.5,9.75,247.5,null
"2020-06-17T07:12:00.000Z",45.701561,5.883489,3.25,5,7.75,202.5,null
"2020-06-17T07:16:04.000Z",45.701561,5.883489,0.25,2.5,4.5,202.5,null
"2020-06-17T07:20:04.000Z",45.701561,5.883489,0,2,4.25,202.5,null
"2020-06-17T07:24:04.000Z",45.701561,5.883489,0.25,3.25,5.5,202.5,null
"2020-06-17T07:28:08.000Z",45.701561,5.883489,0,4,8.25,225,null
"2020-06-17T07:32:08.000Z",45.701561,5.883489,0,3.75,7.75,225,null
"2020-06-17T07:36:08.000Z",45.701561,5.883489,0,1.75,4.75,135,null
"2020-06-17T07:40:12.000Z",45.701561,5.883489,0,1.5,4.5,135,null
"2020-06-17T07:44:12.000Z",45.701561,5.883489,0,1,4.25,180,null
"2020-06-17T07:48:12.000Z",45.701561,5.883489,0,2.25,7,202.5,null
"2020-06-17T07:52:17.000Z",45.701561,5.883489,0,2,4.25,112.5,null
"2020-06-17T07:56:17.000Z",45.701561,5.883489,0,2.25,4.25,67.5,null
"2020-06-17T08:00:17.000Z",45.701561,5.883489,0,2,4.25,45,null
"2020-06-17T08:04:20.000Z",45.701561,5.883489,0,0,1.5,0,null
"2020-06-17T08:08:20.000Z",45.701561,5.883489,0,0,0.75,45,null
"2020-06-17T08:12:20.000Z",45.701561,5.883489,0,0.75,2,67.5,null
"2020-06-17T08:16:25.000Z",45.701561,5.883489,0,0.25,1.5,67.5,null
"2020-06-17T08:20:25.000Z",45.701561,5.883489,0,0,0.25,45,null
"2020-06-17T08:24:25.000Z",45.701561,5.883489,0,0.75,4.25,0,null
"2020-06-17T08:28:29.000Z",45.701561,5.883489,0,2,3.5,0,null
"2020-06-17T08:32:29.000Z",45.701561,5.883489,0,1,3.25,22.5,null
"2020-06-17T08:36:29.000Z",45.701561,5.883489,0,2.5,4.25,337.5,null
"2020-06-17T08:40:32.000Z",45.701561,5.883489,0,1.25,3,315,null
"2020-06-17T08:44:32.000Z",45.701561,5.883489,0,0.75,2.5,315,null
"2020-06-17T08:48:32.000Z",45.701561,5.883489,0,1,2.75,315,null
"2020-06-17T08:52:37.000Z",45.701561,5.883489,0,1.25,2.25,315,null
"2020-06-17T08:56:37.000Z",45.701561,5.883489,0,0.25,2,270,null
"2020-06-17T09:00:37.000Z",45.701561,5.883489,0,1.75,3.5,270,null
"2020-06-17T09:04:41.000Z",45.701561,5.883489,0,1.75,4.25,315,null
"2020-06-17T09:08:41.000Z",45.701561,5.883489,0,1.75,3.75,337.5,null
"2020-06-17T09:12:41.000Z",45.701561,5.883489,0,3.25,5.25,337.5,null
"2020-06-17T09:16:45.000Z",45.701561,5.883489,2.75,4.5,7,0,null
"2020-06-17T09:20:45.000Z",45.701561,5.883489,3.75,5.75,7.25,0,null
"2020-06-17T09:24:45.000Z",45.701561,5.883489,2.5,4.75,6.25,0,null
"2020-06-17T09:28:49.000Z",45.701561,5.883489,2.25,4,5.5,337.5,null
"2020-06-17T09:32:49.000Z",45.701561,5.883489,2.5,4,5.5,0,null
"2020-06-17T09:36:49.000Z",45.701561,5.883489,2.75,4,5.25,0,null
"2020-06-17T09:40:53.000Z",45.701561,5.883489,3.5,4.75,6.25,337.5,null
"2020-06-17T09:44:53.000Z",45.701561,5.883489,3.25,5,7.25,337.5,null
"2020-06-17T09:48:53.000Z",45.701561,5.883489,4.25,5.25,6.5,337.5,null
"2020-06-17T09:52:57.000Z",45.701561,5.883489,2.5,3.75,5.5,337.5,null
"2020-06-17T09:56:57.000Z",45.701561,5.883489,2.5,3.5,5.5,337.5,null
"2020-06-17T10:00:57.000Z",45.701561,5.883489,3.75,5.25,6.5,315,null
"2020-06-17T10:05:01.000Z",45.701561,5.883489,3.5,4.5,5.25,315,null
"2020-06-17T10:09:01.000Z",45.701561,5.883489,3.25,4,4.75,315,null
"2020-06-17T10:13:01.000Z",45.701561,5.883489,3.25,6,11,292.5,null
"2020-06-17T10:17:05.000Z",45.701561,5.883489,3.25,6.5,9.5,292.5,null
"2020-06-17T10:21:05.000Z",45.701561,5.883489,4.25,5.25,7,315,null
"2020-06-17T10:25:05.000Z",45.701561,5.883489,4.25,6,7.75,292.5,null
"2020-06-17T10:29:09.000Z",45.701561,5.883489,6.25,8,8.75,315,null
"2020-06-17T10:33:09.000Z",45.701561,5.883489,5.25,7,8.75,315,null
"2020-06-17T10:37:09.000Z",45.701561,5.883489,4.75,6.25,8,315,null
"2020-06-17T10:41:13.000Z",45.701561,5.883489,3.75,5.25,6.25,315,null
"2020-06-17T10:45:13.000Z",45.701561,5.883489,4.5,6,7.75,315,null
"2020-06-17T10:49:13.000Z",45.701561,5.883489,4.75,6.25,7.75,337.5,null
"2020-06-17T10:53:18.000Z",45.701561,5.883489,3.5,4.75,6.25,315,null
"2020-06-17T10:57:18.000Z",45.701561,5.883489,2.5,5,6.5,292.5,null
"2020-06-17T11:01:18.000Z",45.701561,5.883489,2.75,4.25,6,315,null
"2020-06-17T11:05:21.000Z",45.701561,5.883489,2,4,5.5,292.5,null
"2020-06-17T11:09:21.000Z",45.701561,5.883489,0.75,2.5,4.25,225,null
"2020-06-17T11:13:21.000Z",45.701561,5.883489,1.5,4.5,8,202.5,null
"2020-06-17T11:17:25.000Z",45.701561,5.883489,2,4.25,6,225,null
"2020-06-17T11:21:25.000Z",45.701561,5.883489,0,2.75,5.25,270,null
"2020-06-17T11:25:25.000Z",45.701561,5.883489,0,0.75,3.25,270,null
"2020-06-17T11:29:29.000Z",45.701561,5.883489,0,2.25,3.75,270,null
"2020-06-17T11:33:29.000Z",45.701561,5.883489,0,2.25,5.25,315,null
"2020-06-17T11:37:29.000Z",45.701561,5.883489,0,1.25,3.25,270,null
"2020-06-17T11:41:34.000Z",45.701561,5.883489,0,1.5,3.5,337.5,null
"2020-06-17T11:45:34.000Z",45.701561,5.883489,0,1,2.5,247.5,null
"2020-06-17T11:49:34.000Z",45.701561,5.883489,1.75,2.5,3.5,247.5,null
"2020-06-17T11:53:37.000Z",45.701561,5.883489,0.75,1.75,3.5,225,null
"2020-06-17T11:57:37.000Z",45.701561,5.883489,0.75,3,4.5,270,null
"2020-06-17T12:01:37.000Z",45.701561,5.883489,2.75,4,5.5,270,null
"2020-06-17T12:05:41.000Z",45.701561,5.883489,2.75,3.75,5.25,292.5,null
"2020-06-17T12:09:41.000Z",45.701561,5.883489,2.75,6,8,315,null
"2020-06-17T12:13:41.000Z",45.701561,5.883489,3.25,5.5,8.75,337.5,null
"2020-06-17T12:17:46.000Z",45.701561,5.883489,4.5,7.25,8.75,315,null
"2020-06-17T12:21:46.000Z",45.701561,5.883489,5.25,7.75,11,315,null
"2020-06-17T12:25:46.000Z",45.701561,5.883489,5.5,8.25,11,337.5,null
"2020-06-17T12:29:50.000Z",45.701561,5.883489,5.25,7.5,9.5,337.5,null
"2020-06-17T12:33:50.000Z",45.701561,5.883489,4.5,7.5,10,0,null
"2020-06-17T12:37:50.000Z",45.701561,5.883489,7.75,11.5,15.5,337.5,null
"2020-06-17T12:41:54.000Z",45.701561,5.883489,10,13.5,15.5,337.5,null
"2020-06-17T12:45:54.000Z",45.701561,5.883489,12,14.5,16.5,337.5,null
"2020-06-17T12:49:54.000Z",45.701561,5.883489,10,13,15.5,0,null
"2020-06-17T12:53:57.000Z",45.701561,5.883489,10.5,12,13.5,337.5,null
"2020-06-17T12:57:57.000Z",45.701561,5.883489,11,12.5,14.5,337.5,null
"2020-06-17T13:01:57.000Z",45.701561,5.883489,12,13.5,15,337.5,null
"2020-06-17T13:06:02.000Z",45.701561,5.883489,11,13.5,16.5,337.5,null
"2020-06-17T13:10:02.000Z",45.701561,5.883489,13.5,16,18,337.5,null
"2020-06-17T13:14:02.000Z",45.701561,5.883489,12.5,16.5,19.5,337.5,null
"2020-06-17T13:18:06.000Z",45.701561,5.883489,14,17.5,20.5,337.5,null
"2020-06-17T13:22:06.000Z",45.701561,5.883489,13.5,16.5,20,337.5,null
"2020-06-17T13:26:06.000Z",45.701561,5.883489,13,15,17,337.5,null
"2020-06-17T13:30:09.000Z",45.701561,5.883489,12,14.5,16.5,337.5,null
"2020-06-17T13:34:09.000Z",45.701561,5.883489,13,15.5,18.5,315,null
"2020-06-17T13:38:09.000Z",45.701561,5.883489,11,14,18,315,null
"2020-06-17T13:42:13.000Z",45.701561,5.883489,12,15,17.5,315,null
"2020-06-17T13:46:13.000Z",45.701561,5.883489,13,15.5,18,315,null
"2020-06-17T13:50:13.000Z",45.701561,5.883489,12.5,15,17,315,null
"2020-06-17T13:54:18.000Z",45.701561,5.883489,13.5,16,18.5,315,null
"2020-06-17T13:58:18.000Z",45.701561,5.883489,12.5,14.5,16.5,315,null
"2020-06-17T14:02:18.000Z",45.701561,5.883489,12,14.5,16,315,null
"2020-06-17T14:06:22.000Z",45.701561,5.883489,11.5,14,15.5,315,null
"2020-06-17T14:10:22.000Z",45.701561,5.883489,11,13,15.5,315,null
"2020-06-17T14:14:22.000Z",45.701561,5.883489,9.5,11.5,13,337.5,null
"2020-06-17T14:18:26.000Z",45.701561,5.883489,8.75,11,12,337.5,null
"2020-06-17T14:22:26.000Z",45.701561,5.883489,9.5,11.5,13,337.5,null
"2020-06-17T14:26:26.000Z",45.701561,5.883489,11,12.5,14.5,337.5,null
"2020-06-17T14:30:30.000Z",45.701561,5.883489,11,13.5,15.5,337.5,null
"2020-06-17T14:34:30.000Z",45.701561,5.883489,11,14,15.5,337.5,null
"2020-06-17T14:38:30.000Z",45.701561,5.883489,9.75,12.5,14,337.5,null
"2020-06-17T14:42:34.000Z",45.701561,5.883489,8.75,11,12.5,337.5,null
"2020-06-17T14:46:34.000Z",45.701561,5.883489,9,10.5,11.5,337.5,null
"2020-06-17T14:50:34.000Z",45.701561,5.883489,8,9.75,10.5,337.5,null
"2020-06-17T14:54:38.000Z",45.701561,5.883489,8,9.25,10.5,337.5,null
"2020-06-17T14:58:38.000Z",45.701561,5.883489,8.75,10,11,337.5,null
"2020-06-17T15:02:38.000Z",45.701561,5.883489,9,10.5,12,337.5,null
"2020-06-17T15:06:42.000Z",45.701561,5.883489,9.5,10.5,12,337.5,null
"2020-06-17T15:10:42.000Z",45.701561,5.883489,9,11,12,337.5,null
"2020-06-17T15:14:42.000Z",45.701561,5.883489,7.75,10,11,337.5,null
"2020-06-17T15:18:46.000Z",45.701561,5.883489,7.75,9.25,10,337.5,null
"2020-06-17T15:22:46.000Z",45.701561,5.883489,6.5,8.75,9.5,337.5,null
"2020-06-17T15:26:46.000Z",45.701561,5.883489,7,8.25,9,337.5,null
"2020-06-17T15:30:50.000Z",45.701561,5.883489,8,9.25,11,337.5,null
"2020-06-17T15:34:50.000Z",45.701561,5.883489,9,10.5,11.5,337.5,null
"2020-06-17T15:38:50.000Z",45.701561,5.883489,8.25,9.5,11,315,null
"2020-06-17T15:42:54.000Z",45.701561,5.883489,7.25,8.75,10,315,null
"2020-06-17T15:46:54.000Z",45.701561,5.883489,7.25,9.25,11.5,337.5,null
"2020-06-17T15:50:54.000Z",45.701561,5.883489,9,11,12.5,337.5,null
"2020-06-17T15:54:59.000Z",45.701561,5.883489,9.75,11,12.5,337.5,null
"2020-06-17T15:58:59.000Z",45.701561,5.883489,8.25,9.5,11,0,null
"2020-06-17T16:02:59.000Z",45.701561,5.883489,8.25,9.75,11,337.5,null
"2020-06-17T16:07:02.000Z",45.701561,5.883489,6.25,8,9.75,0,null
"2020-06-17T16:11:02.000Z",45.701561,5.883489,3.75,5.5,7,0,null
"2020-06-17T16:15:02.000Z",45.701561,5.883489,3.5,4.5,5.5,337.5,null
"2020-06-17T16:19:06.000Z",45.701561,5.883489,3.25,4.25,5.25,337.5,null
"2020-06-17T16:23:06.000Z",45.701561,5.883489,3.75,4.75,5.5,337.5,null
"2020-06-17T16:27:06.000Z",45.701561,5.883489,0,2.5,4.5,22.5,null
"2020-06-17T16:31:10.000Z",45.701561,5.883489,0,0.75,3,90,null
"2020-06-17T16:35:10.000Z",45.701561,5.883489,0,4.5,8.75,292.5,null
"2020-06-17T16:39:10.000Z",45.701561,5.883489,3.5,6.5,9,292.5,null
"2020-06-17T16:43:14.000Z",45.701561,5.883489,2.75,4.75,8,315,null
"2020-06-17T16:47:14.000Z",45.701561,5.883489,3.25,7,9.5,315,null
"2020-06-17T16:51:14.000Z",45.701561,5.883489,3.75,5,6.5,337.5,null
"2020-06-17T16:55:18.000Z",45.701561,5.883489,2,4.5,6.5,0,null
"2020-06-17T16:59:18.000Z",45.701561,5.883489,2,3.5,5.5,22.5,null
"2020-06-17T17:03:18.000Z",45.701561,5.883489,3.25,5.5,7.25,0,null
"2020-06-17T17:07:22.000Z",45.701561,5.883489,1.75,4.5,6,0,null
"2020-06-17T17:11:22.000Z",45.701561,5.883489,5.25,6.75,9.5,337.5,null
"2020-06-17T17:15:22.000Z",45.701561,5.883489,7,8.25,9.5,292.5,null
"2020-06-17T17:19:27.000Z",45.701561,5.883489,5.5,7.25,9.75,292.5,null
"2020-06-17T17:23:27.000Z",45.701561,5.883489,2,3.75,6.25,315,null
"2020-06-17T17:27:27.000Z",45.701561,5.883489,2.75,3.5,4.5,0,null
"2020-06-17T17:31:30.000Z",45.701561,5.883489,2.5,3.5,4.5,22.5,null
"2020-06-17T17:35:30.000Z",45.701561,5.883489,2.5,5.75,8,337.5,null
"2020-06-17T17:39:30.000Z",45.701561,5.883489,4.75,6,7.75,315,null
"2020-06-17T17:43:35.000Z",45.701561,5.883489,2,4.25,7.75,292.5,null
"2020-06-17T17:47:35.000Z",45.701561,5.883489,3.25,4.5,6,292.5,null
"2020-06-17T17:51:35.000Z",45.701561,5.883489,2,4,6,292.5,null
"2020-06-17T17:55:38.000Z",45.701561,5.883489,2.5,3.5,4.75,292.5,null
"2020-06-17T17:59:38.000Z",45.701561,5.883489,2,3.25,4.5,315,null
"2020-06-17T18:03:38.000Z",45.701561,5.883489,2,3.5,4.75,315,null
"2020-06-17T18:07:43.000Z",45.701561,5.883489,2.25,4.25,6.5,0,null
"2020-06-17T18:11:43.000Z",45.701561,5.883489,3.25,4.25,5.5,0,null
"2020-06-17T18:15:43.000Z",45.701561,5.883489,2,4.25,5.25,22.5,null
"2020-06-17T18:19:47.000Z",45.701561,5.883489,0,3.75,8.25,292.5,null
"2020-06-17T18:23:47.000Z",45.701561,5.883489,2.5,4,7.25,292.5,null
"2020-06-17T18:27:47.000Z",45.701561,5.883489,0,0.5,2.5,292.5,null
"2020-06-17T18:31:51.000Z",45.701561,5.883489,0,1.5,3.75,315,null
"2020-06-17T18:35:51.000Z",45.701561,5.883489,0,1.5,4.5,315,null
"2020-06-17T18:39:51.000Z",45.701561,5.883489,1.75,3.75,4.75,315,null
"2020-06-17T18:43:55.000Z",45.701561,5.883489,1.75,3,3.75,337.5,null
"2020-06-17T18:47:55.000Z",45.701561,5.883489,0,2,3.5,0,null
"2020-06-17T18:51:55.000Z",45.701561,5.883489,0,3,5.25,247.5,null
"2020-06-17T18:55:58.000Z",45.701561,5.883489,0,2.5,3.75,337.5,null
"2020-06-17T18:59:58.000Z",45.701561,5.883489,0,2.5,5.25,292.5,null
"2020-06-17T19:03:58.000Z",45.701561,5.883489,0,1.75,3.25,225,null
"2020-06-17T19:08:03.000Z",45.701561,5.883489,0,0.75,2.5,225,null
"2020-06-17T19:12:03.000Z",45.701561,5.883489,0,0.75,2.5,157.5,null
"2020-06-17T19:16:03.000Z",45.701561,5.883489,0,0.25,1,22.5,null
"2020-06-17T19:20:07.000Z",45.701561,5.883489,0,0,0.75,45,null
"2020-06-17T19:24:07.000Z",45.701561,5.883489,1.75,2.5,3.5,135,null
"2020-06-17T19:28:07.000Z",45.701561,5.883489,0,1.75,3.75,90,null
"2020-06-17T19:32:11.000Z",45.701561,5.883489,0,2,5.5,292.5,null
"2020-06-17T19:36:11.000Z",45.701561,5.883489,1.5,3.75,8.25,247.5,null
"2020-06-17T19:40:11.000Z",45.701561,5.883489,3.5,7,9,202.5,null
"2020-06-17T19:44:15.000Z",45.701561,5.883489,0,2.5,6.25,157.5,null
"2020-06-17T19:48:15.000Z",45.701561,5.883489,0,3.5,6.25,45,null
"2020-06-17T19:52:15.000Z",45.701561,5.883489,3.5,5.75,9.5,67.5,null
"2020-06-17T19:56:19.000Z",45.701561,5.883489,2.5,4,7,112.5,null
"2020-06-17T20:00:19.000Z",45.701561,5.883489,2.75,4.5,6.25,90,null
"2020-06-17T20:04:19.000Z",45.701561,5.883489,1.75,3.25,5.25,90,null
"2020-06-17T20:08:23.000Z",45.701561,5.883489,0,2.25,4.75,90,null
"2020-06-17T20:12:23.000Z",45.701561,5.883489,2.5,4,6,112.5,null
"2020-06-17T20:16:23.000Z",45.701561,5.883489,0.25,2.25,3.75,112.5,null
"2020-06-17T20:20:27.000Z",45.701561,5.883489,0,2.25,3.75,135,null
"2020-06-17T20:24:27.000Z",45.701561,5.883489,2,3.5,5.5,112.5,null
"2020-06-17T20:28:27.000Z",45.701561,5.883489,2.5,3.75,5.25,90,null
"2020-06-17T20:32:31.000Z",45.701561,5.883489,1.5,3.25,5,90,null
"2020-06-17T20:36:31.000Z",45.701561,5.883489,2.5,5,7.75,135,null
"2020-06-17T20:40:31.000Z",45.701561,5.883489,1,4.25,9.75,135,null
"2020-06-17T20:44:35.000Z",45.701561,5.883489,0,3,5.5,90,null
"2020-06-17T20:48:35.000Z",45.701561,5.883489,2.75,4.75,8,112.5,null
"2020-06-17T20:52:35.000Z",45.701561,5.883489,2.75,5,8.25,112.5,null
"2020-06-17T20:56:39.000Z",45.701561,5.883489,1.75,5.25,9.5,90,null
"2020-06-17T21:00:39.000Z",45.701561,5.883489,2.75,5.25,8.25,90,null
"2020-06-17T21:04:39.000Z",45.701561,5.883489,2,4,6.5,112.5,null
"2020-06-17T21:08:44.000Z",45.701561,5.883489,0.75,4.75,9.75,90,null
"2020-06-17T21:12:44.000Z",45.701561,5.883489,0,2.5,5.25,112.5,null
"2020-06-17T21:16:44.000Z",45.701561,5.883489,0,3.25,7.75,112.5,null
"2020-06-17T21:20:47.000Z",45.701561,5.883489,0.25,2.75,4.75,157.5,null
"2020-06-17T21:24:47.000Z",45.701561,5.883489,1.5,3.75,6.25,112.5,null
"2020-06-17T21:28:47.000Z",45.701561,5.883489,2.5,4.5,7.75,112.5,null
"2020-06-17T21:32:51.000Z",45.701561,5.883489,2.75,5,7.25,112.5,null
"2020-06-17T21:36:51.000Z",45.701561,5.883489,2,4,6.25,112.5,null
"2020-06-17T21:40:51.000Z",45.701561,5.883489,0.75,3,5.5,112.5,null
"2020-06-17T21:44:56.000Z",45.701561,5.883489,3.75,5.5,6.5,112.5,null
"2020-06-17T21:48:56.000Z",45.701561,5.883489,2,4,7.25,90,null
"2020-06-17T21:52:56.000Z",45.701561,5.883489,1,3.25,4.75,90,null
"2020-06-17T21:56:59.000Z",45.701561,5.883489,2.5,4.25,6.25,112.5,null
"2020-06-17T22:00:59.000Z",45.701561,5.883489,2.75,4.5,6.25,112.5,null
"2020-06-17T22:04:59.000Z",45.701561,5.883489,3.25,5.25,8,90,null
"2020-06-17T22:09:04.000Z",45.701561,5.883489,1.5,3.25,5.25,90,null
"2020-06-17T22:13:04.000Z",45.701561,5.883489,2.5,4,6.5,90,null
"2020-06-17T22:17:04.000Z",45.701561,5.883489,2.75,4.75,6.5,112.5,null
"2020-06-17T22:21:07.000Z",45.701561,5.883489,2.75,5.25,7.25,90,null
"2020-06-17T22:25:07.000Z",45.701561,5.883489,1.5,3.75,6,90,null
"2020-06-17T22:29:07.000Z",45.701561,5.883489,1.75,4,6,90,null
"2020-06-17T22:33:12.000Z",45.701561,5.883489,3.25,4.25,6,112.5,null
"2020-06-17T22:37:12.000Z",45.701561,5.883489,0,2,3.75,112.5,null
"2020-06-17T22:41:12.000Z",45.701561,5.883489,0,0,0.25,90,null
"2020-06-17T22:45:16.000Z",45.701561,5.883489,0,2,3.75,90,null
"2020-06-17T22:49:16.000Z",45.701561,5.883489,2.75,4,5.25,90,null
"2020-06-17T22:53:16.000Z",45.701561,5.883489,2,3.5,6,112.5,null
"2020-06-17T22:57:20.000Z",45.701561,5.883489,3.75,6.25,7.75,90,null
"2020-06-17T23:01:20.000Z",45.701561,5.883489,2.75,5.5,8,90,null
"2020-06-17T23:05:20.000Z",45.701561,5.883489,1,4,7.25,90,null
"2020-06-17T23:09:23.000Z",45.701561,5.883489,2.25,4,6.25,90,null
"2020-06-17T23:13:23.000Z",45.701561,5.883489,1,3.5,7.25,90,null
"2020-06-17T23:17:23.000Z",45.701561,5.883489,2,4.75,7,90,null
"2020-06-17T23:21:27.000Z",45.701561,5.883489,2.5,5.25,7.25,90,null
"2020-06-17T23:25:27.000Z",45.701561,5.883489,2,3.75,5.25,90,null
"2020-06-17T23:29:27.000Z",45.701561,5.883489,1.75,3.75,4.75,90,null
"2020-06-17T23:37:15.000Z",45.701627,5.883626,3.25,5,7,90,null
"2020-06-17T23:41:15.000Z",45.701627,5.883626,1.75,4.5,8,90,null
"2020-06-17T23:45:15.000Z",45.701627,5.883626,3.25,5,6.5,90,null
"2020-06-17T23:49:18.000Z",45.701627,5.883626,3.25,5.5,7.25,90,null
"2020-06-17T23:53:18.000Z",45.701627,5.883626,3.5,5.5,7.75,90,null
"2020-06-17T23:57:18.000Z",45.701627,5.883626,3.25,5,7,90,null
"2020-06-18T00:01:22.000Z",45.701627,5.883626,2,4,5.25,90,null
"2020-06-18T00:05:22.000Z",45.701627,5.883626,2.5,3.5,4.5,90,null
"2020-06-18T00:09:22.000Z",45.701627,5.883626,1,3,4.5,90,null
"2020-06-18T00:13:26.000Z",45.701627,5.883626,0.25,2.25,3.75,90,null
"2020-06-18T00:17:26.000Z",45.701627,5.883626,1.5,3,4.75,90,null
"2020-06-18T00:21:26.000Z",45.701627,5.883626,0,1.5,4.5,90,null
"2020-06-18T00:26:17.000Z",45.701627,5.883626,2.5,3.75,4.75,112.5,null
"2020-06-18T00:30:17.000Z",45.701627,5.883626,0.25,2.75,6,112.5,null
"2020-06-18T00:34:17.000Z",45.701733,5.883586,0,1.75,3.5,90,null
"2020-06-18T00:38:21.000Z",45.701733,5.883586,0,2.75,4.75,112.5,null
"2020-06-18T00:42:21.000Z",45.701733,5.883586,1.5,2.75,4.75,112.5,null
"2020-06-18T00:46:21.000Z",45.701733,5.883586,0,0.25,2.75,112.5,null
"2020-06-18T00:50:25.000Z",45.701733,5.883586,1,2.75,4.5,90,null
"2020-06-18T00:54:25.000Z",45.701733,5.883586,2,3.5,4.75,90,null
"2020-06-18T00:58:25.000Z",45.701733,5.883586,1.75,3.75,5.5,90,null
"2020-06-18T01:02:29.000Z",45.701733,5.883586,0.25,3,5.25,90,null
"2020-06-18T01:06:29.000Z",45.701733,5.883586,2,3.25,4.75,112.5,null
"2020-06-18T01:10:29.000Z",45.701733,5.883586,2.75,4.5,6.25,90,null
"2020-06-18T01:14:33.000Z",45.701733,5.883586,3.5,5,6,90,null
"2020-06-18T01:18:33.000Z",45.701733,5.883586,0.25,4.25,6,90,null
"2020-06-18T01:22:33.000Z",45.701733,5.883586,0.25,2.5,4.75,90,null
"2020-06-18T01:26:37.000Z",45.701733,5.883586,1.5,3.25,4.5,90,null
"2020-06-18T01:30:37.000Z",45.701733,5.883586,1,3,5.5,90,null
"2020-06-18T01:34:37.000Z",45.701733,5.883586,1,2.75,4.5,112.5,null
"2020-06-18T01:38:41.000Z",45.701733,5.883586,1,3.25,5.25,135,null
"2020-06-18T01:42:41.000Z",45.701733,5.883586,2,5,7,90,null
"2020-06-18T01:46:41.000Z",45.701733,5.883586,2.75,5.25,7.75,90,null
"2020-06-18T01:50:45.000Z",45.701733,5.883586,1,3.75,7,112.5,null
"2020-06-18T01:54:45.000Z",45.701733,5.883586,1,2.5,3.75,135,null
"2020-06-18T01:58:45.000Z",45.701733,5.883586,0,0.75,3.75,157.5,null
"2020-06-18T02:02:49.000Z",45.701733,5.883586,0,1.5,4.5,157.5,null
"2020-06-18T02:06:49.000Z",45.701733,5.883586,0,1.5,3.5,135,null
"2020-06-18T02:10:49.000Z",45.701733,5.883586,1.75,3,4.5,112.5,null
"2020-06-18T02:14:53.000Z",45.701733,5.883586,1,3.25,6.25,112.5,null
"2020-06-18T02:18:53.000Z",45.701733,5.883586,2,4,6,112.5,null
"2020-06-18T02:22:53.000Z",45.701733,5.883586,2,4,6,112.5,null
"2020-06-18T02:26:57.000Z",45.701733,5.883586,0,2.5,4.75,112.5,null
"2020-06-18T02:30:57.000Z",45.701733,5.883586,0,2.25,5.25,135,null
"2020-06-18T02:34:57.000Z",45.701733,5.883586,0.25,2.25,5.25,135,null
"2020-06-18T02:39:02.000Z",45.701733,5.883586,0,1.5,4.25,135,null
"2020-06-18T02:43:02.000Z",45.701733,5.883586,0,2.25,3.75,112.5,null
"2020-06-18T02:47:02.000Z",45.701733,5.883586,0,2.25,4.25,112.5,null
"2020-06-18T02:51:05.000Z",45.701733,5.883586,0,0.25,2.75,112.5,null
"2020-06-18T02:55:05.000Z",45.701733,5.883586,0,0,0,180,null
"2020-06-18T02:59:05.000Z",45.701733,5.883586,0,1.75,3.25,112.5,null
"2020-06-18T03:03:10.000Z",45.701733,5.883586,0.25,2,3.25,112.5,null
"2020-06-18T03:07:10.000Z",45.701733,5.883586,0,0.25,2,112.5,null
"2020-06-18T03:11:10.000Z",45.701733,5.883586,0,0.5,2,90,null
"2020-06-18T03:15:14.000Z",45.701733,5.883586,1.5,2.25,3.25,67.5,null
"2020-06-18T03:19:14.000Z",45.701733,5.883586,0.25,1.25,2,90,null
"2020-06-18T03:23:14.000Z",45.701733,5.883586,0,1.5,2.75,90,null
"2020-06-18T03:27:17.000Z",45.701733,5.883586,0.25,1.5,2,90,null
"2020-06-18T03:31:17.000Z",45.701733,5.883586,1.5,2.25,3.25,90,null
"2020-06-18T03:35:17.000Z",45.701733,5.883586,1.5,2.5,3.5,90,null
"2020-06-18T03:39:21.000Z",45.701733,5.883586,1.5,2.75,4.75,112.5,null
"2020-06-18T03:43:21.000Z",45.701733,5.883586,1.75,3.25,4.5,112.5,null
"2020-06-18T03:47:21.000Z",45.701733,5.883586,3.25,4.5,6.5,112.5,null
"2020-06-18T03:51:25.000Z",45.701733,5.883586,2.5,4.75,6.25,112.5,null
"2020-06-18T03:55:25.000Z",45.701733,5.883586,0.25,2.5,4.25,112.5,null
"2020-06-18T03:59:25.000Z",45.701733,5.883586,0.75,2.5,3.75,135,null
"2020-06-18T04:03:30.000Z",45.701733,5.883586,2,4.25,6.25,112.5,null
"2020-06-18T04:07:30.000Z",45.701733,5.883586,1.5,3.25,5.25,112.5,null
"2020-06-18T04:11:30.000Z",45.701733,5.883586,1.75,3.25,4.5,112.5,null
"2020-06-18T04:15:34.000Z",45.701733,5.883586,0,1.5,4.75,135,null
"2020-06-18T04:19:34.000Z",45.701733,5.883586,0,1.25,4.25,135,null
"2020-06-18T04:23:34.000Z",45.701733,5.883586,0,2.25,4.5,135,null
"2020-06-18T04:27:38.000Z",45.701733,5.883586,1,3.25,5.25,135,null
"2020-06-18T04:31:38.000Z",45.701733,5.883586,0,1,3.75,135,null
"2020-06-18T04:35:38.000Z",45.701733,5.883586,1.75,3.5,6,112.5,null
"2020-06-18T04:39:42.000Z",45.701733,5.883586,0,2,5.25,135,null
"2020-06-18T04:43:42.000Z",45.701733,5.883586,0,1.25,4.5,135,null
"2020-06-18T04:47:42.000Z",45.701733,5.883586,1,3.25,5.25,112.5,null
"2020-06-18T04:51:46.000Z",45.701733,5.883586,0,1.75,3.75,112.5,null
"2020-06-18T04:55:46.000Z",45.701733,5.883586,0.25,2,3.75,90,null
"2020-06-18T04:59:46.000Z",45.701733,5.883586,0,1,3.25,112.5,null
"2020-06-18T05:03:50.000Z",45.701733,5.883586,0.25,2,3.5,112.5,null
"2020-06-18T05:07:50.000Z",45.701733,5.883586,0,2.5,4.5,90,null
"2020-06-18T05:11:50.000Z",45.701733,5.883586,0,1,2.75,112.5,null
"2020-06-18T05:15:53.000Z",45.701733,5.883586,0,1.5,4.75,157.5,null
"2020-06-18T05:19:53.000Z",45.701733,5.883586,0,2,3.75,157.5,null
"2020-06-18T05:23:53.000Z",45.701733,5.883586,0,1,2.75,157.5,null
"2020-06-18T05:27:58.000Z",45.701733,5.883586,0,0,0.75,180,null
"2020-06-18T05:31:58.000Z",45.701733,5.883586,0,0.75,2.75,225,null
"2020-06-18T05:35:58.000Z",45.701733,5.883586,0,1.75,5.5,202.5,null
"2020-06-18T05:40:03.000Z",45.701733,5.883586,0.75,2.5,4.5,180,null
"2020-06-18T05:44:03.000Z",45.701733,5.883586,1.75,3.75,7.25,202.5,null
"2020-06-18T05:48:03.000Z",45.701733,5.883586,1.75,4.75,7.25,202.5,null
"2020-06-18T05:52:06.000Z",45.701733,5.883586,1.5,3,4.75,202.5,null
"2020-06-18T05:56:06.000Z",45.701733,5.883586,0.75,3,4.5,202.5,null
"2020-06-18T06:00:06.000Z",45.701733,5.883586,1,3,4.5,225,null
"2020-06-18T06:04:10.000Z",45.701733,5.883586,1,3.25,4.5,225,null
"2020-06-18T06:08:10.000Z",45.701733,5.883586,1,2.75,4.25,225,null
"2020-06-18T06:12:10.000Z",45.701733,5.883586,2.5,3.5,4.5,225,null
"2020-06-18T06:16:14.000Z",45.701733,5.883586,1.5,3.25,5.25,225,null
"2020-06-18T06:20:14.000Z",45.701733,5.883586,0,2.75,5.25,225,null
"2020-06-18T06:24:14.000Z",45.701733,5.883586,0,1.5,4.75,202.5,null
"2020-06-18T06:28:18.000Z",45.701733,5.883586,0.75,2.5,4.25,247.5,null
"2020-06-18T06:32:18.000Z",45.701733,5.883586,2,4,5.5,247.5,null
"2020-06-18T06:36:18.000Z",45.701733,5.883586,3.25,4.5,6.25,247.5,null
"2020-06-18T06:40:22.000Z",45.701733,5.883586,3.25,5,7.25,225,null
"2020-06-18T06:44:22.000Z",45.701733,5.883586,3.75,5.25,7,225,null
"2020-06-18T06:48:22.000Z",45.701733,5.883586,3.75,5.25,7.75,225,null
"2020-06-18T06:52:26.000Z",45.701733,5.883586,4.5,6,7.25,225,null
"2020-06-18T06:56:26.000Z",45.701733,5.883586,2.75,5.5,7.75,225,null
"2020-06-18T07:00:26.000Z",45.701733,5.883586,2,4,6.25,202.5,null
"2020-06-18T07:04:30.000Z",45.701733,5.883586,0.25,2.25,5.25,202.5,null
"2020-06-18T07:08:30.000Z",45.701733,5.883586,0,2,3.5,202.5,null
"2020-06-18T07:12:30.000Z",45.701733,5.883586,2,3.25,4.5,202.5,null
"2020-06-18T07:16:34.000Z",45.701733,5.883586,1.75,3.75,5.25,202.5,null
"2020-06-18T07:20:34.000Z",45.701733,5.883586,1.5,3,4.5,202.5,null
"2020-06-18T07:24:34.000Z",45.701733,5.883586,1.75,3,4.25,225,null
"2020-06-18T07:28:39.000Z",45.701733,5.883586,2,3.25,4.5,225,null
"2020-06-18T07:32:39.000Z",45.701733,5.883586,1.75,3,4.5,247.5,null
"2020-06-18T07:36:39.000Z",45.701733,5.883586,1.75,3.5,5.25,292.5,null
"2020-06-18T07:40:43.000Z",45.701733,5.883586,2,3.5,4.75,270,null
"2020-06-18T07:44:43.000Z",45.701733,5.883586,1.75,3.5,4.75,292.5,null
"2020-06-18T07:48:43.000Z",45.701733,5.883586,1,3.75,5.25,292.5,null
"2020-06-18T07:52:46.000Z",45.701733,5.883586,3.75,5.25,8,315,null
"2020-06-18T07:56:46.000Z",45.701733,5.883586,4.25,5.5,7,315,null
"2020-06-18T08:00:46.000Z",45.701733,5.883586,2.75,4.75,7.25,315,null
"2020-06-18T08:04:50.000Z",45.701733,5.883586,2.5,6,9,337.5,null
"2020-06-18T08:08:50.000Z",45.701733,5.883586,4.25,5.75,8,315,null
"2020-06-18T08:12:50.000Z",45.701733,5.883586,5.25,7,9,337.5,null
"2020-06-18T08:16:55.000Z",45.701733,5.883586,4.75,6.25,7.75,337.5,null
"2020-06-18T08:20:55.000Z",45.701733,5.883586,5.25,7,9,337.5,null
"2020-06-18T08:24:55.000Z",45.701733,5.883586,7,8.75,10,315,null
"2020-06-18T08:28:59.000Z",45.701733,5.883586,7.25,8.75,10,337.5,null
"2020-06-18T08:32:59.000Z",45.701733,5.883586,7.25,9,11,337.5,null
"2020-06-18T08:36:59.000Z",45.701733,5.883586,8,10,12,315,null
"2020-06-18T08:41:03.000Z",45.701733,5.883586,7.75,10,11.5,315,null
"2020-06-18T08:45:03.000Z",45.701733,5.883586,8.75,10,11.5,315,null
"2020-06-18T08:49:03.000Z",45.701733,5.883586,8.25,10,11,315,null
"2020-06-18T08:53:07.000Z",45.701733,5.883586,7.75,10,11.5,315,null
"2020-06-18T08:57:07.000Z",45.701733,5.883586,8.75,10,11.5,315,null
"2020-06-18T09:01:07.000Z",45.701733,5.883586,7.75,10,12,315,null
"2020-06-18T09:05:11.000Z",45.701733,5.883586,8.25,9.75,12,337.5,null
"2020-06-18T09:09:11.000Z",45.701733,5.883586,8.25,10,11.5,337.5,null
"2020-06-18T09:13:11.000Z",45.701733,5.883586,7.25,9.25,11,337.5,null
"2020-06-18T09:17:15.000Z",45.701733,5.883586,7.75,9.5,11,337.5,null
"2020-06-18T09:21:15.000Z",45.701733,5.883586,7.75,9.25,11,337.5,null
"2020-06-18T09:25:15.000Z",45.701733,5.883586,8.25,10,12,337.5,null
"2020-06-18T09:29:19.000Z",45.701733,5.883586,9,11,12,337.5,null
"2020-06-18T09:33:19.000Z",45.701733,5.883586,9,10.5,13,337.5,null
"2020-06-18T09:37:19.000Z",45.701733,5.883586,9.75,12,13,337.5,null
"2020-06-18T09:41:23.000Z",45.701733,5.883586,9.75,11.5,13,337.5,null
"2020-06-18T09:45:23.000Z",45.701733,5.883586,9,10.5,11.5,315,null
"2020-06-18T09:49:23.000Z",45.701733,5.883586,8.25,10.5,12,337.5,null
"2020-06-18T09:53:27.000Z",45.701733,5.883586,7,9,11,337.5,null
"2020-06-18T09:57:27.000Z",45.701733,5.883586,6.5,7.75,8.75,315,null
"2020-06-18T10:01:27.000Z",45.701733,5.883586,7,8.25,9.75,315,null
"2020-06-18T10:05:31.000Z",45.701733,5.883586,6.25,7.5,9,315,null
"2020-06-18T10:09:31.000Z",45.701733,5.883586,6.5,7.75,9,337.5,null
"2020-06-18T10:13:31.000Z",45.701733,5.883586,8,11,13,337.5,null
"2020-06-18T10:17:35.000Z",45.701733,5.883586,8.75,10.5,12,337.5,null
"2020-06-18T10:21:35.000Z",45.701733,5.883586,8,9.75,11,337.5,null
"2020-06-18T10:25:35.000Z",45.701733,5.883586,5.5,7.25,8.75,337.5,null
"2020-06-18T10:29:39.000Z",45.701733,5.883586,4.75,7,9.5,0,null
"2020-06-18T10:33:39.000Z",45.701733,5.883586,4.25,7.25,10,337.5,null
"2020-06-18T10:37:39.000Z",45.701733,5.883586,7,10.5,12.5,337.5,null
"2020-06-18T10:41:43.000Z",45.701733,5.883586,7,8.5,10.5,337.5,null
"2020-06-18T10:45:43.000Z",45.701733,5.883586,6,8.25,11,337.5,null
"2020-06-18T10:49:43.000Z",45.701733,5.883586,9,10.5,12,337.5,null
"2020-06-18T10:53:47.000Z",45.701733,5.883586,8,9.5,11,337.5,null
"2020-06-18T10:57:47.000Z",45.701733,5.883586,7,8.5,9.5,337.5,null
"2020-06-18T11:01:47.000Z",45.701733,5.883586,6.5,8.25,9.5,315,null
"2020-06-18T11:05:51.000Z",45.701733,5.883586,6,8.25,10.5,315,null
"2020-06-18T11:09:51.000Z",45.701733,5.883586,4.75,6.75,8.75,337.5,null
"2020-06-18T11:13:51.000Z",45.701733,5.883586,2.5,7.25,11,337.5,null
"2020-06-18T11:17:55.000Z",45.701733,5.883586,4.5,7.75,11,337.5,null
"2020-06-18T11:21:55.000Z",45.701733,5.883586,8,10,12,337.5,null
"2020-06-18T11:25:55.000Z",45.701733,5.883586,4.5,10,11.5,337.5,null
"2020-06-18T11:29:59.000Z",45.701733,5.883586,4.75,8.25,15,292.5,null
"2020-06-18T11:33:59.000Z",45.701733,5.883586,5.25,9.5,13,315,null
"2020-06-18T11:37:59.000Z",45.701733,5.883586,1.5,7,11.5,22.5,null
"2020-06-18T11:42:03.000Z",45.701733,5.883586,1.5,6,9.75,0,null
"2020-06-18T11:46:03.000Z",45.701733,5.883586,3.25,4.75,6.5,337.5,null
"2020-06-18T11:50:03.000Z",45.701733,5.883586,0,2.5,7,292.5,null
"2020-06-18T11:54:07.000Z",45.701733,5.883586,0,1.75,4.5,337.5,null
"2020-06-18T11:58:07.000Z",45.701733,5.883586,0,3.25,7.75,292.5,null
"2020-06-18T12:02:07.000Z",45.701733,5.883586,0.75,4.5,8.25,337.5,null
"2020-06-18T12:06:11.000Z",45.701733,5.883586,0,2.75,5.25,315,null
"2020-06-18T12:10:11.000Z",45.701733,5.883586,0,2.75,7.75,270,null
"2020-06-18T12:14:11.000Z",45.701733,5.883586,0,5.5,9.75,0,null
"2020-06-18T12:18:15.000Z",45.701733,5.883586,4.25,8.5,12,337.5,null
"2020-06-18T12:22:15.000Z",45.701733,5.883586,0,3.75,9.5,337.5,null
"2020-06-18T12:26:15.000Z",45.701733,5.883586,2.5,5.5,9,337.5,null
"2020-06-18T12:30:20.000Z",45.701733,5.883586,0,4.25,9.75,315,null
"2020-06-18T12:34:20.000Z",45.701733,5.883586,0.25,3.25,7,315,null
"2020-06-18T12:38:20.000Z",45.701733,5.883586,0,3.25,11,22.5,null
"2020-06-18T12:42:24.000Z",45.701733,5.883586,2.75,7.75,13,0,null
"2020-06-18T12:46:24.000Z",45.701733,5.883586,2.5,7,11,22.5,null
"2020-06-18T12:50:24.000Z",45.701733,5.883586,5.25,8.5,13,0,null
"2020-06-18T12:54:27.000Z",45.701733,5.883586,1.75,9.25,15.5,337.5,null
"2020-06-18T12:58:27.000Z",45.701733,5.883586,3.25,9.75,16.5,337.5,null
"2020-06-18T13:02:27.000Z",45.701733,5.883586,0,4.5,10,315,null
"2020-06-18T13:06:32.000Z",45.701733,5.883586,3.75,7.75,11,270,null
"2020-06-18T13:10:32.000Z",45.701733,5.883586,0,7.5,28,225,null
"2020-06-18T13:14:32.000Z",45.701733,5.883586,0,7,18,202.5,null
"2020-06-18T13:18:35.000Z",45.701733,5.883586,4.75,7.75,11.5,292.5,null
"2020-06-18T13:22:35.000Z",45.701733,5.883586,3.75,6,8,337.5,null
"2020-06-18T13:26:35.000Z",45.701733,5.883586,0.75,4.25,15,45,null
"2020-06-18T13:30:40.000Z",45.701733,5.883586,0.25,8.25,14.5,225,null
"2020-06-18T13:34:40.000Z",45.701733,5.883586,4.25,7,15.5,247.5,null
"2020-06-18T13:38:40.000Z",45.701733,5.883586,3.25,8.75,13,270,null
"2020-06-18T13:42:43.000Z",45.701733,5.883586,6,9.75,13,247.5,null
"2020-06-18T13:46:43.000Z",45.701733,5.883586,5.25,10.5,18,225,null
"2020-06-18T13:50:43.000Z",45.701733,5.883586,2.5,5.25,9.75,225,null
"2020-06-18T13:54:48.000Z",45.701733,5.883586,6.25,10,14.5,180,null
"2020-06-18T13:58:48.000Z",45.701733,5.883586,1.75,7.5,15,157.5,null
"2020-06-18T14:02:48.000Z",45.701733,5.883586,0.75,7.25,13.5,135,null
"2020-06-18T14:06:52.000Z",45.701733,5.883586,1,6,13,135,null
"2020-06-18T14:10:52.000Z",45.701733,5.883586,0.75,6,13.5,112.5,null
"2020-06-18T14:14:52.000Z",45.701733,5.883586,1,5.75,13.5,135,null
"2020-06-18T14:18:56.000Z",45.701733,5.883586,0,4.75,13,135,null
"2020-06-18T14:22:56.000Z",45.701733,5.883586,0,2,6.5,112.5,null
"2020-06-18T14:26:56.000Z",45.701733,5.883586,0,4.75,9.5,180,null
"2020-06-18T14:31:00.000Z",45.701733,5.883586,7.25,13.5,19,202.5,null
"2020-06-18T14:35:00.000Z",45.701733,5.883586,5.5,16.5,21.5,202.5,null
"2020-06-18T14:39:00.000Z",45.701733,5.883586,5.5,12,18,180,null
"2020-06-18T14:43:04.000Z",45.701733,5.883586,6,11.5,16,180,null
"2020-06-18T14:47:04.000Z",45.701733,5.883586,5.5,10.5,14.5,202.5,null
"2020-06-18T14:51:04.000Z",45.701733,5.883586,9,11,13,225,null
"2020-06-18T14:55:08.000Z",45.701733,5.883586,10.5,12.5,15.5,225,null
"2020-06-18T14:59:08.000Z",45.701733,5.883586,9.5,12.5,15.5,225,null
"2020-06-18T15:03:08.000Z",45.701733,5.883586,6.25,8.5,12.5,202.5,null
"2020-06-18T15:07:12.000Z",45.701733,5.883586,10,12,13,225,null
"2020-06-18T15:11:12.000Z",45.701733,5.883586,6.5,9,11,225,null
"2020-06-18T15:15:12.000Z",45.701733,5.883586,1,4.5,7,180,null
"2020-06-18T15:19:16.000Z",45.701733,5.883586,6,8.75,11,202.5,null
"2020-06-18T15:23:16.000Z",45.701733,5.883586,4.75,7.75,9.5,202.5,null
"2020-06-18T15:27:16.000Z",45.701733,5.883586,6.5,10,13,202.5,null
"2020-06-18T15:31:20.000Z",45.701733,5.883586,7.25,11.5,14,202.5,null
"2020-06-18T15:35:20.000Z",45.701733,5.883586,9.5,12.5,14.5,202.5,null
"2020-06-18T15:39:20.000Z",45.701733,5.883586,11,14,16.5,202.5,null
"2020-06-18T15:43:24.000Z",45.701733,5.883586,7.75,12.5,14.5,202.5,null
"2020-06-18T15:47:24.000Z",45.701733,5.883586,11,13,14.5,202.5,null
"2020-06-18T15:51:24.000Z",45.701733,5.883586,8.25,13,15.5,202.5,null
"2020-06-18T15:55:28.000Z",45.701733,5.883586,8,12.5,15.5,202.5,null
"2020-06-18T15:59:28.000Z",45.701733,5.883586,9.75,13.5,17,202.5,null
"2020-06-18T16:03:28.000Z",45.701733,5.883586,11,13,14.5,225,null
"2020-06-18T16:07:32.000Z",45.701733,5.883586,11,13,14.5,225,null
"2020-06-18T16:11:32.000Z",45.701733,5.883586,10,12,15,225,null
"2020-06-18T16:15:32.000Z",45.701733,5.883586,8,10.5,13,225,null
"2020-06-18T16:19:36.000Z",45.701733,5.883586,7.25,10.5,14,225,null
"2020-06-18T16:23:36.000Z",45.701733,5.883586,6.5,9.75,12,202.5,null
"2020-06-18T16:27:36.000Z",45.701733,5.883586,8,11.5,13.5,202.5,null
"2020-06-18T16:31:40.000Z",45.701733,5.883586,8.75,13.5,22,202.5,null
"2020-06-18T16:35:40.000Z",45.701733,5.883586,9,14.5,18.5,180,null
"2020-06-18T16:39:40.000Z",45.701733,5.883586,9,14.5,18,202.5,null
"2020-06-18T16:43:44.000Z",45.701733,5.883586,10.5,16,20,202.5,null
"2020-06-18T16:47:44.000Z",45.701733,5.883586,13.5,17.5,20.5,202.5,null
"2020-06-18T16:51:44.000Z",45.701733,5.883586,13,19,23.5,202.5,null
"2020-06-18T16:55:49.000Z",45.701733,5.883586,12,18,21.5,180,null
"2020-06-18T16:59:49.000Z",45.701733,5.883586,12,17.5,21,180,null
"2020-06-18T17:03:49.000Z",45.701733,5.883586,9.75,17.5,22.5,202.5,null
"2020-06-18T17:07:53.000Z",45.701733,5.883586,13,18.5,22.5,180,null
"2020-06-18T17:11:53.000Z",45.701733,5.883586,11.5,16.5,21.5,180,null
"2020-06-18T17:15:53.000Z",45.701733,5.883586,10,15.5,19,180,null
"2020-06-18T17:19:56.000Z",45.701733,5.883586,9,16,20,180,null
"2020-06-18T17:23:56.000Z",45.701733,5.883586,10.5,18.5,22.5,180,null
"2020-06-18T17:27:56.000Z",45.701733,5.883586,14,18,22,180,null
"2020-06-18T17:32:01.000Z",45.701733,5.883586,10.5,18,23.5,180,null
"2020-06-18T17:36:01.000Z",45.701733,5.883586,7.75,15.5,20,180,null
"2020-06-18T17:40:01.000Z",45.701733,5.883586,11,18,23,202.5,null
"2020-06-18T17:44:05.000Z",45.701733,5.883586,15,20,24.5,202.5,null
"2020-06-18T17:48:05.000Z",45.701733,5.883586,11,20.5,25,202.5,null
"2020-06-18T17:52:05.000Z",45.701733,5.883586,13,18.5,22.5,202.5,null
"2020-06-18T17:56:08.000Z",45.701733,5.883586,10.5,17.5,21.5,180,null
"2020-06-18T18:00:08.000Z",45.701733,5.883586,11,16,21,180,null
"2020-06-18T18:04:08.000Z",45.701733,5.883586,4.25,10.5,16,180,null
"2020-06-18T18:08:13.000Z",45.701733,5.883586,1.75,9.25,15.5,180,null
"2020-06-18T18:12:13.000Z",45.701733,5.883586,5.25,10.5,15.5,180,null
"2020-06-18T18:16:13.000Z",45.701733,5.883586,12,16.5,20,202.5,null
"2020-06-18T18:20:17.000Z",45.701733,5.883586,5.5,17.5,28.5,202.5,null
"2020-06-18T18:24:17.000Z",45.701733,5.883586,3.5,7.75,11,180,null
"2020-06-18T18:28:17.000Z",45.701733,5.883586,7,11.5,15.5,202.5,null
"2020-06-18T18:32:20.000Z",45.701733,5.883586,0.25,4,12,157.5,null
"2020-06-18T18:36:20.000Z",45.701733,5.883586,0,1.5,3.75,112.5,null
"2020-06-18T18:40:20.000Z",45.701733,5.883586,0.25,8.25,14,247.5,null
"2020-06-18T18:44:25.000Z",45.701733,5.883586,0.75,3.75,7,157.5,null
"2020-06-18T18:48:25.000Z",45.701733,5.883586,0,2.25,7.25,157.5,null
"2020-06-18T18:52:25.000Z",45.701733,5.883586,0,4.5,11,247.5,null
"2020-06-18T18:56:29.000Z",45.701733,5.883586,0,2.75,9,247.5,null
"2020-06-18T19:00:29.000Z",45.701733,5.883586,0,2.5,4.5,112.5,null
"2020-06-18T19:04:29.000Z",45.701733,5.883586,2.75,5.25,8,90,null
"2020-06-18T19:08:33.000Z",45.701733,5.883586,4.25,6,9,90,null
"2020-06-18T19:12:33.000Z",45.701733,5.883586,2.5,4.75,8.25,90,null
"2020-06-18T19:16:33.000Z",45.701733,5.883586,1.5,7.25,14.5,90,null
"2020-06-18T19:20:37.000Z",45.701733,5.883586,1.75,6.75,11.5,67.5,null
"2020-06-18T19:24:37.000Z",45.701733,5.883586,2.5,5.5,8.75,67.5,null
"2020-06-18T19:28:37.000Z",45.701733,5.883586,0.25,2.5,7,112.5,null
"2020-06-18T19:32:41.000Z",45.701733,5.883586,0,1.75,3.25,180,null
"2020-06-18T19:36:41.000Z",45.701733,5.883586,0.75,2.25,3.5,157.5,null
"2020-06-18T19:40:41.000Z",45.701733,5.883586,0,2,3.5,157.5,null
"2020-06-18T19:44:45.000Z",45.701733,5.883586,0,2.25,5.25,180,null
"2020-06-18T19:48:45.000Z",45.701733,5.883586,2.5,4.25,5.5,157.5,null
"2020-06-18T19:52:45.000Z",45.701733,5.883586,2.5,5,7.25,90,null
"2020-06-18T19:56:49.000Z",45.701733,5.883586,1.75,5,7.75,112.5,null
"2020-06-18T20:00:49.000Z",45.701733,5.883586,1.75,5.25,13,202.5,null
"2020-06-18T20:04:49.000Z",45.701733,5.883586,6,26.5,38.5,270,null
"2020-06-18T20:08:53.000Z",45.701733,5.883586,12,26.5,46.5,270,null
"2020-06-18T20:12:53.000Z",45.701733,5.883586,26,35.5,45.5,270,null
"2020-06-18T20:16:53.000Z",45.701733,5.883586,19,34,51.5,270,null
"2020-06-18T20:20:57.000Z",45.701733,5.883586,23.5,34.5,45,270,null
"2020-06-18T20:24:57.000Z",45.701733,5.883586,21,34,47,270,null
"2020-06-18T20:28:57.000Z",45.701733,5.883586,15.5,29,43.5,270,null
"2020-06-18T20:33:01.000Z",45.701733,5.883586,16.5,23.5,32,292.5,null
"2020-06-18T20:37:01.000Z",45.701733,5.883586,17,26.5,38.5,270,null
"2020-06-18T20:41:01.000Z",45.701733,5.883586,14,20.5,28,292.5,null
"2020-06-18T20:45:05.000Z",45.701733,5.883586,3.5,16.5,29,292.5,null
"2020-06-18T20:49:05.000Z",45.701733,5.883586,4.5,12.5,22.5,315,null
"2020-06-18T20:53:05.000Z",45.701733,5.883586,7,19.5,30.5,315,null
"2020-06-18T20:57:10.000Z",45.701733,5.883586,8,18,25,315,null
"2020-06-18T21:01:10.000Z",45.701733,5.883586,3.25,13,20.5,315,null
"2020-06-18T21:05:10.000Z",45.701733,5.883586,1.75,11,18,315,null
"2020-06-18T21:09:13.000Z",45.701733,5.883586,8.25,13,17.5,22.5,null
"2020-06-18T21:13:13.000Z",45.701733,5.883586,5.25,11.5,17,45,null
"2020-06-18T21:17:13.000Z",45.701733,5.883586,6,10.5,17.5,45,null
"2020-06-18T21:21:17.000Z",45.701733,5.883586,5.5,10,15.5,67.5,null
"2020-06-18T21:25:17.000Z",45.701733,5.883586,2,6,11,45,null
"2020-06-18T21:29:17.000Z",45.701733,5.883586,0,1.75,6,45,null
"2020-06-18T21:33:22.000Z",45.701733,5.883586,0,0,0,180,null
"2020-06-18T21:37:22.000Z",45.701733,5.883586,0,1,2.5,157.5,null
"2020-06-18T21:41:22.000Z",45.701733,5.883586,0,1.75,3.25,157.5,null
"2020-06-18T21:45:25.000Z",45.701733,5.883586,2.5,4,6.25,202.5,null
"2020-06-18T21:49:25.000Z",45.701733,5.883586,0,2.5,6,202.5,null
"2020-06-18T21:53:25.000Z",45.701733,5.883586,0,2,6,180,null
"2020-06-18T21:57:29.000Z",45.701733,5.883586,0,2,6.5,202.5,null
"2020-06-18T22:01:29.000Z",45.701733,5.883586,2.5,9,15,202.5,null
"2020-06-18T22:05:29.000Z",45.701733,5.883586,4.25,8.5,12,225,null
"2020-06-18T22:09:34.000Z",45.701733,5.883586,7.25,9.75,12.5,247.5,null
"2020-06-18T22:13:34.000Z",45.701733,5.883586,4.75,10.5,15.5,247.5,null
"2020-06-18T22:17:34.000Z",45.701733,5.883586,3.75,10.5,15.5,270,null
"2020-06-18T22:21:38.000Z",45.701733,5.883586,1.75,4.5,8.75,292.5,null
"2020-06-18T22:25:38.000Z",45.701733,5.883586,0,2,5.25,0,null
"2020-06-18T22:29:38.000Z",45.701733,5.883586,3.25,5,7.25,112.5,null
"2020-06-18T22:33:41.000Z",45.701733,5.883586,0,3,6.25,112.5,null
"2020-06-18T22:37:41.000Z",45.701733,5.883586,0,2,7,135,null
"2020-06-18T22:41:41.000Z",45.701733,5.883586,0,3,8.75,112.5,null
"2020-06-18T22:45:46.000Z",45.701733,5.883586,0,3,9,112.5,null
"2020-06-18T22:49:46.000Z",45.701733,5.883586,0,1.75,6,112.5,null
"2020-06-18T22:53:46.000Z",45.701733,5.883586,0.25,3,6,135,null
"2020-06-18T22:57:50.000Z",45.701733,5.883586,0,2.25,4.25,112.5,null
"2020-06-18T23:01:50.000Z",45.701733,5.883586,0,1,2.5,135,null
"2020-06-18T23:05:50.000Z",45.701733,5.883586,0,1.25,3.25,112.5,null
"2020-06-18T23:09:54.000Z",45.701733,5.883586,1,2,3.25,90,null
"2020-06-18T23:13:54.000Z",45.701733,5.883586,0.25,2.5,3.75,90,null
"2020-06-18T23:17:54.000Z",45.701733,5.883586,1.5,3.25,5.5,90,null
"2020-06-18T23:21:58.000Z",45.701733,5.883586,1.5,2.75,4.5,90,null
"2020-06-18T23:25:58.000Z",45.701733,5.883586,0,3,6,90,null
"2020-06-18T23:29:58.000Z",45.701733,5.883586,0,2.25,3.75,90,null
"2020-06-18T23:37:57.000Z",45.701356,5.883545,0.25,1.5,2.75,90,null
"2020-06-18T23:41:57.000Z",45.701356,5.883545,1.5,2.5,4.25,90,null
"2020-06-18T23:45:57.000Z",45.701356,5.883545,1,3,4.25,90,null
"2020-06-18T23:50:01.000Z",45.701356,5.883545,0.25,2,3.25,90,null
"2020-06-18T23:54:01.000Z",45.701356,5.883545,0.25,2,3.75,67.5,null
"2020-06-18T23:58:01.000Z",45.701356,5.883545,0.75,2.25,3.75,45,null
"2020-06-19T00:02:05.000Z",45.701356,5.883545,1.5,2.25,3.5,45,null
"2020-06-19T00:06:05.000Z",45.701356,5.883545,0.25,2.5,4.25,45,null
"2020-06-19T00:10:05.000Z",45.701356,5.883545,0,0.25,2.5,67.5,null
"2020-06-19T00:14:09.000Z",45.701356,5.883545,0,0,0,135,null
"2020-06-19T00:18:09.000Z",45.701356,5.883545,0,2.5,4.75,135,null
"2020-06-19T00:22:09.000Z",45.701356,5.883545,0.75,3,4.5,112.5,null
"2020-06-19T00:26:59.000Z",45.701356,5.883545,0.25,2.5,4.75,112.5,null
"2020-06-19T00:30:59.000Z",45.701356,5.883545,1.5,3.75,8,112.5,null
"2020-06-19T00:34:59.000Z",45.701618,5.88352,2.75,6.5,9.5,90,null
"2020-06-19T00:39:03.000Z",45.701618,5.88352,2,5.5,9.5,90,null
"2020-06-19T00:43:03.000Z",45.701618,5.88352,0.75,4.25,9,90,null
"2020-06-19T00:47:03.000Z",45.701618,5.88352,0.75,4,7.25,112.5,null
"2020-06-19T00:51:07.000Z",45.701618,5.88352,2.5,4.75,8,90,null
"2020-06-19T00:55:07.000Z",45.701618,5.88352,2.75,5.25,8,90,null
"2020-06-19T00:59:07.000Z",45.701618,5.88352,0,3.25,8,112.5,null
"2020-06-19T01:03:11.000Z",45.701618,5.88352,1,4.25,9,112.5,null
"2020-06-19T01:07:11.000Z",45.701618,5.88352,0.25,3.75,7.75,157.5,null
"2020-06-19T01:11:11.000Z",45.701618,5.88352,0,3.75,7.75,157.5,null
"2020-06-19T01:15:15.000Z",45.701618,5.88352,0,3,9,135,null
"2020-06-19T01:19:15.000Z",45.701618,5.88352,2.5,4.75,8,157.5,null
"2020-06-19T01:23:15.000Z",45.701618,5.88352,0,1.75,5.25,112.5,null
"2020-06-19T01:27:19.000Z",45.701618,5.88352,0.75,2.5,4.5,112.5,null
"2020-06-19T01:31:19.000Z",45.701618,5.88352,0,1.5,3.25,112.5,null
"2020-06-19T01:35:19.000Z",45.701618,5.88352,0,1.5,4.5,135,null
"2020-06-19T01:39:23.000Z",45.701618,5.88352,1,3.25,5.25,157.5,null
"2020-06-19T01:43:23.000Z",45.701618,5.88352,0,1.5,3.75,157.5,null
"2020-06-19T01:47:23.000Z",45.701618,5.88352,0.25,1.75,4.25,135,null
"2020-06-19T01:51:27.000Z",45.701618,5.88352,0,2,4.75,112.5,null
"2020-06-19T01:55:27.000Z",45.701618,5.88352,2,5.25,9.75,112.5,null
"2020-06-19T01:59:27.000Z",45.701618,5.88352,1,3.5,8,112.5,null
"2020-06-19T02:03:31.000Z",45.701618,5.88352,1,3.75,6.5,112.5,null
"2020-06-19T02:07:31.000Z",45.701618,5.88352,1.5,4.5,7.25,90,null
"2020-06-19T02:11:31.000Z",45.701618,5.88352,0.25,3.25,6.5,90,null
"2020-06-19T02:15:35.000Z",45.701618,5.88352,0,3.5,6.25,90,null
"2020-06-19T02:19:35.000Z",45.701618,5.88352,0.25,3.5,7,90,null
"2020-06-19T02:23:35.000Z",45.701618,5.88352,0,4,11,90,null
"2020-06-19T02:27:39.000Z",45.701618,5.88352,1,3.5,7.25,112.5,null
"2020-06-19T02:31:39.000Z",45.701618,5.88352,1.75,3.75,7,112.5,null
"2020-06-19T02:35:39.000Z",45.701618,5.88352,1,3,5.5,112.5,null
"2020-06-19T02:39:44.000Z",45.701618,5.88352,0,2.5,4.75,112.5,null
"2020-06-19T02:43:44.000Z",45.701618,5.88352,1.75,3.25,4.75,90,null
"2020-06-19T02:47:44.000Z",45.701618,5.88352,1.75,4,5.5,90,null
"2020-06-19T02:51:48.000Z",45.701618,5.88352,0.75,2.75,4.75,90,null
"2020-06-19T02:55:48.000Z",45.701618,5.88352,1.75,3,4.75,90,null
"2020-06-19T02:59:48.000Z",45.701618,5.88352,1,3.5,5.25,67.5,null
"2020-06-19T03:03:51.000Z",45.701618,5.88352,0.25,2.75,4.5,67.5,null
"2020-06-19T03:07:51.000Z",45.701618,5.88352,0.25,2,4.25,67.5,null
"2020-06-19T03:11:51.000Z",45.701618,5.88352,0,1,2.5,112.5,null
"2020-06-19T03:15:55.000Z",45.701618,5.88352,0,0.25,1,112.5,null
"2020-06-19T03:19:55.000Z",45.701618,5.88352,0.25,1.5,2,112.5,null
"2020-06-19T03:23:55.000Z",45.701618,5.88352,0.75,2.25,3.75,112.5,null
"2020-06-19T03:27:59.000Z",45.701618,5.88352,1.5,3.25,4.25,90,null
"2020-06-19T03:31:59.000Z",45.701618,5.88352,0.75,2.25,3.5,112.5,null
"2020-06-19T03:35:59.000Z",45.701618,5.88352,0.25,2.75,4.25,112.5,null
"2020-06-19T03:40:03.000Z",45.701618,5.88352,1,2.25,3.75,90,null
"2020-06-19T03:44:03.000Z",45.701618,5.88352,1,2.75,3.75,112.5,null
"2020-06-19T03:48:03.000Z",45.701618,5.88352,0.25,2.25,3.75,112.5,null
"2020-06-19T03:52:08.000Z",45.701618,5.88352,0.75,2.25,3.75,90,null
"2020-06-19T03:56:08.000Z",45.701618,5.88352,0.75,4.25,8,67.5,null
"2020-06-19T04:00:08.000Z",45.701618,5.88352,1.75,4.75,6.5,90,null
"2020-06-19T04:04:12.000Z",45.701618,5.88352,1,3.5,7,112.5,null
"2020-06-19T04:08:12.000Z",45.701618,5.88352,1.5,3.75,8,90,null
"2020-06-19T04:12:12.000Z",45.701618,5.88352,1.5,4.25,8.25,112.5,null
"2020-06-19T04:16:16.000Z",45.701618,5.88352,0,3.5,6,112.5,null
"2020-06-19T04:20:16.000Z",45.701618,5.88352,0,5.75,11.5,90,null
"2020-06-19T04:24:16.000Z",45.701618,5.88352,1.5,5.25,10.5,90,null
"2020-06-19T04:28:20.000Z",45.701618,5.88352,2,6.25,11,90,null
"2020-06-19T04:32:20.000Z",45.701618,5.88352,1.75,5.25,10.5,90,null
"2020-06-19T04:36:20.000Z",45.701618,5.88352,0.75,4.25,9.5,90,null
"2020-06-19T04:40:23.000Z",45.701618,5.88352,0,3.25,9.5,135,null
"2020-06-19T04:44:23.000Z",45.701618,5.88352,0,2.25,5.5,157.5,null
"2020-06-19T04:48:23.000Z",45.701618,5.88352,0,2.5,4.75,157.5,null
"2020-06-19T04:52:28.000Z",45.701618,5.88352,0,3.25,6.25,157.5,null
"2020-06-19T04:56:28.000Z",45.701618,5.88352,0,2.25,4.5,157.5,null
"2020-06-19T05:00:28.000Z",45.701618,5.88352,0.25,3.25,6.25,157.5,null
"2020-06-19T05:04:31.000Z",45.701618,5.88352,0,3.25,7,180,null
"2020-06-19T05:08:31.000Z",45.701618,5.88352,2,5.25,8,180,null
"2020-06-19T05:12:31.000Z",45.701618,5.88352,0,2,6,157.5,null
"2020-06-19T05:16:35.000Z",45.701618,5.88352,0,1.75,4.25,67.5,null
"2020-06-19T05:20:35.000Z",45.701618,5.88352,0,1.5,3.5,112.5,null
"2020-06-19T05:24:35.000Z",45.701618,5.88352,0,1,3.5,135,null
"2020-06-19T05:28:40.000Z",45.701618,5.88352,0,0.75,3.5,135,null
"2020-06-19T05:32:40.000Z",45.701618,5.88352,0,0.75,2.75,157.5,null
"2020-06-19T05:36:40.000Z",45.701618,5.88352,0,0.25,1,157.5,null
"2020-06-19T05:40:44.000Z",45.701618,5.88352,1,2.75,4.5,180,null
"2020-06-19T05:44:44.000Z",45.701618,5.88352,0,1.25,4.25,180,null
"2020-06-19T05:48:44.000Z",45.701618,5.88352,0,1.5,3.75,180,null
"2020-06-19T05:52:48.000Z",45.701618,5.88352,0,1.75,3.5,90,null
"2020-06-19T05:56:48.000Z",45.701618,5.88352,0,1.25,2.75,112.5,null
"2020-06-19T06:00:48.000Z",45.701618,5.88352,0,1,3.25,112.5,null
"2020-06-19T06:04:52.000Z",45.701618,5.88352,0,1.25,3.5,135,null
"2020-06-19T06:08:52.000Z",45.701618,5.88352,0,1.5,3.25,180,null
"2020-06-19T06:12:52.000Z",45.701618,5.88352,0,1,2.75,157.5,null
"2020-06-19T06:16:57.000Z",45.701618,5.88352,0,0.75,2.5,157.5,null
"2020-06-19T06:20:57.000Z",45.701618,5.88352,0,0.5,1.75,180,null
"2020-06-19T06:24:57.000Z",45.701618,5.88352,0.75,2.25,3.5,180,null
"2020-06-19T06:29:00.000Z",45.701618,5.88352,0,1.25,3.5,112.5,null
"2020-06-19T06:33:00.000Z",45.701618,5.88352,0,1.75,4.75,135,null
"2020-06-19T06:37:00.000Z",45.701618,5.88352,0,0.75,3.5,90,null
"2020-06-19T06:41:04.000Z",45.701618,5.88352,0,0.25,1,67.5,null
"2020-06-19T06:45:04.000Z",45.701618,5.88352,0,0.75,3.75,157.5,null
"2020-06-19T06:49:04.000Z",45.701618,5.88352,0,0,1,157.5,null
"2020-06-19T06:53:09.000Z",45.701618,5.88352,0,1.25,3.75,202.5,null
"2020-06-19T06:57:09.000Z",45.701618,5.88352,0,1,3.5,202.5,null
"2020-06-19T07:01:09.000Z",45.701618,5.88352,0,0.25,1.75,247.5,null
"2020-06-19T07:05:12.000Z",45.701618,5.88352,0,1,3.25,315,null
"2020-06-19T07:09:12.000Z",45.701618,5.88352,0,1.5,3.25,337.5,null
"2020-06-19T07:13:12.000Z",45.701618,5.88352,0.25,1.75,3.25,0,null
"2020-06-19T07:17:17.000Z",45.701618,5.88352,0.75,1.75,4.5,337.5,null
"2020-06-19T07:21:17.000Z",45.701618,5.88352,0,1.25,3.75,0,null
"2020-06-19T07:25:17.000Z",45.701618,5.88352,0,1,3.25,270,null
"2020-06-19T07:29:20.000Z",45.701618,5.88352,0.75,1.75,2.75,270,null
"2020-06-19T07:33:20.000Z",45.701618,5.88352,0.25,2,3.5,247.5,null
"2020-06-19T07:37:20.000Z",45.701618,5.88352,0.75,3,5.25,247.5,null
"2020-06-19T07:41:24.000Z",45.701618,5.88352,2.5,4,6,247.5,null
"2020-06-19T07:45:24.000Z",45.701618,5.88352,1,3,4.75,247.5,null
"2020-06-19T07:49:24.000Z",45.701618,5.88352,0,2.25,5.25,270,null
"2020-06-19T07:53:28.000Z",45.701618,5.88352,1.75,3.5,5.5,247.5,null
"2020-06-19T07:57:28.000Z",45.701618,5.88352,0.25,3.25,5.5,247.5,null
"2020-06-19T08:01:28.000Z",45.701618,5.88352,0,2.5,4.5,247.5,null
"2020-06-19T08:05:33.000Z",45.701618,5.88352,0,1.25,2.75,270,null
"2020-06-19T08:09:33.000Z",45.701618,5.88352,0.25,2.5,4.75,270,null
"2020-06-19T08:13:33.000Z",45.701618,5.88352,0.25,2,3.75,315,null
"2020-06-19T08:17:37.000Z",45.701618,5.88352,0,2.25,4.25,337.5,null
"2020-06-19T08:21:37.000Z",45.701618,5.88352,0,1.75,3.25,337.5,null
"2020-06-19T08:25:37.000Z",45.701618,5.88352,1,2.75,4.25,337.5,null
"2020-06-19T08:29:41.000Z",45.701618,5.88352,1.5,3.75,6,315,null
"2020-06-19T08:33:41.000Z",45.701618,5.88352,2.5,3.75,6,315,null
"2020-06-19T08:37:41.000Z",45.701618,5.88352,3.5,5.5,8.25,315,null
"2020-06-19T08:41:44.000Z",45.701618,5.88352,4.25,6,8,315,null
"2020-06-19T08:45:44.000Z",45.701618,5.88352,3.75,5.5,7.75,315,null
"2020-06-19T08:49:44.000Z",45.701618,5.88352,4.25,6.5,8.25,315,null
"2020-06-19T08:53:49.000Z",45.701618,5.88352,4.25,6.25,9,337.5,null
"2020-06-19T08:57:49.000Z",45.701618,5.88352,7,8.5,9.75,337.5,null
"2020-06-19T09:01:49.000Z",45.701618,5.88352,6.5,8.75,11,0,null
"2020-06-19T09:05:53.000Z",45.701618,5.88352,8,10,12,337.5,null
"2020-06-19T09:09:53.000Z",45.701618,5.88352,6.5,9,11.5,337.5,null
"2020-06-19T09:13:53.000Z",45.701618,5.88352,6.5,9,12,337.5,null
"2020-06-19T09:17:57.000Z",45.701618,5.88352,8.75,12,15,337.5,null
"2020-06-19T09:21:57.000Z",45.701618,5.88352,10,12,15,337.5,null
"2020-06-19T09:25:57.000Z",45.701618,5.88352,9.75,12.5,14.5,337.5,null
"2020-06-19T09:30:01.000Z",45.701618,5.88352,10.5,12.5,15.5,337.5,null
"2020-06-19T09:34:01.000Z",45.701618,5.88352,9.75,12,13,337.5,null
"2020-06-19T09:38:01.000Z",45.701618,5.88352,8.25,10,12,337.5,null
"2020-06-19T09:42:05.000Z",45.701618,5.88352,8,9.5,11,315,null
"2020-06-19T09:46:05.000Z",45.701618,5.88352,8.25,10.5,12.5,315,null
"2020-06-19T09:50:05.000Z",45.701618,5.88352,8.25,10.5,12.5,315,null
"2020-06-19T09:54:09.000Z",45.701618,5.88352,7.75,9.75,11,315,null
"2020-06-19T09:58:09.000Z",45.701618,5.88352,8.25,10,11.5,315,null
"2020-06-19T10:02:09.000Z",45.701618,5.88352,8.75,10,12,315,null
"2020-06-19T10:06:13.000Z",45.701618,5.88352,7.75,9.25,10.5,315,null
"2020-06-19T10:10:13.000Z",45.701618,5.88352,7,8.5,10,337.5,null
"2020-06-19T10:14:13.000Z",45.701618,5.88352,6.25,8,9.75,337.5,null
"2020-06-19T10:18:17.000Z",45.701618,5.88352,6.5,8.25,10.5,337.5,null
"2020-06-19T10:22:17.000Z",45.701618,5.88352,9,11,13,337.5,null
"2020-06-19T10:26:17.000Z",45.701618,5.88352,9.5,11.5,13.5,337.5,null
"2020-06-19T10:30:21.000Z",45.701618,5.88352,9,11,13,337.5,null
"2020-06-19T10:34:21.000Z",45.701618,5.88352,9.75,11.5,12.5,337.5,null
"2020-06-19T10:38:21.000Z",45.701618,5.88352,9,10.5,12,315,null
"2020-06-19T10:42:25.000Z",45.701618,5.88352,7.75,9.75,11,337.5,null
"2020-06-19T10:46:25.000Z",45.701618,5.88352,7,8.5,9.75,315,null
"2020-06-19T10:50:25.000Z",45.701618,5.88352,5.5,7.25,8.75,315,null
"2020-06-19T10:54:29.000Z",45.701618,5.88352,5.25,7.25,9.5,315,null
"2020-06-19T10:58:29.000Z",45.701618,5.88352,6.5,8.5,11,292.5,null
"2020-06-19T11:02:29.000Z",45.701618,5.88352,5.5,7.25,8.75,292.5,null
"2020-06-19T11:06:33.000Z",45.701618,5.88352,5.25,6.75,8.25,315,null
"2020-06-19T11:10:33.000Z",45.701618,5.88352,6,7.25,8.75,315,null
"2020-06-19T11:14:33.000Z",45.701618,5.88352,6,7.25,8.25,315,null
"2020-06-19T11:18:37.000Z",45.701618,5.88352,6,7.25,8.25,315,null
"2020-06-19T11:22:37.000Z",45.701618,5.88352,6.5,7.75,9,337.5,null
"2020-06-19T11:26:37.000Z",45.701618,5.88352,6.5,7.75,9.5,337.5,null
"2020-06-19T11:30:41.000Z",45.701618,5.88352,7,10.5,12.5,292.5,null
"2020-06-19T11:34:41.000Z",45.701618,5.88352,8,10.5,17.5,292.5,null
"2020-06-19T11:38:41.000Z",45.701618,5.88352,11,14,20.5,270,null
"2020-06-19T11:42:46.000Z",45.701618,5.88352,9,14.5,19,292.5,null
"2020-06-19T11:46:46.000Z",45.701618,5.88352,8,13.5,19.5,292.5,null
"2020-06-19T11:50:46.000Z",45.701618,5.88352,7,13,19.5,292.5,null
"2020-06-19T11:54:50.000Z",45.701618,5.88352,2.75,9.75,14.5,270,null
"2020-06-19T11:58:50.000Z",45.701618,5.88352,4.75,8.5,15,292.5,null
"2020-06-19T12:02:50.000Z",45.701618,5.88352,3.75,9.25,17,270,null
"2020-06-19T12:06:54.000Z",45.701618,5.88352,0,6,10.5,270,null
"2020-06-19T12:10:54.000Z",45.701618,5.88352,3.5,6.25,9.5,337.5,null
"2020-06-19T12:14:54.000Z",45.701618,5.88352,0,2.75,5.5,337.5,null
"2020-06-19T12:18:58.000Z",45.701618,5.88352,3.25,5.5,8,337.5,null
"2020-06-19T12:22:58.000Z",45.701618,5.88352,7.25,9.75,13,337.5,null
"2020-06-19T12:26:58.000Z",45.701618,5.88352,8,10.5,13,337.5,null
"2020-06-19T12:31:02.000Z",45.701618,5.88352,8.75,11.5,15,337.5,null
"2020-06-19T12:35:02.000Z",45.701618,5.88352,12.5,17.5,29.5,337.5,null
"2020-06-19T12:39:02.000Z",45.701618,5.88352,22.5,28,32.5,337.5,null
"2020-06-19T12:43:05.000Z",45.701618,5.88352,21.5,28,31.5,337.5,null
"2020-06-19T12:47:05.000Z",45.701618,5.88352,20,25.5,30,0,null
"2020-06-19T12:51:05.000Z",45.701618,5.88352,19,22.5,28,0,null
"2020-06-19T12:55:09.000Z",45.701618,5.88352,16.5,23.5,28.5,0,null
"2020-06-19T12:59:09.000Z",45.701618,5.88352,15,21,26,0,null
"2020-06-19T13:03:09.000Z",45.701618,5.88352,14.5,21,24.5,0,null
"2020-06-19T13:07:14.000Z",45.701618,5.88352,14,19.5,23,0,null
"2020-06-19T13:11:14.000Z",45.701618,5.88352,15.5,20,23,0,null
"2020-06-19T13:15:14.000Z",45.701618,5.88352,14.5,19,22,0,null
"2020-06-19T13:19:17.000Z",45.701618,5.88352,13,17,19.5,0,null
"2020-06-19T13:23:17.000Z",45.701618,5.88352,11,17.5,21.5,0,null
"2020-06-19T13:27:17.000Z",45.701618,5.88352,10,15.5,21,0,null
"2020-06-19T13:31:22.000Z",45.701618,5.88352,13,17,20,0,null
"2020-06-19T13:35:22.000Z",45.701618,5.88352,10.5,17.5,22,0,null
"2020-06-19T13:39:22.000Z",45.701618,5.88352,15.5,18.5,21,0,null
"2020-06-19T13:43:26.000Z",45.701618,5.88352,14.5,16.5,19,337.5,null
"2020-06-19T13:47:26.000Z",45.701618,5.88352,12,14.5,16.5,337.5,null
"2020-06-19T13:51:26.000Z",45.701618,5.88352,10,13,15.5,337.5,null
"2020-06-19T13:55:30.000Z",45.701618,5.88352,9,12,14,0,null
"2020-06-19T13:59:30.000Z",45.701618,5.88352,9.5,11,13.5,0,null
"2020-06-19T14:03:30.000Z",45.701618,5.88352,10,14.5,18,0,null
"2020-06-19T14:07:34.000Z",45.701618,5.88352,11,14,18,0,null
"2020-06-19T14:11:34.000Z",45.701618,5.88352,11.5,13.5,15.5,337.5,null
"2020-06-19T14:15:34.000Z",45.701618,5.88352,12.5,15.5,18,337.5,null
"2020-06-19T14:19:38.000Z",45.701618,5.88352,12,14.5,17.5,337.5,null
"2020-06-19T14:23:38.000Z",45.701618,5.88352,13,16,19,337.5,null
"2020-06-19T14:27:38.000Z",45.701618,5.88352,15.5,18,19.5,337.5,null
"2020-06-19T14:31:42.000Z",45.701618,5.88352,14.5,17,19.5,337.5,null
"2020-06-19T14:35:42.000Z",45.701618,5.88352,12,14.5,17,337.5,null
"2020-06-19T14:39:42.000Z",45.701618,5.88352,12,14.5,17.5,0,null
"2020-06-19T14:43:46.000Z",45.701618,5.88352,11,13,15,337.5,null
"2020-06-19T14:47:46.000Z",45.701618,5.88352,11,13,14.5,337.5,null
"2020-06-19T14:51:46.000Z",45.701618,5.88352,10.5,13,14.5,337.5,null
"2020-06-19T14:55:50.000Z",45.701618,5.88352,10.5,13,15,337.5,null
"2020-06-19T14:59:50.000Z",45.701618,5.88352,11,13.5,15.5,337.5,null
"2020-06-19T15:03:50.000Z",45.701618,5.88352,11,13,15.5,337.5,null
"2020-06-19T15:07:54.000Z",45.701618,5.88352,11,13.5,15.5,337.5,null
"2020-06-19T15:11:54.000Z",45.701618,5.88352,11,13.5,15.5,0,null
"2020-06-19T15:15:54.000Z",45.701618,5.88352,10.5,13,14.5,337.5,null
"2020-06-19T15:19:58.000Z",45.701618,5.88352,10,13,15.5,0,null
"2020-06-19T15:23:58.000Z",45.701618,5.88352,12,14.5,17.5,0,null
"2020-06-19T15:27:58.000Z",45.701618,5.88352,11,13.5,15.5,0,null
"2020-06-19T15:32:02.000Z",45.701618,5.88352,11.5,14.5,17.5,337.5,null
"2020-06-19T15:36:02.000Z",45.701618,5.88352,11,15,16.5,337.5,null
"2020-06-19T15:40:02.000Z",45.701618,5.88352,12,14.5,17,337.5,null
"2020-06-19T15:44:06.000Z",45.701618,5.88352,13,15.5,18,337.5,null
"2020-06-19T15:48:06.000Z",45.701618,5.88352,11,14,16.5,337.5,null
"2020-06-19T15:52:06.000Z",45.701618,5.88352,12,15,17,337.5,null
"2020-06-19T15:56:10.000Z",45.701618,5.88352,12.5,14.5,16.5,337.5,null
"2020-06-19T16:00:10.000Z",45.701618,5.88352,12,15.5,17,337.5,null
"2020-06-19T16:04:10.000Z",45.701618,5.88352,11.5,14.5,16.5,337.5,null
"2020-06-19T16:08:14.000Z",45.701618,5.88352,9.75,12,13.5,315,null
"2020-06-19T16:12:14.000Z",45.701618,5.88352,9.5,11.5,14,337.5,null
"2020-06-19T16:16:14.000Z",45.701618,5.88352,9,11,12.5,337.5,null
"2020-06-19T16:20:18.000Z",45.701618,5.88352,7.25,9.75,12,337.5,null
"2020-06-19T16:24:18.000Z",45.701618,5.88352,6.5,8,9.75,337.5,null
"2020-06-19T16:28:18.000Z",45.701618,5.88352,8,9.5,11,315,null
"2020-06-19T16:32:22.000Z",45.701618,5.88352,7.75,8.75,10,315,null
"2020-06-19T16:36:22.000Z",45.701618,5.88352,7.25,9,12,315,null
"2020-06-19T16:40:22.000Z",45.701618,5.88352,7.75,9.25,11.5,315,null
"2020-06-19T16:44:26.000Z",45.701618,5.88352,7,8.75,11,315,null
"2020-06-19T16:48:26.000Z",45.701618,5.88352,6.5,8.25,9.75,315,null
"2020-06-19T16:52:26.000Z",45.701618,5.88352,7,9,10.5,315,null
"2020-06-19T16:56:31.000Z",45.701618,5.88352,8.25,10.5,12.5,315,null
"2020-06-19T17:00:31.000Z",45.701618,5.88352,8.75,11,13,315,null
"2020-06-19T17:04:31.000Z",45.701618,5.88352,8.25,11.5,14,315,null
"2020-06-19T17:08:34.000Z",45.701618,5.88352,10,12.5,14.5,315,null
"2020-06-19T17:12:34.000Z",45.701618,5.88352,11,14,16.5,337.5,null
"2020-06-19T17:16:34.000Z",45.701618,5.88352,10,13,15,337.5,null
"2020-06-19T17:20:38.000Z",45.701618,5.88352,8.75,11,14,315,null
"2020-06-19T17:24:38.000Z",45.701618,5.88352,7.25,10,12,315,null
"2020-06-19T17:28:38.000Z",45.701618,5.88352,7.25,10,14,337.5,null
"2020-06-19T17:32:42.000Z",45.701618,5.88352,6.5,10.5,13,0,null
"2020-06-19T17:36:42.000Z",45.701618,5.88352,7,9.75,13,0,null
"2020-06-19T17:40:42.000Z",45.701618,5.88352,8,9.75,11.5,337.5,null
"2020-06-19T17:44:46.000Z",45.701618,5.88352,8.25,12,18,337.5,null
"2020-06-19T17:48:46.000Z",45.701618,5.88352,12.5,15.5,20,337.5,null
"2020-06-19T17:52:46.000Z",45.701618,5.88352,14.5,17,20,315,null
"2020-06-19T17:56:50.000Z",45.701618,5.88352,13,16,18.5,337.5,null
"2020-06-19T18:00:50.000Z",45.701618,5.88352,10.5,13.5,16,337.5,null
"2020-06-19T18:04:50.000Z",45.701618,5.88352,11.5,14.5,17,315,null
"2020-06-19T18:08:55.000Z",45.701618,5.88352,12,15,16.5,337.5,null
"2020-06-19T18:12:55.000Z",45.701618,5.88352,11.5,14.5,16.5,337.5,null
"2020-06-19T18:16:55.000Z",45.701618,5.88352,10,15,17,337.5,null
"2020-06-19T18:20:58.000Z",45.701618,5.88352,13,15,17.5,337.5,null
"2020-06-19T18:24:58.000Z",45.701618,5.88352,11,14,15.5,337.5,null
"2020-06-19T18:28:58.000Z",45.701618,5.88352,11,14,16.5,337.5,null
"2020-06-19T18:33:03.000Z",45.701618,5.88352,11,13.5,16.5,337.5,null
"2020-06-19T18:37:03.000Z",45.701618,5.88352,11,14.5,17.5,337.5,null
"2020-06-19T18:41:03.000Z",45.701618,5.88352,11,14,16.5,337.5,null
"2020-06-19T18:45:07.000Z",45.701618,5.88352,10.5,13,15.5,337.5,null
"2020-06-19T18:49:07.000Z",45.701618,5.88352,9.5,13,15,337.5,null
"2020-06-19T18:53:07.000Z",45.701618,5.88352,12,14.5,17.5,315,null
"2020-06-19T18:57:11.000Z",45.701618,5.88352,9.5,14,18,315,null
"2020-06-19T19:01:11.000Z",45.701618,5.88352,10,14,19,337.5,null
"2020-06-19T19:05:11.000Z",45.701618,5.88352,9.75,13.5,19,337.5,null
"2020-06-19T19:09:15.000Z",45.701618,5.88352,8.25,12,16.5,337.5,null
"2020-06-19T19:13:15.000Z",45.701618,5.88352,12,15.5,18,337.5,null
"2020-06-19T19:17:15.000Z",45.701618,5.88352,12,14.5,18,337.5,null
"2020-06-19T19:21:19.000Z",45.701618,5.88352,13.5,17,20,337.5,null
"2020-06-19T19:25:19.000Z",45.701618,5.88352,12,16.5,19.5,337.5,null
"2020-06-19T19:29:19.000Z",45.701618,5.88352,11.5,16.5,20,337.5,null
"2020-06-19T19:33:23.000Z",45.701618,5.88352,12,16.5,19,337.5,null
"2020-06-19T19:37:23.000Z",45.701618,5.88352,12.5,16,19.5,337.5,null
"2020-06-19T19:41:23.000Z",45.701618,5.88352,12,15.5,18.5,337.5,null
"2020-06-19T19:45:27.000Z",45.701618,5.88352,9,13.5,18.5,337.5,null
"2020-06-19T19:49:27.000Z",45.701618,5.88352,8.75,11.5,16,337.5,null
"2020-06-19T19:53:27.000Z",45.701618,5.88352,8,11.5,14.5,337.5,null
"2020-06-19T19:57:31.000Z",45.701618,5.88352,2.5,8.75,14,0,null
"2020-06-19T20:01:31.000Z",45.701618,5.88352,0.25,4,7.25,45,null
"2020-06-19T20:05:31.000Z",45.701618,5.88352,2.5,5,9,45,null
"2020-06-19T20:09:35.000Z",45.701618,5.88352,2.75,6.5,11,45,null
"2020-06-19T20:13:35.000Z",45.701618,5.88352,1.75,6.5,10.5,45,null
"2020-06-19T20:17:35.000Z",45.701618,5.88352,2,5.25,8.25,67.5,null
"2020-06-19T20:21:39.000Z",45.701618,5.88352,4.5,6.5,8.25,45,null
"2020-06-19T20:25:39.000Z",45.701618,5.88352,2.75,4.75,7,45,null
"2020-06-19T20:29:39.000Z",45.701618,5.88352,2.75,6,8.75,45,null
"2020-06-19T20:33:43.000Z",45.701618,5.88352,3.5,5.75,9.75,45,null
"2020-06-19T20:37:43.000Z",45.701618,5.88352,3.25,5.5,8.25,67.5,null
"2020-06-19T20:41:43.000Z",45.701618,5.88352,3.25,5.25,9,45,null
"2020-06-19T20:45:47.000Z",45.701618,5.88352,2.75,7.5,12,45,null
"2020-06-19T20:49:47.000Z",45.701618,5.88352,3.75,7.25,10,22.5,null
"2020-06-19T20:53:47.000Z",45.701618,5.88352,3.75,6.25,11,22.5,null
"2020-06-19T20:57:51.000Z",45.701618,5.88352,1.75,5,9,45,null
"2020-06-19T21:01:51.000Z",45.701618,5.88352,2.5,5.25,8.75,0,null
"2020-06-19T21:05:51.000Z",45.701618,5.88352,4.25,7.25,9.5,0,null
"2020-06-19T21:09:56.000Z",45.701618,5.88352,6,7.5,9.75,0,null
"2020-06-19T21:13:56.000Z",45.701618,5.88352,3.5,5.75,8.75,0,null
"2020-06-19T21:17:56.000Z",45.701618,5.88352,2.5,5.25,7.25,22.5,null
"2020-06-19T21:21:59.000Z",45.701618,5.88352,4.75,7.5,12,22.5,null
"2020-06-19T21:25:59.000Z",45.701618,5.88352,3.75,7.25,10.5,22.5,null
"2020-06-19T21:29:59.000Z",45.701618,5.88352,2.5,5.25,8.25,22.5,null
"2020-06-19T21:34:03.000Z",45.701618,5.88352,4.25,7.25,11,22.5,null
"2020-06-19T21:38:03.000Z",45.701618,5.88352,5.25,8,10.5,22.5,null
"2020-06-19T21:42:03.000Z",45.701618,5.88352,4.25,8.5,13,0,null
"2020-06-19T21:46:07.000Z",45.701618,5.88352,3.75,7.25,12,22.5,null
"2020-06-19T21:50:07.000Z",45.701618,5.88352,3.25,5.5,8.25,22.5,null
"2020-06-19T21:54:07.000Z",45.701618,5.88352,2.75,5.25,7,22.5,null
"2020-06-19T21:58:11.000Z",45.701618,5.88352,0.75,3.5,6.25,22.5,null
"2020-06-19T22:02:11.000Z",45.701618,5.88352,2.5,4.75,8,22.5,null
"2020-06-19T22:06:11.000Z",45.701618,5.88352,1.5,4.75,8,45,null
"2020-06-19T22:10:16.000Z",45.701618,5.88352,0.75,5.5,9.5,45,null
"2020-06-19T22:14:16.000Z",45.701618,5.88352,1.5,5.75,8,22.5,null
"2020-06-19T22:18:16.000Z",45.701618,5.88352,1.75,4,6.25,45,null
"2020-06-19T22:22:20.000Z",45.701618,5.88352,2,6.5,11.5,45,null
"2020-06-19T22:26:20.000Z",45.701618,5.88352,3.25,7,11.5,22.5,null
"2020-06-19T22:30:20.000Z",45.701618,5.88352,3.5,8.75,16.5,0,null
"2020-06-19T22:34:23.000Z",45.701618,5.88352,4.25,12,19,0,null
"2020-06-19T22:38:23.000Z",45.701618,5.88352,6,12.5,17.5,0,null
"2020-06-19T22:42:23.000Z",45.701618,5.88352,2.75,7.25,13,22.5,null
"2020-06-19T22:46:28.000Z",45.701618,5.88352,4.5,7.5,15,67.5,null
"2020-06-19T22:50:28.000Z",45.701618,5.88352,3.25,5.5,11,67.5,null
"2020-06-19T22:54:28.000Z",45.701618,5.88352,4.25,5.75,8,67.5,null
"2020-06-19T22:58:32.000Z",45.701618,5.88352,3.5,6,8.25,67.5,null
"2020-06-19T23:02:32.000Z",45.701618,5.88352,2.75,5.5,8,90,null
"2020-06-19T23:06:32.000Z",45.701618,5.88352,4.25,5.75,8.25,90,null
"2020-06-19T23:10:35.000Z",45.701618,5.88352,3.75,6.75,9.5,90,null
"2020-06-19T23:14:35.000Z",45.701618,5.88352,2.75,5.5,9,67.5,null
"2020-06-19T23:18:35.000Z",45.701618,5.88352,2.75,6.75,11,67.5,null
"2020-06-19T23:22:40.000Z",45.701618,5.88352,3.75,6.5,9.75,67.5,null
"2020-06-19T23:26:40.000Z",45.701618,5.88352,2.5,6.25,11,90,null
"2020-06-19T23:30:40.000Z",45.701618,5.88352,0,2.75,6,67.5,null
"2020-06-19T23:38:37.000Z",45.70166,5.883589,1.75,5,7.75,90,null
"2020-06-19T23:42:37.000Z",45.70166,5.883589,3.75,5.75,8,90,null
"2020-06-19T23:46:37.000Z",45.70166,5.883589,2.75,5.25,8,67.5,null
"2020-06-19T23:50:42.000Z",45.70166,5.883589,1.5,3,7.75,67.5,null
"2020-06-19T23:54:42.000Z",45.70166,5.883589,1,2.75,5.25,45,null
"2020-06-19T23:58:42.000Z",45.70166,5.883589,1,2.75,6,337.5,null
"2020-06-20T00:02:45.000Z",45.70166,5.883589,3.75,8.5,13,337.5,null
"2020-06-20T00:06:45.000Z",45.70166,5.883589,8,11,13,337.5,null
"2020-06-20T00:10:45.000Z",45.70166,5.883589,10,12,13.5,337.5,null
"2020-06-20T00:02:45.000Z",45.70166,5.883589,3.75,8.5,13,337.5,null
"2020-06-20T00:06:45.000Z",45.70166,5.883589,8,11,13,337.5,null
"2020-06-20T00:10:45.000Z",45.70166,5.883589,10,12,13.5,337.5,null
"2020-06-20T00:14:50.000Z",45.70166,5.883589,5.25,9.25,12,0,null
"2020-06-20T00:18:50.000Z",45.70166,5.883589,4.25,7,9.5,0,null
"2020-06-20T00:22:50.000Z",45.70166,5.883589,1,5.5,10.5,0,null
"2020-06-20T00:27:30.000Z",45.70166,5.883589,0,2,6.5,0,null
"2020-06-20T00:31:30.000Z",45.70166,5.883589,0,1.5,5.5,45,null
"2020-06-20T00:35:30.000Z",45.701831,5.883687,1,4,8.25,45,null
"2020-06-20T00:39:34.000Z",45.701831,5.883687,1,4.5,9,45,null
"2020-06-20T00:43:34.000Z",45.701831,5.883687,0.75,4,6.5,67.5,null
"2020-06-20T00:47:34.000Z",45.701831,5.883687,0,1.25,3.75,67.5,null
"2020-06-20T00:51:38.000Z",45.701831,5.883687,0,2.75,4.5,157.5,null
"2020-06-20T00:55:38.000Z",45.701831,5.883687,1.5,2.75,3.75,157.5,null
"2020-06-20T00:59:38.000Z",45.701831,5.883687,1,2.5,3.75,157.5,null
"2020-06-20T01:03:42.000Z",45.701831,5.883687,0.25,2,4,90,null
"2020-06-20T01:07:42.000Z",45.701831,5.883687,0,2.5,4.75,67.5,null
"2020-06-20T01:11:42.000Z",45.701831,5.883687,2,3.25,5.25,90,null
"2020-06-20T01:15:46.000Z",45.701831,5.883687,0.25,2.5,3.75,112.5,null
"2020-06-20T01:19:46.000Z",45.701831,5.883687,0.25,2,3.75,90,null
"2020-06-20T01:23:46.000Z",45.701831,5.883687,1,2.5,4.25,112.5,null
"2020-06-20T01:27:50.000Z",45.701831,5.883687,2,3.25,4.5,112.5,null
"2020-06-20T01:31:50.000Z",45.701831,5.883687,1.75,3.75,6.25,112.5,null
"2020-06-20T01:35:50.000Z",45.701831,5.883687,2.5,4,6,112.5,null
"2020-06-20T01:39:55.000Z",45.701831,5.883687,2.5,4,6.25,112.5,null
"2020-06-20T01:43:55.000Z",45.701831,5.883687,2.75,4.25,6,90,null
"2020-06-20T01:47:55.000Z",45.701831,5.883687,2.75,4.75,6.5,90,null
"2020-06-20T01:51:58.000Z",45.701831,5.883687,1.75,4.5,8.25,90,null
"2020-06-20T01:55:58.000Z",45.701831,5.883687,0.75,4.25,7.75,90,null
"2020-06-20T01:59:58.000Z",45.701831,5.883687,2,4.25,6,90,null
"2020-06-20T02:04:02.000Z",45.701831,5.883687,2.5,4.25,6,90,null
"2020-06-20T02:08:02.000Z",45.701831,5.883687,2.75,5,7.75,90,null
"2020-06-20T02:12:02.000Z",45.701831,5.883687,3.75,6,8,90,null
"2020-06-20T02:16:06.000Z",45.701831,5.883687,1.5,3.75,7,90,null
"2020-06-20T02:20:06.000Z",45.701831,5.883687,2.5,4.75,7.25,90,null
"2020-06-20T02:24:06.000Z",45.701831,5.883687,0.75,3,5.5,90,null
"2020-06-20T02:28:10.000Z",45.701831,5.883687,2,3.5,4.75,112.5,null
"2020-06-20T02:32:10.000Z",45.701831,5.883687,0.75,3.25,4.75,90,null
"2020-06-20T02:36:10.000Z",45.701831,5.883687,1.5,3.25,4.5,90,null
"2020-06-20T02:40:14.000Z",45.701831,5.883687,0.75,2.75,4.5,90,null
"2020-06-20T02:44:14.000Z",45.701831,5.883687,1.75,2.5,3.5,67.5,null
"2020-06-20T02:48:14.000Z",45.701831,5.883687,2.5,3.25,4.25,90,null
"2020-06-20T02:52:18.000Z",45.701831,5.883687,0,2.5,3.75,90,null
"2020-06-20T02:56:18.000Z",45.701831,5.883687,0,0.5,1.5,112.5,null
"2020-06-20T03:00:18.000Z",45.701831,5.883687,0,3.75,6.25,90,null
"2020-06-20T03:04:22.000Z",45.701831,5.883687,3.75,6,8.25,90,null
"2020-06-20T03:08:22.000Z",45.701831,5.883687,3.25,6,9,90,null
"2020-06-20T03:12:22.000Z",45.701831,5.883687,4.25,6.25,8.25,90,null
"2020-06-20T03:16:27.000Z",45.701831,5.883687,2.5,4.25,7.25,112.5,null
"2020-06-20T03:20:27.000Z",45.701831,5.883687,2.75,4.75,7.75,90,null
"2020-06-20T03:24:27.000Z",45.701831,5.883687,3.5,4.75,6.5,112.5,null
"2020-06-20T03:16:27.000Z",45.701831,5.883687,2.5,4.25,7.25,112.5,null
"2020-06-20T03:20:27.000Z",45.701831,5.883687,2.75,4.75,7.75,90,null
"2020-06-20T03:24:27.000Z",45.701831,5.883687,3.5,4.75,6.5,112.5,null
"2020-06-20T03:28:30.000Z",45.701831,5.883687,2.75,3.75,6,112.5,null
"2020-06-20T03:32:30.000Z",45.701831,5.883687,1.5,3.5,5.25,112.5,null
"2020-06-20T03:36:30.000Z",45.701831,5.883687,1.5,3.5,5.25,112.5,null
"2020-06-20T03:40:35.000Z",45.701831,5.883687,1.75,3.75,5.5,112.5,null
"2020-06-20T03:44:35.000Z",45.701831,5.883687,2,3.75,6.25,90,null
"2020-06-20T03:48:35.000Z",45.701831,5.883687,2.75,5,7,90,null
"2020-06-20T03:52:39.000Z",45.701831,5.883687,2.5,4.5,6.5,90,null
"2020-06-20T03:56:39.000Z",45.701831,5.883687,2.75,4.25,6.25,90,null
"2020-06-20T04:00:39.000Z",45.701831,5.883687,1.75,3.75,5.5,112.5,null
"2020-06-20T04:04:43.000Z",45.701831,5.883687,2.5,4.25,5.5,112.5,null
"2020-06-20T04:08:43.000Z",45.701831,5.883687,2.75,3.75,4.5,112.5,null
"2020-06-20T04:12:43.000Z",45.701831,5.883687,2,4,6.5,112.5,null
"2020-06-20T04:16:47.000Z",45.701831,5.883687,1.5,4,6,90,null
"2020-06-20T04:20:47.000Z",45.701831,5.883687,1.75,3.25,4.25,90,null
"2020-06-20T04:24:47.000Z",45.701831,5.883687,1.75,3.75,6,90,null
"2020-06-20T04:28:50.000Z",45.701831,5.883687,1,4,6.25,90,null
"2020-06-20T04:32:50.000Z",45.701831,5.883687,2,4,6,90,null
"2020-06-20T04:36:50.000Z",45.701831,5.883687,0.75,2.25,3.75,112.5,null
"2020-06-20T04:40:54.000Z",45.701831,5.883687,1,2.75,3.75,90,null
"2020-06-20T04:44:54.000Z",45.701831,5.883687,2,3.25,4.25,90,null
"2020-06-20T04:48:54.000Z",45.701831,5.883687,0.75,2,3.5,90,null
"2020-06-20T04:52:59.000Z",45.701831,5.883687,0,2,5.25,112.5,null
"2020-06-20T04:56:59.000Z",45.701831,5.883687,0.75,2.75,4.75,112.5,null
"2020-06-20T05:00:59.000Z",45.701831,5.883687,1.75,4.25,6.25,90,null
"2020-06-20T05:05:03.000Z",45.701831,5.883687,1.75,3.5,5.5,90,null
"2020-06-20T05:09:03.000Z",45.701831,5.883687,1,3,5.25,90,null
"2020-06-20T05:13:03.000Z",45.701831,5.883687,2,3.25,4.75,90,null
"2020-06-20T05:17:07.000Z",45.701831,5.883687,0.75,2,3.5,90,null
"2020-06-20T05:21:07.000Z",45.701831,5.883687,1.5,2.5,3.75,90,null
"2020-06-20T05:25:07.000Z",45.701831,5.883687,1.75,3.25,4.5,90,null
"2020-06-20T05:29:11.000Z",45.701831,5.883687,1.75,3,5.25,90,null
"2020-06-20T05:33:11.000Z",45.701831,5.883687,1,3.5,6,90,null
"2020-06-20T05:37:11.000Z",45.701831,5.883687,0.75,3.5,5.5,90,null
"2020-06-20T05:41:15.000Z",45.701831,5.883687,0.25,2.75,4.5,112.5,null
"2020-06-20T05:45:15.000Z",45.701831,5.883687,1,3,4.75,135,null
"2020-06-20T05:49:15.000Z",45.701831,5.883687,0.75,2.25,4.5,135,null
"2020-06-20T05:53:19.000Z",45.701831,5.883687,0,2.25,4.25,135,null
"2020-06-20T05:57:19.000Z",45.701831,5.883687,0,1.75,5.25,180,null
"2020-06-20T06:01:19.000Z",45.701831,5.883687,1,4,6.25,202.5,null
"2020-06-20T06:05:23.000Z",45.701831,5.883687,0.25,4.5,6.5,202.5,null
"2020-06-20T06:09:23.000Z",45.701831,5.883687,2.75,5,7.25,202.5,null
"2020-06-20T06:13:23.000Z",45.701831,5.883687,2.5,5.5,7.25,202.5,null
"2020-06-20T06:17:27.000Z",45.701831,5.883687,3.25,5,6.5,225,null
"2020-06-20T06:21:27.000Z",45.701831,5.883687,3.25,5,7.25,202.5,null
"2020-06-20T06:25:27.000Z",45.701831,5.883687,2.75,4.75,6.5,202.5,null
"2020-06-20T06:29:31.000Z",45.701831,5.883687,0.75,4,6.5,202.5,null
"2020-06-20T06:33:31.000Z",45.701831,5.883687,2,5,6.5,225,null
"2020-06-20T06:37:31.000Z",45.701831,5.883687,2.75,4.5,6,225,null
"2020-06-20T06:41:36.000Z",45.701831,5.883687,0.75,2.75,5.25,225,null
"2020-06-20T06:45:36.000Z",45.701831,5.883687,1.5,3,4.25,247.5,null
"2020-06-20T06:49:36.000Z",45.701831,5.883687,0,1.5,3.5,270,null
"2020-06-20T06:53:39.000Z",45.701831,5.883687,0.25,1.5,3.25,337.5,null
"2020-06-20T06:57:39.000Z",45.701831,5.883687,1.75,3.75,6.25,337.5,null
"2020-06-20T07:01:39.000Z",45.701831,5.883687,2,4.75,7.25,337.5,null
"2020-06-20T07:05:43.000Z",45.701831,5.883687,3.5,5.25,8,337.5,null
"2020-06-20T07:09:43.000Z",45.701831,5.883687,3.75,5.75,8.25,337.5,null
"2020-06-20T07:13:43.000Z",45.701831,5.883687,2.5,4.75,6.25,337.5,null
"2020-06-20T07:17:47.000Z",45.701831,5.883687,0.75,4.25,6.25,337.5,null
"2020-06-20T07:21:47.000Z",45.701831,5.883687,2.5,4,6.5,315,null
"2020-06-20T07:25:47.000Z",45.701831,5.883687,3.5,5.25,6.5,315,null
"2020-06-20T07:29:51.000Z",45.701831,5.883687,2.5,5.75,7.75,315,null
"2020-06-20T07:33:51.000Z",45.701831,5.883687,4.25,6.75,9,315,null
"2020-06-20T07:37:51.000Z",45.701831,5.883687,5.5,7.25,9.75,315,null
"2020-06-20T07:41:55.000Z",45.701831,5.883687,6.25,8.25,10.5,315,null
"2020-06-20T07:45:55.000Z",45.701831,5.883687,6,8.25,10,315,null
"2020-06-20T07:49:55.000Z",45.701831,5.883687,7.75,8.75,10.5,337.5,null
"2020-06-20T07:54:00.000Z",45.701831,5.883687,7.25,9.25,12,337.5,null
"2020-06-20T07:58:00.000Z",45.701831,5.883687,7.75,9.75,12,315,null
"2020-06-20T08:02:00.000Z",45.701831,5.883687,8,10,11.5,337.5,null
"2020-06-20T08:06:03.000Z",45.701831,5.883687,7,9.25,12,337.5,null
"2020-06-20T08:10:03.000Z",45.701831,5.883687,6.5,8.5,10,337.5,null
"2020-06-20T08:14:03.000Z",45.701831,5.883687,8,9.5,12,315,null
"2020-06-20T08:18:08.000Z",45.701831,5.883687,8.75,10.5,12,315,null
"2020-06-20T08:22:08.000Z",45.701831,5.883687,8.75,10.5,12,315,null
"2020-06-20T08:26:08.000Z",45.701831,5.883687,8.75,11,12.5,315,null
"2020-06-20T08:30:12.000Z",45.701831,5.883687,9,11,12,337.5,null
"2020-06-20T08:34:12.000Z",45.701831,5.883687,8,10,11.5,337.5,null
"2020-06-20T08:38:12.000Z",45.701831,5.883687,9,10.5,12,337.5,null
"2020-06-20T08:42:16.000Z",45.701831,5.883687,10,12,13.5,315,null
"2020-06-20T08:46:16.000Z",45.701831,5.883687,9.75,12.5,14.5,337.5,null
"2020-06-20T08:50:16.000Z",45.701831,5.883687,10.5,13.5,15,337.5,null
"2020-06-20T08:54:19.000Z",45.701831,5.883687,12,13.5,15,337.5,null
"2020-06-20T08:58:19.000Z",45.701831,5.883687,12,13.5,15.5,337.5,null
"2020-06-20T09:02:19.000Z",45.701831,5.883687,11,13.5,14.5,337.5,null
"2020-06-20T09:06:24.000Z",45.701831,5.883687,11.5,13.5,15,337.5,null
"2020-06-20T09:10:24.000Z",45.701831,5.883687,9.75,12.5,14.5,337.5,null
"2020-06-20T09:14:24.000Z",45.701831,5.883687,9,11,13,337.5,null
"2020-06-20T09:18:28.000Z",45.701831,5.883687,10.5,12,13,337.5,null
"2020-06-20T09:22:28.000Z",45.701831,5.883687,9.5,11.5,13,337.5,null
"2020-06-20T09:26:28.000Z",45.701831,5.883687,9.75,12,14.5,337.5,null
"2020-06-20T09:30:31.000Z",45.701831,5.883687,11.5,13.5,15.5,337.5,null
"2020-06-20T09:34:31.000Z",45.701831,5.883687,11,13,15,337.5,null
"2020-06-20T09:38:31.000Z",45.701831,5.883687,10.5,12,14,337.5,null
"2020-06-20T09:42:36.000Z",45.701831,5.883687,9.75,12,13.5,337.5,null
"2020-06-20T09:46:36.000Z",45.701831,5.883687,10.5,12,13.5,337.5,null
"2020-06-20T09:50:36.000Z",45.701831,5.883687,8.75,11,12.5,337.5,null
"2020-06-20T09:54:40.000Z",45.701831,5.883687,9,11,12,337.5,null
"2020-06-20T09:58:40.000Z",45.701831,5.883687,8,9.75,11,337.5,null
"2020-06-20T10:02:40.000Z",45.701831,5.883687,8.25,10.5,12,337.5,null
"2020-06-20T10:06:44.000Z",45.701831,5.883687,7.25,10,12,337.5,null
"2020-06-20T10:10:44.000Z",45.701831,5.883687,8.25,11,13,337.5,null
"2020-06-20T10:14:44.000Z",45.701831,5.883687,8.75,10.5,12.5,337.5,null
"2020-06-20T10:18:48.000Z",45.701831,5.883687,8.75,11,14,337.5,null
"2020-06-20T10:22:48.000Z",45.701831,5.883687,8.25,10.5,13,337.5,null
"2020-06-20T10:26:48.000Z",45.701831,5.883687,8.25,10,12,337.5,null
"2020-06-20T10:30:52.000Z",45.701831,5.883687,9,11,13.5,337.5,null
"2020-06-20T10:34:52.000Z",45.701831,5.883687,9,11,13,337.5,null
"2020-06-20T10:38:52.000Z",45.701831,5.883687,8.75,10,12.5,0,null
"2020-06-20T10:42:56.000Z",45.701831,5.883687,9.75,11.5,13,0,null
"2020-06-20T10:46:56.000Z",45.701831,5.883687,9,12,14.5,0,null
"2020-06-20T10:50:56.000Z",45.701831,5.883687,9,12,14,337.5,null
"2020-06-20T10:55:00.000Z",45.701831,5.883687,7.25,9.5,12,0,null
"2020-06-20T10:59:00.000Z",45.701831,5.883687,7.75,9.25,11,0,null
"2020-06-20T11:03:00.000Z",45.701831,5.883687,7.25,10.5,13,0,null
"2020-06-20T11:07:04.000Z",45.701831,5.883687,7.75,9.5,11,0,null
"2020-06-20T11:11:04.000Z",45.701831,5.883687,8,10.5,12.5,0,null
"2020-06-20T11:15:04.000Z",45.701831,5.883687,9,10.5,12.5,0,null
"2020-06-20T11:19:09.000Z",45.701831,5.883687,7.25,9.75,12.5,0,null
"2020-06-20T11:23:09.000Z",45.701831,5.883687,8,9.5,10.5,337.5,null
"2020-06-20T11:27:09.000Z",45.701831,5.883687,7.25,9,10.5,0,null
"2020-06-20T11:31:13.000Z",45.701831,5.883687,7.75,9,10.5,337.5,null
"2020-06-20T11:35:13.000Z",45.701831,5.883687,7,8.75,9.75,337.5,null
"2020-06-20T11:39:13.000Z",45.701831,5.883687,7,9,11,0,null
"2020-06-20T11:43:16.000Z",45.701831,5.883687,8,9.75,11,0,null
"2020-06-20T11:47:16.000Z",45.701831,5.883687,5.25,8.5,10,0,null
"2020-06-20T11:51:16.000Z",45.701831,5.883687,7,9.25,12,337.5,null
"2020-06-20T11:55:21.000Z",45.701831,5.883687,8,11,13,337.5,null
"2020-06-20T11:59:21.000Z",45.701831,5.883687,8.25,11.5,14.5,337.5,null
"2020-06-20T12:03:21.000Z",45.701831,5.883687,8,11,14,337.5,null
"2020-06-20T12:07:24.000Z",45.701831,5.883687,11,13,15,337.5,null
"2020-06-20T12:11:24.000Z",45.701831,5.883687,11,13,15,337.5,null
"2020-06-20T12:15:24.000Z",45.701831,5.883687,9.5,11.5,13,337.5,null
"2020-06-20T12:19:29.000Z",45.701831,5.883687,9.75,11.5,14.5,337.5,null
"2020-06-20T12:23:29.000Z",45.701831,5.883687,8.75,12,15.5,337.5,null
"2020-06-20T12:27:29.000Z",45.701831,5.883687,10.5,14.5,16.5,337.5,null
"2020-06-20T12:31:32.000Z",45.701831,5.883687,11.5,14.5,16.5,337.5,null
"2020-06-20T12:35:32.000Z",45.701831,5.883687,11,13,14.5,337.5,null
"2020-06-20T12:39:32.000Z",45.701831,5.883687,7.75,10,13.5,337.5,null
"2020-06-20T12:43:37.000Z",45.701831,5.883687,8,9.75,11,337.5,null
"2020-06-20T12:47:37.000Z",45.701831,5.883687,8.25,9.75,11,337.5,null
"2020-06-20T12:51:37.000Z",45.701831,5.883687,8.25,10,12.5,337.5,null
"2020-06-20T12:55:41.000Z",45.701831,5.883687,8.25,10,11.5,337.5,null
"2020-06-20T12:59:41.000Z",45.701831,5.883687,8,10,11.5,337.5,null
"2020-06-20T13:03:41.000Z",45.701831,5.883687,7.75,9.75,12.5,337.5,null
"2020-06-20T13:07:45.000Z",45.701831,5.883687,6,9.25,12.5,0,null
"2020-06-20T13:11:45.000Z",45.701831,5.883687,7.75,10,14,337.5,null
"2020-06-20T13:15:45.000Z",45.701831,5.883687,7.25,9.5,12.5,337.5,null
"2020-06-20T13:19:49.000Z",45.701831,5.883687,9.5,12.5,14.5,0,null
"2020-06-20T13:23:49.000Z",45.701831,5.883687,8.25,10.5,13,337.5,null
"2020-06-20T13:27:49.000Z",45.701831,5.883687,8.75,10.5,11.5,337.5,null
"2020-06-20T13:31:53.000Z",45.701831,5.883687,6.5,8.75,11,337.5,null
"2020-06-20T13:35:53.000Z",45.701831,5.883687,6.25,8.5,10.5,337.5,null
"2020-06-20T13:39:53.000Z",45.701831,5.883687,6,7.25,8.75,337.5,null
"2020-06-20T13:43:57.000Z",45.701831,5.883687,7.75,10.5,14,315,null
"2020-06-20T13:47:57.000Z",45.701831,5.883687,8.25,12,15.5,315,null
"2020-06-20T13:51:57.000Z",45.701831,5.883687,12,14.5,16.5,337.5,null
"2020-06-20T13:56:01.000Z",45.701831,5.883687,12,14.5,17,337.5,null
"2020-06-20T14:00:01.000Z",45.701831,5.883687,10,13,15.5,337.5,null
"2020-06-20T14:04:01.000Z",45.701831,5.883687,8,11,14.5,337.5,null
"2020-06-20T14:08:05.000Z",45.701831,5.883687,11,13,14.5,337.5,null
"2020-06-20T14:12:05.000Z",45.701831,5.883687,9.5,12,14.5,337.5,null
"2020-06-20T14:16:05.000Z",45.701831,5.883687,9,12,14.5,337.5,null
"2020-06-20T14:20:09.000Z",45.701831,5.883687,8.75,11,13,315,null
"2020-06-20T14:24:09.000Z",45.701831,5.883687,8.25,9.75,11,315,null
"2020-06-20T14:28:09.000Z",45.701831,5.883687,8,9.5,11,315,null
"2020-06-20T14:32:13.000Z",45.701831,5.883687,7.75,9,10,337.5,null
"2020-06-20T14:36:13.000Z",45.701831,5.883687,6.25,7.75,9,337.5,null
"2020-06-20T14:40:13.000Z",45.701831,5.883687,5.5,7,9,337.5,null
"2020-06-20T14:44:17.000Z",45.701831,5.883687,8.5,10.5,12,337.5,null
"2020-06-20T14:48:17.000Z",45.701831,5.883687,8.25,10.5,12,337.5,null
"2020-06-20T14:52:17.000Z",45.701831,5.883687,8.25,10.5,12,337.5,null
"2020-06-20T14:56:21.000Z",45.701831,5.883687,8.75,9.75,11,337.5,null
"2020-06-20T15:00:21.000Z",45.701831,5.883687,7.25,8.25,9.75,337.5,null
"2020-06-20T15:04:21.000Z",45.701831,5.883687,7,8.25,9.75,337.5,null
"2020-06-20T15:08:25.000Z",45.701831,5.883687,6.25,8.25,9,337.5,null
"2020-06-20T15:12:25.000Z",45.701831,5.883687,7,8.25,9,315,null
"2020-06-20T15:16:25.000Z",45.701831,5.883687,6.25,7.75,9.75,315,null
"2020-06-20T15:20:29.000Z",45.701831,5.883687,7.25,9.5,12,315,null
"2020-06-20T15:24:29.000Z",45.701831,5.883687,9.5,11,13,337.5,null
"2020-06-20T15:28:29.000Z",45.701831,5.883687,8.25,10,12,315,null
"2020-06-20T15:32:33.000Z",45.701831,5.883687,8.75,10.5,13,315,null
"2020-06-20T15:36:33.000Z",45.701831,5.883687,9.5,11,12,315,null
"2020-06-20T15:40:33.000Z",45.701831,5.883687,9,12.5,16.5,315,null
"2020-06-20T15:44:37.000Z",45.701831,5.883687,11.5,14.5,17.5,337.5,null
"2020-06-20T15:48:37.000Z",45.701831,5.883687,11,13,15.5,315,null
"2020-06-20T15:52:37.000Z",45.701831,5.883687,11,13,15.5,315,null
"2020-06-20T15:56:41.000Z",45.701831,5.883687,10.5,13.5,16.5,315,null
"2020-06-20T16:00:41.000Z",45.701831,5.883687,11,13,16,315,null
"2020-06-20T16:04:41.000Z",45.701831,5.883687,10,13,16.5,337.5,null
"2020-06-20T16:08:45.000Z",45.701831,5.883687,11.5,14,16.5,337.5,null
"2020-06-20T16:12:45.000Z",45.701831,5.883687,11.5,14,16.5,337.5,null
"2020-06-20T16:16:45.000Z",45.701831,5.883687,11,13,15.5,337.5,null
"2020-06-20T16:20:49.000Z",45.701831,5.883687,10.5,12.5,14.5,337.5,null
"2020-06-20T16:24:49.000Z",45.701831,5.883687,11,12,13.5,337.5,null
"2020-06-20T16:28:49.000Z",45.701831,5.883687,9.5,11,12.5,337.5,null
"2020-06-20T16:32:54.000Z",45.701831,5.883687,9,11,12,337.5,null
"2020-06-20T16:36:54.000Z",45.701831,5.883687,8.25,10,12,337.5,null
"2020-06-20T16:40:54.000Z",45.701831,5.883687,9,10.5,12,337.5,null
"2020-06-20T16:44:57.000Z",45.701831,5.883687,9.75,11.5,12.5,337.5,null
"2020-06-20T16:48:57.000Z",45.701831,5.883687,9.75,11.5,13.5,337.5,null
"2020-06-20T16:52:57.000Z",45.701831,5.883687,10.5,12.5,16,315,null
"2020-06-20T16:57:02.000Z",45.701831,5.883687,11.5,15,17.5,315,null
"2020-06-20T17:01:02.000Z",45.701831,5.883687,11,15,18,337.5,null
"2020-06-20T17:05:02.000Z",45.701831,5.883687,12,14,15.5,315,null
"2020-06-20T17:09:06.000Z",45.701831,5.883687,12,13.5,15,315,null
"2020-06-20T17:13:06.000Z",45.701831,5.883687,11,13,14.5,315,null
"2020-06-20T17:17:06.000Z",45.701831,5.883687,9,11.5,14.5,315,null
"2020-06-20T17:21:09.000Z",45.701831,5.883687,10,12,13,315,null
"2020-06-20T17:25:09.000Z",45.701831,5.883687,9.75,11.5,13,315,null
"2020-06-20T17:29:09.000Z",45.701831,5.883687,9.5,11.5,13,315,null
"2020-06-20T17:33:14.000Z",45.701831,5.883687,9.75,11,13,315,null
"2020-06-20T17:37:14.000Z",45.701831,5.883687,9.75,12,14.5,315,null
"2020-06-20T17:41:14.000Z",45.701831,5.883687,9,11,12.5,315,null
"2020-06-20T17:45:18.000Z",45.701831,5.883687,9,10.5,11.5,315,null
"2020-06-20T17:49:18.000Z",45.701831,5.883687,8.75,9.75,11.5,315,null
"2020-06-20T17:53:18.000Z",45.701831,5.883687,9,10,11.5,315,null
"2020-06-20T17:57:22.000Z",45.701831,5.883687,8.75,9.75,11,315,null
"2020-06-20T18:01:22.000Z",45.701831,5.883687,8,9.75,11,315,null
"2020-06-20T18:05:22.000Z",45.701831,5.883687,7.75,9.25,11,315,null
"2020-06-20T18:09:26.000Z",45.701831,5.883687,7.75,9,9.75,315,null
"2020-06-20T18:13:26.000Z",45.701831,5.883687,8.75,10,12,315,null
"2020-06-20T18:17:26.000Z",45.701831,5.883687,7,9,10.5,315,null
"2020-06-20T18:21:30.000Z",45.701831,5.883687,7.25,9.5,11,315,null
"2020-06-20T18:25:30.000Z",45.701831,5.883687,6.5,8.5,10,337.5,null
"2020-06-20T18:29:30.000Z",45.701831,5.883687,7,9.25,12,337.5,null
"2020-06-20T18:33:34.000Z",45.701831,5.883687,7.25,9.5,12,315,null
"2020-06-20T18:37:34.000Z",45.701831,5.883687,7.75,9.5,11,337.5,null
"2020-06-20T18:41:34.000Z",45.701831,5.883687,6.25,9.75,12,315,null
"2020-06-20T18:45:38.000Z",45.701831,5.883687,7.75,9.75,12,315,null
"2020-06-20T18:49:38.000Z",45.701831,5.883687,8.75,11,13.5,315,null
"2020-06-20T18:53:38.000Z",45.701831,5.883687,9,11,13,315,null
"2020-06-20T18:57:42.000Z",45.701831,5.883687,4.75,9,12,337.5,null
"2020-06-20T19:01:42.000Z",45.701831,5.883687,4.75,8,13.5,337.5,null
"2020-06-20T19:05:42.000Z",45.701831,5.883687,6.5,10,17,337.5,null
"2020-06-20T19:09:45.000Z",45.701831,5.883687,10.5,14,17.5,315,null
"2020-06-20T19:13:45.000Z",45.701831,5.883687,6.5,12,18,337.5,null
"2020-06-20T19:17:45.000Z",45.701831,5.883687,8.75,13.5,17,337.5,null
"2020-06-20T19:21:50.000Z",45.701831,5.883687,8.25,13,17.5,315,null
"2020-06-20T19:25:50.000Z",45.701831,5.883687,9.5,12.5,15.5,315,null
"2020-06-20T19:29:50.000Z",45.701831,5.883687,8.25,11,15.5,337.5,null
"2020-06-20T19:33:54.000Z",45.701831,5.883687,3.25,7.75,12.5,337.5,null
"2020-06-20T19:37:54.000Z",45.701831,5.883687,1.75,4.25,9,0,null
"2020-06-20T19:41:54.000Z",45.701831,5.883687,3.5,7.25,12,0,null
"2020-06-20T19:45:58.000Z",45.701831,5.883687,2.5,4.5,8.75,0,null
"2020-06-20T19:49:58.000Z",45.701831,5.883687,2,4.5,7,0,null
"2020-06-20T19:53:58.000Z",45.701831,5.883687,0.25,2.75,5.25,45,null
"2020-06-20T19:58:02.000Z",45.701831,5.883687,0.25,3,6.5,22.5,null
"2020-06-20T20:02:02.000Z",45.701831,5.883687,0,4.5,9.5,22.5,null
"2020-06-20T20:06:02.000Z",45.701831,5.883687,0,5,10.5,45,null
"2020-06-20T20:10:06.000Z",45.701831,5.883687,2.75,5.5,8.75,67.5,null
"2020-06-20T20:14:06.000Z",45.701831,5.883687,2,4.75,7.25,67.5,null
"2020-06-20T20:18:06.000Z",45.701831,5.883687,4.5,7.25,12,45,null
"2020-06-20T20:22:10.000Z",45.701831,5.883687,0.75,5.75,10,45,null
"2020-06-20T20:26:10.000Z",45.701831,5.883687,0,5.25,12.5,22.5,null
"2020-06-20T20:30:10.000Z",45.701831,5.883687,0.75,5,8.75,90,null
"2020-06-20T20:34:14.000Z",45.701831,5.883687,1,4.75,7.75,90,null
"2020-06-20T20:38:14.000Z",45.701831,5.883687,3.25,5.5,9.75,45,null
"2020-06-20T20:42:14.000Z",45.701831,5.883687,1,2.25,4.5,45,null
"2020-06-20T20:46:18.000Z",45.701831,5.883687,2.75,4,6.25,22.5,null
"2020-06-20T20:50:18.000Z",45.701831,5.883687,0,2.5,6.25,22.5,null
"2020-06-20T20:54:18.000Z",45.701831,5.883687,2.75,5.25,7.25,22.5,null
"2020-06-20T20:58:22.000Z",45.701831,5.883687,1.75,4.5,7,45,null
"2020-06-20T21:02:22.000Z",45.701831,5.883687,2,4.5,8,22.5,null
"2020-06-20T21:06:22.000Z",45.701831,5.883687,1,3,6.5,22.5,null
"2020-06-20T21:10:26.000Z",45.701831,5.883687,0.75,3.25,5.25,22.5,null
"2020-06-20T21:14:26.000Z",45.701831,5.883687,1.5,3.25,5.25,45,null
"2020-06-20T21:18:26.000Z",45.701831,5.883687,2,3.25,4.5,45,null
"2020-06-20T21:22:31.000Z",45.701831,5.883687,0.25,2.75,4.5,45,null
"2020-06-20T21:26:31.000Z",45.701831,5.883687,0.75,2.25,3.75,67.5,null
"2020-06-20T21:30:31.000Z",45.701831,5.883687,2.75,3.75,4.75,90,null
"2020-06-20T21:34:35.000Z",45.701831,5.883687,2.5,4,5.5,67.5,null
"2020-06-20T21:38:35.000Z",45.701831,5.883687,1.75,3.75,7,45,null
"2020-06-20T21:42:35.000Z",45.701831,5.883687,1.5,4.25,7.25,45,null
"2020-06-20T21:46:38.000Z",45.701831,5.883687,2.75,5,8.75,22.5,null
"2020-06-20T21:50:38.000Z",45.701831,5.883687,1.75,4.5,9.5,45,null
"2020-06-20T21:54:38.000Z",45.701831,5.883687,1.5,5,8.75,45,null
"2020-06-20T21:58:42.000Z",45.701831,5.883687,2.5,5.75,11,45,null
"2020-06-20T22:02:42.000Z",45.701831,5.883687,3.25,6,8.25,67.5,null
"2020-06-20T22:06:42.000Z",45.701831,5.883687,3.25,6.25,9,67.5,null
"2020-06-20T22:10:46.000Z",45.701831,5.883687,1,5.75,8,90,null
"2020-06-20T22:14:46.000Z",45.701831,5.883687,3.5,5.5,7.75,67.5,null
"2020-06-20T22:18:46.000Z",45.701831,5.883687,2.75,6.5,10.5,67.5,null
"2020-06-20T22:22:51.000Z",45.701831,5.883687,2.5,5,9.75,45,null
"2020-06-20T22:26:51.000Z",45.701831,5.883687,0,3.25,7.25,45,null
"2020-06-20T22:30:51.000Z",45.701831,5.883687,1.5,3.5,7.75,45,null
"2020-06-20T22:34:54.000Z",45.701831,5.883687,1,5.25,10,45,null
"2020-06-20T22:38:54.000Z",45.701831,5.883687,1.75,4.75,7.75,67.5,null
"2020-06-20T22:42:54.000Z",45.701831,5.883687,2.5,5.25,9,67.5,null
"2020-06-20T22:46:58.000Z",45.701831,5.883687,2.75,5.25,8.75,67.5,null
"2020-06-20T22:50:58.000Z",45.701831,5.883687,3.25,6.25,12.5,67.5,null
"2020-06-20T22:54:58.000Z",45.701831,5.883687,4.5,6,9.5,90,null
"2020-06-20T23:11:06.000Z",45.701831,5.883687,3.5,5.75,9.75,45,null
"2020-06-20T23:15:06.000Z",45.701831,5.883687,2,4.5,6.25,67.5,null
"2020-06-20T23:19:06.000Z",45.701831,5.883687,2.5,5.25,8,67.5,null
"2020-06-20T23:23:10.000Z",45.701831,5.883687,4.5,6.25,8.75,67.5,null
"2020-06-20T23:27:10.000Z",45.701831,5.883687,3.5,5.5,7.75,67.5,null
"2020-06-20T23:31:10.000Z",45.701831,5.883687,4.25,6,9.75,67.5,null
"2020-06-20T23:39:14.000Z",45.70188,5.883394,0.75,4.75,7.75,22.5,null
"2020-06-20T23:43:14.000Z",45.70188,5.883394,2.5,4.5,7.25,45,null
"2020-06-20T23:47:14.000Z",45.70188,5.883394,3.25,4.75,6.25,67.5,null
"2020-06-20T23:51:18.000Z",45.70188,5.883394,1.75,4,8,67.5,null
"2020-06-20T23:55:18.000Z",45.70188,5.883394,2.5,4,6.5,45,null
"2020-06-20T23:59:18.000Z",45.70188,5.883394,1.5,4.25,8.75,45,null
"2020-06-21T00:03:22.000Z",45.70188,5.883394,1,3.5,6.25,22.5,null
"2020-06-21T00:07:22.000Z",45.70188,5.883394,0,2.25,4.75,67.5,null
"2020-06-21T00:11:22.000Z",45.70188,5.883394,2,3.75,6.5,45,null
"2020-06-21T00:15:26.000Z",45.70188,5.883394,1.5,3.5,6.25,45,null
"2020-06-21T00:19:26.000Z",45.70188,5.883394,3.25,5.75,10,45,null
"2020-06-21T00:23:26.000Z",45.70188,5.883394,1.75,4.25,7.25,22.5,null
"2020-06-21T00:28:22.000Z",45.70188,5.883394,1.75,5,9.5,22.5,null
"2020-06-21T00:32:22.000Z",45.70188,5.883394,2.5,5.25,8.75,22.5,null
"2020-06-21T00:36:22.000Z",45.701634,5.883403,1.75,4.75,8,22.5,null
"2020-06-21T00:40:26.000Z",45.701634,5.883403,1.75,4.5,10,22.5,null
"2020-06-21T00:44:26.000Z",45.701634,5.883403,2.75,7.75,10.5,22.5,null
"2020-06-21T00:48:26.000Z",45.701634,5.883403,3.75,7,11,22.5,null
"2020-06-21T00:52:30.000Z",45.701634,5.883403,2.75,5.5,9.5,45,null
"2020-06-21T00:56:30.000Z",45.701634,5.883403,1.5,4.25,6.5,45,null
"2020-06-21T01:00:30.000Z",45.701634,5.883403,0.25,3.25,6,67.5,null
"2020-06-21T01:04:34.000Z",45.701634,5.883403,0.75,3.75,6.25,90,null
"2020-06-21T01:08:34.000Z",45.701634,5.883403,0.75,2.5,4.75,67.5,null
"2020-06-21T01:12:34.000Z",45.701634,5.883403,0,0.75,2.5,67.5,null
"2020-06-21T01:16:38.000Z",45.701634,5.883403,0,0.5,2,112.5,null
"2020-06-21T01:20:38.000Z",45.701634,5.883403,0,0,0,180,null
"2020-06-21T01:24:38.000Z",45.701634,5.883403,0,0.5,1.75,157.5,null
"2020-06-21T01:28:42.000Z",45.701634,5.883403,0,2.25,4.75,157.5,null
"2020-06-21T01:32:42.000Z",45.701634,5.883403,0,3,4.75,157.5,null
"2020-06-21T01:36:42.000Z",45.701634,5.883403,0,2,4.25,157.5,null
"2020-06-21T01:40:46.000Z",45.701634,5.883403,0,1.5,4.75,157.5,null
"2020-06-21T01:44:46.000Z",45.701634,5.883403,0,1,3.5,67.5,null
"2020-06-21T01:48:46.000Z",45.701634,5.883403,0.75,2.5,4.5,67.5,null
"2020-06-21T01:52:50.000Z",45.701634,5.883403,0,1,2.75,67.5,null
"2020-06-21T01:56:50.000Z",45.701634,5.883403,0,2.25,3.75,90,null
"2020-06-21T02:00:50.000Z",45.701634,5.883403,0,2.5,9.5,45,null
"2020-06-21T02:04:54.000Z",45.701634,5.883403,0,2.5,6.5,45,null
"2020-06-21T02:08:54.000Z",45.701634,5.883403,0.25,3.25,6.25,45,null
"2020-06-21T02:12:54.000Z",45.701634,5.883403,0,2.25,5.5,0,null
"2020-06-21T02:16:58.000Z",45.701634,5.883403,0,2.25,8.75,337.5,null
"2020-06-21T02:20:58.000Z",45.701634,5.883403,0.75,4.5,9,22.5,null
"2020-06-21T02:24:58.000Z",45.701634,5.883403,1,3.75,10,0,null
"2020-06-21T02:29:02.000Z",45.701634,5.883403,7,9.25,11.5,337.5,null
"2020-06-21T02:33:02.000Z",45.701634,5.883403,8,11,14,337.5,null
"2020-06-21T02:37:02.000Z",45.701634,5.883403,1.75,6.25,14.5,45,null
"2020-06-21T02:41:06.000Z",45.701634,5.883403,3.5,6.5,9.75,45,null
"2020-06-21T02:45:06.000Z",45.701634,5.883403,0.25,2.75,7,45,null
"2020-06-21T02:49:06.000Z",45.701634,5.883403,1.5,3.5,5.5,67.5,null
"2020-06-21T02:53:10.000Z",45.701634,5.883403,0.75,3.5,7.75,22.5,null
"2020-06-21T02:57:10.000Z",45.701634,5.883403,6.25,8.75,11,0,null
"2020-06-21T03:01:10.000Z",45.701634,5.883403,6.25,9.75,12.5,337.5,null
"2020-06-21T03:05:15.000Z",45.701634,5.883403,8.25,11,13,337.5,null
"2020-06-21T03:09:15.000Z",45.701634,5.883403,7.25,9.5,11.5,337.5,null
"2020-06-21T03:13:15.000Z",45.701634,5.883403,6.5,9.25,12,337.5,null
"2020-06-21T03:17:18.000Z",45.701634,5.883403,7,8.75,11,337.5,null
"2020-06-21T03:21:18.000Z",45.701634,5.883403,7.25,9.75,12,337.5,null
"2020-06-21T03:25:18.000Z",45.701634,5.883403,5.25,9.25,11.5,337.5,null
"2020-06-21T03:29:22.000Z",45.701634,5.883403,0.75,5.5,8.25,0,null
"2020-06-21T03:33:22.000Z",45.701634,5.883403,2.5,4.75,7.75,0,null
"2020-06-21T03:37:22.000Z",45.701634,5.883403,3.25,6,9.75,0,null
"2020-06-21T03:41:27.000Z",45.701634,5.883403,1.75,5.75,13,0,null
"2020-06-21T03:45:27.000Z",45.701634,5.883403,3.5,10,13,337.5,null
"2020-06-21T03:49:27.000Z",45.701634,5.883403,2,7,11,337.5,null
"2020-06-21T03:53:30.000Z",45.701634,5.883403,0.25,5.25,11,22.5,null
"2020-06-21T03:57:30.000Z",45.701634,5.883403,0,1.75,3.5,112.5,null
"2020-06-21T04:01:30.000Z",45.701634,5.883403,0,0.25,2.5,135,null
"2020-06-21T04:05:35.000Z",45.701634,5.883403,0,1,4.5,22.5,null
"2020-06-21T04:09:35.000Z",45.701634,5.883403,0.75,2.5,4.5,67.5,null
"2020-06-21T04:13:35.000Z",45.701634,5.883403,1,3.5,7.25,45,null
"2020-06-21T04:17:39.000Z",45.701634,5.883403,1,4,7,22.5,null
"2020-06-21T04:21:39.000Z",45.701634,5.883403,2.5,4,6,45,null
"2020-06-21T04:25:39.000Z",45.701634,5.883403,1.5,3.25,6.25,22.5,null
"2020-06-21T04:29:43.000Z",45.701634,5.883403,1.5,3,5.5,22.5,null
"2020-06-21T04:33:43.000Z",45.701634,5.883403,1.5,4,7.75,22.5,null
"2020-06-21T04:37:43.000Z",45.701634,5.883403,0,2,5.25,90,null
"2020-06-21T04:41:46.000Z",45.701634,5.883403,0,2,4.5,67.5,null
"2020-06-21T04:45:46.000Z",45.701634,5.883403,0,1.5,4.75,22.5,null
"2020-06-21T04:49:46.000Z",45.701634,5.883403,0,2.25,6,45,null
"2020-06-21T04:53:51.000Z",45.701634,5.883403,0,1.75,5.75,0,null
"2020-06-21T04:57:51.000Z",45.701634,5.883403,0,2.5,7.75,315,null
"2020-06-21T05:01:51.000Z",45.701634,5.883403,1.75,5.5,11,0,null
"2020-06-21T05:05:55.000Z",45.701634,5.883403,4.25,9,12,0,null
"2020-06-21T05:09:55.000Z",45.701634,5.883403,4.75,9,14,0,null
"2020-06-21T05:13:55.000Z",45.701634,5.883403,3.25,6.25,10.5,0,null
"2020-06-21T05:17:58.000Z",45.701634,5.883403,0.75,4.25,7.25,45,null
"2020-06-21T05:21:58.000Z",45.701634,5.883403,1.5,5,10.5,0,null
"2020-06-21T05:25:58.000Z",45.701634,5.883403,6.25,8.25,10.5,0,null
"2020-06-21T05:30:03.000Z",45.701634,5.883403,5.25,8.5,11.5,0,null
"2020-06-21T05:34:03.000Z",45.701634,5.883403,5.25,8,11.5,0,null
"2020-06-21T05:38:03.000Z",45.701634,5.883403,7.25,9.25,11,337.5,null
"2020-06-21T05:42:07.000Z",45.701634,5.883403,2.5,7.75,11,337.5,null
"2020-06-21T05:46:07.000Z",45.701634,5.883403,1,6.5,9.5,337.5,null
"2020-06-21T05:50:07.000Z",45.701634,5.883403,0,2,6.25,45,null
"2020-06-21T05:54:11.000Z",45.701634,5.883403,0,2.25,4.5,45,null
"2020-06-21T05:58:11.000Z",45.701634,5.883403,0,1.5,3.75,22.5,null
"2020-06-21T06:02:11.000Z",45.701634,5.883403,0,1,3.75,315,null
"2020-06-21T06:06:15.000Z",45.701634,5.883403,1.5,3.25,4.25,315,null
"2020-06-21T06:10:15.000Z",45.701634,5.883403,0.25,2.25,5.5,337.5,null
"2020-06-21T06:14:15.000Z",45.701634,5.883403,2.75,4.75,7.25,337.5,null
"2020-06-21T06:18:19.000Z",45.701634,5.883403,2,4.5,8,337.5,null
"2020-06-21T06:22:19.000Z",45.701634,5.883403,3.5,5.75,8,337.5,null
"2020-06-21T06:26:19.000Z",45.701634,5.883403,5.5,7.5,10.5,337.5,null
"2020-06-21T06:30:23.000Z",45.701634,5.883403,6.5,8.25,10,337.5,null
"2020-06-21T06:34:23.000Z",45.701634,5.883403,7.25,8.5,11,337.5,null
"2020-06-21T06:38:23.000Z",45.701634,5.883403,4.75,7,9.5,337.5,null
"2020-06-21T06:42:27.000Z",45.701634,5.883403,1.75,4.5,6.25,337.5,null
"2020-06-21T06:46:27.000Z",45.701634,5.883403,2,4,5.5,315,null
"2020-06-21T06:50:27.000Z",45.701634,5.883403,1.75,4.5,8,315,null
"2020-06-21T06:54:32.000Z",45.701634,5.883403,1.5,3.75,6.25,292.5,null
"2020-06-21T06:58:32.000Z",45.701634,5.883403,3.5,5.5,7.25,292.5,null
"2020-06-21T07:02:32.000Z",45.701634,5.883403,4.5,6.25,7.75,292.5,null
"2020-06-21T07:06:36.000Z",45.701634,5.883403,2.75,5.5,8,315,null
"2020-06-21T07:10:36.000Z",45.701634,5.883403,2,4,6.25,315,null
"2020-06-21T07:14:36.000Z",45.701634,5.883403,2.5,6.25,8.75,315,null
"2020-06-21T07:18:39.000Z",45.701634,5.883403,2.75,5.5,7.75,315,null
"2020-06-21T07:22:39.000Z",45.701634,5.883403,4.5,6.5,7.25,337.5,null
"2020-06-21T07:26:39.000Z",45.701634,5.883403,4.5,6.25,7.75,337.5,null
"2020-06-21T07:30:43.000Z",45.701634,5.883403,4.25,5.5,7.25,0,null
"2020-06-21T07:34:43.000Z",45.701634,5.883403,3.75,5.75,7.75,337.5,null
"2020-06-21T07:38:43.000Z",45.701634,5.883403,3.25,5.25,7.75,337.5,null
"2020-06-21T07:42:48.000Z",45.701634,5.883403,4.75,6,7.75,315,null
"2020-06-21T07:46:48.000Z",45.701634,5.883403,4.75,6.5,8.75,337.5,null
"2020-06-21T07:50:48.000Z",45.701634,5.883403,4.5,6.5,8,337.5,null
"2020-06-21T07:54:51.000Z",45.701634,5.883403,5.25,6.75,8.75,337.5,null
"2020-06-21T07:58:51.000Z",45.701634,5.883403,4.75,6.5,7.75,337.5,null
"2020-06-21T08:02:51.000Z",45.701634,5.883403,4.75,6.25,7.75,315,null
"2020-06-21T08:06:55.000Z",45.701634,5.883403,5.5,8,9.75,337.5,null
"2020-06-21T08:10:55.000Z",45.701634,5.883403,8,9.25,11,337.5,null
"2020-06-21T08:14:55.000Z",45.701634,5.883403,7.75,10.5,12,337.5,null
"2020-06-21T08:18:59.000Z",45.701634,5.883403,8.75,11,12.5,337.5,null
"2020-06-21T08:22:59.000Z",45.701634,5.883403,9,11.5,13,337.5,null
"2020-06-21T08:26:59.000Z",45.701634,5.883403,9.75,11.5,13,337.5,null
"2020-06-21T08:31:04.000Z",45.701634,5.883403,9,11,13.5,337.5,null
"2020-06-21T08:35:04.000Z",45.701634,5.883403,9.75,11.5,12.5,337.5,null
"2020-06-21T08:39:04.000Z",45.701634,5.883403,9.75,11.5,13,315,null
"2020-06-21T08:43:08.000Z",45.701634,5.883403,9,11,12.5,315,null
"2020-06-21T08:47:08.000Z",45.701634,5.883403,9.5,11,13,315,null
"2020-06-21T08:51:08.000Z",45.701634,5.883403,10.5,12.5,13.5,315,null
"2020-06-21T08:55:12.000Z",45.701634,5.883403,9.75,11.5,12.5,315,null
"2020-06-21T08:59:12.000Z",45.701634,5.883403,8.75,10.5,12,337.5,null
"2020-06-21T09:03:12.000Z",45.701634,5.883403,9.5,11.5,13,337.5,null
"2020-06-21T09:07:16.000Z",45.701634,5.883403,9.75,11,13,337.5,null
"2020-06-21T09:11:16.000Z",45.701634,5.883403,9,11.5,13,337.5,null
"2020-06-21T09:15:16.000Z",45.701634,5.883403,11,12,13.5,337.5,null
"2020-06-21T09:19:19.000Z",45.701634,5.883403,11,12.5,13.5,337.5,null
"2020-06-21T09:23:19.000Z",45.701634,5.883403,11,12.5,14,337.5,null
"2020-06-21T09:27:19.000Z",45.701634,5.883403,9.75,12,14.5,337.5,null
"2020-06-21T09:31:24.000Z",45.701634,5.883403,11.5,15,17,315,null
"2020-06-21T09:35:24.000Z",45.701634,5.883403,13,15.5,17.5,315,null
"2020-06-21T09:39:24.000Z",45.701634,5.883403,11,12.5,14,315,null
"2020-06-21T09:43:28.000Z",45.701634,5.883403,9.75,12.5,14.5,337.5,null
"2020-06-21T09:47:28.000Z",45.701634,5.883403,10,12,13,337.5,null
"2020-06-21T09:51:28.000Z",45.701634,5.883403,8.25,10.5,11.5,337.5,null
"2020-06-21T09:55:32.000Z",45.701634,5.883403,8.75,11.5,13,337.5,null
"2020-06-21T09:59:32.000Z",45.701634,5.883403,8.25,11,13,337.5,null
"2020-06-21T10:03:32.000Z",45.701634,5.883403,10.5,12,13,337.5,null
"2020-06-21T10:07:36.000Z",45.701634,5.883403,11,12.5,14.5,337.5,null
"2020-06-21T10:11:36.000Z",45.701634,5.883403,9,11.5,13,337.5,null
"2020-06-21T10:15:36.000Z",45.701634,5.883403,10.5,12,13,337.5,null
"2020-06-21T10:19:40.000Z",45.701634,5.883403,8.25,11,13,337.5,null
"2020-06-21T10:23:40.000Z",45.701634,5.883403,8,10,11,337.5,null
"2020-06-21T10:27:40.000Z",45.701634,5.883403,8.25,9.75,11,337.5,null
"2020-06-21T10:31:44.000Z",45.701634,5.883403,8.25,11,12.5,337.5,null
"2020-06-21T10:35:44.000Z",45.701634,5.883403,7.75,10,11.5,0,null
"2020-06-21T10:39:44.000Z",45.701634,5.883403,9,11,13,0,null
"2020-06-21T10:43:48.000Z",45.701634,5.883403,8.75,12,13.5,0,null
"2020-06-21T10:47:48.000Z",45.701634,5.883403,7.75,11,14,0,null
"2020-06-21T10:51:48.000Z",45.701634,5.883403,7,9.25,12.5,0,null
"2020-06-21T10:55:52.000Z",45.701634,5.883403,6.25,9,11,337.5,null
"2020-06-21T10:59:52.000Z",45.701634,5.883403,8.25,10,11.5,337.5,null
"2020-06-21T11:03:52.000Z",45.701634,5.883403,8,9.25,10.5,337.5,null
"2020-06-21T11:07:56.000Z",45.701634,5.883403,7.25,9.25,11.5,337.5,null
"2020-06-21T11:11:56.000Z",45.701634,5.883403,8,10,11.5,337.5,null
"2020-06-21T11:15:56.000Z",45.701634,5.883403,8.75,10,11.5,0,null
"2020-06-21T11:20:00.000Z",45.701634,5.883403,8.25,9.5,11,0,null
"2020-06-21T11:24:00.000Z",45.701634,5.883403,8.25,10,11.5,337.5,null
"2020-06-21T11:28:00.000Z",45.701634,5.883403,7.25,9.25,11,0,null
"2020-06-21T11:32:04.000Z",45.701634,5.883403,8.25,9.75,11,337.5,null
"2020-06-21T11:36:04.000Z",45.701634,5.883403,7.75,8.5,10,337.5,null
"2020-06-21T11:40:04.000Z",45.701634,5.883403,7.25,8.25,9.75,337.5,null
"2020-06-21T11:44:08.000Z",45.701634,5.883403,5.25,7,8.25,337.5,null
"2020-06-21T11:48:08.000Z",45.701634,5.883403,6.25,8,9.5,0,null
"2020-06-21T11:52:08.000Z",45.701634,5.883403,6.25,7.75,8.75,0,null
"2020-06-21T11:56:12.000Z",45.701634,5.883403,5.5,8.25,11.5,337.5,null
"2020-06-21T12:00:12.000Z",45.701634,5.883403,7.25,9.75,12,337.5,null
"2020-06-21T12:04:12.000Z",45.701634,5.883403,5.5,6.5,8,337.5,null
"2020-06-21T12:08:17.000Z",45.701634,5.883403,5.25,5.75,6.25,337.5,null
"2020-06-21T12:12:17.000Z",45.701634,5.883403,2.5,5.75,9.5,315,null
"2020-06-21T12:16:17.000Z",45.701634,5.883403,2.5,6.25,13,337.5,null
"2020-06-21T12:20:21.000Z",45.701634,5.883403,5.25,8,10,337.5,null
"2020-06-21T12:24:21.000Z",45.701634,5.883403,6.25,7.5,9,337.5,null
"2020-06-21T12:28:21.000Z",45.701634,5.883403,1.75,4.25,6.25,337.5,null
"2020-06-21T12:32:24.000Z",45.701634,5.883403,2.75,5,8.75,337.5,null
"2020-06-21T12:36:24.000Z",45.701634,5.883403,2.5,5,7,0,null
"2020-06-21T12:40:24.000Z",45.701634,5.883403,6,7.25,8.75,337.5,null
"2020-06-21T12:44:29.000Z",45.701634,5.883403,6.5,10.5,14,337.5,null
"2020-06-21T12:48:29.000Z",45.701634,5.883403,11.5,14,16,337.5,null
"2020-06-21T12:52:29.000Z",45.701634,5.883403,11.5,13,15.5,337.5,null
"2020-06-21T12:56:33.000Z",45.701634,5.883403,7.25,9.75,12.5,0,null
"2020-06-21T13:00:33.000Z",45.701634,5.883403,7,10.5,12,0,null
"2020-06-21T13:04:33.000Z",45.701634,5.883403,9,10.5,12.5,0,null
"2020-06-21T13:08:36.000Z",45.701634,5.883403,7.75,9.5,11,0,null
"2020-06-21T13:12:36.000Z",45.701634,5.883403,8.75,10.5,12,337.5,null
"2020-06-21T13:16:36.000Z",45.701634,5.883403,5.25,8.5,11,337.5,null
"2020-06-21T13:20:41.000Z",45.701634,5.883403,7,8.75,12,337.5,null
"2020-06-21T13:24:41.000Z",45.701634,5.883403,9.5,11,12,337.5,null
"2020-06-21T13:28:41.000Z",45.701634,5.883403,7.25,9,11,337.5,null
"2020-06-21T13:32:45.000Z",45.701634,5.883403,6.5,8.75,11,337.5,null
"2020-06-21T13:36:45.000Z",45.701634,5.883403,6.5,9,11,315,null
"2020-06-21T13:40:45.000Z",45.701634,5.883403,7.75,9.5,11.5,315,null
"2020-06-21T13:44:48.000Z",45.701634,5.883403,6,8.5,11,315,null
"2020-06-21T13:48:48.000Z",45.701634,5.883403,5.25,6.75,7.75,315,null
"2020-06-21T13:52:48.000Z",45.701634,5.883403,6,7.5,8.75,315,null
"2020-06-21T13:56:53.000Z",45.701634,5.883403,6.5,8,9.5,337.5,null
"2020-06-21T14:00:53.000Z",45.701634,5.883403,6.25,6.75,7.25,337.5,null
"2020-06-21T14:04:53.000Z",45.701634,5.883403,6,7,8,315,null
"2020-06-21T14:08:57.000Z",45.701634,5.883403,8,8.75,10,292.5,null
"2020-06-21T14:12:57.000Z",45.701634,5.883403,8.25,9.25,11,292.5,null
"2020-06-21T14:16:57.000Z",45.701634,5.883403,7,10,12,292.5,null
"2020-06-21T14:21:00.000Z",45.701634,5.883403,3.5,5.25,7.25,292.5,null
"2020-06-21T14:25:00.000Z",45.701634,5.883403,4.25,5.25,6.25,315,null
"2020-06-21T14:29:00.000Z",45.701634,5.883403,3.75,5.75,8,315,null
"2020-06-21T14:33:04.000Z",45.701634,5.883403,4.75,6.5,7.75,315,null
"2020-06-21T14:37:04.000Z",45.701634,5.883403,4.5,6,7.25,337.5,null
"2020-06-21T14:41:04.000Z",45.701634,5.883403,4.5,5.75,7,337.5,null
"2020-06-21T14:45:09.000Z",45.701634,5.883403,5.5,6.75,8,337.5,null
"2020-06-21T14:49:09.000Z",45.701634,5.883403,5.5,6.5,7.75,315,null
"2020-06-21T14:53:09.000Z",45.701634,5.883403,6,7,8.25,315,null
"2020-06-21T14:57:13.000Z",45.701634,5.883403,5.25,9.25,13.5,292.5,null
"2020-06-21T15:01:13.000Z",45.701634,5.883403,6,8.25,13,292.5,null
"2020-06-21T15:05:13.000Z",45.701634,5.883403,6.25,7.75,11,315,null
"2020-06-21T15:09:17.000Z",45.701634,5.883403,7.75,8.75,10.5,315,null
"2020-06-21T15:13:17.000Z",45.701634,5.883403,4.5,7.5,9.5,315,null
"2020-06-21T15:17:17.000Z",45.701634,5.883403,6,7,7.75,315,null
"2020-06-21T15:21:20.000Z",45.701634,5.883403,6.5,7.5,8.75,315,null
"2020-06-21T15:25:20.000Z",45.701634,5.883403,6.25,8.25,9.75,292.5,null
"2020-06-21T15:29:20.000Z",45.701634,5.883403,7.75,8.5,9.75,292.5,null
"2020-06-21T15:33:25.000Z",45.701634,5.883403,6.5,7.25,8,292.5,null
"2020-06-21T15:37:25.000Z",45.701634,5.883403,7.25,8.75,10.5,315,null
"2020-06-21T15:41:25.000Z",45.701634,5.883403,7,8.25,9.5,315,null
"2020-06-21T15:45:29.000Z",45.701634,5.883403,4.5,6.5,8.25,315,null
"2020-06-21T15:49:29.000Z",45.701634,5.883403,5.25,6.75,9.5,292.5,null
"2020-06-21T15:53:29.000Z",45.701634,5.883403,4.25,6,7.75,315,null
"2020-06-21T15:57:33.000Z",45.701634,5.883403,4.5,5.5,6,315,null
"2020-06-21T16:01:33.000Z",45.701634,5.883403,4.5,6,9,315,null
"2020-06-21T16:05:33.000Z",45.701634,5.883403,6.5,8.25,9.75,315,null
"2020-06-21T16:09:37.000Z",45.701634,5.883403,6.25,7,8,315,null
"2020-06-21T16:13:37.000Z",45.701634,5.883403,5.5,7,7.75,337.5,null
"2020-06-21T16:17:37.000Z",45.701634,5.883403,3.75,5.75,7,0,null
"2020-06-21T16:21:41.000Z",45.701634,5.883403,3.75,5.75,7.25,315,null
"2020-06-21T16:25:41.000Z",45.701634,5.883403,7,7.75,8.75,337.5,null
"2020-06-21T16:29:41.000Z",45.701634,5.883403,7,7.75,8.75,337.5,null
"2020-06-21T16:33:45.000Z",45.701634,5.883403,6.25,7,8,337.5,null
"2020-06-21T16:37:45.000Z",45.701634,5.883403,4.75,6,7.25,315,null
"2020-06-21T16:41:45.000Z",45.701634,5.883403,4.25,5.5,7,337.5,null
"2020-06-21T16:45:49.000Z",45.701634,5.883403,4.75,5.75,7.25,337.5,null
"2020-06-21T16:49:49.000Z",45.701634,5.883403,4.5,5.5,6.25,0,null
"2020-06-21T16:53:49.000Z",45.701634,5.883403,2.75,5,6.25,337.5,null
"2020-06-21T16:57:53.000Z",45.701634,5.883403,3.25,5.75,8,315,null
"2020-06-21T17:01:53.000Z",45.701634,5.883403,6.5,7.5,8.25,315,null
"2020-06-21T17:05:53.000Z",45.701634,5.883403,6.25,7,7.75,315,null
"2020-06-21T17:09:58.000Z",45.701634,5.883403,4.5,5.75,6.75,315,null
"2020-06-21T17:13:58.000Z",45.701634,5.883403,4.75,6,7.25,337.5,null
"2020-06-21T17:17:58.000Z",45.701634,5.883403,5.25,6.25,7.25,315,null
"2020-06-21T17:22:02.000Z",45.701634,5.883403,6,6.5,8.25,315,null
"2020-06-21T17:26:02.000Z",45.701634,5.883403,4.75,6.25,8,315,null
"2020-06-21T17:30:02.000Z",45.701634,5.883403,5.25,6.5,8.75,315,null
"2020-06-21T17:34:06.000Z",45.701634,5.883403,6,7.75,9.75,315,null
"2020-06-21T17:38:06.000Z",45.701634,5.883403,8.25,8.75,9.75,315,null
"2020-06-21T17:42:06.000Z",45.701634,5.883403,8,8.75,10.5,315,null
"2020-06-21T17:46:10.000Z",45.701634,5.883403,8,9.25,11,315,null
"2020-06-21T17:50:10.000Z",45.701634,5.883403,8.25,9.25,11,315,null
"2020-06-21T17:54:10.000Z",45.701634,5.883403,7.75,9.25,11,315,null
"2020-06-21T17:58:13.000Z",45.701634,5.883403,8,9.5,10.5,315,null
"2020-06-21T18:02:13.000Z",45.701634,5.883403,6.25,8.25,9.75,315,null
"2020-06-21T18:06:13.000Z",45.701634,5.883403,5.5,9.25,12.5,315,null
"2020-06-21T18:10:17.000Z",45.701634,5.883403,7.75,10.5,12.5,315,null
"2020-06-21T18:14:17.000Z",45.701634,5.883403,10,12,16.5,292.5,null
"2020-06-21T18:18:17.000Z",45.701634,5.883403,10,13,18,292.5,null
"2020-06-21T18:22:22.000Z",45.701634,5.883403,10.5,15.5,20,315,null
"2020-06-21T18:26:22.000Z",45.701634,5.883403,11.5,14.5,18,315,null
"2020-06-21T18:30:22.000Z",45.701634,5.883403,11,14,19,292.5,null
"2020-06-21T18:34:26.000Z",45.701634,5.883403,14,18,25,292.5,null
"2020-06-21T18:38:26.000Z",45.701634,5.883403,14,17.5,22.5,315,null
"2020-06-21T18:42:26.000Z",45.701634,5.883403,14,18,22,292.5,null
"2020-06-21T18:46:29.000Z",45.701634,5.883403,14.5,19,23.5,292.5,null
"2020-06-21T18:50:29.000Z",45.701634,5.883403,13,18,22.5,292.5,null
"2020-06-21T18:54:29.000Z",45.701634,5.883403,13.5,17,20,292.5,null
"2020-06-21T18:58:33.000Z",45.701634,5.883403,13.5,17.5,22,315,null
"2020-06-21T19:02:33.000Z",45.701634,5.883403,14,17,22,292.5,null
"2020-06-21T19:06:33.000Z",45.701634,5.883403,14.5,19,25.5,292.5,null
"2020-06-21T19:10:38.000Z",45.701634,5.883403,15.5,20,24,292.5,null
"2020-06-21T19:14:38.000Z",45.701634,5.883403,18,23,28,292.5,null
"2020-06-21T19:18:38.000Z",45.701634,5.883403,16.5,20,26.5,315,null
"2020-06-21T19:22:42.000Z",45.701634,5.883403,15,19.5,26,315,null
"2020-06-21T19:26:42.000Z",45.701634,5.883403,15.5,20,25,315,null
"2020-06-21T19:30:42.000Z",45.701634,5.883403,15,19.5,24.5,315,null
"2020-06-21T19:34:46.000Z",45.701634,5.883403,13.5,17.5,22,315,null
"2020-06-21T19:38:46.000Z",45.701634,5.883403,9,14.5,19.5,337.5,null
"2020-06-21T19:42:46.000Z",45.701634,5.883403,4.75,9.25,14.5,22.5,null
"2020-06-21T19:46:50.000Z",45.701634,5.883403,1.5,5.25,11,22.5,null
"2020-06-21T19:50:50.000Z",45.701634,5.883403,2.75,6,9.75,22.5,null
"2020-06-21T19:54:50.000Z",45.701634,5.883403,3.5,6.5,10,22.5,null
"2020-06-21T19:58:54.000Z",45.701634,5.883403,2.5,4.5,9,22.5,null
"2020-06-21T20:02:54.000Z",45.701634,5.883403,3.25,5.75,9.5,22.5,null
"2020-06-21T20:06:54.000Z",45.701634,5.883403,0.25,5.25,10.5,22.5,null
"2020-06-21T20:10:58.000Z",45.701634,5.883403,2.75,6.75,9,0,null
"2020-06-21T20:14:58.000Z",45.701634,5.883403,1.75,4.75,7.75,45,null
"2020-06-21T20:18:58.000Z",45.701634,5.883403,2,5.25,8,45,null
"2020-06-21T20:23:01.000Z",45.701634,5.883403,1.5,2.75,4.25,45,null
"2020-06-21T20:27:01.000Z",45.701634,5.883403,0,1.75,4.5,45,null
"2020-06-21T20:31:01.000Z",45.701634,5.883403,0,1.75,4.5,67.5,null
"2020-06-21T20:35:06.000Z",45.701634,5.883403,0,1.75,3.25,90,null
"2020-06-21T20:39:06.000Z",45.701634,5.883403,0,0.5,1.75,90,null
"2020-06-21T20:43:06.000Z",45.701634,5.883403,0,0,0.75,112.5,null
"2020-06-21T20:47:10.000Z",45.701634,5.883403,0,2.25,5.25,157.5,null
"2020-06-21T20:51:10.000Z",45.701634,5.883403,0.25,2.5,4.25,135,null
"2020-06-21T20:55:10.000Z",45.701634,5.883403,0.75,2.5,5.25,135,null
"2020-06-21T20:59:14.000Z",45.701634,5.883403,1,2.75,4.75,135,null
"2020-06-21T21:03:14.000Z",45.701634,5.883403,0.25,3,4.75,112.5,null
"2020-06-21T21:07:14.000Z",45.701634,5.883403,1.5,2.5,3.75,112.5,null
"2020-06-21T21:11:19.000Z",45.701634,5.883403,0,1.75,3.5,112.5,null
"2020-06-21T21:15:19.000Z",45.701634,5.883403,0,0,0,22.5,null
"2020-06-21T21:19:19.000Z",45.701634,5.883403,0,0.75,2,337.5,null
"2020-06-21T21:23:23.000Z",45.701634,5.883403,0.75,2.5,4.5,337.5,null
"2020-06-21T21:27:23.000Z",45.701634,5.883403,0,1,2,292.5,null
"2020-06-21T21:31:23.000Z",45.701634,5.883403,0,0.5,2,315,null
"2020-06-21T21:35:26.000Z",45.701634,5.883403,0,0,0,225,null
"2020-06-21T21:39:26.000Z",45.701634,5.883403,0,0,0,180,null
"2020-06-21T21:43:26.000Z",45.701634,5.883403,0,0,0,112.5,null
"2020-06-21T21:47:30.000Z",45.701634,5.883403,0,1.5,2.5,67.5,null
"2020-06-21T21:51:30.000Z",45.701634,5.883403,0,0,1.5,90,null
"2020-06-21T21:55:30.000Z",45.701634,5.883403,0,1,2.75,67.5,null
"2020-06-21T21:59:34.000Z",45.701634,5.883403,0,0.25,1.75,90,null
"2020-06-21T22:03:34.000Z",45.701634,5.883403,0,0.75,3.5,157.5,null
"2020-06-21T22:07:34.000Z",45.701634,5.883403,0.75,2,3.25,157.5,null
"2020-06-21T22:11:39.000Z",45.701634,5.883403,1.5,3.5,5.25,135,null
"2020-06-21T22:15:39.000Z",45.701634,5.883403,0,1.5,4.25,135,null
"2020-06-21T22:19:39.000Z",45.701634,5.883403,0,2.5,9,247.5,null
"2020-06-21T22:23:42.000Z",45.701634,5.883403,0,4.5,11,202.5,null
"2020-06-21T22:27:42.000Z",45.701634,5.883403,3.25,5.25,6.5,90,null
"2020-06-21T22:31:42.000Z",45.701634,5.883403,2,4.25,7,90,null
"2020-06-21T22:35:46.000Z",45.701634,5.883403,2,4.5,8,90,null
"2020-06-21T22:39:46.000Z",45.701634,5.883403,1,3,4.5,112.5,null
"2020-06-21T22:43:46.000Z",45.701634,5.883403,1,3.5,5.25,90,null
"2020-06-21T22:47:51.000Z",45.701634,5.883403,0,2,4.5,135,null
"2020-06-21T22:51:51.000Z",45.701634,5.883403,0,3,6,157.5,null
"2020-06-21T22:55:51.000Z",45.701634,5.883403,1,3.75,6.5,135,null
"2020-06-21T22:59:55.000Z",45.701634,5.883403,0.75,2,4.75,90,null
"2020-06-21T23:03:55.000Z",45.701634,5.883403,0,0.25,1.5,135,null
"2020-06-21T23:07:55.000Z",45.701634,5.883403,0.25,3.25,7.75,90,null
"2020-06-21T23:11:59.000Z",45.701634,5.883403,2,4.25,7.25,90,null
"2020-06-21T23:15:59.000Z",45.701634,5.883403,1.75,4.75,7,90,null
"2020-06-21T23:19:59.000Z",45.701634,5.883403,3.75,5.25,6.5,90,null
"2020-06-21T23:24:02.000Z",45.701634,5.883403,3.5,4.5,6.25,90,null
"2020-06-21T23:28:02.000Z",45.701634,5.883403,2.5,4.25,5.5,90,null
"2020-06-21T23:32:02.000Z",45.701634,5.883403,1.5,3.75,5.25,90,null
"2020-06-21T23:39:44.000Z",45.701642,5.883527,0.75,3,4.5,112.5,null
"2020-06-21T23:43:44.000Z",45.701642,5.883527,0,0.75,2.5,135,null
"2020-06-21T23:47:44.000Z",45.701642,5.883527,0.75,2.25,3.75,135,null
"2020-06-21T23:51:48.000Z",45.701642,5.883527,1,2.75,3.75,135,null
"2020-06-21T23:55:48.000Z",45.701642,5.883527,0.25,1.25,2.5,112.5,null
"2020-06-21T23:59:48.000Z",45.701642,5.883527,0,1.75,6.25,225,null
"2020-06-22T00:03:52.000Z",45.701642,5.883527,0,0.5,3.25,90,null
"2020-06-22T00:07:52.000Z",45.701642,5.883527,0,9.25,21,292.5,null
"2020-06-22T00:11:52.000Z",45.701642,5.883527,3.75,13.5,20,292.5,null
"2020-06-22T00:15:56.000Z",45.701642,5.883527,0,5.5,10.5,112.5,null
"2020-06-22T00:19:56.000Z",45.701642,5.883527,0,1,3.75,157.5,null
"2020-06-22T00:23:56.000Z",45.701642,5.883527,1.75,3,4.75,135,null
"2020-06-22T00:28:50.000Z",45.701642,5.883527,0,3,5.25,90,null
"2020-06-22T00:32:50.000Z",45.701642,5.883527,0,3.25,8.25,67.5,null
"2020-06-22T00:36:50.000Z",45.701628,5.883551,0,5,8.75,90,null
"2020-06-22T00:40:54.000Z",45.701628,5.883551,3.5,5.5,8,90,null
"2020-06-22T00:44:54.000Z",45.701628,5.883551,3.5,5.75,7.25,90,null
"2020-06-22T00:48:54.000Z",45.701628,5.883551,4.5,5.75,7,90,null
"2020-06-22T00:52:58.000Z",45.701628,5.883551,4.5,6.25,8.25,67.5,null
"2020-06-22T00:56:58.000Z",45.701628,5.883551,2,6.25,10,67.5,null
"2020-06-22T01:00:58.000Z",45.701628,5.883551,2,4.5,6.25,67.5,null
"2020-06-22T01:05:02.000Z",45.701628,5.883551,2.75,4,6,67.5,null
"2020-06-22T01:09:02.000Z",45.701628,5.883551,2.75,5,8,45,null
"2020-06-22T01:13:02.000Z",45.701628,5.883551,3.5,5.25,7.75,45,null
"2020-06-22T01:17:06.000Z",45.701628,5.883551,3.25,5.75,9,67.5,null
"2020-06-22T01:21:06.000Z",45.701628,5.883551,1.5,5.75,10,45,null
"2020-06-22T01:25:06.000Z",45.701628,5.883551,2.5,4.75,7,45,null
"2020-06-22T01:29:10.000Z",45.701628,5.883551,3.25,6,11,45,null
"2020-06-22T01:33:10.000Z",45.701628,5.883551,1.75,6,9.75,45,null
"2020-06-22T01:37:10.000Z",45.701628,5.883551,1.5,5.25,9.75,22.5,null
"2020-06-22T01:41:14.000Z",45.701628,5.883551,2,5.25,9.5,45,null
"2020-06-22T01:45:14.000Z",45.701628,5.883551,1,3,4.75,45,null
"2020-06-22T01:49:14.000Z",45.701628,5.883551,1.75,3.25,5.5,67.5,null
"2020-06-22T01:53:18.000Z",45.701628,5.883551,0.75,3,4.75,67.5,null
"2020-06-22T01:57:18.000Z",45.701628,5.883551,0,2.5,4.75,67.5,null
"2020-06-22T02:01:18.000Z",45.701628,5.883551,1,2.25,4.25,90,null
"2020-06-22T02:05:22.000Z",45.701628,5.883551,1,3.25,5.25,90,null
"2020-06-22T02:09:22.000Z",45.701628,5.883551,0.75,2.5,4.25,90,null
"2020-06-22T02:13:22.000Z",45.701628,5.883551,0,2.5,5.25,90,null
"2020-06-22T02:17:26.000Z",45.701628,5.883551,2,4.25,5.5,90,null
"2020-06-22T02:21:26.000Z",45.701628,5.883551,1.75,4.75,6.5,90,null
"2020-06-22T02:25:26.000Z",45.701628,5.883551,2.5,4.5,7,90,null
"2020-06-22T02:29:30.000Z",45.701628,5.883551,3.25,5,7.75,90,null
"2020-06-22T02:33:30.000Z",45.701628,5.883551,3.25,5.25,8.25,90,null
"2020-06-22T02:37:30.000Z",45.701628,5.883551,2.75,5,7,90,null
"2020-06-22T02:41:34.000Z",45.701628,5.883551,1.75,3.5,6,90,null
"2020-06-22T02:45:34.000Z",45.701628,5.883551,1.75,3.5,5.25,90,null
"2020-06-22T02:49:34.000Z",45.701628,5.883551,2.5,4,6,90,null
"2020-06-22T02:53:38.000Z",45.701628,5.883551,2,3.5,4.5,90,null
"2020-06-22T02:57:38.000Z",45.701628,5.883551,1.75,2.75,3.75,90,null
"2020-06-22T03:01:38.000Z",45.701628,5.883551,1.5,4,6,90,null
"2020-06-22T03:05:43.000Z",45.701628,5.883551,1.75,4.25,6.25,90,null
"2020-06-22T03:09:43.000Z",45.701628,5.883551,1.5,2.5,3.75,112.5,null
"2020-06-22T03:13:43.000Z",45.701628,5.883551,1.5,2.5,4.25,112.5,null
"2020-06-22T03:17:46.000Z",45.701628,5.883551,2,3.5,5.25,90,null
"2020-06-22T03:21:46.000Z",45.701628,5.883551,3.25,6.25,9,90,null
"2020-06-22T03:25:46.000Z",45.701628,5.883551,4.75,7,9.75,90,null
"2020-06-22T03:29:51.000Z",45.701628,5.883551,3.75,5.5,7.25,90,null
"2020-06-22T03:33:51.000Z",45.701628,5.883551,4.25,6.75,8.75,90,null
"2020-06-22T03:37:51.000Z",45.701628,5.883551,4.25,7.25,11,90,null
"2020-06-22T03:41:55.000Z",45.701628,5.883551,3.75,6.25,8.25,90,null
"2020-06-22T03:45:55.000Z",45.701628,5.883551,4.25,6.25,8.25,90,null
"2020-06-22T03:49:55.000Z",45.701628,5.883551,2.75,4.75,7.75,90,null
"2020-06-22T03:53:58.000Z",45.701628,5.883551,2.5,3.75,5.25,90,null
"2020-06-22T03:57:58.000Z",45.701628,5.883551,3.5,6,8.75,90,null
"2020-06-22T04:01:58.000Z",45.701628,5.883551,3.25,7.5,11.5,90,null
"2020-06-22T04:06:03.000Z",45.701628,5.883551,3.75,8,10.5,90,null
"2020-06-22T04:10:03.000Z",45.701628,5.883551,3.75,6,8.75,90,null
"2020-06-22T04:14:03.000Z",45.701628,5.883551,2.5,5.5,7,90,null
"2020-06-22T04:18:07.000Z",45.701628,5.883551,3.25,5,7,90,null
"2020-06-22T04:22:07.000Z",45.701628,5.883551,0.75,4.25,6,90,null
"2020-06-22T04:26:07.000Z",45.701628,5.883551,3.75,5.75,7.25,90,null
"2020-06-22T04:30:11.000Z",45.701628,5.883551,3.75,6.25,8.25,90,null
"2020-06-22T04:34:11.000Z",45.701628,5.883551,3.25,5,6.5,90,null
"2020-06-22T04:38:11.000Z",45.701628,5.883551,1.75,4,6,90,null
"2020-06-22T04:42:14.000Z",45.701628,5.883551,1.5,4.25,6.5,90,null
"2020-06-22T04:46:14.000Z",45.701628,5.883551,2,3.75,5.5,90,null
"2020-06-22T04:50:14.000Z",45.701628,5.883551,0,4.5,7,90,null
"2020-06-22T04:54:19.000Z",45.701628,5.883551,2,4.25,7.25,90,null
"2020-06-22T04:58:19.000Z",45.701628,5.883551,1.75,3.75,6,90,null
"2020-06-22T05:02:19.000Z",45.701628,5.883551,0.25,2.5,4.25,90,null
"2020-06-22T05:06:23.000Z",45.701628,5.883551,1,2.5,4.75,90,null
"2020-06-22T05:10:23.000Z",45.701628,5.883551,1.75,3,4.75,112.5,null
"2020-06-22T05:14:23.000Z",45.701628,5.883551,0,1.25,2.75,90,null
"2020-06-22T05:18:27.000Z",45.701628,5.883551,0,0.5,3.25,45,null
"2020-06-22T05:22:27.000Z",45.701628,5.883551,0,1.5,3.25,67.5,null
"2020-06-22T05:26:27.000Z",45.701628,5.883551,0,1.25,3.5,112.5,null
"2020-06-22T05:30:31.000Z",45.701628,5.883551,1.75,3.75,4.75,135,null
"2020-06-22T05:34:31.000Z",45.701628,5.883551,2.5,4.5,6.25,112.5,null
"2020-06-22T05:38:31.000Z",45.701628,5.883551,0,1.5,3.5,112.5,null
"2020-06-22T05:42:35.000Z",45.701628,5.883551,0,1,2.75,202.5,null
"2020-06-22T05:46:35.000Z",45.701628,5.883551,0,0.25,1.5,202.5,null
"2020-06-22T05:50:35.000Z",45.701628,5.883551,0,1,2.75,315,null
"2020-06-22T05:54:38.000Z",45.701628,5.883551,0,0,0.25,337.5,null
"2020-06-22T05:58:38.000Z",45.701628,5.883551,0,2.5,4.25,337.5,null
"2020-06-22T06:02:38.000Z",45.701628,5.883551,0,1.5,3.5,315,null
"2020-06-22T06:06:43.000Z",45.701628,5.883551,1,3,4.5,315,null
"2020-06-22T06:10:43.000Z",45.701628,5.883551,2,3.25,4.75,315,null
"2020-06-22T06:14:43.000Z",45.701628,5.883551,1.75,3.75,6,0,null
"2020-06-22T06:18:47.000Z",45.701628,5.883551,2.75,4.25,6.5,0,null
"2020-06-22T06:22:47.000Z",45.701628,5.883551,3.5,8.5,12,337.5,null
"2020-06-22T06:26:47.000Z",45.701628,5.883551,8.25,11,13.5,337.5,null
"2020-06-22T06:30:51.000Z",45.701628,5.883551,7.75,11,13,337.5,null
"2020-06-22T06:34:51.000Z",45.701628,5.883551,9,10.5,12.5,337.5,null
"2020-06-22T06:38:51.000Z",45.701628,5.883551,9.5,11,12.5,337.5,null
"2020-06-22T06:42:55.000Z",45.701628,5.883551,8.25,10,12,337.5,null
"2020-06-22T06:46:55.000Z",45.701628,5.883551,7.75,9,11,337.5,null
"2020-06-22T06:50:55.000Z",45.701628,5.883551,8,10,12,337.5,null
"2020-06-22T06:54:59.000Z",45.701628,5.883551,8.75,11.5,13,337.5,null
"2020-06-22T06:58:59.000Z",45.701628,5.883551,10,12,14,337.5,null
"2020-06-22T07:02:59.000Z",45.701628,5.883551,9.5,11.5,13.5,337.5,null
"2020-06-22T07:07:03.000Z",45.701628,5.883551,8.75,11.5,13,337.5,null
"2020-06-22T07:11:03.000Z",45.701628,5.883551,8.25,10.5,13,337.5,null
"2020-06-22T07:15:03.000Z",45.701628,5.883551,8,10,12,337.5,null
"2020-06-22T07:19:07.000Z",45.701628,5.883551,6.25,9.25,12.5,337.5,null
"2020-06-22T07:23:07.000Z",45.701628,5.883551,6.5,9,11.5,337.5,null
"2020-06-22T07:27:07.000Z",45.701628,5.883551,7.25,9.75,13,337.5,null
"2020-06-22T07:31:11.000Z",45.701628,5.883551,7,9.5,13.5,337.5,null
"2020-06-22T07:35:11.000Z",45.701628,5.883551,7,10,12,337.5,null
"2020-06-22T07:39:11.000Z",45.701628,5.883551,8,10.5,12,337.5,null
"2020-06-22T07:43:16.000Z",45.701628,5.883551,9.5,11.5,13.5,337.5,null
"2020-06-22T07:47:16.000Z",45.701628,5.883551,7.75,10,13,337.5,null
"2020-06-22T07:51:16.000Z",45.701628,5.883551,8.75,10.5,13,337.5,null
"2020-06-22T07:55:19.000Z",45.701628,5.883551,7.25,11,13.5,337.5,null
"2020-06-22T07:59:19.000Z",45.701628,5.883551,9,10.5,12,337.5,null
"2020-06-22T08:03:19.000Z",45.701628,5.883551,8,10.5,12.5,337.5,null
"2020-06-22T08:07:23.000Z",45.701628,5.883551,8,10,12.5,337.5,null
"2020-06-22T08:11:23.000Z",45.701628,5.883551,7.75,10.5,13.5,337.5,null
"2020-06-22T08:15:23.000Z",45.701628,5.883551,9,11,13,337.5,null
"2020-06-22T08:19:27.000Z",45.701628,5.883551,8,10.5,12.5,0,null
"2020-06-22T08:23:27.000Z",45.701628,5.883551,8.75,11,14.5,337.5,null
"2020-06-22T08:27:27.000Z",45.701628,5.883551,9.5,12,14,337.5,null
"2020-06-22T08:31:32.000Z",45.701628,5.883551,9.5,12.5,15.5,337.5,null
"2020-06-22T08:35:32.000Z",45.701628,5.883551,9.75,12.5,15,0,null
"2020-06-22T08:39:32.000Z",45.701628,5.883551,12,14,16,337.5,null
"2020-06-22T08:43:36.000Z",45.701628,5.883551,11.5,13.5,16,337.5,null
"2020-06-22T08:47:36.000Z",45.701628,5.883551,10.5,12.5,14.5,337.5,null
"2020-06-22T08:51:36.000Z",45.701628,5.883551,10,13,16.5,0,null
"2020-06-22T08:55:39.000Z",45.701628,5.883551,8.25,12,15,0,null
"2020-06-22T08:59:39.000Z",45.701628,5.883551,10.5,13.5,18,0,null
"2020-06-22T09:03:39.000Z",45.701628,5.883551,11,15,19,0,null
"2020-06-22T09:07:44.000Z",45.701628,5.883551,11.5,16,20,0,null
"2020-06-22T09:11:44.000Z",45.701628,5.883551,6.5,12.5,15,0,null
"2020-06-22T09:15:44.000Z",45.701628,5.883551,8.75,15,20,0,null
"2020-06-22T09:19:48.000Z",45.701628,5.883551,13.5,16.5,19.5,0,null
"2020-06-22T09:23:48.000Z",45.701628,5.883551,9.75,16,20,0,null
"2020-06-22T09:27:48.000Z",45.701628,5.883551,9,16,22.5,0,null
"2020-06-22T09:31:52.000Z",45.701628,5.883551,7.25,14,18,22.5,null
"2020-06-22T09:35:52.000Z",45.701628,5.883551,8.75,13,18,22.5,null
"2020-06-22T09:39:52.000Z",45.701628,5.883551,7.75,13,16.5,0,null
"2020-06-22T09:43:56.000Z",45.701628,5.883551,6.5,12,16,0,null
"2020-06-22T09:47:56.000Z",45.701628,5.883551,6,10.5,14.5,0,null
"2020-06-22T09:51:56.000Z",45.701628,5.883551,6.5,10,16,0,null
"2020-06-22T09:56:00.000Z",45.701628,5.883551,5.5,12,16,0,null
"2020-06-22T10:00:00.000Z",45.701628,5.883551,6,11,14.5,0,null
"2020-06-22T10:04:00.000Z",45.701628,5.883551,6.5,10,13.5,0,null
"2020-06-22T10:08:03.000Z",45.701628,5.883551,7,11,16,0,null
"2020-06-22T10:12:03.000Z",45.701628,5.883551,8.75,13.5,19,0,null
"2020-06-22T10:16:03.000Z",45.701628,5.883551,7,12,15.5,0,null
"2020-06-22T10:20:08.000Z",45.701628,5.883551,12,13.5,15.5,337.5,null
"2020-06-22T10:24:08.000Z",45.701628,5.883551,11,14,17,337.5,null
"2020-06-22T10:28:08.000Z",45.701628,5.883551,10,11.5,14,337.5,null
"2020-06-22T10:32:12.000Z",45.701628,5.883551,9.75,12.5,14.5,337.5,null
"2020-06-22T10:36:12.000Z",45.701628,5.883551,12,14,15.5,337.5,null
"2020-06-22T10:40:12.000Z",45.701628,5.883551,11,12.5,15.5,0,null
"2020-06-22T10:44:16.000Z",45.701628,5.883551,9,12,14,0,null
"2020-06-22T10:48:16.000Z",45.701628,5.883551,9,10.5,12,0,null
"2020-06-22T10:52:16.000Z",45.701628,5.883551,7.75,10.5,12,337.5,null
"2020-06-22T10:56:20.000Z",45.701628,5.883551,7,9,12,337.5,null
"2020-06-22T11:00:20.000Z",45.701628,5.883551,10,13.5,16,337.5,null
"2020-06-22T11:04:20.000Z",45.701628,5.883551,11,13.5,15.5,337.5,null
"2020-06-22T11:08:24.000Z",45.701628,5.883551,9.75,11.5,12.5,337.5,null
"2020-06-22T11:12:24.000Z",45.701628,5.883551,10,11.5,15.5,337.5,null
"2020-06-22T11:16:24.000Z",45.701628,5.883551,9.5,12.5,15.5,337.5,null
"2020-06-22T11:20:29.000Z",45.701628,5.883551,10,12.5,14.5,337.5,null
"2020-06-22T11:24:29.000Z",45.701628,5.883551,12,16,19.5,337.5,null
"2020-06-22T11:28:29.000Z",45.701628,5.883551,12,16,19,337.5,null
"2020-06-22T11:32:32.000Z",45.701628,5.883551,13.5,16.5,20.5,337.5,null
"2020-06-22T11:36:32.000Z",45.701628,5.883551,13,15,16.5,337.5,null
"2020-06-22T11:40:32.000Z",45.701628,5.883551,13,15.5,19.5,337.5,null
"2020-06-22T11:44:36.000Z",45.701628,5.883551,12,14.5,18,337.5,null
"2020-06-22T11:48:36.000Z",45.701628,5.883551,13,15,17.5,337.5,null
"2020-06-22T11:52:36.000Z",45.701628,5.883551,12,14,15.5,337.5,null
"2020-06-22T11:56:41.000Z",45.701628,5.883551,12,14,16.5,315,null
"2020-06-22T12:00:41.000Z",45.701628,5.883551,9.75,13.5,18,337.5,null
"2020-06-22T12:04:41.000Z",45.701628,5.883551,14.5,16.5,20,337.5,null
"2020-06-22T12:08:44.000Z",45.701628,5.883551,12,14.5,17.5,315,null
"2020-06-22T12:12:44.000Z",45.701628,5.883551,11.5,14,16.5,315,null
"2020-06-22T12:16:44.000Z",45.701628,5.883551,13,16.5,19,337.5,null
"2020-06-22T12:20:48.000Z",45.701628,5.883551,14,16.5,19,337.5,null
"2020-06-22T12:24:48.000Z",45.701628,5.883551,14.5,17,19,337.5,null
"2020-06-22T12:28:48.000Z",45.701628,5.883551,14.5,17.5,20,337.5,null
"2020-06-22T12:32:53.000Z",45.701628,5.883551,15.5,18,21,337.5,null
"2020-06-22T12:36:53.000Z",45.701628,5.883551,13,15.5,18,337.5,null
"2020-06-22T12:40:53.000Z",45.701628,5.883551,12,13.5,15,337.5,null
"2020-06-22T12:44:56.000Z",45.701628,5.883551,13,16,19,337.5,null
"2020-06-22T12:48:56.000Z",45.701628,5.883551,15.5,18,20.5,337.5,null
"2020-06-22T12:52:56.000Z",45.701628,5.883551,15,17,19,315,null
"2020-06-22T12:57:01.000Z",45.701628,5.883551,15,17,18.5,315,null
"2020-06-22T13:01:01.000Z",45.701628,5.883551,15.5,17.5,20,315,null
"2020-06-22T13:05:01.000Z",45.701628,5.883551,15,17.5,20,315,null
"2020-06-22T13:09:04.000Z",45.701628,5.883551,16.5,19,23.5,315,null
"2020-06-22T13:13:04.000Z",45.701628,5.883551,15.5,18.5,21.5,337.5,null
"2020-06-22T13:17:04.000Z",45.701628,5.883551,17,21.5,26.5,337.5,null
"2020-06-22T13:21:09.000Z",45.701628,5.883551,19,22,25.5,337.5,null
"2020-06-22T13:25:09.000Z",45.701628,5.883551,20,22.5,25.5,337.5,null
"2020-06-22T13:29:09.000Z",45.701628,5.883551,16.5,20,24.5,337.5,null
"2020-06-22T13:33:13.000Z",45.701628,5.883551,18.5,21.5,24.5,315,null
"2020-06-22T13:37:13.000Z",45.701628,5.883551,19,22.5,27,315,null
"2020-06-22T13:41:13.000Z",45.701628,5.883551,14.5,19,24,315,null
"2020-06-22T13:45:17.000Z",45.701628,5.883551,16,20.5,23.5,315,null
"2020-06-22T13:49:17.000Z",45.701628,5.883551,17,20.5,23.5,315,null
"2020-06-22T13:53:17.000Z",45.701628,5.883551,19,23,26,315,null
"2020-06-22T13:57:21.000Z",45.701628,5.883551,15.5,22,25.5,315,null
"2020-06-22T14:01:21.000Z",45.701628,5.883551,18,21.5,25.5,315,null
"2020-06-22T14:05:21.000Z",45.701628,5.883551,18,22.5,29,315,null
"2020-06-22T14:09:25.000Z",45.701628,5.883551,18.5,21.5,24.5,315,null
"2020-06-22T14:13:25.000Z",45.701628,5.883551,18,22.5,26,315,null
"2020-06-22T14:17:25.000Z",45.701628,5.883551,18,21.5,25.5,315,null
"2020-06-22T14:21:29.000Z",45.701628,5.883551,18,23.5,28,315,null
"2020-06-22T14:25:29.000Z",45.701628,5.883551,19,23,27,315,null
"2020-06-22T14:29:29.000Z",45.701628,5.883551,18,21.5,25.5,315,null
"2020-06-22T14:33:33.000Z",45.701628,5.883551,16.5,19,24,315,null
"2020-06-22T14:37:33.000Z",45.701628,5.883551,13,18,21,315,null
"2020-06-22T14:41:33.000Z",45.701628,5.883551,16.5,20,23.5,315,null
"2020-06-22T14:45:36.000Z",45.701628,5.883551,14.5,19,23,315,null
"2020-06-22T14:49:36.000Z",45.701628,5.883551,13,17.5,22.5,315,null
"2020-06-22T14:53:36.000Z",45.701628,5.883551,16.5,20,22.5,315,null
"2020-06-22T14:57:41.000Z",45.701628,5.883551,16,19,25,315,null
"2020-06-22T15:01:41.000Z",45.701628,5.883551,16.5,19,22.5,315,null
"2020-06-22T15:05:41.000Z",45.701628,5.883551,14.5,18.5,22,315,null
"2020-06-22T15:09:45.000Z",45.701628,5.883551,11,15.5,20.5,315,null
"2020-06-22T15:13:45.000Z",45.701628,5.883551,16.5,19.5,23.5,315,null
"2020-06-22T15:17:45.000Z",45.701628,5.883551,16.5,19,23,315,null
"2020-06-22T15:21:48.000Z",45.701628,5.883551,15,17.5,20,315,null
"2020-06-22T15:25:48.000Z",45.701628,5.883551,16,20.5,24,337.5,null
"2020-06-22T15:29:48.000Z",45.701628,5.883551,15.5,19,22.5,315,null
"2020-06-22T15:33:53.000Z",45.701628,5.883551,15.5,18.5,22,315,null
"2020-06-22T15:37:53.000Z",45.701628,5.883551,14.5,17,20,315,null
"2020-06-22T15:41:53.000Z",45.701628,5.883551,13.5,15.5,17.5,315,null
"2020-06-22T15:45:57.000Z",45.701628,5.883551,13,15.5,18.5,315,null
"2020-06-22T15:49:57.000Z",45.701628,5.883551,12.5,18.5,21,315,null
"2020-06-22T15:53:57.000Z",45.701628,5.883551,16.5,19.5,23,315,null
"2020-06-22T15:58:01.000Z",45.701628,5.883551,10.5,17,23,315,null
"2020-06-22T16:02:01.000Z",45.701628,5.883551,15,16.5,18.5,315,null
"2020-06-22T16:06:01.000Z",45.701628,5.883551,14.5,18.5,26,315,null
"2020-06-22T16:10:05.000Z",45.701628,5.883551,13,16.5,20,315,null
"2020-06-22T16:14:05.000Z",45.701628,5.883551,11,13.5,15.5,337.5,null
"2020-06-22T16:18:05.000Z",45.701628,5.883551,11,13,15,337.5,null
"2020-06-22T16:22:09.000Z",45.701628,5.883551,10.5,13,16.5,337.5,null
"2020-06-22T16:26:09.000Z",45.701628,5.883551,10.5,14.5,17.5,315,null
"2020-06-22T16:30:09.000Z",45.701628,5.883551,14,15.5,17,315,null
"2020-06-22T16:34:14.000Z",45.701628,5.883551,13,16,19,315,null
"2020-06-22T16:38:14.000Z",45.701628,5.883551,11.5,14.5,18,315,null
"2020-06-22T16:42:14.000Z",45.701628,5.883551,10.5,14.5,19,315,null
"2020-06-22T16:46:17.000Z",45.701628,5.883551,12,16,20,315,null
"2020-06-22T16:50:17.000Z",45.701628,5.883551,14,16,20,315,null
"2020-06-22T16:54:17.000Z",45.701628,5.883551,12,14,16.5,315,null
"2020-06-22T16:58:21.000Z",45.701628,5.883551,10.5,16.5,20,337.5,null
"2020-06-22T17:02:21.000Z",45.701628,5.883551,14.5,17.5,20,315,null
"2020-06-22T17:06:21.000Z",45.701628,5.883551,14.5,17.5,20.5,315,null
"2020-06-22T17:10:25.000Z",45.701628,5.883551,12,15,20,315,null
"2020-06-22T17:14:25.000Z",45.701628,5.883551,12,14,17,315,null
"2020-06-22T17:18:25.000Z",45.701628,5.883551,8,13.5,19,337.5,null
"2020-06-22T17:22:30.000Z",45.701628,5.883551,14.5,16,18,315,null
"2020-06-22T17:26:30.000Z",45.701628,5.883551,10,12.5,16,337.5,null
"2020-06-22T17:30:30.000Z",45.701628,5.883551,9.75,13,18,337.5,null
"2020-06-22T17:34:33.000Z",45.701628,5.883551,13.5,16,18.5,315,null
"2020-06-22T17:38:33.000Z",45.701628,5.883551,14.5,15.5,17,315,null
"2020-06-22T17:42:33.000Z",45.701628,5.883551,11.5,14.5,18,315,null
"2020-06-22T17:46:37.000Z",45.701628,5.883551,13,18,23.5,315,null
"2020-06-22T17:50:37.000Z",45.701628,5.883551,15.5,17,19.5,315,null
"2020-06-22T17:54:37.000Z",45.701628,5.883551,14,16.5,21,315,null
"2020-06-22T17:58:41.000Z",45.701628,5.883551,13,15.5,18.5,337.5,null
"2020-06-22T18:02:41.000Z",45.701628,5.883551,14,16,18,337.5,null
"2020-06-22T18:06:41.000Z",45.701628,5.883551,13.5,16,18,315,null
"2020-06-22T18:10:46.000Z",45.701628,5.883551,14.5,17,20.5,315,null
"2020-06-22T18:14:46.000Z",45.701628,5.883551,14.5,16.5,18.5,315,null
"2020-06-22T18:18:46.000Z",45.701628,5.883551,13,16,19,315,null
"2020-06-22T18:22:50.000Z",45.701628,5.883551,13,17,19.5,315,null
"2020-06-22T18:26:50.000Z",45.701628,5.883551,15.5,18.5,21.5,315,null
"2020-06-22T18:30:50.000Z",45.701628,5.883551,14,16.5,19,315,null
"2020-06-22T18:34:54.000Z",45.701628,5.883551,15.5,18,21.5,315,null
"2020-06-22T18:38:54.000Z",45.701628,5.883551,14.5,17,19,315,null
"2020-06-22T18:42:54.000Z",45.701628,5.883551,15.5,19,21,315,null
"2020-06-22T18:46:58.000Z",45.701628,5.883551,15,18.5,20.5,337.5,null
"2020-06-22T18:50:58.000Z",45.701628,5.883551,15.5,19,21.5,337.5,null
"2020-06-22T18:54:58.000Z",45.701628,5.883551,17,20,23.5,337.5,null
"2020-06-22T18:59:01.000Z",45.701628,5.883551,18,20.5,23,337.5,null
"2020-06-22T19:03:01.000Z",45.701628,5.883551,15.5,20,23,337.5,null
"2020-06-22T19:07:01.000Z",45.701628,5.883551,19,21.5,24.5,337.5,null
"2020-06-22T19:11:06.000Z",45.701628,5.883551,16,19.5,23.5,337.5,null
"2020-06-22T19:15:06.000Z",45.701628,5.883551,13,16,18,337.5,null
"2020-06-22T19:19:06.000Z",45.701628,5.883551,13,16,21,337.5,null
"2020-06-22T19:23:10.000Z",45.701628,5.883551,14.5,18,22.5,337.5,null
"2020-06-22T19:27:10.000Z",45.701628,5.883551,14.5,18,22.5,337.5,null
"2020-06-22T19:31:10.000Z",45.701628,5.883551,12,19.5,24,315,null
"2020-06-22T19:35:13.000Z",45.701628,5.883551,17.5,21,26,315,null
"2020-06-22T19:39:13.000Z",45.701628,5.883551,13,18,22.5,337.5,null
"2020-06-22T19:43:13.000Z",45.701628,5.883551,8,11.5,18,0,null
"2020-06-22T19:47:18.000Z",45.701628,5.883551,9.5,15.5,23.5,337.5,null
"2020-06-22T19:51:18.000Z",45.701628,5.883551,8.75,17,26,337.5,null
"2020-06-22T19:55:18.000Z",45.701628,5.883551,14.5,19.5,24,315,null
"2020-06-22T19:59:22.000Z",45.701628,5.883551,15.5,21.5,28,315,null
"2020-06-22T20:03:22.000Z",45.701628,5.883551,15,19.5,26,315,null
"2020-06-22T20:07:22.000Z",45.701628,5.883551,10,15.5,23.5,337.5,null
"2020-06-22T20:11:26.000Z",45.701628,5.883551,4.5,12.5,20.5,0,null
"2020-06-22T20:15:26.000Z",45.701628,5.883551,15,19.5,24,315,null
"2020-06-22T20:19:26.000Z",45.701628,5.883551,11,17,24.5,337.5,null
"2020-06-22T20:23:30.000Z",45.701628,5.883551,6.25,10.5,16.5,22.5,null
"2020-06-22T20:27:30.000Z",45.701628,5.883551,7,11.5,15.5,0,null
"2020-06-22T20:31:30.000Z",45.701628,5.883551,5.25,11.5,18,0,null
"2020-06-22T20:35:34.000Z",45.701628,5.883551,7,10,13,0,null
"2020-06-22T20:39:34.000Z",45.701628,5.883551,5.25,9,12.5,0,null
"2020-06-22T20:43:34.000Z",45.701628,5.883551,4.5,8.25,12,0,null
"2020-06-22T20:47:38.000Z",45.701628,5.883551,4.75,8,12.5,22.5,null
"2020-06-22T20:51:38.000Z",45.701628,5.883551,6.25,11,16.5,22.5,null
"2020-06-22T20:55:38.000Z",45.701628,5.883551,4.75,9,13.5,45,null
"2020-06-22T20:59:42.000Z",45.701628,5.883551,6.25,9.75,18.5,22.5,null
"2020-06-22T21:03:42.000Z",45.701628,5.883551,7.75,11,17,0,null
"2020-06-22T21:07:42.000Z",45.701628,5.883551,4.75,11.5,20,22.5,null
"2020-06-22T21:11:46.000Z",45.701628,5.883551,4.5,11,16.5,22.5,null
"2020-06-22T21:15:46.000Z",45.701628,5.883551,8,13.5,21.5,0,null
"2020-06-22T21:19:46.000Z",45.701628,5.883551,4.5,7.25,9.75,45,null
"2020-06-22T21:23:50.000Z",45.701628,5.883551,2,6.75,12,45,null
"2020-06-22T21:27:50.000Z",45.701628,5.883551,3.5,5.75,9.5,22.5,null
"2020-06-22T21:31:50.000Z",45.701628,5.883551,2.5,4.5,7,67.5,null
"2020-06-22T21:35:55.000Z",45.701628,5.883551,1.5,3,5.5,45,null
"2020-06-22T21:39:55.000Z",45.701628,5.883551,0.25,2.75,6.25,22.5,null
"2020-06-22T21:43:55.000Z",45.701628,5.883551,1.5,3.25,4.75,45,null
"2020-06-22T21:47:58.000Z",45.701628,5.883551,2.75,5.25,7.75,45,null
"2020-06-22T21:51:58.000Z",45.701628,5.883551,2,4.75,7.25,45,null
"2020-06-22T21:55:58.000Z",45.701628,5.883551,2.5,5,7,22.5,null
"2020-06-22T22:00:03.000Z",45.701628,5.883551,4.25,6.75,10,45,null
"2020-06-22T22:04:03.000Z",45.701628,5.883551,4.5,7.75,11,45,null
"2020-06-22T22:08:03.000Z",45.701628,5.883551,3.75,7.25,9.75,45,null
"2020-06-22T22:12:07.000Z",45.701628,5.883551,2.5,7,11.5,45,null
"2020-06-22T22:16:07.000Z",45.701628,5.883551,5.5,8.25,13.5,22.5,null
"2020-06-22T22:20:07.000Z",45.701628,5.883551,5.5,10.5,16,22.5,null
"2020-06-22T22:24:10.000Z",45.701628,5.883551,7.25,12,18,22.5,null
"2020-06-22T22:28:10.000Z",45.701628,5.883551,7.25,10.5,14.5,22.5,null
"2020-06-22T22:32:10.000Z",45.701628,5.883551,4.75,9.75,15.5,22.5,null
"2020-06-22T22:36:14.000Z",45.701628,5.883551,5.25,15,26.5,0,null
"2020-06-22T22:40:14.000Z",45.701628,5.883551,11.5,19,24.5,0,null
"2020-06-22T22:44:14.000Z",45.701628,5.883551,4.25,13,22.5,0,null
"2020-06-22T22:48:18.000Z",45.701628,5.883551,3.5,7.75,12,22.5,null
"2020-06-22T22:52:18.000Z",45.701628,5.883551,4.5,9,13.5,0,null
"2020-06-22T22:56:18.000Z",45.701628,5.883551,6.25,11.5,16.5,0,null
"2020-06-22T23:00:23.000Z",45.701628,5.883551,4.25,7.75,12,22.5,null
"2020-06-22T23:04:23.000Z",45.701628,5.883551,4.25,8.5,12,22.5,null
"2020-06-22T23:08:23.000Z",45.701628,5.883551,4.5,8.5,12,45,null
"2020-06-22T23:12:27.000Z",45.701628,5.883551,3.25,7.25,13,22.5,null
"2020-06-22T23:16:27.000Z",45.701628,5.883551,4.75,9,15.5,22.5,null
"2020-06-22T23:20:27.000Z",45.701628,5.883551,4.75,11,18,0,null
"2020-06-22T23:24:30.000Z",45.701628,5.883551,3.5,7.75,14.5,22.5,null
"2020-06-22T23:28:30.000Z",45.701628,5.883551,3.5,16,24,0,null
"2020-06-22T23:32:30.000Z",45.701628,5.883551,8.75,13.5,20,0,null
"2020-06-22T23:40:14.000Z",45.701759,5.883478,4.5,12,20,0,null
"2020-06-22T23:44:14.000Z",45.701759,5.883478,2.75,5.75,10.5,45,null
"2020-06-22T23:48:14.000Z",45.701759,5.883478,0,3.75,7.75,67.5,null
"2020-06-22T23:52:17.000Z",45.701759,5.883478,2.75,5.5,8,67.5,null
"2020-06-22T23:56:17.000Z",45.701759,5.883478,4.25,6,8.25,67.5,null
"2020-06-23T00:00:17.000Z",45.701759,5.883478,2,6.5,9,90,null
"2020-06-23T00:04:22.000Z",45.701759,5.883478,2.5,5.75,9,90,null
"2020-06-23T00:08:22.000Z",45.701759,5.883478,2.75,5.25,8.75,67.5,null
"2020-06-23T00:12:22.000Z",45.701759,5.883478,4.25,6.25,9,90,null
"2020-06-23T00:16:25.000Z",45.701759,5.883478,3.5,6.25,9,67.5,null
"2020-06-23T00:20:25.000Z",45.701759,5.883478,3.75,5.5,8.25,90,null
"2020-06-23T00:24:25.000Z",45.701759,5.883478,6,7.75,10,90,null
"2020-06-23T00:29:18.000Z",45.701759,5.883478,5.5,7.5,9.75,90,null
"2020-06-23T00:33:18.000Z",45.701759,5.883478,4.25,7,10,90,null
"2020-06-23T00:37:18.000Z",45.701739,5.883571,2.5,6.5,9,90,null
"2020-06-23T00:41:21.000Z",45.701739,5.883571,2.75,5.5,9.5,90,null
"2020-06-23T00:45:21.000Z",45.701739,5.883571,1.75,5.5,9,90,null
"2020-06-23T00:49:21.000Z",45.701739,5.883571,3.25,5.75,8.25,90,null
"2020-06-23T00:53:25.000Z",45.701739,5.883571,2,4.75,8.25,90,null
"2020-06-23T00:57:25.000Z",45.701739,5.883571,1.75,4.75,9.75,90,null
"2020-06-23T01:01:25.000Z",45.701739,5.883571,1.75,3.75,6.25,90,null
"2020-06-23T01:05:29.000Z",45.701739,5.883571,2.75,6,9,90,null
"2020-06-23T01:09:29.000Z",45.701739,5.883571,0,3.25,6,112.5,null
"2020-06-23T01:13:29.000Z",45.701739,5.883571,0,1.5,4.75,135,null
"2020-06-23T01:17:34.000Z",45.701739,5.883571,2.5,4.25,5.5,157.5,null
"2020-06-23T01:21:34.000Z",45.701739,5.883571,3.25,5.25,7,135,null
"2020-06-23T01:25:34.000Z",45.701739,5.883571,0.25,3.25,5.5,157.5,null
"2020-06-23T01:29:38.000Z",45.701739,5.883571,0,2.5,4.75,157.5,null
"2020-06-23T01:33:38.000Z",45.701739,5.883571,2.5,3.75,5.25,135,null
"2020-06-23T01:37:38.000Z",45.701739,5.883571,0,2,4.75,135,null
"2020-06-23T01:41:42.000Z",45.701739,5.883571,2,4,5.25,112.5,null
"2020-06-23T01:45:42.000Z",45.701739,5.883571,1.5,2.75,3.75,112.5,null
"2020-06-23T01:49:42.000Z",45.701739,5.883571,2,3.5,6,135,null
"2020-06-23T01:53:46.000Z",45.701739,5.883571,1.75,3.5,5.25,135,null
"2020-06-23T01:57:46.000Z",45.701739,5.883571,1.75,3.75,5.25,135,null
"2020-06-23T02:01:46.000Z",45.701739,5.883571,2.5,4.25,7.25,135,null
"2020-06-23T02:05:51.000Z",45.701739,5.883571,2.5,4,6.5,135,null
"2020-06-23T02:09:51.000Z",45.701739,5.883571,1.5,3.25,5.5,112.5,null
"2020-06-23T02:13:51.000Z",45.701739,5.883571,0,0.25,2.75,90,null
"2020-06-23T02:17:55.000Z",45.701739,5.883571,0,0.25,2.5,135,null
"2020-06-23T02:21:55.000Z",45.701739,5.883571,0,0.5,3.75,135,null
"2020-06-23T02:25:55.000Z",45.701739,5.883571,0.75,3.5,5.25,157.5,null
"2020-06-23T02:29:58.000Z",45.701739,5.883571,2,3.75,5.25,135,null
"2020-06-23T02:33:58.000Z",45.701739,5.883571,0,1.5,3.25,90,null
"2020-06-23T02:37:58.000Z",45.701739,5.883571,0.25,2.75,4.25,90,null
"2020-06-23T02:42:02.000Z",45.701739,5.883571,0.75,2.5,3.75,67.5,null
"2020-06-23T02:46:02.000Z",45.701739,5.883571,0,1.75,3.75,90,null
"2020-06-23T02:50:02.000Z",45.701739,5.883571,0.75,3.25,6,135,null
"2020-06-23T02:54:06.000Z",45.701739,5.883571,2,5,6.5,135,null
"2020-06-23T02:58:06.000Z",45.701739,5.883571,3.25,5.25,7,135,null
"2020-06-23T03:02:06.000Z",45.701739,5.883571,2.5,4.75,8.25,112.5,null
"2020-06-23T03:06:10.000Z",45.701739,5.883571,2.75,5,8.25,90,null
"2020-06-23T03:10:10.000Z",45.701739,5.883571,3.5,6.25,9.75,90,null
"2020-06-23T03:14:10.000Z",45.701739,5.883571,1.5,3.25,6,90,null
"2020-06-23T03:18:14.000Z",45.701739,5.883571,2.75,4.25,5.5,90,null
"2020-06-23T03:22:14.000Z",45.701739,5.883571,0.75,2.75,4.5,90,null
"2020-06-23T03:26:14.000Z",45.701739,5.883571,0.75,3.25,6,112.5,null
"2020-06-23T03:30:18.000Z",45.701739,5.883571,3.5,5.5,7.25,112.5,null
"2020-06-23T03:34:18.000Z",45.701739,5.883571,2,5,8,112.5,null
"2020-06-23T03:38:18.000Z",45.701739,5.883571,2.5,4.75,7,112.5,null
"2020-06-23T03:42:22.000Z",45.701739,5.883571,1.5,3.75,7.25,90,null
"2020-06-23T03:46:22.000Z",45.701739,5.883571,1.75,3.25,8,112.5,null
"2020-06-23T03:50:22.000Z",45.701739,5.883571,1,2.5,4.25,112.5,null
"2020-06-23T03:54:27.000Z",45.701739,5.883571,1.75,4.25,7.25,112.5,null
"2020-06-23T03:58:27.000Z",45.701739,5.883571,2.5,4.75,9,112.5,null
"2020-06-23T04:02:27.000Z",45.701739,5.883571,0.25,4,6.5,112.5,null
"2020-06-23T04:06:30.000Z",45.701739,5.883571,2.75,5.25,7.25,112.5,null
"2020-06-23T04:10:30.000Z",45.701739,5.883571,1.5,4,8.25,112.5,null
"2020-06-23T04:14:30.000Z",45.701739,5.883571,0.75,3,6,112.5,null
"2020-06-23T04:18:34.000Z",45.701739,5.883571,0,2.75,5.5,112.5,null
"2020-06-23T04:22:34.000Z",45.701739,5.883571,0,2.25,7,225,null
"2020-06-23T04:26:34.000Z",45.701739,5.883571,0.75,4.5,7.75,180,null
"2020-06-23T04:30:39.000Z",45.701739,5.883571,1.5,4.25,7,157.5,null
"2020-06-23T04:34:39.000Z",45.701739,5.883571,0,2.5,5.5,135,null
"2020-06-23T04:38:39.000Z",45.701739,5.883571,0.25,3,5.5,112.5,null
"2020-06-23T04:42:43.000Z",45.701739,5.883571,0,3,6.25,112.5,null
"2020-06-23T04:46:43.000Z",45.701739,5.883571,0.75,3.25,6.25,112.5,null
"2020-06-23T04:50:43.000Z",45.701739,5.883571,0.75,3.75,8.25,112.5,null
"2020-06-23T04:54:46.000Z",45.701739,5.883571,0.25,3,7,90,null
"2020-06-23T04:58:46.000Z",45.701739,5.883571,0.25,3,6.5,135,null
"2020-06-23T05:02:46.000Z",45.701739,5.883571,0,3.5,7.75,112.5,null
"2020-06-23T05:06:51.000Z",45.701739,5.883571,0,1.5,5.25,112.5,null
"2020-06-23T05:10:51.000Z",45.701739,5.883571,0,0.25,1.75,180,null
"2020-06-23T05:14:51.000Z",45.701739,5.883571,0.25,3.5,6.5,157.5,null
"2020-06-23T05:18:54.000Z",45.701739,5.883571,0,1.75,4.75,135,null
"2020-06-23T05:22:54.000Z",45.701739,5.883571,0.75,3.5,7.25,157.5,null
"2020-06-23T05:26:54.000Z",45.701739,5.883571,0.25,3.25,6.5,157.5,null
"2020-06-23T05:30:59.000Z",45.701739,5.883571,0,0.5,1.75,90,null
"2020-06-23T05:34:59.000Z",45.701739,5.883571,0,0,1,112.5,null
"2020-06-23T05:38:59.000Z",45.701739,5.883571,0,0,0.25,112.5,null
"2020-06-23T05:43:03.000Z",45.701739,5.883571,0,0.75,2.5,202.5,null
"2020-06-23T05:47:03.000Z",45.701739,5.883571,0,3.25,6,202.5,null
"2020-06-23T05:51:03.000Z",45.701739,5.883571,2,3,4.5,202.5,null
"2020-06-23T05:55:07.000Z",45.701739,5.883571,1.5,3.5,5.5,202.5,null
"2020-06-23T05:59:07.000Z",45.701739,5.883571,0,3.75,6.25,202.5,null
"2020-06-23T06:03:07.000Z",45.701739,5.883571,0,0.25,2.5,112.5,null
"2020-06-23T06:07:11.000Z",45.701739,5.883571,0,1.25,5.5,112.5,null
"2020-06-23T06:11:11.000Z",45.701739,5.883571,0.75,3,8.75,135,null
"2020-06-23T06:15:11.000Z",45.701739,5.883571,0,2,6,112.5,null
"2020-06-23T06:19:15.000Z",45.701739,5.883571,0,1.75,3.5,180,null
"2020-06-23T06:23:15.000Z",45.701739,5.883571,0,1.5,4.5,90,null
"2020-06-23T06:27:15.000Z",45.701739,5.883571,0,2.75,6.5,225,null
"2020-06-23T06:31:19.000Z",45.701739,5.883571,0,4.25,9,180,null
"2020-06-23T06:35:19.000Z",45.701739,5.883571,3.25,6.75,11,67.5,null
"2020-06-23T06:39:19.000Z",45.701739,5.883571,1.75,5,9.5,67.5,null
"2020-06-23T06:43:23.000Z",45.701739,5.883571,2,5.75,9,90,null
"2020-06-23T06:47:23.000Z",45.701739,5.883571,0,2.5,7.75,135,null
"2020-06-23T06:51:23.000Z",45.701739,5.883571,1.75,7.25,12,180,null
"2020-06-23T06:55:28.000Z",45.701739,5.883571,0.25,4.5,12,180,null
"2020-06-23T06:59:28.000Z",45.701739,5.883571,0,4.5,10.5,180,null
"2020-06-23T07:03:28.000Z",45.701739,5.883571,0.25,5.5,11.5,202.5,null
"2020-06-23T07:07:31.000Z",45.701739,5.883571,0,3.5,7.75,202.5,null
"2020-06-23T07:11:31.000Z",45.701739,5.883571,1.5,4,8.75,225,null
"2020-06-23T07:15:31.000Z",45.701739,5.883571,2,4.25,6.5,225,null
"2020-06-23T07:19:36.000Z",45.701739,5.883571,2,4,5.5,247.5,null
"2020-06-23T07:23:36.000Z",45.701739,5.883571,5.25,6.5,8,225,null
"2020-06-23T07:27:36.000Z",45.701739,5.883571,7,8,9.75,225,null
"2020-06-23T07:31:40.000Z",45.701739,5.883571,5.25,7.5,8.25,247.5,null
"2020-06-23T07:35:40.000Z",45.701739,5.883571,6.25,7.75,9,247.5,null
"2020-06-23T07:39:40.000Z",45.701739,5.883571,7,8.25,10,225,null
"2020-06-23T07:43:43.000Z",45.701739,5.883571,3.75,6.75,8.25,247.5,null
"2020-06-23T07:47:43.000Z",45.701739,5.883571,3.5,5.5,7.75,247.5,null
"2020-06-23T07:51:43.000Z",45.701739,5.883571,4.75,6.75,9.5,247.5,null
"2020-06-23T07:55:47.000Z",45.701739,5.883571,3.75,6.75,8.25,270,null
"2020-06-23T07:59:47.000Z",45.701739,5.883571,5.25,7.75,11.5,247.5,null
"2020-06-23T08:03:47.000Z",45.701739,5.883571,5.25,6.5,8,247.5,null
"2020-06-23T08:07:51.000Z",45.701739,5.883571,3.5,5.5,7,247.5,null
"2020-06-23T08:11:51.000Z",45.701739,5.883571,2.75,4.5,5.5,270,null
"2020-06-23T08:15:51.000Z",45.701739,5.883571,3.75,5.25,7,247.5,null
"2020-06-23T08:19:55.000Z",45.701739,5.883571,3.25,4.5,6.25,292.5,null
"2020-06-23T08:23:55.000Z",45.701739,5.883571,3.75,5.75,8.25,292.5,null
"2020-06-23T08:27:55.000Z",45.701739,5.883571,3.75,5,7.25,292.5,null
"2020-06-23T08:32:00.000Z",45.701739,5.883571,2.5,4,5.5,292.5,null
"2020-06-23T08:36:00.000Z",45.701739,5.883571,3.25,5.5,8,292.5,null
"2020-06-23T08:40:00.000Z",45.701739,5.883571,2.75,4.5,7.25,292.5,null
"2020-06-23T08:44:04.000Z",45.701739,5.883571,1.5,3,4.5,270,null
"2020-06-23T08:48:04.000Z",45.701739,5.883571,1.75,3.75,6,270,null
"2020-06-23T08:52:04.000Z",45.701739,5.883571,3.75,4.75,5.5,270,null
"2020-06-23T08:56:07.000Z",45.701739,5.883571,3.75,5,6,270,null
"2020-06-23T09:00:07.000Z",45.701739,5.883571,3.25,4.5,6,292.5,null
"2020-06-23T09:04:07.000Z",45.701739,5.883571,3.5,4.75,6,270,null
"2020-06-23T09:08:12.000Z",45.701739,5.883571,3.25,4.5,6,270,null
"2020-06-23T09:12:12.000Z",45.701739,5.883571,3.25,4.5,5.5,270,null
"2020-06-23T09:16:12.000Z",45.701739,5.883571,3.25,4,5.25,270,null
"2020-06-23T09:20:16.000Z",45.701739,5.883571,2.5,3.75,5.25,270,null
"2020-06-23T09:24:16.000Z",45.701739,5.883571,2,3.5,4.75,270,null
"2020-06-23T09:28:16.000Z",45.701739,5.883571,1,2.5,4.25,270,null
"2020-06-23T09:32:20.000Z",45.701739,5.883571,1,2.5,3.75,247.5,null
"2020-06-23T09:36:20.000Z",45.701739,5.883571,0.75,2.75,4.75,292.5,null
"2020-06-23T09:40:20.000Z",45.701739,5.883571,2.5,4,6,270,null
"2020-06-23T09:44:24.000Z",45.701739,5.883571,2,4.75,8,292.5,null
"2020-06-23T09:48:24.000Z",45.701739,5.883571,4.5,7,10,315,null
"2020-06-23T09:52:24.000Z",45.701739,5.883571,5.25,6,7,292.5,null
"2020-06-23T09:56:28.000Z",45.701739,5.883571,3.25,5.5,9.5,315,null
"2020-06-23T10:00:28.000Z",45.701739,5.883571,7.75,9,11,315,null
"2020-06-23T10:04:28.000Z",45.701739,5.883571,5.5,9,14,292.5,null
"2020-06-23T10:08:32.000Z",45.701739,5.883571,7.25,11,14,292.5,null
"2020-06-23T10:12:32.000Z",45.701739,5.883571,9.75,12.5,14.5,292.5,null
"2020-06-23T10:16:32.000Z",45.701739,5.883571,8.25,10.5,13,315,null
"2020-06-23T10:20:36.000Z",45.701739,5.883571,5.5,9.25,12,292.5,null
"2020-06-23T10:24:36.000Z",45.701739,5.883571,5.5,8.25,11.5,315,null
"2020-06-23T10:28:36.000Z",45.701739,5.883571,8.75,11,13.5,315,null
"2020-06-23T10:32:40.000Z",45.701739,5.883571,9.5,11.5,13,315,null
"2020-06-23T10:36:40.000Z",45.701739,5.883571,9.5,12,15.5,315,null
"2020-06-23T10:40:40.000Z",45.701739,5.883571,9,11.5,15,315,null
"2020-06-23T10:44:44.000Z",45.701739,5.883571,9.5,12.5,14.5,315,null
"2020-06-23T10:48:44.000Z",45.701739,5.883571,8.25,11,13,315,null
"2020-06-23T10:52:44.000Z",45.701739,5.883571,8.75,12,14.5,315,null
"2020-06-23T10:56:48.000Z",45.701739,5.883571,11,12.5,14.5,315,null
"2020-06-23T11:00:48.000Z",45.701739,5.883571,10,12,13.5,315,null
"2020-06-23T11:04:48.000Z",45.701739,5.883571,11.5,12.5,14,315,null
"2020-06-23T11:08:52.000Z",45.701739,5.883571,10,12.5,14,315,null
"2020-06-23T11:12:52.000Z",45.701739,5.883571,11,12.5,14.5,315,null
"2020-06-23T11:16:52.000Z",45.701739,5.883571,10,13,15.5,315,null
"2020-06-23T11:20:56.000Z",45.701739,5.883571,11.5,13,14.5,315,null
"2020-06-23T11:24:56.000Z",45.701739,5.883571,10.5,11.5,13,315,null
"2020-06-23T11:28:56.000Z",45.701739,5.883571,9.75,11.5,13,315,null
"2020-06-23T11:33:00.000Z",45.701739,5.883571,7.75,11,13,337.5,null
"2020-06-23T11:37:00.000Z",45.701739,5.883571,11,11.5,13,337.5,null
"2020-06-23T11:41:00.000Z",45.701739,5.883571,10,11,12.5,337.5,null
"2020-06-23T11:45:04.000Z",45.701739,5.883571,9.5,11,12.5,315,null
"2020-06-23T11:49:04.000Z",45.701739,5.883571,10.5,11.5,12.5,315,null
"2020-06-23T11:53:04.000Z",45.701739,5.883571,8.75,10,11,337.5,null
"2020-06-23T11:57:08.000Z",45.701739,5.883571,9,10.5,11.5,315,null
"2020-06-23T12:01:08.000Z",45.701739,5.883571,7.75,9.75,11,337.5,null
"2020-06-23T12:05:08.000Z",45.701739,5.883571,7.25,9.75,12,315,null
"2020-06-23T12:09:12.000Z",45.701739,5.883571,10,11.5,12.5,315,null
"2020-06-23T12:13:12.000Z",45.701739,5.883571,11.5,14,15.5,315,null
"2020-06-23T12:17:12.000Z",45.701739,5.883571,9.75,11.5,13.5,315,null
"2020-06-23T12:21:17.000Z",45.701739,5.883571,8,10.5,12.5,315,null
"2020-06-23T12:25:17.000Z",45.701739,5.883571,9,11,13,315,null
"2020-06-23T12:29:17.000Z",45.701739,5.883571,9.5,11,12,315,null
"2020-06-23T12:33:20.000Z",45.701739,5.883571,9,10.5,12,315,null
"2020-06-23T12:37:20.000Z",45.701739,5.883571,9.5,11,12,315,null
"2020-06-23T12:41:20.000Z",45.701739,5.883571,8,9.75,11,315,null
"2020-06-23T12:45:24.000Z",45.701739,5.883571,8.25,11,12,315,null
"2020-06-23T12:49:24.000Z",45.701739,5.883571,9,10.5,12.5,315,null
"2020-06-23T12:53:24.000Z",45.701739,5.883571,8.75,10.5,11.5,315,null
"2020-06-23T12:57:29.000Z",45.701739,5.883571,9.75,11,12,315,null
"2020-06-23T13:01:29.000Z",45.701739,5.883571,9.5,10.5,12,315,null
"2020-06-23T13:05:29.000Z",45.701739,5.883571,8.75,10,11,337.5,null
"2020-06-23T13:09:33.000Z",45.701739,5.883571,7.75,9.5,11,337.5,null
"2020-06-23T13:13:33.000Z",45.701739,5.883571,8.75,10.5,11.5,337.5,null
"2020-06-23T13:17:33.000Z",45.701739,5.883571,8.75,9.75,11,337.5,null
"2020-06-23T13:21:36.000Z",45.701739,5.883571,9.5,10.5,11.5,337.5,null
"2020-06-23T13:25:36.000Z",45.701739,5.883571,10,11,12,337.5,null
"2020-06-23T13:29:36.000Z",45.701739,5.883571,10,11.5,12.5,337.5,null
"2020-06-23T13:33:41.000Z",45.701739,5.883571,10,11,11.5,337.5,null
"2020-06-23T13:37:41.000Z",45.701739,5.883571,8.75,10.5,11.5,337.5,null
"2020-06-23T13:41:41.000Z",45.701739,5.883571,7.75,9,10,337.5,null
"2020-06-23T13:45:45.000Z",45.701739,5.883571,7.25,8.25,9,337.5,null
"2020-06-23T13:49:45.000Z",45.701739,5.883571,8.25,9,10,337.5,null
"2020-06-23T13:53:45.000Z",45.701739,5.883571,7.75,8.5,9.75,337.5,null
"2020-06-23T13:57:49.000Z",45.701739,5.883571,7.25,8.75,9.75,337.5,null
"2020-06-23T14:01:49.000Z",45.701739,5.883571,8,9.25,10,337.5,null
"2020-06-23T14:05:49.000Z",45.701739,5.883571,8.75,9.25,10,337.5,null
"2020-06-23T14:09:53.000Z",45.701739,5.883571,8.75,9.75,11,337.5,null
"2020-06-23T14:13:53.000Z",45.701739,5.883571,8.25,9,9.75,337.5,null
"2020-06-23T14:17:53.000Z",45.701739,5.883571,7.75,8.75,9.75,337.5,null
"2020-06-23T14:21:57.000Z",45.701739,5.883571,8,9,9.75,337.5,null
"2020-06-23T14:25:57.000Z",45.701739,5.883571,7,7.75,9,337.5,null
"2020-06-23T14:29:57.000Z",45.701739,5.883571,6,7,7.75,337.5,null
"2020-06-23T14:34:01.000Z",45.701739,5.883571,5.5,6.5,7.25,337.5,null
"2020-06-23T14:38:01.000Z",45.701739,5.883571,5.25,6.25,7.25,337.5,null
"2020-06-23T14:42:01.000Z",45.701739,5.883571,6,8,10,337.5,null
"2020-06-23T14:46:04.000Z",45.701739,5.883571,8.25,9,9.75,337.5,null
"2020-06-23T14:50:04.000Z",45.701739,5.883571,7.75,8.25,9,337.5,null
"2020-06-23T14:54:04.000Z",45.701739,5.883571,7,7.5,8.25,337.5,null
"2020-06-23T14:58:09.000Z",45.701739,5.883571,6.5,7,7.75,337.5,null
"2020-06-23T15:02:09.000Z",45.701739,5.883571,6,6.75,7.75,337.5,null
"2020-06-23T15:06:09.000Z",45.701739,5.883571,7.25,8,9.5,337.5,null
"2020-06-23T15:10:13.000Z",45.701739,5.883571,7.25,8,9,315,null
"2020-06-23T15:14:13.000Z",45.701739,5.883571,7,8,8.75,337.5,null
"2020-06-23T15:18:13.000Z",45.701739,5.883571,7.75,8.25,8.75,337.5,null
"2020-06-23T15:22:17.000Z",45.701739,5.883571,7.25,8.5,9,337.5,null
"2020-06-23T15:26:17.000Z",45.701739,5.883571,8,8.5,8.75,337.5,null
"2020-06-23T15:30:17.000Z",45.701739,5.883571,7.75,8.25,9,337.5,null
"2020-06-23T15:34:21.000Z",45.701739,5.883571,7,7.75,9,337.5,null
"2020-06-23T15:38:21.000Z",45.701739,5.883571,7.25,7.75,8.25,337.5,null
"2020-06-23T15:42:21.000Z",45.701739,5.883571,7.25,8,8.75,315,null
"2020-06-23T15:46:25.000Z",45.701739,5.883571,8.25,8.75,10,337.5,null
"2020-06-23T15:50:25.000Z",45.701739,5.883571,8,8.5,10,337.5,null
"2020-06-23T15:54:25.000Z",45.701739,5.883571,8,9.5,10,337.5,null
"2020-06-23T15:58:29.000Z",45.701739,5.883571,8.25,9,10,337.5,null
"2020-06-23T16:02:29.000Z",45.701739,5.883571,8,8.75,9.75,337.5,null
"2020-06-23T16:06:29.000Z",45.701739,5.883571,8.25,9.5,10.5,337.5,null
"2020-06-23T16:10:33.000Z",45.701739,5.883571,8,8.75,9.5,337.5,null
"2020-06-23T16:14:33.000Z",45.701739,5.883571,7.75,8.75,9.5,337.5,null
"2020-06-23T16:18:33.000Z",45.701739,5.883571,7.25,8,9.5,337.5,null
"2020-06-23T16:22:38.000Z",45.701739,5.883571,6.5,8,9.5,337.5,null
"2020-06-23T16:26:38.000Z",45.701739,5.883571,8,8.75,9.5,337.5,null
"2020-06-23T16:30:38.000Z",45.701739,5.883571,7.25,8.5,9,337.5,null
"2020-06-23T16:34:41.000Z",45.701739,5.883571,7,8,9.5,337.5,null
"2020-06-23T16:38:41.000Z",45.701739,5.883571,6.5,8.25,9.5,337.5,null
"2020-06-23T16:42:41.000Z",45.701739,5.883571,7.25,8.25,9.5,337.5,null
"2020-06-23T16:46:45.000Z",45.701739,5.883571,7.25,8,9,337.5,null
"2020-06-23T16:50:45.000Z",45.701739,5.883571,6.5,8,9,337.5,null
"2020-06-23T16:54:45.000Z",45.701739,5.883571,7.25,8.5,10.5,315,null
"2020-06-23T16:58:49.000Z",45.701739,5.883571,6.25,8.5,11,337.5,null
"2020-06-23T17:02:49.000Z",45.701739,5.883571,5.25,9,11.5,337.5,null
"2020-06-23T17:06:49.000Z",45.701739,5.883571,6.25,7.75,9.75,337.5,null
"2020-06-23T17:10:53.000Z",45.701739,5.883571,4.75,8,11,0,null
"2020-06-23T17:14:53.000Z",45.701739,5.883571,2.75,6.75,10.5,0,null
"2020-06-23T17:18:53.000Z",45.701739,5.883571,4.25,6.5,9.5,337.5,null
"2020-06-23T17:22:58.000Z",45.701739,5.883571,5.5,9,12.5,315,null
"2020-06-23T17:26:58.000Z",45.701739,5.883571,6,10.5,13,315,null
"2020-06-23T17:30:58.000Z",45.701739,5.883571,6,9,12,315,null
"2020-06-23T17:35:01.000Z",45.701739,5.883571,7.75,12,14,315,null
"2020-06-23T17:39:01.000Z",45.701739,5.883571,9.5,11.5,13.5,315,null
"2020-06-23T17:43:01.000Z",45.701739,5.883571,7.25,9.75,12,315,null
"2020-06-23T17:47:05.000Z",45.701739,5.883571,4.75,7,9.5,0,null
"2020-06-23T17:51:05.000Z",45.701739,5.883571,5.5,9.75,14,315,null
"2020-06-23T17:55:05.000Z",45.701739,5.883571,4.75,8.25,13,337.5,null
"2020-06-23T17:59:10.000Z",45.701739,5.883571,3.5,7.75,12,337.5,null
"2020-06-23T18:03:10.000Z",45.701739,5.883571,4.25,7.75,11,0,null
"2020-06-23T18:07:10.000Z",45.701739,5.883571,4.75,7.5,9.75,0,null
"2020-06-23T18:11:14.000Z",45.701739,5.883571,5.25,8,11.5,0,null
"2020-06-23T18:15:14.000Z",45.701739,5.883571,5.5,8,11,0,null
"2020-06-23T18:19:14.000Z",45.701739,5.883571,4.75,7.25,10.5,0,null
"2020-06-23T18:23:18.000Z",45.701739,5.883571,4.5,8,10.5,0,null
"2020-06-23T18:27:18.000Z",45.701739,5.883571,5.5,8.75,13,0,null
"2020-06-23T18:31:18.000Z",45.701739,5.883571,6.5,10.5,14,0,null
"2020-06-23T18:35:22.000Z",45.701739,5.883571,6.5,10,15,0,null
"2020-06-23T18:39:22.000Z",45.701739,5.883571,8.75,12,13.5,0,null
"2020-06-23T18:43:22.000Z",45.701739,5.883571,7.75,11,14.5,0,null
"2020-06-23T18:47:26.000Z",45.701739,5.883571,10.5,14.5,18,337.5,null
"2020-06-23T18:51:26.000Z",45.701739,5.883571,14.5,16.5,19.5,337.5,null
"2020-06-23T18:55:26.000Z",45.701739,5.883571,13,16,20.5,337.5,null
"2020-06-23T18:59:30.000Z",45.701739,5.883571,12.5,15,18,315,null
"2020-06-23T19:03:30.000Z",45.701739,5.883571,12,14,16.5,337.5,null
"2020-06-23T19:07:30.000Z",45.701739,5.883571,11,14,18,337.5,null
"2020-06-23T19:11:34.000Z",45.701739,5.883571,6,10,12.5,0,null
"2020-06-23T19:15:34.000Z",45.701739,5.883571,6.25,9.75,12,0,null
"2020-06-23T19:19:34.000Z",45.701739,5.883571,7,9.75,13,0,null
"2020-06-23T19:23:38.000Z",45.701739,5.883571,6.5,9.5,12.5,0,null
"2020-06-23T19:27:38.000Z",45.701739,5.883571,6,9.5,13,22.5,null
"2020-06-23T19:31:38.000Z",45.701739,5.883571,6.25,11,14,0,null
"2020-06-23T19:35:42.000Z",45.701739,5.883571,6.5,11,14,0,null
"2020-06-23T19:39:42.000Z",45.701739,5.883571,4.75,7.5,12,0,null
"2020-06-23T19:43:42.000Z",45.701739,5.883571,4.25,8.25,14.5,22.5,null
"2020-06-23T19:47:45.000Z",45.701739,5.883571,4.25,11.5,15,22.5,null
"2020-06-23T19:51:45.000Z",45.701739,5.883571,4.25,9.5,15.5,22.5,null
"2020-06-23T19:55:45.000Z",45.701739,5.883571,4.25,7,11,22.5,null
"2020-06-23T19:59:50.000Z",45.701739,5.883571,3.75,6.25,9.5,45,null
"2020-06-23T20:03:50.000Z",45.701739,5.883571,3.75,6.75,11,22.5,null
"2020-06-23T20:07:50.000Z",45.701739,5.883571,2,6.25,10,22.5,null
"2020-06-23T20:11:54.000Z",45.701739,5.883571,3.25,7,11,22.5,null
"2020-06-23T20:15:54.000Z",45.701739,5.883571,4.25,6.75,9.75,22.5,null
"2020-06-23T20:19:54.000Z",45.701739,5.883571,2,5.5,8.75,45,null
"2020-06-23T20:23:58.000Z",45.701739,5.883571,3.5,6,8.25,22.5,null
"2020-06-23T20:27:58.000Z",45.701739,5.883571,3.5,5.5,7.25,45,null
"2020-06-23T20:31:58.000Z",45.701739,5.883571,2.75,5.5,7.75,45,null
"2020-06-23T20:36:02.000Z",45.701739,5.883571,3.25,5.5,8.25,45,null
"2020-06-23T20:40:02.000Z",45.701739,5.883571,2.5,5.75,9.75,45,null
"2020-06-23T20:44:02.000Z",45.701739,5.883571,3.25,5,8,45,null
"2020-06-23T20:48:06.000Z",45.701739,5.883571,3.25,5.75,9.75,22.5,null
"2020-06-23T20:52:06.000Z",45.701739,5.883571,3.25,5.25,8.75,45,null
"2020-06-23T20:56:06.000Z",45.701739,5.883571,4.5,7.25,11,22.5,null
"2020-06-23T21:00:10.000Z",45.701739,5.883571,3.25,6.25,9.75,45,null
"2020-06-23T21:04:10.000Z",45.701739,5.883571,2.5,3.75,5.25,45,null
"2020-06-23T21:08:10.000Z",45.701739,5.883571,3.25,5.5,8.75,45,null
"2020-06-23T21:12:14.000Z",45.701739,5.883571,2.75,5,7.75,45,null
"2020-06-23T21:16:14.000Z",45.701739,5.883571,1.75,4,8.25,45,null
"2020-06-23T21:20:14.000Z",45.701739,5.883571,3.5,5.75,8,45,null
"2020-06-23T21:24:18.000Z",45.701739,5.883571,1.5,3,6.5,45,null
"2020-06-23T21:28:18.000Z",45.701739,5.883571,2.5,5.25,8.75,22.5,null
"2020-06-23T21:32:18.000Z",45.701739,5.883571,2,7.75,16,0,null
"2020-06-23T21:36:22.000Z",45.701739,5.883571,4.25,9.75,15.5,22.5,null
"2020-06-23T21:40:22.000Z",45.701739,5.883571,4.5,8.25,12,0,null
"2020-06-23T21:44:22.000Z",45.701739,5.883571,3.25,7.25,10,0,null
"2020-06-23T21:48:26.000Z",45.701739,5.883571,0,4,8.25,337.5,null
"2020-06-23T21:52:26.000Z",45.701739,5.883571,0.25,2.75,5.25,337.5,null
"2020-06-23T21:56:26.000Z",45.701739,5.883571,0,2.5,5.25,0,null
"2020-06-23T22:00:30.000Z",45.701739,5.883571,1,3.75,5.5,90,null
"2020-06-23T22:04:30.000Z",45.701739,5.883571,3.25,5.5,10,90,null
"2020-06-23T22:08:30.000Z",45.701739,5.883571,3.5,5.25,7.75,90,null
"2020-06-23T22:12:34.000Z",45.701739,5.883571,0,3.75,7,67.5,null
"2020-06-23T22:16:34.000Z",45.701739,5.883571,0,2,4.75,67.5,null
"2020-06-23T22:20:34.000Z",45.701739,5.883571,0,1.5,6,90,null
"2020-06-23T22:24:38.000Z",45.701739,5.883571,1.5,4,6.5,90,null
"2020-06-23T22:28:38.000Z",45.701739,5.883571,3.25,5,8.25,67.5,null
"2020-06-23T22:32:38.000Z",45.701739,5.883571,2.75,5.25,8.25,90,null
"2020-06-23T22:36:43.000Z",45.701739,5.883571,2.5,4,7.75,67.5,null
"2020-06-23T22:40:43.000Z",45.701739,5.883571,3.5,5.25,7.25,90,null
"2020-06-23T22:44:43.000Z",45.701739,5.883571,3.75,7.25,9.5,90,null
"2020-06-23T22:48:46.000Z",45.701739,5.883571,3.5,5.5,7.25,90,null
"2020-06-23T22:52:46.000Z",45.701739,5.883571,4.25,5.5,7.25,90,null
"2020-06-23T22:56:46.000Z",45.701739,5.883571,4.25,6,7.25,90,null
"2020-06-23T23:00:50.000Z",45.701739,5.883571,2.75,5,7,90,null
"2020-06-23T23:04:50.000Z",45.701739,5.883571,1.5,3.75,7.75,90,null
"2020-06-23T23:08:50.000Z",45.701739,5.883571,0.75,2.5,5.5,112.5,null
"2020-06-23T23:12:54.000Z",45.701739,5.883571,1.75,3,4.5,112.5,null
"2020-06-23T23:16:54.000Z",45.701739,5.883571,2,4,5.5,90,null
"2020-06-23T23:20:54.000Z",45.701739,5.883571,2,4,6,90,null
"2020-06-23T23:24:59.000Z",45.701739,5.883571,2.75,4.25,5.25,112.5,null
"2020-06-23T23:28:59.000Z",45.701739,5.883571,3.25,5,8,112.5,null
"2020-06-23T23:32:59.000Z",45.701739,5.883571,3.25,4.75,6.25,90,null
"2020-06-23T23:41:03.000Z",45.701672,5.883631,2.75,4.75,7.75,90,null
"2020-06-23T23:45:03.000Z",45.701672,5.883631,1.75,4.5,7.25,112.5,null
"2020-06-23T23:49:03.000Z",45.701672,5.883631,2.75,6,10,90,null
"2020-06-23T23:53:06.000Z",45.701672,5.883631,3.25,7.5,11,90,null
"2020-06-23T23:57:06.000Z",45.701672,5.883631,2.5,4.25,8,112.5,null
"2020-06-24T00:01:06.000Z",45.701672,5.883631,0.75,3.75,7.75,157.5,null
"2020-06-24T00:05:11.000Z",45.701672,5.883631,4.25,8.75,13.5,225,null
"2020-06-24T00:09:11.000Z",45.701672,5.883631,3.25,6.25,8.75,180,null
"2020-06-24T00:13:11.000Z",45.701672,5.883631,1,6,9.75,180,null
"2020-06-24T00:17:15.000Z",45.701672,5.883631,2.5,4.75,7,180,null
"2020-06-24T00:21:15.000Z",45.701672,5.883631,2,4,6,180,null
"2020-06-24T00:25:15.000Z",45.701672,5.883631,0,1.25,3.75,157.5,null
"2020-06-24T00:30:01.000Z",45.701672,5.883631,0,0,0.25,45,null
"2020-06-24T00:34:01.000Z",45.701672,5.883631,0,2.5,4.5,225,null
"2020-06-24T00:38:01.000Z",45.701683,5.883475,1.75,3.5,5.5,157.5,null
"2020-06-24T00:42:05.000Z",45.701683,5.883475,2,4,6.25,112.5,null
"2020-06-24T00:46:05.000Z",45.701683,5.883475,1,4.5,7.25,90,null
"2020-06-24T00:50:05.000Z",45.701683,5.883475,0,3.75,7.25,225,null
"2020-06-24T00:54:09.000Z",45.701683,5.883475,1.75,4.25,7.25,202.5,null
"2020-06-24T00:58:09.000Z",45.701683,5.883475,1.75,3.75,5.5,202.5,null
"2020-06-24T01:02:09.000Z",45.701683,5.883475,0.75,2,3.5,157.5,null
"2020-06-24T01:06:13.000Z",45.701683,5.883475,1.75,3,4.5,135,null
"2020-06-24T01:10:13.000Z",45.701683,5.883475,0,1,3.5,135,null
"2020-06-24T01:14:13.000Z",45.701683,5.883475,0,0,0,202.5,null
"2020-06-24T01:18:17.000Z",45.701683,5.883475,0,1.25,3.75,135,null
"2020-06-24T01:22:17.000Z",45.701683,5.883475,0,1.5,5.5,112.5,null
"2020-06-24T01:26:17.000Z",45.701683,5.883475,0,2.25,4.25,225,null
"2020-06-24T01:30:21.000Z",45.701683,5.883475,0,1.75,3.75,202.5,null
"2020-06-24T01:34:21.000Z",45.701683,5.883475,0,0.25,1.5,180,null
"2020-06-24T01:38:21.000Z",45.701683,5.883475,0,0,0,90,null
"2020-06-24T01:42:25.000Z",45.701683,5.883475,0,1.5,4.5,135,null
"2020-06-24T01:46:25.000Z",45.701683,5.883475,1,2.75,5.5,135,null
"2020-06-24T01:50:25.000Z",45.701683,5.883475,1.75,4,6,135,null
"2020-06-24T01:54:30.000Z",45.701683,5.883475,1.75,4.5,8.25,112.5,null
"2020-06-24T01:58:30.000Z",45.701683,5.883475,1.5,5,7.75,112.5,null
"2020-06-24T02:02:30.000Z",45.701683,5.883475,3.5,5,6.5,112.5,null
"2020-06-24T02:06:33.000Z",45.701683,5.883475,1.75,4,6.5,112.5,null
"2020-06-24T02:10:33.000Z",45.701683,5.883475,0,1.75,3.25,90,null
"2020-06-24T02:14:33.000Z",45.701683,5.883475,1.5,2.75,4.5,112.5,null
"2020-06-24T02:18:37.000Z",45.701683,5.883475,0,0.5,2,112.5,null
"2020-06-24T02:22:37.000Z",45.701683,5.883475,0,2.75,5.5,135,null
"2020-06-24T02:26:37.000Z",45.701683,5.883475,0,1,3.75,135,null
"2020-06-24T02:30:41.000Z",45.701683,5.883475,0,0.25,1.5,67.5,null
"2020-06-24T02:34:41.000Z",45.701683,5.883475,0,1,2.75,180,null
"2020-06-24T02:38:41.000Z",45.701683,5.883475,0,3,6,202.5,null
"2020-06-24T02:42:45.000Z",45.701683,5.883475,0,2.25,5.5,135,null
"2020-06-24T02:46:45.000Z",45.701683,5.883475,0,0.5,4.25,90,null
"2020-06-24T02:50:45.000Z",45.701683,5.883475,0.25,2,4.75,112.5,null
"2020-06-24T02:54:50.000Z",45.701683,5.883475,0,4,10,90,null
"2020-06-24T02:58:50.000Z",45.701683,5.883475,1.5,6,11,90,null
"2020-06-24T03:02:50.000Z",45.701683,5.883475,0,3.75,8.25,90,null
"2020-06-24T03:06:54.000Z",45.701683,5.883475,0,3.25,6.5,180,null
"2020-06-24T03:10:54.000Z",45.701683,5.883475,0,1.25,5.5,202.5,null
"2020-06-24T03:14:54.000Z",45.701683,5.883475,0.25,2.75,4.5,180,null
"2020-06-24T03:18:57.000Z",45.701683,5.883475,1,2.75,4.75,225,null
"2020-06-24T03:22:57.000Z",45.701683,5.883475,0.25,1.75,3.5,202.5,null
"2020-06-24T03:26:57.000Z",45.701683,5.883475,0,2.25,5.25,157.5,null
"2020-06-24T03:31:02.000Z",45.701683,5.883475,0.25,2.25,5.25,157.5,null
"2020-06-24T03:35:02.000Z",45.701683,5.883475,0,4.25,8.75,180,null
"2020-06-24T03:39:02.000Z",45.701683,5.883475,1.5,5,9.75,180,null
"2020-06-24T03:43:05.000Z",45.701683,5.883475,1.5,5.5,11,157.5,null
"2020-06-24T03:47:05.000Z",45.701683,5.883475,0.25,4.75,9,157.5,null
"2020-06-24T03:51:05.000Z",45.701683,5.883475,0.75,5.75,12,157.5,null
"2020-06-24T03:55:10.000Z",45.701683,5.883475,1,7,11,180,null
"2020-06-24T03:59:10.000Z",45.701683,5.883475,2.75,10.5,13,202.5,null
"2020-06-24T04:03:10.000Z",45.701683,5.883475,5.5,11.5,15.5,202.5,null
"2020-06-24T04:07:13.000Z",45.701683,5.883475,1.75,8.75,14.5,180,null
"2020-06-24T04:11:13.000Z",45.701683,5.883475,0.25,6,14,180,null
"2020-06-24T04:15:13.000Z",45.701683,5.883475,0,4,10.5,157.5,null
"2020-06-24T04:19:17.000Z",45.701683,5.883475,0.5,5.25,9.5,157.5,null
"2020-06-24T04:23:17.000Z",45.701683,5.883475,1.75,6.25,12,157.5,null
"2020-06-24T04:27:17.000Z",45.701683,5.883475,0.75,5.25,11.5,135,null
"2020-06-24T04:31:22.000Z",45.701683,5.883475,0,3.25,7.75,135,null
"2020-06-24T04:35:22.000Z",45.701683,5.883475,0.25,4.75,11,135,null
"2020-06-24T04:39:22.000Z",45.701683,5.883475,0.25,4.75,9.5,135,null
"2020-06-24T04:43:26.000Z",45.701683,5.883475,1.5,5,11,112.5,null
"2020-06-24T04:47:26.000Z",45.701683,5.883475,1,4,7.25,112.5,null
"2020-06-24T04:51:26.000Z",45.701683,5.883475,0.75,4.75,8.75,112.5,null
"2020-06-24T04:55:29.000Z",45.701683,5.883475,3.25,8.5,18,90,null
"2020-06-24T04:59:29.000Z",45.701683,5.883475,1.75,7,13.5,90,null
"2020-06-24T05:03:29.000Z",45.701683,5.883475,3.5,8.5,14,90,null
"2020-06-24T05:07:34.000Z",45.701683,5.883475,1.5,7,14.5,112.5,null
"2020-06-24T05:11:34.000Z",45.701683,5.883475,0.75,4.25,9.75,112.5,null
"2020-06-24T05:15:34.000Z",45.701683,5.883475,2.75,6.75,10,90,null
"2020-06-24T05:19:38.000Z",45.701683,5.883475,3.25,6,9.75,90,null
"2020-06-24T05:23:38.000Z",45.701683,5.883475,2.75,5.5,9.75,112.5,null
"2020-06-24T05:27:38.000Z",45.701683,5.883475,2,4.5,7.75,112.5,null
"2020-06-24T05:31:42.000Z",45.701683,5.883475,1.75,4.5,7.25,90,null
"2020-06-24T05:35:42.000Z",45.701683,5.883475,1,3.75,7,90,null
"2020-06-24T05:39:42.000Z",45.701683,5.883475,0.25,3,5.5,135,null
"2020-06-24T05:43:46.000Z",45.701683,5.883475,0,2.5,6,157.5,null
"2020-06-24T05:47:46.000Z",45.701683,5.883475,1,4,8,157.5,null
"2020-06-24T05:51:46.000Z",45.701683,5.883475,0.75,4,7.25,157.5,null
"2020-06-24T05:55:50.000Z",45.701683,5.883475,1.5,4,6.5,157.5,null
"2020-06-24T05:59:50.000Z",45.701683,5.883475,0.25,3.75,7,157.5,null
"2020-06-24T06:03:50.000Z",45.701683,5.883475,0,4.25,7.75,157.5,null
"2020-06-24T06:07:54.000Z",45.701683,5.883475,0,1.5,6,157.5,null
"2020-06-24T06:11:54.000Z",45.701683,5.883475,0,5.5,13,90,null
"2020-06-24T06:15:54.000Z",45.701683,5.883475,0,0.75,2.75,157.5,null
"2020-06-24T06:19:58.000Z",45.701683,5.883475,0.75,5.5,11.5,90,null
"2020-06-24T06:23:58.000Z",45.701683,5.883475,1,6.5,15.5,180,null
"2020-06-24T06:27:58.000Z",45.701683,5.883475,0.75,9,16.5,180,null
"2020-06-24T06:32:02.000Z",45.701683,5.883475,2,8,14.5,180,null
"2020-06-24T06:36:02.000Z",45.701683,5.883475,0,4.75,10,135,null
"2020-06-24T06:40:02.000Z",45.701683,5.883475,0.75,7.25,15,90,null
"2020-06-24T06:44:06.000Z",45.701683,5.883475,0,4.25,17,90,null
"2020-06-24T06:48:06.000Z",45.701683,5.883475,0,5.25,17.5,90,null
"2020-06-24T06:52:06.000Z",45.701683,5.883475,0,3.5,9.75,157.5,null
"2020-06-24T06:56:11.000Z",45.701683,5.883475,0.25,4,9.5,180,null
"2020-06-24T07:00:11.000Z",45.701683,5.883475,0,2.75,6,337.5,null
"2020-06-24T07:04:11.000Z",45.701683,5.883475,1,2.5,4.25,337.5,null
"2020-06-24T07:08:14.000Z",45.701683,5.883475,1.5,2.75,4.5,337.5,null
"2020-06-24T07:12:14.000Z",45.701683,5.883475,0.25,2.25,4.25,315,null
"2020-06-24T07:16:14.000Z",45.701683,5.883475,0.75,3,5.5,292.5,null
"2020-06-24T07:20:18.000Z",45.701683,5.883475,2,3.75,6,292.5,null
"2020-06-24T07:24:18.000Z",45.701683,5.883475,2.5,5.75,9.5,292.5,null
"2020-06-24T07:28:18.000Z",45.701683,5.883475,3.75,6.25,11,292.5,null
"2020-06-24T07:32:22.000Z",45.701683,5.883475,1,5,11,270,null
"2020-06-24T07:36:22.000Z",45.701683,5.883475,4.75,7.25,12,247.5,null
"2020-06-24T07:40:22.000Z",45.701683,5.883475,3.25,5.5,7.75,247.5,null
"2020-06-24T07:44:26.000Z",45.701683,5.883475,3.5,5.75,7,247.5,null
"2020-06-24T07:48:26.000Z",45.701683,5.883475,0,3,6.5,225,null
"2020-06-24T07:52:26.000Z",45.701683,5.883475,0,1,3.5,180,null
"2020-06-24T07:56:31.000Z",45.701683,5.883475,0,1.75,4.5,247.5,null
"2020-06-24T08:00:31.000Z",45.701683,5.883475,2,4.75,8.25,225,null
"2020-06-24T08:04:31.000Z",45.701683,5.883475,1.5,3,5.5,270,null
"2020-06-24T08:08:34.000Z",45.701683,5.883475,2,5,7.75,247.5,null
"2020-06-24T08:12:34.000Z",45.701683,5.883475,3.25,5.75,8,225,null
"2020-06-24T08:16:34.000Z",45.701683,5.883475,3.75,5.5,7,247.5,null
"2020-06-24T08:20:38.000Z",45.701683,5.883475,3.5,6.25,9.5,247.5,null
"2020-06-24T08:24:38.000Z",45.701683,5.883475,5.5,8.25,10,247.5,null
"2020-06-24T08:28:38.000Z",45.701683,5.883475,4.25,7.25,9.5,247.5,null
"2020-06-24T08:32:42.000Z",45.701683,5.883475,2.75,5.25,7.25,247.5,null
"2020-06-24T08:36:42.000Z",45.701683,5.883475,1.5,3.25,6,247.5,null
"2020-06-24T08:40:42.000Z",45.701683,5.883475,3.75,5,6.25,225,null
"2020-06-24T08:44:46.000Z",45.701683,5.883475,4.75,5.75,6.75,247.5,null
"2020-06-24T08:48:46.000Z",45.701683,5.883475,5.25,6.25,7.75,247.5,null
"2020-06-24T08:52:46.000Z",45.701683,5.883475,4.5,5.5,6.25,247.5,null
"2020-06-24T08:56:51.000Z",45.701683,5.883475,4.5,5.75,6.25,247.5,null
"2020-06-24T09:00:51.000Z",45.701683,5.883475,4.75,5.75,6.5,247.5,null
"2020-06-24T09:04:51.000Z",45.701683,5.883475,2.75,4,5.5,247.5,null
"2020-06-24T09:08:54.000Z",45.701683,5.883475,3.75,5,5.5,225,null
"2020-06-24T09:12:54.000Z",45.701683,5.883475,3.5,4.75,6,225,null
"2020-06-24T09:16:54.000Z",45.701683,5.883475,2.75,4.5,5.5,225,null
"2020-06-24T09:20:59.000Z",45.701683,5.883475,2.5,3.5,4.75,247.5,null
"2020-06-24T09:24:59.000Z",45.701683,5.883475,3.25,3.75,4.5,247.5,null
"2020-06-24T09:28:59.000Z",45.701683,5.883475,3.5,4,4.5,270,null
"2020-06-24T09:33:03.000Z",45.701683,5.883475,3.25,4,4.75,270,null
"2020-06-24T09:37:03.000Z",45.701683,5.883475,3.25,4.25,5.25,270,null
"2020-06-24T09:41:03.000Z",45.701683,5.883475,2.75,3.5,4.25,270,null
"2020-06-24T09:45:07.000Z",45.701683,5.883475,2.75,4.25,5.25,270,null
"2020-06-24T09:49:07.000Z",45.701683,5.883475,3.5,4.5,5.5,270,null
"2020-06-24T09:53:07.000Z",45.701683,5.883475,3.25,3.75,4.75,270,null
"2020-06-24T09:57:11.000Z",45.701683,5.883475,2.75,3.5,4.25,270,null
"2020-06-24T10:01:11.000Z",45.701683,5.883475,2,3.25,4.5,270,null
"2020-06-24T10:05:11.000Z",45.701683,5.883475,2.75,3.75,4.25,292.5,null
"2020-06-24T10:09:15.000Z",45.701683,5.883475,2.5,3,3.75,270,null
"2020-06-24T10:13:15.000Z",45.701683,5.883475,2,2.5,3.25,292.5,null
"2020-06-24T10:17:15.000Z",45.701683,5.883475,2.5,3.25,3.75,292.5,null
"2020-06-24T10:21:19.000Z",45.701683,5.883475,2.5,3.25,3.75,292.5,null
"2020-06-24T10:25:19.000Z",45.701683,5.883475,2.5,3.5,5.5,292.5,null
"2020-06-24T10:29:19.000Z",45.701683,5.883475,3.75,5.5,7.25,315,null
"2020-06-24T10:33:23.000Z",45.701683,5.883475,4.5,6,7.25,315,null
"2020-06-24T10:37:23.000Z",45.701683,5.883475,4.5,6.25,8,315,null
"2020-06-24T10:41:23.000Z",45.701683,5.883475,7,7.75,9,337.5,null
"2020-06-24T10:45:27.000Z",45.701683,5.883475,6,7.25,8.25,337.5,null
"2020-06-24T10:49:27.000Z",45.701683,5.883475,6.25,8,9.75,337.5,null
"2020-06-24T10:53:27.000Z",45.701683,5.883475,6.25,8,10,337.5,null
"2020-06-24T10:57:31.000Z",45.701683,5.883475,7.75,8.5,9.5,337.5,null
"2020-06-24T11:01:31.000Z",45.701683,5.883475,8,9,10,337.5,null
"2020-06-24T11:05:31.000Z",45.701683,5.883475,8,9.25,10.5,337.5,null
"2020-06-24T11:09:35.000Z",45.701683,5.883475,7.25,9,10,337.5,null
"2020-06-24T11:13:35.000Z",45.701683,5.883475,8,9.25,10.5,315,null
"2020-06-24T11:17:35.000Z",45.701683,5.883475,7,8.25,9.5,315,null
"2020-06-24T11:21:39.000Z",45.701683,5.883475,6.5,8.25,9,337.5,null
"2020-06-24T11:25:39.000Z",45.701683,5.883475,6.25,8.25,9.5,337.5,null
"2020-06-24T11:29:39.000Z",45.701683,5.883475,6.25,8,10,337.5,null
"2020-06-24T11:33:43.000Z",45.701683,5.883475,8.25,10,12,337.5,null
"2020-06-24T11:37:43.000Z",45.701683,5.883475,8.75,10,11,337.5,null
"2020-06-24T11:41:43.000Z",45.701683,5.883475,8.25,10,11.5,337.5,null
"2020-06-24T11:45:47.000Z",45.701683,5.883475,8.25,10,11,337.5,null
"2020-06-24T11:49:47.000Z",45.701683,5.883475,9.5,11,12.5,337.5,null
"2020-06-24T11:53:47.000Z",45.701683,5.883475,11,12,12.5,337.5,null
"2020-06-24T11:57:51.000Z",45.701683,5.883475,11.5,12.5,13,337.5,null
"2020-06-24T12:01:51.000Z",45.701683,5.883475,11,12.5,13,337.5,null
"2020-06-24T12:05:51.000Z",45.701683,5.883475,11,12.5,13.5,315,null
"2020-06-24T12:09:55.000Z",45.701683,5.883475,11,13,14.5,337.5,null
"2020-06-24T12:13:55.000Z",45.701683,5.883475,9.5,11,12,337.5,null
"2020-06-24T12:17:55.000Z",45.701683,5.883475,9.5,11.5,12,337.5,null
"2020-06-24T12:21:59.000Z",45.701683,5.883475,8.75,11,12,337.5,null
"2020-06-24T12:25:59.000Z",45.701683,5.883475,8.25,9.75,10.5,337.5,null
"2020-06-24T12:29:59.000Z",45.701683,5.883475,7.75,9.5,12,337.5,null
"2020-06-24T12:34:04.000Z",45.701683,5.883475,10.5,11.5,12.5,337.5,null
"2020-06-24T12:38:04.000Z",45.701683,5.883475,9.5,11,12,337.5,null
"2020-06-24T12:42:04.000Z",45.701683,5.883475,9.5,10.5,11.5,337.5,null
"2020-06-24T12:46:07.000Z",45.701683,5.883475,8.25,10.5,12,337.5,null
"2020-06-24T12:50:07.000Z",45.701683,5.883475,11,12,13,337.5,null
"2020-06-24T12:54:07.000Z",45.701683,5.883475,11,12,13,337.5,null
"2020-06-24T12:58:11.000Z",45.701683,5.883475,11.5,12.5,13,337.5,null
"2020-06-24T13:02:11.000Z",45.701683,5.883475,10.5,12,12.5,315,null
"2020-06-24T13:06:11.000Z",45.701683,5.883475,9.75,11.5,12.5,315,null
"2020-06-24T13:10:16.000Z",45.701683,5.883475,9,10,12,315,null
"2020-06-24T13:14:16.000Z",45.701683,5.883475,8.75,9.5,10,315,null
"2020-06-24T13:18:16.000Z",45.701683,5.883475,8.75,9.5,10.5,315,null
"2020-06-24T13:22:20.000Z",45.701683,5.883475,8,9.5,11,315,null
"2020-06-24T13:26:20.000Z",45.701683,5.883475,7.75,8.75,9.75,315,null
"2020-06-24T13:30:20.000Z",45.701683,5.883475,8.75,10,12,315,null
"2020-06-24T13:34:24.000Z",45.701683,5.883475,11,12.5,13,315,null
"2020-06-24T13:38:24.000Z",45.701683,5.883475,8.75,12,13,337.5,null
"2020-06-24T13:42:24.000Z",45.701683,5.883475,8.75,11.5,12.5,337.5,null
"2020-06-24T13:46:28.000Z",45.701683,5.883475,11,11.5,12,337.5,null
"2020-06-24T13:50:28.000Z",45.701683,5.883475,9.75,11,11.5,337.5,null
"2020-06-24T13:54:28.000Z",45.701683,5.883475,9.5,10.5,11.5,315,null
"2020-06-24T13:58:32.000Z",45.701683,5.883475,8.25,9.75,10,337.5,null
"2020-06-24T14:02:32.000Z",45.701683,5.883475,8.25,9,9.75,337.5,null
"2020-06-24T14:06:32.000Z",45.701683,5.883475,8.75,9.75,10.5,337.5,null
"2020-06-24T14:10:36.000Z",45.701683,5.883475,8.75,10.5,11,337.5,null
"2020-06-24T14:14:36.000Z",45.701683,5.883475,9.5,10,11,337.5,null
"2020-06-24T14:18:36.000Z",45.701683,5.883475,10,10.5,11,337.5,null
"2020-06-24T14:22:40.000Z",45.701683,5.883475,7.25,9.25,10.5,315,null
"2020-06-24T14:26:40.000Z",45.701683,5.883475,7.25,8.75,9.5,315,null
"2020-06-24T14:30:40.000Z",45.701683,5.883475,8.25,9,9.75,315,null
"2020-06-24T14:34:44.000Z",45.701683,5.883475,7,9,10,315,null
"2020-06-24T14:38:44.000Z",45.701683,5.883475,8.75,9.25,9.75,315,null
"2020-06-24T14:42:44.000Z",45.701683,5.883475,8,8.5,9.5,337.5,null
"2020-06-24T14:46:48.000Z",45.701683,5.883475,8,9.5,10,337.5,null
"2020-06-24T14:50:48.000Z",45.701683,5.883475,8.25,10,11,315,null
"2020-06-24T14:54:48.000Z",45.701683,5.883475,8,9.25,11,315,null
"2020-06-24T14:58:52.000Z",45.701683,5.883475,6.5,7.25,8.25,315,null
"2020-06-24T15:02:52.000Z",45.701683,5.883475,6.5,8,9.75,315,null
"2020-06-24T15:06:52.000Z",45.701683,5.883475,8,9.25,9.75,315,null
"2020-06-24T15:10:56.000Z",45.701683,5.883475,6.25,7,8,337.5,null
"2020-06-24T15:14:56.000Z",45.701683,5.883475,5.5,8.25,10.5,315,null
"2020-06-24T15:18:56.000Z",45.701683,5.883475,9,10.5,11,337.5,null
"2020-06-24T15:23:00.000Z",45.701683,5.883475,7.25,8.5,9.5,337.5,null
"2020-06-24T15:27:00.000Z",45.701683,5.883475,7.25,8.25,9,337.5,null
"2020-06-24T15:31:00.000Z",45.701683,5.883475,3.25,6.25,8,315,null
"2020-06-24T15:35:04.000Z",45.701683,5.883475,2.75,5.25,7,315,null
"2020-06-24T15:39:04.000Z",45.701683,5.883475,0,3.25,7.25,292.5,null
"2020-06-24T15:43:04.000Z",45.701683,5.883475,0,1.75,4.5,337.5,null
"2020-06-24T15:47:08.000Z",45.701683,5.883475,0.25,2.75,5.5,0,null
"2020-06-24T15:51:08.000Z",45.701683,5.883475,2.75,5.5,7,337.5,null
"2020-06-24T15:55:08.000Z",45.701683,5.883475,2,3.75,6.25,292.5,null
"2020-06-24T15:59:12.000Z",45.701683,5.883475,1.75,4.5,8.25,292.5,null
"2020-06-24T16:03:12.000Z",45.701683,5.883475,2.5,4.5,6,292.5,null
"2020-06-24T16:07:12.000Z",45.701683,5.883475,2,3.25,4.25,0,null
"2020-06-24T16:11:16.000Z",45.701683,5.883475,3.75,6,8,292.5,null
"2020-06-24T16:15:16.000Z",45.701683,5.883475,2.75,5.75,9.75,315,null
"2020-06-24T16:19:16.000Z",45.701683,5.883475,3.5,7.5,9.5,315,null
"2020-06-24T16:23:20.000Z",45.701683,5.883475,4.5,7.25,9,0,null
"2020-06-24T16:27:20.000Z",45.701683,5.883475,3.5,6.25,10,0,null
"2020-06-24T16:31:20.000Z",45.701683,5.883475,6.5,9.25,13,315,null
"2020-06-24T16:35:24.000Z",45.701683,5.883475,7,8.75,11,337.5,null
"2020-06-24T16:39:24.000Z",45.701683,5.883475,7.75,9.5,12,337.5,null
"2020-06-24T16:43:24.000Z",45.701683,5.883475,6,8,11.5,337.5,null
"2020-06-24T16:47:28.000Z",45.701683,5.883475,2.5,7.25,10.5,0,null
"2020-06-24T16:51:28.000Z",45.701683,5.883475,8,9.5,11,337.5,null
"2020-06-24T16:55:28.000Z",45.701683,5.883475,5.25,8.25,10.5,337.5,null
"2020-06-24T16:59:32.000Z",45.701683,5.883475,7.75,8.75,10.5,315,null
"2020-06-24T17:03:32.000Z",45.701683,5.883475,6.25,7.25,8.25,337.5,null
"2020-06-24T17:07:32.000Z",45.701683,5.883475,4.75,6,6.5,337.5,null
"2020-06-24T17:11:36.000Z",45.701683,5.883475,1.75,4,6.25,337.5,null
"2020-06-24T17:15:36.000Z",45.701683,5.883475,2,4.25,7,0,null
"2020-06-24T17:19:36.000Z",45.701683,5.883475,3.25,4.75,7,337.5,null
"2020-06-24T17:23:41.000Z",45.701683,5.883475,4.5,5.75,8.75,292.5,null
"2020-06-24T17:27:41.000Z",45.701683,5.883475,2.5,3.5,4.75,337.5,null
"2020-06-24T17:31:41.000Z",45.701683,5.883475,1.75,2.75,3.5,337.5,null
"2020-06-24T17:35:44.000Z",45.701683,5.883475,2.25,3.75,5.5,315,null
"2020-06-24T17:39:44.000Z",45.701683,5.883475,3.5,4.5,5.5,337.5,null
"2020-06-24T17:43:44.000Z",45.701683,5.883475,0.25,2.75,4.25,0,null
"2020-06-24T17:47:48.000Z",45.701683,5.883475,0,2,3.25,22.5,null
"2020-06-24T17:51:48.000Z",45.701683,5.883475,0,2.5,3.25,337.5,null
"2020-06-24T17:55:48.000Z",45.701683,5.883475,1.75,2.5,3.5,0,null
"2020-06-24T17:59:52.000Z",45.701683,5.883475,0.75,2,3.5,22.5,null
"2020-06-24T18:03:52.000Z",45.701683,5.883475,0.75,2.25,4.5,0,null
"2020-06-24T18:07:52.000Z",45.701683,5.883475,2.75,4.5,6.5,315,null
"2020-06-24T18:11:57.000Z",45.701683,5.883475,1.75,3.75,5.25,337.5,null
"2020-06-24T18:15:57.000Z",45.701683,5.883475,2.75,4.25,6,22.5,null
"2020-06-24T18:19:57.000Z",45.701683,5.883475,1.75,5.5,10,292.5,null
"2020-06-24T18:24:00.000Z",45.701683,5.883475,1.5,3,4.75,315,null
"2020-06-24T18:28:00.000Z",45.701683,5.883475,3.25,4.5,6,22.5,null
"2020-06-24T18:32:00.000Z",45.701683,5.883475,2,4,5.25,0,null
"2020-06-24T18:36:05.000Z",45.701683,5.883475,1.75,5.25,9,292.5,null
"2020-06-24T18:40:05.000Z",45.701683,5.883475,3.75,8.5,13,337.5,null
"2020-06-24T18:44:05.000Z",45.701683,5.883475,8.25,11.5,12.5,0,null
"2020-06-24T18:48:09.000Z",45.701683,5.883475,5.5,8,12,22.5,null
"2020-06-24T18:52:09.000Z",45.701683,5.883475,3.5,6.25,9,22.5,null
"2020-06-24T18:56:09.000Z",45.701683,5.883475,3.5,6,9.75,0,null
"2020-06-24T19:00:12.000Z",45.701683,5.883475,3.25,8.25,13,0,null
"2020-06-24T19:04:12.000Z",45.701683,5.883475,6.25,11.5,15.5,0,null
"2020-06-24T19:08:12.000Z",45.701683,5.883475,3.25,7.5,11.5,0,null
"2020-06-24T19:12:16.000Z",45.701683,5.883475,3.75,7.5,11,0,null
"2020-06-24T19:16:16.000Z",45.701683,5.883475,4.75,8.25,11,0,null
"2020-06-24T19:20:16.000Z",45.701683,5.883475,3.5,6.25,8.25,22.5,null
"2020-06-24T19:24:21.000Z",45.701683,5.883475,0.25,4,7.25,22.5,null
"2020-06-24T19:28:21.000Z",45.701683,5.883475,0,2.25,4.75,22.5,null
"2020-06-24T19:32:21.000Z",45.701683,5.883475,0.25,2.25,4.75,270,null
"2020-06-24T19:36:25.000Z",45.701683,5.883475,1.25,4,6.25,315,null
"2020-06-24T19:40:25.000Z",45.701683,5.883475,2.5,3.75,4.75,337.5,null
"2020-06-24T19:44:25.000Z",45.701683,5.883475,1.5,2,2.75,0,null
"2020-06-24T19:48:28.000Z",45.701683,5.883475,0,2,5.25,22.5,null
"2020-06-24T19:52:28.000Z",45.701683,5.883475,0,1.25,2.75,180,null
"2020-06-24T19:56:28.000Z",45.701683,5.883475,0.75,4.25,7,180,null
"2020-06-24T20:00:33.000Z",45.701683,5.883475,1.75,3.25,4.25,180,null
"2020-06-24T20:04:33.000Z",45.701683,5.883475,0.75,2.75,5.25,180,null
"2020-06-24T20:08:33.000Z",45.701683,5.883475,0,2.5,5.25,180,null
"2020-06-24T20:12:37.000Z",45.701683,5.883475,1.5,3.25,5.25,202.5,null
"2020-06-24T20:16:37.000Z",45.701683,5.883475,0.75,2.25,3.5,180,null
"2020-06-24T20:20:37.000Z",45.701683,5.883475,1,2.25,3.25,157.5,null
"2020-06-24T20:24:41.000Z",45.701683,5.883475,1,2.5,3.75,157.5,null
"2020-06-24T20:28:41.000Z",45.701683,5.883475,0,2.25,4.75,135,null
"2020-06-24T20:32:41.000Z",45.701683,5.883475,1.5,3,5.25,112.5,null
"2020-06-24T20:36:45.000Z",45.701683,5.883475,0,0.25,2.75,135,null
"2020-06-24T20:40:45.000Z",45.701683,5.883475,1.75,3.25,5.25,135,null
"2020-06-24T20:44:45.000Z",45.701683,5.883475,2,3.75,6.5,135,null
"2020-06-24T20:48:49.000Z",45.701683,5.883475,2,3.25,5.5,135,null
"2020-06-24T20:52:49.000Z",45.701683,5.883475,0,2,3.75,135,null
"2020-06-24T20:56:49.000Z",45.701683,5.883475,0.25,2.25,4.75,112.5,null
"2020-06-24T21:00:53.000Z",45.701683,5.883475,0,1.5,3.75,135,null
"2020-06-24T21:04:53.000Z",45.701683,5.883475,0,2,4.25,90,null
"2020-06-24T21:08:53.000Z",45.701683,5.883475,1.5,3.5,6,90,null
"2020-06-24T21:12:58.000Z",45.701683,5.883475,2.5,4.5,6,90,null
"2020-06-24T21:16:58.000Z",45.701683,5.883475,2,3.75,6.25,112.5,null
"2020-06-24T21:20:58.000Z",45.701683,5.883475,2,4.5,7.25,45,null
"2020-06-24T21:25:02.000Z",45.701683,5.883475,1.75,3.75,6.25,337.5,null
"2020-06-24T21:29:02.000Z",45.701683,5.883475,0,0.75,2,315,null
"2020-06-24T21:33:02.000Z",45.701683,5.883475,0.25,2.25,4.25,112.5,null
"2020-06-24T21:37:06.000Z",45.701683,5.883475,1.75,4.25,8,112.5,null
"2020-06-24T21:41:06.000Z",45.701683,5.883475,2,3.75,5.5,112.5,null
"2020-06-24T21:45:06.000Z",45.701683,5.883475,2.5,4.5,7.25,90,null
"2020-06-24T21:49:10.000Z",45.701683,5.883475,3.75,6.75,8.75,90,null
"2020-06-24T21:53:10.000Z",45.701683,5.883475,2.75,5.25,8.25,112.5,null
"2020-06-24T21:57:10.000Z",45.701683,5.883475,3.25,5.25,9.5,112.5,null
"2020-06-24T22:01:13.000Z",45.701683,5.883475,2,4.75,8,90,null
"2020-06-24T22:05:13.000Z",45.701683,5.883475,0,2.25,5.5,22.5,null
"2020-06-24T22:09:13.000Z",45.701683,5.883475,0,2.5,5.25,45,null
"2020-06-24T22:13:18.000Z",45.701683,5.883475,2.5,4.25,7.25,90,null
"2020-06-24T22:17:18.000Z",45.701683,5.883475,4.25,6.75,8.25,90,null
"2020-06-24T22:21:18.000Z",45.701683,5.883475,3.5,6,9,90,null
"2020-06-24T22:25:21.000Z",45.701683,5.883475,1.75,4.25,8.75,90,null
"2020-06-24T22:29:21.000Z",45.701683,5.883475,0,2,4.25,0,null
"2020-06-24T22:33:21.000Z",45.701683,5.883475,0.75,3.75,7.75,90,null
"2020-06-24T22:37:25.000Z",45.701683,5.883475,1.5,4,6.5,90,null
"2020-06-24T22:41:25.000Z",45.701683,5.883475,0,1.25,2.75,112.5,null
"2020-06-24T22:45:25.000Z",45.701683,5.883475,0,1,2.75,315,null
"2020-06-24T22:49:30.000Z",45.701683,5.883475,0,2.5,4.25,112.5,null
"2020-06-24T22:53:30.000Z",45.701683,5.883475,2,3.25,4.5,112.5,null
"2020-06-24T22:57:30.000Z",45.701683,5.883475,0.25,2.5,4.75,90,null
"2020-06-24T23:01:34.000Z",45.701683,5.883475,1,2.25,3.75,90,null
"2020-06-24T23:05:34.000Z",45.701683,5.883475,3.5,5,7,90,null
"2020-06-24T23:09:34.000Z",45.701683,5.883475,2.75,4.5,5.5,90,null
"2020-06-24T23:13:38.000Z",45.701683,5.883475,2.5,4.75,7.25,90,null
"2020-06-24T23:17:38.000Z",45.701683,5.883475,2.75,5.5,7.75,90,null
"2020-06-24T23:21:38.000Z",45.701683,5.883475,1.75,3.5,6,90,null
"2020-06-24T23:25:41.000Z",45.701683,5.883475,2,3.5,7.75,45,null
"2020-06-24T23:29:41.000Z",45.701683,5.883475,0,3,7.75,22.5,null
"2020-06-24T23:33:41.000Z",45.701683,5.883475,0.25,4.5,6.25,90,null
"2020-06-24T23:41:38.000Z",45.701848,5.883357,4.5,5.75,7,90,null
"2020-06-24T23:45:38.000Z",45.701848,5.883357,2,4.5,6.25,90,null
"2020-06-24T23:49:38.000Z",45.701848,5.883357,1,3.5,6.25,90,null
"2020-06-24T23:53:42.000Z",45.701848,5.883357,0,2.25,4.75,315,null
"2020-06-24T23:57:42.000Z",45.701848,5.883357,0,1,3.25,67.5,null
"2020-06-25T00:01:42.000Z",45.701848,5.883357,1,3.25,5.25,90,null
"2020-06-25T00:05:47.000Z",45.701848,5.883357,0,1,3.25,112.5,null
"2020-06-25T00:09:47.000Z",45.701848,5.883357,1.5,2.5,3.75,135,null
"2020-06-25T00:13:47.000Z",45.701848,5.883357,0,2.25,4.25,135,null
"2020-06-25T00:17:51.000Z",45.701848,5.883357,2.5,4.5,7,112.5,null
"2020-06-25T00:21:51.000Z",45.701848,5.883357,2,3.5,5.5,90,null
"2020-06-25T00:25:51.000Z",45.701848,5.883357,2.75,4.25,5.5,90,null
"2020-06-25T00:30:47.000Z",45.701848,5.883357,2.75,4,4.75,90,null
"2020-06-25T00:34:47.000Z",45.701848,5.883357,2,3.25,5.25,67.5,null
"2020-06-25T00:38:47.000Z",45.701715,5.8835,0,1.75,4.5,67.5,null
"2020-06-25T00:42:51.000Z",45.701715,5.8835,2,3.5,5.25,112.5,null
"2020-06-25T00:46:51.000Z",45.701715,5.8835,0,1.25,3.75,112.5,null
"2020-06-25T00:50:51.000Z",45.701715,5.8835,1.5,4.25,7.25,90,null
"2020-06-25T00:54:54.000Z",45.701715,5.8835,3.25,5,6.25,90,null
"2020-06-25T00:58:54.000Z",45.701715,5.8835,3.5,5,7.25,90,null
"2020-06-25T01:02:54.000Z",45.701715,5.8835,4.5,7.25,10,90,null
"2020-06-25T01:06:59.000Z",45.701715,5.8835,2,4.5,8.5,90,null
"2020-06-25T01:10:59.000Z",45.701715,5.8835,3.25,5,7.75,90,null
"2020-06-25T01:14:59.000Z",45.701715,5.8835,2.75,5,7.25,90,null
"2020-06-25T01:19:03.000Z",45.701715,5.8835,2.75,4.75,6.5,112.5,null
"2020-06-25T01:23:03.000Z",45.701715,5.8835,2.5,4.5,6.5,90,null
"2020-06-25T01:27:03.000Z",45.701715,5.8835,0,2,5.25,67.5,null
"2020-06-25T01:31:07.000Z",45.701715,5.8835,0,2,3.5,67.5,null
"2020-06-25T01:35:07.000Z",45.701715,5.8835,0,0.75,3.25,112.5,null
"2020-06-25T01:39:07.000Z",45.701715,5.8835,1.75,3,4.75,112.5,null
"2020-06-25T01:43:10.000Z",45.701715,5.8835,2.5,4.25,6.5,67.5,null
"2020-06-25T01:47:10.000Z",45.701715,5.8835,2.75,6.5,10,22.5,null
"2020-06-25T01:51:10.000Z",45.701715,5.8835,3.25,5.75,9.5,22.5,null
"2020-06-25T01:55:15.000Z",45.701715,5.8835,2,6,12,22.5,null
"2020-06-25T01:59:15.000Z",45.701715,5.8835,8,10.5,12,0,null
"2020-06-25T02:03:15.000Z",45.701715,5.8835,7.75,10.5,12,0,null
"2020-06-25T02:07:19.000Z",45.701715,5.8835,7.75,9.75,11.5,0,null
"2020-06-25T02:11:19.000Z",45.701715,5.8835,4.5,7.75,10.5,0,null
"2020-06-25T02:15:19.000Z",45.701715,5.8835,2.75,5.5,8.75,45,null
"2020-06-25T02:19:23.000Z",45.701715,5.8835,1.75,4.25,8.25,22.5,null
"2020-06-25T02:23:23.000Z",45.701715,5.8835,1.75,7.25,11.5,0,null
"2020-06-25T02:27:23.000Z",45.701715,5.8835,6,9.25,13,337.5,null
"2020-06-25T02:31:27.000Z",45.701715,5.8835,7.75,11,14.5,337.5,null
"2020-06-25T02:35:27.000Z",45.701715,5.8835,9,11.5,13.5,337.5,null
"2020-06-25T02:39:27.000Z",45.701715,5.8835,9.75,11,13,337.5,null
"2020-06-25T02:43:31.000Z",45.701715,5.8835,1,6,12.5,0,null
"2020-06-25T02:47:31.000Z",45.701715,5.8835,0.25,2,4.25,90,null
"2020-06-25T02:51:31.000Z",45.701715,5.8835,0.75,2,3.75,112.5,null
"2020-06-25T02:55:35.000Z",45.701715,5.8835,2.75,4,5.5,90,null
"2020-06-25T02:59:35.000Z",45.701715,5.8835,1.5,3.75,7.75,90,null
"2020-06-25T03:03:35.000Z",45.701715,5.8835,2.75,3.75,4.75,90,null
"2020-06-25T03:07:39.000Z",45.701715,5.8835,1.75,3,4.5,112.5,null
"2020-06-25T03:11:39.000Z",45.701715,5.8835,3.25,5.5,8,112.5,null
"2020-06-25T03:15:39.000Z",45.701715,5.8835,2,4,7.25,112.5,null
"2020-06-25T03:19:43.000Z",45.701715,5.8835,1.5,3,4.25,90,null
"2020-06-25T03:23:43.000Z",45.701715,5.8835,0.75,2.25,3.25,90,null
"2020-06-25T03:27:43.000Z",45.701715,5.8835,0.25,2.25,3.5,90,null
"2020-06-25T03:31:48.000Z",45.701715,5.8835,2,3.25,3.75,90,null
"2020-06-25T03:35:48.000Z",45.701715,5.8835,2,2.75,3.5,90,null
"2020-06-25T03:39:48.000Z",45.701715,5.8835,1.5,2.25,3.25,90,null
"2020-06-25T03:43:51.000Z",45.701715,5.8835,1,2,2.75,90,null
"2020-06-25T03:47:51.000Z",45.701715,5.8835,2,3,4.25,90,null
"2020-06-25T03:51:51.000Z",45.701715,5.8835,0.75,1.75,4.5,112.5,null
"2020-06-25T03:55:56.000Z",45.701715,5.8835,0.75,2.5,4.5,112.5,null
"2020-06-25T03:59:56.000Z",45.701715,5.8835,1.5,3.75,6,90,null
"2020-06-25T04:03:56.000Z",45.701715,5.8835,2.5,4.5,6,90,null
"2020-06-25T04:07:59.000Z",45.701715,5.8835,2.75,5,7.75,90,null
"2020-06-25T04:11:59.000Z",45.701715,5.8835,2.75,4.25,6.25,90,null
"2020-06-25T04:15:59.000Z",45.701715,5.8835,2.75,4.25,5.25,90,null
"2020-06-25T04:20:03.000Z",45.701715,5.8835,3.25,3.75,5.25,112.5,null
"2020-06-25T04:24:03.000Z",45.701715,5.8835,2.75,4.75,5.5,112.5,null
"2020-06-25T04:28:03.000Z",45.701715,5.8835,3.25,4.75,7,112.5,null
"2020-06-25T04:32:08.000Z",45.701715,5.8835,2.75,4.5,6.25,112.5,null
"2020-06-25T04:36:08.000Z",45.701715,5.8835,1.75,3.75,6,135,null
"2020-06-25T04:40:08.000Z",45.701715,5.8835,0.25,4.5,7.25,157.5,null
"2020-06-25T04:44:11.000Z",45.701715,5.8835,0.75,3.25,6.5,157.5,null
"2020-06-25T04:48:11.000Z",45.701715,5.8835,0.25,2.75,6.5,157.5,null
"2020-06-25T04:52:11.000Z",45.701715,5.8835,2.5,5.75,9.75,157.5,null
"2020-06-25T04:56:16.000Z",45.701715,5.8835,1,5.75,9,157.5,null
"2020-06-25T05:00:16.000Z",45.701715,5.8835,0.25,4,9.5,157.5,null
"2020-06-25T05:04:16.000Z",45.701715,5.8835,0,2,5.5,157.5,null
"2020-06-25T05:08:20.000Z",45.701715,5.8835,1.5,4.25,8.25,157.5,null
"2020-06-25T05:12:20.000Z",45.701715,5.8835,0.25,3,5.5,157.5,null
"2020-06-25T05:16:20.000Z",45.701715,5.8835,0.75,3,6.25,135,null
"2020-06-25T05:20:24.000Z",45.701715,5.8835,0.75,3.75,7.25,157.5,null
"2020-06-25T05:24:24.000Z",45.701715,5.8835,2,5.25,9.75,157.5,null
"2020-06-25T05:28:24.000Z",45.701715,5.8835,1.5,4.25,9.75,157.5,null
"2020-06-25T05:32:28.000Z",45.701715,5.8835,1.75,5,9,157.5,null
"2020-06-25T05:36:28.000Z",45.701715,5.8835,0.25,5.75,10,180,null
"2020-06-25T05:40:28.000Z",45.701715,5.8835,0.25,5.75,11,180,null
"2020-06-25T05:44:32.000Z",45.701715,5.8835,4.25,7.75,11,180,null
"2020-06-25T05:48:32.000Z",45.701715,5.8835,1,4.75,9,157.5,null
"2020-06-25T05:52:32.000Z",45.701715,5.8835,0,3.25,9.5,157.5,null
"2020-06-25T05:56:36.000Z",45.701715,5.8835,2.5,7,11,180,null
"2020-06-25T06:00:36.000Z",45.701715,5.8835,1.5,6,9.75,180,null
"2020-06-25T06:04:36.000Z",45.701715,5.8835,1.5,5.75,9,180,null
"2020-06-25T06:08:40.000Z",45.701715,5.8835,3.25,6.75,9,180,null
"2020-06-25T06:12:40.000Z",45.701715,5.8835,2.5,6.25,8.25,180,null
"2020-06-25T06:16:40.000Z",45.701715,5.8835,2.5,6,8,180,null
"2020-06-25T06:20:44.000Z",45.701715,5.8835,2.75,5.5,7.75,180,null
"2020-06-25T06:24:44.000Z",45.701715,5.8835,0,4,7,180,null
"2020-06-25T06:28:44.000Z",45.701715,5.8835,0.25,4,6,180,null
"2020-06-25T06:32:48.000Z",45.701715,5.8835,0.25,3,5.5,180,null
"2020-06-25T06:36:48.000Z",45.701715,5.8835,2,4.75,6.25,180,null
"2020-06-25T06:40:48.000Z",45.701715,5.8835,2.75,5,6.25,202.5,null
"2020-06-25T06:44:52.000Z",45.701715,5.8835,2.75,5,6.5,202.5,null
"2020-06-25T06:48:52.000Z",45.701715,5.8835,2.75,5.25,7,202.5,null
"2020-06-25T06:52:52.000Z",45.701715,5.8835,4.75,7,8.75,202.5,null
"2020-06-25T06:56:56.000Z",45.701715,5.8835,1.5,6.25,8.25,202.5,null
"2020-06-25T07:00:56.000Z",45.701715,5.8835,3.75,6,8,180,null
"2020-06-25T07:04:56.000Z",45.701715,5.8835,2.5,5,7,180,null
"2020-06-25T07:09:01.000Z",45.701715,5.8835,2.75,6.5,8.75,180,null
"2020-06-25T07:13:01.000Z",45.701715,5.8835,4.5,7.5,9,180,null
"2020-06-25T07:17:01.000Z",45.701715,5.8835,3.25,7,8.75,202.5,null
"2020-06-25T07:21:04.000Z",45.701715,5.8835,2.5,5.75,7.75,180,null
"2020-06-25T07:25:04.000Z",45.701715,5.8835,4.75,7,8.75,202.5,null
"2020-06-25T07:29:04.000Z",45.701715,5.8835,3.5,5.5,7.75,180,null
"2020-06-25T07:33:08.000Z",45.701715,5.8835,1.5,4,6,180,null
"2020-06-25T07:37:08.000Z",45.701715,5.8835,4.75,6.25,7.25,180,null
"2020-06-25T07:41:08.000Z",45.701715,5.8835,3.25,5.25,7,202.5,null
"2020-06-25T07:45:12.000Z",45.701715,5.8835,1.75,4.25,6.25,202.5,null
"2020-06-25T07:49:12.000Z",45.701715,5.8835,0,2.5,4.5,202.5,null
"2020-06-25T07:53:12.000Z",45.701715,5.8835,1.5,4,5.25,202.5,null
"2020-06-25T07:57:16.000Z",45.701715,5.8835,2,3.25,4.5,202.5,null
"2020-06-25T08:01:16.000Z",45.701715,5.8835,0.25,1.25,2.5,225,null
"2020-06-25T08:05:16.000Z",45.701715,5.8835,0.75,1.5,2.5,270,null
"2020-06-25T08:09:20.000Z",45.701715,5.8835,1.75,3.75,5.5,315,null
"2020-06-25T08:13:20.000Z",45.701715,5.8835,3.75,5.75,8.25,337.5,null
"2020-06-25T08:17:20.000Z",45.701715,5.8835,4.75,6.5,7.75,315,null
"2020-06-25T08:21:25.000Z",45.701715,5.8835,5.5,6.5,7.25,315,null
"2020-06-25T08:25:25.000Z",45.701715,5.8835,4.75,5.5,7,337.5,null
"2020-06-25T08:29:25.000Z",45.701715,5.8835,4.75,6,7.25,315,null
"2020-06-25T08:33:29.000Z",45.701715,5.8835,5.25,6.5,7.75,292.5,null
"2020-06-25T08:37:29.000Z",45.701715,5.8835,4.5,6,6.5,315,null
"2020-06-25T08:41:29.000Z",45.701715,5.8835,3.5,4.75,5.5,315,null
"2020-06-25T08:45:33.000Z",45.701715,5.8835,3.25,4,4.5,292.5,null
"2020-06-25T08:49:33.000Z",45.701715,5.8835,3.25,4,5.5,315,null
"2020-06-25T08:53:33.000Z",45.701715,5.8835,3.5,5,5.5,315,null
"2020-06-25T08:57:36.000Z",45.701715,5.8835,3.25,4,4.75,315,null
"2020-06-25T09:01:36.000Z",45.701715,5.8835,2.75,3.75,5.25,315,null
"2020-06-25T09:05:36.000Z",45.701715,5.8835,4.5,5.25,6.25,315,null
"2020-06-25T09:09:40.000Z",45.701715,5.8835,4.75,5.5,6.25,315,null
"2020-06-25T09:13:40.000Z",45.701715,5.8835,4.25,5.25,6.25,315,null
"2020-06-25T09:17:40.000Z",45.701715,5.8835,4.25,4.75,6,315,null
"2020-06-25T09:21:45.000Z",45.701715,5.8835,3.75,4.75,6,292.5,null
"2020-06-25T09:25:45.000Z",45.701715,5.8835,4.25,5.25,6,292.5,null
"2020-06-25T09:29:45.000Z",45.701715,5.8835,3.5,4.75,6,292.5,null
"2020-06-25T09:33:49.000Z",45.701715,5.8835,2.5,3.25,3.75,315,null
"2020-06-25T09:37:49.000Z",45.701715,5.8835,2.5,4,4.75,315,null
"2020-06-25T09:41:49.000Z",45.701715,5.8835,4.5,5.25,6.25,337.5,null
"2020-06-25T09:45:53.000Z",45.701715,5.8835,4.25,5,5.75,315,null
"2020-06-25T09:49:53.000Z",45.701715,5.8835,3.75,5,6.5,315,null
"2020-06-25T09:53:53.000Z",45.701715,5.8835,5.25,6.75,7.75,315,null
"2020-06-25T09:57:56.000Z",45.701715,5.8835,6,7,8,315,null
"2020-06-25T10:01:56.000Z",45.701715,5.8835,4.5,6,7,315,null
"2020-06-25T10:05:56.000Z",45.701715,5.8835,4.5,5.5,6.5,315,null
"2020-06-25T10:10:01.000Z",45.701715,5.8835,3.75,4.75,6.25,315,null
"2020-06-25T10:14:01.000Z",45.701715,5.8835,2.75,3.25,4.25,337.5,null
"2020-06-25T10:18:01.000Z",45.701715,5.8835,2.75,3.5,4.25,337.5,null
"2020-06-25T10:22:05.000Z",45.701715,5.8835,2.5,3.25,5.5,315,null
"2020-06-25T10:26:05.000Z",45.701715,5.8835,4.25,6,7.25,315,null
"2020-06-25T10:30:05.000Z",45.701715,5.8835,4.5,5.5,6.5,315,null
"2020-06-25T10:34:09.000Z",45.701715,5.8835,4.25,5.25,6,315,null
"2020-06-25T10:38:09.000Z",45.701715,5.8835,4.75,6,7,315,null
"2020-06-25T10:42:09.000Z",45.701715,5.8835,5.5,7.5,9.5,315,null
"2020-06-25T10:46:12.000Z",45.701715,5.8835,7,8.25,9,315,null
"2020-06-25T10:50:12.000Z",45.701715,5.8835,6.5,7.5,8.25,292.5,null
"2020-06-25T10:54:12.000Z",45.701715,5.8835,6.25,7.25,8,292.5,null
"2020-06-25T10:58:17.000Z",45.701715,5.8835,3.75,5.25,7.25,315,null
"2020-06-25T11:02:17.000Z",45.701715,5.8835,4.25,5.75,7.25,315,null
"2020-06-25T11:06:17.000Z",45.701715,5.8835,4.75,5.75,6.5,315,null
"2020-06-25T11:10:21.000Z",45.701715,5.8835,4.5,5.5,6.25,315,null
"2020-06-25T11:14:21.000Z",45.701715,5.8835,4.25,5.5,7.25,315,null
"2020-06-25T11:18:21.000Z",45.701715,5.8835,6.25,7.25,8,315,null
"2020-06-25T11:22:25.000Z",45.701715,5.8835,5.5,7,8,315,null
"2020-06-25T11:26:25.000Z",45.701715,5.8835,7,8,9,315,null
"2020-06-25T11:30:25.000Z",45.701715,5.8835,7,8.75,9.75,315,null
"2020-06-25T11:34:29.000Z",45.701715,5.8835,7,8.75,10,315,null
"2020-06-25T11:38:29.000Z",45.701715,5.8835,7.25,8.25,9.5,315,null
"2020-06-25T11:42:29.000Z",45.701715,5.8835,7.75,8.5,9.75,315,null
"2020-06-25T11:46:33.000Z",45.701715,5.8835,8,9.5,11,315,null
"2020-06-25T11:50:33.000Z",45.701715,5.8835,7.25,9,10.5,315,null
"2020-06-25T11:54:33.000Z",45.701715,5.8835,8,9.25,11,315,null
"2020-06-25T11:58:37.000Z",45.701715,5.8835,8,9.25,11,315,null
"2020-06-25T12:02:37.000Z",45.701715,5.8835,8,9,10.5,315,null
"2020-06-25T12:06:37.000Z",45.701715,5.8835,7,8.75,10.5,315,null
"2020-06-25T12:10:41.000Z",45.701715,5.8835,8,9.5,10.5,315,null
"2020-06-25T12:14:41.000Z",45.701715,5.8835,7,8.5,10.5,315,null
"2020-06-25T12:18:41.000Z",45.701715,5.8835,7,8.25,9.75,337.5,null
"2020-06-25T12:22:45.000Z",45.701715,5.8835,8.75,10,11,337.5,null
"2020-06-25T12:26:45.000Z",45.701715,5.8835,8,9.75,11,337.5,null
"2020-06-25T12:30:45.000Z",45.701715,5.8835,9.5,10.5,12,337.5,null
"2020-06-25T12:34:49.000Z",45.701715,5.8835,8,9.25,11,337.5,null
"2020-06-25T12:38:49.000Z",45.701715,5.8835,8.25,10.5,13,337.5,null
"2020-06-25T12:42:49.000Z",45.701715,5.8835,8.25,10.5,12,337.5,null
"2020-06-25T12:46:53.000Z",45.701715,5.8835,9.5,11.5,13,337.5,null
"2020-06-25T12:50:53.000Z",45.701715,5.8835,7,9.25,12,337.5,null
"2020-06-25T12:54:53.000Z",45.701715,5.8835,6.5,7.75,9,315,null
"2020-06-25T12:58:57.000Z",45.701715,5.8835,6.25,8.25,10,315,null
"2020-06-25T13:02:57.000Z",45.701715,5.8835,7,8.25,9.75,337.5,null
"2020-06-25T13:06:57.000Z",45.701715,5.8835,6.25,8.75,10,337.5,null
"2020-06-25T13:11:01.000Z",45.701715,5.8835,6.25,9,11,337.5,null
"2020-06-25T13:15:01.000Z",45.701715,5.8835,7,9.25,11.5,315,null
"2020-06-25T13:19:01.000Z",45.701715,5.8835,3.5,7,9,315,null
"2020-06-25T13:23:05.000Z",45.701715,5.8835,1.5,3.5,6.5,337.5,null
"2020-06-25T13:27:05.000Z",45.701715,5.8835,2.75,7.25,11,315,null
"2020-06-25T13:31:05.000Z",45.701715,5.8835,3.75,7.5,11,337.5,null
"2020-06-25T13:35:10.000Z",45.701715,5.8835,3.25,6.25,9.5,0,null
"2020-06-25T13:39:10.000Z",45.701715,5.8835,5.25,6.75,9,337.5,null
"2020-06-25T13:43:10.000Z",45.701715,5.8835,4.5,6.5,9,337.5,null
"2020-06-25T13:47:14.000Z",45.701715,5.8835,5.25,8.5,11,0,null
"2020-06-25T13:51:14.000Z",45.701715,5.8835,0.25,4.5,8.75,315,null
"2020-06-25T13:55:14.000Z",45.701715,5.8835,0.25,5.75,10.5,270,null
"2020-06-25T13:59:17.000Z",45.701715,5.8835,0,3.75,7.75,270,null
"2020-06-25T14:03:17.000Z",45.701715,5.8835,0,4,14,270,null
"2020-06-25T14:07:17.000Z",45.701715,5.8835,0,2.5,8,337.5,null
"2020-06-25T14:11:21.000Z",45.701715,5.8835,0,6.25,12.5,337.5,null
"2020-06-25T14:15:21.000Z",45.701715,5.8835,2.5,7.5,16.5,315,null
"2020-06-25T14:19:21.000Z",45.701715,5.8835,6.5,9.75,13,247.5,null
"2020-06-25T14:23:25.000Z",45.701715,5.8835,0,3.5,8.25,202.5,null
"2020-06-25T14:27:25.000Z",45.701715,5.8835,0,6.25,13,225,null
"2020-06-25T14:31:25.000Z",45.701715,5.8835,1,4.75,11.5,225,null
"2020-06-25T14:35:30.000Z",45.701715,5.8835,0,3.75,9,180,null
"2020-06-25T14:39:30.000Z",45.701715,5.8835,0,2.5,5.5,225,null
"2020-06-25T14:43:30.000Z",45.701715,5.8835,2.75,6.25,10.5,225,null
"2020-06-25T14:47:33.000Z",45.701715,5.8835,3.25,8,13,247.5,null
"2020-06-25T14:51:33.000Z",45.701715,5.8835,4.25,6.75,13.5,270,null
"2020-06-25T14:55:33.000Z",45.701715,5.8835,1,4.5,8.75,270,null
"2020-06-25T14:59:38.000Z",45.701715,5.8835,0.25,4.75,8.25,292.5,null
"2020-06-25T15:03:38.000Z",45.701715,5.8835,1,4,6.5,247.5,null
"2020-06-25T15:07:38.000Z",45.701715,5.8835,1.5,4.5,7.75,247.5,null
"2020-06-25T15:11:42.000Z",45.701715,5.8835,0.75,4.25,7,292.5,null
"2020-06-25T15:15:42.000Z",45.701715,5.8835,0.75,5.5,9.75,270,null
"2020-06-25T15:19:42.000Z",45.701715,5.8835,2,5.25,9.75,270,null
"2020-06-25T15:23:46.000Z",45.701715,5.8835,0,3.25,9.5,270,null
"2020-06-25T15:27:46.000Z",45.701715,5.8835,2.5,5.75,13.5,315,null
"2020-06-25T15:31:46.000Z",45.701715,5.8835,3.75,8.5,15.5,315,null
"2020-06-25T15:35:50.000Z",45.701715,5.8835,0,2,4.25,315,null
"2020-06-25T15:39:50.000Z",45.701715,5.8835,0.25,3.5,7.75,292.5,null
"2020-06-25T15:43:50.000Z",45.701715,5.8835,0,2.75,8.75,292.5,null
"2020-06-25T15:47:54.000Z",45.701715,5.8835,0,0.25,1,202.5,null
"2020-06-25T15:51:54.000Z",45.701715,5.8835,0,0.75,5.25,315,null
"2020-06-25T15:55:54.000Z",45.701715,5.8835,1.5,3.5,7.25,292.5,null
"2020-06-25T15:59:58.000Z",45.701715,5.8835,0.75,5.5,9.75,225,null
"2020-06-25T16:03:58.000Z",45.701715,5.8835,0,0.75,4.25,202.5,null
"2020-06-25T16:07:58.000Z",45.701715,5.8835,0,1.25,4.5,247.5,null
"2020-06-25T16:12:02.000Z",45.701715,5.8835,0,5,9.75,270,null
"2020-06-25T16:16:02.000Z",45.701715,5.8835,1.75,4,7.75,292.5,null
"2020-06-25T16:20:02.000Z",45.701715,5.8835,1.75,7.25,13,225,null
"2020-06-25T16:24:07.000Z",45.701715,5.8835,0.25,3.25,7,270,null
"2020-06-25T16:28:07.000Z",45.701715,5.8835,0,0.5,3.5,270,null
"2020-06-25T16:32:07.000Z",45.701715,5.8835,1.5,3.25,4.5,247.5,null
"2020-06-25T16:36:10.000Z",45.701715,5.8835,2,6,12,292.5,null
"2020-06-25T16:40:10.000Z",45.701715,5.8835,3.75,7.5,12,247.5,null
"2020-06-25T16:44:10.000Z",45.701715,5.8835,0,2.5,4.75,180,null
"2020-06-25T16:48:14.000Z",45.701715,5.8835,0,3.25,6,292.5,null
"2020-06-25T16:52:14.000Z",45.701715,5.8835,0,1.75,3.75,22.5,null
"2020-06-25T16:56:14.000Z",45.701715,5.8835,0,3.5,7,292.5,null
"2020-06-25T17:00:18.000Z",45.701715,5.8835,1,3.25,6.25,315,null
"2020-06-25T17:04:18.000Z",45.701715,5.8835,0,2.75,6,337.5,null
"2020-06-25T17:08:18.000Z",45.701715,5.8835,3.25,4.75,6.25,270,null
"2020-06-25T17:12:23.000Z",45.701715,5.8835,4.25,5.75,7.25,270,null
"2020-06-25T17:16:23.000Z",45.701715,5.8835,1.5,3.25,4.75,315,null
"2020-06-25T17:20:23.000Z",45.701715,5.8835,0,1.25,3.25,22.5,null
"2020-06-25T17:24:27.000Z",45.701715,5.8835,0,3.5,6.25,292.5,null
"2020-06-25T17:28:27.000Z",45.701715,5.8835,1,2.25,4.75,292.5,null
"2020-06-25T17:32:27.000Z",45.701715,5.8835,0,1,2.5,292.5,null
"2020-06-25T17:36:31.000Z",45.701715,5.8835,0,3.25,6.25,292.5,null
"2020-06-25T17:40:31.000Z",45.701715,5.8835,1.5,3.5,5.25,292.5,null
"2020-06-25T17:44:31.000Z",45.701715,5.8835,0.25,2,4.5,292.5,null
"2020-06-25T17:48:34.000Z",45.701715,5.8835,1,2.5,4.5,315,null
"2020-06-25T17:52:34.000Z",45.701715,5.8835,2.75,3.75,5.25,337.5,null
"2020-06-25T17:56:34.000Z",45.701715,5.8835,3.25,4.25,6,315,null
"2020-06-25T18:00:38.000Z",45.701715,5.8835,2.75,5.25,10,292.5,null
"2020-06-25T18:04:38.000Z",45.701715,5.8835,3.5,5.5,7.75,292.5,null
"2020-06-25T18:08:38.000Z",45.701715,5.8835,0,1.75,3.75,315,null
"2020-06-25T18:12:42.000Z",45.701715,5.8835,0,0,0,247.5,null
"2020-06-25T18:16:42.000Z",45.701715,5.8835,0,1.25,3.5,337.5,null
"2020-06-25T18:20:42.000Z",45.701715,5.8835,0,2.5,3.75,45,null
"2020-06-25T18:24:46.000Z",45.701715,5.8835,1.5,2.75,4.25,315,null
"2020-06-25T18:28:46.000Z",45.701715,5.8835,1.5,3.5,6.25,270,null
"2020-06-25T18:32:46.000Z",45.701715,5.8835,1.75,3,3.75,292.5,null
"2020-06-25T18:36:51.000Z",45.701715,5.8835,2.5,3.25,4.25,337.5,null
"2020-06-25T18:40:51.000Z",45.701715,5.8835,0,2.5,3.5,337.5,null
"2020-06-25T18:44:51.000Z",45.701715,5.8835,0,1.75,5.25,202.5,null
"2020-06-25T18:48:54.000Z",45.701715,5.8835,0,1,2.5,202.5,null
"2020-06-25T18:52:54.000Z",45.701715,5.8835,2,3.25,4.25,180,null
"2020-06-25T18:56:54.000Z",45.701715,5.8835,0,1.25,2.5,157.5,null
"2020-06-25T19:00:59.000Z",45.701715,5.8835,1,2.25,4.75,135,null
"2020-06-25T19:04:59.000Z",45.701715,5.8835,0,2.5,6,135,null
"2020-06-25T19:08:59.000Z",45.701715,5.8835,0,1.5,6,225,null
"2020-06-25T19:13:03.000Z",45.701715,5.8835,1.75,5,10,225,null
"2020-06-25T19:17:03.000Z",45.701715,5.8835,4.5,7.25,9.75,180,null
"2020-06-25T19:21:03.000Z",45.701715,5.8835,3.25,5.75,9,157.5,null
"2020-06-25T19:25:07.000Z",45.701715,5.8835,0.75,2.5,6,135,null
"2020-06-25T19:29:07.000Z",45.701715,5.8835,0.75,2,4.75,135,null
"2020-06-25T19:33:07.000Z",45.701715,5.8835,0,0.5,2,157.5,null
"2020-06-25T19:37:11.000Z",45.701715,5.8835,0.25,2.75,5.5,112.5,null
"2020-06-25T19:41:11.000Z",45.701715,5.8835,4.25,5.5,6.5,112.5,null
"2020-06-25T19:45:11.000Z",45.701715,5.8835,1.5,4,6,90,null
"2020-06-25T19:49:14.000Z",45.701715,5.8835,1.75,3.5,5.5,67.5,null
"2020-06-25T19:53:14.000Z",45.701715,5.8835,0,0.75,3.25,90,null
"2020-06-25T19:57:14.000Z",45.701715,5.8835,0,3,5.25,247.5,null
"2020-06-25T20:01:18.000Z",45.701715,5.8835,2.75,3.75,4.75,225,null
"2020-06-25T20:05:18.000Z",45.701715,5.8835,0.75,2,3.5,202.5,null
"2020-06-25T20:09:18.000Z",45.701715,5.8835,0,0.25,1.5,157.5,null
"2020-06-25T20:13:23.000Z",45.701715,5.8835,0.75,2,3.75,135,null
"2020-06-25T20:17:23.000Z",45.701715,5.8835,2.5,4.25,6.25,90,null
"2020-06-25T20:21:23.000Z",45.701715,5.8835,2.75,5.25,7.25,90,null
"2020-06-25T20:25:26.000Z",45.701715,5.8835,0.75,2.75,4.5,90,null
"2020-06-25T20:29:26.000Z",45.701715,5.8835,0.25,2.5,3.5,90,null
"2020-06-25T20:33:26.000Z",45.701715,5.8835,0.25,2.5,5.5,112.5,null
"2020-06-25T20:37:31.000Z",45.701715,5.8835,2,4,5.75,90,null
"2020-06-25T20:41:31.000Z",45.701715,5.8835,0,0.25,2.5,112.5,null
"2020-06-25T20:45:31.000Z",45.701715,5.8835,0,2.5,5.25,67.5,null
"2020-06-25T20:49:35.000Z",45.701715,5.8835,0,1.5,3.5,67.5,null
"2020-06-25T20:53:35.000Z",45.701715,5.8835,0,0.5,2,90,null
"2020-06-25T20:57:35.000Z",45.701715,5.8835,0,0,0,90,null
"2020-06-25T21:01:39.000Z",45.701715,5.8835,0,0.75,1.75,90,null
"2020-06-25T21:05:39.000Z",45.701715,5.8835,0,1.75,3.5,90,null
"2020-06-25T21:09:39.000Z",45.701715,5.8835,0,0.75,3.5,270,null
"2020-06-25T21:13:43.000Z",45.701715,5.8835,0,1,3.75,292.5,null
"2020-06-25T21:17:43.000Z",45.701715,5.8835,0.25,1.5,2.75,45,null
"2020-06-25T21:21:43.000Z",45.701715,5.8835,1.75,2.75,3.75,45,null
"2020-06-25T21:25:48.000Z",45.701715,5.8835,0,1.75,3.5,90,null
"2020-06-25T21:29:48.000Z",45.701715,5.8835,0,0.25,1,90,null
"2020-06-25T21:33:48.000Z",45.701715,5.8835,0,0,0,67.5,null
"2020-06-25T21:37:51.000Z",45.701715,5.8835,0.25,2.75,5.25,90,null
"2020-06-25T21:41:51.000Z",45.701715,5.8835,2.5,3.75,5.25,90,null
"2020-06-25T21:45:51.000Z",45.701715,5.8835,0.25,1.75,4.25,135,null
"2020-06-25T21:49:55.000Z",45.701715,5.8835,0,1,2.5,135,null
"2020-06-25T21:53:55.000Z",45.701715,5.8835,0.25,2,3.75,112.5,null
"2020-06-25T21:57:55.000Z",45.701715,5.8835,0,2,5.5,157.5,null
"2020-06-25T22:02:00.000Z",45.701715,5.8835,0,2,3.75,135,null
"2020-06-25T22:06:00.000Z",45.701715,5.8835,0,4.75,16.5,270,null
"2020-06-25T22:10:00.000Z",45.701715,5.8835,3.75,8.25,16,270,null
"2020-06-25T22:14:03.000Z",45.701715,5.8835,0.25,4.5,9.75,270,null
"2020-06-25T22:18:03.000Z",45.701715,5.8835,0,4,8,135,null
"2020-06-25T22:22:03.000Z",45.701715,5.8835,0,2,6.5,135,null
"2020-06-25T22:26:07.000Z",45.701715,5.8835,1.75,3,4.75,180,null
"2020-06-25T22:30:07.000Z",45.701715,5.8835,2.5,4,6,157.5,null
"2020-06-25T22:34:07.000Z",45.701715,5.8835,1,2.75,4.75,157.5,null
"2020-06-25T22:38:12.000Z",45.701715,5.8835,0,1,2.5,112.5,null
"2020-06-25T22:42:12.000Z",45.701715,5.8835,0,0.25,1.5,135,null
"2020-06-25T22:46:12.000Z",45.701715,5.8835,0,1.5,3.25,90,null
"2020-06-25T22:50:15.000Z",45.701715,5.8835,1.5,2.25,3.75,90,null
"2020-06-25T22:54:15.000Z",45.701715,5.8835,3.75,6.25,8.25,90,null
"2020-06-25T22:58:15.000Z",45.701715,5.8835,2,4,6.5,67.5,null
"2020-06-25T23:02:19.000Z",45.701715,5.8835,2.75,5,7.25,67.5,null
"2020-06-25T23:06:19.000Z",45.701715,5.8835,2.75,4.75,7,67.5,null
"2020-06-25T23:10:19.000Z",45.701715,5.8835,0,2.25,5.5,67.5,null
"2020-06-25T23:14:24.000Z",45.701715,5.8835,0.25,2,4.5,90,null
"2020-06-25T23:18:24.000Z",45.701715,5.8835,0,1.75,4.25,112.5,null
"2020-06-25T23:22:24.000Z",45.701715,5.8835,2.5,4.25,5.5,90,null
"2020-06-25T23:26:28.000Z",45.701715,5.8835,2.75,5.25,8.25,90,null
"2020-06-25T23:30:28.000Z",45.701715,5.8835,4.75,6.75,8.75,90,null
"2020-06-25T23:34:28.000Z",45.701715,5.8835,3.5,6,9.5,90,null
"2020-06-25T23:42:13.000Z",45.701682,5.883563,4.25,5.75,7.25,90,null
"2020-06-25T23:46:13.000Z",45.701682,5.883563,2.5,4.25,5.5,90,null
"2020-06-25T23:50:13.000Z",45.701682,5.883563,1.75,4,7,90,null
"2020-06-25T23:54:18.000Z",45.701682,5.883563,1.5,3.5,5.5,90,null
"2020-06-25T23:58:18.000Z",45.701682,5.883563,1.5,3.75,6.25,112.5,null
"2020-06-26T00:02:18.000Z",45.701682,5.883563,2.75,4.25,6,90,null
"2020-06-26T00:06:22.000Z",45.701682,5.883563,2.75,4.5,7,90,null
"2020-06-26T00:10:22.000Z",45.701682,5.883563,1.75,3.5,6,90,null
"2020-06-26T00:14:22.000Z",45.701682,5.883563,0.25,1.5,2.75,67.5,null
"2020-06-26T00:18:26.000Z",45.701682,5.883563,2,3.25,4.5,90,null
"2020-06-26T00:22:26.000Z",45.701682,5.883563,0,1.75,4.5,90,null
"2020-06-26T00:26:26.000Z",45.701682,5.883563,0,1.75,3.25,67.5,null
"2020-06-26T00:31:36.000Z",45.701682,5.883563,3.25,6.25,9,90,null
"2020-06-26T00:35:36.000Z",45.701682,5.883563,2.5,4.5,7.25,90,null
"2020-06-26T00:39:36.000Z",45.701797,5.883194,3.25,5,7.75,90,null
"2020-06-26T00:43:40.000Z",45.701797,5.883194,1.75,4.25,7.75,90,null
"2020-06-26T00:47:40.000Z",45.701797,5.883194,0,3.25,7.25,90,null
"2020-06-26T00:51:40.000Z",45.701797,5.883194,0,0.5,2,67.5,null
"2020-06-26T00:55:44.000Z",45.701797,5.883194,0,0.75,1.75,45,null
"2020-06-26T00:59:44.000Z",45.701797,5.883194,0,0,1.75,90,null
"2020-06-26T01:03:44.000Z",45.701797,5.883194,1.75,4.75,9.5,90,null
"2020-06-26T01:07:48.000Z",45.701797,5.883194,4.25,6.5,9,90,null
"2020-06-26T01:11:48.000Z",45.701797,5.883194,1.75,4.5,6.5,112.5,null
"2020-06-26T01:15:48.000Z",45.701797,5.883194,3.5,6.75,9.75,90,null
"2020-06-26T01:19:52.000Z",45.701797,5.883194,2.75,5.5,11,112.5,null
"2020-06-26T01:23:52.000Z",45.701797,5.883194,2.5,3.75,5.25,112.5,null
"2020-06-26T01:27:52.000Z",45.701797,5.883194,2.5,3.5,4.75,112.5,null
"2020-06-26T01:31:56.000Z",45.701797,5.883194,2,3.75,4.75,112.5,null
"2020-06-26T01:35:56.000Z",45.701797,5.883194,3.5,5.25,7,90,null
"2020-06-26T01:39:56.000Z",45.701797,5.883194,4.5,6.25,8.25,90,null
"2020-06-26T01:44:00.000Z",45.701797,5.883194,2.75,5.25,7.25,90,null
"2020-06-26T01:48:00.000Z",45.701797,5.883194,2.75,4.5,6.5,90,null
"2020-06-26T01:52:00.000Z",45.701797,5.883194,3.25,5.25,7,90,null
"2020-06-26T01:56:04.000Z",45.701797,5.883194,2.5,4.5,6.25,90,null
"2020-06-26T02:00:04.000Z",45.701797,5.883194,2.5,4,5.5,90,null
"2020-06-26T02:04:04.000Z",45.701797,5.883194,0,1.75,3.5,135,null
"2020-06-26T02:08:08.000Z",45.701797,5.883194,0,1.5,3.5,112.5,null
"2020-06-26T02:12:08.000Z",45.701797,5.883194,2.5,3.75,4.75,90,null
"2020-06-26T02:16:08.000Z",45.701797,5.883194,2,5,7,90,null
"2020-06-26T02:20:12.000Z",45.701797,5.883194,3.5,5.25,8,90,null
"2020-06-26T02:24:12.000Z",45.701797,5.883194,2,3.5,5.5,90,null
"2020-06-26T02:28:12.000Z",45.701797,5.883194,2,4.25,5.25,90,null
"2020-06-26T02:32:16.000Z",45.701797,5.883194,1.5,3,4.75,112.5,null
"2020-06-26T02:36:16.000Z",45.701797,5.883194,2,3.25,4.5,112.5,null
"2020-06-26T02:40:16.000Z",45.701797,5.883194,1.75,3.5,4.75,90,null
"2020-06-26T02:44:21.000Z",45.701797,5.883194,3.75,5.5,7.75,90,null
"2020-06-26T02:48:21.000Z",45.701797,5.883194,2.5,4.75,6.5,90,null
"2020-06-26T02:52:21.000Z",45.701797,5.883194,1,4.75,7.75,90,null
"2020-06-26T02:56:24.000Z",45.701797,5.883194,2,4,6.25,90,null
"2020-06-26T03:00:24.000Z",45.701797,5.883194,2.5,4.5,7,90,null
"2020-06-26T03:04:24.000Z",45.701797,5.883194,0.25,2.5,4.75,112.5,null
"2020-06-26T03:08:28.000Z",45.701797,5.883194,1.5,2.75,3.75,112.5,null
"2020-06-26T03:12:28.000Z",45.701797,5.883194,1.75,3.5,5.25,112.5,null
"2020-06-26T03:16:28.000Z",45.701797,5.883194,1.75,3,4.5,112.5,null
"2020-06-26T03:20:32.000Z",45.701797,5.883194,2.5,3.75,5.25,90,null
"2020-06-26T03:24:32.000Z",45.701797,5.883194,1,3.5,5.5,90,null
"2020-06-26T03:28:32.000Z",45.701797,5.883194,2,3.5,4.5,90,null
"2020-06-26T03:32:37.000Z",45.701797,5.883194,2,3,4.25,90,null
"2020-06-26T03:36:37.000Z",45.701797,5.883194,2,3.5,4.5,90,null
"2020-06-26T03:40:37.000Z",45.701797,5.883194,2.5,3.5,5.25,112.5,null
"2020-06-26T03:44:41.000Z",45.701797,5.883194,1.75,3.75,5.25,112.5,null
"2020-06-26T03:48:41.000Z",45.701797,5.883194,2,4,5.5,112.5,null
"2020-06-26T03:52:41.000Z",45.701797,5.883194,2,3.5,5.25,112.5,null
"2020-06-26T03:56:45.000Z",45.701797,5.883194,1.75,3.5,5.25,112.5,null
"2020-06-26T04:00:45.000Z",45.701797,5.883194,2.5,4,5.5,90,null
"2020-06-26T04:04:45.000Z",45.701797,5.883194,3.25,5.25,7.25,90,null
"2020-06-26T04:08:48.000Z",45.701797,5.883194,2.5,4.5,7,90,null
"2020-06-26T04:12:48.000Z",45.701797,5.883194,1.75,4,6.25,90,null
"2020-06-26T04:16:48.000Z",45.701797,5.883194,2,4,6,90,null
"2020-06-26T04:20:53.000Z",45.701797,5.883194,1.75,3.5,5.25,112.5,null
"2020-06-26T04:24:53.000Z",45.701797,5.883194,1.5,3.75,6,90,null
"2020-06-26T04:28:53.000Z",45.701797,5.883194,1.75,4.5,7,90,null
"2020-06-26T04:32:57.000Z",45.701797,5.883194,2,3.75,6.25,90,null
"2020-06-26T04:36:57.000Z",45.701797,5.883194,2,4.25,7.75,90,null
"2020-06-26T04:40:57.000Z",45.701797,5.883194,2.75,4.5,7.25,90,null
"2020-06-26T04:45:01.000Z",45.701797,5.883194,2,4.5,7.75,112.5,null
"2020-06-26T04:49:01.000Z",45.701797,5.883194,1.75,4.5,7.75,90,null
"2020-06-26T04:53:01.000Z",45.701797,5.883194,1,3.5,7.25,112.5,null
"2020-06-26T04:57:04.000Z",45.701797,5.883194,1,2.75,5,90,null
"2020-06-26T05:01:04.000Z",45.701797,5.883194,0.75,2.5,4.75,112.5,null
"2020-06-26T05:05:04.000Z",45.701797,5.883194,0.25,2.25,3.75,112.5,null
"2020-06-26T05:09:09.000Z",45.701797,5.883194,2,4.5,6,90,null
"2020-06-26T05:13:09.000Z",45.701797,5.883194,2,3.75,5.25,90,null
"2020-06-26T05:17:09.000Z",45.701797,5.883194,0,2.25,4.5,90,null
"2020-06-26T05:21:12.000Z",45.701797,5.883194,0,1.75,4.25,135,null
"2020-06-26T05:25:12.000Z",45.701797,5.883194,0.25,2.5,5.25,90,null
"2020-06-26T05:29:12.000Z",45.701797,5.883194,2.5,4.5,7.75,112.5,null
"2020-06-26T05:33:16.000Z",45.701797,5.883194,1.75,3.75,5.5,112.5,null
"2020-06-26T05:37:16.000Z",45.701797,5.883194,0.75,3.5,5.25,135,null
"2020-06-26T05:41:16.000Z",45.701797,5.883194,0,2,7.25,135,null
"2020-06-26T05:45:21.000Z",45.701797,5.883194,1.75,4.75,7.75,180,null
"2020-06-26T05:49:21.000Z",45.701797,5.883194,3.5,6,8.75,180,null
"2020-06-26T05:53:21.000Z",45.701797,5.883194,1.75,4.5,8.75,157.5,null
"2020-06-26T05:57:25.000Z",45.701797,5.883194,0.25,4.75,9.5,180,null
"2020-06-26T06:01:25.000Z",45.701797,5.883194,1,5.25,11,180,null
"2020-06-26T06:05:25.000Z",45.701797,5.883194,1.5,5.25,9.5,180,null
"2020-06-26T06:09:29.000Z",45.701797,5.883194,0.75,5.25,8.25,180,null
"2020-06-26T06:13:29.000Z",45.701797,5.883194,4.25,7.5,13,202.5,null
"2020-06-26T06:17:29.000Z",45.701797,5.883194,0.75,6.75,11,180,null
"2020-06-26T06:21:33.000Z",45.701797,5.883194,3.75,7.25,9.75,180,null
"2020-06-26T06:25:33.000Z",45.701797,5.883194,3.25,8,10.5,202.5,null
"2020-06-26T06:29:33.000Z",45.701797,5.883194,2.75,7.25,9.75,202.5,null
"2020-06-26T06:33:37.000Z",45.701797,5.883194,2.75,5.75,9.5,180,null
"2020-06-26T06:37:37.000Z",45.701797,5.883194,0,2,5.5,180,null
"2020-06-26T06:41:37.000Z",45.701797,5.883194,0,3.5,7.75,202.5,null
"2020-06-26T06:45:41.000Z",45.701797,5.883194,0.25,3.5,5.5,225,null
"2020-06-26T06:49:41.000Z",45.701797,5.883194,2.5,5,8,270,null
"2020-06-26T06:53:41.000Z",45.701797,5.883194,3.5,6.25,9.5,337.5,null
"2020-06-26T06:57:45.000Z",45.701797,5.883194,2.5,5,8.25,0,null
"2020-06-26T07:01:45.000Z",45.701797,5.883194,6,9.75,13,337.5,null
"2020-06-26T07:05:45.000Z",45.701797,5.883194,9,11.5,13.5,337.5,null
"2020-06-26T07:09:49.000Z",45.701797,5.883194,7.75,10,12,315,null
"2020-06-26T07:13:49.000Z",45.701797,5.883194,8,9.5,11,337.5,null
"2020-06-26T07:17:49.000Z",45.701797,5.883194,7,8.5,10,337.5,null
"2020-06-26T07:21:53.000Z",45.701797,5.883194,8,9.5,11,0,null
"2020-06-26T07:25:53.000Z",45.701797,5.883194,8,9.75,11.5,0,null
"2020-06-26T07:29:53.000Z",45.701797,5.883194,7.25,9,10,0,null
"2020-06-26T07:33:57.000Z",45.701797,5.883194,8,9.25,11,337.5,null
"2020-06-26T07:37:57.000Z",45.701797,5.883194,8.25,11,13,315,null
"2020-06-26T07:41:57.000Z",45.701797,5.883194,9,13,16,315,null
"2020-06-26T07:46:01.000Z",45.701797,5.883194,9.5,12.5,15,315,null
"2020-06-26T07:50:01.000Z",45.701797,5.883194,11,13.5,15,337.5,null
"2020-06-26T07:54:01.000Z",45.701797,5.883194,11.5,14,16.5,337.5,null
"2020-06-26T07:58:06.000Z",45.701797,5.883194,7.75,12,17,0,null
"2020-06-26T08:02:06.000Z",45.701797,5.883194,0.75,8,13.5,315,null
"2020-06-26T08:06:06.000Z",45.701797,5.883194,0.75,8.75,14,337.5,null
"2020-06-26T08:10:09.000Z",45.701797,5.883194,0,5,14,337.5,null
"2020-06-26T08:14:09.000Z",45.701797,5.883194,0,6.75,13.5,337.5,null
"2020-06-26T08:18:09.000Z",45.701797,5.883194,5.5,9.75,16.5,337.5,null
"2020-06-26T08:22:13.000Z",45.701797,5.883194,2.5,5.25,12,292.5,null
"2020-06-26T08:26:13.000Z",45.701797,5.883194,1.5,18,31.5,270,null
"2020-06-26T08:30:13.000Z",45.701797,5.883194,11.5,23.5,38.5,270,null
"2020-06-26T08:34:18.000Z",45.701797,5.883194,20,29.5,42.5,270,null
"2020-06-26T08:38:18.000Z",45.701797,5.883194,21.5,32,44.5,270,null
"2020-06-26T08:42:18.000Z",45.701797,5.883194,21.5,31.5,41.5,270,null
"2020-06-26T08:46:21.000Z",45.701797,5.883194,27,34,44,270,null
"2020-06-26T08:50:21.000Z",45.701797,5.883194,24,32,50,270,null
"2020-06-26T08:54:21.000Z",45.701797,5.883194,21.5,32,47.5,270,null
"2020-06-26T08:58:26.000Z",45.701797,5.883194,16.5,26.5,37,270,null
"2020-06-26T09:02:26.000Z",45.701797,5.883194,16,28,39.5,247.5,null
"2020-06-26T09:06:26.000Z",45.701797,5.883194,15.5,26,39,247.5,null
"2020-06-26T09:10:29.000Z",45.701797,5.883194,23,33,43,247.5,null
"2020-06-26T09:14:29.000Z",45.701797,5.883194,21.5,31,40.5,270,null
"2020-06-26T09:18:29.000Z",45.701797,5.883194,8.75,27,41,270,null
"2020-06-26T09:22:33.000Z",45.701797,5.883194,15.5,26.5,37,247.5,null
"2020-06-26T09:26:33.000Z",45.701797,5.883194,11,24,42.5,247.5,null
"2020-06-26T09:30:33.000Z",45.701797,5.883194,9,19.5,29,247.5,null
"2020-06-26T09:34:38.000Z",45.701797,5.883194,6.5,12.5,17.5,270,null
"2020-06-26T09:38:38.000Z",45.701797,5.883194,0.25,10,16.5,292.5,null
"2020-06-26T09:42:38.000Z",45.701797,5.883194,0,3,11,67.5,null
"2020-06-26T10:03:09.000Z",45.701637,5.883468,18,25.5,30.5,315,null
"2020-06-26T10:07:09.000Z",45.701637,5.883468,8.75,18.5,26,315,null
"2020-06-26T10:11:09.000Z",45.701637,5.883468,7.25,15.5,27,337.5,null
"2020-06-26T10:15:13.000Z",45.701637,5.883468,3.25,16.5,26.5,292.5,null
"2020-06-26T10:19:13.000Z",45.701637,5.883468,10,23.5,41.5,270,null
"2020-06-26T10:23:13.000Z",45.701637,5.883468,21,32,48.5,270,null
"2020-06-26T10:27:16.000Z",45.701637,5.883468,20,30.5,43,270,null
"2020-06-26T10:31:16.000Z",45.701637,5.883468,17,28.5,41,270,null
"2020-06-26T10:35:16.000Z",45.701637,5.883468,17,27,37,270,null
"2020-06-26T10:39:21.000Z",45.701637,5.883468,18.5,26.5,34,270,null
"2020-06-26T10:43:21.000Z",45.701637,5.883468,7,24,38,292.5,null
"2020-06-26T10:47:21.000Z",45.701637,5.883468,11.5,18.5,28,315,null
"2020-06-26T10:52:02.000Z",45.701637,5.883468,9.5,16.5,22.5,0,null
"2020-06-26T10:56:02.000Z",45.701637,5.883468,14.5,19,22,337.5,null
"2020-06-26T11:00:02.000Z",45.701616,5.883476,8.75,16,22,337.5,null
"2020-06-26T11:04:07.000Z",45.701616,5.883476,8.75,14.5,21,0,null
"2020-06-26T11:08:07.000Z",45.701616,5.883476,11,17,24,337.5,null
"2020-06-26T11:12:07.000Z",45.701616,5.883476,6,11,15,0,null
"2020-06-26T11:16:11.000Z",45.701616,5.883476,7.25,11.5,16.5,337.5,null
"2020-06-26T11:20:11.000Z",45.701616,5.883476,12,14,16.5,315,null
"2020-06-26T11:24:11.000Z",45.701616,5.883476,13,15.5,19,337.5,null
"2020-06-26T11:28:15.000Z",45.701616,5.883476,12.5,19,23,0,null
"2020-06-26T11:32:15.000Z",45.701616,5.883476,12,20,23.5,0,null
"2020-06-26T11:36:15.000Z",45.701616,5.883476,12,16,21,337.5,null
"2020-06-26T11:40:19.000Z",45.701616,5.883476,9,12,15.5,315,null
"2020-06-26T11:44:19.000Z",45.701616,5.883476,7.25,9,11,315,null
"2020-06-26T11:48:19.000Z",45.701616,5.883476,4.5,7,9,337.5,null
"2020-06-26T11:52:23.000Z",45.701616,5.883476,3.5,5.5,7.75,0,null
"2020-06-26T11:56:23.000Z",45.701616,5.883476,2.5,5,8.25,0,null
"2020-06-26T12:00:23.000Z",45.701616,5.883476,2,3.5,4.75,0,null
"2020-06-26T12:04:27.000Z",45.701616,5.883476,2.5,4,5.25,315,null
"2020-06-26T12:08:27.000Z",45.701616,5.883476,1.5,2.75,4.25,337.5,null
"2020-06-26T12:12:27.000Z",45.701616,5.883476,1,4,6,22.5,null
"2020-06-26T12:16:31.000Z",45.701616,5.883476,2,5.25,7.75,22.5,null
"2020-06-26T12:20:31.000Z",45.701616,5.883476,3.5,5.5,7.75,0,null
"2020-06-26T12:24:31.000Z",45.701616,5.883476,4.25,6.75,8.75,0,null
"2020-06-26T12:28:35.000Z",45.701616,5.883476,0.75,3.75,6.5,0,null
"2020-06-26T12:32:35.000Z",45.701616,5.883476,0,0.5,1.75,0,null
"2020-06-26T12:36:35.000Z",45.701616,5.883476,0,1,3.25,225,null
"2020-06-26T12:40:39.000Z",45.701616,5.883476,0.25,1.5,3.5,202.5,null
"2020-06-26T12:44:39.000Z",45.701616,5.883476,1.5,4.75,6.5,180,null
"2020-06-26T12:48:39.000Z",45.701616,5.883476,0.25,3.25,7.25,180,null
"2020-06-26T12:52:44.000Z",45.701616,5.883476,1,3.5,7.75,202.5,null
"2020-06-26T12:56:44.000Z",45.701616,5.883476,1,2,4.5,247.5,null
"2020-06-26T13:00:44.000Z",45.701616,5.883476,3.75,5,6,270,null
"2020-06-26T13:04:48.000Z",45.701616,5.883476,3.5,4.5,6.25,292.5,null
"2020-06-26T13:08:48.000Z",45.701616,5.883476,4.75,8,12,315,null
"2020-06-26T13:12:48.000Z",45.701616,5.883476,7,8.75,12,315,null
"2020-06-26T13:16:51.000Z",45.701616,5.883476,5.5,8.75,10.5,315,null
"2020-06-26T13:20:51.000Z",45.701616,5.883476,6.5,8.25,11,315,null
"2020-06-26T13:24:51.000Z",45.701616,5.883476,3.75,6.5,9,292.5,null
"2020-06-26T13:28:55.000Z",45.701616,5.883476,3.25,5.5,7.75,315,null
"2020-06-26T13:32:55.000Z",45.701616,5.883476,2,3.25,4.5,315,null
"2020-06-26T13:36:55.000Z",45.701616,5.883476,3.25,5.25,7,292.5,null
"2020-06-26T13:40:59.000Z",45.701616,5.883476,3.75,6.25,7.75,270,null
"2020-06-26T13:44:59.000Z",45.701616,5.883476,4.75,6.25,7.25,270,null
"2020-06-26T13:48:59.000Z",45.701616,5.883476,4.25,5.25,7,292.5,null
"2020-06-26T13:53:03.000Z",45.701616,5.883476,4.5,6,7.25,292.5,null
"2020-06-26T13:57:03.000Z",45.701616,5.883476,6.5,8.5,10.5,315,null
"2020-06-26T14:01:03.000Z",45.701616,5.883476,7,9.5,12,337.5,null
"2020-06-26T14:05:07.000Z",45.701616,5.883476,8.25,9.5,11.5,337.5,null
"2020-06-26T14:09:07.000Z",45.701616,5.883476,7.25,9.5,12,337.5,null
"2020-06-26T14:13:07.000Z",45.701616,5.883476,9.5,11,13,337.5,null
"2020-06-26T14:17:11.000Z",45.701616,5.883476,7.75,9.5,11.5,337.5,null
"2020-06-26T14:21:11.000Z",45.701616,5.883476,6.25,8.5,11,337.5,null
"2020-06-26T14:25:11.000Z",45.701616,5.883476,7.25,8.75,9.75,315,null
"2020-06-26T14:29:16.000Z",45.701616,5.883476,7.25,9.25,11,337.5,null
"2020-06-26T14:33:16.000Z",45.701616,5.883476,8.25,10,12,337.5,null
"2020-06-26T14:37:16.000Z",45.701616,5.883476,6.5,8,10,337.5,null
"2020-06-26T14:41:19.000Z",45.701616,5.883476,7.25,9.25,12,337.5,null
"2020-06-26T14:45:19.000Z",45.701616,5.883476,9.5,12,14.5,337.5,null
"2020-06-26T14:49:19.000Z",45.701616,5.883476,11,13,14.5,337.5,null
"2020-06-26T14:53:23.000Z",45.701616,5.883476,10.5,12,13,337.5,null
"2020-06-26T14:57:23.000Z",45.701616,5.883476,8.75,10.5,12,337.5,null
"2020-06-26T15:01:23.000Z",45.701616,5.883476,9,10.5,11.5,337.5,null
"2020-06-26T15:05:28.000Z",45.701616,5.883476,8,10,11.5,337.5,null
"2020-06-26T15:09:28.000Z",45.701616,5.883476,7,9.75,11,337.5,null
"2020-06-26T15:13:28.000Z",45.701616,5.883476,6.5,8.75,11.5,315,null
"2020-06-26T15:17:32.000Z",45.701616,5.883476,8.25,10,11,315,null
"2020-06-26T15:21:32.000Z",45.701616,5.883476,6.5,8.25,9.75,337.5,null
"2020-06-26T15:25:32.000Z",45.701616,5.883476,6.5,8,9,337.5,null
"2020-06-26T15:29:36.000Z",45.701616,5.883476,7.25,9,10.5,337.5,null
"2020-06-26T15:33:36.000Z",45.701616,5.883476,9,10,11,315,null
"2020-06-26T15:37:36.000Z",45.701616,5.883476,8.25,9.5,11,337.5,null
"2020-06-26T15:41:40.000Z",45.701616,5.883476,8.25,9.5,11,315,null
"2020-06-26T15:45:40.000Z",45.701616,5.883476,7.75,9.75,11,315,null
"2020-06-26T15:49:40.000Z",45.701616,5.883476,8,10.5,12,315,null
"2020-06-26T15:53:44.000Z",45.701616,5.883476,9.75,11.5,13,315,null
"2020-06-26T15:57:44.000Z",45.701616,5.883476,7.25,10,12,315,null
"2020-06-26T16:01:44.000Z",45.701616,5.883476,8.25,10,11,315,null
"2020-06-26T16:05:48.000Z",45.701616,5.883476,8.25,9.5,10.5,315,null
"2020-06-26T16:09:48.000Z",45.701616,5.883476,7.25,8.75,10,315,null
"2020-06-26T16:13:48.000Z",45.701616,5.883476,7.25,8.5,9.75,315,null
"2020-06-26T16:17:51.000Z",45.701616,5.883476,7.25,9,10.5,315,null
"2020-06-26T16:21:51.000Z",45.701616,5.883476,8,9.25,11,315,null
"2020-06-26T16:25:51.000Z",45.701616,5.883476,8.25,10,11,337.5,null
"2020-06-26T16:29:56.000Z",45.701616,5.883476,8,10,11.5,337.5,null
"2020-06-26T16:33:56.000Z",45.701616,5.883476,8.25,9.75,11,337.5,null
"2020-06-26T16:37:56.000Z",45.701616,5.883476,8,9.25,10.5,337.5,null
"2020-06-26T16:42:00.000Z",45.701616,5.883476,7,8,9.5,315,null
"2020-06-26T16:46:00.000Z",45.701616,5.883476,7,8.5,9.5,315,null
"2020-06-26T16:50:00.000Z",45.701616,5.883476,5.5,6.75,8.25,315,null
"2020-06-26T16:54:04.000Z",45.701616,5.883476,6,6.75,8,315,null
"2020-06-26T16:58:04.000Z",45.701616,5.883476,6.5,9,11,292.5,null
"2020-06-26T17:02:04.000Z",45.701616,5.883476,4.25,5.5,6.5,315,null
"2020-06-26T17:06:08.000Z",45.701616,5.883476,5.5,7.25,9,315,null
"2020-06-26T17:10:08.000Z",45.701616,5.883476,5.5,7.25,8.75,292.5,null
"2020-06-26T17:14:08.000Z",45.701616,5.883476,6,7.5,9.5,315,null
"2020-06-26T17:18:12.000Z",45.701616,5.883476,5.5,6.5,8,315,null
"2020-06-26T17:22:12.000Z",45.701616,5.883476,6.25,7.75,9,337.5,null
"2020-06-26T17:26:12.000Z",45.701616,5.883476,4.25,7,9.75,0,null
"2020-06-26T17:30:16.000Z",45.701616,5.883476,1.75,5.5,7.75,337.5,null
"2020-06-26T17:34:16.000Z",45.701616,5.883476,5.5,6.25,7.75,337.5,null
"2020-06-26T17:38:16.000Z",45.701616,5.883476,6,7,8,337.5,null
"2020-06-26T17:42:20.000Z",45.701616,5.883476,0.75,4.75,7,315,null
"2020-06-26T17:46:20.000Z",45.701616,5.883476,0,1.5,3.25,45,null
"2020-06-26T17:50:20.000Z",45.701616,5.883476,1.5,2,4.25,0,null
"2020-06-26T17:54:25.000Z",45.701616,5.883476,2,3.25,4.75,337.5,null
"2020-06-26T17:58:25.000Z",45.701616,5.883476,1.75,2.75,3.75,0,null
"2020-06-26T18:02:25.000Z",45.701616,5.883476,2,5.25,7.75,292.5,null
"2020-06-26T18:06:28.000Z",45.701616,5.883476,6.5,7.5,8.25,270,null
"2020-06-26T18:10:28.000Z",45.701616,5.883476,2.5,5.5,7.75,270,null
"2020-06-26T18:14:28.000Z",45.701616,5.883476,0,0.75,3.25,225,null
"2020-06-26T18:18:32.000Z",45.701616,5.883476,0,2.25,4.5,180,null
"2020-06-26T18:22:32.000Z",45.701616,5.883476,1,2.25,3.25,90,null
"2020-06-26T18:26:32.000Z",45.701616,5.883476,0,2.5,4.75,247.5,null
"2020-06-26T18:30:37.000Z",45.701616,5.883476,2.5,4,4.5,157.5,null
"2020-06-26T18:34:37.000Z",45.701616,5.883476,0,2.5,5.25,45,null
"2020-06-26T18:38:37.000Z",45.701616,5.883476,0,4.75,8,202.5,null
"2020-06-26T18:42:40.000Z",45.701616,5.883476,0,1.5,4.5,180,null
"2020-06-26T18:46:40.000Z",45.701616,5.883476,1,2.75,4.5,157.5,null
"2020-06-26T18:50:40.000Z",45.701616,5.883476,3.25,5,6.5,202.5,null
"2020-06-26T18:54:44.000Z",45.701616,5.883476,0,0.5,3.5,202.5,null
"2020-06-26T18:58:44.000Z",45.701616,5.883476,0,1.75,3.5,157.5,null
"2020-06-26T19:02:44.000Z",45.701616,5.883476,0,0.5,1.75,90,null
"2020-06-26T19:06:49.000Z",45.701616,5.883476,0,2,5.25,45,null
"2020-06-26T19:10:49.000Z",45.701616,5.883476,0.25,3,5.25,90,null
"2020-06-26T19:14:49.000Z",45.701616,5.883476,0.75,2.5,4.75,135,null
"2020-06-26T19:18:52.000Z",45.701616,5.883476,1,3.75,6.5,90,null
"2020-06-26T19:22:52.000Z",45.701616,5.883476,1.5,3,5.25,112.5,null
"2020-06-26T19:26:52.000Z",45.701616,5.883476,2.5,4.25,6,67.5,null
"2020-06-26T19:30:56.000Z",45.701616,5.883476,0,2.5,4.5,337.5,null
"2020-06-26T19:34:56.000Z",45.701616,5.883476,0.25,3.25,8.75,22.5,null
"2020-06-26T19:38:56.000Z",45.701616,5.883476,0.25,9,13,180,null
"2020-06-26T19:43:00.000Z",45.701616,5.883476,3.5,5.5,8.25,225,null
"2020-06-26T19:47:00.000Z",45.701616,5.883476,7,9,13,225,null
"2020-06-26T19:51:00.000Z",45.701616,5.883476,2,6.5,11,180,null
"2020-06-26T19:55:05.000Z",45.701616,5.883476,0,4.5,9,202.5,null
"2020-06-26T19:59:05.000Z",45.701616,5.883476,3.75,6,8.75,157.5,null
"2020-06-26T20:03:05.000Z",45.701616,5.883476,1.5,3.75,6.5,157.5,null
"2020-06-26T20:07:08.000Z",45.701616,5.883476,0,2.5,6,135,null
"2020-06-26T20:11:08.000Z",45.701616,5.883476,0,2.25,6,135,null
"2020-06-26T20:15:08.000Z",45.701616,5.883476,0,1.5,4.25,112.5,null
"2020-06-26T20:19:13.000Z",45.701616,5.883476,0,4.25,6.25,180,null
"2020-06-26T20:23:13.000Z",45.701616,5.883476,0.25,2.75,6.25,135,null
"2020-06-26T20:27:13.000Z",45.701616,5.883476,0,2,6,112.5,null
"2020-06-26T20:31:16.000Z",45.701616,5.883476,0.75,3.75,9.75,112.5,null
"2020-06-26T20:35:16.000Z",45.701616,5.883476,3.25,6,11,90,null
"2020-06-26T20:39:16.000Z",45.701616,5.883476,2.75,4.5,6.25,90,null
"2020-06-26T20:43:21.000Z",45.701616,5.883476,1.75,3.75,6,90,null
"2020-06-26T20:47:21.000Z",45.701616,5.883476,0.75,3,8,112.5,null
"2020-06-26T20:51:21.000Z",45.701616,5.883476,0,1.25,3.25,157.5,null
"2020-06-26T20:55:25.000Z",45.701616,5.883476,0.25,1.5,4.25,135,null
"2020-06-26T20:59:25.000Z",45.701616,5.883476,0.25,4,8.25,90,null
"2020-06-26T21:03:25.000Z",45.701616,5.883476,2,4.25,7.75,90,null
"2020-06-26T21:07:29.000Z",45.701616,5.883476,0,1.25,4.25,90,null
"2020-06-26T21:11:29.000Z",45.701616,5.883476,0,3.75,6.25,90,null
"2020-06-26T21:15:29.000Z",45.701616,5.883476,4.25,6.25,8.25,90,null
"2020-06-26T21:19:33.000Z",45.701616,5.883476,1.5,3.5,6.5,67.5,null
"2020-06-26T21:23:33.000Z",45.701616,5.883476,0,1.75,4.5,22.5,null
"2020-06-26T21:27:33.000Z",45.701616,5.883476,0.75,2.25,4.25,22.5,null
"2020-06-26T21:31:37.000Z",45.701616,5.883476,0.75,1.5,2.5,0,null
"2020-06-26T21:35:37.000Z",45.701616,5.883476,0,1.25,2.5,22.5,null
"2020-06-26T21:39:37.000Z",45.701616,5.883476,0.25,2,3.5,90,null
"2020-06-26T21:43:41.000Z",45.701616,5.883476,1.75,2.75,3.5,45,null
"2020-06-26T21:47:41.000Z",45.701616,5.883476,1.5,2.75,4.5,0,null
"2020-06-26T21:51:41.000Z",45.701616,5.883476,1,3.75,7,0,null
"2020-06-26T21:55:45.000Z",45.701616,5.883476,3.25,5.75,9.5,22.5,null
"2020-06-26T21:59:45.000Z",45.701616,5.883476,3.25,5.25,9,45,null
"2020-06-26T22:03:45.000Z",45.701616,5.883476,1.75,4.25,6.25,45,null
"2020-06-26T22:07:49.000Z",45.701616,5.883476,0.75,3.5,8.25,67.5,null
"2020-06-26T22:11:49.000Z",45.701616,5.883476,1.5,4.25,7.75,90,null
"2020-06-26T22:15:49.000Z",45.701616,5.883476,3.75,5.75,8,67.5,null
"2020-06-26T22:19:54.000Z",45.701616,5.883476,0,3,6.5,67.5,null
"2020-06-26T22:23:54.000Z",45.701616,5.883476,0.75,3,7.75,22.5,null
"2020-06-26T22:27:54.000Z",45.701616,5.883476,3.25,6,10,22.5,null
"2020-06-26T22:31:57.000Z",45.701616,5.883476,0,3.75,6.5,22.5,null
"2020-06-26T22:35:57.000Z",45.701616,5.883476,0,0.5,2.5,22.5,null
"2020-06-26T22:39:57.000Z",45.701616,5.883476,0,2,4.25,22.5,null
"2020-06-26T22:44:01.000Z",45.701616,5.883476,3.25,5.75,10,45,null
"2020-06-26T22:48:01.000Z",45.701616,5.883476,2.5,6.75,10,112.5,null
"2020-06-26T22:52:01.000Z",45.701616,5.883476,0.25,5.25,8.75,135,null
"2020-06-26T22:56:06.000Z",45.701616,5.883476,2.75,6.5,9,90,null
"2020-06-26T23:00:06.000Z",45.701616,5.883476,2.5,5.25,8.75,90,null
"2020-06-26T23:04:06.000Z",45.701616,5.883476,2.5,5.75,10.5,135,null
"2020-06-26T23:08:10.000Z",45.701616,5.883476,0,3.5,10,90,null
"2020-06-26T23:12:10.000Z",45.701616,5.883476,0,5.25,12,135,null
"2020-06-26T23:16:10.000Z",45.701616,5.883476,1.75,4.25,7.75,180,null
"2020-06-26T23:20:13.000Z",45.701616,5.883476,1.75,7.5,14.5,112.5,null
"2020-06-26T23:24:13.000Z",45.701616,5.883476,1.5,4.5,9,135,null
"2020-06-26T23:28:13.000Z",45.701616,5.883476,3.25,6,9,157.5,null
"2020-06-26T23:32:17.000Z",45.701616,5.883476,2,5.5,11.5,180,null
"2020-06-26T23:36:17.000Z",45.701616,5.883476,1.5,5.75,11,180,null
"2020-06-26T23:40:17.000Z",45.701616,5.883476,1.5,4.25,7.25,135,null
"2020-06-26T23:44:21.000Z",45.701616,5.883476,1.5,5.25,9,157.5,null
"2020-06-26T23:48:21.000Z",45.701616,5.883476,1.5,3.5,6.25,135,null
"2020-06-26T23:52:21.000Z",45.701616,5.883476,1.75,3.75,5.25,112.5,null
"2020-06-26T23:56:25.000Z",45.701616,5.883476,0,2,4.25,112.5,null
"2020-06-27T00:00:25.000Z",45.701616,5.883476,0,1.25,2,90,null
"2020-06-27T00:04:25.000Z",45.701616,5.883476,0.75,2.75,4.25,112.5,null
"2020-06-27T00:08:29.000Z",45.701616,5.883476,1.75,3.5,4.75,112.5,null
"2020-06-27T00:12:29.000Z",45.701616,5.883476,1.5,4,6.5,90,null
"2020-06-27T00:16:29.000Z",45.701616,5.883476,2.5,4.25,6,90,null
"2020-06-27T00:20:34.000Z",45.701616,5.883476,3.25,5,7,90,null
"2020-06-27T00:24:34.000Z",45.701616,5.883476,1.75,4.5,7.25,90,null
"2020-06-27T00:28:34.000Z",45.701616,5.883476,2.5,3.75,4.75,90,null
"2020-06-27T00:32:38.000Z",45.701616,5.883476,1.5,3.25,5.25,90,null
"2020-06-27T00:36:38.000Z",45.701616,5.883476,3.25,4.75,6,90,null
"2020-06-27T00:40:38.000Z",45.701616,5.883476,3.5,4.75,6.5,90,null
"2020-06-27T00:44:41.000Z",45.701616,5.883476,4.25,5.5,7.25,90,null
"2020-06-27T00:48:41.000Z",45.701616,5.883476,0.75,5.75,9.5,112.5,null
"2020-06-27T00:52:41.000Z",45.701616,5.883476,0,4,6.25,337.5,null
"2020-06-27T00:56:46.000Z",45.701616,5.883476,4.25,7,9.75,0,null
"2020-06-27T01:00:46.000Z",45.701616,5.883476,1.5,10.5,19,315,null
"2020-06-27T01:04:46.000Z",45.701616,5.883476,2,11,19,292.5,null
"2020-06-27T01:08:50.000Z",45.701616,5.883476,13,20.5,32,270,null
"2020-06-27T01:12:50.000Z",45.701616,5.883476,15,22,30,270,null
"2020-06-27T01:16:50.000Z",45.701616,5.883476,16.5,23.5,31.5,270,null
"2020-06-27T01:20:54.000Z",45.701616,5.883476,15.5,23.5,35,270,null
"2020-06-27T01:24:54.000Z",45.701616,5.883476,11.5,20.5,34,270,null
"2020-06-27T01:28:54.000Z",45.701616,5.883476,1.5,15.5,30.5,247.5,null
"2020-06-27T01:32:57.000Z",45.701616,5.883476,2.5,10,17.5,202.5,null
"2020-06-27T01:36:57.000Z",45.701616,5.883476,0,5.5,12,135,null
"2020-06-27T01:40:57.000Z",45.701616,5.883476,0,8,21,225,null
"2020-06-27T01:45:01.000Z",45.701616,5.883476,12,22.5,28.5,247.5,null
"2020-06-27T01:49:01.000Z",45.701616,5.883476,12,20,31.5,247.5,null
"2020-06-27T01:53:01.000Z",45.701616,5.883476,15.5,23.5,32.5,247.5,null
"2020-06-27T01:57:06.000Z",45.701616,5.883476,14.5,23.5,34,270,null
"2020-06-27T02:01:06.000Z",45.701616,5.883476,10.5,22,29,247.5,null
"2020-06-27T02:05:06.000Z",45.701616,5.883476,10,17.5,25.5,270,null
"2020-06-27T02:09:10.000Z",45.701616,5.883476,15,23.5,32,270,null
"2020-06-27T02:13:10.000Z",45.701616,5.883476,11,20,28,270,null
"2020-06-27T02:17:10.000Z",45.701616,5.883476,11.5,19.5,28.5,270,null
"2020-06-27T02:21:14.000Z",45.701616,5.883476,9,26,38.5,270,null
"2020-06-27T02:25:14.000Z",45.701616,5.883476,14,19.5,26,247.5,null
"2020-06-27T02:29:14.000Z",45.701616,5.883476,1.75,8.75,14,292.5,null
"2020-06-27T02:33:19.000Z",45.701616,5.883476,4.25,17.5,26.5,247.5,null
"2020-06-27T02:37:19.000Z",45.701616,5.883476,12,18.5,26,270,null
"2020-06-27T02:41:19.000Z",45.701616,5.883476,8.25,14,17.5,247.5,null
"2020-06-27T02:45:22.000Z",45.701616,5.883476,8.75,12,16.5,247.5,null
"2020-06-27T02:49:22.000Z",45.701616,5.883476,3.75,9,13,202.5,null
"2020-06-27T02:53:22.000Z",45.701616,5.883476,0.25,4.25,8.25,157.5,null
"2020-06-27T02:57:26.000Z",45.701616,5.883476,0,2.25,8,90,null
"2020-06-27T03:01:26.000Z",45.701616,5.883476,1.75,4.75,6.5,67.5,null
"2020-06-27T03:05:26.000Z",45.701616,5.883476,0.25,2,4.75,112.5,null
"2020-06-27T03:09:30.000Z",45.701616,5.883476,0,3.25,7,112.5,null
"2020-06-27T03:13:30.000Z",45.701616,5.883476,2,5,9.5,112.5,null
"2020-06-27T03:17:30.000Z",45.701616,5.883476,0.25,2.5,5.25,67.5,null
"2020-06-27T03:21:34.000Z",45.701616,5.883476,1.5,3.5,6,90,null
"2020-06-27T03:25:34.000Z",45.701616,5.883476,1,4.25,6.5,90,null
"2020-06-27T03:29:34.000Z",45.701616,5.883476,3.25,4.75,8,112.5,null
"2020-06-27T03:33:39.000Z",45.701616,5.883476,3.25,4.75,7,112.5,null
"2020-06-27T03:37:39.000Z",45.701616,5.883476,6,10,14.5,90,null
"2020-06-27T03:41:39.000Z",45.701616,5.883476,4.5,8.75,12,90,null
"2020-06-27T03:45:42.000Z",45.701616,5.883476,2,7.75,11,90,null
"2020-06-27T03:49:42.000Z",45.701616,5.883476,1,4.5,10,90,null
"2020-06-27T03:53:42.000Z",45.701616,5.883476,1,3,4.75,90,null
"2020-06-27T03:57:47.000Z",45.701616,5.883476,2.5,3.75,4.75,90,null
"2020-06-27T04:01:47.000Z",45.701616,5.883476,1.75,4.25,7.75,0,null
"2020-06-27T04:05:47.000Z",45.701616,5.883476,8.75,12,14.5,337.5,null
"2020-06-27T04:09:50.000Z",45.701616,5.883476,5.5,10.5,12.5,0,null
"2020-06-27T04:13:50.000Z",45.701616,5.883476,2.75,5.75,8.25,22.5,null
"2020-06-27T04:17:50.000Z",45.701616,5.883476,3.75,6,8,0,null
"2020-06-27T04:21:55.000Z",45.701616,5.883476,2,3.5,6,45,null
"2020-06-27T04:25:55.000Z",45.701616,5.883476,0.75,2.75,6,90,null
"2020-06-27T04:29:55.000Z",45.701616,5.883476,2.5,4.75,7.75,90,null
"2020-06-27T04:33:58.000Z",45.701616,5.883476,1.5,3.75,7.25,112.5,null
"2020-06-27T04:37:58.000Z",45.701616,5.883476,2,4.25,6.5,90,null
"2020-06-27T04:41:58.000Z",45.701616,5.883476,1.5,4.5,8,90,null
"2020-06-27T04:46:02.000Z",45.701616,5.883476,2,4,5.5,90,null
"2020-06-27T04:50:02.000Z",45.701616,5.883476,3.5,6,8.75,90,null
"2020-06-27T04:54:02.000Z",45.701616,5.883476,1.5,3.25,5.25,112.5,null
"2020-06-27T04:58:07.000Z",45.701616,5.883476,0.25,1.5,2.5,135,null
"2020-06-27T05:02:07.000Z",45.701616,5.883476,1.5,2.5,4.25,112.5,null
"2020-06-27T05:06:07.000Z",45.701616,5.883476,1,3.25,4.5,90,null
"2020-06-27T05:10:11.000Z",45.701616,5.883476,0,1,3.25,90,null
"2020-06-27T05:14:11.000Z",45.701616,5.883476,2,3.5,5.5,90,null
"2020-06-27T05:18:11.000Z",45.701616,5.883476,1.75,2.75,3.75,112.5,null
"2020-06-27T05:22:15.000Z",45.701616,5.883476,0,0.5,2.75,135,null
"2020-06-27T05:26:15.000Z",45.701616,5.883476,0,0,0,202.5,null
"2020-06-27T05:30:15.000Z",45.701616,5.883476,0,0.25,2,292.5,null
"2020-06-27T05:34:19.000Z",45.701616,5.883476,0,0.25,1.75,157.5,null
"2020-06-27T05:38:19.000Z",45.701616,5.883476,0,1.75,3.5,112.5,null
"2020-06-27T05:42:19.000Z",45.701616,5.883476,0.25,2,4.75,90,null
"2020-06-27T05:46:23.000Z",45.701616,5.883476,1.75,3.25,4.75,67.5,null
"2020-06-27T05:50:23.000Z",45.701616,5.883476,0.75,2.25,4.5,90,null
"2020-06-27T05:54:23.000Z",45.701616,5.883476,2.75,7.75,12,67.5,null
"2020-06-27T05:58:27.000Z",45.701616,5.883476,1.75,7.25,12,157.5,null
"2020-06-27T06:02:27.000Z",45.701616,5.883476,1.5,14.5,23.5,202.5,null
"2020-06-27T06:06:27.000Z",45.701616,5.883476,11.5,24.5,31,202.5,null
"2020-06-27T06:10:30.000Z",45.701616,5.883476,13,22.5,30.5,202.5,null
"2020-06-27T06:14:30.000Z",45.701616,5.883476,13,22.5,30,202.5,null
"2020-06-27T06:18:30.000Z",45.701616,5.883476,13,24,31.5,202.5,null
"2020-06-27T06:22:35.000Z",45.701616,5.883476,16,25,31.5,202.5,null
"2020-06-27T06:26:35.000Z",45.701616,5.883476,14.5,24,30,180,null
"2020-06-27T06:30:35.000Z",45.701616,5.883476,11,24,31,180,null
"2020-06-27T06:34:39.000Z",45.701616,5.883476,12,23.5,30.5,180,null
"2020-06-27T06:38:39.000Z",45.701616,5.883476,11,20,27,180,null
"2020-06-27T06:42:39.000Z",45.701616,5.883476,11.5,17.5,25.5,180,null
"2020-06-27T06:46:43.000Z",45.701616,5.883476,5.5,16,24,180,null
"2020-06-27T06:50:43.000Z",45.701616,5.883476,9.5,17.5,24,180,null
"2020-06-27T06:54:43.000Z",45.701616,5.883476,6,13,20.5,180,null
"2020-06-27T06:58:47.000Z",45.701616,5.883476,4.5,12.5,19,180,null
"2020-06-27T07:02:47.000Z",45.701616,5.883476,7.75,13.5,17.5,180,null
"2020-06-27T07:06:47.000Z",45.701616,5.883476,4.75,10.5,16,202.5,null
"2020-06-27T07:10:51.000Z",45.701616,5.883476,7,10.5,14.5,247.5,null
"2020-06-27T07:14:51.000Z",45.701616,5.883476,6,9.75,15.5,270,null
"2020-06-27T07:18:51.000Z",45.701616,5.883476,2.5,5,10.5,270,null
"2020-06-27T07:22:56.000Z",45.701616,5.883476,0,4.5,7.75,270,null
"2020-06-27T07:26:56.000Z",45.701616,5.883476,0.25,6.25,15.5,337.5,null
"2020-06-27T07:30:56.000Z",45.701616,5.883476,1,7.5,14.5,292.5,null
"2020-06-27T07:34:59.000Z",45.701616,5.883476,0,3.5,7.25,292.5,null
"2020-06-27T07:38:59.000Z",45.701616,5.883476,2,5.25,7.75,270,null
"2020-06-27T07:42:59.000Z",45.701616,5.883476,0,1.5,3.5,247.5,null
"2020-06-27T07:47:03.000Z",45.701616,5.883476,0.75,3.75,12.5,225,null
"2020-06-27T07:51:03.000Z",45.701616,5.883476,0,5.75,10,247.5,null
"2020-06-27T07:55:03.000Z",45.701616,5.883476,1.75,8.25,14.5,202.5,null
"2020-06-27T07:59:07.000Z",45.701616,5.883476,4.75,9.25,15.5,270,null
"2020-06-27T08:03:07.000Z",45.701616,5.883476,1,5.5,14.5,247.5,null
"2020-06-27T08:07:07.000Z",45.701616,5.883476,1.5,5.25,11,247.5,null
"2020-06-27T08:11:11.000Z",45.701616,5.883476,1.5,5.75,9.5,225,null
"2020-06-27T08:15:11.000Z",45.701616,5.883476,0.25,3.75,7.75,202.5,null
"2020-06-27T08:19:11.000Z",45.701616,5.883476,0.75,4.25,8,247.5,null
"2020-06-27T08:23:16.000Z",45.701616,5.883476,0,2.25,5.5,292.5,null
"2020-06-27T08:27:16.000Z",45.701616,5.883476,1.5,6.25,10,315,null
"2020-06-27T08:31:16.000Z",45.701616,5.883476,6.25,10,12.5,337.5,null
"2020-06-27T08:35:19.000Z",45.701616,5.883476,3.5,6,8.25,337.5,null
"2020-06-27T08:39:19.000Z",45.701616,5.883476,2,3.75,6,315,null
"2020-06-27T08:43:19.000Z",45.701616,5.883476,2.5,3.75,7,337.5,null
"2020-06-27T08:47:24.000Z",45.701616,5.883476,4.25,6.5,8.25,315,null
"2020-06-27T08:51:24.000Z",45.701616,5.883476,4.5,6.5,9.75,315,null
"2020-06-27T08:55:24.000Z",45.701616,5.883476,4.75,8,9.75,315,null
"2020-06-27T08:59:27.000Z",45.701616,5.883476,5.5,7.5,9.5,337.5,null
"2020-06-27T09:03:27.000Z",45.701616,5.883476,5.5,7.75,10,337.5,null
"2020-06-27T09:07:27.000Z",45.701616,5.883476,6.25,7.75,9.75,337.5,null
"2020-06-27T09:11:32.000Z",45.701616,5.883476,8.25,10,11,337.5,null
"2020-06-27T09:15:32.000Z",45.701616,5.883476,7,9,11,337.5,null
"2020-06-27T09:19:32.000Z",45.701616,5.883476,7.75,9,11,337.5,null
"2020-06-27T09:23:35.000Z",45.701616,5.883476,7.25,8.75,9.75,337.5,null
"2020-06-27T09:27:35.000Z",45.701616,5.883476,8,10.5,12,337.5,null
"2020-06-27T09:31:35.000Z",45.701616,5.883476,8.25,10,11,315,null
"2020-06-27T09:35:40.000Z",45.701616,5.883476,9,12,14.5,315,null
"2020-06-27T09:39:40.000Z",45.701616,5.883476,10,14,16,315,null
"2020-06-27T09:43:40.000Z",45.701616,5.883476,8.25,12,13.5,315,null
"2020-06-27T09:47:43.000Z",45.701616,5.883476,9,11,13.5,315,null
"2020-06-27T09:51:43.000Z",45.701616,5.883476,9.5,11.5,13,315,null
"2020-06-27T09:55:43.000Z",45.701616,5.883476,8,11,13,315,null
"2020-06-27T10:03:44.000Z",45.701525,5.883618,9.75,12,14.5,315,null
"2020-06-27T10:07:44.000Z",45.701525,5.883618,9,10.5,12.5,315,null
"2020-06-27T10:11:44.000Z",45.701525,5.883618,8.25,10.5,12,315,null
"2020-06-27T10:15:47.000Z",45.701525,5.883618,8.25,11.5,13.5,315,null
"2020-06-27T10:19:47.000Z",45.701525,5.883618,10.5,12.5,14,315,null
"2020-06-27T10:23:47.000Z",45.701525,5.883618,9,11.5,13.5,315,null
"2020-06-27T10:27:52.000Z",45.701525,5.883618,8.25,10.5,13,315,null
"2020-06-27T10:31:52.000Z",45.701525,5.883618,8.25,11,13,315,null
"2020-06-27T10:35:52.000Z",45.701525,5.883618,10,11.5,13,337.5,null
"2020-06-27T10:39:56.000Z",45.701525,5.883618,9,11,12,337.5,null
"2020-06-27T10:43:56.000Z",45.701525,5.883618,7.75,10,12,337.5,null
"2020-06-27T10:47:56.000Z",45.701525,5.883618,8.75,10.5,12,337.5,null
"2020-06-27T10:52:48.000Z",45.701525,5.883618,6.5,9,11,337.5,null
"2020-06-27T10:56:48.000Z",45.701525,5.883618,6.5,8.5,9.75,337.5,null
"2020-06-27T11:00:48.000Z",45.701698,5.883511,7.75,9,11,337.5,null
"2020-06-27T11:04:52.000Z",45.701698,5.883511,7.25,8.5,9.75,337.5,null
"2020-06-27T11:08:52.000Z",45.701698,5.883511,6.5,8.25,9.5,315,null
"2020-06-27T11:12:52.000Z",45.701698,5.883511,7.25,9.5,11,315,null
"2020-06-27T11:16:56.000Z",45.701698,5.883511,7.25,9.25,10.5,337.5,null
"2020-06-27T11:20:56.000Z",45.701698,5.883511,7.75,9.5,10.5,337.5,null
"2020-06-27T11:24:56.000Z",45.701698,5.883511,7.25,8.75,11,337.5,null
"2020-06-27T11:28:59.000Z",45.701698,5.883511,6.25,8,9.5,337.5,null
"2020-06-27T11:32:59.000Z",45.701698,5.883511,7,8.25,9.75,337.5,null
"2020-06-27T11:36:59.000Z",45.701698,5.883511,8,10,12,315,null
"2020-06-27T11:41:04.000Z",45.701698,5.883511,9.5,11,12,337.5,null
"2020-06-27T11:45:04.000Z",45.701698,5.883511,11,12.5,14.5,315,null
"2020-06-27T11:49:04.000Z",45.701698,5.883511,7.75,11,15.5,315,null
"2020-06-27T11:53:08.000Z",45.701698,5.883511,5.5,10,14,292.5,null
"2020-06-27T11:57:08.000Z",45.701698,5.883511,6.5,11,16,292.5,null
"2020-06-27T12:01:08.000Z",45.701698,5.883511,6.25,11,16,315,null
"2020-06-27T12:05:12.000Z",45.701698,5.883511,4.5,9.5,13.5,315,null
"2020-06-27T12:09:12.000Z",45.701698,5.883511,7.25,10.5,14,337.5,null
"2020-06-27T12:13:12.000Z",45.701698,5.883511,7,11,13.5,337.5,null
"2020-06-27T12:17:16.000Z",45.701698,5.883511,9.75,13.5,18,337.5,null
"2020-06-27T12:21:16.000Z",45.701698,5.883511,9,11.5,16.5,337.5,null
"2020-06-27T12:25:16.000Z",45.701698,5.883511,10.5,13,18,337.5,null
"2020-06-27T12:29:20.000Z",45.701698,5.883511,9.75,15.5,19,315,null
"2020-06-27T12:33:20.000Z",45.701698,5.883511,8.25,14.5,18,337.5,null
"2020-06-27T12:37:20.000Z",45.701698,5.883511,7,12,15.5,337.5,null
"2020-06-27T12:41:24.000Z",45.701698,5.883511,9.5,13,16.5,337.5,null
"2020-06-27T12:45:24.000Z",45.701698,5.883511,7.25,11.5,14,0,null
"2020-06-27T12:49:24.000Z",45.701698,5.883511,6.5,11,16,0,null
"2020-06-27T12:53:29.000Z",45.701698,5.883511,9,11.5,14.5,0,null
"2020-06-27T12:57:29.000Z",45.701698,5.883511,5.5,9.5,13,337.5,null
"2020-06-27T13:01:29.000Z",45.701698,5.883511,9,10.5,12.5,337.5,null
"2020-06-27T13:05:32.000Z",45.701698,5.883511,7,9.5,13,337.5,null
"2020-06-27T13:09:32.000Z",45.701698,5.883511,8,9.5,11.5,315,null
"2020-06-27T13:13:32.000Z",45.701698,5.883511,7.25,10.5,13,292.5,null
"2020-06-27T13:17:36.000Z",45.701698,5.883511,10.5,11.5,12.5,315,null
"2020-06-27T13:21:36.000Z",45.701698,5.883511,9,10.5,11,315,null
"2020-06-27T13:25:36.000Z",45.701698,5.883511,7.75,10.5,14.5,315,null
"2020-06-27T13:17:36.000Z",45.701698,5.883511,10.5,11.5,12.5,315,null
"2020-06-27T13:21:36.000Z",45.701698,5.883511,9,10.5,11,315,null
"2020-06-27T13:25:36.000Z",45.701698,5.883511,7.75,10.5,14.5,315,null
"2020-06-27T13:29:40.000Z",45.701698,5.883511,11.5,12.5,14,315,null
"2020-06-27T13:33:40.000Z",45.701698,5.883511,7.25,10.5,13,337.5,null
"2020-06-27T13:37:40.000Z",45.701698,5.883511,6,6.75,8.75,337.5,null
"2020-06-27T13:41:45.000Z",45.701698,5.883511,8.25,11,12,337.5,null
"2020-06-27T13:45:45.000Z",45.701698,5.883511,7,9.25,12,337.5,null
"2020-06-27T13:49:45.000Z",45.701698,5.883511,5.5,7.25,8.25,315,null
"2020-06-27T13:53:48.000Z",45.701698,5.883511,5.25,7,8.75,337.5,null
"2020-06-27T13:57:48.000Z",45.701698,5.883511,7,8.5,9.75,337.5,null
"2020-06-27T14:01:48.000Z",45.701698,5.883511,6.25,7.25,9,337.5,null
"2020-06-27T14:05:52.000Z",45.701698,5.883511,3.75,6.25,8,337.5,null
"2020-06-27T14:09:52.000Z",45.701698,5.883511,7.75,9.5,12,315,null
"2020-06-27T14:13:52.000Z",45.701698,5.883511,7.25,9,10.5,315,null
"2020-06-27T14:17:56.000Z",45.701698,5.883511,6.5,9.25,13,292.5,null
"2020-06-27T14:21:56.000Z",45.701698,5.883511,6,9.75,12,292.5,null
"2020-06-27T14:25:56.000Z",45.701698,5.883511,2,5.5,8.75,292.5,null
"2020-06-27T14:30:01.000Z",45.701698,5.883511,4.25,7.25,11,315,null
"2020-06-27T14:34:01.000Z",45.701698,5.883511,3.75,7.25,10,315,null
"2020-06-27T14:38:01.000Z",45.701698,5.883511,4.5,6.25,7.25,315,null
"2020-06-27T14:42:04.000Z",45.701698,5.883511,5.5,7.25,9.75,315,null
"2020-06-27T14:46:04.000Z",45.701698,5.883511,6.25,8.5,10,315,null
"2020-06-27T14:50:04.000Z",45.701698,5.883511,2,7,9.75,0,null
"2020-06-27T14:54:09.000Z",45.701698,5.883511,3.5,6.75,10,22.5,null
"2020-06-27T14:58:09.000Z",45.701698,5.883511,5.25,8,11,292.5,null
"2020-06-27T15:02:09.000Z",45.701698,5.883511,6.25,8.75,11,270,null
"2020-06-27T15:06:13.000Z",45.701698,5.883511,4.25,5.5,7,292.5,null
"2020-06-27T15:10:13.000Z",45.701698,5.883511,4.25,8.5,10.5,292.5,null
"2020-06-27T15:14:13.000Z",45.701698,5.883511,6,9,11.5,292.5,null
"2020-06-27T15:18:17.000Z",45.701698,5.883511,4.75,7,8.75,292.5,null
"2020-06-27T15:22:17.000Z",45.701698,5.883511,6.25,7.5,8.75,315,null
"2020-06-27T15:26:17.000Z",45.701698,5.883511,5.5,6.5,7.75,292.5,null
"2020-06-27T15:30:20.000Z",45.701698,5.883511,4.75,6,8,315,null
"2020-06-27T15:34:20.000Z",45.701698,5.883511,5.5,7,8.25,292.5,null
"2020-06-27T15:38:20.000Z",45.701698,5.883511,4.75,6,8,292.5,null
"2020-06-27T15:42:24.000Z",45.701698,5.883511,4.5,7.25,8.75,292.5,null
"2020-06-27T15:46:24.000Z",45.701698,5.883511,8.25,9,10,292.5,null
"2020-06-27T15:50:24.000Z",45.701698,5.883511,8,9,10,292.5,null
"2020-06-27T15:54:29.000Z",45.701698,5.883511,6.5,7.5,8.5,315,null
"2020-06-27T15:58:29.000Z",45.701698,5.883511,7,7.75,8.75,315,null
"2020-06-27T16:02:29.000Z",45.701698,5.883511,6.25,7.25,8.75,337.5,null
"2020-06-27T16:06:33.000Z",45.701698,5.883511,5.25,6.75,8,315,null
"2020-06-27T16:10:33.000Z",45.701698,5.883511,6.5,8,9.5,315,null
"2020-06-27T16:14:33.000Z",45.701698,5.883511,5.25,7.25,9.5,315,null
"2020-06-27T16:18:37.000Z",45.701698,5.883511,3.25,4.5,6.5,315,null
"2020-06-27T16:22:37.000Z",45.701698,5.883511,5.25,6.5,9,292.5,null
"2020-06-27T16:26:37.000Z",45.701698,5.883511,1.75,4.25,7.25,292.5,null
"2020-06-27T16:30:41.000Z",45.701698,5.883511,1,4.25,7,292.5,null
"2020-06-27T16:34:41.000Z",45.701698,5.883511,3.75,6,8,315,null
"2020-06-27T16:38:41.000Z",45.701698,5.883511,6,7,8,315,null
"2020-06-27T16:42:45.000Z",45.701698,5.883511,7,7.75,8.25,292.5,null
"2020-06-27T16:46:45.000Z",45.701698,5.883511,6.25,7.5,8.25,292.5,null
"2020-06-27T16:50:45.000Z",45.701698,5.883511,5.5,7.25,8.75,292.5,null
"2020-06-27T16:54:49.000Z",45.701698,5.883511,3.5,5,6.5,292.5,null
"2020-06-27T16:58:49.000Z",45.701698,5.883511,2.75,3.75,4.5,315,null
"2020-06-27T17:02:49.000Z",45.701698,5.883511,2,4,6,337.5,null
"2020-06-27T17:06:53.000Z",45.701698,5.883511,4.25,5.5,6.5,270,null
"2020-06-27T17:10:53.000Z",45.701698,5.883511,4.25,6.5,8,270,null
"2020-06-27T17:14:53.000Z",45.701698,5.883511,3.75,5,6.5,270,null
"2020-06-27T17:18:57.000Z",45.701698,5.883511,0,2.5,6,270,null
"2020-06-27T17:22:57.000Z",45.701698,5.883511,0,0,0.75,247.5,null
"2020-06-27T17:26:57.000Z",45.701698,5.883511,0,2,4.75,270,null
"2020-06-27T17:31:01.000Z",45.701698,5.883511,4.25,5.5,7.25,292.5,null
"2020-06-27T17:35:01.000Z",45.701698,5.883511,4.75,7.5,10,292.5,null
"2020-06-27T17:39:01.000Z",45.701698,5.883511,4.75,8.5,12.5,270,null
"2020-06-27T17:43:06.000Z",45.701698,5.883511,2,9,16,270,null
"2020-06-27T17:47:06.000Z",45.701698,5.883511,1.75,12.5,21.5,270,null
"2020-06-27T17:51:06.000Z",45.701698,5.883511,9,19,31,247.5,null
"2020-06-27T17:55:09.000Z",45.701698,5.883511,10.5,20.5,28,270,null
"2020-06-27T17:59:09.000Z",45.701698,5.883511,9,20,28,270,null
"2020-06-27T18:03:09.000Z",45.701698,5.883511,8,19,29.5,292.5,null
"2020-06-27T18:07:13.000Z",45.701698,5.883511,9.75,20,29,270,null
"2020-06-27T18:11:13.000Z",45.701698,5.883511,11.5,20,28,270,null
"2020-06-27T18:15:13.000Z",45.701698,5.883511,12,18,26.5,270,null
"2020-06-27T18:19:17.000Z",45.701698,5.883511,12,18,25.5,270,null
"2020-06-27T18:23:17.000Z",45.701698,5.883511,6.25,16.5,35,225,null
"2020-06-27T18:27:17.000Z",45.701698,5.883511,2.5,16.5,36.5,225,null
"2020-06-27T18:31:22.000Z",45.701698,5.883511,5.25,13.5,20.5,202.5,null
"2020-06-27T18:35:22.000Z",45.701698,5.883511,0.25,14,26.5,202.5,null
"2020-06-27T18:39:22.000Z",45.701698,5.883511,9.75,18,26,202.5,null
"2020-06-27T18:43:25.000Z",45.701698,5.883511,3.5,11.5,16.5,225,null
"2020-06-27T18:47:25.000Z",45.701698,5.883511,4.25,10,18.5,225,null
"2020-06-27T18:51:25.000Z",45.701698,5.883511,2.75,8.25,16.5,225,null
"2020-06-27T18:55:29.000Z",45.701698,5.883511,4.25,10.5,21.5,202.5,null
"2020-06-27T18:59:29.000Z",45.701698,5.883511,6.25,11,16.5,202.5,null
"2020-06-27T19:03:29.000Z",45.701698,5.883511,2.75,7.75,12,180,null
"2020-06-27T19:07:33.000Z",45.701698,5.883511,4.75,11,13.5,202.5,null
"2020-06-27T19:11:33.000Z",45.701698,5.883511,0,2.5,9.75,180,null
"2020-06-27T19:15:33.000Z",45.701698,5.883511,0,3,6.25,180,null
"2020-06-27T19:19:37.000Z",45.701698,5.883511,2.75,4,5.25,180,null
"2020-06-27T19:23:37.000Z",45.701698,5.883511,0,3.25,6.25,157.5,null
"2020-06-27T19:27:37.000Z",45.701698,5.883511,0,0.75,2.75,270,null
"2020-06-27T19:31:42.000Z",45.701698,5.883511,0,2.75,5.25,180,null
"2020-06-27T19:35:42.000Z",45.701698,5.883511,0,1.25,4.25,225,null
"2020-06-27T19:39:42.000Z",45.701698,5.883511,0,7.25,11,247.5,null
"2020-06-27T19:43:46.000Z",45.701698,5.883511,6,7.75,9.75,225,null
"2020-06-27T19:47:46.000Z",45.701698,5.883511,0.75,4,7.75,202.5,null
"2020-06-27T19:51:46.000Z",45.701698,5.883511,0.25,3,6.5,180,null
"2020-06-27T19:55:50.000Z",45.701698,5.883511,4,7,9.75,225,null
"2020-06-27T19:59:50.000Z",45.701698,5.883511,4.5,5.5,6.25,225,null
"2020-06-27T20:03:50.000Z",45.701698,5.883511,3.25,4.75,7.25,225,null
"2020-06-27T20:07:53.000Z",45.701698,5.883511,0,2,4.25,180,null
"2020-06-27T20:11:53.000Z",45.701698,5.883511,0,1,2.75,112.5,null
"2020-06-27T20:15:53.000Z",45.701698,5.883511,0,1.75,4.75,157.5,null
"2020-06-27T20:19:57.000Z",45.701698,5.883511,0,1,3.5,135,null
"2020-06-27T20:23:57.000Z",45.701698,5.883511,0,0.25,4.75,180,null
"2020-06-27T20:27:57.000Z",45.701698,5.883511,0,2.25,6.25,180,null
"2020-06-27T20:32:02.000Z",45.701698,5.883511,3.25,6,8.25,180,null
"2020-06-27T20:36:02.000Z",45.701698,5.883511,0.75,2.25,3.75,112.5,null
"2020-06-27T20:40:02.000Z",45.701698,5.883511,0,0,0.75,135,null
"2020-06-27T20:44:06.000Z",45.701698,5.883511,0,0.25,2,180,null
"2020-06-27T20:48:06.000Z",45.701698,5.883511,0,0.5,3.5,180,null
"2020-06-27T20:52:06.000Z",45.701698,5.883511,0,2.75,4.75,157.5,null
"2020-06-27T20:56:09.000Z",45.701698,5.883511,0.75,3.25,5.25,135,null
"2020-06-27T21:00:09.000Z",45.701698,5.883511,0.25,1.75,4.75,135,null
"2020-06-27T21:04:09.000Z",45.701698,5.883511,3.25,4,6,67.5,null
"2020-06-27T21:08:14.000Z",45.701698,5.883511,0,3,6.25,67.5,null
"2020-06-27T21:12:14.000Z",45.701698,5.883511,0,2.25,4.5,22.5,null
"2020-06-27T21:16:14.000Z",45.701698,5.883511,1,3.25,4.75,67.5,null
"2020-06-27T21:20:18.000Z",45.701698,5.883511,1.75,3.5,4.75,112.5,null
"2020-06-27T21:24:18.000Z",45.701698,5.883511,1.75,3.5,5.5,22.5,null
"2020-06-27T21:28:18.000Z",45.701698,5.883511,1,3.25,4.25,0,null
"2020-06-27T21:32:22.000Z",45.701698,5.883511,2,3.75,4.5,0,null
"2020-06-27T21:36:22.000Z",45.701698,5.883511,0.75,3,4.5,0,null
"2020-06-27T21:40:22.000Z",45.701698,5.883511,0.25,1.75,3.75,67.5,null
"2020-06-27T21:44:26.000Z",45.701698,5.883511,3.75,5,6.25,90,null
"2020-06-27T21:48:26.000Z",45.701698,5.883511,3.75,5.5,7.75,90,null
"2020-06-27T21:52:26.000Z",45.701698,5.883511,3.25,5.5,6.5,90,null
"2020-06-27T21:56:30.000Z",45.701698,5.883511,2.5,4.75,7.25,90,null
"2020-06-27T22:00:30.000Z",45.701698,5.883511,1.5,4.75,9.5,112.5,null
"2020-06-27T22:04:30.000Z",45.701698,5.883511,1.75,4.25,7.25,112.5,null
"2020-06-27T22:08:34.000Z",45.701698,5.883511,0.75,2.5,4.75,112.5,null
"2020-06-27T22:12:34.000Z",45.701698,5.883511,1,3,7.25,112.5,null
"2020-06-27T22:16:34.000Z",45.701698,5.883511,1.5,3,4.5,90,null
"2020-06-27T22:20:38.000Z",45.701698,5.883511,0,2,5,90,null
"2020-06-27T22:24:38.000Z",45.701698,5.883511,0,0.75,1.75,337.5,null
"2020-06-27T22:28:38.000Z",45.701698,5.883511,1,1.75,3.25,315,null
"2020-06-27T22:32:43.000Z",45.701698,5.883511,1.75,3.25,6.25,337.5,null
"2020-06-27T22:36:43.000Z",45.701698,5.883511,0,3.5,14.5,270,null
"2020-06-27T22:40:43.000Z",45.701698,5.883511,12,14.5,17.5,270,null
"2020-06-27T22:44:46.000Z",45.701698,5.883511,8,14.5,20,270,null
"2020-06-27T22:48:46.000Z",45.701698,5.883511,13.5,16.5,21,270,null
"2020-06-27T22:52:46.000Z",45.701698,5.883511,12,15.5,18.5,270,null
"2020-06-27T22:56:50.000Z",45.701698,5.883511,13,17.5,23.5,270,null
"2020-06-27T23:00:50.000Z",45.701698,5.883511,10.5,17,21.5,270,null
"2020-06-27T23:04:50.000Z",45.701698,5.883511,13.5,19.5,26.5,292.5,null
"2020-06-27T23:08:54.000Z",45.701698,5.883511,18,21,26,270,null
"2020-06-27T23:12:54.000Z",45.701698,5.883511,9.75,15,19,270,null
"2020-06-27T23:16:54.000Z",45.701698,5.883511,14.5,19,24,270,null
"2020-06-27T23:20:59.000Z",45.701698,5.883511,13,15.5,19,247.5,null
"2020-06-27T23:24:59.000Z",45.701698,5.883511,10,18,30,270,null
"2020-06-27T23:28:59.000Z",45.701698,5.883511,15.5,21.5,26,270,null
"2020-06-27T23:33:02.000Z",45.701698,5.883511,11,17.5,26.5,270,null
"2020-06-27T23:37:02.000Z",45.701698,5.883511,0.25,12,21.5,270,null
"2020-06-27T23:41:02.000Z",45.701698,5.883511,2,8.25,15.5,270,null
"2020-06-27T23:45:06.000Z",45.701698,5.883511,7.25,15,20,270,null
"2020-06-27T23:49:06.000Z",45.701698,5.883511,13.5,19,23.5,270,null
"2020-06-27T23:53:06.000Z",45.701698,5.883511,5.25,11.5,19,270,null
"2020-06-27T23:57:11.000Z",45.701698,5.883511,6.75,10,13.5,292.5,null
"2020-06-28T00:01:11.000Z",45.701698,5.883511,5.5,10.5,16.5,337.5,null
"2020-06-28T00:05:11.000Z",45.701698,5.883511,10.5,17,24.5,337.5,null
"2020-06-28T00:09:15.000Z",45.701698,5.883511,7.75,16.5,24.5,0,null
"2020-06-28T00:13:15.000Z",45.701698,5.883511,6.5,12,19.5,22.5,null
"2020-06-28T00:17:15.000Z",45.701698,5.883511,9,14.5,18,0,null
"2020-06-28T00:21:18.000Z",45.701698,5.883511,9.75,14.5,21,337.5,null
"2020-06-28T00:25:18.000Z",45.701698,5.883511,14.5,20,24.5,315,null
"2020-06-28T00:29:18.000Z",45.701698,5.883511,13.5,17,21,337.5,null
"2020-06-28T00:33:23.000Z",45.701698,5.883511,13.5,17,20.5,337.5,null
"2020-06-28T00:37:23.000Z",45.701698,5.883511,8.25,14,18,0,null
"2020-06-28T00:41:23.000Z",45.701698,5.883511,8.75,13.5,17.5,0,null
"2020-06-28T00:45:26.000Z",45.701698,5.883511,10,13.5,16.5,0,null
"2020-06-28T00:49:26.000Z",45.701698,5.883511,3.75,9,13.5,22.5,null
"2020-06-28T00:53:26.000Z",45.701698,5.883511,4.75,8,10.5,0,null
"2020-06-28T00:57:31.000Z",45.701698,5.883511,8,10,12,0,null
"2020-06-28T01:01:31.000Z",45.701698,5.883511,5.5,9.25,12,0,null
"2020-06-28T01:05:31.000Z",45.701698,5.883511,4.5,7.25,10,22.5,null
"2020-06-28T01:09:35.000Z",45.701698,5.883511,2.5,5.25,8.75,22.5,null
"2020-06-28T01:13:35.000Z",45.701698,5.883511,0.75,2.5,5.25,45,null
"2020-06-28T01:17:35.000Z",45.701698,5.883511,0.75,2,3.5,0,null
"2020-06-28T01:21:39.000Z",45.701698,5.883511,2.5,3.5,4.5,45,null
"2020-06-28T01:25:39.000Z",45.701698,5.883511,0.75,2.5,4.5,45,null
"2020-06-28T01:29:39.000Z",45.701698,5.883511,0,1,2.75,315,null
"2020-06-28T01:33:43.000Z",45.701698,5.883511,0.25,1.5,2.75,315,null
"2020-06-28T01:37:43.000Z",45.701698,5.883511,0,1,2.75,22.5,null
"2020-06-28T01:41:43.000Z",45.701698,5.883511,0,0,0,22.5,null
"2020-06-28T01:45:47.000Z",45.701698,5.883511,0,0,0,22.5,null
"2020-06-28T01:49:47.000Z",45.701698,5.883511,0,2.5,4.75,292.5,null
"2020-06-28T01:53:47.000Z",45.701698,5.883511,1.5,2.75,4.25,292.5,null
"2020-06-28T01:57:51.000Z",45.701698,5.883511,0.75,1.5,2,337.5,null
"2020-06-28T02:01:51.000Z",45.701698,5.883511,0,0.25,1.75,0,null
"2020-06-28T02:05:51.000Z",45.701698,5.883511,0,0,0,0,null
"2020-06-28T02:09:54.000Z",45.701698,5.883511,0,1.5,3.75,315,null
"2020-06-28T02:13:54.000Z",45.701698,5.883511,0,1.75,3.25,337.5,null
"2020-06-28T02:17:54.000Z",45.701698,5.883511,0,1.25,2,90,null
"2020-06-28T02:21:59.000Z",45.701698,5.883511,0,1.25,5.5,337.5,null
"2020-06-28T02:25:59.000Z",45.701698,5.883511,3.5,5.5,7.75,315,null
"2020-06-28T02:29:59.000Z",45.701698,5.883511,2.5,5,7.25,337.5,null
"2020-06-28T02:34:03.000Z",45.701698,5.883511,0,1.5,4.5,22.5,null
"2020-06-28T02:38:03.000Z",45.701698,5.883511,0,1.75,3.5,0,null
"2020-06-28T02:42:03.000Z",45.701698,5.883511,0,1.25,3.25,0,null
"2020-06-28T02:46:07.000Z",45.701698,5.883511,0,0,0.75,90,null
"2020-06-28T02:50:07.000Z",45.701698,5.883511,0,0,0.25,90,null
"2020-06-28T02:54:07.000Z",45.701698,5.883511,0,0,0,90,null
"2020-06-28T02:58:11.000Z",45.701698,5.883511,0,0,0,90,null
"2020-06-28T03:02:11.000Z",45.701698,5.883511,0,0.75,2.5,225,null
"2020-06-28T03:06:11.000Z",45.701698,5.883511,2,4.25,6.5,225,null
"2020-06-28T03:10:15.000Z",45.701698,5.883511,4.75,6.75,7.75,225,null
"2020-06-28T03:14:15.000Z",45.701698,5.883511,2,5.25,7.25,202.5,null
"2020-06-28T03:18:15.000Z",45.701698,5.883511,0.25,2.5,6.25,157.5,null
"2020-06-28T03:22:19.000Z",45.701698,5.883511,0,1.5,3.75,67.5,null
"2020-06-28T03:26:19.000Z",45.701698,5.883511,2.5,3.75,5.5,0,null
"2020-06-28T03:30:19.000Z",45.701698,5.883511,3.25,4.25,6.25,0,null
"2020-06-28T03:34:23.000Z",45.701698,5.883511,2.25,5,6.5,337.5,null
"2020-06-28T03:38:23.000Z",45.701698,5.883511,3.5,6,10.5,337.5,null
"2020-06-28T03:42:23.000Z",45.701698,5.883511,2.5,6,10,337.5,null
"2020-06-28T03:46:27.000Z",45.701698,5.883511,3.5,6.5,8.75,0,null
"2020-06-28T03:50:27.000Z",45.701698,5.883511,0.75,3.75,7,67.5,null
"2020-06-28T03:54:27.000Z",45.701698,5.883511,2,3.25,5.25,90,null
"2020-06-28T03:58:31.000Z",45.701698,5.883511,0,2.75,4.75,112.5,null
"2020-06-28T04:02:31.000Z",45.701698,5.883511,2.5,4.5,7.25,90,null
"2020-06-28T04:06:31.000Z",45.701698,5.883511,0,2.25,5.25,112.5,null
"2020-06-28T04:10:35.000Z",45.701698,5.883511,0,1.5,4.25,157.5,null
"2020-06-28T04:14:35.000Z",45.701698,5.883511,1.5,6.25,11,202.5,null
"2020-06-28T04:18:35.000Z",45.701698,5.883511,6,8.5,12,225,null
"2020-06-28T04:22:40.000Z",45.701698,5.883511,4.75,11.5,16.5,247.5,null
"2020-06-28T04:26:40.000Z",45.701698,5.883511,5.5,9.5,14,225,null
"2020-06-28T04:30:40.000Z",45.701698,5.883511,0.75,7.75,15.5,202.5,null
"2020-06-28T04:34:43.000Z",45.701698,5.883511,2.75,11,15,202.5,null
"2020-06-28T04:38:43.000Z",45.701698,5.883511,2.5,5.5,9.5,225,null
"2020-06-28T04:42:43.000Z",45.701698,5.883511,2.75,9,13,225,null
"2020-06-28T04:46:48.000Z",45.701698,5.883511,6,10,13.5,202.5,null
"2020-06-28T04:50:48.000Z",45.701698,5.883511,4.75,9.5,13,202.5,null
"2020-06-28T04:54:48.000Z",45.701698,5.883511,4.5,9.5,13,202.5,null
"2020-06-28T04:58:52.000Z",45.701698,5.883511,4.75,8.75,13,202.5,null
"2020-06-28T05:02:52.000Z",45.701698,5.883511,3.5,6.25,8.75,202.5,null
"2020-06-28T05:06:52.000Z",45.701698,5.883511,0.25,4,9,180,null
"2020-06-28T05:10:56.000Z",45.701698,5.883511,0,1.75,4.25,180,null
"2020-06-28T05:14:56.000Z",45.701698,5.883511,0,5.5,11,337.5,null
"2020-06-28T05:18:56.000Z",45.701698,5.883511,5.5,7.75,11,337.5,null
"2020-06-28T05:23:00.000Z",45.701698,5.883511,6,10.5,14.5,337.5,null
"2020-06-28T05:27:00.000Z",45.701698,5.883511,8,10.5,13,337.5,null
"2020-06-28T05:31:00.000Z",45.701698,5.883511,7.25,9.75,12.5,337.5,null
"2020-06-28T05:35:04.000Z",45.701698,5.883511,7,8.5,10.5,337.5,null
"2020-06-28T05:39:04.000Z",45.701698,5.883511,7,8.75,10,337.5,null
"2020-06-28T05:43:04.000Z",45.701698,5.883511,5.5,7.25,9.5,315,null
"2020-06-28T05:47:07.000Z",45.701698,5.883511,5.5,6.5,7.75,315,null
"2020-06-28T05:51:07.000Z",45.701698,5.883511,7,9.25,11,315,null
"2020-06-28T05:55:07.000Z",45.701698,5.883511,8,12.5,15.5,315,null
"2020-06-28T05:59:12.000Z",45.701698,5.883511,6.5,14,20.5,292.5,null
"2020-06-28T06:03:12.000Z",45.701698,5.883511,5.5,10,14,292.5,null
"2020-06-28T06:07:12.000Z",45.701698,5.883511,6.25,8.75,13,337.5,null
"2020-06-28T06:11:15.000Z",45.701698,5.883511,3.75,6.25,9,337.5,null
"2020-06-28T06:15:15.000Z",45.701698,5.883511,5.25,9,12.5,0,null
"2020-06-28T06:19:15.000Z",45.701698,5.883511,6,10.5,15.5,0,null
"2020-06-28T06:23:20.000Z",45.701698,5.883511,7.75,12,15.5,0,null
"2020-06-28T06:27:20.000Z",45.701698,5.883511,4.25,9.25,12.5,0,null
"2020-06-28T06:31:20.000Z",45.701698,5.883511,3.75,7.25,12,22.5,null
"2020-06-28T06:35:24.000Z",45.701698,5.883511,3.5,8.5,13,45,null
"2020-06-28T06:39:24.000Z",45.701698,5.883511,1.5,5.75,8.75,67.5,null
"2020-06-28T06:43:24.000Z",45.701698,5.883511,0.25,4.25,8.25,90,null
"2020-06-28T06:47:28.000Z",45.701698,5.883511,0,2.25,4.5,45,null
"2020-06-28T06:51:28.000Z",45.701698,5.883511,0,3.25,5.5,22.5,null
"2020-06-28T06:55:28.000Z",45.701698,5.883511,0,0.75,2.75,67.5,null
"2020-06-28T06:59:32.000Z",45.701698,5.883511,0,1.5,4.5,67.5,null
"2020-06-28T07:03:32.000Z",45.701698,5.883511,0,2.25,5.5,22.5,null
"2020-06-28T07:07:32.000Z",45.701698,5.883511,0.25,3.5,6.5,0,null
"2020-06-28T07:11:35.000Z",45.701698,5.883511,2.5,5,7,337.5,null
"2020-06-28T07:15:35.000Z",45.701698,5.883511,5.5,7,8.75,0,null
"2020-06-28T07:19:35.000Z",45.701698,5.883511,2.75,4.75,8,0,null
"2020-06-28T07:23:40.000Z",45.701698,5.883511,1.5,3,4.75,45,null
"2020-06-28T07:27:40.000Z",45.701698,5.883511,0.25,2,4.25,45,null
"2020-06-28T07:31:40.000Z",45.701698,5.883511,0.75,2.25,3.75,0,null
"2020-06-28T07:35:44.000Z",45.701698,5.883511,0.75,1.5,2.75,315,null
"2020-06-28T07:39:44.000Z",45.701698,5.883511,1.5,2,3.25,315,null
"2020-06-28T07:43:44.000Z",45.701698,5.883511,0,1.5,3.75,315,null
"2020-06-28T07:47:48.000Z",45.701698,5.883511,1.75,3.25,4.5,337.5,null
"2020-06-28T07:51:48.000Z",45.701698,5.883511,0,1.25,2.75,337.5,null
"2020-06-28T07:55:48.000Z",45.701698,5.883511,0.25,3.75,8,0,null
"2020-06-28T07:59:52.000Z",45.701698,5.883511,2.5,4.25,6.25,0,null
"2020-06-28T08:03:52.000Z",45.701698,5.883511,2.5,4.5,6.25,0,null
"2020-06-28T08:07:52.000Z",45.701698,5.883511,0.75,4,6.25,0,null
"2020-06-28T08:11:56.000Z",45.701698,5.883511,0,2.75,4.75,337.5,null
"2020-06-28T08:15:56.000Z",45.701698,5.883511,2,4,7,337.5,null
"2020-06-28T08:19:56.000Z",45.701698,5.883511,4.25,6.5,9.5,0,null
"2020-06-28T08:24:00.000Z",45.701698,5.883511,6,7.25,9,0,null
"2020-06-28T08:28:00.000Z",45.701698,5.883511,7.25,9.75,12,337.5,null
"2020-06-28T08:32:00.000Z",45.701698,5.883511,7.75,10,12,337.5,null
"2020-06-28T08:36:04.000Z",45.701698,5.883511,6.5,8.5,11,0,null
"2020-06-28T08:40:04.000Z",45.701698,5.883511,7,9,10.5,337.5,null
"2020-06-28T08:44:04.000Z",45.701698,5.883511,5.5,7.75,9.5,337.5,null
"2020-06-28T08:48:08.000Z",45.701698,5.883511,4.75,6,7.25,337.5,null
"2020-06-28T08:52:08.000Z",45.701698,5.883511,5.25,6,7,337.5,null
"2020-06-28T08:56:08.000Z",45.701698,5.883511,5.25,7,8.25,315,null
"2020-06-28T09:00:12.000Z",45.701698,5.883511,6,8.25,9.5,292.5,null
"2020-06-28T09:04:12.000Z",45.701698,5.883511,6.5,7.75,9,315,null
"2020-06-28T09:08:12.000Z",45.701698,5.883511,5.5,7.25,8.75,315,null
"2020-06-28T09:12:17.000Z",45.701698,5.883511,7,8.25,9.75,315,null
"2020-06-28T09:16:17.000Z",45.701698,5.883511,6.25,8,9.75,337.5,null
"2020-06-28T09:20:17.000Z",45.701698,5.883511,6.5,8,9,337.5,null
"2020-06-28T09:24:21.000Z",45.701698,5.883511,7,8.75,11,337.5,null
"2020-06-28T09:28:21.000Z",45.701698,5.883511,8.25,9.25,11,315,null
"2020-06-28T09:32:21.000Z",45.701698,5.883511,7,8.5,9.75,337.5,null
"2020-06-28T09:36:24.000Z",45.701698,5.883511,6,7.25,8.75,337.5,null
"2020-06-28T09:40:24.000Z",45.701698,5.883511,5.5,7,8,337.5,null
"2020-06-28T09:44:24.000Z",45.701698,5.883511,6.5,7.75,8.75,315,null
"2020-06-28T09:48:29.000Z",45.701698,5.883511,7,8.5,9.5,315,null
"2020-06-28T09:52:29.000Z",45.701698,5.883511,6.25,7.5,8.75,315,null
"2020-06-28T09:56:29.000Z",45.701698,5.883511,6.25,7.75,9,315,null
"2020-06-28T10:04:14.000Z",45.701593,5.883629,6.5,7.75,8.75,315,null
"2020-06-28T10:08:14.000Z",45.701593,5.883629,5.25,7,8,315,null
"2020-06-28T10:12:14.000Z",45.701593,5.883629,5.5,6.5,7.25,315,null
"2020-06-28T10:16:18.000Z",45.701593,5.883629,5.25,6.5,7.75,315,null
"2020-06-28T10:20:18.000Z",45.701593,5.883629,6,7.5,8.75,315,null
"2020-06-28T10:24:18.000Z",45.701593,5.883629,6.5,8.25,9.75,315,null
"2020-06-28T10:28:22.000Z",45.701593,5.883629,7.25,8.75,9.75,315,null
"2020-06-28T10:32:22.000Z",45.701593,5.883629,6.5,8.5,9.5,315,null
"2020-06-28T10:36:22.000Z",45.701593,5.883629,6.5,8.25,9,337.5,null
"2020-06-28T10:40:25.000Z",45.701593,5.883629,7.25,8.75,10,337.5,null
"2020-06-28T10:44:25.000Z",45.701593,5.883629,8,9,10.5,337.5,null
"2020-06-28T10:48:25.000Z",45.701593,5.883629,8,9.25,10,337.5,null
"2020-06-28T10:53:22.000Z",45.701593,5.883629,8.25,9.25,10,337.5,null
"2020-06-28T10:57:22.000Z",45.701593,5.883629,6.5,8.25,9.5,315,null
"2020-06-28T11:01:22.000Z",45.70166,5.883564,6.25,7.75,8.75,315,null
"2020-06-28T11:05:25.000Z",45.70166,5.883564,6.5,8.5,10.5,315,null
"2020-06-28T11:09:25.000Z",45.70166,5.883564,7.75,9.25,11,315,null
"2020-06-28T11:13:25.000Z",45.70166,5.883564,6.25,8.25,9.5,315,null
"2020-06-28T11:17:30.000Z",45.70166,5.883564,6.5,8,9,315,null
"2020-06-28T11:21:30.000Z",45.70166,5.883564,6.25,7.75,8.75,315,null
"2020-06-28T11:25:30.000Z",45.70166,5.883564,7,8.5,9.5,315,null
"2020-06-28T11:29:34.000Z",45.70166,5.883564,8,9.25,12,315,null
"2020-06-28T11:33:34.000Z",45.70166,5.883564,8,9.5,11,315,null
"2020-06-28T11:37:34.000Z",45.70166,5.883564,7.75,9,9.75,315,null
"2020-06-28T11:41:38.000Z",45.70166,5.883564,7,8,9,315,null
"2020-06-28T11:45:38.000Z",45.70166,5.883564,6.25,7.5,8.75,315,null
"2020-06-28T11:49:38.000Z",45.70166,5.883564,4.25,6.25,8.25,315,null
"2020-06-28T11:53:42.000Z",45.70166,5.883564,2.5,3.5,4.5,337.5,null
"2020-06-28T11:57:42.000Z",45.70166,5.883564,2.5,4,5.5,315,null
"2020-06-28T12:01:42.000Z",45.70166,5.883564,4.75,6.25,7.25,292.5,null
"2020-06-28T12:05:46.000Z",45.70166,5.883564,4.25,5.25,6.25,315,null
"2020-06-28T12:09:46.000Z",45.70166,5.883564,4.75,7.5,9.75,292.5,null
"2020-06-28T12:13:46.000Z",45.70166,5.883564,7.25,8.75,10,292.5,null
"2020-06-28T12:17:50.000Z",45.70166,5.883564,6.5,8.25,10,292.5,null
"2020-06-28T12:21:50.000Z",45.70166,5.883564,4.75,6.75,9,315,null
"2020-06-28T12:25:50.000Z",45.70166,5.883564,4.75,6.5,7.25,315,null
"2020-06-28T12:29:54.000Z",45.70166,5.883564,5.5,7.5,9.75,337.5,null
"2020-06-28T12:33:54.000Z",45.70166,5.883564,6.5,8.75,10.5,337.5,null
"2020-06-28T12:37:54.000Z",45.70166,5.883564,7,8.5,9.5,337.5,null
"2020-06-28T12:41:58.000Z",45.70166,5.883564,4.5,7,8.5,315,null
"2020-06-28T12:45:58.000Z",45.70166,5.883564,4.75,6.5,8.25,315,null
"2020-06-28T12:49:58.000Z",45.70166,5.883564,4.75,7,9,337.5,null
"2020-06-28T12:54:02.000Z",45.70166,5.883564,5.5,7,9.5,315,null
"2020-06-28T12:58:02.000Z",45.70166,5.883564,4.75,7.25,9,292.5,null
"2020-06-28T13:02:02.000Z",45.70166,5.883564,1.5,3.5,6.5,270,null
"2020-06-28T13:06:07.000Z",45.70166,5.883564,2,2.75,4.5,315,null
"2020-06-28T13:10:07.000Z",45.70166,5.883564,3.25,4.75,6.5,0,null
"2020-06-28T13:14:07.000Z",45.70166,5.883564,1.75,5.25,11,0,null
"2020-06-28T13:18:10.000Z",45.70166,5.883564,4.75,8.25,10.5,292.5,null
"2020-06-28T13:22:10.000Z",45.70166,5.883564,1.75,6.25,9.75,292.5,null
"2020-06-28T13:26:10.000Z",45.70166,5.883564,0,1.75,3.75,292.5,null
"2020-06-28T13:30:14.000Z",45.70166,5.883564,3.25,6.5,9.75,315,null
"2020-06-28T13:34:14.000Z",45.70166,5.883564,1,4,7,315,null
"2020-06-28T13:38:14.000Z",45.70166,5.883564,1.5,6.5,12,292.5,null
"2020-06-28T13:42:18.000Z",45.70166,5.883564,2.75,7.25,12.5,270,null
"2020-06-28T13:46:18.000Z",45.70166,5.883564,0.25,4.75,17,180,null
"2020-06-28T13:50:18.000Z",45.70166,5.883564,1,7.25,14.5,180,null
"2020-06-28T13:54:23.000Z",45.70166,5.883564,1.75,7.5,15,202.5,null
"2020-06-28T13:58:23.000Z",45.70166,5.883564,4.25,10.5,18,225,null
"2020-06-28T14:02:23.000Z",45.70166,5.883564,2.75,6,11.5,0,null
"2020-06-28T14:06:26.000Z",45.70166,5.883564,0,2.5,7.25,45,null
"2020-06-28T14:10:26.000Z",45.70166,5.883564,0,2.5,8.25,45,null
"2020-06-28T14:14:26.000Z",45.70166,5.883564,0,4.5,7.25,0,null
"2020-06-28T14:18:31.000Z",45.70166,5.883564,2.75,5.5,7.25,45,null
"2020-06-28T14:22:31.000Z",45.70166,5.883564,0,3.5,6.5,112.5,null
"2020-06-28T14:26:31.000Z",45.70166,5.883564,0,1.25,3.75,157.5,null
"2020-06-28T14:30:35.000Z",45.70166,5.883564,0,2.5,4.75,202.5,null
"2020-06-28T14:34:35.000Z",45.70166,5.883564,2.75,5.75,9.75,202.5,null
"2020-06-28T14:38:35.000Z",45.70166,5.883564,3.25,9.5,20,225,null
"2020-06-28T14:42:38.000Z",45.70166,5.883564,3.5,7.75,15,270,null
"2020-06-28T14:46:38.000Z",45.70166,5.883564,4.5,7,9,270,null
"2020-06-28T14:50:38.000Z",45.70166,5.883564,3.25,6.25,9.75,292.5,null
"2020-06-28T14:54:43.000Z",45.70166,5.883564,6.5,9.75,12.5,270,null
"2020-06-28T14:58:43.000Z",45.70166,5.883564,6.25,9.75,12.5,270,null
"2020-06-28T15:02:43.000Z",45.70166,5.883564,6,8.25,12,270,null
"2020-06-28T15:06:47.000Z",45.70166,5.883564,4.5,6.75,8.75,292.5,null
"2020-06-28T15:10:47.000Z",45.70166,5.883564,2.5,4.5,8,270,null
"2020-06-28T15:14:47.000Z",45.70166,5.883564,2,4.75,7.25,270,null
"2020-06-28T15:18:51.000Z",45.70166,5.883564,2.75,4.25,5.5,292.5,null
"2020-06-28T15:22:51.000Z",45.70166,5.883564,3.25,4.5,6.25,292.5,null
"2020-06-28T15:26:51.000Z",45.70166,5.883564,2.75,3.5,4.5,270,null
"2020-06-28T15:30:55.000Z",45.70166,5.883564,3.5,4.5,5.5,270,null
"2020-06-28T15:34:55.000Z",45.70166,5.883564,3.75,5,6.25,292.5,null
"2020-06-28T15:38:55.000Z",45.70166,5.883564,2.5,4,5.25,292.5,null
"2020-06-28T15:42:58.000Z",45.70166,5.883564,1.5,2.25,3.75,270,null
"2020-06-28T15:46:58.000Z",45.70166,5.883564,0.75,1.75,2.5,247.5,null
"2020-06-28T15:50:58.000Z",45.70166,5.883564,0.25,1.5,2.5,247.5,null
"2020-06-28T15:55:03.000Z",45.70166,5.883564,0.75,1.75,2.75,247.5,null
"2020-06-28T15:59:03.000Z",45.70166,5.883564,2.5,3.5,6,225,null
"2020-06-28T16:03:03.000Z",45.70166,5.883564,5.25,6.75,8,225,null
"2020-06-28T16:07:07.000Z",45.70166,5.883564,6,6.75,8.75,247.5,null
"2020-06-28T16:11:07.000Z",45.70166,5.883564,6.5,9,10.5,247.5,null
"2020-06-28T16:15:07.000Z",45.70166,5.883564,8,9.25,11,270,null
"2020-06-28T16:19:11.000Z",45.70166,5.883564,4.75,6.75,9,270,null
"2020-06-28T16:23:11.000Z",45.70166,5.883564,2.75,4.75,8.25,292.5,null
"2020-06-28T16:27:11.000Z",45.70166,5.883564,6.5,8.5,11,315,null
"2020-06-28T16:31:15.000Z",45.70166,5.883564,7.75,11.5,14.5,337.5,null
"2020-06-28T16:35:15.000Z",45.70166,5.883564,7.25,9,13,337.5,null
"2020-06-28T16:39:15.000Z",45.70166,5.883564,6,8.5,11.5,0,null
"2020-06-28T16:43:19.000Z",45.70166,5.883564,10.5,12.5,15,337.5,null
"2020-06-28T16:47:19.000Z",45.70166,5.883564,7.75,12.5,16.5,337.5,null
"2020-06-28T16:51:19.000Z",45.70166,5.883564,5.25,9.5,13,0,null
"2020-06-28T16:55:23.000Z",45.70166,5.883564,1.5,6,11,0,null
"2020-06-28T16:59:23.000Z",45.70166,5.883564,3.75,5.75,7.75,315,null
"2020-06-28T17:03:23.000Z",45.70166,5.883564,3.75,5.75,9.5,315,null
"2020-06-28T17:07:27.000Z",45.70166,5.883564,4.5,7.25,9.5,337.5,null
"2020-06-28T17:11:27.000Z",45.70166,5.883564,4.75,6.25,7.75,337.5,null
"2020-06-28T17:15:27.000Z",45.70166,5.883564,6,7.25,9,337.5,null
"2020-06-28T17:19:31.000Z",45.70166,5.883564,5.25,7.5,9.5,337.5,null
"2020-06-28T17:23:31.000Z",45.70166,5.883564,5.5,8.25,10.5,337.5,null
"2020-06-28T17:27:31.000Z",45.70166,5.883564,9,10.5,13,315,null
"2020-06-28T17:31:35.000Z",45.70166,5.883564,12,15.5,22.5,292.5,null
"2020-06-28T17:35:35.000Z",45.70166,5.883564,21,37,60,270,null
"2020-06-28T17:39:35.000Z",45.70166,5.883564,26,41.5,58,315,null
"2020-06-28T17:43:40.000Z",45.70166,5.883564,28,43,58,315,null
"2020-06-28T17:47:40.000Z",45.70166,5.883564,16.5,31.5,47.5,315,null
"2020-06-28T17:51:40.000Z",45.70166,5.883564,11.5,19.5,34.5,337.5,null
"2020-06-28T17:55:43.000Z",45.70166,5.883564,15.5,21.5,33,0,null
"2020-06-28T17:59:43.000Z",45.70166,5.883564,11.5,19.5,27,0,null
"2020-06-28T18:03:43.000Z",45.70166,5.883564,6.25,14.5,24,0,null
"2020-06-28T18:07:47.000Z",45.70166,5.883564,4.75,10,14,22.5,null
"2020-06-28T18:11:47.000Z",45.70166,5.883564,3.25,7.5,13,22.5,null
"2020-06-28T18:15:47.000Z",45.70166,5.883564,2.5,5.75,9.75,67.5,null
"2020-06-28T18:19:52.000Z",45.70166,5.883564,0.25,7.75,19,67.5,null
"2020-06-28T18:23:52.000Z",45.70166,5.883564,0.75,5.5,12.5,45,null
"2020-06-28T18:27:52.000Z",45.70166,5.883564,2.5,8,13.5,22.5,null
"2020-06-28T18:31:56.000Z",45.70166,5.883564,0,2.75,7.75,45,null
"2020-06-28T18:35:56.000Z",45.70166,5.883564,1,4.25,6.5,0,null
"2020-06-28T18:39:56.000Z",45.70166,5.883564,0.25,2.25,4.75,45,null
"2020-06-28T18:43:59.000Z",45.70166,5.883564,0,1,3.5,112.5,null
"2020-06-28T18:47:59.000Z",45.70166,5.883564,0,2.5,7.25,292.5,null
"2020-06-28T18:51:59.000Z",45.70166,5.883564,6.25,7.75,9.5,270,null
"2020-06-28T18:56:03.000Z",45.70166,5.883564,5.5,9.5,11.5,270,null
"2020-06-28T19:00:03.000Z",45.70166,5.883564,3.25,6.75,9.5,270,null
"2020-06-28T19:04:03.000Z",45.70166,5.883564,0,1.25,3.75,135,null
"2020-06-28T19:08:07.000Z",45.70166,5.883564,0,1,3.5,22.5,null
"2020-06-28T19:12:07.000Z",45.70166,5.883564,3.25,6.75,9.75,0,null
"2020-06-28T19:16:07.000Z",45.70166,5.883564,4.75,8,11,0,null
"2020-06-28T19:20:12.000Z",45.70166,5.883564,3.25,7.25,12,0,null
"2020-06-28T19:24:12.000Z",45.70166,5.883564,2,5.5,8.75,22.5,null
"2020-06-28T19:28:12.000Z",45.70166,5.883564,1.75,5,8,22.5,null
"2020-06-28T19:32:15.000Z",45.70166,5.883564,2,5.75,9.5,67.5,null
"2020-06-28T19:36:15.000Z",45.70166,5.883564,1.75,6,9.5,67.5,null
"2020-06-28T19:40:15.000Z",45.70166,5.883564,0,2.75,8,45,null
"2020-06-28T19:44:20.000Z",45.70166,5.883564,1.75,5.25,8,67.5,null
"2020-06-28T19:48:20.000Z",45.70166,5.883564,1.5,5.25,8.25,67.5,null
"2020-06-28T19:52:20.000Z",45.70166,5.883564,1.5,4,7.25,90,null
"2020-06-28T19:56:24.000Z",45.70166,5.883564,0.25,2.5,6.25,67.5,null
"2020-06-28T20:00:24.000Z",45.70166,5.883564,0.75,2.75,5.25,157.5,null
"2020-06-28T20:04:24.000Z",45.70166,5.883564,0,3.5,8.75,157.5,null
"2020-06-28T20:08:28.000Z",45.70166,5.883564,0,2.25,7.25,90,null
"2020-06-28T20:12:28.000Z",45.70166,5.883564,3.25,5.75,9.75,45,null
"2020-06-28T20:16:28.000Z",45.70166,5.883564,3.25,6.75,9.75,45,null
"2020-06-28T20:20:32.000Z",45.70166,5.883564,0,2.25,7,67.5,null
"2020-06-28T20:24:32.000Z",45.70166,5.883564,3.25,6.25,12,0,null
"2020-06-28T20:28:32.000Z",45.70166,5.883564,1.75,4.25,6.5,0,null
"2020-06-28T20:32:36.000Z",45.70166,5.883564,0.75,4,7,90,null
"2020-06-28T20:36:36.000Z",45.70166,5.883564,0,1.75,5.25,67.5,null
"2020-06-28T20:40:36.000Z",45.70166,5.883564,0,1.75,4.25,67.5,null
"2020-06-28T20:44:39.000Z",45.70166,5.883564,1,2.75,4.25,67.5,null
"2020-06-28T20:48:39.000Z",45.70166,5.883564,0.75,2.5,4.5,67.5,null
"2020-06-28T20:52:39.000Z",45.70166,5.883564,0,1.5,3.75,67.5,null
"2020-06-28T20:44:39.000Z",45.70166,5.883564,1,2.75,4.25,67.5,null
"2020-06-28T20:48:39.000Z",45.70166,5.883564,0.75,2.5,4.5,67.5,null
"2020-06-28T20:52:39.000Z",45.70166,5.883564,0,1.5,3.75,67.5,null
"2020-06-28T20:56:44.000Z",45.70166,5.883564,0,0,0.25,45,null
"2020-06-28T21:00:44.000Z",45.70166,5.883564,0,0,0,112.5,null
"2020-06-28T21:04:44.000Z",45.70166,5.883564,0,0,0.25,22.5,null
"2020-06-28T21:08:48.000Z",45.70166,5.883564,0,0,1,0,null
"2020-06-28T21:12:48.000Z",45.70166,5.883564,0,1,2,0,null
"2020-06-28T21:16:48.000Z",45.70166,5.883564,2,3,5.5,22.5,null
"2020-06-28T21:20:52.000Z",45.70166,5.883564,1.5,3.75,5.5,0,null
"2020-06-28T21:24:52.000Z",45.70166,5.883564,2.5,4.75,8,0,null
"2020-06-28T21:28:52.000Z",45.70166,5.883564,3.5,6.25,9.5,22.5,null
"2020-06-28T21:32:56.000Z",45.70166,5.883564,3.5,8.25,14,0,null
"2020-06-28T21:36:56.000Z",45.70166,5.883564,7.25,11,14,337.5,null
"2020-06-28T21:40:56.000Z",45.70166,5.883564,5.25,10.5,13.5,0,null
"2020-06-28T21:45:00.000Z",45.70166,5.883564,3.25,5.5,9,22.5,null
"2020-06-28T21:49:00.000Z",45.70166,5.883564,2,5.75,10.5,22.5,null
"2020-06-28T21:53:00.000Z",45.70166,5.883564,2.75,4.5,6.5,45,null
"2020-06-28T21:57:04.000Z",45.70166,5.883564,0.25,3.25,6,45,null
"2020-06-28T22:01:04.000Z",45.70166,5.883564,1.5,3.5,6.5,45,null
"2020-06-28T22:05:04.000Z",45.70166,5.883564,1.5,3.75,5.5,22.5,null
"2020-06-28T22:09:08.000Z",45.70166,5.883564,0.75,2.75,4.75,22.5,null
"2020-06-28T22:13:08.000Z",45.70166,5.883564,1,4.5,6.5,0,null
"2020-06-28T22:17:08.000Z",45.70166,5.883564,2.75,6.25,9,0,null
"2020-06-28T22:21:12.000Z",45.70166,5.883564,3.5,6.5,9,0,null
"2020-06-28T22:25:12.000Z",45.70166,5.883564,2.75,5.25,7.75,22.5,null
"2020-06-28T22:29:12.000Z",45.70166,5.883564,3.5,6.5,11.5,0,null
"2020-06-28T22:33:16.000Z",45.70166,5.883564,5.25,8.75,12.5,0,null
"2020-06-28T22:37:16.000Z",45.70166,5.883564,4.5,8.5,13,0,null
"2020-06-28T22:41:16.000Z",45.70166,5.883564,1.5,6.75,11,0,null
"2020-06-28T22:45:20.000Z",45.70166,5.883564,2.75,5.75,9.5,22.5,null
"2020-06-28T22:49:20.000Z",45.70166,5.883564,3.25,7,11,22.5,null
"2020-06-28T22:53:20.000Z",45.70166,5.883564,1.75,7,13,22.5,null
"2020-06-28T22:57:25.000Z",45.70166,5.883564,4.75,9.5,13,22.5,null
"2020-06-28T23:01:25.000Z",45.70166,5.883564,3.5,8.25,13,22.5,null
"2020-06-28T23:05:25.000Z",45.70166,5.883564,3.75,6.75,9.75,22.5,null
"2020-06-28T23:09:28.000Z",45.70166,5.883564,3.75,6.5,9,22.5,null
"2020-06-28T23:13:28.000Z",45.70166,5.883564,2,6.25,10.5,22.5,null
"2020-06-28T23:17:28.000Z",45.70166,5.883564,5.25,10,12.5,0,null
"2020-06-28T23:21:32.000Z",45.70166,5.883564,5.5,9.25,12,0,null
"2020-06-28T23:25:32.000Z",45.70166,5.883564,3.25,6.5,9,22.5,null
"2020-06-28T23:29:32.000Z",45.70166,5.883564,3.5,6.5,9.5,22.5,null
"2020-06-28T23:33:36.000Z",45.70166,5.883564,2.75,4.75,8,22.5,null
"2020-06-28T23:37:36.000Z",45.70166,5.883564,3.25,6.75,11,22.5,null
"2020-06-28T23:41:36.000Z",45.70166,5.883564,3.5,6.75,9.75,22.5,null
"2020-06-28T23:45:41.000Z",45.70166,5.883564,4.5,6.75,9.5,22.5,null
"2020-06-28T23:49:41.000Z",45.70166,5.883564,3.25,5.5,8.75,0,null
"2020-06-28T23:53:41.000Z",45.70166,5.883564,4.25,7,9.75,0,null
"2020-06-28T23:57:44.000Z",45.70166,5.883564,4.5,7,10,0,null
"2020-06-29T00:01:44.000Z",45.70166,5.883564,2.5,4.75,7.75,22.5,null
"2020-06-29T00:05:44.000Z",45.70166,5.883564,1.5,4,6.25,22.5,null
"2020-06-29T00:09:48.000Z",45.70166,5.883564,0,3.75,6.5,22.5,null
"2020-06-29T00:13:48.000Z",45.70166,5.883564,0,1.25,4.75,45,null
"2020-06-29T00:17:48.000Z",45.70166,5.883564,1.75,3,4.75,45,null
"2020-06-29T00:21:53.000Z",45.70166,5.883564,2,3.75,6.5,22.5,null
"2020-06-29T00:25:53.000Z",45.70166,5.883564,1.5,3,5.5,22.5,null
"2020-06-29T00:29:53.000Z",45.70166,5.883564,2.5,4.25,6.25,22.5,null
"2020-06-29T00:33:56.000Z",45.70166,5.883564,3.25,5.25,8,45,null
"2020-06-29T00:37:56.000Z",45.70166,5.883564,1,5.25,7.75,45,null
"2020-06-29T00:41:56.000Z",45.70166,5.883564,1.75,4,5.5,22.5,null
"2020-06-29T00:46:01.000Z",45.70166,5.883564,0.75,4.5,10.5,0,null
"2020-06-29T00:50:01.000Z",45.70166,5.883564,2,5.5,10.5,0,null
"2020-06-29T00:54:01.000Z",45.70166,5.883564,1.75,5,9,0,null
"2020-06-29T00:58:05.000Z",45.70166,5.883564,3.5,6.75,12,0,null
"2020-06-29T01:02:05.000Z",45.70166,5.883564,2.5,6.75,13,0,null
"2020-06-29T01:06:05.000Z",45.70166,5.883564,4.25,12,16.5,0,null
"2020-06-29T01:10:09.000Z",45.70166,5.883564,0,3.5,6.5,45,null
"2020-06-29T01:14:09.000Z",45.70166,5.883564,0.75,3.5,6,45,null
"2020-06-29T01:18:09.000Z",45.70166,5.883564,0,1.75,4.5,45,null
"2020-06-29T01:22:12.000Z",45.70166,5.883564,0.75,2.75,6.25,45,null
"2020-06-29T01:26:12.000Z",45.70166,5.883564,0,2.75,6.5,22.5,null
"2020-06-29T01:30:12.000Z",45.70166,5.883564,0,3,7.25,22.5,null
"2020-06-29T01:34:17.000Z",45.70166,5.883564,0.75,5.25,8.75,0,null
"2020-06-29T01:38:17.000Z",45.70166,5.883564,4.25,8.25,12.5,0,null
"2020-06-29T01:42:17.000Z",45.70166,5.883564,4.5,9.5,13.5,0,null
"2020-06-29T01:46:21.000Z",45.70166,5.883564,2.75,8.5,14.5,0,null
"2020-06-29T01:50:21.000Z",45.70166,5.883564,1.75,5.5,9,22.5,null
"2020-06-29T01:54:21.000Z",45.70166,5.883564,2.75,4.5,6.25,22.5,null
"2020-06-29T01:58:25.000Z",45.70166,5.883564,1.5,3.5,6,22.5,null
"2020-06-29T02:02:25.000Z",45.70166,5.883564,0.75,5.75,9,0,null
"2020-06-29T02:06:25.000Z",45.70166,5.883564,5.25,7.25,11,0,null
"2020-06-29T02:10:29.000Z",45.70166,5.883564,5.25,9.5,14,0,null
"2020-06-29T02:14:29.000Z",45.70166,5.883564,7,12,19,0,null
"2020-06-29T02:18:29.000Z",45.70166,5.883564,5.25,9.75,16.5,0,null
"2020-06-29T02:22:33.000Z",45.70166,5.883564,8,12.5,16.5,0,null
"2020-06-29T02:26:33.000Z",45.70166,5.883564,8,13.5,17.5,0,null
"2020-06-29T02:30:33.000Z",45.70166,5.883564,5.5,9.75,15.5,0,null
"2020-06-29T02:34:37.000Z",45.70166,5.883564,3.75,7.75,11.5,0,null
"2020-06-29T02:38:37.000Z",45.70166,5.883564,7,11,17,0,null
"2020-06-29T02:42:37.000Z",45.70166,5.883564,6,12.5,18.5,0,null
"2020-06-29T02:46:41.000Z",45.70166,5.883564,10,13,15.5,0,null
"2020-06-29T02:50:41.000Z",45.70166,5.883564,9.75,14,17.5,337.5,null
"2020-06-29T02:54:41.000Z",45.70166,5.883564,10,14,16.5,337.5,null
"2020-06-29T02:58:45.000Z",45.70166,5.883564,5.25,11,15,0,null
"2020-06-29T03:02:45.000Z",45.70166,5.883564,7.25,10.5,13,337.5,null
"2020-06-29T03:06:45.000Z",45.70166,5.883564,9,12.5,16.5,337.5,null
"2020-06-29T03:10:50.000Z",45.70166,5.883564,5.5,8.75,13.5,0,null
"2020-06-29T03:14:50.000Z",45.70166,5.883564,3.75,8.25,13,0,null
"2020-06-29T03:18:50.000Z",45.70166,5.883564,4.25,6.75,10,22.5,null
"2020-06-29T03:22:54.000Z",45.70166,5.883564,6.5,8.75,12,0,null
"2020-06-29T03:26:54.000Z",45.70166,5.883564,7,9.25,12,337.5,null
"2020-06-29T03:30:54.000Z",45.70166,5.883564,8.25,11,14,337.5,null
"2020-06-29T03:34:57.000Z",45.70166,5.883564,7.25,9.5,12,337.5,null
"2020-06-29T03:38:57.000Z",45.70166,5.883564,6.5,9,11.5,337.5,null
"2020-06-29T03:42:57.000Z",45.70166,5.883564,5.25,8.75,11.5,337.5,null
"2020-06-29T03:47:02.000Z",45.70166,5.883564,6.5,9,11.5,0,null
"2020-06-29T03:51:02.000Z",45.70166,5.883564,7.75,9.25,12,0,null
"2020-06-29T03:55:02.000Z",45.70166,5.883564,8,10,12,0,null
"2020-06-29T03:59:05.000Z",45.70166,5.883564,9,11,14,337.5,null
"2020-06-29T04:03:05.000Z",45.70166,5.883564,8.25,11,14.5,337.5,null
"2020-06-29T04:07:05.000Z",45.70166,5.883564,8.75,11.5,14.5,337.5,null
"2020-06-29T04:11:09.000Z",45.70166,5.883564,8,10.5,13,337.5,null
"2020-06-29T04:15:09.000Z",45.70166,5.883564,8,11,14.5,337.5,null
"2020-06-29T04:19:09.000Z",45.70166,5.883564,7,9.75,13,337.5,null
"2020-06-29T04:23:14.000Z",45.70166,5.883564,8.25,11,13,337.5,null
"2020-06-29T04:27:14.000Z",45.70166,5.883564,7.75,10,13,337.5,null
"2020-06-29T04:31:14.000Z",45.70166,5.883564,8.75,11,14,337.5,null
"2020-06-29T04:35:17.000Z",45.70166,5.883564,9,11,13,0,null
"2020-06-29T04:39:17.000Z",45.70166,5.883564,8.75,10.5,13,0,null
"2020-06-29T04:43:17.000Z",45.70166,5.883564,1.75,6.5,9.75,22.5,null
"2020-06-29T04:47:22.000Z",45.70166,5.883564,1.5,5,7.25,22.5,null
"2020-06-29T04:51:22.000Z",45.70166,5.883564,1.5,4.25,7,22.5,null
"2020-06-29T04:55:22.000Z",45.70166,5.883564,0.75,3.5,6.5,45,null
"2020-06-29T04:59:26.000Z",45.70166,5.883564,0,2.25,4.5,22.5,null
"2020-06-29T05:03:26.000Z",45.70166,5.883564,1.5,4.25,6.5,0,null
"2020-06-29T05:07:26.000Z",45.70166,5.883564,2.75,6.25,9,0,null
"2020-06-29T05:11:30.000Z",45.70166,5.883564,2.75,5.25,7.75,22.5,null
"2020-06-29T05:15:30.000Z",45.70166,5.883564,3.25,5,8,22.5,null
"2020-06-29T05:19:30.000Z",45.70166,5.883564,0.25,3.75,8.25,22.5,null
"2020-06-29T05:23:34.000Z",45.70166,5.883564,1.5,5.25,8.75,22.5,null
"2020-06-29T05:27:34.000Z",45.70166,5.883564,5.5,7.75,10.5,0,null
"2020-06-29T05:31:34.000Z",45.70166,5.883564,6.5,9.5,13,0,null
"2020-06-29T05:35:38.000Z",45.70166,5.883564,7,9.5,12,0,null
"2020-06-29T05:39:38.000Z",45.70166,5.883564,3.5,7.75,11.5,0,null
"2020-06-29T05:43:38.000Z",45.70166,5.883564,2.5,4.75,7.25,0,null
"2020-06-29T05:47:41.000Z",45.70166,5.883564,0,3,6,0,null
"2020-06-29T05:51:41.000Z",45.70166,5.883564,3.25,5.25,7.75,0,null
"2020-06-29T05:55:41.000Z",45.70166,5.883564,1.5,3.75,5.25,0,null
"2020-06-29T05:59:46.000Z",45.70166,5.883564,0,4.25,8,22.5,null
"2020-06-29T06:03:46.000Z",45.70166,5.883564,0,0.75,2,22.5,null
"2020-06-29T06:07:46.000Z",45.70166,5.883564,0,1,2,22.5,null
"2020-06-29T06:11:50.000Z",45.70166,5.883564,0,1.5,3.75,337.5,null
"2020-06-29T06:15:50.000Z",45.70166,5.883564,0.75,3,6,0,null
"2020-06-29T06:19:50.000Z",45.70166,5.883564,2,5.25,9,0,null
"2020-06-29T06:23:54.000Z",45.70166,5.883564,1.75,5,7.25,0,null
"2020-06-29T06:27:54.000Z",45.70166,5.883564,3.25,4.5,6.25,0,null
"2020-06-29T06:31:54.000Z",45.70166,5.883564,3.25,4.25,5.5,0,null
"2020-06-29T06:35:58.000Z",45.70166,5.883564,2.25,4,4.75,337.5,null
"2020-06-29T06:39:58.000Z",45.70166,5.883564,0.75,3.5,5.5,337.5,null
"2020-06-29T06:43:58.000Z",45.70166,5.883564,1.75,4.75,7.25,0,null
"2020-06-29T06:48:02.000Z",45.70166,5.883564,0,1.5,4.75,0,null
"2020-06-29T06:52:02.000Z",45.70166,5.883564,0,0.5,1.75,22.5,null
"2020-06-29T06:56:02.000Z",45.70166,5.883564,0,0.75,2,22.5,null
"2020-06-29T07:00:06.000Z",45.70166,5.883564,2,3.5,5.25,270,null
"2020-06-29T07:04:06.000Z",45.70166,5.883564,0,0.75,3.25,270,null
"2020-06-29T07:08:06.000Z",45.70166,5.883564,0,3.25,6.25,292.5,null
"2020-06-29T07:12:10.000Z",45.70166,5.883564,0.75,2.5,4.75,247.5,null
"2020-06-29T07:16:10.000Z",45.70166,5.883564,0.75,3.5,6.25,270,null
"2020-06-29T07:20:10.000Z",45.70166,5.883564,0,1,2.5,90,null
"2020-06-29T07:24:14.000Z",45.70166,5.883564,0.25,3.5,5.25,0,null
"2020-06-29T07:28:14.000Z",45.70166,5.883564,0,0.25,3.5,22.5,null
"2020-06-29T07:32:14.000Z",45.70166,5.883564,1.75,4,6,22.5,null
"2020-06-29T07:36:18.000Z",45.70166,5.883564,0.75,2.75,5.75,22.5,null
"2020-06-29T07:40:18.000Z",45.70166,5.883564,1,3,4.75,22.5,null
"2020-06-29T07:44:18.000Z",45.70166,5.883564,2.5,4.5,6.5,0,null
"2020-06-29T07:48:22.000Z",45.70166,5.883564,0.25,2.25,5.25,67.5,null
"2020-06-29T07:52:22.000Z",45.70166,5.883564,1,4.5,7.75,112.5,null
"2020-06-29T07:56:22.000Z",45.70166,5.883564,0.25,3.5,6,22.5,null
"2020-06-29T08:00:26.000Z",45.70166,5.883564,0.25,3,6.5,67.5,null
"2020-06-29T08:04:26.000Z",45.70166,5.883564,1,6.25,13.5,247.5,null
"2020-06-29T08:08:26.000Z",45.70166,5.883564,2.5,7.5,18,292.5,null
"2020-06-29T08:12:31.000Z",45.70166,5.883564,6,12,18,292.5,null
"2020-06-29T08:16:31.000Z",45.70166,5.883564,13,17.5,22,292.5,null
"2020-06-29T08:20:31.000Z",45.70166,5.883564,11,16.5,28,315,null
"2020-06-29T08:24:34.000Z",45.70166,5.883564,7.75,15.5,22.5,292.5,null
"2020-06-29T08:28:34.000Z",45.70166,5.883564,7.75,14,21,292.5,null
"2020-06-29T08:32:34.000Z",45.70166,5.883564,11,20,29,292.5,null
"2020-06-29T08:36:38.000Z",45.70166,5.883564,9.5,15.5,21,292.5,null
"2020-06-29T08:40:38.000Z",45.70166,5.883564,12,18,22,292.5,null
"2020-06-29T08:44:38.000Z",45.70166,5.883564,13,18.5,27,292.5,null
"2020-06-29T08:48:43.000Z",45.70166,5.883564,16,21.5,27,292.5,null
"2020-06-29T08:52:43.000Z",45.70166,5.883564,20.5,25,32,270,null
"2020-06-29T08:56:43.000Z",45.70166,5.883564,16.5,21.5,26.5,292.5,null
"2020-06-29T09:00:47.000Z",45.70166,5.883564,18,23.5,27.5,292.5,null
"2020-06-29T09:04:47.000Z",45.70166,5.883564,19,23.5,26.5,292.5,null
"2020-06-29T09:08:47.000Z",45.70166,5.883564,15,21.5,29,292.5,null
"2020-06-29T09:12:50.000Z",45.70166,5.883564,15.5,21,27,292.5,null
"2020-06-29T09:16:50.000Z",45.70166,5.883564,13.5,19.5,25,292.5,null
"2020-06-29T09:20:50.000Z",45.70166,5.883564,4.75,13,25,292.5,null
"2020-06-29T09:24:55.000Z",45.70166,5.883564,7.75,18.5,32.5,270,null
"2020-06-29T09:28:55.000Z",45.70166,5.883564,6.5,15,22,270,null
"2020-06-29T09:32:55.000Z",45.70166,5.883564,10,16,21.5,292.5,null
"2020-06-29T09:36:59.000Z",45.70166,5.883564,8.75,18,26,292.5,null
"2020-06-29T09:40:59.000Z",45.70166,5.883564,9.75,17,22.5,292.5,null
"2020-06-29T09:44:59.000Z",45.70166,5.883564,10,16,24,292.5,null
"2020-06-29T09:49:03.000Z",45.70166,5.883564,1.5,6.25,13,292.5,null
"2020-06-29T09:53:03.000Z",45.70166,5.883564,2.5,7.75,13,315,null
"2020-06-29T09:57:03.000Z",45.70166,5.883564,1.5,12,19.5,292.5,null
"2020-06-29T10:04:45.000Z",45.701698,5.88367,7,12,20,292.5,null
"2020-06-29T10:08:45.000Z",45.701698,5.88367,14.5,17,24,270,null
"2020-06-29T10:12:45.000Z",45.701698,5.88367,9,15.5,26,270,null
"2020-06-29T10:16:48.000Z",45.701698,5.88367,10.5,13.5,18,315,null
"2020-06-29T10:20:48.000Z",45.701698,5.88367,4.25,11.5,21,315,null
"2020-06-29T10:24:48.000Z",45.701698,5.88367,6,10.5,15.5,247.5,null
"2020-06-29T10:28:52.000Z",45.701698,5.88367,2,6,8.75,270,null
"2020-06-29T10:32:52.000Z",45.701698,5.88367,0.75,4.75,9.75,315,null
"2020-06-29T10:36:52.000Z",45.701698,5.88367,4.75,9.25,15,315,null
"2020-06-29T10:40:57.000Z",45.701698,5.88367,3.25,5.75,8.75,292.5,null
"2020-06-29T10:44:57.000Z",45.701698,5.88367,1.75,4,9.75,292.5,null
"2020-06-29T10:48:57.000Z",45.701698,5.88367,1.75,5,10.5,337.5,null
"2020-06-29T10:53:43.000Z",45.701698,5.88367,2.75,7.5,10.5,315,null
"2020-06-29T10:57:43.000Z",45.701698,5.88367,6.5,10,13,337.5,null
"2020-06-29T11:01:43.000Z",45.701728,5.88353,3.75,10,19.5,337.5,null
"2020-06-29T11:05:47.000Z",45.701728,5.88353,6.5,10.5,18.5,315,null
"2020-06-29T11:09:47.000Z",45.701728,5.88353,1,5.5,9.75,315,null
"2020-06-29T11:13:47.000Z",45.701728,5.88353,6,9.5,11.5,337.5,null
"2020-06-29T11:17:50.000Z",45.701728,5.88353,1,7.75,15.5,337.5,null
"2020-06-29T11:21:50.000Z",45.701728,5.88353,2.75,5,11,292.5,null
"2020-06-29T11:25:50.000Z",45.701728,5.88353,0,3.25,10.5,270,null
"2020-06-29T11:29:55.000Z",45.701728,5.88353,0,9.75,19.5,270,null
"2020-06-29T11:33:55.000Z",45.701728,5.88353,3.25,8.5,15.5,270,null
"2020-06-29T11:37:55.000Z",45.701728,5.88353,3.25,8.75,18,270,null
"2020-06-29T11:41:59.000Z",45.701728,5.88353,4.75,9.5,16.5,247.5,null
"2020-06-29T11:45:59.000Z",45.701728,5.88353,0,8.25,19,270,null
"2020-06-29T11:49:59.000Z",45.701728,5.88353,0,4.5,9.5,270,null
"2020-06-29T11:54:03.000Z",45.701728,5.88353,3.25,8.5,14,0,null
"2020-06-29T11:58:03.000Z",45.701728,5.88353,0,1.5,9,22.5,null
"2020-06-29T12:02:03.000Z",45.701728,5.88353,0,0.25,1.75,315,null
"2020-06-29T12:06:07.000Z",45.701728,5.88353,0,1.5,7,180,null
"2020-06-29T12:10:07.000Z",45.701728,5.88353,0,3.5,7.75,135,null
"2020-06-29T12:14:07.000Z",45.701728,5.88353,0,3.25,13.5,292.5,null
"2020-06-29T12:18:11.000Z",45.701728,5.88353,0,5.75,16,292.5,null
"2020-06-29T12:22:11.000Z",45.701728,5.88353,0,2.75,5.25,112.5,null
"2020-06-29T12:26:11.000Z",45.701728,5.88353,0,1,6.5,67.5,null
"2020-06-29T12:30:15.000Z",45.701728,5.88353,0,1.5,4.25,180,null
"2020-06-29T12:34:15.000Z",45.701728,5.88353,0,2,5.25,247.5,null
"2020-06-29T12:38:15.000Z",45.701728,5.88353,0.25,3.75,6.5,337.5,null
"2020-06-29T12:42:19.000Z",45.701728,5.88353,2.5,4.75,8.25,270,null
"2020-06-29T12:46:19.000Z",45.701728,5.88353,0,5,11,225,null
"2020-06-29T12:50:19.000Z",45.701728,5.88353,0,2.75,8,180,null
"2020-06-29T12:54:23.000Z",45.701728,5.88353,0,4.25,10.5,270,null
"2020-06-29T12:58:23.000Z",45.701728,5.88353,1,4,10.5,0,null
"2020-06-29T13:02:23.000Z",45.701728,5.88353,2,4.25,6.5,337.5,null
"2020-06-29T13:06:27.000Z",45.701728,5.88353,0,1.5,7,135,null
"2020-06-29T13:10:27.000Z",45.701728,5.88353,0,2.75,6,337.5,null
"2020-06-29T13:14:27.000Z",45.701728,5.88353,0,4.25,9.75,22.5,null
"2020-06-29T13:18:32.000Z",45.701728,5.88353,1.75,6,9.75,22.5,null
"2020-06-29T13:22:32.000Z",45.701728,5.88353,0,6.5,18,315,null
"2020-06-29T13:26:32.000Z",45.701728,5.88353,1.5,5.75,16.5,0,null
"2020-06-29T13:30:35.000Z",45.701728,5.88353,0,1,4.5,225,null
"2020-06-29T13:34:35.000Z",45.701728,5.88353,0.75,9.25,16,270,null
"2020-06-29T13:38:35.000Z",45.701728,5.88353,3.25,9.25,26.5,315,null
"2020-06-29T13:42:40.000Z",45.701728,5.88353,4.5,14.5,29,247.5,null
"2020-06-29T13:46:40.000Z",45.701728,5.88353,0.75,5.5,12,22.5,null
"2020-06-29T13:50:40.000Z",45.701728,5.88353,2,5,9,337.5,null
"2020-06-29T13:54:44.000Z",45.701728,5.88353,0,2.5,6.5,22.5,null
"2020-06-29T13:58:44.000Z",45.701728,5.88353,3.75,10.5,15,22.5,null
"2020-06-29T14:02:44.000Z",45.701728,5.88353,4.75,9.75,13,337.5,null
"2020-06-29T14:06:47.000Z",45.701728,5.88353,1.5,7,16.5,202.5,null
"2020-06-29T14:10:47.000Z",45.701728,5.88353,0,2.5,8,202.5,null
"2020-06-29T14:14:47.000Z",45.701728,5.88353,0,5.25,18,270,null
"2020-06-29T14:18:51.000Z",45.701728,5.88353,0,6,15.5,0,null
"2020-06-29T14:22:51.000Z",45.701728,5.88353,0,3.25,11,202.5,null
"2020-06-29T14:26:51.000Z",45.701728,5.88353,0,1.75,5.25,22.5,null
"2020-06-29T14:30:56.000Z",45.701728,5.88353,0.25,2.75,7.25,0,null
"2020-06-29T14:34:56.000Z",45.701728,5.88353,0,3.5,8.75,22.5,null
"2020-06-29T14:38:56.000Z",45.701728,5.88353,0.75,4,10.5,225,null
"2020-06-29T14:43:00.000Z",45.701728,5.88353,1,8,17,202.5,null
"2020-06-29T14:47:00.000Z",45.701728,5.88353,1.75,5.25,9.75,180,null
"2020-06-29T14:51:00.000Z",45.701728,5.88353,1,4.25,7.75,225,null
"2020-06-29T14:55:04.000Z",45.701728,5.88353,0,6,11,270,null
"2020-06-29T14:59:04.000Z",45.701728,5.88353,0,2.75,5.5,315,null
"2020-06-29T15:03:04.000Z",45.701728,5.88353,3.25,9.25,14.5,315,null
"2020-06-29T15:07:07.000Z",45.701728,5.88353,0,6,15.5,292.5,null
"2020-06-29T15:11:07.000Z",45.701728,5.88353,0,2.5,9.5,337.5,null
"2020-06-29T15:15:07.000Z",45.701728,5.88353,3.5,5.5,9,0,null
"2020-06-29T15:19:11.000Z",45.701728,5.88353,4.25,6.25,10.5,0,null
"2020-06-29T15:23:11.000Z",45.701728,5.88353,0,3.75,6.25,0,null
"2020-06-29T15:27:11.000Z",45.701728,5.88353,0,2,8.75,22.5,null
"2020-06-29T15:31:16.000Z",45.701728,5.88353,0.75,5.75,8.75,0,null
"2020-06-29T15:35:16.000Z",45.701728,5.88353,4.75,7,10,337.5,null
"2020-06-29T15:39:16.000Z",45.701728,5.88353,0,3.25,7.25,292.5,null
"2020-06-29T15:43:19.000Z",45.701728,5.88353,0,2.75,6.5,270,null
"2020-06-29T15:47:19.000Z",45.701728,5.88353,0,3.5,8.25,337.5,null
"2020-06-29T15:51:19.000Z",45.701728,5.88353,3.5,6,9.5,0,null
"2020-06-29T15:55:23.000Z",45.701728,5.88353,6.25,7.75,10,0,null
"2020-06-29T15:59:23.000Z",45.701728,5.88353,6.25,10,13.5,315,null
"2020-06-29T16:03:23.000Z",45.701728,5.88353,1,6,10,0,null
"2020-06-29T16:07:28.000Z",45.701728,5.88353,1.5,3.75,7.25,0,null
"2020-06-29T16:11:28.000Z",45.701728,5.88353,2.5,5,8,22.5,null
"2020-06-29T16:15:28.000Z",45.701728,5.88353,3.5,5.25,7.75,315,null
"2020-06-29T16:19:32.000Z",45.701728,5.88353,2.75,4.5,6.25,315,null
"2020-06-29T16:23:32.000Z",45.701728,5.88353,1.75,5.25,12.5,315,null
"2020-06-29T16:27:32.000Z",45.701728,5.88353,2.5,6.75,14,337.5,null
"2020-06-29T16:31:36.000Z",45.701728,5.88353,2.75,7,13,315,null
"2020-06-29T16:35:36.000Z",45.701728,5.88353,0,4.5,15.5,315,null
"2020-06-29T16:39:36.000Z",45.701728,5.88353,1.5,7,13,0,null
"2020-06-29T16:43:40.000Z",45.701728,5.88353,3.5,5.75,8.25,0,null
"2020-06-29T16:47:40.000Z",45.701728,5.88353,4.25,6.75,10.5,337.5,null
"2020-06-29T16:51:40.000Z",45.701728,5.88353,4.75,7.5,9.5,292.5,null
"2020-06-29T16:55:44.000Z",45.701728,5.88353,6,7.75,9.75,315,null
"2020-06-29T16:59:44.000Z",45.701728,5.88353,5.25,7.75,9.75,315,null
"2020-06-29T17:03:44.000Z",45.701728,5.88353,5.25,7.25,9.75,315,null
"2020-06-29T17:07:48.000Z",45.701728,5.88353,5.5,7.25,8.75,315,null
"2020-06-29T17:11:48.000Z",45.701728,5.88353,3.25,5.75,8,337.5,null
"2020-06-29T17:15:48.000Z",45.701728,5.88353,3.25,5,7.25,337.5,null
"2020-06-29T17:19:52.000Z",45.701728,5.88353,5.25,6.75,8,337.5,null
"2020-06-29T17:23:52.000Z",45.701728,5.88353,3.75,6.75,8,0,null
"2020-06-29T17:27:52.000Z",45.701728,5.88353,6,7.25,8.25,315,null
"2020-06-29T17:31:56.000Z",45.701728,5.88353,6.25,7.75,8.75,337.5,null
"2020-06-29T17:35:56.000Z",45.701728,5.88353,7,8,8.75,337.5,null
"2020-06-29T17:39:56.000Z",45.701728,5.88353,6.5,8,9,337.5,null
"2020-06-29T17:44:00.000Z",45.701728,5.88353,6,8,9.5,315,null
"2020-06-29T17:48:00.000Z",45.701728,5.88353,6,8.25,10,292.5,null
"2020-06-29T17:52:00.000Z",45.701728,5.88353,6.5,9,11,292.5,null
"2020-06-29T17:56:04.000Z",45.701728,5.88353,8,9.5,11,292.5,null
"2020-06-29T18:00:04.000Z",45.701728,5.88353,8.75,10,11.5,292.5,null
"2020-06-29T18:04:04.000Z",45.701728,5.88353,8.75,10.5,12,292.5,null
"2020-06-29T18:08:08.000Z",45.701728,5.88353,8.25,10.5,12,292.5,null
"2020-06-29T18:12:08.000Z",45.701728,5.88353,8.25,11,12,292.5,null
"2020-06-29T18:16:08.000Z",45.701728,5.88353,9.5,10.5,12,292.5,null
"2020-06-29T18:20:13.000Z",45.701728,5.88353,7.25,9.5,11,292.5,null
"2020-06-29T18:24:13.000Z",45.701728,5.88353,7,9,11,292.5,null
"2020-06-29T18:28:13.000Z",45.701728,5.88353,8,9.25,10,292.5,null
"2020-06-29T18:32:16.000Z",45.701728,5.88353,7.25,8.75,9.75,292.5,null
"2020-06-29T18:36:16.000Z",45.701728,5.88353,7.25,8.5,9.5,315,null
"2020-06-29T18:40:16.000Z",45.701728,5.88353,7,8.25,9.75,315,null
"2020-06-29T18:44:20.000Z",45.701728,5.88353,4.5,7.25,8.75,292.5,null
"2020-06-29T18:48:20.000Z",45.701728,5.88353,4.25,5.5,7,315,null
"2020-06-29T18:52:20.000Z",45.701728,5.88353,2.75,4.5,6,337.5,null
"2020-06-29T18:56:24.000Z",45.701728,5.88353,2.75,5.25,6.5,337.5,null
"2020-06-29T19:00:24.000Z",45.701728,5.88353,5.5,7,8,337.5,null
"2020-06-29T19:04:24.000Z",45.701728,5.88353,5.25,6.75,7.75,337.5,null
"2020-06-29T19:08:28.000Z",45.701728,5.88353,6,6.75,7.5,337.5,null
"2020-06-29T19:12:28.000Z",45.701728,5.88353,5.5,7,8,337.5,null
"2020-06-29T19:16:28.000Z",45.701728,5.88353,5.5,6.75,7.25,337.5,null
"2020-06-29T19:20:33.000Z",45.701728,5.88353,6.5,7.75,9,337.5,null
"2020-06-29T19:24:33.000Z",45.701728,5.88353,2,5.25,9.5,0,null
"2020-06-29T19:28:33.000Z",45.701728,5.88353,3.25,5,7.75,22.5,null
"2020-06-29T19:32:37.000Z",45.701728,5.88353,2.5,4.25,7,22.5,null
"2020-06-29T19:36:37.000Z",45.701728,5.88353,3.25,4.25,5.5,22.5,null
"2020-06-29T19:40:37.000Z",45.701728,5.88353,2.5,4.25,6.5,22.5,null
"2020-06-29T19:44:40.000Z",45.701728,5.88353,0,3.25,7.75,67.5,null
"2020-06-29T19:48:40.000Z",45.701728,5.88353,1.5,3.25,5.25,90,null
"2020-06-29T19:52:40.000Z",45.701728,5.88353,1.5,3,4.75,90,null
"2020-06-29T19:56:45.000Z",45.701728,5.88353,1,2,2.75,90,null
"2020-06-29T20:00:45.000Z",45.701728,5.88353,0,1.25,2.5,90,null
"2020-06-29T20:04:45.000Z",45.701728,5.88353,0,1,3.5,45,null
"2020-06-29T20:08:49.000Z",45.701728,5.88353,0.75,2.5,4.75,22.5,null
"2020-06-29T20:12:49.000Z",45.701728,5.88353,1.5,3,4.75,22.5,null
"2020-06-29T20:16:49.000Z",45.701728,5.88353,0,1.5,3.25,67.5,null
"2020-06-29T20:20:53.000Z",45.701728,5.88353,0.25,1.5,2.75,67.5,null
"2020-06-29T20:24:53.000Z",45.701728,5.88353,1.5,2.75,3.75,90,null
"2020-06-29T20:28:53.000Z",45.701728,5.88353,1.5,2.5,3.5,90,null
"2020-06-29T20:32:57.000Z",45.701728,5.88353,1,3.25,6,67.5,null
"2020-06-29T20:36:57.000Z",45.701728,5.88353,1,4.5,7.25,90,null
"2020-06-29T20:40:57.000Z",45.701728,5.88353,2,4.5,7,67.5,null
"2020-06-29T20:45:00.000Z",45.701728,5.88353,2.5,5.25,8,22.5,null
"2020-06-29T20:49:00.000Z",45.701728,5.88353,4.25,6.75,8.75,22.5,null
"2020-06-29T20:53:00.000Z",45.701728,5.88353,3.5,5.5,9,22.5,null
"2020-06-29T20:57:05.000Z",45.701728,5.88353,0.75,3.75,7,45,null
"2020-06-29T21:01:05.000Z",45.701728,5.88353,2,3.75,6,112.5,null
"2020-06-29T21:05:05.000Z",45.701728,5.88353,2.75,3.5,4.75,112.5,null
"2020-06-29T21:09:09.000Z",45.701728,5.88353,1.75,3.5,6,90,null
"2020-06-29T21:13:09.000Z",45.701728,5.88353,1,3.75,6,67.5,null
"2020-06-29T21:17:09.000Z",45.701728,5.88353,1,3.75,11,45,null
"2020-06-29T21:21:13.000Z",45.701728,5.88353,3.25,6.5,9.75,22.5,null
"2020-06-29T21:25:13.000Z",45.701728,5.88353,3.5,6,10,22.5,null
"2020-06-29T21:29:13.000Z",45.701728,5.88353,2.5,5,9.5,22.5,null
"2020-06-29T21:33:17.000Z",45.701728,5.88353,2.75,5,7.25,67.5,null
"2020-06-29T21:37:17.000Z",45.701728,5.88353,2,3.25,4.75,45,null
"2020-06-29T21:41:17.000Z",45.701728,5.88353,1.75,4.25,6.5,22.5,null
"2020-06-29T21:45:21.000Z",45.701728,5.88353,0.25,4,7.25,45,null
"2020-06-29T21:49:21.000Z",45.701728,5.88353,2.75,6,8.75,67.5,null
"2020-06-29T21:53:21.000Z",45.701728,5.88353,4.25,8.5,13.5,45,null
"2020-06-29T21:57:25.000Z",45.701728,5.88353,4.25,7,12,22.5,null
"2020-06-29T22:01:25.000Z",45.701728,5.88353,4.5,9.25,14,22.5,null
"2020-06-29T22:05:25.000Z",45.701728,5.88353,4.25,7,10.5,22.5,null
"2020-06-29T22:09:29.000Z",45.701728,5.88353,3.75,7,10,45,null
"2020-06-29T22:13:29.000Z",45.701728,5.88353,4.25,7.5,12,67.5,null
"2020-06-29T22:17:29.000Z",45.701728,5.88353,3.75,7.25,11,22.5,null
"2020-06-29T22:21:33.000Z",45.701728,5.88353,4.5,8.5,12.5,22.5,null
"2020-06-29T22:25:33.000Z",45.701728,5.88353,5.5,10.5,14,22.5,null
"2020-06-29T22:29:33.000Z",45.701728,5.88353,5.25,10,15.5,22.5,null
"2020-06-29T22:33:37.000Z",45.701728,5.88353,2.75,8,12.5,22.5,null
"2020-06-29T22:37:37.000Z",45.701728,5.88353,6.25,10,18,0,null
"2020-06-29T22:41:37.000Z",45.701728,5.88353,6.5,12.5,15.5,0,null
"2020-06-29T22:45:41.000Z",45.701728,5.88353,6.25,11,15.5,0,null
"2020-06-29T22:49:41.000Z",45.701728,5.88353,3.75,6.75,11,45,null
"2020-06-29T22:53:41.000Z",45.701728,5.88353,3.75,6,9.5,67.5,null
"2020-06-29T22:57:45.000Z",45.701728,5.88353,2.5,5.25,7.75,67.5,null
"2020-06-29T23:01:45.000Z",45.701728,5.88353,2.5,5.25,9.75,67.5,null
"2020-06-29T23:05:45.000Z",45.701728,5.88353,3.25,5.75,8.75,45,null
"2020-06-29T23:09:49.000Z",45.701728,5.88353,2.5,6,8.25,45,null
"2020-06-29T23:13:49.000Z",45.701728,5.88353,0.75,3.75,6.5,67.5,null
"2020-06-29T23:17:49.000Z",45.701728,5.88353,1.5,5,10,67.5,null
"2020-06-29T23:21:53.000Z",45.701728,5.88353,1.75,5.75,10.5,45,null
"2020-06-29T23:25:53.000Z",45.701728,5.88353,3.75,6.5,11,45,null
"2020-06-29T23:29:53.000Z",45.701728,5.88353,3.5,6.25,11.5,45,null
"2020-06-29T23:33:57.000Z",45.701728,5.88353,3.75,6.25,10,67.5,null
"2020-06-29T23:37:57.000Z",45.701728,5.88353,2.5,5.5,8,45,null
"2020-06-29T23:41:57.000Z",45.701728,5.88353,0.75,3.25,5.25,67.5,null
"2020-06-29T23:46:01.000Z",45.701728,5.88353,0,2.75,4.75,67.5,null
"2020-06-29T23:50:01.000Z",45.701728,5.88353,0,2.75,5.5,67.5,null
"2020-06-29T23:54:01.000Z",45.701728,5.88353,0,2.25,6.25,90,null
"2020-06-29T23:58:06.000Z",45.701728,5.88353,1.5,3.5,5.5,67.5,null
"2020-06-30T00:02:06.000Z",45.701728,5.88353,2.5,5,8.25,67.5,null
"2020-06-30T00:06:06.000Z",45.701728,5.88353,2.5,4.75,7.75,45,null
"2020-06-30T00:10:10.000Z",45.701728,5.88353,1,3.5,6,45,null
"2020-06-30T00:14:10.000Z",45.701728,5.88353,1.75,3.75,6.25,22.5,null
"2020-06-30T00:18:10.000Z",45.701728,5.88353,1.75,4.25,9.5,0,null
"2020-06-30T00:22:14.000Z",45.701728,5.88353,1.75,6,9.5,0,null
"2020-06-30T00:26:14.000Z",45.701728,5.88353,2.5,5.5,8,0,null
"2020-06-30T00:30:14.000Z",45.701728,5.88353,1.5,6.75,10,0,null
"2020-06-30T00:34:17.000Z",45.701728,5.88353,2,7.5,12,0,null
"2020-06-30T00:38:17.000Z",45.701728,5.88353,1,3.75,9.5,67.5,null
"2020-06-30T00:42:17.000Z",45.701728,5.88353,1,2.5,5.25,90,null
"2020-06-30T00:46:21.000Z",45.701728,5.88353,1.5,3.25,4.75,90,null
"2020-06-30T00:50:21.000Z",45.701728,5.88353,0.25,1.75,3.75,90,null
"2020-06-30T00:54:21.000Z",45.701728,5.88353,0.25,1.5,2.5,90,null
"2020-06-30T00:58:26.000Z",45.701728,5.88353,0.75,1.75,2.75,90,null
"2020-06-30T01:02:26.000Z",45.701728,5.88353,1,4,5.5,90,null
"2020-06-30T01:06:26.000Z",45.701728,5.88353,1,3.5,5.5,67.5,null
"2020-06-30T01:10:29.000Z",45.701728,5.88353,2,4,6.5,22.5,null
"2020-06-30T01:14:29.000Z",45.701728,5.88353,1.5,3.75,7.75,45,null
"2020-06-30T01:18:29.000Z",45.701728,5.88353,0,2.5,5.5,45,null
"2020-06-30T01:22:34.000Z",45.701728,5.88353,0,2.25,5,90,null
"2020-06-30T01:26:34.000Z",45.701728,5.88353,0,1.25,4.25,90,null
"2020-06-30T01:30:34.000Z",45.701728,5.88353,0,1.75,5.5,67.5,null
"2020-06-30T01:34:38.000Z",45.701728,5.88353,0,1.75,5.5,45,null
"2020-06-30T01:38:38.000Z",45.701728,5.88353,0,2.5,4.5,112.5,null
"2020-06-30T01:42:38.000Z",45.701728,5.88353,0,3.75,6.5,67.5,null
"2020-06-30T01:46:41.000Z",45.701728,5.88353,0.25,4,8,67.5,null
"2020-06-30T01:50:41.000Z",45.701728,5.88353,0.25,3.25,5.5,67.5,null
"2020-06-30T01:54:41.000Z",45.701728,5.88353,0,3.25,5.5,67.5,null
"2020-06-30T01:58:46.000Z",45.701728,5.88353,0,4,9.75,45,null
"2020-06-30T02:02:46.000Z",45.701728,5.88353,0.75,5.5,11,45,null
"2020-06-30T02:06:46.000Z",45.701728,5.88353,4.25,9.5,16.5,22.5,null
"2020-06-30T02:10:50.000Z",45.701728,5.88353,5.5,10.5,19,0,null
"2020-06-30T02:14:50.000Z",45.701728,5.88353,2.5,8.5,16.5,0,null
"2020-06-30T02:18:50.000Z",45.701728,5.88353,4.5,10,17,0,null
"2020-06-30T02:22:54.000Z",45.701728,5.88353,3.75,9.25,15.5,22.5,null
"2020-06-30T02:26:54.000Z",45.701728,5.88353,4.5,10,17,22.5,null
"2020-06-30T02:30:54.000Z",45.701728,5.88353,4.5,11,16.5,22.5,null
"2020-06-30T02:34:58.000Z",45.701728,5.88353,7,13,18,0,null
"2020-06-30T02:38:58.000Z",45.701728,5.88353,4.75,9.5,14.5,0,null
"2020-06-30T02:42:58.000Z",45.701728,5.88353,4.5,8.75,13.5,22.5,null
"2020-06-30T02:47:02.000Z",45.701728,5.88353,2.5,5.25,9.5,45,null
"2020-06-30T02:51:02.000Z",45.701728,5.88353,3.25,7,12,45,null
"2020-06-30T02:55:02.000Z",45.701728,5.88353,3.25,6.5,9.75,22.5,null
"2020-06-30T02:59:06.000Z",45.701728,5.88353,0.75,5.25,14.5,22.5,null
"2020-06-30T03:03:06.000Z",45.701728,5.88353,2.5,8.5,14,45,null
"2020-06-30T03:07:06.000Z",45.701728,5.88353,0.75,4.75,9.5,67.5,null
"2020-06-30T03:11:11.000Z",45.701728,5.88353,2.75,4.25,6.5,112.5,null
"2020-06-30T03:15:11.000Z",45.701728,5.88353,1,5,8,90,null
"2020-06-30T03:19:11.000Z",45.701728,5.88353,0,2.25,4.5,67.5,null
"2020-06-30T03:23:14.000Z",45.701728,5.88353,1.5,4,6.25,67.5,null
"2020-06-30T03:27:14.000Z",45.701728,5.88353,1.75,3.75,6.25,67.5,null
"2020-06-30T03:31:14.000Z",45.701728,5.88353,2.5,5.5,9.75,67.5,null
"2020-06-30T03:35:19.000Z",45.701728,5.88353,2,4.25,6.25,90,null
"2020-06-30T03:39:19.000Z",45.701728,5.88353,1.75,4.25,7.25,90,null
"2020-06-30T03:43:19.000Z",45.701728,5.88353,1.75,4.25,6.25,112.5,null
"2020-06-30T03:47:22.000Z",45.701728,5.88353,0.75,3.25,5.25,90,null
"2020-06-30T03:51:22.000Z",45.701728,5.88353,2.75,4.5,6.25,90,null
"2020-06-30T03:55:22.000Z",45.701728,5.88353,1.75,3.5,5.25,90,null
"2020-06-30T03:59:27.000Z",45.701728,5.88353,2.5,4.25,6,90,null
"2020-06-30T04:03:27.000Z",45.701728,5.88353,2.5,4,4.75,112.5,null
"2020-06-30T04:07:27.000Z",45.701728,5.88353,2,4,4.75,112.5,null
"2020-06-30T04:11:31.000Z",45.701728,5.88353,3.25,5,7.25,90,null
"2020-06-30T04:15:31.000Z",45.701728,5.88353,2.5,4.75,7.25,90,null
"2020-06-30T04:19:31.000Z",45.701728,5.88353,2.5,4,6.25,90,null
"2020-06-30T04:23:35.000Z",45.701728,5.88353,2,4,5.25,90,null
"2020-06-30T04:27:35.000Z",45.701728,5.88353,1,4.25,7,90,null
"2020-06-30T04:31:35.000Z",45.701728,5.88353,1.75,4.75,6.25,90,null
"2020-06-30T04:35:38.000Z",45.701728,5.88353,3.25,4.25,6.5,90,null
"2020-06-30T04:39:38.000Z",45.701728,5.88353,3.25,5,7.25,90,null
"2020-06-30T04:43:38.000Z",45.701728,5.88353,1.5,3.5,6,90,null
"2020-06-30T04:47:43.000Z",45.701728,5.88353,1.75,4.5,6,90,null
"2020-06-30T04:51:43.000Z",45.701728,5.88353,2,3.75,4.75,90,null
"2020-06-30T04:55:43.000Z",45.701728,5.88353,2.5,4,6,90,null
"2020-06-30T04:59:46.000Z",45.701728,5.88353,2.75,5,7,90,null
"2020-06-30T05:03:46.000Z",45.701728,5.88353,2,4.25,6.5,90,null
"2020-06-30T05:07:46.000Z",45.701728,5.88353,2.75,5.25,7.25,90,null
"2020-06-30T05:11:50.000Z",45.701728,5.88353,4.5,6.5,9.5,90,null
"2020-06-30T05:15:50.000Z",45.701728,5.88353,4.5,7.5,9.75,90,null
"2020-06-30T05:19:50.000Z",45.701728,5.88353,3.5,6,9,90,null
"2020-06-30T05:23:55.000Z",45.701728,5.88353,0,2.75,6,45,null
"2020-06-30T05:27:55.000Z",45.701728,5.88353,0,2.25,3.75,90,null
"2020-06-30T05:31:55.000Z",45.701728,5.88353,0.25,2.75,4.75,90,null
"2020-06-30T05:35:58.000Z",45.701728,5.88353,1,8,13.5,337.5,null
"2020-06-30T05:39:58.000Z",45.701728,5.88353,0,4.5,10,22.5,null
"2020-06-30T05:43:58.000Z",45.701728,5.88353,2,8.25,12,337.5,null
"2020-06-30T05:48:02.000Z",45.701728,5.88353,6.5,9,12,337.5,null
"2020-06-30T05:52:02.000Z",45.701728,5.88353,7,9.25,12,337.5,null
"2020-06-30T05:56:02.000Z",45.701728,5.88353,8.75,10.5,13,337.5,null
"2020-06-30T06:00:07.000Z",45.701728,5.88353,7,9.25,12,337.5,null
"2020-06-30T06:04:07.000Z",45.701728,5.88353,6.25,9.25,12,337.5,null
"2020-06-30T06:08:07.000Z",45.701728,5.88353,6.25,8.5,12,337.5,null
"2020-06-30T06:12:11.000Z",45.701728,5.88353,6.25,9.5,13,337.5,null
"2020-06-30T06:16:11.000Z",45.701728,5.88353,5.25,8.75,11.5,337.5,null
"2020-06-30T06:20:11.000Z",45.701728,5.88353,6.25,8.5,12,337.5,null
"2020-06-30T06:24:15.000Z",45.701728,5.88353,6,9.5,13.5,315,null
"2020-06-30T06:28:15.000Z",45.701728,5.88353,8,11.5,14,315,null
"2020-06-30T06:32:15.000Z",45.701728,5.88353,9.5,12,15.5,315,null
"2020-06-30T06:36:19.000Z",45.701728,5.88353,8.25,11,13,337.5,null
"2020-06-30T06:40:19.000Z",45.701728,5.88353,8.25,10.5,13,337.5,null
"2020-06-30T06:44:19.000Z",45.701728,5.88353,8,10.5,13,315,null
"2020-06-30T06:48:23.000Z",45.701728,5.88353,8,10.5,12.5,315,null
"2020-06-30T06:52:23.000Z",45.701728,5.88353,6.5,9.5,13,337.5,null
"2020-06-30T06:56:23.000Z",45.701728,5.88353,6.5,10.5,13,315,null
"2020-06-30T07:00:27.000Z",45.701728,5.88353,6.25,9.75,12.5,315,null
"2020-06-30T07:04:27.000Z",45.701728,5.88353,4.5,8.75,13,337.5,null
"2020-06-30T07:08:27.000Z",45.701728,5.88353,3.25,6.5,8.75,337.5,null
"2020-06-30T07:12:31.000Z",45.701728,5.88353,3.75,5.75,7.75,337.5,null
"2020-06-30T07:16:31.000Z",45.701728,5.88353,1.5,5.75,8.25,337.5,null
"2020-06-30T07:20:31.000Z",45.701728,5.88353,3.75,7,8.75,337.5,null
"2020-06-30T07:24:35.000Z",45.701728,5.88353,6,7.5,9.5,337.5,null
"2020-06-30T07:28:35.000Z",45.701728,5.88353,4.25,8,11,315,null
"2020-06-30T07:32:35.000Z",45.701728,5.88353,5.25,7.75,10,337.5,null
"2020-06-30T07:36:39.000Z",45.701728,5.88353,5.25,8,10.5,315,null
"2020-06-30T07:40:39.000Z",45.701728,5.88353,4.5,7.75,10.5,337.5,null
"2020-06-30T07:44:39.000Z",45.701728,5.88353,5.25,7.5,10.5,337.5,null
"2020-06-30T07:48:43.000Z",45.701728,5.88353,4.75,7.5,10.5,337.5,null
"2020-06-30T07:52:43.000Z",45.701728,5.88353,6,8.25,10,315,null
"2020-06-30T07:56:43.000Z",45.701728,5.88353,5.25,7.75,9.75,315,null
"2020-06-30T08:00:47.000Z",45.701728,5.88353,5.5,7.25,9,337.5,null
"2020-06-30T08:04:47.000Z",45.701728,5.88353,6.25,8,9.75,337.5,null
"2020-06-30T08:08:47.000Z",45.701728,5.88353,7,8.75,10.5,337.5,null
"2020-06-30T08:12:51.000Z",45.701728,5.88353,6.5,8.75,11,315,null
"2020-06-30T08:16:51.000Z",45.701728,5.88353,7.25,9.5,11,337.5,null
"2020-06-30T08:20:51.000Z",45.701728,5.88353,7.25,9.25,11,337.5,null
"2020-06-30T08:24:55.000Z",45.701728,5.88353,7,9.25,12,337.5,null
"2020-06-30T08:28:55.000Z",45.701728,5.88353,7,9,11,315,null
"2020-06-30T08:32:55.000Z",45.701728,5.88353,5.25,8,11,315,null
"2020-06-30T08:36:59.000Z",45.701728,5.88353,6.5,8.75,12,315,null
"2020-06-30T08:40:59.000Z",45.701728,5.88353,7.25,9,11,315,null
"2020-06-30T08:44:59.000Z",45.701728,5.88353,7.25,9,11,315,null
"2020-06-30T08:49:04.000Z",45.701728,5.88353,6.5,8.5,9.75,337.5,null
"2020-06-30T08:53:04.000Z",45.701728,5.88353,6.5,8.5,10.5,337.5,null
"2020-06-30T08:57:04.000Z",45.701728,5.88353,6.25,8.25,11.5,315,null
"2020-06-30T09:01:08.000Z",45.701728,5.88353,6.5,9.25,10.5,315,null
"2020-06-30T09:05:08.000Z",45.701728,5.88353,6,8,9.75,315,null
"2020-06-30T09:09:08.000Z",45.701728,5.88353,4.75,7,9.5,315,null
"2020-06-30T09:13:11.000Z",45.701728,5.88353,6,8,11,315,null
"2020-06-30T09:17:11.000Z",45.701728,5.88353,4.75,7,8.75,315,null
"2020-06-30T09:21:11.000Z",45.701728,5.88353,3.75,6,8.75,315,null
"2020-06-30T09:25:16.000Z",45.701728,5.88353,3.75,5.5,7.75,315,null
"2020-06-30T09:29:16.000Z",45.701728,5.88353,2.75,4.5,7.25,315,null
"2020-06-30T09:33:16.000Z",45.701728,5.88353,3.75,6.75,8.75,315,null
"2020-06-30T09:37:19.000Z",45.701728,5.88353,5.25,7.5,10,315,null
"2020-06-30T09:41:19.000Z",45.701728,5.88353,8,9.5,11,337.5,null
"2020-06-30T09:45:19.000Z",45.701728,5.88353,6.25,8.25,9.75,337.5,null
"2020-06-30T09:49:24.000Z",45.701728,5.88353,6.5,8.5,10.5,315,null
"2020-06-30T09:53:24.000Z",45.701728,5.88353,4.75,7,9.5,315,null
"2020-06-30T09:57:24.000Z",45.701728,5.88353,4.25,6.75,8.25,315,null
"2020-06-30T10:05:40.000Z",45.701641,5.883552,4.75,7,8.25,315,null
"2020-06-30T10:09:40.000Z",45.701641,5.883552,4.5,6.25,7.75,315,null
"2020-06-30T10:13:40.000Z",45.701641,5.883552,5.25,6.75,9,315,null
"2020-06-30T10:17:43.000Z",45.701641,5.883552,4.5,6.25,7.75,292.5,null
"2020-06-30T10:21:43.000Z",45.701641,5.883552,4.75,6,7.25,315,null
"2020-06-30T10:25:43.000Z",45.701641,5.883552,4.25,6,8,315,null
"2020-06-30T10:29:48.000Z",45.701641,5.883552,4.5,5.75,7.25,315,null
"2020-06-30T10:33:48.000Z",45.701641,5.883552,4.25,5.25,7,292.5,null
"2020-06-30T10:37:48.000Z",45.701641,5.883552,1.75,3.75,5.25,292.5,null
"2020-06-30T10:41:52.000Z",45.701641,5.883552,0.75,3.75,6.5,292.5,null
"2020-06-30T10:45:52.000Z",45.701641,5.883552,2.5,4,7.25,292.5,null
"2020-06-30T10:49:52.000Z",45.701641,5.883552,3.5,5.75,7.75,337.5,null
"2020-06-30T10:54:32.000Z",45.701641,5.883552,7,10,13,337.5,null
"2020-06-30T10:58:32.000Z",45.701641,5.883552,7.75,10,13,337.5,null
"2020-06-30T11:02:32.000Z",45.70152,5.883459,7,8.75,11,337.5,null
"2020-06-30T11:06:36.000Z",45.70152,5.883459,4.5,7,8.25,337.5,null
"2020-06-30T11:10:36.000Z",45.70152,5.883459,4.75,9,12,337.5,null
"2020-06-30T11:14:36.000Z",45.70152,5.883459,7,11,13,337.5,null
"2020-06-30T11:18:39.000Z",45.70152,5.883459,6,9.5,13.5,337.5,null
"2020-06-30T11:22:39.000Z",45.70152,5.883459,8.75,11.5,13.5,0,null
"2020-06-30T11:26:39.000Z",45.70152,5.883459,3.5,5.75,9.5,337.5,null
"2020-06-30T11:30:44.000Z",45.70152,5.883459,8,9.25,10.5,337.5,null
"2020-06-30T11:34:44.000Z",45.70152,5.883459,7,10,12,337.5,null
"2020-06-30T11:38:44.000Z",45.70152,5.883459,6.5,8.5,12,337.5,null
"2020-06-30T11:42:48.000Z",45.70152,5.883459,6.5,10,13.5,337.5,null
"2020-06-30T11:46:48.000Z",45.70152,5.883459,8.75,11,13,337.5,null
"2020-06-30T11:50:48.000Z",45.70152,5.883459,8.25,10.5,13,337.5,null
"2020-06-30T11:54:52.000Z",45.70152,5.883459,6.25,7.5,9.75,0,null
"2020-06-30T11:58:52.000Z",45.70152,5.883459,3.75,6,7.75,337.5,null
"2020-06-30T12:02:52.000Z",45.70152,5.883459,6.25,10.5,12.5,0,null
"2020-06-30T12:06:56.000Z",45.70152,5.883459,7,8.75,11.5,0,null
"2020-06-30T12:10:56.000Z",45.70152,5.883459,6.25,7.75,8.75,0,null
"2020-06-30T12:14:56.000Z",45.70152,5.883459,3.25,5.75,9,0,null
"2020-06-30T12:19:00.000Z",45.70152,5.883459,2,5,7,0,null
"2020-06-30T12:23:00.000Z",45.70152,5.883459,1.5,5.25,7.25,0,null
"2020-06-30T12:27:00.000Z",45.70152,5.883459,2.75,5.25,8,0,null
"2020-06-30T12:31:04.000Z",45.70152,5.883459,4.5,6,7.25,0,null
"2020-06-30T12:35:04.000Z",45.70152,5.883459,5.5,8.75,10.5,337.5,null
"2020-06-30T12:39:04.000Z",45.70152,5.883459,5.25,8,11,337.5,null
"2020-06-30T12:43:08.000Z",45.70152,5.883459,3.75,6,8.25,337.5,null
"2020-06-30T12:47:08.000Z",45.70152,5.883459,2,3.75,5.5,337.5,null
"2020-06-30T12:51:08.000Z",45.70152,5.883459,3.25,6.75,10,0,null
"2020-06-30T12:55:12.000Z",45.70152,5.883459,2,6.25,9.75,0,null
"2020-06-30T12:59:12.000Z",45.70152,5.883459,0.25,3.75,6.5,0,null
"2020-06-30T13:03:12.000Z",45.70152,5.883459,4.75,7,9.5,337.5,null
"2020-06-30T13:07:16.000Z",45.70152,5.883459,2,6.5,10.5,337.5,null
"2020-06-30T13:11:16.000Z",45.70152,5.883459,6,7.25,10,0,null
"2020-06-30T13:15:16.000Z",45.70152,5.883459,3.75,6.25,8.25,0,null
"2020-06-30T13:19:20.000Z",45.70152,5.883459,0,3.5,6.25,315,null
"2020-06-30T13:23:20.000Z",45.70152,5.883459,3.5,6,8.75,292.5,null
"2020-06-30T13:27:20.000Z",45.70152,5.883459,2.75,6,8,292.5,null
"2020-06-30T13:31:24.000Z",45.70152,5.883459,4.75,8.25,16,292.5,null
"2020-06-30T13:35:24.000Z",45.70152,5.883459,5.5,9,12,270,null
"2020-06-30T13:39:24.000Z",45.70152,5.883459,6,8.75,12,292.5,null
"2020-06-30T13:43:28.000Z",45.70152,5.883459,5.5,12,18,247.5,null
"2020-06-30T13:47:28.000Z",45.70152,5.883459,8.75,13.5,22,270,null
"2020-06-30T13:51:28.000Z",45.70152,5.883459,4.5,9.75,14.5,292.5,null
"2020-06-30T13:55:33.000Z",45.70152,5.883459,3.5,8,15,292.5,null
"2020-06-30T13:59:33.000Z",45.70152,5.883459,0.75,4,9.75,247.5,null
"2020-06-30T14:03:33.000Z",45.70152,5.883459,0,1.5,7.25,315,null
"2020-06-30T14:07:37.000Z",45.70152,5.883459,0,3.25,7.5,22.5,null
"2020-06-30T14:11:37.000Z",45.70152,5.883459,0,1.5,6.25,247.5,null
"2020-06-30T14:15:37.000Z",45.70152,5.883459,0,1.25,4.25,270,null
"2020-06-30T14:19:40.000Z",45.70152,5.883459,0.75,2.5,4.5,315,null
"2020-06-30T14:23:40.000Z",45.70152,5.883459,0,2.25,4.75,315,null
"2020-06-30T14:27:40.000Z",45.70152,5.883459,0.25,3,6.5,292.5,null
"2020-06-30T14:31:44.000Z",45.70152,5.883459,0.75,7.25,14.5,225,null
"2020-06-30T14:35:44.000Z",45.70152,5.883459,4.75,7.5,10.5,292.5,null
"2020-06-30T14:39:44.000Z",45.70152,5.883459,4.25,9.5,15.5,315,null
"2020-06-30T14:43:48.000Z",45.70152,5.883459,1.75,9.75,16.5,292.5,null
"2020-06-30T14:47:48.000Z",45.70152,5.883459,2.75,6.75,13,315,null
"2020-06-30T14:51:48.000Z",45.70152,5.883459,2.75,12,19,292.5,null
"2020-06-30T14:55:53.000Z",45.70152,5.883459,8,13.5,20,315,null
"2020-06-30T14:59:53.000Z",45.70152,5.883459,6.25,14,21.5,315,null
"2020-06-30T15:03:53.000Z",45.70152,5.883459,11.5,17,26,292.5,null
"2020-06-30T15:07:57.000Z",45.70152,5.883459,8,16,22.5,292.5,null
"2020-06-30T15:11:57.000Z",45.70152,5.883459,9.5,13.5,19.5,292.5,null
"2020-06-30T15:15:57.000Z",45.70152,5.883459,10,13.5,18,292.5,null
"2020-06-30T15:20:01.000Z",45.70152,5.883459,6,12,16.5,292.5,null
"2020-06-30T15:24:01.000Z",45.70152,5.883459,6.5,12.5,18.5,315,null
"2020-06-30T15:28:01.000Z",45.70152,5.883459,2.75,9.75,15.5,292.5,null
"2020-06-30T15:32:05.000Z",45.70152,5.883459,4.25,10.5,16.5,292.5,null
"2020-06-30T15:36:05.000Z",45.70152,5.883459,6,9.5,13,270,null
"2020-06-30T15:40:05.000Z",45.70152,5.883459,6,9,11,270,null
"2020-06-30T15:44:08.000Z",45.70152,5.883459,9,11.5,15,292.5,null
"2020-06-30T15:48:08.000Z",45.70152,5.883459,8.25,12,15.5,315,null
"2020-06-30T15:52:08.000Z",45.70152,5.883459,6.25,9,11,292.5,null
"2020-06-30T15:56:13.000Z",45.70152,5.883459,6.5,9.75,15,270,null
"2020-06-30T16:00:13.000Z",45.70152,5.883459,4.75,9,13.5,270,null
"2020-06-30T16:04:13.000Z",45.70152,5.883459,6.25,8.25,11,315,null
"2020-06-30T16:08:17.000Z",45.70152,5.883459,3.5,7,11,292.5,null
"2020-06-30T16:12:17.000Z",45.70152,5.883459,3.75,6.75,9.75,315,null
"2020-06-30T16:16:17.000Z",45.70152,5.883459,6.5,10,17,315,null
"2020-06-30T16:20:21.000Z",45.70152,5.883459,5.5,10.5,15,292.5,null
"2020-06-30T16:24:21.000Z",45.70152,5.883459,12,16,21,270,null
"2020-06-30T16:28:21.000Z",45.70152,5.883459,10.5,13,16,270,null
"2020-06-30T16:32:25.000Z",45.70152,5.883459,5.5,10.5,14,292.5,null
"2020-06-30T16:36:25.000Z",45.70152,5.883459,7,16,22,292.5,null
"2020-06-30T16:40:25.000Z",45.70152,5.883459,8.25,12.5,16.5,292.5,null
"2020-06-30T16:44:29.000Z",45.70152,5.883459,6.25,10,13.5,292.5,null
"2020-06-30T16:48:29.000Z",45.70152,5.883459,9.5,17.5,23.5,270,null
"2020-06-30T16:52:29.000Z",45.70152,5.883459,12,15.5,22.5,270,null
"2020-06-30T16:56:33.000Z",45.70152,5.883459,11.5,15.5,20,270,null
"2020-06-30T17:00:33.000Z",45.70152,5.883459,7.25,11.5,15.5,270,null
"2020-06-30T17:04:33.000Z",45.70152,5.883459,9,13,16,270,null
"2020-06-30T17:08:37.000Z",45.70152,5.883459,8,11.5,14.5,292.5,null
"2020-06-30T17:12:37.000Z",45.70152,5.883459,10,13.5,18,270,null
"2020-06-30T17:16:37.000Z",45.70152,5.883459,9.75,13,17.5,270,null
"2020-06-30T17:20:41.000Z",45.70152,5.883459,6.25,9.75,15,270,null
"2020-06-30T17:24:41.000Z",45.70152,5.883459,7,10.5,14.5,270,null
"2020-06-30T17:28:41.000Z",45.70152,5.883459,5.5,8,10.5,270,null
"2020-06-30T17:32:46.000Z",45.70152,5.883459,8,10.5,14,270,null
"2020-06-30T17:36:46.000Z",45.70152,5.883459,8.25,10.5,14,270,null
"2020-06-30T17:40:46.000Z",45.70152,5.883459,6,12,15,270,null
"2020-06-30T17:44:49.000Z",45.70152,5.883459,13,15.5,19,270,null
"2020-06-30T17:48:49.000Z",45.70152,5.883459,12.5,14.5,17.5,270,null
"2020-06-30T17:52:49.000Z",45.70152,5.883459,12,14.5,17,270,null
"2020-06-30T17:56:53.000Z",45.70152,5.883459,8.25,13,18,270,null
"2020-06-30T18:00:53.000Z",45.70152,5.883459,11,13.5,17.5,270,null
"2020-06-30T18:04:53.000Z",45.70152,5.883459,10.5,14,19,270,null
"2020-06-30T18:08:57.000Z",45.70152,5.883459,8.25,11.5,14.5,270,null
"2020-06-30T18:12:57.000Z",45.70152,5.883459,11.5,14.5,17.5,270,null
"2020-06-30T18:16:57.000Z",45.70152,5.883459,10,15,20,270,null
"2020-06-30T18:21:01.000Z",45.70152,5.883459,11.5,16,19,270,null
"2020-06-30T18:25:01.000Z",45.70152,5.883459,13,16,21,270,null
"2020-06-30T18:29:01.000Z",45.70152,5.883459,12,15.5,21,270,null
"2020-06-30T18:33:05.000Z",45.70152,5.883459,9.75,14.5,19,270,null
"2020-06-30T18:37:05.000Z",45.70152,5.883459,10.5,14.5,18,270,null
"2020-06-30T18:41:05.000Z",45.70152,5.883459,8,11.5,15.5,270,null
"2020-06-30T18:45:09.000Z",45.70152,5.883459,4.75,10,16.5,270,null
"2020-06-30T18:49:09.000Z",45.70152,5.883459,3.5,7.5,12,247.5,null
"2020-06-30T18:53:09.000Z",45.70152,5.883459,3.25,12.5,16,247.5,null
"2020-06-30T18:57:13.000Z",45.70152,5.883459,5.5,9.75,14,270,null
"2020-06-30T19:01:13.000Z",45.70152,5.883459,4.5,11,15.5,270,null
"2020-06-30T19:05:13.000Z",45.70152,5.883459,4.25,7,9.75,270,null
"2020-06-30T19:09:18.000Z",45.70152,5.883459,1.5,4.75,8.25,337.5,null
"2020-06-30T19:13:18.000Z",45.70152,5.883459,0,0.25,1.75,0,null
"2020-06-30T19:17:18.000Z",45.70152,5.883459,0,0.25,2,112.5,null
"2020-06-30T19:21:22.000Z",45.70152,5.883459,1,2,2.75,135,null
"2020-06-30T19:25:22.000Z",45.70152,5.883459,1.5,2.25,3.25,135,null
"2020-06-30T19:29:22.000Z",45.70152,5.883459,1.75,3.25,5.25,90,null
"2020-06-30T19:33:25.000Z",45.70152,5.883459,1,3,4.75,90,null
"2020-06-30T19:37:25.000Z",45.70152,5.883459,0.75,2.25,4.25,112.5,null
"2020-06-30T19:41:25.000Z",45.70152,5.883459,0.75,2.5,4.25,135,null
"2020-06-30T19:45:30.000Z",45.70152,5.883459,1.75,3.25,4.75,157.5,null
"2020-06-30T19:49:30.000Z",45.70152,5.883459,1.75,3.75,4.75,157.5,null
"2020-06-30T19:53:30.000Z",45.70152,5.883459,0,2.25,4.5,157.5,null
"2020-06-30T19:57:34.000Z",45.70152,5.883459,1,2.75,4.25,112.5,null
"2020-06-30T20:01:34.000Z",45.70152,5.883459,0,0.75,4.25,135,null
"2020-06-30T20:05:34.000Z",45.70152,5.883459,0,2,4.5,135,null
"2020-06-30T20:09:38.000Z",45.70152,5.883459,0.75,2.25,3.5,135,null
"2020-06-30T20:13:38.000Z",45.70152,5.883459,1,2.75,4.75,135,null
"2020-06-30T20:17:38.000Z",45.70152,5.883459,1.75,3.25,5.5,135,null
"2020-06-30T20:21:41.000Z",45.70152,5.883459,0.75,4,7,112.5,null
"2020-06-30T20:25:41.000Z",45.70152,5.883459,1.5,3.75,6.5,135,null
"2020-06-30T20:29:41.000Z",45.70152,5.883459,0.25,3,6.25,135,null
"2020-06-30T20:33:45.000Z",45.70152,5.883459,0,3,5.25,112.5,null
"2020-06-30T20:37:45.000Z",45.70152,5.883459,1.5,3,5.25,112.5,null
"2020-06-30T20:41:45.000Z",45.70152,5.883459,1.75,4.25,8.75,90,null
"2020-06-30T20:45:50.000Z",45.70152,5.883459,2,4,7.25,90,null
"2020-06-30T20:49:50.000Z",45.70152,5.883459,2,4.25,7.25,90,null
"2020-06-30T20:53:50.000Z",45.70152,5.883459,3.5,6.5,9,90,null
"2020-06-30T20:57:54.000Z",45.70152,5.883459,1,4.25,7.75,90,null
"2020-06-30T21:01:54.000Z",45.70152,5.883459,0,1.5,3.75,90,null
"2020-06-30T21:05:54.000Z",45.70152,5.883459,1.5,2.75,5.25,112.5,null
"2020-06-30T21:09:58.000Z",45.70152,5.883459,2,4,5.5,90,null
"2020-06-30T21:13:58.000Z",45.70152,5.883459,1.5,3.25,5.5,90,null
"2020-06-30T21:17:58.000Z",45.70152,5.883459,2,3.75,6.25,90,null
"2020-06-30T21:22:02.000Z",45.70152,5.883459,0.25,2,3.5,90,null
"2020-06-30T21:26:02.000Z",45.70152,5.883459,0.25,2,3.25,90,null
"2020-06-30T21:30:02.000Z",45.70152,5.883459,2,3,3.75,90,null
"2020-06-30T21:34:06.000Z",45.70152,5.883459,1,2.5,3.5,90,null
"2020-06-30T21:38:06.000Z",45.70152,5.883459,0.25,2.25,4.25,112.5,null
"2020-06-30T21:42:06.000Z",45.70152,5.883459,2.5,3,3.75,112.5,null
"2020-06-30T21:46:10.000Z",45.70152,5.883459,1.75,3.25,6,112.5,null
"2020-06-30T21:50:10.000Z",45.70152,5.883459,1.5,3.25,6,90,null
"2020-06-30T21:54:10.000Z",45.70152,5.883459,1.75,3.5,6.25,112.5,null
"2020-06-30T21:58:14.000Z",45.70152,5.883459,2,4,5.5,157.5,null
"2020-06-30T22:02:14.000Z",45.70152,5.883459,0.75,2.75,4.5,135,null
"2020-06-30T22:06:14.000Z",45.70152,5.883459,2,3.75,4.75,112.5,null
"2020-06-30T22:10:18.000Z",45.70152,5.883459,2.5,4.75,7.75,90,null
"2020-06-30T22:14:18.000Z",45.70152,5.883459,2.5,5.5,8.75,90,null
"2020-06-30T22:18:18.000Z",45.70152,5.883459,2,5,8.75,112.5,null
"2020-06-30T22:22:22.000Z",45.70152,5.883459,2,5,8.75,112.5,null
"2020-06-30T22:26:22.000Z",45.70152,5.883459,3.25,4.75,8,112.5,null
"2020-06-30T22:30:22.000Z",45.70152,5.883459,0.75,2.75,6,112.5,null
"2020-06-30T22:34:26.000Z",45.70152,5.883459,1.75,4.25,8,90,null
"2020-06-30T22:38:26.000Z",45.70152,5.883459,2.5,5,7.25,90,null
"2020-06-30T22:42:26.000Z",45.70152,5.883459,2.5,4.5,7.25,90,null
"2020-06-30T22:46:31.000Z",45.70152,5.883459,2.5,3.5,5.25,90,null
"2020-06-30T22:50:31.000Z",45.70152,5.883459,1.5,3,4.75,90,null
"2020-06-30T22:54:31.000Z",45.70152,5.883459,0.75,2.75,3.75,112.5,null
"2020-06-30T22:58:34.000Z",45.70152,5.883459,0.75,3,5.5,90,null
"2020-06-30T23:02:34.000Z",45.70152,5.883459,0.25,2.75,4.5,90,null
"2020-06-30T23:06:34.000Z",45.70152,5.883459,1.75,3.75,5.5,112.5,null
"2020-06-30T23:10:38.000Z",45.70152,5.883459,1.75,3.5,4.75,112.5,null
"2020-06-30T23:14:38.000Z",45.70152,5.883459,1.5,3.25,5.25,135,null
"2020-06-30T23:18:38.000Z",45.70152,5.883459,2,4.5,6,112.5,null
"2020-06-30T23:22:42.000Z",45.70152,5.883459,2.75,5.5,7.75,90,null
"2020-06-30T23:26:42.000Z",45.70152,5.883459,2.75,6,9.5,90,null
"2020-06-30T23:30:42.000Z",45.70152,5.883459,1.75,5.25,9.5,90,null
"2020-06-30T23:34:47.000Z",45.70152,5.883459,4.75,7,10.5,90,null
"2020-06-30T23:38:47.000Z",45.70152,5.883459,2.75,5,7.25,90,null
"2020-06-30T23:42:47.000Z",45.70152,5.883459,2.5,3.5,4.75,112.5,null
"2020-06-30T23:46:50.000Z",45.70152,5.883459,1.75,3.25,4.5,112.5,null
"2020-06-30T23:50:50.000Z",45.70152,5.883459,3.25,4.75,7.75,112.5,null
"2020-06-30T23:54:50.000Z",45.70152,5.883459,2.5,4,6.25,112.5,null
"2020-06-30T23:58:54.000Z",45.70152,5.883459,2.5,3.5,6.5,112.5,null
