"License","http://developers.pioupiou.fr/data-licensing"
"Attribution","(c) contributors of the OpenWindMap wind network <https://www.openwindmap.org>"
"time","latitude","longitude","wind_speed_min","wind_speed_avg","wind_speed_max","wind_heading","pressure"
"utc","degrees","degrees","km/h","km/h","km/h","degrees","(deprecated)"
"2021-09-01T00:01:46.000Z",45.701663,5.883492,2,8.25,22.5,22.5,null
"2021-09-01T00:05:46.000Z",45.701663,5.883492,0,3.75,7.25,90,null
"2021-09-01T00:09:51.000Z",45.701663,5.883492,0,1.25,4.5,202.5,null
"2021-09-01T00:13:51.000Z",45.701663,5.883492,0,3.5,8.75,337.5,null
"2021-09-01T00:17:51.000Z",45.701663,5.883492,0.75,8,14.5,337.5,null
"2021-09-01T00:21:54.000Z",45.701663,5.883492,4.75,8,15.5,337.5,null
"2021-09-01T00:25:54.000Z",45.701663,5.883492,3.25,8.5,15.5,0,null
"2021-09-01T00:29:54.000Z",45.701663,5.883492,0,5,12,67.5,null
"2021-09-01T00:33:59.000Z",45.701663,5.883492,0,2,10,0,null
"2021-09-01T00:37:59.000Z",45.701663,5.883492,0,3.75,8.75,135,null
"2021-09-01T00:41:59.000Z",45.701663,5.883492,0,3,6,157.5,null
"2021-09-01T00:46:03.000Z",45.701663,5.883492,0,2.5,7,157.5,null
"2021-09-01T00:50:03.000Z",45.701663,5.883492,1.5,4.25,6.5,135,null
"2021-09-01T00:54:03.000Z",45.701663,5.883492,1,4,6.25,112.5,null
"2021-09-01T00:58:07.000Z",45.701663,5.883492,0.5,3.25,6.5,157.5,null
"2021-09-01T01:02:07.000Z",45.701663,5.883492,1,2.5,5.5,135,null
"2021-09-01T01:06:07.000Z",45.701663,5.883492,0,0.75,3.5,112.5,null
"2021-09-01T01:10:11.000Z",45.701663,5.883492,1.75,4,6.25,112.5,null
"2021-09-01T01:14:11.000Z",45.701663,5.883492,0,2.75,8,0,null
"2021-09-01T01:18:11.000Z",45.701663,5.883492,0,3.5,7.25,337.5,null
"2021-09-01T01:22:15.000Z",45.701663,5.883492,0,5.5,10,22.5,null
"2021-09-01T01:26:15.000Z",45.701663,5.883492,0,2.75,12,315,null
"2021-09-01T01:30:15.000Z",45.701663,5.883492,0,8.25,14.5,22.5,null
"2021-09-01T01:34:18.000Z",45.701663,5.883492,0,1.75,4.25,112.5,null
"2021-09-01T01:38:18.000Z",45.701663,5.883492,0,2.25,5.25,135,null
"2021-09-01T01:42:18.000Z",45.701663,5.883492,0.75,4.5,11,337.5,null
"2021-09-01T01:46:23.000Z",45.701663,5.883492,0,3.5,10.5,90,null
"2021-09-01T01:50:23.000Z",45.701663,5.883492,0,2.5,6.25,135,null
"2021-09-01T01:54:23.000Z",45.701663,5.883492,1.75,4.25,7.25,112.5,null
"2021-09-01T01:58:27.000Z",45.701663,5.883492,2,4.25,7.75,112.5,null
"2021-09-01T02:02:27.000Z",45.701663,5.883492,0,2.25,5.5,135,null
"2021-09-01T02:06:27.000Z",45.701663,5.883492,3.25,8.75,16.5,0,null
"2021-09-01T02:10:31.000Z",45.701663,5.883492,0.75,3.25,6,90,null
"2021-09-01T02:14:31.000Z",45.701663,5.883492,2.5,8.5,14.5,67.5,null
"2021-09-01T02:18:31.000Z",45.701663,5.883492,0,2.5,9,112.5,null
"2021-09-01T02:22:35.000Z",45.701663,5.883492,0,0.5,3.5,112.5,null
"2021-09-01T02:26:35.000Z",45.701663,5.883492,0,2.5,5.5,112.5,null
"2021-09-01T02:30:35.000Z",45.701663,5.883492,0,3.75,7.75,90,null
"2021-09-01T02:34:39.000Z",45.701663,5.883492,2.75,6.75,14.5,90,null
"2021-09-01T02:38:39.000Z",45.701663,5.883492,0.75,5,8.75,90,null
"2021-09-01T02:42:39.000Z",45.701663,5.883492,0.25,3.25,6.25,157.5,null
"2021-09-01T02:46:44.000Z",45.701663,5.883492,3.5,6.5,11.5,90,null
"2021-09-01T02:50:44.000Z",45.701663,5.883492,0.75,3.5,8,90,null
"2021-09-01T02:54:44.000Z",45.701663,5.883492,0.75,4,9,112.5,null
"2021-09-01T02:58:48.000Z",45.701663,5.883492,3.5,4.75,6.5,112.5,null
"2021-09-01T03:02:48.000Z",45.701663,5.883492,1.5,3.5,5.5,90,null
"2021-09-01T03:06:48.000Z",45.701663,5.883492,1.5,3.75,7.25,112.5,null
"2021-09-01T03:10:51.000Z",45.701663,5.883492,2,4.5,6.5,135,null
"2021-09-01T03:14:51.000Z",45.701663,5.883492,1.5,4,7,112.5,null
"2021-09-01T03:18:51.000Z",45.701663,5.883492,0,2.25,5.5,157.5,null
"2021-09-01T03:22:56.000Z",45.701663,5.883492,2.5,4.25,7.25,67.5,null
"2021-09-01T03:26:56.000Z",45.701663,5.883492,3.75,6,8.75,90,null
"2021-09-01T03:30:56.000Z",45.701663,5.883492,1.75,4,7.75,90,null
"2021-09-01T03:35:00.000Z",45.701663,5.883492,0.25,3.5,6,90,null
"2021-09-01T03:39:00.000Z",45.701663,5.883492,2.5,4.25,6.5,112.5,null
"2021-09-01T03:43:00.000Z",45.701663,5.883492,2.75,5,7.75,112.5,null
"2021-09-01T03:47:03.000Z",45.701663,5.883492,4.5,7.5,10,90,null
"2021-09-01T03:51:03.000Z",45.701663,5.883492,4.25,6.5,10.5,112.5,null
"2021-09-01T03:55:03.000Z",45.701663,5.883492,2.75,5.5,8.75,112.5,null
"2021-09-01T03:59:07.000Z",45.701663,5.883492,0,2,5.25,135,null
"2021-09-01T04:03:07.000Z",45.701663,5.883492,0,2.25,6,135,null
"2021-09-01T04:07:07.000Z",45.701663,5.883492,1.75,3.5,5.25,112.5,null
"2021-09-01T04:11:11.000Z",45.701663,5.883492,0,1.5,4.5,135,null
"2021-09-01T04:15:11.000Z",45.701663,5.883492,1.5,3.5,4.75,112.5,null
"2021-09-01T04:19:11.000Z",45.701663,5.883492,0,3,6,90,null
"2021-09-01T04:23:16.000Z",45.701663,5.883492,0,2.5,5.25,112.5,null
"2021-09-01T04:27:16.000Z",45.701663,5.883492,0,2.5,5.25,157.5,null
"2021-09-01T04:31:16.000Z",45.701663,5.883492,0.25,3,4.75,135,null
"2021-09-01T04:35:19.000Z",45.701663,5.883492,0,3.5,6.5,135,null
"2021-09-01T04:39:19.000Z",45.701663,5.883492,0,2.75,6.5,157.5,null
"2021-09-01T04:43:19.000Z",45.701663,5.883492,1.75,5.25,7.75,157.5,null
"2021-09-01T04:47:24.000Z",45.701663,5.883492,0,5.5,10.5,112.5,null
"2021-09-01T04:51:24.000Z",45.701663,5.883492,0,2.75,5.5,157.5,null
"2021-09-01T04:55:24.000Z",45.701663,5.883492,0,2.25,5.25,180,null
"2021-09-01T04:59:28.000Z",45.701663,5.883492,0,1.75,4.75,180,null
"2021-09-01T05:03:28.000Z",45.701663,5.883492,2.75,4.75,7.25,157.5,null
"2021-09-01T05:07:28.000Z",45.701663,5.883492,2,6.5,10,157.5,null
"2021-09-01T05:11:32.000Z",45.701663,5.883492,0,4,8,135,null
"2021-09-01T05:15:32.000Z",45.701663,5.883492,1.75,5,12,157.5,null
"2021-09-01T05:19:32.000Z",45.701663,5.883492,0.25,5,9,135,null
"2021-09-01T05:23:35.000Z",45.701663,5.883492,0,4.75,14.5,67.5,null
"2021-09-01T05:27:35.000Z",45.701663,5.883492,0,1.25,5.25,90,null
"2021-09-01T05:31:35.000Z",45.701663,5.883492,0,3,7,45,null
"2021-09-01T05:35:40.000Z",45.701663,5.883492,0,3.25,10,45,null
"2021-09-01T05:39:40.000Z",45.701663,5.883492,0,2.25,6,45,null
"2021-09-01T05:43:40.000Z",45.701663,5.883492,0,2,7.25,45,null
"2021-09-01T05:47:44.000Z",45.701663,5.883492,0,2.25,5.5,67.5,null
"2021-09-01T05:51:44.000Z",45.701663,5.883492,0,4.25,8.25,45,null
"2021-09-01T05:55:44.000Z",45.701663,5.883492,3.5,10,16,22.5,null
"2021-09-01T05:59:48.000Z",45.701663,5.883492,3.25,9.5,15.5,0,null
"2021-09-01T06:03:48.000Z",45.701663,5.883492,0.75,5.75,13,45,null
"2021-09-01T06:07:48.000Z",45.701663,5.883492,0,2.25,5.25,90,null
"2021-09-01T06:11:51.000Z",45.701663,5.883492,0,0.75,3.5,45,null
"2021-09-01T06:15:51.000Z",45.701663,5.883492,0,5,13,0,null
"2021-09-01T06:19:51.000Z",45.701663,5.883492,0.25,5.5,12,22.5,null
"2021-09-01T06:23:56.000Z",45.701663,5.883492,2.5,5.75,12.5,22.5,null
"2021-09-01T06:27:56.000Z",45.701663,5.883492,5.25,9,15,0,null
"2021-09-01T06:31:56.000Z",45.701663,5.883492,3.25,8.75,17,22.5,null
"2021-09-01T06:36:00.000Z",45.701663,5.883492,0,5,12.5,22.5,null
"2021-09-01T06:40:00.000Z",45.701663,5.883492,0,2,6,90,null
"2021-09-01T06:44:00.000Z",45.701663,5.883492,0,2.5,9,90,null
"2021-09-01T06:48:03.000Z",45.701663,5.883492,1.5,7,11,67.5,null
"2021-09-01T06:52:03.000Z",45.701663,5.883492,0,6,15.5,45,null
"2021-09-01T06:56:03.000Z",45.701663,5.883492,2,8,19,67.5,null
"2021-09-01T07:00:08.000Z",45.701663,5.883492,2,6.75,14.5,67.5,null
"2021-09-01T07:04:08.000Z",45.701663,5.883492,1,7.75,18,67.5,null
"2021-09-01T07:08:08.000Z",45.701663,5.883492,0.75,8,17,45,null
"2021-09-01T07:12:12.000Z",45.701663,5.883492,1.75,8.75,16,67.5,null
"2021-09-01T07:16:12.000Z",45.701663,5.883492,6.25,11.5,22,67.5,null
"2021-09-01T07:20:12.000Z",45.701663,5.883492,3.75,10.5,19.5,67.5,null
"2021-09-01T07:24:16.000Z",45.701663,5.883492,5.25,11.5,20,67.5,null
"2021-09-01T07:28:16.000Z",45.701663,5.883492,2.5,12,23.5,67.5,null
"2021-09-01T07:32:16.000Z",45.701663,5.883492,6,12.5,18.5,45,null
"2021-09-01T07:36:20.000Z",45.701663,5.883492,5.25,12.5,21,67.5,null
"2021-09-01T07:40:20.000Z",45.701663,5.883492,6.5,11,19,67.5,null
"2021-09-01T07:44:20.000Z",45.701663,5.883492,3.75,13,24.5,67.5,null
"2021-09-01T07:48:24.000Z",45.701663,5.883492,2.5,9.5,16.5,67.5,null
"2021-09-01T07:52:24.000Z",45.701663,5.883492,6.5,12,23.5,67.5,null
"2021-09-01T07:56:24.000Z",45.701663,5.883492,1.5,7.25,13,45,null
"2021-09-01T08:00:28.000Z",45.701663,5.883492,3.75,11,22,45,null
"2021-09-01T08:04:28.000Z",45.701663,5.883492,3.5,11.5,20,67.5,null
"2021-09-01T08:08:28.000Z",45.701663,5.883492,5.25,9.5,15.5,45,null
"2021-09-01T08:12:33.000Z",45.701663,5.883492,2.5,10,21,67.5,null
"2021-09-01T08:16:33.000Z",45.701663,5.883492,4.25,9.75,14.5,67.5,null
"2021-09-01T08:20:33.000Z",45.701663,5.883492,2,9.5,21,67.5,null
"2021-09-01T08:24:36.000Z",45.701663,5.883492,3.75,10,17.5,45,null
"2021-09-01T08:28:36.000Z",45.701663,5.883492,3.75,9.25,19,45,null
"2021-09-01T08:32:36.000Z",45.701663,5.883492,3.5,9.75,15,45,null
"2021-09-01T08:36:40.000Z",45.701663,5.883492,6,12,23,45,null
"2021-09-01T08:40:40.000Z",45.701663,5.883492,5.25,11,18,45,null
"2021-09-01T08:44:40.000Z",45.701663,5.883492,3.25,11.5,22.5,45,null
"2021-09-01T08:48:44.000Z",45.701663,5.883492,7.75,15,21.5,22.5,null
"2021-09-01T08:52:44.000Z",45.701663,5.883492,3.5,11,22,45,null
"2021-09-01T08:56:44.000Z",45.701663,5.883492,3.25,11.5,18,45,null
"2021-09-01T09:00:48.000Z",45.701663,5.883492,2.75,6.25,11.5,45,null
"2021-09-01T09:04:48.000Z",45.701663,5.883492,2.5,8.5,17.5,22.5,null
"2021-09-01T09:08:48.000Z",45.701663,5.883492,6,13.5,23.5,22.5,null
"2021-09-01T09:12:53.000Z",45.701663,5.883492,8,15.5,31,22.5,null
"2021-09-01T09:16:53.000Z",45.701663,5.883492,7.25,13,19.5,22.5,null
"2021-09-01T09:20:53.000Z",45.701663,5.883492,9.5,16.5,24,0,null
"2021-09-01T09:24:57.000Z",45.701663,5.883492,8,12.5,18,0,null
"2021-09-01T09:28:57.000Z",45.701663,5.883492,5.5,13.5,19.5,22.5,null
"2021-09-01T09:32:57.000Z",45.701663,5.883492,10,15,22,0,null
"2021-09-01T09:37:01.000Z",45.701663,5.883492,12,17,22.5,22.5,null
"2021-09-01T09:41:01.000Z",45.701663,5.883492,6.25,16,24.5,22.5,null
"2021-09-01T09:45:01.000Z",45.701663,5.883492,6.25,14.5,22.5,22.5,null
"2021-09-01T09:49:04.000Z",45.701663,5.883492,2.5,9,16,22.5,null
"2021-09-01T09:53:04.000Z",45.701663,5.883492,5.5,12,19.5,22.5,null
"2021-09-01T09:57:04.000Z",45.701663,5.883492,0,4.75,15.5,45,null
"2021-09-01T10:01:09.000Z",45.701663,5.883492,5.25,11.5,20,337.5,null
"2021-09-01T10:05:09.000Z",45.701663,5.883492,6,8.5,11,315,null
"2021-09-01T10:09:09.000Z",45.701663,5.883492,2.75,6,9,337.5,null
"2021-09-01T10:13:13.000Z",45.701663,5.883492,3.5,6.75,12,315,null
"2021-09-01T10:17:13.000Z",45.701663,5.883492,3.75,7.5,12,315,null
"2021-09-01T10:21:13.000Z",45.701663,5.883492,8.25,11.5,15.5,315,null
"2021-09-01T10:25:17.000Z",45.701663,5.883492,6.5,9.25,12.5,315,null
"2021-09-01T10:29:17.000Z",45.701663,5.883492,1.5,6.5,15.5,315,null
"2021-09-01T10:33:17.000Z",45.701663,5.883492,3.5,7,11,315,null
"2021-09-01T10:37:21.000Z",45.701663,5.883492,4.25,8.25,11,315,null
"2021-09-01T10:41:21.000Z",45.701663,5.883492,4.5,9.5,16,315,null
"2021-09-01T10:45:21.000Z",45.701663,5.883492,4.5,6.75,10.5,292.5,null
"2021-09-01T10:49:25.000Z",45.701663,5.883492,3.75,9.25,12.5,315,null
"2021-09-01T10:53:25.000Z",45.701663,5.883492,6.5,11.5,16,315,null
"2021-09-01T10:57:25.000Z",45.701663,5.883492,4.75,9.5,13.5,315,null
"2021-09-01T11:01:29.000Z",45.701663,5.883492,0.25,4.5,12.5,315,null
"2021-09-01T11:05:29.000Z",45.701663,5.883492,4.25,8.5,13,315,null
"2021-09-01T11:09:29.000Z",45.701663,5.883492,5.25,8,11,292.5,null
"2021-09-01T11:13:33.000Z",45.701663,5.883492,5.25,9.25,14.5,292.5,null
"2021-09-01T11:17:33.000Z",45.701663,5.883492,8,12,17,315,null
"2021-09-01T11:21:33.000Z",45.701663,5.883492,3.5,7.25,10.5,315,null
"2021-09-01T11:25:37.000Z",45.701663,5.883492,3.5,8,11.5,292.5,null
"2021-09-01T11:29:37.000Z",45.701663,5.883492,1.75,6.5,12,315,null
"2021-09-01T11:33:37.000Z",45.701663,5.883492,8.75,11.5,14.5,315,null
"2021-09-01T11:37:41.000Z",45.701663,5.883492,8.75,12,17,315,null
"2021-09-01T11:41:41.000Z",45.701663,5.883492,8.25,11,14.5,315,null
"2021-09-01T11:45:41.000Z",45.701663,5.883492,9.5,13,19,315,null
"2021-09-01T11:49:45.000Z",45.701663,5.883492,10,14,17,315,null
"2021-09-01T11:53:45.000Z",45.701663,5.883492,9,12.5,15,315,null
"2021-09-01T11:57:45.000Z",45.701663,5.883492,7.25,12,16,315,null
"2021-09-01T12:01:49.000Z",45.701663,5.883492,6.5,10.5,13.5,315,null
"2021-09-01T12:05:49.000Z",45.701663,5.883492,8.75,13,18,315,null
"2021-09-01T12:09:49.000Z",45.701663,5.883492,8,11,13,315,null
"2021-09-01T12:13:53.000Z",45.701663,5.883492,8.25,13,19,315,null
"2021-09-01T12:17:53.000Z",45.701663,5.883492,6.5,9.75,15.5,315,null
"2021-09-01T12:21:53.000Z",45.701663,5.883492,11,13.5,18,315,null
"2021-09-01T12:25:57.000Z",45.701663,5.883492,8,12.5,18,315,null
"2021-09-01T12:29:57.000Z",45.701663,5.883492,5.5,12,18.5,315,null
"2021-09-01T12:33:57.000Z",45.701663,5.883492,9.5,12,16.5,315,null
"2021-09-01T12:38:01.000Z",45.701663,5.883492,8.75,12,15.5,315,null
"2021-09-01T12:42:01.000Z",45.701663,5.883492,10,12.5,14.5,315,null
"2021-09-01T12:46:01.000Z",45.701663,5.883492,11,13,15.5,315,null
"2021-09-01T12:50:05.000Z",45.701663,5.883492,9.5,12,16,315,null
"2021-09-01T12:54:05.000Z",45.701663,5.883492,6.25,9.5,12,315,null
"2021-09-01T12:58:05.000Z",45.701663,5.883492,12,14,17.5,315,null
"2021-09-01T13:02:09.000Z",45.701663,5.883492,9,13.5,16.5,315,null
"2021-09-01T13:06:09.000Z",45.701663,5.883492,11.5,13.5,15.5,315,null
"2021-09-01T13:10:09.000Z",45.701663,5.883492,12.5,15.5,18,315,null
"2021-09-01T13:14:13.000Z",45.701663,5.883492,12.5,14.5,15.5,315,null
"2021-09-01T13:18:13.000Z",45.701663,5.883492,10,12.5,14.5,315,null
"2021-09-01T13:22:13.000Z",45.701663,5.883492,9.75,13,17.5,315,null
"2021-09-01T13:26:17.000Z",45.701663,5.883492,5.25,11.5,17,337.5,null
"2021-09-01T13:30:17.000Z",45.701663,5.883492,6.5,13.5,19,315,null
"2021-09-01T13:34:17.000Z",45.701663,5.883492,12.5,15.5,18,315,null
"2021-09-01T13:38:22.000Z",45.701663,5.883492,12.5,15,18,315,null
"2021-09-01T13:42:22.000Z",45.701663,5.883492,8.75,13.5,17.5,315,null
"2021-09-01T13:46:22.000Z",45.701663,5.883492,9,11,16,315,null
"2021-09-01T13:50:25.000Z",45.701663,5.883492,10.5,15,18,315,null
"2021-09-01T13:54:25.000Z",45.701663,5.883492,11.5,14.5,16.5,315,null
"2021-09-01T13:58:25.000Z",45.701663,5.883492,10.5,14.5,16.5,315,null
"2021-09-01T14:02:29.000Z",45.701663,5.883492,9.5,13,16,315,null
"2021-09-01T14:06:29.000Z",45.701663,5.883492,11,14.5,16,315,null
"2021-09-01T14:10:29.000Z",45.701663,5.883492,12,15,17,315,null
"2021-09-01T14:14:34.000Z",45.701663,5.883492,11,14,17,315,null
"2021-09-01T14:18:34.000Z",45.701663,5.883492,11,13.5,16,315,null
"2021-09-01T14:22:34.000Z",45.701663,5.883492,12.5,15,17,315,null
"2021-09-01T14:26:37.000Z",45.701663,5.883492,10.5,13,17.5,315,null
"2021-09-01T14:30:37.000Z",45.701663,5.883492,10,13,15,315,null
"2021-09-01T14:34:37.000Z",45.701663,5.883492,10,14.5,18,315,null
"2021-09-01T14:38:42.000Z",45.701663,5.883492,11.5,14,16,315,null
"2021-09-01T14:42:42.000Z",45.701663,5.883492,9.5,13,15,315,null
"2021-09-01T14:46:42.000Z",45.701663,5.883492,10.5,13,16,315,null
"2021-09-01T14:54:43.000Z",45.701736,5.883562,13,15.5,17,315,null
"2021-09-01T14:58:43.000Z",45.701736,5.883562,10,13.5,16.5,315,null
"2021-09-01T15:02:43.000Z",45.701736,5.883562,12.5,15.5,18,315,null
"2021-09-01T15:06:48.000Z",45.701736,5.883562,11,13,15.5,315,null
"2021-09-01T15:10:48.000Z",45.701736,5.883562,11,13.5,18.5,315,null
"2021-09-01T15:14:48.000Z",45.701736,5.883562,8,10,13,315,null
"2021-09-01T15:18:51.000Z",45.701736,5.883562,7.25,12,15.5,315,null
"2021-09-01T15:22:51.000Z",45.701736,5.883562,9.75,12,16,315,null
"2021-09-01T15:26:51.000Z",45.701736,5.883562,9.75,14,16.5,315,null
"2021-09-01T15:30:56.000Z",45.701736,5.883562,8.75,12,15.5,315,null
"2021-09-01T15:34:56.000Z",45.701736,5.883562,9.5,11,12.5,315,null
"2021-09-01T15:38:56.000Z",45.701736,5.883562,7.25,11.5,15.5,315,null
"2021-09-01T15:43:52.000Z",45.701736,5.883562,10.5,13.5,16.5,315,null
"2021-09-01T15:47:52.000Z",45.701736,5.883562,9.5,12,14.5,315,null
"2021-09-01T15:51:52.000Z",45.701658,5.883561,10,13,16.5,315,null
"2021-09-01T15:55:56.000Z",45.701658,5.883561,12,15,18,315,null
"2021-09-01T15:59:56.000Z",45.701658,5.883561,12,14,19,315,null
"2021-09-01T16:03:56.000Z",45.701658,5.883561,13,15.5,19.5,315,null
"2021-09-01T16:08:00.000Z",45.701658,5.883561,10.5,13,15.5,315,null
"2021-09-01T16:12:00.000Z",45.701658,5.883561,8,12.5,17,315,null
"2021-09-01T16:16:00.000Z",45.701658,5.883561,12,15.5,19,315,null
"2021-09-01T16:20:04.000Z",45.701658,5.883561,8.75,13.5,16,315,null
"2021-09-01T16:24:04.000Z",45.701658,5.883561,11,14,15.5,315,null
"2021-09-01T16:28:04.000Z",45.701658,5.883561,9.5,12.5,16,315,null
"2021-09-01T16:32:08.000Z",45.701658,5.883561,10,13,15.5,315,null
"2021-09-01T16:36:08.000Z",45.701658,5.883561,8.75,11.5,15,315,null
"2021-09-01T16:40:08.000Z",45.701658,5.883561,10,12.5,14.5,315,null
"2021-09-01T16:44:12.000Z",45.701658,5.883561,9.5,12.5,17,315,null
"2021-09-01T16:48:12.000Z",45.701658,5.883561,9.75,12.5,15.5,315,null
"2021-09-01T16:52:12.000Z",45.701658,5.883561,10,13,18.5,315,null
"2021-09-01T16:56:16.000Z",45.701658,5.883561,9.5,14,18,337.5,null
"2021-09-01T17:00:16.000Z",45.701658,5.883561,12,15.5,18.5,315,null
"2021-09-01T17:04:16.000Z",45.701658,5.883561,10,19.5,26,0,null
"2021-09-01T17:08:21.000Z",45.701658,5.883561,15.5,20,26,337.5,null
"2021-09-01T17:12:21.000Z",45.701658,5.883561,14,17.5,20,337.5,null
"2021-09-01T17:16:21.000Z",45.701658,5.883561,14.5,19,26,337.5,null
"2021-09-01T17:20:24.000Z",45.701658,5.883561,13.5,19,25.5,0,null
"2021-09-01T17:24:24.000Z",45.701658,5.883561,11,16.5,21,0,null
"2021-09-01T17:28:24.000Z",45.701658,5.883561,12,15,20,0,null
"2021-09-01T17:32:28.000Z",45.701658,5.883561,14.5,17,21,0,null
"2021-09-01T17:36:28.000Z",45.701658,5.883561,14.5,17,20,0,null
"2021-09-01T17:40:28.000Z",45.701658,5.883561,11,14.5,18,0,null
"2021-09-01T17:44:32.000Z",45.701658,5.883561,10,15.5,23.5,0,null
"2021-09-01T17:48:32.000Z",45.701658,5.883561,10.5,16.5,21,0,null
"2021-09-01T17:52:32.000Z",45.701658,5.883561,10.5,15.5,20,0,null
"2021-09-01T17:56:36.000Z",45.701658,5.883561,13,16,20,0,null
"2021-09-01T18:00:36.000Z",45.701658,5.883561,12.5,16,19,337.5,null
"2021-09-01T18:04:36.000Z",45.701658,5.883561,13.5,16.5,19.5,337.5,null
"2021-09-01T18:08:40.000Z",45.701658,5.883561,14,17,21,0,null
"2021-09-01T18:12:40.000Z",45.701658,5.883561,12,16.5,20,337.5,null
"2021-09-01T18:16:40.000Z",45.701658,5.883561,16,18.5,20,337.5,null
"2021-09-01T18:20:45.000Z",45.701658,5.883561,14.5,18,24,337.5,null
"2021-09-01T18:24:45.000Z",45.701658,5.883561,13,15.5,19,337.5,null
"2021-09-01T18:28:45.000Z",45.701658,5.883561,14,17,21,337.5,null
"2021-09-01T18:32:49.000Z",45.701658,5.883561,12,17,21,337.5,null
"2021-09-01T18:36:49.000Z",45.701658,5.883561,12,15.5,19,337.5,null
"2021-09-01T18:40:49.000Z",45.701658,5.883561,14.5,16,18.5,0,null
"2021-09-01T18:44:53.000Z",45.701658,5.883561,10.5,13.5,16.5,0,null
"2021-09-01T18:48:53.000Z",45.701658,5.883561,12,15,22.5,337.5,null
"2021-09-01T18:52:53.000Z",45.701658,5.883561,12,15,19,0,null
"2021-09-01T18:56:56.000Z",45.701658,5.883561,10,13.5,20,337.5,null
"2021-09-01T19:00:56.000Z",45.701658,5.883561,5.5,13,17,0,null
"2021-09-01T19:04:56.000Z",45.701658,5.883561,5.25,7.5,11,67.5,null
"2021-09-01T19:09:01.000Z",45.701658,5.883561,4.5,7,12,67.5,null
"2021-09-01T19:13:01.000Z",45.701658,5.883561,3.25,6.25,10,45,null
"2021-09-01T19:17:01.000Z",45.701658,5.883561,2.75,5.75,9.75,22.5,null
"2021-09-01T19:21:05.000Z",45.701658,5.883561,3.75,6.5,10.5,45,null
"2021-09-01T19:25:05.000Z",45.701658,5.883561,4.75,8.5,13,67.5,null
"2021-09-01T19:29:05.000Z",45.701658,5.883561,4.75,9.25,14.5,67.5,null
"2021-09-01T19:33:08.000Z",45.701658,5.883561,4.5,7.25,11.5,45,null
"2021-09-01T19:37:08.000Z",45.701658,5.883561,2.75,5.25,9.75,45,null
"2021-09-01T19:41:08.000Z",45.701658,5.883561,1.5,5,8,45,null
"2021-09-01T19:45:13.000Z",45.701658,5.883561,3.5,6.75,11.5,22.5,null
"2021-09-01T19:49:13.000Z",45.701658,5.883561,2.5,7,18,67.5,null
"2021-09-01T19:53:13.000Z",45.701658,5.883561,3.75,7.5,11,67.5,null
"2021-09-01T19:57:16.000Z",45.701658,5.883561,1.75,5,11,67.5,null
"2021-09-01T20:01:16.000Z",45.701658,5.883561,3.75,8.25,12,45,null
"2021-09-01T20:05:16.000Z",45.701658,5.883561,4.75,8,11,67.5,null
"2021-09-01T20:09:21.000Z",45.701658,5.883561,4.25,7.75,11.5,45,null
"2021-09-01T20:13:21.000Z",45.701658,5.883561,3.75,7.75,12,45,null
"2021-09-01T20:17:21.000Z",45.701658,5.883561,4.25,6.5,12.5,45,null
"2021-09-01T20:21:25.000Z",45.701658,5.883561,3.75,6.5,11.5,45,null
"2021-09-01T20:25:25.000Z",45.701658,5.883561,3.75,7,10.5,45,null
"2021-09-01T20:29:25.000Z",45.701658,5.883561,2.75,8.25,16.5,0,null
"2021-09-01T20:33:29.000Z",45.701658,5.883561,0.25,7.25,12.5,45,null
"2021-09-01T20:37:29.000Z",45.701658,5.883561,7.25,12,17.5,45,null
"2021-09-01T20:41:29.000Z",45.701658,5.883561,3.25,7.5,12.5,45,null
"2021-09-01T20:45:33.000Z",45.701658,5.883561,2.5,5.25,9,0,null
"2021-09-01T20:49:33.000Z",45.701658,5.883561,1.75,6.25,14,22.5,null
"2021-09-01T20:53:33.000Z",45.701658,5.883561,3.5,9.75,19,22.5,null
"2021-09-01T20:57:37.000Z",45.701658,5.883561,2,7.75,13,0,null
"2021-09-01T21:01:37.000Z",45.701658,5.883561,7.25,11.5,15,337.5,null
"2021-09-01T21:05:37.000Z",45.701658,5.883561,1.5,7.75,14.5,337.5,null
"2021-09-01T21:09:41.000Z",45.701658,5.883561,5.25,11,17,337.5,null
"2021-09-01T21:13:41.000Z",45.701658,5.883561,0.75,4.25,10,45,null
"2021-09-01T21:17:41.000Z",45.701658,5.883561,0,2.75,6.5,45,null
"2021-09-01T21:21:45.000Z",45.701658,5.883561,0,4.5,8,22.5,null
"2021-09-01T21:25:45.000Z",45.701658,5.883561,1.5,4.75,9.5,45,null
"2021-09-01T21:29:45.000Z",45.701658,5.883561,2,5.5,10,67.5,null
"2021-09-01T21:33:49.000Z",45.701658,5.883561,1,5.5,10,0,null
"2021-09-01T21:37:49.000Z",45.701658,5.883561,0,4,7.25,67.5,null
"2021-09-01T21:41:49.000Z",45.701658,5.883561,1.75,8,14.5,22.5,null
"2021-09-01T21:45:53.000Z",45.701658,5.883561,2.5,10.5,19,22.5,null
"2021-09-01T21:49:53.000Z",45.701658,5.883561,0.25,4.75,9.5,22.5,null
"2021-09-01T21:53:53.000Z",45.701658,5.883561,0,6.75,13,22.5,null
"2021-09-01T21:57:57.000Z",45.701658,5.883561,0.5,6.25,14,67.5,null
"2021-09-01T22:01:57.000Z",45.701658,5.883561,0,3.5,7.25,45,null
"2021-09-01T22:05:57.000Z",45.701658,5.883561,0.25,2.5,4.75,22.5,null
"2021-09-01T22:10:01.000Z",45.701658,5.883561,0,3.25,8,22.5,null
"2021-09-01T22:14:01.000Z",45.701658,5.883561,0,3,7.75,22.5,null
"2021-09-01T22:18:01.000Z",45.701658,5.883561,0.75,2,3.75,67.5,null
"2021-09-01T22:22:05.000Z",45.701658,5.883561,0,3.5,10.5,337.5,null
"2021-09-01T22:26:05.000Z",45.701658,5.883561,0.75,6,11.5,0,null
"2021-09-01T22:30:05.000Z",45.701658,5.883561,0,1.5,3.75,112.5,null
"2021-09-01T22:34:09.000Z",45.701658,5.883561,1,4.25,7.75,135,null
"2021-09-01T22:38:09.000Z",45.701658,5.883561,2.5,5.75,9.5,112.5,null
"2021-09-01T22:42:09.000Z",45.701658,5.883561,3.25,6,12,112.5,null
"2021-09-01T22:46:13.000Z",45.701658,5.883561,4.5,9.25,14.5,90,null
"2021-09-01T22:50:13.000Z",45.701658,5.883561,2.75,5.5,8.75,90,null
"2021-09-01T22:54:13.000Z",45.701658,5.883561,4.25,7.75,13,90,null
"2021-09-01T22:58:17.000Z",45.701658,5.883561,5.5,9.5,14.5,90,null
"2021-09-01T23:02:17.000Z",45.701658,5.883561,5.25,9.25,16,112.5,null
"2021-09-01T23:06:17.000Z",45.701658,5.883561,5.25,11.5,19.5,90,null
"2021-09-01T23:10:22.000Z",45.701658,5.883561,6.25,13,19,90,null
"2021-09-01T23:14:22.000Z",45.701658,5.883561,5.5,11,16,90,null
"2021-09-01T23:18:22.000Z",45.701658,5.883561,4.25,11,16.5,90,null
"2021-09-01T23:22:26.000Z",45.701658,5.883561,0.75,6.5,14,67.5,null
"2021-09-01T23:26:26.000Z",45.701658,5.883561,6.5,12,23.5,67.5,null
"2021-09-01T23:30:26.000Z",45.701658,5.883561,2,8.25,16,67.5,null
"2021-09-01T23:34:30.000Z",45.701658,5.883561,4.25,8,13,90,null
"2021-09-01T23:38:30.000Z",45.701658,5.883561,1,5.25,11.5,90,null
"2021-09-01T23:42:30.000Z",45.701658,5.883561,2.75,6.75,11.5,90,null
"2021-09-01T23:46:34.000Z",45.701658,5.883561,4.25,7.5,14.5,67.5,null
"2021-09-01T23:50:34.000Z",45.701658,5.883561,4.25,7.25,11,67.5,null
"2021-09-01T23:54:34.000Z",45.701658,5.883561,1,5,11,90,null
"2021-09-01T23:58:38.000Z",45.701658,5.883561,3.5,6.5,12,67.5,null
"2021-09-02T00:02:38.000Z",45.701658,5.883561,1,2.75,4.75,67.5,null
"2021-09-02T00:06:38.000Z",45.701658,5.883561,0.25,3.75,7.25,45,null
"2021-09-02T00:10:42.000Z",45.701658,5.883561,0.75,4.25,9.75,90,null
"2021-09-02T00:14:42.000Z",45.701658,5.883561,0.25,3.75,10.5,45,null
"2021-09-02T00:18:42.000Z",45.701658,5.883561,0,2.25,6.25,0,null
"2021-09-02T00:22:45.000Z",45.701658,5.883561,0,3.25,7.25,45,null
"2021-09-02T00:26:45.000Z",45.701658,5.883561,1,5.5,8.75,67.5,null
"2021-09-02T00:30:45.000Z",45.701658,5.883561,1,7.25,12,67.5,null
"2021-09-02T00:34:50.000Z",45.701658,5.883561,1,5.75,12.5,90,null
"2021-09-02T00:38:50.000Z",45.701658,5.883561,0.75,6.75,13.5,90,null
"2021-09-02T00:42:50.000Z",45.701658,5.883561,1.5,8,17.5,90,null
"2021-09-02T00:46:54.000Z",45.701658,5.883561,1.5,9,18,90,null
"2021-09-02T00:50:54.000Z",45.701658,5.883561,4.75,8.75,15,90,null
"2021-09-02T00:54:54.000Z",45.701658,5.883561,2,9.75,17.5,90,null
"2021-09-02T00:58:57.000Z",45.701658,5.883561,2.75,9,16.5,67.5,null
"2021-09-02T01:02:57.000Z",45.701658,5.883561,6,12,18,90,null
"2021-09-02T01:06:57.000Z",45.701658,5.883561,6.25,12.5,20.5,67.5,null
"2021-09-02T01:11:02.000Z",45.701658,5.883561,5.5,11,20.5,67.5,null
"2021-09-02T01:15:02.000Z",45.701658,5.883561,5.5,12.5,20.5,67.5,null
"2021-09-02T01:19:02.000Z",45.701658,5.883561,6.25,13.5,22.5,67.5,null
"2021-09-02T01:23:05.000Z",45.701658,5.883561,2,10.5,18,67.5,null
"2021-09-02T01:27:05.000Z",45.701658,5.883561,3.25,10.5,18,90,null
"2021-09-02T01:31:05.000Z",45.701658,5.883561,3.25,9.5,16.5,90,null
"2021-09-02T01:35:10.000Z",45.701658,5.883561,3.25,7,13,90,null
"2021-09-02T01:39:10.000Z",45.701658,5.883561,2,7.25,15,90,null
"2021-09-02T01:43:10.000Z",45.701658,5.883561,3.5,8,12,90,null
"2021-09-02T01:47:14.000Z",45.701658,5.883561,3.75,9,15.5,90,null
"2021-09-02T01:51:14.000Z",45.701658,5.883561,3.5,8.25,14.5,90,null
"2021-09-02T01:55:14.000Z",45.701658,5.883561,4.5,9.5,17.5,90,null
"2021-09-02T01:59:18.000Z",45.701658,5.883561,2.5,8.5,14.5,90,null
"2021-09-02T02:03:18.000Z",45.701658,5.883561,1.75,4.5,8.75,90,null
"2021-09-02T02:07:18.000Z",45.701658,5.883561,0,4,11.5,90,null
"2021-09-02T02:11:22.000Z",45.701658,5.883561,0.75,3.75,9.5,67.5,null
"2021-09-02T02:15:22.000Z",45.701658,5.883561,0,5,12.5,67.5,null
"2021-09-02T02:19:22.000Z",45.701658,5.883561,2.5,5.25,11.5,45,null
"2021-09-02T02:23:26.000Z",45.701658,5.883561,2.5,5.75,9.5,45,null
"2021-09-02T02:27:26.000Z",45.701658,5.883561,2,5.5,8.25,22.5,null
"2021-09-02T02:31:26.000Z",45.701658,5.883561,1,4,6.5,45,null
"2021-09-02T02:35:30.000Z",45.701658,5.883561,0,2,4.5,45,null
"2021-09-02T02:39:30.000Z",45.701658,5.883561,0,2.25,4.75,90,null
"2021-09-02T02:43:30.000Z",45.701658,5.883561,1.75,5,9.75,67.5,null
"2021-09-02T02:47:35.000Z",45.701658,5.883561,1.5,4,7,67.5,null
"2021-09-02T02:51:35.000Z",45.701658,5.883561,0.25,3,6.25,67.5,null
"2021-09-02T02:55:35.000Z",45.701658,5.883561,0,1.75,6.25,67.5,null
"2021-09-02T02:59:39.000Z",45.701658,5.883561,0.25,3,6,45,null
"2021-09-02T03:03:39.000Z",45.701658,5.883561,0,1.75,6,180,null
"2021-09-02T03:07:39.000Z",45.701658,5.883561,0,1.25,4.5,180,null
"2021-09-02T03:11:42.000Z",45.701658,5.883561,0,1.5,4.75,180,null
"2021-09-02T03:15:42.000Z",45.701658,5.883561,0.25,2.5,7,22.5,null
"2021-09-02T03:19:42.000Z",45.701658,5.883561,1.5,5,8,67.5,null
"2021-09-02T03:23:46.000Z",45.701658,5.883561,2,4.75,7.75,67.5,null
"2021-09-02T03:27:46.000Z",45.701658,5.883561,0,1.75,8,45,null
"2021-09-02T03:31:46.000Z",45.701658,5.883561,0,2.75,6.25,45,null
"2021-09-02T03:35:51.000Z",45.701658,5.883561,0,2.75,7.25,67.5,null
"2021-09-02T03:39:51.000Z",45.701658,5.883561,0.75,5.5,12,90,null
"2021-09-02T03:43:51.000Z",45.701658,5.883561,2.75,6.25,10.5,67.5,null
"2021-09-02T03:47:54.000Z",45.701658,5.883561,0.75,6.25,16.5,90,null
"2021-09-02T03:51:54.000Z",45.701658,5.883561,3.5,8.25,18,90,null
"2021-09-02T03:55:54.000Z",45.701658,5.883561,0.25,6,12,90,null
"2021-09-02T03:59:58.000Z",45.701658,5.883561,3.5,9.25,16.5,90,null
"2021-09-02T04:03:58.000Z",45.701658,5.883561,4.5,9,15.5,90,null
"2021-09-02T04:07:58.000Z",45.701658,5.883561,2.75,8.5,16.5,90,null
"2021-09-02T04:12:03.000Z",45.701658,5.883561,0.25,4.5,10.5,112.5,null
"2021-09-02T04:16:03.000Z",45.701658,5.883561,2.5,6.5,11,90,null
"2021-09-02T04:20:03.000Z",45.701658,5.883561,0.25,5.75,12,90,null
"2021-09-02T04:24:07.000Z",45.701658,5.883561,0,3.5,11,135,null
"2021-09-02T04:28:07.000Z",45.701658,5.883561,0.25,3,6.5,135,null
"2021-09-02T04:32:07.000Z",45.701658,5.883561,2,5.25,11,135,null
"2021-09-02T04:36:11.000Z",45.701658,5.883561,2.75,6.5,9.5,112.5,null
"2021-09-02T04:40:11.000Z",45.701658,5.883561,3.75,6.75,10.5,112.5,null
"2021-09-02T04:44:11.000Z",45.701658,5.883561,4.75,8.25,11,112.5,null
"2021-09-02T04:48:15.000Z",45.701658,5.883561,6,9,13,112.5,null
"2021-09-02T04:52:15.000Z",45.701658,5.883561,4.5,8.75,15.5,112.5,null
"2021-09-02T04:56:15.000Z",45.701658,5.883561,2.75,8.75,15,112.5,null
"2021-09-02T05:00:19.000Z",45.701658,5.883561,1.75,8,14.5,112.5,null
"2021-09-02T05:04:19.000Z",45.701658,5.883561,0,3.25,11,135,null
"2021-09-02T05:08:19.000Z",45.701658,5.883561,0,3,7.25,112.5,null
"2021-09-02T05:12:23.000Z",45.701658,5.883561,0,3.75,8.25,112.5,null
"2021-09-02T05:16:23.000Z",45.701658,5.883561,2.5,8.25,13,90,null
"2021-09-02T05:20:23.000Z",45.701658,5.883561,2.75,8.25,15,90,null
"2021-09-02T05:24:27.000Z",45.701658,5.883561,3.25,12,19.5,90,null
"2021-09-02T05:28:27.000Z",45.701658,5.883561,2,7,14.5,90,null
"2021-09-02T05:32:27.000Z",45.701658,5.883561,2.5,8,12.5,90,null
"2021-09-02T05:36:31.000Z",45.701658,5.883561,3.25,7.75,11,90,null
"2021-09-02T05:40:31.000Z",45.701658,5.883561,3.75,7.5,12,90,null
"2021-09-02T05:44:31.000Z",45.701658,5.883561,4.25,7.75,10.5,90,null
"2021-09-02T05:48:35.000Z",45.701658,5.883561,2.75,6.5,10,90,null
"2021-09-02T05:52:35.000Z",45.701658,5.883561,3.5,7.25,11,90,null
"2021-09-02T05:56:35.000Z",45.701658,5.883561,1.5,7.75,11,90,null
"2021-09-02T06:00:39.000Z",45.701658,5.883561,3.25,7,11,90,null
"2021-09-02T06:04:39.000Z",45.701658,5.883561,2,6.25,11,90,null
"2021-09-02T06:08:39.000Z",45.701658,5.883561,3.25,8.25,14.5,90,null
"2021-09-02T06:12:43.000Z",45.701658,5.883561,3.5,8.25,14,67.5,null
"2021-09-02T06:16:43.000Z",45.701658,5.883561,1.5,5.5,11,90,null
"2021-09-02T06:20:43.000Z",45.701658,5.883561,1.5,6.25,15,90,null
"2021-09-02T06:24:47.000Z",45.701658,5.883561,2.75,7.5,12,90,null
"2021-09-02T06:28:47.000Z",45.701658,5.883561,1,6.25,12.5,90,null
"2021-09-02T06:32:47.000Z",45.701658,5.883561,1.75,5.5,9,67.5,null
"2021-09-02T06:36:51.000Z",45.701658,5.883561,1.5,7.25,16,90,null
"2021-09-02T06:40:51.000Z",45.701658,5.883561,3.25,10,18.5,90,null
"2021-09-02T06:44:51.000Z",45.701658,5.883561,1,6.75,13,90,null
"2021-09-02T06:48:56.000Z",45.701658,5.883561,1.75,8.5,16.5,90,null
"2021-09-02T06:52:56.000Z",45.701658,5.883561,0,5,13,90,null
"2021-09-02T06:56:56.000Z",45.701658,5.883561,1,9,23,67.5,null
"2021-09-02T07:00:59.000Z",45.701658,5.883561,2.75,9,18.5,67.5,null
"2021-09-02T07:04:59.000Z",45.701658,5.883561,1.5,7.25,17,67.5,null
"2021-09-02T07:08:59.000Z",45.701658,5.883561,5.25,11.5,18,90,null
"2021-09-02T07:13:03.000Z",45.701658,5.883561,0,6,12,90,null
"2021-09-02T07:17:03.000Z",45.701658,5.883561,0.75,6.5,14.5,90,null
"2021-09-02T07:21:03.000Z",45.701658,5.883561,0.75,6.75,13,90,null
"2021-09-02T07:25:07.000Z",45.701658,5.883561,5.5,10.5,18.5,67.5,null
"2021-09-02T07:29:07.000Z",45.701658,5.883561,6.25,13.5,21,67.5,null
"2021-09-02T07:33:07.000Z",45.701658,5.883561,2.75,5.75,9.75,67.5,null
"2021-09-02T07:37:12.000Z",45.701658,5.883561,2,6.75,13,90,null
"2021-09-02T07:41:12.000Z",45.701658,5.883561,0.25,8.5,13,90,null
"2021-09-02T07:45:12.000Z",45.701658,5.883561,1,6.25,12,90,null
"2021-09-02T07:49:16.000Z",45.701658,5.883561,1.5,9,14.5,90,null
"2021-09-02T07:53:16.000Z",45.701658,5.883561,3.25,11,19,67.5,null
"2021-09-02T07:57:16.000Z",45.701658,5.883561,6.5,13,20,67.5,null
"2021-09-02T08:01:19.000Z",45.701658,5.883561,5.5,11.5,20,67.5,null
"2021-09-02T08:05:19.000Z",45.701658,5.883561,4.75,8.5,14.5,67.5,null
"2021-09-02T08:09:19.000Z",45.701658,5.883561,4.5,9.5,15,67.5,null
"2021-09-02T08:13:23.000Z",45.701658,5.883561,1.75,7.25,12,67.5,null
"2021-09-02T08:17:23.000Z",45.701658,5.883561,0,6.5,12,90,null
"2021-09-02T08:21:23.000Z",45.701658,5.883561,1,5,9,67.5,null
"2021-09-02T08:25:27.000Z",45.701658,5.883561,2.75,7.5,13.5,45,null
"2021-09-02T08:29:27.000Z",45.701658,5.883561,3.5,10,18.5,45,null
"2021-09-02T08:33:27.000Z",45.701658,5.883561,2.5,5,8.25,90,null
"2021-09-02T08:37:31.000Z",45.701658,5.883561,1.5,6.75,14,67.5,null
"2021-09-02T08:41:31.000Z",45.701658,5.883561,1.75,8,13,67.5,null
"2021-09-02T08:45:31.000Z",45.701658,5.883561,2,6.75,11,67.5,null
"2021-09-02T08:49:36.000Z",45.701658,5.883561,2,7.5,16.5,22.5,null
"2021-09-02T08:53:36.000Z",45.701658,5.883561,2.75,8,14.5,0,null
"2021-09-02T08:57:36.000Z",45.701658,5.883561,1,6.75,11,0,null
"2021-09-02T09:01:39.000Z",45.701658,5.883561,5.5,8.75,14,22.5,null
"2021-09-02T09:05:39.000Z",45.701658,5.883561,3.75,9.75,16,0,null
"2021-09-02T09:09:39.000Z",45.701658,5.883561,2,6.5,12,0,null
"2021-09-02T09:13:43.000Z",45.701658,5.883561,1.5,8,14,22.5,null
"2021-09-02T09:17:43.000Z",45.701658,5.883561,0.25,7.25,12.5,22.5,null
"2021-09-02T09:21:43.000Z",45.701658,5.883561,6.25,11,19,0,null
"2021-09-02T09:25:48.000Z",45.701658,5.883561,0,2.25,7.75,22.5,null
"2021-09-02T09:29:48.000Z",45.701658,5.883561,0,4.75,7.75,337.5,null
"2021-09-02T09:33:48.000Z",45.701658,5.883561,0.75,5.5,9,292.5,null
"2021-09-02T09:37:51.000Z",45.701658,5.883561,2,7,13,90,null
"2021-09-02T09:41:51.000Z",45.701658,5.883561,0,2,6.25,270,null
"2021-09-02T09:45:51.000Z",45.701658,5.883561,2,4,6,315,null
"2021-09-02T09:49:56.000Z",45.701658,5.883561,1,2.25,4.75,270,null
"2021-09-02T09:53:56.000Z",45.701658,5.883561,0.75,3.5,6.5,292.5,null
"2021-09-02T09:57:56.000Z",45.701658,5.883561,2.5,4.75,9,292.5,null
"2021-09-02T10:02:00.000Z",45.701658,5.883561,5.5,8,10,292.5,null
"2021-09-02T10:06:00.000Z",45.701658,5.883561,3.25,7.75,10,0,null
"2021-09-02T10:10:00.000Z",45.701658,5.883561,2.75,6.25,11,315,null
"2021-09-02T10:14:03.000Z",45.701658,5.883561,2.75,6.75,9.5,247.5,null
"2021-09-02T10:18:03.000Z",45.701658,5.883561,2,7.25,10.5,225,null
"2021-09-02T10:22:03.000Z",45.701658,5.883561,1,6,8.75,202.5,null
"2021-09-02T10:26:08.000Z",45.701658,5.883561,7.25,9.25,11,247.5,null
"2021-09-02T10:30:08.000Z",45.701658,5.883561,6.5,9,12,247.5,null
"2021-09-02T10:34:08.000Z",45.701658,5.883561,7,9.5,11,247.5,null
"2021-09-02T10:38:12.000Z",45.701658,5.883561,8.25,10,11,247.5,null
"2021-09-02T10:42:12.000Z",45.701658,5.883561,7.25,9.75,11,247.5,null
"2021-09-02T10:46:12.000Z",45.701658,5.883561,6.25,9.25,12,270,null
"2021-09-02T10:50:16.000Z",45.701658,5.883561,6,9,12,247.5,null
"2021-09-02T10:54:16.000Z",45.701658,5.883561,5.25,8.25,11,247.5,null
"2021-09-02T10:58:16.000Z",45.701658,5.883561,2,5.75,8.25,270,null
"2021-09-02T11:02:20.000Z",45.701658,5.883561,2,6,10,270,null
"2021-09-02T11:06:20.000Z",45.701658,5.883561,0.75,7.25,11,270,null
"2021-09-02T11:10:20.000Z",45.701658,5.883561,2,4.75,8.25,315,null
"2021-09-02T11:14:24.000Z",45.701658,5.883561,2,3.75,6,292.5,null
"2021-09-02T11:18:24.000Z",45.701658,5.883561,2.75,5.25,7.75,292.5,null
"2021-09-02T11:22:24.000Z",45.701658,5.883561,3.75,6.25,9.75,315,null
"2021-09-02T11:26:28.000Z",45.701658,5.883561,4.75,8,11,315,null
"2021-09-02T11:30:28.000Z",45.701658,5.883561,7,9,11,292.5,null
"2021-09-02T11:34:28.000Z",45.701658,5.883561,6.5,9.5,11.5,292.5,null
"2021-09-02T11:38:32.000Z",45.701658,5.883561,7,9.5,11,315,null
"2021-09-02T11:42:32.000Z",45.701658,5.883561,5.5,7,8,292.5,null
"2021-09-02T11:46:32.000Z",45.701658,5.883561,6.25,7.5,9,292.5,null
"2021-09-02T11:50:36.000Z",45.701658,5.883561,5.25,6.75,8.75,292.5,null
"2021-09-02T11:54:36.000Z",45.701658,5.883561,3.5,5,6.25,292.5,null
"2021-09-02T11:58:36.000Z",45.701658,5.883561,3.5,6,11,292.5,null
"2021-09-02T12:02:40.000Z",45.701658,5.883561,6,8.75,10.5,292.5,null
"2021-09-02T12:06:40.000Z",45.701658,5.883561,4.75,9,15,292.5,null
"2021-09-02T12:10:40.000Z",45.701658,5.883561,2.5,4.25,6,292.5,null
"2021-09-02T12:14:45.000Z",45.701658,5.883561,3.25,6.75,10.5,292.5,null
"2021-09-02T12:18:45.000Z",45.701658,5.883561,4.25,6.25,9,292.5,null
"2021-09-02T12:22:45.000Z",45.701658,5.883561,3.75,6.25,8.25,292.5,null
"2021-09-02T12:26:48.000Z",45.701658,5.883561,4.75,7.25,9,292.5,null
"2021-09-02T12:30:48.000Z",45.701658,5.883561,5.5,8.5,10,292.5,null
"2021-09-02T12:34:48.000Z",45.701658,5.883561,6.5,8.5,9.5,292.5,null
"2021-09-02T12:38:52.000Z",45.701658,5.883561,6.25,7.5,9.5,292.5,null
"2021-09-02T12:42:52.000Z",45.701658,5.883561,6.25,8.5,12,315,null
"2021-09-02T12:46:52.000Z",45.701658,5.883561,7.75,10,12,315,null
"2021-09-02T12:50:56.000Z",45.701658,5.883561,7.75,10.5,13.5,315,null
"2021-09-02T12:54:56.000Z",45.701658,5.883561,9.75,11.5,13,315,null
"2021-09-02T12:58:56.000Z",45.701658,5.883561,9.5,10.5,12,315,null
"2021-09-02T13:03:00.000Z",45.701658,5.883561,7,10,12,315,null
"2021-09-02T13:07:00.000Z",45.701658,5.883561,8.75,10,11,315,null
"2021-09-02T13:11:00.000Z",45.701658,5.883561,7.75,9.25,10.5,337.5,null
"2021-09-02T13:15:05.000Z",45.701658,5.883561,9,10.5,11,337.5,null
"2021-09-02T13:19:05.000Z",45.701658,5.883561,8,9.75,11,337.5,null
"2021-09-02T13:23:05.000Z",45.701658,5.883561,8.75,9.25,10.5,337.5,null
"2021-09-02T13:27:09.000Z",45.701658,5.883561,8,9.75,11,337.5,null
"2021-09-02T13:31:09.000Z",45.701658,5.883561,7.75,9.25,10.5,337.5,null
"2021-09-02T13:35:09.000Z",45.701658,5.883561,6.5,8.25,10,337.5,null
"2021-09-02T13:39:13.000Z",45.701658,5.883561,8,9.25,10,337.5,null
"2021-09-02T13:43:13.000Z",45.701658,5.883561,8,9,10,337.5,null
"2021-09-02T13:47:13.000Z",45.701658,5.883561,7.75,8.25,9,337.5,null
"2021-09-02T13:51:16.000Z",45.701658,5.883561,8,8.75,9,337.5,null
"2021-09-02T13:55:16.000Z",45.701658,5.883561,8.75,9.75,10.5,337.5,null
"2021-09-02T13:59:16.000Z",45.701658,5.883561,7.25,9,10,337.5,null
"2021-09-02T14:03:21.000Z",45.701658,5.883561,7.75,9,9.75,337.5,null
"2021-09-02T14:07:21.000Z",45.701658,5.883561,6.5,7.75,8.75,0,null
"2021-09-02T14:11:21.000Z",45.701658,5.883561,6.5,8,9,0,null
"2021-09-02T14:15:24.000Z",45.701658,5.883561,7.25,8.5,9.5,0,null
"2021-09-02T14:19:24.000Z",45.701658,5.883561,7.75,8.5,9,0,null
"2021-09-02T14:23:24.000Z",45.701658,5.883561,7.25,8,8.25,337.5,null
"2021-09-02T14:27:28.000Z",45.701658,5.883561,7.75,8.25,8.75,337.5,null
"2021-09-02T14:31:28.000Z",45.701658,5.883561,7.25,7.75,8.25,315,null
"2021-09-02T14:35:28.000Z",45.701658,5.883561,6.5,8.75,10,315,null
"2021-09-02T14:39:33.000Z",45.701658,5.883561,8,9,10,315,null
"2021-09-02T14:43:33.000Z",45.701658,5.883561,8.75,9.25,9.75,315,null
"2021-09-02T14:47:33.000Z",45.701658,5.883561,8.75,9.5,9.75,315,null
"2021-09-02T14:55:14.000Z",45.701709,5.883457,6.25,7.75,9.5,292.5,null
"2021-09-02T14:59:14.000Z",45.701709,5.883457,5.5,6.75,7.75,292.5,null
"2021-09-02T15:03:14.000Z",45.701709,5.883457,6,6.75,7.25,292.5,null
"2021-09-02T15:07:18.000Z",45.701709,5.883457,5.5,6.75,7.25,292.5,null
"2021-09-02T15:11:18.000Z",45.701709,5.883457,3.75,5.75,6.5,292.5,null
"2021-09-02T15:15:18.000Z",45.701709,5.883457,3.5,5.25,6,315,null
"2021-09-02T15:19:22.000Z",45.701709,5.883457,4.5,5.25,6,315,null
"2021-09-02T15:23:22.000Z",45.701709,5.883457,3.25,5.75,8.25,0,null
"2021-09-02T15:27:22.000Z",45.701709,5.883457,5.25,6.25,7.25,0,null
"2021-09-02T15:31:25.000Z",45.701709,5.883457,4.5,5.5,6.5,337.5,null
"2021-09-02T15:35:25.000Z",45.701709,5.883457,4.5,5.5,7.25,315,null
"2021-09-02T15:39:25.000Z",45.701709,5.883457,5.25,6.5,7.25,315,null
"2021-09-02T15:44:20.000Z",45.701709,5.883457,6.5,9,11.5,315,null
"2021-09-02T15:48:20.000Z",45.701709,5.883457,9,10,11,315,null
"2021-09-02T15:52:20.000Z",45.701689,5.883518,9,9.5,10.5,315,null
"2021-09-02T15:56:23.000Z",45.701689,5.883518,9,9.75,11,315,null
"2021-09-02T16:00:23.000Z",45.701689,5.883518,8.75,10,11.5,315,null
"2021-09-02T16:04:23.000Z",45.701689,5.883518,7,8,8.75,337.5,null
"2021-09-02T16:08:28.000Z",45.701689,5.883518,8.5,9.75,11,0,null
"2021-09-02T16:12:28.000Z",45.701689,5.883518,7.25,9,10.5,0,null
"2021-09-02T16:16:28.000Z",45.701689,5.883518,6.25,8.5,12,292.5,null
"2021-09-02T16:20:32.000Z",45.701689,5.883518,5.25,6.75,9.25,315,null
"2021-09-02T16:24:32.000Z",45.701689,5.883518,3.5,8.5,11,337.5,null
"2021-09-02T16:28:32.000Z",45.701689,5.883518,7.25,9,11,337.5,null
"2021-09-02T16:32:36.000Z",45.701689,5.883518,5.5,9,11.5,337.5,null
"2021-09-02T16:36:36.000Z",45.701689,5.883518,8.75,11,13.5,0,null
"2021-09-02T16:40:36.000Z",45.701689,5.883518,6.25,9.25,10.5,0,null
"2021-09-02T16:44:40.000Z",45.701689,5.883518,6,9.5,12,0,null
"2021-09-02T16:48:40.000Z",45.701689,5.883518,4.75,8.25,12,0,null
"2021-09-02T16:52:40.000Z",45.701689,5.883518,5.5,7.25,9,0,null
"2021-09-02T16:56:44.000Z",45.701689,5.883518,3.75,7,8.75,0,null
"2021-09-02T17:00:44.000Z",45.701689,5.883518,0.75,4.25,7.75,0,null
"2021-09-02T17:04:44.000Z",45.701689,5.883518,1.75,4,6.25,22.5,null
"2021-09-02T17:08:48.000Z",45.701689,5.883518,4.5,7,10,0,null
"2021-09-02T17:12:48.000Z",45.701689,5.883518,3.5,6,11,315,null
"2021-09-02T17:16:48.000Z",45.701689,5.883518,3.5,6.25,11,45,null
"2021-09-02T17:20:52.000Z",45.701689,5.883518,2.75,4.5,8.75,22.5,null
"2021-09-02T17:24:52.000Z",45.701689,5.883518,2.5,4.5,6.25,45,null
"2021-09-02T17:28:52.000Z",45.701689,5.883518,3.5,4.75,6.25,45,null
"2021-09-02T17:32:56.000Z",45.701689,5.883518,2.5,4,5.5,22.5,null
"2021-09-02T17:36:56.000Z",45.701689,5.883518,0,1.5,3.75,45,null
"2021-09-02T17:40:56.000Z",45.701689,5.883518,0.75,3,4.75,22.5,null
"2021-09-02T17:45:00.000Z",45.701689,5.883518,0.75,2.5,4.5,0,null
"2021-09-02T17:49:00.000Z",45.701689,5.883518,1.5,2.5,6.25,45,null
"2021-09-02T17:53:00.000Z",45.701689,5.883518,2,4.75,7,45,null
"2021-09-02T17:57:04.000Z",45.701689,5.883518,2.5,4.5,7.25,67.5,null
"2021-09-02T18:01:04.000Z",45.701689,5.883518,3.25,4.75,7,67.5,null
"2021-09-02T18:05:04.000Z",45.701689,5.883518,1.75,3.25,4.5,67.5,null
"2021-09-02T18:09:08.000Z",45.701689,5.883518,0,3,6.25,45,null
"2021-09-02T18:13:08.000Z",45.701689,5.883518,0.75,4.25,9,45,null
"2021-09-02T18:17:08.000Z",45.701689,5.883518,2.75,5,8,45,null
"2021-09-02T18:21:13.000Z",45.701689,5.883518,4.5,7.25,11,22.5,null
"2021-09-02T18:25:13.000Z",45.701689,5.883518,3.5,6.25,11,22.5,null
"2021-09-02T18:29:13.000Z",45.701689,5.883518,2,6,12,22.5,null
"2021-09-02T18:33:16.000Z",45.701689,5.883518,4.75,8.75,15,22.5,null
"2021-09-02T18:37:16.000Z",45.701689,5.883518,4.75,8.25,14.5,22.5,null
"2021-09-02T18:41:16.000Z",45.701689,5.883518,4.25,7.25,11,0,null
"2021-09-02T18:45:21.000Z",45.701689,5.883518,5.5,8,9.75,0,null
"2021-09-02T18:49:21.000Z",45.701689,5.883518,8,11.5,15.5,0,null
"2021-09-02T18:53:21.000Z",45.701689,5.883518,4.75,7.5,9,315,null
"2021-09-02T18:57:24.000Z",45.701689,5.883518,4.25,5.25,6.25,337.5,null
"2021-09-02T19:01:24.000Z",45.701689,5.883518,1.5,3.5,5.5,22.5,null
"2021-09-02T19:05:24.000Z",45.701689,5.883518,1,2,4.25,67.5,null
"2021-09-02T19:09:29.000Z",45.701689,5.883518,0,2.25,4.25,90,null
"2021-09-02T19:13:29.000Z",45.701689,5.883518,0.25,1.75,2.75,90,null
"2021-09-02T19:17:29.000Z",45.701689,5.883518,0,1,2,112.5,null
"2021-09-02T19:21:32.000Z",45.701689,5.883518,1,2.25,3.5,90,null
"2021-09-02T19:25:32.000Z",45.701689,5.883518,1.5,3.25,4.5,67.5,null
"2021-09-02T19:29:32.000Z",45.701689,5.883518,1.5,2.25,4.5,67.5,null
"2021-09-02T19:33:37.000Z",45.701689,5.883518,1.5,2.5,3.75,67.5,null
"2021-09-02T19:37:37.000Z",45.701689,5.883518,1.5,3,5.5,22.5,null
"2021-09-02T19:41:37.000Z",45.701689,5.883518,3.25,5.25,7,0,null
"2021-09-02T19:45:41.000Z",45.701689,5.883518,0.75,2.75,4.75,45,null
"2021-09-02T19:49:41.000Z",45.701689,5.883518,1,1.75,2.5,67.5,null
"2021-09-02T19:53:41.000Z",45.701689,5.883518,0,1.25,2,90,null
"2021-09-02T19:57:45.000Z",45.701689,5.883518,0,1,3.25,112.5,null
"2021-09-02T20:01:45.000Z",45.701689,5.883518,1,2.75,3.75,112.5,null
"2021-09-02T20:05:45.000Z",45.701689,5.883518,1,3,4.5,90,null
"2021-09-02T20:09:49.000Z",45.701689,5.883518,2,3.5,4.5,90,null
"2021-09-02T20:13:49.000Z",45.701689,5.883518,2.75,4.5,6.5,90,null
"2021-09-02T20:17:49.000Z",45.701689,5.883518,2.75,4,6.25,90,null
"2021-09-02T20:21:53.000Z",45.701689,5.883518,2,3.5,5.25,90,null
"2021-09-02T20:25:53.000Z",45.701689,5.883518,1,2.75,4.75,90,null
"2021-09-02T20:29:53.000Z",45.701689,5.883518,0.25,1.5,2.75,90,null
"2021-09-02T20:33:57.000Z",45.701689,5.883518,2,2.5,3.75,90,null
"2021-09-02T20:37:57.000Z",45.701689,5.883518,0.75,3.5,6,90,null
"2021-09-02T20:41:57.000Z",45.701689,5.883518,1.5,3.75,5.5,67.5,null
"2021-09-02T20:46:01.000Z",45.701689,5.883518,0.75,2.75,5.5,90,null
"2021-09-02T20:50:01.000Z",45.701689,5.883518,0.25,1.5,2.75,90,null
"2021-09-02T20:54:01.000Z",45.701689,5.883518,1,2.25,3.25,90,null
"2021-09-02T20:58:05.000Z",45.701689,5.883518,0,1.75,2.75,90,null
"2021-09-02T21:02:05.000Z",45.701689,5.883518,0.25,2.75,4.25,22.5,null
"2021-09-02T21:06:05.000Z",45.701689,5.883518,1.5,3,4.5,22.5,null
"2021-09-02T21:10:09.000Z",45.701689,5.883518,0,2.75,5.25,22.5,null
"2021-09-02T21:14:09.000Z",45.701689,5.883518,0.75,2.25,4.5,337.5,null
"2021-09-02T21:18:09.000Z",45.701689,5.883518,1,3.25,6,0,null
"2021-09-02T21:22:13.000Z",45.701689,5.883518,4.5,6.75,10,45,null
"2021-09-02T21:26:13.000Z",45.701689,5.883518,1.5,7.75,13,45,null
"2021-09-02T21:30:13.000Z",45.701689,5.883518,4.25,6.75,11,45,null
"2021-09-02T21:34:17.000Z",45.701689,5.883518,4.75,8,11.5,45,null
"2021-09-02T21:38:17.000Z",45.701689,5.883518,4.5,7,10.5,45,null
"2021-09-02T21:42:17.000Z",45.701689,5.883518,3.75,7.25,11.5,45,null
"2021-09-02T21:46:21.000Z",45.701689,5.883518,2.75,8.5,15.5,22.5,null
"2021-09-02T21:50:21.000Z",45.701689,5.883518,1.75,6.25,10,45,null
"2021-09-02T21:54:21.000Z",45.701689,5.883518,2.75,6,9.75,45,null
"2021-09-02T21:58:25.000Z",45.701689,5.883518,0.75,4,8.75,45,null
"2021-09-02T22:02:25.000Z",45.701689,5.883518,0.25,2.75,5.5,45,null
"2021-09-02T22:06:25.000Z",45.701689,5.883518,0,1,4.5,90,null
"2021-09-02T22:10:29.000Z",45.701689,5.883518,0,2.5,5.25,22.5,null
"2021-09-02T22:14:29.000Z",45.701689,5.883518,0,7.25,12,0,null
"2021-09-02T22:18:29.000Z",45.701689,5.883518,6.5,10.5,13,0,null
"2021-09-02T22:22:33.000Z",45.701689,5.883518,4.25,10,14.5,0,null
"2021-09-02T22:26:33.000Z",45.701689,5.883518,6,9.25,12,0,null
"2021-09-02T22:30:33.000Z",45.701689,5.883518,5.5,9.25,11,337.5,null
"2021-09-02T22:34:37.000Z",45.701689,5.883518,0.25,5.5,12,337.5,null
"2021-09-02T22:38:37.000Z",45.701689,5.883518,0,3,7.75,67.5,null
"2021-09-02T22:42:37.000Z",45.701689,5.883518,0,2.25,4.75,22.5,null
"2021-09-02T22:46:41.000Z",45.701689,5.883518,0,9.75,13.5,337.5,null
"2021-09-02T22:50:41.000Z",45.701689,5.883518,8.75,12,14.5,337.5,null
"2021-09-02T22:54:41.000Z",45.701689,5.883518,8.25,10.5,13,0,null
"2021-09-02T22:58:45.000Z",45.701689,5.883518,4.25,7.25,9.5,0,null
"2021-09-02T23:02:45.000Z",45.701689,5.883518,0.75,3.5,7,67.5,null
"2021-09-02T23:06:45.000Z",45.701689,5.883518,1.75,3.5,5.25,135,null
"2021-09-02T23:10:49.000Z",45.701689,5.883518,0,0.5,2.5,90,null
"2021-09-02T23:14:49.000Z",45.701689,5.883518,0,1.5,5.5,337.5,null
"2021-09-02T23:18:49.000Z",45.701689,5.883518,2,6,9.5,337.5,null
"2021-09-02T23:22:54.000Z",45.701689,5.883518,0.75,3.25,5.5,0,null
"2021-09-02T23:26:54.000Z",45.701689,5.883518,1.75,3.75,6.25,45,null
"2021-09-02T23:30:54.000Z",45.701689,5.883518,2.75,4.75,6.5,45,null
"2021-09-02T23:34:57.000Z",45.701689,5.883518,2.5,4,7.25,67.5,null
"2021-09-02T23:38:57.000Z",45.701689,5.883518,0,3.25,7.75,45,null
"2021-09-02T23:42:57.000Z",45.701689,5.883518,1.5,3.25,6.5,45,null
"2021-09-02T23:47:02.000Z",45.701689,5.883518,0.75,3.25,6.5,45,null
"2021-09-02T23:51:02.000Z",45.701689,5.883518,1,3.25,5.5,45,null
"2021-09-02T23:55:02.000Z",45.701689,5.883518,0,0.25,1.75,67.5,null
"2021-09-02T23:59:05.000Z",45.701689,5.883518,0,1,3.25,67.5,null
"2021-09-03T00:03:05.000Z",45.701689,5.883518,0,1.25,3.5,337.5,null
"2021-09-03T00:07:05.000Z",45.701689,5.883518,0,1.5,4.25,45,null
"2021-09-03T00:11:10.000Z",45.701689,5.883518,0,1,6.5,45,null
"2021-09-03T00:15:10.000Z",45.701689,5.883518,0,0.75,2.75,90,null
"2021-09-03T00:19:10.000Z",45.701689,5.883518,0,0,1.5,270,null
"2021-09-03T00:23:14.000Z",45.701689,5.883518,0,0,0,135,null
"2021-09-03T00:27:14.000Z",45.701689,5.883518,0,1,2.75,22.5,null
"2021-09-03T00:31:14.000Z",45.701689,5.883518,1.75,5,9.75,0,null
"2021-09-03T00:35:17.000Z",45.701689,5.883518,4.25,7.5,10,0,null
"2021-09-03T00:39:17.000Z",45.701689,5.883518,3.5,7.75,10.5,0,null
"2021-09-03T00:43:17.000Z",45.701689,5.883518,1.75,4.75,7.75,22.5,null
"2021-09-03T00:47:22.000Z",45.701689,5.883518,3.25,4.75,7.25,22.5,null
"2021-09-03T00:51:22.000Z",45.701689,5.883518,1.75,4.75,8,0,null
"2021-09-03T00:55:22.000Z",45.701689,5.883518,4.5,7.75,12.5,0,null
"2021-09-03T00:59:26.000Z",45.701689,5.883518,6.5,10,13.5,337.5,null
"2021-09-03T01:03:26.000Z",45.701689,5.883518,6.25,9.75,13,0,null
"2021-09-03T01:07:26.000Z",45.701689,5.883518,2.75,5,8,22.5,null
"2021-09-03T01:11:30.000Z",45.701689,5.883518,1.5,3.5,6,22.5,null
"2021-09-03T01:15:30.000Z",45.701689,5.883518,1,2.25,3.25,22.5,null
"2021-09-03T01:19:30.000Z",45.701689,5.883518,2.5,4,6.5,22.5,null
"2021-09-03T01:23:34.000Z",45.701689,5.883518,3.5,9,11.5,0,null
"2021-09-03T01:27:34.000Z",45.701689,5.883518,7.25,9.25,11,0,null
"2021-09-03T01:31:34.000Z",45.701689,5.883518,8,9.25,11,0,null
"2021-09-03T01:35:37.000Z",45.701689,5.883518,7,8.5,10,337.5,null
"2021-09-03T01:39:37.000Z",45.701689,5.883518,7,9.25,12,337.5,null
"2021-09-03T01:43:37.000Z",45.701689,5.883518,6,8.25,11,337.5,null
"2021-09-03T01:47:42.000Z",45.701689,5.883518,6.25,8.25,9.75,337.5,null
"2021-09-03T01:51:42.000Z",45.701689,5.883518,6,7.5,10,337.5,null
"2021-09-03T01:55:42.000Z",45.701689,5.883518,6.25,8.5,11,337.5,null
"2021-09-03T01:59:46.000Z",45.701689,5.883518,7,8.75,11,337.5,null
"2021-09-03T02:03:46.000Z",45.701689,5.883518,7,9,11.5,337.5,null
"2021-09-03T02:07:46.000Z",45.701689,5.883518,7,8.5,10.5,337.5,null
"2021-09-03T02:11:50.000Z",45.701689,5.883518,6.5,8.5,10.5,337.5,null
"2021-09-03T02:15:50.000Z",45.701689,5.883518,7.25,9,11.5,0,null
"2021-09-03T02:19:50.000Z",45.701689,5.883518,4.25,9,11.5,0,null
"2021-09-03T02:23:53.000Z",45.701689,5.883518,7.75,9.75,11.5,0,null
"2021-09-03T02:27:53.000Z",45.701689,5.883518,5.5,7.75,10.5,0,null
"2021-09-03T02:31:53.000Z",45.701689,5.883518,5.5,7.25,9,0,null
"2021-09-03T02:35:58.000Z",45.701689,5.883518,3.5,6,8.25,337.5,null
"2021-09-03T02:39:58.000Z",45.701689,5.883518,2.75,5.25,8,337.5,null
"2021-09-03T02:43:58.000Z",45.701689,5.883518,0,1,4.25,337.5,null
"2021-09-03T02:48:02.000Z",45.701689,5.883518,0,1.75,4.25,180,null
"2021-09-03T02:52:02.000Z",45.701689,5.883518,1,2.5,4.25,157.5,null
"2021-09-03T02:56:02.000Z",45.701689,5.883518,1.75,4.5,6.25,180,null
"2021-09-03T03:00:07.000Z",45.701689,5.883518,2.5,4.75,7.25,202.5,null
"2021-09-03T03:04:07.000Z",45.701689,5.883518,1.5,4,7,225,null
"2021-09-03T03:08:07.000Z",45.701689,5.883518,0.25,3,6.5,292.5,null
"2021-09-03T03:12:11.000Z",45.701689,5.883518,3.25,5.5,7.75,292.5,null
"2021-09-03T03:16:11.000Z",45.701689,5.883518,6,8.5,11,315,null
"2021-09-03T03:20:11.000Z",45.701689,5.883518,4.5,6.75,8.25,315,null
"2021-09-03T03:24:15.000Z",45.701689,5.883518,3.25,4.75,7,315,null
"2021-09-03T03:28:15.000Z",45.701689,5.883518,2.75,4.75,6.5,315,null
"2021-09-03T03:32:15.000Z",45.701689,5.883518,2,4.25,6,315,null
"2021-09-03T03:36:19.000Z",45.701689,5.883518,1,3.25,4.5,315,null
"2021-09-03T03:40:19.000Z",45.701689,5.883518,0,0.75,2,270,null
"2021-09-03T03:44:19.000Z",45.701689,5.883518,0.25,3.25,5.5,135,null
"2021-09-03T03:48:23.000Z",45.701689,5.883518,0,2,4.25,135,null
"2021-09-03T03:52:23.000Z",45.701689,5.883518,0,1,3.25,157.5,null
"2021-09-03T03:56:23.000Z",45.701689,5.883518,0,0.75,2,135,null
"2021-09-03T04:00:26.000Z",45.701689,5.883518,0,2.25,3.75,135,null
"2021-09-03T04:04:26.000Z",45.701689,5.883518,0.75,2.75,5.25,112.5,null
"2021-09-03T04:08:26.000Z",45.701689,5.883518,2,4,5.25,112.5,null
"2021-09-03T04:12:31.000Z",45.701689,5.883518,1.75,3.75,6.5,112.5,null
"2021-09-03T04:16:31.000Z",45.701689,5.883518,1.5,4,7,90,null
"2021-09-03T04:20:31.000Z",45.701689,5.883518,1,3.75,8.25,90,null
"2021-09-03T04:24:34.000Z",45.701689,5.883518,2.75,5.25,8,90,null
"2021-09-03T04:28:34.000Z",45.701689,5.883518,3.25,5.25,7.75,67.5,null
"2021-09-03T04:32:34.000Z",45.701689,5.883518,2,4.25,7.75,67.5,null
"2021-09-03T04:36:39.000Z",45.701689,5.883518,0.25,3.75,6.25,67.5,null
"2021-09-03T04:40:39.000Z",45.701689,5.883518,0,0.5,2.5,90,null
"2021-09-03T04:44:39.000Z",45.701689,5.883518,0,0,0.75,22.5,null
"2021-09-03T04:48:43.000Z",45.701689,5.883518,0,0.5,2.5,22.5,null
"2021-09-03T04:52:43.000Z",45.701689,5.883518,0,1.5,4.25,0,null
"2021-09-03T04:56:43.000Z",45.701689,5.883518,0,2,3.75,90,null
"2021-09-03T05:00:47.000Z",45.701689,5.883518,1,2.5,4.25,112.5,null
"2021-09-03T05:04:47.000Z",45.701689,5.883518,0.75,1.75,4.5,45,null
"2021-09-03T05:08:47.000Z",45.701689,5.883518,1,3,4.75,22.5,null
"2021-09-03T05:12:51.000Z",45.701689,5.883518,3.25,4.75,7.25,22.5,null
"2021-09-03T05:16:51.000Z",45.701689,5.883518,3.25,4.5,6.25,22.5,null
"2021-09-03T05:20:51.000Z",45.701689,5.883518,1,2.75,4.75,45,null
"2021-09-03T05:24:55.000Z",45.701689,5.883518,0.25,2.25,4.25,67.5,null
"2021-09-03T05:28:55.000Z",45.701689,5.883518,0,1,2,112.5,null
"2021-09-03T05:32:55.000Z",45.701689,5.883518,0,1.25,3.25,90,null
"2021-09-03T05:36:59.000Z",45.701689,5.883518,0,0,0,90,null
"2021-09-03T05:40:59.000Z",45.701689,5.883518,0,1,3.25,22.5,null
"2021-09-03T05:44:59.000Z",45.701689,5.883518,1.5,3.25,4.75,45,null
"2021-09-03T05:49:03.000Z",45.701689,5.883518,1.5,3.75,5.25,45,null
"2021-09-03T05:53:03.000Z",45.701689,5.883518,0.25,3,5.5,67.5,null
"2021-09-03T05:57:03.000Z",45.701689,5.883518,1,2.75,4.5,112.5,null
"2021-09-03T06:01:07.000Z",45.701689,5.883518,1.5,2.5,3.5,135,null
"2021-09-03T06:05:07.000Z",45.701689,5.883518,2,3,4.25,112.5,null
"2021-09-03T06:09:07.000Z",45.701689,5.883518,2.5,4.25,6.25,112.5,null
"2021-09-03T06:13:11.000Z",45.701689,5.883518,1.5,3.75,5.5,112.5,null
"2021-09-03T06:17:11.000Z",45.701689,5.883518,0,2.25,4.25,112.5,null
"2021-09-03T06:21:11.000Z",45.701689,5.883518,0,0.25,1,112.5,null
"2021-09-03T06:25:14.000Z",45.701689,5.883518,0,0.5,3.5,135,null
"2021-09-03T06:29:14.000Z",45.701689,5.883518,1.75,2.75,3.75,112.5,null
"2021-09-03T06:33:14.000Z",45.701689,5.883518,0.75,2.25,3.5,112.5,null
"2021-09-03T06:37:19.000Z",45.701689,5.883518,0.25,1.75,2.75,112.5,null
"2021-09-03T06:41:19.000Z",45.701689,5.883518,1,3.25,4.75,157.5,null
"2021-09-03T06:45:19.000Z",45.701689,5.883518,0.75,1.75,3.25,135,null
"2021-09-03T06:49:23.000Z",45.701689,5.883518,1,2.25,3.75,112.5,null
"2021-09-03T06:53:23.000Z",45.701689,5.883518,0.75,2.5,5.25,135,null
"2021-09-03T06:57:23.000Z",45.701689,5.883518,0,2,4.75,157.5,null
"2021-09-03T07:01:27.000Z",45.701689,5.883518,0,0.75,4.5,157.5,null
"2021-09-03T07:05:27.000Z",45.701689,5.883518,3.25,4.5,7.25,157.5,null
"2021-09-03T07:09:27.000Z",45.701689,5.883518,0.75,2.5,6.5,135,null
"2021-09-03T07:13:31.000Z",45.701689,5.883518,0,2.75,5.5,157.5,null
"2021-09-03T07:17:31.000Z",45.701689,5.883518,0,3,6.5,90,null
"2021-09-03T07:21:31.000Z",45.701689,5.883518,2.75,5.5,9,90,null
"2021-09-03T07:25:35.000Z",45.701689,5.883518,0,1.75,4.5,90,null
"2021-09-03T07:29:35.000Z",45.701689,5.883518,2,4.25,6.25,90,null
"2021-09-03T07:33:35.000Z",45.701689,5.883518,1.75,3.75,6,112.5,null
"2021-09-03T07:37:39.000Z",45.701689,5.883518,0,1.75,3.5,112.5,null
"2021-09-03T07:41:39.000Z",45.701689,5.883518,1.5,4,6.5,90,null
"2021-09-03T07:45:39.000Z",45.701689,5.883518,0.75,3.25,6,90,null
"2021-09-03T07:49:43.000Z",45.701689,5.883518,0,1.5,3.75,157.5,null
"2021-09-03T07:53:43.000Z",45.701689,5.883518,0,1.25,7.75,135,null
"2021-09-03T07:57:43.000Z",45.701689,5.883518,1.75,4.5,9.5,157.5,null
"2021-09-03T08:01:48.000Z",45.701689,5.883518,2,5,9.5,135,null
"2021-09-03T08:05:48.000Z",45.701689,5.883518,0,4.5,8.75,112.5,null
"2021-09-03T08:09:48.000Z",45.701689,5.883518,0.75,4,7.75,90,null
"2021-09-03T08:13:51.000Z",45.701689,5.883518,0,3.75,9.25,112.5,null
"2021-09-03T08:17:51.000Z",45.701689,5.883518,0.25,3,7.75,90,null
"2021-09-03T08:21:51.000Z",45.701689,5.883518,0,0.25,2.75,157.5,null
"2021-09-03T08:25:55.000Z",45.701689,5.883518,0,1.75,4.25,157.5,null
"2021-09-03T08:29:55.000Z",45.701689,5.883518,0,2,4.5,157.5,null
"2021-09-03T08:33:55.000Z",45.701689,5.883518,0,2.25,5.5,157.5,null
"2021-09-03T08:38:00.000Z",45.701689,5.883518,0,0.25,1.75,112.5,null
"2021-09-03T08:42:00.000Z",45.701689,5.883518,0,0.25,1.5,292.5,null
"2021-09-03T08:46:00.000Z",45.701689,5.883518,0,0.25,2,67.5,null
"2021-09-03T08:50:04.000Z",45.701689,5.883518,0,0.75,2.75,90,null
"2021-09-03T08:54:04.000Z",45.701689,5.883518,0,0.25,2,90,null
"2021-09-03T08:58:04.000Z",45.701689,5.883518,0,2,5.5,135,null
"2021-09-03T09:02:08.000Z",45.701689,5.883518,0,1.25,6.25,112.5,null
"2021-09-03T09:06:08.000Z",45.701689,5.883518,0,2.5,6.5,112.5,null
"2021-09-03T09:10:08.000Z",45.701689,5.883518,0.75,3.5,7.25,112.5,null
"2021-09-03T09:14:11.000Z",45.701689,5.883518,0,0.75,3.25,157.5,null
"2021-09-03T09:18:11.000Z",45.701689,5.883518,0,0.75,3.75,157.5,null
"2021-09-03T09:22:11.000Z",45.701689,5.883518,0,1.75,5.25,157.5,null
"2021-09-03T09:26:16.000Z",45.701689,5.883518,0,0.5,3.25,157.5,null
"2021-09-03T09:30:16.000Z",45.701689,5.883518,0,1.5,4.25,135,null
"2021-09-03T09:34:16.000Z",45.701689,5.883518,0,3.75,8,157.5,null
"2021-09-03T09:38:19.000Z",45.701689,5.883518,0,2.75,5.25,112.5,null
"2021-09-03T09:42:19.000Z",45.701689,5.883518,0,3,8,112.5,null
"2021-09-03T09:46:19.000Z",45.701689,5.883518,0,1.5,8,90,null
"2021-09-03T09:50:24.000Z",45.701689,5.883518,0,2.5,7.25,157.5,null
"2021-09-03T09:54:24.000Z",45.701689,5.883518,0,1.75,6,90,null
"2021-09-03T09:58:24.000Z",45.701689,5.883518,0,2.25,6.25,157.5,null
"2021-09-03T10:02:27.000Z",45.701689,5.883518,0,1.75,4.5,157.5,null
"2021-09-03T10:06:27.000Z",45.701689,5.883518,0.25,2.25,5.25,157.5,null
"2021-09-03T10:10:27.000Z",45.701689,5.883518,0,0,0.25,157.5,null
"2021-09-03T10:14:31.000Z",45.701689,5.883518,0,1.5,5.25,180,null
"2021-09-03T10:18:31.000Z",45.701689,5.883518,1,4.75,8.25,180,null
"2021-09-03T10:22:31.000Z",45.701689,5.883518,1.75,5.75,9.5,180,null
"2021-09-03T10:26:36.000Z",45.701689,5.883518,2.5,5.5,7.75,202.5,null
"2021-09-03T10:30:36.000Z",45.701689,5.883518,4.5,7,10,225,null
"2021-09-03T10:34:36.000Z",45.701689,5.883518,2,5.25,8,225,null
"2021-09-03T10:38:40.000Z",45.701689,5.883518,1,3,4.75,225,null
"2021-09-03T10:42:40.000Z",45.701689,5.883518,2.5,4.5,7,247.5,null
"2021-09-03T10:46:40.000Z",45.701689,5.883518,2.75,8,10.5,247.5,null
"2021-09-03T10:50:44.000Z",45.701689,5.883518,3.5,7.75,10.5,247.5,null
"2021-09-03T10:54:44.000Z",45.701689,5.883518,1.5,3.5,7,247.5,null
"2021-09-03T10:58:44.000Z",45.701689,5.883518,0,2,5.5,225,null
"2021-09-03T11:02:48.000Z",45.701689,5.883518,0,2.25,6.25,202.5,null
"2021-09-03T11:06:48.000Z",45.701689,5.883518,1.75,7,12,225,null
"2021-09-03T11:10:48.000Z",45.701689,5.883518,5.25,7.25,10,225,null
"2021-09-03T11:14:52.000Z",45.701689,5.883518,4.25,7,10.5,247.5,null
"2021-09-03T11:18:52.000Z",45.701689,5.883518,0,1.75,6,202.5,null
"2021-09-03T11:22:52.000Z",45.701689,5.883518,0,0.25,1.5,292.5,null
"2021-09-03T11:26:56.000Z",45.701689,5.883518,0,0,0,247.5,null
"2021-09-03T11:30:56.000Z",45.701689,5.883518,0,3.75,5.25,225,null
"2021-09-03T11:34:56.000Z",45.701689,5.883518,2.5,3.5,4.5,247.5,null
"2021-09-03T11:39:00.000Z",45.701689,5.883518,0.75,2,3.75,247.5,null
"2021-09-03T11:43:00.000Z",45.701689,5.883518,0,1,2.5,270,null
"2021-09-03T11:47:00.000Z",45.701689,5.883518,0,0,1.5,270,null
"2021-09-03T11:51:04.000Z",45.701689,5.883518,0,1.25,2.5,247.5,null
"2021-09-03T11:55:04.000Z",45.701689,5.883518,1.5,2.75,4.25,247.5,null
"2021-09-03T11:59:04.000Z",45.701689,5.883518,1.75,3,4.25,247.5,null
"2021-09-03T12:03:08.000Z",45.701689,5.883518,1,2.25,5.25,247.5,null
"2021-09-03T12:07:08.000Z",45.701689,5.883518,3.25,4.5,6,247.5,null
"2021-09-03T12:11:08.000Z",45.701689,5.883518,1.75,3,4.25,247.5,null
"2021-09-03T12:15:13.000Z",45.701689,5.883518,2.5,4.75,7.25,247.5,null
"2021-09-03T12:19:13.000Z",45.701689,5.883518,5.5,7,8,225,null
"2021-09-03T12:23:13.000Z",45.701689,5.883518,4.75,6.5,9,225,null
"2021-09-03T12:27:17.000Z",45.701689,5.883518,4.5,6,7.25,225,null
"2021-09-03T12:31:17.000Z",45.701689,5.883518,4.75,6.25,7.25,225,null
"2021-09-03T12:35:17.000Z",45.701689,5.883518,4.5,6.25,7.25,247.5,null
"2021-09-03T12:39:20.000Z",45.701689,5.883518,2.75,4.25,6.25,247.5,null
"2021-09-03T12:43:20.000Z",45.701689,5.883518,4.25,5.25,7,247.5,null
"2021-09-03T12:47:20.000Z",45.701689,5.883518,4.5,5.5,6.25,270,null
"2021-09-03T12:51:24.000Z",45.701689,5.883518,4.75,6.25,8,270,null
"2021-09-03T12:55:24.000Z",45.701689,5.883518,4.25,5.5,6.5,270,null
"2021-09-03T12:59:24.000Z",45.701689,5.883518,3.75,5.25,6.25,270,null
"2021-09-03T13:03:28.000Z",45.701689,5.883518,3.75,4.75,5.5,247.5,null
"2021-09-03T13:07:28.000Z",45.701689,5.883518,3.75,5,6,247.5,null
"2021-09-03T13:11:28.000Z",45.701689,5.883518,4.25,5,6.25,225,null
"2021-09-03T13:15:33.000Z",45.701689,5.883518,3.75,4.75,6,225,null
"2021-09-03T13:19:33.000Z",45.701689,5.883518,2.75,5.5,7,202.5,null
"2021-09-03T13:23:33.000Z",45.701689,5.883518,1,4,6.25,202.5,null
"2021-09-03T13:27:36.000Z",45.701689,5.883518,3.25,7,9,202.5,null
"2021-09-03T13:31:36.000Z",45.701689,5.883518,7.75,8.5,9.75,225,null
"2021-09-03T13:35:36.000Z",45.701689,5.883518,6.25,7.75,9.75,225,null
"2021-09-03T13:39:41.000Z",45.701689,5.883518,6,7,8,225,null
"2021-09-03T13:43:41.000Z",45.701689,5.883518,3.25,6,7.25,225,null
"2021-09-03T13:47:41.000Z",45.701689,5.883518,2.75,5.5,6.5,247.5,null
"2021-09-03T13:51:44.000Z",45.701689,5.883518,4.75,6.5,7.75,247.5,null
"2021-09-03T13:55:44.000Z",45.701689,5.883518,6,8,11,225,null
"2021-09-03T13:59:44.000Z",45.701689,5.883518,4.25,7.25,10,225,null
"2021-09-03T14:03:49.000Z",45.701689,5.883518,5.75,8.25,9.75,247.5,null
"2021-09-03T14:07:49.000Z",45.701689,5.883518,7,8.25,9.5,247.5,null
"2021-09-03T14:11:49.000Z",45.701689,5.883518,7,8,9,247.5,null
"2021-09-03T14:15:52.000Z",45.701689,5.883518,6,8.25,11,247.5,null
"2021-09-03T14:19:52.000Z",45.701689,5.883518,4.25,7.5,9,247.5,null
"2021-09-03T14:23:52.000Z",45.701689,5.883518,4.5,6.25,8.75,247.5,null
"2021-09-03T14:27:57.000Z",45.701689,5.883518,0,3.5,5.5,180,null
"2021-09-03T14:31:57.000Z",45.701689,5.883518,1,4,6.25,157.5,null
"2021-09-03T14:35:57.000Z",45.701689,5.883518,2,5,7,180,null
"2021-09-03T14:40:01.000Z",45.701689,5.883518,1.5,3.5,5.75,180,null
"2021-09-03T14:44:01.000Z",45.701689,5.883518,1.75,4.5,6.5,180,null
"2021-09-03T14:48:01.000Z",45.701689,5.883518,1,3.75,6,157.5,null
"2021-09-03T14:56:03.000Z",45.701686,5.883703,2.75,4,5.5,180,null
"2021-09-03T15:00:03.000Z",45.701686,5.883703,2.75,4.5,5.5,157.5,null
"2021-09-03T15:04:03.000Z",45.701686,5.883703,2.5,4.5,5.5,180,null
"2021-09-03T15:08:07.000Z",45.701686,5.883703,2.5,5,6.5,157.5,null
"2021-09-03T15:12:07.000Z",45.701686,5.883703,3.25,5.25,7.25,157.5,null
"2021-09-03T15:16:07.000Z",45.701686,5.883703,3.5,5.25,6.5,157.5,null
"2021-09-03T15:20:10.000Z",45.701686,5.883703,3.5,5.25,6.5,157.5,null
"2021-09-03T15:24:10.000Z",45.701686,5.883703,2.75,4.5,6,180,null
"2021-09-03T15:28:10.000Z",45.701686,5.883703,2,4,5.25,180,null
"2021-09-03T15:32:15.000Z",45.701686,5.883703,2.75,5,7,157.5,null
"2021-09-03T15:36:15.000Z",45.701686,5.883703,2,4.75,6.5,157.5,null
"2021-09-03T15:40:15.000Z",45.701686,5.883703,2.75,4.5,6.25,157.5,null
"2021-09-03T15:45:00.000Z",45.701686,5.883703,1.5,3.25,4.75,180,null
"2021-09-03T15:49:00.000Z",45.701686,5.883703,2.5,3.75,4.5,180,null
"2021-09-03T15:53:00.000Z",45.701671,5.883594,1,3.25,4.5,180,null
"2021-09-03T15:57:05.000Z",45.701671,5.883594,1,3.25,5.25,180,null
"2021-09-03T16:01:05.000Z",45.701671,5.883594,0.75,2.5,5.25,202.5,null
"2021-09-03T16:05:05.000Z",45.701671,5.883594,1,3.25,5.5,202.5,null
"2021-09-03T16:09:09.000Z",45.701671,5.883594,1,3.5,6.5,180,null
"2021-09-03T16:13:09.000Z",45.701671,5.883594,1,3.75,6.25,202.5,null
"2021-09-03T16:17:09.000Z",45.701671,5.883594,2,4.25,6.5,202.5,null
"2021-09-03T16:21:13.000Z",45.701671,5.883594,2,5.5,8.25,180,null
"2021-09-03T16:25:13.000Z",45.701671,5.883594,3.5,6,9,180,null
"2021-09-03T16:29:13.000Z",45.701671,5.883594,2,5.25,8.25,157.5,null
"2021-09-03T16:33:17.000Z",45.701671,5.883594,1.75,4.75,8,180,null
"2021-09-03T16:37:17.000Z",45.701671,5.883594,2,5.5,7.75,157.5,null
"2021-09-03T16:41:17.000Z",45.701671,5.883594,2.75,4.5,7,157.5,null
"2021-09-03T16:45:21.000Z",45.701671,5.883594,0.75,3.25,4.75,202.5,null
"2021-09-03T16:49:21.000Z",45.701671,5.883594,3.25,4.25,7,202.5,null
"2021-09-03T16:53:21.000Z",45.701671,5.883594,1.5,4.5,8,202.5,null
"2021-09-03T16:57:25.000Z",45.701671,5.883594,2,8,11,202.5,null
"2021-09-03T17:01:25.000Z",45.701671,5.883594,5.5,8.5,11.5,202.5,null
"2021-09-03T17:05:25.000Z",45.701671,5.883594,4.25,7.5,9.75,202.5,null
"2021-09-03T17:09:29.000Z",45.701671,5.883594,3.5,6.25,8.75,202.5,null
"2021-09-03T17:13:29.000Z",45.701671,5.883594,1.75,5,7.75,202.5,null
"2021-09-03T17:17:29.000Z",45.701671,5.883594,0.75,3.25,5.25,225,null
"2021-09-03T17:21:33.000Z",45.701671,5.883594,1,3,5,225,null
"2021-09-03T17:25:33.000Z",45.701671,5.883594,1,3.75,6,247.5,null
"2021-09-03T17:29:33.000Z",45.701671,5.883594,4.25,12,19,270,null
"2021-09-03T17:33:37.000Z",45.701671,5.883594,5.5,12,23.5,247.5,null
"2021-09-03T17:37:37.000Z",45.701671,5.883594,14,21,28,270,null
"2021-09-03T17:41:37.000Z",45.701671,5.883594,10.5,21.5,29,270,null
"2021-09-03T17:45:41.000Z",45.701671,5.883594,18,27.5,35,270,null
"2021-09-03T17:49:41.000Z",45.701671,5.883594,15,23.5,27.5,270,null
"2021-09-03T17:53:41.000Z",45.701671,5.883594,8.75,14.5,18,292.5,null
"2021-09-03T17:57:45.000Z",45.701671,5.883594,6.5,12,21,0,null
"2021-09-03T18:01:45.000Z",45.701671,5.883594,2.5,11,18.5,337.5,null
"2021-09-03T18:05:45.000Z",45.701671,5.883594,6,10.5,14,337.5,null
"2021-09-03T18:09:49.000Z",45.701671,5.883594,8.25,13.5,19,0,null
"2021-09-03T18:13:49.000Z",45.701671,5.883594,12,16,20.5,337.5,null
"2021-09-03T18:17:49.000Z",45.701671,5.883594,9.5,13.5,18,337.5,null
"2021-09-03T18:21:53.000Z",45.701671,5.883594,7,11,16.5,0,null
"2021-09-03T18:25:53.000Z",45.701671,5.883594,6.5,11,15.5,0,null
"2021-09-03T18:29:53.000Z",45.701671,5.883594,6,9.5,13,0,null
"2021-09-03T18:33:57.000Z",45.701671,5.883594,4.75,6.75,8.75,0,null
"2021-09-03T18:37:57.000Z",45.701671,5.883594,4.25,7,9,337.5,null
"2021-09-03T18:41:57.000Z",45.701671,5.883594,4.25,5.75,7,0,null
"2021-09-03T18:46:01.000Z",45.701671,5.883594,4.25,5.25,6.5,337.5,null
"2021-09-03T18:50:01.000Z",45.701671,5.883594,2,3.75,5.25,0,null
"2021-09-03T18:54:01.000Z",45.701671,5.883594,1,2.5,3.75,67.5,null
"2021-09-03T18:58:06.000Z",45.701671,5.883594,0,0.25,1.75,45,null
"2021-09-03T19:02:06.000Z",45.701671,5.883594,0,0,0,180,null
"2021-09-03T19:06:06.000Z",45.701671,5.883594,0,0,0.25,292.5,null
"2021-09-03T19:10:10.000Z",45.701671,5.883594,0,0,1,292.5,null
"2021-09-03T19:14:10.000Z",45.701671,5.883594,0,0,0,202.5,null
"2021-09-03T19:18:10.000Z",45.701671,5.883594,0,1.5,2.75,157.5,null
"2021-09-03T19:22:14.000Z",45.701671,5.883594,0,0.75,2.5,180,null
"2021-09-03T19:26:14.000Z",45.701671,5.883594,1.5,2.25,2.75,180,null
"2021-09-03T19:30:14.000Z",45.701671,5.883594,1,2.25,3.75,135,null
"2021-09-03T19:34:17.000Z",45.701671,5.883594,1.25,2.75,5.25,135,null
"2021-09-03T19:38:17.000Z",45.701671,5.883594,2.75,7.25,15.5,180,null
"2021-09-03T19:42:17.000Z",45.701671,5.883594,0.25,4.25,11,157.5,null
"2021-09-03T19:46:22.000Z",45.701671,5.883594,0,1.25,3.25,112.5,null
"2021-09-03T19:50:22.000Z",45.701671,5.883594,0.25,4.5,10.5,180,null
"2021-09-03T19:54:22.000Z",45.701671,5.883594,1.75,7.25,13.5,202.5,null
"2021-09-03T19:58:26.000Z",45.701671,5.883594,1.5,8,16.5,202.5,null
"2021-09-03T20:02:26.000Z",45.701671,5.883594,2.75,9.75,16.5,202.5,null
"2021-09-03T20:06:26.000Z",45.701671,5.883594,5.5,12.5,20,202.5,null
"2021-09-03T20:10:30.000Z",45.701671,5.883594,4.25,10.5,18,202.5,null
"2021-09-03T20:14:30.000Z",45.701671,5.883594,2,11,19,202.5,null
"2021-09-03T20:18:30.000Z",45.701671,5.883594,3.25,11.5,19,202.5,null
"2021-09-03T20:22:34.000Z",45.701671,5.883594,4.5,11.5,20,202.5,null
"2021-09-03T20:26:34.000Z",45.701671,5.883594,5.25,13.5,22.5,202.5,null
"2021-09-03T20:30:34.000Z",45.701671,5.883594,5.25,14.5,26.5,202.5,null
"2021-09-03T20:34:38.000Z",45.701671,5.883594,4.25,14,23.5,202.5,null
"2021-09-03T20:38:38.000Z",45.701671,5.883594,9.75,18.5,27,202.5,null
"2021-09-03T20:42:38.000Z",45.701671,5.883594,4.5,15.5,24.5,202.5,null
"2021-09-03T20:46:42.000Z",45.701671,5.883594,4.5,17,30.5,202.5,null
"2021-09-03T20:50:42.000Z",45.701671,5.883594,6.5,16.5,26,202.5,null
"2021-09-03T20:54:42.000Z",45.701671,5.883594,2,16.5,28,202.5,null
"2021-09-03T20:58:46.000Z",45.701671,5.883594,1,15.5,29,202.5,null
"2021-09-03T21:02:46.000Z",45.701671,5.883594,7.75,17.5,29,202.5,null
"2021-09-03T21:06:46.000Z",45.701671,5.883594,6,18,29,180,null
"2021-09-03T21:10:50.000Z",45.701671,5.883594,5.5,17,26.5,202.5,null
"2021-09-03T21:14:50.000Z",45.701671,5.883594,6,14.5,22.5,202.5,null
"2021-09-03T21:18:50.000Z",45.701671,5.883594,6,12,21.5,202.5,null
"2021-09-03T21:22:54.000Z",45.701671,5.883594,2.75,13,23.5,202.5,null
"2021-09-03T21:26:54.000Z",45.701671,5.883594,5.25,15.5,23,180,null
"2021-09-03T21:30:54.000Z",45.701671,5.883594,6.5,17.5,25.5,180,null
"2021-09-03T21:34:58.000Z",45.701671,5.883594,9,17.5,27,180,null
"2021-09-03T21:38:58.000Z",45.701671,5.883594,7,17,27.5,180,null
"2021-09-03T21:42:58.000Z",45.701671,5.883594,5.25,17.5,25,180,null
"2021-09-03T21:47:02.000Z",45.701671,5.883594,6.25,16.5,27.5,180,null
"2021-09-03T21:51:02.000Z",45.701671,5.883594,8.75,18,26,180,null
"2021-09-03T21:55:02.000Z",45.701671,5.883594,6.25,16.5,26,180,null
"2021-09-03T21:59:07.000Z",45.701671,5.883594,5.25,14.5,23.5,202.5,null
"2021-09-03T22:03:07.000Z",45.701671,5.883594,4.5,13.5,23,202.5,null
"2021-09-03T22:07:07.000Z",45.701671,5.883594,3.5,13.5,22.5,202.5,null
"2021-09-03T22:11:10.000Z",45.701671,5.883594,2.5,11.5,19,180,null
"2021-09-03T22:15:10.000Z",45.701671,5.883594,2.5,11.5,19.5,180,null
"2021-09-03T22:19:10.000Z",45.701671,5.883594,1.75,11.5,19.5,180,null
"2021-09-03T22:23:14.000Z",45.701671,5.883594,2,10.5,18,202.5,null
"2021-09-03T22:27:14.000Z",45.701671,5.883594,2.75,10.5,19,202.5,null
"2021-09-03T22:31:14.000Z",45.701671,5.883594,2,9.25,18.5,202.5,null
"2021-09-03T22:35:18.000Z",45.701671,5.883594,3.25,11.5,18.5,180,null
"2021-09-03T22:39:18.000Z",45.701671,5.883594,2,10.5,19,180,null
"2021-09-03T22:43:18.000Z",45.701671,5.883594,3.25,11.5,19,202.5,null
"2021-09-03T22:47:22.000Z",45.701671,5.883594,3.25,12,20,202.5,null
"2021-09-03T22:51:22.000Z",45.701671,5.883594,2.75,9.5,20,202.5,null
"2021-09-03T22:55:22.000Z",45.701671,5.883594,4.25,13.5,22.5,202.5,null
"2021-09-03T22:59:26.000Z",45.701671,5.883594,5.5,12,22,202.5,null
"2021-09-03T23:03:26.000Z",45.701671,5.883594,2.75,11,20,202.5,null
"2021-09-03T23:07:26.000Z",45.701671,5.883594,2.5,12,21,202.5,null
"2021-09-03T23:11:31.000Z",45.701671,5.883594,2,12.5,23,202.5,null
"2021-09-03T23:15:31.000Z",45.701671,5.883594,1,12.5,21,202.5,null
"2021-09-03T23:19:31.000Z",45.701671,5.883594,5.5,13,21,180,null
"2021-09-03T23:23:35.000Z",45.701671,5.883594,3.75,12,21,202.5,null
"2021-09-03T23:27:35.000Z",45.701671,5.883594,2.5,11,23,202.5,null
"2021-09-03T23:31:35.000Z",45.701671,5.883594,3.75,11,20.5,202.5,null
"2021-09-03T23:35:38.000Z",45.701671,5.883594,0.75,13,21,202.5,null
"2021-09-03T23:39:38.000Z",45.701671,5.883594,2.75,13,20.5,202.5,null
"2021-09-03T23:43:38.000Z",45.701671,5.883594,4.5,13,19.5,180,null
"2021-09-03T23:47:43.000Z",45.701671,5.883594,2.75,13.5,22,202.5,null
"2021-09-03T23:51:43.000Z",45.701671,5.883594,4.25,12.5,21,180,null
"2021-09-03T23:55:43.000Z",45.701671,5.883594,2,13,20,202.5,null
"2021-09-03T23:59:47.000Z",45.701671,5.883594,1.5,11,20,202.5,null
"2021-09-04T00:03:47.000Z",45.701671,5.883594,1.75,10,19,180,null
"2021-09-04T00:07:47.000Z",45.701671,5.883594,0,9.5,19,180,null
"2021-09-04T00:11:51.000Z",45.701671,5.883594,2.5,10.5,19.5,180,null
"2021-09-04T00:15:51.000Z",45.701671,5.883594,2.5,9.75,18,180,null
"2021-09-04T00:19:51.000Z",45.701671,5.883594,3.25,11,18,202.5,null
"2021-09-04T00:23:55.000Z",45.701671,5.883594,1,11,17,202.5,null
"2021-09-04T00:27:55.000Z",45.701671,5.883594,3.25,12,18,202.5,null
"2021-09-04T00:31:55.000Z",45.701671,5.883594,1,9.75,16.5,180,null
"2021-09-04T00:35:59.000Z",45.701671,5.883594,1.5,9.5,15.5,180,null
"2021-09-04T00:39:59.000Z",45.701671,5.883594,1.75,8.25,14.5,180,null
"2021-09-04T00:43:59.000Z",45.701671,5.883594,0.25,7,13.5,180,null
"2021-09-04T00:48:03.000Z",45.701671,5.883594,1.75,8.75,16.5,180,null
"2021-09-04T00:52:03.000Z",45.701671,5.883594,0.75,7,16,157.5,null
"2021-09-04T00:56:03.000Z",45.701671,5.883594,0,5.75,13.5,157.5,null
"2021-09-04T01:00:07.000Z",45.701671,5.883594,1,7.75,15,180,null
"2021-09-04T01:04:07.000Z",45.701671,5.883594,1,6.25,13,180,null
"2021-09-04T01:08:07.000Z",45.701671,5.883594,1,7.75,15,180,null
"2021-09-04T01:12:11.000Z",45.701671,5.883594,0.75,7.75,15.5,180,null
"2021-09-04T01:16:11.000Z",45.701671,5.883594,0.75,6,13,180,null
"2021-09-04T01:20:11.000Z",45.701671,5.883594,2,6.5,12,180,null
"2021-09-04T01:24:15.000Z",45.701671,5.883594,0,5.25,11.5,180,null
"2021-09-04T01:28:15.000Z",45.701671,5.883594,0.75,4.5,9.5,180,null
"2021-09-04T01:32:15.000Z",45.701671,5.883594,0,4,9.75,180,null
"2021-09-04T01:36:18.000Z",45.701671,5.883594,0,3,7,157.5,null
"2021-09-04T01:40:18.000Z",45.701671,5.883594,0,5,11,180,null
"2021-09-04T01:44:18.000Z",45.701671,5.883594,1,6.75,13.5,180,null
"2021-09-04T01:48:23.000Z",45.701671,5.883594,1.5,8.75,14.5,180,null
"2021-09-04T01:52:23.000Z",45.701671,5.883594,1,9,14.5,180,null
"2021-09-04T01:56:23.000Z",45.701671,5.883594,1.5,7.5,12.5,180,null
"2021-09-04T02:00:27.000Z",45.701671,5.883594,1,7.75,14.5,180,null
"2021-09-04T02:04:27.000Z",45.701671,5.883594,1.5,8,13,180,null
"2021-09-04T02:08:27.000Z",45.701671,5.883594,2.5,7.5,13.5,157.5,null
"2021-09-04T02:12:31.000Z",45.701671,5.883594,0.75,7.5,13.5,180,null
"2021-09-04T02:16:31.000Z",45.701671,5.883594,2.5,7.5,14.5,180,null
"2021-09-04T02:20:31.000Z",45.701671,5.883594,1.75,8.25,13,180,null
"2021-09-04T02:24:35.000Z",45.701671,5.883594,2,8.75,15.5,180,null
"2021-09-04T02:28:35.000Z",45.701671,5.883594,1.75,8,14.5,180,null
"2021-09-04T02:32:35.000Z",45.701671,5.883594,0.75,7.5,13,180,null
"2021-09-04T02:36:39.000Z",45.701671,5.883594,1,7,12,202.5,null
"2021-09-04T02:40:39.000Z",45.701671,5.883594,1.75,9.25,15.5,180,null
"2021-09-04T02:44:39.000Z",45.701671,5.883594,3.25,9.75,19,180,null
"2021-09-04T02:48:43.000Z",45.701671,5.883594,0,7.25,14.5,202.5,null
"2021-09-04T02:52:43.000Z",45.701671,5.883594,1.75,9.75,18.5,180,null
"2021-09-04T02:56:43.000Z",45.701671,5.883594,1.75,7.75,14.5,202.5,null
"2021-09-04T03:00:47.000Z",45.701671,5.883594,1.75,8,13.5,180,null
"2021-09-04T03:04:47.000Z",45.701671,5.883594,0,6.5,13,180,null
"2021-09-04T03:08:47.000Z",45.701671,5.883594,0.75,7.25,15.5,180,null
"2021-09-04T03:12:51.000Z",45.701671,5.883594,0.75,8.5,15.5,180,null
"2021-09-04T03:16:51.000Z",45.701671,5.883594,0.75,8,15,180,null
"2021-09-04T03:20:51.000Z",45.701671,5.883594,1.75,7,13,180,null
"2021-09-04T03:24:56.000Z",45.701671,5.883594,0.75,5.75,11,180,null
"2021-09-04T03:28:56.000Z",45.701671,5.883594,0.75,7.25,13,180,null
"2021-09-04T03:32:56.000Z",45.701671,5.883594,1.75,7.25,15.5,180,null
"2021-09-04T03:36:59.000Z",45.701671,5.883594,2.75,7,11,180,null
"2021-09-04T03:40:59.000Z",45.701671,5.883594,2.5,7,12,180,null
"2021-09-04T03:44:59.000Z",45.701671,5.883594,1,7,12,157.5,null
"2021-09-04T03:49:04.000Z",45.701671,5.883594,0,3.75,11,157.5,null
"2021-09-04T03:53:04.000Z",45.701671,5.883594,0,3.25,8.25,135,null
"2021-09-04T03:57:04.000Z",45.701671,5.883594,0.75,3,5.5,135,null
"2021-09-04T04:01:08.000Z",45.701671,5.883594,0,0.75,3.25,112.5,null
"2021-09-04T04:05:08.000Z",45.701671,5.883594,0,2.5,6.25,157.5,null
"2021-09-04T04:09:08.000Z",45.701671,5.883594,0,1.75,5.25,135,null
"2021-09-04T04:13:11.000Z",45.701671,5.883594,0,1.25,3.5,157.5,null
"2021-09-04T04:17:11.000Z",45.701671,5.883594,0,1.25,3.75,135,null
"2021-09-04T04:21:11.000Z",45.701671,5.883594,0.75,2.5,5.25,112.5,null
"2021-09-04T04:25:15.000Z",45.701671,5.883594,0,2.75,6.5,112.5,null
"2021-09-04T04:29:15.000Z",45.701671,5.883594,0,1.25,5.25,135,null
"2021-09-04T04:33:15.000Z",45.701671,5.883594,0,2.5,4.75,112.5,null
"2021-09-04T04:37:20.000Z",45.701671,5.883594,0,1.75,4.25,112.5,null
"2021-09-04T04:41:20.000Z",45.701671,5.883594,0,2,6.25,112.5,null
"2021-09-04T04:45:20.000Z",45.701671,5.883594,1.5,3,6,112.5,null
"2021-09-04T04:49:23.000Z",45.701671,5.883594,0,2.75,5.5,135,null
"2021-09-04T04:53:23.000Z",45.701671,5.883594,0.25,3,4.75,112.5,null
"2021-09-04T04:57:23.000Z",45.701671,5.883594,0,1.5,3.75,135,null
"2021-09-04T05:01:28.000Z",45.701671,5.883594,1.5,5,11,157.5,null
"2021-09-04T05:05:28.000Z",45.701671,5.883594,1.75,3.75,7,135,null
"2021-09-04T05:09:28.000Z",45.701671,5.883594,1.75,5,14,157.5,null
"2021-09-04T05:13:32.000Z",45.701671,5.883594,0.25,5,9,157.5,null
"2021-09-04T05:17:32.000Z",45.701671,5.883594,0,3.75,9.75,157.5,null
"2021-09-04T05:21:32.000Z",45.701671,5.883594,0,6.5,14.5,157.5,null
"2021-09-04T05:25:36.000Z",45.701671,5.883594,1.75,6.75,12,157.5,null
"2021-09-04T05:29:36.000Z",45.701671,5.883594,0.75,3.5,12,157.5,null
"2021-09-04T05:33:36.000Z",45.701671,5.883594,0,0.5,2.75,135,null
"2021-09-04T05:37:40.000Z",45.701671,5.883594,0,1.25,5.25,135,null
"2021-09-04T05:41:40.000Z",45.701671,5.883594,0,1,4.75,112.5,null
"2021-09-04T05:45:40.000Z",45.701671,5.883594,0,2.5,4.5,90,null
"2021-09-04T05:49:44.000Z",45.701671,5.883594,0,2.25,5.25,112.5,null
"2021-09-04T05:53:44.000Z",45.701671,5.883594,0.25,2.25,5.25,90,null
"2021-09-04T05:57:44.000Z",45.701671,5.883594,0.75,3.5,6.25,112.5,null
"2021-09-04T06:01:48.000Z",45.701671,5.883594,1.75,3.25,5.5,112.5,null
"2021-09-04T06:05:48.000Z",45.701671,5.883594,1.5,3.5,5.5,90,null
"2021-09-04T06:09:48.000Z",45.701671,5.883594,1,2.75,5.25,90,null
"2021-09-04T06:13:52.000Z",45.701671,5.883594,0.25,2.25,4.25,112.5,null
"2021-09-04T06:17:52.000Z",45.701671,5.883594,2,4.5,7,90,null
"2021-09-04T06:21:52.000Z",45.701671,5.883594,2.5,4.75,7.25,90,null
"2021-09-04T06:25:56.000Z",45.701671,5.883594,2,4.5,7,90,null
"2021-09-04T06:29:56.000Z",45.701671,5.883594,1.5,4,7,90,null
"2021-09-04T06:33:56.000Z",45.701671,5.883594,0.25,3,5.5,90,null
"2021-09-04T06:38:00.000Z",45.701671,5.883594,1.75,4.5,7.25,90,null
"2021-09-04T06:42:00.000Z",45.701671,5.883594,0,3,7,90,null
"2021-09-04T06:46:00.000Z",45.701671,5.883594,0,1.75,4.5,90,null
"2021-09-04T06:50:04.000Z",45.701671,5.883594,0,3.75,7.75,90,null
"2021-09-04T06:54:04.000Z",45.701671,5.883594,0,1.25,4.75,135,null
"2021-09-04T06:58:04.000Z",45.701671,5.883594,0,2,3.75,112.5,null
"2021-09-04T07:02:08.000Z",45.701671,5.883594,0,2,4.75,112.5,null
"2021-09-04T07:06:08.000Z",45.701671,5.883594,0,2.25,5.25,157.5,null
"2021-09-04T07:10:08.000Z",45.701671,5.883594,0,1.25,3.75,112.5,null
"2021-09-04T07:14:12.000Z",45.701671,5.883594,0,1.25,3.25,90,null
"2021-09-04T07:18:12.000Z",45.701671,5.883594,0,2,5.5,112.5,null
"2021-09-04T07:22:12.000Z",45.701671,5.883594,0,0.75,3.5,135,null
"2021-09-04T07:26:16.000Z",45.701671,5.883594,0,2.5,5.25,157.5,null
"2021-09-04T07:30:16.000Z",45.701671,5.883594,0,2.25,6.5,157.5,null
"2021-09-04T07:34:16.000Z",45.701671,5.883594,0,0.5,3.75,135,null
"2021-09-04T07:38:20.000Z",45.701671,5.883594,0,3.25,6,180,null
"2021-09-04T07:42:20.000Z",45.701671,5.883594,1,3.5,7.75,157.5,null
"2021-09-04T07:46:20.000Z",45.701671,5.883594,0,5,8.75,157.5,null
"2021-09-04T07:50:24.000Z",45.701671,5.883594,1.5,5.25,8.75,180,null
"2021-09-04T07:54:24.000Z",45.701671,5.883594,1.5,5.25,8.25,180,null
"2021-09-04T07:58:24.000Z",45.701671,5.883594,0.75,4,7.75,180,null
"2021-09-04T08:02:29.000Z",45.701671,5.883594,0,3.25,6.5,180,null
"2021-09-04T08:06:29.000Z",45.701671,5.883594,0,2.25,4.75,157.5,null
"2021-09-04T08:10:29.000Z",45.701671,5.883594,0,4,8.75,180,null
"2021-09-04T08:14:32.000Z",45.701671,5.883594,0.25,5,9.5,180,null
"2021-09-04T08:18:32.000Z",45.701671,5.883594,0.25,3.25,7.25,180,null
"2021-09-04T08:22:32.000Z",45.701671,5.883594,1.5,5.75,10,180,null
"2021-09-04T08:26:37.000Z",45.701671,5.883594,2,5.5,9,202.5,null
"2021-09-04T08:30:37.000Z",45.701671,5.883594,1.75,4.5,7,180,null
"2021-09-04T08:34:37.000Z",45.701671,5.883594,0.75,4.5,9,180,null
"2021-09-04T08:38:41.000Z",45.701671,5.883594,1.5,4.5,8,180,null
"2021-09-04T08:42:41.000Z",45.701671,5.883594,0,3.5,7.75,202.5,null
"2021-09-04T08:46:41.000Z",45.701671,5.883594,2.5,5.5,9,202.5,null
"2021-09-04T08:50:45.000Z",45.701671,5.883594,1.5,6,8.75,202.5,null
"2021-09-04T08:54:45.000Z",45.701671,5.883594,3.75,7,9.5,202.5,null
"2021-09-04T08:58:45.000Z",45.701671,5.883594,2,6.25,8.75,202.5,null
"2021-09-04T09:02:48.000Z",45.701671,5.883594,1.5,6.25,8.75,202.5,null
"2021-09-04T09:06:48.000Z",45.701671,5.883594,3.75,6.25,8,202.5,null
"2021-09-04T09:10:48.000Z",45.701671,5.883594,3.5,6.25,8.75,202.5,null
"2021-09-04T09:14:52.000Z",45.701671,5.883594,2.75,5.75,8.25,202.5,null
"2021-09-04T09:18:52.000Z",45.701671,5.883594,2,4.75,7.25,202.5,null
"2021-09-04T09:22:52.000Z",45.701671,5.883594,0.75,5,7.25,202.5,null
"2021-09-04T09:26:57.000Z",45.701671,5.883594,2.5,7.25,9.75,202.5,null
"2021-09-04T09:30:57.000Z",45.701671,5.883594,5.5,7.5,9.75,225,null
"2021-09-04T09:34:57.000Z",45.701671,5.883594,3.75,6.5,8.75,225,null
"2021-09-04T09:39:01.000Z",45.701671,5.883594,1.5,5.25,7.25,225,null
"2021-09-04T09:43:01.000Z",45.701671,5.883594,1.5,4.25,6,202.5,null
"2021-09-04T09:47:01.000Z",45.701671,5.883594,0.25,3.25,5.25,202.5,null
"2021-09-04T09:51:05.000Z",45.701671,5.883594,0,2.5,4,180,null
"2021-09-04T09:55:05.000Z",45.701671,5.883594,0,2,3.75,180,null
"2021-09-04T09:59:05.000Z",45.701671,5.883594,0,1.5,3.5,180,null
"2021-09-04T10:03:09.000Z",45.701671,5.883594,0,2,3.5,180,null
"2021-09-04T10:07:09.000Z",45.701671,5.883594,0,1,2.5,180,null
"2021-09-04T10:11:09.000Z",45.701671,5.883594,0,1,2,202.5,null
"2021-09-04T10:15:12.000Z",45.701671,5.883594,0,0.75,2.5,225,null
"2021-09-04T10:19:12.000Z",45.701671,5.883594,0,0.25,1.5,225,null
"2021-09-04T10:23:12.000Z",45.701671,5.883594,0,0,0,247.5,null
"2021-09-04T10:27:17.000Z",45.701671,5.883594,0,0,0,270,null
"2021-09-04T10:31:17.000Z",45.701671,5.883594,0,0,1.5,247.5,null
"2021-09-04T10:35:17.000Z",45.701671,5.883594,0,0.75,1.75,247.5,null
"2021-09-04T10:39:21.000Z",45.701671,5.883594,0,0.25,1.5,292.5,null
"2021-09-04T10:43:21.000Z",45.701671,5.883594,0.75,1.75,2.75,315,null
"2021-09-04T10:47:21.000Z",45.701671,5.883594,2,3.5,4.5,337.5,null
"2021-09-04T10:51:25.000Z",45.701671,5.883594,4.5,5.25,6.5,337.5,null
"2021-09-04T10:55:25.000Z",45.701671,5.883594,3.75,4.75,6,337.5,null
"2021-09-04T10:59:25.000Z",45.701671,5.883594,3.75,5.5,6.5,337.5,null
"2021-09-04T11:03:29.000Z",45.701671,5.883594,4.75,6.25,7.25,315,null
"2021-09-04T11:07:29.000Z",45.701671,5.883594,5.25,7,8.25,337.5,null
"2021-09-04T11:11:29.000Z",45.701671,5.883594,6.25,8,9,337.5,null
"2021-09-04T11:15:32.000Z",45.701671,5.883594,7.25,9,10,337.5,null
"2021-09-04T11:19:32.000Z",45.701671,5.883594,8.25,10,11.5,337.5,null
"2021-09-04T11:23:32.000Z",45.701671,5.883594,8.75,10.5,12,337.5,null
"2021-09-04T11:27:37.000Z",45.701671,5.883594,9.5,12,13,337.5,null
"2021-09-04T11:31:37.000Z",45.701671,5.883594,9.5,12,13,337.5,null
"2021-09-04T11:35:37.000Z",45.701671,5.883594,9.75,11,13,337.5,null
"2021-09-04T11:39:41.000Z",45.701671,5.883594,8,10,11.5,337.5,null
"2021-09-04T11:43:41.000Z",45.701671,5.883594,7.75,9.25,10.5,337.5,null
"2021-09-04T11:47:41.000Z",45.701671,5.883594,7,8.75,9.75,337.5,null
"2021-09-04T11:51:45.000Z",45.701671,5.883594,6.5,8,9.75,337.5,null
"2021-09-04T11:55:45.000Z",45.701671,5.883594,4.75,7.25,8.25,315,null
"2021-09-04T11:59:45.000Z",45.701671,5.883594,6,7,8,337.5,null
"2021-09-04T12:03:49.000Z",45.701671,5.883594,5.25,6.25,7.25,337.5,null
"2021-09-04T12:07:49.000Z",45.701671,5.883594,6.25,7.25,8,315,null
"2021-09-04T12:11:49.000Z",45.701671,5.883594,6.5,8.25,9.75,315,null
"2021-09-04T12:15:53.000Z",45.701671,5.883594,7,8.5,9.75,315,null
"2021-09-04T12:19:53.000Z",45.701671,5.883594,7.25,8.5,9.75,315,null
"2021-09-04T12:23:53.000Z",45.701671,5.883594,7,8.75,9.5,315,null
"2021-09-04T12:27:58.000Z",45.701671,5.883594,6.5,7.75,8.75,315,null
"2021-09-04T12:31:58.000Z",45.701671,5.883594,6.5,7.75,8.75,315,null
"2021-09-04T12:35:58.000Z",45.701671,5.883594,6.5,7.75,8.75,315,null
"2021-09-04T12:28:02.000Z",45.701671,5.883594,6.5,7.75,8.75,315,null
"2021-09-04T12:32:02.000Z",45.701671,5.883594,6.5,7.75,8.75,315,null
"2021-09-04T12:36:02.000Z",45.701671,5.883594,6.5,7.75,8.75,315,null
"2021-09-04T12:40:01.000Z",45.701671,5.883594,6.5,7.5,8.25,315,null
"2021-09-04T12:44:01.000Z",45.701671,5.883594,7,7.75,8.75,315,null
"2021-09-04T12:48:01.000Z",45.701671,5.883594,5.25,7.25,8.25,315,null
"2021-09-04T12:52:06.000Z",45.701671,5.883594,6.25,7.25,8.25,315,null
"2021-09-04T12:56:06.000Z",45.701671,5.883594,6.5,8,8.75,315,null
"2021-09-04T13:00:06.000Z",45.701671,5.883594,6,8,9,292.5,null
"2021-09-04T13:04:10.000Z",45.701671,5.883594,7,8.75,9.75,292.5,null
"2021-09-04T13:08:10.000Z",45.701671,5.883594,6.5,8.25,9.5,315,null
"2021-09-04T13:12:10.000Z",45.701671,5.883594,7,8,9,315,null
"2021-09-04T13:16:13.000Z",45.701671,5.883594,6.25,8,9.5,315,null
"2021-09-04T13:20:13.000Z",45.701671,5.883594,5.5,7.25,8.25,315,null
"2021-09-04T13:24:13.000Z",45.701671,5.883594,6,7.5,8.75,337.5,null
"2021-09-04T13:28:17.000Z",45.701671,5.883594,7.25,8.75,9.75,337.5,null
"2021-09-04T13:32:17.000Z",45.701671,5.883594,7.25,8.5,9.75,337.5,null
"2021-09-04T13:36:17.000Z",45.701671,5.883594,7,8.5,9.5,315,null
"2021-09-04T13:40:21.000Z",45.701671,5.883594,5.5,7.25,8.75,337.5,null
"2021-09-04T13:44:21.000Z",45.701671,5.883594,6.5,7.5,8.25,315,null
"2021-09-04T13:48:21.000Z",45.701671,5.883594,6.25,8.5,10,315,null
"2021-09-04T13:52:26.000Z",45.701671,5.883594,7,8.25,9.75,315,null
"2021-09-04T13:56:26.000Z",45.701671,5.883594,6.5,7.5,9,315,null
"2021-09-04T14:00:26.000Z",45.701671,5.883594,6.25,7.25,8,315,null
"2021-09-04T14:04:29.000Z",45.701671,5.883594,5.5,7,8,315,null
"2021-09-04T14:08:29.000Z",45.701671,5.883594,4.75,6,7.25,337.5,null
"2021-09-04T14:12:29.000Z",45.701671,5.883594,2.5,5,6,337.5,null
"2021-09-04T14:16:33.000Z",45.701671,5.883594,2,3,3.75,337.5,null
"2021-09-04T14:20:33.000Z",45.701671,5.883594,2,3.25,4.25,337.5,null
"2021-09-04T14:24:33.000Z",45.701671,5.883594,3.75,5,6.25,315,null
"2021-09-04T14:28:38.000Z",45.701671,5.883594,4.5,5.5,6.25,292.5,null
"2021-09-04T14:32:38.000Z",45.701671,5.883594,3.75,5,6.25,292.5,null
"2021-09-04T14:36:38.000Z",45.701671,5.883594,4.5,5.25,6,292.5,null
"2021-09-04T14:40:41.000Z",45.701671,5.883594,4.25,5,6,292.5,null
"2021-09-04T14:44:41.000Z",45.701671,5.883594,2.75,3.75,4.5,292.5,null
"2021-09-04T14:48:41.000Z",45.701671,5.883594,2.5,3,3.5,292.5,null
"2021-09-04T14:56:41.000Z",45.701374,5.883223,1.75,2.5,3.25,270,null
"2021-09-04T15:00:41.000Z",45.701374,5.883223,2,2.75,3.25,247.5,null
"2021-09-04T15:04:41.000Z",45.701374,5.883223,1.75,2.25,3.25,225,null
"2021-09-04T15:08:44.000Z",45.701374,5.883223,2,2.5,3.5,225,null
"2021-09-04T15:12:44.000Z",45.701374,5.883223,0,1.5,2.75,225,null
"2021-09-04T15:16:44.000Z",45.701374,5.883223,0.25,1.75,3.5,202.5,null
"2021-09-04T15:20:48.000Z",45.701374,5.883223,0.25,2.5,4.25,180,null
"2021-09-04T15:24:48.000Z",45.701374,5.883223,0,2.25,4.25,202.5,null
"2021-09-04T15:28:48.000Z",45.701374,5.883223,0.75,3,4.5,180,null
"2021-09-04T15:32:53.000Z",45.701374,5.883223,1.5,3,4.5,180,null
"2021-09-04T15:36:53.000Z",45.701374,5.883223,0,1,3.5,180,null
"2021-09-04T15:40:53.000Z",45.701374,5.883223,1,3,4.5,180,null
"2021-09-04T15:45:31.000Z",45.701374,5.883223,0,1.25,3.75,180,null
"2021-09-04T15:49:31.000Z",45.701374,5.883223,0,2.5,3.75,225,null
"2021-09-04T15:53:31.000Z",45.701633,5.88354,1,2.5,4.25,270,null
"2021-09-04T15:57:35.000Z",45.701633,5.88354,2,3.5,6,315,null
"2021-09-04T16:01:35.000Z",45.701633,5.88354,2,5,7,337.5,null
"2021-09-04T16:05:35.000Z",45.701633,5.88354,5.25,6,6.5,337.5,null
"2021-09-04T16:09:39.000Z",45.701633,5.88354,5.25,6,6.5,337.5,null
"2021-09-04T16:13:39.000Z",45.701633,5.88354,4.75,6,7,337.5,null
"2021-09-04T16:17:39.000Z",45.701633,5.88354,5.5,6.5,7.25,337.5,null
"2021-09-04T16:21:43.000Z",45.701633,5.88354,6,7.25,8,315,null
"2021-09-04T16:25:43.000Z",45.701633,5.88354,6.25,7.25,8.75,315,null
"2021-09-04T16:29:43.000Z",45.701633,5.88354,5.25,6.5,8.25,315,null
"2021-09-04T16:33:47.000Z",45.701633,5.88354,5.25,6.25,7.25,292.5,null
"2021-09-04T16:37:47.000Z",45.701633,5.88354,5.25,6.5,7.25,292.5,null
"2021-09-04T16:41:47.000Z",45.701633,5.88354,4.25,5.5,6.5,292.5,null
"2021-09-04T16:45:51.000Z",45.701633,5.88354,3.5,4.25,5.5,292.5,null
"2021-09-04T16:49:51.000Z",45.701633,5.88354,3.5,4,4.75,292.5,null
"2021-09-04T16:53:51.000Z",45.701633,5.88354,3.5,4.25,4.75,292.5,null
"2021-09-04T16:57:55.000Z",45.701633,5.88354,2.75,3.75,4.75,292.5,null
"2021-09-04T17:01:55.000Z",45.701633,5.88354,1.75,2.75,3.75,292.5,null
"2021-09-04T17:05:55.000Z",45.701633,5.88354,1,2,3.25,292.5,null
"2021-09-04T17:09:59.000Z",45.701633,5.88354,1.5,2,3.25,315,null
"2021-09-04T17:13:59.000Z",45.701633,5.88354,1.5,2.5,3.5,337.5,null
"2021-09-04T17:17:59.000Z",45.701633,5.88354,3.25,3.5,4.25,337.5,null
"2021-09-04T17:22:04.000Z",45.701633,5.88354,2.75,4.25,5.5,337.5,null
"2021-09-04T17:26:04.000Z",45.701633,5.88354,2.75,4.5,6,315,null
"2021-09-04T17:30:04.000Z",45.701633,5.88354,2.75,3.25,3.75,315,null
"2021-09-04T17:34:07.000Z",45.701633,5.88354,3.25,3.75,4.5,315,null
"2021-09-04T17:38:07.000Z",45.701633,5.88354,2.75,3.75,4.75,315,null
"2021-09-04T17:42:07.000Z",45.701633,5.88354,3.25,4.25,4.75,315,null
"2021-09-04T17:46:11.000Z",45.701633,5.88354,3.75,5.25,6.25,315,null
"2021-09-04T17:50:11.000Z",45.701633,5.88354,2.75,4.5,6,315,null
"2021-09-04T17:54:11.000Z",45.701633,5.88354,0,1.5,3.25,337.5,null
"2021-09-04T17:58:16.000Z",45.701633,5.88354,0,1.25,2.5,67.5,null
"2021-09-04T18:02:16.000Z",45.701633,5.88354,0,0.25,1.75,67.5,null
"2021-09-04T18:06:16.000Z",45.701633,5.88354,0,3.25,5.5,0,null
"2021-09-04T18:10:20.000Z",45.701633,5.88354,2,3.5,4.75,22.5,null
"2021-09-04T18:14:20.000Z",45.701633,5.88354,1.5,3,4.75,45,null
"2021-09-04T18:18:20.000Z",45.701633,5.88354,0.75,2.25,4.25,67.5,null
"2021-09-04T18:22:23.000Z",45.701633,5.88354,0,0.75,2,22.5,null
"2021-09-04T18:26:23.000Z",45.701633,5.88354,0,0.75,2,22.5,null
"2021-09-04T18:30:23.000Z",45.701633,5.88354,0,0.75,1.75,45,null
"2021-09-04T18:34:28.000Z",45.701633,5.88354,0,0.25,2,135,null
"2021-09-04T18:38:28.000Z",45.701633,5.88354,0,1.25,2.5,135,null
"2021-09-04T18:42:28.000Z",45.701633,5.88354,0,0,1,67.5,null
"2021-09-04T18:46:32.000Z",45.701633,5.88354,0,0,0,157.5,null
"2021-09-04T18:50:32.000Z",45.701633,5.88354,0,1.5,2.75,180,null
"2021-09-04T18:54:32.000Z",45.701633,5.88354,0.25,1.5,2,202.5,null
"2021-09-04T18:58:36.000Z",45.701633,5.88354,0,0.75,1.75,180,null
"2021-09-04T19:02:36.000Z",45.701633,5.88354,0,0,1.5,135,null
"2021-09-04T19:06:36.000Z",45.701633,5.88354,0,0.25,1.75,157.5,null
"2021-09-04T19:10:40.000Z",45.701633,5.88354,2,3,4.75,135,null
"2021-09-04T19:14:40.000Z",45.701633,5.88354,1.5,2.25,3.25,135,null
"2021-09-04T19:18:40.000Z",45.701633,5.88354,0.75,2.5,4.5,112.5,null
"2021-09-04T19:22:43.000Z",45.701633,5.88354,1.75,3.25,5.5,112.5,null
"2021-09-04T19:26:43.000Z",45.701633,5.88354,0.25,2.5,3.75,135,null
"2021-09-04T19:30:43.000Z",45.701633,5.88354,0,1,3.75,112.5,null
"2021-09-04T19:34:48.000Z",45.701633,5.88354,1.5,3.25,4.75,157.5,null
"2021-09-04T19:38:48.000Z",45.701633,5.88354,0.75,2.25,4.25,135,null
"2021-09-04T19:42:48.000Z",45.701633,5.88354,0.25,2,4.25,135,null
"2021-09-04T19:46:52.000Z",45.701633,5.88354,1,2.25,3.75,112.5,null
"2021-09-04T19:50:52.000Z",45.701633,5.88354,0.75,1.75,2.75,135,null
"2021-09-04T19:54:52.000Z",45.701633,5.88354,0.75,2,3.5,90,null
"2021-09-04T19:58:55.000Z",45.701633,5.88354,1,3.25,4.75,90,null
"2021-09-04T20:02:55.000Z",45.701633,5.88354,1.5,3,5.25,67.5,null
"2021-09-04T20:06:55.000Z",45.701633,5.88354,2.75,4.5,7,90,null
"2021-09-04T20:11:00.000Z",45.701633,5.88354,0.25,2.25,5.75,112.5,null
"2021-09-04T20:15:00.000Z",45.701633,5.88354,0.25,1.75,3.25,112.5,null
"2021-09-04T20:19:00.000Z",45.701633,5.88354,1,3.25,5.25,112.5,null
"2021-09-04T20:23:04.000Z",45.701633,5.88354,1.75,4,6,135,null
"2021-09-04T20:27:04.000Z",45.701633,5.88354,1.75,3,3.75,90,null
"2021-09-04T20:31:04.000Z",45.701633,5.88354,0.25,1.75,3.25,67.5,null
"2021-09-04T20:35:08.000Z",45.701633,5.88354,0.75,2.25,3.25,90,null
"2021-09-04T20:39:08.000Z",45.701633,5.88354,0,1.75,2.75,112.5,null
"2021-09-04T20:43:08.000Z",45.701633,5.88354,0,0.5,2,90,null
"2021-09-04T20:47:12.000Z",45.701633,5.88354,1.75,3.25,4.5,90,null
"2021-09-04T20:51:12.000Z",45.701633,5.88354,2.5,3.5,5.25,90,null
"2021-09-04T20:55:12.000Z",45.701633,5.88354,2.5,4.5,6.5,90,null
"2021-09-04T20:59:16.000Z",45.701633,5.88354,1.5,3.5,6,90,null
"2021-09-04T21:03:16.000Z",45.701633,5.88354,2,3.5,4.75,90,null
"2021-09-04T21:07:16.000Z",45.701633,5.88354,0,1.5,3.25,90,null
"2021-09-04T21:11:20.000Z",45.701633,5.88354,0.25,1.25,1.75,90,null
"2021-09-04T21:15:20.000Z",45.701633,5.88354,0,1,1.75,90,null
"2021-09-04T21:19:20.000Z",45.701633,5.88354,0,0,0.25,67.5,null
"2021-09-04T21:23:23.000Z",45.701633,5.88354,0,0,0,67.5,null
"2021-09-04T21:27:23.000Z",45.701633,5.88354,0,0.75,2,112.5,null
"2021-09-04T21:31:23.000Z",45.701633,5.88354,1.5,2.75,3.75,135,null
"2021-09-04T21:35:28.000Z",45.701633,5.88354,0.75,2.5,4.5,112.5,null
"2021-09-04T21:39:28.000Z",45.701633,5.88354,1.75,3.25,5.5,90,null
"2021-09-04T21:43:28.000Z",45.701633,5.88354,1,3,5.5,90,null
"2021-09-04T21:47:32.000Z",45.701633,5.88354,2.75,4.75,7.25,112.5,null
"2021-09-04T21:51:32.000Z",45.701633,5.88354,2,4.25,7.25,135,null
"2021-09-04T21:55:32.000Z",45.701633,5.88354,2,4.25,6.25,112.5,null
"2021-09-04T21:59:36.000Z",45.701633,5.88354,3.5,5.25,7,112.5,null
"2021-09-04T22:03:36.000Z",45.701633,5.88354,2.75,4.25,7.75,112.5,null
"2021-09-04T22:07:36.000Z",45.701633,5.88354,3.25,5.25,7.75,90,null
"2021-09-04T22:11:41.000Z",45.701633,5.88354,2.5,4,5.5,90,null
"2021-09-04T22:15:41.000Z",45.701633,5.88354,1.5,4,5.5,90,null
"2021-09-04T22:19:41.000Z",45.701633,5.88354,2.5,3.5,4.5,90,null
"2021-09-04T22:23:44.000Z",45.701633,5.88354,2.5,3.5,4.75,90,null
"2021-09-04T22:27:44.000Z",45.701633,5.88354,2.75,5.25,7,90,null
"2021-09-04T22:31:44.000Z",45.701633,5.88354,2,4.5,6.5,90,null
"2021-09-04T22:35:49.000Z",45.701633,5.88354,1.75,3.25,4.25,112.5,null
"2021-09-04T22:39:49.000Z",45.701633,5.88354,1.5,3.25,5.25,112.5,null
"2021-09-04T22:43:49.000Z",45.701633,5.88354,2.75,4.5,6,112.5,null
"2021-09-04T22:47:52.000Z",45.701633,5.88354,2.75,5.25,8.25,112.5,null
"2021-09-04T22:51:52.000Z",45.701633,5.88354,3.25,4.5,6.25,112.5,null
"2021-09-04T22:55:52.000Z",45.701633,5.88354,3.25,4.5,6.25,112.5,null
"2021-09-04T22:59:56.000Z",45.701633,5.88354,1.75,4,6.25,112.5,null
"2021-09-04T23:03:56.000Z",45.701633,5.88354,1.5,2.75,4.25,112.5,null
"2021-09-04T23:07:56.000Z",45.701633,5.88354,0.75,2.5,4.5,90,null
"2021-09-04T23:12:01.000Z",45.701633,5.88354,2,3.75,6,67.5,null
"2021-09-04T23:16:01.000Z",45.701633,5.88354,1.75,4.25,6,90,null
"2021-09-04T23:20:01.000Z",45.701633,5.88354,1.5,3.25,6,90,null
"2021-09-04T23:24:04.000Z",45.701633,5.88354,1.5,2.5,3.5,112.5,null
"2021-09-04T23:28:04.000Z",45.701633,5.88354,2.5,3.5,4.75,90,null
"2021-09-04T23:32:04.000Z",45.701633,5.88354,1.75,4,5.5,90,null
"2021-09-04T23:36:08.000Z",45.701633,5.88354,2.5,3.5,5.25,112.5,null
"2021-09-04T23:40:08.000Z",45.701633,5.88354,2.75,4,5.25,135,null
"2021-09-04T23:44:08.000Z",45.701633,5.88354,2,3.5,5.5,112.5,null
"2021-09-04T23:48:12.000Z",45.701633,5.88354,2.5,3.75,5.5,112.5,null
"2021-09-04T23:52:12.000Z",45.701633,5.88354,2.5,4.25,5.5,135,null
"2021-09-04T23:56:12.000Z",45.701633,5.88354,2.5,4.25,6,112.5,null
"2021-09-05T00:00:17.000Z",45.701633,5.88354,2,3.5,5.5,112.5,null
"2021-09-05T00:04:17.000Z",45.701633,5.88354,1.5,3.25,5.5,112.5,null
"2021-09-05T00:08:17.000Z",45.701633,5.88354,2.5,3.75,4.75,112.5,null
"2021-09-05T00:12:21.000Z",45.701633,5.88354,1.75,4.75,6.5,135,null
"2021-09-05T00:16:21.000Z",45.701633,5.88354,3.5,5.5,7.75,135,null
"2021-09-05T00:20:21.000Z",45.701633,5.88354,2.75,5.25,7.25,135,null
"2021-09-05T00:24:25.000Z",45.701633,5.88354,2.5,4.25,5.5,135,null
"2021-09-05T00:28:25.000Z",45.701633,5.88354,1.5,4,7.75,112.5,null
"2021-09-05T00:32:25.000Z",45.701633,5.88354,2,3.5,6.5,112.5,null
"2021-09-05T00:36:28.000Z",45.701633,5.88354,0.75,3.75,6,112.5,null
"2021-09-05T00:40:28.000Z",45.701633,5.88354,2,4,6.5,112.5,null
"2021-09-05T00:44:28.000Z",45.701633,5.88354,1,4.25,6.5,112.5,null
"2021-09-05T00:48:33.000Z",45.701633,5.88354,2,4.75,7.75,112.5,null
"2021-09-05T00:52:33.000Z",45.701633,5.88354,2.5,4.25,7,112.5,null
"2021-09-05T00:56:33.000Z",45.701633,5.88354,1.75,4.5,7.25,112.5,null
"2021-09-05T01:00:37.000Z",45.701633,5.88354,2.5,4.75,8.25,112.5,null
"2021-09-05T01:04:37.000Z",45.701633,5.88354,2.5,5,7.75,90,null
"2021-09-05T01:08:37.000Z",45.701633,5.88354,2,4.5,7.25,90,null
"2021-09-05T01:12:41.000Z",45.701633,5.88354,1.5,3.75,6,90,null
"2021-09-05T01:16:41.000Z",45.701633,5.88354,2,4.25,6,90,null
"2021-09-05T01:20:41.000Z",45.701633,5.88354,1.75,3.75,6,90,null
"2021-09-05T01:24:44.000Z",45.701633,5.88354,1.5,2.75,3.75,112.5,null
"2021-09-05T01:28:44.000Z",45.701633,5.88354,1.75,3.5,5.5,135,null
"2021-09-05T01:32:44.000Z",45.701633,5.88354,2,4,6.25,90,null
"2021-09-05T01:36:49.000Z",45.701633,5.88354,1.5,2.75,4.25,90,null
"2021-09-05T01:40:49.000Z",45.701633,5.88354,1,2.5,4.5,90,null
"2021-09-05T01:44:49.000Z",45.701633,5.88354,1.5,4,6,90,null
"2021-09-05T01:48:52.000Z",45.701633,5.88354,1,2.75,4.5,90,null
"2021-09-05T01:52:52.000Z",45.701633,5.88354,0.75,2.25,4.25,90,null
"2021-09-05T01:56:52.000Z",45.701633,5.88354,2,3.5,6,90,null
"2021-09-05T02:00:56.000Z",45.701633,5.88354,2,4.75,8,90,null
"2021-09-05T02:04:56.000Z",45.701633,5.88354,3.25,5.25,7.25,90,null
"2021-09-05T02:08:56.000Z",45.701633,5.88354,3.25,5.25,7.75,90,null
"2021-09-05T02:13:01.000Z",45.701633,5.88354,1.75,3.5,5.25,90,null
"2021-09-05T02:17:01.000Z",45.701633,5.88354,2.5,4,6,90,null
"2021-09-05T02:21:01.000Z",45.701633,5.88354,2.5,3.5,4.75,90,null
"2021-09-05T02:25:05.000Z",45.701633,5.88354,2,2.75,4.25,90,null
"2021-09-05T02:29:05.000Z",45.701633,5.88354,0.75,2.25,3.25,90,null
"2021-09-05T02:33:05.000Z",45.701633,5.88354,1.5,2,2.75,112.5,null
"2021-09-05T02:37:09.000Z",45.701633,5.88354,1.75,2.75,3.75,90,null
"2021-09-05T02:41:09.000Z",45.701633,5.88354,2,3.25,3.75,90,null
"2021-09-05T02:45:09.000Z",45.701633,5.88354,0.25,2.25,3.5,90,null
"2021-09-05T02:49:13.000Z",45.701633,5.88354,1,3,6,112.5,null
"2021-09-05T02:53:13.000Z",45.701633,5.88354,2,3.25,4.75,112.5,null
"2021-09-05T02:57:13.000Z",45.701633,5.88354,2,4.25,7,112.5,null
"2021-09-05T03:01:18.000Z",45.701633,5.88354,2.75,4.75,6.5,112.5,null
"2021-09-05T03:05:18.000Z",45.701633,5.88354,2.5,4.5,6.25,112.5,null
"2021-09-05T03:09:18.000Z",45.701633,5.88354,2,4.25,7,112.5,null
"2021-09-05T03:13:21.000Z",45.701633,5.88354,1.5,3.5,6,112.5,null
"2021-09-05T03:17:21.000Z",45.701633,5.88354,2.5,4.75,7.25,112.5,null
"2021-09-05T03:21:21.000Z",45.701633,5.88354,3.25,5,7.75,112.5,null
"2021-09-05T03:25:25.000Z",45.701633,5.88354,3.75,6.25,8.75,90,null
"2021-09-05T03:29:25.000Z",45.701633,5.88354,2.5,6,9,90,null
"2021-09-05T03:33:25.000Z",45.701633,5.88354,2.5,4.75,7,112.5,null
"2021-09-05T03:37:29.000Z",45.701633,5.88354,2.5,4.75,7.25,112.5,null
"2021-09-05T03:41:29.000Z",45.701633,5.88354,3.25,5,8.75,112.5,null
"2021-09-05T03:45:29.000Z",45.701633,5.88354,2.5,4.5,7.25,112.5,null
"2021-09-05T03:49:33.000Z",45.701633,5.88354,2.5,5,7.25,112.5,null
"2021-09-05T03:53:33.000Z",45.701633,5.88354,1.75,4.75,7.75,112.5,null
"2021-09-05T03:57:33.000Z",45.701633,5.88354,1,4,7,135,null
"2021-09-05T04:01:37.000Z",45.701633,5.88354,1.5,4,7,135,null
"2021-09-05T04:05:37.000Z",45.701633,5.88354,2,4.75,7.75,112.5,null
"2021-09-05T04:09:37.000Z",45.701633,5.88354,2.75,4.25,8,112.5,null
"2021-09-05T04:13:42.000Z",45.701633,5.88354,2,5,7,135,null
"2021-09-05T04:17:42.000Z",45.701633,5.88354,1.75,5,7.75,112.5,null
"2021-09-05T04:21:42.000Z",45.701633,5.88354,2,4.25,6,112.5,null
"2021-09-05T04:25:45.000Z",45.701633,5.88354,1.75,4.25,7,112.5,null
"2021-09-05T04:29:45.000Z",45.701633,5.88354,1.5,3.75,6.5,112.5,null
"2021-09-05T04:33:45.000Z",45.701633,5.88354,1.5,3.5,6,112.5,null
"2021-09-05T04:37:50.000Z",45.701633,5.88354,2,3.75,6.5,112.5,null
"2021-09-05T04:41:50.000Z",45.701633,5.88354,2,4.25,7,112.5,null
"2021-09-05T04:45:50.000Z",45.701633,5.88354,0.75,3.5,6.25,112.5,null
"2021-09-05T04:49:53.000Z",45.701633,5.88354,2,4,7.25,112.5,null
"2021-09-05T04:53:53.000Z",45.701633,5.88354,1.5,3.75,7.25,112.5,null
"2021-09-05T04:57:53.000Z",45.701633,5.88354,2.75,4.75,7,112.5,null
"2021-09-05T05:01:58.000Z",45.701633,5.88354,2,5,7.25,112.5,null
"2021-09-05T05:05:58.000Z",45.701633,5.88354,2.5,4.5,6.5,112.5,null
"2021-09-05T05:09:58.000Z",45.701633,5.88354,1,3.25,6.25,112.5,null
"2021-09-05T05:14:01.000Z",45.701633,5.88354,2,4,6.5,112.5,null
"2021-09-05T05:18:01.000Z",45.701633,5.88354,1.5,4,6.5,112.5,null
"2021-09-05T05:22:01.000Z",45.701633,5.88354,1.75,4.5,8,112.5,null
"2021-09-05T05:26:06.000Z",45.701633,5.88354,1,3.5,9,135,null
"2021-09-05T05:30:06.000Z",45.701633,5.88354,1,4,7.25,135,null
"2021-09-05T05:34:06.000Z",45.701633,5.88354,1,4.25,8.75,112.5,null
"2021-09-05T05:38:09.000Z",45.701633,5.88354,0,2.75,7,112.5,null
"2021-09-05T05:42:09.000Z",45.701633,5.88354,0,1.25,4.5,135,null
"2021-09-05T05:46:09.000Z",45.701633,5.88354,0,2.25,6,157.5,null
"2021-09-05T05:50:14.000Z",45.701633,5.88354,0.25,4,8.25,135,null
"2021-09-05T05:54:14.000Z",45.701633,5.88354,0,3.5,10,157.5,null
"2021-09-05T05:58:14.000Z",45.701633,5.88354,0,3.25,9,157.5,null
"2021-09-05T06:02:18.000Z",45.701633,5.88354,0.25,3,6.25,157.5,null
"2021-09-05T06:06:18.000Z",45.701633,5.88354,0,2,4.75,135,null
"2021-09-05T06:10:18.000Z",45.701633,5.88354,1.5,4,8,135,null
"2021-09-05T06:14:22.000Z",45.701633,5.88354,1,3,5.25,112.5,null
"2021-09-05T06:18:22.000Z",45.701633,5.88354,0.25,1.75,3.75,157.5,null
"2021-09-05T06:22:22.000Z",45.701633,5.88354,0,1.25,2.5,112.5,null
"2021-09-05T06:26:26.000Z",45.701633,5.88354,0,1.25,4.5,90,null
"2021-09-05T06:30:26.000Z",45.701633,5.88354,0,0.5,2.5,90,null
"2021-09-05T06:34:26.000Z",45.701633,5.88354,0,0,0,112.5,null
"2021-09-05T06:38:29.000Z",45.701633,5.88354,0,0,0,22.5,null
"2021-09-05T06:42:29.000Z",45.701633,5.88354,0,0,0,135,null
"2021-09-05T06:46:29.000Z",45.701633,5.88354,0,0,0,135,null
"2021-09-05T06:50:34.000Z",45.701633,5.88354,0,0,1,112.5,null
"2021-09-05T06:54:34.000Z",45.701633,5.88354,0,1,4.5,135,null
"2021-09-05T06:58:34.000Z",45.701633,5.88354,0,3.25,7,112.5,null
"2021-09-05T07:02:38.000Z",45.701633,5.88354,1,4,7.25,112.5,null
"2021-09-05T07:06:38.000Z",45.701633,5.88354,1.5,4.5,8,112.5,null
"2021-09-05T07:10:38.000Z",45.701633,5.88354,0.25,3.75,7.75,112.5,null
"2021-09-05T07:14:42.000Z",45.701633,5.88354,0,1.75,7,112.5,null
"2021-09-05T07:18:42.000Z",45.701633,5.88354,0.25,3,7,135,null
"2021-09-05T07:22:42.000Z",45.701633,5.88354,0.75,4,8.75,135,null
"2021-09-05T07:26:47.000Z",45.701633,5.88354,0,2.5,7.25,135,null
"2021-09-05T07:30:47.000Z",45.701633,5.88354,0.25,3.5,10.5,112.5,null
"2021-09-05T07:34:47.000Z",45.701633,5.88354,0,3.25,9.75,135,null
"2021-09-05T07:38:51.000Z",45.701633,5.88354,0,3,7.25,157.5,null
"2021-09-05T07:42:51.000Z",45.701633,5.88354,0,3.25,8,135,null
"2021-09-05T07:46:51.000Z",45.701633,5.88354,0,3.25,6.5,180,null
"2021-09-05T07:50:55.000Z",45.701633,5.88354,0,5,9.5,180,null
"2021-09-05T07:54:55.000Z",45.701633,5.88354,0,4.5,7.75,180,null
"2021-09-05T07:58:55.000Z",45.701633,5.88354,0.75,5,9,180,null
"2021-09-05T08:02:58.000Z",45.701633,5.88354,0,5.75,9.5,202.5,null
"2021-09-05T08:06:58.000Z",45.701633,5.88354,3.25,7,9.5,225,null
"2021-09-05T08:10:58.000Z",45.701633,5.88354,3.5,8.25,10.5,202.5,null
"2021-09-05T08:15:02.000Z",45.701633,5.88354,4.75,8.25,10,225,null
"2021-09-05T08:19:02.000Z",45.701633,5.88354,3.75,7,10,202.5,null
"2021-09-05T08:23:02.000Z",45.701633,5.88354,0.75,5.25,8.75,202.5,null
"2021-09-05T08:27:06.000Z",45.701633,5.88354,1,5.25,8.25,202.5,null
"2021-09-05T08:31:06.000Z",45.701633,5.88354,0.25,4.5,8.75,202.5,null
"2021-09-05T08:35:06.000Z",45.701633,5.88354,1.5,5,8,202.5,null
"2021-09-05T08:39:10.000Z",45.701633,5.88354,1,5,9,202.5,null
"2021-09-05T08:43:10.000Z",45.701633,5.88354,0.25,4.5,8.25,202.5,null
"2021-09-05T08:47:10.000Z",45.701633,5.88354,1.75,5,9,202.5,null
"2021-09-05T08:51:14.000Z",45.701633,5.88354,0.75,4,8,180,null
"2021-09-05T08:55:14.000Z",45.701633,5.88354,1,5,8.25,180,null
"2021-09-05T08:59:14.000Z",45.701633,5.88354,1,5.75,9.5,180,null
"2021-09-05T09:03:18.000Z",45.701633,5.88354,3.25,7,9.5,180,null
"2021-09-05T09:07:18.000Z",45.701633,5.88354,2.75,6.5,9.75,180,null
"2021-09-05T09:11:18.000Z",45.701633,5.88354,1.5,7,10.5,180,null
"2021-09-05T09:15:22.000Z",45.701633,5.88354,0.75,7.25,11,180,null
"2021-09-05T09:19:22.000Z",45.701633,5.88354,1.75,5.75,9.5,202.5,null
"2021-09-05T09:23:22.000Z",45.701633,5.88354,2.75,6,9,202.5,null
"2021-09-05T09:27:27.000Z",45.701633,5.88354,1.5,4.25,7,202.5,null
"2021-09-05T09:31:27.000Z",45.701633,5.88354,0.25,3.75,7.25,202.5,null
"2021-09-05T09:35:27.000Z",45.701633,5.88354,0.75,3.5,7.25,202.5,null
"2021-09-05T09:39:30.000Z",45.701633,5.88354,0.75,3.5,7,202.5,null
"2021-09-05T09:43:30.000Z",45.701633,5.88354,0.75,4.75,8,202.5,null
"2021-09-05T09:47:30.000Z",45.701633,5.88354,1,4.25,8,202.5,null
"2021-09-05T09:51:35.000Z",45.701633,5.88354,2.5,5.5,7.75,202.5,null
"2021-09-05T09:55:35.000Z",45.701633,5.88354,1.75,5,8.25,202.5,null
"2021-09-05T09:59:35.000Z",45.701633,5.88354,0.25,3.25,7,202.5,null
"2021-09-05T10:03:38.000Z",45.701633,5.88354,0,5.25,8,202.5,null
"2021-09-05T10:07:38.000Z",45.701633,5.88354,3.25,6.25,7.75,202.5,null
"2021-09-05T10:11:38.000Z",45.701633,5.88354,1.75,4.5,7.75,202.5,null
"2021-09-05T10:15:42.000Z",45.701633,5.88354,0.75,4.25,7,202.5,null
"2021-09-05T10:19:42.000Z",45.701633,5.88354,0.75,2.5,4.5,202.5,null
"2021-09-05T10:23:42.000Z",45.701633,5.88354,2.5,4.5,6,202.5,null
"2021-09-05T10:27:47.000Z",45.701633,5.88354,3.75,4.75,5.25,225,null
"2021-09-05T10:31:47.000Z",45.701633,5.88354,3.25,4.25,5.25,225,null
"2021-09-05T10:35:47.000Z",45.701633,5.88354,2.75,3.75,4.5,247.5,null
"2021-09-05T10:39:50.000Z",45.701633,5.88354,3.25,4,4.75,247.5,null
"2021-09-05T10:43:50.000Z",45.701633,5.88354,2,2.75,3.5,247.5,null
"2021-09-05T10:47:50.000Z",45.701633,5.88354,2.5,2.75,3.5,247.5,null
"2021-09-05T10:51:54.000Z",45.701633,5.88354,1,2.25,3.25,247.5,null
"2021-09-05T10:55:54.000Z",45.701633,5.88354,0,1,1.75,247.5,null
"2021-09-05T10:59:54.000Z",45.701633,5.88354,0.25,2,3.25,270,null
"2021-09-05T11:03:59.000Z",45.701633,5.88354,3.25,4,5.25,270,null
"2021-09-05T11:07:59.000Z",45.701633,5.88354,3.25,4.25,4.75,292.5,null
"2021-09-05T11:11:59.000Z",45.701633,5.88354,3.75,5,6,292.5,null
"2021-09-05T11:16:03.000Z",45.701633,5.88354,3.5,4.5,5.5,292.5,null
"2021-09-05T11:20:03.000Z",45.701633,5.88354,3.5,4.5,5.5,292.5,null
"2021-09-05T11:24:03.000Z",45.701633,5.88354,4.25,5.25,6.25,292.5,null
"2021-09-05T11:28:07.000Z",45.701633,5.88354,4.5,5.5,6.25,292.5,null
"2021-09-05T11:32:07.000Z",45.701633,5.88354,4.25,5.5,6.25,315,null
"2021-09-05T11:36:07.000Z",45.701633,5.88354,5.25,6.5,7.25,315,null
"2021-09-05T11:40:11.000Z",45.701633,5.88354,4.75,6,7.25,315,null
"2021-09-05T11:44:11.000Z",45.701633,5.88354,4.5,5.75,6.5,315,null
"2021-09-05T11:48:11.000Z",45.701633,5.88354,3.5,5.25,6.5,315,null
"2021-09-05T11:52:15.000Z",45.701633,5.88354,4.5,5.75,7,315,null
"2021-09-05T11:56:15.000Z",45.701633,5.88354,4.5,5.5,7,337.5,null
"2021-09-05T12:00:15.000Z",45.701633,5.88354,3.75,5.25,6,337.5,null
"2021-09-05T12:04:19.000Z",45.701633,5.88354,3.25,4.75,5.5,337.5,null
"2021-09-05T12:08:19.000Z",45.701633,5.88354,3.25,4.5,5.5,337.5,null
"2021-09-05T12:12:19.000Z",45.701633,5.88354,3.75,5.25,6.25,337.5,null
"2021-09-05T12:16:23.000Z",45.701633,5.88354,4.25,5.5,6.5,315,null
"2021-09-05T12:20:23.000Z",45.701633,5.88354,4.75,6,7.25,315,null
"2021-09-05T12:24:23.000Z",45.701633,5.88354,4.5,6.25,7.75,315,null
"2021-09-05T12:28:27.000Z",45.701633,5.88354,4.5,5.75,7.25,315,null
"2021-09-05T12:32:27.000Z",45.701633,5.88354,6.25,7.5,8.25,315,null
"2021-09-05T12:36:27.000Z",45.701633,5.88354,6.5,7.5,8.75,315,null
"2021-09-05T12:40:31.000Z",45.701633,5.88354,6.5,8.5,9.5,315,null
"2021-09-05T12:44:31.000Z",45.701633,5.88354,6.5,7.5,8.75,315,null
"2021-09-05T12:48:31.000Z",45.701633,5.88354,6.25,7.25,8,315,null
"2021-09-05T12:52:35.000Z",45.701633,5.88354,5.5,7.25,8,315,null
"2021-09-05T12:56:35.000Z",45.701633,5.88354,4.25,5.5,7,337.5,null
"2021-09-05T13:00:35.000Z",45.701633,5.88354,3.75,5,6.25,337.5,null
"2021-09-05T13:04:39.000Z",45.701633,5.88354,3.75,5,6,337.5,null
"2021-09-05T13:08:39.000Z",45.701633,5.88354,3.25,4,4.75,337.5,null
"2021-09-05T13:12:39.000Z",45.701633,5.88354,3.5,4.75,6,337.5,null
"2021-09-05T13:16:44.000Z",45.701633,5.88354,4,5,6.25,315,null
"2021-09-05T13:20:44.000Z",45.701633,5.88354,2.75,4.5,5.5,315,null
"2021-09-05T13:24:44.000Z",45.701633,5.88354,3.5,6.25,8.75,315,null
"2021-09-05T13:28:47.000Z",45.701633,5.88354,6.25,8.25,9.5,315,null
"2021-09-05T13:32:47.000Z",45.701633,5.88354,7,9,10,315,null
"2021-09-05T13:36:47.000Z",45.701633,5.88354,8,9.75,11,315,null
"2021-09-05T13:40:52.000Z",45.701633,5.88354,7.75,9.5,11,315,null
"2021-09-05T13:44:52.000Z",45.701633,5.88354,6,7,8.25,315,null
"2021-09-05T13:48:52.000Z",45.701633,5.88354,5.5,7.25,9,315,null
"2021-09-05T13:52:55.000Z",45.701633,5.88354,7,9.25,10,315,null
"2021-09-05T13:56:55.000Z",45.701633,5.88354,6,8.25,10,315,null
"2021-09-05T14:00:55.000Z",45.701633,5.88354,7.25,9,11,315,null
"2021-09-05T14:04:59.000Z",45.701633,5.88354,7.25,9.25,10,315,null
"2021-09-05T14:08:59.000Z",45.701633,5.88354,7,7.75,8.25,315,null
"2021-09-05T14:12:59.000Z",45.701633,5.88354,6.5,8,9,315,null
"2021-09-05T14:17:04.000Z",45.701633,5.88354,6.25,7.5,8.25,315,null
"2021-09-05T14:21:04.000Z",45.701633,5.88354,5.5,6.75,7.75,315,null
"2021-09-05T14:25:04.000Z",45.701633,5.88354,6,7.25,8.25,315,null
"2021-09-05T14:29:08.000Z",45.701633,5.88354,6.25,7.5,8.5,337.5,null
"2021-09-05T14:33:08.000Z",45.701633,5.88354,5.5,7.25,8.25,337.5,null
"2021-09-05T14:37:08.000Z",45.701633,5.88354,6.25,7.25,8.25,315,null
"2021-09-05T14:41:11.000Z",45.701633,5.88354,7.25,9,9.75,315,null
"2021-09-05T14:45:11.000Z",45.701633,5.88354,7.25,8.75,9.5,315,null
"2021-09-05T14:49:11.000Z",45.701633,5.88354,8,8.5,9.5,315,null
"2021-09-05T14:57:15.000Z",45.701631,5.883489,7.25,8.25,9,337.5,null
"2021-09-05T15:01:15.000Z",45.701631,5.883489,7.75,8.25,9,337.5,null
"2021-09-05T15:05:15.000Z",45.701631,5.883489,7,7.75,8.25,315,null
"2021-09-05T15:09:19.000Z",45.701631,5.883489,7,8.25,9,315,null
"2021-09-05T15:13:19.000Z",45.701631,5.883489,7,7.75,8.75,315,null
"2021-09-05T15:17:19.000Z",45.701631,5.883489,5.5,7,7.75,315,null
"2021-09-05T15:21:23.000Z",45.701631,5.883489,6.25,7,7.75,337.5,null
"2021-09-05T15:25:23.000Z",45.701631,5.883489,6.25,6.75,7.75,0,null
"2021-09-05T15:29:23.000Z",45.701631,5.883489,6.25,7,7.25,337.5,null
"2021-09-05T15:33:27.000Z",45.701631,5.883489,6.5,7.5,9,337.5,null
"2021-09-05T15:37:27.000Z",45.701631,5.883489,6,7.5,9.5,0,null
"2021-09-05T15:41:27.000Z",45.701631,5.883489,6.5,7.5,8,0,null
"2021-09-05T15:46:17.000Z",45.701631,5.883489,7.25,7.75,8.75,0,null
"2021-09-05T15:50:17.000Z",45.701631,5.883489,6.5,8.5,11.5,0,null
"2021-09-05T15:54:17.000Z",45.70167,5.883482,7,9.75,13,337.5,null
"2021-09-05T15:58:21.000Z",45.70167,5.883482,12,14.5,18,337.5,null
"2021-09-05T16:02:21.000Z",45.70167,5.883482,14.5,16.5,20,337.5,null
"2021-09-05T16:06:21.000Z",45.70167,5.883482,15.5,19,24.5,337.5,null
"2021-09-05T16:10:25.000Z",45.70167,5.883482,16.5,20,23.5,0,null
"2021-09-05T16:14:25.000Z",45.70167,5.883482,10.5,16.5,22,0,null
"2021-09-05T16:18:25.000Z",45.70167,5.883482,9,13.5,18,0,null
"2021-09-05T16:22:29.000Z",45.70167,5.883482,8.75,13,17.5,22.5,null
"2021-09-05T16:26:29.000Z",45.70167,5.883482,10.5,15.5,21,0,null
"2021-09-05T16:30:29.000Z",45.70167,5.883482,9,14.5,20,0,null
"2021-09-05T16:34:33.000Z",45.70167,5.883482,9.5,12.5,15,22.5,null
"2021-09-05T16:38:33.000Z",45.70167,5.883482,7,10.5,13.5,22.5,null
"2021-09-05T16:42:33.000Z",45.70167,5.883482,4.75,9,13,22.5,null
"2021-09-05T16:46:37.000Z",45.70167,5.883482,4.25,8.5,12,22.5,null
"2021-09-05T16:50:37.000Z",45.70167,5.883482,3.25,8.25,12,45,null
"2021-09-05T16:54:37.000Z",45.70167,5.883482,5.25,9.25,12.5,45,null
"2021-09-05T16:58:41.000Z",45.70167,5.883482,6.25,10,13.5,22.5,null
"2021-09-05T17:02:41.000Z",45.70167,5.883482,4.75,9.25,13.5,22.5,null
"2021-09-05T17:06:41.000Z",45.70167,5.883482,4.5,9,15,22.5,null
"2021-09-05T17:10:45.000Z",45.70167,5.883482,5.5,10,16.5,22.5,null
"2021-09-05T17:14:45.000Z",45.70167,5.883482,3.5,8.75,13,22.5,null
"2021-09-05T17:18:45.000Z",45.70167,5.883482,4.5,8.5,13,45,null
"2021-09-05T17:22:49.000Z",45.70167,5.883482,6,10,15.5,22.5,null
"2021-09-05T17:26:49.000Z",45.70167,5.883482,7.75,12,16.5,0,null
"2021-09-05T17:30:49.000Z",45.70167,5.883482,7,11.5,15,0,null
"2021-09-05T17:34:54.000Z",45.70167,5.883482,5.5,10,15.5,22.5,null
"2021-09-05T17:38:54.000Z",45.70167,5.883482,4.75,8.5,13,22.5,null
"2021-09-05T17:42:54.000Z",45.70167,5.883482,7.25,11.5,13.5,0,null
"2021-09-05T17:46:58.000Z",45.70167,5.883482,6.5,9.75,13,0,null
"2021-09-05T17:50:58.000Z",45.70167,5.883482,6,8.5,11,0,null
"2021-09-05T17:54:58.000Z",45.70167,5.883482,5.5,8.5,10.5,0,null
"2021-09-05T17:59:02.000Z",45.70167,5.883482,7,9.25,12,22.5,null
"2021-09-05T18:03:02.000Z",45.70167,5.883482,3.25,6.75,11.5,22.5,null
"2021-09-05T18:07:02.000Z",45.70167,5.883482,3.5,6.25,9.5,22.5,null
"2021-09-05T18:11:05.000Z",45.70167,5.883482,2.75,5.5,8.25,45,null
"2021-09-05T18:15:05.000Z",45.70167,5.883482,3.75,5.25,6.5,22.5,null
"2021-09-05T18:19:05.000Z",45.70167,5.883482,1.75,4,5.5,22.5,null
"2021-09-05T18:23:10.000Z",45.70167,5.883482,0.75,2.75,4.75,45,null
"2021-09-05T18:27:10.000Z",45.70167,5.883482,1,3.25,5.5,45,null
"2021-09-05T18:31:10.000Z",45.70167,5.883482,2.5,4.25,7,22.5,null
"2021-09-05T18:35:13.000Z",45.70167,5.883482,1.75,4.25,6,22.5,null
"2021-09-05T18:39:13.000Z",45.70167,5.883482,1,3.5,5.5,45,null
"2021-09-05T18:43:13.000Z",45.70167,5.883482,0,1.75,3.5,67.5,null
"2021-09-05T18:47:17.000Z",45.70167,5.883482,0,2,3.75,0,null
"2021-09-05T18:51:17.000Z",45.70167,5.883482,1.75,3,3.75,337.5,null
"2021-09-05T18:55:17.000Z",45.70167,5.883482,1.75,2.75,4.5,22.5,null
"2021-09-05T18:59:21.000Z",45.70167,5.883482,1,2.5,3.75,22.5,null
"2021-09-05T19:03:21.000Z",45.70167,5.883482,1.75,3,4.5,45,null
"2021-09-05T19:07:21.000Z",45.70167,5.883482,1.75,2.5,3.75,67.5,null
"2021-09-05T19:11:26.000Z",45.70167,5.883482,1.5,3.25,5.25,67.5,null
"2021-09-05T19:15:26.000Z",45.70167,5.883482,1.5,3,4.5,67.5,null
"2021-09-05T19:19:26.000Z",45.70167,5.883482,1.5,2.75,4.5,90,null
"2021-09-05T19:23:30.000Z",45.70167,5.883482,0,2.25,4,90,null
"2021-09-05T19:27:30.000Z",45.70167,5.883482,0,1.5,3.75,90,null
"2021-09-05T19:31:30.000Z",45.70167,5.883482,0,0.25,2.5,90,null
"2021-09-05T19:35:34.000Z",45.70167,5.883482,1.75,3,4.25,90,null
"2021-09-05T19:39:34.000Z",45.70167,5.883482,1.5,2.5,4.25,112.5,null
"2021-09-05T19:43:34.000Z",45.70167,5.883482,2.5,3.25,4.25,112.5,null
"2021-09-05T19:47:37.000Z",45.70167,5.883482,0.75,3,6,135,null
"2021-09-05T19:51:37.000Z",45.70167,5.883482,2.75,4.75,6.5,135,null
"2021-09-05T19:55:37.000Z",45.70167,5.883482,1.75,3.5,6,157.5,null
"2021-09-05T19:59:42.000Z",45.70167,5.883482,2,3.5,5.5,135,null
"2021-09-05T20:03:42.000Z",45.70167,5.883482,2,5.25,7,112.5,null
"2021-09-05T20:07:42.000Z",45.70167,5.883482,2,4.25,6.5,112.5,null
"2021-09-05T20:11:46.000Z",45.70167,5.883482,2,4.75,7.25,90,null
"2021-09-05T20:15:46.000Z",45.70167,5.883482,3.5,5,7,90,null
"2021-09-05T20:19:46.000Z",45.70167,5.883482,2,4.75,7.25,112.5,null
"2021-09-05T20:23:49.000Z",45.70167,5.883482,2.5,3.5,5.5,112.5,null
"2021-09-05T20:27:49.000Z",45.70167,5.883482,3.25,4.5,6.5,90,null
"2021-09-05T20:31:49.000Z",45.70167,5.883482,3.25,5.25,7,90,null
"2021-09-05T20:35:54.000Z",45.70167,5.883482,2,3.5,6.25,112.5,null
"2021-09-05T20:39:54.000Z",45.70167,5.883482,2.5,5.5,7.75,90,null
"2021-09-05T20:43:54.000Z",45.70167,5.883482,4.25,6.25,8.25,90,null
"2021-09-05T20:47:58.000Z",45.70167,5.883482,3.5,6.5,9,90,null
"2021-09-05T20:51:58.000Z",45.70167,5.883482,4.25,6.25,8.75,90,null
"2021-09-05T20:55:58.000Z",45.70167,5.883482,3.5,6.25,9.75,90,null
"2021-09-05T21:00:02.000Z",45.70167,5.883482,2.75,4.75,9,90,null
"2021-09-05T21:04:02.000Z",45.70167,5.883482,2.5,4.5,7,90,null
"2021-09-05T21:08:02.000Z",45.70167,5.883482,2,4.5,7.25,90,null
"2021-09-05T21:12:06.000Z",45.70167,5.883482,2.75,5.25,8,90,null
"2021-09-05T21:16:06.000Z",45.70167,5.883482,4.25,5.75,7.25,90,null
"2021-09-05T21:20:06.000Z",45.70167,5.883482,1.75,3,6.5,112.5,null
"2021-09-05T21:24:10.000Z",45.70167,5.883482,1,3.75,6.5,112.5,null
"2021-09-05T21:28:10.000Z",45.70167,5.883482,3.25,6,9,90,null
"2021-09-05T21:32:10.000Z",45.70167,5.883482,2.5,4,7.25,90,null
"2021-09-05T21:36:14.000Z",45.70167,5.883482,2,4,6,67.5,null
"2021-09-05T21:40:14.000Z",45.70167,5.883482,1.75,3.25,5.5,90,null
"2021-09-05T21:44:14.000Z",45.70167,5.883482,2.5,3.5,4.5,90,null
"2021-09-05T21:48:18.000Z",45.70167,5.883482,1.75,3.5,4.75,90,null
"2021-09-05T21:52:18.000Z",45.70167,5.883482,1.75,3.75,4.75,90,null
"2021-09-05T21:56:18.000Z",45.70167,5.883482,0.25,2.75,4.5,90,null
"2021-09-05T22:00:22.000Z",45.70167,5.883482,0.25,2,3.5,112.5,null
"2021-09-05T22:04:22.000Z",45.70167,5.883482,0.25,2.75,4.5,112.5,null
"2021-09-05T22:08:22.000Z",45.70167,5.883482,1,2.5,3.75,90,null
"2021-09-05T22:12:26.000Z",45.70167,5.883482,1.5,3.5,5.25,90,null
"2021-09-05T22:16:26.000Z",45.70167,5.883482,2,3.75,5.25,90,null
"2021-09-05T22:20:26.000Z",45.70167,5.883482,2.5,4.5,9.75,112.5,null
"2021-09-05T22:24:30.000Z",45.70167,5.883482,2.75,6,10.5,112.5,null
"2021-09-05T22:28:30.000Z",45.70167,5.883482,2,4.5,8.25,112.5,null
"2021-09-05T22:32:30.000Z",45.70167,5.883482,2.5,5.25,8.75,112.5,null
"2021-09-05T22:36:34.000Z",45.70167,5.883482,2.75,5.5,8,112.5,null
"2021-09-05T22:40:34.000Z",45.70167,5.883482,3.5,5.25,7.75,112.5,null
"2021-09-05T22:44:34.000Z",45.70167,5.883482,3.5,5.5,8.75,112.5,null
"2021-09-05T22:48:39.000Z",45.70167,5.883482,0,2.75,5.5,135,null
"2021-09-05T22:52:39.000Z",45.70167,5.883482,0.25,3.5,7.75,157.5,null
"2021-09-05T22:56:39.000Z",45.70167,5.883482,0,1.75,4.5,135,null
"2021-09-05T23:00:42.000Z",45.70167,5.883482,1,3,5.25,180,null
"2021-09-05T23:04:42.000Z",45.70167,5.883482,3.5,5.75,8,180,null
"2021-09-05T23:08:42.000Z",45.70167,5.883482,0.25,4,7,157.5,null
"2021-09-05T23:12:47.000Z",45.70167,5.883482,0.25,2.5,6,135,null
"2021-09-05T23:16:47.000Z",45.70167,5.883482,1.5,4,7.75,135,null
"2021-09-05T23:20:47.000Z",45.70167,5.883482,0.75,3.75,7.25,135,null
"2021-09-05T23:24:51.000Z",45.70167,5.883482,0,4,10.5,135,null
"2021-09-05T23:28:51.000Z",45.70167,5.883482,0,4.25,9,112.5,null
"2021-09-05T23:32:51.000Z",45.70167,5.883482,0,5.25,11,112.5,null
"2021-09-05T23:36:54.000Z",45.70167,5.883482,1.75,5.25,8.25,112.5,null
"2021-09-05T23:40:54.000Z",45.70167,5.883482,1,4.5,8.25,112.5,null
"2021-09-05T23:44:54.000Z",45.70167,5.883482,2.75,6,9.75,135,null
"2021-09-05T23:48:58.000Z",45.70167,5.883482,2.75,5.25,10.5,135,null
"2021-09-05T23:52:58.000Z",45.70167,5.883482,0.25,3.5,7,135,null
"2021-09-05T23:56:58.000Z",45.70167,5.883482,1.75,3.5,5.5,135,null
"2021-09-06T00:01:03.000Z",45.70167,5.883482,2.75,5,8,135,null
"2021-09-06T00:05:03.000Z",45.70167,5.883482,1.75,4.5,8.25,135,null
"2021-09-06T00:09:03.000Z",45.70167,5.883482,1,5,10.5,157.5,null
"2021-09-06T00:13:06.000Z",45.70167,5.883482,2.75,5.5,8,157.5,null
"2021-09-06T00:17:06.000Z",45.70167,5.883482,2,5,8.75,157.5,null
"2021-09-06T00:21:06.000Z",45.70167,5.883482,0.75,4.75,9,135,null
"2021-09-06T00:25:11.000Z",45.70167,5.883482,0.75,2.75,5.5,157.5,null
"2021-09-06T00:29:11.000Z",45.70167,5.883482,1.75,5,9.5,157.5,null
"2021-09-06T00:33:11.000Z",45.70167,5.883482,0,4.5,8.25,135,null
"2021-09-06T00:37:14.000Z",45.70167,5.883482,1.75,4.75,7.75,157.5,null
"2021-09-06T00:41:14.000Z",45.70167,5.883482,0,3.25,8,135,null
"2021-09-06T00:45:14.000Z",45.70167,5.883482,1.5,4.75,8.75,135,null
"2021-09-06T00:49:19.000Z",45.70167,5.883482,0,4.25,10,135,null
"2021-09-06T00:53:19.000Z",45.70167,5.883482,1.75,4.75,11.5,135,null
"2021-09-06T00:57:19.000Z",45.70167,5.883482,0.25,4.25,11,135,null
"2021-09-06T01:01:23.000Z",45.70167,5.883482,0.25,5,11,112.5,null
"2021-09-06T01:05:23.000Z",45.70167,5.883482,0,5.5,11,112.5,null
"2021-09-06T01:09:23.000Z",45.70167,5.883482,0,5,11.5,112.5,null
"2021-09-06T01:13:27.000Z",45.70167,5.883482,0.75,3.75,7.75,135,null
"2021-09-06T01:17:27.000Z",45.70167,5.883482,1.75,4,7.75,112.5,null
"2021-09-06T01:21:27.000Z",45.70167,5.883482,1.75,4.75,8.25,135,null
"2021-09-06T01:25:31.000Z",45.70167,5.883482,2.5,5,9,135,null
"2021-09-06T01:29:31.000Z",45.70167,5.883482,2,5.25,10,112.5,null
"2021-09-06T01:33:31.000Z",45.70167,5.883482,2,5.75,13.5,112.5,null
"2021-09-06T01:37:35.000Z",45.70167,5.883482,2.5,5.25,8.5,135,null
"2021-09-06T01:41:35.000Z",45.70167,5.883482,2,5,10,157.5,null
"2021-09-06T01:45:35.000Z",45.70167,5.883482,0.75,5.25,9.5,157.5,null
"2021-09-06T01:49:39.000Z",45.70167,5.883482,2.5,5,9,135,null
"2021-09-06T01:53:39.000Z",45.70167,5.883482,0.75,3.75,8.25,135,null
"2021-09-06T01:57:39.000Z",45.70167,5.883482,0,4.25,10,135,null
"2021-09-06T02:01:42.000Z",45.70167,5.883482,1.5,4.75,9.5,112.5,null
"2021-09-06T02:05:42.000Z",45.70167,5.883482,2.75,6,9.75,135,null
"2021-09-06T02:09:42.000Z",45.70167,5.883482,2.5,5.25,8,112.5,null
"2021-09-06T02:13:47.000Z",45.70167,5.883482,1.75,6.25,12,112.5,null
"2021-09-06T02:17:47.000Z",45.70167,5.883482,2.5,6.5,10,112.5,null
"2021-09-06T02:21:47.000Z",45.70167,5.883482,1.5,5.5,11.5,112.5,null
"2021-09-06T02:25:51.000Z",45.70167,5.883482,3.5,7.75,13,90,null
"2021-09-06T02:29:51.000Z",45.70167,5.883482,2,7.25,12.5,90,null
"2021-09-06T02:33:51.000Z",45.70167,5.883482,2,8,13,90,null
"2021-09-06T02:37:55.000Z",45.70167,5.883482,1.75,5.5,9.75,112.5,null
"2021-09-06T02:41:55.000Z",45.70167,5.883482,2.75,7.5,12.5,90,null
"2021-09-06T02:45:55.000Z",45.70167,5.883482,1.75,8,13.5,112.5,null
"2021-09-06T02:50:00.000Z",45.70167,5.883482,1,5,9,135,null
"2021-09-06T02:54:00.000Z",45.70167,5.883482,0.25,4.5,7.75,135,null
"2021-09-06T02:58:00.000Z",45.70167,5.883482,0.75,5.5,11,135,null
"2021-09-06T03:02:03.000Z",45.70167,5.883482,2.75,5.75,10,135,null
"2021-09-06T03:06:03.000Z",45.70167,5.883482,2.75,6.75,15,112.5,null
"2021-09-06T03:10:03.000Z",45.70167,5.883482,3.25,6.75,14,90,null
"2021-09-06T03:14:07.000Z",45.70167,5.883482,2.5,6.5,11.5,112.5,null
"2021-09-06T03:18:07.000Z",45.70167,5.883482,2.5,5.25,9,135,null
"2021-09-06T03:22:07.000Z",45.70167,5.883482,3.25,5.75,9.75,112.5,null
"2021-09-06T03:26:11.000Z",45.70167,5.883482,2.5,5.5,8,112.5,null
"2021-09-06T03:30:11.000Z",45.70167,5.883482,1.5,5,8.75,112.5,null
"2021-09-06T03:34:11.000Z",45.70167,5.883482,1.5,4,6.5,112.5,null
"2021-09-06T03:38:16.000Z",45.70167,5.883482,0.25,3.5,6.25,135,null
"2021-09-06T03:42:16.000Z",45.70167,5.883482,1,4,10.5,135,null
"2021-09-06T03:46:16.000Z",45.70167,5.883482,0,3.25,8.75,112.5,null
"2021-09-06T03:50:20.000Z",45.70167,5.883482,0.75,4.5,10,135,null
"2021-09-06T03:54:20.000Z",45.70167,5.883482,0,4.25,9.75,135,null
"2021-09-06T03:58:20.000Z",45.70167,5.883482,2.75,6.25,12,157.5,null
"2021-09-06T04:02:23.000Z",45.70167,5.883482,2.5,6,11,157.5,null
"2021-09-06T04:06:23.000Z",45.70167,5.883482,0.75,6,11,157.5,null
"2021-09-06T04:10:23.000Z",45.70167,5.883482,0,4,10.5,135,null
"2021-09-06T04:14:28.000Z",45.70167,5.883482,0,2.25,6.25,135,null
"2021-09-06T04:18:28.000Z",45.70167,5.883482,0.75,5.5,11.5,135,null
"2021-09-06T04:22:28.000Z",45.70167,5.883482,0,5.5,12,135,null
"2021-09-06T04:26:32.000Z",45.70167,5.883482,0.25,6.25,16.5,135,null
"2021-09-06T04:30:32.000Z",45.70167,5.883482,0.25,5.75,15.5,90,null
"2021-09-06T04:34:32.000Z",45.70167,5.883482,0,4.75,11.5,112.5,null
"2021-09-06T04:38:35.000Z",45.70167,5.883482,0,4.5,10,157.5,null
"2021-09-06T04:42:35.000Z",45.70167,5.883482,0.25,5,12,135,null
"2021-09-06T04:46:35.000Z",45.70167,5.883482,0,4,11.5,135,null
"2021-09-06T04:50:40.000Z",45.70167,5.883482,0,2.25,7,135,null
"2021-09-06T04:54:40.000Z",45.70167,5.883482,0,3,10,112.5,null
"2021-09-06T04:58:40.000Z",45.70167,5.883482,0,4.25,12.5,90,null
"2021-09-06T05:02:44.000Z",45.70167,5.883482,1.75,5.25,13.5,112.5,null
"2021-09-06T05:06:44.000Z",45.70167,5.883482,0,4.5,8.25,112.5,null
"2021-09-06T05:10:44.000Z",45.70167,5.883482,2,6,12,112.5,null
"2021-09-06T05:14:47.000Z",45.70167,5.883482,1.5,5.25,11,112.5,null
"2021-09-06T05:18:47.000Z",45.70167,5.883482,0,4.75,11,135,null
"2021-09-06T05:22:47.000Z",45.70167,5.883482,0.25,4.5,11,112.5,null
"2021-09-06T05:26:52.000Z",45.70167,5.883482,0.25,3,8.5,135,null
"2021-09-06T05:30:52.000Z",45.70167,5.883482,0.25,3.75,9.5,135,null
"2021-09-06T05:34:52.000Z",45.70167,5.883482,0.25,5,13,157.5,null
"2021-09-06T05:38:56.000Z",45.70167,5.883482,0,5,13,135,null
"2021-09-06T05:42:56.000Z",45.70167,5.883482,0.25,5,10.5,135,null
"2021-09-06T05:46:56.000Z",45.70167,5.883482,0.25,6,14,112.5,null
"2021-09-06T05:51:00.000Z",45.70167,5.883482,1.5,4.5,9.75,135,null
"2021-09-06T05:55:00.000Z",45.70167,5.883482,0,3.25,12,135,null
"2021-09-06T05:59:00.000Z",45.70167,5.883482,0.25,4.25,9,157.5,null
"2021-09-06T06:03:03.000Z",45.70167,5.883482,1,4.25,9.5,157.5,null
"2021-09-06T06:07:03.000Z",45.70167,5.883482,1.5,5.75,11.5,157.5,null
"2021-09-06T06:11:03.000Z",45.70167,5.883482,1,4.25,8,157.5,null
"2021-09-06T06:15:08.000Z",45.70167,5.883482,0,5.25,8.75,157.5,null
"2021-09-06T06:19:08.000Z",45.70167,5.883482,2.5,5.75,11,157.5,null
"2021-09-06T06:23:08.000Z",45.70167,5.883482,1,5.75,11,157.5,null
"2021-09-06T06:27:12.000Z",45.70167,5.883482,0.75,6,11,157.5,null
"2021-09-06T06:31:12.000Z",45.70167,5.883482,1,7,12.5,180,null
"2021-09-06T06:35:12.000Z",45.70167,5.883482,1,6,11,180,null
"2021-09-06T06:39:16.000Z",45.70167,5.883482,1,5.75,13,157.5,null
"2021-09-06T06:43:16.000Z",45.70167,5.883482,2,8.75,16,180,null
"2021-09-06T06:47:16.000Z",45.70167,5.883482,2,6.75,14,157.5,null
"2021-09-06T06:51:20.000Z",45.70167,5.883482,2.75,8.75,14,180,null
"2021-09-06T06:55:20.000Z",45.70167,5.883482,3.5,10,16,180,null
"2021-09-06T06:59:20.000Z",45.70167,5.883482,1.5,8.75,13,180,null
"2021-09-06T07:03:24.000Z",45.70167,5.883482,1.5,7.75,13.5,180,null
"2021-09-06T07:07:24.000Z",45.70167,5.883482,2.75,7.5,12,157.5,null
"2021-09-06T07:11:24.000Z",45.70167,5.883482,0.25,7,13,157.5,null
"2021-09-06T07:15:29.000Z",45.70167,5.883482,2.5,6.25,9.75,157.5,null
"2021-09-06T07:19:29.000Z",45.70167,5.883482,4.25,7.5,11,180,null
"2021-09-06T07:23:29.000Z",45.70167,5.883482,2.75,7.75,11,180,null
"2021-09-06T07:27:32.000Z",45.70167,5.883482,0.25,6,12,157.5,null
"2021-09-06T07:31:32.000Z",45.70167,5.883482,0.75,5.75,10.5,180,null
"2021-09-06T07:35:32.000Z",45.70167,5.883482,0,6.25,12,180,null
"2021-09-06T07:39:36.000Z",45.70167,5.883482,0,4.75,11,180,null
"2021-09-06T07:43:36.000Z",45.70167,5.883482,2.5,6.25,10.5,180,null
"2021-09-06T07:47:36.000Z",45.70167,5.883482,0,4.25,9.75,157.5,null
"2021-09-06T07:51:40.000Z",45.70167,5.883482,0.25,5.5,8.75,180,null
"2021-09-06T07:55:40.000Z",45.70167,5.883482,0.25,5.75,9.75,180,null
"2021-09-06T07:59:40.000Z",45.70167,5.883482,0,3.5,7.75,180,null
"2021-09-06T08:03:44.000Z",45.70167,5.883482,0,5.25,10.5,202.5,null
"2021-09-06T08:07:44.000Z",45.70167,5.883482,1,5.25,9.75,202.5,null
"2021-09-06T08:11:44.000Z",45.70167,5.883482,1.5,6.75,10,180,null
"2021-09-06T08:15:49.000Z",45.70167,5.883482,0.25,5,9.75,180,null
"2021-09-06T08:19:49.000Z",45.70167,5.883482,0,5.75,11,180,null
"2021-09-06T08:23:49.000Z",45.70167,5.883482,2.75,7.75,11,180,null
"2021-09-06T08:27:52.000Z",45.70167,5.883482,2,7.25,12,180,null
"2021-09-06T08:31:52.000Z",45.70167,5.883482,3.25,7.75,10.5,180,null
"2021-09-06T08:35:52.000Z",45.70167,5.883482,3.5,7.5,10,202.5,null
"2021-09-06T08:39:57.000Z",45.70167,5.883482,0.25,5.25,9,202.5,null
"2021-09-06T08:43:57.000Z",45.70167,5.883482,0.25,3.75,8,202.5,null
"2021-09-06T08:47:57.000Z",45.70167,5.883482,0.75,4,8.75,202.5,null
"2021-09-06T08:52:00.000Z",45.70167,5.883482,0.25,3.75,7.75,202.5,null
"2021-09-06T08:56:00.000Z",45.70167,5.883482,1.5,5.5,9.5,202.5,null
"2021-09-06T09:00:00.000Z",45.70167,5.883482,0,3.75,8.25,202.5,null
"2021-09-06T09:04:05.000Z",45.70167,5.883482,0.75,4.75,8.25,180,null
"2021-09-06T09:08:05.000Z",45.70167,5.883482,1,5.5,8.25,180,null
"2021-09-06T09:12:05.000Z",45.70167,5.883482,1.75,6.25,8.75,180,null
"2021-09-06T09:16:09.000Z",45.70167,5.883482,1.75,6.5,9.5,202.5,null
"2021-09-06T09:20:09.000Z",45.70167,5.883482,2.5,6.25,9.5,202.5,null
"2021-09-06T09:24:09.000Z",45.70167,5.883482,1,5.5,9.5,202.5,null
"2021-09-06T09:28:12.000Z",45.70167,5.883482,2,5.75,9,202.5,null
"2021-09-06T09:32:12.000Z",45.70167,5.883482,2.75,6.25,9.5,180,null
"2021-09-06T09:36:12.000Z",45.70167,5.883482,1.5,5.25,8.75,202.5,null
"2021-09-06T09:40:16.000Z",45.70167,5.883482,1.75,5.25,8,202.5,null
"2021-09-06T09:44:16.000Z",45.70167,5.883482,0,4.75,8.25,202.5,null
"2021-09-06T09:48:16.000Z",45.70167,5.883482,1.5,5,8,202.5,null
"2021-09-06T09:52:21.000Z",45.70167,5.883482,0.25,4,7.25,202.5,null
"2021-09-06T09:56:21.000Z",45.70167,5.883482,1,4.5,8,202.5,null
"2021-09-06T10:00:21.000Z",45.70167,5.883482,0,2,6.5,202.5,null
"2021-09-06T10:04:25.000Z",45.70167,5.883482,0,3,7,202.5,null
"2021-09-06T10:08:25.000Z",45.70167,5.883482,1.5,4,7.75,202.5,null
"2021-09-06T10:12:25.000Z",45.70167,5.883482,1.75,5.5,8.25,202.5,null
"2021-09-06T10:16:29.000Z",45.70167,5.883482,2.75,6.25,8.75,202.5,null
"2021-09-06T10:20:29.000Z",45.70167,5.883482,0,4.25,7,202.5,null
"2021-09-06T10:24:29.000Z",45.70167,5.883482,0,2.25,6,202.5,null
"2021-09-06T10:28:33.000Z",45.70167,5.883482,0,2.75,5.25,180,null
"2021-09-06T10:32:33.000Z",45.70167,5.883482,0.75,2.75,4.75,180,null
"2021-09-06T10:36:33.000Z",45.70167,5.883482,0,2,4.25,180,null
"2021-09-06T10:40:37.000Z",45.70167,5.883482,0,2,4.5,180,null
"2021-09-06T10:44:37.000Z",45.70167,5.883482,1.5,3,4.25,180,null
"2021-09-06T10:48:37.000Z",45.70167,5.883482,0.25,2.25,3.75,202.5,null
"2021-09-06T10:52:41.000Z",45.70167,5.883482,2,3,4.25,225,null
"2021-09-06T10:56:41.000Z",45.70167,5.883482,2,2.75,3.5,247.5,null
"2021-09-06T11:00:41.000Z",45.70167,5.883482,2,2.75,3.75,247.5,null
"2021-09-06T11:04:45.000Z",45.70167,5.883482,1,1.75,2.75,270,null
"2021-09-06T11:08:45.000Z",45.70167,5.883482,1.5,2,2.75,270,null
"2021-09-06T11:12:45.000Z",45.70167,5.883482,1.5,2.5,5.25,292.5,null
"2021-09-06T11:16:49.000Z",45.70167,5.883482,3.75,5.25,6.25,315,null
"2021-09-06T11:20:49.000Z",45.70167,5.883482,3.5,4.75,6,315,null
"2021-09-06T11:24:49.000Z",45.70167,5.883482,4.5,5.5,6.5,315,null
"2021-09-06T11:28:53.000Z",45.70167,5.883482,4.5,6,7,315,null
"2021-09-06T11:32:53.000Z",45.70167,5.883482,2.75,4,5.25,292.5,null
"2021-09-06T11:36:53.000Z",45.70167,5.883482,2,3.25,3.75,292.5,null
"2021-09-06T11:40:57.000Z",45.70167,5.883482,1.75,2.5,3.5,292.5,null
"2021-09-06T11:44:57.000Z",45.70167,5.883482,1.75,2.75,3.75,292.5,null
"2021-09-06T11:48:57.000Z",45.70167,5.883482,4.25,5.25,6.25,292.5,null
"2021-09-06T11:53:01.000Z",45.70167,5.883482,4.75,6,6.5,292.5,null
"2021-09-06T11:57:01.000Z",45.70167,5.883482,4.75,5.75,6.5,315,null
"2021-09-06T12:01:01.000Z",45.70167,5.883482,4.25,5.25,6,315,null
"2021-09-06T12:05:05.000Z",45.70167,5.883482,4.25,4.75,5.5,315,null
"2021-09-06T12:09:05.000Z",45.70167,5.883482,3.25,4.5,6,337.5,null
"2021-09-06T12:13:05.000Z",45.70167,5.883482,2.75,3.75,5.25,315,null
"2021-09-06T12:17:09.000Z",45.70167,5.883482,4.25,5.75,7.25,315,null
"2021-09-06T12:21:09.000Z",45.70167,5.883482,6,7.25,9.5,315,null
"2021-09-06T12:25:09.000Z",45.70167,5.883482,8,9.5,11,337.5,null
"2021-09-06T12:29:14.000Z",45.70167,5.883482,8,9.75,11,337.5,null
"2021-09-06T12:33:14.000Z",45.70167,5.883482,8,10,11,315,null
"2021-09-06T12:37:14.000Z",45.70167,5.883482,8.75,10,11,315,null
"2021-09-06T12:41:18.000Z",45.70167,5.883482,9.75,11,12,315,null
"2021-09-06T12:45:18.000Z",45.70167,5.883482,9,10.5,12,337.5,null
"2021-09-06T12:49:18.000Z",45.70167,5.883482,9.5,11,12.5,337.5,null
"2021-09-06T12:53:21.000Z",45.70167,5.883482,9,10.5,11.5,337.5,null
"2021-09-06T12:57:21.000Z",45.70167,5.883482,9,10.5,11.5,337.5,null
"2021-09-06T13:01:21.000Z",45.70167,5.883482,9,10,11,337.5,null
"2021-09-06T13:05:25.000Z",45.70167,5.883482,8.75,9.75,11,337.5,null
"2021-09-06T13:09:25.000Z",45.70167,5.883482,8.25,9.5,10,337.5,null
"2021-09-06T13:13:25.000Z",45.70167,5.883482,8.75,10,11,0,null
"2021-09-06T13:17:30.000Z",45.70167,5.883482,8.75,10,11,337.5,null
"2021-09-06T13:21:30.000Z",45.70167,5.883482,9.5,10,11,337.5,null
"2021-09-06T13:25:30.000Z",45.70167,5.883482,8.75,9.5,10.5,337.5,null
"2021-09-06T13:29:33.000Z",45.70167,5.883482,7.25,8,9,337.5,null
"2021-09-06T13:33:33.000Z",45.70167,5.883482,7.25,7.75,8.25,337.5,null
"2021-09-06T13:37:33.000Z",45.70167,5.883482,8.25,8.75,9,315,null
"2021-09-06T13:41:37.000Z",45.70167,5.883482,6.25,7.25,8.75,315,null
"2021-09-06T13:45:37.000Z",45.70167,5.883482,7,8.25,9.5,315,null
"2021-09-06T13:49:37.000Z",45.70167,5.883482,7.25,8.25,9,315,null
"2021-09-06T13:53:42.000Z",45.70167,5.883482,7.25,8.25,9.5,337.5,null
"2021-09-06T13:57:42.000Z",45.70167,5.883482,7.25,8.75,9.5,337.5,null
"2021-09-06T14:01:42.000Z",45.70167,5.883482,8.75,9.5,9.75,315,null
"2021-09-06T14:05:46.000Z",45.70167,5.883482,8,9,9.75,315,null
"2021-09-06T14:09:46.000Z",45.70167,5.883482,7,8,8.75,337.5,null
"2021-09-06T14:13:46.000Z",45.70167,5.883482,4.5,5.75,7.75,337.5,null
"2021-09-06T14:17:50.000Z",45.70167,5.883482,4.75,6.75,8.25,337.5,null
"2021-09-06T14:21:50.000Z",45.70167,5.883482,4.25,5.5,6.5,315,null
"2021-09-06T14:25:50.000Z",45.70167,5.883482,2,3.5,5.25,270,null
"2021-09-06T14:29:54.000Z",45.70167,5.883482,0,1.75,3.75,292.5,null
"2021-09-06T14:33:54.000Z",45.70167,5.883482,2.75,5,7,337.5,null
"2021-09-06T14:37:54.000Z",45.70167,5.883482,0.25,2.5,6,337.5,null
"2021-09-06T14:41:58.000Z",45.70167,5.883482,5.25,7.5,8.25,337.5,null
"2021-09-06T14:45:58.000Z",45.70167,5.883482,8,8.5,9,315,null
"2021-09-06T14:49:58.000Z",45.70167,5.883482,7,8,9,292.5,null
"2021-09-06T14:57:44.000Z",45.701723,5.883627,4.75,5.5,6,315,null
"2021-09-06T15:01:44.000Z",45.701723,5.883627,4.5,5.25,6,315,null
"2021-09-06T15:05:44.000Z",45.701723,5.883627,3.75,5,6,315,null
"2021-09-06T15:09:48.000Z",45.701723,5.883627,2.5,3.5,4.75,315,null
"2021-09-06T15:13:48.000Z",45.701723,5.883627,3.25,4.25,5.25,337.5,null
"2021-09-06T15:17:48.000Z",45.701723,5.883627,3.75,4.25,4.75,337.5,null
"2021-09-06T15:21:52.000Z",45.701723,5.883627,3.75,4.5,5.25,0,null
"2021-09-06T15:25:52.000Z",45.701723,5.883627,2,4.25,5.5,0,null
"2021-09-06T15:29:52.000Z",45.701723,5.883627,4.75,6.25,7,0,null
"2021-09-06T15:33:56.000Z",45.701723,5.883627,6.25,7,8,337.5,null
"2021-09-06T15:37:56.000Z",45.701723,5.883627,7.75,8.5,9.75,337.5,null
"2021-09-06T15:41:56.000Z",45.701723,5.883627,9,9.5,10.5,315,null
"2021-09-06T15:46:52.000Z",45.701723,5.883627,8,8.75,9.75,315,null
"2021-09-06T15:50:52.000Z",45.701723,5.883627,8.25,9.25,10,315,null
"2021-09-06T15:54:52.000Z",45.701741,5.883567,7,8,8.75,315,null
"2021-09-06T15:58:56.000Z",45.701741,5.883567,6,6.5,7.75,337.5,null
"2021-09-06T16:02:56.000Z",45.701741,5.883567,5.5,6.25,7,337.5,null
"2021-09-06T16:06:56.000Z",45.701741,5.883567,4.25,5,6,337.5,null
"2021-09-06T16:11:00.000Z",45.701741,5.883567,2.75,4.5,5.25,0,null
"2021-09-06T16:15:00.000Z",45.701741,5.883567,4.25,5.5,6.25,22.5,null
"2021-09-06T16:19:00.000Z",45.701741,5.883567,3.75,5.5,6.25,0,null
"2021-09-06T16:23:04.000Z",45.701741,5.883567,5.5,6,6.5,0,null
"2021-09-06T16:27:04.000Z",45.701741,5.883567,5.5,6.5,7.25,337.5,null
"2021-09-06T16:31:04.000Z",45.701741,5.883567,6.25,7,8,337.5,null
"2021-09-06T16:35:08.000Z",45.701741,5.883567,7.25,8,8.75,315,null
"2021-09-06T16:39:08.000Z",45.701741,5.883567,7.75,8.5,9.5,337.5,null
"2021-09-06T16:43:08.000Z",45.701741,5.883567,6.5,7.25,7.75,337.5,null
"2021-09-06T16:47:12.000Z",45.701741,5.883567,6.5,7,7.75,337.5,null
"2021-09-06T16:51:12.000Z",45.701741,5.883567,7,7.75,8.75,315,null
"2021-09-06T16:55:12.000Z",45.701741,5.883567,7.25,8.75,9.75,315,null
"2021-09-06T16:59:16.000Z",45.701741,5.883567,8.25,9.25,10,315,null
"2021-09-06T17:03:16.000Z",45.701741,5.883567,7,7.75,8.75,315,null
"2021-09-06T17:07:16.000Z",45.701741,5.883567,7.25,8,8.75,315,null
"2021-09-06T17:11:20.000Z",45.701741,5.883567,5.25,7.5,8.75,315,null
"2021-09-06T17:15:20.000Z",45.701741,5.883567,7,8.5,9.5,315,null
"2021-09-06T17:19:20.000Z",45.701741,5.883567,2.75,4.75,7,337.5,null
"2021-09-06T17:23:25.000Z",45.701741,5.883567,0.75,2.5,5.25,22.5,null
"2021-09-06T17:27:25.000Z",45.701741,5.883567,1.75,3.25,6,22.5,null
"2021-09-06T17:31:25.000Z",45.701741,5.883567,1,4,7.25,22.5,null
"2021-09-06T17:35:28.000Z",45.701741,5.883567,2,4,7,22.5,null
"2021-09-06T17:39:28.000Z",45.701741,5.883567,1.75,4,6.5,22.5,null
"2021-09-06T17:43:28.000Z",45.701741,5.883567,1.75,5.25,7.75,22.5,null
"2021-09-06T17:47:32.000Z",45.701741,5.883567,2.5,4.5,7.25,0,null
"2021-09-06T17:51:32.000Z",45.701741,5.883567,1.75,3.25,4.75,0,null
"2021-09-06T17:55:32.000Z",45.701741,5.883567,0,1.25,5.25,315,null
"2021-09-06T17:59:36.000Z",45.701741,5.883567,0,0.5,1.75,22.5,null
"2021-09-06T18:03:36.000Z",45.701741,5.883567,0,0.25,2,45,null
"2021-09-06T18:07:36.000Z",45.701741,5.883567,0,0.25,1,67.5,null
"2021-09-06T18:11:40.000Z",45.701741,5.883567,0,1,4.25,45,null
"2021-09-06T18:15:40.000Z",45.701741,5.883567,0,0.5,2,45,null
"2021-09-06T18:19:40.000Z",45.701741,5.883567,0,0,1.75,135,null
"2021-09-06T18:23:44.000Z",45.701741,5.883567,1.5,3,4.25,135,null
"2021-09-06T18:27:44.000Z",45.701741,5.883567,0.25,1.5,3.25,135,null
"2021-09-06T18:31:44.000Z",45.701741,5.883567,0.75,1.75,3.75,180,null
"2021-09-06T18:35:48.000Z",45.701741,5.883567,1,2.25,3.5,202.5,null
"2021-09-06T18:39:48.000Z",45.701741,5.883567,2.75,3.25,4.25,225,null
"2021-09-06T18:43:48.000Z",45.701741,5.883567,1.5,2.25,3.25,225,null
"2021-09-06T18:47:52.000Z",45.701741,5.883567,1,2.25,3.75,157.5,null
"2021-09-06T18:51:52.000Z",45.701741,5.883567,0,2.25,4.75,135,null
"2021-09-06T18:55:52.000Z",45.701741,5.883567,0,0,0.75,225,null
"2021-09-06T18:59:57.000Z",45.701741,5.883567,0.25,2.5,4.5,247.5,null
"2021-09-06T19:03:57.000Z",45.701741,5.883567,0.25,3,4.5,135,null
"2021-09-06T19:07:57.000Z",45.701741,5.883567,3.75,5.25,6.5,135,null
"2021-09-06T19:12:00.000Z",45.701741,5.883567,1.5,3.75,6.25,135,null
"2021-09-06T19:16:00.000Z",45.701741,5.883567,0,1,4.25,157.5,null
"2021-09-06T19:20:00.000Z",45.701741,5.883567,2,3.5,4.5,202.5,null
"2021-09-06T19:24:05.000Z",45.701741,5.883567,0.25,1.75,4.25,135,null
"2021-09-06T19:28:05.000Z",45.701741,5.883567,0,0.5,1.5,180,null
"2021-09-06T19:32:05.000Z",45.701741,5.883567,0,0.25,2.5,135,null
"2021-09-06T19:36:09.000Z",45.701741,5.883567,2,3.5,5.5,135,null
"2021-09-06T19:40:09.000Z",45.701741,5.883567,1.75,3.5,5.25,135,null
"2021-09-06T19:44:09.000Z",45.701741,5.883567,2.75,5,6.5,157.5,null
"2021-09-06T19:48:13.000Z",45.701741,5.883567,1.5,3.5,4.75,135,null
"2021-09-06T19:52:13.000Z",45.701741,5.883567,1.5,3.75,5.5,157.5,null
"2021-09-06T19:56:13.000Z",45.701741,5.883567,4.25,5.75,7,180,null
"2021-09-06T20:00:17.000Z",45.701741,5.883567,1.75,5.5,8,180,null
"2021-09-06T20:04:17.000Z",45.701741,5.883567,1.5,4,8,157.5,null
"2021-09-06T20:08:17.000Z",45.701741,5.883567,1,4,6.25,157.5,null
"2021-09-06T20:12:20.000Z",45.701741,5.883567,1,2.75,5.25,135,null
"2021-09-06T20:16:20.000Z",45.701741,5.883567,1,3.5,6.5,157.5,null
"2021-09-06T20:20:20.000Z",45.701741,5.883567,0.75,3.5,6.25,157.5,null
"2021-09-06T20:24:25.000Z",45.701741,5.883567,1,2.75,4.5,112.5,null
"2021-09-06T20:28:25.000Z",45.701741,5.883567,0.75,2,4.25,135,null
"2021-09-06T20:32:25.000Z",45.701741,5.883567,0,2,5.25,112.5,null
"2021-09-06T20:36:29.000Z",45.701741,5.883567,0.25,2.25,6.25,112.5,null
"2021-09-06T20:40:29.000Z",45.701741,5.883567,0,0.75,3.75,112.5,null
"2021-09-06T20:44:29.000Z",45.701741,5.883567,0.75,2.75,4.75,202.5,null
"2021-09-06T20:48:32.000Z",45.701741,5.883567,0.75,2.75,4.25,180,null
"2021-09-06T20:52:32.000Z",45.701741,5.883567,0.75,2.5,4.25,180,null
"2021-09-06T20:56:32.000Z",45.701741,5.883567,1.5,3,4.5,157.5,null
"2021-09-06T21:00:37.000Z",45.701741,5.883567,0.75,2.25,3.75,135,null
"2021-09-06T21:04:37.000Z",45.701741,5.883567,1,2.25,3.5,135,null
"2021-09-06T21:08:37.000Z",45.701741,5.883567,1.75,3,4.25,135,null
"2021-09-06T21:12:40.000Z",45.701741,5.883567,2,3.75,5.25,157.5,null
"2021-09-06T21:16:40.000Z",45.701741,5.883567,3.25,4,4.75,157.5,null
"2021-09-06T21:20:40.000Z",45.701741,5.883567,1.75,4,6,157.5,null
"2021-09-06T21:24:44.000Z",45.701741,5.883567,2.5,4.25,6,135,null
"2021-09-06T21:28:44.000Z",45.701741,5.883567,0.75,3,4.75,135,null
"2021-09-06T21:32:44.000Z",45.701741,5.883567,1,4,7,112.5,null
"2021-09-06T21:36:49.000Z",45.701741,5.883567,1.5,3.75,5.5,112.5,null
"2021-09-06T21:40:49.000Z",45.701741,5.883567,3.25,4.5,5.5,112.5,null
"2021-09-06T21:44:49.000Z",45.701741,5.883567,2,4.25,6,135,null
"2021-09-06T21:48:53.000Z",45.701741,5.883567,1.5,2.75,5.25,135,null
"2021-09-06T21:52:53.000Z",45.701741,5.883567,0,1.75,3.25,90,null
"2021-09-06T21:56:53.000Z",45.701741,5.883567,0,1.75,3.5,135,null
"2021-09-06T22:00:57.000Z",45.701741,5.883567,1.5,2.25,3.5,157.5,null
"2021-09-06T22:04:57.000Z",45.701741,5.883567,0,1.75,4.25,157.5,null
"2021-09-06T22:08:57.000Z",45.701741,5.883567,0,0.75,4.25,135,null
"2021-09-06T22:13:02.000Z",45.701741,5.883567,1.5,2.5,3.75,135,null
"2021-09-06T22:17:02.000Z",45.701741,5.883567,1.5,3,4.75,157.5,null
"2021-09-06T22:21:02.000Z",45.701741,5.883567,1.75,4.25,6.25,135,null
"2021-09-06T22:25:05.000Z",45.701741,5.883567,2.75,4.5,7,112.5,null
"2021-09-06T22:29:05.000Z",45.701741,5.883567,2.5,4,6,112.5,null
"2021-09-06T22:33:05.000Z",45.701741,5.883567,1.75,3.75,5.5,112.5,null
"2021-09-06T22:37:09.000Z",45.701741,5.883567,3.25,4.5,6,112.5,null
"2021-09-06T22:41:09.000Z",45.701741,5.883567,2.5,3.75,5.25,112.5,null
"2021-09-06T22:45:09.000Z",45.701741,5.883567,2.5,4,6.5,112.5,null
"2021-09-06T22:49:13.000Z",45.701741,5.883567,1.75,4.25,6.5,90,null
"2021-09-06T22:53:13.000Z",45.701741,5.883567,1.75,3.5,4.75,90,null
"2021-09-06T22:57:13.000Z",45.701741,5.883567,1.75,3.5,6.25,135,null
"2021-09-06T23:01:18.000Z",45.701741,5.883567,1,2.75,5.25,135,null
"2021-09-06T23:05:18.000Z",45.701741,5.883567,0,2,4.5,112.5,null
"2021-09-06T23:09:18.000Z",45.701741,5.883567,0,3,8.25,112.5,null
"2021-09-06T23:13:21.000Z",45.701741,5.883567,2,6,10.5,112.5,null
"2021-09-06T23:17:21.000Z",45.701741,5.883567,1,5.5,11.5,112.5,null
"2021-09-06T23:21:21.000Z",45.701741,5.883567,1,5.25,11,112.5,null
"2021-09-06T23:25:26.000Z",45.701741,5.883567,0.75,3.75,10,135,null
"2021-09-06T23:29:26.000Z",45.701741,5.883567,3.25,9.75,17.5,90,null
"2021-09-06T23:33:26.000Z",45.701741,5.883567,2.75,6.25,10.5,112.5,null
"2021-09-06T23:37:30.000Z",45.701741,5.883567,1,3.5,8.25,112.5,null
"2021-09-06T23:41:30.000Z",45.701741,5.883567,1,5.5,11,112.5,null
"2021-09-06T23:45:30.000Z",45.701741,5.883567,0.75,3.25,7.75,135,null
"2021-09-06T23:49:34.000Z",45.701741,5.883567,0,2.75,7.25,157.5,null
"2021-09-06T23:53:34.000Z",45.701741,5.883567,1,3,6.25,112.5,null
"2021-09-06T23:57:34.000Z",45.701741,5.883567,0,2.75,8.75,112.5,null
"2021-09-07T00:01:38.000Z",45.701741,5.883567,0,4.75,10.5,112.5,null
"2021-09-07T00:05:38.000Z",45.701741,5.883567,1,5.25,10.5,135,null
"2021-09-07T00:09:38.000Z",45.701741,5.883567,0,2.5,8.75,135,null
"2021-09-07T00:13:41.000Z",45.701741,5.883567,0,3.5,7.25,112.5,null
"2021-09-07T00:17:41.000Z",45.701741,5.883567,0.25,3,6,112.5,null
"2021-09-07T00:21:41.000Z",45.701741,5.883567,0,3,7.25,112.5,null
"2021-09-07T00:25:46.000Z",45.701741,5.883567,2,5,7.75,112.5,null
"2021-09-07T00:29:46.000Z",45.701741,5.883567,2.5,5.5,8,112.5,null
"2021-09-07T00:33:46.000Z",45.701741,5.883567,2.75,5.5,8.75,112.5,null
"2021-09-07T00:37:50.000Z",45.701741,5.883567,3.25,5.5,7.75,112.5,null
"2021-09-07T00:41:50.000Z",45.701741,5.883567,1.5,4,6,135,null
"2021-09-07T00:45:50.000Z",45.701741,5.883567,3.25,6,8.25,135,null
"2021-09-07T00:49:54.000Z",45.701741,5.883567,4.75,7,9.75,135,null
"2021-09-07T00:53:54.000Z",45.701741,5.883567,2.5,5.25,9,112.5,null
"2021-09-07T00:57:54.000Z",45.701741,5.883567,1,2.75,4.75,112.5,null
"2021-09-07T01:01:58.000Z",45.701741,5.883567,2.75,5,8,135,null
"2021-09-07T01:05:58.000Z",45.701741,5.883567,2.5,3.75,6,112.5,null
"2021-09-07T01:09:58.000Z",45.701741,5.883567,1.75,3.5,5.5,112.5,null
"2021-09-07T01:14:02.000Z",45.701741,5.883567,2.5,4.75,7.75,90,null
"2021-09-07T01:18:02.000Z",45.701741,5.883567,3.25,5.5,8,90,null
"2021-09-07T01:22:02.000Z",45.701741,5.883567,2,4.5,7,90,null
"2021-09-07T01:26:06.000Z",45.701741,5.883567,0.75,2.5,4.25,112.5,null
"2021-09-07T01:30:06.000Z",45.701741,5.883567,0,2.5,4.5,90,null
"2021-09-07T01:34:06.000Z",45.701741,5.883567,2,4,5.25,112.5,null
"2021-09-07T01:38:09.000Z",45.701741,5.883567,3.5,4.75,6.25,135,null
"2021-09-07T01:42:09.000Z",45.701741,5.883567,3.25,4.5,6.25,135,null
"2021-09-07T01:46:09.000Z",45.701741,5.883567,1.5,3.25,6.5,90,null
"2021-09-07T01:50:14.000Z",45.701741,5.883567,1.75,4,6.25,67.5,null
"2021-09-07T01:54:14.000Z",45.701741,5.883567,2,4.75,6.25,90,null
"2021-09-07T01:58:14.000Z",45.701741,5.883567,2.5,5.5,7.25,67.5,null
"2021-09-07T02:02:18.000Z",45.701741,5.883567,1.75,3,5.25,90,null
"2021-09-07T02:06:18.000Z",45.701741,5.883567,2,3.5,5.25,90,null
"2021-09-07T02:10:18.000Z",45.701741,5.883567,1.75,3,4.5,112.5,null
"2021-09-07T02:14:22.000Z",45.701741,5.883567,2.75,3.75,4.75,135,null
"2021-09-07T02:18:22.000Z",45.701741,5.883567,1.5,3.25,4.5,112.5,null
"2021-09-07T02:22:22.000Z",45.701741,5.883567,0,1.5,3.5,112.5,null
"2021-09-07T02:26:26.000Z",45.701741,5.883567,1.5,3,4.25,112.5,null
"2021-09-07T02:30:26.000Z",45.701741,5.883567,1.5,3,4.5,90,null
"2021-09-07T02:34:26.000Z",45.701741,5.883567,0.25,2,3.75,90,null
"2021-09-07T02:38:30.000Z",45.701741,5.883567,0,1,2.75,90,null
"2021-09-07T02:42:30.000Z",45.701741,5.883567,1.75,2.5,3.25,90,null
"2021-09-07T02:46:30.000Z",45.701741,5.883567,1,2.75,3.5,90,null
"2021-09-07T02:50:34.000Z",45.701741,5.883567,2.75,4,4.75,90,null
"2021-09-07T02:54:34.000Z",45.701741,5.883567,2.5,4,5.25,90,null
"2021-09-07T02:58:34.000Z",45.701741,5.883567,2.75,4.25,5.5,90,null
"2021-09-07T03:02:38.000Z",45.701741,5.883567,2.5,3.75,4.5,90,null
"2021-09-07T03:06:38.000Z",45.701741,5.883567,2.5,4,6,112.5,null
"2021-09-07T03:10:38.000Z",45.701741,5.883567,3.5,4.75,6,112.5,null
"2021-09-07T03:14:43.000Z",45.701741,5.883567,3.25,5,7,135,null
"2021-09-07T03:18:43.000Z",45.701741,5.883567,3.75,5.5,7.75,112.5,null
"2021-09-07T03:22:43.000Z",45.701741,5.883567,1.75,4.5,7.25,112.5,null
"2021-09-07T03:26:46.000Z",45.701741,5.883567,2.5,4,7,112.5,null
"2021-09-07T03:30:46.000Z",45.701741,5.883567,2,4,7.25,112.5,null
"2021-09-07T03:34:46.000Z",45.701741,5.883567,2.75,6.25,9.75,90,null
"2021-09-07T03:38:51.000Z",45.701741,5.883567,2.75,5.75,8.25,90,null
"2021-09-07T03:42:51.000Z",45.701741,5.883567,1.5,5,8.75,112.5,null
"2021-09-07T03:46:51.000Z",45.701741,5.883567,0.25,3.25,9,112.5,null
"2021-09-07T03:50:55.000Z",45.701741,5.883567,2.5,5.5,10.5,112.5,null
"2021-09-07T03:54:55.000Z",45.701741,5.883567,2,4.75,9,112.5,null
"2021-09-07T03:58:55.000Z",45.701741,5.883567,1.75,4.5,9.5,112.5,null
"2021-09-07T04:02:58.000Z",45.701741,5.883567,2.5,5.75,11,112.5,null
"2021-09-07T04:06:58.000Z",45.701741,5.883567,2.5,5.5,9.5,112.5,null
"2021-09-07T04:10:58.000Z",45.701741,5.883567,2.5,6,10.5,112.5,null
"2021-09-07T04:15:03.000Z",45.701741,5.883567,2,5,10.5,112.5,null
"2021-09-07T04:19:03.000Z",45.701741,5.883567,2,4.75,8.75,112.5,null
"2021-09-07T04:23:03.000Z",45.701741,5.883567,1,3.25,6.5,135,null
"2021-09-07T04:27:07.000Z",45.701741,5.883567,0,4,8,135,null
"2021-09-07T04:31:07.000Z",45.701741,5.883567,0,3.5,8.25,135,null
"2021-09-07T04:35:07.000Z",45.701741,5.883567,1,3.75,8.75,135,null
"2021-09-07T04:39:10.000Z",45.701741,5.883567,0.25,4.25,7.25,157.5,null
"2021-09-07T04:43:10.000Z",45.701741,5.883567,0,2.25,7,157.5,null
"2021-09-07T04:47:10.000Z",45.701741,5.883567,3.5,7.5,13.5,157.5,null
"2021-09-07T04:51:15.000Z",45.701741,5.883567,1.5,6,11,157.5,null
"2021-09-07T04:55:15.000Z",45.701741,5.883567,1.5,4.25,8,157.5,null
"2021-09-07T04:59:15.000Z",45.701741,5.883567,1.75,5.25,8.25,157.5,null
"2021-09-07T05:03:18.000Z",45.701741,5.883567,0.75,4.75,8.75,157.5,null
"2021-09-07T05:07:18.000Z",45.701741,5.883567,1,5,9.5,157.5,null
"2021-09-07T05:11:18.000Z",45.701741,5.883567,2.5,5,9.5,157.5,null
"2021-09-07T05:15:23.000Z",45.701741,5.883567,2.5,5.75,9,157.5,null
"2021-09-07T05:19:23.000Z",45.701741,5.883567,0,4,8,157.5,null
"2021-09-07T05:23:23.000Z",45.701741,5.883567,0.75,4.75,8,157.5,null
"2021-09-07T05:27:27.000Z",45.701741,5.883567,2,5.25,9.75,135,null
"2021-09-07T05:31:27.000Z",45.701741,5.883567,2.5,4.5,7,135,null
"2021-09-07T05:35:27.000Z",45.701741,5.883567,0.75,4.5,9.75,135,null
"2021-09-07T05:39:31.000Z",45.701741,5.883567,1.5,5.25,9,157.5,null
"2021-09-07T05:43:31.000Z",45.701741,5.883567,0.75,5,10.5,135,null
"2021-09-07T05:47:31.000Z",45.701741,5.883567,0.75,4.25,9.5,157.5,null
"2021-09-07T05:51:35.000Z",45.701741,5.883567,2,6.25,11.5,135,null
"2021-09-07T05:55:35.000Z",45.701741,5.883567,3.25,7.5,12.5,157.5,null
"2021-09-07T05:59:35.000Z",45.701741,5.883567,1.5,5.25,8,157.5,null
"2021-09-07T06:03:39.000Z",45.701741,5.883567,2.5,5.5,9.5,157.5,null
"2021-09-07T06:07:39.000Z",45.701741,5.883567,1,6.25,8.75,180,null
"2021-09-07T06:11:39.000Z",45.701741,5.883567,3.75,6.25,9,157.5,null
"2021-09-07T06:15:43.000Z",45.701741,5.883567,0.25,5,10.5,180,null
"2021-09-07T06:19:43.000Z",45.701741,5.883567,0.75,5.75,11,157.5,null
"2021-09-07T06:23:43.000Z",45.701741,5.883567,1.5,4.5,10.5,157.5,null
"2021-09-07T06:27:47.000Z",45.701741,5.883567,1,3.75,8,112.5,null
"2021-09-07T06:31:47.000Z",45.701741,5.883567,0,3.25,9.5,112.5,null
"2021-09-07T06:35:47.000Z",45.701741,5.883567,0.75,3.5,7.25,157.5,null
"2021-09-07T06:39:51.000Z",45.701741,5.883567,2,5.75,10,157.5,null
"2021-09-07T06:43:51.000Z",45.701741,5.883567,2,5,8.25,157.5,null
"2021-09-07T06:47:51.000Z",45.701741,5.883567,0.75,4.5,8.25,112.5,null
"2021-09-07T06:51:55.000Z",45.701741,5.883567,1.75,5.75,9,112.5,null
"2021-09-07T06:55:55.000Z",45.701741,5.883567,2.5,6.25,13.5,90,null
"2021-09-07T06:59:55.000Z",45.701741,5.883567,2,5.25,11,90,null
"2021-09-07T07:03:59.000Z",45.701741,5.883567,3.25,8.25,14.5,90,null
"2021-09-07T07:07:59.000Z",45.701741,5.883567,2.5,6.75,12.5,90,null
"2021-09-07T07:11:59.000Z",45.701741,5.883567,0.75,6.25,12,90,null
"2021-09-07T07:16:03.000Z",45.701741,5.883567,0,2.75,10,112.5,null
"2021-09-07T07:20:03.000Z",45.701741,5.883567,1.5,4,7.75,112.5,null
"2021-09-07T07:24:03.000Z",45.701741,5.883567,0.75,4.75,10.5,90,null
"2021-09-07T07:28:07.000Z",45.701741,5.883567,2.5,7.25,11,112.5,null
"2021-09-07T07:32:07.000Z",45.701741,5.883567,0.25,4.75,12,135,null
"2021-09-07T07:36:07.000Z",45.701741,5.883567,0,3,8.25,112.5,null
"2021-09-07T07:40:11.000Z",45.701741,5.883567,1,6.25,12,157.5,null
"2021-09-07T07:44:11.000Z",45.701741,5.883567,4.75,9,12.5,180,null
"2021-09-07T07:48:11.000Z",45.701741,5.883567,4.25,11,16.5,180,null
"2021-09-07T07:52:15.000Z",45.701741,5.883567,8.25,13,16.5,180,null
"2021-09-07T07:56:15.000Z",45.701741,5.883567,8,12.5,18,180,null
"2021-09-07T08:00:15.000Z",45.701741,5.883567,3.25,9.5,14,180,null
"2021-09-07T08:04:19.000Z",45.701741,5.883567,1,6,9.75,180,null
"2021-09-07T08:08:19.000Z",45.701741,5.883567,1.75,7,9.75,180,null
"2021-09-07T08:12:19.000Z",45.701741,5.883567,1.75,6.75,11,202.5,null
"2021-09-07T08:16:23.000Z",45.701741,5.883567,1.5,6,10.5,202.5,null
"2021-09-07T08:20:23.000Z",45.701741,5.883567,1,6,10,202.5,null
"2021-09-07T08:24:23.000Z",45.701741,5.883567,3.25,7.5,11,202.5,null
"2021-09-07T08:28:27.000Z",45.701741,5.883567,3.5,7,10.5,180,null
"2021-09-07T08:32:27.000Z",45.701741,5.883567,1,7.25,10.5,180,null
"2021-09-07T08:36:27.000Z",45.701741,5.883567,0.75,4,9.5,202.5,null
"2021-09-07T08:40:31.000Z",45.701741,5.883567,0.75,4.75,11,202.5,null
"2021-09-07T08:44:31.000Z",45.701741,5.883567,2.5,6.75,11,202.5,null
"2021-09-07T08:48:31.000Z",45.701741,5.883567,1.5,6.5,11,202.5,null
"2021-09-07T08:52:35.000Z",45.701741,5.883567,8.75,10.5,12,225,null
"2021-09-07T08:56:35.000Z",45.701741,5.883567,3.25,7.5,11,202.5,null
"2021-09-07T09:00:35.000Z",45.701741,5.883567,1.5,5.75,9.75,202.5,null
"2021-09-07T09:04:40.000Z",45.701741,5.883567,0.75,4.25,8.25,202.5,null
"2021-09-07T09:08:40.000Z",45.701741,5.883567,0,4.75,9,202.5,null
"2021-09-07T09:12:40.000Z",45.701741,5.883567,1.75,5.75,9,180,null
"2021-09-07T09:16:44.000Z",45.701741,5.883567,3.25,6.5,9,180,null
"2021-09-07T09:20:44.000Z",45.701741,5.883567,1.75,5.5,9,202.5,null
"2021-09-07T09:24:44.000Z",45.701741,5.883567,1,4.75,7.75,202.5,null
"2021-09-07T09:28:48.000Z",45.701741,5.883567,0.25,3.5,8,202.5,null
"2021-09-07T09:32:48.000Z",45.701741,5.883567,0.75,4.25,8.25,202.5,null
"2021-09-07T09:36:48.000Z",45.701741,5.883567,0,2.75,7.25,202.5,null
"2021-09-07T09:40:52.000Z",45.701741,5.883567,0,3,6,202.5,null
"2021-09-07T09:44:52.000Z",45.701741,5.883567,0,3.5,6.25,202.5,null
"2021-09-07T09:48:52.000Z",45.701741,5.883567,0.75,3.75,7,202.5,null
"2021-09-07T09:52:56.000Z",45.701741,5.883567,0.75,3.75,7,202.5,null
"2021-09-07T09:56:56.000Z",45.701741,5.883567,0,4.75,8,202.5,null
"2021-09-07T10:00:56.000Z",45.701741,5.883567,0.75,4.5,7.75,202.5,null
"2021-09-07T10:05:00.000Z",45.701741,5.883567,1.5,4.25,6.25,202.5,null
"2021-09-07T10:09:00.000Z",45.701741,5.883567,1,4.75,6.5,202.5,null
"2021-09-07T10:13:00.000Z",45.701741,5.883567,3.75,6,6.5,225,null
"2021-09-07T10:17:04.000Z",45.701741,5.883567,1.75,4.5,6.25,202.5,null
"2021-09-07T10:21:04.000Z",45.701741,5.883567,3.5,5.25,6.5,202.5,null
"2021-09-07T10:25:04.000Z",45.701741,5.883567,3.5,5.5,6.5,202.5,null
"2021-09-07T10:29:07.000Z",45.701741,5.883567,3.75,6,7,225,null
"2021-09-07T10:33:07.000Z",45.701741,5.883567,4.5,6.5,7.75,225,null
"2021-09-07T10:37:07.000Z",45.701741,5.883567,6,6.5,7,225,null
"2021-09-07T10:41:12.000Z",45.701741,5.883567,5.5,6.5,7.25,225,null
"2021-09-07T10:45:12.000Z",45.701741,5.883567,6.25,7.25,8,225,null
"2021-09-07T10:49:12.000Z",45.701741,5.883567,2.5,5.75,7.25,202.5,null
"2021-09-07T10:53:16.000Z",45.701741,5.883567,0.75,3.25,5.75,202.5,null
"2021-09-07T10:57:16.000Z",45.701741,5.883567,0,1.75,3.75,202.5,null
"2021-09-07T11:01:16.000Z",45.701741,5.883567,1,3,4.25,202.5,null
"2021-09-07T11:05:20.000Z",45.701741,5.883567,1,3.5,4.25,225,null
"2021-09-07T11:09:20.000Z",45.701741,5.883567,2.5,3.25,4.25,225,null
"2021-09-07T11:13:20.000Z",45.701741,5.883567,1,2,3.25,225,null
"2021-09-07T11:17:24.000Z",45.701741,5.883567,0,0.5,1.75,247.5,null
"2021-09-07T11:21:24.000Z",45.701741,5.883567,0.25,1,1.5,247.5,null
"2021-09-07T11:25:24.000Z",45.701741,5.883567,0.75,1.25,1.75,270,null
"2021-09-07T11:29:28.000Z",45.701741,5.883567,1,1.75,2,247.5,null
"2021-09-07T11:33:28.000Z",45.701741,5.883567,0.75,1.5,1.75,247.5,null
"2021-09-07T11:37:28.000Z",45.701741,5.883567,1.5,1.75,2.75,247.5,null
"2021-09-07T11:41:32.000Z",45.701741,5.883567,2,3.25,4.5,292.5,null
"2021-09-07T11:45:32.000Z",45.701741,5.883567,3.25,4,4.75,315,null
"2021-09-07T11:49:32.000Z",45.701741,5.883567,2,3.75,5.5,337.5,null
"2021-09-07T11:53:36.000Z",45.701741,5.883567,3.75,4.75,6,315,null
"2021-09-07T11:57:36.000Z",45.701741,5.883567,3.5,5,6.25,337.5,null
"2021-09-07T12:01:36.000Z",45.701741,5.883567,5.5,7.25,8.75,337.5,null
"2021-09-07T12:05:40.000Z",45.701741,5.883567,4.5,5.75,6.5,337.5,null
"2021-09-07T12:09:40.000Z",45.701741,5.883567,6,8,9.75,315,null
"2021-09-07T12:13:40.000Z",45.701741,5.883567,5.5,7,8.25,315,null
"2021-09-07T12:17:44.000Z",45.701741,5.883567,6,7.5,9,337.5,null
"2021-09-07T12:21:44.000Z",45.701741,5.883567,5.5,6.75,8,337.5,null
"2021-09-07T12:25:44.000Z",45.701741,5.883567,5.5,6.75,7.75,337.5,null
"2021-09-07T12:29:48.000Z",45.701741,5.883567,5.25,6.75,7.75,337.5,null
"2021-09-07T12:33:48.000Z",45.701741,5.883567,6,7.75,9,337.5,null
"2021-09-07T12:37:48.000Z",45.701741,5.883567,7.25,8.5,9.75,337.5,null
"2021-09-07T12:41:52.000Z",45.701741,5.883567,7,8.75,9.5,337.5,null
"2021-09-07T12:45:52.000Z",45.701741,5.883567,7,9.25,11,337.5,null
"2021-09-07T12:49:52.000Z",45.701741,5.883567,8.25,10,12,337.5,null
"2021-09-07T12:53:56.000Z",45.701741,5.883567,8.75,10,12,315,null
"2021-09-07T12:57:56.000Z",45.701741,5.883567,8.75,10.5,12,337.5,null
"2021-09-07T13:01:56.000Z",45.701741,5.883567,9.5,11,12,337.5,null
"2021-09-07T13:06:01.000Z",45.701741,5.883567,10.5,12,13,337.5,null
"2021-09-07T13:10:01.000Z",45.701741,5.883567,10,12,13,337.5,null
"2021-09-07T13:14:01.000Z",45.701741,5.883567,9.75,11.5,13,337.5,null
"2021-09-07T13:18:05.000Z",45.701741,5.883567,11,12,13,337.5,null
"2021-09-07T13:22:05.000Z",45.701741,5.883567,8.75,11.5,13,315,null
"2021-09-07T13:26:05.000Z",45.701741,5.883567,10.5,11.5,12.5,315,null
"2021-09-07T13:30:08.000Z",45.701741,5.883567,10.5,11,12.5,337.5,null
"2021-09-07T13:34:08.000Z",45.701741,5.883567,9.5,10,11,337.5,null
"2021-09-07T13:38:08.000Z",45.701741,5.883567,8.25,9.5,10,0,null
"2021-09-07T13:42:13.000Z",45.701741,5.883567,9,10,11,0,null
"2021-09-07T13:46:13.000Z",45.701741,5.883567,9,10.5,11,0,null
"2021-09-07T13:50:13.000Z",45.701741,5.883567,9.5,10.5,11,337.5,null
"2021-09-07T13:54:17.000Z",45.701741,5.883567,9.5,10,10.5,337.5,null
"2021-09-07T13:58:17.000Z",45.701741,5.883567,9.5,10,11,337.5,null
"2021-09-07T14:02:17.000Z",45.701741,5.883567,9.75,10.5,11.5,337.5,null
"2021-09-07T14:06:21.000Z",45.701741,5.883567,10,11,12,337.5,null
"2021-09-07T14:10:21.000Z",45.701741,5.883567,11,12,12.5,337.5,null
"2021-09-07T14:14:21.000Z",45.701741,5.883567,11.5,12.5,13,337.5,null
"2021-09-07T14:18:25.000Z",45.701741,5.883567,12,13,14.5,315,null
"2021-09-07T14:22:25.000Z",45.701741,5.883567,11.5,12.5,13,337.5,null
"2021-09-07T14:26:25.000Z",45.701741,5.883567,10.5,12,12.5,337.5,null
"2021-09-07T14:30:29.000Z",45.701741,5.883567,8.25,10,11.5,337.5,null
"2021-09-07T14:34:29.000Z",45.701741,5.883567,8,8.75,9.75,337.5,null
"2021-09-07T14:38:29.000Z",45.701741,5.883567,5.25,8.25,9.5,0,null
"2021-09-07T14:42:33.000Z",45.701741,5.883567,4.25,6.5,8,0,null
"2021-09-07T14:46:33.000Z",45.701741,5.883567,6.5,7.25,8,0,null
"2021-09-07T14:50:33.000Z",45.701741,5.883567,6.5,7.5,8.25,0,null
"2021-09-07T14:58:30.000Z",45.701777,5.883614,7.25,7.75,8.25,337.5,null
"2021-09-07T15:02:30.000Z",45.701777,5.883614,7.25,8,8.25,337.5,null
"2021-09-07T15:06:30.000Z",45.701777,5.883614,7.75,8,8.25,337.5,null
"2021-09-07T15:10:34.000Z",45.701777,5.883614,7.25,8,8.25,0,null
"2021-09-07T15:14:34.000Z",45.701777,5.883614,8,8.5,9.75,337.5,null
"2021-09-07T15:18:34.000Z",45.701777,5.883614,9,9.75,10,337.5,null
"2021-09-07T15:22:38.000Z",45.701777,5.883614,9,10,11,337.5,null
"2021-09-07T15:26:38.000Z",45.701777,5.883614,9.5,10,11,337.5,null
"2021-09-07T15:30:38.000Z",45.701777,5.883614,6.5,8.75,10,337.5,null
"2021-09-07T15:34:42.000Z",45.701777,5.883614,6.25,8,9.75,315,null
"2021-09-07T15:38:42.000Z",45.701777,5.883614,7.75,8.75,9.75,315,null
"2021-09-07T15:42:42.000Z",45.701777,5.883614,8.25,9.25,9.75,315,null
"2021-09-07T15:47:30.000Z",45.701777,5.883614,7.25,8.25,9.5,315,null
"2021-09-07T15:51:30.000Z",45.701777,5.883614,6.25,7,8,315,null
"2021-09-07T15:55:30.000Z",45.701647,5.88349,5.25,6,6.5,315,null
"2021-09-07T15:59:34.000Z",45.701647,5.88349,5.25,5.5,6,315,null
"2021-09-07T16:03:34.000Z",45.701647,5.88349,4.5,5,5.5,315,null
"2021-09-07T16:07:34.000Z",45.701647,5.88349,3.75,4.25,4.75,337.5,null
"2021-09-07T16:11:37.000Z",45.701647,5.88349,3.5,4,4.5,0,null
"2021-09-07T16:15:37.000Z",45.701647,5.88349,3.75,5,5.5,0,null
"2021-09-07T16:19:37.000Z",45.701647,5.88349,5.5,6.25,7.25,337.5,null
"2021-09-07T16:23:42.000Z",45.701647,5.88349,4.5,6.75,7.75,315,null
"2021-09-07T16:27:42.000Z",45.701647,5.88349,6.5,7.25,8,315,null
"2021-09-07T16:31:42.000Z",45.701647,5.88349,7,7.75,8.75,292.5,null
"2021-09-07T16:35:46.000Z",45.701647,5.88349,7.25,7.75,8.25,315,null
"2021-09-07T16:39:46.000Z",45.701647,5.88349,5.25,7,8,315,null
"2021-09-07T16:43:46.000Z",45.701647,5.88349,3.5,4.75,6.25,315,null
"2021-09-07T16:47:50.000Z",45.701647,5.88349,6,7,8,292.5,null
"2021-09-07T16:51:50.000Z",45.701647,5.88349,4.75,6.25,7.25,292.5,null
"2021-09-07T16:55:50.000Z",45.701647,5.88349,1.75,3,5.25,337.5,null
"2021-09-07T16:59:54.000Z",45.701647,5.88349,1.75,3,5.25,337.5,null
"2021-09-07T17:03:54.000Z",45.701647,5.88349,2,3.5,4.5,0,null
"2021-09-07T17:07:54.000Z",45.701647,5.88349,2.75,3.5,4.75,22.5,null
"2021-09-07T17:11:58.000Z",45.701647,5.88349,1.75,3.75,5.25,0,null
"2021-09-07T17:15:58.000Z",45.701647,5.88349,1.5,3.5,6,22.5,null
"2021-09-07T17:19:58.000Z",45.701647,5.88349,1.75,3.5,6.25,22.5,null
"2021-09-07T17:24:02.000Z",45.701647,5.88349,2.5,3.75,5.5,337.5,null
"2021-09-07T17:28:02.000Z",45.701647,5.88349,2.75,4,5.5,315,null
"2021-09-07T17:32:02.000Z",45.701647,5.88349,2.5,3.75,5.25,292.5,null
"2021-09-07T17:36:07.000Z",45.701647,5.88349,1,2.5,3.75,0,null
"2021-09-07T17:40:07.000Z",45.701647,5.88349,1,3,4.5,337.5,null
"2021-09-07T17:44:07.000Z",45.701647,5.88349,1,2.25,3.25,22.5,null
"2021-09-07T17:48:11.000Z",45.701647,5.88349,0,0.5,1.5,292.5,null
"2021-09-07T17:52:11.000Z",45.701647,5.88349,0,0.75,1.75,292.5,null
"2021-09-07T17:56:11.000Z",45.701647,5.88349,0,0.5,1.5,247.5,null
"2021-09-07T18:00:14.000Z",45.701647,5.88349,0.25,1.5,2.5,270,null
"2021-09-07T18:04:14.000Z",45.701647,5.88349,0,0.75,1.75,270,null
"2021-09-07T18:08:14.000Z",45.701647,5.88349,0,2.5,3.5,202.5,null
"2021-09-07T18:12:18.000Z",45.701647,5.88349,0,1.25,2.75,180,null
"2021-09-07T18:16:18.000Z",45.701647,5.88349,0,0,0,157.5,null
"2021-09-07T18:20:18.000Z",45.701647,5.88349,0,1,1.75,157.5,null
"2021-09-07T18:24:22.000Z",45.701647,5.88349,0,0,0.5,135,null
"2021-09-07T18:28:22.000Z",45.701647,5.88349,0,0,0,112.5,null
"2021-09-07T18:32:22.000Z",45.701647,5.88349,0,0,0,112.5,null
"2021-09-07T18:36:27.000Z",45.701647,5.88349,0,0,0,112.5,null
"2021-09-07T18:40:27.000Z",45.701647,5.88349,0,0,0,135,null
"2021-09-07T18:44:27.000Z",45.701647,5.88349,0,3,5.5,180,null
"2021-09-07T18:48:30.000Z",45.701647,5.88349,1,3.75,6.25,157.5,null
"2021-09-07T18:52:30.000Z",45.701647,5.88349,0,1,1.75,112.5,null
"2021-09-07T18:56:30.000Z",45.701647,5.88349,0.25,1.5,3.5,112.5,null
"2021-09-07T19:00:34.000Z",45.701647,5.88349,0,2.5,4.25,135,null
"2021-09-07T19:04:34.000Z",45.701647,5.88349,0,0.75,2.75,135,null
"2021-09-07T19:08:34.000Z",45.701647,5.88349,0,0.5,2.75,135,null
"2021-09-07T19:12:38.000Z",45.701647,5.88349,0,2,4.25,112.5,null
"2021-09-07T19:16:38.000Z",45.701647,5.88349,0,0.75,2.75,157.5,null
"2021-09-07T19:20:38.000Z",45.701647,5.88349,0,0.25,1.75,157.5,null
"2021-09-07T19:24:42.000Z",45.701647,5.88349,0,1.5,4.25,135,null
"2021-09-07T19:28:42.000Z",45.701647,5.88349,0.25,4,6.5,112.5,null
"2021-09-07T19:32:42.000Z",45.701647,5.88349,0,3.75,6.25,112.5,null
"2021-09-07T19:36:47.000Z",45.701647,5.88349,2,4.25,7.75,112.5,null
"2021-09-07T19:40:47.000Z",45.701647,5.88349,0.25,2.5,6,112.5,null
"2021-09-07T19:44:47.000Z",45.701647,5.88349,0.25,3.25,7.25,135,null
"2021-09-07T19:48:50.000Z",45.701647,5.88349,0,3.5,6.5,135,null
"2021-09-07T19:52:50.000Z",45.701647,5.88349,0,0.5,2.75,157.5,null
"2021-09-07T19:56:50.000Z",45.701647,5.88349,0,2.75,5.5,112.5,null
"2021-09-07T20:00:55.000Z",45.701647,5.88349,1.75,3.25,6,180,null
"2021-09-07T20:04:55.000Z",45.701647,5.88349,0.25,2,3.75,135,null
"2021-09-07T20:08:55.000Z",45.701647,5.88349,0,2.75,6,135,null
"2021-09-07T20:12:59.000Z",45.701647,5.88349,0,2.25,5.5,112.5,null
"2021-09-07T20:16:59.000Z",45.701647,5.88349,2.5,4.75,7,90,null
"2021-09-07T20:20:59.000Z",45.701647,5.88349,2.5,4.25,6.25,90,null
"2021-09-07T20:25:03.000Z",45.701647,5.88349,1.5,2.75,4.75,67.5,null
"2021-09-07T20:29:03.000Z",45.701647,5.88349,2.75,4.5,6.5,67.5,null
"2021-09-07T20:33:03.000Z",45.701647,5.88349,1.5,4,6.5,67.5,null
"2021-09-07T20:37:07.000Z",45.701647,5.88349,1,3.75,5.5,67.5,null
"2021-09-07T20:41:07.000Z",45.701647,5.88349,1,2.75,4.5,67.5,null
"2021-09-07T20:45:07.000Z",45.701647,5.88349,1.75,3.75,5.25,67.5,null
"2021-09-07T20:49:11.000Z",45.701647,5.88349,2.5,4.25,5.5,67.5,null
"2021-09-07T20:53:11.000Z",45.701647,5.88349,1,2.25,3.25,90,null
"2021-09-07T20:57:11.000Z",45.701647,5.88349,0.75,1.75,2.75,67.5,null
"2021-09-07T21:01:15.000Z",45.701647,5.88349,1.5,2.25,3.5,67.5,null
"2021-09-07T21:05:15.000Z",45.701647,5.88349,0,0.75,2,67.5,null
"2021-09-07T21:09:15.000Z",45.701647,5.88349,0,0.75,3.25,337.5,null
"2021-09-07T21:13:19.000Z",45.701647,5.88349,0,1.75,4.25,0,null
"2021-09-07T21:17:19.000Z",45.701647,5.88349,1.5,3.75,5.5,67.5,null
"2021-09-07T21:21:19.000Z",45.701647,5.88349,1,3.5,6,22.5,null
"2021-09-07T21:25:23.000Z",45.701647,5.88349,2.75,4.5,7.75,45,null
"2021-09-07T21:29:23.000Z",45.701647,5.88349,3.75,5.75,7.25,22.5,null
"2021-09-07T21:33:23.000Z",45.701647,5.88349,3.75,6.75,9,0,null
"2021-09-07T21:37:27.000Z",45.701647,5.88349,6.25,8.25,10.5,0,null
"2021-09-07T21:41:27.000Z",45.701647,5.88349,3.75,8.75,13,0,null
"2021-09-07T21:45:27.000Z",45.701647,5.88349,5.5,9,12.5,337.5,null
"2021-09-07T21:49:31.000Z",45.701647,5.88349,7,11,14.5,337.5,null
"2021-09-07T21:53:31.000Z",45.701647,5.88349,8,10.5,13,0,null
"2021-09-07T21:57:31.000Z",45.701647,5.88349,4.75,9,13.5,0,null
"2021-09-07T22:01:35.000Z",45.701647,5.88349,0.75,4,8.75,22.5,null
"2021-09-07T22:05:35.000Z",45.701647,5.88349,0,1.25,3.25,90,null
"2021-09-07T22:09:35.000Z",45.701647,5.88349,1,3.5,6,135,null
"2021-09-07T22:13:39.000Z",45.701647,5.88349,1.5,3.25,5.5,157.5,null
"2021-09-07T22:17:39.000Z",45.701647,5.88349,0,1.5,4.5,135,null
"2021-09-07T22:21:39.000Z",45.701647,5.88349,0,0.75,2.75,180,null
"2021-09-07T22:25:43.000Z",45.701647,5.88349,0,0.25,3.5,157.5,null
"2021-09-07T22:29:43.000Z",45.701647,5.88349,0.75,3.25,4.25,157.5,null
"2021-09-07T22:33:43.000Z",45.701647,5.88349,1,2.5,4.5,157.5,null
"2021-09-07T22:37:47.000Z",45.701647,5.88349,1.5,3,4.25,157.5,null
"2021-09-07T22:41:47.000Z",45.701647,5.88349,2.5,3.75,5.5,157.5,null
"2021-09-07T22:45:47.000Z",45.701647,5.88349,2,3.25,4.25,157.5,null
"2021-09-07T22:49:51.000Z",45.701647,5.88349,0.25,2,4.25,157.5,null
"2021-09-07T22:53:51.000Z",45.701647,5.88349,0,0.25,1,135,null
"2021-09-07T22:57:51.000Z",45.701647,5.88349,0,0.25,1.75,67.5,null
"2021-09-07T23:01:55.000Z",45.701647,5.88349,0.25,1,2,90,null
"2021-09-07T23:05:55.000Z",45.701647,5.88349,0,0.5,1.75,90,null
"2021-09-07T23:09:55.000Z",45.701647,5.88349,0,0,0.25,90,null
"2021-09-07T23:13:59.000Z",45.701647,5.88349,0,1,2,90,null
"2021-09-07T23:17:59.000Z",45.701647,5.88349,0,1.25,2.75,135,null
"2021-09-07T23:21:59.000Z",45.701647,5.88349,2,3.5,5.25,135,null
"2021-09-07T23:26:04.000Z",45.701647,5.88349,2.5,4,5.5,90,null
"2021-09-07T23:30:04.000Z",45.701647,5.88349,2.5,4,6,90,null
"2021-09-07T23:34:04.000Z",45.701647,5.88349,3.75,6.25,9,90,null
"2021-09-07T23:38:07.000Z",45.701647,5.88349,3.25,5.75,7.75,90,null
"2021-09-07T23:42:07.000Z",45.701647,5.88349,3.25,6,9.5,90,null
"2021-09-07T23:46:07.000Z",45.701647,5.88349,4.25,6.5,8.75,90,null
"2021-09-07T23:50:11.000Z",45.701647,5.88349,2.75,5.75,8,90,null
"2021-09-07T23:54:11.000Z",45.701647,5.88349,2.5,4.25,6,90,null
"2021-09-07T23:58:11.000Z",45.701647,5.88349,2,4.25,8,90,null
"2021-09-08T00:02:16.000Z",45.701647,5.88349,3.25,4.5,6.25,90,null
"2021-09-08T00:06:16.000Z",45.701647,5.88349,2.5,4,6,90,null
"2021-09-08T00:10:16.000Z",45.701647,5.88349,2.75,4.25,5.5,90,null
"2021-09-08T00:14:20.000Z",45.701647,5.88349,2.75,4.75,6,90,null
"2021-09-08T00:18:20.000Z",45.701647,5.88349,3.5,5.75,8.25,90,null
"2021-09-08T00:22:20.000Z",45.701647,5.88349,1.75,4.5,6.5,90,null
"2021-09-08T00:26:24.000Z",45.701647,5.88349,1.5,3.5,6.25,90,null
"2021-09-08T00:30:24.000Z",45.701647,5.88349,2.5,3.75,4.75,112.5,null
"2021-09-08T00:34:24.000Z",45.701647,5.88349,3.25,4.75,7,112.5,null
"2021-09-08T00:38:28.000Z",45.701647,5.88349,0,3,6,135,null
"2021-09-08T00:42:28.000Z",45.701647,5.88349,1.5,4.5,7.25,135,null
"2021-09-08T00:46:28.000Z",45.701647,5.88349,2.5,5.25,8,112.5,null
"2021-09-08T00:50:32.000Z",45.701647,5.88349,3.5,5.5,8,112.5,null
"2021-09-08T00:54:32.000Z",45.701647,5.88349,3.25,5.75,8,112.5,null
"2021-09-08T00:58:32.000Z",45.701647,5.88349,1.5,4,6.5,112.5,null
"2021-09-08T01:02:35.000Z",45.701647,5.88349,1.5,4.5,7.75,112.5,null
"2021-09-08T01:06:35.000Z",45.701647,5.88349,0.75,4,8.25,112.5,null
"2021-09-08T01:10:35.000Z",45.701647,5.88349,0.75,3,7.25,135,null
"2021-09-08T01:14:40.000Z",45.701647,5.88349,1,4.5,7.75,112.5,null
"2021-09-08T01:18:40.000Z",45.701647,5.88349,1.75,4.5,7.75,135,null
"2021-09-08T01:22:40.000Z",45.701647,5.88349,2.75,4.75,7.25,112.5,null
"2021-09-08T01:26:44.000Z",45.701647,5.88349,2.5,5.25,8.75,112.5,null
"2021-09-08T01:30:44.000Z",45.701647,5.88349,1.75,4.75,8.25,112.5,null
"2021-09-08T01:34:44.000Z",45.701647,5.88349,1,4.25,7.25,135,null
"2021-09-08T01:38:48.000Z",45.701647,5.88349,1.5,4.75,8.75,112.5,null
"2021-09-08T01:42:48.000Z",45.701647,5.88349,3.25,6,8.75,112.5,null
"2021-09-08T01:46:48.000Z",45.701647,5.88349,1.75,4.75,9.75,112.5,null
"2021-09-08T01:50:52.000Z",45.701647,5.88349,1,5.25,8.75,112.5,null
"2021-09-08T01:54:52.000Z",45.701647,5.88349,2.5,6,10.5,112.5,null
"2021-09-08T01:58:52.000Z",45.701647,5.88349,0,3,9.75,112.5,null
"2021-09-08T02:02:56.000Z",45.701647,5.88349,0.25,4,7.75,135,null
"2021-09-08T02:06:56.000Z",45.701647,5.88349,1,4.75,8.75,112.5,null
"2021-09-08T02:10:56.000Z",45.701647,5.88349,0.75,3.75,7.25,135,null
"2021-09-08T02:15:00.000Z",45.701647,5.88349,0,3.75,8,135,null
"2021-09-08T02:19:00.000Z",45.701647,5.88349,1.75,4.5,9,135,null
"2021-09-08T02:23:00.000Z",45.701647,5.88349,0,3.75,8,135,null
"2021-09-08T02:27:04.000Z",45.701647,5.88349,2,5.25,10,112.5,null
"2021-09-08T02:31:04.000Z",45.701647,5.88349,0.75,4.75,11,112.5,null
"2021-09-08T02:35:04.000Z",45.701647,5.88349,0.75,4,7.25,112.5,null
"2021-09-08T02:39:08.000Z",45.701647,5.88349,0.75,5.5,11,112.5,null
"2021-09-08T02:43:08.000Z",45.701647,5.88349,0.25,3.5,8,112.5,null
"2021-09-08T02:47:08.000Z",45.701647,5.88349,1.5,4.75,11,112.5,null
"2021-09-08T02:51:12.000Z",45.701647,5.88349,1.75,5.75,10.5,157.5,null
"2021-09-08T02:55:12.000Z",45.701647,5.88349,1,4,7,135,null
"2021-09-08T02:59:12.000Z",45.701647,5.88349,1.75,4.5,7.25,135,null
"2021-09-08T03:03:16.000Z",45.701647,5.88349,1.5,4,7.25,157.5,null
"2021-09-08T03:07:16.000Z",45.701647,5.88349,1.75,4.5,6.5,135,null
"2021-09-08T03:11:16.000Z",45.701647,5.88349,1.5,3.5,6.5,135,null
"2021-09-08T03:15:20.000Z",45.701647,5.88349,0.25,4,8,135,null
"2021-09-08T03:19:20.000Z",45.701647,5.88349,1.5,3.75,6.25,135,null
"2021-09-08T03:23:20.000Z",45.701647,5.88349,1.5,3.5,5.5,135,null
"2021-09-08T03:27:24.000Z",45.701647,5.88349,2,4,7.75,157.5,null
"2021-09-08T03:31:24.000Z",45.701647,5.88349,0.75,3.25,6.5,135,null
"2021-09-08T03:35:24.000Z",45.701647,5.88349,2.75,4.5,7.75,157.5,null
"2021-09-08T03:39:28.000Z",45.701647,5.88349,2,3.75,6.5,135,null
"2021-09-08T03:43:28.000Z",45.701647,5.88349,2.5,4.75,9.75,112.5,null
"2021-09-08T03:47:28.000Z",45.701647,5.88349,2.5,5.5,9.75,112.5,null
"2021-09-08T03:51:33.000Z",45.701647,5.88349,3.5,6.25,14,112.5,null
"2021-09-08T03:55:33.000Z",45.701647,5.88349,1,3.5,6.25,157.5,null
"2021-09-08T03:59:33.000Z",45.701647,5.88349,1.75,4.75,9,157.5,null
"2021-09-08T04:03:37.000Z",45.701647,5.88349,1.5,3.75,6,157.5,null
"2021-09-08T04:07:37.000Z",45.701647,5.88349,0,3.75,7,135,null
"2021-09-08T04:11:37.000Z",45.701647,5.88349,0.75,4,9,112.5,null
"2021-09-08T04:15:40.000Z",45.701647,5.88349,1.75,5.25,9,112.5,null
"2021-09-08T04:19:40.000Z",45.701647,5.88349,3.75,7,10,112.5,null
"2021-09-08T04:23:40.000Z",45.701647,5.88349,1.5,4.5,7.25,112.5,null
"2021-09-08T04:27:45.000Z",45.701647,5.88349,2.5,5.75,10,112.5,null
"2021-09-08T04:31:45.000Z",45.701647,5.88349,1,4.5,9.5,112.5,null
"2021-09-08T04:35:45.000Z",45.701647,5.88349,1.75,5.75,9,112.5,null
"2021-09-08T04:39:48.000Z",45.701647,5.88349,1.75,4.75,8,135,null
"2021-09-08T04:43:48.000Z",45.701647,5.88349,1.5,4,7.75,135,null
"2021-09-08T04:47:48.000Z",45.701647,5.88349,1.75,4.75,7.75,135,null
"2021-09-08T04:51:52.000Z",45.701647,5.88349,1.5,4.25,8.75,135,null
"2021-09-08T04:55:52.000Z",45.701647,5.88349,1.75,5.5,10,135,null
"2021-09-08T04:59:52.000Z",45.701647,5.88349,1,5.25,11,112.5,null
"2021-09-08T05:03:57.000Z",45.701647,5.88349,1,4.25,9.5,135,null
"2021-09-08T05:07:57.000Z",45.701647,5.88349,0.75,5.75,13.5,135,null
"2021-09-08T05:11:57.000Z",45.701647,5.88349,0.25,5.25,9.75,135,null
"2021-09-08T05:16:00.000Z",45.701647,5.88349,3.25,7,15.5,112.5,null
"2021-09-08T05:20:00.000Z",45.701647,5.88349,1.75,5.75,13,135,null
"2021-09-08T05:24:00.000Z",45.701647,5.88349,0.25,5.5,11,157.5,null
"2021-09-08T05:28:05.000Z",45.701647,5.88349,0.75,4.75,9.5,135,null
"2021-09-08T05:32:05.000Z",45.701647,5.88349,0.75,3.75,7.25,135,null
"2021-09-08T05:36:05.000Z",45.701647,5.88349,0,3.75,8.25,135,null
"2021-09-08T05:40:08.000Z",45.701647,5.88349,0.25,4,9,112.5,null
"2021-09-08T05:44:08.000Z",45.701647,5.88349,1.5,4.5,7.75,112.5,null
"2021-09-08T05:48:08.000Z",45.701647,5.88349,2,4.75,7.75,90,null
"2021-09-08T05:52:13.000Z",45.701647,5.88349,1,3.75,6.75,112.5,null
"2021-09-08T05:56:13.000Z",45.701647,5.88349,1.5,3.75,6.5,112.5,null
"2021-09-08T06:00:13.000Z",45.701647,5.88349,0,3.25,7.75,112.5,null
"2021-09-08T06:04:17.000Z",45.701647,5.88349,1.75,5.25,8.25,112.5,null
"2021-09-08T06:08:17.000Z",45.701647,5.88349,1,4.5,9.5,112.5,null
"2021-09-08T06:12:17.000Z",45.701647,5.88349,1,5.25,9.5,112.5,null
"2021-09-08T06:16:21.000Z",45.701647,5.88349,0.75,2.75,5.25,135,null
"2021-09-08T06:20:21.000Z",45.701647,5.88349,0.25,2.75,6,135,null
"2021-09-08T06:24:21.000Z",45.701647,5.88349,0.25,3.25,8,135,null
"2021-09-08T06:28:25.000Z",45.701647,5.88349,0,3.25,7,157.5,null
"2021-09-08T06:32:25.000Z",45.701647,5.88349,0,3.5,7.75,180,null
"2021-09-08T06:36:25.000Z",45.701647,5.88349,0,3.25,8,157.5,null
"2021-09-08T06:40:29.000Z",45.701647,5.88349,1.5,5.25,11.5,112.5,null
"2021-09-08T06:44:29.000Z",45.701647,5.88349,1,6,11,135,null
"2021-09-08T06:48:29.000Z",45.701647,5.88349,1.5,6.5,11.5,135,null
"2021-09-08T06:52:33.000Z",45.701647,5.88349,0,6.25,15,157.5,null
"2021-09-08T06:56:33.000Z",45.701647,5.88349,0,4.75,11,135,null
"2021-09-08T07:00:33.000Z",45.701647,5.88349,1.75,6,13.5,157.5,null
"2021-09-08T07:04:37.000Z",45.701647,5.88349,1,4,9.25,135,null
"2021-09-08T07:08:37.000Z",45.701647,5.88349,0,3.5,9.5,90,null
"2021-09-08T07:12:37.000Z",45.701647,5.88349,2,7,11.5,90,null
"2021-09-08T07:16:41.000Z",45.701647,5.88349,0,6,12.5,90,null
"2021-09-08T07:20:41.000Z",45.701647,5.88349,1.75,7,12,112.5,null
"2021-09-08T07:24:41.000Z",45.701647,5.88349,0.75,5.75,13.5,90,null
"2021-09-08T07:28:46.000Z",45.701647,5.88349,0.75,5.75,12,112.5,null
"2021-09-08T07:32:46.000Z",45.701647,5.88349,1.75,6.5,12,112.5,null
"2021-09-08T07:36:46.000Z",45.701647,5.88349,0,4.75,11,135,null
"2021-09-08T07:40:49.000Z",45.701647,5.88349,0.75,6,13,157.5,null
"2021-09-08T07:44:49.000Z",45.701647,5.88349,0.25,5.75,14,157.5,null
"2021-09-08T07:48:49.000Z",45.701647,5.88349,3.5,9.75,15.5,180,null
"2021-09-08T07:52:54.000Z",45.701647,5.88349,2.5,7.5,13,180,null
"2021-09-08T07:56:54.000Z",45.701647,5.88349,0.25,5.25,12,180,null
"2021-09-08T08:00:54.000Z",45.701647,5.88349,0.75,9.25,18,202.5,null
"2021-09-08T08:04:57.000Z",45.701647,5.88349,0.25,10.5,15.5,202.5,null
"2021-09-08T08:08:57.000Z",45.701647,5.88349,2.5,10,15.5,202.5,null
"2021-09-08T08:12:57.000Z",45.701647,5.88349,1.5,9.25,15.5,180,null
"2021-09-08T08:17:02.000Z",45.701647,5.88349,0.75,7.5,14.5,180,null
"2021-09-08T08:21:02.000Z",45.701647,5.88349,1,8.75,15.5,180,null
"2021-09-08T08:25:02.000Z",45.701647,5.88349,3.75,9,13,202.5,null
"2021-09-08T08:29:06.000Z",45.701647,5.88349,3.5,8.75,13,202.5,null
"2021-09-08T08:33:06.000Z",45.701647,5.88349,2.75,8.25,12,202.5,null
"2021-09-08T08:37:06.000Z",45.701647,5.88349,4.75,9.25,14,202.5,null
"2021-09-08T08:41:10.000Z",45.701647,5.88349,4.5,9.5,14.5,202.5,null
"2021-09-08T08:45:10.000Z",45.701647,5.88349,2,6.5,11,202.5,null
"2021-09-08T08:49:10.000Z",45.701647,5.88349,0.25,6,12,225,null
"2021-09-08T08:53:13.000Z",45.701647,5.88349,0.25,8.25,13.5,225,null
"2021-09-08T08:57:13.000Z",45.701647,5.88349,0.75,8.5,11,202.5,null
"2021-09-08T09:01:13.000Z",45.701647,5.88349,5.5,9.5,12.5,202.5,null
"2021-09-08T09:05:17.000Z",45.701647,5.88349,3.5,7.5,10,202.5,null
"2021-09-08T09:09:17.000Z",45.701647,5.88349,1.5,6.5,11,202.5,null
"2021-09-08T09:13:17.000Z",45.701647,5.88349,4.75,9.25,11,225,null
"2021-09-08T09:17:22.000Z",45.701647,5.88349,7.25,9,10.5,225,null
"2021-09-08T09:21:22.000Z",45.701647,5.88349,6.25,9.5,12,225,null
"2021-09-08T09:25:22.000Z",45.701647,5.88349,7.25,9,11,225,null
"2021-09-08T09:29:25.000Z",45.701647,5.88349,7,8.75,10,225,null
"2021-09-08T09:33:25.000Z",45.701647,5.88349,8,10,11,225,null
"2021-09-08T09:37:25.000Z",45.701647,5.88349,8,9.5,10.5,225,null
"2021-09-08T09:41:29.000Z",45.701647,5.88349,7,8.5,9.75,225,null
"2021-09-08T09:45:29.000Z",45.701647,5.88349,7,8,8.75,225,null
"2021-09-08T09:49:29.000Z",45.701647,5.88349,5.5,7.25,9.5,225,null
"2021-09-08T09:53:33.000Z",45.701647,5.88349,6,6.75,7.75,225,null
"2021-09-08T09:57:33.000Z",45.701647,5.88349,0.75,4.75,7,202.5,null
"2021-09-08T10:01:33.000Z",45.701647,5.88349,1.75,4.75,8.25,202.5,null
"2021-09-08T10:05:37.000Z",45.701647,5.88349,0.75,3.5,6.75,202.5,null
"2021-09-08T10:09:37.000Z",45.701647,5.88349,1,4.75,8.25,202.5,null
"2021-09-08T10:13:37.000Z",45.701647,5.88349,0.75,4.25,7.75,202.5,null
"2021-09-08T10:17:42.000Z",45.701647,5.88349,1,4.75,7,202.5,null
"2021-09-08T10:21:42.000Z",45.701647,5.88349,0.25,3,6.25,202.5,null
"2021-09-08T10:25:42.000Z",45.701647,5.88349,1,4.75,6.5,202.5,null
"2021-09-08T10:29:46.000Z",45.701647,5.88349,1,3.75,6.25,202.5,null
"2021-09-08T10:33:46.000Z",45.701647,5.88349,0.75,3.25,6.5,202.5,null
"2021-09-08T10:37:46.000Z",45.701647,5.88349,0.75,4,6.25,202.5,null
"2021-09-08T10:41:50.000Z",45.701647,5.88349,2.5,6.25,7.75,202.5,null
"2021-09-08T10:45:50.000Z",45.701647,5.88349,1,3.5,6.5,202.5,null
"2021-09-08T10:49:50.000Z",45.701647,5.88349,0.75,3.5,6,202.5,null
"2021-09-08T10:53:54.000Z",45.701647,5.88349,0,2.5,6,202.5,null
"2021-09-08T10:57:54.000Z",45.701647,5.88349,0,3,5.5,180,null
"2021-09-08T11:01:54.000Z",45.701647,5.88349,0.75,3.5,5.25,202.5,null
"2021-09-08T11:05:57.000Z",45.701647,5.88349,0,2,4.75,202.5,null
"2021-09-08T11:09:57.000Z",45.701647,5.88349,1,3.75,5.25,202.5,null
"2021-09-08T11:13:57.000Z",45.701647,5.88349,1.75,2.5,3.25,225,null
"2021-09-08T11:18:02.000Z",45.701647,5.88349,0.75,1.5,2.5,247.5,null
"2021-09-08T11:22:02.000Z",45.701647,5.88349,1.75,2.25,2.75,270,null
"2021-09-08T11:26:02.000Z",45.701647,5.88349,1.75,2.25,3.25,292.5,null
"2021-09-08T11:30:06.000Z",45.701647,5.88349,2,2.75,3.5,270,null
"2021-09-08T11:34:06.000Z",45.701647,5.88349,2.75,3.5,4.25,292.5,null
"2021-09-08T11:38:06.000Z",45.701647,5.88349,2.5,4,5.25,315,null
"2021-09-08T11:42:10.000Z",45.701647,5.88349,2.75,5,6.5,315,null
"2021-09-08T11:46:10.000Z",45.701647,5.88349,4.25,5,6.25,337.5,null
"2021-09-08T11:50:10.000Z",45.701647,5.88349,1.5,3.5,5.5,337.5,null
"2021-09-08T11:54:14.000Z",45.701647,5.88349,1.75,4,5.5,0,null
"2021-09-08T11:58:14.000Z",45.701647,5.88349,2.75,4,5.25,337.5,null
"2021-09-08T12:02:14.000Z",45.701647,5.88349,4.75,6,7.25,315,null
"2021-09-08T12:06:18.000Z",45.701647,5.88349,5.5,6.5,7.25,337.5,null
"2021-09-08T12:10:18.000Z",45.701647,5.88349,3.75,5.25,6.25,337.5,null
"2021-09-08T12:14:18.000Z",45.701647,5.88349,4.25,5.5,7,337.5,null
"2021-09-08T12:18:22.000Z",45.701647,5.88349,4.75,7.25,8.75,315,null
"2021-09-08T12:22:22.000Z",45.701647,5.88349,4.5,5.5,8,315,null
"2021-09-08T12:26:22.000Z",45.701647,5.88349,7,9.25,11,315,null
"2021-09-08T12:30:26.000Z",45.701647,5.88349,6,6.75,8.5,337.5,null
"2021-09-08T12:34:26.000Z",45.701647,5.88349,5.5,7,8,337.5,null
"2021-09-08T12:38:26.000Z",45.701647,5.88349,4.75,6.5,9.75,315,null
"2021-09-08T12:42:30.000Z",45.701647,5.88349,4.25,6,9.25,337.5,null
"2021-09-08T12:46:30.000Z",45.701647,5.88349,2.5,4.25,5.5,315,null
"2021-09-08T12:50:30.000Z",45.701647,5.88349,2,3.5,8.25,292.5,null
"2021-09-08T12:54:34.000Z",45.701647,5.88349,2.75,4,7,315,null
"2021-09-08T12:58:34.000Z",45.701647,5.88349,2.5,3.75,4.75,315,null
"2021-09-08T13:02:34.000Z",45.701647,5.88349,3.25,4.25,6,315,null
"2021-09-08T13:06:39.000Z",45.701647,5.88349,1.5,2.75,4.25,337.5,null
"2021-09-08T13:10:39.000Z",45.701647,5.88349,2.5,3.25,3.75,337.5,null
"2021-09-08T13:14:39.000Z",45.701647,5.88349,2.75,3.75,5.25,0,null
"2021-09-08T13:18:43.000Z",45.701647,5.88349,1,2,4.25,337.5,null
"2021-09-08T13:22:43.000Z",45.701647,5.88349,2,2.75,3.5,270,null
"2021-09-08T13:26:43.000Z",45.701647,5.88349,2.75,3.25,4.5,292.5,null
"2021-09-08T13:30:47.000Z",45.701647,5.88349,2.5,5,8,337.5,null
"2021-09-08T13:34:47.000Z",45.701647,5.88349,5.5,6.75,8,337.5,null
"2021-09-08T13:38:47.000Z",45.701647,5.88349,3.25,4.5,6,337.5,null
"2021-09-08T13:42:51.000Z",45.701647,5.88349,3.25,5,7.75,315,null
"2021-09-08T13:46:51.000Z",45.701647,5.88349,1.5,2.5,3.5,337.5,null
"2021-09-08T13:50:51.000Z",45.701647,5.88349,2.5,4.25,6.25,292.5,null
"2021-09-08T13:54:54.000Z",45.701647,5.88349,2.75,4.75,5.5,292.5,null
"2021-09-08T13:58:54.000Z",45.701647,5.88349,1,2.25,5.25,292.5,null
"2021-09-08T14:02:54.000Z",45.701647,5.88349,4.5,5.75,7.25,292.5,null
"2021-09-08T14:06:59.000Z",45.701647,5.88349,2,3.5,5.25,337.5,null
"2021-09-08T14:10:59.000Z",45.701647,5.88349,1.75,4,6,337.5,null
"2021-09-08T14:14:59.000Z",45.701647,5.88349,1.5,3.5,5.25,315,null
"2021-09-08T14:19:02.000Z",45.701647,5.88349,1.5,2.5,3.5,292.5,null
"2021-09-08T14:23:02.000Z",45.701647,5.88349,1.75,2.25,2.5,315,null
"2021-09-08T14:27:02.000Z",45.701647,5.88349,1.5,1.75,3.25,315,null
"2021-09-08T14:31:06.000Z",45.701647,5.88349,1.5,2.25,3.25,315,null
"2021-09-08T14:35:06.000Z",45.701647,5.88349,1.5,2.25,3.5,315,null
"2021-09-08T14:39:06.000Z",45.701647,5.88349,0,2.25,4.25,315,null
"2021-09-08T14:43:11.000Z",45.701647,5.88349,0,0.25,1.5,270,null
"2021-09-08T14:47:11.000Z",45.701647,5.88349,0,0.75,2.5,292.5,null
"2021-09-08T14:51:11.000Z",45.701647,5.88349,0.75,1.5,2,292.5,null
"2021-09-08T14:59:07.000Z",45.701677,5.883292,1.75,3.5,4.75,315,null
"2021-09-08T15:03:07.000Z",45.701677,5.883292,2.75,3.75,4.75,315,null
"2021-09-08T15:07:07.000Z",45.701677,5.883292,1,1.75,3.25,315,null
"2021-09-08T15:11:11.000Z",45.701677,5.883292,0,2.75,5.5,225,null
"2021-09-08T15:15:11.000Z",45.701677,5.883292,1.5,3,4.5,247.5,null
"2021-09-08T15:19:11.000Z",45.701677,5.883292,0,2.5,3.75,225,null
"2021-09-08T15:23:16.000Z",45.701677,5.883292,0.25,2.75,5.25,247.5,null
"2021-09-08T15:27:16.000Z",45.701677,5.883292,0,1,2.75,225,null
"2021-09-08T15:31:16.000Z",45.701677,5.883292,0,4.5,7.75,112.5,null
"2021-09-08T15:35:19.000Z",45.701677,5.883292,0.75,5.75,14,337.5,null
"2021-09-08T15:39:19.000Z",45.701677,5.883292,3.5,7,12,292.5,null
"2021-09-08T15:43:19.000Z",45.701677,5.883292,0,2.25,3.75,292.5,null
"2021-09-08T15:48:00.000Z",45.701677,5.883292,0,2,9.75,292.5,null
"2021-09-08T15:52:00.000Z",45.701677,5.883292,3.5,6.75,9,315,null
"2021-09-08T15:56:00.000Z",45.701683,5.883475,0,1.5,3.75,292.5,null
"2021-09-08T16:00:04.000Z",45.701683,5.883475,0,1.25,2.75,202.5,null
"2021-09-08T16:04:04.000Z",45.701683,5.883475,0,1,3.5,270,null
"2021-09-08T16:08:04.000Z",45.701683,5.883475,0,7.75,14.5,247.5,null
"2021-09-08T16:12:08.000Z",45.701683,5.883475,1.75,7.25,13.5,225,null
"2021-09-08T16:16:08.000Z",45.701683,5.883475,0,1.25,4.75,112.5,null
"2021-09-08T16:20:08.000Z",45.701683,5.883475,0,7.5,18,292.5,null
"2021-09-08T16:24:12.000Z",45.701683,5.883475,1,10,20.5,270,null
"2021-09-08T16:28:12.000Z",45.701683,5.883475,2.75,12.5,19,247.5,null
"2021-09-08T16:32:12.000Z",45.701683,5.883475,0.25,8.5,20,292.5,null
"2021-09-08T16:36:16.000Z",45.701683,5.883475,0,5,21,270,null
"2021-09-08T16:40:16.000Z",45.701683,5.883475,8.75,13.5,20.5,270,null
"2021-09-08T16:44:16.000Z",45.701683,5.883475,3.5,14,20.5,270,null
"2021-09-08T16:48:20.000Z",45.701683,5.883475,8,16,20.5,270,null
"2021-09-08T16:52:20.000Z",45.701683,5.883475,11,16,21.5,270,null
"2021-09-08T16:56:20.000Z",45.701683,5.883475,6,12.5,22,270,null
"2021-09-08T17:00:24.000Z",45.701683,5.883475,6.5,14,20.5,270,null
"2021-09-08T17:04:24.000Z",45.701683,5.883475,13,16.5,21,270,null
"2021-09-08T17:08:24.000Z",45.701683,5.883475,9.75,15,22,270,null
"2021-09-08T17:12:29.000Z",45.701683,5.883475,12.5,16.5,21.5,270,null
"2021-09-08T17:16:29.000Z",45.701683,5.883475,11,17,24,270,null
"2021-09-08T17:20:29.000Z",45.701683,5.883475,5.5,10.5,14.5,270,null
"2021-09-08T17:24:32.000Z",45.701683,5.883475,8.25,12.5,17.5,270,null
"2021-09-08T17:28:32.000Z",45.701683,5.883475,12.5,15.5,20.5,270,null
"2021-09-08T17:32:32.000Z",45.701683,5.883475,15.5,20,26.5,270,null
"2021-09-08T17:36:37.000Z",45.701683,5.883475,11.5,15.5,21,270,null
"2021-09-08T17:40:37.000Z",45.701683,5.883475,15.5,19.5,26,270,null
"2021-09-08T17:44:37.000Z",45.701683,5.883475,14,18.5,23,270,null
"2021-09-08T17:48:40.000Z",45.701683,5.883475,14.5,17,19.5,270,null
"2021-09-08T17:52:40.000Z",45.701683,5.883475,11,17.5,20.5,270,null
"2021-09-08T17:56:40.000Z",45.701683,5.883475,10,16.5,21,270,null
"2021-09-08T18:00:44.000Z",45.701683,5.883475,10.5,12.5,17,270,null
"2021-09-08T18:04:44.000Z",45.701683,5.883475,2.5,9.25,17.5,270,null
"2021-09-08T18:08:44.000Z",45.701683,5.883475,6.5,11,14,270,null
"2021-09-08T18:12:48.000Z",45.701683,5.883475,11,16,23,270,null
"2021-09-08T18:16:48.000Z",45.701683,5.883475,9.75,16,23.5,270,null
"2021-09-08T18:20:48.000Z",45.701683,5.883475,12,18.5,27,270,null
"2021-09-08T18:24:52.000Z",45.701683,5.883475,18,23.5,28,247.5,null
"2021-09-08T18:28:52.000Z",45.701683,5.883475,19,24,29,247.5,null
"2021-09-08T18:32:52.000Z",45.701683,5.883475,12,21,32,225,null
"2021-09-08T18:36:57.000Z",45.701683,5.883475,7,18.5,29,247.5,null
"2021-09-08T18:40:57.000Z",45.701683,5.883475,14,21.5,29,247.5,null
"2021-09-08T18:44:57.000Z",45.701683,5.883475,13.5,21,28.5,247.5,null
"2021-09-08T18:49:01.000Z",45.701683,5.883475,12,22,29.5,225,null
"2021-09-08T18:53:01.000Z",45.701683,5.883475,11.5,19.5,28,225,null
"2021-09-08T18:57:01.000Z",45.701683,5.883475,13.5,21,30.5,247.5,null
"2021-09-08T19:01:05.000Z",45.701683,5.883475,14.5,20,27.5,270,null
"2021-09-08T19:05:05.000Z",45.701683,5.883475,14.5,22.5,32,247.5,null
"2021-09-08T19:09:05.000Z",45.701683,5.883475,16.5,25,34,247.5,null
"2021-09-08T19:13:09.000Z",45.701683,5.883475,12,20,27,225,null
"2021-09-08T19:17:09.000Z",45.701683,5.883475,8.75,16.5,27,247.5,null
"2021-09-08T19:21:09.000Z",45.701683,5.883475,19,24,29,247.5,null
"2021-09-08T19:25:13.000Z",45.701683,5.883475,4.75,18.5,24.5,225,null
"2021-09-08T19:29:13.000Z",45.701683,5.883475,0,3.75,9.5,157.5,null
"2021-09-08T19:33:13.000Z",45.701683,5.883475,0,3.75,8,202.5,null
"2021-09-08T19:37:17.000Z",45.701683,5.883475,0,5.75,10.5,135,null
"2021-09-08T19:41:17.000Z",45.701683,5.883475,5.25,16,24.5,270,null
"2021-09-08T19:45:17.000Z",45.701683,5.883475,9.5,17.5,29,247.5,null
"2021-09-08T19:49:21.000Z",45.701683,5.883475,12,19.5,28,270,null
"2021-09-08T19:53:21.000Z",45.701683,5.883475,5.5,12,19,270,null
"2021-09-08T19:57:21.000Z",45.701683,5.883475,11,16.5,23.5,247.5,null
"2021-09-08T20:01:25.000Z",45.701683,5.883475,6.25,10.5,16.5,247.5,null
"2021-09-08T20:05:25.000Z",45.701683,5.883475,0,4.75,8.25,135,null
"2021-09-08T20:09:25.000Z",45.701683,5.883475,0,1.5,4.5,112.5,null
"2021-09-08T20:13:29.000Z",45.701683,5.883475,0.75,3.25,4.5,90,null
"2021-09-08T20:17:29.000Z",45.701683,5.883475,1,2.25,3.5,112.5,null
"2021-09-08T20:21:29.000Z",45.701683,5.883475,0,1,2.75,90,null
"2021-09-08T20:25:33.000Z",45.701683,5.883475,1,3.5,6.5,67.5,null
"2021-09-08T20:29:33.000Z",45.701683,5.883475,0,2.25,9,67.5,null
"2021-09-08T20:33:33.000Z",45.701683,5.883475,1.75,7.5,13,135,null
"2021-09-08T20:37:37.000Z",45.701683,5.883475,0,2,4.5,247.5,null
"2021-09-08T20:41:37.000Z",45.701683,5.883475,0,11,26.5,270,null
"2021-09-08T20:45:37.000Z",45.701683,5.883475,10.5,16.5,21.5,247.5,null
"2021-09-08T20:49:41.000Z",45.701683,5.883475,2,7.25,15,202.5,null
"2021-09-08T20:53:41.000Z",45.701683,5.883475,1.5,11.5,21,225,null
"2021-09-08T20:57:41.000Z",45.701683,5.883475,0,6.25,12.5,112.5,null
"2021-09-08T21:01:45.000Z",45.701683,5.883475,0.75,5,9.75,0,null
"2021-09-08T21:05:45.000Z",45.701683,5.883475,0,2.25,8.25,67.5,null
"2021-09-08T21:09:45.000Z",45.701683,5.883475,0,4,9.75,270,null
"2021-09-08T21:13:49.000Z",45.701683,5.883475,0,3.25,6,135,null
"2021-09-08T21:17:49.000Z",45.701683,5.883475,3.5,5.25,6.5,90,null
"2021-09-08T21:21:49.000Z",45.701683,5.883475,2,5.25,8.75,112.5,null
"2021-09-08T21:25:53.000Z",45.701683,5.883475,3.25,4.75,6.5,112.5,null
"2021-09-08T21:29:53.000Z",45.701683,5.883475,2.75,5.25,7.25,90,null
"2021-09-08T21:33:53.000Z",45.701683,5.883475,2,4,5.5,157.5,null
"2021-09-08T21:37:57.000Z",45.701683,5.883475,0.25,2.25,4.25,135,null
"2021-09-08T21:41:57.000Z",45.701683,5.883475,3.25,5.75,7.75,112.5,null
"2021-09-08T21:45:57.000Z",45.701683,5.883475,0,3.5,6.5,157.5,null
"2021-09-08T21:50:01.000Z",45.701683,5.883475,7.25,12,18,270,null
"2021-09-08T21:54:01.000Z",45.701683,5.883475,8,16.5,26,270,null
"2021-09-08T21:58:01.000Z",45.701683,5.883475,0.75,6,11,202.5,null
"2021-09-08T22:02:05.000Z",45.701683,5.883475,0,9.25,22.5,247.5,null
"2021-09-08T22:06:05.000Z",45.701683,5.883475,8.25,15.5,24,247.5,null
"2021-09-08T22:10:05.000Z",45.701683,5.883475,8.25,16.5,22.5,247.5,null
"2021-09-08T22:14:10.000Z",45.701683,5.883475,7.75,17.5,31.5,247.5,null
"2021-09-08T22:18:10.000Z",45.701683,5.883475,5.5,16,25,247.5,null
"2021-09-08T22:22:10.000Z",45.701683,5.883475,0.25,8.25,14.5,225,null
"2021-09-08T22:26:14.000Z",45.701683,5.883475,0,1,2.5,157.5,null
"2021-09-08T22:30:14.000Z",45.701683,5.883475,0,3.25,6.25,180,null
"2021-09-08T22:34:14.000Z",45.701683,5.883475,2.75,4.5,7,112.5,null
"2021-09-08T22:38:17.000Z",45.701683,5.883475,2.75,4.25,6.25,112.5,null
"2021-09-08T22:42:17.000Z",45.701683,5.883475,2.75,4.25,7.25,112.5,null
"2021-09-08T22:46:17.000Z",45.701683,5.883475,1,3,4.75,112.5,null
"2021-09-08T22:50:21.000Z",45.701683,5.883475,2,3.75,5.25,90,null
"2021-09-08T22:54:21.000Z",45.701683,5.883475,2,3.5,5.25,90,null
"2021-09-08T22:58:21.000Z",45.701683,5.883475,3.5,4.75,6.5,90,null
"2021-09-08T23:02:25.000Z",45.701683,5.883475,3.25,4.5,6.25,90,null
"2021-09-08T23:06:25.000Z",45.701683,5.883475,3.25,4.75,6,90,null
"2021-09-08T23:10:25.000Z",45.701683,5.883475,3.25,4.75,6,90,null
"2021-09-08T23:14:30.000Z",45.701683,5.883475,2.5,3.5,4.25,90,null
"2021-09-08T23:18:30.000Z",45.701683,5.883475,0.75,2.25,3.5,90,null
"2021-09-08T23:22:30.000Z",45.701683,5.883475,1,2.75,4.25,90,null
"2021-09-08T23:26:34.000Z",45.701683,5.883475,1.5,2.75,4.75,90,null
"2021-09-08T23:30:34.000Z",45.701683,5.883475,2.5,3.25,4.5,90,null
"2021-09-08T23:34:34.000Z",45.701683,5.883475,3.5,4,4.75,90,null
"2021-09-08T23:38:38.000Z",45.701683,5.883475,2.5,4.75,6.25,90,null
"2021-09-08T23:42:38.000Z",45.701683,5.883475,1.75,3.5,5.5,90,null
"2021-09-08T23:46:38.000Z",45.701683,5.883475,2,4.25,6.25,90,null
"2021-09-08T23:50:42.000Z",45.701683,5.883475,2.75,5.25,7.75,90,null
"2021-09-08T23:54:42.000Z",45.701683,5.883475,4.25,6.5,8.75,90,null
"2021-09-08T23:58:42.000Z",45.701683,5.883475,2.5,5,8.25,90,null
"2021-09-09T00:02:45.000Z",45.701683,5.883475,2,3.75,7,90,null
"2021-09-09T00:06:45.000Z",45.701683,5.883475,3.5,7.75,12.5,90,null
"2021-09-09T00:10:45.000Z",45.701683,5.883475,5.25,8,11.5,90,null
"2021-09-09T00:14:50.000Z",45.701683,5.883475,3.25,5.75,9.75,90,null
"2021-09-09T00:18:50.000Z",45.701683,5.883475,0,2.75,6.5,90,null
"2021-09-09T00:22:50.000Z",45.701683,5.883475,0,2,4.25,337.5,null
"2021-09-09T00:26:54.000Z",45.701683,5.883475,0,0.75,2.75,337.5,null
"2021-09-09T00:30:54.000Z",45.701683,5.883475,0,0.5,2.5,90,null
"2021-09-09T00:34:54.000Z",45.701683,5.883475,0,0.5,3.25,90,null
"2021-09-09T00:38:58.000Z",45.701683,5.883475,2,3.75,5.25,67.5,null
"2021-09-09T00:42:58.000Z",45.701683,5.883475,2,4.75,7,67.5,null
"2021-09-09T00:46:58.000Z",45.701683,5.883475,4.25,6,8,67.5,null
"2021-09-09T00:51:01.000Z",45.701683,5.883475,3.5,5.5,7.75,90,null
"2021-09-09T00:55:01.000Z",45.701683,5.883475,2.5,5.25,7.75,90,null
"2021-09-09T00:59:01.000Z",45.701683,5.883475,3.25,5.75,8.75,90,null
"2021-09-09T01:03:06.000Z",45.701683,5.883475,3.25,5.25,8,90,null
"2021-09-09T01:07:06.000Z",45.701683,5.883475,2,5.25,7.25,112.5,null
"2021-09-09T01:11:06.000Z",45.701683,5.883475,2,4.75,7.75,112.5,null
"2021-09-09T01:15:10.000Z",45.701683,5.883475,2,4.5,7.25,112.5,null
"2021-09-09T01:19:10.000Z",45.701683,5.883475,1.75,3.5,5.25,112.5,null
"2021-09-09T01:23:10.000Z",45.701683,5.883475,2.5,4,6.25,112.5,null
"2021-09-09T01:27:14.000Z",45.701683,5.883475,2.75,5.25,8.75,90,null
"2021-09-09T01:31:14.000Z",45.701683,5.883475,3.25,5.75,8.25,90,null
"2021-09-09T01:35:14.000Z",45.701683,5.883475,0,3,5.5,112.5,null
"2021-09-09T01:39:18.000Z",45.701683,5.883475,2,4.25,7,112.5,null
"2021-09-09T01:43:18.000Z",45.701683,5.883475,2,4.75,8.25,90,null
"2021-09-09T01:47:18.000Z",45.701683,5.883475,1.75,5.5,11,90,null
"2021-09-09T01:51:21.000Z",45.701683,5.883475,2.5,4,6,112.5,null
"2021-09-09T01:55:21.000Z",45.701683,5.883475,2,5,8,112.5,null
"2021-09-09T01:59:21.000Z",45.701683,5.883475,3.5,6.75,11.5,90,null
"2021-09-09T02:03:26.000Z",45.701683,5.883475,4.25,7.75,13,90,null
"2021-09-09T02:07:26.000Z",45.701683,5.883475,3.5,6.25,11,112.5,null
"2021-09-09T02:11:26.000Z",45.701683,5.883475,3.25,5.75,8.75,112.5,null
"2021-09-09T02:15:30.000Z",45.701683,5.883475,1.5,3.75,7,112.5,null
"2021-09-09T02:19:30.000Z",45.701683,5.883475,2.75,5.25,7.25,112.5,null
"2021-09-09T02:23:30.000Z",45.701683,5.883475,2.75,4.25,6.25,112.5,null
"2021-09-09T02:27:34.000Z",45.701683,5.883475,2.5,4.75,8,135,null
"2021-09-09T02:31:34.000Z",45.701683,5.883475,2.75,5.5,8.75,112.5,null
"2021-09-09T02:35:34.000Z",45.701683,5.883475,3.5,5.5,7.25,112.5,null
"2021-09-09T02:39:38.000Z",45.701683,5.883475,3.5,5.5,9,90,null
"2021-09-09T02:43:38.000Z",45.701683,5.883475,5.25,7.5,9.75,90,null
"2021-09-09T02:47:38.000Z",45.701683,5.883475,4.75,7.25,10,90,null
"2021-09-09T02:51:42.000Z",45.701683,5.883475,2.5,5,8.75,90,null
"2021-09-09T02:55:42.000Z",45.701683,5.883475,2,4.25,6.5,90,null
"2021-09-09T02:59:42.000Z",45.701683,5.883475,1.5,4.25,8,90,null
"2021-09-09T03:03:46.000Z",45.701683,5.883475,0.25,2.75,5.25,90,null
"2021-09-09T03:07:46.000Z",45.701683,5.883475,2,4,6.25,90,null
"2021-09-09T03:11:46.000Z",45.701683,5.883475,3.5,5,6.25,90,null
"2021-09-09T03:15:50.000Z",45.701683,5.883475,0.25,2.25,4,90,null
"2021-09-09T03:19:50.000Z",45.701683,5.883475,2,3.5,4.5,90,null
"2021-09-09T03:23:50.000Z",45.701683,5.883475,1.75,3,3.75,90,null
"2021-09-09T03:27:54.000Z",45.701683,5.883475,1,3.5,6,90,null
"2021-09-09T03:31:54.000Z",45.701683,5.883475,2.75,4.5,6.5,90,null
"2021-09-09T03:35:54.000Z",45.701683,5.883475,0.75,3.25,5.25,90,null
"2021-09-09T03:39:58.000Z",45.701683,5.883475,2.75,4,4.75,90,null
"2021-09-09T03:43:58.000Z",45.701683,5.883475,2.75,4.5,5.5,90,null
"2021-09-09T03:47:58.000Z",45.701683,5.883475,2,4,5.25,90,null
"2021-09-09T03:52:03.000Z",45.701683,5.883475,2.5,3.75,4.5,90,null
"2021-09-09T03:56:03.000Z",45.701683,5.883475,2,3.5,5.5,90,null
"2021-09-09T04:00:03.000Z",45.701683,5.883475,2.5,4.5,6.5,90,null
"2021-09-09T04:04:06.000Z",45.701683,5.883475,2.75,4.5,7,90,null
"2021-09-09T04:08:06.000Z",45.701683,5.883475,1.5,4,7,90,null
"2021-09-09T04:12:06.000Z",45.701683,5.883475,0.75,1.75,3.75,90,null
"2021-09-09T04:16:11.000Z",45.701683,5.883475,1,2,2.75,90,null
"2021-09-09T04:20:11.000Z",45.701683,5.883475,1.5,2.25,3.25,90,null
"2021-09-09T04:24:11.000Z",45.701683,5.883475,0.75,1.5,2,67.5,null
"2021-09-09T04:28:14.000Z",45.701683,5.883475,0.25,0.75,1.75,67.5,null
"2021-09-09T04:32:14.000Z",45.701683,5.883475,1,2,2.75,67.5,null
"2021-09-09T04:36:14.000Z",45.701683,5.883475,1.5,2.25,3.25,67.5,null
"2021-09-09T04:40:18.000Z",45.701683,5.883475,1,2.5,4.25,45,null
"2021-09-09T04:44:18.000Z",45.701683,5.883475,1.5,2.5,4.25,67.5,null
"2021-09-09T04:48:18.000Z",45.701683,5.883475,2.5,3.5,4.75,67.5,null
"2021-09-09T04:52:23.000Z",45.701683,5.883475,2.5,3.75,8,45,null
"2021-09-09T04:56:23.000Z",45.701683,5.883475,3.5,7.75,12,0,null
"2021-09-09T05:00:23.000Z",45.701683,5.883475,9.75,11.5,13,0,null
"2021-09-09T05:04:26.000Z",45.701683,5.883475,5.25,9.25,11.5,0,null
"2021-09-09T05:08:26.000Z",45.701683,5.883475,0,2.5,8.25,67.5,null
"2021-09-09T05:12:26.000Z",45.701683,5.883475,0.75,2.75,6,90,null
"2021-09-09T05:16:30.000Z",45.701683,5.883475,1,3.5,6.25,90,null
"2021-09-09T05:20:30.000Z",45.701683,5.883475,0,3.25,7,67.5,null
"2021-09-09T05:24:30.000Z",45.701683,5.883475,0,0.75,2,135,null
"2021-09-09T05:28:35.000Z",45.701683,5.883475,1.5,2.75,5.5,157.5,null
"2021-09-09T05:32:35.000Z",45.701683,5.883475,1.75,5,7,135,null
"2021-09-09T05:36:35.000Z",45.701683,5.883475,0,0.5,4.25,135,null
"2021-09-09T05:40:39.000Z",45.701683,5.883475,0,0,0,112.5,null
"2021-09-09T05:44:39.000Z",45.701683,5.883475,0,1.75,3.25,90,null
"2021-09-09T05:48:39.000Z",45.701683,5.883475,0,0.75,2,67.5,null
"2021-09-09T05:52:43.000Z",45.701683,5.883475,1.5,2.75,3.5,67.5,null
"2021-09-09T05:56:43.000Z",45.701683,5.883475,0,2.25,4.25,90,null
"2021-09-09T06:00:43.000Z",45.701683,5.883475,1.5,3,4.5,112.5,null
"2021-09-09T06:04:46.000Z",45.701683,5.883475,2.75,4.25,6,135,null
"2021-09-09T06:08:46.000Z",45.701683,5.883475,1,3,4.75,112.5,null
"2021-09-09T06:12:46.000Z",45.701683,5.883475,0,1.25,3.25,90,null
"2021-09-09T06:16:51.000Z",45.701683,5.883475,0,2.5,5.25,90,null
"2021-09-09T06:20:51.000Z",45.701683,5.883475,0.75,2.5,4.25,112.5,null
"2021-09-09T06:24:51.000Z",45.701683,5.883475,0.25,2.25,3.75,112.5,null
"2021-09-09T06:28:55.000Z",45.701683,5.883475,1.75,4.25,7,90,null
"2021-09-09T06:32:55.000Z",45.701683,5.883475,2,4.25,5.5,112.5,null
"2021-09-09T06:36:55.000Z",45.701683,5.883475,1.75,3.5,6,112.5,null
"2021-09-09T06:40:59.000Z",45.701683,5.883475,0.75,2.5,4.5,112.5,null
"2021-09-09T06:44:59.000Z",45.701683,5.883475,0,1.75,2.75,90,null
"2021-09-09T06:48:59.000Z",45.701683,5.883475,1.75,2.75,3.5,90,null
"2021-09-09T06:53:03.000Z",45.701683,5.883475,0.25,2,3.25,90,null
"2021-09-09T06:57:03.000Z",45.701683,5.883475,0.25,1.5,2.75,67.5,null
"2021-09-09T07:01:03.000Z",45.701683,5.883475,0,0.5,3.25,67.5,null
"2021-09-09T07:05:07.000Z",45.701683,5.883475,1,3,4.5,22.5,null
"2021-09-09T07:09:07.000Z",45.701683,5.883475,1.75,2.75,4.75,22.5,null
"2021-09-09T07:13:07.000Z",45.701683,5.883475,0,2.5,4.75,45,null
"2021-09-09T07:17:11.000Z",45.701683,5.883475,0.75,3.5,7,0,null
"2021-09-09T07:21:11.000Z",45.701683,5.883475,5.25,7.25,9,337.5,null
"2021-09-09T07:25:11.000Z",45.701683,5.883475,3.25,5,7.25,315,null
"2021-09-09T07:29:15.000Z",45.701683,5.883475,0.75,3,8.25,315,null
"2021-09-09T07:33:15.000Z",45.701683,5.883475,4.5,6,8.25,337.5,null
"2021-09-09T07:37:15.000Z",45.701683,5.883475,5.5,6.75,8.25,337.5,null
"2021-09-09T07:41:19.000Z",45.701683,5.883475,4.25,5.75,7.25,337.5,null
"2021-09-09T07:45:19.000Z",45.701683,5.883475,4.25,5.25,6.5,337.5,null
"2021-09-09T07:49:19.000Z",45.701683,5.883475,3.75,5.75,7.25,337.5,null
"2021-09-09T07:53:23.000Z",45.701683,5.883475,5.5,7.25,9,337.5,null
"2021-09-09T07:57:23.000Z",45.701683,5.883475,3.75,5.25,7.25,337.5,null
"2021-09-09T08:01:23.000Z",45.701683,5.883475,3.5,4.25,4.75,337.5,null
"2021-09-09T08:05:28.000Z",45.701683,5.883475,1.75,4.5,6,315,null
"2021-09-09T08:09:28.000Z",45.701683,5.883475,1,4.25,5.5,315,null
"2021-09-09T08:13:28.000Z",45.701683,5.883475,2.75,4.5,6,315,null
"2021-09-09T08:17:31.000Z",45.701683,5.883475,4,5.5,7,337.5,null
"2021-09-09T08:21:31.000Z",45.701683,5.883475,6,7.75,10.5,337.5,null
"2021-09-09T08:25:31.000Z",45.701683,5.883475,9,10.5,12,0,null
"2021-09-09T08:29:36.000Z",45.701683,5.883475,8.75,10.5,12,0,null
"2021-09-09T08:33:36.000Z",45.701683,5.883475,8.75,10.5,12,0,null
"2021-09-09T08:37:36.000Z",45.701683,5.883475,8.75,11.5,13,0,null
"2021-09-09T08:41:39.000Z",45.701683,5.883475,9.5,11.5,13.5,337.5,null
"2021-09-09T08:45:39.000Z",45.701683,5.883475,9.75,12,14,337.5,null
"2021-09-09T08:49:39.000Z",45.701683,5.883475,9.75,12,13.5,337.5,null
"2021-09-09T08:53:44.000Z",45.701683,5.883475,9.5,12,13.5,337.5,null
"2021-09-09T08:57:44.000Z",45.701683,5.883475,9.75,11.5,13,337.5,null
"2021-09-09T09:01:44.000Z",45.701683,5.883475,8.75,10.5,13,337.5,null
"2021-09-09T09:05:47.000Z",45.701683,5.883475,8.25,10,11.5,337.5,null
"2021-09-09T09:09:47.000Z",45.701683,5.883475,8,10,12,337.5,null
"2021-09-09T09:13:47.000Z",45.701683,5.883475,6.5,9,11.5,337.5,null
"2021-09-09T09:17:51.000Z",45.701683,5.883475,6,8,10,0,null
"2021-09-09T09:21:51.000Z",45.701683,5.883475,6.25,8.25,11,0,null
"2021-09-09T09:25:51.000Z",45.701683,5.883475,5.25,7.5,9.5,0,null
"2021-09-09T09:29:55.000Z",45.701683,5.883475,5.25,7.25,8.75,0,null
"2021-09-09T09:33:55.000Z",45.701683,5.883475,3.75,6.5,8.25,0,null
"2021-09-09T09:37:55.000Z",45.701683,5.883475,3.25,5.5,7.25,0,null
"2021-09-09T09:41:59.000Z",45.701683,5.883475,3.5,5,6.25,0,null
"2021-09-09T09:45:59.000Z",45.701683,5.883475,1,3,4.75,0,null
"2021-09-09T09:49:59.000Z",45.701683,5.883475,0.25,1.75,3.5,337.5,null
"2021-09-09T09:54:04.000Z",45.701683,5.883475,1.75,2.5,3.5,315,null
"2021-09-09T09:58:04.000Z",45.701683,5.883475,1.5,2.25,3.25,292.5,null
"2021-09-09T10:02:04.000Z",45.701683,5.883475,1,2.5,3.75,292.5,null
"2021-09-09T10:06:08.000Z",45.701683,5.883475,1.75,2.75,3.75,315,null
"2021-09-09T10:10:08.000Z",45.701683,5.883475,0.75,2,2.75,292.5,null
"2021-09-09T10:14:08.000Z",45.701683,5.883475,2,3.25,4.25,292.5,null
"2021-09-09T10:18:11.000Z",45.701683,5.883475,1.75,3,4.25,292.5,null
"2021-09-09T10:22:11.000Z",45.701683,5.883475,0.25,1.5,3.5,315,null
"2021-09-09T10:26:11.000Z",45.701683,5.883475,0.25,1,2,337.5,null
"2021-09-09T10:30:16.000Z",45.701683,5.883475,0.75,2.25,3.25,0,null
"2021-09-09T10:34:16.000Z",45.701683,5.883475,1.75,2.5,3.5,0,null
"2021-09-09T10:38:16.000Z",45.701683,5.883475,1.75,3.5,4.5,315,null
"2021-09-09T10:42:20.000Z",45.701683,5.883475,3.5,5,6,315,null
"2021-09-09T10:46:20.000Z",45.701683,5.883475,3.75,5.5,7.25,315,null
"2021-09-09T10:50:20.000Z",45.701683,5.883475,4.25,5.25,6.5,315,null
"2021-09-09T10:54:23.000Z",45.701683,5.883475,3.25,4.25,4.75,315,null
"2021-09-09T10:58:23.000Z",45.701683,5.883475,3.5,4.25,5.5,337.5,null
"2021-09-09T11:02:23.000Z",45.701683,5.883475,3.5,4.5,5.5,0,null
"2021-09-09T11:06:28.000Z",45.701683,5.883475,3.75,4.5,6,0,null
"2021-09-09T11:10:28.000Z",45.701683,5.883475,3.25,4.5,5.5,337.5,null
"2021-09-09T11:14:28.000Z",45.701683,5.883475,2.75,4.75,7,22.5,null
"2021-09-09T11:18:32.000Z",45.701683,5.883475,1.75,5,7,45,null
"2021-09-09T11:22:32.000Z",45.701683,5.883475,0,3,6.5,247.5,null
"2021-09-09T11:26:32.000Z",45.701683,5.883475,6,7.75,10,247.5,null
"2021-09-09T11:30:35.000Z",45.701683,5.883475,1.5,5.25,9.75,225,null
"2021-09-09T11:34:35.000Z",45.701683,5.883475,0,1,4.25,225,null
"2021-09-09T11:38:35.000Z",45.701683,5.883475,4.5,6.5,8.25,247.5,null
"2021-09-09T11:42:40.000Z",45.701683,5.883475,3.5,5,7.25,225,null
"2021-09-09T11:46:40.000Z",45.701683,5.883475,4.25,5.75,7.75,225,null
"2021-09-09T11:50:40.000Z",45.701683,5.883475,0,3.75,7.75,225,null
"2021-09-09T11:54:44.000Z",45.701683,5.883475,0,1,2.5,202.5,null
"2021-09-09T11:58:44.000Z",45.701683,5.883475,0,1,3.25,180,null
"2021-09-09T12:02:44.000Z",45.701683,5.883475,0,0.75,2,157.5,null
"2021-09-09T12:06:48.000Z",45.701683,5.883475,0,2,4.25,247.5,null
"2021-09-09T12:10:48.000Z",45.701683,5.883475,0,0.5,3.25,247.5,null
"2021-09-09T12:14:48.000Z",45.701683,5.883475,0.25,3,5.5,337.5,null
"2021-09-09T12:18:52.000Z",45.701683,5.883475,0,2.25,4.75,337.5,null
"2021-09-09T12:22:52.000Z",45.701683,5.883475,2,3.25,4.5,0,null
"2021-09-09T12:26:52.000Z",45.701683,5.883475,0.25,3.75,6.25,45,null
"2021-09-09T12:30:56.000Z",45.701683,5.883475,0,4,8.75,315,null
"2021-09-09T12:34:56.000Z",45.701683,5.883475,0.75,3.5,13,315,null
"2021-09-09T12:38:56.000Z",45.701683,5.883475,4.75,10,13.5,292.5,null
"2021-09-09T12:43:00.000Z",45.701683,5.883475,1.5,12,19,270,null
"2021-09-09T12:47:00.000Z",45.701683,5.883475,8,12.5,19,270,null
"2021-09-09T12:51:00.000Z",45.701683,5.883475,9.5,16.5,24.5,270,null
"2021-09-09T12:55:04.000Z",45.701683,5.883475,16,20.5,28.5,270,null
"2021-09-09T12:59:04.000Z",45.701683,5.883475,14.5,23,29.5,270,null
"2021-09-09T13:03:04.000Z",45.701683,5.883475,17,22,26.5,270,null
"2021-09-09T13:07:09.000Z",45.701683,5.883475,16.5,24.5,29.5,270,null
"2021-09-09T13:11:09.000Z",45.701683,5.883475,13.5,20,28,270,null
"2021-09-09T13:15:09.000Z",45.701683,5.883475,15,22.5,30,247.5,null
"2021-09-09T13:19:12.000Z",45.701683,5.883475,6,12.5,22,270,null
"2021-09-09T13:23:12.000Z",45.701683,5.883475,13,18.5,23.5,270,null
"2021-09-09T13:27:12.000Z",45.701683,5.883475,15,20,26,270,null
"2021-09-09T13:31:16.000Z",45.701683,5.883475,12,17,24,270,null
"2021-09-09T13:35:16.000Z",45.701683,5.883475,14,20,26,270,null
"2021-09-09T13:39:16.000Z",45.701683,5.883475,15,20.5,28,270,null
"2021-09-09T13:43:21.000Z",45.701683,5.883475,13.5,19.5,26,270,null
"2021-09-09T13:47:21.000Z",45.701683,5.883475,9.5,18.5,25,270,null
"2021-09-09T13:51:21.000Z",45.701683,5.883475,13,20.5,26,270,null
"2021-09-09T13:55:24.000Z",45.701683,5.883475,11.5,17.5,24,270,null
"2021-09-09T13:59:24.000Z",45.701683,5.883475,13,17.5,22.5,247.5,null
"2021-09-09T14:03:24.000Z",45.701683,5.883475,8.25,12.5,18,247.5,null
"2021-09-09T14:07:28.000Z",45.701683,5.883475,11.5,14,16.5,247.5,null
"2021-09-09T14:11:28.000Z",45.701683,5.883475,7.25,12,15.5,247.5,null
"2021-09-09T14:15:28.000Z",45.701683,5.883475,8.25,10.5,13.5,247.5,null
"2021-09-09T14:19:32.000Z",45.701683,5.883475,5.5,10,13,225,null
"2021-09-09T14:23:32.000Z",45.701683,5.883475,6.25,9.5,13,225,null
"2021-09-09T14:27:32.000Z",45.701683,5.883475,4.5,7,9.5,225,null
"2021-09-09T14:31:36.000Z",45.701683,5.883475,0.25,4.75,7,202.5,null
"2021-09-09T14:35:36.000Z",45.701683,5.883475,0,2,3.75,180,null
"2021-09-09T14:39:36.000Z",45.701683,5.883475,0.75,3,6,202.5,null
"2021-09-09T14:43:40.000Z",45.701683,5.883475,1,3,4.75,202.5,null
"2021-09-09T14:47:40.000Z",45.701683,5.883475,1.75,3,4.25,202.5,null
"2021-09-09T14:51:40.000Z",45.701683,5.883475,1.75,3.5,4.75,225,null
"2021-09-09T14:59:44.000Z",45.701682,5.883513,0,2.25,4.25,180,null
"2021-09-09T15:03:44.000Z",45.701682,5.883513,0,0.75,3.5,180,null
"2021-09-09T15:07:44.000Z",45.701682,5.883513,0,0.75,2.5,202.5,null
"2021-09-09T15:11:48.000Z",45.701682,5.883513,1,2,2.75,225,null
"2021-09-09T15:15:48.000Z",45.701682,5.883513,1.5,2.75,4.5,202.5,null
"2021-09-09T15:19:48.000Z",45.701682,5.883513,0.75,2.5,4.25,202.5,null
"2021-09-09T15:23:52.000Z",45.701682,5.883513,0,2.25,4.5,180,null
"2021-09-09T15:27:52.000Z",45.701682,5.883513,0,2,4.25,180,null
"2021-09-09T15:31:52.000Z",45.701682,5.883513,1,3.5,4.75,202.5,null
"2021-09-09T15:35:56.000Z",45.701682,5.883513,1,3.25,5.25,202.5,null
"2021-09-09T15:39:56.000Z",45.701682,5.883513,0.75,2.75,4.5,202.5,null
"2021-09-09T15:43:56.000Z",45.701682,5.883513,0.25,2.5,4.75,202.5,null
"2021-09-09T15:48:45.000Z",45.701682,5.883513,0.75,3.25,4.75,202.5,null
"2021-09-09T15:52:45.000Z",45.701682,5.883513,1.5,3.25,5.25,180,null
"2021-09-09T15:56:45.000Z",45.701692,5.883617,0.75,2.5,5.25,180,null
"2021-09-09T16:00:50.000Z",45.701692,5.883617,2,3.5,4.75,157.5,null
"2021-09-09T16:04:50.000Z",45.701692,5.883617,2,3.75,5.5,180,null
"2021-09-09T16:08:50.000Z",45.701692,5.883617,2.75,3.75,5.25,157.5,null
"2021-09-09T16:12:54.000Z",45.701692,5.883617,2.75,4.25,5.5,157.5,null
"2021-09-09T16:16:54.000Z",45.701692,5.883617,1.75,3.75,6.25,157.5,null
"2021-09-09T16:20:54.000Z",45.701692,5.883617,3.5,6.25,8.75,180,null
"2021-09-09T16:24:58.000Z",45.701692,5.883617,1.5,5.25,9.5,180,null
"2021-09-09T16:28:58.000Z",45.701692,5.883617,0.75,5,9.5,180,null
"2021-09-09T16:32:58.000Z",45.701692,5.883617,1.5,5.75,10.5,180,null
"2021-09-09T16:37:02.000Z",45.701692,5.883617,3.25,6.75,11.5,180,null
"2021-09-09T16:41:02.000Z",45.701692,5.883617,2.75,8,13,180,null
"2021-09-09T16:45:02.000Z",45.701692,5.883617,1,8.75,15,180,null
"2021-09-09T16:49:06.000Z",45.701692,5.883617,3.25,9.25,13.5,180,null
"2021-09-09T16:53:06.000Z",45.701692,5.883617,5.25,9.25,14.5,180,null
"2021-09-09T16:57:06.000Z",45.701692,5.883617,2.75,8.75,13,180,null
"2021-09-09T17:01:10.000Z",45.701692,5.883617,2,8.25,12,202.5,null
"2021-09-09T17:05:10.000Z",45.701692,5.883617,3.5,9.75,15,202.5,null
"2021-09-09T17:09:10.000Z",45.701692,5.883617,4.25,9.75,16,202.5,null
"2021-09-09T17:13:14.000Z",45.701692,5.883617,2.75,8.25,16.5,180,null
"2021-09-09T17:17:14.000Z",45.701692,5.883617,4.25,9.25,15.5,180,null
"2021-09-09T17:21:14.000Z",45.701692,5.883617,0.75,9.5,16,180,null
"2021-09-09T17:25:19.000Z",45.701692,5.883617,3.25,10,16.5,180,null
"2021-09-09T17:29:19.000Z",45.701692,5.883617,3.5,11,19.5,180,null
"2021-09-09T17:33:19.000Z",45.701692,5.883617,5.5,13.5,20,180,null
"2021-09-09T17:37:22.000Z",45.701692,5.883617,6,16,24,202.5,null
"2021-09-09T17:41:22.000Z",45.701692,5.883617,6.5,16,24.5,202.5,null
"2021-09-09T17:45:22.000Z",45.701692,5.883617,3.75,15.5,26,202.5,null
"2021-09-09T17:49:26.000Z",45.701692,5.883617,7,16,28,202.5,null
"2021-09-09T17:53:26.000Z",45.701692,5.883617,6.25,16,26,202.5,null
"2021-09-09T17:57:26.000Z",45.701692,5.883617,9,19.5,27,202.5,null
"2021-09-09T18:01:30.000Z",45.701692,5.883617,5.5,18.5,24.5,202.5,null
"2021-09-09T18:05:30.000Z",45.701692,5.883617,6.5,16.5,26,180,null
"2021-09-09T18:09:30.000Z",45.701692,5.883617,5.5,17,28,180,null
"2021-09-09T18:13:35.000Z",45.701692,5.883617,7.75,17.5,27,180,null
"2021-09-09T18:17:35.000Z",45.701692,5.883617,6.5,16.5,27,180,null
"2021-09-09T18:21:35.000Z",45.701692,5.883617,8.75,15.5,23.5,180,null
"2021-09-09T18:25:39.000Z",45.701692,5.883617,7.75,15,24.5,180,null
"2021-09-09T18:29:39.000Z",45.701692,5.883617,7.75,15.5,24.5,180,null
"2021-09-09T18:33:39.000Z",45.701692,5.883617,4.75,16,23.5,180,null
"2021-09-09T18:37:42.000Z",45.701692,5.883617,5.25,16.5,22.5,180,null
"2021-09-09T18:41:42.000Z",45.701692,5.883617,5.25,15,23.5,180,null
"2021-09-09T18:45:42.000Z",45.701692,5.883617,5.5,15.5,22.5,180,null
"2021-09-09T18:49:47.000Z",45.701692,5.883617,3.75,15,24.5,180,null
"2021-09-09T18:53:47.000Z",45.701692,5.883617,3.5,15,23.5,180,null
"2021-09-09T18:57:47.000Z",45.701692,5.883617,2,15,23.5,180,null
"2021-09-09T19:01:51.000Z",45.701692,5.883617,5.5,15.5,23.5,180,null
"2021-09-09T19:05:51.000Z",45.701692,5.883617,2.5,14,22,180,null
"2021-09-09T19:09:51.000Z",45.701692,5.883617,3.25,15.5,26,180,null
"2021-09-09T19:13:55.000Z",45.701692,5.883617,3.25,14,22,180,null
"2021-09-09T19:17:55.000Z",45.701692,5.883617,4.5,13,21,180,null
"2021-09-09T19:21:55.000Z",45.701692,5.883617,3.25,14.5,23.5,180,null
"2021-09-09T19:25:59.000Z",45.701692,5.883617,7.25,14.5,23.5,180,null
"2021-09-09T19:29:59.000Z",45.701692,5.883617,3.25,13,22,180,null
"2021-09-09T19:33:59.000Z",45.701692,5.883617,2.5,15.5,25.5,180,null
"2021-09-09T19:38:03.000Z",45.701692,5.883617,4.75,15,24.5,180,null
"2021-09-09T19:42:03.000Z",45.701692,5.883617,3.25,15,28,180,null
"2021-09-09T19:46:03.000Z",45.701692,5.883617,4.75,16,26,180,null
"2021-09-09T19:50:06.000Z",45.701692,5.883617,6,17,28,180,null
"2021-09-09T19:54:06.000Z",45.701692,5.883617,8.25,16.5,25.5,180,null
"2021-09-09T19:58:06.000Z",45.701692,5.883617,2,14.5,26,180,null
"2021-09-09T20:02:11.000Z",45.701692,5.883617,2.5,11.5,21.5,157.5,null
"2021-09-09T20:06:11.000Z",45.701692,5.883617,1.75,6,12,157.5,null
"2021-09-09T20:10:11.000Z",45.701692,5.883617,2.5,8,14,157.5,null
"2021-09-09T20:14:15.000Z",45.701692,5.883617,0.25,6.25,12,157.5,null
"2021-09-09T20:18:15.000Z",45.701692,5.883617,0.75,4.75,9,157.5,null
"2021-09-09T20:22:15.000Z",45.701692,5.883617,0.25,7.75,17.5,157.5,null
"2021-09-09T20:26:19.000Z",45.701692,5.883617,3.25,8.25,16,157.5,null
"2021-09-09T20:30:19.000Z",45.701692,5.883617,2.75,7,13,157.5,null
"2021-09-09T20:34:19.000Z",45.701692,5.883617,3.5,7,13,157.5,null
"2021-09-09T20:38:23.000Z",45.701692,5.883617,3.5,9.25,16,157.5,null
"2021-09-09T20:42:23.000Z",45.701692,5.883617,1.75,7.5,15,157.5,null
"2021-09-09T20:46:23.000Z",45.701692,5.883617,0,5.25,13.5,157.5,null
"2021-09-09T20:50:26.000Z",45.701692,5.883617,2,7.25,15.5,157.5,null
"2021-09-09T20:54:26.000Z",45.701692,5.883617,2,6.5,13,157.5,null
"2021-09-09T20:58:26.000Z",45.701692,5.883617,0.75,5.5,10,157.5,null
"2021-09-09T21:02:31.000Z",45.701692,5.883617,3.25,7.25,18,157.5,null
"2021-09-09T21:06:31.000Z",45.701692,5.883617,2,8,14.5,157.5,null
"2021-09-09T21:10:31.000Z",45.701692,5.883617,1.75,6.25,13.5,157.5,null
"2021-09-09T21:14:35.000Z",45.701692,5.883617,0.75,8.25,17,157.5,null
"2021-09-09T21:18:35.000Z",45.701692,5.883617,2,8.5,17,180,null
"2021-09-09T21:22:35.000Z",45.701692,5.883617,2,9.25,16.5,180,null
"2021-09-09T21:26:39.000Z",45.701692,5.883617,1.5,9.5,17,180,null
"2021-09-09T21:30:39.000Z",45.701692,5.883617,4.5,9.5,15.5,180,null
"2021-09-09T21:34:39.000Z",45.701692,5.883617,4.75,9.75,20,157.5,null
"2021-09-09T21:38:43.000Z",45.701692,5.883617,3.25,10.5,20,157.5,null
"2021-09-09T21:42:43.000Z",45.701692,5.883617,3.25,11.5,20,180,null
"2021-09-09T21:46:43.000Z",45.701692,5.883617,1.75,8.25,15.5,180,null
"2021-09-09T21:50:47.000Z",45.701692,5.883617,2.75,11,20.5,180,null
"2021-09-09T21:54:47.000Z",45.701692,5.883617,1.5,10.5,20.5,180,null
"2021-09-09T21:58:47.000Z",45.701692,5.883617,2.75,10.5,16.5,180,null
"2021-09-09T22:02:51.000Z",45.701692,5.883617,4.75,11,19,180,null
"2021-09-09T22:06:51.000Z",45.701692,5.883617,5.5,13,21,157.5,null
"2021-09-09T22:10:51.000Z",45.701692,5.883617,4.25,12.5,24,157.5,null
"2021-09-09T22:14:55.000Z",45.701692,5.883617,3.75,11.5,21,157.5,null
"2021-09-09T22:18:55.000Z",45.701692,5.883617,1.75,9,19,157.5,null
"2021-09-09T22:22:55.000Z",45.701692,5.883617,0,4.5,10,135,null
"2021-09-09T22:26:59.000Z",45.701692,5.883617,1,4.75,9,135,null
"2021-09-09T22:30:59.000Z",45.701692,5.883617,0,4,10,135,null
"2021-09-09T22:34:59.000Z",45.701692,5.883617,0.75,4.25,7.75,135,null
"2021-09-09T22:39:03.000Z",45.701692,5.883617,2,5.25,10,157.5,null
"2021-09-09T22:43:03.000Z",45.701692,5.883617,0,1.75,6.5,112.5,null
"2021-09-09T22:47:03.000Z",45.701692,5.883617,0,2.25,7.25,157.5,null
"2021-09-09T22:51:07.000Z",45.701692,5.883617,0,3.5,8.75,157.5,null
"2021-09-09T22:55:07.000Z",45.701692,5.883617,0,2.5,7.25,135,null
"2021-09-09T22:59:07.000Z",45.701692,5.883617,0,1.25,5.5,112.5,null
"2021-09-09T23:03:12.000Z",45.701692,5.883617,0,2.75,4.5,135,null
"2021-09-09T23:07:12.000Z",45.701692,5.883617,0.25,1.75,4.75,112.5,null
"2021-09-09T23:11:12.000Z",45.701692,5.883617,0.75,2.75,5.25,135,null
"2021-09-09T23:15:15.000Z",45.701692,5.883617,0.75,5,12,157.5,null
"2021-09-09T23:19:15.000Z",45.701692,5.883617,0,3,6.25,157.5,null
"2021-09-09T23:23:15.000Z",45.701692,5.883617,0,3.75,10.5,157.5,null
"2021-09-09T23:27:20.000Z",45.701692,5.883617,1.75,5.25,11.5,157.5,null
"2021-09-09T23:31:20.000Z",45.701692,5.883617,0,6,11,180,null
"2021-09-09T23:35:20.000Z",45.701692,5.883617,1.5,4.25,8.25,157.5,null
"2021-09-09T23:39:24.000Z",45.701692,5.883617,1,5.5,9.75,157.5,null
"2021-09-09T23:43:24.000Z",45.701692,5.883617,0.75,4.25,7.75,180,null
"2021-09-09T23:47:24.000Z",45.701692,5.883617,0.25,4.25,7.75,157.5,null
"2021-09-09T23:51:27.000Z",45.701692,5.883617,0,1.25,4,135,null
"2021-09-09T23:55:27.000Z",45.701692,5.883617,0,2.5,5.25,180,null
"2021-09-09T23:59:27.000Z",45.701692,5.883617,0,2.75,6.5,157.5,null
"2021-09-10T00:03:31.000Z",45.701692,5.883617,0.25,2.75,8.75,135,null
"2021-09-10T00:07:31.000Z",45.701692,5.883617,2.75,6.75,8.75,180,null
"2021-09-10T00:11:31.000Z",45.701692,5.883617,1.5,5,8.25,157.5,null
"2021-09-10T00:15:35.000Z",45.701692,5.883617,0.25,4.5,9.75,135,null
"2021-09-10T00:19:35.000Z",45.701692,5.883617,1,3.5,7.25,135,null
"2021-09-10T00:23:35.000Z",45.701692,5.883617,0.25,4.75,8.75,157.5,null
"2021-09-10T00:27:40.000Z",45.701692,5.883617,1,5.25,16.5,157.5,null
"2021-09-10T00:31:40.000Z",45.701692,5.883617,0,4.5,9,135,null
"2021-09-10T00:35:40.000Z",45.701692,5.883617,0,3,6.5,157.5,null
"2021-09-10T00:39:43.000Z",45.701692,5.883617,0,4.5,9,157.5,null
"2021-09-10T00:43:43.000Z",45.701692,5.883617,0,3.5,9,135,null
"2021-09-10T00:47:43.000Z",45.701692,5.883617,0,2.25,9,112.5,null
"2021-09-10T00:51:48.000Z",45.701692,5.883617,0.25,3.75,7.25,135,null
"2021-09-10T00:55:48.000Z",45.701692,5.883617,1,4.5,9.5,90,null
"2021-09-10T00:59:48.000Z",45.701692,5.883617,0,1.5,4.25,157.5,null
"2021-09-10T01:03:52.000Z",45.701692,5.883617,0,2.75,5.5,135,null
"2021-09-10T01:07:52.000Z",45.701692,5.883617,2,4,7.75,112.5,null
"2021-09-10T01:11:52.000Z",45.701692,5.883617,0,2,6.25,135,null
"2021-09-10T01:15:56.000Z",45.701692,5.883617,0.5,3.5,6.25,135,null
"2021-09-10T01:19:56.000Z",45.701692,5.883617,0.25,3.5,7.25,157.5,null
"2021-09-10T01:23:56.000Z",45.701692,5.883617,0,2.25,6.25,135,null
"2021-09-10T01:28:00.000Z",45.701692,5.883617,0,2,5.25,135,null
"2021-09-10T01:32:00.000Z",45.701692,5.883617,0,2.75,7.25,112.5,null
"2021-09-10T01:36:00.000Z",45.701692,5.883617,0.25,3.25,8.75,112.5,null
"2021-09-10T01:40:04.000Z",45.701692,5.883617,0,1.25,4.25,112.5,null
"2021-09-10T01:44:04.000Z",45.701692,5.883617,0,2,3.75,112.5,null
"2021-09-10T01:48:04.000Z",45.701692,5.883617,0,1,6,112.5,null
"2021-09-10T01:52:08.000Z",45.701692,5.883617,1,3.75,6,90,null
"2021-09-10T01:56:08.000Z",45.701692,5.883617,1.75,4.5,8,90,null
"2021-09-10T02:00:08.000Z",45.701692,5.883617,1,4.5,7.25,90,null
"2021-09-10T02:04:12.000Z",45.701692,5.883617,1.5,3.25,5.5,112.5,null
"2021-09-10T02:08:12.000Z",45.701692,5.883617,0,2.5,6.25,157.5,null
"2021-09-10T02:12:12.000Z",45.701692,5.883617,0.25,2,3.75,112.5,null
"2021-09-10T02:16:16.000Z",45.701692,5.883617,0,2,4.25,90,null
"2021-09-10T02:20:16.000Z",45.701692,5.883617,0.25,3.75,8.75,90,null
"2021-09-10T02:24:16.000Z",45.701692,5.883617,4.25,6.75,10,90,null
"2021-09-10T02:28:20.000Z",45.701692,5.883617,0.25,4,11,90,null
"2021-09-10T02:32:20.000Z",45.701692,5.883617,0.25,3.5,6.25,135,null
"2021-09-10T02:36:20.000Z",45.701692,5.883617,0,2,3.75,112.5,null
"2021-09-10T02:40:24.000Z",45.701692,5.883617,0,0,1.5,202.5,null
"2021-09-10T02:44:24.000Z",45.701692,5.883617,0,1.75,4.5,112.5,null
"2021-09-10T02:48:24.000Z",45.701692,5.883617,0,1.5,4.25,135,null
"2021-09-10T02:52:28.000Z",45.701692,5.883617,0.75,3,5.25,112.5,null
"2021-09-10T02:56:28.000Z",45.701692,5.883617,2.5,3.75,5.5,112.5,null
"2021-09-10T03:00:28.000Z",45.701692,5.883617,2,4.75,7.75,90,null
"2021-09-10T03:04:32.000Z",45.701692,5.883617,1.5,3.25,5.25,112.5,null
"2021-09-10T03:08:32.000Z",45.701692,5.883617,1,3,4.5,112.5,null
"2021-09-10T03:12:32.000Z",45.701692,5.883617,1,3,5.25,112.5,null
"2021-09-10T03:16:36.000Z",45.701692,5.883617,0,1.25,2.75,112.5,null
"2021-09-10T03:20:36.000Z",45.701692,5.883617,0,3.5,9.5,157.5,null
"2021-09-10T03:24:36.000Z",45.701692,5.883617,1.75,4.25,8,135,null
"2021-09-10T03:28:40.000Z",45.701692,5.883617,0,1.5,4.25,112.5,null
"2021-09-10T03:32:40.000Z",45.701692,5.883617,0.25,2,4.75,135,null
"2021-09-10T03:36:40.000Z",45.701692,5.883617,0.75,3.25,4.75,90,null
"2021-09-10T03:40:44.000Z",45.701692,5.883617,2,3.75,5.5,90,null
"2021-09-10T03:44:44.000Z",45.701692,5.883617,0.75,3.75,5.5,112.5,null
"2021-09-10T03:48:44.000Z",45.701692,5.883617,0.75,3.25,5.5,112.5,null
"2021-09-10T03:52:49.000Z",45.701692,5.883617,0.25,3.25,7,112.5,null
"2021-09-10T03:56:49.000Z",45.701692,5.883617,0.25,3,6.25,90,null
"2021-09-10T04:00:49.000Z",45.701692,5.883617,1,3.5,6,90,null
"2021-09-10T04:04:52.000Z",45.701692,5.883617,2.75,5.5,9.5,90,null
"2021-09-10T04:08:52.000Z",45.701692,5.883617,0,2.75,7.25,112.5,null
"2021-09-10T04:12:52.000Z",45.701692,5.883617,0.25,5,11,90,null
"2021-09-10T04:16:57.000Z",45.701692,5.883617,1,4.75,8.75,135,null
"2021-09-10T04:20:57.000Z",45.701692,5.883617,0,3.75,10.5,135,null
"2021-09-10T04:24:57.000Z",45.701692,5.883617,1.5,5.25,8.75,90,null
"2021-09-10T04:29:00.000Z",45.701692,5.883617,2.5,5.25,8.25,90,null
"2021-09-10T04:33:00.000Z",45.701692,5.883617,0,3.25,7.25,112.5,null
"2021-09-10T04:37:00.000Z",45.701692,5.883617,1,3,6,90,null
"2021-09-10T04:41:05.000Z",45.701692,5.883617,2,6.5,10.5,90,null
"2021-09-10T04:45:05.000Z",45.701692,5.883617,3.25,6.75,10,90,null
"2021-09-10T04:49:05.000Z",45.701692,5.883617,3.25,7,11.5,90,null
"2021-09-10T04:53:09.000Z",45.701692,5.883617,3.25,6.75,9.75,90,null
"2021-09-10T04:57:09.000Z",45.701692,5.883617,4.5,8,11,90,null
"2021-09-10T05:01:09.000Z",45.701692,5.883617,4.5,7.5,11,90,null
"2021-09-10T05:05:12.000Z",45.701692,5.883617,3.25,6.5,9.75,90,null
"2021-09-10T05:09:12.000Z",45.701692,5.883617,0.75,5,8.25,67.5,null
"2021-09-10T05:13:12.000Z",45.701692,5.883617,1.75,4.25,6.5,112.5,null
"2021-09-10T05:17:17.000Z",45.701692,5.883617,0.25,4.5,9,90,null
"2021-09-10T05:21:17.000Z",45.701692,5.883617,1.75,5.25,11.5,90,null
"2021-09-10T05:25:17.000Z",45.701692,5.883617,3.75,7.5,11.5,90,null
"2021-09-10T05:29:21.000Z",45.701692,5.883617,2.75,5.25,9.75,90,null
"2021-09-10T05:33:21.000Z",45.701692,5.883617,2.75,5.5,9.5,90,null
"2021-09-10T05:37:21.000Z",45.701692,5.883617,2,4.75,8.25,90,null
"2021-09-10T05:41:24.000Z",45.701692,5.883617,2.5,5.25,7.75,90,null
"2021-09-10T05:45:24.000Z",45.701692,5.883617,0.75,3.75,8.25,90,null
"2021-09-10T05:49:24.000Z",45.701692,5.883617,0.75,3.25,6,90,null
"2021-09-10T05:53:29.000Z",45.701692,5.883617,0.25,2.5,4.5,112.5,null
"2021-09-10T05:57:29.000Z",45.701692,5.883617,1.75,3.25,5.25,112.5,null
"2021-09-10T06:01:29.000Z",45.701692,5.883617,2.5,4,7,90,null
"2021-09-10T06:05:32.000Z",45.701692,5.883617,0.25,2,3.75,90,null
"2021-09-10T06:09:32.000Z",45.701692,5.883617,1.75,2.75,3.75,90,null
"2021-09-10T06:13:32.000Z",45.701692,5.883617,1.75,3.25,4.5,90,null
"2021-09-10T06:17:37.000Z",45.701692,5.883617,1,2.5,4.25,90,null
"2021-09-10T06:21:37.000Z",45.701692,5.883617,0,0.25,1.5,135,null
"2021-09-10T06:25:37.000Z",45.701692,5.883617,0,0,0,112.5,null
"2021-09-10T06:29:41.000Z",45.701692,5.883617,0,0,0,157.5,null
"2021-09-10T06:33:41.000Z",45.701692,5.883617,0,1.75,3.25,112.5,null
"2021-09-10T06:37:41.000Z",45.701692,5.883617,1.5,2.5,4.5,112.5,null
"2021-09-10T06:41:45.000Z",45.701692,5.883617,0.75,3.25,5.25,90,null
"2021-09-10T06:45:45.000Z",45.701692,5.883617,1.75,4,5.5,90,null
"2021-09-10T06:49:45.000Z",45.701692,5.883617,1.75,3,4.5,67.5,null
"2021-09-10T06:53:49.000Z",45.701692,5.883617,0,0.75,3.25,67.5,null
"2021-09-10T06:57:49.000Z",45.701692,5.883617,0,0.25,2.5,135,null
"2021-09-10T07:01:49.000Z",45.701692,5.883617,1.75,3.5,6.25,112.5,null
"2021-09-10T07:05:53.000Z",45.701692,5.883617,1.5,4.5,7.75,90,null
"2021-09-10T07:09:53.000Z",45.701692,5.883617,1.5,4.25,7.75,90,null
"2021-09-10T07:13:53.000Z",45.701692,5.883617,1.75,3.25,5.25,112.5,null
"2021-09-10T07:17:57.000Z",45.701692,5.883617,1,3.25,4.75,112.5,null
"2021-09-10T07:21:57.000Z",45.701692,5.883617,2,4,5.25,112.5,null
"2021-09-10T07:25:57.000Z",45.701692,5.883617,0,2,4.25,112.5,null
"2021-09-10T07:30:01.000Z",45.701692,5.883617,1,2,3.5,112.5,null
"2021-09-10T07:34:01.000Z",45.701692,5.883617,0,2.25,3.75,135,null
"2021-09-10T07:38:01.000Z",45.701692,5.883617,0,1,3.25,112.5,null
"2021-09-10T07:42:06.000Z",45.701692,5.883617,0,0.75,3.5,135,null
"2021-09-10T07:46:06.000Z",45.701692,5.883617,0,0.25,2.75,90,null
"2021-09-10T07:50:06.000Z",45.701692,5.883617,0.75,2.75,5.5,112.5,null
"2021-09-10T07:54:09.000Z",45.701692,5.883617,0,2.75,6,135,null
"2021-09-10T07:58:09.000Z",45.701692,5.883617,0.25,3,8.25,67.5,null
"2021-09-10T08:02:09.000Z",45.701692,5.883617,3.25,6.25,10.5,45,null
"2021-09-10T08:06:13.000Z",45.701692,5.883617,2.75,6.25,8.75,45,null
"2021-09-10T08:10:13.000Z",45.701692,5.883617,1,3.5,6.5,90,null
"2021-09-10T08:14:13.000Z",45.701692,5.883617,1,2,3.5,112.5,null
"2021-09-10T08:18:17.000Z",45.701692,5.883617,1.5,4,7,90,null
"2021-09-10T08:22:17.000Z",45.701692,5.883617,3.25,5.5,7.25,45,null
"2021-09-10T08:26:17.000Z",45.701692,5.883617,2.75,4.75,6.25,0,null
"2021-09-10T08:30:21.000Z",45.701692,5.883617,1,4.5,6.5,0,null
"2021-09-10T08:34:21.000Z",45.701692,5.883617,1.5,5.25,7.25,0,null
"2021-09-10T08:38:21.000Z",45.701692,5.883617,0,3.25,6.25,315,null
"2021-09-10T08:42:26.000Z",45.701692,5.883617,0.75,3,7.25,337.5,null
"2021-09-10T08:46:26.000Z",45.701692,5.883617,2.75,7,10.5,0,null
"2021-09-10T08:50:26.000Z",45.701692,5.883617,4.25,7.25,11,0,null
"2021-09-10T08:54:29.000Z",45.701692,5.883617,6,8,12.5,0,null
"2021-09-10T08:58:29.000Z",45.701692,5.883617,2,8.5,14.5,22.5,null
"2021-09-10T09:02:29.000Z",45.701692,5.883617,1.5,9.25,15.5,337.5,null
"2021-09-10T09:06:33.000Z",45.701692,5.883617,4.25,8.25,14,315,null
"2021-09-10T09:10:33.000Z",45.701692,5.883617,8,13.5,20.5,270,null
"2021-09-10T09:14:33.000Z",45.701692,5.883617,6.5,16,31,292.5,null
"2021-09-10T09:18:37.000Z",45.701692,5.883617,18,26.5,37,270,null
"2021-09-10T09:22:37.000Z",45.701692,5.883617,26,33.5,41.5,270,null
"2021-09-10T09:26:37.000Z",45.701692,5.883617,19,31.5,44,270,null
"2021-09-10T09:30:41.000Z",45.701692,5.883617,23.5,31,37,270,null
"2021-09-10T09:34:41.000Z",45.701692,5.883617,23,33,40.5,270,null
"2021-09-10T09:38:41.000Z",45.701692,5.883617,15,27.5,36,270,null
"2021-09-10T09:42:45.000Z",45.701692,5.883617,21.5,29.5,36.5,270,null
"2021-09-10T09:46:45.000Z",45.701692,5.883617,21.5,28.5,34.5,270,null
"2021-09-10T09:50:45.000Z",45.701692,5.883617,21,28.5,35,270,null
"2021-09-10T09:54:49.000Z",45.701692,5.883617,13,29,37,270,null
"2021-09-10T09:58:49.000Z",45.701692,5.883617,25,33,39.5,270,null
"2021-09-10T10:02:49.000Z",45.701692,5.883617,19,27,35.5,270,null
"2021-09-10T10:06:54.000Z",45.701692,5.883617,12,23,34,270,null
"2021-09-10T10:10:54.000Z",45.701692,5.883617,15,23,32.5,247.5,null
"2021-09-10T10:14:54.000Z",45.701692,5.883617,15.5,21.5,27,247.5,null
"2021-09-10T10:18:58.000Z",45.701692,5.883617,8.25,14.5,21.5,247.5,null
"2021-09-10T10:22:58.000Z",45.701692,5.883617,4.5,9.25,20.5,292.5,null
"2021-09-10T10:26:58.000Z",45.701692,5.883617,1,5,9.5,22.5,null
"2021-09-10T10:31:01.000Z",45.701692,5.883617,3.5,6.5,12,22.5,null
"2021-09-10T10:35:01.000Z",45.701692,5.883617,3.75,6.75,10,22.5,null
"2021-09-10T10:39:01.000Z",45.701692,5.883617,0.75,5.5,10,45,null
"2021-09-10T10:43:06.000Z",45.701692,5.883617,2.75,5.25,8.25,45,null
"2021-09-10T10:47:06.000Z",45.701692,5.883617,1,3,5.5,45,null
"2021-09-10T10:51:06.000Z",45.701692,5.883617,2.75,4.25,6.25,45,null
"2021-09-10T10:55:09.000Z",45.701692,5.883617,2.75,4.5,6.25,22.5,null
"2021-09-10T10:59:09.000Z",45.701692,5.883617,2,5,7,337.5,null
"2021-09-10T11:03:09.000Z",45.701692,5.883617,4.5,6.25,8,0,null
"2021-09-10T11:07:14.000Z",45.701692,5.883617,5.25,9,13.5,0,null
"2021-09-10T11:11:14.000Z",45.701692,5.883617,7.75,10.5,13.5,0,null
"2021-09-10T11:15:14.000Z",45.701692,5.883617,6.25,9.5,13,0,null
"2021-09-10T11:19:18.000Z",45.701692,5.883617,6.5,10.5,13,0,null
"2021-09-10T11:23:18.000Z",45.701692,5.883617,7,10.5,14,0,null
"2021-09-10T11:27:18.000Z",45.701692,5.883617,7.25,10,12,0,null
"2021-09-10T11:31:21.000Z",45.701692,5.883617,6,8.5,11.5,0,null
"2021-09-10T11:35:21.000Z",45.701692,5.883617,5.25,7.25,10,0,null
"2021-09-10T11:39:21.000Z",45.701692,5.883617,3.75,7,9,0,null
"2021-09-10T11:43:26.000Z",45.701692,5.883617,4.75,7.25,9,0,null
"2021-09-10T11:47:26.000Z",45.701692,5.883617,4.25,5.75,8,337.5,null
"2021-09-10T11:51:26.000Z",45.701692,5.883617,3.25,5.75,7.75,337.5,null
"2021-09-10T11:55:30.000Z",45.701692,5.883617,3.5,4.75,6.25,315,null
"2021-09-10T11:59:30.000Z",45.701692,5.883617,2.75,4,5.25,315,null
"2021-09-10T12:03:30.000Z",45.701692,5.883617,1.75,3.25,5.25,315,null
"2021-09-10T12:07:34.000Z",45.701692,5.883617,2.5,3.25,4.75,292.5,null
"2021-09-10T12:11:34.000Z",45.701692,5.883617,4.25,5.5,7,270,null
"2021-09-10T12:15:34.000Z",45.701692,5.883617,4.5,5.75,7.25,247.5,null
"2021-09-10T12:19:38.000Z",45.701692,5.883617,3.75,5.25,7.25,247.5,null
"2021-09-10T12:23:38.000Z",45.701692,5.883617,6,6.75,8,247.5,null
"2021-09-10T12:27:38.000Z",45.701692,5.883617,4.75,7,8.25,247.5,null
"2021-09-10T12:31:42.000Z",45.701692,5.883617,5.25,7.25,9.5,225,null
"2021-09-10T12:35:42.000Z",45.701692,5.883617,2,4.75,7.75,247.5,null
"2021-09-10T12:39:42.000Z",45.701692,5.883617,2.75,4.5,6.25,270,null
"2021-09-10T12:43:46.000Z",45.701692,5.883617,1.75,4.5,7.25,247.5,null
"2021-09-10T12:47:46.000Z",45.701692,5.883617,3.75,6.25,9.5,247.5,null
"2021-09-10T12:51:46.000Z",45.701692,5.883617,4.25,6,8,247.5,null
"2021-09-10T12:55:50.000Z",45.701692,5.883617,2,4.25,6.25,247.5,null
"2021-09-10T12:59:50.000Z",45.701692,5.883617,0.25,4.25,9,225,null
"2021-09-10T13:03:50.000Z",45.701692,5.883617,3.75,5.25,6.5,225,null
"2021-09-10T13:07:55.000Z",45.701692,5.883617,4.25,6.5,9,247.5,null
"2021-09-10T13:11:55.000Z",45.701692,5.883617,5.25,7,8.75,247.5,null
"2021-09-10T13:15:55.000Z",45.701692,5.883617,4.25,5.75,7,225,null
"2021-09-10T13:19:59.000Z",45.701692,5.883617,4.25,5.25,6.25,225,null
"2021-09-10T13:23:59.000Z",45.701692,5.883617,2,4.5,6.25,225,null
"2021-09-10T13:27:59.000Z",45.701692,5.883617,2.5,3.75,5.5,202.5,null
"2021-09-10T13:32:03.000Z",45.701692,5.883617,0.25,3.5,7,202.5,null
"2021-09-10T13:36:03.000Z",45.701692,5.883617,0.25,4.75,6.5,202.5,null
"2021-09-10T13:40:03.000Z",45.701692,5.883617,1.75,5.25,7.25,202.5,null
"2021-09-10T13:44:07.000Z",45.701692,5.883617,1.5,4.25,6.5,202.5,null
"2021-09-10T13:48:07.000Z",45.701692,5.883617,0.75,3.5,6.25,202.5,null
"2021-09-10T13:52:07.000Z",45.701692,5.883617,0.75,4.25,6.25,202.5,null
"2021-09-10T13:56:10.000Z",45.701692,5.883617,0,3,6,202.5,null
"2021-09-10T14:00:10.000Z",45.701692,5.883617,0.25,2.75,4.5,202.5,null
"2021-09-10T14:04:10.000Z",45.701692,5.883617,0,3.25,4.75,202.5,null
"2021-09-10T14:08:15.000Z",45.701692,5.883617,1.5,3.5,4.5,225,null
"2021-09-10T14:12:15.000Z",45.701692,5.883617,2.5,4,5.25,225,null
"2021-09-10T14:16:15.000Z",45.701692,5.883617,3.25,4,5.5,225,null
"2021-09-10T14:20:18.000Z",45.701692,5.883617,2.75,4.5,5.5,225,null
"2021-09-10T14:24:18.000Z",45.701692,5.883617,2.75,5.25,6.25,225,null
"2021-09-10T14:28:18.000Z",45.701692,5.883617,3.5,5.25,6.25,225,null
"2021-09-10T14:32:22.000Z",45.701692,5.883617,3.5,5.75,7.25,225,null
"2021-09-10T14:36:22.000Z",45.701692,5.883617,4.75,6.5,7.25,225,null
"2021-09-10T14:40:22.000Z",45.701692,5.883617,6,7.25,9,225,null
"2021-09-10T14:44:27.000Z",45.701692,5.883617,5.25,6.75,8.5,225,null
"2021-09-10T14:48:27.000Z",45.701692,5.883617,3.25,6.5,8,225,null
"2021-09-10T14:52:27.000Z",45.701692,5.883617,1.75,5.5,7.75,202.5,null
"2021-09-10T15:00:14.000Z",45.701661,5.88358,3.25,5.25,7,202.5,null
"2021-09-10T15:04:14.000Z",45.701661,5.88358,1,4.25,6,202.5,null
"2021-09-10T15:08:14.000Z",45.701661,5.88358,0.25,3.5,5.25,202.5,null
"2021-09-10T15:12:18.000Z",45.701661,5.88358,1.5,4.5,6.25,225,null
"2021-09-10T15:16:18.000Z",45.701661,5.88358,3.5,4.75,6.25,225,null
"2021-09-10T15:20:18.000Z",45.701661,5.88358,2.5,4.25,5.25,225,null
"2021-09-10T15:24:22.000Z",45.701661,5.88358,4.25,4.75,6.5,225,null
"2021-09-10T15:28:22.000Z",45.701661,5.88358,3.75,4.75,6,225,null
"2021-09-10T15:32:22.000Z",45.701661,5.88358,2.5,4.75,6.5,202.5,null
"2021-09-10T15:36:26.000Z",45.701661,5.88358,1.5,3.25,5.5,202.5,null
"2021-09-10T15:40:26.000Z",45.701661,5.88358,0.25,3,4.75,202.5,null
"2021-09-10T15:44:26.000Z",45.701661,5.88358,0,2.25,3.75,180,null
"2021-09-10T15:49:22.000Z",45.701661,5.88358,0,1.25,4.25,180,null
"2021-09-10T15:53:22.000Z",45.701661,5.88358,0.75,2.25,3.75,180,null
"2021-09-10T15:57:22.000Z",45.701662,5.883562,0.25,2,3.75,180,null
"2021-09-10T16:01:26.000Z",45.701662,5.883562,2.25,3.75,6,180,null
"2021-09-10T16:05:26.000Z",45.701662,5.883562,1,4.25,6.5,180,null
"2021-09-10T16:09:26.000Z",45.701662,5.883562,1.75,4.75,7,180,null
"2021-09-10T16:13:30.000Z",45.701662,5.883562,2.5,5.25,8,157.5,null
"2021-09-10T16:17:30.000Z",45.701662,5.883562,2.75,5,7.75,157.5,null
"2021-09-10T16:21:30.000Z",45.701662,5.883562,3.25,6,8,157.5,null
"2021-09-10T16:25:34.000Z",45.701662,5.883562,4.25,6,8.25,157.5,null
"2021-09-10T16:29:34.000Z",45.701662,5.883562,1.5,4.5,8,157.5,null
"2021-09-10T16:33:34.000Z",45.701662,5.883562,0,2,4.75,157.5,null
"2021-09-10T16:37:38.000Z",45.701662,5.883562,0,0.75,4.25,157.5,null
"2021-09-10T16:41:38.000Z",45.701662,5.883562,0,1.75,5.5,157.5,null
"2021-09-10T16:45:38.000Z",45.701662,5.883562,0,0.5,3.25,135,null
"2021-09-10T16:49:42.000Z",45.701662,5.883562,0,0.25,1.75,135,null
"2021-09-10T16:53:42.000Z",45.701662,5.883562,0,1,4.75,157.5,null
"2021-09-10T16:57:42.000Z",45.701662,5.883562,0,2.5,5.5,157.5,null
"2021-09-10T17:01:46.000Z",45.701662,5.883562,0,3,7.25,157.5,null
"2021-09-10T17:05:46.000Z",45.701662,5.883562,0,1,3.25,135,null
"2021-09-10T17:09:46.000Z",45.701662,5.883562,0,0.75,4.5,157.5,null
"2021-09-10T17:13:50.000Z",45.701662,5.883562,0,1.25,7,157.5,null
"2021-09-10T17:17:50.000Z",45.701662,5.883562,0.75,5,8.75,180,null
"2021-09-10T17:21:50.000Z",45.701662,5.883562,0.25,4.75,9,180,null
"2021-09-10T17:25:55.000Z",45.701662,5.883562,0,5.5,9.75,180,null
"2021-09-10T17:29:55.000Z",45.701662,5.883562,1.75,6,11.5,180,null
"2021-09-10T17:33:55.000Z",45.701662,5.883562,1.5,7,12,180,null
"2021-09-10T17:37:58.000Z",45.701662,5.883562,2.5,6.75,11,180,null
"2021-09-10T17:41:58.000Z",45.701662,5.883562,1.75,6.75,13,180,null
"2021-09-10T17:45:58.000Z",45.701662,5.883562,3.5,8,14.5,180,null
"2021-09-10T17:50:02.000Z",45.701662,5.883562,0.25,6,13,180,null
"2021-09-10T17:54:02.000Z",45.701662,5.883562,2.75,7.5,14.5,202.5,null
"2021-09-10T17:58:02.000Z",45.701662,5.883562,3.75,9.25,14.5,180,null
"2021-09-10T18:02:07.000Z",45.701662,5.883562,3.25,9,15.5,202.5,null
"2021-09-10T18:06:07.000Z",45.701662,5.883562,2,7,13.5,202.5,null
"2021-09-10T18:10:07.000Z",45.701662,5.883562,0.25,4.75,10.5,180,null
"2021-09-10T18:14:10.000Z",45.701662,5.883562,0,5,10.5,180,null
"2021-09-10T18:18:10.000Z",45.701662,5.883562,1.75,5.25,9.75,180,null
"2021-09-10T18:22:10.000Z",45.701662,5.883562,0.25,5.5,9.5,180,null
"2021-09-10T18:26:14.000Z",45.701662,5.883562,0.25,5,8.75,180,null
"2021-09-10T18:30:14.000Z",45.701662,5.883562,0,5.25,9.5,202.5,null
"2021-09-10T18:34:14.000Z",45.701662,5.883562,1,5.5,10,202.5,null
"2021-09-10T18:38:19.000Z",45.701662,5.883562,1.5,6.25,12.5,180,null
"2021-09-10T18:42:19.000Z",45.701662,5.883562,1,6,12,180,null
"2021-09-10T18:46:19.000Z",45.701662,5.883562,1.5,5.75,10,180,null
"2021-09-10T18:50:22.000Z",45.701662,5.883562,1.75,4,9,157.5,null
"2021-09-10T18:54:22.000Z",45.701662,5.883562,0.75,3,5.5,157.5,null
"2021-09-10T18:58:22.000Z",45.701662,5.883562,2.5,4.5,7.25,157.5,null
"2021-09-10T19:02:27.000Z",45.701662,5.883562,1,4,6.25,157.5,null
"2021-09-10T19:06:27.000Z",45.701662,5.883562,2.5,5,8,157.5,null
"2021-09-10T19:10:27.000Z",45.701662,5.883562,2,4.75,8.75,157.5,null
"2021-09-10T19:14:30.000Z",45.701662,5.883562,1,5.25,10,157.5,null
"2021-09-10T19:18:30.000Z",45.701662,5.883562,2.5,8,13,180,null
"2021-09-10T19:22:30.000Z",45.701662,5.883562,2,7.25,12,180,null
"2021-09-10T19:26:35.000Z",45.701662,5.883562,1.5,7,13.5,180,null
"2021-09-10T19:30:35.000Z",45.701662,5.883562,1.5,7.25,15,180,null
"2021-09-10T19:34:35.000Z",45.701662,5.883562,0.75,5.5,11,180,null
"2021-09-10T19:38:38.000Z",45.701662,5.883562,0,4.75,11.5,202.5,null
"2021-09-10T19:42:38.000Z",45.701662,5.883562,0.75,4.75,12,180,null
"2021-09-10T19:46:38.000Z",45.701662,5.883562,1.5,6.25,12.5,180,null
"2021-09-10T19:50:42.000Z",45.701662,5.883562,1.5,7,12.5,180,null
"2021-09-10T19:54:42.000Z",45.701662,5.883562,0.25,5.75,12,202.5,null
"2021-09-10T19:58:42.000Z",45.701662,5.883562,0,5.5,12,202.5,null
"2021-09-10T20:02:47.000Z",45.701662,5.883562,0,3.75,10,202.5,null
"2021-09-10T20:06:47.000Z",45.701662,5.883562,0,1.5,8,157.5,null
"2021-09-10T20:10:47.000Z",45.701662,5.883562,0,2.25,6.5,135,null
"2021-09-10T20:14:50.000Z",45.701662,5.883562,0.25,2.5,4.75,112.5,null
"2021-09-10T20:18:50.000Z",45.701662,5.883562,1,3.25,5.25,112.5,null
"2021-09-10T20:22:50.000Z",45.701662,5.883562,0,1.25,3.25,112.5,null
"2021-09-10T20:26:54.000Z",45.701662,5.883562,2.75,4.5,7.75,90,null
"2021-09-10T20:30:54.000Z",45.701662,5.883562,0.25,3.25,6,112.5,null
"2021-09-10T20:34:54.000Z",45.701662,5.883562,1.5,4.25,6.5,90,null
"2021-09-10T20:38:59.000Z",45.701662,5.883562,2,5,9,90,null
"2021-09-10T20:42:59.000Z",45.701662,5.883562,2.5,5,7.75,90,null
"2021-09-10T20:46:59.000Z",45.701662,5.883562,2.5,4.75,7.75,90,null
"2021-09-10T20:51:03.000Z",45.701662,5.883562,1.75,3.25,6,90,null
"2021-09-10T20:55:03.000Z",45.701662,5.883562,2.5,4.5,7.25,90,null
"2021-09-10T20:59:03.000Z",45.701662,5.883562,1,3.25,7.75,90,null
"2021-09-10T21:03:07.000Z",45.701662,5.883562,2.5,3.75,5.25,90,null
"2021-09-10T21:07:07.000Z",45.701662,5.883562,1,3.25,6.25,112.5,null
"2021-09-10T21:11:07.000Z",45.701662,5.883562,1.75,5.75,8.75,90,null
"2021-09-10T21:15:11.000Z",45.701662,5.883562,0,3.5,7.25,135,null
"2021-09-10T21:19:11.000Z",45.701662,5.883562,1,4.5,8.25,112.5,null
"2021-09-10T21:23:11.000Z",45.701662,5.883562,2,5.25,9.5,90,null
"2021-09-10T21:27:15.000Z",45.701662,5.883562,2.5,4.25,8,90,null
"2021-09-10T21:31:15.000Z",45.701662,5.883562,2.5,4.25,7.25,90,null
"2021-09-10T21:35:15.000Z",45.701662,5.883562,0.25,4.25,9,90,null
"2021-09-10T21:39:19.000Z",45.701662,5.883562,2.5,4.5,9.5,90,null
"2021-09-10T21:43:19.000Z",45.701662,5.883562,1.75,4,7.75,90,null
"2021-09-10T21:47:19.000Z",45.701662,5.883562,1.75,4,7.25,90,null
"2021-09-10T21:51:23.000Z",45.701662,5.883562,1.5,4.25,8,112.5,null
"2021-09-10T21:55:23.000Z",45.701662,5.883562,2,5.5,8,90,null
"2021-09-10T21:59:23.000Z",45.701662,5.883562,2,4.25,8,90,null
"2021-09-10T22:03:27.000Z",45.701662,5.883562,1.5,5,9.5,90,null
"2021-09-10T22:07:27.000Z",45.701662,5.883562,5.25,7.75,11,90,null
"2021-09-10T22:11:27.000Z",45.701662,5.883562,1.75,5.5,9,90,null
"2021-09-10T22:15:32.000Z",45.701662,5.883562,0.75,3,4.75,135,null
"2021-09-10T22:19:32.000Z",45.701662,5.883562,0.75,3.75,6,112.5,null
"2021-09-10T22:23:32.000Z",45.701662,5.883562,2,4.5,7.75,112.5,null
"2021-09-10T22:27:35.000Z",45.701662,5.883562,2,5,9.75,90,null
"2021-09-10T22:31:35.000Z",45.701662,5.883562,2.5,4.5,8,112.5,null
"2021-09-10T22:35:35.000Z",45.701662,5.883562,2.75,6.5,12.5,90,null
"2021-09-10T22:39:40.000Z",45.701662,5.883562,0.75,5.75,12,90,null
"2021-09-10T22:43:40.000Z",45.701662,5.883562,1.5,5,11,90,null
"2021-09-10T22:47:40.000Z",45.701662,5.883562,1.5,4.25,8,135,null
"2021-09-10T22:51:43.000Z",45.701662,5.883562,1,4,6.5,90,null
"2021-09-10T22:55:43.000Z",45.701662,5.883562,1.75,4.75,9.75,90,null
"2021-09-10T22:59:43.000Z",45.701662,5.883562,1,3.25,7,112.5,null
"2021-09-10T23:03:48.000Z",45.701662,5.883562,2,4.25,6.25,112.5,null
"2021-09-10T23:07:48.000Z",45.701662,5.883562,3.25,5,7.25,90,null
"2021-09-10T23:11:48.000Z",45.701662,5.883562,2,4,6.5,90,null
"2021-09-10T23:15:52.000Z",45.701662,5.883562,1.75,3.5,5.25,90,null
"2021-09-10T23:19:52.000Z",45.701662,5.883562,2,3.75,5.25,90,null
"2021-09-10T23:23:52.000Z",45.701662,5.883562,2.5,4,6,112.5,null
"2021-09-10T23:27:55.000Z",45.701662,5.883562,2.5,3.75,7,112.5,null
"2021-09-10T23:31:55.000Z",45.701662,5.883562,1.5,3.5,7,112.5,null
"2021-09-10T23:35:55.000Z",45.701662,5.883562,1.75,4.25,7.25,112.5,null
"2021-09-10T23:39:59.000Z",45.701662,5.883562,0.75,3.25,6.5,112.5,null
"2021-09-10T23:43:59.000Z",45.701662,5.883562,1.5,3.75,6.5,112.5,null
"2021-09-10T23:47:59.000Z",45.701662,5.883562,0.75,3.75,6.25,112.5,null
"2021-09-10T23:52:03.000Z",45.701662,5.883562,0.75,3.25,4.75,112.5,null
"2021-09-10T23:56:03.000Z",45.701662,5.883562,1,3.25,5.5,112.5,null
"2021-09-11T00:00:03.000Z",45.701662,5.883562,0.75,3.25,6.5,112.5,null
"2021-09-11T00:04:08.000Z",45.701662,5.883562,0.25,2.5,5.25,135,null
"2021-09-11T00:08:08.000Z",45.701662,5.883562,0.75,4.25,6.25,112.5,null
"2021-09-11T00:12:08.000Z",45.701662,5.883562,1.75,4,6.25,135,null
"2021-09-11T00:16:12.000Z",45.701662,5.883562,1.5,3.5,6.25,112.5,null
"2021-09-11T00:20:12.000Z",45.701662,5.883562,1.5,3,6.5,112.5,null
"2021-09-11T00:24:12.000Z",45.701662,5.883562,0.25,2.5,4.25,135,null
"2021-09-11T00:28:16.000Z",45.701662,5.883562,2.5,3.75,5.5,112.5,null
"2021-09-11T00:32:16.000Z",45.701662,5.883562,0.75,3,6.5,112.5,null
"2021-09-11T00:36:16.000Z",45.701662,5.883562,0,2.25,7,112.5,null
"2021-09-11T00:40:19.000Z",45.701662,5.883562,2,3.75,6,112.5,null
"2021-09-11T00:44:19.000Z",45.701662,5.883562,1.5,4.5,7.75,90,null
"2021-09-11T00:48:19.000Z",45.701662,5.883562,1,2.75,5.5,112.5,null
"2021-09-11T00:52:23.000Z",45.701662,5.883562,0.75,2.5,4.25,135,null
"2021-09-11T00:56:23.000Z",45.701662,5.883562,0.75,2.5,4.5,135,null
"2021-09-11T01:00:23.000Z",45.701662,5.883562,0,3,4.75,112.5,null
"2021-09-11T01:04:27.000Z",45.701662,5.883562,1,3.25,5.25,135,null
"2021-09-11T01:08:27.000Z",45.701662,5.883562,0.75,3,4.75,112.5,null
"2021-09-11T01:12:27.000Z",45.701662,5.883562,0.25,2.25,4.25,135,null
"2021-09-11T01:16:32.000Z",45.701662,5.883562,0.25,2.5,4.75,135,null
"2021-09-11T01:20:32.000Z",45.701662,5.883562,0,1.75,4.75,135,null
"2021-09-11T01:24:32.000Z",45.701662,5.883562,0.75,2.5,4.75,135,null
"2021-09-11T01:28:36.000Z",45.701662,5.883562,0.75,3.25,5.5,135,null
"2021-09-11T01:32:36.000Z",45.701662,5.883562,0.75,4.75,10.5,90,null
"2021-09-11T01:36:36.000Z",45.701662,5.883562,1,6.25,9.5,90,null
"2021-09-11T01:40:39.000Z",45.701662,5.883562,1.75,4.5,8,112.5,null
"2021-09-11T01:44:39.000Z",45.701662,5.883562,0.75,4,7,90,null
"2021-09-11T01:48:39.000Z",45.701662,5.883562,1.75,3.5,6,112.5,null
"2021-09-11T01:52:43.000Z",45.701662,5.883562,2.5,4.25,7,112.5,null
"2021-09-11T01:56:43.000Z",45.701662,5.883562,1,3.5,5.25,90,null
"2021-09-11T02:00:43.000Z",45.701662,5.883562,1.75,4.5,7.75,90,null
"2021-09-11T02:04:48.000Z",45.701662,5.883562,0.25,2.25,4.75,112.5,null
"2021-09-11T02:08:48.000Z",45.701662,5.883562,1,3.75,8,90,null
"2021-09-11T02:12:48.000Z",45.701662,5.883562,2,4,7,90,null
"2021-09-11T02:16:52.000Z",45.701662,5.883562,1.75,4.5,7.25,90,null
"2021-09-11T02:20:52.000Z",45.701662,5.883562,0.25,1.75,4.75,112.5,null
"2021-09-11T02:24:52.000Z",45.701662,5.883562,0.75,2.75,6,90,null
"2021-09-11T02:28:56.000Z",45.701662,5.883562,1.5,2.25,3.75,90,null
"2021-09-11T02:32:56.000Z",45.701662,5.883562,1,2.25,3.5,90,null
"2021-09-11T02:36:56.000Z",45.701662,5.883562,1.75,3,4.25,112.5,null
"2021-09-11T02:41:01.000Z",45.701662,5.883562,2.75,4,5.25,112.5,null
"2021-09-11T02:45:01.000Z",45.701662,5.883562,3.25,4.75,6.5,112.5,null
"2021-09-11T02:49:01.000Z",45.701662,5.883562,3.25,4.5,6,112.5,null
"2021-09-11T02:53:04.000Z",45.701662,5.883562,2,4,6.25,112.5,null
"2021-09-11T02:57:04.000Z",45.701662,5.883562,2.5,3.75,5.25,112.5,null
"2021-09-11T03:01:04.000Z",45.701662,5.883562,3.5,4.75,6.25,112.5,null
"2021-09-11T03:05:08.000Z",45.701662,5.883562,3.5,5.25,7.75,112.5,null
"2021-09-11T03:09:08.000Z",45.701662,5.883562,3.25,4.5,5.5,112.5,null
"2021-09-11T03:13:08.000Z",45.701662,5.883562,3.5,4.5,6.25,112.5,null
"2021-09-11T03:17:13.000Z",45.701662,5.883562,1.5,3,4.25,90,null
"2021-09-11T03:21:13.000Z",45.701662,5.883562,1.75,2.75,3.75,112.5,null
"2021-09-11T03:25:13.000Z",45.701662,5.883562,2.75,3.75,5.5,112.5,null
"2021-09-11T03:29:16.000Z",45.701662,5.883562,2.25,3.5,5.25,90,null
"2021-09-11T03:33:16.000Z",45.701662,5.883562,1.75,2.5,3.5,112.5,null
"2021-09-11T03:37:16.000Z",45.701662,5.883562,1.5,3.25,4.5,90,null
"2021-09-11T03:41:20.000Z",45.701662,5.883562,2,4,6.25,90,null
"2021-09-11T03:45:20.000Z",45.701662,5.883562,2,4.5,7,90,null
"2021-09-11T03:49:20.000Z",45.701662,5.883562,2.5,3.75,6.5,90,null
"2021-09-11T03:53:25.000Z",45.701662,5.883562,1,2.75,4.5,90,null
"2021-09-11T03:57:25.000Z",45.701662,5.883562,2.75,3.75,5.25,90,null
"2021-09-11T04:01:25.000Z",45.701662,5.883562,3.25,4.5,5.5,90,null
"2021-09-11T04:05:29.000Z",45.701662,5.883562,3.25,4.25,5.25,90,null
"2021-09-11T04:09:29.000Z",45.701662,5.883562,3.5,5,6.5,90,null
"2021-09-11T04:13:29.000Z",45.701662,5.883562,3.5,5.25,7.75,90,null
"2021-09-11T04:17:33.000Z",45.701662,5.883562,2.5,4.5,7.75,90,null
"2021-09-11T04:21:33.000Z",45.701662,5.883562,2.5,3.75,5.25,112.5,null
"2021-09-11T04:25:33.000Z",45.701662,5.883562,3.25,5,7,112.5,null
"2021-09-11T04:29:36.000Z",45.701662,5.883562,3.5,5.25,8.75,112.5,null
"2021-09-11T04:33:36.000Z",45.701662,5.883562,3.75,5,7,112.5,null
"2021-09-11T04:37:36.000Z",45.701662,5.883562,2.75,5.75,8.25,112.5,null
"2021-09-11T04:41:40.000Z",45.701662,5.883562,2.5,4.5,7.25,112.5,null
"2021-09-11T04:45:40.000Z",45.701662,5.883562,2.5,5.25,8.75,90,null
"2021-09-11T04:49:40.000Z",45.701662,5.883562,1.75,4.25,8.75,90,null
"2021-09-11T04:53:45.000Z",45.701662,5.883562,1.75,4.5,8,90,null
"2021-09-11T04:57:45.000Z",45.701662,5.883562,1.75,5.75,8.75,67.5,null
"2021-09-11T05:01:45.000Z",45.701662,5.883562,3.5,7,10,67.5,null
"2021-09-11T05:05:48.000Z",45.701662,5.883562,2.5,4.25,7.25,90,null
"2021-09-11T05:09:48.000Z",45.701662,5.883562,2.5,4,6,90,null
"2021-09-11T05:13:48.000Z",45.701662,5.883562,2,4.25,6,90,null
"2021-09-11T05:17:53.000Z",45.701662,5.883562,3.5,4.75,6,90,null
"2021-09-11T05:21:53.000Z",45.701662,5.883562,2.75,5,7.25,90,null
"2021-09-11T05:25:53.000Z",45.701662,5.883562,2,4.5,7,90,null
"2021-09-11T05:29:57.000Z",45.701662,5.883562,2,3.25,4.25,135,null
"2021-09-11T05:33:57.000Z",45.701662,5.883562,1.75,3.25,4.75,112.5,null
"2021-09-11T05:37:57.000Z",45.701662,5.883562,2.75,4,5.5,90,null
"2021-09-11T05:42:01.000Z",45.701662,5.883562,1.5,3.25,4.25,90,null
"2021-09-11T05:46:01.000Z",45.701662,5.883562,2,3.25,4.25,112.5,null
"2021-09-11T05:50:01.000Z",45.701662,5.883562,2,3.25,5.25,90,null
"2021-09-11T05:54:04.000Z",45.701662,5.883562,2.75,4,6,112.5,null
"2021-09-11T05:58:04.000Z",45.701662,5.883562,3.25,5.5,10.5,90,null
"2021-09-11T06:02:04.000Z",45.701662,5.883562,2.75,6,11,90,null
"2021-09-11T06:06:09.000Z",45.701662,5.883562,1.75,4,6.25,90,null
"2021-09-11T06:10:09.000Z",45.701662,5.883562,2,3.5,5.25,90,null
"2021-09-11T06:14:09.000Z",45.701662,5.883562,1.75,3.75,6,112.5,null
"2021-09-11T06:18:13.000Z",45.701662,5.883562,1.75,3.5,4.75,112.5,null
"2021-09-11T06:22:13.000Z",45.701662,5.883562,0.75,2.25,4.25,90,null
"2021-09-11T06:26:13.000Z",45.701662,5.883562,1,2.5,3.75,112.5,null
"2021-09-11T06:30:17.000Z",45.701662,5.883562,0.25,2,3.25,112.5,null
"2021-09-11T06:34:17.000Z",45.701662,5.883562,0.75,2.75,4.25,90,null
"2021-09-11T06:38:17.000Z",45.701662,5.883562,1.5,2.75,3.75,90,null
"2021-09-11T06:42:21.000Z",45.701662,5.883562,1.75,3,3.75,90,null
"2021-09-11T06:46:21.000Z",45.701662,5.883562,0,1.75,3.25,112.5,null
"2021-09-11T06:50:21.000Z",45.701662,5.883562,0,0.75,2,112.5,null
"2021-09-11T06:54:25.000Z",45.701662,5.883562,0.75,1.5,2.5,135,null
"2021-09-11T06:58:25.000Z",45.701662,5.883562,0,1.25,2.75,112.5,null
"2021-09-11T07:02:25.000Z",45.701662,5.883562,1.5,2.75,4.75,112.5,null
"2021-09-11T07:06:29.000Z",45.701662,5.883562,0,2.5,5.25,112.5,null
"2021-09-11T07:10:29.000Z",45.701662,5.883562,1,2.75,4.75,112.5,null
"2021-09-11T07:14:29.000Z",45.701662,5.883562,0,1.75,3.75,90,null
"2021-09-11T07:18:33.000Z",45.701662,5.883562,0,2.75,5.25,90,null
"2021-09-11T07:22:33.000Z",45.701662,5.883562,0.25,1.75,3.75,135,null
"2021-09-11T07:26:33.000Z",45.701662,5.883562,0,0.25,2,112.5,null
"2021-09-11T07:30:37.000Z",45.701662,5.883562,0,0.75,2.75,202.5,null
"2021-09-11T07:34:37.000Z",45.701662,5.883562,0,2,4.75,202.5,null
"2021-09-11T07:38:37.000Z",45.701662,5.883562,1.5,2.5,4.25,225,null
"2021-09-11T07:42:41.000Z",45.701662,5.883562,0,1.75,3.25,202.5,null
"2021-09-11T07:46:41.000Z",45.701662,5.883562,0.75,1.75,3.25,247.5,null
"2021-09-11T07:50:41.000Z",45.701662,5.883562,1.5,2.25,3.25,270,null
"2021-09-11T07:54:45.000Z",45.701662,5.883562,0.75,2.25,3.75,247.5,null
"2021-09-11T07:58:45.000Z",45.701662,5.883562,2,3.25,4.5,270,null
"2021-09-11T08:02:45.000Z",45.701662,5.883562,1.5,2.75,4.5,270,null
"2021-09-11T08:06:50.000Z",45.701662,5.883562,0.25,1.5,2.75,292.5,null
"2021-09-11T08:10:50.000Z",45.701662,5.883562,1,3.25,5.25,315,null
"2021-09-11T08:14:50.000Z",45.701662,5.883562,1.75,3.5,5.25,315,null
"2021-09-11T08:18:53.000Z",45.701662,5.883562,2.5,4.25,5.5,337.5,null
"2021-09-11T08:22:53.000Z",45.701662,5.883562,2.75,4,5.5,337.5,null
"2021-09-11T08:26:53.000Z",45.701662,5.883562,2.5,4.25,7,337.5,null
"2021-09-11T08:30:57.000Z",45.701662,5.883562,2.75,4.5,8,315,null
"2021-09-11T08:34:57.000Z",45.701662,5.883562,3.75,6,8,315,null
"2021-09-11T08:38:57.000Z",45.701662,5.883562,4.25,6,7.75,315,null
"2021-09-11T08:43:02.000Z",45.701662,5.883562,3.5,5,6.5,315,null
"2021-09-11T08:47:02.000Z",45.701662,5.883562,3.25,5.5,7.25,315,null
"2021-09-11T08:51:02.000Z",45.701662,5.883562,4.5,6,7.75,315,null
"2021-09-11T08:55:06.000Z",45.701662,5.883562,3.5,5.5,7,315,null
"2021-09-11T08:59:06.000Z",45.701662,5.883562,2.75,4.5,6.25,315,null
"2021-09-11T09:03:06.000Z",45.701662,5.883562,3.5,5.75,7.25,337.5,null
"2021-09-11T09:07:09.000Z",45.701662,5.883562,2.75,4.75,7,337.5,null
"2021-09-11T09:11:09.000Z",45.701662,5.883562,4.25,5.5,6.25,337.5,null
"2021-09-11T09:15:09.000Z",45.701662,5.883562,3.5,4.5,6,315,null
"2021-09-11T09:19:14.000Z",45.701662,5.883562,3.5,4.75,6,315,null
"2021-09-11T09:23:14.000Z",45.701662,5.883562,2.5,4.5,6,315,null
"2021-09-11T09:27:14.000Z",45.701662,5.883562,2.75,4.25,5.5,315,null
"2021-09-11T09:31:17.000Z",45.701662,5.883562,2.75,4.5,6,292.5,null
"2021-09-11T09:35:17.000Z",45.701662,5.883562,4.25,5.25,6.5,292.5,null
"2021-09-11T09:39:17.000Z",45.701662,5.883562,3.25,4.5,5.5,292.5,null
"2021-09-11T09:43:21.000Z",45.701662,5.883562,1.5,3.75,6,292.5,null
"2021-09-11T09:47:21.000Z",45.701662,5.883562,2.75,4.5,6.25,315,null
"2021-09-11T09:51:21.000Z",45.701662,5.883562,3.75,5.5,7.25,315,null
"2021-09-11T09:55:26.000Z",45.701662,5.883562,4,5.5,7,337.5,null
"2021-09-11T09:59:26.000Z",45.701662,5.883562,5.25,7,8.25,337.5,null
"2021-09-11T10:03:26.000Z",45.701662,5.883562,7.25,8.5,10,337.5,null
"2021-09-11T10:07:30.000Z",45.701662,5.883562,8,9.75,12,337.5,null
"2021-09-11T10:11:30.000Z",45.701662,5.883562,9,11,12,337.5,null
"2021-09-11T10:15:30.000Z",45.701662,5.883562,8,10,12,337.5,null
"2021-09-11T10:19:34.000Z",45.701662,5.883562,7,8.75,11,337.5,null
"2021-09-11T10:23:34.000Z",45.701662,5.883562,7.25,9.25,10.5,337.5,null
"2021-09-11T10:27:34.000Z",45.701662,5.883562,8.25,10,11.5,337.5,null
"2021-09-11T10:31:37.000Z",45.701662,5.883562,8,10,11,337.5,null
"2021-09-11T10:35:37.000Z",45.701662,5.883562,9,11,12,337.5,null
"2021-09-11T10:39:37.000Z",45.701662,5.883562,9,11,12,337.5,null
"2021-09-11T10:43:42.000Z",45.701662,5.883562,8.75,10,11.5,337.5,null
"2021-09-11T10:47:42.000Z",45.701662,5.883562,7.75,9.25,10.5,337.5,null
"2021-09-11T10:51:42.000Z",45.701662,5.883562,7,9,10.5,337.5,null
"2021-09-11T10:55:46.000Z",45.701662,5.883562,7.25,9,11,337.5,null
"2021-09-11T10:59:46.000Z",45.701662,5.883562,8.75,11,12,337.5,null
"2021-09-11T11:03:46.000Z",45.701662,5.883562,8.25,10.5,12,337.5,null
"2021-09-11T11:07:50.000Z",45.701662,5.883562,8.25,10.5,12,337.5,null
"2021-09-11T11:11:50.000Z",45.701662,5.883562,8.75,10.5,11.5,337.5,null
"2021-09-11T11:15:50.000Z",45.701662,5.883562,8.25,9.75,11.5,337.5,null
"2021-09-11T11:19:54.000Z",45.701662,5.883562,8,9.75,12,337.5,null
"2021-09-11T11:23:54.000Z",45.701662,5.883562,8,9.5,11,337.5,null
"2021-09-11T11:27:54.000Z",45.701662,5.883562,8.75,10,11.5,337.5,null
"2021-09-11T11:31:58.000Z",45.701662,5.883562,8.75,11,12,337.5,null
"2021-09-11T11:35:58.000Z",45.701662,5.883562,9,12,13.5,337.5,null
"2021-09-11T11:39:58.000Z",45.701662,5.883562,9.75,11.5,13.5,337.5,null
"2021-09-11T11:44:02.000Z",45.701662,5.883562,8.75,10.5,12,337.5,null
"2021-09-11T11:48:02.000Z",45.701662,5.883562,7.25,11,13,337.5,null
"2021-09-11T11:52:02.000Z",45.701662,5.883562,9.5,11.5,13,337.5,null
"2021-09-11T11:56:07.000Z",45.701662,5.883562,9.5,11.5,13,337.5,null
"2021-09-11T12:00:07.000Z",45.701662,5.883562,8.75,11,13,337.5,null
"2021-09-11T12:04:07.000Z",45.701662,5.883562,7.25,9.5,11,337.5,null
"2021-09-11T12:08:10.000Z",45.701662,5.883562,7,8.5,11.5,337.5,null
"2021-09-11T12:12:10.000Z",45.701662,5.883562,7.25,9.25,11,337.5,null
"2021-09-11T12:16:10.000Z",45.701662,5.883562,8,9.75,11.5,337.5,null
"2021-09-11T12:20:15.000Z",45.701662,5.883562,7,9.75,12,315,null
"2021-09-11T12:24:15.000Z",45.701662,5.883562,3.25,6.5,8.25,337.5,null
"2021-09-11T12:28:15.000Z",45.701662,5.883562,4.5,7,9.5,337.5,null
"2021-09-11T12:32:18.000Z",45.701662,5.883562,6.5,9.5,12,337.5,null
"2021-09-11T12:36:18.000Z",45.701662,5.883562,6.5,8.5,10,315,null
"2021-09-11T12:40:18.000Z",45.701662,5.883562,8,10,12.5,315,null
"2021-09-11T12:44:22.000Z",45.701662,5.883562,6,7.5,9,337.5,null
"2021-09-11T12:48:22.000Z",45.701662,5.883562,7,8.25,9.75,315,null
"2021-09-11T12:52:22.000Z",45.701662,5.883562,5.25,7.5,10.5,315,null
"2021-09-11T12:56:26.000Z",45.701662,5.883562,3.75,5.5,8.25,315,null
"2021-09-11T13:00:26.000Z",45.701662,5.883562,5.5,7.75,10,292.5,null
"2021-09-11T13:04:26.000Z",45.701662,5.883562,5.25,6.5,8,292.5,null
"2021-09-11T13:08:31.000Z",45.701662,5.883562,3.5,8,14,270,null
"2021-09-11T13:12:31.000Z",45.701662,5.883562,4.75,8.75,13,270,null
"2021-09-11T13:16:31.000Z",45.701662,5.883562,3.5,6,8,315,null
"2021-09-11T13:20:35.000Z",45.701662,5.883562,6,7.5,11,315,null
"2021-09-11T13:24:35.000Z",45.701662,5.883562,5.5,6.5,8.75,315,null
"2021-09-11T13:28:35.000Z",45.701662,5.883562,6.25,7,8.25,292.5,null
"2021-09-11T13:32:39.000Z",45.701662,5.883562,6,7,8.25,315,null
"2021-09-11T13:36:39.000Z",45.701662,5.883562,5.25,6.25,7.75,292.5,null
"2021-09-11T13:40:39.000Z",45.701662,5.883562,6,6.75,7.75,292.5,null
"2021-09-11T13:44:43.000Z",45.701662,5.883562,3.75,5,7,292.5,null
"2021-09-11T13:48:43.000Z",45.701662,5.883562,1.5,3,4.75,292.5,null
"2021-09-11T13:52:43.000Z",45.701662,5.883562,0.25,3.75,7,292.5,null
"2021-09-11T13:56:46.000Z",45.701662,5.883562,1.75,3.25,7,292.5,null
"2021-09-11T14:00:46.000Z",45.701662,5.883562,1.5,2.75,4.5,292.5,null
"2021-09-11T14:04:46.000Z",45.701662,5.883562,0.75,5,9.75,292.5,null
"2021-09-11T14:08:51.000Z",45.701662,5.883562,0,4.5,8.25,247.5,null
"2021-09-11T14:12:51.000Z",45.701662,5.883562,1.75,4.5,7,270,null
"2021-09-11T14:16:51.000Z",45.701662,5.883562,3.25,4.75,6,315,null
"2021-09-11T14:20:55.000Z",45.701662,5.883562,2.5,3.5,5.25,337.5,null
"2021-09-11T14:24:55.000Z",45.701662,5.883562,2.75,4.5,6,0,null
"2021-09-11T14:28:55.000Z",45.701662,5.883562,4.25,6,7,337.5,null
"2021-09-11T14:32:59.000Z",45.701662,5.883562,3.75,5,6,0,null
"2021-09-11T14:36:59.000Z",45.701662,5.883562,4.75,6,7.25,0,null
"2021-09-11T14:40:59.000Z",45.701662,5.883562,4.75,6.5,7.75,0,null
"2021-09-11T14:45:02.000Z",45.701662,5.883562,3.5,6.25,7.75,0,null
"2021-09-11T14:49:02.000Z",45.701662,5.883562,2.5,5.25,7,0,null
"2021-09-11T14:53:02.000Z",45.701662,5.883562,4.25,5.5,7,270,null
"2021-09-11T15:00:45.000Z",45.701588,5.883675,2,3.25,4.25,292.5,null
"2021-09-11T15:04:45.000Z",45.701588,5.883675,0.25,2,3.25,315,null
"2021-09-11T15:08:45.000Z",45.701588,5.883675,0,1.25,4.25,270,null
"2021-09-11T15:12:49.000Z",45.701588,5.883675,3.25,5,6.25,270,null
"2021-09-11T15:16:49.000Z",45.701588,5.883675,2.75,3.75,4.75,247.5,null
"2021-09-11T15:20:49.000Z",45.701588,5.883675,2.75,4,4.75,247.5,null
"2021-09-11T15:24:52.000Z",45.701588,5.883675,0.25,3,4.75,225,null
"2021-09-11T15:28:52.000Z",45.701588,5.883675,0,1.25,3.25,292.5,null
"2021-09-11T15:32:52.000Z",45.701588,5.883675,0,1.25,2.5,292.5,null
"2021-09-11T15:36:57.000Z",45.701588,5.883675,0,1,3.5,0,null
"2021-09-11T15:40:57.000Z",45.701588,5.883675,1.5,2.25,3.5,0,null
"2021-09-11T15:44:57.000Z",45.701588,5.883675,1,3,4.5,337.5,null
"2021-09-11T15:49:44.000Z",45.701588,5.883675,0.75,1.25,2.25,315,null
"2021-09-11T15:53:44.000Z",45.701588,5.883675,0,1.25,2,292.5,null
"2021-09-11T15:57:44.000Z",45.701683,5.883481,0,1.25,3.75,0,null
"2021-09-11T16:01:49.000Z",45.701683,5.883481,1.5,5.5,8.25,337.5,null
"2021-09-11T16:05:49.000Z",45.701683,5.883481,4.75,6.25,8,337.5,null
"2021-09-11T16:09:49.000Z",45.701683,5.883481,4.75,5.75,7,0,null
"2021-09-11T16:13:53.000Z",45.701683,5.883481,1.75,4.25,6.5,0,null
"2021-09-11T16:17:53.000Z",45.701683,5.883481,3.5,7.5,11,315,null
"2021-09-11T16:21:53.000Z",45.701683,5.883481,5.25,7.75,11.5,315,null
"2021-09-11T16:25:57.000Z",45.701683,5.883481,0,4.25,9.75,292.5,null
"2021-09-11T16:29:57.000Z",45.701683,5.883481,0,5.5,8.25,270,null
"2021-09-11T16:33:57.000Z",45.701683,5.883481,4.25,7,9.75,270,null
"2021-09-11T16:38:01.000Z",45.701683,5.883481,0,1.75,4.25,315,null
"2021-09-11T16:42:01.000Z",45.701683,5.883481,0.75,2.75,6.25,292.5,null
"2021-09-11T16:46:01.000Z",45.701683,5.883481,3.5,5.25,8.25,315,null
"2021-09-11T16:50:05.000Z",45.701683,5.883481,4.75,6.25,7.75,315,null
"2021-09-11T16:54:05.000Z",45.701683,5.883481,4.25,7,13,315,null
"2021-09-11T16:58:05.000Z",45.701683,5.883481,6.5,10.5,13,270,null
"2021-09-11T17:02:09.000Z",45.701683,5.883481,7.25,10.5,14,270,null
"2021-09-11T17:06:09.000Z",45.701683,5.883481,10,12,15,270,null
"2021-09-11T17:10:09.000Z",45.701683,5.883481,8.25,12.5,18,270,null
"2021-09-11T17:14:13.000Z",45.701683,5.883481,10,15,20,270,null
"2021-09-11T17:18:13.000Z",45.701683,5.883481,13,16.5,21,270,null
"2021-09-11T17:22:13.000Z",45.701683,5.883481,10.5,15,21.5,270,null
"2021-09-11T17:26:17.000Z",45.701683,5.883481,9.75,13,16.5,270,null
"2021-09-11T17:30:17.000Z",45.701683,5.883481,12,14,18,270,null
"2021-09-11T17:34:17.000Z",45.701683,5.883481,11,14,18,270,null
"2021-09-11T17:38:21.000Z",45.701683,5.883481,12,15,19,270,null
"2021-09-11T17:42:21.000Z",45.701683,5.883481,13.5,18.5,25,270,null
"2021-09-11T17:46:21.000Z",45.701683,5.883481,9.5,13.5,20,270,null
"2021-09-11T17:50:25.000Z",45.701683,5.883481,11.5,15,19,270,null
"2021-09-11T17:54:25.000Z",45.701683,5.883481,9,17,24,247.5,null
"2021-09-11T17:58:25.000Z",45.701683,5.883481,13,17.5,22.5,247.5,null
"2021-09-11T18:02:29.000Z",45.701683,5.883481,14.5,17.5,21,270,null
"2021-09-11T18:06:29.000Z",45.701683,5.883481,14.5,17.5,20.5,270,null
"2021-09-11T18:10:29.000Z",45.701683,5.883481,12,15.5,20,270,null
"2021-09-11T18:14:33.000Z",45.701683,5.883481,14.5,18,21,270,null
"2021-09-11T18:18:33.000Z",45.701683,5.883481,10,15.5,19.5,270,null
"2021-09-11T18:22:33.000Z",45.701683,5.883481,11,15.5,19,270,null
"2021-09-11T18:26:38.000Z",45.701683,5.883481,10,14,17,270,null
"2021-09-11T18:30:38.000Z",45.701683,5.883481,0,7,13,270,null
"2021-09-11T18:34:38.000Z",45.701683,5.883481,0,3,9.5,22.5,null
"2021-09-11T18:38:41.000Z",45.701683,5.883481,2,4.5,6.5,45,null
"2021-09-11T18:42:41.000Z",45.701683,5.883481,1.5,4,6.25,22.5,null
"2021-09-11T18:46:41.000Z",45.701683,5.883481,1.5,3.75,5.5,0,null
"2021-09-11T18:50:45.000Z",45.701683,5.883481,0.75,1.75,3.25,0,null
"2021-09-11T18:54:45.000Z",45.701683,5.883481,0.75,2.5,4.25,22.5,null
"2021-09-11T18:58:45.000Z",45.701683,5.883481,1.5,2.75,4.25,22.5,null
"2021-09-11T19:02:50.000Z",45.701683,5.883481,0,1.75,4.75,45,null
"2021-09-11T19:06:50.000Z",45.701683,5.883481,0,1.25,2.75,0,null
"2021-09-11T19:10:50.000Z",45.701683,5.883481,1.5,2,2.5,337.5,null
"2021-09-11T19:14:53.000Z",45.701683,5.883481,0.75,2,3.25,0,null
"2021-09-11T19:18:53.000Z",45.701683,5.883481,0,0.75,2.5,45,null
"2021-09-11T19:22:53.000Z",45.701683,5.883481,0,1.25,3.25,45,null
"2021-09-11T19:26:58.000Z",45.701683,5.883481,0,2.75,3.75,22.5,null
"2021-09-11T19:30:58.000Z",45.701683,5.883481,0,2.75,4.25,22.5,null
"2021-09-11T19:34:58.000Z",45.701683,5.883481,0,2.5,5.25,22.5,null
"2021-09-11T19:39:02.000Z",45.701683,5.883481,2.5,4,6.5,22.5,null
"2021-09-11T19:43:02.000Z",45.701683,5.883481,1.5,3.75,4.75,22.5,null
"2021-09-11T19:47:02.000Z",45.701683,5.883481,1.5,2.75,4.25,67.5,null
"2021-09-11T19:51:06.000Z",45.701683,5.883481,0.75,3,6.25,22.5,null
"2021-09-11T19:55:06.000Z",45.701683,5.883481,3.5,5,6.5,22.5,null
"2021-09-11T19:59:06.000Z",45.701683,5.883481,2,4,6,0,null
"2021-09-11T20:03:10.000Z",45.701683,5.883481,0.25,1.5,3,22.5,null
"2021-09-11T20:07:10.000Z",45.701683,5.883481,0,0,0.25,67.5,null
"2021-09-11T20:11:10.000Z",45.701683,5.883481,0,0.5,3.25,90,null
"2021-09-11T20:15:14.000Z",45.701683,5.883481,2.5,4,6,90,null
"2021-09-11T20:19:14.000Z",45.701683,5.883481,1.5,3.75,6,67.5,null
"2021-09-11T20:23:14.000Z",45.701683,5.883481,1,2.75,4.75,67.5,null
"2021-09-11T20:27:18.000Z",45.701683,5.883481,0.75,2.5,4.25,90,null
"2021-09-11T20:31:18.000Z",45.701683,5.883481,2,3.5,4.75,90,null
"2021-09-11T20:35:18.000Z",45.701683,5.883481,2.75,4,5.25,90,null
"2021-09-11T20:39:22.000Z",45.701683,5.883481,1.5,3,4.75,90,null
"2021-09-11T20:43:22.000Z",45.701683,5.883481,3.25,4.5,7,90,null
"2021-09-11T20:47:22.000Z",45.701683,5.883481,2.5,3.5,4.75,90,null
"2021-09-11T20:51:25.000Z",45.701683,5.883481,1.75,4,5.5,90,null
"2021-09-11T20:55:25.000Z",45.701683,5.883481,2.5,4,5.5,90,null
"2021-09-11T20:59:25.000Z",45.701683,5.883481,1.75,3.75,5.25,112.5,null
"2021-09-11T21:03:30.000Z",45.701683,5.883481,1.75,3.25,6.25,90,null
"2021-09-11T21:07:30.000Z",45.701683,5.883481,1.75,3.5,5.25,90,null
"2021-09-11T21:11:30.000Z",45.701683,5.883481,0.75,2,3.75,90,null
"2021-09-11T21:15:34.000Z",45.701683,5.883481,0.75,1.25,2,90,null
"2021-09-11T21:19:34.000Z",45.701683,5.883481,0,1.25,3.5,112.5,null
"2021-09-11T21:23:34.000Z",45.701683,5.883481,0,2,4.5,135,null
"2021-09-11T21:27:38.000Z",45.701683,5.883481,1,2.25,4,112.5,null
"2021-09-11T21:31:38.000Z",45.701683,5.883481,2,3,3.75,90,null
"2021-09-11T21:35:38.000Z",45.701683,5.883481,1.75,3.5,4.5,90,null
"2021-09-11T21:39:42.000Z",45.701683,5.883481,1,1.75,2.5,90,null
"2021-09-11T21:43:42.000Z",45.701683,5.883481,1,2.75,4.25,90,null
"2021-09-11T21:47:42.000Z",45.701683,5.883481,1.5,3.5,4.75,90,null
"2021-09-11T21:51:46.000Z",45.701683,5.883481,1.75,2.75,4.5,90,null
"2021-09-11T21:55:46.000Z",45.701683,5.883481,1,2.75,3.75,90,null
"2021-09-11T21:59:46.000Z",45.701683,5.883481,1,2.5,4.25,112.5,null
"2021-09-11T22:03:50.000Z",45.701683,5.883481,1.75,3.25,4.25,112.5,null
"2021-09-11T22:07:50.000Z",45.701683,5.883481,1.75,3.5,5.25,90,null
"2021-09-11T22:11:50.000Z",45.701683,5.883481,2.5,3.25,4.25,90,null
"2021-09-11T22:15:54.000Z",45.701683,5.883481,0.75,2,3.5,112.5,null
"2021-09-11T22:19:54.000Z",45.701683,5.883481,1,2,2.75,112.5,null
"2021-09-11T22:23:54.000Z",45.701683,5.883481,0.75,1.75,2.5,112.5,null
"2021-09-11T22:27:58.000Z",45.701683,5.883481,0,1.5,3.75,135,null
"2021-09-11T22:31:58.000Z",45.701683,5.883481,0.75,3,4.75,112.5,null
"2021-09-11T22:35:58.000Z",45.701683,5.883481,2.5,3.75,5.5,135,null
"2021-09-11T22:40:02.000Z",45.701683,5.883481,2.75,3.75,5.25,112.5,null
"2021-09-11T22:44:02.000Z",45.701683,5.883481,2.5,4.25,6,112.5,null
"2021-09-11T22:48:02.000Z",45.701683,5.883481,1.75,3.5,5.25,135,null
"2021-09-11T22:52:06.000Z",45.701683,5.883481,2,4,5.25,135,null
"2021-09-11T22:56:06.000Z",45.701683,5.883481,1.75,3.5,5.5,112.5,null
"2021-09-11T23:00:06.000Z",45.701683,5.883481,1.75,3,3.75,90,null
"2021-09-11T23:04:10.000Z",45.701683,5.883481,1,3.25,4.5,90,null
"2021-09-11T23:08:10.000Z",45.701683,5.883481,0,0.25,1,67.5,null
"2021-09-11T23:12:10.000Z",45.701683,5.883481,0,2.5,5.25,90,null
"2021-09-11T23:16:14.000Z",45.701683,5.883481,0.25,2.5,5,90,null
"2021-09-11T23:20:14.000Z",45.701683,5.883481,0,0.75,2.75,112.5,null
"2021-09-11T23:24:14.000Z",45.701683,5.883481,0,1,2.75,135,null
"2021-09-11T23:28:19.000Z",45.701683,5.883481,0,1.5,3.75,135,null
"2021-09-11T23:32:19.000Z",45.701683,5.883481,2.5,3.25,4.5,135,null
"2021-09-11T23:36:19.000Z",45.701683,5.883481,2.5,4.25,6,112.5,null
"2021-09-11T23:40:22.000Z",45.701683,5.883481,1.75,3,6,112.5,null
"2021-09-11T23:44:22.000Z",45.701683,5.883481,3.5,5.25,7,135,null
"2021-09-11T23:48:22.000Z",45.701683,5.883481,3.5,4.75,6.25,135,null
"2021-09-11T23:52:26.000Z",45.701683,5.883481,1.75,4.75,7,157.5,null
"2021-09-11T23:56:26.000Z",45.701683,5.883481,0.25,2.75,4.75,112.5,null
"2021-09-12T00:00:26.000Z",45.701683,5.883481,0.25,3,5.5,112.5,null
"2021-09-12T00:04:31.000Z",45.701683,5.883481,0.25,2.25,4.25,135,null
"2021-09-12T00:08:31.000Z",45.701683,5.883481,0,2,5.25,135,null
"2021-09-12T00:12:31.000Z",45.701683,5.883481,1,3.5,6,112.5,null
"2021-09-12T00:16:35.000Z",45.701683,5.883481,2,4,7,112.5,null
"2021-09-12T00:20:35.000Z",45.701683,5.883481,2.5,4.75,8.25,112.5,null
"2021-09-12T00:24:35.000Z",45.701683,5.883481,2.75,4.75,7,112.5,null
"2021-09-12T00:28:38.000Z",45.701683,5.883481,2,3.75,6.25,112.5,null
"2021-09-12T00:32:38.000Z",45.701683,5.883481,2.5,3.75,5.5,112.5,null
"2021-09-12T00:36:38.000Z",45.701683,5.883481,2,3.25,4.75,112.5,null
"2021-09-12T00:40:43.000Z",45.701683,5.883481,1.5,3.25,5.25,135,null
"2021-09-12T00:44:43.000Z",45.701683,5.883481,3.25,5,6.5,112.5,null
"2021-09-12T00:48:43.000Z",45.701683,5.883481,1.75,3.75,6,112.5,null
"2021-09-12T00:52:47.000Z",45.701683,5.883481,3.25,4.5,7.75,112.5,null
"2021-09-12T00:56:47.000Z",45.701683,5.883481,1.75,4.25,6.25,112.5,null
"2021-09-12T01:00:47.000Z",45.701683,5.883481,0.75,3,4.75,112.5,null
"2021-09-12T01:04:51.000Z",45.701683,5.883481,0.75,2,3.5,112.5,null
"2021-09-12T01:08:51.000Z",45.701683,5.883481,0,2.25,3.75,112.5,null
"2021-09-12T01:12:51.000Z",45.701683,5.883481,1.5,3,4.25,112.5,null
"2021-09-12T01:16:55.000Z",45.701683,5.883481,2,3.75,5.5,90,null
"2021-09-12T01:20:55.000Z",45.701683,5.883481,1,4.25,6,90,null
"2021-09-12T01:24:55.000Z",45.701683,5.883481,0.75,2.25,4.25,90,null
"2021-09-12T01:28:59.000Z",45.701683,5.883481,1.75,3,4.25,90,null
"2021-09-12T01:32:59.000Z",45.701683,5.883481,0.25,2.5,4.25,90,null
"2021-09-12T01:36:59.000Z",45.701683,5.883481,1.75,3,4.5,112.5,null
"2021-09-12T01:41:03.000Z",45.701683,5.883481,1.75,2.75,4.25,112.5,null
"2021-09-12T01:45:03.000Z",45.701683,5.883481,2,3.25,4.5,112.5,null
"2021-09-12T01:49:03.000Z",45.701683,5.883481,1,2.5,4.5,135,null
"2021-09-12T01:53:07.000Z",45.701683,5.883481,0.75,2.75,5.25,112.5,null
"2021-09-12T01:57:07.000Z",45.701683,5.883481,2.75,4.5,6.25,135,null
"2021-09-12T02:01:07.000Z",45.701683,5.883481,2.75,5.25,7,112.5,null
"2021-09-12T02:05:11.000Z",45.701683,5.883481,1.75,4.75,10,112.5,null
"2021-09-12T02:09:11.000Z",45.701683,5.883481,0.75,3.25,6.25,112.5,null
"2021-09-12T02:13:11.000Z",45.701683,5.883481,1,4,8.25,157.5,null
"2021-09-12T02:17:15.000Z",45.701683,5.883481,1,5,7.75,180,null
"2021-09-12T02:21:15.000Z",45.701683,5.883481,1.75,4.75,7.25,157.5,null
"2021-09-12T02:25:15.000Z",45.701683,5.883481,0,4.75,11,157.5,null
"2021-09-12T02:29:19.000Z",45.701683,5.883481,1.75,4,6.25,157.5,null
"2021-09-12T02:33:19.000Z",45.701683,5.883481,0,1,7.25,112.5,null
"2021-09-12T02:37:19.000Z",45.701683,5.883481,0,2.75,7,112.5,null
"2021-09-12T02:41:23.000Z",45.701683,5.883481,0.75,3.5,7,112.5,null
"2021-09-12T02:45:23.000Z",45.701683,5.883481,1.5,4.75,8,90,null
"2021-09-12T02:49:23.000Z",45.701683,5.883481,4.25,8.75,14.5,90,null
"2021-09-12T02:53:27.000Z",45.701683,5.883481,2,9,14.5,90,null
"2021-09-12T02:57:27.000Z",45.701683,5.883481,3.5,7,13.5,90,null
"2021-09-12T03:01:27.000Z",45.701683,5.883481,1.75,4,7.25,112.5,null
"2021-09-12T03:05:31.000Z",45.701683,5.883481,0.25,2.5,4.75,135,null
"2021-09-12T03:09:31.000Z",45.701683,5.883481,0,2.25,6.25,135,null
"2021-09-12T03:13:31.000Z",45.701683,5.883481,0.25,5,8.75,135,null
"2021-09-12T03:17:35.000Z",45.701683,5.883481,0.75,4.75,9,112.5,null
"2021-09-12T03:21:35.000Z",45.701683,5.883481,1.5,5,9,112.5,null
"2021-09-12T03:25:35.000Z",45.701683,5.883481,0,4,10,135,null
"2021-09-12T03:29:39.000Z",45.701683,5.883481,0,3,7.75,135,null
"2021-09-12T03:33:39.000Z",45.701683,5.883481,0,3.5,10,135,null
"2021-09-12T03:37:39.000Z",45.701683,5.883481,1,4.25,11,135,null
"2021-09-12T03:41:44.000Z",45.701683,5.883481,2.75,6.75,11,135,null
"2021-09-12T03:45:44.000Z",45.701683,5.883481,2,5.75,11,135,null
"2021-09-12T03:49:44.000Z",45.701683,5.883481,2.5,6.25,11,135,null
"2021-09-12T03:53:48.000Z",45.701683,5.883481,2,5.75,12,135,null
"2021-09-12T03:57:48.000Z",45.701683,5.883481,1.75,5.25,10.5,157.5,null
"2021-09-12T04:01:48.000Z",45.701683,5.883481,1.75,5,9,157.5,null
"2021-09-12T04:05:51.000Z",45.701683,5.883481,2,5.25,8.75,157.5,null
"2021-09-12T04:09:51.000Z",45.701683,5.883481,0.75,4.5,10,157.5,null
"2021-09-12T04:13:51.000Z",45.701683,5.883481,0,3,8,157.5,null
"2021-09-12T04:17:56.000Z",45.701683,5.883481,0,3.75,6.5,157.5,null
"2021-09-12T04:21:56.000Z",45.701683,5.883481,3.5,5.75,9,157.5,null
"2021-09-12T04:25:56.000Z",45.701683,5.883481,0.25,3.5,7.75,157.5,null
"2021-09-12T04:30:00.000Z",45.701683,5.883481,0,2,5.25,135,null
"2021-09-12T04:34:00.000Z",45.701683,5.883481,0.25,4.5,8,112.5,null
"2021-09-12T04:38:00.000Z",45.701683,5.883481,3.25,6.75,12.5,112.5,null
"2021-09-12T04:42:03.000Z",45.701683,5.883481,3.5,7,11,112.5,null
"2021-09-12T04:46:03.000Z",45.701683,5.883481,3.5,8.25,13.5,112.5,null
"2021-09-12T04:50:03.000Z",45.701683,5.883481,1.75,6,10,112.5,null
"2021-09-12T04:54:07.000Z",45.701683,5.883481,2.5,5.75,9,112.5,null
"2021-09-12T04:58:07.000Z",45.701683,5.883481,3.5,5.75,8,112.5,null
"2021-09-12T05:02:07.000Z",45.701683,5.883481,2.75,5.5,9,112.5,null
"2021-09-12T05:06:11.000Z",45.701683,5.883481,2,6,9.75,112.5,null
"2021-09-12T05:10:11.000Z",45.701683,5.883481,2.75,6.5,10,112.5,null
"2021-09-12T05:14:11.000Z",45.701683,5.883481,2,6.25,10.5,112.5,null
"2021-09-12T05:18:16.000Z",45.701683,5.883481,3.75,6,11,90,null
"2021-09-12T05:22:16.000Z",45.701683,5.883481,2,6.25,11,112.5,null
"2021-09-12T05:26:16.000Z",45.701683,5.883481,2.5,5.5,9.5,90,null
"2021-09-12T05:30:20.000Z",45.701683,5.883481,1.75,4.75,8,112.5,null
"2021-09-12T05:34:20.000Z",45.701683,5.883481,2.5,5.25,7.75,112.5,null
"2021-09-12T05:38:20.000Z",45.701683,5.883481,1.75,5.5,12,90,null
"2021-09-12T05:42:24.000Z",45.701683,5.883481,1.5,4,7.75,112.5,null
"2021-09-12T05:46:24.000Z",45.701683,5.883481,1.5,3.75,7.25,112.5,null
"2021-09-12T05:50:24.000Z",45.701683,5.883481,1.5,4.25,8.25,112.5,null
"2021-09-12T05:54:27.000Z",45.701683,5.883481,0,2.5,8,135,null
"2021-09-12T05:58:27.000Z",45.701683,5.883481,0,3.5,7,112.5,null
"2021-09-12T06:02:27.000Z",45.701683,5.883481,0,4.75,9.75,135,null
"2021-09-12T06:06:32.000Z",45.701683,5.883481,0,4.25,8.75,157.5,null
"2021-09-12T06:10:32.000Z",45.701683,5.883481,0.75,4.25,9.75,135,null
"2021-09-12T06:14:32.000Z",45.701683,5.883481,0,4.5,10,112.5,null
"2021-09-12T06:18:36.000Z",45.701683,5.883481,1,3.75,8,112.5,null
"2021-09-12T06:22:36.000Z",45.701683,5.883481,1,4,8.25,135,null
"2021-09-12T06:26:36.000Z",45.701683,5.883481,0.75,3.75,8.25,135,null
"2021-09-12T06:30:40.000Z",45.701683,5.883481,0,3.5,7.25,112.5,null
"2021-09-12T06:34:40.000Z",45.701683,5.883481,1,3,6,135,null
"2021-09-12T06:38:40.000Z",45.701683,5.883481,1.5,4,7.75,135,null
"2021-09-12T06:42:44.000Z",45.701683,5.883481,1.25,5,9,157.5,null
"2021-09-12T06:46:44.000Z",45.701683,5.883481,2,6.25,9.5,157.5,null
"2021-09-12T06:50:44.000Z",45.701683,5.883481,2,5.5,11,157.5,null
"2021-09-12T06:54:48.000Z",45.701683,5.883481,1.5,6,11,157.5,null
"2021-09-12T06:58:48.000Z",45.701683,5.883481,2,6,10,157.5,null
"2021-09-12T07:02:48.000Z",45.701683,5.883481,0.25,5,13.5,157.5,null
"2021-09-12T07:06:52.000Z",45.701683,5.883481,2.75,8,12,157.5,null
"2021-09-12T07:10:52.000Z",45.701683,5.883481,1.75,8,15.5,157.5,null
"2021-09-12T07:14:52.000Z",45.701683,5.883481,2,7.25,12,157.5,null
"2021-09-12T07:18:56.000Z",45.701683,5.883481,2.5,8,11,157.5,null
"2021-09-12T07:22:56.000Z",45.701683,5.883481,3.75,8.5,14,157.5,null
"2021-09-12T07:26:56.000Z",45.701683,5.883481,3.75,7.75,13,157.5,null
"2021-09-12T07:31:00.000Z",45.701683,5.883481,0.75,6.25,13,157.5,null
"2021-09-12T07:35:00.000Z",45.701683,5.883481,1,4.25,8.25,157.5,null
"2021-09-12T07:39:00.000Z",45.701683,5.883481,2,6.75,9.75,157.5,null
"2021-09-12T07:43:04.000Z",45.701683,5.883481,1,6,8.75,180,null
"2021-09-12T07:47:04.000Z",45.701683,5.883481,1,5.25,9,180,null
"2021-09-12T07:51:04.000Z",45.701683,5.883481,0.25,5.25,10,202.5,null
"2021-09-12T07:55:09.000Z",45.701683,5.883481,1,6.25,11,202.5,null
"2021-09-12T07:59:09.000Z",45.701683,5.883481,3.25,7.5,13,202.5,null
"2021-09-12T08:03:09.000Z",45.701683,5.883481,1.5,6.5,11.5,202.5,null
"2021-09-12T08:07:12.000Z",45.701683,5.883481,2.75,8.75,13,180,null
"2021-09-12T08:11:12.000Z",45.701683,5.883481,2,9,13,180,null
"2021-09-12T08:15:12.000Z",45.701683,5.883481,0.75,6.75,12.5,180,null
"2021-09-12T08:19:16.000Z",45.701683,5.883481,3.5,9.5,13.5,180,null
"2021-09-12T08:23:16.000Z",45.701683,5.883481,1.75,8.25,12,180,null
"2021-09-12T08:27:16.000Z",45.701683,5.883481,2.75,9,13,180,null
"2021-09-12T08:31:21.000Z",45.701683,5.883481,0.25,7.75,13.5,180,null
"2021-09-12T08:35:21.000Z",45.701683,5.883481,2.5,7.25,10.5,180,null
"2021-09-12T08:39:21.000Z",45.701683,5.883481,1.75,7,11.5,180,null
"2021-09-12T08:43:25.000Z",45.701683,5.883481,3.25,7.5,10.5,202.5,null
"2021-09-12T08:47:25.000Z",45.701683,5.883481,1.75,6,10,202.5,null
"2021-09-12T08:51:25.000Z",45.701683,5.883481,2,6.5,10,202.5,null
"2021-09-12T08:55:29.000Z",45.701683,5.883481,3.75,8.5,11.5,202.5,null
"2021-09-12T08:59:29.000Z",45.701683,5.883481,1.75,7.25,11.5,202.5,null
"2021-09-12T09:03:29.000Z",45.701683,5.883481,1.75,6.25,10,202.5,null
"2021-09-12T09:07:33.000Z",45.701683,5.883481,0.25,5.25,10,202.5,null
"2021-09-12T09:11:33.000Z",45.701683,5.883481,1,7,11.5,202.5,null
"2021-09-12T09:15:33.000Z",45.701683,5.883481,2.75,8.75,11,202.5,null
"2021-09-12T09:19:36.000Z",45.701683,5.883481,1,8,11.5,202.5,null
"2021-09-12T09:23:36.000Z",45.701683,5.883481,2,7,11,202.5,null
"2021-09-12T09:27:36.000Z",45.701683,5.883481,4.25,9,11.5,202.5,null
"2021-09-12T09:31:41.000Z",45.701683,5.883481,4.75,8.75,11.5,202.5,null
"2021-09-12T09:35:41.000Z",45.701683,5.883481,7,9,11,225,null
"2021-09-12T09:39:41.000Z",45.701683,5.883481,6,9,10.5,202.5,null
"2021-09-12T09:43:45.000Z",45.701683,5.883481,3.25,7.75,9.75,202.5,null
"2021-09-12T09:47:45.000Z",45.701683,5.883481,2.75,6.75,9,202.5,null
"2021-09-12T09:51:45.000Z",45.701683,5.883481,4.5,7.5,8.75,225,null
"2021-09-12T09:55:48.000Z",45.701683,5.883481,6.5,7.5,8.75,225,null
"2021-09-12T09:59:48.000Z",45.701683,5.883481,4.75,6.75,8,225,null
"2021-09-12T10:03:48.000Z",45.701683,5.883481,1.75,4.75,7.25,202.5,null
"2021-09-12T10:07:53.000Z",45.701683,5.883481,2,5.5,8,202.5,null
"2021-09-12T10:11:53.000Z",45.701683,5.883481,4.25,6.75,8,225,null
"2021-09-12T10:15:53.000Z",45.701683,5.883481,3.5,7,8.25,202.5,null
"2021-09-12T10:19:56.000Z",45.701683,5.883481,3.25,7.25,8.75,202.5,null
"2021-09-12T10:23:56.000Z",45.701683,5.883481,3.75,7.25,8.75,202.5,null
"2021-09-12T10:27:56.000Z",45.701683,5.883481,1,5.5,8.25,202.5,null
"2021-09-12T10:32:01.000Z",45.701683,5.883481,0.25,3.75,7.75,202.5,null
"2021-09-12T10:36:01.000Z",45.701683,5.883481,1,4.5,7.75,202.5,null
"2021-09-12T10:40:01.000Z",45.701683,5.883481,1,3.75,6.5,202.5,null
"2021-09-12T10:44:05.000Z",45.701683,5.883481,0.25,3,6,202.5,null
"2021-09-12T10:48:05.000Z",45.701683,5.883481,0,3.25,6.5,202.5,null
"2021-09-12T10:52:05.000Z",45.701683,5.883481,1,3.5,6,202.5,null
"2021-09-12T10:56:09.000Z",45.701683,5.883481,0.75,2.5,5.25,202.5,null
"2021-09-12T11:00:09.000Z",45.701683,5.883481,0,2,4.5,202.5,null
"2021-09-12T11:04:09.000Z",45.701683,5.883481,0.75,3.75,6,202.5,null
"2021-09-12T11:08:13.000Z",45.701683,5.883481,1.5,4.25,6,180,null
"2021-09-12T11:12:13.000Z",45.701683,5.883481,0,2.5,5.25,180,null
"2021-09-12T11:16:13.000Z",45.701683,5.883481,0.75,2.25,4.5,180,null
"2021-09-12T11:20:17.000Z",45.701683,5.883481,0,1.5,6,247.5,null
"2021-09-12T11:24:17.000Z",45.701683,5.883481,0.75,2.75,5.5,315,null
"2021-09-12T11:28:17.000Z",45.701683,5.883481,1.75,8,10.5,337.5,null
"2021-09-12T11:32:21.000Z",45.701683,5.883481,7.75,8.75,10,337.5,null
"2021-09-12T11:36:21.000Z",45.701683,5.883481,7.25,9,10.5,337.5,null
"2021-09-12T11:40:21.000Z",45.701683,5.883481,6.5,9.5,12,315,null
"2021-09-12T11:44:25.000Z",45.701683,5.883481,6.5,10.5,12.5,315,null
"2021-09-12T11:48:25.000Z",45.701683,5.883481,8.25,10.5,12.5,315,null
"2021-09-12T11:52:25.000Z",45.701683,5.883481,7,9.75,12.5,315,null
"2021-09-12T11:56:30.000Z",45.701683,5.883481,7.25,10,11.5,315,null
"2021-09-12T12:00:30.000Z",45.701683,5.883481,7.25,9.5,11.5,337.5,null
"2021-09-12T12:04:30.000Z",45.701683,5.883481,7,8.5,9.75,315,null
"2021-09-12T12:08:33.000Z",45.701683,5.883481,7.75,8.75,10,315,null
"2021-09-12T12:12:33.000Z",45.701683,5.883481,7,8.25,9.5,315,null
"2021-09-12T12:16:33.000Z",45.701683,5.883481,7.25,9.25,11,337.5,null
"2021-09-12T12:20:37.000Z",45.701683,5.883481,8,9.75,11,337.5,null
"2021-09-12T12:24:37.000Z",45.701683,5.883481,8.25,10.5,12,337.5,null
"2021-09-12T12:28:37.000Z",45.701683,5.883481,8.25,10,11,337.5,null
"2021-09-12T12:32:42.000Z",45.701683,5.883481,8.75,9.75,11,337.5,null
"2021-09-12T12:36:42.000Z",45.701683,5.883481,8,9,10,337.5,null
"2021-09-12T12:40:42.000Z",45.701683,5.883481,7.75,8.75,10,337.5,null
"2021-09-12T12:44:45.000Z",45.701683,5.883481,5.5,7.25,9,337.5,null
"2021-09-12T12:48:45.000Z",45.701683,5.883481,5.25,6.75,8.25,337.5,null
"2021-09-12T12:52:45.000Z",45.701683,5.883481,6,8,10.5,337.5,null
"2021-09-12T12:56:49.000Z",45.701683,5.883481,7.25,8.75,10,337.5,null
"2021-09-12T13:00:49.000Z",45.701683,5.883481,7,8,9,337.5,null
"2021-09-12T13:04:49.000Z",45.701683,5.883481,6.5,8,9,337.5,null
"2021-09-12T13:08:53.000Z",45.701683,5.883481,7,8.25,9.5,337.5,null
"2021-09-12T13:12:53.000Z",45.701683,5.883481,7.75,9.25,10.5,337.5,null
"2021-09-12T13:16:53.000Z",45.701683,5.883481,7,8.25,9.5,337.5,null
"2021-09-12T13:20:58.000Z",45.701683,5.883481,6.5,8.25,9.5,337.5,null
"2021-09-12T13:24:58.000Z",45.701683,5.883481,7.25,8.75,10,337.5,null
"2021-09-12T13:28:58.000Z",45.701683,5.883481,7.25,8.75,9.75,337.5,null
"2021-09-12T13:33:02.000Z",45.701683,5.883481,6.25,7.5,8.75,337.5,null
"2021-09-12T13:37:02.000Z",45.701683,5.883481,7,8,9,337.5,null
"2021-09-12T13:41:02.000Z",45.701683,5.883481,7,8.5,9.5,337.5,null
"2021-09-12T13:45:05.000Z",45.701683,5.883481,6.5,7.5,8.25,337.5,null
"2021-09-12T13:49:05.000Z",45.701683,5.883481,6.25,7.25,8.25,337.5,null
"2021-09-12T13:53:05.000Z",45.701683,5.883481,4.75,6.25,7.25,337.5,null
"2021-09-12T13:57:10.000Z",45.701683,5.883481,4.5,6,8.75,315,null
"2021-09-12T14:01:10.000Z",45.701683,5.883481,6,7.5,9.75,315,null
"2021-09-12T14:05:10.000Z",45.701683,5.883481,5.25,8,9.75,337.5,null
"2021-09-12T14:09:14.000Z",45.701683,5.883481,6.5,7.75,9,337.5,null
"2021-09-12T14:13:14.000Z",45.701683,5.883481,6,7.5,8.75,315,null
"2021-09-12T14:17:14.000Z",45.701683,5.883481,6.5,7.5,8.75,337.5,null
"2021-09-12T14:21:18.000Z",45.701683,5.883481,6.25,7.75,9,337.5,null
"2021-09-12T14:25:18.000Z",45.701683,5.883481,7.75,8.5,9.5,337.5,null
"2021-09-12T14:29:18.000Z",45.701683,5.883481,6,7.25,8,337.5,null
"2021-09-12T14:33:22.000Z",45.701683,5.883481,7.75,8.75,9.75,315,null
"2021-09-12T14:37:22.000Z",45.701683,5.883481,8,9.75,11,315,null
"2021-09-12T14:41:22.000Z",45.701683,5.883481,7.75,8.5,9.75,315,null
"2021-09-12T14:45:26.000Z",45.701683,5.883481,7.75,8.5,9.5,315,null
"2021-09-12T14:49:26.000Z",45.701683,5.883481,7.25,8.5,9.5,315,null
"2021-09-12T14:53:26.000Z",45.701683,5.883481,7.75,9,10,315,null
"2021-09-12T15:01:38.000Z",45.701716,5.883546,9,9.75,10.5,315,null
"2021-09-12T15:05:38.000Z",45.701716,5.883546,7.25,8.25,9.75,315,null
"2021-09-12T15:09:38.000Z",45.701716,5.883546,9,9.5,10,315,null
"2021-09-12T15:13:42.000Z",45.701716,5.883546,6.25,8.25,9.25,337.5,null
"2021-09-12T15:17:42.000Z",45.701716,5.883546,5.5,8.25,10.5,292.5,null
"2021-09-12T15:21:42.000Z",45.701716,5.883546,5.5,8,9.5,315,null
"2021-09-12T15:25:46.000Z",45.701716,5.883546,8,8.75,9.5,315,null
"2021-09-12T15:29:46.000Z",45.701716,5.883546,6,7.5,9,315,null
"2021-09-12T15:33:46.000Z",45.701716,5.883546,6,7,8.25,292.5,null
"2021-09-12T15:37:49.000Z",45.701716,5.883546,5.25,7,8.25,292.5,null
"2021-09-12T15:41:49.000Z",45.701716,5.883546,3.25,4,5.5,292.5,null
"2021-09-12T15:45:49.000Z",45.701716,5.883546,2.5,4.25,6,292.5,null
"2021-09-12T15:50:30.000Z",45.701716,5.883546,1.5,2.75,4.5,292.5,null
"2021-09-12T15:54:30.000Z",45.701716,5.883546,3.25,5.25,7,292.5,null
"2021-09-12T15:58:30.000Z",45.701693,5.883505,2.5,4.25,6.5,270,null
"2021-09-12T16:02:34.000Z",45.701693,5.883505,1.75,3,4.5,292.5,null
"2021-09-12T16:06:34.000Z",45.701693,5.883505,4.25,5.25,6.5,270,null
"2021-09-12T16:10:34.000Z",45.701693,5.883505,3.5,4.5,6,292.5,null
"2021-09-12T16:14:38.000Z",45.701693,5.883505,2,3.5,4.5,270,null
"2021-09-12T16:18:38.000Z",45.701693,5.883505,1,2.5,3.5,315,null
"2021-09-12T16:22:38.000Z",45.701693,5.883505,2,3,3.75,315,null
"2021-09-12T16:26:42.000Z",45.701693,5.883505,2,3.5,6,270,null
"2021-09-12T16:30:42.000Z",45.701693,5.883505,2,3.5,6,247.5,null
"2021-09-12T16:34:42.000Z",45.701693,5.883505,3.5,7.75,12,247.5,null
"2021-09-12T16:38:46.000Z",45.701693,5.883505,9,15,17,270,null
"2021-09-12T16:42:46.000Z",45.701693,5.883505,9.5,13,15,270,null
"2021-09-12T16:46:46.000Z",45.701693,5.883505,9,13,16,270,null
"2021-09-12T16:50:50.000Z",45.701693,5.883505,11,14.5,16.5,292.5,null
"2021-09-12T16:54:50.000Z",45.701693,5.883505,7.75,11,14.5,292.5,null
"2021-09-12T16:58:50.000Z",45.701693,5.883505,7.75,10.5,14,270,null
"2021-09-12T17:02:54.000Z",45.701693,5.883505,8.25,10.5,13,292.5,null
"2021-09-12T17:06:54.000Z",45.701693,5.883505,10.5,13.5,20,270,null
"2021-09-12T17:10:54.000Z",45.701693,5.883505,9.75,14.5,18,270,null
"2021-09-12T17:14:58.000Z",45.701693,5.883505,9.5,13,17.5,270,null
"2021-09-12T17:18:58.000Z",45.701693,5.883505,9.5,13.5,19,270,null
"2021-09-12T17:22:58.000Z",45.701693,5.883505,11,16.5,20.5,270,null
"2021-09-12T17:27:02.000Z",45.701693,5.883505,13,17.5,22.5,270,null
"2021-09-12T17:31:02.000Z",45.701693,5.883505,7,15.5,22,247.5,null
"2021-09-12T17:35:02.000Z",45.701693,5.883505,5.5,13.5,21,270,null
"2021-09-12T17:39:06.000Z",45.701693,5.883505,7,14,20,270,null
"2021-09-12T17:43:06.000Z",45.701693,5.883505,6,13.5,18.5,247.5,null
"2021-09-12T17:47:06.000Z",45.701693,5.883505,7.75,11.5,16.5,247.5,null
"2021-09-12T17:51:10.000Z",45.701693,5.883505,6.25,11,16,247.5,null
"2021-09-12T17:55:10.000Z",45.701693,5.883505,0.75,5,8.25,180,null
"2021-09-12T17:59:10.000Z",45.701693,5.883505,1,3.75,5.5,90,null
"2021-09-12T18:03:14.000Z",45.701693,5.883505,1,3,5.5,112.5,null
"2021-09-12T18:07:14.000Z",45.701693,5.883505,2,3.5,5.5,90,null
"2021-09-12T18:11:14.000Z",45.701693,5.883505,0.75,3.25,6,90,null
"2021-09-12T18:15:18.000Z",45.701693,5.883505,0,1.75,4.5,135,null
"2021-09-12T18:19:18.000Z",45.701693,5.883505,0.75,3.5,8,157.5,null
"2021-09-12T18:23:18.000Z",45.701693,5.883505,0,3.25,8.75,157.5,null
"2021-09-12T18:27:22.000Z",45.701693,5.883505,3.25,6,9,157.5,null
"2021-09-12T18:31:22.000Z",45.701693,5.883505,3.5,5.5,8,157.5,null
"2021-09-12T18:35:22.000Z",45.701693,5.883505,2.5,5,7.25,157.5,null
"2021-09-12T18:39:27.000Z",45.701693,5.883505,2.5,4.5,6.25,157.5,null
"2021-09-12T18:43:27.000Z",45.701693,5.883505,1,2.25,3.75,135,null
"2021-09-12T18:47:27.000Z",45.701693,5.883505,2,3,4.25,112.5,null
"2021-09-12T18:51:30.000Z",45.701693,5.883505,1,2.5,4,112.5,null
"2021-09-12T18:55:30.000Z",45.701693,5.883505,0.25,1.5,2.5,135,null
"2021-09-12T18:59:30.000Z",45.701693,5.883505,0.75,2,3.5,90,null
"2021-09-12T19:03:35.000Z",45.701693,5.883505,1.75,3,3.75,90,null
"2021-09-12T19:07:35.000Z",45.701693,5.883505,2.75,4,6,90,null
"2021-09-12T19:11:35.000Z",45.701693,5.883505,3.5,4.75,6.25,90,null
"2021-09-12T19:15:39.000Z",45.701693,5.883505,3.5,5,7,90,null
"2021-09-12T19:19:39.000Z",45.701693,5.883505,4.5,5.75,7.25,90,null
"2021-09-12T19:23:39.000Z",45.701693,5.883505,2.75,4.5,7.25,90,null
"2021-09-12T19:27:42.000Z",45.701693,5.883505,2,4.5,8,90,null
"2021-09-12T19:31:42.000Z",45.701693,5.883505,2.5,4,6.5,90,null
"2021-09-12T19:35:42.000Z",45.701693,5.883505,2.5,4.5,6.5,90,null
"2021-09-12T19:39:47.000Z",45.701693,5.883505,3.25,4.75,6.25,90,null
"2021-09-12T19:43:47.000Z",45.701693,5.883505,2,3.75,5.25,90,null
"2021-09-12T19:47:47.000Z",45.701693,5.883505,1.75,3.5,5.5,90,null
"2021-09-12T19:51:51.000Z",45.701693,5.883505,1.75,4.25,5.5,90,null
"2021-09-12T19:55:51.000Z",45.701693,5.883505,2.75,4,5.5,90,null
"2021-09-12T19:59:51.000Z",45.701693,5.883505,2,3.25,4.5,112.5,null
"2021-09-12T20:03:55.000Z",45.701693,5.883505,2.5,3.75,4.75,135,null
"2021-09-12T20:07:55.000Z",45.701693,5.883505,2.75,3.5,4.5,112.5,null
"2021-09-12T20:11:55.000Z",45.701693,5.883505,2.5,3.75,5.5,90,null
"2021-09-12T20:15:59.000Z",45.701693,5.883505,2.5,3.5,4.75,112.5,null
"2021-09-12T20:19:59.000Z",45.701693,5.883505,2,3.75,5.25,112.5,null
"2021-09-12T20:23:59.000Z",45.701693,5.883505,2.75,4.25,6,90,null
"2021-09-12T20:28:03.000Z",45.701693,5.883505,2.75,4,6,90,null
"2021-09-12T20:32:03.000Z",45.701693,5.883505,2.75,4,6,112.5,null
"2021-09-12T20:36:03.000Z",45.701693,5.883505,2,4.5,6.5,90,null
"2021-09-12T20:40:07.000Z",45.701693,5.883505,3.25,4.5,6.5,112.5,null
"2021-09-12T20:44:07.000Z",45.701693,5.883505,2.75,5.25,9.75,90,null
"2021-09-12T20:48:07.000Z",45.701693,5.883505,2,5.75,9,90,null
"2021-09-12T20:52:11.000Z",45.701693,5.883505,4.5,7,9.75,90,null
"2021-09-12T20:56:11.000Z",45.701693,5.883505,5.25,8.5,12,90,null
"2021-09-12T21:00:11.000Z",45.701693,5.883505,4.25,7.75,12,90,null
"2021-09-12T21:04:15.000Z",45.701693,5.883505,4.75,6.75,9.75,90,null
"2021-09-12T21:08:15.000Z",45.701693,5.883505,1.75,5.75,9,90,null
"2021-09-12T21:12:15.000Z",45.701693,5.883505,2,5,8.25,90,null
"2021-09-12T21:16:19.000Z",45.701693,5.883505,0.75,3.25,5.25,90,null
"2021-09-12T21:20:19.000Z",45.701693,5.883505,2.5,5.5,8,90,null
"2021-09-12T21:24:19.000Z",45.701693,5.883505,2.75,5,7.75,90,null
"2021-09-12T21:28:23.000Z",45.701693,5.883505,3.25,6,8,90,null
"2021-09-12T21:32:23.000Z",45.701693,5.883505,3.75,6.25,7.75,90,null
"2021-09-12T21:36:23.000Z",45.701693,5.883505,1,3.75,6,90,null
"2021-09-12T21:40:27.000Z",45.701693,5.883505,2,4,7,90,null
"2021-09-12T21:44:27.000Z",45.701693,5.883505,4.25,5.5,7.25,90,null
"2021-09-12T21:48:27.000Z",45.701693,5.883505,2.75,4.5,6,90,null
"2021-09-12T21:52:31.000Z",45.701693,5.883505,2,4,5.5,90,null
"2021-09-12T21:56:31.000Z",45.701693,5.883505,1.75,2.75,4.25,90,null
"2021-09-12T22:00:31.000Z",45.701693,5.883505,0.75,1.75,3.25,112.5,null
"2021-09-12T22:04:35.000Z",45.701693,5.883505,1,2,2.75,112.5,null
"2021-09-12T22:08:35.000Z",45.701693,5.883505,0.75,3,4.75,112.5,null
"2021-09-12T22:12:35.000Z",45.701693,5.883505,2.5,3.75,4.75,90,null
"2021-09-12T22:16:39.000Z",45.701693,5.883505,2.75,3.75,5.25,90,null
"2021-09-12T22:20:39.000Z",45.701693,5.883505,2.75,4.75,5.5,90,null
"2021-09-12T22:24:39.000Z",45.701693,5.883505,3.25,4.5,5.5,90,null
"2021-09-12T22:28:43.000Z",45.701693,5.883505,2.5,4.5,5.5,90,null
"2021-09-12T22:32:43.000Z",45.701693,5.883505,3.5,4.75,6,90,null
"2021-09-12T22:36:43.000Z",45.701693,5.883505,2.75,4,5.5,90,null
"2021-09-12T22:40:47.000Z",45.701693,5.883505,2.5,4,5.25,90,null
"2021-09-12T22:44:47.000Z",45.701693,5.883505,2.5,4,5.5,90,null
"2021-09-12T22:48:47.000Z",45.701693,5.883505,2.75,4.5,6.5,90,null
"2021-09-12T22:52:51.000Z",45.701693,5.883505,1.5,3.5,4.5,90,null
"2021-09-12T22:56:51.000Z",45.701693,5.883505,2.5,4,5.25,90,null
"2021-09-12T23:00:51.000Z",45.701693,5.883505,1.75,3.5,5.25,90,null
"2021-09-12T23:04:55.000Z",45.701693,5.883505,2,3.5,5.5,90,null
"2021-09-12T23:08:55.000Z",45.701693,5.883505,2.75,3.75,5.5,90,null
"2021-09-12T23:12:55.000Z",45.701693,5.883505,2,4,5.5,90,null
"2021-09-12T23:16:59.000Z",45.701693,5.883505,1.75,3,4.25,90,null
"2021-09-12T23:20:59.000Z",45.701693,5.883505,2.75,4,5.25,90,null
"2021-09-12T23:24:59.000Z",45.701693,5.883505,2,3.5,4.5,112.5,null
"2021-09-12T23:29:04.000Z",45.701693,5.883505,1,3,4.25,135,null
"2021-09-12T23:33:04.000Z",45.701693,5.883505,1,3,5.25,90,null
"2021-09-12T23:37:04.000Z",45.701693,5.883505,2,3.75,4.75,90,null
"2021-09-12T23:41:07.000Z",45.701693,5.883505,2.25,4,5.25,90,null
"2021-09-12T23:45:07.000Z",45.701693,5.883505,1.75,3.25,5.25,90,null
"2021-09-12T23:49:07.000Z",45.701693,5.883505,1.75,3.25,5.25,112.5,null
"2021-09-12T23:53:12.000Z",45.701693,5.883505,3.5,5,7.25,112.5,null
"2021-09-12T23:57:12.000Z",45.701693,5.883505,3.5,6,8.25,112.5,null
"2021-09-13T00:01:12.000Z",45.701693,5.883505,3.5,6.25,8.75,112.5,null
"2021-09-13T00:05:16.000Z",45.701693,5.883505,2.75,4.25,6.5,112.5,null
"2021-09-13T00:09:16.000Z",45.701693,5.883505,3.25,5,6.5,135,null
"2021-09-13T00:13:16.000Z",45.701693,5.883505,2.75,5.5,9.5,112.5,null
"2021-09-13T00:17:19.000Z",45.701693,5.883505,1.75,4.5,7.25,112.5,null
"2021-09-13T00:21:19.000Z",45.701693,5.883505,0.75,3.5,6.25,157.5,null
"2021-09-13T00:25:19.000Z",45.701693,5.883505,0.75,3.75,7,157.5,null
"2021-09-13T00:29:24.000Z",45.701693,5.883505,1.75,3.75,7,135,null
"2021-09-13T00:33:24.000Z",45.701693,5.883505,2,3.5,6.25,135,null
"2021-09-13T00:37:24.000Z",45.701693,5.883505,0.75,3.5,6,135,null
"2021-09-13T00:41:28.000Z",45.701693,5.883505,1.75,3.5,6,112.5,null
"2021-09-13T00:45:28.000Z",45.701693,5.883505,1.5,4.25,6.5,135,null
"2021-09-13T00:49:28.000Z",45.701693,5.883505,1,4,7,112.5,null
"2021-09-13T00:53:32.000Z",45.701693,5.883505,2,5.25,8.25,90,null
"2021-09-13T00:57:32.000Z",45.701693,5.883505,2,4.75,7,112.5,null
"2021-09-13T01:01:32.000Z",45.701693,5.883505,1.75,5.75,8.75,90,null
"2021-09-13T01:05:36.000Z",45.701693,5.883505,2,5.25,8.75,90,null
"2021-09-13T01:09:36.000Z",45.701693,5.883505,1.75,3.5,6,112.5,null
"2021-09-13T01:13:36.000Z",45.701693,5.883505,1.5,3,6.25,90,null
"2021-09-13T01:17:40.000Z",45.701693,5.883505,0.25,2.75,5.25,112.5,null
"2021-09-13T01:21:40.000Z",45.701693,5.883505,0,2.25,5.25,112.5,null
"2021-09-13T01:25:40.000Z",45.701693,5.883505,2,3,4.25,112.5,null
"2021-09-13T01:29:44.000Z",45.701693,5.883505,2,3.5,5.5,90,null
"2021-09-13T01:33:44.000Z",45.701693,5.883505,0.25,2,3.5,90,null
"2021-09-13T01:37:44.000Z",45.701693,5.883505,0,0,0.25,67.5,null
"2021-09-13T01:41:48.000Z",45.701693,5.883505,0,0,0,135,null
"2021-09-13T01:45:48.000Z",45.701693,5.883505,0,0,0,157.5,null
"2021-09-13T01:49:48.000Z",45.701693,5.883505,0,1.75,4.5,135,null
"2021-09-13T01:53:52.000Z",45.701693,5.883505,1.5,3.75,6.25,112.5,null
"2021-09-13T01:57:52.000Z",45.701693,5.883505,1.75,4.75,8.75,90,null
"2021-09-13T02:01:52.000Z",45.701693,5.883505,2.75,4.25,7.25,112.5,null
"2021-09-13T02:05:56.000Z",45.701693,5.883505,1.75,3.75,6,112.5,null
"2021-09-13T02:09:56.000Z",45.701693,5.883505,0,2.25,4.25,112.5,null
"2021-09-13T02:13:56.000Z",45.701693,5.883505,1.75,3.75,5.5,90,null
"2021-09-13T02:18:00.000Z",45.701693,5.883505,4.25,6,8.25,90,null
"2021-09-13T02:22:00.000Z",45.701693,5.883505,2.5,5.25,8,67.5,null
"2021-09-13T02:26:00.000Z",45.701693,5.883505,1.5,4.25,7,90,null
"2021-09-13T02:30:04.000Z",45.701693,5.883505,1,2.5,4.5,90,null
"2021-09-13T02:34:04.000Z",45.701693,5.883505,1.5,3.5,5.5,112.5,null
"2021-09-13T02:38:04.000Z",45.701693,5.883505,2.5,3.5,5.25,112.5,null
"2021-09-13T02:42:08.000Z",45.701693,5.883505,2.5,3.75,6,135,null
"2021-09-13T02:46:08.000Z",45.701693,5.883505,3.5,5,7.75,112.5,null
"2021-09-13T02:50:08.000Z",45.701693,5.883505,1.5,3.75,5.25,135,null
"2021-09-13T02:54:12.000Z",45.701693,5.883505,0.75,4.25,7,112.5,null
"2021-09-13T02:58:12.000Z",45.701693,5.883505,1.75,5,7.25,112.5,null
"2021-09-13T03:02:12.000Z",45.701693,5.883505,2.5,4.25,8.75,112.5,null
"2021-09-13T03:06:16.000Z",45.701693,5.883505,1,3,6.5,112.5,null
"2021-09-13T03:10:16.000Z",45.701693,5.883505,2.5,7,11,90,null
"2021-09-13T03:14:16.000Z",45.701693,5.883505,2,6.25,10,90,null
"2021-09-13T03:18:20.000Z",45.701693,5.883505,3.75,7.25,10.5,90,null
"2021-09-13T03:22:20.000Z",45.701693,5.883505,2.75,6,10,90,null
"2021-09-13T03:26:20.000Z",45.701693,5.883505,5.5,8.5,13.5,90,null
"2021-09-13T03:30:24.000Z",45.701693,5.883505,2.5,6,11,112.5,null
"2021-09-13T03:34:24.000Z",45.701693,5.883505,3.25,6,10,90,null
"2021-09-13T03:38:24.000Z",45.701693,5.883505,0.75,6.25,11.5,112.5,null
"2021-09-13T03:42:29.000Z",45.701693,5.883505,0.75,5.25,9.5,112.5,null
"2021-09-13T03:46:29.000Z",45.701693,5.883505,0.75,5.75,13,90,null
"2021-09-13T03:50:29.000Z",45.701693,5.883505,0.75,4,11,112.5,null
"2021-09-13T03:54:32.000Z",45.701693,5.883505,0,3.5,10,135,null
"2021-09-13T03:58:32.000Z",45.701693,5.883505,3.5,7,10,157.5,null
"2021-09-13T04:02:32.000Z",45.701693,5.883505,2.75,6.5,11,157.5,null
"2021-09-13T04:06:36.000Z",45.701693,5.883505,1.5,4.75,9.5,157.5,null
"2021-09-13T04:10:36.000Z",45.701693,5.883505,0,4.75,8.75,157.5,null
"2021-09-13T04:14:36.000Z",45.701693,5.883505,0.75,4,8.25,135,null
"2021-09-13T04:18:41.000Z",45.701693,5.883505,0,3.5,9,157.5,null
"2021-09-13T04:22:41.000Z",45.701693,5.883505,0.25,2.5,9,112.5,null
"2021-09-13T04:26:41.000Z",45.701693,5.883505,1,4.5,9.75,112.5,null
"2021-09-13T04:30:44.000Z",45.701693,5.883505,1.5,5.25,8.75,112.5,null
"2021-09-13T04:34:44.000Z",45.701693,5.883505,1,5,9.5,112.5,null
"2021-09-13T04:38:44.000Z",45.701693,5.883505,1.5,4.25,8.25,112.5,null
"2021-09-13T04:42:49.000Z",45.701693,5.883505,1,3.75,8,112.5,null
"2021-09-13T04:46:49.000Z",45.701693,5.883505,3.25,6,9,112.5,null
"2021-09-13T04:50:49.000Z",45.701693,5.883505,2.75,5.25,8.75,112.5,null
"2021-09-13T04:54:53.000Z",45.701693,5.883505,1.5,4.5,7.25,112.5,null
"2021-09-13T04:58:53.000Z",45.701693,5.883505,2,4.75,8.75,135,null
"2021-09-13T05:02:53.000Z",45.701693,5.883505,2,4,6.5,135,null
"2021-09-13T05:06:57.000Z",45.701693,5.883505,1,4.5,10.5,112.5,null
"2021-09-13T05:10:57.000Z",45.701693,5.883505,1,3.5,6.25,135,null
"2021-09-13T05:14:57.000Z",45.701693,5.883505,1.5,4.25,7.25,135,null
"2021-09-13T05:19:01.000Z",45.701693,5.883505,1.5,3.75,7.25,135,null
"2021-09-13T05:23:01.000Z",45.701693,5.883505,1.5,4.25,8.25,135,null
"2021-09-13T05:27:01.000Z",45.701693,5.883505,1.75,5.25,9,157.5,null
"2021-09-13T05:31:04.000Z",45.701693,5.883505,2.5,4.75,8,135,null
"2021-09-13T05:35:04.000Z",45.701693,5.883505,0.25,4.75,10,157.5,null
"2021-09-13T05:39:04.000Z",45.701693,5.883505,0,3.75,8.25,157.5,null
"2021-09-13T05:43:09.000Z",45.701693,5.883505,0.75,3.75,9,157.5,null
"2021-09-13T05:47:09.000Z",45.701693,5.883505,0.75,4.5,9.75,135,null
"2021-09-13T05:51:09.000Z",45.701693,5.883505,0.25,4,8.25,135,null
"2021-09-13T05:55:12.000Z",45.701693,5.883505,0,3,8.25,135,null
"2021-09-13T05:59:12.000Z",45.701693,5.883505,0,3.25,8.25,135,null
"2021-09-13T06:03:12.000Z",45.701693,5.883505,0,3.5,8.25,135,null
"2021-09-13T06:07:17.000Z",45.701693,5.883505,0,4.75,12,135,null
"2021-09-13T06:11:17.000Z",45.701693,5.883505,1.75,4.75,10,135,null
"2021-09-13T06:15:17.000Z",45.701693,5.883505,0.75,5,11,112.5,null
"2021-09-13T06:19:21.000Z",45.701693,5.883505,1,6,17.5,112.5,null
"2021-09-13T06:23:21.000Z",45.701693,5.883505,2,9.25,19,90,null
"2021-09-13T06:27:21.000Z",45.701693,5.883505,0,2.5,8,112.5,null
"2021-09-13T06:31:25.000Z",45.701693,5.883505,0,3.5,8,90,null
"2021-09-13T06:35:25.000Z",45.701693,5.883505,2.75,6.25,11.5,135,null
"2021-09-13T06:39:25.000Z",45.701693,5.883505,0.75,4,9.5,157.5,null
"2021-09-13T06:43:29.000Z",45.701693,5.883505,0.25,4,9.75,135,null
"2021-09-13T06:47:29.000Z",45.701693,5.883505,0.75,3.75,7.75,112.5,null
"2021-09-13T06:51:29.000Z",45.701693,5.883505,0.75,4.75,8.25,135,null
"2021-09-13T06:55:33.000Z",45.701693,5.883505,0.75,4.25,8.25,135,null
"2021-09-13T06:59:33.000Z",45.701693,5.883505,0,2.25,5.5,90,null
"2021-09-13T07:03:33.000Z",45.701693,5.883505,1.5,4.25,7.25,135,null
"2021-09-13T07:07:37.000Z",45.701693,5.883505,0,2.75,9.5,112.5,null
"2021-09-13T07:11:37.000Z",45.701693,5.883505,1,3.25,7.25,135,null
"2021-09-13T07:15:37.000Z",45.701693,5.883505,0.75,3.25,7,112.5,null
"2021-09-13T07:19:41.000Z",45.701693,5.883505,1,3.75,7.25,112.5,null
"2021-09-13T07:23:41.000Z",45.701693,5.883505,0.25,3.25,6.25,90,null
"2021-09-13T07:27:41.000Z",45.701693,5.883505,0,3,9.5,112.5,null
"2021-09-13T07:31:45.000Z",45.701693,5.883505,0,3,6.5,112.5,null
"2021-09-13T07:35:45.000Z",45.701693,5.883505,0.25,2.75,6.5,157.5,null
"2021-09-13T07:39:45.000Z",45.701693,5.883505,0,2,7.25,135,null
"2021-09-13T07:43:50.000Z",45.701693,5.883505,0.25,3.25,8.25,135,null
"2021-09-13T07:47:50.000Z",45.701693,5.883505,1.5,4.5,9.5,135,null
"2021-09-13T07:51:50.000Z",45.701693,5.883505,0,2.75,7.75,157.5,null
"2021-09-13T07:55:53.000Z",45.701693,5.883505,0,2.5,7,157.5,null
"2021-09-13T07:59:53.000Z",45.701693,5.883505,0,1,5.25,180,null
"2021-09-13T08:03:53.000Z",45.701693,5.883505,1,5.5,9.75,180,null
"2021-09-13T08:07:57.000Z",45.701693,5.883505,1,5.75,9.5,180,null
"2021-09-13T08:11:57.000Z",45.701693,5.883505,1,4.75,8.25,202.5,null
"2021-09-13T08:15:57.000Z",45.701693,5.883505,0.75,5,7.75,202.5,null
"2021-09-13T08:20:02.000Z",45.701693,5.883505,1,5.25,8.75,202.5,null
"2021-09-13T08:24:02.000Z",45.701693,5.883505,2,5,8,202.5,null
"2021-09-13T08:28:02.000Z",45.701693,5.883505,1.5,5,8,202.5,null
"2021-09-13T08:32:05.000Z",45.701693,5.883505,2,5.5,9.75,202.5,null
"2021-09-13T08:36:05.000Z",45.701693,5.883505,3.25,6.5,9.5,202.5,null
"2021-09-13T08:40:05.000Z",45.701693,5.883505,3.5,7,8.75,202.5,null
"2021-09-13T08:44:10.000Z",45.701693,5.883505,4.5,7.5,8.75,225,null
"2021-09-13T08:48:10.000Z",45.701693,5.883505,6.25,7.75,9,225,null
"2021-09-13T08:52:10.000Z",45.701693,5.883505,6,7.25,8,225,null
"2021-09-13T08:56:14.000Z",45.701693,5.883505,5.5,6.5,8,225,null
"2021-09-13T09:00:14.000Z",45.701693,5.883505,2.75,4.5,6,225,null
"2021-09-13T09:04:14.000Z",45.701693,5.883505,0.75,3.25,5.5,202.5,null
"2021-09-13T09:08:17.000Z",45.701693,5.883505,1.5,4.5,6,225,null
"2021-09-13T09:12:17.000Z",45.701693,5.883505,1.5,4,6,202.5,null
"2021-09-13T09:16:17.000Z",45.701693,5.883505,0.75,2.5,4.25,202.5,null
"2021-09-13T09:20:22.000Z",45.701693,5.883505,0,1.5,3.5,202.5,null
"2021-09-13T09:24:22.000Z",45.701693,5.883505,0.25,2,3.75,202.5,null
"2021-09-13T09:28:22.000Z",45.701693,5.883505,1.5,3,4.25,202.5,null
"2021-09-13T09:32:25.000Z",45.701693,5.883505,1.75,3.5,5.25,225,null
"2021-09-13T09:36:25.000Z",45.701693,5.883505,1.75,3,4.25,225,null
"2021-09-13T09:40:25.000Z",45.701693,5.883505,2,3,3.75,225,null
"2021-09-13T09:44:30.000Z",45.701693,5.883505,2,3,3.75,225,null
"2021-09-13T09:48:30.000Z",45.701693,5.883505,0,2.25,3.75,202.5,null
"2021-09-13T09:52:30.000Z",45.701693,5.883505,0,1.75,3.5,225,null
"2021-09-13T09:56:34.000Z",45.701693,5.883505,2,3,4.5,225,null
"2021-09-13T10:00:34.000Z",45.701693,5.883505,1.5,2.75,3.75,225,null
"2021-09-13T10:04:34.000Z",45.701693,5.883505,0,3.25,5.5,225,null
"2021-09-13T10:08:38.000Z",45.701693,5.883505,2.75,4.25,6,225,null
"2021-09-13T10:12:38.000Z",45.701693,5.883505,2.5,3.75,4.5,247.5,null
"2021-09-13T10:16:38.000Z",45.701693,5.883505,2.75,4,4.75,270,null
"2021-09-13T10:20:41.000Z",45.701693,5.883505,3.5,4.5,6,270,null
"2021-09-13T10:24:41.000Z",45.701693,5.883505,3.75,5,6,292.5,null
"2021-09-13T10:28:41.000Z",45.701693,5.883505,3.75,5,6.5,292.5,null
"2021-09-13T10:32:46.000Z",45.701693,5.883505,5.5,7,8,315,null
"2021-09-13T10:36:46.000Z",45.701693,5.883505,6,7.25,8.25,337.5,null
"2021-09-13T10:40:46.000Z",45.701693,5.883505,5.5,7.25,8.75,337.5,null
"2021-09-13T10:44:50.000Z",45.701693,5.883505,6.25,7.75,9.5,337.5,null
"2021-09-13T10:48:50.000Z",45.701693,5.883505,4.5,6.25,7.75,337.5,null
"2021-09-13T10:52:50.000Z",45.701693,5.883505,3.75,5.5,6.5,337.5,null
"2021-09-13T10:56:54.000Z",45.701693,5.883505,4.5,6,7,0,null
"2021-09-13T11:00:54.000Z",45.701693,5.883505,4.75,6,7,337.5,null
"2021-09-13T11:04:54.000Z",45.701693,5.883505,3.75,5.25,6.5,337.5,null
"2021-09-13T11:08:58.000Z",45.701693,5.883505,4.25,5.75,8.75,337.5,null
"2021-09-13T11:12:58.000Z",45.701693,5.883505,6.5,7.5,9,337.5,null
"2021-09-13T11:16:58.000Z",45.701693,5.883505,6,7,8,337.5,null
"2021-09-13T11:21:02.000Z",45.701693,5.883505,5.25,6.5,7.25,337.5,null
"2021-09-13T11:25:02.000Z",45.701693,5.883505,6,6.75,7.75,337.5,null
"2021-09-13T11:29:02.000Z",45.701693,5.883505,6,7.75,9.5,337.5,null
"2021-09-13T11:33:06.000Z",45.701693,5.883505,7,8.5,9.75,337.5,null
"2021-09-13T11:37:06.000Z",45.701693,5.883505,7.25,9,10,337.5,null
"2021-09-13T11:41:06.000Z",45.701693,5.883505,8,9.75,11,337.5,null
"2021-09-13T11:45:10.000Z",45.701693,5.883505,8.75,10,11,337.5,null
"2021-09-13T11:49:10.000Z",45.701693,5.883505,8.25,10.5,12,337.5,null
"2021-09-13T11:53:10.000Z",45.701693,5.883505,8.75,10.5,12,337.5,null
"2021-09-13T11:57:14.000Z",45.701693,5.883505,8,10.5,11.5,315,null
"2021-09-13T12:01:14.000Z",45.701693,5.883505,7,10,12,337.5,null
"2021-09-13T12:05:14.000Z",45.701693,5.883505,7.75,9.5,11,337.5,null
"2021-09-13T12:09:18.000Z",45.701693,5.883505,7.75,9.75,11,337.5,null
"2021-09-13T12:13:18.000Z",45.701693,5.883505,7.25,8.75,9.75,337.5,null
"2021-09-13T12:17:18.000Z",45.701693,5.883505,7.75,9,10.5,337.5,null
"2021-09-13T12:21:22.000Z",45.701693,5.883505,7.75,9.75,11,337.5,null
"2021-09-13T12:25:22.000Z",45.701693,5.883505,8,9.75,11,337.5,null
"2021-09-13T12:29:22.000Z",45.701693,5.883505,8.75,10.5,12,337.5,null
"2021-09-13T12:33:26.000Z",45.701693,5.883505,7,9.5,11,337.5,null
"2021-09-13T12:37:26.000Z",45.701693,5.883505,7.75,9.25,10.5,337.5,null
"2021-09-13T12:41:26.000Z",45.701693,5.883505,7.75,9.25,9.75,337.5,null
"2021-09-13T12:45:31.000Z",45.701693,5.883505,8,9.5,11,337.5,null
"2021-09-13T12:49:31.000Z",45.701693,5.883505,9,10,11,337.5,null
"2021-09-13T12:53:31.000Z",45.701693,5.883505,9.5,10,11,337.5,null
"2021-09-13T12:57:34.000Z",45.701693,5.883505,8.75,9.5,10.5,337.5,null
"2021-09-13T13:01:34.000Z",45.701693,5.883505,6.5,8.25,9,337.5,null
"2021-09-13T13:05:34.000Z",45.701693,5.883505,5.25,6.5,8.25,337.5,null
"2021-09-13T13:09:38.000Z",45.701693,5.883505,5.5,7.25,8.25,0,null
"2021-09-13T13:13:38.000Z",45.701693,5.883505,6,8.25,10,337.5,null
"2021-09-13T13:17:38.000Z",45.701693,5.883505,8.75,10,12.5,315,null
"2021-09-13T13:21:42.000Z",45.701693,5.883505,9.5,11.5,13,315,null
"2021-09-13T13:25:42.000Z",45.701693,5.883505,8.75,10.5,11.5,315,null
"2021-09-13T13:29:42.000Z",45.701693,5.883505,9.5,10,12,315,null
"2021-09-13T13:33:47.000Z",45.701693,5.883505,8.25,11,14,315,null
"2021-09-13T13:37:47.000Z",45.701693,5.883505,7.75,9.25,10.5,315,null
"2021-09-13T13:41:47.000Z",45.701693,5.883505,7.25,8.25,9.5,337.5,null
"2021-09-13T13:45:51.000Z",45.701693,5.883505,4.75,7,9.75,337.5,null
"2021-09-13T13:49:51.000Z",45.701693,5.883505,4.75,6.25,7.75,337.5,null
"2021-09-13T13:53:51.000Z",45.701693,5.883505,2.5,5,6.5,0,null
"2021-09-13T13:57:55.000Z",45.701693,5.883505,2.75,4.75,8.25,0,null
"2021-09-13T14:01:55.000Z",45.701693,5.883505,4.75,8.25,12,315,null
"2021-09-13T14:05:55.000Z",45.701693,5.883505,7.75,9,10,337.5,null
"2021-09-13T14:09:59.000Z",45.701693,5.883505,3.75,6.25,8.75,0,null
"2021-09-13T14:13:59.000Z",45.701693,5.883505,7,8.5,9.75,337.5,null
"2021-09-13T14:17:59.000Z",45.701693,5.883505,6.5,8.5,9.75,337.5,null
"2021-09-13T14:22:02.000Z",45.701693,5.883505,2.5,6.25,9.5,315,null
"2021-09-13T14:26:02.000Z",45.701693,5.883505,6.5,7.5,9,315,null
"2021-09-13T14:30:02.000Z",45.701693,5.883505,5.25,6,7,315,null
"2021-09-13T14:34:07.000Z",45.701693,5.883505,5.5,6.5,8.25,315,null
"2021-09-13T14:38:07.000Z",45.701693,5.883505,4.5,6,7.25,315,null
"2021-09-13T14:42:07.000Z",45.701693,5.883505,3.25,5.75,8.75,315,null
"2021-09-13T14:46:11.000Z",45.701693,5.883505,3.25,5,7.5,315,null
"2021-09-13T14:50:11.000Z",45.701693,5.883505,2.75,4.25,6.25,22.5,null
"2021-09-13T14:54:11.000Z",45.701693,5.883505,2,3.5,4.75,22.5,null
"2021-09-13T15:02:16.000Z",45.701693,5.883425,4.25,5.25,7.25,337.5,null
"2021-09-13T15:06:16.000Z",45.701693,5.883425,3.25,4.25,6,315,null
"2021-09-13T15:10:16.000Z",45.701693,5.883425,3.25,4.75,7,337.5,null
"2021-09-13T15:14:20.000Z",45.701693,5.883425,2.75,4.75,6.25,0,null
"2021-09-13T15:18:20.000Z",45.701693,5.883425,2,4,6,0,null
"2021-09-13T15:22:20.000Z",45.701693,5.883425,2.75,5.75,9.75,0,null
"2021-09-13T15:26:24.000Z",45.701693,5.883425,3.5,5.5,7,22.5,null
"2021-09-13T15:30:24.000Z",45.701693,5.883425,2,4.25,7,337.5,null
"2021-09-13T15:34:24.000Z",45.701693,5.883425,3.25,4.75,6,0,null
"2021-09-13T15:38:28.000Z",45.701693,5.883425,2,3.5,5.25,0,null
"2021-09-13T15:42:28.000Z",45.701693,5.883425,1.75,3.75,6.25,315,null
"2021-09-13T15:46:28.000Z",45.701693,5.883425,3.25,4,5.25,315,null
"2021-09-13T15:51:19.000Z",45.701693,5.883425,2,4.25,7,22.5,null
"2021-09-13T15:55:19.000Z",45.701693,5.883425,2.75,4.75,6,22.5,null
"2021-09-13T15:59:19.000Z",45.701675,5.883497,2,4.5,6,0,null
"2021-09-13T16:03:24.000Z",45.701675,5.883497,2,4.5,7,337.5,null
"2021-09-13T16:07:24.000Z",45.701675,5.883497,2.75,4.75,6.25,22.5,null
"2021-09-13T16:11:24.000Z",45.701675,5.883497,4.25,7,8.75,0,null
"2021-09-13T16:15:28.000Z",45.701675,5.883497,2,7.25,14.5,0,null
"2021-09-13T16:19:28.000Z",45.701675,5.883497,2.75,6.25,9.75,0,null
"2021-09-13T16:23:28.000Z",45.701675,5.883497,0,3.25,9.5,0,null
"2021-09-13T16:27:31.000Z",45.701675,5.883497,0,3.25,9,247.5,null
"2021-09-13T16:31:31.000Z",45.701675,5.883497,0,3,7,247.5,null
"2021-09-13T16:35:31.000Z",45.701675,5.883497,0,1,4.25,270,null
"2021-09-13T16:39:36.000Z",45.701675,5.883497,0,3,9.5,292.5,null
"2021-09-13T16:43:36.000Z",45.701675,5.883497,0.75,4,8.75,0,null
"2021-09-13T16:47:36.000Z",45.701675,5.883497,0.25,4.5,9.75,337.5,null
"2021-09-13T16:51:40.000Z",45.701675,5.883497,2.75,6.75,10.5,315,null
"2021-09-13T16:55:40.000Z",45.701675,5.883497,4.5,9.75,14.5,292.5,null
"2021-09-13T16:59:40.000Z",45.701675,5.883497,1.75,6.25,14.5,247.5,null
"2021-09-13T17:03:44.000Z",45.701675,5.883497,0.75,3.25,6.25,180,null
"2021-09-13T17:07:44.000Z",45.701675,5.883497,2.75,7,11.5,270,null
"2021-09-13T17:11:44.000Z",45.701675,5.883497,0,1.5,4.5,292.5,null
"2021-09-13T17:15:48.000Z",45.701675,5.883497,0,1.25,3.25,112.5,null
"2021-09-13T17:19:48.000Z",45.701675,5.883497,0,1.75,3.25,90,null
"2021-09-13T17:23:48.000Z",45.701675,5.883497,0,0.75,2.75,270,null
"2021-09-13T17:27:52.000Z",45.701675,5.883497,0,0.25,1.75,270,null
"2021-09-13T17:31:52.000Z",45.701675,5.883497,0,1.25,3.75,67.5,null
"2021-09-13T17:35:52.000Z",45.701675,5.883497,0,2.75,4.75,67.5,null
"2021-09-13T17:39:56.000Z",45.701675,5.883497,1.75,3.25,4.25,112.5,null
"2021-09-13T17:43:56.000Z",45.701675,5.883497,1,2.75,3.75,180,null
"2021-09-13T17:47:56.000Z",45.701675,5.883497,0,0.25,1,180,null
"2021-09-13T17:52:01.000Z",45.701675,5.883497,0,2.25,4.25,45,null
"2021-09-13T17:56:01.000Z",45.701675,5.883497,0,1.25,2.5,112.5,null
"2021-09-13T18:00:01.000Z",45.701675,5.883497,0,1.75,5.25,157.5,null
"2021-09-13T18:04:05.000Z",45.701675,5.883497,1.5,3,4.75,90,null
"2021-09-13T18:08:05.000Z",45.701675,5.883497,1.75,3.25,4.5,90,null
"2021-09-13T18:12:05.000Z",45.701675,5.883497,1.5,2.5,4.25,90,null
"2021-09-13T18:16:08.000Z",45.701675,5.883497,1.75,2.75,4,90,null
"2021-09-13T18:20:08.000Z",45.701675,5.883497,1,2.5,3.75,112.5,null
"2021-09-13T18:24:08.000Z",45.701675,5.883497,0.75,2.75,5.5,135,null
"2021-09-13T18:28:12.000Z",45.701675,5.883497,0,0.25,1.5,112.5,null
"2021-09-13T18:32:12.000Z",45.701675,5.883497,0,0.25,3.25,90,null
"2021-09-13T18:36:12.000Z",45.701675,5.883497,1.75,3,4.5,112.5,null
"2021-09-13T18:40:16.000Z",45.701675,5.883497,3.5,5.5,7.75,90,null
"2021-09-13T18:44:16.000Z",45.701675,5.883497,4.25,6.25,9,90,null
"2021-09-13T18:48:16.000Z",45.701675,5.883497,3.75,5.75,8,90,null
"2021-09-13T18:52:21.000Z",45.701675,5.883497,1.75,4,7,90,null
"2021-09-13T18:56:21.000Z",45.701675,5.883497,3.25,5.75,8.75,90,null
"2021-09-13T19:00:21.000Z",45.701675,5.883497,1.5,3.75,7,90,null
"2021-09-13T19:04:25.000Z",45.701675,5.883497,1.75,4.5,6.5,90,null
"2021-09-13T19:08:25.000Z",45.701675,5.883497,1.5,4.75,8,90,null
"2021-09-13T19:12:25.000Z",45.701675,5.883497,2.75,5.5,7.75,90,null
"2021-09-13T19:16:28.000Z",45.701675,5.883497,2,5.75,10,90,null
"2021-09-13T19:20:28.000Z",45.701675,5.883497,2,4.25,8,90,null
"2021-09-13T19:24:28.000Z",45.701675,5.883497,1.5,4.5,7.25,90,null
"2021-09-13T19:28:33.000Z",45.701675,5.883497,1,2.75,5.25,22.5,null
"2021-09-13T19:32:33.000Z",45.701675,5.883497,0.25,3.5,8,90,null
"2021-09-13T19:36:33.000Z",45.701675,5.883497,4.25,6.25,9,112.5,null
"2021-09-13T19:40:37.000Z",45.701675,5.883497,2.75,5,6.25,90,null
"2021-09-13T19:44:37.000Z",45.701675,5.883497,1.5,4.25,7.25,90,null
"2021-09-13T19:48:37.000Z",45.701675,5.883497,3.25,4.75,6.5,67.5,null
"2021-09-13T19:52:40.000Z",45.701675,5.883497,1,3.25,5.5,45,null
"2021-09-13T19:56:40.000Z",45.701675,5.883497,3.25,4.75,6.25,90,null
"2021-09-13T20:00:40.000Z",45.701675,5.883497,2,3.5,4.75,112.5,null
"2021-09-13T20:04:45.000Z",45.701675,5.883497,0.25,2,4.25,90,null
"2021-09-13T20:08:45.000Z",45.701675,5.883497,1.5,3.25,4.75,112.5,null
"2021-09-13T20:12:45.000Z",45.701675,5.883497,2.75,4.5,6.5,112.5,null
"2021-09-13T20:16:48.000Z",45.701675,5.883497,0.75,2.25,5.25,135,null
"2021-09-13T20:20:48.000Z",45.701675,5.883497,1,4.25,7.75,112.5,null
"2021-09-13T20:24:48.000Z",45.701675,5.883497,3.5,5.25,7.25,112.5,null
"2021-09-13T20:28:53.000Z",45.701675,5.883497,1.5,3.25,4.75,90,null
"2021-09-13T20:32:53.000Z",45.701675,5.883497,1.75,4,5.5,67.5,null
"2021-09-13T20:36:53.000Z",45.701675,5.883497,2.5,4.25,6.5,112.5,null
"2021-09-13T20:40:57.000Z",45.701675,5.883497,2,3.75,4.75,112.5,null
"2021-09-13T20:44:57.000Z",45.701675,5.883497,2.75,5.5,7.75,90,null
"2021-09-13T20:48:57.000Z",45.701675,5.883497,3.25,5.5,10,112.5,null
"2021-09-13T20:53:01.000Z",45.701675,5.883497,2.75,5,8.25,112.5,null
"2021-09-13T20:57:01.000Z",45.701675,5.883497,0.75,4.25,7.75,112.5,null
"2021-09-13T21:01:01.000Z",45.701675,5.883497,0,1.5,3.75,112.5,null
"2021-09-13T21:05:05.000Z",45.701675,5.883497,2.5,3.5,4.75,135,null
"2021-09-13T21:09:05.000Z",45.701675,5.883497,1.75,3,5.25,112.5,null
"2021-09-13T21:13:05.000Z",45.701675,5.883497,2.5,4.5,6.25,90,null
"2021-09-13T21:17:09.000Z",45.701675,5.883497,2,4.25,6.5,90,null
"2021-09-13T21:21:09.000Z",45.701675,5.883497,2.5,5,7.75,90,null
"2021-09-13T21:25:09.000Z",45.701675,5.883497,2,5,8.25,90,null
"2021-09-13T21:29:13.000Z",45.701675,5.883497,2.5,5,8.75,90,null
"2021-09-13T21:33:13.000Z",45.701675,5.883497,2,5.5,8,90,null
"2021-09-13T21:37:13.000Z",45.701675,5.883497,2.75,4.75,7,112.5,null
"2021-09-13T21:41:17.000Z",45.701675,5.883497,2.5,4.75,8,135,null
"2021-09-13T21:45:17.000Z",45.701675,5.883497,2.5,4.25,7.75,112.5,null
"2021-09-13T21:49:17.000Z",45.701675,5.883497,1.75,3.5,5.5,112.5,null
"2021-09-13T21:53:21.000Z",45.701675,5.883497,1,3,4.5,112.5,null
"2021-09-13T21:57:21.000Z",45.701675,5.883497,2.75,6,10,135,null
"2021-09-13T22:01:21.000Z",45.701675,5.883497,2.75,4.75,7.75,90,null
"2021-09-13T22:05:26.000Z",45.701675,5.883497,2.75,5.25,9.75,112.5,null
"2021-09-13T22:09:26.000Z",45.701675,5.883497,2.5,4.75,8.25,112.5,null
"2021-09-13T22:13:26.000Z",45.701675,5.883497,1.5,4.5,7.75,112.5,null
"2021-09-13T22:17:29.000Z",45.701675,5.883497,2,4.75,8.75,112.5,null
"2021-09-13T22:21:29.000Z",45.701675,5.883497,1.5,3.5,6.5,112.5,null
"2021-09-13T22:25:29.000Z",45.701675,5.883497,2,4.75,8.25,112.5,null
"2021-09-13T22:29:33.000Z",45.701675,5.883497,1,4.5,8.75,112.5,null
"2021-09-13T22:33:33.000Z",45.701675,5.883497,2.5,5.25,9.75,112.5,null
"2021-09-13T22:37:33.000Z",45.701675,5.883497,1.75,4.5,7.25,112.5,null
"2021-09-13T22:41:38.000Z",45.701675,5.883497,1.5,3.25,6.25,135,null
"2021-09-13T22:45:38.000Z",45.701675,5.883497,2,4.25,6.25,135,null
"2021-09-13T22:49:38.000Z",45.701675,5.883497,3.5,5.5,8,135,null
"2021-09-13T22:53:42.000Z",45.701675,5.883497,2.5,5.5,9.5,112.5,null
"2021-09-13T22:57:42.000Z",45.701675,5.883497,3.5,5.5,9.75,112.5,null
"2021-09-13T23:01:42.000Z",45.701675,5.883497,3.25,5.75,9.5,112.5,null
"2021-09-13T23:05:46.000Z",45.701675,5.883497,3.25,5.25,8,112.5,null
"2021-09-13T23:09:46.000Z",45.701675,5.883497,3.25,5,7.25,112.5,null
"2021-09-13T23:13:46.000Z",45.701675,5.883497,3.75,6.5,9.5,112.5,null
"2021-09-13T23:17:49.000Z",45.701675,5.883497,3.75,6,8.25,112.5,null
"2021-09-13T23:21:49.000Z",45.701675,5.883497,2.75,6,9.5,112.5,null
"2021-09-13T23:25:49.000Z",45.701675,5.883497,1,3.75,7.75,112.5,null
"2021-09-13T23:29:53.000Z",45.701675,5.883497,2.5,4.75,7.75,112.5,null
"2021-09-13T23:33:53.000Z",45.701675,5.883497,2,4.5,7.75,90,null
"2021-09-13T23:37:53.000Z",45.701675,5.883497,3.5,5,7.75,112.5,null
"2021-09-13T23:41:57.000Z",45.701675,5.883497,2,4.5,7,90,null
"2021-09-13T23:45:57.000Z",45.701675,5.883497,2.75,5.5,8.25,90,null
"2021-09-13T23:49:57.000Z",45.701675,5.883497,3.5,5.25,6.5,90,null
"2021-09-13T23:54:02.000Z",45.701675,5.883497,1,3.25,4.5,90,null
"2021-09-13T23:58:02.000Z",45.701675,5.883497,3.75,5.25,7.25,90,null
"2021-09-14T00:02:02.000Z",45.701675,5.883497,3.25,4.75,7,90,null
"2021-09-14T00:06:05.000Z",45.701675,5.883497,2,4.5,6.25,90,null
"2021-09-14T00:10:05.000Z",45.701675,5.883497,3.25,5.25,7.75,90,null
"2021-09-14T00:14:05.000Z",45.701675,5.883497,2.75,4,6.25,112.5,null
"2021-09-14T00:18:10.000Z",45.701675,5.883497,2.5,3.75,5.25,112.5,null
"2021-09-14T00:22:10.000Z",45.701675,5.883497,2.75,4.5,7,112.5,null
"2021-09-14T00:26:10.000Z",45.701675,5.883497,3.75,5,6.5,90,null
"2021-09-14T00:30:14.000Z",45.701675,5.883497,4.5,6.5,8,90,null
"2021-09-14T00:34:14.000Z",45.701675,5.883497,3.75,6,9,90,null
"2021-09-14T00:38:14.000Z",45.701675,5.883497,2.75,5.25,8,90,null
"2021-09-14T00:42:17.000Z",45.701675,5.883497,2.5,3.5,5.25,90,null
"2021-09-14T00:46:17.000Z",45.701675,5.883497,1.75,3.5,4.75,112.5,null
"2021-09-14T00:50:17.000Z",45.701675,5.883497,2,3.5,5.5,112.5,null
"2021-09-14T00:54:22.000Z",45.701675,5.883497,0,2,4.25,67.5,null
"2021-09-14T00:58:22.000Z",45.701675,5.883497,2,4.25,8,90,null
"2021-09-14T01:02:22.000Z",45.701675,5.883497,3.5,6.25,9,90,null
"2021-09-14T01:06:26.000Z",45.701675,5.883497,3.75,6.75,11,90,null
"2021-09-14T01:10:26.000Z",45.701675,5.883497,3.5,6.25,10.5,90,null
"2021-09-14T01:14:26.000Z",45.701675,5.883497,3.75,7.5,12.5,90,null
"2021-09-14T01:18:30.000Z",45.701675,5.883497,4.5,8.25,11,90,null
"2021-09-14T01:22:30.000Z",45.701675,5.883497,3.75,7,10.5,90,null
"2021-09-14T01:26:30.000Z",45.701675,5.883497,2.75,5.5,7.75,90,null
"2021-09-14T01:30:34.000Z",45.701675,5.883497,2.75,4.5,6.5,112.5,null
"2021-09-14T01:34:34.000Z",45.701675,5.883497,2,4.25,7.25,112.5,null
"2021-09-14T01:38:34.000Z",45.701675,5.883497,2.5,4.25,7,112.5,null
"2021-09-14T01:42:37.000Z",45.701675,5.883497,3.25,5.25,6.5,112.5,null
"2021-09-14T01:46:37.000Z",45.701675,5.883497,3.75,5.75,7.25,112.5,null
"2021-09-14T01:50:37.000Z",45.701675,5.883497,2.5,3.75,5.25,90,null
"2021-09-14T01:54:42.000Z",45.701675,5.883497,2.75,4.75,7.25,90,null
"2021-09-14T01:58:42.000Z",45.701675,5.883497,3.75,5.5,7.75,112.5,null
"2021-09-14T02:02:42.000Z",45.701675,5.883497,2.75,5.75,7.75,112.5,null
"2021-09-14T02:06:46.000Z",45.701675,5.883497,3.25,5.75,9,112.5,null
"2021-09-14T02:10:46.000Z",45.701675,5.883497,1,3.25,8.25,90,null
"2021-09-14T02:14:46.000Z",45.701675,5.883497,2.5,4.25,7.25,112.5,null
"2021-09-14T02:18:50.000Z",45.701675,5.883497,2.75,5,7.75,135,null
"2021-09-14T02:22:50.000Z",45.701675,5.883497,3.5,5.75,8,135,null
"2021-09-14T02:26:50.000Z",45.701675,5.883497,3.25,5.25,7.75,112.5,null
"2021-09-14T02:30:54.000Z",45.701675,5.883497,2,4,6.25,135,null
"2021-09-14T02:34:54.000Z",45.701675,5.883497,3.25,5.75,9,90,null
"2021-09-14T02:38:54.000Z",45.701675,5.883497,3.25,5,8.25,112.5,null
"2021-09-14T02:42:58.000Z",45.701675,5.883497,1.75,4.25,6.5,112.5,null
"2021-09-14T02:46:58.000Z",45.701675,5.883497,0.75,3.75,8,112.5,null
"2021-09-14T02:50:58.000Z",45.701675,5.883497,2,5,8,112.5,null
"2021-09-14T02:55:02.000Z",45.701675,5.883497,3.25,5.75,8,90,null
"2021-09-14T02:59:02.000Z",45.701675,5.883497,4.5,6.75,10,90,null
"2021-09-14T03:03:02.000Z",45.701675,5.883497,2.5,4.5,7.25,90,null
"2021-09-14T03:07:06.000Z",45.701675,5.883497,2.75,4,7,112.5,null
"2021-09-14T03:11:06.000Z",45.701675,5.883497,3.75,5.75,9,90,null
"2021-09-14T03:15:06.000Z",45.701675,5.883497,3.25,6,8.25,90,null
"2021-09-14T03:19:11.000Z",45.701675,5.883497,4.5,5.75,7,90,null
"2021-09-14T03:23:11.000Z",45.701675,5.883497,2.5,4.25,6.5,90,null
"2021-09-14T03:27:11.000Z",45.701675,5.883497,2,4.25,6.25,112.5,null
"2021-09-14T03:31:14.000Z",45.701675,5.883497,2,4,6,112.5,null
"2021-09-14T03:35:14.000Z",45.701675,5.883497,2.75,4.5,6.25,112.5,null
"2021-09-14T03:39:14.000Z",45.701675,5.883497,3.5,6.75,10.5,90,null
"2021-09-14T03:43:19.000Z",45.701675,5.883497,3.25,4.75,6.5,112.5,null
"2021-09-14T03:47:19.000Z",45.701675,5.883497,2.75,4,5.5,112.5,null
"2021-09-14T03:51:19.000Z",45.701675,5.883497,3.25,4.75,6.25,112.5,null
"2021-09-14T03:55:22.000Z",45.701675,5.883497,2.75,5,6.5,112.5,null
"2021-09-14T03:59:22.000Z",45.701675,5.883497,3.5,5.5,7.75,112.5,null
"2021-09-14T04:03:22.000Z",45.701675,5.883497,3.75,5.75,8.75,112.5,null
"2021-09-14T04:07:26.000Z",45.701675,5.883497,2.75,4.75,7,112.5,null
"2021-09-14T04:11:26.000Z",45.701675,5.883497,4.25,6.5,9,112.5,null
"2021-09-14T04:15:26.000Z",45.701675,5.883497,2.75,4.5,7,112.5,null
"2021-09-14T04:19:31.000Z",45.701675,5.883497,2.75,4.5,6.25,112.5,null
"2021-09-14T04:23:31.000Z",45.701675,5.883497,3.25,4.75,8,112.5,null
"2021-09-14T04:27:31.000Z",45.701675,5.883497,2.75,5,7.25,112.5,null
"2021-09-14T04:31:35.000Z",45.701675,5.883497,3.5,5,7,112.5,null
"2021-09-14T04:35:35.000Z",45.701675,5.883497,2.75,4,6,112.5,null
"2021-09-14T04:39:35.000Z",45.701675,5.883497,3.25,4.5,6.25,112.5,null
"2021-09-14T04:43:38.000Z",45.701675,5.883497,1.75,3.25,5.25,112.5,null
"2021-09-14T04:47:38.000Z",45.701675,5.883497,1.5,3,4.5,90,null
"2021-09-14T04:51:38.000Z",45.701675,5.883497,1.75,3.75,5.5,90,null
"2021-09-14T04:55:43.000Z",45.701675,5.883497,1.5,3,4.5,90,null
"2021-09-14T04:59:43.000Z",45.701675,5.883497,2.75,4.5,6.25,90,null
"2021-09-14T05:03:43.000Z",45.701675,5.883497,1.75,4.75,6.5,90,null
"2021-09-14T05:07:46.000Z",45.701675,5.883497,1.5,3.5,6.5,112.5,null
"2021-09-14T05:11:46.000Z",45.701675,5.883497,2,4,6,112.5,null
"2021-09-14T05:15:46.000Z",45.701675,5.883497,1.5,3.75,6.5,112.5,null
"2021-09-14T05:19:51.000Z",45.701675,5.883497,2,5,8,90,null
"2021-09-14T05:23:51.000Z",45.701675,5.883497,2.5,5,7.25,112.5,null
"2021-09-14T05:27:51.000Z",45.701675,5.883497,1.75,4.25,6.25,90,null
"2021-09-14T05:31:55.000Z",45.701675,5.883497,1.75,2.75,4.25,112.5,null
"2021-09-14T05:35:55.000Z",45.701675,5.883497,1.75,3,4.5,112.5,null
"2021-09-14T05:39:55.000Z",45.701675,5.883497,2,4,5.5,112.5,null
"2021-09-14T05:43:59.000Z",45.701675,5.883497,2.5,4.5,6.5,112.5,null
"2021-09-14T05:47:59.000Z",45.701675,5.883497,1,3.25,6,112.5,null
"2021-09-14T05:51:59.000Z",45.701675,5.883497,0.25,2.5,6,112.5,null
"2021-09-14T05:56:02.000Z",45.701675,5.883497,1,2.75,4.25,112.5,null
"2021-09-14T06:00:02.000Z",45.701675,5.883497,0.75,3.5,6,112.5,null
"2021-09-14T06:04:02.000Z",45.701675,5.883497,1.75,3.5,5.25,112.5,null
"2021-09-14T06:08:07.000Z",45.701675,5.883497,0.25,2.5,5.25,112.5,null
"2021-09-14T06:12:07.000Z",45.701675,5.883497,0.75,3.5,6,112.5,null
"2021-09-14T06:16:07.000Z",45.701675,5.883497,1.5,3.5,7.25,112.5,null
"2021-09-14T06:20:11.000Z",45.701675,5.883497,1,3.75,6.25,112.5,null
"2021-09-14T06:24:11.000Z",45.701675,5.883497,0,2.25,4.25,135,null
"2021-09-14T06:28:11.000Z",45.701675,5.883497,0.75,2,5.25,135,null
"2021-09-14T06:32:14.000Z",45.701675,5.883497,0.25,2.5,5.5,135,null
"2021-09-14T06:36:14.000Z",45.701675,5.883497,1.75,3.75,6.5,112.5,null
"2021-09-14T06:40:14.000Z",45.701675,5.883497,1,3.25,6.5,112.5,null
"2021-09-14T06:44:19.000Z",45.701675,5.883497,0,2.75,6,112.5,null
"2021-09-14T06:48:19.000Z",45.701675,5.883497,0,1.75,5.25,135,null
"2021-09-14T06:52:19.000Z",45.701675,5.883497,0,1.75,5.25,157.5,null
"2021-09-14T06:56:23.000Z",45.701675,5.883497,0.75,4.5,7.75,180,null
"2021-09-14T07:00:23.000Z",45.701675,5.883497,1.75,4,8,157.5,null
"2021-09-14T07:04:23.000Z",45.701675,5.883497,0,3.25,6.25,157.5,null
"2021-09-14T07:08:27.000Z",45.701675,5.883497,0,2.25,7,157.5,null
"2021-09-14T07:12:27.000Z",45.701675,5.883497,0,2,5.5,135,null
"2021-09-14T07:16:27.000Z",45.701675,5.883497,1.75,4.25,7.25,157.5,null
"2021-09-14T07:20:31.000Z",45.701675,5.883497,1.75,4.75,8.75,157.5,null
"2021-09-14T07:24:31.000Z",45.701675,5.883497,1,4.75,7.75,180,null
"2021-09-14T07:28:31.000Z",45.701675,5.883497,2.5,5.5,8.25,157.5,null
"2021-09-14T07:32:35.000Z",45.701675,5.883497,0.25,3.5,6.5,157.5,null
"2021-09-14T07:36:35.000Z",45.701675,5.883497,0,2.25,6,112.5,null
"2021-09-14T07:40:35.000Z",45.701675,5.883497,0.25,2.25,5.5,112.5,null
"2021-09-14T07:44:39.000Z",45.701675,5.883497,0,2,5.25,135,null
"2021-09-14T07:48:39.000Z",45.701675,5.883497,0.25,3,9.75,157.5,null
"2021-09-14T07:52:39.000Z",45.701675,5.883497,0,4,8,157.5,null
"2021-09-14T07:56:43.000Z",45.701675,5.883497,0,3.25,8.25,157.5,null
"2021-09-14T08:00:43.000Z",45.701675,5.883497,0.75,3.25,7,157.5,null
"2021-09-14T08:04:43.000Z",45.701675,5.883497,0,2.5,6.25,135,null
"2021-09-14T08:08:48.000Z",45.701675,5.883497,0.25,4.75,11,157.5,null
"2021-09-14T08:12:48.000Z",45.701675,5.883497,1.75,4.75,10,135,null
"2021-09-14T08:16:48.000Z",45.701675,5.883497,0,2.5,7.75,157.5,null
"2021-09-14T08:20:51.000Z",45.701675,5.883497,0,4.75,8,157.5,null
"2021-09-14T08:24:51.000Z",45.701675,5.883497,1,3.75,6.5,157.5,null
"2021-09-14T08:28:51.000Z",45.701675,5.883497,1,3.5,6.5,157.5,null
"2021-09-14T08:32:56.000Z",45.701675,5.883497,0,2,3.75,112.5,null
"2021-09-14T08:36:56.000Z",45.701675,5.883497,0,1,3.5,157.5,null
"2021-09-14T08:40:56.000Z",45.701675,5.883497,0,1.75,5.25,157.5,null
"2021-09-14T08:45:00.000Z",45.701675,5.883497,0,2.5,5.25,157.5,null
"2021-09-14T08:49:00.000Z",45.701675,5.883497,1,4,6.5,180,null
"2021-09-14T08:53:00.000Z",45.701675,5.883497,0.75,3,4.75,180,null
"2021-09-14T08:57:04.000Z",45.701675,5.883497,0.75,3.75,5.5,180,null
"2021-09-14T09:01:04.000Z",45.701675,5.883497,0.75,3.75,5.5,180,null
"2021-09-14T09:05:04.000Z",45.701675,5.883497,2,4,6.5,180,null
"2021-09-14T09:09:08.000Z",45.701675,5.883497,0,3,5.25,180,null
"2021-09-14T09:13:08.000Z",45.701675,5.883497,0.25,2.25,4.5,157.5,null
"2021-09-14T09:17:08.000Z",45.701675,5.883497,0,1.75,4.5,180,null
"2021-09-14T09:21:11.000Z",45.701675,5.883497,0,2,4.75,135,null
"2021-09-14T09:25:11.000Z",45.701675,5.883497,0.25,2.5,4.25,112.5,null
"2021-09-14T09:29:11.000Z",45.701675,5.883497,0,1.5,3.75,90,null
"2021-09-14T09:33:16.000Z",45.701675,5.883497,0.25,1.75,4.25,112.5,null
"2021-09-14T09:37:16.000Z",45.701675,5.883497,0.75,2,3.75,112.5,null
"2021-09-14T09:41:16.000Z",45.701675,5.883497,1,2.5,3.75,112.5,null
"2021-09-14T09:45:19.000Z",45.701675,5.883497,0,1,3.75,112.5,null
"2021-09-14T09:49:19.000Z",45.701675,5.883497,0,1,2.5,180,null
"2021-09-14T09:53:19.000Z",45.701675,5.883497,0,2.75,4.5,202.5,null
"2021-09-14T09:57:23.000Z",45.701675,5.883497,0.25,2.5,3.75,202.5,null
"2021-09-14T10:01:23.000Z",45.701675,5.883497,2.75,3.75,4.75,247.5,null
"2021-09-14T10:05:23.000Z",45.701675,5.883497,3.5,4.25,5.25,247.5,null
"2021-09-14T10:09:28.000Z",45.701675,5.883497,3.75,6,8,247.5,null
"2021-09-14T10:13:28.000Z",45.701675,5.883497,5.5,6.75,7.75,247.5,null
"2021-09-14T10:17:28.000Z",45.701675,5.883497,2.5,4,6.25,247.5,null
"2021-09-14T10:21:31.000Z",45.701675,5.883497,2.75,8.5,13,270,null
"2021-09-14T10:25:31.000Z",45.701675,5.883497,6,8.75,12.5,270,null
"2021-09-14T10:29:31.000Z",45.701675,5.883497,6.25,8,10,270,null
"2021-09-14T10:33:36.000Z",45.701675,5.883497,4.25,6.75,9.5,270,null
"2021-09-14T10:37:36.000Z",45.701675,5.883497,1.5,2.75,4.5,270,null
"2021-09-14T10:41:36.000Z",45.701675,5.883497,1,1.75,2.75,270,null
"2021-09-14T10:45:40.000Z",45.701675,5.883497,0.25,1.25,2,292.5,null
"2021-09-14T10:49:40.000Z",45.701675,5.883497,2,3.5,6,337.5,null
"2021-09-14T10:53:40.000Z",45.701675,5.883497,0.25,2.25,3.25,337.5,null
"2021-09-14T10:57:44.000Z",45.701675,5.883497,0,0,0.5,0,null
"2021-09-14T11:01:44.000Z",45.701675,5.883497,0,0,0.25,90,null
"2021-09-14T11:05:44.000Z",45.701675,5.883497,0,0.25,1.75,315,null
"2021-09-14T11:09:48.000Z",45.701675,5.883497,0,1.75,3.5,292.5,null
"2021-09-14T11:13:48.000Z",45.701675,5.883497,1,2.75,4.5,270,null
"2021-09-14T11:17:48.000Z",45.701675,5.883497,2.5,4,5.25,270,null
"2021-09-14T11:21:52.000Z",45.701675,5.883497,2.75,4,4.5,292.5,null
"2021-09-14T11:25:52.000Z",45.701675,5.883497,2.5,5,6.25,315,null
"2021-09-14T11:29:52.000Z",45.701675,5.883497,5.25,7,8.25,315,null
"2021-09-14T11:33:56.000Z",45.701675,5.883497,4.5,6.5,9.75,315,null
"2021-09-14T11:37:56.000Z",45.701675,5.883497,8.75,9.75,11.5,337.5,null
"2021-09-14T11:41:56.000Z",45.701675,5.883497,9.75,11.5,13,337.5,null
"2021-09-14T11:46:00.000Z",45.701675,5.883497,9,11,12.5,337.5,null
"2021-09-14T11:50:00.000Z",45.701675,5.883497,8.25,10.5,12,337.5,null
"2021-09-14T11:54:00.000Z",45.701675,5.883497,7.75,9.25,10.5,337.5,null
"2021-09-14T11:58:04.000Z",45.701675,5.883497,6.5,7.75,9,0,null
"2021-09-14T12:02:04.000Z",45.701675,5.883497,7.75,8.25,9,337.5,null
"2021-09-14T12:06:04.000Z",45.701675,5.883497,7.75,9.25,11,337.5,null
"2021-09-14T12:10:08.000Z",45.701675,5.883497,7.75,9,9.75,337.5,null
"2021-09-14T12:14:08.000Z",45.701675,5.883497,8.25,9.5,11,337.5,null
"2021-09-14T12:18:08.000Z",45.701675,5.883497,7.75,9.5,10.5,337.5,null
"2021-09-14T12:22:13.000Z",45.701675,5.883497,8.75,9.75,11,337.5,null
"2021-09-14T12:26:13.000Z",45.701675,5.883497,7.75,9,10.5,315,null
"2021-09-14T12:30:13.000Z",45.701675,5.883497,7.75,9,10.5,315,null
"2021-09-14T12:34:16.000Z",45.701675,5.883497,8.25,9.75,11,315,null
"2021-09-14T12:38:16.000Z",45.701675,5.883497,6,7.75,9.5,337.5,null
"2021-09-14T12:42:16.000Z",45.701675,5.883497,6,7,8,0,null
"2021-09-14T12:46:20.000Z",45.701675,5.883497,6,7.5,8.75,0,null
"2021-09-14T12:50:20.000Z",45.701675,5.883497,7.25,8.75,10,337.5,null
"2021-09-14T12:54:20.000Z",45.701675,5.883497,8,10.5,13,337.5,null
"2021-09-14T12:58:25.000Z",45.701675,5.883497,9.5,11.5,12.5,0,null
"2021-09-14T13:02:25.000Z",45.701675,5.883497,9.75,11.5,13,0,null
"2021-09-14T13:06:25.000Z",45.701675,5.883497,9,11.5,12.5,0,null
"2021-09-14T13:10:28.000Z",45.701675,5.883497,7.25,11.5,13,0,null
"2021-09-14T13:14:28.000Z",45.701675,5.883497,7.25,11,14,0,null
"2021-09-14T13:18:28.000Z",45.701675,5.883497,8.25,12,13.5,0,null
"2021-09-14T13:22:32.000Z",45.701675,5.883497,7,11,14.5,0,null
"2021-09-14T13:26:32.000Z",45.701675,5.883497,7,11.5,15.5,0,null
"2021-09-14T13:30:32.000Z",45.701675,5.883497,7.25,12,15.5,0,null
"2021-09-14T13:34:37.000Z",45.701675,5.883497,6.25,9.5,13,0,null
"2021-09-14T13:38:37.000Z",45.701675,5.883497,6.25,9.25,11.5,0,null
"2021-09-14T13:42:37.000Z",45.701675,5.883497,8.75,10.5,12,0,null
"2021-09-14T13:46:41.000Z",45.701675,5.883497,6.5,8.5,10,0,null
"2021-09-14T13:50:41.000Z",45.701675,5.883497,6.5,8,9.75,0,null
"2021-09-14T13:54:41.000Z",45.701675,5.883497,6.5,8.75,11,0,null
"2021-09-14T13:58:45.000Z",45.701675,5.883497,5.5,8.75,10,0,null
"2021-09-14T14:02:45.000Z",45.701675,5.883497,4.75,7.25,9.75,0,null
"2021-09-14T14:06:45.000Z",45.701675,5.883497,4.25,7,9.75,0,null
"2021-09-14T14:10:49.000Z",45.701675,5.883497,7.75,9,10,337.5,null
"2021-09-14T14:14:49.000Z",45.701675,5.883497,8,9.5,11,0,null
"2021-09-14T14:18:49.000Z",45.701675,5.883497,7.25,9.5,11.5,0,null
"2021-09-14T14:22:53.000Z",45.701675,5.883497,4.5,8.25,10.5,0,null
"2021-09-14T14:26:53.000Z",45.701675,5.883497,4.25,7,9,0,null
"2021-09-14T14:30:53.000Z",45.701675,5.883497,6.25,7.25,9,0,null
"2021-09-14T14:34:56.000Z",45.701675,5.883497,4.5,6,7,0,null
"2021-09-14T14:38:56.000Z",45.701675,5.883497,3.75,5,6.5,315,null
"2021-09-14T14:42:56.000Z",45.701675,5.883497,6.25,7.75,9.75,292.5,null
"2021-09-14T14:47:00.000Z",45.701675,5.883497,7,8.75,10,292.5,null
"2021-09-14T14:51:00.000Z",45.701675,5.883497,6.5,7.5,8.75,315,null
"2021-09-14T14:55:00.000Z",45.701675,5.883497,6.25,6.5,7.25,315,null
"2021-09-14T15:02:44.000Z",45.701681,5.883453,0.75,3.75,5.5,337.5,null
"2021-09-14T15:06:44.000Z",45.701681,5.883453,1.75,4,6.5,22.5,null
"2021-09-14T15:10:44.000Z",45.701681,5.883453,3.25,4.75,6.25,22.5,null
"2021-09-14T15:14:47.000Z",45.701681,5.883453,2.75,5.25,7.75,22.5,null
"2021-09-14T15:18:47.000Z",45.701681,5.883453,3.75,6.25,7.75,0,null
"2021-09-14T15:22:47.000Z",45.701681,5.883453,4.75,6,7,337.5,null
"2021-09-14T15:26:52.000Z",45.701681,5.883453,2,4.25,5.5,0,null
"2021-09-14T15:30:52.000Z",45.701681,5.883453,1,2.75,4.75,22.5,null
"2021-09-14T15:34:52.000Z",45.701681,5.883453,0.25,1.5,2.75,22.5,null
"2021-09-14T15:38:56.000Z",45.701681,5.883453,0,1.75,3.5,0,null
"2021-09-14T15:42:56.000Z",45.701681,5.883453,2.5,3.5,6.5,337.5,null
"2021-09-14T15:46:56.000Z",45.701681,5.883453,2,3.75,6.5,315,null
"2021-09-14T15:51:45.000Z",45.701681,5.883453,3.25,4,4.5,315,null
"2021-09-14T15:55:45.000Z",45.701681,5.883453,3.75,4.5,4.75,337.5,null
"2021-09-14T15:59:45.000Z",45.701694,5.883715,2.5,3.75,4.5,0,null
"2021-09-14T16:03:49.000Z",45.701694,5.883715,3.25,5.25,6,0,null
"2021-09-14T16:07:49.000Z",45.701694,5.883715,2.5,4,5.25,0,null
"2021-09-14T16:11:49.000Z",45.701694,5.883715,4.25,4.75,5.5,337.5,null
"2021-09-14T16:15:54.000Z",45.701694,5.883715,4.25,5.5,6.5,315,null
"2021-09-14T16:19:54.000Z",45.701694,5.883715,5.25,5.75,7,315,null
"2021-09-14T16:23:54.000Z",45.701694,5.883715,6,6.75,8.25,315,null
"2021-09-14T16:27:58.000Z",45.701694,5.883715,2.75,5.25,7.25,337.5,null
"2021-09-14T16:31:58.000Z",45.701694,5.883715,2,3.5,4.75,22.5,null
"2021-09-14T16:35:58.000Z",45.701694,5.883715,2,3.25,4.5,22.5,null
"2021-09-14T16:40:02.000Z",45.701694,5.883715,2,3.75,5.5,22.5,null
"2021-09-14T16:44:02.000Z",45.701694,5.883715,1.75,3.25,4.5,22.5,null
"2021-09-14T16:48:02.000Z",45.701694,5.883715,0.25,1.75,3.25,22.5,null
"2021-09-14T16:52:06.000Z",45.701694,5.883715,0,0.75,1.75,0,null
"2021-09-14T16:56:06.000Z",45.701694,5.883715,0,0.25,1.75,157.5,null
"2021-09-14T17:00:06.000Z",45.701694,5.883715,0,0,0,135,null
"2021-09-14T17:04:10.000Z",45.701694,5.883715,0,0,1.75,270,null
"2021-09-14T17:08:10.000Z",45.701694,5.883715,0.75,2.5,4.5,225,null
"2021-09-14T17:12:10.000Z",45.701694,5.883715,1,2.25,3.25,157.5,null
"2021-09-14T17:16:14.000Z",45.701694,5.883715,0,1,2.5,202.5,null
"2021-09-14T17:20:14.000Z",45.701694,5.883715,0,1,2.5,270,null
"2021-09-14T17:24:14.000Z",45.701694,5.883715,0.25,2,3.25,270,null
"2021-09-14T17:28:18.000Z",45.701694,5.883715,0,0.5,1.5,180,null
"2021-09-14T17:32:18.000Z",45.701694,5.883715,0,0.25,1.5,225,null
"2021-09-14T17:36:18.000Z",45.701694,5.883715,1,1.75,2,202.5,null
"2021-09-14T17:40:22.000Z",45.701694,5.883715,1.5,2.5,3.5,135,null
"2021-09-14T17:44:22.000Z",45.701694,5.883715,2,3.25,4.5,112.5,null
"2021-09-14T17:48:22.000Z",45.701694,5.883715,0,1,3.5,90,null
"2021-09-14T17:52:27.000Z",45.701694,5.883715,1.5,3.5,5.25,0,null
"2021-09-14T17:56:27.000Z",45.701694,5.883715,0.25,1.75,3.25,90,null
"2021-09-14T18:00:27.000Z",45.701694,5.883715,0,0.5,2.5,157.5,null
"2021-09-14T18:04:30.000Z",45.701694,5.883715,0,0.75,1.75,202.5,null
"2021-09-14T18:08:30.000Z",45.701694,5.883715,0,0,0,202.5,null
"2021-09-14T18:12:30.000Z",45.701694,5.883715,0,1,2.75,90,null
"2021-09-14T18:16:35.000Z",45.701694,5.883715,2.25,3.5,4.5,90,null
"2021-09-14T18:20:35.000Z",45.701694,5.883715,3.25,4.5,6.5,90,null
"2021-09-14T18:24:35.000Z",45.701694,5.883715,0,2.25,4.5,90,null
"2021-09-14T18:28:39.000Z",45.701694,5.883715,0,1.75,2.75,112.5,null
"2021-09-14T18:32:39.000Z",45.701694,5.883715,2.5,3.75,4.75,90,null
"2021-09-14T18:36:39.000Z",45.701694,5.883715,2,4.25,6.25,90,null
"2021-09-14T18:40:42.000Z",45.701694,5.883715,1.25,4.5,7.25,90,null
"2021-09-14T18:44:42.000Z",45.701694,5.883715,0.25,3.5,6.5,90,null
"2021-09-14T18:48:42.000Z",45.701694,5.883715,0,1,3.5,90,null
"2021-09-14T18:52:46.000Z",45.701694,5.883715,0,0.75,3.75,45,null
"2021-09-14T18:56:46.000Z",45.701694,5.883715,1,2.25,3.5,67.5,null
"2021-09-14T19:00:46.000Z",45.701694,5.883715,0.25,2.25,4.25,45,null
"2021-09-14T19:04:51.000Z",45.701694,5.883715,1.75,2.5,3.5,0,null
"2021-09-14T19:08:51.000Z",45.701694,5.883715,1,2.25,3.5,45,null
"2021-09-14T19:12:51.000Z",45.701694,5.883715,0,0.75,2.5,90,null
"2021-09-14T19:16:55.000Z",45.701694,5.883715,0,2.25,5.25,112.5,null
"2021-09-14T19:20:55.000Z",45.701694,5.883715,1.75,3.75,5.5,90,null
"2021-09-14T19:24:55.000Z",45.701694,5.883715,0.25,1.5,3.75,90,null
"2021-09-14T19:28:59.000Z",45.701694,5.883715,2.5,3.5,4.5,112.5,null
"2021-09-14T19:32:59.000Z",45.701694,5.883715,2.75,3.75,4.5,135,null
"2021-09-14T19:36:59.000Z",45.701694,5.883715,1,3,6.25,135,null
"2021-09-14T19:41:03.000Z",45.701694,5.883715,1.75,4.25,7.25,112.5,null
"2021-09-14T19:45:03.000Z",45.701694,5.883715,2.5,5,7.75,112.5,null
"2021-09-14T19:49:03.000Z",45.701694,5.883715,0.75,4.5,8.25,112.5,null
"2021-09-14T19:53:07.000Z",45.701694,5.883715,0,3.25,7.25,157.5,null
"2021-09-14T19:57:07.000Z",45.701694,5.883715,1,4.75,8,135,null
"2021-09-14T20:01:07.000Z",45.701694,5.883715,2,4,7.25,157.5,null
"2021-09-14T20:05:11.000Z",45.701694,5.883715,1.75,3.25,4.5,157.5,null
"2021-09-14T20:09:11.000Z",45.701694,5.883715,0,0.5,2,112.5,null
"2021-09-14T20:13:11.000Z",45.701694,5.883715,0,0,1,180,null
"2021-09-14T20:17:14.000Z",45.701694,5.883715,0,3,6.25,180,null
"2021-09-14T20:21:14.000Z",45.701694,5.883715,0,1.5,4.5,157.5,null
"2021-09-14T20:25:14.000Z",45.701694,5.883715,0.25,2.5,7.25,112.5,null
"2021-09-14T20:29:19.000Z",45.701694,5.883715,0.25,2.25,5.5,112.5,null
"2021-09-14T20:33:19.000Z",45.701694,5.883715,0,1.75,6,112.5,null
"2021-09-14T20:37:19.000Z",45.701694,5.883715,0,1.5,3.75,112.5,null
"2021-09-14T20:41:23.000Z",45.701694,5.883715,0.25,4.75,9.75,90,null
"2021-09-14T20:45:23.000Z",45.701694,5.883715,0,3,6.5,112.5,null
"2021-09-14T20:49:23.000Z",45.701694,5.883715,0,1,4.25,112.5,null
"2021-09-14T20:53:27.000Z",45.701694,5.883715,0,1.25,4.25,90,null
"2021-09-14T20:57:27.000Z",45.701694,5.883715,0,1,2.5,112.5,null
"2021-09-14T21:01:27.000Z",45.701694,5.883715,0,1.5,3.5,112.5,null
"2021-09-14T21:05:31.000Z",45.701694,5.883715,0.25,1.75,3.5,135,null
"2021-09-14T21:09:31.000Z",45.701694,5.883715,0,1.75,3.25,135,null
"2021-09-14T21:13:31.000Z",45.701694,5.883715,0.25,2.25,4.25,67.5,null
"2021-09-14T21:17:35.000Z",45.701694,5.883715,1.5,3,4.75,90,null
"2021-09-14T21:21:35.000Z",45.701694,5.883715,1,2.25,3.75,90,null
"2021-09-14T21:25:35.000Z",45.701694,5.883715,0,1,3.25,112.5,null
"2021-09-14T21:29:39.000Z",45.701694,5.883715,0,0.25,2,90,null
"2021-09-14T21:33:39.000Z",45.701694,5.883715,0,0.5,2,157.5,null
"2021-09-14T21:37:39.000Z",45.701694,5.883715,1,2.25,3.5,135,null
"2021-09-14T21:41:43.000Z",45.701694,5.883715,1.5,2.75,4.25,90,null
"2021-09-14T21:45:43.000Z",45.701694,5.883715,0,1.25,3.5,90,null
"2021-09-14T21:49:43.000Z",45.701694,5.883715,0,0.75,1.75,90,null
"2021-09-14T21:53:47.000Z",45.701694,5.883715,0,1.25,2,90,null
"2021-09-14T21:57:47.000Z",45.701694,5.883715,0.25,1.25,3.25,112.5,null
"2021-09-14T22:01:47.000Z",45.701694,5.883715,0,1.25,3.5,135,null
"2021-09-14T22:05:51.000Z",45.701694,5.883715,1.75,3,4.25,45,null
"2021-09-14T22:09:51.000Z",45.701694,5.883715,1,3,4.5,45,null
"2021-09-14T22:13:51.000Z",45.701694,5.883715,0.25,1.25,2.5,90,null
"2021-09-14T22:17:55.000Z",45.701694,5.883715,1.5,2.5,3.75,112.5,null
"2021-09-14T22:21:55.000Z",45.701694,5.883715,1.5,3.25,5.25,112.5,null
"2021-09-14T22:25:55.000Z",45.701694,5.883715,0.75,2,5.25,112.5,null
"2021-09-14T22:29:59.000Z",45.701694,5.883715,1.75,3.25,4.5,157.5,null
"2021-09-14T22:33:59.000Z",45.701694,5.883715,3.5,5,7,157.5,null
"2021-09-14T22:37:59.000Z",45.701694,5.883715,0,1.75,4.25,135,null
"2021-09-14T22:42:03.000Z",45.701694,5.883715,0.25,1.75,4.25,112.5,null
"2021-09-14T22:46:03.000Z",45.701694,5.883715,0,1.5,3.5,112.5,null
"2021-09-14T22:50:03.000Z",45.701694,5.883715,1.5,3,5.25,112.5,null
"2021-09-14T22:54:07.000Z",45.701694,5.883715,1.5,4,6.5,90,null
"2021-09-14T22:58:07.000Z",45.701694,5.883715,0.75,4.5,8,90,null
"2021-09-14T23:02:07.000Z",45.701694,5.883715,0,1.5,4.25,112.5,null
"2021-09-14T23:06:11.000Z",45.701694,5.883715,1,2.5,4.5,112.5,null
"2021-09-14T23:10:11.000Z",45.701694,5.883715,0,1.5,2.75,135,null
"2021-09-14T23:14:11.000Z",45.701694,5.883715,0.25,3,5.25,202.5,null
"2021-09-14T23:18:16.000Z",45.701694,5.883715,0,3.25,5.25,202.5,null
"2021-09-14T23:22:16.000Z",45.701694,5.883715,0,1,3.25,135,null
"2021-09-14T23:26:16.000Z",45.701694,5.883715,0,0,0,112.5,null
"2021-09-14T23:30:19.000Z",45.701694,5.883715,0,1,3.25,90,null
"2021-09-14T23:34:19.000Z",45.701694,5.883715,1,2.75,4.25,90,null
"2021-09-14T23:38:19.000Z",45.701694,5.883715,1,1.75,3.25,67.5,null
"2021-09-14T23:42:24.000Z",45.701694,5.883715,0,1.75,3.5,90,null
"2021-09-14T23:46:24.000Z",45.701694,5.883715,2.75,3.75,5.5,67.5,null
"2021-09-14T23:50:24.000Z",45.701694,5.883715,0.25,2.25,4.5,67.5,null
"2021-09-14T23:54:28.000Z",45.701694,5.883715,0.25,1.75,3.25,157.5,null
"2021-09-14T23:58:28.000Z",45.701694,5.883715,2,3,3.75,157.5,null
"2021-09-15T00:02:28.000Z",45.701694,5.883715,0,1.5,2.75,112.5,null
"2021-09-15T00:06:32.000Z",45.701694,5.883715,0,1.25,2.5,90,null
"2021-09-15T00:10:32.000Z",45.701694,5.883715,0,0,0,112.5,null
"2021-09-15T00:14:32.000Z",45.701694,5.883715,0,0.75,1.75,90,null
"2021-09-15T00:18:35.000Z",45.701694,5.883715,1,2.75,3.5,90,null
"2021-09-15T00:22:35.000Z",45.701694,5.883715,1.75,2.75,3.5,90,null
"2021-09-15T00:26:35.000Z",45.701694,5.883715,1.75,2.75,3.5,112.5,null
"2021-09-15T00:30:40.000Z",45.701694,5.883715,1.5,2.25,4.25,112.5,null
"2021-09-15T00:34:40.000Z",45.701694,5.883715,2.75,3.75,5.25,112.5,null
"2021-09-15T00:38:40.000Z",45.701694,5.883715,2,3.25,4.25,112.5,null
"2021-09-15T00:42:44.000Z",45.701694,5.883715,2.5,4.25,7,90,null
"2021-09-15T00:46:44.000Z",45.701694,5.883715,2.75,5,7.75,90,null
"2021-09-15T00:50:44.000Z",45.701694,5.883715,1.5,3.25,5.5,90,null
"2021-09-15T00:54:47.000Z",45.701694,5.883715,0.75,2.5,5,90,null
"2021-09-15T00:58:47.000Z",45.701694,5.883715,0,1,3.5,67.5,null
"2021-09-15T01:02:47.000Z",45.701694,5.883715,0,2,3.5,67.5,null
"2021-09-15T01:06:52.000Z",45.701694,5.883715,0,1,4.25,337.5,null
"2021-09-15T01:10:52.000Z",45.701694,5.883715,2.75,3.75,5.25,22.5,null
"2021-09-15T01:14:52.000Z",45.701694,5.883715,2.75,4,5.5,22.5,null
"2021-09-15T01:18:56.000Z",45.701694,5.883715,1.5,3.5,7,22.5,null
"2021-09-15T01:22:56.000Z",45.701694,5.883715,0,2.25,5.25,22.5,null
"2021-09-15T01:26:56.000Z",45.701694,5.883715,0,1,2.75,45,null
"2021-09-15T01:31:00.000Z",45.701694,5.883715,0,0,0.75,90,null
"2021-09-15T01:35:00.000Z",45.701694,5.883715,0,1.25,2.5,90,null
"2021-09-15T01:39:00.000Z",45.701694,5.883715,0,0.25,2,67.5,null
"2021-09-15T01:43:04.000Z",45.701694,5.883715,0,0,1,135,null
"2021-09-15T01:47:04.000Z",45.701694,5.883715,0.75,2,4.5,135,null
"2021-09-15T01:51:04.000Z",45.701694,5.883715,2.75,4,5.5,135,null
"2021-09-15T01:55:08.000Z",45.701694,5.883715,3.5,4.75,6.25,112.5,null
"2021-09-15T01:59:08.000Z",45.701694,5.883715,2,3.75,5.25,112.5,null
"2021-09-15T02:03:08.000Z",45.701694,5.883715,2,3,4.25,67.5,null
"2021-09-15T02:07:12.000Z",45.701694,5.883715,1.5,3.25,4.75,90,null
"2021-09-15T02:11:12.000Z",45.701694,5.883715,1,4,6.5,90,null
"2021-09-15T02:15:12.000Z",45.701694,5.883715,0.25,2,6,112.5,null
"2021-09-15T02:19:16.000Z",45.701694,5.883715,0.75,4,7,67.5,null
"2021-09-15T02:23:16.000Z",45.701694,5.883715,1,4.25,7.75,67.5,null
"2021-09-15T02:27:16.000Z",45.701694,5.883715,0,1.75,3.25,90,null
"2021-09-15T02:31:20.000Z",45.701694,5.883715,1.5,2.75,4.25,112.5,null
"2021-09-15T02:35:20.000Z",45.701694,5.883715,2,3.25,3.75,135,null
"2021-09-15T02:39:20.000Z",45.701694,5.883715,2.5,3.75,4.5,112.5,null
"2021-09-15T02:43:24.000Z",45.701694,5.883715,1.75,3,4.25,135,null
"2021-09-15T02:47:24.000Z",45.701694,5.883715,1.75,2.75,4.5,112.5,null
"2021-09-15T02:51:24.000Z",45.701694,5.883715,0.75,3,4.5,112.5,null
"2021-09-15T02:55:28.000Z",45.701694,5.883715,0,0.75,2,90,null
"2021-09-15T02:59:28.000Z",45.701694,5.883715,0.75,2.25,3.25,135,null
"2021-09-15T03:03:28.000Z",45.701694,5.883715,1.5,2.75,4.25,90,null
"2021-09-15T03:07:33.000Z",45.701694,5.883715,3.25,4.75,6,90,null
"2021-09-15T03:11:33.000Z",45.701694,5.883715,1.75,4.25,6.5,90,null
"2021-09-15T03:15:33.000Z",45.701694,5.883715,1,2.25,4.25,135,null
"2021-09-15T03:19:36.000Z",45.701694,5.883715,2,3.5,4.5,135,null
"2021-09-15T03:23:36.000Z",45.701694,5.883715,1.5,3,3.75,112.5,null
"2021-09-15T03:27:36.000Z",45.701694,5.883715,1.5,3,6.25,112.5,null
"2021-09-15T03:31:40.000Z",45.701694,5.883715,0.25,2.75,4.5,112.5,null
"2021-09-15T03:35:40.000Z",45.701694,5.883715,0,1.25,4.25,112.5,null
"2021-09-15T03:39:40.000Z",45.701694,5.883715,0.75,3,4.75,90,null
"2021-09-15T03:43:45.000Z",45.701694,5.883715,0,1,2.5,90,null
"2021-09-15T03:47:45.000Z",45.701694,5.883715,0,0.25,1.5,90,null
"2021-09-15T03:51:45.000Z",45.701694,5.883715,0,0,0,180,null
"2021-09-15T03:55:48.000Z",45.701694,5.883715,0,1.75,3.75,112.5,null
"2021-09-15T03:59:48.000Z",45.701694,5.883715,0.25,2,3.25,90,null
"2021-09-15T04:03:48.000Z",45.701694,5.883715,1,2.75,4.5,90,null
"2021-09-15T04:07:53.000Z",45.701694,5.883715,1,2.5,3.75,90,null
"2021-09-15T04:11:53.000Z",45.701694,5.883715,0.25,1.25,2.75,90,null
"2021-09-15T04:15:53.000Z",45.701694,5.883715,1.75,4,7,135,null
"2021-09-15T04:19:56.000Z",45.701694,5.883715,0.25,3,4.75,135,null
"2021-09-15T04:23:56.000Z",45.701694,5.883715,0.75,2,3.75,135,null
"2021-09-15T04:27:56.000Z",45.701694,5.883715,1,2.25,3.5,135,null
"2021-09-15T04:32:00.000Z",45.701694,5.883715,1,2.5,3.75,180,null
"2021-09-15T04:36:00.000Z",45.701694,5.883715,2.5,4,6.25,157.5,null
"2021-09-15T04:40:00.000Z",45.701694,5.883715,1.75,3.75,5.5,157.5,null
"2021-09-15T04:44:05.000Z",45.701694,5.883715,0.25,2.5,4.5,135,null
"2021-09-15T04:48:05.000Z",45.701694,5.883715,0.75,2.75,6,135,null
"2021-09-15T04:52:05.000Z",45.701694,5.883715,0.25,2.25,4.75,135,null
"2021-09-15T04:56:08.000Z",45.701694,5.883715,0,1.5,7.25,157.5,null
"2021-09-15T05:00:08.000Z",45.701694,5.883715,1,4.5,9,180,null
"2021-09-15T05:04:08.000Z",45.701694,5.883715,0.75,4,7.75,180,null
"2021-09-15T05:08:13.000Z",45.701694,5.883715,0.75,5,12,180,null
"2021-09-15T05:12:13.000Z",45.701694,5.883715,1.75,6.5,14,157.5,null
"2021-09-15T05:16:13.000Z",45.701694,5.883715,0,4.5,11.5,157.5,null
"2021-09-15T05:20:17.000Z",45.701694,5.883715,1.5,4.5,9,157.5,null
"2021-09-15T05:24:17.000Z",45.701694,5.883715,0,1.5,3.5,90,null
"2021-09-15T05:28:17.000Z",45.701694,5.883715,0,0.5,3.25,180,null
"2021-09-15T05:32:20.000Z",45.701694,5.883715,0,0,0.75,112.5,null
"2021-09-15T05:36:20.000Z",45.701694,5.883715,0,0,0.75,135,null
"2021-09-15T05:40:20.000Z",45.701694,5.883715,0,1.75,5.25,135,null
"2021-09-15T05:44:25.000Z",45.701694,5.883715,0,2,4,112.5,null
"2021-09-15T05:48:25.000Z",45.701694,5.883715,0,1,1.75,112.5,null
"2021-09-15T05:52:25.000Z",45.701694,5.883715,0,0.25,1,112.5,null
"2021-09-15T05:56:29.000Z",45.701694,5.883715,0,1.75,3.5,90,null
"2021-09-15T06:00:29.000Z",45.701694,5.883715,0,1.5,2.5,135,null
"2021-09-15T06:04:29.000Z",45.701694,5.883715,0,0.75,2.75,157.5,null
"2021-09-15T06:08:33.000Z",45.701694,5.883715,0,1.5,4.25,157.5,null
"2021-09-15T06:12:33.000Z",45.701694,5.883715,1,3.5,8.25,180,null
"2021-09-15T06:16:33.000Z",45.701694,5.883715,0,4.25,12,180,null
"2021-09-15T06:20:37.000Z",45.701694,5.883715,1.75,7.75,12.5,180,null
"2021-09-15T06:24:37.000Z",45.701694,5.883715,2.5,7.25,12.5,157.5,null
"2021-09-15T06:28:37.000Z",45.701694,5.883715,2,7.25,12.5,157.5,null
"2021-09-15T06:32:40.000Z",45.701694,5.883715,0.25,5.25,11,180,null
"2021-09-15T06:36:40.000Z",45.701694,5.883715,0.75,5.25,10,180,null
"2021-09-15T06:40:40.000Z",45.701694,5.883715,0,3.75,7,157.5,null
"2021-09-15T06:44:45.000Z",45.701694,5.883715,0,2,6.25,157.5,null
"2021-09-15T06:48:45.000Z",45.701694,5.883715,0,0.25,2,135,null
"2021-09-15T06:52:45.000Z",45.701694,5.883715,0.25,1.5,3.25,135,null
"2021-09-15T06:56:49.000Z",45.701694,5.883715,0,1.25,3.5,90,null
"2021-09-15T07:00:49.000Z",45.701694,5.883715,0.75,2.5,3.75,112.5,null
"2021-09-15T07:04:49.000Z",45.701694,5.883715,0.25,2.5,4.5,90,null
"2021-09-15T07:08:53.000Z",45.701694,5.883715,0,1.5,3.75,135,null
"2021-09-15T07:12:53.000Z",45.701694,5.883715,0,2.75,4.75,135,null
"2021-09-15T07:16:53.000Z",45.701694,5.883715,0,2.25,6.25,135,null
"2021-09-15T07:20:57.000Z",45.701694,5.883715,0,2,5,112.5,null
"2021-09-15T07:24:57.000Z",45.701694,5.883715,0,1.25,3.75,90,null
"2021-09-15T07:28:57.000Z",45.701694,5.883715,0,2.75,5.5,112.5,null
"2021-09-15T07:33:01.000Z",45.701694,5.883715,0.25,4.5,8.25,157.5,null
"2021-09-15T07:37:01.000Z",45.701694,5.883715,0,4,7.75,157.5,null
"2021-09-15T07:41:01.000Z",45.701694,5.883715,0.25,6,11.5,180,null
"2021-09-15T07:45:05.000Z",45.701694,5.883715,2.75,8.75,16,180,null
"2021-09-15T07:49:05.000Z",45.701694,5.883715,1.75,8.5,15,180,null
"2021-09-15T07:53:05.000Z",45.701694,5.883715,3.25,10.5,16.5,180,null
"2021-09-15T07:57:09.000Z",45.701694,5.883715,2.75,8.75,15,180,null
"2021-09-15T08:01:09.000Z",45.701694,5.883715,2,8,13,180,null
"2021-09-15T08:05:09.000Z",45.701694,5.883715,3.25,8.75,14.5,180,null
"2021-09-15T08:09:13.000Z",45.701694,5.883715,1,7.25,13.5,180,null
"2021-09-15T08:13:13.000Z",45.701694,5.883715,0,4.25,8,180,null
"2021-09-15T08:17:13.000Z",45.701694,5.883715,0.25,4.75,9,180,null
"2021-09-15T08:21:17.000Z",45.701694,5.883715,0,2.5,6.25,180,null
"2021-09-15T08:25:17.000Z",45.701694,5.883715,0,3.25,6.25,180,null
"2021-09-15T08:29:17.000Z",45.701694,5.883715,0,2,5.5,225,null
"2021-09-15T08:33:22.000Z",45.701694,5.883715,1.5,2.5,3.5,225,null
"2021-09-15T08:37:22.000Z",45.701694,5.883715,0,1.5,3.5,180,null
"2021-09-15T08:41:22.000Z",45.701694,5.883715,0,0.5,3.75,180,null
"2021-09-15T08:45:26.000Z",45.701694,5.883715,0,1.25,3.75,180,null
"2021-09-15T08:49:26.000Z",45.701694,5.883715,0.25,3.75,6.5,202.5,null
"2021-09-15T08:53:26.000Z",45.701694,5.883715,0.25,4,6.25,202.5,null
"2021-09-15T08:57:29.000Z",45.701694,5.883715,0,4,7,180,null
"2021-09-15T09:01:29.000Z",45.701694,5.883715,0.75,5,9.75,180,null
"2021-09-15T09:05:29.000Z",45.701694,5.883715,0.75,6.75,12,202.5,null
"2021-09-15T09:09:33.000Z",45.701694,5.883715,1.5,5.75,9.5,202.5,null
"2021-09-15T09:13:33.000Z",45.701694,5.883715,2,6,11,202.5,null
"2021-09-15T09:17:33.000Z",45.701694,5.883715,2.5,10.5,13,202.5,null
"2021-09-15T09:21:38.000Z",45.701694,5.883715,10,11.5,13,225,null
"2021-09-15T09:25:38.000Z",45.701694,5.883715,2,10.5,13.5,225,null
"2021-09-15T09:29:38.000Z",45.701694,5.883715,2,9.25,14.5,202.5,null
"2021-09-15T09:33:42.000Z",45.701694,5.883715,3.25,8,13,202.5,null
"2021-09-15T09:37:42.000Z",45.701694,5.883715,2.5,7.25,13.5,202.5,null
"2021-09-15T09:41:42.000Z",45.701694,5.883715,0.25,7.25,14.5,202.5,null
"2021-09-15T09:45:46.000Z",45.701694,5.883715,3.25,8.25,13,202.5,null
"2021-09-15T09:49:46.000Z",45.701694,5.883715,2,6.5,9.5,202.5,null
"2021-09-15T09:53:46.000Z",45.701694,5.883715,1.75,4.75,8,202.5,null
"2021-09-15T09:57:49.000Z",45.701694,5.883715,0,2.75,5.5,180,null
"2021-09-15T10:01:49.000Z",45.701694,5.883715,0,3.25,6.5,180,null
"2021-09-15T10:05:49.000Z",45.701694,5.883715,0,3.75,6.5,180,null
"2021-09-15T10:09:54.000Z",45.701694,5.883715,0,2.75,6.25,180,null
"2021-09-15T10:13:54.000Z",45.701694,5.883715,0.25,3,6.25,180,null
"2021-09-15T10:17:54.000Z",45.701694,5.883715,0.25,3.5,8.25,180,null
"2021-09-15T10:21:58.000Z",45.701694,5.883715,2.75,7.75,13,202.5,null
"2021-09-15T10:25:58.000Z",45.701694,5.883715,1.75,9.5,16.5,202.5,null
"2021-09-15T10:29:58.000Z",45.701694,5.883715,1.5,8.25,15.5,180,null
"2021-09-15T10:34:02.000Z",45.701694,5.883715,3.25,8.75,14.5,180,null
"2021-09-15T10:38:02.000Z",45.701694,5.883715,5.5,13.5,22.5,202.5,null
"2021-09-15T10:42:02.000Z",45.701694,5.883715,4.75,15.5,25,202.5,null
"2021-09-15T10:46:06.000Z",45.701694,5.883715,6.5,17.5,26,202.5,null
"2021-09-15T10:50:06.000Z",45.701694,5.883715,6.25,18.5,34,202.5,null
"2021-09-15T10:54:06.000Z",45.701694,5.883715,4.75,18,30.5,202.5,null
"2021-09-15T10:58:09.000Z",45.701694,5.883715,6.5,14,25,202.5,null
"2021-09-15T11:02:09.000Z",45.701694,5.883715,4.25,13,20,202.5,null
"2021-09-15T11:06:09.000Z",45.701694,5.883715,3.5,12,19,202.5,null
"2021-09-15T11:10:14.000Z",45.701694,5.883715,2.5,12,21.5,202.5,null
"2021-09-15T11:14:14.000Z",45.701694,5.883715,5.25,14.5,20,180,null
"2021-09-15T11:18:14.000Z",45.701694,5.883715,5.25,14,20.5,180,null
"2021-09-15T11:22:18.000Z",45.701694,5.883715,6.25,13.5,21,202.5,null
"2021-09-15T11:26:18.000Z",45.701694,5.883715,3.75,10.5,17,202.5,null
"2021-09-15T11:30:18.000Z",45.701694,5.883715,4.25,9.75,16.5,202.5,null
"2021-09-15T11:34:22.000Z",45.701694,5.883715,2.75,8.5,17,202.5,null
"2021-09-15T11:38:22.000Z",45.701694,5.883715,2.5,11.5,20,180,null
"2021-09-15T11:42:22.000Z",45.701694,5.883715,3.25,11,18,180,null
"2021-09-15T11:46:26.000Z",45.701694,5.883715,2.5,8,15,180,null
"2021-09-15T11:50:26.000Z",45.701694,5.883715,2.75,10.5,18.5,180,null
"2021-09-15T11:54:26.000Z",45.701694,5.883715,3.5,12.5,19,180,null
"2021-09-15T11:58:30.000Z",45.701694,5.883715,6,12.5,18,202.5,null
"2021-09-15T12:02:30.000Z",45.701694,5.883715,4.5,11,16,202.5,null
"2021-09-15T12:06:30.000Z",45.701694,5.883715,3.5,11.5,15.5,180,null
"2021-09-15T12:10:34.000Z",45.701694,5.883715,2.75,11,15.5,180,null
"2021-09-15T12:14:34.000Z",45.701694,5.883715,4.25,8.25,12.5,180,null
"2021-09-15T12:18:34.000Z",45.701694,5.883715,2.75,9.25,14.5,180,null
"2021-09-15T12:22:38.000Z",45.701694,5.883715,1.5,8.25,13,180,null
"2021-09-15T12:26:38.000Z",45.701694,5.883715,3.5,8.75,12.5,180,null
"2021-09-15T12:30:38.000Z",45.701694,5.883715,3.75,10,15.5,180,null
"2021-09-15T12:34:42.000Z",45.701694,5.883715,2.5,11,17,180,null
"2021-09-15T12:38:42.000Z",45.701694,5.883715,4.25,11,18.5,157.5,null
"2021-09-15T12:42:42.000Z",45.701694,5.883715,2.75,10.5,19.5,157.5,null
"2021-09-15T12:46:46.000Z",45.701694,5.883715,1.5,4.75,11,90,null
"2021-09-15T12:50:46.000Z",45.701694,5.883715,0.75,4.5,8.75,112.5,null
"2021-09-15T12:54:46.000Z",45.701694,5.883715,0,2.75,7.25,135,null
"2021-09-15T12:58:50.000Z",45.701694,5.883715,0,1.5,4.5,180,null
"2021-09-15T13:02:50.000Z",45.701694,5.883715,0,1.75,4.75,90,null
"2021-09-15T13:06:50.000Z",45.701694,5.883715,0,0.5,4.5,112.5,null
"2021-09-15T13:10:54.000Z",45.701694,5.883715,0,1.75,4.25,67.5,null
"2021-09-15T13:14:54.000Z",45.701694,5.883715,0,1.75,4.25,135,null
"2021-09-15T13:18:54.000Z",45.701694,5.883715,0,3,6,157.5,null
"2021-09-15T13:22:59.000Z",45.701694,5.883715,1,2.75,4.25,337.5,null
"2021-09-15T13:26:59.000Z",45.701694,5.883715,1,4,7.25,202.5,null
"2021-09-15T13:30:59.000Z",45.701694,5.883715,0.25,5.75,10,180,null
"2021-09-15T13:35:02.000Z",45.701694,5.883715,1,5.75,9.75,157.5,null
"2021-09-15T13:39:02.000Z",45.701694,5.883715,0,1,5.25,157.5,null
"2021-09-15T13:43:02.000Z",45.701694,5.883715,0,3.75,8.75,180,null
"2021-09-15T13:47:07.000Z",45.701694,5.883715,3.25,6.75,10,202.5,null
"2021-09-15T13:51:07.000Z",45.701694,5.883715,0.25,3.75,7.75,202.5,null
"2021-09-15T13:55:07.000Z",45.701694,5.883715,0,1.5,4.5,157.5,null
"2021-09-15T13:59:11.000Z",45.701694,5.883715,0,3.5,6.25,180,null
"2021-09-15T14:03:11.000Z",45.701694,5.883715,0,3.25,6.5,180,null
"2021-09-15T14:07:11.000Z",45.701694,5.883715,2.75,7.5,13,180,null
"2021-09-15T14:11:15.000Z",45.701694,5.883715,0.75,6.25,11,180,null
"2021-09-15T14:15:15.000Z",45.701694,5.883715,0,2.75,6.25,157.5,null
"2021-09-15T14:19:15.000Z",45.701694,5.883715,0,2,5.25,112.5,null
"2021-09-15T14:23:18.000Z",45.701694,5.883715,1,3.25,5.75,135,null
"2021-09-15T14:27:18.000Z",45.701694,5.883715,1.75,4,6.25,67.5,null
"2021-09-15T14:31:18.000Z",45.701694,5.883715,0.75,3.25,6,135,null
"2021-09-15T14:35:22.000Z",45.701694,5.883715,2.5,6.25,11,180,null
"2021-09-15T14:39:22.000Z",45.701694,5.883715,0,3,9,112.5,null
"2021-09-15T14:43:22.000Z",45.701694,5.883715,0,0.5,2.75,90,null
"2021-09-15T14:47:27.000Z",45.701694,5.883715,0,0.5,2.75,180,null
"2021-09-15T14:51:27.000Z",45.701694,5.883715,0,2,6,225,null
"2021-09-15T14:55:27.000Z",45.701694,5.883715,0,1.75,5.25,202.5,null
"2021-09-15T15:42:14.000Z",45.701762,5.883507,0.25,2.25,3.5,67.5,null
"2021-09-15T15:46:14.000Z",45.701762,5.883507,2,3.5,6,90,null
"2021-09-15T15:50:14.000Z",45.701762,5.883507,1,4.25,7,67.5,null
"2021-09-15T15:54:18.000Z",45.701762,5.883507,0,1.75,4.75,67.5,null
"2021-09-15T15:58:18.000Z",45.701762,5.883507,0,0.5,2,45,null
"2021-09-15T16:02:18.000Z",45.701762,5.883507,0,1.25,3.75,45,null
"2021-09-15T16:06:22.000Z",45.701762,5.883507,1.5,3,4.5,45,null
"2021-09-15T16:10:22.000Z",45.701762,5.883507,0,2,3.75,90,null
"2021-09-15T16:14:22.000Z",45.701762,5.883507,0,0.5,2.5,112.5,null
"2021-09-15T16:18:25.000Z",45.701762,5.883507,1,2,3.5,135,null
"2021-09-15T16:22:25.000Z",45.701762,5.883507,2,3,3.75,135,null
"2021-09-15T16:26:25.000Z",45.701762,5.883507,1,2.75,3.75,135,null
"2021-09-15T16:31:16.000Z",45.701762,5.883507,0,1.5,3.25,157.5,null
"2021-09-15T16:35:16.000Z",45.701762,5.883507,0,0.75,2.5,180,null
"2021-09-15T16:39:16.000Z",45.701624,5.883559,0,0,0.25,225,null
"2021-09-15T16:43:20.000Z",45.701624,5.883559,0,1.75,4.75,270,null
"2021-09-15T16:47:20.000Z",45.701624,5.883559,3.5,5,7,270,null
"2021-09-15T16:51:20.000Z",45.701624,5.883559,1.75,3.75,7,292.5,null
"2021-09-15T16:55:24.000Z",45.701624,5.883559,2.75,5.75,8.75,337.5,null
"2021-09-15T16:59:24.000Z",45.701624,5.883559,6.5,8.25,10.5,0,null
"2021-09-15T17:03:24.000Z",45.701624,5.883559,4.75,7.25,9.75,0,null
"2021-09-15T17:07:28.000Z",45.701624,5.883559,3.75,6.5,9,22.5,null
"2021-09-15T17:11:28.000Z",45.701624,5.883559,4.5,6.25,7.75,0,null
"2021-09-15T17:15:28.000Z",45.701624,5.883559,3.25,5.25,6.25,337.5,null
"2021-09-15T17:19:32.000Z",45.701624,5.883559,1.5,3.25,5.5,45,null
"2021-09-15T17:23:32.000Z",45.701624,5.883559,2.75,4.5,7,45,null
"2021-09-15T17:27:32.000Z",45.701624,5.883559,3.5,5.75,8,45,null
"2021-09-15T17:31:36.000Z",45.701624,5.883559,2,3.75,5.5,45,null
"2021-09-15T17:35:36.000Z",45.701624,5.883559,0,1.5,4.75,112.5,null
"2021-09-15T17:39:36.000Z",45.701624,5.883559,1,2.25,3.5,202.5,null
"2021-09-15T17:43:40.000Z",45.701624,5.883559,1.5,2.25,3.25,180,null
"2021-09-15T17:47:40.000Z",45.701624,5.883559,1.75,8.75,18,202.5,null
"2021-09-15T17:51:40.000Z",45.701624,5.883559,8.25,23.5,35.5,225,null
"2021-09-15T17:55:44.000Z",45.701624,5.883559,0,6.75,16,90,null
"2021-09-15T17:59:44.000Z",45.701624,5.883559,7.25,11.5,15.5,45,null
"2021-09-15T18:03:44.000Z",45.701624,5.883559,5.25,8.75,13,45,null
"2021-09-15T18:07:48.000Z",45.701624,5.883559,4.75,6.75,9,22.5,null
"2021-09-15T18:11:48.000Z",45.701624,5.883559,0,2.25,4.75,67.5,null
"2021-09-15T18:15:48.000Z",45.701624,5.883559,1.5,3.75,6.25,112.5,null
"2021-09-15T18:19:53.000Z",45.701624,5.883559,1.5,3,4.75,112.5,null
"2021-09-15T18:23:53.000Z",45.701624,5.883559,0,3,5.25,135,null
"2021-09-15T18:27:53.000Z",45.701624,5.883559,0.75,2.5,4.75,157.5,null
"2021-09-15T18:31:57.000Z",45.701624,5.883559,1.75,4,6.25,157.5,null
"2021-09-15T18:35:57.000Z",45.701624,5.883559,1.75,3,5.25,180,null
"2021-09-15T18:39:57.000Z",45.701624,5.883559,0,3.5,9.5,202.5,null
"2021-09-15T18:44:00.000Z",45.701624,5.883559,6.25,8.75,12,225,null
"2021-09-15T18:48:00.000Z",45.701624,5.883559,4.75,8.25,11,225,null
"2021-09-15T18:52:00.000Z",45.701624,5.883559,3.75,5.5,6.5,225,null
"2021-09-15T18:56:04.000Z",45.701624,5.883559,0,4.75,7,202.5,null
"2021-09-15T19:00:04.000Z",45.701624,5.883559,0.25,2.5,4.75,135,null
"2021-09-15T19:04:04.000Z",45.701624,5.883559,1.5,3.25,4.5,90,null
"2021-09-15T19:08:09.000Z",45.701624,5.883559,0,0.5,2.5,112.5,null
"2021-09-15T19:12:09.000Z",45.701624,5.883559,0,2,7.25,157.5,null
"2021-09-15T19:16:09.000Z",45.701624,5.883559,0,2.5,7,180,null
"2021-09-15T19:20:13.000Z",45.701624,5.883559,0.75,3,4.75,202.5,null
"2021-09-15T19:24:13.000Z",45.701624,5.883559,0,0.5,1.5,135,null
"2021-09-15T19:28:13.000Z",45.701624,5.883559,0,0,0,112.5,null
"2021-09-15T19:32:17.000Z",45.701624,5.883559,0,0,0,67.5,null
"2021-09-15T19:36:17.000Z",45.701624,5.883559,0,3.25,5.25,90,null
"2021-09-15T19:40:17.000Z",45.701624,5.883559,0,0.75,2.75,135,null
"2021-09-15T19:44:20.000Z",45.701624,5.883559,0,0.75,1.75,67.5,null
"2021-09-15T19:48:20.000Z",45.701624,5.883559,0,1.5,3.25,90,null
"2021-09-15T19:52:20.000Z",45.701624,5.883559,1,3.75,7.25,67.5,null
"2021-09-15T19:56:24.000Z",45.701624,5.883559,3.75,6,7.75,45,null
"2021-09-15T20:00:24.000Z",45.701624,5.883559,0.25,3.5,8,90,null
"2021-09-15T20:04:24.000Z",45.701624,5.883559,0,0.25,1,225,null
"2021-09-15T20:08:28.000Z",45.701624,5.883559,0,1.25,3.5,180,null
"2021-09-15T20:12:28.000Z",45.701624,5.883559,0,2.5,6,112.5,null
"2021-09-15T20:16:28.000Z",45.701624,5.883559,0.75,4.25,7.25,90,null
"2021-09-15T20:20:33.000Z",45.701624,5.883559,1.5,4,6,112.5,null
"2021-09-15T20:24:33.000Z",45.701624,5.883559,1,3,4.75,112.5,null
"2021-09-15T20:28:33.000Z",45.701624,5.883559,2,3.5,5.5,90,null
"2021-09-15T20:32:37.000Z",45.701624,5.883559,1.75,3.5,5.25,45,null
"2021-09-15T20:36:37.000Z",45.701624,5.883559,0,2.75,4.75,0,null
"2021-09-15T20:40:37.000Z",45.701624,5.883559,1.75,3.25,4.5,0,null
"2021-09-15T20:44:41.000Z",45.701624,5.883559,1,2.5,4.5,22.5,null
"2021-09-15T20:48:41.000Z",45.701624,5.883559,1.75,3,3.75,90,null
"2021-09-15T20:52:41.000Z",45.701624,5.883559,0,3.5,8,135,null
"2021-09-15T20:56:45.000Z",45.701624,5.883559,0,0.5,1.75,157.5,null
"2021-09-15T21:00:45.000Z",45.701624,5.883559,0,2.5,4.5,112.5,null
"2021-09-15T21:04:45.000Z",45.701624,5.883559,1,3.25,8,112.5,null
"2021-09-15T21:08:48.000Z",45.701624,5.883559,0,0.75,3.5,157.5,null
"2021-09-15T21:12:48.000Z",45.701624,5.883559,0,1,2.5,202.5,null
"2021-09-15T21:16:48.000Z",45.701624,5.883559,0,1,3.25,112.5,null
"2021-09-15T21:20:53.000Z",45.701624,5.883559,0,0.5,3.25,22.5,null
"2021-09-15T21:24:53.000Z",45.701624,5.883559,0,1.75,5.25,45,null
"2021-09-15T21:28:53.000Z",45.701624,5.883559,0.75,2.25,4.25,45,null
"2021-09-15T21:32:57.000Z",45.701624,5.883559,0,1.5,3.5,45,null
"2021-09-15T21:36:57.000Z",45.701624,5.883559,0,2.5,3.5,90,null
"2021-09-15T21:40:57.000Z",45.701624,5.883559,2.5,4,6,112.5,null
"2021-09-15T21:45:01.000Z",45.701624,5.883559,1.75,4.25,6.25,112.5,null
"2021-09-15T21:49:01.000Z",45.701624,5.883559,1.5,4,6.25,90,null
"2021-09-15T21:53:01.000Z",45.701624,5.883559,0,2.25,4.75,112.5,null
"2021-09-15T21:57:05.000Z",45.701624,5.883559,0,2.25,7.25,135,null
"2021-09-15T22:01:05.000Z",45.701624,5.883559,0,1.5,3.75,135,null
"2021-09-15T22:05:05.000Z",45.701624,5.883559,0,0.75,3.25,157.5,null
"2021-09-15T22:09:09.000Z",45.701624,5.883559,0,1.75,4.25,90,null
"2021-09-15T22:13:09.000Z",45.701624,5.883559,0.75,3.25,4.75,90,null
"2021-09-15T22:17:09.000Z",45.701624,5.883559,0,2,3.75,90,null
"2021-09-15T22:21:13.000Z",45.701624,5.883559,0,3,8,112.5,null
"2021-09-15T22:25:13.000Z",45.701624,5.883559,2.75,5.25,8.25,90,null
"2021-09-15T22:29:13.000Z",45.701624,5.883559,1.75,5.75,9.75,90,null
"2021-09-15T22:33:17.000Z",45.701624,5.883559,1,5.5,9.75,90,null
"2021-09-15T22:37:17.000Z",45.701624,5.883559,2,3.75,8,90,null
"2021-09-15T22:41:17.000Z",45.701624,5.883559,2,3.75,5.5,135,null
"2021-09-15T22:45:21.000Z",45.701624,5.883559,2,4.5,7.75,112.5,null
"2021-09-15T22:49:21.000Z",45.701624,5.883559,1,4,7.75,112.5,null
"2021-09-15T22:53:21.000Z",45.701624,5.883559,3.25,6.25,9.75,90,null
"2021-09-15T22:57:26.000Z",45.701624,5.883559,0,1.25,6,90,null
"2021-09-15T23:01:26.000Z",45.701624,5.883559,0,0,0,157.5,null
"2021-09-15T23:05:26.000Z",45.701624,5.883559,0,0.25,2.5,157.5,null
"2021-09-15T23:09:29.000Z",45.701624,5.883559,0.25,2,3.5,157.5,null
"2021-09-15T23:13:29.000Z",45.701624,5.883559,0,1.5,3.25,157.5,null
"2021-09-15T23:17:29.000Z",45.701624,5.883559,0,1.25,2.75,157.5,null
"2021-09-15T23:21:34.000Z",45.701624,5.883559,0.75,2.5,4.75,157.5,null
"2021-09-15T23:25:34.000Z",45.701624,5.883559,1,3.25,6.5,135,null
"2021-09-15T23:29:34.000Z",45.701624,5.883559,0.25,2.75,5.5,157.5,null
"2021-09-15T23:33:37.000Z",45.701624,5.883559,0,2.5,6,112.5,null
"2021-09-15T23:37:37.000Z",45.701624,5.883559,0,2,5.25,112.5,null
"2021-09-15T23:41:37.000Z",45.701624,5.883559,0,0.75,4.25,135,null
"2021-09-15T23:45:41.000Z",45.701624,5.883559,1.5,3.5,6.25,90,null
"2021-09-15T23:49:41.000Z",45.701624,5.883559,2,4.75,7.75,90,null
"2021-09-15T23:53:41.000Z",45.701624,5.883559,1.5,3.5,6.25,112.5,null
"2021-09-15T23:57:45.000Z",45.701624,5.883559,0.25,2,4.75,112.5,null
"2021-09-16T00:01:45.000Z",45.701624,5.883559,0,2.25,4.25,90,null
"2021-09-16T00:05:45.000Z",45.701624,5.883559,2,3.5,6,90,null
"2021-09-16T00:09:49.000Z",45.701624,5.883559,2,4.75,7.25,90,null
"2021-09-16T00:13:49.000Z",45.701624,5.883559,2,4.75,7.25,90,null
"2021-09-16T00:17:49.000Z",45.701624,5.883559,1.75,4,6,90,null
"2021-09-16T00:21:54.000Z",45.701624,5.883559,0,2.5,5.5,112.5,null
"2021-09-16T00:25:54.000Z",45.701624,5.883559,1,3,5.5,135,null
"2021-09-16T00:29:54.000Z",45.701624,5.883559,1,3.5,5.5,112.5,null
"2021-09-16T00:33:57.000Z",45.701624,5.883559,1,3.5,6.5,112.5,null
"2021-09-16T00:37:57.000Z",45.701624,5.883559,1.5,2.75,4.5,135,null
"2021-09-16T00:41:57.000Z",45.701624,5.883559,0,1.75,4.25,135,null
"2021-09-16T00:46:02.000Z",45.701624,5.883559,0,1,3.5,135,null
"2021-09-16T00:50:02.000Z",45.701624,5.883559,0,1.5,4.5,112.5,null
"2021-09-16T00:54:02.000Z",45.701624,5.883559,0,2,5.25,112.5,null
"2021-09-16T00:58:06.000Z",45.701624,5.883559,0,2.5,5.25,112.5,null
"2021-09-16T01:02:06.000Z",45.701624,5.883559,1,3,4.25,112.5,null
"2021-09-16T01:06:06.000Z",45.701624,5.883559,1.5,3.25,6.25,112.5,null
"2021-09-16T01:10:10.000Z",45.701624,5.883559,1.5,3,4.25,112.5,null
"2021-09-16T01:14:10.000Z",45.701624,5.883559,1.5,2.5,3.5,112.5,null
"2021-09-16T01:18:10.000Z",45.701624,5.883559,0.75,2.5,3.75,112.5,null
"2021-09-16T01:22:14.000Z",45.701624,5.883559,1.5,3.25,5.5,90,null
"2021-09-16T01:26:14.000Z",45.701624,5.883559,2.5,3.75,6.25,112.5,null
"2021-09-16T01:30:14.000Z",45.701624,5.883559,1.75,3.75,5.5,112.5,null
"2021-09-16T01:34:18.000Z",45.701624,5.883559,0,1,3.25,112.5,null
"2021-09-16T01:38:18.000Z",45.701624,5.883559,1.5,2.5,3.75,90,null
"2021-09-16T01:42:18.000Z",45.701624,5.883559,0.75,2.5,3.75,90,null
"2021-09-16T01:46:21.000Z",45.701624,5.883559,0,0.75,4.5,67.5,null
"2021-09-16T01:50:21.000Z",45.701624,5.883559,0.75,2,3.25,112.5,null
"2021-09-16T01:54:21.000Z",45.701624,5.883559,0,1.25,3.25,135,null
"2021-09-16T01:58:26.000Z",45.701624,5.883559,2,3.75,5.5,157.5,null
"2021-09-16T02:02:26.000Z",45.701624,5.883559,0.25,2.75,4.75,135,null
"2021-09-16T02:06:26.000Z",45.701624,5.883559,0,0.5,2,135,null
"2021-09-16T02:10:30.000Z",45.701624,5.883559,1.5,2.75,4.25,112.5,null
"2021-09-16T02:14:30.000Z",45.701624,5.883559,1.5,2.25,3.75,112.5,null
"2021-09-16T02:18:30.000Z",45.701624,5.883559,0,2.25,5.25,112.5,null
"2021-09-16T02:22:34.000Z",45.701624,5.883559,2,3.75,6.5,90,null
"2021-09-16T02:26:34.000Z",45.701624,5.883559,2,4,6.5,112.5,null
"2021-09-16T02:30:34.000Z",45.701624,5.883559,1.5,3.5,6.25,112.5,null
"2021-09-16T02:34:38.000Z",45.701624,5.883559,0,2.25,5.25,112.5,null
"2021-09-16T02:38:38.000Z",45.701624,5.883559,1.5,3,5.5,135,null
"2021-09-16T02:42:38.000Z",45.701624,5.883559,0.25,3.25,5.25,112.5,null
"2021-09-16T02:46:42.000Z",45.701624,5.883559,1.5,3.75,6.5,90,null
"2021-09-16T02:50:42.000Z",45.701624,5.883559,0,3,7,112.5,null
"2021-09-16T02:54:42.000Z",45.701624,5.883559,2.5,5,8.25,157.5,null
"2021-09-16T02:58:46.000Z",45.701624,5.883559,2,5.25,8,157.5,null
"2021-09-16T03:02:46.000Z",45.701624,5.883559,3.5,6.25,9.75,157.5,null
"2021-09-16T03:06:46.000Z",45.701624,5.883559,0.25,2.75,7,157.5,null
"2021-09-16T03:10:50.000Z",45.701624,5.883559,0,2.25,5.25,135,null
"2021-09-16T03:14:50.000Z",45.701624,5.883559,0,0.75,3.25,135,null
"2021-09-16T03:18:50.000Z",45.701624,5.883559,0,1.75,6,135,null
"2021-09-16T03:22:54.000Z",45.701624,5.883559,0,2.75,4.75,157.5,null
"2021-09-16T03:26:54.000Z",45.701624,5.883559,1.75,4.25,7.75,157.5,null
"2021-09-16T03:30:54.000Z",45.701624,5.883559,0,3.75,9.5,157.5,null
"2021-09-16T03:34:58.000Z",45.701624,5.883559,0,3.5,8.5,180,null
"2021-09-16T03:38:58.000Z",45.701624,5.883559,1.75,4.5,7,180,null
"2021-09-16T03:42:58.000Z",45.701624,5.883559,0.25,3.25,6.5,180,null
"2021-09-16T03:47:02.000Z",45.701624,5.883559,0.75,2.25,4.25,157.5,null
"2021-09-16T03:51:02.000Z",45.701624,5.883559,0,1.5,3.25,90,null
"2021-09-16T03:55:02.000Z",45.701624,5.883559,0.25,1.75,2.75,45,null
"2021-09-16T03:59:06.000Z",45.701624,5.883559,0,1.75,3.25,67.5,null
"2021-09-16T04:03:06.000Z",45.701624,5.883559,0,1.5,2.75,22.5,null
"2021-09-16T04:07:06.000Z",45.701624,5.883559,0,1,2.5,0,null
"2021-09-16T04:11:10.000Z",45.701624,5.883559,0,0.5,2.5,22.5,null
"2021-09-16T04:15:10.000Z",45.701624,5.883559,0,0,0,112.5,null
"2021-09-16T04:19:10.000Z",45.701624,5.883559,0,0,0,112.5,null
"2021-09-16T04:23:15.000Z",45.701624,5.883559,0,1.25,2.5,135,null
"2021-09-16T04:27:15.000Z",45.701624,5.883559,0,1.5,2.75,135,null
"2021-09-16T04:31:15.000Z",45.701624,5.883559,0,1.25,2.5,112.5,null
"2021-09-16T04:35:18.000Z",45.701624,5.883559,0,2.25,5.25,135,null
"2021-09-16T04:39:18.000Z",45.701624,5.883559,0,0.5,2.75,135,null
"2021-09-16T04:43:18.000Z",45.701624,5.883559,0,1,6.25,157.5,null
"2021-09-16T04:47:23.000Z",45.701624,5.883559,0,2.25,4.75,112.5,null
"2021-09-16T04:51:23.000Z",45.701624,5.883559,1,3.5,5.5,112.5,null
"2021-09-16T04:55:23.000Z",45.701624,5.883559,0,1,3.5,135,null
"2021-09-16T04:59:26.000Z",45.701624,5.883559,0,2,4.25,135,null
"2021-09-16T05:03:26.000Z",45.701624,5.883559,0,1.75,4.5,112.5,null
"2021-09-16T05:07:26.000Z",45.701624,5.883559,1.75,3.25,4.75,112.5,null
"2021-09-16T05:11:31.000Z",45.701624,5.883559,0,2,5.5,90,null
"2021-09-16T05:15:31.000Z",45.701624,5.883559,1,3.5,5.5,90,null
"2021-09-16T05:19:31.000Z",45.701624,5.883559,2.5,4,6.5,90,null
"2021-09-16T05:23:35.000Z",45.701624,5.883559,1.75,3.5,6,90,null
"2021-09-16T05:27:35.000Z",45.701624,5.883559,1,2.25,3.5,135,null
"2021-09-16T05:31:35.000Z",45.701624,5.883559,1.5,3.25,6,112.5,null
"2021-09-16T05:35:38.000Z",45.701624,5.883559,1.5,3.25,5.5,135,null
"2021-09-16T05:39:38.000Z",45.701624,5.883559,0,1.25,4.5,157.5,null
"2021-09-16T05:43:38.000Z",45.701624,5.883559,0,0.25,1.75,135,null
"2021-09-16T05:47:43.000Z",45.701624,5.883559,0,2,6,112.5,null
"2021-09-16T05:51:43.000Z",45.701624,5.883559,0,2.25,4.5,112.5,null
"2021-09-16T05:55:43.000Z",45.701624,5.883559,0,2.25,4.5,157.5,null
"2021-09-16T05:59:47.000Z",45.701624,5.883559,0,2.5,6.5,157.5,null
"2021-09-16T06:03:47.000Z",45.701624,5.883559,1.5,3.75,7,157.5,null
"2021-09-16T06:07:47.000Z",45.701624,5.883559,0,1.25,6.25,157.5,null
"2021-09-16T06:11:51.000Z",45.701624,5.883559,0,2,4.25,157.5,null
"2021-09-16T06:15:51.000Z",45.701624,5.883559,0,2.5,7,157.5,null
"2021-09-16T06:19:51.000Z",45.701624,5.883559,1.5,4.5,8.25,157.5,null
"2021-09-16T06:23:55.000Z",45.701624,5.883559,1.75,5.75,10.5,180,null
"2021-09-16T06:27:55.000Z",45.701624,5.883559,0.75,5.75,11,157.5,null
"2021-09-16T06:31:55.000Z",45.701624,5.883559,0.75,3.5,7.25,135,null
"2021-09-16T06:35:59.000Z",45.701624,5.883559,1,3.75,7.75,157.5,null
"2021-09-16T06:39:59.000Z",45.701624,5.883559,0.25,2,4.75,157.5,null
"2021-09-16T06:43:59.000Z",45.701624,5.883559,0,5.25,12.5,180,null
"2021-09-16T06:48:03.000Z",45.701624,5.883559,0.25,3.25,8.5,157.5,null
"2021-09-16T06:52:03.000Z",45.701624,5.883559,0.75,4.5,8.25,157.5,null
"2021-09-16T06:56:03.000Z",45.701624,5.883559,0,2,5.5,157.5,null
"2021-09-16T07:00:07.000Z",45.701624,5.883559,0,0.25,2.5,157.5,null
"2021-09-16T07:04:07.000Z",45.701624,5.883559,0,0.25,3.25,135,null
"2021-09-16T07:08:07.000Z",45.701624,5.883559,0,2,3.75,112.5,null
"2021-09-16T07:12:11.000Z",45.701624,5.883559,0,0.5,2.5,112.5,null
"2021-09-16T07:16:11.000Z",45.701624,5.883559,0,1.25,3.5,112.5,null
"2021-09-16T07:20:11.000Z",45.701624,5.883559,0,0.25,2.5,90,null
"2021-09-16T07:24:15.000Z",45.701624,5.883559,0,1.25,5.25,135,null
"2021-09-16T07:28:15.000Z",45.701624,5.883559,0,1,4.75,135,null
"2021-09-16T07:32:15.000Z",45.701624,5.883559,0,2.75,6.5,135,null
"2021-09-16T07:36:19.000Z",45.701624,5.883559,0,2.75,7.25,157.5,null
"2021-09-16T07:40:19.000Z",45.701624,5.883559,1.5,4.75,8,157.5,null
"2021-09-16T07:44:19.000Z",45.701624,5.883559,1.5,5.25,8.25,157.5,null
"2021-09-16T07:48:23.000Z",45.701624,5.883559,0,3,10.5,157.5,null
"2021-09-16T07:52:23.000Z",45.701624,5.883559,0,1.5,4.25,157.5,null
"2021-09-16T07:56:23.000Z",45.701624,5.883559,0,2.25,4.5,157.5,null
"2021-09-16T08:00:27.000Z",45.701624,5.883559,0.75,3,4.25,157.5,null
"2021-09-16T08:04:27.000Z",45.701624,5.883559,0,3.25,5.25,157.5,null
"2021-09-16T08:08:27.000Z",45.701624,5.883559,0,1.5,3.75,135,null
"2021-09-16T08:12:31.000Z",45.701624,5.883559,0,2,4.5,135,null
"2021-09-16T08:16:31.000Z",45.701624,5.883559,0,1.75,6.25,180,null
"2021-09-16T08:20:31.000Z",45.701624,5.883559,0,2,5.25,157.5,null
"2021-09-16T08:24:35.000Z",45.701624,5.883559,0,3,9,180,null
"2021-09-16T08:28:35.000Z",45.701624,5.883559,0.75,4.75,9.75,157.5,null
"2021-09-16T08:32:35.000Z",45.701624,5.883559,0.75,3.5,6,180,null
"2021-09-16T08:36:39.000Z",45.701624,5.883559,0.25,3.5,7,157.5,null
"2021-09-16T08:40:39.000Z",45.701624,5.883559,0.75,5.25,9.75,180,null
"2021-09-16T08:44:39.000Z",45.701624,5.883559,0.25,5.25,9,180,null
"2021-09-16T08:48:44.000Z",45.701624,5.883559,1,4.5,8.25,157.5,null
"2021-09-16T08:52:44.000Z",45.701624,5.883559,0,3.25,6.5,157.5,null
"2021-09-16T08:56:44.000Z",45.701624,5.883559,0,1.75,4.5,135,null
"2021-09-16T09:00:47.000Z",45.701624,5.883559,0,1.25,4.25,135,null
"2021-09-16T09:04:47.000Z",45.701624,5.883559,0,1.75,5.5,67.5,null
"2021-09-16T09:08:47.000Z",45.701624,5.883559,0.25,2.75,4.75,112.5,null
"2021-09-16T09:12:52.000Z",45.701624,5.883559,0,2.75,6.5,180,null
"2021-09-16T09:16:52.000Z",45.701624,5.883559,0,2,5.5,180,null
"2021-09-16T09:20:52.000Z",45.701624,5.883559,1,4,6.25,180,null
"2021-09-16T09:24:56.000Z",45.701624,5.883559,0.5,4,5.5,180,null
"2021-09-16T09:28:56.000Z",45.701624,5.883559,1,4.25,5.5,180,null
"2021-09-16T09:32:56.000Z",45.701624,5.883559,0.75,4,6.25,180,null
"2021-09-16T09:37:00.000Z",45.701624,5.883559,1,3.75,6,202.5,null
"2021-09-16T09:41:00.000Z",45.701624,5.883559,2.5,4.25,6.25,202.5,null
"2021-09-16T09:45:00.000Z",45.701624,5.883559,1,3.25,5.25,202.5,null
"2021-09-16T09:49:03.000Z",45.701624,5.883559,0.75,3,4.75,202.5,null
"2021-09-16T09:53:03.000Z",45.701624,5.883559,1.5,3.5,4.5,202.5,null
"2021-09-16T09:57:03.000Z",45.701624,5.883559,2.5,4,5.25,225,null
"2021-09-16T10:01:08.000Z",45.701624,5.883559,3.75,5,6.5,247.5,null
"2021-09-16T10:05:08.000Z",45.701624,5.883559,4.5,5.75,6.25,247.5,null
"2021-09-16T10:09:08.000Z",45.701624,5.883559,3.5,4.75,6,270,null
"2021-09-16T10:13:11.000Z",45.701624,5.883559,3.75,4.75,6.25,270,null
"2021-09-16T10:17:11.000Z",45.701624,5.883559,1.75,4.5,6.25,292.5,null
"2021-09-16T10:21:11.000Z",45.701624,5.883559,1.5,3,3.75,292.5,null
"2021-09-16T10:25:16.000Z",45.701624,5.883559,0.25,3,4.75,337.5,null
"2021-09-16T10:29:16.000Z",45.701624,5.883559,0.25,2.5,4.25,337.5,null
"2021-09-16T10:33:16.000Z",45.701624,5.883559,1,2.5,3.5,337.5,null
"2021-09-16T10:37:20.000Z",45.701624,5.883559,0,1,2.75,337.5,null
"2021-09-16T10:41:20.000Z",45.701624,5.883559,0,0.5,1.75,337.5,null
"2021-09-16T10:45:20.000Z",45.701624,5.883559,0,0,0,337.5,null
"2021-09-16T10:49:23.000Z",45.701624,5.883559,0,2,3.5,270,null
"2021-09-16T10:53:23.000Z",45.701624,5.883559,1,2.75,4.5,247.5,null
"2021-09-16T10:57:23.000Z",45.701624,5.883559,1.5,2.75,3.75,247.5,null
"2021-09-16T11:01:28.000Z",45.701624,5.883559,1.5,2.25,3.75,225,null
"2021-09-16T11:05:28.000Z",45.701624,5.883559,0.25,2,3.25,247.5,null
"2021-09-16T11:09:28.000Z",45.701624,5.883559,0,1.25,2.75,247.5,null
"2021-09-16T11:13:32.000Z",45.701624,5.883559,1,2,3.25,247.5,null
"2021-09-16T11:17:32.000Z",45.701624,5.883559,0,0.25,1.75,247.5,null
"2021-09-16T11:21:32.000Z",45.701624,5.883559,0,0,0.75,247.5,null
"2021-09-16T11:25:35.000Z",45.701624,5.883559,1.5,2.25,3.75,247.5,null
"2021-09-16T11:29:35.000Z",45.701624,5.883559,1,2.5,3.5,247.5,null
"2021-09-16T11:33:35.000Z",45.701624,5.883559,0.75,2,3.25,270,null
"2021-09-16T11:37:40.000Z",45.701624,5.883559,0.25,1.5,2.5,270,null
"2021-09-16T11:41:40.000Z",45.701624,5.883559,0,0.75,1.75,292.5,null
"2021-09-16T11:45:40.000Z",45.701624,5.883559,0,0.75,2,292.5,null
"2021-09-16T11:49:44.000Z",45.701624,5.883559,0,0.25,1.75,292.5,null
"2021-09-16T11:53:44.000Z",45.701624,5.883559,0,0,1.75,337.5,null
"2021-09-16T11:57:44.000Z",45.701624,5.883559,0,0.5,1.75,315,null
"2021-09-16T12:01:48.000Z",45.701624,5.883559,0,0,0,247.5,null
"2021-09-16T12:05:48.000Z",45.701624,5.883559,0,0,0,247.5,null
"2021-09-16T12:09:48.000Z",45.701624,5.883559,0,1.25,2.5,247.5,null
"2021-09-16T12:13:52.000Z",45.701624,5.883559,1.5,2,2.75,247.5,null
"2021-09-16T12:17:52.000Z",45.701624,5.883559,1.5,2.75,3.75,270,null
"2021-09-16T12:21:52.000Z",45.701624,5.883559,1.75,3.25,3.75,270,null
"2021-09-16T12:25:56.000Z",45.701624,5.883559,2.75,3.5,4.5,292.5,null
"2021-09-16T12:29:56.000Z",45.701624,5.883559,1.75,2.5,3.75,292.5,null
"2021-09-16T12:33:56.000Z",45.701624,5.883559,1,2.75,3.75,292.5,null
"2021-09-16T12:38:00.000Z",45.701624,5.883559,1,1.75,2.5,292.5,null
"2021-09-16T12:42:00.000Z",45.701624,5.883559,0.75,1.5,3.5,315,null
"2021-09-16T12:46:00.000Z",45.701624,5.883559,0,1.5,2.75,337.5,null
"2021-09-16T12:50:05.000Z",45.701624,5.883559,1,2.5,3.5,315,null
"2021-09-16T12:54:05.000Z",45.701624,5.883559,1,2.25,3.5,315,null
"2021-09-16T12:58:05.000Z",45.701624,5.883559,1,2.25,2.75,315,null
"2021-09-16T13:02:08.000Z",45.701624,5.883559,0,1.25,2.75,315,null
"2021-09-16T13:06:08.000Z",45.701624,5.883559,0.75,1.75,2.75,292.5,null
"2021-09-16T13:10:08.000Z",45.701624,5.883559,1.75,2.75,4.25,225,null
"2021-09-16T13:14:12.000Z",45.701624,5.883559,3.25,5,5.5,225,null
"2021-09-16T13:18:12.000Z",45.701624,5.883559,3.5,5,6,225,null
"2021-09-16T13:22:12.000Z",45.701624,5.883559,2.5,5,6.25,225,null
"2021-09-16T13:26:17.000Z",45.701624,5.883559,3.5,6,7,225,null
"2021-09-16T13:30:17.000Z",45.701624,5.883559,2,4.75,6,202.5,null
"2021-09-16T13:34:17.000Z",45.701624,5.883559,0.75,3,4.5,202.5,null
"2021-09-16T13:38:21.000Z",45.701624,5.883559,0.25,2.25,3.75,202.5,null
"2021-09-16T13:42:21.000Z",45.701624,5.883559,0,2.25,4.25,180,null
"2021-09-16T13:46:21.000Z",45.701624,5.883559,1.5,3.75,5.5,180,null
"2021-09-16T13:50:24.000Z",45.701624,5.883559,1.75,5.75,8.75,180,null
"2021-09-16T13:54:24.000Z",45.701624,5.883559,3.75,9.25,15.5,202.5,null
"2021-09-16T13:58:24.000Z",45.701624,5.883559,4.25,10.5,16.5,180,null
"2021-09-16T14:02:29.000Z",45.701624,5.883559,2.75,11,18.5,202.5,null
"2021-09-16T14:06:29.000Z",45.701624,5.883559,2.5,11.5,17.5,202.5,null
"2021-09-16T14:10:29.000Z",45.701624,5.883559,2.75,11,17,202.5,null
"2021-09-16T14:14:33.000Z",45.701624,5.883559,3.5,11,19.5,202.5,null
"2021-09-16T14:18:33.000Z",45.701624,5.883559,3.25,9.75,16.5,202.5,null
"2021-09-16T14:22:33.000Z",45.701624,5.883559,3.75,10,15,202.5,null
"2021-09-16T14:26:37.000Z",45.701624,5.883559,2.5,9,14.5,202.5,null
"2021-09-16T14:30:37.000Z",45.701624,5.883559,2.75,9.75,14.5,202.5,null
"2021-09-16T14:34:37.000Z",45.701624,5.883559,2.75,10,14.5,180,null
"2021-09-16T14:38:41.000Z",45.701624,5.883559,4.25,11.5,18,180,null
"2021-09-16T14:42:41.000Z",45.701624,5.883559,3.5,11,16,180,null
"2021-09-16T14:46:41.000Z",45.701624,5.883559,3.25,9.75,15.5,180,null
"2021-09-16T14:50:44.000Z",45.701624,5.883559,2,9.5,16.5,180,null
"2021-09-16T14:54:44.000Z",45.701624,5.883559,6.5,12.5,18,202.5,null
"2021-09-16T14:58:44.000Z",45.701624,5.883559,1.5,10.5,18,180,null
"2021-09-16T15:02:49.000Z",45.701624,5.883559,3.5,10.5,16,180,null
"2021-09-16T15:06:49.000Z",45.701624,5.883559,2,9,15.5,180,null
"2021-09-16T15:10:49.000Z",45.701624,5.883559,3.75,10.5,16.5,180,null
"2021-09-16T15:14:52.000Z",45.701624,5.883559,5.25,10.5,15.5,180,null
"2021-09-16T15:18:52.000Z",45.701624,5.883559,3.75,10.5,15.5,180,null
"2021-09-16T15:22:52.000Z",45.701624,5.883559,3.75,9.25,14.5,180,null
"2021-09-16T15:26:57.000Z",45.701624,5.883559,2.75,9.25,15.5,180,null
"2021-09-16T15:30:57.000Z",45.701624,5.883559,6.25,11,16,180,null
"2021-09-16T15:34:57.000Z",45.701624,5.883559,3.25,8.5,13.5,180,null
"2021-09-16T15:43:08.000Z",45.701685,5.883511,3.5,9.75,15.5,180,null
"2021-09-16T15:47:08.000Z",45.701685,5.883511,1.5,8.75,14.5,180,null
"2021-09-16T15:51:08.000Z",45.701685,5.883511,3.25,7.75,13,180,null
"2021-09-16T15:55:13.000Z",45.701685,5.883511,2.75,7,11.5,180,null
"2021-09-16T15:59:13.000Z",45.701685,5.883511,3.25,7.25,11,180,null
"2021-09-16T16:03:13.000Z",45.701685,5.883511,0.25,5,11.5,180,null
"2021-09-16T16:07:17.000Z",45.701685,5.883511,0,3.75,8,157.5,null
"2021-09-16T16:11:17.000Z",45.701685,5.883511,0,0.75,3.5,157.5,null
"2021-09-16T16:15:17.000Z",45.701685,5.883511,0.75,4,7.25,157.5,null
"2021-09-16T16:19:21.000Z",45.701685,5.883511,1.5,4.75,7.25,180,null
"2021-09-16T16:23:21.000Z",45.701685,5.883511,2,5.25,7.75,180,null
"2021-09-16T16:27:21.000Z",45.701685,5.883511,2,6,9,180,null
"2021-09-16T16:32:01.000Z",45.701685,5.883511,2.75,7.5,11.5,202.5,null
"2021-09-16T16:36:01.000Z",45.701685,5.883511,0,6.75,11,202.5,null
"2021-09-16T16:40:01.000Z",45.701729,5.883602,1.5,6.25,10.5,202.5,null
"2021-09-16T16:44:05.000Z",45.701729,5.883602,1,6.75,10,180,null
"2021-09-16T16:48:05.000Z",45.701729,5.883602,2.75,7,12,180,null
"2021-09-16T16:52:05.000Z",45.701729,5.883602,2,6.5,11.5,180,null
"2021-09-16T16:56:09.000Z",45.701729,5.883602,1,5.25,10,180,null
"2021-09-16T17:00:09.000Z",45.701729,5.883602,2,6.25,9.75,180,null
"2021-09-16T17:04:09.000Z",45.701729,5.883602,3.25,6.25,9.75,180,null
"2021-09-16T17:08:13.000Z",45.701729,5.883602,0.25,4.75,8.75,202.5,null
"2021-09-16T17:12:13.000Z",45.701729,5.883602,1.75,5.5,9.5,202.5,null
"2021-09-16T17:16:13.000Z",45.701729,5.883602,2,6.75,11,180,null
"2021-09-16T17:20:17.000Z",45.701729,5.883602,2.5,6,10,180,null
"2021-09-16T17:24:17.000Z",45.701729,5.883602,0.75,4.75,8.75,180,null
"2021-09-16T17:28:17.000Z",45.701729,5.883602,0.25,4,7.75,180,null
"2021-09-16T17:32:21.000Z",45.701729,5.883602,0,2.25,7,180,null
"2021-09-16T17:36:21.000Z",45.701729,5.883602,0,3.75,7.75,180,null
"2021-09-16T17:40:21.000Z",45.701729,5.883602,1,4.5,7.75,180,null
"2021-09-16T17:44:25.000Z",45.701729,5.883602,1.5,4.5,8.25,180,null
"2021-09-16T17:48:25.000Z",45.701729,5.883602,1.5,4.75,8.25,180,null
"2021-09-16T17:52:25.000Z",45.701729,5.883602,0,2.25,6,180,null
"2021-09-16T17:56:29.000Z",45.701729,5.883602,1,4.25,8,180,null
"2021-09-16T18:00:29.000Z",45.701729,5.883602,0,3.75,8.75,202.5,null
"2021-09-16T18:04:29.000Z",45.701729,5.883602,1.5,4,8.75,180,null
"2021-09-16T18:08:33.000Z",45.701729,5.883602,1.5,5,8.25,180,null
"2021-09-16T18:12:33.000Z",45.701729,5.883602,1,4.25,8.25,180,null
"2021-09-16T18:16:33.000Z",45.701729,5.883602,0,3.25,7.75,180,null
"2021-09-16T18:20:38.000Z",45.701729,5.883602,0,1,4.25,157.5,null
"2021-09-16T18:24:38.000Z",45.701729,5.883602,0,1.5,4.25,180,null
"2021-09-16T18:28:38.000Z",45.701729,5.883602,0,0.5,3.75,157.5,null
"2021-09-16T18:32:41.000Z",45.701729,5.883602,0,0.25,2.5,112.5,null
"2021-09-16T18:36:41.000Z",45.701729,5.883602,0.25,1.5,2.75,135,null
"2021-09-16T18:40:41.000Z",45.701729,5.883602,0,0.5,2,90,null
"2021-09-16T18:44:45.000Z",45.701729,5.883602,1,1.75,2.5,90,null
"2021-09-16T18:48:45.000Z",45.701729,5.883602,0.75,1.5,2.5,90,null
"2021-09-16T18:52:45.000Z",45.701729,5.883602,1,2,3.25,90,null
"2021-09-16T18:56:50.000Z",45.701729,5.883602,1.75,3.25,5.5,112.5,null
"2021-09-16T19:00:50.000Z",45.701729,5.883602,1.75,3.5,6,112.5,null
"2021-09-16T19:04:50.000Z",45.701729,5.883602,1.5,2.25,3.5,112.5,null
"2021-09-16T19:08:53.000Z",45.701729,5.883602,1.5,2.5,3.75,135,null
"2021-09-16T19:12:53.000Z",45.701729,5.883602,1,2.5,3.5,135,null
"2021-09-16T19:16:53.000Z",45.701729,5.883602,0,1.75,3.25,135,null
"2021-09-16T19:20:57.000Z",45.701729,5.883602,0,1.5,2.75,112.5,null
"2021-09-16T19:24:57.000Z",45.701729,5.883602,1.5,3,4.25,112.5,null
"2021-09-16T19:28:57.000Z",45.701729,5.883602,0,1.5,4.25,90,null
"2021-09-16T19:33:01.000Z",45.701729,5.883602,0,0.75,1.75,112.5,null
"2021-09-16T19:37:01.000Z",45.701729,5.883602,0,1.25,2.5,112.5,null
"2021-09-16T19:41:01.000Z",45.701729,5.883602,0,1,2.75,157.5,null
"2021-09-16T19:45:05.000Z",45.701729,5.883602,0.5,1.75,3.25,135,null
"2021-09-16T19:49:05.000Z",45.701729,5.883602,0.25,1.75,2.75,90,null
"2021-09-16T19:53:05.000Z",45.701729,5.883602,0.75,2,2.75,90,null
"2021-09-16T19:57:10.000Z",45.701729,5.883602,1.5,2.75,4.25,90,null
"2021-09-16T20:01:10.000Z",45.701729,5.883602,1.5,2.75,4.25,90,null
"2021-09-16T20:05:10.000Z",45.701729,5.883602,0,2.5,3.75,90,null
"2021-09-16T20:09:14.000Z",45.701729,5.883602,1,2,2.75,112.5,null
"2021-09-16T20:13:14.000Z",45.701729,5.883602,0.75,2.25,3.5,112.5,null
"2021-09-16T20:17:14.000Z",45.701729,5.883602,1.75,2.75,3.75,112.5,null
"2021-09-16T20:21:18.000Z",45.701729,5.883602,1,3,4.5,90,null
"2021-09-16T20:25:18.000Z",45.701729,5.883602,1.75,3,4.5,112.5,null
"2021-09-16T20:29:18.000Z",45.701729,5.883602,0.75,2.5,4.5,90,null
"2021-09-16T20:33:22.000Z",45.701729,5.883602,0.25,1.25,2,112.5,null
"2021-09-16T20:37:22.000Z",45.701729,5.883602,1,2,2.75,112.5,null
"2021-09-16T20:41:22.000Z",45.701729,5.883602,0.75,2,3.5,112.5,null
"2021-09-16T20:45:25.000Z",45.701729,5.883602,1.5,2.75,3.75,112.5,null
"2021-09-16T20:49:25.000Z",45.701729,5.883602,0.25,1.75,3.5,112.5,null
"2021-09-16T20:53:25.000Z",45.701729,5.883602,0,2,4.5,112.5,null
"2021-09-16T20:57:30.000Z",45.701729,5.883602,1.75,3.25,4.5,112.5,null
"2021-09-16T21:01:30.000Z",45.701729,5.883602,0.25,2.25,4.5,112.5,null
"2021-09-16T21:05:30.000Z",45.701729,5.883602,1.75,3.75,5.25,112.5,null
"2021-09-16T21:09:34.000Z",45.701729,5.883602,1.5,2.75,4.75,90,null
"2021-09-16T21:13:34.000Z",45.701729,5.883602,0.75,2,3.25,90,null
"2021-09-16T21:17:34.000Z",45.701729,5.883602,0,1.25,2.75,90,null
"2021-09-16T21:21:37.000Z",45.701729,5.883602,0,2,3.5,67.5,null
"2021-09-16T21:25:37.000Z",45.701729,5.883602,0,0.75,2,67.5,null
"2021-09-16T21:29:37.000Z",45.701729,5.883602,0,0,0,135,null
"2021-09-16T21:33:42.000Z",45.701729,5.883602,0,3.25,4.5,135,null
"2021-09-16T21:37:42.000Z",45.701729,5.883602,1,2.75,4.5,112.5,null
"2021-09-16T21:41:42.000Z",45.701729,5.883602,0,1.75,3.5,90,null
"2021-09-16T21:45:46.000Z",45.701729,5.883602,1,3,4.5,90,null
"2021-09-16T21:49:46.000Z",45.701729,5.883602,0.75,2.25,3.5,90,null
"2021-09-16T21:53:46.000Z",45.701729,5.883602,0,1.5,2.5,90,null
"2021-09-16T21:57:50.000Z",45.701729,5.883602,1,2.25,3.5,90,null
"2021-09-16T22:01:50.000Z",45.701729,5.883602,0,2,3.25,90,null
"2021-09-16T22:05:50.000Z",45.701729,5.883602,0,1.25,2.5,90,null
"2021-09-16T22:09:54.000Z",45.701729,5.883602,1.5,2,3.25,90,null
"2021-09-16T22:13:54.000Z",45.701729,5.883602,0,1.5,2.5,90,null
"2021-09-16T22:17:54.000Z",45.701729,5.883602,0,1.5,2.75,90,null
"2021-09-16T22:21:58.000Z",45.701729,5.883602,1,2,2.5,135,null
"2021-09-16T22:25:58.000Z",45.701729,5.883602,0.25,1.75,2.75,157.5,null
"2021-09-16T22:29:58.000Z",45.701729,5.883602,0,0.25,1.5,135,null
"2021-09-16T22:34:02.000Z",45.701729,5.883602,0,2,3.75,112.5,null
"2021-09-16T22:38:02.000Z",45.701729,5.883602,0,1.5,4.25,112.5,null
"2021-09-16T22:42:02.000Z",45.701729,5.883602,0,1,2.5,112.5,null
"2021-09-16T22:46:06.000Z",45.701729,5.883602,0,1.5,3.5,135,null
"2021-09-16T22:50:06.000Z",45.701729,5.883602,0,0,1,112.5,null
"2021-09-16T22:54:06.000Z",45.701729,5.883602,0,0,0,112.5,null
"2021-09-16T22:58:10.000Z",45.701729,5.883602,0,0,1,112.5,null
"2021-09-16T23:02:10.000Z",45.701729,5.883602,0,2,4.5,90,null
"2021-09-16T23:06:10.000Z",45.701729,5.883602,2,3.5,4.75,90,null
"2021-09-16T23:10:14.000Z",45.701729,5.883602,0,1.25,3.5,112.5,null
"2021-09-16T23:14:14.000Z",45.701729,5.883602,0,0.5,1.75,112.5,null
"2021-09-16T23:18:14.000Z",45.701729,5.883602,0,1,2,90,null
"2021-09-16T23:22:19.000Z",45.701729,5.883602,1,2,3.25,112.5,null
"2021-09-16T23:26:19.000Z",45.701729,5.883602,0.75,2.25,3.75,112.5,null
"2021-09-16T23:30:19.000Z",45.701729,5.883602,0.25,3.25,5.5,90,null
"2021-09-16T23:34:22.000Z",45.701729,5.883602,1.5,3.75,5.5,90,null
"2021-09-16T23:38:22.000Z",45.701729,5.883602,1,2.75,4.5,90,null
"2021-09-16T23:42:22.000Z",45.701729,5.883602,0.75,1.5,2.75,67.5,null
"2021-09-16T23:46:27.000Z",45.701729,5.883602,0,3.25,7.75,0,null
"2021-09-16T23:50:27.000Z",45.701729,5.883602,8,11,13.5,0,null
"2021-09-16T23:54:27.000Z",45.701729,5.883602,6,9,12.5,0,null
"2021-09-16T23:58:30.000Z",45.701729,5.883602,6.25,9.25,12,0,null
"2021-09-17T00:02:30.000Z",45.701729,5.883602,8.75,12.5,14.5,337.5,null
"2021-09-17T00:06:30.000Z",45.701729,5.883602,9.5,12,14.5,337.5,null
"2021-09-17T00:10:34.000Z",45.701729,5.883602,9.5,12.5,15,337.5,null
"2021-09-17T00:14:34.000Z",45.701729,5.883602,10,13,16,337.5,null
"2021-09-17T00:18:34.000Z",45.701729,5.883602,11,14.5,16.5,337.5,null
"2021-09-17T00:22:39.000Z",45.701729,5.883602,11.5,14,15.5,337.5,null
"2021-09-17T00:26:39.000Z",45.701729,5.883602,11,13,15,337.5,null
"2021-09-17T00:30:39.000Z",45.701729,5.883602,10,12.5,15.5,337.5,null
"2021-09-17T00:34:42.000Z",45.701729,5.883602,11,13,15.5,337.5,null
"2021-09-17T00:38:42.000Z",45.701729,5.883602,9.75,12,14.5,337.5,null
"2021-09-17T00:42:42.000Z",45.701729,5.883602,8.75,12,14.5,337.5,null
"2021-09-17T00:46:47.000Z",45.701729,5.883602,9,11,14,337.5,null
"2021-09-17T00:50:47.000Z",45.701729,5.883602,9.5,12,14,315,null
"2021-09-17T00:54:47.000Z",45.701729,5.883602,8,11.5,14.5,337.5,null
"2021-09-17T00:58:51.000Z",45.701729,5.883602,8.75,12,14.5,337.5,null
"2021-09-17T01:02:51.000Z",45.701729,5.883602,9.75,11.5,14,337.5,null
"2021-09-17T01:06:51.000Z",45.701729,5.883602,8,12,15,337.5,null
"2021-09-17T01:10:55.000Z",45.701729,5.883602,8.5,12,17.5,0,null
"2021-09-17T01:14:55.000Z",45.701729,5.883602,9.75,13.5,16.5,337.5,null
"2021-09-17T01:18:55.000Z",45.701729,5.883602,7.75,14,16.5,0,null
"2021-09-17T01:22:58.000Z",45.701729,5.883602,12,14.5,17,0,null
"2021-09-17T01:26:58.000Z",45.701729,5.883602,11.5,14,16,0,null
"2021-09-17T01:30:58.000Z",45.701729,5.883602,8.25,12,16.5,337.5,null
"2021-09-17T01:35:03.000Z",45.701729,5.883602,7,9.75,12.5,0,null
"2021-09-17T01:39:03.000Z",45.701729,5.883602,7,12,16,0,null
"2021-09-17T01:43:03.000Z",45.701729,5.883602,5.5,12,15,0,null
"2021-09-17T01:47:07.000Z",45.701729,5.883602,4.75,9.5,14,0,null
"2021-09-17T01:51:07.000Z",45.701729,5.883602,4.5,8.75,11,22.5,null
"2021-09-17T01:55:07.000Z",45.701729,5.883602,3.5,5.5,7,45,null
"2021-09-17T01:59:10.000Z",45.701729,5.883602,2.5,5.25,8.75,45,null
"2021-09-17T02:03:10.000Z",45.701729,5.883602,2.5,5.5,8.25,0,null
"2021-09-17T02:07:10.000Z",45.701729,5.883602,6,8.5,10.5,0,null
"2021-09-17T02:11:15.000Z",45.701729,5.883602,8,10.5,12.5,337.5,null
"2021-09-17T02:15:15.000Z",45.701729,5.883602,8.75,10,12,337.5,null
"2021-09-17T02:19:15.000Z",45.701729,5.883602,11,12.5,15.5,337.5,null
"2021-09-17T02:23:19.000Z",45.701729,5.883602,11,13,15.5,337.5,null
"2021-09-17T02:27:19.000Z",45.701729,5.883602,11,13.5,16,0,null
"2021-09-17T02:31:19.000Z",45.701729,5.883602,7,12,15.5,0,null
"2021-09-17T02:35:23.000Z",45.701729,5.883602,7.25,11,15,0,null
"2021-09-17T02:39:23.000Z",45.701729,5.883602,5.5,11.5,15.5,0,null
"2021-09-17T02:43:23.000Z",45.701729,5.883602,11,14,16.5,337.5,null
"2021-09-17T02:47:27.000Z",45.701729,5.883602,13,16.5,19,337.5,null
"2021-09-17T02:51:27.000Z",45.701729,5.883602,14.5,16,20,0,null
"2021-09-17T02:55:27.000Z",45.701729,5.883602,13,15,17.5,337.5,null
"2021-09-17T02:59:31.000Z",45.701729,5.883602,11,15.5,18,337.5,null
"2021-09-17T03:03:31.000Z",45.701729,5.883602,8.25,14,18,0,null
"2021-09-17T03:07:31.000Z",45.701729,5.883602,5.5,11,15.5,0,null
"2021-09-17T03:11:35.000Z",45.701729,5.883602,7.25,12,16.5,0,null
"2021-09-17T03:15:35.000Z",45.701729,5.883602,10,14,18.5,0,null
"2021-09-17T03:19:35.000Z",45.701729,5.883602,7.25,11.5,16,0,null
"2021-09-17T03:23:39.000Z",45.701729,5.883602,5.5,13,16.5,0,null
"2021-09-17T03:27:39.000Z",45.701729,5.883602,9,13.5,16.5,0,null
"2021-09-17T03:31:39.000Z",45.701729,5.883602,10.5,14,17.5,0,null
"2021-09-17T03:35:43.000Z",45.701729,5.883602,8.75,13.5,16,0,null
"2021-09-17T03:39:43.000Z",45.701729,5.883602,6.5,14.5,19,0,null
"2021-09-17T03:43:43.000Z",45.701729,5.883602,10,15,18,0,null
"2021-09-17T03:47:47.000Z",45.701729,5.883602,7.75,12.5,16,0,null
"2021-09-17T03:51:47.000Z",45.701729,5.883602,5.25,11.5,15.5,22.5,null
"2021-09-17T03:55:47.000Z",45.701729,5.883602,7.75,12,15.5,22.5,null
"2021-09-17T03:59:51.000Z",45.701729,5.883602,7.25,12.5,17,22.5,null
"2021-09-17T04:03:51.000Z",45.701729,5.883602,9.75,15,18,0,null
"2021-09-17T04:07:51.000Z",45.701729,5.883602,9,13.5,17,0,null
"2021-09-17T04:11:55.000Z",45.701729,5.883602,10,14,16.5,0,null
"2021-09-17T04:15:55.000Z",45.701729,5.883602,9.75,13.5,16,0,null
"2021-09-17T04:19:55.000Z",45.701729,5.883602,11,14.5,18,0,null
"2021-09-17T04:23:59.000Z",45.701729,5.883602,11,15,19,0,null
"2021-09-17T04:27:59.000Z",45.701729,5.883602,13,17,20,0,null
"2021-09-17T04:31:59.000Z",45.701729,5.883602,9.75,15,19,0,null
"2021-09-17T04:36:03.000Z",45.701729,5.883602,12,17,19.5,0,null
"2021-09-17T04:40:03.000Z",45.701729,5.883602,12,16.5,20.5,0,null
"2021-09-17T04:44:03.000Z",45.701729,5.883602,11,16,21,0,null
"2021-09-17T04:48:08.000Z",45.701729,5.883602,7.25,13.5,18,0,null
"2021-09-17T04:52:08.000Z",45.701729,5.883602,4.5,10.5,16,22.5,null
"2021-09-17T04:56:08.000Z",45.701729,5.883602,6.5,10.5,15,22.5,null
"2021-09-17T05:00:11.000Z",45.701729,5.883602,7.75,11.5,17.5,22.5,null
"2021-09-17T05:04:11.000Z",45.701729,5.883602,6.5,11,15,22.5,null
"2021-09-17T05:08:11.000Z",45.701729,5.883602,7.75,13,16.5,0,null
"2021-09-17T05:12:15.000Z",45.701729,5.883602,7.75,13,17.5,0,null
"2021-09-17T05:16:15.000Z",45.701729,5.883602,11.5,15.5,18.5,337.5,null
"2021-09-17T05:20:15.000Z",45.701729,5.883602,13,15.5,17,0,null
"2021-09-17T05:24:20.000Z",45.701729,5.883602,12,15,18,0,null
"2021-09-17T05:28:20.000Z",45.701729,5.883602,11,15.5,18.5,0,null
"2021-09-17T05:32:20.000Z",45.701729,5.883602,14.5,17,20,0,null
"2021-09-17T05:36:24.000Z",45.701729,5.883602,10,16,19,0,null
"2021-09-17T05:40:24.000Z",45.701729,5.883602,11,17.5,20,0,null
"2021-09-17T05:44:24.000Z",45.701729,5.883602,15.5,18.5,21,0,null
"2021-09-17T05:48:27.000Z",45.701729,5.883602,13,17,20,0,null
"2021-09-17T05:52:27.000Z",45.701729,5.883602,14,17,19.5,0,null
"2021-09-17T05:56:27.000Z",45.701729,5.883602,11.5,16.5,19,0,null
"2021-09-17T06:00:32.000Z",45.701729,5.883602,12.5,16.5,20,0,null
"2021-09-17T06:04:32.000Z",45.701729,5.883602,11,15.5,19,0,null
"2021-09-17T06:08:32.000Z",45.701729,5.883602,11,15,21,0,null
"2021-09-17T06:12:36.000Z",45.701729,5.883602,12,16.5,19.5,0,null
"2021-09-17T06:16:36.000Z",45.701729,5.883602,14.5,17.5,21,0,null
"2021-09-17T06:20:36.000Z",45.701729,5.883602,11,17,21,0,null
"2021-09-17T06:24:40.000Z",45.701729,5.883602,11.5,16,20,0,null
"2021-09-17T06:28:40.000Z",45.701729,5.883602,10,14.5,20,0,null
"2021-09-17T06:32:40.000Z",45.701729,5.883602,13.5,17,20.5,0,null
"2021-09-17T06:36:44.000Z",45.701729,5.883602,11.5,17,21,0,null
"2021-09-17T06:40:44.000Z",45.701729,5.883602,10,16.5,21.5,0,null
"2021-09-17T06:44:44.000Z",45.701729,5.883602,13,17,20,0,null
"2021-09-17T06:48:48.000Z",45.701729,5.883602,11.5,16.5,19.5,0,null
"2021-09-17T06:52:48.000Z",45.701729,5.883602,15.5,18,20.5,0,null
"2021-09-17T06:56:48.000Z",45.701729,5.883602,11,15.5,19,0,null
"2021-09-17T07:00:52.000Z",45.701729,5.883602,10,14.5,18,0,null
"2021-09-17T07:04:52.000Z",45.701729,5.883602,8.75,13,18,0,null
"2021-09-17T07:08:52.000Z",45.701729,5.883602,8.75,14,17,0,null
"2021-09-17T07:12:56.000Z",45.701729,5.883602,12,14.5,16.5,0,null
"2021-09-17T07:16:56.000Z",45.701729,5.883602,10,15,19.5,0,null
"2021-09-17T07:20:56.000Z",45.701729,5.883602,7.25,14.5,19,0,null
"2021-09-17T07:25:00.000Z",45.701729,5.883602,12,15.5,18,0,null
"2021-09-17T07:29:00.000Z",45.701729,5.883602,9.75,14.5,17.5,0,null
"2021-09-17T07:33:00.000Z",45.701729,5.883602,8.25,13,17,0,null
"2021-09-17T07:37:04.000Z",45.701729,5.883602,12,15,18,0,null
"2021-09-17T07:41:04.000Z",45.701729,5.883602,13,16,21,337.5,null
"2021-09-17T07:45:04.000Z",45.701729,5.883602,13,16,20,337.5,null
"2021-09-17T07:49:08.000Z",45.701729,5.883602,12,16,20,0,null
"2021-09-17T07:53:08.000Z",45.701729,5.883602,12,15,20,0,null
"2021-09-17T07:57:08.000Z",45.701729,5.883602,12.5,17.5,20,0,null
"2021-09-17T08:01:12.000Z",45.701729,5.883602,12,16,19,0,null
"2021-09-17T08:05:12.000Z",45.701729,5.883602,9.5,15.5,19.5,0,null
"2021-09-17T08:09:12.000Z",45.701729,5.883602,9,15,18.5,0,null
"2021-09-17T08:13:16.000Z",45.701729,5.883602,9,13.5,17,0,null
"2021-09-17T08:17:16.000Z",45.701729,5.883602,11,14.5,19,0,null
"2021-09-17T08:21:16.000Z",45.701729,5.883602,7.75,13.5,17,0,null
"2021-09-17T08:25:20.000Z",45.701729,5.883602,5.25,11,16.5,0,null
"2021-09-17T08:29:20.000Z",45.701729,5.883602,6.5,11.5,15.5,0,null
"2021-09-17T08:33:20.000Z",45.701729,5.883602,9,13.5,17,0,null
"2021-09-17T08:37:24.000Z",45.701729,5.883602,12,14.5,16.5,337.5,null
"2021-09-17T08:41:24.000Z",45.701729,5.883602,7,11.5,16,0,null
"2021-09-17T08:45:24.000Z",45.701729,5.883602,9,11.5,14,0,null
"2021-09-17T08:49:28.000Z",45.701729,5.883602,11,13,15,337.5,null
"2021-09-17T08:53:28.000Z",45.701729,5.883602,12.5,14,16.5,0,null
"2021-09-17T08:57:28.000Z",45.701729,5.883602,11,14,15.5,0,null
"2021-09-17T09:01:33.000Z",45.701729,5.883602,5.5,11,14.5,0,null
"2021-09-17T09:05:33.000Z",45.701729,5.883602,6,9.75,13,0,null
"2021-09-17T09:09:33.000Z",45.701729,5.883602,5.5,9.5,13,0,null
"2021-09-17T09:13:36.000Z",45.701729,5.883602,6.25,9.25,12.5,0,null
"2021-09-17T09:17:36.000Z",45.701729,5.883602,6.5,10.5,14.5,0,null
"2021-09-17T09:21:36.000Z",45.701729,5.883602,7.25,11,14,337.5,null
"2021-09-17T09:25:41.000Z",45.701729,5.883602,9.5,11.5,13.5,337.5,null
"2021-09-17T09:29:41.000Z",45.701729,5.883602,9.75,13,15.5,0,null
"2021-09-17T09:33:41.000Z",45.701729,5.883602,7,11,14,0,null
"2021-09-17T09:37:44.000Z",45.701729,5.883602,7.25,9.5,11.5,337.5,null
"2021-09-17T09:41:44.000Z",45.701729,5.883602,7,10.5,13.5,337.5,null
"2021-09-17T09:45:44.000Z",45.701729,5.883602,11,13.5,15.5,337.5,null
"2021-09-17T09:49:48.000Z",45.701729,5.883602,9,13.5,18,337.5,null
"2021-09-17T09:53:48.000Z",45.701729,5.883602,12,15.5,17,337.5,null
"2021-09-17T09:57:48.000Z",45.701729,5.883602,12,14.5,16.5,337.5,null
"2021-09-17T10:01:53.000Z",45.701729,5.883602,10.5,13,15.5,337.5,null
"2021-09-17T10:05:53.000Z",45.701729,5.883602,9.75,12.5,15,337.5,null
"2021-09-17T10:09:53.000Z",45.701729,5.883602,12.5,14.5,16.5,337.5,null
"2021-09-17T10:13:56.000Z",45.701729,5.883602,10,12,15,337.5,null
"2021-09-17T10:17:56.000Z",45.701729,5.883602,9.5,12.5,15.5,337.5,null
"2021-09-17T10:21:56.000Z",45.701729,5.883602,10.5,13.5,16.5,337.5,null
"2021-09-17T10:26:00.000Z",45.701729,5.883602,9.5,11,13,337.5,null
"2021-09-17T10:30:00.000Z",45.701729,5.883602,10.5,13,15.5,337.5,null
"2021-09-17T10:34:00.000Z",45.701729,5.883602,9.75,11.5,13,337.5,null
"2021-09-17T10:38:05.000Z",45.701729,5.883602,10.5,12,14.5,337.5,null
"2021-09-17T10:42:05.000Z",45.701729,5.883602,8.75,12,15.5,337.5,null
"2021-09-17T10:46:05.000Z",45.701729,5.883602,11,13,14.5,337.5,null
"2021-09-17T10:50:08.000Z",45.701729,5.883602,7.75,11,12.5,0,null
"2021-09-17T10:54:08.000Z",45.701729,5.883602,8,9.5,11,0,null
"2021-09-17T10:58:08.000Z",45.701729,5.883602,7.25,8.75,10.5,337.5,null
"2021-09-17T11:02:13.000Z",45.701729,5.883602,7.25,9,11,337.5,null
"2021-09-17T11:06:13.000Z",45.701729,5.883602,8,11.5,15,337.5,null
"2021-09-17T11:10:13.000Z",45.701729,5.883602,9.75,12,14.5,337.5,null
"2021-09-17T11:14:17.000Z",45.701729,5.883602,10.5,12,13.5,337.5,null
"2021-09-17T11:18:17.000Z",45.701729,5.883602,9.5,11,13,337.5,null
"2021-09-17T11:22:17.000Z",45.701729,5.883602,8.25,10.5,12.5,337.5,null
"2021-09-17T11:26:21.000Z",45.701729,5.883602,7,10,13.5,337.5,null
"2021-09-17T11:30:21.000Z",45.701729,5.883602,9.5,12,15,0,null
"2021-09-17T11:34:21.000Z",45.701729,5.883602,5.5,9,12.5,0,null
"2021-09-17T11:38:25.000Z",45.701729,5.883602,6,8.25,10,337.5,null
"2021-09-17T11:42:25.000Z",45.701729,5.883602,7,10,12,337.5,null
"2021-09-17T11:46:25.000Z",45.701729,5.883602,8.25,9.75,12,337.5,null
"2021-09-17T11:50:29.000Z",45.701729,5.883602,8,10,12,337.5,null
"2021-09-17T11:54:29.000Z",45.701729,5.883602,6.5,9,11,0,null
"2021-09-17T11:58:29.000Z",45.701729,5.883602,6.5,9.25,11,0,null
"2021-09-17T12:02:33.000Z",45.701729,5.883602,6,7.75,9.5,0,null
"2021-09-17T12:06:33.000Z",45.701729,5.883602,5.5,8.75,11.5,337.5,null
"2021-09-17T12:10:33.000Z",45.701729,5.883602,5.5,7.25,8.75,315,null
"2021-09-17T12:14:37.000Z",45.701729,5.883602,5.5,8,11.5,315,null
"2021-09-17T12:18:37.000Z",45.701729,5.883602,6,7.75,11,315,null
"2021-09-17T12:22:37.000Z",45.701729,5.883602,9.5,10.5,12,315,null
"2021-09-17T12:26:41.000Z",45.701729,5.883602,8.75,9.75,11,315,null
"2021-09-17T12:30:41.000Z",45.701729,5.883602,8,9.5,11.5,315,null
"2021-09-17T12:34:41.000Z",45.701729,5.883602,7.75,10.5,13,315,null
"2021-09-17T12:38:45.000Z",45.701729,5.883602,8.25,10,12,315,null
"2021-09-17T12:42:45.000Z",45.701729,5.883602,7.75,8.75,10,315,null
"2021-09-17T12:46:45.000Z",45.701729,5.883602,7,8,10,337.5,null
"2021-09-17T12:50:49.000Z",45.701729,5.883602,5.5,7,10,337.5,null
"2021-09-17T12:54:49.000Z",45.701729,5.883602,4.75,6.75,9,337.5,null
"2021-09-17T12:58:49.000Z",45.701729,5.883602,6,8.25,10,315,null
"2021-09-17T13:02:53.000Z",45.701729,5.883602,7,9,11,315,null
"2021-09-17T13:06:53.000Z",45.701729,5.883602,6.25,8.25,9.75,337.5,null
"2021-09-17T13:10:53.000Z",45.701729,5.883602,5.25,7,9.5,337.5,null
"2021-09-17T13:14:57.000Z",45.701729,5.883602,6,7.25,8.25,337.5,null
"2021-09-17T13:18:57.000Z",45.701729,5.883602,7,8,9,337.5,null
"2021-09-17T13:22:57.000Z",45.701729,5.883602,5.5,7.5,9,337.5,null
"2021-09-17T13:27:01.000Z",45.701729,5.883602,6.75,8.75,12,337.5,null
"2021-09-17T13:31:01.000Z",45.701729,5.883602,8,9.25,10.5,0,null
"2021-09-17T13:35:01.000Z",45.701729,5.883602,6.25,7.75,9,0,null
"2021-09-17T13:39:05.000Z",45.701729,5.883602,6.25,7.25,8.75,0,null
"2021-09-17T13:43:05.000Z",45.701729,5.883602,5.5,7,8,0,null
"2021-09-17T13:47:05.000Z",45.701729,5.883602,5.5,7,8.25,337.5,null
"2021-09-17T13:51:10.000Z",45.701729,5.883602,4.5,6.75,8.25,337.5,null
"2021-09-17T13:55:10.000Z",45.701729,5.883602,6,7.25,8,315,null
"2021-09-17T13:59:10.000Z",45.701729,5.883602,6.25,7.5,8.25,315,null
"2021-09-17T14:03:13.000Z",45.701729,5.883602,6.25,7.25,9,315,null
"2021-09-17T14:07:13.000Z",45.701729,5.883602,6,7.25,9.75,315,null
"2021-09-17T14:11:13.000Z",45.701729,5.883602,4.75,6,7.75,315,null
"2021-09-17T14:15:17.000Z",45.701729,5.883602,4.5,5.25,6.25,315,null
"2021-09-17T14:19:17.000Z",45.701729,5.883602,4.75,5.75,7,315,null
"2021-09-17T14:23:17.000Z",45.701729,5.883602,5.5,6.75,7.75,292.5,null
"2021-09-17T14:27:22.000Z",45.701729,5.883602,3.5,5,7,292.5,null
"2021-09-17T14:31:22.000Z",45.701729,5.883602,1.5,3.5,5.25,315,null
"2021-09-17T14:35:22.000Z",45.701729,5.883602,1.5,3.75,4.75,315,null
"2021-09-17T14:39:25.000Z",45.701729,5.883602,3.5,4.5,5.5,315,null
"2021-09-17T14:43:25.000Z",45.701729,5.883602,3.75,4.5,5.25,315,null
"2021-09-17T14:47:25.000Z",45.701729,5.883602,4.25,5.5,7,315,null
"2021-09-17T14:51:29.000Z",45.701729,5.883602,4.5,5.25,6.25,337.5,null
"2021-09-17T14:55:29.000Z",45.701729,5.883602,3.5,4.25,4.75,0,null
"2021-09-17T14:59:29.000Z",45.701729,5.883602,3.75,4.75,6,0,null
"2021-09-17T15:03:34.000Z",45.701729,5.883602,3.75,5,5.75,0,null
"2021-09-17T15:07:34.000Z",45.701729,5.883602,4.25,5.25,6,337.5,null
"2021-09-17T15:11:34.000Z",45.701729,5.883602,4.5,5.75,6.5,292.5,null
"2021-09-17T15:15:37.000Z",45.701729,5.883602,3.75,5.25,6.5,315,null
"2021-09-17T15:19:37.000Z",45.701729,5.883602,3.75,4.75,5.5,337.5,null
"2021-09-17T15:23:37.000Z",45.701729,5.883602,3.75,5.5,6.5,337.5,null
"2021-09-17T15:27:42.000Z",45.701729,5.883602,5,6.25,7,315,null
"2021-09-17T15:31:42.000Z",45.701729,5.883602,6,6.75,7.75,315,null
"2021-09-17T15:35:42.000Z",45.701729,5.883602,4.75,6.25,7.25,292.5,null
"2021-09-17T15:43:43.000Z",45.701678,5.883469,2,3,4.75,337.5,null
"2021-09-17T15:47:43.000Z",45.701678,5.883469,1.75,3,4.5,0,null
"2021-09-17T15:51:43.000Z",45.701678,5.883469,4.25,5.5,7,0,null
"2021-09-17T15:55:48.000Z",45.701678,5.883469,3.5,4.75,6,22.5,null
"2021-09-17T15:59:48.000Z",45.701678,5.883469,2.75,4.5,6.25,0,null
"2021-09-17T16:03:48.000Z",45.701678,5.883469,1.5,2.75,4.5,0,null
"2021-09-17T16:07:52.000Z",45.701678,5.883469,1.5,4.5,8.75,337.5,null
"2021-09-17T16:11:52.000Z",45.701678,5.883469,6,7.75,9.5,315,null
"2021-09-17T16:15:52.000Z",45.701678,5.883469,2.5,4.75,7.25,337.5,null
"2021-09-17T16:19:56.000Z",45.701678,5.883469,3.5,5,6.25,337.5,null
"2021-09-17T16:23:56.000Z",45.701678,5.883469,3.25,4.25,6,337.5,null
"2021-09-17T16:27:56.000Z",45.701678,5.883469,1.5,4,6,315,null
"2021-09-17T16:32:48.000Z",45.701678,5.883469,2,3.75,6.25,337.5,null
"2021-09-17T16:36:48.000Z",45.701678,5.883469,4.5,7.75,11,292.5,null
"2021-09-17T16:40:48.000Z",45.701757,5.883499,3.5,5.75,7.25,337.5,null
"2021-09-17T16:44:52.000Z",45.701757,5.883499,3.75,5.25,7.25,337.5,null
"2021-09-17T16:48:52.000Z",45.701757,5.883499,1.5,3,4.5,315,null
"2021-09-17T16:52:52.000Z",45.701757,5.883499,1,3,7.25,315,null
"2021-09-17T16:56:56.000Z",45.701757,5.883499,4.5,11.5,17,270,null
"2021-09-17T17:00:56.000Z",45.701757,5.883499,9,16,21.5,270,null
"2021-09-17T17:04:56.000Z",45.701757,5.883499,13.5,17.5,23.5,270,null
"2021-09-17T17:09:00.000Z",45.701757,5.883499,13,16.5,22.5,270,null
"2021-09-17T17:13:00.000Z",45.701757,5.883499,9.75,14,18,270,null
"2021-09-17T17:17:00.000Z",45.701757,5.883499,11,15.5,20,270,null
"2021-09-17T17:21:04.000Z",45.701757,5.883499,9.75,15,21,270,null
"2021-09-17T17:25:04.000Z",45.701757,5.883499,11.5,17,20.5,270,null
"2021-09-17T17:29:04.000Z",45.701757,5.883499,11,14.5,19,270,null
"2021-09-17T17:33:08.000Z",45.701757,5.883499,11,15.5,20.5,270,null
"2021-09-17T17:37:08.000Z",45.701757,5.883499,11.5,16.5,22.5,270,null
"2021-09-17T17:41:08.000Z",45.701757,5.883499,9.5,13.5,19.5,270,null
"2021-09-17T17:45:12.000Z",45.701757,5.883499,13.5,17,19.5,270,null
"2021-09-17T17:49:12.000Z",45.701757,5.883499,14.5,18,22,270,null
"2021-09-17T17:53:12.000Z",45.701757,5.883499,14,17,21,270,null
"2021-09-17T17:57:16.000Z",45.701757,5.883499,13,16.5,20.5,270,null
"2021-09-17T18:01:16.000Z",45.701757,5.883499,9,16,22.5,270,null
"2021-09-17T18:05:16.000Z",45.701757,5.883499,14,18,21.5,270,null
"2021-09-17T18:09:20.000Z",45.701757,5.883499,11.5,14.5,18,270,null
"2021-09-17T18:13:20.000Z",45.701757,5.883499,10.5,15,19.5,270,null
"2021-09-17T18:17:20.000Z",45.701757,5.883499,9,12.5,16.5,270,null
"2021-09-17T18:21:24.000Z",45.701757,5.883499,7.75,12,16,270,null
"2021-09-17T18:25:24.000Z",45.701757,5.883499,5.5,10.5,15.5,270,null
"2021-09-17T18:29:24.000Z",45.701757,5.883499,4.25,10,14.5,270,null
"2021-09-17T18:33:28.000Z",45.701757,5.883499,2.5,5.5,10,180,null
"2021-09-17T18:37:28.000Z",45.701757,5.883499,1.5,2.5,4.25,157.5,null
"2021-09-17T18:41:28.000Z",45.701757,5.883499,0,1.75,3.75,112.5,null
"2021-09-17T18:45:32.000Z",45.701757,5.883499,0,1.5,3.25,112.5,null
"2021-09-17T18:49:32.000Z",45.701757,5.883499,1,2.25,3.75,135,null
"2021-09-17T18:53:32.000Z",45.701757,5.883499,0.25,2.5,3.75,112.5,null
"2021-09-17T18:57:37.000Z",45.701757,5.883499,1.75,3.5,5.5,112.5,null
"2021-09-17T19:01:37.000Z",45.701757,5.883499,0,2.5,4.75,135,null
"2021-09-17T19:05:37.000Z",45.701757,5.883499,1.5,3,4.75,112.5,null
"2021-09-17T19:09:41.000Z",45.701757,5.883499,1.75,4.25,7.25,90,null
"2021-09-17T19:13:41.000Z",45.701757,5.883499,1.5,3.75,5.5,90,null
"2021-09-17T19:17:41.000Z",45.701757,5.883499,2,4,6.25,112.5,null
"2021-09-17T19:21:45.000Z",45.701757,5.883499,2.5,3.75,7.25,90,null
"2021-09-17T19:25:45.000Z",45.701757,5.883499,0.75,3,6,90,null
"2021-09-17T19:29:45.000Z",45.701757,5.883499,1.5,2.5,3.75,45,null
"2021-09-17T19:33:49.000Z",45.701757,5.883499,1,2.5,5.25,22.5,null
"2021-09-17T19:37:49.000Z",45.701757,5.883499,1.5,3.25,5.25,0,null
"2021-09-17T19:41:49.000Z",45.701757,5.883499,3.25,4,5.5,337.5,null
"2021-09-17T19:45:53.000Z",45.701757,5.883499,4.5,7.25,11.5,337.5,null
"2021-09-17T19:49:53.000Z",45.701757,5.883499,3.75,8.25,11,337.5,null
"2021-09-17T19:53:53.000Z",45.701757,5.883499,2,7.25,11,337.5,null
"2021-09-17T19:57:57.000Z",45.701757,5.883499,3.5,6.75,11,45,null
"2021-09-17T20:01:57.000Z",45.701757,5.883499,2.5,6,9.5,22.5,null
"2021-09-17T20:05:57.000Z",45.701757,5.883499,2.75,6.25,10.5,22.5,null
"2021-09-17T20:10:01.000Z",45.701757,5.883499,6,10,12,0,null
"2021-09-17T20:14:01.000Z",45.701757,5.883499,6.25,8.25,10.5,337.5,null
"2021-09-17T20:18:01.000Z",45.701757,5.883499,6.5,8.75,10.5,0,null
"2021-09-17T20:22:05.000Z",45.701757,5.883499,2.75,5.25,8.25,22.5,null
"2021-09-17T20:26:05.000Z",45.701757,5.883499,2.75,5,7,22.5,null
"2021-09-17T20:30:05.000Z",45.701757,5.883499,2,5.75,10.5,22.5,null
"2021-09-17T20:34:09.000Z",45.701757,5.883499,4.75,7.25,10.5,45,null
"2021-09-17T20:38:09.000Z",45.701757,5.883499,3.25,6.5,10.5,22.5,null
"2021-09-17T20:42:09.000Z",45.701757,5.883499,3.25,5.5,9.5,45,null
"2021-09-17T20:46:13.000Z",45.701757,5.883499,3.75,7.25,11,45,null
"2021-09-17T20:50:13.000Z",45.701757,5.883499,0.75,4.75,9.5,45,null
"2021-09-17T20:54:13.000Z",45.701757,5.883499,1.75,4.25,8,45,null
"2021-09-17T20:58:17.000Z",45.701757,5.883499,0.25,2.5,7.25,45,null
"2021-09-17T21:02:17.000Z",45.701757,5.883499,1,3.25,6.25,45,null
"2021-09-17T21:06:17.000Z",45.701757,5.883499,0,2,4.75,45,null
"2021-09-17T21:10:21.000Z",45.701757,5.883499,0,1,3.5,67.5,null
"2021-09-17T21:14:21.000Z",45.701757,5.883499,0,1.25,4.75,67.5,null
"2021-09-17T21:18:21.000Z",45.701757,5.883499,0.75,3.5,7.75,22.5,null
"2021-09-17T21:22:25.000Z",45.701757,5.883499,0,2.75,5.5,45,null
"2021-09-17T21:26:25.000Z",45.701757,5.883499,0,1.75,4.25,90,null
"2021-09-17T21:30:25.000Z",45.701757,5.883499,0.75,2.5,4.5,135,null
"2021-09-17T21:34:29.000Z",45.701757,5.883499,0,1.5,3.5,112.5,null
"2021-09-17T21:38:29.000Z",45.701757,5.883499,0,0,0,135,null
"2021-09-17T21:42:29.000Z",45.701757,5.883499,0,1.25,4.5,0,null
"2021-09-17T21:46:33.000Z",45.701757,5.883499,0.25,3,4.75,45,null
"2021-09-17T21:50:33.000Z",45.701757,5.883499,2.75,4,6.25,67.5,null
"2021-09-17T21:54:33.000Z",45.701757,5.883499,2.5,4.75,7.25,67.5,null
"2021-09-17T21:58:37.000Z",45.701757,5.883499,4.5,6.25,8.75,67.5,null
"2021-09-17T22:02:37.000Z",45.701757,5.883499,3.75,6.75,9.5,67.5,null
"2021-09-17T22:06:37.000Z",45.701757,5.883499,2,4.5,8.25,45,null
"2021-09-17T22:10:40.000Z",45.701757,5.883499,1,4,8,45,null
"2021-09-17T22:14:40.000Z",45.701757,5.883499,0.25,2.75,4.75,67.5,null
"2021-09-17T22:18:40.000Z",45.701757,5.883499,1.5,2.25,3.75,67.5,null
"2021-09-17T22:22:45.000Z",45.701757,5.883499,1.5,2.5,3.75,90,null
"2021-09-17T22:26:45.000Z",45.701757,5.883499,0,2.75,6.25,67.5,null
"2021-09-17T22:30:45.000Z",45.701757,5.883499,0.25,2.25,4.5,112.5,null
"2021-09-17T22:34:49.000Z",45.701757,5.883499,1.5,2.75,4.75,112.5,null
"2021-09-17T22:38:49.000Z",45.701757,5.883499,1,2.5,3.75,112.5,null
"2021-09-17T22:42:49.000Z",45.701757,5.883499,1.5,3,4.75,90,null
"2021-09-17T22:46:53.000Z",45.701757,5.883499,1.5,2.5,4.25,90,null
"2021-09-17T22:50:53.000Z",45.701757,5.883499,1.5,3,4.5,67.5,null
"2021-09-17T22:54:53.000Z",45.701757,5.883499,0.25,2,3.5,90,null
"2021-09-17T22:58:57.000Z",45.701757,5.883499,1.5,2.75,4.25,90,null
"2021-09-17T23:02:57.000Z",45.701757,5.883499,1.5,2.75,4.5,67.5,null
"2021-09-17T23:06:57.000Z",45.701757,5.883499,0,2.25,4.25,67.5,null
"2021-09-17T23:11:01.000Z",45.701757,5.883499,0.5,2,3.75,67.5,null
"2021-09-17T23:15:01.000Z",45.701757,5.883499,1.5,3.5,6,90,null
"2021-09-17T23:19:01.000Z",45.701757,5.883499,1.75,3.25,4.5,112.5,null
"2021-09-17T23:23:05.000Z",45.701757,5.883499,1.75,3.5,6.25,112.5,null
"2021-09-17T23:27:05.000Z",45.701757,5.883499,1,2.75,6,112.5,null
"2021-09-17T23:31:05.000Z",45.701757,5.883499,1,3.25,5.5,90,null
"2021-09-17T23:35:09.000Z",45.701757,5.883499,0.25,3.5,6.5,90,null
"2021-09-17T23:39:09.000Z",45.701757,5.883499,3.25,5,7.25,90,null
"2021-09-17T23:43:09.000Z",45.701757,5.883499,2,3.5,6,112.5,null
"2021-09-17T23:47:14.000Z",45.701757,5.883499,2.5,4.25,6.25,112.5,null
"2021-09-17T23:51:14.000Z",45.701757,5.883499,0.25,2.5,4.5,90,null
"2021-09-17T23:55:14.000Z",45.701757,5.883499,2.5,4.5,6.25,90,null
"2021-09-17T23:59:17.000Z",45.701757,5.883499,2.5,3.25,4.5,112.5,null
"2021-09-18T00:03:17.000Z",45.701757,5.883499,1.75,3,4.5,112.5,null
"2021-09-18T00:07:17.000Z",45.701757,5.883499,1.5,2.75,4.25,90,null
"2021-09-18T00:11:22.000Z",45.701757,5.883499,2.5,4.25,7,90,null
"2021-09-18T00:15:22.000Z",45.701757,5.883499,0.75,3.25,7.25,112.5,null
"2021-09-18T00:19:22.000Z",45.701757,5.883499,0.75,3,4.5,112.5,null
"2021-09-18T00:23:26.000Z",45.701757,5.883499,1,3.75,5.25,112.5,null
"2021-09-18T00:27:26.000Z",45.701757,5.883499,0.75,2.75,4.5,90,null
"2021-09-18T00:31:26.000Z",45.701757,5.883499,3.25,4.75,6.25,90,null
"2021-09-18T00:35:29.000Z",45.701757,5.883499,2,4.25,6.25,90,null
"2021-09-18T00:39:29.000Z",45.701757,5.883499,1.75,3,4.75,90,null
"2021-09-18T00:43:29.000Z",45.701757,5.883499,2,3.5,5.5,90,null
"2021-09-18T00:47:34.000Z",45.701757,5.883499,1,2,3.5,90,null
"2021-09-18T00:51:34.000Z",45.701757,5.883499,1.75,3,3.75,112.5,null
"2021-09-18T00:55:34.000Z",45.701757,5.883499,1.75,3,3.75,112.5,null
"2021-09-18T00:59:38.000Z",45.701757,5.883499,1.75,4,5.25,90,null
"2021-09-18T01:03:38.000Z",45.701757,5.883499,1.75,3.75,5.5,90,null
"2021-09-18T01:07:38.000Z",45.701757,5.883499,2.5,3.5,4.75,67.5,null
"2021-09-18T01:11:42.000Z",45.701757,5.883499,0,3,5.25,90,null
"2021-09-18T01:15:42.000Z",45.701757,5.883499,1,2.5,3.75,90,null
"2021-09-18T01:19:42.000Z",45.701757,5.883499,2,3.5,4.25,90,null
"2021-09-18T01:23:46.000Z",45.701757,5.883499,2,3,4.25,135,null
"2021-09-18T01:27:46.000Z",45.701757,5.883499,2,3.25,4.75,135,null
"2021-09-18T01:31:46.000Z",45.701757,5.883499,3.75,5.25,6.5,112.5,null
"2021-09-18T01:35:49.000Z",45.701757,5.883499,2.75,5,7,112.5,null
"2021-09-18T01:39:49.000Z",45.701757,5.883499,2.75,4,6.25,112.5,null
"2021-09-18T01:43:49.000Z",45.701757,5.883499,0.25,3,6,135,null
"2021-09-18T01:47:54.000Z",45.701757,5.883499,1.75,4.5,7.75,112.5,null
"2021-09-18T01:51:54.000Z",45.701757,5.883499,1.5,3.25,7.75,112.5,null
"2021-09-18T01:55:54.000Z",45.701757,5.883499,1,3.25,4.75,112.5,null
"2021-09-18T01:59:57.000Z",45.701757,5.883499,1,2.75,4.5,112.5,null
"2021-09-18T02:03:57.000Z",45.701757,5.883499,1.75,3.75,6.25,90,null
"2021-09-18T02:07:57.000Z",45.701757,5.883499,2,4,6,90,null
"2021-09-18T02:12:02.000Z",45.701757,5.883499,1.75,2.75,4.25,112.5,null
"2021-09-18T02:16:02.000Z",45.701757,5.883499,0,0.75,2.5,135,null
"2021-09-18T02:20:02.000Z",45.701757,5.883499,1,2.75,4.5,135,null
"2021-09-18T02:24:06.000Z",45.701757,5.883499,2.5,3.5,5.5,112.5,null
"2021-09-18T02:28:06.000Z",45.701757,5.883499,1.75,3.75,6,112.5,null
"2021-09-18T02:32:06.000Z",45.701757,5.883499,1.5,2.75,5.5,112.5,null
"2021-09-18T02:36:10.000Z",45.701757,5.883499,0.5,2.5,3.75,112.5,null
"2021-09-18T02:40:10.000Z",45.701757,5.883499,1.75,3.5,4.75,112.5,null
"2021-09-18T02:44:10.000Z",45.701757,5.883499,2,3.75,5.5,112.5,null
"2021-09-18T02:48:14.000Z",45.701757,5.883499,0.75,2.75,4.75,112.5,null
"2021-09-18T02:52:14.000Z",45.701757,5.883499,0,1.5,3.5,90,null
"2021-09-18T02:56:14.000Z",45.701757,5.883499,0,1.5,2.75,112.5,null
"2021-09-18T03:00:18.000Z",45.701757,5.883499,1.75,3.5,4.75,90,null
"2021-09-18T03:04:18.000Z",45.701757,5.883499,1.5,3.25,5.5,90,null
"2021-09-18T03:08:18.000Z",45.701757,5.883499,0.25,2,3.5,90,null
"2021-09-18T03:12:22.000Z",45.701757,5.883499,1.5,2.25,3.5,112.5,null
"2021-09-18T03:16:22.000Z",45.701757,5.883499,1.75,2.75,3.75,112.5,null
"2021-09-18T03:20:22.000Z",45.701757,5.883499,0,2.25,3.75,112.5,null
"2021-09-18T03:24:26.000Z",45.701757,5.883499,0.75,3.5,6.25,112.5,null
"2021-09-18T03:28:26.000Z",45.701757,5.883499,0,1.75,4.5,90,null
"2021-09-18T03:32:26.000Z",45.701757,5.883499,0,3.75,6,112.5,null
"2021-09-18T03:36:31.000Z",45.701757,5.883499,1.75,3.25,4.5,157.5,null
"2021-09-18T03:40:31.000Z",45.701757,5.883499,0,1.75,4.5,135,null
"2021-09-18T03:44:31.000Z",45.701757,5.883499,1,2.5,4.5,135,null
"2021-09-18T03:48:34.000Z",45.701757,5.883499,2,3.75,6,135,null
"2021-09-18T03:52:34.000Z",45.701757,5.883499,0,2.75,6,112.5,null
"2021-09-18T03:56:34.000Z",45.701757,5.883499,0,2,5.5,112.5,null
"2021-09-18T04:00:38.000Z",45.701757,5.883499,0.75,4.25,8.25,90,null
"2021-09-18T04:04:38.000Z",45.701757,5.883499,1,3.25,7.25,90,null
"2021-09-18T04:08:38.000Z",45.701757,5.883499,1.5,4.5,7.75,90,null
"2021-09-18T04:12:43.000Z",45.701757,5.883499,0,0.75,2.75,157.5,null
"2021-09-18T04:16:43.000Z",45.701757,5.883499,1.5,3.5,5.5,135,null
"2021-09-18T04:20:43.000Z",45.701757,5.883499,0.75,3.5,5.25,112.5,null
"2021-09-18T04:24:47.000Z",45.701757,5.883499,1,2,3.75,135,null
"2021-09-18T04:28:47.000Z",45.701757,5.883499,1,2.5,4.5,135,null
"2021-09-18T04:32:47.000Z",45.701757,5.883499,1,2.75,4.5,112.5,null
"2021-09-18T04:36:50.000Z",45.701757,5.883499,0,0.25,2,135,null
"2021-09-18T04:40:50.000Z",45.701757,5.883499,0,0.25,2.5,157.5,null
"2021-09-18T04:44:50.000Z",45.701757,5.883499,1.75,3,4.75,135,null
"2021-09-18T04:48:54.000Z",45.701757,5.883499,2.5,4,6,135,null
"2021-09-18T04:52:54.000Z",45.701757,5.883499,0,2.25,4.75,157.5,null
"2021-09-18T04:56:54.000Z",45.701757,5.883499,0,0.25,2.5,135,null
"2021-09-18T05:00:58.000Z",45.701757,5.883499,0,1.75,3.5,112.5,null
"2021-09-18T05:04:58.000Z",45.701757,5.883499,0,3,7.25,112.5,null
"2021-09-18T05:08:58.000Z",45.701757,5.883499,0.25,3.25,5.5,135,null
"2021-09-18T05:13:02.000Z",45.701757,5.883499,0.75,4.5,8.75,112.5,null
"2021-09-18T05:17:02.000Z",45.701757,5.883499,3.75,7.25,12,90,null
"2021-09-18T05:21:02.000Z",45.701757,5.883499,1.75,5.25,9,90,null
"2021-09-18T05:25:07.000Z",45.701757,5.883499,1.5,3.25,5.25,90,null
"2021-09-18T05:29:07.000Z",45.701757,5.883499,1.5,2.75,4.5,135,null
"2021-09-18T05:33:07.000Z",45.701757,5.883499,1,2.5,4.25,135,null
"2021-09-18T05:37:11.000Z",45.701757,5.883499,1.5,3,4.5,135,null
"2021-09-18T05:41:11.000Z",45.701757,5.883499,3.25,4.5,7,135,null
"2021-09-18T05:45:11.000Z",45.701757,5.883499,2.75,5.75,11.5,112.5,null
"2021-09-18T05:49:15.000Z",45.701757,5.883499,3.5,8.5,15,90,null
"2021-09-18T05:53:15.000Z",45.701757,5.883499,4.5,11,17.5,90,null
"2021-09-18T05:57:15.000Z",45.701757,5.883499,5.25,10,15.5,90,null
"2021-09-18T06:01:19.000Z",45.701757,5.883499,3.5,7.75,13,90,null
"2021-09-18T06:05:19.000Z",45.701757,5.883499,2.75,8.25,14.5,90,null
"2021-09-18T06:09:19.000Z",45.701757,5.883499,3.5,8.5,13,90,null
"2021-09-18T06:13:23.000Z",45.701757,5.883499,3.5,6.75,11,90,null
"2021-09-18T06:17:23.000Z",45.701757,5.883499,4.25,7.75,11,90,null
"2021-09-18T06:21:23.000Z",45.701757,5.883499,5.25,8.25,12,90,null
"2021-09-18T06:25:27.000Z",45.701757,5.883499,3.25,8.5,13,90,null
"2021-09-18T06:29:27.000Z",45.701757,5.883499,3.5,8.5,12.5,90,null
"2021-09-18T06:33:27.000Z",45.701757,5.883499,3.75,7,11,90,null
"2021-09-18T06:37:31.000Z",45.701757,5.883499,2.75,5,6.5,90,null
"2021-09-18T06:41:31.000Z",45.701757,5.883499,2.75,5.25,7.75,90,null
"2021-09-18T06:45:31.000Z",45.701757,5.883499,1.75,3.75,7,90,null
"2021-09-18T06:49:35.000Z",45.701757,5.883499,2,3.75,6.5,90,null
"2021-09-18T06:53:35.000Z",45.701757,5.883499,1.75,3.75,6.25,90,null
"2021-09-18T06:57:35.000Z",45.701757,5.883499,1.5,3.75,5.5,90,null
"2021-09-18T07:01:39.000Z",45.701757,5.883499,0.75,3.5,5.5,90,null
"2021-09-18T07:05:39.000Z",45.701757,5.883499,1.75,3.5,5.25,90,null
"2021-09-18T07:09:39.000Z",45.701757,5.883499,0,2,4.75,112.5,null
"2021-09-18T07:13:43.000Z",45.701757,5.883499,0,0.25,1.75,157.5,null
"2021-09-18T07:17:43.000Z",45.701757,5.883499,0,1.75,4.5,90,null
"2021-09-18T07:21:43.000Z",45.701757,5.883499,0,2.5,5.25,90,null
"2021-09-18T07:25:47.000Z",45.701757,5.883499,0,1.5,3.25,67.5,null
"2021-09-18T07:29:47.000Z",45.701757,5.883499,0,0.75,2.5,112.5,null
"2021-09-18T07:33:47.000Z",45.701757,5.883499,0,1,5.5,112.5,null
"2021-09-18T07:37:51.000Z",45.701757,5.883499,0.75,4,8,90,null
"2021-09-18T07:41:51.000Z",45.701757,5.883499,0.75,3.75,8,90,null
"2021-09-18T07:45:51.000Z",45.701757,5.883499,1,4,6.5,90,null
"2021-09-18T07:49:55.000Z",45.701757,5.883499,2,3.5,6,90,null
"2021-09-18T07:53:55.000Z",45.701757,5.883499,2.5,6.25,9.75,90,null
"2021-09-18T07:57:55.000Z",45.701757,5.883499,1.5,5.25,9.75,90,null
"2021-09-18T08:01:59.000Z",45.701757,5.883499,0,0.5,3.75,90,null
"2021-09-18T08:05:59.000Z",45.701757,5.883499,0,3.75,7.75,90,null
"2021-09-18T08:09:59.000Z",45.701757,5.883499,0,0.5,2,22.5,null
"2021-09-18T08:14:03.000Z",45.701757,5.883499,0,3.75,6.5,247.5,null
"2021-09-18T08:18:03.000Z",45.701757,5.883499,3.5,5.5,7.25,247.5,null
"2021-09-18T08:22:03.000Z",45.701757,5.883499,1.75,4.5,6.5,247.5,null
"2021-09-18T08:26:07.000Z",45.701757,5.883499,3.75,5.25,7,247.5,null
"2021-09-18T08:30:07.000Z",45.701757,5.883499,2.5,4,6,247.5,null
"2021-09-18T08:34:07.000Z",45.701757,5.883499,2,3.25,4.5,247.5,null
"2021-09-18T08:38:12.000Z",45.701757,5.883499,1.75,3,5.25,247.5,null
"2021-09-18T08:42:12.000Z",45.701757,5.883499,2.5,3.75,6,270,null
"2021-09-18T08:46:12.000Z",45.701757,5.883499,4.75,7,10.5,247.5,null
"2021-09-18T08:50:15.000Z",45.701757,5.883499,5.5,7.25,9.75,247.5,null
"2021-09-18T08:54:15.000Z",45.701757,5.883499,4.25,6.25,7.75,270,null
"2021-09-18T08:58:15.000Z",45.701757,5.883499,5.25,6.5,8.25,247.5,null
"2021-09-18T09:02:20.000Z",45.701757,5.883499,4.5,6.5,8,225,null
"2021-09-18T09:06:20.000Z",45.701757,5.883499,2.5,4.25,6.25,225,null
"2021-09-18T09:10:20.000Z",45.701757,5.883499,3.25,4.5,5.5,247.5,null
"2021-09-18T09:14:24.000Z",45.701757,5.883499,4.25,5.5,7.25,225,null
"2021-09-18T09:18:24.000Z",45.701757,5.883499,4.75,6.25,7.75,247.5,null
"2021-09-18T09:22:24.000Z",45.701757,5.883499,4.25,5.75,7.25,247.5,null
"2021-09-18T09:26:27.000Z",45.701757,5.883499,5.5,7.5,9.75,247.5,null
"2021-09-18T09:30:27.000Z",45.701757,5.883499,5.5,7.25,9.5,247.5,null
"2021-09-18T09:34:27.000Z",45.701757,5.883499,4.5,5.75,7.75,247.5,null
"2021-09-18T09:38:31.000Z",45.701757,5.883499,4.5,5.5,6.5,247.5,null
"2021-09-18T09:42:31.000Z",45.701757,5.883499,4.75,6.25,8,247.5,null
"2021-09-18T09:46:31.000Z",45.701757,5.883499,5.5,6.75,8,247.5,null
"2021-09-18T09:50:35.000Z",45.701757,5.883499,4.75,6,7.25,247.5,null
"2021-09-18T09:54:35.000Z",45.701757,5.883499,3.5,4.5,5.5,247.5,null
"2021-09-18T09:58:35.000Z",45.701757,5.883499,3.75,5,6,247.5,null
"2021-09-18T10:02:39.000Z",45.701757,5.883499,4.25,5.25,7,270,null
"2021-09-18T10:06:39.000Z",45.701757,5.883499,3.75,4.75,6.25,270,null
"2021-09-18T10:10:39.000Z",45.701757,5.883499,3.5,4.5,6.5,270,null
"2021-09-18T10:14:44.000Z",45.701757,5.883499,3.25,4.25,5.25,270,null
"2021-09-18T10:18:44.000Z",45.701757,5.883499,3.25,4.5,6,270,null
"2021-09-18T10:22:44.000Z",45.701757,5.883499,1.75,3.75,4.75,292.5,null
"2021-09-18T10:26:48.000Z",45.701757,5.883499,2.5,3.5,4.5,292.5,null
"2021-09-18T10:30:48.000Z",45.701757,5.883499,1.5,3.25,4.75,315,null
"2021-09-18T10:34:48.000Z",45.701757,5.883499,2.75,4.25,6,315,null
"2021-09-18T10:38:51.000Z",45.701757,5.883499,3.5,4.75,5.5,292.5,null
"2021-09-18T10:42:51.000Z",45.701757,5.883499,3.75,4.75,6,315,null
"2021-09-18T10:46:51.000Z",45.701757,5.883499,4.25,5.5,6.5,315,null
"2021-09-18T10:50:55.000Z",45.701757,5.883499,3.5,5,6.5,315,null
"2021-09-18T10:54:55.000Z",45.701757,5.883499,2.75,4.75,5.5,337.5,null
"2021-09-18T10:58:55.000Z",45.701757,5.883499,4.75,6,8,315,null
"2021-09-18T11:03:00.000Z",45.701757,5.883499,5.5,7.25,8,315,null
"2021-09-18T11:07:00.000Z",45.701757,5.883499,6.25,7.75,9,337.5,null
"2021-09-18T11:11:00.000Z",45.701757,5.883499,6.5,8,9.5,337.5,null
"2021-09-18T11:15:04.000Z",45.701757,5.883499,7,9.25,11,315,null
"2021-09-18T11:19:04.000Z",45.701757,5.883499,8.25,9.5,11,315,null
"2021-09-18T11:23:04.000Z",45.701757,5.883499,8.25,9.25,10,337.5,null
"2021-09-18T11:27:07.000Z",45.701757,5.883499,7.25,9,10,337.5,null
"2021-09-18T11:31:07.000Z",45.701757,5.883499,7.25,8.75,10,337.5,null
"2021-09-18T11:35:07.000Z",45.701757,5.883499,8,9.75,11,337.5,null
"2021-09-18T11:39:11.000Z",45.701757,5.883499,8,9.75,11.5,337.5,null
"2021-09-18T11:43:11.000Z",45.701757,5.883499,9,10,11,337.5,null
"2021-09-18T11:47:11.000Z",45.701757,5.883499,8,10,11,337.5,null
"2021-09-18T11:51:16.000Z",45.701757,5.883499,8.75,10,11.5,337.5,null
"2021-09-18T11:55:16.000Z",45.701757,5.883499,7.75,9.25,11,337.5,null
"2021-09-18T11:59:16.000Z",45.701757,5.883499,8,9.25,10.5,337.5,null
"2021-09-18T12:03:20.000Z",45.701757,5.883499,7.25,8.75,10,337.5,null
"2021-09-18T12:07:20.000Z",45.701757,5.883499,7,8.5,9.5,337.5,null
"2021-09-18T12:11:20.000Z",45.701757,5.883499,7.25,8.5,9.5,315,null
"2021-09-18T12:15:24.000Z",45.701757,5.883499,6,7.75,8.75,315,null
"2021-09-18T12:19:24.000Z",45.701757,5.883499,5.5,7.5,8.75,315,null
"2021-09-18T12:23:24.000Z",45.701757,5.883499,6.5,8,8.75,315,null
"2021-09-18T12:27:28.000Z",45.701757,5.883499,7.25,8.25,9.75,315,null
"2021-09-18T12:31:28.000Z",45.701757,5.883499,7.75,8.75,9.75,315,null
"2021-09-18T12:35:28.000Z",45.701757,5.883499,6.5,8.5,9.75,315,null
"2021-09-18T12:39:32.000Z",45.701757,5.883499,7.25,8.75,9.75,315,null
"2021-09-18T12:43:32.000Z",45.701757,5.883499,7.75,9.25,11,315,null
"2021-09-18T12:47:32.000Z",45.701757,5.883499,7.75,9.5,10.5,337.5,null
"2021-09-18T12:51:36.000Z",45.701757,5.883499,8,9.75,11,337.5,null
"2021-09-18T12:55:36.000Z",45.701757,5.883499,7,8.75,10.5,337.5,null
"2021-09-18T12:59:36.000Z",45.701757,5.883499,6.5,8,9.5,337.5,null
"2021-09-18T13:03:40.000Z",45.701757,5.883499,6.5,8,8.75,337.5,null
"2021-09-18T13:07:40.000Z",45.701757,5.883499,6.25,8.25,9.5,315,null
"2021-09-18T13:11:40.000Z",45.701757,5.883499,6.25,8,9,315,null
"2021-09-18T13:15:44.000Z",45.701757,5.883499,5.75,7.75,9,315,null
"2021-09-18T13:19:44.000Z",45.701757,5.883499,6,7,8.25,315,null
"2021-09-18T13:23:44.000Z",45.701757,5.883499,5.5,6.5,7.75,315,null
"2021-09-18T13:27:48.000Z",45.701757,5.883499,5.25,6.75,8,315,null
"2021-09-18T13:31:48.000Z",45.701757,5.883499,6.5,8,8.75,315,null
"2021-09-18T13:35:48.000Z",45.701757,5.883499,6.5,8,9,315,null
"2021-09-18T13:39:52.000Z",45.701757,5.883499,6,7.5,9,315,null
"2021-09-18T13:43:52.000Z",45.701757,5.883499,6.25,7.25,8.25,315,null
"2021-09-18T13:47:52.000Z",45.701757,5.883499,5.25,7,8,315,null
"2021-09-18T13:51:57.000Z",45.701757,5.883499,6,7,8,315,null
"2021-09-18T13:55:57.000Z",45.701757,5.883499,6.5,7.5,8.25,315,null
"2021-09-18T13:59:57.000Z",45.701757,5.883499,7.25,8.75,10,315,null
"2021-09-18T14:04:00.000Z",45.701757,5.883499,7,8.25,9.5,337.5,null
"2021-09-18T14:08:00.000Z",45.701757,5.883499,6.5,7.75,8.25,337.5,null
"2021-09-18T14:12:00.000Z",45.701757,5.883499,6.5,7.5,8.75,337.5,null
"2021-09-18T14:16:04.000Z",45.701757,5.883499,6.25,7.5,8.5,337.5,null
"2021-09-18T14:20:04.000Z",45.701757,5.883499,6.5,8,8.75,0,null
"2021-09-18T14:24:04.000Z",45.701757,5.883499,7,8,9,0,null
"2021-09-18T14:28:08.000Z",45.701757,5.883499,7,8.25,9.5,0,null
"2021-09-18T14:32:08.000Z",45.701757,5.883499,7,8.25,9,337.5,null
"2021-09-18T14:36:08.000Z",45.701757,5.883499,7.25,9,10,337.5,null
"2021-09-18T14:40:13.000Z",45.701757,5.883499,6.5,8.25,10,337.5,null
"2021-09-18T14:44:13.000Z",45.701757,5.883499,7.25,9,10,337.5,null
"2021-09-18T14:48:13.000Z",45.701757,5.883499,8.25,9.25,10,337.5,null
"2021-09-18T14:52:17.000Z",45.701757,5.883499,7.25,9,9.75,337.5,null
"2021-09-18T14:56:17.000Z",45.701757,5.883499,6.5,8,9.5,337.5,null
"2021-09-18T15:00:17.000Z",45.701757,5.883499,6.25,8,9,337.5,null
"2021-09-18T15:04:21.000Z",45.701757,5.883499,7,8,9,337.5,null
"2021-09-18T15:08:21.000Z",45.701757,5.883499,5.25,7.75,9,0,null
"2021-09-18T15:12:21.000Z",45.701757,5.883499,6.5,8,9,0,null
"2021-09-18T15:16:24.000Z",45.701757,5.883499,6.25,7.75,8.75,0,null
"2021-09-18T15:20:24.000Z",45.701757,5.883499,6,7,8.25,337.5,null
"2021-09-18T15:24:24.000Z",45.701757,5.883499,5.25,6.5,8,337.5,null
"2021-09-18T15:28:29.000Z",45.701757,5.883499,5.25,6.25,7.25,315,null
"2021-09-18T15:32:29.000Z",45.701757,5.883499,6.5,8,9,315,null
"2021-09-18T15:36:29.000Z",45.701757,5.883499,6.5,8.25,9,315,null
"2021-09-18T15:44:13.000Z",45.701713,5.883498,5.5,6.25,6.5,337.5,null
"2021-09-18T15:48:13.000Z",45.701713,5.883498,6,6.75,7.75,337.5,null
"2021-09-18T15:52:13.000Z",45.701713,5.883498,6.5,7.5,8.25,337.5,null
"2021-09-18T15:56:18.000Z",45.701713,5.883498,5.5,6.25,7.25,337.5,null
"2021-09-18T16:00:18.000Z",45.701713,5.883498,5.25,6,6.5,0,null
"2021-09-18T16:04:18.000Z",45.701713,5.883498,4.5,5.5,6.5,337.5,null
"2021-09-18T16:08:22.000Z",45.701713,5.883498,3.75,4.5,5.25,337.5,null
"2021-09-18T16:12:22.000Z",45.701713,5.883498,3.5,5,6.5,315,null
"2021-09-18T16:16:22.000Z",45.701713,5.883498,3.5,4.25,5.25,315,null
"2021-09-18T16:20:25.000Z",45.701713,5.883498,3.5,4.75,6,292.5,null
"2021-09-18T16:24:25.000Z",45.701713,5.883498,4.75,5.5,7,292.5,null
"2021-09-18T16:28:25.000Z",45.701713,5.883498,5.25,6.25,7.25,292.5,null
"2021-09-18T16:33:18.000Z",45.701713,5.883498,4.25,5.25,6.25,292.5,null
"2021-09-18T16:37:18.000Z",45.701713,5.883498,3.75,4.75,5.5,292.5,null
"2021-09-18T16:41:18.000Z",45.701718,5.883434,4.25,5.25,6.25,292.5,null
"2021-09-18T16:45:22.000Z",45.701718,5.883434,3.5,4.5,5.5,292.5,null
"2021-09-18T16:49:22.000Z",45.701718,5.883434,3.75,4.5,5.25,292.5,null
"2021-09-18T16:53:22.000Z",45.701718,5.883434,3.25,3.75,4.5,292.5,null
"2021-09-18T16:57:26.000Z",45.701718,5.883434,2.75,4,4.75,292.5,null
"2021-09-18T17:01:26.000Z",45.701718,5.883434,2.5,3.5,4.25,315,null
"2021-09-18T17:05:26.000Z",45.701718,5.883434,1.75,2.75,3.5,337.5,null
"2021-09-18T17:09:30.000Z",45.701718,5.883434,1.5,2,2.75,0,null
"2021-09-18T17:13:30.000Z",45.701718,5.883434,1.75,3,4.25,337.5,null
"2021-09-18T17:17:30.000Z",45.701718,5.883434,2.5,3.75,4.75,337.5,null
"2021-09-18T17:21:34.000Z",45.701718,5.883434,2.5,4,4.75,315,null
"2021-09-18T17:25:34.000Z",45.701718,5.883434,2,3.25,4.25,315,null
"2021-09-18T17:29:34.000Z",45.701718,5.883434,2,2.75,3.5,292.5,null
"2021-09-18T17:33:38.000Z",45.701718,5.883434,1.75,2.5,3.25,315,null
"2021-09-18T17:37:38.000Z",45.701718,5.883434,1.75,3,3.75,337.5,null
"2021-09-18T17:41:38.000Z",45.701718,5.883434,0.25,1.75,3.5,22.5,null
"2021-09-18T17:45:42.000Z",45.701718,5.883434,0,0.25,2,45,null
"2021-09-18T17:49:42.000Z",45.701718,5.883434,0.25,2.25,3.5,90,null
"2021-09-18T17:53:42.000Z",45.701718,5.883434,2.5,3.75,5.5,112.5,null
"2021-09-18T17:57:46.000Z",45.701718,5.883434,2,3.5,5.25,90,null
"2021-09-18T18:01:46.000Z",45.701718,5.883434,1.5,2.75,3.5,67.5,null
"2021-09-18T18:05:46.000Z",45.701718,5.883434,2.75,4.25,5.5,90,null
"2021-09-18T18:09:50.000Z",45.701718,5.883434,2,4.5,6.5,90,null
"2021-09-18T18:13:50.000Z",45.701718,5.883434,2.75,6,9,90,null
"2021-09-18T18:17:50.000Z",45.701718,5.883434,2.75,5.25,8,90,null
"2021-09-18T18:21:54.000Z",45.701718,5.883434,2.5,6,9.5,90,null
"2021-09-18T18:25:54.000Z",45.701718,5.883434,3.75,7.75,13,90,null
"2021-09-18T18:29:54.000Z",45.701718,5.883434,3.75,6.5,9.75,90,null
"2021-09-18T18:33:58.000Z",45.701718,5.883434,3.75,5.75,8.25,90,null
"2021-09-18T18:37:58.000Z",45.701718,5.883434,1,3,5.5,90,null
"2021-09-18T18:41:58.000Z",45.701718,5.883434,1,1.75,2.75,90,null
"2021-09-18T18:46:03.000Z",45.701718,5.883434,0,0.25,1.75,67.5,null
"2021-09-18T18:50:03.000Z",45.701718,5.883434,0,0,0,90,null
"2021-09-18T18:54:03.000Z",45.701718,5.883434,0,0,0,90,null
"2021-09-18T18:58:06.000Z",45.701718,5.883434,0,0,0,337.5,null
"2021-09-18T19:02:06.000Z",45.701718,5.883434,0,1.5,5.5,135,null
"2021-09-18T19:06:06.000Z",45.701718,5.883434,2.75,4.75,7,112.5,null
"2021-09-18T19:10:10.000Z",45.701718,5.883434,1,3.75,5.25,90,null
"2021-09-18T19:14:10.000Z",45.701718,5.883434,0,2.25,4.25,90,null
"2021-09-18T19:18:10.000Z",45.701718,5.883434,1.5,3,4.25,112.5,null
"2021-09-18T19:22:15.000Z",45.701718,5.883434,0,2.25,5.25,112.5,null
"2021-09-18T19:26:15.000Z",45.701718,5.883434,1.75,3.75,5.5,112.5,null
"2021-09-18T19:30:15.000Z",45.701718,5.883434,3.25,4.75,7.75,112.5,null
"2021-09-18T19:34:19.000Z",45.701718,5.883434,2.5,4.75,9,90,null
"2021-09-18T19:38:19.000Z",45.701718,5.883434,3.5,5.5,9,90,null
"2021-09-18T19:42:19.000Z",45.701718,5.883434,2.5,5.25,8,112.5,null
"2021-09-18T19:46:22.000Z",45.701718,5.883434,3.75,5.5,8,112.5,null
"2021-09-18T19:50:22.000Z",45.701718,5.883434,0,2.25,6.25,112.5,null
"2021-09-18T19:54:22.000Z",45.701718,5.883434,0,2.25,4.75,90,null
"2021-09-18T19:58:27.000Z",45.701718,5.883434,2.5,4,6,90,null
"2021-09-18T20:02:27.000Z",45.701718,5.883434,1.5,3.5,7,90,null
"2021-09-18T20:06:27.000Z",45.701718,5.883434,2,4.5,7.75,90,null
"2021-09-18T20:10:30.000Z",45.701718,5.883434,2,4,7,112.5,null
"2021-09-18T20:14:30.000Z",45.701718,5.883434,0.25,4.25,8.75,90,null
"2021-09-18T20:18:30.000Z",45.701718,5.883434,2,4.5,7,90,null
"2021-09-18T20:22:35.000Z",45.701718,5.883434,0.75,3.75,6.25,157.5,null
"2021-09-18T20:26:35.000Z",45.701718,5.883434,0,4,7.25,157.5,null
"2021-09-18T20:30:35.000Z",45.701718,5.883434,0,2,4.75,135,null
"2021-09-18T20:34:39.000Z",45.701718,5.883434,1,3.5,8,135,null
"2021-09-18T20:38:39.000Z",45.701718,5.883434,0,2.25,4.25,135,null
"2021-09-18T20:42:39.000Z",45.701718,5.883434,0,1.75,5.5,135,null
"2021-09-18T20:46:43.000Z",45.701718,5.883434,1,3.5,7.25,135,null
"2021-09-18T20:50:43.000Z",45.701718,5.883434,0.25,3.25,7,157.5,null
"2021-09-18T20:54:43.000Z",45.701718,5.883434,0,3,8.75,135,null
"2021-09-18T20:58:47.000Z",45.701718,5.883434,0,1.75,5.25,135,null
"2021-09-18T21:02:47.000Z",45.701718,5.883434,0.25,3.5,6.5,90,null
"2021-09-18T21:06:47.000Z",45.701718,5.883434,3.75,7.25,12,90,null
"2021-09-18T21:10:51.000Z",45.701718,5.883434,4.25,6,8.75,90,null
"2021-09-18T21:14:51.000Z",45.701718,5.883434,5.25,9,12,90,null
"2021-09-18T21:18:51.000Z",45.701718,5.883434,2,6.75,11,90,null
"2021-09-18T21:22:55.000Z",45.701718,5.883434,1,4.25,7.25,67.5,null
"2021-09-18T21:26:55.000Z",45.701718,5.883434,1.5,3.5,6,67.5,null
"2021-09-18T21:30:55.000Z",45.701718,5.883434,0,1.5,4.5,67.5,null
"2021-09-18T21:34:59.000Z",45.701718,5.883434,0,0,0,112.5,null
"2021-09-18T21:38:59.000Z",45.701718,5.883434,0,1,4.75,157.5,null
"2021-09-18T21:42:59.000Z",45.701718,5.883434,1.75,3.25,4.5,157.5,null
"2021-09-18T21:47:03.000Z",45.701718,5.883434,1.5,3,4.25,112.5,null
"2021-09-18T21:51:03.000Z",45.701718,5.883434,1,2,3.75,112.5,null
"2021-09-18T21:55:03.000Z",45.701718,5.883434,1.5,3,4.75,90,null
"2021-09-18T21:59:07.000Z",45.701718,5.883434,0.75,3.75,5.25,135,null
"2021-09-18T22:03:07.000Z",45.701718,5.883434,1,3.5,6,135,null
"2021-09-18T22:07:07.000Z",45.701718,5.883434,0.75,3.5,7.25,112.5,null
"2021-09-18T22:11:11.000Z",45.701718,5.883434,0,2.25,7,112.5,null
"2021-09-18T22:15:11.000Z",45.701718,5.883434,0,3,6.5,112.5,null
"2021-09-18T22:19:11.000Z",45.701718,5.883434,0,1.25,3.25,135,null
"2021-09-18T22:23:15.000Z",45.701718,5.883434,0.25,3,5.5,180,null
"2021-09-18T22:27:15.000Z",45.701718,5.883434,0.75,3.5,7,180,null
"2021-09-18T22:31:15.000Z",45.701718,5.883434,2,5.75,9,225,null
"2021-09-18T22:35:19.000Z",45.701718,5.883434,4.75,13.5,35,247.5,null
"2021-09-18T22:39:19.000Z",45.701718,5.883434,29,44,56,247.5,null
"2021-09-18T22:43:19.000Z",45.701718,5.883434,29,39,58,247.5,null
"2021-09-18T22:47:23.000Z",45.701718,5.883434,15.5,35,50.5,270,null
"2021-09-18T22:51:23.000Z",45.701718,5.883434,30,40,55.5,270,null
"2021-09-18T22:55:23.000Z",45.701718,5.883434,29.5,46.5,60.5,270,null
"2021-09-18T22:59:27.000Z",45.701718,5.883434,38.5,50.5,61,270,null
"2021-09-18T23:03:27.000Z",45.701718,5.883434,34,48.5,58,270,null
"2021-09-18T23:07:27.000Z",45.701718,5.883434,36.5,46,57.5,270,null
"2021-09-18T23:11:32.000Z",45.701718,5.883434,34,47.5,59.5,270,null
"2021-09-18T23:15:32.000Z",45.701718,5.883434,32.5,46,58.5,270,null
"2021-09-18T23:19:32.000Z",45.701718,5.883434,30.5,43.5,56.5,270,null
"2021-09-18T23:23:35.000Z",45.701718,5.883434,25.5,39,54.5,247.5,null
"2021-09-18T23:27:35.000Z",45.701718,5.883434,26,42,54.5,247.5,null
"2021-09-18T23:31:35.000Z",45.701718,5.883434,27,40.5,51,247.5,null
"2021-09-18T23:35:39.000Z",45.701718,5.883434,30.5,41.5,54,247.5,null
"2021-09-18T23:39:39.000Z",45.701718,5.883434,16,38.5,56,247.5,null
"2021-09-18T23:43:39.000Z",45.701718,5.883434,21,36.5,52,247.5,null
"2021-09-18T23:47:43.000Z",45.701718,5.883434,27.5,40,51.5,247.5,null
"2021-09-18T23:51:43.000Z",45.701718,5.883434,30.5,39,48.5,247.5,null
"2021-09-18T23:55:43.000Z",45.701718,5.883434,11.5,30.5,45.5,270,null
"2021-09-18T23:59:47.000Z",45.701718,5.883434,21,34.5,48,270,null
"2021-09-19T00:03:47.000Z",45.701718,5.883434,16,32,50.5,247.5,null
"2021-09-19T00:07:47.000Z",45.701718,5.883434,21.5,36,47.5,270,null
"2021-09-19T00:11:52.000Z",45.701718,5.883434,24.5,35.5,46.5,270,null
"2021-09-19T00:15:52.000Z",45.701718,5.883434,24.5,37.5,51.5,270,null
"2021-09-19T00:19:52.000Z",45.701718,5.883434,26,39,50,270,null
"2021-09-19T00:23:55.000Z",45.701718,5.883434,26.5,39,50,270,null
"2021-09-19T00:27:55.000Z",45.701718,5.883434,27,38.5,51.5,270,null
"2021-09-19T00:31:55.000Z",45.701718,5.883434,22.5,40,50.5,247.5,null
"2021-09-19T00:35:59.000Z",45.701718,5.883434,15.5,34.5,54,247.5,null
"2021-09-19T00:39:59.000Z",45.701718,5.883434,19,26.5,38.5,247.5,null
"2021-09-19T00:43:59.000Z",45.701718,5.883434,4.5,23,58.5,270,null
"2021-09-19T00:48:03.000Z",45.701718,5.883434,1.5,13,26,270,null
"2021-09-19T00:52:03.000Z",45.701718,5.883434,2.75,10.5,17.5,247.5,null
"2021-09-19T00:56:03.000Z",45.701718,5.883434,0,14,28,202.5,null
"2021-09-19T01:00:08.000Z",45.701718,5.883434,5.25,19.5,35,202.5,null
"2021-09-19T01:04:08.000Z",45.701718,5.883434,0.25,10.5,26.5,157.5,null
"2021-09-19T01:08:08.000Z",45.701718,5.883434,2.5,7.75,17,180,null
"2021-09-19T01:12:12.000Z",45.701718,5.883434,0.75,3.75,11,157.5,null
"2021-09-19T01:16:12.000Z",45.701718,5.883434,1,5.25,15,157.5,null
"2021-09-19T01:20:12.000Z",45.701718,5.883434,1.5,5.75,10,180,null
"2021-09-19T01:24:16.000Z",45.701718,5.883434,0,3.25,8.25,112.5,null
"2021-09-19T01:28:16.000Z",45.701718,5.883434,2,5.5,9.5,135,null
"2021-09-19T01:32:16.000Z",45.701718,5.883434,2.5,6.5,14,90,null
"2021-09-19T01:36:19.000Z",45.701718,5.883434,0,3.5,7,45,null
"2021-09-19T01:40:19.000Z",45.701718,5.883434,0,3.75,16.5,112.5,null
"2021-09-19T01:44:19.000Z",45.701718,5.883434,0,1.75,8,90,null
"2021-09-19T01:48:24.000Z",45.701718,5.883434,0.5,5.75,13,247.5,null
"2021-09-19T01:52:24.000Z",45.701718,5.883434,3.5,14,22.5,202.5,null
"2021-09-19T01:56:24.000Z",45.701718,5.883434,0,7.5,14.5,180,null
"2021-09-19T02:00:28.000Z",45.701718,5.883434,2,7.25,14.5,157.5,null
"2021-09-19T02:04:28.000Z",45.701718,5.883434,1,8.5,16,157.5,null
"2021-09-19T02:08:28.000Z",45.701718,5.883434,1.75,9,17,180,null
"2021-09-19T02:12:32.000Z",45.701718,5.883434,1.75,8.75,16,157.5,null
"2021-09-19T02:16:32.000Z",45.701718,5.883434,2,6.25,11,157.5,null
"2021-09-19T02:20:32.000Z",45.701718,5.883434,0,3.75,9,112.5,null
"2021-09-19T02:24:36.000Z",45.701718,5.883434,1.5,4.75,8,135,null
"2021-09-19T02:28:36.000Z",45.701718,5.883434,1.5,4.75,7.25,90,null
"2021-09-19T02:32:36.000Z",45.701718,5.883434,0.75,4,8.75,157.5,null
"2021-09-19T02:36:40.000Z",45.701718,5.883434,0,1.75,6,157.5,null
"2021-09-19T02:40:40.000Z",45.701718,5.883434,0,1.75,4.75,112.5,null
"2021-09-19T02:44:40.000Z",45.701718,5.883434,0.25,3,6.5,90,null
"2021-09-19T02:48:44.000Z",45.701718,5.883434,1.75,4.5,8.75,90,null
"2021-09-19T02:52:44.000Z",45.701718,5.883434,0.25,3.5,8,90,null
"2021-09-19T02:56:44.000Z",45.701718,5.883434,0,2.25,9,135,null
"2021-09-19T03:00:48.000Z",45.701718,5.883434,0,1.25,5.5,135,null
"2021-09-19T03:04:48.000Z",45.701718,5.883434,0.75,3.5,6.5,157.5,null
"2021-09-19T03:08:48.000Z",45.701718,5.883434,0.75,4.75,11.5,157.5,null
"2021-09-19T03:12:52.000Z",45.701718,5.883434,2.5,7.75,15.5,157.5,null
"2021-09-19T03:16:52.000Z",45.701718,5.883434,1.75,7,13.5,180,null
"2021-09-19T03:20:52.000Z",45.701718,5.883434,0,7,14.5,180,null
"2021-09-19T03:24:56.000Z",45.701718,5.883434,1,8.5,16.5,202.5,null
"2021-09-19T03:28:56.000Z",45.701718,5.883434,5.5,13,21,180,null
"2021-09-19T03:32:56.000Z",45.701718,5.883434,4.25,15,23,202.5,null
"2021-09-19T03:37:01.000Z",45.701718,5.883434,5.5,16,26,202.5,null
"2021-09-19T03:41:01.000Z",45.701718,5.883434,8,18.5,28,202.5,null
"2021-09-19T03:45:01.000Z",45.701718,5.883434,7,18,28,202.5,null
"2021-09-19T03:49:04.000Z",45.701718,5.883434,14,27,35,202.5,null
"2021-09-19T03:53:04.000Z",45.701718,5.883434,12.5,28,34,202.5,null
"2021-09-19T03:57:04.000Z",45.701718,5.883434,7,25.5,40.5,202.5,null
"2021-09-19T04:01:08.000Z",45.701718,5.883434,4.75,18.5,34.5,202.5,null
"2021-09-19T04:05:08.000Z",45.701718,5.883434,6,20,34,202.5,null
"2021-09-19T04:09:08.000Z",45.701718,5.883434,5.5,16,28,202.5,null
"2021-09-19T04:13:13.000Z",45.701718,5.883434,4.5,19,31.5,202.5,null
"2021-09-19T04:17:13.000Z",45.701718,5.883434,12.5,26.5,38.5,202.5,null
"2021-09-19T04:21:13.000Z",45.701718,5.883434,11,26,38.5,202.5,null
"2021-09-19T04:25:16.000Z",45.701718,5.883434,4.25,27,40.5,202.5,null
"2021-09-19T04:29:16.000Z",45.701718,5.883434,17.5,29,37,202.5,null
"2021-09-19T04:33:16.000Z",45.701718,5.883434,11,24.5,35,202.5,null
"2021-09-19T04:37:21.000Z",45.701718,5.883434,12,26.5,32.5,225,null
"2021-09-19T04:41:21.000Z",45.701718,5.883434,6.5,20.5,30,202.5,null
"2021-09-19T04:45:21.000Z",45.701718,5.883434,4.25,16,28,202.5,null
"2021-09-19T04:49:24.000Z",45.701718,5.883434,3.75,13.5,22.5,202.5,null
"2021-09-19T04:53:24.000Z",45.701718,5.883434,3.75,15.5,23.5,180,null
"2021-09-19T04:57:24.000Z",45.701718,5.883434,4.5,14,22,180,null
"2021-09-19T05:01:29.000Z",45.701718,5.883434,1,9.5,19,157.5,null
"2021-09-19T05:05:29.000Z",45.701718,5.883434,2.75,8.25,15,157.5,null
"2021-09-19T05:09:29.000Z",45.701718,5.883434,1.5,6.5,13,157.5,null
"2021-09-19T05:13:33.000Z",45.701718,5.883434,1.5,6.5,14.5,157.5,null
"2021-09-19T05:17:33.000Z",45.701718,5.883434,1.5,6.75,11,157.5,null
"2021-09-19T05:21:33.000Z",45.701718,5.883434,0,4,8,157.5,null
"2021-09-19T05:25:37.000Z",45.701718,5.883434,0,3.25,8.25,157.5,null
"2021-09-19T05:29:37.000Z",45.701718,5.883434,0,2.25,4.25,112.5,null
"2021-09-19T05:33:37.000Z",45.701718,5.883434,0,3.5,9.75,112.5,null
"2021-09-19T05:37:40.000Z",45.701718,5.883434,1.75,4,9.75,135,null
"2021-09-19T05:41:40.000Z",45.701718,5.883434,1,3.75,7.25,135,null
"2021-09-19T05:45:40.000Z",45.701718,5.883434,0,1.75,6.25,135,null
"2021-09-19T05:49:45.000Z",45.701718,5.883434,0,3.25,8,112.5,null
"2021-09-19T05:53:45.000Z",45.701718,5.883434,1,3.5,7,112.5,null
"2021-09-19T05:57:45.000Z",45.701718,5.883434,0,2.5,6.5,157.5,null
"2021-09-19T06:01:49.000Z",45.701718,5.883434,0,2.25,6.25,112.5,null
"2021-09-19T06:05:49.000Z",45.701718,5.883434,0,3,7.75,157.5,null
"2021-09-19T06:09:49.000Z",45.701718,5.883434,2.5,6.25,13,180,null
"2021-09-19T06:13:53.000Z",45.701718,5.883434,2,6.25,13,180,null
"2021-09-19T06:17:53.000Z",45.701718,5.883434,0.75,5.75,14,180,null
"2021-09-19T06:21:53.000Z",45.701718,5.883434,0.75,5.25,10.5,157.5,null
"2021-09-19T06:25:57.000Z",45.701718,5.883434,0,1.5,4.75,157.5,null
"2021-09-19T06:29:57.000Z",45.701718,5.883434,1.5,4.5,7,157.5,null
"2021-09-19T06:33:57.000Z",45.701718,5.883434,0,2,4.75,112.5,null
"2021-09-19T06:38:00.000Z",45.701718,5.883434,0,3.75,8.25,157.5,null
"2021-09-19T06:42:00.000Z",45.701718,5.883434,0,4.75,12,180,null
"2021-09-19T06:46:00.000Z",45.701718,5.883434,0,5.25,13,180,null
"2021-09-19T06:50:05.000Z",45.701718,5.883434,1,6.75,13,180,null
"2021-09-19T06:54:05.000Z",45.701718,5.883434,2,7.75,13,180,null
"2021-09-19T06:58:05.000Z",45.701718,5.883434,2.75,9.5,17.5,180,null
"2021-09-19T07:02:09.000Z",45.701718,5.883434,3.25,10.5,19.5,180,null
"2021-09-19T07:06:09.000Z",45.701718,5.883434,1.75,11,17,180,null
"2021-09-19T07:10:09.000Z",45.701718,5.883434,2,9.5,17.5,180,null
"2021-09-19T07:14:13.000Z",45.701718,5.883434,3.25,8.25,13,180,null
"2021-09-19T07:18:13.000Z",45.701718,5.883434,1.5,8.25,16.5,202.5,null
"2021-09-19T07:22:13.000Z",45.701718,5.883434,2.5,9.25,16,202.5,null
"2021-09-19T07:26:17.000Z",45.701718,5.883434,0.75,8,14,180,null
"2021-09-19T07:30:17.000Z",45.701718,5.883434,2.75,8.5,14.5,202.5,null
"2021-09-19T07:34:17.000Z",45.701718,5.883434,5.5,11.5,15,225,null
"2021-09-19T07:38:21.000Z",45.701718,5.883434,2.5,7.75,13,202.5,null
"2021-09-19T07:42:21.000Z",45.701718,5.883434,1.75,9.25,15.5,202.5,null
"2021-09-19T07:46:21.000Z",45.701718,5.883434,4.75,11,15,202.5,null
"2021-09-19T07:50:25.000Z",45.701718,5.883434,4.5,11,16.5,202.5,null
"2021-09-19T07:54:25.000Z",45.701718,5.883434,2,9.5,15,202.5,null
"2021-09-19T07:58:25.000Z",45.701718,5.883434,3.75,12,16.5,225,null
"2021-09-19T08:02:29.000Z",45.701718,5.883434,2,7.25,10,202.5,null
"2021-09-19T08:06:29.000Z",45.701718,5.883434,1.5,6,10,202.5,null
"2021-09-19T08:10:29.000Z",45.701718,5.883434,0.75,7.5,13,202.5,null
"2021-09-19T08:14:33.000Z",45.701718,5.883434,3.75,7.5,11.5,202.5,null
"2021-09-19T08:18:33.000Z",45.701718,5.883434,1.75,6.5,10.5,202.5,null
"2021-09-19T08:22:33.000Z",45.701718,5.883434,1.5,7,11,202.5,null
"2021-09-19T08:26:37.000Z",45.701718,5.883434,2.5,10,15.5,202.5,null
"2021-09-19T08:30:37.000Z",45.701718,5.883434,11.5,14.5,18.5,225,null
"2021-09-19T08:34:37.000Z",45.701718,5.883434,6,11,15.5,225,null
"2021-09-19T08:38:42.000Z",45.701718,5.883434,3.5,11.5,16,202.5,null
"2021-09-19T08:42:42.000Z",45.701718,5.883434,9.75,13,15.5,225,null
"2021-09-19T08:46:42.000Z",45.701718,5.883434,10.5,13.5,17,225,null
"2021-09-19T08:50:45.000Z",45.701718,5.883434,13,25.5,61.5,270,null
"2021-09-19T08:54:45.000Z",45.701718,5.883434,2.5,14,40.5,270,null
"2021-09-19T08:58:45.000Z",45.701718,5.883434,8.75,26,51.5,247.5,null
"2021-09-19T09:02:50.000Z",45.701718,5.883434,12.5,24,39.5,270,null
"2021-09-19T09:06:50.000Z",45.701718,5.883434,23.5,33.5,44,247.5,null
"2021-09-19T09:10:50.000Z",45.701718,5.883434,8.75,25,35,247.5,null
"2021-09-19T09:14:53.000Z",45.701718,5.883434,16.5,25.5,41,247.5,null
"2021-09-19T09:18:53.000Z",45.701718,5.883434,16.5,27.5,37.5,247.5,null
"2021-09-19T09:22:53.000Z",45.701718,5.883434,7.75,19.5,32.5,270,null
"2021-09-19T09:26:58.000Z",45.701718,5.883434,4.5,17,32.5,292.5,null
"2021-09-19T09:30:58.000Z",45.701718,5.883434,6.5,17.5,31.5,292.5,null
"2021-09-19T09:34:58.000Z",45.701718,5.883434,8.25,19,29.5,270,null
"2021-09-19T09:39:02.000Z",45.701718,5.883434,10.5,17,32,270,null
"2021-09-19T09:43:02.000Z",45.701718,5.883434,0.25,9.25,20,247.5,null
"2021-09-19T09:47:02.000Z",45.701718,5.883434,3.5,10.5,21.5,247.5,null
"2021-09-19T09:51:05.000Z",45.701718,5.883434,0,5.25,11,247.5,null
"2021-09-19T09:55:05.000Z",45.701718,5.883434,1,4.75,9,315,null
"2021-09-19T09:59:05.000Z",45.701718,5.883434,1,4.75,8,90,null
"2021-09-19T10:03:10.000Z",45.701718,5.883434,0,6.75,23.5,225,null
"2021-09-19T10:07:10.000Z",45.701718,5.883434,0.25,4.25,10.5,292.5,null
"2021-09-19T10:11:10.000Z",45.701718,5.883434,0,2.5,6,270,null
"2021-09-19T10:15:13.000Z",45.701718,5.883434,0,4.75,13,202.5,null
"2021-09-19T10:19:13.000Z",45.701718,5.883434,0,9.75,23.5,202.5,null
"2021-09-19T10:23:13.000Z",45.701718,5.883434,5.5,13.5,24,225,null
"2021-09-19T10:27:17.000Z",45.701718,5.883434,1,5.75,16.5,247.5,null
"2021-09-19T10:31:17.000Z",45.701718,5.883434,0,3.5,10.5,180,null
"2021-09-19T10:35:17.000Z",45.701718,5.883434,0.75,4.5,8.25,225,null
"2021-09-19T10:39:22.000Z",45.701718,5.883434,1.5,3,4.75,135,null
"2021-09-19T10:43:22.000Z",45.701718,5.883434,0,2.75,4.5,90,null
"2021-09-19T10:47:22.000Z",45.701718,5.883434,1.5,3,4.5,67.5,null
"2021-09-19T10:51:26.000Z",45.701718,5.883434,0.75,2.5,4.25,157.5,null
"2021-09-19T10:55:26.000Z",45.701718,5.883434,0.25,5.25,9,202.5,null
"2021-09-19T10:59:26.000Z",45.701718,5.883434,1.75,5.5,9.75,202.5,null
"2021-09-19T11:03:30.000Z",45.701718,5.883434,3.25,7,12,202.5,null
"2021-09-19T11:07:30.000Z",45.701718,5.883434,1,8.5,13,202.5,null
"2021-09-19T11:11:30.000Z",45.701718,5.883434,0,5,12.5,202.5,null
"2021-09-19T11:15:33.000Z",45.701718,5.883434,5.25,11.5,18.5,202.5,null
"2021-09-19T11:19:33.000Z",45.701718,5.883434,6,13,18,225,null
"2021-09-19T11:23:33.000Z",45.701718,5.883434,8,12.5,16.5,225,null
"2021-09-19T11:27:38.000Z",45.701718,5.883434,11,15,19.5,225,null
"2021-09-19T11:31:38.000Z",45.701718,5.883434,12.5,16,20.5,225,null
"2021-09-19T11:35:38.000Z",45.701718,5.883434,7.75,15,21,247.5,null
"2021-09-19T11:39:42.000Z",45.701718,5.883434,0.25,9.25,14.5,247.5,null
"2021-09-19T11:43:42.000Z",45.701718,5.883434,0,8,18,202.5,null
"2021-09-19T11:47:42.000Z",45.701718,5.883434,1,8,13.5,202.5,null
"2021-09-19T11:51:46.000Z",45.701718,5.883434,3.75,9.25,15.5,202.5,null
"2021-09-19T11:55:46.000Z",45.701718,5.883434,6.25,13.5,19,225,null
"2021-09-19T11:59:46.000Z",45.701718,5.883434,8,13.5,17,225,null
"2021-09-19T12:03:50.000Z",45.701718,5.883434,6.5,12,18,225,null
"2021-09-19T12:07:50.000Z",45.701718,5.883434,1.5,5.25,10.5,202.5,null
"2021-09-19T12:11:50.000Z",45.701718,5.883434,0.25,4.75,9,202.5,null
"2021-09-19T12:15:54.000Z",45.701718,5.883434,0,3.5,7,157.5,null
"2021-09-19T12:19:54.000Z",45.701718,5.883434,0,3.75,8.25,180,null
"2021-09-19T12:23:54.000Z",45.701718,5.883434,0.75,2.25,6,157.5,null
"2021-09-19T12:27:58.000Z",45.701718,5.883434,3.5,6.5,9.75,180,null
"2021-09-19T12:31:58.000Z",45.701718,5.883434,0.75,7,13,202.5,null
"2021-09-19T12:35:58.000Z",45.701718,5.883434,2.5,9.75,14.5,180,null
"2021-09-19T12:40:03.000Z",45.701718,5.883434,3.25,8.75,14,202.5,null
"2021-09-19T12:44:03.000Z",45.701718,5.883434,2,8.25,15.5,180,null
"2021-09-19T12:48:03.000Z",45.701718,5.883434,1,6.75,13,180,null
"2021-09-19T12:52:07.000Z",45.701718,5.883434,1.75,9.5,16.5,202.5,null
"2021-09-19T12:56:07.000Z",45.701718,5.883434,8.25,14,20,225,null
"2021-09-19T13:00:07.000Z",45.701718,5.883434,1,11.5,18,202.5,null
"2021-09-19T13:04:11.000Z",45.701718,5.883434,2.75,8.75,14.5,202.5,null
"2021-09-19T13:08:11.000Z",45.701718,5.883434,2.5,8.5,15.5,180,null
"2021-09-19T13:12:11.000Z",45.701718,5.883434,1.5,8.75,16.5,180,null
"2021-09-19T13:16:15.000Z",45.701718,5.883434,2.75,10.5,17.5,202.5,null
"2021-09-19T13:20:15.000Z",45.701718,5.883434,2.75,11,19.5,202.5,null
"2021-09-19T13:24:15.000Z",45.701718,5.883434,3.75,11.5,20.5,202.5,null
"2021-09-19T13:28:18.000Z",45.701718,5.883434,2.5,8.75,17.5,202.5,null
"2021-09-19T13:32:18.000Z",45.701718,5.883434,2.75,10.5,18.5,202.5,null
"2021-09-19T13:36:18.000Z",45.701718,5.883434,2.5,11.5,17,202.5,null
"2021-09-19T13:40:23.000Z",45.701718,5.883434,3.25,10.5,20,202.5,null
"2021-09-19T13:44:23.000Z",45.701718,5.883434,1.75,10.5,16,202.5,null
"2021-09-19T13:48:23.000Z",45.701718,5.883434,2.75,9.75,16,202.5,null
"2021-09-19T13:52:27.000Z",45.701718,5.883434,3.5,9.25,15,180,null
"2021-09-19T13:56:27.000Z",45.701718,5.883434,0.25,8.25,14.5,180,null
"2021-09-19T14:00:27.000Z",45.701718,5.883434,0,7.75,16,180,null
"2021-09-19T14:04:30.000Z",45.701718,5.883434,0,8.5,14,180,null
"2021-09-19T14:08:30.000Z",45.701718,5.883434,5.5,12.5,15.5,202.5,null
"2021-09-19T14:12:30.000Z",45.701718,5.883434,4.5,11,15,202.5,null
"2021-09-19T14:16:35.000Z",45.701718,5.883434,4.5,9.25,14,202.5,null
"2021-09-19T14:20:35.000Z",45.701718,5.883434,2.5,10.5,15.5,202.5,null
"2021-09-19T14:24:35.000Z",45.701718,5.883434,3.5,11,16.5,202.5,null
"2021-09-19T14:28:39.000Z",45.701718,5.883434,1.5,10,15.5,202.5,null
"2021-09-19T14:32:39.000Z",45.701718,5.883434,3.75,9.75,14.5,202.5,null
"2021-09-19T14:36:39.000Z",45.701718,5.883434,3.5,11.5,18,202.5,null
"2021-09-19T14:40:43.000Z",45.701718,5.883434,4.25,10,15,202.5,null
"2021-09-19T14:44:43.000Z",45.701718,5.883434,5.5,13,18,202.5,null
"2021-09-19T14:48:43.000Z",45.701718,5.883434,8.25,14,18,225,null
"2021-09-19T14:52:47.000Z",45.701718,5.883434,3.75,12,16.5,202.5,null
"2021-09-19T14:56:47.000Z",45.701718,5.883434,5.25,14.5,20,202.5,null
"2021-09-19T15:00:47.000Z",45.701718,5.883434,8,16.5,21.5,225,null
"2021-09-19T15:04:51.000Z",45.701718,5.883434,7.75,16,21.5,225,null
"2021-09-19T15:08:51.000Z",45.701718,5.883434,11,16.5,19.5,225,null
"2021-09-19T15:12:51.000Z",45.701718,5.883434,6,13,17,202.5,null
"2021-09-19T15:16:55.000Z",45.701718,5.883434,9.5,15,19.5,202.5,null
"2021-09-19T15:20:55.000Z",45.701718,5.883434,10,15.5,19,225,null
"2021-09-19T15:24:55.000Z",45.701718,5.883434,8.75,14.5,18,202.5,null
"2021-09-19T15:28:59.000Z",45.701718,5.883434,6.25,13.5,17.5,202.5,null
"2021-09-19T15:32:59.000Z",45.701718,5.883434,7.25,13,17.5,225,null
"2021-09-19T15:36:59.000Z",45.701718,5.883434,12,14.5,18.5,225,null
"2021-09-23T12:46:43.000Z",45.701808,5.883512,0,0.25,2.75,202.5,null
"2021-09-23T12:50:43.000Z",45.701808,5.883512,0,0,0,112.5,null
"2021-09-23T12:54:43.000Z",45.701808,5.883512,0,0,0.25,22.5,null
"2021-09-23T13:56:44.000Z",45.715386,5.894727,0,0.5,2,67.5,null
"2021-09-23T14:00:44.000Z",45.715386,5.894727,0,0.75,3.5,315,null
"2021-09-23T14:04:44.000Z",45.715386,5.894727,0,2,6.25,270,null
"2021-09-23T14:08:49.000Z",45.715386,5.894727,0,2,7.25,247.5,null
"2021-09-23T14:12:49.000Z",45.715386,5.894727,0,1.75,14,225,null
"2021-09-23T14:16:49.000Z",45.715386,5.894727,6.5,11.5,14,202.5,null
"2021-09-23T14:20:52.000Z",45.715386,5.894727,3.75,9.5,13,202.5,null
"2021-09-23T14:24:52.000Z",45.715386,5.894727,3.5,10.5,14,225,null
"2021-09-23T14:28:52.000Z",45.715386,5.894727,6.5,11.5,13.5,225,null
"2021-09-23T14:32:57.000Z",45.715386,5.894727,0.25,9.5,13.5,225,null
"2021-09-23T14:36:57.000Z",45.715386,5.894727,0,3.5,13,202.5,null
"2021-09-23T14:40:57.000Z",45.715386,5.894727,0,0.75,3.75,67.5,null
"2021-09-23T14:45:47.000Z",45.715386,5.894727,0,1.75,5.25,270,null
"2021-09-23T14:49:47.000Z",45.715386,5.894727,0,0.5,3.25,270,null
"2021-09-23T14:53:47.000Z",45.71537,5.894758,0,0.25,3,247.5,null
"2021-09-23T14:57:50.000Z",45.71537,5.894758,0,0.5,3.5,270,null
"2021-09-23T15:01:50.000Z",45.71537,5.894758,0,1.5,6.25,247.5,null
"2021-09-23T15:05:50.000Z",45.71537,5.894758,0,0.5,2.75,270,null
"2021-09-23T15:09:55.000Z",45.71537,5.894758,0,2.75,9,270,null
"2021-09-23T15:13:55.000Z",45.71537,5.894758,0,1,3.25,270,null
"2021-09-23T15:17:55.000Z",45.71537,5.894758,0,1.25,4.5,270,null
"2021-09-23T15:21:59.000Z",45.71537,5.894758,0,0.5,3.75,270,null
"2021-09-23T15:25:59.000Z",45.71537,5.894758,0,1.25,5.25,270,null
"2021-09-23T15:29:59.000Z",45.71537,5.894758,0,1,3.75,270,null
"2021-09-23T15:34:03.000Z",45.71537,5.894758,0,1.75,4.25,270,null
"2021-09-23T15:38:03.000Z",45.71537,5.894758,0,0,0.75,247.5,null
"2021-09-23T15:42:03.000Z",45.71537,5.894758,0,0,0.75,135,null
"2021-09-23T16:18:14.000Z",45.701636,5.883534,2.75,4,5.5,315,null
"2021-09-23T16:22:14.000Z",45.701636,5.883534,0,2,3.75,315,null
"2021-09-23T16:26:14.000Z",45.701636,5.883534,0,1.25,2.75,22.5,null
"2021-09-23T16:30:18.000Z",45.701636,5.883534,0,5,9,292.5,null
"2021-09-23T16:34:18.000Z",45.701636,5.883534,2,3.5,5.25,0,null
"2021-09-23T16:38:18.000Z",45.701636,5.883534,0.25,2.75,5.5,0,null
"2021-09-23T16:42:22.000Z",45.701636,5.883534,3.75,5.5,7.75,337.5,null
"2021-09-23T16:46:22.000Z",45.701636,5.883534,0,3,9,247.5,null
"2021-09-23T16:50:22.000Z",45.701636,5.883534,0.25,3.5,9,180,null
"2021-09-23T16:54:25.000Z",45.701636,5.883534,1.75,3.25,4.75,135,null
"2021-09-23T16:58:25.000Z",45.701636,5.883534,0,4.5,8.75,225,null
"2021-09-23T17:02:25.000Z",45.701636,5.883534,0,1.5,5.5,225,null
"2021-09-23T17:07:10.000Z",45.701636,5.883534,0,2,4.25,270,null
"2021-09-23T17:11:10.000Z",45.701636,5.883534,1,3.5,5.5,292.5,null
"2021-09-23T17:15:10.000Z",45.701731,5.8834,1.75,3.5,4.75,315,null
"2021-09-23T17:19:14.000Z",45.701731,5.8834,1.5,2.75,4.5,315,null
"2021-09-23T17:23:14.000Z",45.701731,5.8834,2.5,4.5,7,337.5,null
"2021-09-23T17:27:14.000Z",45.701731,5.8834,0.75,2.75,4.5,315,null
"2021-09-23T17:31:18.000Z",45.701731,5.8834,1.5,3,4.25,315,null
"2021-09-23T17:35:18.000Z",45.701731,5.8834,0,0.75,2,45,null
"2021-09-23T17:39:18.000Z",45.701731,5.8834,0,1,2.75,112.5,null
"2021-09-23T17:43:22.000Z",45.701731,5.8834,0,0,0,157.5,null
"2021-09-23T17:47:22.000Z",45.701731,5.8834,0,0.5,2.75,112.5,null
"2021-09-23T17:51:22.000Z",45.701731,5.8834,1.5,3,4.25,90,null
"2021-09-23T17:55:26.000Z",45.701731,5.8834,0.25,2,3.5,112.5,null
"2021-09-23T17:59:26.000Z",45.701731,5.8834,0,1,4.25,202.5,null
"2021-09-23T18:03:26.000Z",45.701731,5.8834,1.5,3.25,6.25,135,null
"2021-09-23T18:07:31.000Z",45.701731,5.8834,1.5,3.25,5.25,90,null
"2021-09-23T18:11:31.000Z",45.701731,5.8834,0,1.75,4.5,157.5,null
"2021-09-23T18:15:31.000Z",45.701731,5.8834,1.75,3,4.75,135,null
"2021-09-23T18:19:34.000Z",45.701731,5.8834,1,2.5,4.5,135,null
"2021-09-23T18:23:34.000Z",45.701731,5.8834,1.75,3,4.75,157.5,null
"2021-09-23T18:27:34.000Z",45.701731,5.8834,2,4.25,7.75,180,null
"2021-09-23T18:31:38.000Z",45.701731,5.8834,3.25,6.25,9.75,157.5,null
"2021-09-23T18:35:38.000Z",45.701731,5.8834,1,3.5,8,135,null
"2021-09-23T18:39:38.000Z",45.701731,5.8834,0,2.75,9.5,135,null
"2021-09-23T18:43:42.000Z",45.701731,5.8834,0,2.75,8.5,157.5,null
"2021-09-23T18:47:42.000Z",45.701731,5.8834,0,2.75,5.25,157.5,null
"2021-09-23T18:51:42.000Z",45.701731,5.8834,1.5,3.5,6.5,157.5,null
"2021-09-23T18:55:47.000Z",45.701731,5.8834,0,1.25,4.5,157.5,null
"2021-09-23T18:59:47.000Z",45.701731,5.8834,0,1.75,6.25,135,null
"2021-09-23T19:03:47.000Z",45.701731,5.8834,0,1.75,3.75,112.5,null
"2021-09-23T19:07:50.000Z",45.701731,5.8834,0,2.75,6.25,112.5,null
"2021-09-23T19:11:50.000Z",45.701731,5.8834,3.5,5.75,9.5,112.5,null
"2021-09-23T19:15:50.000Z",45.701731,5.8834,2.5,4.25,8.75,112.5,null
"2021-09-23T19:19:54.000Z",45.701731,5.8834,1.75,3.75,7,135,null
"2021-09-23T19:23:54.000Z",45.701731,5.8834,2,4,6.25,135,null
"2021-09-23T19:27:54.000Z",45.701731,5.8834,0,2.75,6.5,135,null
"2021-09-23T19:31:58.000Z",45.701731,5.8834,1.5,4.25,9,157.5,null
"2021-09-23T19:35:58.000Z",45.701731,5.8834,0.25,3.25,7.75,135,null
"2021-09-23T19:39:58.000Z",45.701731,5.8834,0,2.25,6,135,null
"2021-09-23T19:44:03.000Z",45.701731,5.8834,0.25,4.5,8,135,null
"2021-09-23T19:48:03.000Z",45.701731,5.8834,0.25,3.5,7.25,157.5,null
"2021-09-23T19:52:03.000Z",45.701731,5.8834,1,2.25,3.75,135,null
"2021-09-23T19:56:06.000Z",45.701731,5.8834,0.25,1.75,3.25,135,null
"2021-09-23T20:00:06.000Z",45.701731,5.8834,0,0.75,2.75,157.5,null
"2021-09-23T20:04:06.000Z",45.701731,5.8834,0,2,3.5,135,null
"2021-09-23T20:08:11.000Z",45.701731,5.8834,0.25,2.5,6.25,90,null
"2021-09-23T20:12:11.000Z",45.701731,5.8834,1.5,3,5.5,67.5,null
"2021-09-23T20:16:11.000Z",45.701731,5.8834,1,2.75,6,90,null
"2021-09-23T20:20:14.000Z",45.701731,5.8834,0,1.5,3.25,90,null
"2021-09-23T20:24:14.000Z",45.701731,5.8834,0,1.75,2.75,112.5,null
"2021-09-23T20:28:14.000Z",45.701731,5.8834,1.5,2.75,4.25,112.5,null
"2021-09-23T20:32:18.000Z",45.701731,5.8834,1.75,3.75,5.5,90,null
"2021-09-23T20:36:18.000Z",45.701731,5.8834,1,2.5,3.75,90,null
"2021-09-23T20:40:18.000Z",45.701731,5.8834,0,1.5,2.5,112.5,null
"2021-09-23T20:44:23.000Z",45.701731,5.8834,1.75,2.5,3.75,90,null
"2021-09-23T20:48:23.000Z",45.701731,5.8834,0.25,1.75,2.75,90,null
"2021-09-23T20:52:23.000Z",45.701731,5.8834,1,2,3.25,90,null
"2021-09-23T20:56:26.000Z",45.701731,5.8834,1.75,3,4.5,90,null
"2021-09-23T21:00:26.000Z",45.701731,5.8834,2.5,3.25,4.5,112.5,null
"2021-09-23T21:04:26.000Z",45.701731,5.8834,0.75,2.5,4.25,112.5,null
"2021-09-23T21:08:31.000Z",45.701731,5.8834,1.75,3.25,4.5,90,null
"2021-09-23T21:12:31.000Z",45.701731,5.8834,2.5,4,5.25,112.5,null
"2021-09-23T21:16:31.000Z",45.701731,5.8834,3.5,4.75,6.5,112.5,null
"2021-09-23T21:20:34.000Z",45.701731,5.8834,2.75,4.75,6.5,112.5,null
"2021-09-23T21:24:34.000Z",45.701731,5.8834,3.5,5.5,7.25,112.5,null
"2021-09-23T21:28:34.000Z",45.701731,5.8834,2,4,6.25,112.5,null
"2021-09-23T21:32:39.000Z",45.701731,5.8834,2.5,5,8,90,null
"2021-09-23T21:36:39.000Z",45.701731,5.8834,2,5.5,7.75,90,null
"2021-09-23T21:40:39.000Z",45.701731,5.8834,1.5,3.5,5.5,90,null
"2021-09-23T21:44:43.000Z",45.701731,5.8834,1.75,3.25,4.75,90,null
"2021-09-23T21:48:43.000Z",45.701731,5.8834,1.75,3.75,6.5,90,null
"2021-09-23T21:52:43.000Z",45.701731,5.8834,1,3,5.25,90,null
"2021-09-23T21:56:46.000Z",45.701731,5.8834,1,4.25,5.5,90,null
"2021-09-23T22:00:46.000Z",45.701731,5.8834,3.25,4.5,6,90,null
"2021-09-23T22:04:46.000Z",45.701731,5.8834,1.75,3.5,6,67.5,null
"2021-09-23T22:08:51.000Z",45.701731,5.8834,2.5,3,4.25,67.5,null
"2021-09-23T22:12:51.000Z",45.701731,5.8834,1.75,3,4.25,90,null
"2021-09-23T22:16:51.000Z",45.701731,5.8834,0.75,2.25,4.25,90,null
"2021-09-23T22:20:55.000Z",45.701731,5.8834,1,3.25,4.75,90,null
"2021-09-23T22:24:55.000Z",45.701731,5.8834,2.75,4.5,6,90,null
"2021-09-23T22:28:55.000Z",45.701731,5.8834,3.5,4.5,6,112.5,null
"2021-09-23T22:32:59.000Z",45.701731,5.8834,1.75,3.25,5.25,112.5,null
"2021-09-23T22:36:59.000Z",45.701731,5.8834,2,3.25,5.25,112.5,null
"2021-09-23T22:40:59.000Z",45.701731,5.8834,1.75,2.75,4.25,112.5,null
"2021-09-23T22:45:03.000Z",45.701731,5.8834,1.75,3.5,4.75,90,null
"2021-09-23T22:49:03.000Z",45.701731,5.8834,2,4.25,5.5,90,null
"2021-09-23T22:53:03.000Z",45.701731,5.8834,2.5,3.5,4.75,90,null
"2021-09-23T22:57:07.000Z",45.701731,5.8834,1.5,3,4.5,90,null
"2021-09-23T23:01:07.000Z",45.701731,5.8834,1,2.25,3.5,112.5,null
"2021-09-23T23:05:07.000Z",45.701731,5.8834,1.75,3.25,4.25,112.5,null
"2021-09-23T23:09:11.000Z",45.701731,5.8834,2.5,3.5,4.75,112.5,null
"2021-09-23T23:13:11.000Z",45.701731,5.8834,2,3.25,5.5,112.5,null
"2021-09-23T23:17:11.000Z",45.701731,5.8834,1.75,3.5,5.5,112.5,null
"2021-09-23T23:21:15.000Z",45.701731,5.8834,2.5,4.25,5.25,112.5,null
"2021-09-23T23:25:15.000Z",45.701731,5.8834,2.5,3.5,4.75,112.5,null
"2021-09-23T23:29:15.000Z",45.701731,5.8834,2.75,4.75,7,112.5,null
"2021-09-23T23:33:19.000Z",45.701731,5.8834,3.25,5.25,7.25,135,null
"2021-09-23T23:37:19.000Z",45.701731,5.8834,4.5,6.75,8.25,112.5,null
"2021-09-23T23:41:19.000Z",45.701731,5.8834,2.5,5.5,8.75,112.5,null
"2021-09-23T23:45:23.000Z",45.701731,5.8834,2.5,5,6.75,112.5,null
"2021-09-23T23:49:23.000Z",45.701731,5.8834,1.75,5,8.75,112.5,null
"2021-09-23T23:53:23.000Z",45.701731,5.8834,0.75,4.25,8,135,null
"2021-09-23T23:57:27.000Z",45.701731,5.8834,0.25,3.75,7.25,135,null
"2021-09-24T00:01:27.000Z",45.701731,5.8834,1,5.25,8.75,135,null
"2021-09-24T00:05:27.000Z",45.701731,5.8834,2.75,5.75,10,135,null
"2021-09-24T00:09:31.000Z",45.701731,5.8834,3.5,6,11,157.5,null
"2021-09-24T00:13:31.000Z",45.701731,5.8834,1,5.25,7.75,157.5,null
"2021-09-24T00:17:31.000Z",45.701731,5.8834,1,3.5,9.5,112.5,null
"2021-09-24T00:21:35.000Z",45.701731,5.8834,1,4.5,9.75,112.5,null
"2021-09-24T00:25:35.000Z",45.701731,5.8834,0,2.5,6,112.5,null
"2021-09-24T00:29:35.000Z",45.701731,5.8834,0.75,4,8.25,112.5,null
"2021-09-24T00:33:40.000Z",45.701731,5.8834,1,3.5,6.5,112.5,null
"2021-09-24T00:37:40.000Z",45.701731,5.8834,1.75,5,9.75,90,null
"2021-09-24T00:41:40.000Z",45.701731,5.8834,2,5.25,9.75,90,null
"2021-09-24T00:45:43.000Z",45.701731,5.8834,2,4.5,8.75,90,null
"2021-09-24T00:49:43.000Z",45.701731,5.8834,2.5,5.75,9,112.5,null
"2021-09-24T00:53:43.000Z",45.701731,5.8834,1.5,4.75,8.75,135,null
"2021-09-24T00:57:47.000Z",45.701731,5.8834,2,5,8.5,112.5,null
"2021-09-24T01:01:47.000Z",45.701731,5.8834,2.5,5,8.25,112.5,null
"2021-09-24T01:05:47.000Z",45.701731,5.8834,2,5.25,7.25,135,null
"2021-09-24T01:09:52.000Z",45.701731,5.8834,4.25,5.75,7.75,112.5,null
"2021-09-24T01:13:52.000Z",45.701731,5.8834,1.75,4.75,7.25,112.5,null
"2021-09-24T01:17:52.000Z",45.701731,5.8834,2.75,4,5.25,112.5,null
"2021-09-24T01:21:55.000Z",45.701731,5.8834,1.75,2.75,4.25,90,null
"2021-09-24T01:25:55.000Z",45.701731,5.8834,2,3.5,4.75,90,null
"2021-09-24T01:29:55.000Z",45.701731,5.8834,2.75,4.5,6.25,90,null
"2021-09-24T01:34:00.000Z",45.701731,5.8834,1.75,2.75,3.75,90,null
"2021-09-24T01:38:00.000Z",45.701731,5.8834,2,3.75,4.75,112.5,null
"2021-09-24T01:42:00.000Z",45.701731,5.8834,2,3.25,4.5,90,null
"2021-09-24T01:46:04.000Z",45.701731,5.8834,3.5,4.5,5.5,90,null
"2021-09-24T01:50:04.000Z",45.701731,5.8834,1.5,3.25,4.75,90,null
"2021-09-24T01:54:04.000Z",45.701731,5.8834,1,2.75,3.75,112.5,null
"2021-09-24T01:58:07.000Z",45.701731,5.8834,1.75,2.5,3.5,112.5,null
"2021-09-24T02:02:07.000Z",45.701731,5.8834,2,3.25,5.5,112.5,null
"2021-09-24T02:06:07.000Z",45.701731,5.8834,1.75,4,6,90,null
"2021-09-24T02:10:12.000Z",45.701731,5.8834,1.5,2.75,4.25,135,null
"2021-09-24T02:14:12.000Z",45.701731,5.8834,2,4,6,135,null
"2021-09-24T02:18:12.000Z",45.701731,5.8834,1.5,3.75,5.5,112.5,null
"2021-09-24T02:22:16.000Z",45.701731,5.8834,2,3.25,4.75,112.5,null
"2021-09-24T02:26:16.000Z",45.701731,5.8834,2.5,4,6,90,null
"2021-09-24T02:30:16.000Z",45.701731,5.8834,0.25,2.75,4.75,90,null
"2021-09-24T02:34:20.000Z",45.701731,5.8834,1.5,3.25,4.25,67.5,null
"2021-09-24T02:38:20.000Z",45.701731,5.8834,2.5,3.5,4.5,90,null
"2021-09-24T02:42:20.000Z",45.701731,5.8834,2.75,4,5.25,90,null
"2021-09-24T02:46:24.000Z",45.701731,5.8834,2.75,4.5,6.5,90,null
"2021-09-24T02:50:24.000Z",45.701731,5.8834,2.75,5,6.25,90,null
"2021-09-24T02:54:24.000Z",45.701731,5.8834,1,3.5,5.5,90,null
"2021-09-24T02:58:28.000Z",45.701731,5.8834,2.5,3.75,4.75,90,null
"2021-09-24T03:02:28.000Z",45.701731,5.8834,1.5,3.5,6,112.5,null
"2021-09-24T03:06:28.000Z",45.701731,5.8834,1.75,4.25,8,90,null
"2021-09-24T03:10:32.000Z",45.701731,5.8834,1.75,4.25,6.5,135,null
"2021-09-24T03:14:32.000Z",45.701731,5.8834,1,4,6.5,157.5,null
"2021-09-24T03:18:32.000Z",45.701731,5.8834,0,3.5,7,157.5,null
"2021-09-24T03:22:36.000Z",45.701731,5.8834,0,2.25,6.25,157.5,null
"2021-09-24T03:26:36.000Z",45.701731,5.8834,0.75,3.5,8,112.5,null
"2021-09-24T03:30:36.000Z",45.701731,5.8834,0,3,6.5,135,null
"2021-09-24T03:34:40.000Z",45.701731,5.8834,1,4.5,7.25,135,null
"2021-09-24T03:38:40.000Z",45.701731,5.8834,0,2,5.5,112.5,null
"2021-09-24T03:42:40.000Z",45.701731,5.8834,0,2.25,5.25,112.5,null
"2021-09-24T03:46:44.000Z",45.701731,5.8834,0,2.5,4.75,90,null
"2021-09-24T03:50:44.000Z",45.701731,5.8834,2.75,5,8,90,null
"2021-09-24T03:54:44.000Z",45.701731,5.8834,1.75,4.5,9.75,90,null
"2021-09-24T03:58:48.000Z",45.701731,5.8834,2,4,7.25,112.5,null
"2021-09-24T04:02:48.000Z",45.701731,5.8834,2,5,8,112.5,null
"2021-09-24T04:06:48.000Z",45.701731,5.8834,2.75,5.5,8.75,112.5,null
"2021-09-24T04:10:52.000Z",45.701731,5.8834,1.75,5,7.75,135,null
"2021-09-24T04:14:52.000Z",45.701731,5.8834,3.25,5.75,8.75,112.5,null
"2021-09-24T04:18:52.000Z",45.701731,5.8834,1.5,3.75,6.5,135,null
"2021-09-24T04:22:56.000Z",45.701731,5.8834,2.5,4.25,6.25,135,null
"2021-09-24T04:26:56.000Z",45.701731,5.8834,2,5,8.25,112.5,null
"2021-09-24T04:30:56.000Z",45.701731,5.8834,1.75,3.25,6,135,null
"2021-09-24T04:35:00.000Z",45.701731,5.8834,1.75,3,4.5,135,null
"2021-09-24T04:39:00.000Z",45.701731,5.8834,2,4.5,6.5,135,null
"2021-09-24T04:43:00.000Z",45.701731,5.8834,0,3.25,7,157.5,null
"2021-09-24T04:47:04.000Z",45.701731,5.8834,0.75,3.5,7,135,null
"2021-09-24T04:51:04.000Z",45.701731,5.8834,0,2.75,7.25,112.5,null
"2021-09-24T04:55:04.000Z",45.701731,5.8834,1,4.5,9.75,112.5,null
"2021-09-24T04:59:08.000Z",45.701731,5.8834,2,4.25,8.25,90,null
"2021-09-24T05:03:08.000Z",45.701731,5.8834,0.25,5,11,112.5,null
"2021-09-24T05:07:08.000Z",45.701731,5.8834,0.75,3.75,7,112.5,null
"2021-09-24T05:11:12.000Z",45.701731,5.8834,1.75,4.75,9,112.5,null
"2021-09-24T05:15:12.000Z",45.701731,5.8834,2.75,6.5,11,90,null
"2021-09-24T05:19:12.000Z",45.701731,5.8834,2,5.25,7.75,90,null
"2021-09-24T05:23:17.000Z",45.701731,5.8834,3.25,6.25,8.75,90,null
"2021-09-24T05:27:17.000Z",45.701731,5.8834,2.75,5.5,8.25,90,null
"2021-09-24T05:31:17.000Z",45.701731,5.8834,1.75,4,6.5,112.5,null
"2021-09-24T05:35:21.000Z",45.701731,5.8834,2,5.75,8.25,135,null
"2021-09-24T05:39:21.000Z",45.701731,5.8834,2,4.25,7.75,135,null
"2021-09-24T05:43:21.000Z",45.701731,5.8834,0,2.75,4.75,112.5,null
"2021-09-24T05:47:25.000Z",45.701731,5.8834,1,3.75,7.75,112.5,null
"2021-09-24T05:51:25.000Z",45.701731,5.8834,1.5,4,7.25,135,null
"2021-09-24T05:55:25.000Z",45.701731,5.8834,0,3.25,8.25,112.5,null
"2021-09-24T05:59:29.000Z",45.701731,5.8834,1.5,4.25,7,112.5,null
"2021-09-24T06:03:29.000Z",45.701731,5.8834,2,5.75,9.5,112.5,null
"2021-09-24T06:07:29.000Z",45.701731,5.8834,1.75,4.75,10,112.5,null
"2021-09-24T06:11:33.000Z",45.701731,5.8834,0.25,2.5,7.5,112.5,null
"2021-09-24T06:15:33.000Z",45.701731,5.8834,2.5,5.25,11,135,null
"2021-09-24T06:19:33.000Z",45.701731,5.8834,1,4,8.25,135,null
"2021-09-24T06:23:37.000Z",45.701731,5.8834,1.75,4,6,157.5,null
"2021-09-24T06:27:37.000Z",45.701731,5.8834,0,0.5,3.5,157.5,null
"2021-09-24T06:31:37.000Z",45.701731,5.8834,0,0.75,3.25,135,null
"2021-09-24T06:35:41.000Z",45.701731,5.8834,0,0.5,2.75,135,null
"2021-09-24T06:39:41.000Z",45.701731,5.8834,0,1,2.75,157.5,null
"2021-09-24T06:43:41.000Z",45.701731,5.8834,0,1,2.75,180,null
"2021-09-24T06:47:45.000Z",45.701731,5.8834,1,2.5,4.25,180,null
"2021-09-24T06:51:45.000Z",45.701731,5.8834,0,1,2.75,157.5,null
"2021-09-24T06:55:45.000Z",45.701731,5.8834,0,1,3.25,157.5,null
"2021-09-24T06:59:49.000Z",45.701731,5.8834,0,1.25,3.5,135,null
"2021-09-24T07:03:49.000Z",45.701731,5.8834,0,1,3.5,157.5,null
"2021-09-24T07:07:49.000Z",45.701731,5.8834,0,1.75,4.25,157.5,null
"2021-09-24T07:11:53.000Z",45.701731,5.8834,0.75,2.5,6,157.5,null
"2021-09-24T07:15:53.000Z",45.701731,5.8834,0,2,4.75,67.5,null
"2021-09-24T07:19:53.000Z",45.701731,5.8834,0.25,2.5,5.5,90,null
"2021-09-24T07:23:57.000Z",45.701731,5.8834,0,1,2.5,67.5,null
"2021-09-24T07:27:57.000Z",45.701731,5.8834,0,0.5,2,90,null
"2021-09-24T07:31:57.000Z",45.701731,5.8834,0,0.25,1.5,247.5,null
"2021-09-24T07:36:01.000Z",45.701731,5.8834,0,0,0.75,67.5,null
"2021-09-24T07:40:01.000Z",45.701731,5.8834,0,0.75,3.5,180,null
"2021-09-24T07:44:01.000Z",45.701731,5.8834,0,1.75,5.25,112.5,null
"2021-09-24T07:48:05.000Z",45.701731,5.8834,0,3,7,135,null
"2021-09-24T07:52:05.000Z",45.701731,5.8834,0.75,2.75,6,90,null
"2021-09-24T07:56:05.000Z",45.701731,5.8834,0,3,9,157.5,null
"2021-09-24T08:00:09.000Z",45.701731,5.8834,2.5,7.5,12.5,157.5,null
"2021-09-24T08:04:09.000Z",45.701731,5.8834,2.5,5.75,9,157.5,null
"2021-09-24T08:08:09.000Z",45.701731,5.8834,0,3.75,8.25,157.5,null
"2021-09-24T08:12:13.000Z",45.701731,5.8834,0,4.75,8.75,180,null
"2021-09-24T08:16:13.000Z",45.701731,5.8834,0.25,5.5,9.5,180,null
"2021-09-24T08:20:13.000Z",45.701731,5.8834,0,5.25,9,180,null
"2021-09-24T08:24:17.000Z",45.701731,5.8834,0,4.5,8.75,180,null
"2021-09-24T08:28:17.000Z",45.701731,5.8834,0,4.25,8,180,null
"2021-09-24T08:32:17.000Z",45.701731,5.8834,0,3.75,6.5,180,null
"2021-09-24T08:36:22.000Z",45.701731,5.8834,1.75,5.5,7.75,180,null
"2021-09-24T08:40:22.000Z",45.701731,5.8834,0,4,7.25,180,null
"2021-09-24T08:44:22.000Z",45.701731,5.8834,0.25,3.5,6,180,null
"2021-09-24T08:48:26.000Z",45.701731,5.8834,0.25,3.25,6.25,202.5,null
"2021-09-24T08:52:26.000Z",45.701731,5.8834,1,3.75,6,202.5,null
"2021-09-24T08:56:26.000Z",45.701731,5.8834,0,2,5.25,202.5,null
"2021-09-24T09:00:29.000Z",45.701731,5.8834,1.5,3,4.75,202.5,null
"2021-09-24T09:04:29.000Z",45.701731,5.8834,2,3,4.25,225,null
"2021-09-24T09:08:29.000Z",45.701731,5.8834,1.5,3,4.25,225,null
"2021-09-24T09:12:34.000Z",45.701731,5.8834,2.25,3.25,4.75,247.5,null
"2021-09-24T09:16:34.000Z",45.701731,5.8834,2,3,4.5,247.5,null
"2021-09-24T09:20:34.000Z",45.701731,5.8834,1.5,2.75,3.75,270,null
"2021-09-24T09:24:37.000Z",45.701731,5.8834,1.75,2.75,3.5,247.5,null
"2021-09-24T09:28:37.000Z",45.701731,5.8834,0,1.25,2.5,247.5,null
"2021-09-24T09:32:37.000Z",45.701731,5.8834,0.75,2,2.75,315,null
"2021-09-24T09:36:42.000Z",45.701731,5.8834,1.75,3.75,7,315,null
"2021-09-24T09:40:42.000Z",45.701731,5.8834,2.5,4,5.25,315,null
"2021-09-24T09:44:42.000Z",45.701731,5.8834,2.5,4.75,7,315,null
"2021-09-24T09:48:46.000Z",45.701731,5.8834,2.5,4,6.25,315,null
"2021-09-24T09:52:46.000Z",45.701731,5.8834,1.5,4,6,315,null
"2021-09-24T09:56:46.000Z",45.701731,5.8834,3.25,4.25,5.5,315,null
"2021-09-24T10:00:49.000Z",45.701731,5.8834,1.75,3.5,4.5,337.5,null
"2021-09-24T10:04:49.000Z",45.701731,5.8834,2.5,3.25,4.5,337.5,null
"2021-09-24T10:08:49.000Z",45.701731,5.8834,1.5,2.5,4.25,292.5,null
"2021-09-24T10:12:53.000Z",45.701731,5.8834,0,1.25,3.5,270,null
"2021-09-24T10:16:53.000Z",45.701731,5.8834,0,1.25,3.25,337.5,null
"2021-09-24T10:20:53.000Z",45.701731,5.8834,0,2.25,3.75,315,null
"2021-09-24T10:24:57.000Z",45.701731,5.8834,2,3.25,4.25,315,null
"2021-09-24T10:28:57.000Z",45.701731,5.8834,2.5,3.5,5.25,292.5,null
"2021-09-24T10:32:57.000Z",45.701731,5.8834,2.75,3.75,5.25,337.5,null
"2021-09-24T10:37:01.000Z",45.701731,5.8834,2.5,4,6.25,337.5,null
"2021-09-24T10:41:01.000Z",45.701731,5.8834,2.5,4,4.75,315,null
"2021-09-24T10:45:01.000Z",45.701731,5.8834,3.25,4.5,6,315,null
"2021-09-24T10:49:05.000Z",45.701731,5.8834,2.5,4.25,5.5,315,null
"2021-09-24T10:53:05.000Z",45.701731,5.8834,4.25,5,6.25,337.5,null
"2021-09-24T10:57:05.000Z",45.701731,5.8834,3.5,5,6.5,337.5,null
"2021-09-24T11:01:10.000Z",45.701731,5.8834,4.25,5.5,7.25,337.5,null
"2021-09-24T11:05:10.000Z",45.701731,5.8834,4.75,6.5,8,337.5,null
"2021-09-24T11:09:10.000Z",45.701731,5.8834,4.75,6.5,8,337.5,null
"2021-09-24T11:13:14.000Z",45.701731,5.8834,6,7,8.25,337.5,null
"2021-09-24T11:17:14.000Z",45.701731,5.8834,5.25,6.75,7.75,337.5,null
"2021-09-24T11:21:14.000Z",45.701731,5.8834,6,7.25,8.25,337.5,null
"2021-09-24T11:25:18.000Z",45.701731,5.8834,6.5,8,9.5,337.5,null
"2021-09-24T11:29:18.000Z",45.701731,5.8834,7.75,9.5,10.5,337.5,null
"2021-09-24T11:33:18.000Z",45.701731,5.8834,8.25,10,11.5,315,null
"2021-09-24T11:37:22.000Z",45.701731,5.8834,9,10.5,12,315,null
"2021-09-24T11:41:22.000Z",45.701731,5.8834,8.75,10,11,315,null
"2021-09-24T11:45:22.000Z",45.701731,5.8834,8.25,9.75,11,337.5,null
"2021-09-24T11:49:25.000Z",45.701731,5.8834,7,9,11,337.5,null
"2021-09-24T11:53:25.000Z",45.701731,5.8834,8,9.5,10.5,337.5,null
"2021-09-24T11:57:25.000Z",45.701731,5.8834,8.25,10,11.5,337.5,null
"2021-09-24T12:01:30.000Z",45.701731,5.8834,8.25,10,11,337.5,null
"2021-09-24T12:05:30.000Z",45.701731,5.8834,8.25,10,11,337.5,null
"2021-09-24T12:09:30.000Z",45.701731,5.8834,8,9.75,11,337.5,null
"2021-09-24T12:13:34.000Z",45.701731,5.8834,8.25,9.75,10.5,337.5,null
"2021-09-24T12:17:34.000Z",45.701731,5.8834,8.75,10,11.5,315,null
"2021-09-24T12:21:34.000Z",45.701731,5.8834,8.25,10.5,11.5,315,null
"2021-09-24T12:25:38.000Z",45.701731,5.8834,8.25,10.5,12,315,null
"2021-09-24T12:29:38.000Z",45.701731,5.8834,9.5,10.5,11.5,315,null
"2021-09-24T12:33:38.000Z",45.701731,5.8834,8.75,10.5,11.5,337.5,null
"2021-09-24T12:37:42.000Z",45.701731,5.8834,8,10.5,11.5,337.5,null
"2021-09-24T12:41:42.000Z",45.701731,5.8834,9.5,11,12,337.5,null
"2021-09-24T12:45:42.000Z",45.701731,5.8834,9,11.5,13,315,null
"2021-09-24T12:49:46.000Z",45.701731,5.8834,9.5,12.5,14.5,315,null
"2021-09-24T12:53:46.000Z",45.701731,5.8834,11,13.5,15,315,null
"2021-09-24T12:57:46.000Z",45.701731,5.8834,12,13.5,15,315,null
"2021-09-24T13:01:50.000Z",45.701731,5.8834,11.5,13.5,14.5,315,null
"2021-09-24T13:05:50.000Z",45.701731,5.8834,11,12.5,14,315,null
"2021-09-24T13:09:50.000Z",45.701731,5.8834,9.5,12,13,337.5,null
"2021-09-24T13:13:55.000Z",45.701731,5.8834,9.75,12,13,337.5,null
"2021-09-24T13:17:55.000Z",45.701731,5.8834,10,12,13.5,337.5,null
"2021-09-24T13:21:55.000Z",45.701731,5.8834,8.75,11.5,13,337.5,null
"2021-09-24T13:25:58.000Z",45.701731,5.8834,9.5,11.5,13,337.5,null
"2021-09-24T13:29:58.000Z",45.701731,5.8834,9,11.5,12.5,337.5,null
"2021-09-24T13:33:58.000Z",45.701731,5.8834,9.75,11.5,12.5,337.5,null
"2021-09-24T13:38:03.000Z",45.701731,5.8834,9.75,11.5,12.5,337.5,null
"2021-09-24T13:42:03.000Z",45.701731,5.8834,9.75,11,12.5,337.5,null
"2021-09-24T13:46:03.000Z",45.701731,5.8834,9.5,11,12,315,null
"2021-09-24T13:50:07.000Z",45.701731,5.8834,8.75,10.5,11,315,null
"2021-09-24T13:54:07.000Z",45.701731,5.8834,7.25,9,10,315,null
"2021-09-24T13:58:07.000Z",45.701731,5.8834,6.25,7.75,8.25,315,null
"2021-09-24T14:02:10.000Z",45.701731,5.8834,6.25,7.5,8.25,315,null
"2021-09-24T14:06:10.000Z",45.701731,5.8834,6.25,7.25,8,315,null
"2021-09-24T14:10:10.000Z",45.701731,5.8834,5.5,7.5,8.75,315,null
"2021-09-24T14:14:15.000Z",45.701731,5.8834,6.5,7.75,8.75,315,null
"2021-09-24T14:18:15.000Z",45.701731,5.8834,6.25,7.25,8,315,null
"2021-09-24T14:22:15.000Z",45.701731,5.8834,6.25,7.25,8,315,null
"2021-09-24T14:26:18.000Z",45.701731,5.8834,5.5,6.75,7.75,315,null
"2021-09-24T14:30:18.000Z",45.701731,5.8834,6,7,7.75,315,null
"2021-09-24T14:34:18.000Z",45.701731,5.8834,6,7.25,8.25,315,null
"2021-09-24T14:38:23.000Z",45.701731,5.8834,6.5,7.75,8.75,315,null
"2021-09-24T14:42:23.000Z",45.701731,5.8834,8,9,9.75,315,null
"2021-09-24T14:46:23.000Z",45.701731,5.8834,8.25,9,9.5,315,null
"2021-09-24T14:50:27.000Z",45.701731,5.8834,7.25,8.25,8.75,315,null
"2021-09-24T14:54:27.000Z",45.701731,5.8834,5.25,6.5,7.25,315,null
"2021-09-24T14:58:27.000Z",45.701731,5.8834,5.5,7,8.25,315,null
"2021-09-24T15:02:31.000Z",45.701731,5.8834,7.25,8.25,9,315,null
"2021-09-24T15:06:31.000Z",45.701731,5.8834,4.75,7,8.25,315,null
"2021-09-24T15:10:31.000Z",45.701731,5.8834,4.75,6.75,8,315,null
"2021-09-24T15:14:35.000Z",45.701731,5.8834,6.5,7.5,8.25,292.5,null
"2021-09-24T15:18:35.000Z",45.701731,5.8834,5.25,6.5,7.75,315,null
"2021-09-24T15:22:35.000Z",45.701731,5.8834,4.75,6,7,315,null
"2021-09-24T15:26:39.000Z",45.701731,5.8834,1,3.25,5.25,337.5,null
"2021-09-24T15:30:39.000Z",45.701731,5.8834,0.75,2.25,3.5,337.5,null
"2021-09-24T15:34:39.000Z",45.701731,5.8834,2,3.5,4.5,315,null
"2021-09-24T15:38:43.000Z",45.701731,5.8834,2.75,4.25,5.5,315,null
"2021-09-24T15:42:43.000Z",45.701731,5.8834,3.75,5,5.5,315,null
"2021-09-24T15:46:43.000Z",45.701731,5.8834,4.5,5,5.25,315,null
"2021-09-24T15:50:46.000Z",45.701731,5.8834,4.75,5.25,6,337.5,null
"2021-09-24T15:54:46.000Z",45.701731,5.8834,4.5,5.5,6.25,315,null
"2021-09-24T15:58:46.000Z",45.701731,5.8834,5.25,6.25,7,315,null
"2021-09-24T16:02:51.000Z",45.701731,5.8834,2.5,4.75,7,292.5,null
"2021-09-24T16:06:51.000Z",45.701731,5.8834,3.5,5,6,315,null
"2021-09-24T16:10:51.000Z",45.701731,5.8834,3.5,5.25,6,292.5,null
"2021-09-24T16:15:03.000Z",45.701731,5.8834,2,3.25,4.5,270,null
"2021-09-24T16:19:03.000Z",45.701731,5.8834,2,4,4.75,270,null
"2021-09-24T16:23:03.000Z",45.701731,5.8834,2.5,4.5,5.5,292.5,null
"2021-09-24T16:27:07.000Z",45.701731,5.8834,5.25,5.75,6.25,315,null
"2021-09-24T16:31:07.000Z",45.701731,5.8834,2.75,4.5,5.5,337.5,null
"2021-09-24T16:35:07.000Z",45.701731,5.8834,0,2.25,3.75,0,null
"2021-09-24T16:39:11.000Z",45.701731,5.8834,0,0.25,2.25,337.5,null
"2021-09-24T16:43:11.000Z",45.701731,5.8834,0,0,0.25,315,null
"2021-09-24T16:47:11.000Z",45.701731,5.8834,0,0.5,2.5,180,null
"2021-09-24T16:51:15.000Z",45.701731,5.8834,0,1.5,3.25,180,null
"2021-09-24T16:55:15.000Z",45.701731,5.8834,0,0.5,2.5,225,null
"2021-09-24T16:59:15.000Z",45.701731,5.8834,0.25,1.5,2.75,180,null
"2021-09-24T17:03:19.000Z",45.701731,5.8834,0,0.75,3.25,225,null
"2021-09-24T17:07:19.000Z",45.701731,5.8834,0,0.75,2.5,202.5,null
"2021-09-24T17:11:19.000Z",45.701731,5.8834,0,0,0.25,157.5,null
"2021-09-24T17:15:23.000Z",45.701731,5.8834,0,0,0,90,null
"2021-09-24T17:19:23.000Z",45.701731,5.8834,0,0,0,67.5,null
"2021-09-24T17:23:23.000Z",45.701731,5.8834,0,0,0,202.5,null
"2021-09-24T17:27:27.000Z",45.701731,5.8834,0,2,2.75,180,null
"2021-09-24T17:31:27.000Z",45.701731,5.8834,1.75,2.5,3.5,157.5,null
"2021-09-24T17:35:27.000Z",45.701731,5.8834,2.75,3.75,4.5,157.5,null
"2021-09-24T17:39:32.000Z",45.701731,5.8834,2.75,3.5,4.5,157.5,null
"2021-09-24T17:43:32.000Z",45.701731,5.8834,2.75,3.75,4.5,135,null
"2021-09-24T17:47:32.000Z",45.701731,5.8834,2,3.25,4.75,135,null
"2021-09-24T17:51:35.000Z",45.701731,5.8834,0.25,1.75,2.75,135,null
"2021-09-24T17:55:35.000Z",45.701731,5.8834,0,1.25,2.75,157.5,null
"2021-09-24T17:59:35.000Z",45.701731,5.8834,2.5,3.75,6,157.5,null
"2021-09-24T18:03:39.000Z",45.701731,5.8834,3.25,4.5,6.25,180,null
"2021-09-24T18:07:39.000Z",45.701731,5.8834,1,3.25,5.5,157.5,null
"2021-09-24T18:11:39.000Z",45.701731,5.8834,2.5,3.75,5.25,157.5,null
"2021-09-24T18:15:43.000Z",45.701731,5.8834,2,4.75,6.5,157.5,null
"2021-09-24T18:19:43.000Z",45.701731,5.8834,3.75,6,9,157.5,null
"2021-09-24T18:23:43.000Z",45.701731,5.8834,1.75,5.25,8.25,157.5,null
"2021-09-24T18:27:47.000Z",45.701731,5.8834,2.5,5.5,8.75,157.5,null
"2021-09-24T18:31:47.000Z",45.701731,5.8834,1,4,10,157.5,null
"2021-09-24T18:35:47.000Z",45.701731,5.8834,0.25,2.5,4.75,157.5,null
"2021-09-24T18:39:52.000Z",45.701731,5.8834,0,1.25,4.75,157.5,null
"2021-09-24T18:43:52.000Z",45.701731,5.8834,0,3.25,7,180,null
"2021-09-24T18:47:52.000Z",45.701731,5.8834,0.75,3.5,6.25,157.5,null
"2021-09-24T18:51:55.000Z",45.701731,5.8834,1.75,3.75,6.25,157.5,null
"2021-09-24T18:55:55.000Z",45.701731,5.8834,3.25,4.5,5.5,157.5,null
"2021-09-24T18:59:55.000Z",45.701731,5.8834,2.5,4.75,6.5,157.5,null
"2021-09-24T19:03:59.000Z",45.701731,5.8834,1.75,3,5.5,157.5,null
"2021-09-24T19:07:59.000Z",45.701731,5.8834,0.25,2.75,7.25,135,null
"2021-09-24T19:11:59.000Z",45.701731,5.8834,1.75,3.75,6,112.5,null
"2021-09-24T19:16:04.000Z",45.701731,5.8834,2.5,5.25,8.75,112.5,null
"2021-09-24T19:20:04.000Z",45.701731,5.8834,2.75,7.25,13,90,null
"2021-09-24T19:24:04.000Z",45.701731,5.8834,2.75,7.25,12,90,null
"2021-09-24T19:28:07.000Z",45.701731,5.8834,3.25,7.25,12.5,90,null
"2021-09-24T19:32:07.000Z",45.701731,5.8834,2.75,7.25,12,90,null
"2021-09-24T19:36:07.000Z",45.701731,5.8834,2.5,5.5,9.75,90,null
"2021-09-24T19:40:12.000Z",45.701731,5.8834,2.5,4.75,8.25,112.5,null
"2021-09-24T19:44:12.000Z",45.701731,5.8834,2.5,4.75,8,135,null
"2021-09-24T19:48:12.000Z",45.701731,5.8834,2.5,4.25,6.5,112.5,null
"2021-09-24T19:52:15.000Z",45.701731,5.8834,2.75,5.25,7.75,112.5,null
"2021-09-24T19:56:15.000Z",45.701731,5.8834,3.5,5.25,7.75,112.5,null
"2021-09-24T20:00:15.000Z",45.701731,5.8834,2.5,5,9.5,135,null
"2021-09-24T20:04:20.000Z",45.701731,5.8834,1.5,4.5,8,135,null
"2021-09-24T20:08:20.000Z",45.701731,5.8834,2.5,4.5,8.25,112.5,null
"2021-09-24T20:12:20.000Z",45.701731,5.8834,1.75,5,7.75,135,null
"2021-09-24T20:16:24.000Z",45.701731,5.8834,1,4,7.75,112.5,null
"2021-09-24T20:20:24.000Z",45.701731,5.8834,1.75,4.75,8.75,135,null
"2021-09-24T20:24:24.000Z",45.701731,5.8834,2.75,6.5,10.5,112.5,null
"2021-09-24T20:28:27.000Z",45.701731,5.8834,1,4,8,112.5,null
"2021-09-24T20:32:27.000Z",45.701731,5.8834,1.5,3.5,5.5,135,null
"2021-09-24T20:36:27.000Z",45.701731,5.8834,1.5,3.75,6.5,112.5,null
"2021-09-24T20:40:32.000Z",45.701731,5.8834,0.25,2.75,5.25,112.5,null
"2021-09-24T20:44:32.000Z",45.701731,5.8834,0.75,2.5,4.25,112.5,null
"2021-09-24T20:48:32.000Z",45.701731,5.8834,0.75,3.5,6.25,112.5,null
"2021-09-24T20:52:36.000Z",45.701731,5.8834,2,3.75,4.75,112.5,null
"2021-09-24T20:56:36.000Z",45.701731,5.8834,1.5,2.5,3.5,90,null
"2021-09-24T21:00:36.000Z",45.701731,5.8834,0.75,3,6.25,135,null
"2021-09-24T21:04:39.000Z",45.701731,5.8834,3.75,5.25,7.25,112.5,null
"2021-09-24T21:08:39.000Z",45.701731,5.8834,1.75,4.5,6.5,135,null
"2021-09-24T21:12:39.000Z",45.701731,5.8834,1.75,4.25,6.25,112.5,null
"2021-09-24T21:16:44.000Z",45.701731,5.8834,3.25,4.75,7.25,112.5,null
"2021-09-24T21:20:44.000Z",45.701731,5.8834,1.75,3.5,5.5,112.5,null
"2021-09-24T21:24:44.000Z",45.701731,5.8834,1.75,4,6.5,112.5,null
"2021-09-24T21:28:48.000Z",45.701731,5.8834,2.75,5.25,8.75,112.5,null
"2021-09-24T21:32:48.000Z",45.701731,5.8834,2.75,6,8.75,112.5,null
"2021-09-24T21:36:48.000Z",45.701731,5.8834,1.5,5.75,13,90,null
"2021-09-24T21:40:52.000Z",45.701731,5.8834,1.5,5,11.5,112.5,null
"2021-09-24T21:44:52.000Z",45.701731,5.8834,2.5,5.75,10,157.5,null
"2021-09-24T21:48:52.000Z",45.701731,5.8834,1.75,5.75,10.5,157.5,null
"2021-09-24T21:52:56.000Z",45.701731,5.8834,0.75,4.25,9.75,157.5,null
"2021-09-24T21:56:56.000Z",45.701731,5.8834,2.5,4.25,9,157.5,null
"2021-09-24T22:00:56.000Z",45.701731,5.8834,1.5,4.75,8.25,157.5,null
"2021-09-24T22:05:00.000Z",45.701731,5.8834,1.5,4,6.5,157.5,null
"2021-09-24T22:09:00.000Z",45.701731,5.8834,0.75,4.5,7,157.5,null
"2021-09-24T22:13:00.000Z",45.701731,5.8834,1.5,3.75,7,135,null
"2021-09-24T22:17:05.000Z",45.701731,5.8834,0,3.75,9,112.5,null
"2021-09-24T22:21:05.000Z",45.701731,5.8834,0.75,2.75,6,90,null
"2021-09-24T22:25:05.000Z",45.701731,5.8834,0,1.75,4.5,112.5,null
"2021-09-24T22:29:08.000Z",45.701731,5.8834,0,2.25,5.25,90,null
"2021-09-24T22:33:08.000Z",45.701731,5.8834,1.75,5.25,8,90,null
"2021-09-24T22:37:08.000Z",45.701731,5.8834,2.5,6.25,10,112.5,null
"2021-09-24T22:41:13.000Z",45.701731,5.8834,1.5,6.25,10.5,112.5,null
"2021-09-24T22:45:13.000Z",45.701731,5.8834,2.5,5.25,10,112.5,null
"2021-09-24T22:49:13.000Z",45.701731,5.8834,1,3.75,6.25,112.5,null
"2021-09-24T22:53:17.000Z",45.701731,5.8834,0.75,4.25,9.5,112.5,null
"2021-09-24T22:57:17.000Z",45.701731,5.8834,0.25,3.75,10,112.5,null
"2021-09-24T23:01:17.000Z",45.701731,5.8834,2,5.75,11.5,112.5,null
"2021-09-24T23:05:20.000Z",45.701731,5.8834,0.75,3.5,6.5,112.5,null
"2021-09-24T23:09:20.000Z",45.701731,5.8834,0,2.5,8.25,135,null
"2021-09-24T23:13:20.000Z",45.701731,5.8834,1.75,4.5,8,135,null
"2021-09-24T23:17:25.000Z",45.701731,5.8834,0,4.75,12.5,135,null
"2021-09-24T23:21:25.000Z",45.701731,5.8834,3.75,6.5,10,135,null
"2021-09-24T23:25:25.000Z",45.701731,5.8834,3.25,6.75,13,135,null
"2021-09-24T23:29:28.000Z",45.701731,5.8834,2.75,6.75,10.5,112.5,null
"2021-09-24T23:33:28.000Z",45.701731,5.8834,2.75,5.75,9.75,112.5,null
"2021-09-24T23:37:28.000Z",45.701731,5.8834,2,4.5,8.25,135,null
"2021-09-24T23:41:32.000Z",45.701731,5.8834,2,5.75,8.75,135,null
"2021-09-24T23:45:32.000Z",45.701731,5.8834,1,5.25,8.25,135,null
"2021-09-24T23:49:32.000Z",45.701731,5.8834,1.5,5.75,10,112.5,null
"2021-09-24T23:53:37.000Z",45.701731,5.8834,3.5,5.75,9,135,null
"2021-09-24T23:57:37.000Z",45.701731,5.8834,0.25,5.75,10,112.5,null
"2021-09-25T00:01:37.000Z",45.701731,5.8834,0.75,4.75,8.75,112.5,null
"2021-09-25T00:05:40.000Z",45.701731,5.8834,0,4.5,11,112.5,null
"2021-09-25T00:09:40.000Z",45.701731,5.8834,1,4.75,9.5,112.5,null
"2021-09-25T00:13:40.000Z",45.701731,5.8834,0.75,4.75,10,90,null
"2021-09-25T00:17:45.000Z",45.701731,5.8834,3.75,9.5,17,90,null
"2021-09-25T00:21:45.000Z",45.701731,5.8834,3.25,11,18,90,null
"2021-09-25T00:25:45.000Z",45.701731,5.8834,1.75,10,15.5,90,null
"2021-09-25T00:29:49.000Z",45.701731,5.8834,5.25,10,18.5,90,null
"2021-09-25T00:33:49.000Z",45.701731,5.8834,4.75,8.5,13,90,null
"2021-09-25T00:37:49.000Z",45.701731,5.8834,2.5,8.25,14.5,90,null
"2021-09-25T00:41:53.000Z",45.701731,5.8834,3.25,7.5,13,90,null
"2021-09-25T00:45:53.000Z",45.701731,5.8834,1,3.75,6.5,67.5,null
"2021-09-25T00:49:53.000Z",45.701731,5.8834,0,1.75,4.5,90,null
"2021-09-25T00:53:57.000Z",45.701731,5.8834,0,2,3.75,90,null
"2021-09-25T00:57:57.000Z",45.701731,5.8834,0.25,2.25,5.5,90,null
"2021-09-25T01:01:57.000Z",45.701731,5.8834,0,2,4.5,90,null
"2021-09-25T01:06:01.000Z",45.701731,5.8834,1,3.75,6.5,90,null
"2021-09-25T01:10:01.000Z",45.701731,5.8834,2,6,12,90,null
"2021-09-25T01:14:01.000Z",45.701731,5.8834,2,5,9.75,112.5,null
"2021-09-25T01:18:05.000Z",45.701731,5.8834,2,5,8.25,90,null
"2021-09-25T01:22:05.000Z",45.701731,5.8834,3.75,5.75,9,135,null
"2021-09-25T01:26:05.000Z",45.701731,5.8834,2,5.5,9.75,112.5,null
"2021-09-25T01:30:09.000Z",45.701731,5.8834,1.75,4.5,7.25,112.5,null
"2021-09-25T01:34:09.000Z",45.701731,5.8834,1.75,5.75,9.5,112.5,null
"2021-09-25T01:38:09.000Z",45.701731,5.8834,1,6.25,12,112.5,null
"2021-09-25T01:42:13.000Z",45.701731,5.8834,3.25,6.5,10,135,null
"2021-09-25T01:46:13.000Z",45.701731,5.8834,2.75,5.75,11,112.5,null
"2021-09-25T01:50:13.000Z",45.701731,5.8834,2.5,5.75,9.5,112.5,null
"2021-09-25T01:54:17.000Z",45.701731,5.8834,1.75,4.25,8.25,112.5,null
"2021-09-25T01:58:17.000Z",45.701731,5.8834,1.75,4.75,9.75,90,null
"2021-09-25T02:02:17.000Z",45.701731,5.8834,2.5,5.5,9.75,90,null
"2021-09-25T02:06:21.000Z",45.701731,5.8834,0,1.75,5.5,112.5,null
"2021-09-25T02:10:21.000Z",45.701731,5.8834,0,3.5,9.75,112.5,null
"2021-09-25T02:14:21.000Z",45.701731,5.8834,0,4,9,135,null
"2021-09-25T02:18:25.000Z",45.701731,5.8834,0,2.75,8.75,135,null
"2021-09-25T02:22:25.000Z",45.701731,5.8834,0.25,4,8,112.5,null
"2021-09-25T02:26:25.000Z",45.701731,5.8834,0.75,4.5,10,135,null
"2021-09-25T02:30:29.000Z",45.701731,5.8834,2,6.5,11,157.5,null
"2021-09-25T02:34:29.000Z",45.701731,5.8834,0,4,7.75,135,null
"2021-09-25T02:38:29.000Z",45.701731,5.8834,2.75,6.25,11,135,null
"2021-09-25T02:42:33.000Z",45.701731,5.8834,3.25,6.5,12,135,null
"2021-09-25T02:46:33.000Z",45.701731,5.8834,2.5,5.25,8,157.5,null
"2021-09-25T02:50:33.000Z",45.701731,5.8834,3.25,7.25,12,157.5,null
"2021-09-25T02:54:38.000Z",45.701731,5.8834,2.5,7.5,12,157.5,null
"2021-09-25T02:58:38.000Z",45.701731,5.8834,0.25,6,14,135,null
"2021-09-25T03:02:38.000Z",45.701731,5.8834,1.75,5.75,11,135,null
"2021-09-25T03:06:41.000Z",45.701731,5.8834,2.5,6,12.5,112.5,null
"2021-09-25T03:10:41.000Z",45.701731,5.8834,3.25,6.75,12,90,null
"2021-09-25T03:14:41.000Z",45.701731,5.8834,3.5,6.75,11,90,null
"2021-09-25T03:18:46.000Z",45.701731,5.8834,2.75,7,14.5,90,null
"2021-09-25T03:22:46.000Z",45.701731,5.8834,3.25,5.75,9.5,112.5,null
"2021-09-25T03:26:46.000Z",45.701731,5.8834,1,3.75,9.75,112.5,null
"2021-09-25T03:30:49.000Z",45.701731,5.8834,1.5,5,8.75,112.5,null
"2021-09-25T03:34:49.000Z",45.701731,5.8834,1.75,4.75,9.5,112.5,null
"2021-09-25T03:38:49.000Z",45.701731,5.8834,0.75,5.5,11.5,112.5,null
"2021-09-25T03:42:54.000Z",45.701731,5.8834,0,4,9,135,null
"2021-09-25T03:46:54.000Z",45.701731,5.8834,1,5.25,9,135,null
"2021-09-25T03:50:54.000Z",45.701731,5.8834,1.5,6.5,11.5,157.5,null
"2021-09-25T03:54:58.000Z",45.701731,5.8834,2,7.5,12,157.5,null
"2021-09-25T03:58:58.000Z",45.701731,5.8834,4.25,8.75,14.5,157.5,null
"2021-09-25T04:02:58.000Z",45.701731,5.8834,3.75,8.25,13,157.5,null
"2021-09-25T04:07:01.000Z",45.701731,5.8834,1.75,6.5,13.5,157.5,null
"2021-09-25T04:11:01.000Z",45.701731,5.8834,0,1.75,6.25,112.5,null
"2021-09-25T04:15:01.000Z",45.701731,5.8834,0.25,6.5,12,157.5,null
"2021-09-25T04:19:06.000Z",45.701731,5.8834,1,7.25,11,180,null
"2021-09-25T04:23:06.000Z",45.701731,5.8834,4.5,8,11.5,180,null
"2021-09-25T04:27:06.000Z",45.701731,5.8834,1.5,6.5,10.5,157.5,null
"2021-09-25T04:31:09.000Z",45.701731,5.8834,3.75,7.5,10.5,157.5,null
"2021-09-25T04:35:09.000Z",45.701731,5.8834,2.75,7.25,10,157.5,null
"2021-09-25T04:39:09.000Z",45.701731,5.8834,3.5,7.25,13.5,157.5,null
"2021-09-25T04:43:14.000Z",45.701731,5.8834,2,7,13,157.5,null
"2021-09-25T04:47:14.000Z",45.701731,5.8834,1,5,8.25,157.5,null
"2021-09-25T04:51:14.000Z",45.701731,5.8834,1.75,4.75,8.75,157.5,null
"2021-09-25T04:55:18.000Z",45.701731,5.8834,4.75,7.75,11,157.5,null
"2021-09-25T04:59:18.000Z",45.701731,5.8834,0.25,4.5,8.25,157.5,null
"2021-09-25T05:03:18.000Z",45.701731,5.8834,0,4,9.75,135,null
"2021-09-25T05:07:22.000Z",45.701731,5.8834,1.5,4.5,9,112.5,null
"2021-09-25T05:11:22.000Z",45.701731,5.8834,0.75,3,6.25,112.5,null
"2021-09-25T05:15:22.000Z",45.701731,5.8834,0,1.75,5.25,135,null
"2021-09-25T05:19:26.000Z",45.701731,5.8834,0,2.25,5.25,135,null
"2021-09-25T05:23:26.000Z",45.701731,5.8834,1,2.75,5.5,135,null
"2021-09-25T05:27:26.000Z",45.701731,5.8834,0,3.25,7,135,null
"2021-09-25T05:31:29.000Z",45.701731,5.8834,0,2.5,7.75,112.5,null
"2021-09-25T05:35:29.000Z",45.701731,5.8834,0,2.25,4.5,135,null
"2021-09-25T05:39:29.000Z",45.701731,5.8834,1,4.5,7.25,157.5,null
"2021-09-25T05:43:34.000Z",45.701731,5.8834,0.25,3.75,8,157.5,null
"2021-09-25T05:47:34.000Z",45.701731,5.8834,0,3,7.75,135,null
"2021-09-25T05:51:34.000Z",45.701731,5.8834,2,4,6.25,157.5,null
"2021-09-25T05:55:38.000Z",45.701731,5.8834,1.75,4,7.25,157.5,null
"2021-09-25T05:59:38.000Z",45.701731,5.8834,0,3.75,6.5,157.5,null
"2021-09-25T06:03:38.000Z",45.701731,5.8834,0.25,4.5,7.75,157.5,null
"2021-09-25T06:07:42.000Z",45.701731,5.8834,4.25,7.25,11.5,180,null
"2021-09-25T06:11:42.000Z",45.701731,5.8834,1.75,6.5,9.75,180,null
"2021-09-25T06:15:42.000Z",45.701731,5.8834,1.5,4.5,9.5,157.5,null
"2021-09-25T06:19:46.000Z",45.701731,5.8834,0.25,4,9,135,null
"2021-09-25T06:23:46.000Z",45.701731,5.8834,1.5,4.5,9,135,null
"2021-09-25T06:27:46.000Z",45.701731,5.8834,1,5.25,8.75,157.5,null
"2021-09-25T06:31:51.000Z",45.701731,5.8834,2,5.5,8.75,157.5,null
"2021-09-25T06:35:51.000Z",45.701731,5.8834,2,6,8.75,157.5,null
"2021-09-25T06:39:51.000Z",45.701731,5.8834,0.25,5.75,9.5,180,null
"2021-09-25T06:43:54.000Z",45.701731,5.8834,1.5,6,9.75,157.5,null
"2021-09-25T06:47:54.000Z",45.701731,5.8834,2,5.5,9.75,157.5,null
"2021-09-25T06:51:54.000Z",45.701731,5.8834,0.25,3.75,8.75,135,null
"2021-09-25T06:55:58.000Z",45.701731,5.8834,0,2.5,7.25,135,null
"2021-09-25T06:59:58.000Z",45.701731,5.8834,0,3.25,7.75,157.5,null
"2021-09-25T07:03:58.000Z",45.701731,5.8834,0,4.5,9,157.5,null
"2021-09-25T07:08:03.000Z",45.701731,5.8834,0.75,5.5,9.75,157.5,null
"2021-09-25T07:12:03.000Z",45.701731,5.8834,0.25,4,9,135,null
"2021-09-25T07:16:03.000Z",45.701731,5.8834,0,3.25,9.5,157.5,null
"2021-09-25T07:20:06.000Z",45.701731,5.8834,2.5,6.25,10,157.5,null
"2021-09-25T07:24:06.000Z",45.701731,5.8834,1.5,6.25,9.5,180,null
"2021-09-25T07:28:06.000Z",45.701731,5.8834,1.75,7.25,10,157.5,null
"2021-09-25T07:32:10.000Z",45.701731,5.8834,0,4.25,7.75,157.5,null
"2021-09-25T07:36:10.000Z",45.701731,5.8834,0,5.25,9.75,180,null
"2021-09-25T07:40:10.000Z",45.701731,5.8834,1,5.5,9,180,null
"2021-09-25T07:44:14.000Z",45.701731,5.8834,0,3.5,9,180,null
"2021-09-25T07:48:14.000Z",45.701731,5.8834,0.25,4.25,8.75,157.5,null
"2021-09-25T07:52:14.000Z",45.701731,5.8834,0,4.25,7.75,157.5,null
"2021-09-25T07:56:18.000Z",45.701731,5.8834,0,2.25,8.75,180,null
"2021-09-25T08:00:18.000Z",45.701731,5.8834,0,3.5,7,180,null
"2021-09-25T08:04:18.000Z",45.701731,5.8834,1,4.75,7.75,202.5,null
"2021-09-25T08:08:23.000Z",45.701731,5.8834,1.5,4.75,7.75,202.5,null
"2021-09-25T08:12:23.000Z",45.701731,5.8834,1.75,6.5,9.5,180,null
"2021-09-25T08:16:23.000Z",45.701731,5.8834,2.5,6.5,9.5,180,null
"2021-09-25T08:20:26.000Z",45.701731,5.8834,2.5,6.75,10.5,180,null
"2021-09-25T08:24:26.000Z",45.701731,5.8834,2,5.75,9,202.5,null
"2021-09-25T08:28:26.000Z",45.701731,5.8834,0.75,5,9,202.5,null
"2021-09-25T08:32:31.000Z",45.701731,5.8834,1,5.75,9,180,null
"2021-09-25T08:36:31.000Z",45.701731,5.8834,2,6.75,9.75,180,null
"2021-09-25T08:40:31.000Z",45.701731,5.8834,2.5,6,9.75,180,null
"2021-09-25T08:44:35.000Z",45.701731,5.8834,0.75,4.25,7.25,202.5,null
"2021-09-25T08:48:35.000Z",45.701731,5.8834,1,4,6.5,202.5,null
"2021-09-25T08:52:35.000Z",45.701731,5.8834,0,3.5,7,202.5,null
"2021-09-25T08:56:39.000Z",45.701731,5.8834,1.75,4.25,6,202.5,null
"2021-09-25T09:00:39.000Z",45.701731,5.8834,0,3,5.5,202.5,null
"2021-09-25T09:04:39.000Z",45.701731,5.8834,1,2.5,5.5,202.5,null
"2021-09-25T09:08:43.000Z",45.701731,5.8834,0,2.5,4.75,202.5,null
"2021-09-25T09:12:43.000Z",45.701731,5.8834,1.5,3.5,6.25,202.5,null
"2021-09-25T09:16:43.000Z",45.701731,5.8834,0.25,4.25,8.25,202.5,null
"2021-09-25T09:20:46.000Z",45.701731,5.8834,0.75,4.25,7.75,202.5,null
"2021-09-25T09:24:46.000Z",45.701731,5.8834,0.75,3.5,6.5,202.5,null
"2021-09-25T09:28:46.000Z",45.701731,5.8834,0,3.75,6.5,202.5,null
"2021-09-25T09:32:51.000Z",45.701731,5.8834,1.5,4.5,8,180,null
"2021-09-25T09:36:51.000Z",45.701731,5.8834,1,4.75,8.25,180,null
"2021-09-25T09:40:51.000Z",45.701731,5.8834,0,4,9,180,null
"2021-09-25T09:44:55.000Z",45.701731,5.8834,1.5,5.25,8,180,null
"2021-09-25T09:48:55.000Z",45.701731,5.8834,0,3.75,7,180,null
"2021-09-25T09:52:55.000Z",45.701731,5.8834,1.5,3.75,6.25,180,null
"2021-09-25T09:56:59.000Z",45.701731,5.8834,1,4,4.75,202.5,null
"2021-09-25T10:00:59.000Z",45.701731,5.8834,0.75,3,4.5,202.5,null
"2021-09-25T10:04:59.000Z",45.701731,5.8834,2.75,3.5,4.5,225,null
"2021-09-25T10:09:03.000Z",45.701731,5.8834,1.75,2.75,4.25,247.5,null
"2021-09-25T10:13:03.000Z",45.701731,5.8834,1,2,2.75,270,null
"2021-09-25T10:17:03.000Z",45.701731,5.8834,1,2,3.5,292.5,null
"2021-09-25T10:21:07.000Z",45.701731,5.8834,2.5,3.5,4.5,315,null
"2021-09-25T10:25:07.000Z",45.701731,5.8834,3.25,4.25,4.75,315,null
"2021-09-25T10:29:07.000Z",45.701731,5.8834,3.5,4.5,6.5,292.5,null
"2021-09-25T10:33:11.000Z",45.701731,5.8834,4.25,5.5,7,315,null
"2021-09-25T10:37:11.000Z",45.701731,5.8834,4.25,6,7,337.5,null
"2021-09-25T10:41:11.000Z",45.701731,5.8834,5.25,6.75,8.25,0,null
"2021-09-25T10:45:15.000Z",45.701731,5.8834,4.75,7,8.25,0,null
"2021-09-25T10:49:15.000Z",45.701731,5.8834,5.5,7,8.25,0,null
"2021-09-25T10:53:15.000Z",45.701731,5.8834,6.25,7.25,8.25,337.5,null
"2021-09-25T10:57:19.000Z",45.701731,5.8834,7,9.25,12,315,null
"2021-09-25T11:01:19.000Z",45.701731,5.8834,9,11.5,12.5,315,null
"2021-09-25T11:05:19.000Z",45.701731,5.8834,9.5,11.5,13,315,null
"2021-09-25T11:09:24.000Z",45.701731,5.8834,7.25,10,11.5,315,null
"2021-09-25T11:13:24.000Z",45.701731,5.8834,8,10,11.5,315,null
"2021-09-25T11:17:24.000Z",45.701731,5.8834,7.75,9,9.75,315,null
"2021-09-25T11:21:28.000Z",45.701731,5.8834,8.25,9.75,11,315,null
"2021-09-25T11:25:28.000Z",45.701731,5.8834,8,10,11,315,null
"2021-09-25T11:29:28.000Z",45.701731,5.8834,8.25,10.5,12,315,null
"2021-09-25T11:33:31.000Z",45.701731,5.8834,9.75,11,12,337.5,null
"2021-09-25T11:37:31.000Z",45.701731,5.8834,8,10.5,11,337.5,null
"2021-09-25T11:41:31.000Z",45.701731,5.8834,7.25,9,10,337.5,null
"2021-09-25T11:45:35.000Z",45.701731,5.8834,8,9.75,11,337.5,null
"2021-09-25T11:49:35.000Z",45.701731,5.8834,6.25,8.25,9.75,337.5,null
"2021-09-25T11:53:35.000Z",45.701731,5.8834,6.5,8,9,337.5,null
"2021-09-25T11:57:39.000Z",45.701731,5.8834,5.5,7,8,337.5,null
"2021-09-25T12:01:39.000Z",45.701731,5.8834,3.75,5.5,7.75,337.5,null
"2021-09-25T12:05:39.000Z",45.701731,5.8834,2.75,4.25,6,337.5,null
"2021-09-25T12:09:43.000Z",45.701731,5.8834,3.25,5.25,7.25,315,null
"2021-09-25T12:13:43.000Z",45.701731,5.8834,2.75,3.5,4.25,292.5,null
"2021-09-25T12:17:43.000Z",45.701731,5.8834,3.75,5,6,292.5,null
"2021-09-25T12:21:47.000Z",45.701731,5.8834,3.25,4.25,5.75,292.5,null
"2021-09-25T12:25:47.000Z",45.701731,5.8834,1.75,3.5,4.75,315,null
"2021-09-25T12:29:47.000Z",45.701731,5.8834,2,3.75,5.25,337.5,null
"2021-09-25T12:33:52.000Z",45.701731,5.8834,1,2.25,3.75,337.5,null
"2021-09-25T12:37:52.000Z",45.701731,5.8834,2.5,3.75,5.5,292.5,null
"2021-09-25T12:41:52.000Z",45.701731,5.8834,0.25,2,3.75,337.5,null
"2021-09-25T12:45:55.000Z",45.701731,5.8834,0,0.5,2.5,315,null
"2021-09-25T12:49:55.000Z",45.701731,5.8834,2.5,4.25,6,292.5,null
"2021-09-25T12:53:55.000Z",45.701731,5.8834,3.75,5,5.5,270,null
"2021-09-25T12:57:59.000Z",45.701731,5.8834,5,6,6.5,247.5,null
"2021-09-25T13:01:59.000Z",45.701731,5.8834,6,7.25,8.25,247.5,null
"2021-09-25T13:05:59.000Z",45.701731,5.8834,4.5,6.25,8,247.5,null
"2021-09-25T13:10:03.000Z",45.701731,5.8834,3.25,4.25,4.75,270,null
"2021-09-25T13:14:03.000Z",45.701731,5.8834,3.75,4.5,4.75,270,null
"2021-09-25T13:18:03.000Z",45.701731,5.8834,3.5,4,4.5,270,null
"2021-09-25T13:22:08.000Z",45.701731,5.8834,4.25,4.75,5.5,270,null
"2021-09-25T13:26:08.000Z",45.701731,5.8834,3.25,5,5.5,270,null
"2021-09-25T13:30:08.000Z",45.701731,5.8834,2.75,3.5,4.75,292.5,null
"2021-09-25T13:34:11.000Z",45.701731,5.8834,1.75,3,3.75,292.5,null
"2021-09-25T13:38:11.000Z",45.701731,5.8834,1.5,2,2.75,315,null
"2021-09-25T13:42:11.000Z",45.701731,5.8834,2,3.25,4.5,0,null
"2021-09-25T13:46:15.000Z",45.701731,5.8834,1,2.25,3.75,337.5,null
"2021-09-25T13:50:15.000Z",45.701731,5.8834,1,2.25,3.75,0,null
"2021-09-25T13:54:15.000Z",45.701731,5.8834,1.75,3,3.75,0,null
"2021-09-25T13:58:20.000Z",45.701731,5.8834,0.75,1.25,1.75,315,null
"2021-09-25T14:02:20.000Z",45.701731,5.8834,1.5,2.25,3.5,315,null
"2021-09-25T14:06:20.000Z",45.701731,5.8834,3.25,4,4.75,292.5,null
"2021-09-25T14:10:24.000Z",45.701731,5.8834,4.5,5.5,6,292.5,null
"2021-09-25T14:14:24.000Z",45.701731,5.8834,4.25,5.25,6,292.5,null
"2021-09-25T14:18:24.000Z",45.701731,5.8834,2,3.75,4.5,315,null
"2021-09-25T14:22:28.000Z",45.701731,5.8834,1,2,3.5,315,null
"2021-09-25T14:26:28.000Z",45.701731,5.8834,1.75,3.25,5.25,0,null
"2021-09-25T14:30:28.000Z",45.701731,5.8834,1.75,3.5,5.25,0,null
"2021-09-25T14:34:32.000Z",45.701731,5.8834,0,1.75,3.75,22.5,null
"2021-09-25T14:38:32.000Z",45.701731,5.8834,0,0,0,0,null
"2021-09-25T14:42:32.000Z",45.701731,5.8834,0,0,1.75,135,null
"2021-09-25T14:46:35.000Z",45.701731,5.8834,0,0.75,2.25,180,null
"2021-09-25T14:50:35.000Z",45.701731,5.8834,0.25,1.5,2,202.5,null
"2021-09-25T14:54:35.000Z",45.701731,5.8834,0,0.5,1.75,202.5,null
"2021-09-25T14:58:40.000Z",45.701731,5.8834,0,0,0.25,180,null
"2021-09-25T15:02:40.000Z",45.701731,5.8834,0,1,2,180,null
"2021-09-25T15:06:40.000Z",45.701731,5.8834,0,0,0.25,202.5,null
"2021-09-25T15:10:44.000Z",45.701731,5.8834,0,0,0,225,null
"2021-09-25T15:14:44.000Z",45.701731,5.8834,0,0.5,4.75,315,null
"2021-09-25T15:18:44.000Z",45.701731,5.8834,0,2,5.5,315,null
"2021-09-25T15:22:49.000Z",45.701731,5.8834,0,3.5,6.5,292.5,null
"2021-09-25T15:26:49.000Z",45.701731,5.8834,2,4,5.5,315,null
"2021-09-25T15:30:49.000Z",45.701731,5.8834,3.25,5,7,270,null
"2021-09-25T15:34:52.000Z",45.701731,5.8834,0,2.5,5.25,270,null
"2021-09-25T15:38:52.000Z",45.701731,5.8834,0,1,3.5,67.5,null
"2021-09-25T15:42:52.000Z",45.701731,5.8834,0,1.75,3.75,45,null
"2021-09-25T15:46:56.000Z",45.701731,5.8834,0,0.75,1.75,292.5,null
"2021-09-25T15:50:56.000Z",45.701731,5.8834,0,2.5,3.75,45,null
"2021-09-25T15:54:56.000Z",45.701731,5.8834,0.25,2.25,3.5,112.5,null
"2021-09-25T15:59:01.000Z",45.701731,5.8834,0.25,2,3.5,135,null
"2021-09-25T16:03:01.000Z",45.701731,5.8834,0,0.5,1.5,135,null
"2021-09-25T16:07:01.000Z",45.701731,5.8834,0,1,6.25,292.5,null
"2021-09-25T16:11:52.000Z",45.701731,5.8834,4.25,5.75,7,270,null
"2021-09-25T16:15:52.000Z",45.701731,5.8834,0,1.75,6,270,null
"2021-09-25T16:19:52.000Z",45.701731,5.8834,0.75,2.5,4.25,180,null
"2021-09-25T16:23:56.000Z",45.701731,5.8834,1,2.75,3.75,90,null
"2021-09-25T16:27:56.000Z",45.701731,5.8834,1.75,2.75,4.25,67.5,null
"2021-09-25T16:31:56.000Z",45.701731,5.8834,0,1,3.25,90,null
"2021-09-25T16:36:00.000Z",45.701731,5.8834,0,3,4.5,292.5,null
"2021-09-25T16:40:00.000Z",45.701731,5.8834,0,2.5,4.25,292.5,null
"2021-09-25T16:44:00.000Z",45.701731,5.8834,0.75,2,3.75,292.5,null
"2021-09-25T16:48:04.000Z",45.701731,5.8834,0.25,3,5.5,22.5,null
"2021-09-25T16:52:04.000Z",45.701731,5.8834,1.5,4.25,6.25,22.5,null
"2021-09-25T16:56:04.000Z",45.701731,5.8834,2,4.25,6.25,22.5,null
"2021-09-25T17:00:08.000Z",45.701731,5.8834,2,3.5,4.75,45,null
"2021-09-25T17:04:08.000Z",45.701731,5.8834,0.25,2.5,4.25,22.5,null
"2021-09-25T17:08:08.000Z",45.701731,5.8834,0.75,2.75,3.75,337.5,null
"2021-09-25T17:12:13.000Z",45.701731,5.8834,1.75,3.75,4.5,315,null
"2021-09-25T17:16:13.000Z",45.701731,5.8834,4.5,5.5,6.25,337.5,null
"2021-09-25T17:20:13.000Z",45.701731,5.8834,4.75,5.5,6,337.5,null
"2021-09-25T17:24:17.000Z",45.701731,5.8834,1.75,4.75,5.75,0,null
"2021-09-25T17:28:17.000Z",45.701731,5.8834,1.5,3,4.25,0,null
"2021-09-25T17:32:17.000Z",45.701731,5.8834,2,5.5,7,337.5,null
"2021-09-25T17:36:21.000Z",45.701731,5.8834,1,4.5,6.75,22.5,null
"2021-09-25T17:40:21.000Z",45.701731,5.8834,0,4.5,10.5,337.5,null
"2021-09-25T17:44:21.000Z",45.701731,5.8834,0.25,3.5,7,135,null
"2021-09-25T17:48:24.000Z",45.701731,5.8834,0,6,15.5,225,null
"2021-09-25T17:52:24.000Z",45.701731,5.8834,7,11.5,14.5,247.5,null
"2021-09-25T17:56:24.000Z",45.701731,5.8834,0,4.25,8.25,180,null
"2021-09-25T18:00:29.000Z",45.701731,5.8834,1.5,5.25,7.25,90,null
"2021-09-25T18:04:29.000Z",45.701731,5.8834,2,3.25,5.25,90,null
"2021-09-25T18:08:29.000Z",45.701731,5.8834,1.75,3.5,5.5,67.5,null
"2021-09-25T18:12:32.000Z",45.701731,5.8834,0,1.25,5.25,90,null
"2021-09-25T18:16:32.000Z",45.701731,5.8834,0,1,3.5,22.5,null
"2021-09-25T18:20:32.000Z",45.701731,5.8834,1.75,2.75,4.25,67.5,null
"2021-09-25T18:24:37.000Z",45.701731,5.8834,2,3.25,4.5,90,null
"2021-09-25T18:28:37.000Z",45.701731,5.8834,2.75,3.75,4.5,90,null
"2021-09-25T18:32:37.000Z",45.701731,5.8834,0.75,2.5,3.75,67.5,null
"2021-09-25T18:36:41.000Z",45.701731,5.8834,0,0.5,1.5,90,null
"2021-09-25T18:40:41.000Z",45.701731,5.8834,0,0.75,3.5,135,null
"2021-09-25T18:44:41.000Z",45.701731,5.8834,3.75,9.5,14.5,315,null
"2021-09-25T18:48:45.000Z",45.701731,5.8834,6.25,10,13,315,null
"2021-09-25T18:52:45.000Z",45.701731,5.8834,6.5,9,11,315,null
"2021-09-25T18:56:45.000Z",45.701731,5.8834,6.25,10.5,13,337.5,null
"2021-09-25T19:00:49.000Z",45.701731,5.8834,8.75,10,12,337.5,null
"2021-09-25T19:04:49.000Z",45.701731,5.8834,4.5,8.25,11,0,null
"2021-09-25T19:08:49.000Z",45.701731,5.8834,2,5.5,8,22.5,null
"2021-09-25T19:12:53.000Z",45.701731,5.8834,1.75,3.5,4.75,22.5,null
"2021-09-25T19:16:53.000Z",45.701731,5.8834,0.75,2.75,5.25,0,null
"2021-09-25T19:20:53.000Z",45.701731,5.8834,0.25,2.75,5.5,0,null
"2021-09-25T19:24:57.000Z",45.701731,5.8834,2,4,7.25,45,null
"2021-09-25T19:28:57.000Z",45.701731,5.8834,2,4.25,6.25,45,null
"2021-09-25T19:32:57.000Z",45.701731,5.8834,1,2.75,4.75,67.5,null
"2021-09-25T19:37:01.000Z",45.701731,5.8834,0.25,2.25,3.75,90,null
"2021-09-25T19:41:01.000Z",45.701731,5.8834,2.5,3.75,6.5,112.5,null
"2021-09-25T19:45:01.000Z",45.701731,5.8834,2,3.75,5.5,112.5,null
"2021-09-25T19:49:05.000Z",45.701731,5.8834,1.75,3,5.25,90,null
"2021-09-25T19:53:05.000Z",45.701731,5.8834,1.75,3.25,6,112.5,null
"2021-09-25T19:57:05.000Z",45.701731,5.8834,2.5,4.75,7.25,90,null
"2021-09-25T20:01:09.000Z",45.701731,5.8834,3.5,4.75,6.25,90,null
"2021-09-25T20:05:09.000Z",45.701731,5.8834,3.25,4.5,6.25,90,null
"2021-09-25T20:09:09.000Z",45.701731,5.8834,3.25,4.5,5.5,112.5,null
"2021-09-25T20:13:13.000Z",45.701731,5.8834,0,2.25,6,67.5,null
"2021-09-25T20:17:13.000Z",45.701731,5.8834,0,1.75,5.25,22.5,null
"2021-09-25T20:21:13.000Z",45.701731,5.8834,0.25,1.75,3.25,315,null
"2021-09-25T20:25:17.000Z",45.701731,5.8834,0,1.5,3.25,0,null
"2021-09-25T20:29:17.000Z",45.701731,5.8834,2.5,4.75,7.25,90,null
"2021-09-25T20:33:17.000Z",45.701731,5.8834,0.25,2.25,6,90,null
"2021-09-25T20:37:21.000Z",45.701731,5.8834,0.25,3.5,5.5,67.5,null
"2021-09-25T20:41:21.000Z",45.701731,5.8834,2,3,4.5,90,null
"2021-09-25T20:45:21.000Z",45.701731,5.8834,0,2,3.75,67.5,null
"2021-09-25T20:49:25.000Z",45.701731,5.8834,0.75,4.75,9.5,157.5,null
"2021-09-25T20:53:25.000Z",45.701731,5.8834,1.5,5,8.75,157.5,null
"2021-09-25T20:57:25.000Z",45.701731,5.8834,0.25,3,6,157.5,null
"2021-09-25T21:01:29.000Z",45.701731,5.8834,2,3.75,6.5,112.5,null
"2021-09-25T21:05:29.000Z",45.701731,5.8834,2.75,4.75,8,90,null
"2021-09-25T21:09:29.000Z",45.701731,5.8834,3.5,5,7,112.5,null
"2021-09-25T21:13:33.000Z",45.701731,5.8834,2.75,5.75,8,90,null
"2021-09-25T21:17:33.000Z",45.701731,5.8834,3.5,7,9.5,90,null
"2021-09-25T21:21:33.000Z",45.701731,5.8834,2.75,5.25,8,90,null
"2021-09-25T21:25:37.000Z",45.701731,5.8834,2.5,4.75,7.75,90,null
"2021-09-25T21:29:37.000Z",45.701731,5.8834,2.75,4.25,5.5,90,null
"2021-09-25T21:33:37.000Z",45.701731,5.8834,2,3.75,5.25,90,null
"2021-09-25T21:37:41.000Z",45.701731,5.8834,3.25,4,4.75,90,null
"2021-09-25T21:41:41.000Z",45.701731,5.8834,3.5,5.5,8,90,null
"2021-09-25T21:45:41.000Z",45.701731,5.8834,2.75,4.75,7.25,90,null
"2021-09-25T21:49:46.000Z",45.701731,5.8834,2.75,4.5,8.25,112.5,null
"2021-09-25T21:53:46.000Z",45.701731,5.8834,2.75,5,7.25,112.5,null
"2021-09-25T21:57:46.000Z",45.701731,5.8834,3.25,5.5,8,90,null
"2021-09-25T22:01:50.000Z",45.701731,5.8834,2.75,5.25,8,90,null
"2021-09-25T22:05:50.000Z",45.701731,5.8834,2.75,4.25,7,90,null
"2021-09-25T22:09:50.000Z",45.701731,5.8834,1.75,3.5,8,90,null
"2021-09-25T22:13:53.000Z",45.701731,5.8834,3.5,6,9,90,null
"2021-09-25T22:17:53.000Z",45.701731,5.8834,2.5,4,7,90,null
"2021-09-25T22:21:53.000Z",45.701731,5.8834,2.5,4.25,6.5,112.5,null
"2021-09-25T22:25:58.000Z",45.701731,5.8834,3.25,5.25,7.75,112.5,null
"2021-09-25T22:29:58.000Z",45.701731,5.8834,3.25,5,7.75,112.5,null
"2021-09-25T22:33:58.000Z",45.701731,5.8834,2.75,4.5,6.25,112.5,null
"2021-09-25T22:38:01.000Z",45.701731,5.8834,2.5,5.25,9.75,112.5,null
"2021-09-25T22:42:01.000Z",45.701731,5.8834,2.75,5,8,112.5,null
"2021-09-25T22:46:01.000Z",45.701731,5.8834,2.75,4.75,7,112.5,null
"2021-09-25T22:50:06.000Z",45.701731,5.8834,3.25,4.75,6.25,112.5,null
"2021-09-25T22:54:06.000Z",45.701731,5.8834,2.75,5.25,7.75,112.5,null
"2021-09-25T22:58:06.000Z",45.701731,5.8834,1.75,4.5,7.25,112.5,null
"2021-09-25T23:02:10.000Z",45.701731,5.8834,2.5,4.75,8.25,112.5,null
"2021-09-25T23:06:10.000Z",45.701731,5.8834,2.75,5,7.75,90,null
"2021-09-25T23:10:10.000Z",45.701731,5.8834,3.25,5.25,8.25,90,null
"2021-09-25T23:14:13.000Z",45.701731,5.8834,3.25,5.75,9,112.5,null
"2021-09-25T23:18:13.000Z",45.701731,5.8834,1.75,4.25,8.25,112.5,null
"2021-09-25T23:22:13.000Z",45.701731,5.8834,1.5,3,6.25,112.5,null
"2021-09-25T23:26:18.000Z",45.701731,5.8834,1.5,3.5,7,112.5,null
"2021-09-25T23:30:18.000Z",45.701731,5.8834,1.5,4.25,6.5,112.5,null
"2021-09-25T23:34:18.000Z",45.701731,5.8834,1.75,4.25,7.75,112.5,null
"2021-09-25T23:38:21.000Z",45.701731,5.8834,1,3.5,6.5,135,null
"2021-09-25T23:42:21.000Z",45.701731,5.8834,1.75,4.5,6.5,135,null
"2021-09-25T23:46:21.000Z",45.701731,5.8834,0,2.75,7,135,null
"2021-09-25T23:50:26.000Z",45.701731,5.8834,0.25,2.75,6,157.5,null
"2021-09-25T23:54:26.000Z",45.701731,5.8834,1.75,4,6.5,135,null
"2021-09-25T23:58:26.000Z",45.701731,5.8834,2,5.5,8.75,112.5,null
"2021-09-26T00:02:30.000Z",45.701731,5.8834,0,2.75,6.5,135,null
"2021-09-26T00:06:30.000Z",45.701731,5.8834,1.5,3.5,6.5,112.5,null
"2021-09-26T00:10:30.000Z",45.701731,5.8834,1.5,4.75,8,112.5,null
"2021-09-26T00:14:34.000Z",45.701731,5.8834,0.25,3,8.25,135,null
"2021-09-26T00:18:34.000Z",45.701731,5.8834,0,3.25,8.25,112.5,null
"2021-09-26T00:22:34.000Z",45.701731,5.8834,3.5,7.25,12,90,null
"2021-09-26T00:26:38.000Z",45.701731,5.8834,1,4,7,112.5,null
"2021-09-26T00:30:38.000Z",45.701731,5.8834,0.75,4.75,8.75,112.5,null
"2021-09-26T00:34:38.000Z",45.701731,5.8834,1.5,4.75,11,90,null
"2021-09-26T00:38:42.000Z",45.701731,5.8834,2,6.5,12.5,90,null
"2021-09-26T00:42:42.000Z",45.701731,5.8834,2.5,7.25,12,112.5,null
"2021-09-26T00:46:42.000Z",45.701731,5.8834,0.75,4.25,7.25,157.5,null
"2021-09-26T00:50:47.000Z",45.701731,5.8834,3.5,5.25,9,90,null
"2021-09-26T00:54:47.000Z",45.701731,5.8834,2.75,5.75,9.75,90,null
"2021-09-26T00:58:47.000Z",45.701731,5.8834,3.25,6,9.75,90,null
"2021-09-26T01:02:50.000Z",45.701731,5.8834,3.25,7,10,90,null
"2021-09-26T01:06:50.000Z",45.701731,5.8834,2.75,7.25,11,90,null
"2021-09-26T01:10:50.000Z",45.701731,5.8834,2,6.5,11.5,90,null
"2021-09-26T01:14:54.000Z",45.701731,5.8834,5.25,9.5,13,90,null
"2021-09-26T01:18:54.000Z",45.701731,5.8834,2.75,8.75,15.5,90,null
"2021-09-26T01:22:54.000Z",45.701731,5.8834,0.75,4.75,8.75,90,null
"2021-09-26T01:26:58.000Z",45.701731,5.8834,2.25,4.75,7.75,135,null
"2021-09-26T01:30:58.000Z",45.701731,5.8834,3.25,5.75,7.75,90,null
"2021-09-26T01:34:58.000Z",45.701731,5.8834,1.5,5.5,9.75,90,null
"2021-09-26T01:39:03.000Z",45.701731,5.8834,3.25,6,9.75,90,null
"2021-09-26T01:43:03.000Z",45.701731,5.8834,2.5,6,9.5,90,null
"2021-09-26T01:47:03.000Z",45.701731,5.8834,1.75,4.25,7,112.5,null
"2021-09-26T01:51:06.000Z",45.701731,5.8834,1.5,4.75,9.5,135,null
"2021-09-26T01:55:06.000Z",45.701731,5.8834,1,5.25,8,112.5,null
"2021-09-26T01:59:06.000Z",45.701731,5.8834,3.5,6.5,11,90,null
"2021-09-26T02:03:11.000Z",45.701731,5.8834,3.75,6.25,9,112.5,null
"2021-09-26T02:07:11.000Z",45.701731,5.8834,1,6.5,11.5,112.5,null
"2021-09-26T02:11:11.000Z",45.701731,5.8834,0,6.75,14,90,null
"2021-09-26T02:15:14.000Z",45.701731,5.8834,0,2.25,6.5,180,null
"2021-09-26T02:19:14.000Z",45.701731,5.8834,2,4.25,7,90,null
"2021-09-26T02:23:14.000Z",45.701731,5.8834,0,1.75,3.75,202.5,null
"2021-09-26T02:27:19.000Z",45.701731,5.8834,0,2,4.25,337.5,null
"2021-09-26T02:31:19.000Z",45.701731,5.8834,0.25,2.25,4.75,67.5,null
"2021-09-26T02:35:19.000Z",45.701731,5.8834,0.75,4,8.75,67.5,null
"2021-09-26T02:39:22.000Z",45.701731,5.8834,4.25,9.25,13,90,null
"2021-09-26T02:43:22.000Z",45.701731,5.8834,4.75,7.5,9,45,null
"2021-09-26T02:47:22.000Z",45.701731,5.8834,4.5,10,18,67.5,null
"2021-09-26T02:51:27.000Z",45.701731,5.8834,2.5,10,19,90,null
"2021-09-26T02:55:27.000Z",45.701731,5.8834,0,3.25,8,180,null
"2021-09-26T02:59:27.000Z",45.701731,5.8834,1,4.25,8,180,null
"2021-09-26T03:03:31.000Z",45.701731,5.8834,2.75,12.5,33,247.5,null
"2021-09-26T03:07:31.000Z",45.701731,5.8834,6.25,20,35.5,225,null
"2021-09-26T03:11:31.000Z",45.701731,5.8834,0,11.5,28,180,null
"2021-09-26T03:15:35.000Z",45.701731,5.8834,4.25,20.5,39.5,202.5,null
"2021-09-26T03:19:35.000Z",45.701731,5.8834,2.5,11.5,21,180,null
"2021-09-26T03:23:35.000Z",45.701731,5.8834,1.75,8.5,22,202.5,null
"2021-09-26T03:27:39.000Z",45.701731,5.8834,1,3.5,6.25,67.5,null
"2021-09-26T03:31:39.000Z",45.701731,5.8834,0.25,4.25,9.75,22.5,null
"2021-09-26T03:35:39.000Z",45.701731,5.8834,1.75,6,13,22.5,null
"2021-09-26T03:39:43.000Z",45.701731,5.8834,2.75,6.75,13,0,null
"2021-09-26T03:43:43.000Z",45.701731,5.8834,3.25,6,9.5,22.5,null
"2021-09-26T03:47:43.000Z",45.701731,5.8834,0.25,3.75,9,67.5,null
"2021-09-26T03:51:47.000Z",45.701731,5.8834,0,5.75,14.5,157.5,null
"2021-09-26T03:55:47.000Z",45.701731,5.8834,1.5,8,21,180,null
"2021-09-26T03:59:47.000Z",45.701731,5.8834,2.75,11.5,19,157.5,null
"2021-09-26T04:03:51.000Z",45.701731,5.8834,7,16,26,202.5,null
"2021-09-26T04:07:51.000Z",45.701731,5.8834,6.5,15,22.5,202.5,null
"2021-09-26T04:11:51.000Z",45.701731,5.8834,4.75,18,24.5,202.5,null
"2021-09-26T04:15:55.000Z",45.701731,5.8834,5.5,19,26,202.5,null
"2021-09-26T04:19:55.000Z",45.701731,5.8834,6.25,17,23.5,202.5,null
"2021-09-26T04:23:55.000Z",45.701731,5.8834,4.25,13,21,202.5,null
"2021-09-26T04:27:59.000Z",45.701731,5.8834,3.75,11,19,202.5,null
"2021-09-26T04:31:59.000Z",45.701731,5.8834,1.5,6.5,13,180,null
"2021-09-26T04:35:59.000Z",45.701731,5.8834,2.5,9.25,18.5,202.5,null
"2021-09-26T04:40:03.000Z",45.701731,5.8834,3.5,12,21.5,202.5,null
"2021-09-26T04:44:03.000Z",45.701731,5.8834,2.75,11,19,202.5,null
"2021-09-26T04:48:03.000Z",45.701731,5.8834,4.5,12.5,22,202.5,null
"2021-09-26T04:52:07.000Z",45.701731,5.8834,7.25,16.5,23.5,202.5,null
"2021-09-26T04:56:07.000Z",45.701731,5.8834,10,18.5,25.5,202.5,null
"2021-09-26T05:00:07.000Z",45.701731,5.8834,7,15,25.5,202.5,null
"2021-09-26T05:04:11.000Z",45.701731,5.8834,4.5,13.5,23.5,202.5,null
"2021-09-26T05:08:11.000Z",45.701731,5.8834,6.25,17.5,27,180,null
"2021-09-26T05:12:11.000Z",45.701731,5.8834,6.25,17,26,202.5,null
"2021-09-26T05:16:15.000Z",45.701731,5.8834,7.25,17,26,180,null
"2021-09-26T05:20:15.000Z",45.701731,5.8834,7,24.5,40,202.5,null
"2021-09-26T05:24:15.000Z",45.701731,5.8834,7.75,24,34,202.5,null
"2021-09-26T05:28:19.000Z",45.701731,5.8834,4.75,18.5,30.5,202.5,null
"2021-09-26T05:32:19.000Z",45.701731,5.8834,8.75,19,34.5,202.5,null
"2021-09-26T05:36:19.000Z",45.701731,5.8834,7,19.5,34,202.5,null
"2021-09-26T05:40:23.000Z",45.701731,5.8834,11.5,21,33,202.5,null
"2021-09-26T05:44:23.000Z",45.701731,5.8834,9.5,22.5,34,202.5,null
"2021-09-26T05:48:23.000Z",45.701731,5.8834,15.5,29.5,40.5,202.5,null
"2021-09-26T05:52:27.000Z",45.701731,5.8834,15.5,30.5,43.5,202.5,null
"2021-09-26T05:56:27.000Z",45.701731,5.8834,15,32,50,202.5,null
"2021-09-26T06:00:27.000Z",45.701731,5.8834,13.5,36.5,56.5,202.5,null
"2021-09-26T06:04:32.000Z",45.701731,5.8834,16,39,53.5,202.5,null
"2021-09-26T06:08:32.000Z",45.701731,5.8834,17.5,34,48.5,202.5,null
"2021-09-26T06:12:32.000Z",45.701731,5.8834,18,33.5,48.5,202.5,null
"2021-09-26T06:16:35.000Z",45.701731,5.8834,17.5,36,51,202.5,null
"2021-09-26T06:20:35.000Z",45.701731,5.8834,17.5,42.5,53.5,202.5,null
"2021-09-26T06:24:35.000Z",45.701731,5.8834,16.5,39,55,202.5,null
"2021-09-26T06:28:40.000Z",45.701731,5.8834,20,36,53,202.5,null
"2021-09-26T06:32:40.000Z",45.701731,5.8834,8.25,42,55.5,202.5,null
"2021-09-26T06:36:40.000Z",45.701731,5.8834,20,39.5,55,202.5,null
"2021-09-26T06:40:43.000Z",45.701731,5.8834,18,40,61.5,202.5,null
"2021-09-26T06:44:43.000Z",45.701731,5.8834,20,40,73,202.5,null
"2021-09-26T06:48:43.000Z",45.701731,5.8834,21,41,55.5,202.5,null
"2021-09-26T06:52:48.000Z",45.701731,5.8834,25.5,42.5,56,202.5,null
"2021-09-26T06:56:48.000Z",45.701731,5.8834,24.5,43.5,54.5,202.5,null
"2021-09-26T07:00:48.000Z",45.701731,5.8834,21,45,75,202.5,null
"2021-09-26T07:04:52.000Z",45.701731,5.8834,12,39.5,58,202.5,null
"2021-09-26T07:08:52.000Z",45.701731,5.8834,15.5,42,61,202.5,null
"2021-09-26T07:12:52.000Z",45.701731,5.8834,29,50.5,66,202.5,null
"2021-09-26T07:16:56.000Z",45.701731,5.8834,30.5,52,64.5,202.5,null
"2021-09-26T07:20:56.000Z",45.701731,5.8834,42,54,68.5,202.5,null
"2021-09-26T07:24:56.000Z",45.701731,5.8834,25.5,47,63.5,202.5,null
"2021-09-26T07:29:00.000Z",45.701731,5.8834,26,43,58,202.5,null
"2021-09-26T07:33:00.000Z",45.701731,5.8834,30,43,53.5,202.5,null
"2021-09-26T07:37:00.000Z",45.701731,5.8834,24.5,42.5,57.5,202.5,null
"2021-09-26T07:41:04.000Z",45.701731,5.8834,13,41,58,202.5,null
"2021-09-26T07:45:04.000Z",45.701731,5.8834,19.5,39,61,202.5,null
"2021-09-26T07:49:04.000Z",45.701731,5.8834,21,44,64.5,202.5,null
"2021-09-26T07:53:07.000Z",45.701731,5.8834,19,42.5,62.5,202.5,null
"2021-09-26T07:57:07.000Z",45.701731,5.8834,22,46.5,63.5,202.5,null
"2021-09-26T08:01:07.000Z",45.701731,5.8834,19,39.5,60,202.5,null
"2021-09-26T08:05:12.000Z",45.701731,5.8834,29,49.5,65,202.5,null
"2021-09-26T08:09:12.000Z",45.701731,5.8834,24,43,59,202.5,null
"2021-09-26T08:13:12.000Z",45.701731,5.8834,14.5,43,69.5,202.5,null
"2021-09-26T08:17:16.000Z",45.701731,5.8834,17.5,46,63,202.5,null
"2021-09-26T08:21:16.000Z",45.701731,5.8834,26,44.5,70.5,202.5,null
"2021-09-26T08:25:16.000Z",45.701731,5.8834,17,43.5,71,202.5,null
"2021-09-26T08:29:20.000Z",45.701731,5.8834,27,47,67,202.5,null
"2021-09-26T08:33:20.000Z",45.701731,5.8834,27,43,66,202.5,null
"2021-09-26T08:37:20.000Z",45.701731,5.8834,23.5,46,60.5,202.5,null
"2021-09-26T08:41:24.000Z",45.701731,5.8834,26,44.5,63.5,202.5,null
"2021-09-26T08:45:24.000Z",45.701731,5.8834,28,47,68.5,202.5,null
"2021-09-26T08:49:24.000Z",45.701731,5.8834,25,47.5,68,202.5,null
"2021-09-26T08:53:28.000Z",45.701731,5.8834,31.5,48.5,66,202.5,null
"2021-09-26T08:57:28.000Z",45.701731,5.8834,35,53,67,202.5,null
"2021-09-26T09:01:28.000Z",45.701731,5.8834,35,52.5,66,202.5,null
"2021-09-26T09:05:32.000Z",45.701731,5.8834,37,54.5,65,202.5,null
"2021-09-26T09:09:32.000Z",45.701731,5.8834,30.5,50.5,62,202.5,null
"2021-09-26T09:13:32.000Z",45.701731,5.8834,24.5,49.5,61,202.5,null
"2021-09-26T09:17:36.000Z",45.701731,5.8834,36,53.5,62.5,202.5,null
"2021-09-26T09:21:36.000Z",45.701731,5.8834,32,48,60,202.5,null
"2021-09-26T09:25:36.000Z",45.701731,5.8834,21.5,43.5,61.5,202.5,null
"2021-09-26T09:29:41.000Z",45.701731,5.8834,24,40,58,202.5,null
"2021-09-26T09:33:41.000Z",45.701731,5.8834,20,40.5,58,202.5,null
"2021-09-26T09:37:41.000Z",45.701731,5.8834,19,39,55.5,202.5,null
"2021-09-26T09:41:44.000Z",45.701731,5.8834,21.5,40,55.5,202.5,null
"2021-09-26T09:45:44.000Z",45.701731,5.8834,19.5,33,53.5,202.5,null
"2021-09-26T09:49:44.000Z",45.701731,5.8834,19,34.5,52,202.5,null
"2021-09-26T09:53:48.000Z",45.701731,5.8834,12,26,41,202.5,null
"2021-09-26T09:57:48.000Z",45.701731,5.8834,13,26,37,202.5,null
"2021-09-26T10:01:48.000Z",45.701731,5.8834,7,21,32.5,202.5,null
"2021-09-26T10:05:52.000Z",45.701731,5.8834,8.25,17.5,26,202.5,null
"2021-09-26T10:09:52.000Z",45.701731,5.8834,1,14,25.5,202.5,null
"2021-09-26T10:13:52.000Z",45.701731,5.8834,0.75,6.75,16,157.5,null
"2021-09-26T10:17:56.000Z",45.701731,5.8834,2.75,12,32.5,157.5,null
"2021-09-26T10:21:56.000Z",45.701731,5.8834,3.75,9.5,20,135,null
"2021-09-26T10:25:56.000Z",45.701731,5.8834,1.75,6.75,11.5,90,null
"2021-09-26T10:30:01.000Z",45.701731,5.8834,1,5.25,11.5,112.5,null
"2021-09-26T10:34:01.000Z",45.701731,5.8834,3.25,7.75,14.5,90,null
"2021-09-26T10:38:01.000Z",45.701731,5.8834,0.25,4.25,12,90,null
"2021-09-26T10:42:05.000Z",45.701731,5.8834,0,4.75,13.5,112.5,null
"2021-09-26T10:46:05.000Z",45.701731,5.8834,1,6.25,12,112.5,null
"2021-09-26T10:50:05.000Z",45.701731,5.8834,1.5,5.5,12,90,null
"2021-09-26T10:54:08.000Z",45.701731,5.8834,0.75,5.5,11.5,112.5,null
"2021-09-26T10:58:08.000Z",45.701731,5.8834,0,3,9.5,90,null
"2021-09-26T11:02:08.000Z",45.701731,5.8834,0,2.5,7,90,null
"2021-09-26T11:06:13.000Z",45.701731,5.8834,0,3,7.75,90,null
"2021-09-26T11:10:13.000Z",45.701731,5.8834,0,3.75,8.25,135,null
"2021-09-26T11:14:13.000Z",45.701731,5.8834,0,1,4.25,157.5,null
"2021-09-26T11:18:16.000Z",45.701731,5.8834,0,2.75,7.25,180,null
"2021-09-26T11:22:16.000Z",45.701731,5.8834,0,5,13,157.5,null
"2021-09-26T11:26:16.000Z",45.701731,5.8834,3.5,8.5,14.5,157.5,null
"2021-09-26T11:30:21.000Z",45.701731,5.8834,0.25,10.5,21.5,157.5,null
"2021-09-26T11:34:21.000Z",45.701731,5.8834,1.5,9.25,17.5,157.5,null
"2021-09-26T11:38:21.000Z",45.701731,5.8834,3.25,11,20.5,157.5,null
"2021-09-26T11:42:25.000Z",45.701731,5.8834,3.75,12.5,21.5,157.5,null
"2021-09-26T11:46:25.000Z",45.701731,5.8834,3.25,15,24,157.5,null
"2021-09-26T11:50:25.000Z",45.701731,5.8834,6.5,18,29,157.5,null
"2021-09-26T11:54:29.000Z",45.701731,5.8834,6.25,18.5,28.5,157.5,null
"2021-09-26T11:58:29.000Z",45.701731,5.8834,6.25,18.5,28,157.5,null
"2021-09-26T12:02:29.000Z",45.701731,5.8834,6.5,16,25,180,null
"2021-09-26T12:06:33.000Z",45.701731,5.8834,6.25,16.5,25.5,180,null
"2021-09-26T12:10:33.000Z",45.701731,5.8834,2,15,24.5,180,null
"2021-09-26T12:14:33.000Z",45.701731,5.8834,5.25,16,27.5,180,null
"2021-09-26T12:18:37.000Z",45.701731,5.8834,9.5,17.5,28,180,null
"2021-09-26T12:22:37.000Z",45.701731,5.8834,6.5,17,26.5,180,null
"2021-09-26T12:26:37.000Z",45.701731,5.8834,4.75,16,28,180,null
"2021-09-26T12:30:41.000Z",45.701731,5.8834,5.25,15.5,25,180,null
"2021-09-26T12:34:41.000Z",45.701731,5.8834,5.25,14.5,23.5,180,null
"2021-09-26T12:38:41.000Z",45.701731,5.8834,6.5,17,27.5,180,null
"2021-09-26T12:42:45.000Z",45.701731,5.8834,5.5,16,29,180,null
"2021-09-26T12:46:45.000Z",45.701731,5.8834,5.5,15.5,26.5,180,null
"2021-09-26T12:50:45.000Z",45.701731,5.8834,2.5,13,23.5,180,null
"2021-09-26T12:54:49.000Z",45.701731,5.8834,5.25,15,26,180,null
"2021-09-26T12:58:49.000Z",45.701731,5.8834,2.5,13.5,21,180,null
"2021-09-26T13:02:49.000Z",45.701731,5.8834,1.5,12.5,22.5,180,null
"2021-09-26T13:06:53.000Z",45.701731,5.8834,3.75,12.5,18.5,180,null
"2021-09-26T13:10:53.000Z",45.701731,5.8834,4.75,11,17.5,180,null
"2021-09-26T13:14:53.000Z",45.701731,5.8834,4.75,12.5,19.5,180,null
"2021-09-26T13:18:57.000Z",45.701731,5.8834,7,14.5,22.5,180,null
"2021-09-26T13:22:57.000Z",45.701731,5.8834,2.5,12.5,19.5,180,null
"2021-09-26T13:26:57.000Z",45.701731,5.8834,7,13.5,19,180,null
"2021-09-26T13:31:01.000Z",45.701731,5.8834,2.5,11.5,18,157.5,null
"2021-09-26T13:35:01.000Z",45.701731,5.8834,3.75,11.5,18,157.5,null
"2021-09-26T13:39:01.000Z",45.701731,5.8834,6,12.5,18.5,157.5,null
"2021-09-26T13:43:05.000Z",45.701731,5.8834,3.25,12,17.5,157.5,null
"2021-09-26T13:47:05.000Z",45.701731,5.8834,3.75,12,17,157.5,null
"2021-09-26T13:51:05.000Z",45.701731,5.8834,3.75,11.5,19.5,180,null
"2021-09-26T13:55:09.000Z",45.701731,5.8834,1.75,11.5,18.5,157.5,null
"2021-09-26T13:59:09.000Z",45.701731,5.8834,4.5,12.5,19.5,157.5,null
"2021-09-26T14:03:09.000Z",45.701731,5.8834,4.25,12.5,18.5,180,null
"2021-09-26T14:07:13.000Z",45.701731,5.8834,3.5,11,18,180,null
"2021-09-26T14:11:13.000Z",45.701731,5.8834,4.5,11.5,18.5,180,null
"2021-09-26T14:15:13.000Z",45.701731,5.8834,5.5,13.5,21.5,180,null
"2021-09-26T14:19:17.000Z",45.701731,5.8834,4.5,14,20,180,null
"2021-09-26T14:23:17.000Z",45.701731,5.8834,4.75,14,23.5,180,null
"2021-09-26T14:27:17.000Z",45.701731,5.8834,5.25,14,22.5,180,null
"2021-09-26T14:31:22.000Z",45.701731,5.8834,4.25,13,21.5,180,null
"2021-09-26T14:35:22.000Z",45.701731,5.8834,4.25,12,22.5,180,null
"2021-09-26T14:39:22.000Z",45.701731,5.8834,4.25,12,18,180,null
"2021-09-26T14:43:25.000Z",45.701731,5.8834,5.25,11.5,20,180,null
"2021-09-26T14:47:25.000Z",45.701731,5.8834,2.75,10,16,180,null
"2021-09-26T14:51:25.000Z",45.701731,5.8834,0.75,8.75,13,180,null
"2021-09-26T14:55:29.000Z",45.701731,5.8834,2,11.5,18,180,null
"2021-09-26T14:59:29.000Z",45.701731,5.8834,2.5,9.75,16.5,180,null
"2021-09-26T15:03:29.000Z",45.701731,5.8834,4.25,8.25,11.5,180,null
"2021-09-26T15:07:33.000Z",45.701731,5.8834,3.5,9.25,14,180,null
"2021-09-26T15:11:33.000Z",45.701731,5.8834,5.25,10.5,16.5,180,null
"2021-09-26T15:15:33.000Z",45.701731,5.8834,6,11.5,15.5,180,null
"2021-09-26T15:19:37.000Z",45.701731,5.8834,4.25,10,15.5,157.5,null
"2021-09-26T15:23:37.000Z",45.701731,5.8834,3.75,9.5,14.5,157.5,null
"2021-09-26T15:27:37.000Z",45.701731,5.8834,4.5,9.75,15.5,157.5,null
"2021-09-26T15:31:42.000Z",45.701731,5.8834,3.75,9.75,16,157.5,null
"2021-09-26T15:35:42.000Z",45.701731,5.8834,2,9.25,14.5,157.5,null
"2021-09-26T15:39:42.000Z",45.701731,5.8834,3.75,8.25,15.5,180,null
"2021-09-26T15:43:45.000Z",45.701731,5.8834,1.5,8.5,14,180,null
"2021-09-26T15:47:45.000Z",45.701731,5.8834,1.75,8.5,14,180,null
"2021-09-26T15:51:45.000Z",45.701731,5.8834,2.5,7.5,13,202.5,null
"2021-09-26T15:55:49.000Z",45.701731,5.8834,1.75,6,11,202.5,null
"2021-09-26T15:59:49.000Z",45.701731,5.8834,1,5.25,8.25,202.5,null
"2021-09-26T16:03:49.000Z",45.701731,5.8834,1.75,5.5,10,202.5,null
"2021-09-26T16:18:43.000Z",45.701842,5.883499,0.75,4.75,10,157.5,null
"2021-09-26T16:22:43.000Z",45.701842,5.883499,0,3.5,7.25,157.5,null
"2021-09-26T16:26:43.000Z",45.701842,5.883499,0,1.75,4.75,135,null
"2021-09-26T16:30:47.000Z",45.701842,5.883499,0,0.75,4.75,157.5,null
"2021-09-26T16:34:47.000Z",45.701842,5.883499,0,0.5,2.5,157.5,null
"2021-09-26T16:38:47.000Z",45.701842,5.883499,0,0.25,1.75,135,null
"2021-09-26T16:42:52.000Z",45.701842,5.883499,0,2.25,7.25,135,null
"2021-09-26T16:46:52.000Z",45.701842,5.883499,0,1.25,3.25,157.5,null
"2021-09-26T16:50:52.000Z",45.701842,5.883499,0,0.75,4.25,135,null
"2021-09-26T16:54:56.000Z",45.701842,5.883499,0.75,1.5,2.75,112.5,null
"2021-09-26T16:58:56.000Z",45.701842,5.883499,1.5,2.5,4.25,135,null
"2021-09-26T17:02:56.000Z",45.701842,5.883499,1.5,2.75,5.5,135,null
"2021-09-26T17:08:00.000Z",45.701842,5.883499,0.75,2.25,3.5,112.5,null
"2021-09-26T17:12:00.000Z",45.701842,5.883499,1.5,3,4.75,135,null
"2021-09-26T17:16:00.000Z",45.701658,5.883421,0.25,2,4.25,112.5,null
"2021-09-26T17:20:04.000Z",45.701658,5.883421,1.75,2.75,4.75,112.5,null
"2021-09-26T17:24:04.000Z",45.701658,5.883421,1.75,2.75,3.75,112.5,null
"2021-09-26T17:28:04.000Z",45.701658,5.883421,2,3.75,6,90,null
"2021-09-26T17:32:08.000Z",45.701658,5.883421,0.75,2.75,5.25,112.5,null
"2021-09-26T17:36:08.000Z",45.701658,5.883421,1.5,4,7,112.5,null
"2021-09-26T17:40:08.000Z",45.701658,5.883421,1.5,3,4.5,112.5,null
"2021-09-26T17:44:12.000Z",45.701658,5.883421,0.25,1.75,3.25,112.5,null
"2021-09-26T17:48:12.000Z",45.701658,5.883421,0.25,1.5,3.25,90,null
"2021-09-26T17:52:12.000Z",45.701658,5.883421,0,0.75,2,112.5,null
"2021-09-26T17:56:16.000Z",45.701658,5.883421,0,1.25,3.25,135,null
"2021-09-26T18:00:16.000Z",45.701658,5.883421,0,1,2.75,90,null
"2021-09-26T18:04:16.000Z",45.701658,5.883421,2,3.5,4.75,90,null
"2021-09-26T18:08:20.000Z",45.701658,5.883421,0.75,3.25,4.5,90,null
"2021-09-26T18:12:20.000Z",45.701658,5.883421,0.25,1.75,3.75,112.5,null
"2021-09-26T18:16:20.000Z",45.701658,5.883421,2,3.75,6.5,112.5,null
"2021-09-26T18:20:24.000Z",45.701658,5.883421,1.5,3.5,6.25,112.5,null
"2021-09-26T18:24:24.000Z",45.701658,5.883421,2.75,4.5,6.5,90,null
"2021-09-26T18:28:24.000Z",45.701658,5.883421,1.5,4,6.25,112.5,null
"2021-09-26T18:32:29.000Z",45.701658,5.883421,2,4.25,6.5,90,null
"2021-09-26T18:36:29.000Z",45.701658,5.883421,1.75,4,6,112.5,null
"2021-09-26T18:40:29.000Z",45.701658,5.883421,2.75,4.75,7,112.5,null
"2021-09-26T18:44:32.000Z",45.701658,5.883421,3.25,5.25,8,90,null
"2021-09-26T18:48:32.000Z",45.701658,5.883421,3.75,6.75,9.5,90,null
"2021-09-26T18:52:32.000Z",45.701658,5.883421,3.75,6.5,9,90,null
"2021-09-26T18:56:36.000Z",45.701658,5.883421,3.5,7.25,12,90,null
"2021-09-26T19:00:36.000Z",45.701658,5.883421,2,6.25,11,90,null
"2021-09-26T19:04:36.000Z",45.701658,5.883421,0.25,2.75,5.25,112.5,null
"2021-09-26T19:08:40.000Z",45.701658,5.883421,3.5,5.75,7.75,112.5,null
"2021-09-26T19:12:40.000Z",45.701658,5.883421,1,4.75,7.25,90,null
"2021-09-26T19:16:40.000Z",45.701658,5.883421,1.75,3,5.25,112.5,null
"2021-09-26T19:20:44.000Z",45.701658,5.883421,1,3,4.5,135,null
"2021-09-26T19:24:44.000Z",45.701658,5.883421,1.5,3.5,6.5,112.5,null
"2021-09-26T19:28:44.000Z",45.701658,5.883421,1,3.5,6.25,112.5,null
"2021-09-26T19:32:49.000Z",45.701658,5.883421,0.75,2.75,5.25,112.5,null
"2021-09-26T19:36:49.000Z",45.701658,5.883421,2.75,5.25,9,112.5,null
"2021-09-26T19:40:49.000Z",45.701658,5.883421,0,1.5,6,135,null
"2021-09-26T19:44:52.000Z",45.701658,5.883421,0,1.5,4.5,112.5,null
"2021-09-26T19:48:52.000Z",45.701658,5.883421,0.25,3,5.25,112.5,null
"2021-09-26T19:52:52.000Z",45.701658,5.883421,0.75,2.75,6.25,135,null
"2021-09-26T19:56:57.000Z",45.701658,5.883421,0,2,6,112.5,null
"2021-09-26T20:00:57.000Z",45.701658,5.883421,0,4.75,10.5,157.5,null
"2021-09-26T20:04:57.000Z",45.701658,5.883421,0,1.5,4.75,135,null
"2021-09-26T20:09:01.000Z",45.701658,5.883421,0.25,2.25,4.75,112.5,null
"2021-09-26T20:13:01.000Z",45.701658,5.883421,1,5.25,9.5,90,null
"2021-09-26T20:17:01.000Z",45.701658,5.883421,0.75,2.5,4.5,90,null
"2021-09-26T20:21:04.000Z",45.701658,5.883421,0,1.5,3.75,135,null
"2021-09-26T20:25:04.000Z",45.701658,5.883421,2,3.75,6,135,null
"2021-09-26T20:29:04.000Z",45.701658,5.883421,0.75,2.5,4.25,112.5,null
"2021-09-26T20:33:09.000Z",45.701658,5.883421,1.75,3.25,4.75,112.5,null
"2021-09-26T20:37:09.000Z",45.701658,5.883421,0.75,3.25,6,112.5,null
"2021-09-26T20:41:09.000Z",45.701658,5.883421,0.25,2.75,5.25,112.5,null
"2021-09-26T20:45:12.000Z",45.701658,5.883421,2,4,6.25,90,null
"2021-09-26T20:49:12.000Z",45.701658,5.883421,1.5,4.25,8,112.5,null
"2021-09-26T20:53:12.000Z",45.701658,5.883421,1.5,5,9.75,135,null
"2021-09-26T20:57:16.000Z",45.701658,5.883421,1,4.5,8.5,112.5,null
"2021-09-26T21:01:16.000Z",45.701658,5.883421,0.75,4.25,7.75,112.5,null
"2021-09-26T21:05:16.000Z",45.701658,5.883421,2.75,6,12,90,null
"2021-09-26T21:09:21.000Z",45.701658,5.883421,3.25,6.25,10,90,null
"2021-09-26T21:13:21.000Z",45.701658,5.883421,0.25,5,12.5,90,null
"2021-09-26T21:17:21.000Z",45.701658,5.883421,1,3.75,9,112.5,null
"2021-09-26T21:21:24.000Z",45.701658,5.883421,0,3.25,6.5,112.5,null
"2021-09-26T21:25:24.000Z",45.701658,5.883421,1.5,4.5,8.25,90,null
"2021-09-26T21:29:24.000Z",45.701658,5.883421,0.25,4.75,9.5,90,null
"2021-09-26T21:33:29.000Z",45.701658,5.883421,3.5,6,8.75,112.5,null
"2021-09-26T21:37:29.000Z",45.701658,5.883421,0,4,9,112.5,null
"2021-09-26T21:41:29.000Z",45.701658,5.883421,0.75,2.75,4.5,135,null
"2021-09-26T21:45:33.000Z",45.701658,5.883421,2.5,4,6.25,90,null
"2021-09-26T21:49:33.000Z",45.701658,5.883421,3.25,6.25,9.75,90,null
"2021-09-26T21:53:33.000Z",45.701658,5.883421,1.75,4.75,8,90,null
"2021-09-26T21:57:37.000Z",45.701658,5.883421,1.75,4.5,7,112.5,null
"2021-09-26T22:01:37.000Z",45.701658,5.883421,2,5.25,9.75,90,null
"2021-09-26T22:05:37.000Z",45.701658,5.883421,0.75,4,8.75,90,null
"2021-09-26T22:09:41.000Z",45.701658,5.883421,0.25,3.5,7,112.5,null
"2021-09-26T22:13:41.000Z",45.701658,5.883421,0.75,4,6.5,112.5,null
"2021-09-26T22:17:41.000Z",45.701658,5.883421,3.5,5.25,7.75,90,null
"2021-09-26T22:21:45.000Z",45.701658,5.883421,1.75,4,8.75,90,null
"2021-09-26T22:25:45.000Z",45.701658,5.883421,3.75,6.5,11,90,null
"2021-09-26T22:29:45.000Z",45.701658,5.883421,2.5,5.5,10.5,90,null
"2021-09-26T22:33:49.000Z",45.701658,5.883421,2.75,6,11.5,90,null
"2021-09-26T22:37:49.000Z",45.701658,5.883421,3.5,6.5,10,90,null
"2021-09-26T22:41:49.000Z",45.701658,5.883421,2.75,5.5,9.5,90,null
"2021-09-26T22:45:53.000Z",45.701658,5.883421,2.75,5.75,8.25,112.5,null
"2021-09-26T22:49:53.000Z",45.701658,5.883421,0,2.5,6.25,112.5,null
"2021-09-26T22:53:53.000Z",45.701658,5.883421,0,1.75,4.75,112.5,null
"2021-09-26T22:57:57.000Z",45.701658,5.883421,2.25,5.75,13.5,90,null
"2021-09-26T23:01:57.000Z",45.701658,5.883421,3.5,6.25,11,90,null
"2021-09-26T23:05:57.000Z",45.701658,5.883421,0.25,3.75,7.75,112.5,null
"2021-09-26T23:10:01.000Z",45.701658,5.883421,1.25,3.5,6.5,112.5,null
"2021-09-26T23:14:01.000Z",45.701658,5.883421,2.75,4.75,7,90,null
"2021-09-26T23:18:01.000Z",45.701658,5.883421,0.25,3.5,6,90,null
"2021-09-26T23:22:05.000Z",45.701658,5.883421,0.25,4,8.25,112.5,null
"2021-09-26T23:26:05.000Z",45.701658,5.883421,1.5,3.5,6.5,135,null
"2021-09-26T23:30:05.000Z",45.701658,5.883421,1,3.75,7.75,112.5,null
"2021-09-26T23:34:09.000Z",45.701658,5.883421,2.75,5.25,8.75,112.5,null
"2021-09-26T23:38:09.000Z",45.701658,5.883421,2.75,5.25,7.75,112.5,null
"2021-09-26T23:42:09.000Z",45.701658,5.883421,1,3.5,7.75,112.5,null
"2021-09-26T23:46:13.000Z",45.701658,5.883421,0.75,4.75,9.75,112.5,null
"2021-09-26T23:50:13.000Z",45.701658,5.883421,0.75,5.5,9.75,90,null
"2021-09-26T23:54:13.000Z",45.701658,5.883421,1.75,4.5,7.25,112.5,null
"2021-09-26T23:58:17.000Z",45.701658,5.883421,1,4,7.25,112.5,null
"2021-09-27T00:02:17.000Z",45.701658,5.883421,2,4.5,9,112.5,null
"2021-09-27T00:06:17.000Z",45.701658,5.883421,0.75,3.25,7.75,112.5,null
"2021-09-27T00:10:21.000Z",45.701658,5.883421,1.5,3.5,7.25,112.5,null
"2021-09-27T00:14:21.000Z",45.701658,5.883421,0.25,3,9,135,null
"2021-09-27T00:18:21.000Z",45.701658,5.883421,0.25,3.75,9.75,112.5,null
"2021-09-27T00:22:25.000Z",45.701658,5.883421,0.75,5.25,10,90,null
"2021-09-27T00:26:25.000Z",45.701658,5.883421,1,4.5,9,112.5,null
"2021-09-27T00:30:25.000Z",45.701658,5.883421,2.5,6,10.5,90,null
"2021-09-27T00:34:30.000Z",45.701658,5.883421,1.5,3.75,6.5,135,null
"2021-09-27T00:38:30.000Z",45.701658,5.883421,0.75,3.5,7.75,112.5,null
"2021-09-27T00:42:30.000Z",45.701658,5.883421,1,4.5,8.75,90,null
"2021-09-27T00:46:33.000Z",45.701658,5.883421,0.75,5.5,9.75,90,null
"2021-09-27T00:50:33.000Z",45.701658,5.883421,0.25,5.75,12,112.5,null
"2021-09-27T00:54:33.000Z",45.701658,5.883421,2,7.25,15,112.5,null
"2021-09-27T00:58:38.000Z",45.701658,5.883421,1.75,6.75,13.5,112.5,null
"2021-09-27T01:02:38.000Z",45.701658,5.883421,1.5,5.25,8,112.5,null
"2021-09-27T01:06:38.000Z",45.701658,5.883421,4.25,8,13.5,90,null
"2021-09-27T01:10:42.000Z",45.701658,5.883421,1.75,4.75,9.5,135,null
"2021-09-27T01:14:42.000Z",45.701658,5.883421,0,4.5,8.75,112.5,null
"2021-09-27T01:18:42.000Z",45.701658,5.883421,0,3.75,7.75,112.5,null
"2021-09-27T01:22:45.000Z",45.701658,5.883421,1.75,4.25,9.75,112.5,null
"2021-09-27T01:26:45.000Z",45.701658,5.883421,1.5,5,9.75,90,null
"2021-09-27T01:30:45.000Z",45.701658,5.883421,1.5,3.75,8.75,112.5,null
"2021-09-27T01:34:50.000Z",45.701658,5.883421,2.75,5.75,9.75,90,null
"2021-09-27T01:38:50.000Z",45.701658,5.883421,2.75,5.5,8.75,112.5,null
"2021-09-27T01:42:50.000Z",45.701658,5.883421,2.5,5.25,8.25,90,null
"2021-09-27T01:46:53.000Z",45.701658,5.883421,1,4,9,112.5,null
"2021-09-27T01:50:53.000Z",45.701658,5.883421,0.25,3.75,7.75,112.5,null
"2021-09-27T01:54:53.000Z",45.701658,5.883421,1.75,4.25,8.25,90,null
"2021-09-27T01:58:58.000Z",45.701658,5.883421,0,3,7,112.5,null
"2021-09-27T02:02:58.000Z",45.701658,5.883421,0.25,3.25,7.75,112.5,null
"2021-09-27T02:06:58.000Z",45.701658,5.883421,2,4.5,8.75,90,null
"2021-09-27T02:11:02.000Z",45.701658,5.883421,0,3,7.75,135,null
"2021-09-27T02:15:02.000Z",45.701658,5.883421,1.75,4.5,7.75,112.5,null
"2021-09-27T02:19:02.000Z",45.701658,5.883421,1.5,3.75,8.25,112.5,null
"2021-09-27T02:23:06.000Z",45.701658,5.883421,0,3.75,8,112.5,null
"2021-09-27T02:27:06.000Z",45.701658,5.883421,0.75,5.25,10.5,90,null
"2021-09-27T02:31:06.000Z",45.701658,5.883421,0.75,4,8,90,null
"2021-09-27T02:35:10.000Z",45.701658,5.883421,2,5,8.75,90,null
"2021-09-27T02:39:10.000Z",45.701658,5.883421,4.25,7,9.75,90,null
"2021-09-27T02:43:10.000Z",45.701658,5.883421,1.5,5,9.5,112.5,null
"2021-09-27T02:47:14.000Z",45.701658,5.883421,2.5,4.75,8.25,112.5,null
"2021-09-27T02:51:14.000Z",45.701658,5.883421,2,4.75,8,112.5,null
"2021-09-27T02:55:14.000Z",45.701658,5.883421,1,4.5,8,112.5,null
"2021-09-27T02:59:18.000Z",45.701658,5.883421,1.5,4.25,8,112.5,null
"2021-09-27T03:03:18.000Z",45.701658,5.883421,1,6.25,13,90,null
"2021-09-27T03:07:18.000Z",45.701658,5.883421,4.25,8,14.5,90,null
"2021-09-27T03:11:22.000Z",45.701658,5.883421,4.25,7.25,14,90,null
"2021-09-27T03:15:22.000Z",45.701658,5.883421,3.75,7.25,11,90,null
"2021-09-27T03:19:22.000Z",45.701658,5.883421,1.75,4,7.75,112.5,null
"2021-09-27T03:23:26.000Z",45.701658,5.883421,0.75,4.5,8.25,135,null
"2021-09-27T03:27:26.000Z",45.701658,5.883421,1,5,9,112.5,null
"2021-09-27T03:31:26.000Z",45.701658,5.883421,2.5,7,12,135,null
"2021-09-27T03:35:30.000Z",45.701658,5.883421,4.25,8.25,13,90,null
"2021-09-27T03:39:30.000Z",45.701658,5.883421,4.25,8.25,12.5,90,null
"2021-09-27T03:43:30.000Z",45.701658,5.883421,3.75,9,15.5,90,null
"2021-09-27T03:47:34.000Z",45.701658,5.883421,2.75,6,10,112.5,null
"2021-09-27T03:51:34.000Z",45.701658,5.883421,0.25,5,8.75,112.5,null
"2021-09-27T03:55:34.000Z",45.701658,5.883421,2,5.25,9,135,null
"2021-09-27T03:59:38.000Z",45.701658,5.883421,1.75,4.75,9,112.5,null
"2021-09-27T04:03:38.000Z",45.701658,5.883421,2.5,5.25,11,112.5,null
"2021-09-27T04:07:38.000Z",45.701658,5.883421,3.25,5.5,9.75,112.5,null
"2021-09-27T04:11:42.000Z",45.701658,5.883421,2,4.5,8,112.5,null
"2021-09-27T04:15:42.000Z",45.701658,5.883421,2,4.25,7.75,112.5,null
"2021-09-27T04:19:42.000Z",45.701658,5.883421,0.25,4,8,112.5,null
"2021-09-27T04:23:47.000Z",45.701658,5.883421,1.75,5.25,10.5,112.5,null
"2021-09-27T04:27:47.000Z",45.701658,5.883421,0.25,3.75,7.75,135,null
"2021-09-27T04:31:47.000Z",45.701658,5.883421,1.5,5,8.75,112.5,null
"2021-09-27T04:35:51.000Z",45.701658,5.883421,3.25,5,7.75,112.5,null
"2021-09-27T04:39:51.000Z",45.701658,5.883421,1.75,4,6.5,135,null
"2021-09-27T04:43:51.000Z",45.701658,5.883421,1,4.5,9,112.5,null
"2021-09-27T04:47:55.000Z",45.701658,5.883421,2.5,5,7.75,112.5,null
"2021-09-27T04:51:55.000Z",45.701658,5.883421,2.75,5,7.25,112.5,null
"2021-09-27T04:55:55.000Z",45.701658,5.883421,2.75,5.5,7.75,112.5,null
"2021-09-27T04:59:59.000Z",45.701658,5.883421,1.75,5,9,112.5,null
"2021-09-27T05:03:59.000Z",45.701658,5.883421,1.5,5.75,9,112.5,null
"2021-09-27T05:07:59.000Z",45.701658,5.883421,4.5,6.75,10.5,112.5,null
"2021-09-27T05:12:02.000Z",45.701658,5.883421,3.75,6.5,9.5,112.5,null
"2021-09-27T05:16:02.000Z",45.701658,5.883421,1,4.5,8.25,135,null
"2021-09-27T05:20:02.000Z",45.701658,5.883421,3.25,6,8.75,157.5,null
"2021-09-27T05:24:06.000Z",45.701658,5.883421,1.75,5,8.75,135,null
"2021-09-27T05:28:06.000Z",45.701658,5.883421,1.75,4.5,8.75,135,null
"2021-09-27T05:32:06.000Z",45.701658,5.883421,1.75,5.25,9,135,null
"2021-09-27T05:36:11.000Z",45.701658,5.883421,2.5,6.5,10.5,112.5,null
"2021-09-27T05:40:11.000Z",45.701658,5.883421,3.5,6.5,10,90,null
"2021-09-27T05:44:11.000Z",45.701658,5.883421,1.5,4.25,10.5,112.5,null
"2021-09-27T05:48:15.000Z",45.701658,5.883421,1,5.75,12,90,null
"2021-09-27T05:52:15.000Z",45.701658,5.883421,2,5,11.5,112.5,null
"2021-09-27T05:56:15.000Z",45.701658,5.883421,2.75,5.75,11,112.5,null
"2021-09-27T06:00:19.000Z",45.701658,5.883421,3.25,6,12,90,null
"2021-09-27T06:04:19.000Z",45.701658,5.883421,1.75,4,6.5,112.5,null
"2021-09-27T06:08:19.000Z",45.701658,5.883421,1,3.5,7.25,112.5,null
"2021-09-27T06:12:22.000Z",45.701658,5.883421,1.75,4.5,8.25,112.5,null
"2021-09-27T06:16:22.000Z",45.701658,5.883421,1.75,5,9,112.5,null
"2021-09-27T06:20:22.000Z",45.701658,5.883421,0.25,4.25,8.25,90,null
"2021-09-27T06:24:26.000Z",45.701658,5.883421,2,5,9.5,112.5,null
"2021-09-27T06:28:26.000Z",45.701658,5.883421,1,3.75,7,112.5,null
"2021-09-27T06:32:26.000Z",45.701658,5.883421,0.25,2.25,4.5,135,null
"2021-09-27T06:36:31.000Z",45.701658,5.883421,0.25,3.25,7,112.5,null
"2021-09-27T06:40:31.000Z",45.701658,5.883421,0.75,3.25,6.25,112.5,null
"2021-09-27T06:44:31.000Z",45.701658,5.883421,0,3.5,8.75,112.5,null
"2021-09-27T06:48:35.000Z",45.701658,5.883421,1.5,4,6.25,112.5,null
"2021-09-27T06:52:35.000Z",45.701658,5.883421,1.5,4,8.25,90,null
"2021-09-27T06:56:35.000Z",45.701658,5.883421,0.25,2.75,6.5,112.5,null
"2021-09-27T07:00:39.000Z",45.701658,5.883421,0,2.25,4.75,112.5,null
"2021-09-27T07:04:39.000Z",45.701658,5.883421,1,3.75,6.25,112.5,null
"2021-09-27T07:08:39.000Z",45.701658,5.883421,1,3.5,6.5,112.5,null
"2021-09-27T07:12:43.000Z",45.701658,5.883421,0,2.75,6.25,90,null
"2021-09-27T07:16:43.000Z",45.701658,5.883421,0,1.75,6.5,112.5,null
"2021-09-27T07:20:43.000Z",45.701658,5.883421,0,3.75,7.75,135,null
"2021-09-27T07:24:47.000Z",45.701658,5.883421,0.25,2.25,4.75,112.5,null
"2021-09-27T07:28:47.000Z",45.701658,5.883421,0,2.75,8,135,null
"2021-09-27T07:32:47.000Z",45.701658,5.883421,0.75,3.75,7,157.5,null
"2021-09-27T07:36:51.000Z",45.701658,5.883421,0,2.25,6,135,null
"2021-09-27T07:40:51.000Z",45.701658,5.883421,0.25,3.25,6.5,112.5,null
"2021-09-27T07:44:51.000Z",45.701658,5.883421,0,1.25,5.25,135,null
"2021-09-27T07:48:55.000Z",45.701658,5.883421,0.25,2.75,6.25,157.5,null
"2021-09-27T07:52:55.000Z",45.701658,5.883421,0,1.25,3.25,112.5,null
"2021-09-27T07:56:55.000Z",45.701658,5.883421,0,2.5,7.75,90,null
"2021-09-27T08:00:59.000Z",45.701658,5.883421,1.5,3.5,7.5,90,null
"2021-09-27T08:04:59.000Z",45.701658,5.883421,1.75,5,8.75,90,null
"2021-09-27T08:08:59.000Z",45.701658,5.883421,1.5,3.5,6.25,90,null
"2021-09-27T08:13:03.000Z",45.701658,5.883421,0,3,6.25,112.5,null
"2021-09-27T08:17:03.000Z",45.701658,5.883421,0,2,5.5,135,null
"2021-09-27T08:21:03.000Z",45.701658,5.883421,1,3.75,8.75,112.5,null
"2021-09-27T08:25:07.000Z",45.701658,5.883421,0.25,3,5.5,112.5,null
"2021-09-27T08:29:07.000Z",45.701658,5.883421,0,2.5,6.25,90,null
"2021-09-27T08:33:07.000Z",45.701658,5.883421,0,2.5,6,135,null
"2021-09-27T08:37:11.000Z",45.701658,5.883421,0,2.5,5.25,112.5,null
"2021-09-27T08:41:11.000Z",45.701658,5.883421,0,2.25,6,135,null
"2021-09-27T08:45:11.000Z",45.701658,5.883421,0,2.25,6,135,null
"2021-09-27T08:49:16.000Z",45.701658,5.883421,0,3,6,135,null
"2021-09-27T08:53:16.000Z",45.701658,5.883421,2,5,8,180,null
"2021-09-27T08:57:16.000Z",45.701658,5.883421,1.75,7,12,180,null
"2021-09-27T09:01:20.000Z",45.701658,5.883421,0,5.5,9.5,180,null
"2021-09-27T09:05:20.000Z",45.701658,5.883421,0.25,6.5,9.75,180,null
"2021-09-27T09:09:20.000Z",45.701658,5.883421,1.75,7.25,11,202.5,null
"2021-09-27T09:13:23.000Z",45.701658,5.883421,2,6,9.5,180,null
"2021-09-27T09:17:23.000Z",45.701658,5.883421,0,3.75,9.5,202.5,null
"2021-09-27T09:21:23.000Z",45.701658,5.883421,0.25,3,5.5,180,null
"2021-09-27T09:25:27.000Z",45.701658,5.883421,0,2.75,7.25,180,null
"2021-09-27T09:29:27.000Z",45.701658,5.883421,0,4.5,8.25,202.5,null
"2021-09-27T09:33:27.000Z",45.701658,5.883421,1.75,5.75,8,202.5,null
"2021-09-27T09:37:32.000Z",45.701658,5.883421,1,6,8.25,202.5,null
"2021-09-27T09:41:32.000Z",45.701658,5.883421,1.5,4.5,7.75,202.5,null
"2021-09-27T09:45:32.000Z",45.701658,5.883421,0.75,4.5,8,202.5,null
"2021-09-27T09:49:35.000Z",45.701658,5.883421,2.5,6.5,8.75,202.5,null
"2021-09-27T09:53:35.000Z",45.701658,5.883421,1,5,7.75,202.5,null
"2021-09-27T09:57:35.000Z",45.701658,5.883421,0,3.25,6.25,180,null
"2021-09-27T10:01:40.000Z",45.701658,5.883421,0,3.75,6.25,180,null
"2021-09-27T10:05:40.000Z",45.701658,5.883421,0,3.25,6.25,180,null
"2021-09-27T10:09:40.000Z",45.701658,5.883421,0.75,4.25,6.25,180,null
"2021-09-27T10:13:43.000Z",45.701658,5.883421,0.25,3.5,6.25,180,null
"2021-09-27T10:17:43.000Z",45.701658,5.883421,0.75,3.75,5.5,202.5,null
"2021-09-27T10:21:43.000Z",45.701658,5.883421,4.5,5.5,6.5,225,null
"2021-09-27T10:25:48.000Z",45.701658,5.883421,2,3.5,5,225,null
"2021-09-27T10:29:48.000Z",45.701658,5.883421,0.25,2.25,4.5,202.5,null
"2021-09-27T10:33:48.000Z",45.701658,5.883421,0,2.25,4.75,202.5,null
"2021-09-27T10:37:52.000Z",45.701658,5.883421,3.5,5,6.25,225,null
"2021-09-27T10:41:52.000Z",45.701658,5.883421,4.75,6,7,225,null
"2021-09-27T10:45:52.000Z",45.701658,5.883421,3.75,6,7.75,225,null
"2021-09-27T10:49:56.000Z",45.701658,5.883421,2.75,5,6.5,225,null
"2021-09-27T10:53:56.000Z",45.701658,5.883421,0,2.5,4.5,202.5,null
"2021-09-27T10:57:56.000Z",45.701658,5.883421,0,4.5,6.25,225,null
"2021-09-27T11:02:00.000Z",45.701658,5.883421,2.5,4.25,5.5,270,null
"2021-09-27T11:06:00.000Z",45.701658,5.883421,0,1,3.25,270,null
"2021-09-27T11:10:00.000Z",45.701658,5.883421,0,2,3.25,270,null
"2021-09-27T11:14:04.000Z",45.701658,5.883421,2,3.25,4.25,292.5,null
"2021-09-27T11:18:04.000Z",45.701658,5.883421,2,3.25,4.5,292.5,null
"2021-09-27T11:22:04.000Z",45.701658,5.883421,1.75,2.75,3.5,315,null
"2021-09-27T11:26:08.000Z",45.701658,5.883421,2,3.75,5.5,315,null
"2021-09-27T11:30:08.000Z",45.701658,5.883421,3.5,5,6.25,337.5,null
"2021-09-27T11:34:08.000Z",45.701658,5.883421,3.25,5,6.5,337.5,null
"2021-09-27T11:38:11.000Z",45.701658,5.883421,4.5,5.75,7.25,337.5,null
"2021-09-27T11:42:11.000Z",45.701658,5.883421,5.25,6,7,337.5,null
"2021-09-27T11:46:11.000Z",45.701658,5.883421,5.5,6.25,7.75,337.5,null
"2021-09-27T11:50:16.000Z",45.701658,5.883421,5.5,6.75,7.75,337.5,null
"2021-09-27T11:54:16.000Z",45.701658,5.883421,5.25,6.75,8,0,null
"2021-09-27T11:58:16.000Z",45.701658,5.883421,4.5,5.75,6.5,337.5,null
"2021-09-27T12:02:20.000Z",45.701658,5.883421,5.5,7.5,9,315,null
"2021-09-27T12:06:20.000Z",45.701658,5.883421,7.25,8.75,10.5,315,null
"2021-09-27T12:10:20.000Z",45.701658,5.883421,7.25,9.25,10,315,null
"2021-09-27T12:14:24.000Z",45.701658,5.883421,8.75,10,11.5,315,null
"2021-09-27T12:18:24.000Z",45.701658,5.883421,8.75,10,11,337.5,null
"2021-09-27T12:22:24.000Z",45.701658,5.883421,7.75,9.75,11,337.5,null
"2021-09-27T12:26:28.000Z",45.701658,5.883421,7,9.25,10,337.5,null
"2021-09-27T12:30:28.000Z",45.701658,5.883421,7,8.5,10,315,null
"2021-09-27T12:34:28.000Z",45.701658,5.883421,7,8,9.75,315,null
"2021-09-27T12:38:32.000Z",45.701658,5.883421,8,9,9.75,315,null
"2021-09-27T12:42:32.000Z",45.701658,5.883421,6,7.75,9,315,null
"2021-09-27T12:46:32.000Z",45.701658,5.883421,7,8.25,10.5,315,null
"2021-09-27T12:50:36.000Z",45.701658,5.883421,7.25,9,10,315,null
"2021-09-27T12:54:36.000Z",45.701658,5.883421,7.25,8.75,10,315,null
"2021-09-27T12:58:36.000Z",45.701658,5.883421,8,8.75,9.75,315,null
"2021-09-27T13:02:40.000Z",45.701658,5.883421,6.5,8,9,337.5,null
"2021-09-27T13:06:40.000Z",45.701658,5.883421,7.25,9.25,10,337.5,null
"2021-09-27T13:10:40.000Z",45.701658,5.883421,7.25,9,10,337.5,null
"2021-09-27T13:14:44.000Z",45.701658,5.883421,7.75,9.25,10.5,337.5,null
"2021-09-27T13:18:44.000Z",45.701658,5.883421,7,8.25,9,337.5,null
"2021-09-27T13:22:44.000Z",45.701658,5.883421,8,9.25,10.5,315,null
"2021-09-27T13:26:48.000Z",45.701658,5.883421,7.25,9,10.5,315,null
"2021-09-27T13:30:48.000Z",45.701658,5.883421,6.5,7.75,8.25,315,null
"2021-09-27T13:34:48.000Z",45.701658,5.883421,6.5,8,9,315,null
"2021-09-27T13:38:53.000Z",45.701658,5.883421,6,7.5,9.75,315,null
"2021-09-27T13:42:53.000Z",45.701658,5.883421,6.25,7.5,9,315,null
"2021-09-27T13:46:53.000Z",45.701658,5.883421,7,8,9,315,null
"2021-09-27T13:50:56.000Z",45.701658,5.883421,8,9.25,10.5,337.5,null
"2021-09-27T13:54:56.000Z",45.701658,5.883421,8,10.5,12,0,null
"2021-09-27T13:58:56.000Z",45.701658,5.883421,9.5,10,11.5,0,null
"2021-09-27T14:03:01.000Z",45.701658,5.883421,4.25,8,11,0,null
"2021-09-27T14:07:01.000Z",45.701658,5.883421,5.5,7.5,9.5,337.5,null
"2021-09-27T14:11:01.000Z",45.701658,5.883421,4.75,6.25,7.25,337.5,null
"2021-09-27T14:15:04.000Z",45.701658,5.883421,6,7.75,9,337.5,null
"2021-09-27T14:19:04.000Z",45.701658,5.883421,6.25,8.5,11.5,337.5,null
"2021-09-27T14:23:04.000Z",45.701658,5.883421,8.75,11,12.5,337.5,null
"2021-09-27T14:27:08.000Z",45.701658,5.883421,6.25,9.75,11,315,null
"2021-09-27T14:31:08.000Z",45.701658,5.883421,3.5,7,11,315,null
"2021-09-27T14:35:08.000Z",45.701658,5.883421,8.75,12,14.5,315,null
"2021-09-27T14:39:13.000Z",45.701658,5.883421,7.75,8.5,10.5,337.5,null
"2021-09-27T14:43:13.000Z",45.701658,5.883421,7.25,8.75,10.5,337.5,null
"2021-09-27T14:47:13.000Z",45.701658,5.883421,3.25,6.25,8.75,0,null
"2021-09-27T14:51:17.000Z",45.701658,5.883421,5.25,7.25,8.75,337.5,null
"2021-09-27T14:55:17.000Z",45.701658,5.883421,4.25,6,8,337.5,null
"2021-09-27T14:59:17.000Z",45.701658,5.883421,3.75,5.25,7.75,337.5,null
"2021-09-27T15:03:21.000Z",45.701658,5.883421,4.25,5.25,7,315,null
"2021-09-27T15:07:21.000Z",45.701658,5.883421,3.5,4.75,6.25,337.5,null
"2021-09-27T15:11:21.000Z",45.701658,5.883421,5.25,7,10.5,315,null
"2021-09-27T15:15:24.000Z",45.701658,5.883421,2.5,4,6,337.5,null
"2021-09-27T15:19:24.000Z",45.701658,5.883421,1.5,3,4.25,22.5,null
"2021-09-27T15:23:24.000Z",45.701658,5.883421,1.5,4.25,7.25,315,null
"2021-09-27T15:27:28.000Z",45.701658,5.883421,0,2.5,4.75,90,null
"2021-09-27T15:31:28.000Z",45.701658,5.883421,2,4.75,7.75,315,null
"2021-09-27T15:35:28.000Z",45.701658,5.883421,0.25,3.25,6,0,null
"2021-09-27T15:39:33.000Z",45.701658,5.883421,2,4,5.25,112.5,null
"2021-09-27T15:43:33.000Z",45.701658,5.883421,0,4,8.75,270,null
"2021-09-27T15:47:33.000Z",45.701658,5.883421,2.5,6.5,9.75,270,null
"2021-09-27T15:51:37.000Z",45.701658,5.883421,0,1.25,3.5,22.5,null
"2021-09-27T15:55:37.000Z",45.701658,5.883421,0,2.25,4.75,67.5,null
"2021-09-27T15:59:37.000Z",45.701658,5.883421,0,2,3.25,247.5,null
"2021-09-27T16:03:41.000Z",45.701658,5.883421,0,0.5,2.5,180,null
"2021-09-27T16:07:41.000Z",45.701658,5.883421,0.25,7,16,225,null
"2021-09-27T16:11:41.000Z",45.701658,5.883421,3.25,9.75,18.5,225,null
"2021-09-27T16:19:14.000Z",45.701682,5.883546,3.75,6.5,10,225,null
"2021-09-27T16:23:14.000Z",45.701682,5.883546,2.5,6.5,9.75,315,null
"2021-09-27T16:27:14.000Z",45.701682,5.883546,0,3.5,6.5,337.5,null
"2021-09-27T16:31:18.000Z",45.701682,5.883546,2.75,4.5,7,225,null
"2021-09-27T16:35:18.000Z",45.701682,5.883546,0,2.25,5.25,202.5,null
"2021-09-27T16:39:18.000Z",45.701682,5.883546,1,5,8.75,202.5,null
"2021-09-27T16:43:22.000Z",45.701682,5.883546,0.75,4.25,9.5,202.5,null
"2021-09-27T16:47:22.000Z",45.701682,5.883546,1.5,4.25,6.25,202.5,null
"2021-09-27T16:51:22.000Z",45.701682,5.883546,5.5,8.25,10.5,225,null
"2021-09-27T16:55:26.000Z",45.701682,5.883546,5.5,6.75,8,225,null
"2021-09-27T16:59:26.000Z",45.701682,5.883546,5.25,6.75,8,225,null
"2021-09-27T17:03:26.000Z",45.701682,5.883546,5.25,7.25,10,225,null
"2021-09-27T17:08:22.000Z",45.701682,5.883546,1.75,6.75,9.75,202.5,null
"2021-09-27T17:12:22.000Z",45.701682,5.883546,0.25,4.75,8.75,225,null
"2021-09-27T17:16:22.000Z",45.70168,5.883609,0,4.25,8.75,225,null
"2021-09-27T17:20:26.000Z",45.70168,5.883609,0,2.5,5.5,135,null
"2021-09-27T17:24:26.000Z",45.70168,5.883609,4.25,5.75,7.25,90,null
"2021-09-27T17:28:26.000Z",45.70168,5.883609,1.5,4.5,7,90,null
"2021-09-27T17:32:30.000Z",45.70168,5.883609,0,1.25,4.75,135,null
"2021-09-27T17:36:30.000Z",45.70168,5.883609,1,5,7.25,135,null
"2021-09-27T17:40:30.000Z",45.70168,5.883609,2.5,5.25,9,135,null
"2021-09-27T17:44:34.000Z",45.70168,5.883609,1.75,4.75,8.25,112.5,null
"2021-09-27T17:48:34.000Z",45.70168,5.883609,0,1,2.5,90,null
"2021-09-27T17:52:34.000Z",45.70168,5.883609,0,0,2.5,135,null
"2021-09-27T17:56:38.000Z",45.70168,5.883609,2.75,5.25,7.75,112.5,null
"2021-09-27T18:00:38.000Z",45.70168,5.883609,0.25,3.25,6,135,null
"2021-09-27T18:04:38.000Z",45.70168,5.883609,0.75,3.5,6,112.5,null
"2021-09-27T18:08:42.000Z",45.70168,5.883609,1,4.5,6.75,112.5,null
"2021-09-27T18:12:42.000Z",45.70168,5.883609,0.25,2,3.75,157.5,null
"2021-09-27T18:16:42.000Z",45.70168,5.883609,0.25,2.25,4.5,135,null
"2021-09-27T18:20:46.000Z",45.70168,5.883609,1.5,4,6,135,null
"2021-09-27T18:24:46.000Z",45.70168,5.883609,0.75,3,5.25,157.5,null
"2021-09-27T18:28:46.000Z",45.70168,5.883609,0.75,3.5,6.25,112.5,null
"2021-09-27T18:32:50.000Z",45.70168,5.883609,0.75,2.5,6,135,null
"2021-09-27T18:36:50.000Z",45.70168,5.883609,0,1.75,4.25,157.5,null
"2021-09-27T18:40:50.000Z",45.70168,5.883609,2,3.75,5.5,157.5,null
"2021-09-27T18:44:54.000Z",45.70168,5.883609,1,2.75,5.5,135,null
"2021-09-27T18:48:54.000Z",45.70168,5.883609,0.25,1.5,3.5,135,null
"2021-09-27T18:52:54.000Z",45.70168,5.883609,0.25,1.75,3.5,135,null
"2021-09-27T18:56:59.000Z",45.70168,5.883609,0,2.25,4.25,135,null
"2021-09-27T19:00:59.000Z",45.70168,5.883609,0,1,3.75,135,null
"2021-09-27T19:04:59.000Z",45.70168,5.883609,2.5,3.5,5.25,112.5,null
"2021-09-27T19:09:02.000Z",45.70168,5.883609,0,2.5,4.75,112.5,null
"2021-09-27T19:13:02.000Z",45.70168,5.883609,0.75,3.25,6,112.5,null
"2021-09-27T19:17:02.000Z",45.70168,5.883609,1.5,4,7.75,112.5,null
"2021-09-27T19:21:06.000Z",45.70168,5.883609,3.25,5,9,112.5,null
"2021-09-27T19:25:06.000Z",45.70168,5.883609,2.75,5.5,9.75,112.5,null
"2021-09-27T19:29:06.000Z",45.70168,5.883609,2.5,5.25,9.75,90,null
"2021-09-27T19:33:10.000Z",45.70168,5.883609,1,3,7,135,null
"2021-09-27T19:37:10.000Z",45.70168,5.883609,0,1.5,4.25,135,null
"2021-09-27T19:41:10.000Z",45.70168,5.883609,0,1.5,4.25,135,null
"2021-09-27T19:45:14.000Z",45.70168,5.883609,1,2.5,4.25,112.5,null
"2021-09-27T19:49:14.000Z",45.70168,5.883609,0,2.5,4.25,135,null
"2021-09-27T19:53:14.000Z",45.70168,5.883609,1.5,2.5,3.25,112.5,null
"2021-09-27T19:57:18.000Z",45.70168,5.883609,0.25,2.25,4.5,112.5,null
"2021-09-27T20:01:18.000Z",45.70168,5.883609,0,1.5,3.75,112.5,null
"2021-09-27T20:05:18.000Z",45.70168,5.883609,0,1.25,2.5,135,null
"2021-09-27T20:09:23.000Z",45.70168,5.883609,1.5,2.5,3.5,157.5,null
"2021-09-27T20:13:23.000Z",45.70168,5.883609,0.25,1.75,3.25,157.5,null
"2021-09-27T20:17:23.000Z",45.70168,5.883609,0,0.75,2.75,135,null
"2021-09-27T20:21:26.000Z",45.70168,5.883609,0,0.25,2.5,90,null
"2021-09-27T20:25:26.000Z",45.70168,5.883609,0,1,2,45,null
"2021-09-27T20:29:26.000Z",45.70168,5.883609,1,3,6.25,22.5,null
"2021-09-27T20:33:31.000Z",45.70168,5.883609,3.75,4.75,6.5,45,null
"2021-09-27T20:37:31.000Z",45.70168,5.883609,0,1.5,5.25,45,null
"2021-09-27T20:41:31.000Z",45.70168,5.883609,2.5,6.25,9,337.5,null
"2021-09-27T20:45:35.000Z",45.70168,5.883609,3.75,6.75,9,0,null
"2021-09-27T20:49:35.000Z",45.70168,5.883609,2.75,5,6.25,0,null
"2021-09-27T20:53:35.000Z",45.70168,5.883609,0.25,4.25,7.25,0,null
"2021-09-27T20:57:38.000Z",45.70168,5.883609,0,0.75,3.5,45,null
"2021-09-27T21:01:38.000Z",45.70168,5.883609,0,0.5,2.5,112.5,null
"2021-09-27T21:05:38.000Z",45.70168,5.883609,0.25,1.25,2,135,null
"2021-09-27T21:09:43.000Z",45.70168,5.883609,0.25,1.5,2.5,112.5,null
"2021-09-27T21:13:43.000Z",45.70168,5.883609,0,0,1.5,112.5,null
"2021-09-27T21:17:43.000Z",45.70168,5.883609,0,1.25,2.5,135,null
"2021-09-27T21:21:46.000Z",45.70168,5.883609,0,0.75,3.25,135,null
"2021-09-27T21:25:46.000Z",45.70168,5.883609,1,2.75,5.5,112.5,null
"2021-09-27T21:29:46.000Z",45.70168,5.883609,2.5,4.75,7,90,null
"2021-09-27T21:33:51.000Z",45.70168,5.883609,3.25,12.5,24.5,337.5,null
"2021-09-27T21:37:51.000Z",45.70168,5.883609,4.75,12.5,23,22.5,null
"2021-09-27T21:41:51.000Z",45.70168,5.883609,0,4,8,112.5,null
"2021-09-27T21:45:55.000Z",45.70168,5.883609,0,2.25,8.75,135,null
"2021-09-27T21:49:55.000Z",45.70168,5.883609,1,13.5,21,270,null
"2021-09-27T21:53:55.000Z",45.70168,5.883609,5.5,9.5,16,292.5,null
"2021-09-27T21:57:58.000Z",45.70168,5.883609,1.5,9.75,21,315,null
"2021-09-27T22:01:58.000Z",45.70168,5.883609,4.75,16.5,32.5,292.5,null
"2021-09-27T22:05:58.000Z",45.70168,5.883609,2.75,14.5,27,292.5,null
"2021-09-27T22:10:03.000Z",45.70168,5.883609,7,14,20,292.5,null
"2021-09-27T22:14:03.000Z",45.70168,5.883609,8,15,20,292.5,null
"2021-09-27T22:18:03.000Z",45.70168,5.883609,6.25,10.5,17.5,292.5,null
"2021-09-27T22:22:07.000Z",45.70168,5.883609,15.5,23.5,32.5,270,null
"2021-09-27T22:26:07.000Z",45.70168,5.883609,10.5,23.5,32.5,270,null
"2021-09-27T22:30:07.000Z",45.70168,5.883609,6.5,20,27,270,null
"2021-09-27T22:34:11.000Z",45.70168,5.883609,11,20,24.5,270,null
"2021-09-27T22:38:11.000Z",45.70168,5.883609,10,18.5,27,292.5,null
"2021-09-27T22:42:11.000Z",45.70168,5.883609,13.5,21,28,270,null
"2021-09-27T22:46:15.000Z",45.70168,5.883609,9,16.5,28.5,292.5,null
"2021-09-27T22:50:15.000Z",45.70168,5.883609,12.5,17.5,24.5,292.5,null
"2021-09-27T22:54:15.000Z",45.70168,5.883609,2.5,12,17.5,292.5,null
"2021-09-27T22:58:19.000Z",45.70168,5.883609,7,12.5,18.5,292.5,null
"2021-09-27T23:02:19.000Z",45.70168,5.883609,11,16,20.5,292.5,null
"2021-09-27T23:06:19.000Z",45.70168,5.883609,3.25,12,20.5,292.5,null
"2021-09-27T23:10:23.000Z",45.70168,5.883609,8.75,14,20.5,292.5,null
"2021-09-27T23:14:23.000Z",45.70168,5.883609,12,19,24.5,270,null
"2021-09-27T23:18:23.000Z",45.70168,5.883609,12,16,21,270,null
"2021-09-27T23:22:27.000Z",45.70168,5.883609,12,16.5,21,270,null
"2021-09-27T23:26:27.000Z",45.70168,5.883609,11.5,16,21.5,270,null
"2021-09-27T23:30:27.000Z",45.70168,5.883609,8.25,13,19,292.5,null
"2021-09-27T23:34:31.000Z",45.70168,5.883609,9.5,16.5,22.5,270,null
"2021-09-27T23:38:31.000Z",45.70168,5.883609,9.75,12,16.5,292.5,null
"2021-09-27T23:42:31.000Z",45.70168,5.883609,3.5,10,19.5,270,null
"2021-09-27T23:46:36.000Z",45.70168,5.883609,3.75,17,24,270,null
"2021-09-27T23:50:36.000Z",45.70168,5.883609,7.75,15,22.5,270,null
"2021-09-27T23:54:36.000Z",45.70168,5.883609,7,15,24,270,null
"2021-09-27T23:58:39.000Z",45.70168,5.883609,8.25,13.5,19.5,270,null
"2021-09-28T00:02:39.000Z",45.70168,5.883609,7.25,11,16.5,292.5,null
"2021-09-28T00:06:39.000Z",45.70168,5.883609,2,6.75,11,292.5,null
"2021-09-28T00:10:43.000Z",45.70168,5.883609,0,5.75,12,337.5,null
"2021-09-28T00:14:43.000Z",45.70168,5.883609,0,4.75,14.5,315,null
"2021-09-28T00:18:43.000Z",45.70168,5.883609,3.25,7.5,13,292.5,null
"2021-09-28T00:22:47.000Z",45.70168,5.883609,2.75,4.75,6.25,22.5,null
"2021-09-28T00:26:47.000Z",45.70168,5.883609,0,1.5,4.25,0,null
"2021-09-28T00:30:47.000Z",45.70168,5.883609,1.5,2.5,4.25,315,null
"2021-09-28T00:34:52.000Z",45.70168,5.883609,2.75,5,7,337.5,null
"2021-09-28T00:38:52.000Z",45.70168,5.883609,6,7.5,12,337.5,null
"2021-09-28T00:42:52.000Z",45.70168,5.883609,7,11,16.5,292.5,null
"2021-09-28T00:46:56.000Z",45.70168,5.883609,3.75,8.5,14,315,null
"2021-09-28T00:50:56.000Z",45.70168,5.883609,3.25,5.5,8.75,0,null
"2021-09-28T00:54:56.000Z",45.70168,5.883609,0,3.75,8,0,null
"2021-09-28T00:58:59.000Z",45.70168,5.883609,0,1.25,2.75,45,null
"2021-09-28T01:02:59.000Z",45.70168,5.883609,0.75,3.25,5.5,45,null
"2021-09-28T01:06:59.000Z",45.70168,5.883609,2.5,4.5,7.75,45,null
"2021-09-28T01:11:04.000Z",45.70168,5.883609,2.75,5.25,8.75,45,null
"2021-09-28T01:15:04.000Z",45.70168,5.883609,1,4.5,8.75,45,null
"2021-09-28T01:19:04.000Z",45.70168,5.883609,3.5,6,8,45,null
"2021-09-28T01:23:07.000Z",45.70168,5.883609,3.5,6.25,9.5,45,null
"2021-09-28T01:27:07.000Z",45.70168,5.883609,0.75,3.5,6.5,45,null
"2021-09-28T01:31:07.000Z",45.70168,5.883609,0,4.25,9,22.5,null
"2021-09-28T01:35:12.000Z",45.70168,5.883609,2,5.25,9.5,45,null
"2021-09-28T01:39:12.000Z",45.70168,5.883609,3.5,6,9,45,null
"2021-09-28T01:43:12.000Z",45.70168,5.883609,2.75,6.25,9.5,22.5,null
"2021-09-28T01:47:16.000Z",45.70168,5.883609,4.5,6.25,9,22.5,null
"2021-09-28T01:51:16.000Z",45.70168,5.883609,4.25,6.25,8.25,22.5,null
"2021-09-28T01:55:16.000Z",45.70168,5.883609,1.5,4,6,22.5,null
"2021-09-28T01:59:20.000Z",45.70168,5.883609,2.5,5.75,11.5,22.5,null
"2021-09-28T02:03:20.000Z",45.70168,5.883609,6.25,9.75,12.5,0,null
"2021-09-28T02:07:20.000Z",45.70168,5.883609,4.25,7.75,11,0,null
"2021-09-28T02:11:24.000Z",45.70168,5.883609,4.75,7,9.5,22.5,null
"2021-09-28T02:15:24.000Z",45.70168,5.883609,1.5,4.75,8,22.5,null
"2021-09-28T02:19:24.000Z",45.70168,5.883609,1.75,4.5,6.5,22.5,null
"2021-09-28T02:23:27.000Z",45.70168,5.883609,1.75,4.25,7,45,null
"2021-09-28T02:27:27.000Z",45.70168,5.883609,1,3,5.5,22.5,null
"2021-09-28T02:31:27.000Z",45.70168,5.883609,1.75,7.5,16,0,null
"2021-09-28T02:35:32.000Z",45.70168,5.883609,9.5,12,15.5,0,null
"2021-09-28T02:39:32.000Z",45.70168,5.883609,10.5,13,17.5,337.5,null
"2021-09-28T02:43:32.000Z",45.70168,5.883609,11,14.5,18,337.5,null
"2021-09-28T02:47:36.000Z",45.70168,5.883609,10,13.5,16,337.5,null
"2021-09-28T02:51:36.000Z",45.70168,5.883609,9.75,13.5,17.5,0,null
"2021-09-28T02:55:36.000Z",45.70168,5.883609,8,12,15.5,0,null
"2021-09-28T02:59:39.000Z",45.70168,5.883609,7.25,11.5,15.5,0,null
"2021-09-28T03:03:39.000Z",45.70168,5.883609,5.5,11,14.5,22.5,null
"2021-09-28T03:07:39.000Z",45.70168,5.883609,9.75,13,16.5,0,null
"2021-09-28T03:11:44.000Z",45.70168,5.883609,8.75,13.5,17,0,null
"2021-09-28T03:15:44.000Z",45.70168,5.883609,9,12.5,16.5,0,null
"2021-09-28T03:19:44.000Z",45.70168,5.883609,8,12.5,17.5,0,null
"2021-09-28T03:23:48.000Z",45.70168,5.883609,7.75,11,14.5,0,null
"2021-09-28T03:27:48.000Z",45.70168,5.883609,11,13,15.5,0,null
"2021-09-28T03:31:48.000Z",45.70168,5.883609,10,13,15.5,0,null
"2021-09-28T03:35:52.000Z",45.70168,5.883609,11,14.5,18,0,null
"2021-09-28T03:39:52.000Z",45.70168,5.883609,7.75,14,17,0,null
"2021-09-28T03:43:52.000Z",45.70168,5.883609,9.5,13.5,17,0,null
"2021-09-28T03:47:56.000Z",45.70168,5.883609,9,13.5,18,0,null
"2021-09-28T03:51:56.000Z",45.70168,5.883609,9,14,18,0,null
"2021-09-28T03:55:56.000Z",45.70168,5.883609,8.25,13.5,17,0,null
"2021-09-28T04:00:00.000Z",45.70168,5.883609,9.75,13,17,0,null
"2021-09-28T04:04:00.000Z",45.70168,5.883609,8.75,12.5,16.5,0,null
"2021-09-28T04:08:00.000Z",45.70168,5.883609,7,13.5,18,0,null
"2021-09-28T04:12:04.000Z",45.70168,5.883609,10,14,18,0,null
"2021-09-28T04:16:04.000Z",45.70168,5.883609,8.25,13.5,17.5,0,null
"2021-09-28T04:20:04.000Z",45.70168,5.883609,9,12,15.5,0,null
"2021-09-28T04:24:08.000Z",45.70168,5.883609,12,14.5,17.5,0,null
"2021-09-28T04:28:08.000Z",45.70168,5.883609,10.5,14.5,16.5,0,null
"2021-09-28T04:32:08.000Z",45.70168,5.883609,10.5,15,19,337.5,null
"2021-09-28T04:36:12.000Z",45.70168,5.883609,12,16,20,337.5,null
"2021-09-28T04:40:12.000Z",45.70168,5.883609,13,17,20.5,0,null
"2021-09-28T04:44:12.000Z",45.70168,5.883609,15,18.5,22,0,null
"2021-09-28T04:48:16.000Z",45.70168,5.883609,14,17.5,21.5,0,null
"2021-09-28T04:52:16.000Z",45.70168,5.883609,13,16.5,19,0,null
"2021-09-28T04:56:16.000Z",45.70168,5.883609,13,16.5,20.5,0,null
"2021-09-28T05:00:20.000Z",45.70168,5.883609,14,17,19,337.5,null
"2021-09-28T05:04:20.000Z",45.70168,5.883609,13,16,20.5,337.5,null
"2021-09-28T05:08:20.000Z",45.70168,5.883609,12.5,18,22.5,337.5,null
"2021-09-28T05:12:24.000Z",45.70168,5.883609,14.5,19,23,337.5,null
"2021-09-28T05:16:24.000Z",45.70168,5.883609,14.5,19,24,337.5,null
"2021-09-28T05:20:24.000Z",45.70168,5.883609,13,19.5,23.5,0,null
"2021-09-28T05:24:28.000Z",45.70168,5.883609,16,19,22,0,null
"2021-09-28T05:28:28.000Z",45.70168,5.883609,14.5,20,24,0,null
"2021-09-28T05:32:28.000Z",45.70168,5.883609,16.5,20.5,24,0,null
"2021-09-28T05:36:32.000Z",45.70168,5.883609,16.5,20.5,24.5,0,null
"2021-09-28T05:40:32.000Z",45.70168,5.883609,13,19,23,0,null
"2021-09-28T05:44:32.000Z",45.70168,5.883609,14.5,19.5,22.5,0,null
"2021-09-28T05:48:36.000Z",45.70168,5.883609,12,18,21,0,null
"2021-09-28T05:52:36.000Z",45.70168,5.883609,10,19,22.5,0,null
"2021-09-28T05:56:36.000Z",45.70168,5.883609,15,18.5,23,0,null
"2021-09-28T06:00:41.000Z",45.70168,5.883609,9.5,18,21.5,0,null
"2021-09-28T06:04:41.000Z",45.70168,5.883609,15.5,18,23,0,null
"2021-09-28T06:08:41.000Z",45.70168,5.883609,13.5,18.5,22.5,337.5,null
"2021-09-28T06:12:44.000Z",45.70168,5.883609,16.5,20,22.5,337.5,null
"2021-09-28T06:16:44.000Z",45.70168,5.883609,14.5,19,22.5,337.5,null
"2021-09-28T06:20:44.000Z",45.70168,5.883609,14,18.5,22.5,0,null
"2021-09-28T06:24:49.000Z",45.70168,5.883609,13.5,17.5,20.5,337.5,null
"2021-09-28T06:28:49.000Z",45.70168,5.883609,13,17,20,0,null
"2021-09-28T06:32:49.000Z",45.70168,5.883609,14.5,18,20,0,null
"2021-09-28T06:36:53.000Z",45.70168,5.883609,13,17,20,337.5,null
"2021-09-28T06:40:53.000Z",45.70168,5.883609,12.5,17,20,337.5,null
"2021-09-28T06:44:53.000Z",45.70168,5.883609,12.5,16,20,337.5,null
"2021-09-28T06:48:57.000Z",45.70168,5.883609,13.5,16.5,19.5,0,null
"2021-09-28T06:52:57.000Z",45.70168,5.883609,12.5,15.5,18.5,0,null
"2021-09-28T06:56:57.000Z",45.70168,5.883609,9,14,18,0,null
"2021-09-28T07:01:00.000Z",45.70168,5.883609,7.75,12.5,16,0,null
"2021-09-28T07:05:00.000Z",45.70168,5.883609,7,11.5,14.5,0,null
"2021-09-28T07:09:00.000Z",45.70168,5.883609,8.25,12,15.5,0,null
"2021-09-28T07:13:05.000Z",45.70168,5.883609,7.75,11.5,14.5,0,null
"2021-09-28T07:17:05.000Z",45.70168,5.883609,8.75,13,18,0,null
"2021-09-28T07:21:05.000Z",45.70168,5.883609,8.75,13.5,18,0,null
"2021-09-28T07:25:09.000Z",45.70168,5.883609,11,14,17,0,null
"2021-09-28T07:29:09.000Z",45.70168,5.883609,12,15,18,0,null
"2021-09-28T07:33:09.000Z",45.70168,5.883609,11,15,17.5,0,null
"2021-09-28T07:37:13.000Z",45.70168,5.883609,11.5,14.5,16.5,337.5,null
"2021-09-28T07:41:13.000Z",45.70168,5.883609,11,13.5,16.5,337.5,null
"2021-09-28T07:45:13.000Z",45.70168,5.883609,10.5,14,17,337.5,null
"2021-09-28T07:49:17.000Z",45.70168,5.883609,9,12.5,14.5,337.5,null
"2021-09-28T07:53:17.000Z",45.70168,5.883609,11,13,15,0,null
"2021-09-28T07:57:17.000Z",45.70168,5.883609,10.5,12.5,16,0,null
"2021-09-28T08:01:21.000Z",45.70168,5.883609,10,13.5,16.5,0,null
"2021-09-28T08:05:21.000Z",45.70168,5.883609,11,13.5,16,337.5,null
"2021-09-28T08:09:21.000Z",45.70168,5.883609,11.5,13.5,16.5,337.5,null
"2021-09-28T08:13:25.000Z",45.70168,5.883609,10.5,14,16,337.5,null
"2021-09-28T08:17:25.000Z",45.70168,5.883609,12,14.5,16.5,337.5,null
"2021-09-28T08:21:25.000Z",45.70168,5.883609,12.5,15,16.5,337.5,null
"2021-09-28T08:25:29.000Z",45.70168,5.883609,11.5,15.5,18,337.5,null
"2021-09-28T08:29:29.000Z",45.70168,5.883609,14.5,16.5,19,337.5,null
"2021-09-28T08:33:29.000Z",45.70168,5.883609,11,15,18,337.5,null
"2021-09-28T08:37:33.000Z",45.70168,5.883609,13,15.5,18,337.5,null
"2021-09-28T08:41:33.000Z",45.70168,5.883609,13,15,17,337.5,null
"2021-09-28T08:45:33.000Z",45.70168,5.883609,11,15.5,19,337.5,null
"2021-09-28T08:49:37.000Z",45.70168,5.883609,12,15,18,337.5,null
"2021-09-28T08:53:37.000Z",45.70168,5.883609,12,15,18,337.5,null
"2021-09-28T08:57:37.000Z",45.70168,5.883609,11.5,14.5,18,337.5,null
"2021-09-28T09:01:41.000Z",45.70168,5.883609,11,13.5,17,337.5,null
"2021-09-28T09:05:41.000Z",45.70168,5.883609,11,13.5,15.5,337.5,null
"2021-09-28T09:09:41.000Z",45.70168,5.883609,11,13.5,15.5,337.5,null
"2021-09-28T09:13:45.000Z",45.70168,5.883609,10,13,15.5,337.5,null
"2021-09-28T09:17:45.000Z",45.70168,5.883609,11,13.5,15,337.5,null
"2021-09-28T09:21:45.000Z",45.70168,5.883609,11.5,13,15,337.5,null
"2021-09-28T09:25:49.000Z",45.70168,5.883609,9.75,12,15,337.5,null
"2021-09-28T09:29:49.000Z",45.70168,5.883609,8.25,11,13.5,337.5,null
"2021-09-28T09:33:49.000Z",45.70168,5.883609,9,11,12.5,337.5,null
"2021-09-28T09:37:53.000Z",45.70168,5.883609,8.25,11,13,337.5,null
"2021-09-28T09:41:53.000Z",45.70168,5.883609,8.75,10.5,12,337.5,null
"2021-09-28T09:45:53.000Z",45.70168,5.883609,10.5,12.5,15,337.5,null
"2021-09-28T09:49:57.000Z",45.70168,5.883609,11.5,13.5,15.5,337.5,null
"2021-09-28T09:53:57.000Z",45.70168,5.883609,13,15.5,18,337.5,null
"2021-09-28T09:57:57.000Z",45.70168,5.883609,12,14.5,18,337.5,null
"2021-09-28T10:02:02.000Z",45.70168,5.883609,10.5,14,17,337.5,null
"2021-09-28T10:06:02.000Z",45.70168,5.883609,12,14.5,16.5,337.5,null
"2021-09-28T10:10:02.000Z",45.70168,5.883609,12,14.5,17.5,337.5,null
"2021-09-28T10:14:05.000Z",45.70168,5.883609,11,14,16.5,337.5,null
"2021-09-28T10:18:05.000Z",45.70168,5.883609,11.5,14.5,18,337.5,null
"2021-09-28T10:22:05.000Z",45.70168,5.883609,11.5,14.5,16.5,0,null
"2021-09-28T10:26:09.000Z",45.70168,5.883609,10.5,12.5,14,337.5,null
"2021-09-28T10:30:09.000Z",45.70168,5.883609,10.5,12.5,14.5,337.5,null
"2021-09-28T10:34:09.000Z",45.70168,5.883609,8,12,15.5,337.5,null
"2021-09-28T10:38:13.000Z",45.70168,5.883609,10,13,15.5,337.5,null
"2021-09-28T10:42:13.000Z",45.70168,5.883609,10,12.5,15,337.5,null
"2021-09-28T10:46:13.000Z",45.70168,5.883609,11,13,15,0,null
"2021-09-28T10:50:18.000Z",45.70168,5.883609,10,13.5,16.5,0,null
"2021-09-28T10:54:18.000Z",45.70168,5.883609,11.5,15.5,18,337.5,null
"2021-09-28T10:58:18.000Z",45.70168,5.883609,12,13.5,16.5,337.5,null
"2021-09-28T11:02:22.000Z",45.70168,5.883609,11,13.5,17,337.5,null
"2021-09-28T11:06:22.000Z",45.70168,5.883609,10.5,14,17,337.5,null
"2021-09-28T11:10:22.000Z",45.70168,5.883609,9.75,13,15.5,337.5,null
"2021-09-28T11:14:26.000Z",45.70168,5.883609,10,13,15.5,337.5,null
"2021-09-28T11:18:26.000Z",45.70168,5.883609,10,13,15.5,337.5,null
"2021-09-28T11:22:26.000Z",45.70168,5.883609,11.5,13,14.5,0,null
"2021-09-28T11:26:29.000Z",45.70168,5.883609,9.5,12.5,15,0,null
"2021-09-28T11:30:29.000Z",45.70168,5.883609,11,13,17.5,0,null
"2021-09-28T11:34:29.000Z",45.70168,5.883609,10.5,13,15,0,null
"2021-09-28T11:38:33.000Z",45.70168,5.883609,10.5,12.5,14,337.5,null
"2021-09-28T11:42:33.000Z",45.70168,5.883609,9,12,14,337.5,null
"2021-09-28T11:46:33.000Z",45.70168,5.883609,8.75,11,13,337.5,null
"2021-09-28T11:50:38.000Z",45.70168,5.883609,10,11.5,13,315,null
"2021-09-28T11:54:38.000Z",45.70168,5.883609,9.5,11.5,12.5,315,null
"2021-09-28T11:58:38.000Z",45.70168,5.883609,8.75,11,13,337.5,null
"2021-09-28T12:02:41.000Z",45.70168,5.883609,8,9.75,11,337.5,null
"2021-09-28T12:06:41.000Z",45.70168,5.883609,7.25,9.75,11,337.5,null
"2021-09-28T12:10:41.000Z",45.70168,5.883609,7,9,11,337.5,null
"2021-09-28T12:14:46.000Z",45.70168,5.883609,8,9.25,11,337.5,null
"2021-09-28T12:18:46.000Z",45.70168,5.883609,6.5,9.25,11,337.5,null
"2021-09-28T12:22:46.000Z",45.70168,5.883609,7,8.5,9.75,337.5,null
"2021-09-28T12:26:50.000Z",45.70168,5.883609,7,9.25,11,337.5,null
"2021-09-28T12:30:50.000Z",45.70168,5.883609,6.5,8.25,9.75,337.5,null
"2021-09-28T12:34:50.000Z",45.70168,5.883609,7,9,10.5,337.5,null
"2021-09-28T12:38:53.000Z",45.70168,5.883609,6.25,7.25,8.75,337.5,null
"2021-09-28T12:42:53.000Z",45.70168,5.883609,5.5,7,8.75,315,null
"2021-09-28T12:46:53.000Z",45.70168,5.883609,6,7.75,9,315,null
"2021-09-28T12:50:58.000Z",45.70168,5.883609,4.75,7.5,10,315,null
"2021-09-28T12:54:58.000Z",45.70168,5.883609,5.25,7.25,8.75,315,null
"2021-09-28T12:58:58.000Z",45.70168,5.883609,5.25,7.25,9.5,315,null
"2021-09-28T13:03:02.000Z",45.70168,5.883609,4.75,6.5,7.75,315,null
"2021-09-28T13:07:02.000Z",45.70168,5.883609,4.5,9,17.5,292.5,null
"2021-09-28T13:11:02.000Z",45.70168,5.883609,2.5,7.25,14.5,292.5,null
"2021-09-28T13:15:06.000Z",45.70168,5.883609,5.5,11.5,18,292.5,null
"2021-09-28T13:19:06.000Z",45.70168,5.883609,3.75,7.75,13,292.5,null
"2021-09-28T13:23:06.000Z",45.70168,5.883609,7.25,12.5,20,292.5,null
"2021-09-28T13:27:10.000Z",45.70168,5.883609,6.5,12.5,19.5,292.5,null
"2021-09-28T13:31:10.000Z",45.70168,5.883609,9,17.5,25,270,null
"2021-09-28T13:35:10.000Z",45.70168,5.883609,13,18.5,24.5,270,null
"2021-09-28T13:39:14.000Z",45.70168,5.883609,13,20.5,26,270,null
"2021-09-28T13:43:14.000Z",45.70168,5.883609,19,23,28,270,null
"2021-09-28T13:47:14.000Z",45.70168,5.883609,13,19.5,29,270,null
"2021-09-28T13:51:18.000Z",45.70168,5.883609,13,18,24.5,270,null
"2021-09-28T13:55:18.000Z",45.70168,5.883609,14.5,21,28,270,null
"2021-09-28T13:59:18.000Z",45.70168,5.883609,15.5,20.5,26,270,null
"2021-09-28T14:03:22.000Z",45.70168,5.883609,15.5,21.5,25,270,null
"2021-09-28T14:07:22.000Z",45.70168,5.883609,12.5,21.5,27.5,270,null
"2021-09-28T14:11:22.000Z",45.70168,5.883609,15.5,22.5,28,270,null
"2021-09-28T14:15:26.000Z",45.70168,5.883609,12.5,18.5,25,270,null
"2021-09-28T14:19:26.000Z",45.70168,5.883609,16,20.5,27,270,null
"2021-09-28T14:23:26.000Z",45.70168,5.883609,11,16.5,22.5,247.5,null
"2021-09-28T14:27:30.000Z",45.70168,5.883609,10.5,15,20,270,null
"2021-09-28T14:31:30.000Z",45.70168,5.883609,9.5,14,19,270,null
"2021-09-28T14:35:30.000Z",45.70168,5.883609,12.5,16,22.5,270,null
"2021-09-28T14:39:34.000Z",45.70168,5.883609,10,13.5,18,270,null
"2021-09-28T14:43:34.000Z",45.70168,5.883609,14,18,24,270,null
"2021-09-28T14:47:34.000Z",45.70168,5.883609,15.5,19.5,23.5,270,null
"2021-09-28T14:51:39.000Z",45.70168,5.883609,13.5,20.5,26,270,null
"2021-09-28T14:55:39.000Z",45.70168,5.883609,10.5,16,20.5,270,null
"2021-09-28T14:59:39.000Z",45.70168,5.883609,14.5,20.5,25.5,270,null
"2021-09-28T15:03:42.000Z",45.70168,5.883609,11,22,27.5,270,null
"2021-09-28T15:07:42.000Z",45.70168,5.883609,7.25,13.5,20,270,null
"2021-09-28T15:11:42.000Z",45.70168,5.883609,11.5,16.5,23.5,270,null
"2021-09-28T15:15:47.000Z",45.70168,5.883609,8.75,13,18,270,null
"2021-09-28T15:19:47.000Z",45.70168,5.883609,7,13.5,19.5,270,null
"2021-09-28T15:23:47.000Z",45.70168,5.883609,12,15.5,20,247.5,null
"2021-09-28T15:27:50.000Z",45.70168,5.883609,12,14.5,20.5,270,null
"2021-09-28T15:31:50.000Z",45.70168,5.883609,8.25,13,18,270,null
"2021-09-28T15:35:50.000Z",45.70168,5.883609,9.5,13.5,17,270,null
"2021-09-28T15:39:54.000Z",45.70168,5.883609,5.25,12,16.5,270,null
"2021-09-28T15:43:54.000Z",45.70168,5.883609,3.75,9,20,247.5,null
"2021-09-28T15:47:54.000Z",45.70168,5.883609,9.75,14.5,19.5,270,null
"2021-09-28T15:51:59.000Z",45.70168,5.883609,13,16,20,270,null
"2021-09-28T15:55:59.000Z",45.70168,5.883609,9.5,12.5,16.5,270,null
"2021-09-28T15:59:59.000Z",45.70168,5.883609,9.5,14,18,270,null
"2021-09-28T16:04:02.000Z",45.70168,5.883609,7.25,12.5,19,270,null
"2021-09-28T16:08:02.000Z",45.70168,5.883609,12,15.5,19,270,null
"2021-09-28T16:12:02.000Z",45.70168,5.883609,13,17,20,270,null
"2021-09-28T16:20:02.000Z",45.701734,5.883472,13.5,18.5,23,270,null
"2021-09-28T16:24:02.000Z",45.701734,5.883472,16,20.5,27.5,270,null
"2021-09-28T16:28:02.000Z",45.701734,5.883472,10,19.5,26.5,270,null
"2021-09-28T16:32:06.000Z",45.701734,5.883472,11,18.5,27,270,null
"2021-09-28T16:36:06.000Z",45.701734,5.883472,8.25,15.5,21.5,270,null
"2021-09-28T16:40:06.000Z",45.701734,5.883472,13,19,24.5,270,null
"2021-09-28T16:44:09.000Z",45.701734,5.883472,13,21.5,27,270,null
"2021-09-28T16:48:09.000Z",45.701734,5.883472,9,19.5,24.5,270,null
"2021-09-28T16:52:09.000Z",45.701734,5.883472,14.5,20,26.5,270,null
"2021-09-28T16:56:14.000Z",45.701734,5.883472,19,24,33.5,270,null
"2021-09-28T17:00:14.000Z",45.701734,5.883472,15,21,28,270,null
"2021-09-28T17:04:14.000Z",45.701734,5.883472,14.5,24,30,270,null
"2021-09-28T17:09:02.000Z",45.701734,5.883472,18.5,24,28.5,270,null
"2021-09-28T17:13:02.000Z",45.701734,5.883472,12,17.5,25,270,null
"2021-09-28T17:17:02.000Z",45.701615,5.883619,12.5,22,29.5,270,null
"2021-09-28T17:21:06.000Z",45.701615,5.883619,13.5,19,24.5,270,null
"2021-09-28T17:25:06.000Z",45.701615,5.883619,14,18.5,22.5,270,null
"2021-09-28T17:29:06.000Z",45.701615,5.883619,11,15,20.5,270,null
"2021-09-28T17:33:10.000Z",45.701615,5.883619,11,15.5,19.5,247.5,null
"2021-09-28T17:37:10.000Z",45.701615,5.883619,11.5,17,22,247.5,null
"2021-09-28T17:41:10.000Z",45.701615,5.883619,11.5,15.5,19,247.5,null
"2021-09-28T17:45:14.000Z",45.701615,5.883619,9,15,21,247.5,null
"2021-09-28T17:49:14.000Z",45.701615,5.883619,11,14,20.5,247.5,null
"2021-09-28T17:53:14.000Z",45.701615,5.883619,10,17,23.5,247.5,null
"2021-09-28T17:57:18.000Z",45.701615,5.883619,8,13.5,19,270,null
"2021-09-28T18:01:18.000Z",45.701615,5.883619,13.5,19.5,25,270,null
"2021-09-28T18:05:18.000Z",45.701615,5.883619,14.5,18.5,24.5,270,null
"2021-09-28T18:09:22.000Z",45.701615,5.883619,7.25,12.5,19,270,null
"2021-09-28T18:13:22.000Z",45.701615,5.883619,7.75,14.5,19,270,null
"2021-09-28T18:17:22.000Z",45.701615,5.883619,13.5,18.5,25,270,null
"2021-09-28T18:21:26.000Z",45.701615,5.883619,12,18,24,270,null
"2021-09-28T18:25:26.000Z",45.701615,5.883619,7,15,19,292.5,null
"2021-09-28T18:29:26.000Z",45.701615,5.883619,4.25,11,20,292.5,null
"2021-09-28T18:33:30.000Z",45.701615,5.883619,4.75,6.75,9.75,315,null
"2021-09-28T18:37:30.000Z",45.701615,5.883619,2,7.25,15.5,292.5,null
"2021-09-28T18:41:30.000Z",45.701615,5.883619,6.5,16.5,24.5,270,null
"2021-09-28T18:45:35.000Z",45.701615,5.883619,5.5,14,23.5,270,null
"2021-09-28T18:49:35.000Z",45.701615,5.883619,5.25,8.5,15.5,292.5,null
"2021-09-28T18:53:35.000Z",45.701615,5.883619,1.75,4.5,9,292.5,null
"2021-09-28T18:57:38.000Z",45.701615,5.883619,1.5,4,7.75,315,null
"2021-09-28T19:01:38.000Z",45.701615,5.883619,3.5,7,10,247.5,null
"2021-09-28T19:05:38.000Z",45.701615,5.883619,7,13,19,247.5,null
"2021-09-28T19:09:42.000Z",45.701615,5.883619,13,18.5,24.5,247.5,null
"2021-09-28T19:13:42.000Z",45.701615,5.883619,14,19.5,25.5,247.5,null
"2021-09-28T19:17:42.000Z",45.701615,5.883619,10,20.5,28,270,null
"2021-09-28T19:21:46.000Z",45.701615,5.883619,9,15,22,247.5,null
"2021-09-28T19:25:46.000Z",45.701615,5.883619,8,11.5,16.5,247.5,null
"2021-09-28T19:29:46.000Z",45.701615,5.883619,2.75,7.25,12,270,null
"2021-09-28T19:33:50.000Z",45.701615,5.883619,2.75,5,7.25,270,null
"2021-09-28T19:37:50.000Z",45.701615,5.883619,0,8,14.5,225,null
"2021-09-28T19:41:50.000Z",45.701615,5.883619,3.75,9.25,12.5,247.5,null
"2021-09-28T19:45:55.000Z",45.701615,5.883619,4.75,7,10,270,null
"2021-09-28T19:49:55.000Z",45.701615,5.883619,0,2.5,5.5,270,null
"2021-09-28T19:53:55.000Z",45.701615,5.883619,0,6,14,292.5,null
"2021-09-28T19:57:58.000Z",45.701615,5.883619,8.25,12.5,15.5,270,null
"2021-09-28T20:01:58.000Z",45.701615,5.883619,4.25,10.5,14.5,292.5,null
"2021-09-28T20:05:58.000Z",45.701615,5.883619,4.5,8.25,11,292.5,null
"2021-09-28T20:10:02.000Z",45.701615,5.883619,2.5,6.75,9,292.5,null
"2021-09-28T20:14:02.000Z",45.701615,5.883619,0,4.5,10.5,90,null
"2021-09-28T20:18:02.000Z",45.701615,5.883619,0,1.5,5.25,90,null
"2021-09-28T20:22:07.000Z",45.701615,5.883619,0,0.75,3.5,112.5,null
"2021-09-28T20:26:07.000Z",45.701615,5.883619,0,1,2.75,67.5,null
"2021-09-28T20:30:07.000Z",45.701615,5.883619,0,1.25,3.5,90,null
"2021-09-28T20:34:11.000Z",45.701615,5.883619,0,2.75,5.25,45,null
"2021-09-28T20:38:11.000Z",45.701615,5.883619,0.25,2.25,4.75,45,null
"2021-09-28T20:42:11.000Z",45.701615,5.883619,2.5,4,5.5,90,null
"2021-09-28T20:46:14.000Z",45.701615,5.883619,1.5,2.75,5.25,67.5,null
"2021-09-28T20:50:14.000Z",45.701615,5.883619,1.5,3,4.5,67.5,null
"2021-09-28T20:54:14.000Z",45.701615,5.883619,0,0.25,1.75,67.5,null
"2021-09-28T20:58:18.000Z",45.701615,5.883619,0,0,0.75,135,null
"2021-09-28T21:02:18.000Z",45.701615,5.883619,0,1.5,3.75,135,null
"2021-09-28T21:06:18.000Z",45.701615,5.883619,0,2,6.5,112.5,null
"2021-09-28T21:10:22.000Z",45.701615,5.883619,1.75,3.75,6,112.5,null
"2021-09-28T21:14:22.000Z",45.701615,5.883619,1.75,3.75,6.5,112.5,null
"2021-09-28T21:18:22.000Z",45.701615,5.883619,1,4.25,8,112.5,null
"2021-09-28T21:22:27.000Z",45.701615,5.883619,0,0.25,1.75,90,null
"2021-09-28T21:26:27.000Z",45.701615,5.883619,0,0.25,1,90,null
"2021-09-28T21:30:27.000Z",45.701615,5.883619,0,0.25,1.75,270,null
"2021-09-28T21:34:31.000Z",45.701615,5.883619,0,0,0,270,null
"2021-09-28T21:38:31.000Z",45.701615,5.883619,0,0,0,315,null
"2021-09-28T21:42:31.000Z",45.701615,5.883619,0,0,0,90,null
"2021-09-28T21:46:35.000Z",45.701615,5.883619,0,0,0,90,null
"2021-09-28T21:50:35.000Z",45.701615,5.883619,0,3,4.5,112.5,null
"2021-09-28T21:54:35.000Z",45.701615,5.883619,2.75,4.25,5.5,112.5,null
"2021-09-28T21:58:38.000Z",45.701615,5.883619,2,4.25,7.75,112.5,null
"2021-09-28T22:02:38.000Z",45.701615,5.883619,1.5,4,6.25,157.5,null
"2021-09-28T22:06:38.000Z",45.701615,5.883619,0,1.25,3.5,112.5,null
"2021-09-28T22:10:43.000Z",45.701615,5.883619,0,1.5,5.25,202.5,null
"2021-09-28T22:14:43.000Z",45.701615,5.883619,0,3.75,8.25,202.5,null
"2021-09-28T22:18:43.000Z",45.701615,5.883619,1,6.5,9.75,202.5,null
"2021-09-28T22:22:47.000Z",45.701615,5.883619,4.25,7.75,11.5,225,null
"2021-09-28T22:26:47.000Z",45.701615,5.883619,1,4.5,7.75,202.5,null
"2021-09-28T22:30:47.000Z",45.701615,5.883619,0,2,4.25,180,null
"2021-09-28T22:34:51.000Z",45.701615,5.883619,0,0.5,2,112.5,null
"2021-09-28T22:38:51.000Z",45.701615,5.883619,0,1.75,3.5,135,null
"2021-09-28T22:42:51.000Z",45.701615,5.883619,0.75,2.25,3.5,157.5,null
"2021-09-28T22:46:55.000Z",45.701615,5.883619,0,2.25,3.75,112.5,null
"2021-09-28T22:50:55.000Z",45.701615,5.883619,2.75,4.75,6.5,112.5,null
"2021-09-28T22:54:55.000Z",45.701615,5.883619,2.75,5.75,8.75,67.5,null
"2021-09-28T22:58:59.000Z",45.701615,5.883619,2.5,4.25,6,90,null
"2021-09-28T23:02:59.000Z",45.701615,5.883619,1,3.5,6,90,null
"2021-09-28T23:06:59.000Z",45.701615,5.883619,2.75,4,5.25,90,null
"2021-09-28T23:11:03.000Z",45.701615,5.883619,2.75,4.5,6.25,67.5,null
"2021-09-28T23:15:03.000Z",45.701615,5.883619,2.5,4.75,6.25,90,null
"2021-09-28T23:19:03.000Z",45.701615,5.883619,0,2,4.25,90,null
"2021-09-28T23:23:07.000Z",45.701615,5.883619,0,1.25,3.25,67.5,null
"2021-09-28T23:27:07.000Z",45.701615,5.883619,0,3.5,6.25,112.5,null
"2021-09-28T23:31:07.000Z",45.701615,5.883619,1.5,4.5,7.75,112.5,null
"2021-09-28T23:35:11.000Z",45.701615,5.883619,2,5,7.25,90,null
"2021-09-28T23:39:11.000Z",45.701615,5.883619,0,2.75,6,135,null
"2021-09-28T23:43:11.000Z",45.701615,5.883619,0,3,7,90,null
"2021-09-28T23:47:15.000Z",45.701615,5.883619,0,1.75,4.75,112.5,null
"2021-09-28T23:51:15.000Z",45.701615,5.883619,0,0.75,2.75,112.5,null
"2021-09-28T23:55:15.000Z",45.701615,5.883619,2,2.75,4.25,112.5,null
"2021-09-28T23:59:20.000Z",45.701615,5.883619,2,3.75,6.25,112.5,null
"2021-09-29T00:03:20.000Z",45.701615,5.883619,2.5,4.75,6,112.5,null
"2021-09-29T00:07:20.000Z",45.701615,5.883619,0.75,2.5,4.25,112.5,null
"2021-09-29T00:11:23.000Z",45.701615,5.883619,2.5,4.5,6.25,112.5,null
"2021-09-29T00:15:23.000Z",45.701615,5.883619,3.25,4.5,6.5,112.5,null
"2021-09-29T00:19:23.000Z",45.701615,5.883619,0.25,2.75,4.5,112.5,null
"2021-09-29T00:23:27.000Z",45.701615,5.883619,1.75,3.5,4.75,112.5,null
"2021-09-29T00:27:27.000Z",45.701615,5.883619,0,2.25,4.25,112.5,null
"2021-09-29T00:31:27.000Z",45.701615,5.883619,1.5,4.25,7.25,112.5,null
"2021-09-29T00:35:32.000Z",45.701615,5.883619,2.5,5.25,9,112.5,null
"2021-09-29T00:39:32.000Z",45.701615,5.883619,0.25,4.75,10,90,null
"2021-09-29T00:43:32.000Z",45.701615,5.883619,1.5,4.25,6.5,112.5,null
"2021-09-29T00:47:35.000Z",45.701615,5.883619,0.25,3.75,7,112.5,null
"2021-09-29T00:51:35.000Z",45.701615,5.883619,1.5,3.75,6.5,112.5,null
"2021-09-29T00:55:35.000Z",45.701615,5.883619,0.75,3.75,7.75,90,null
"2021-09-29T00:59:40.000Z",45.701615,5.883619,0,1.5,6.5,135,null
"2021-09-29T01:03:40.000Z",45.701615,5.883619,0,2,4.5,90,null
"2021-09-29T01:07:40.000Z",45.701615,5.883619,1.5,3.5,6.25,90,null
"2021-09-29T01:11:43.000Z",45.701615,5.883619,0,0.75,4.25,135,null
"2021-09-29T01:15:43.000Z",45.701615,5.883619,0,0.5,2.5,135,null
"2021-09-29T01:19:43.000Z",45.701615,5.883619,0.25,2.25,5.5,112.5,null
"2021-09-29T01:23:48.000Z",45.701615,5.883619,0.75,3,5.25,112.5,null
"2021-09-29T01:27:48.000Z",45.701615,5.883619,1.75,3.25,4.25,112.5,null
"2021-09-29T01:31:48.000Z",45.701615,5.883619,0,2.25,3.25,67.5,null
"2021-09-29T01:35:52.000Z",45.701615,5.883619,0.25,2.75,4.75,0,null
"2021-09-29T01:39:52.000Z",45.701615,5.883619,2,6.25,13,337.5,null
"2021-09-29T01:43:52.000Z",45.701615,5.883619,1.75,4,6.5,22.5,null
"2021-09-29T01:47:56.000Z",45.701615,5.883619,2.75,4.75,7,22.5,null
"2021-09-29T01:51:56.000Z",45.701615,5.883619,2.75,4.5,7,22.5,null
"2021-09-29T01:55:56.000Z",45.701615,5.883619,2.5,4.5,6.5,22.5,null
"2021-09-29T02:00:00.000Z",45.701615,5.883619,1.75,4.5,6.5,0,null
"2021-09-29T02:04:00.000Z",45.701615,5.883619,3.25,5.75,8,0,null
"2021-09-29T02:08:00.000Z",45.701615,5.883619,2.5,5.75,10.5,0,null
"2021-09-29T02:12:04.000Z",45.701615,5.883619,3.75,6,7.25,337.5,null
"2021-09-29T02:16:04.000Z",45.701615,5.883619,0.75,3.75,7,0,null
"2021-09-29T02:20:04.000Z",45.701615,5.883619,0.75,4,7,90,null
"2021-09-29T02:24:07.000Z",45.701615,5.883619,1,2.75,4.75,67.5,null
"2021-09-29T02:28:07.000Z",45.701615,5.883619,2,4,7,90,null
"2021-09-29T02:32:07.000Z",45.701615,5.883619,2,4.75,7.75,90,null
"2021-09-29T02:36:12.000Z",45.701615,5.883619,1,3,6,90,null
"2021-09-29T02:40:12.000Z",45.701615,5.883619,1,4.5,7,90,null
"2021-09-29T02:44:12.000Z",45.701615,5.883619,2,4.5,7.25,90,null
"2021-09-29T02:48:15.000Z",45.701615,5.883619,1.5,3.25,6.25,90,null
"2021-09-29T02:52:15.000Z",45.701615,5.883619,0.75,1.5,2,90,null
"2021-09-29T02:56:15.000Z",45.701615,5.883619,0,0.75,1.75,90,null
"2021-09-29T03:00:20.000Z",45.701615,5.883619,0,0.5,3.25,135,null
"2021-09-29T03:04:20.000Z",45.701615,5.883619,1,3,4.5,135,null
"2021-09-29T03:08:20.000Z",45.701615,5.883619,3.25,4.75,7.25,135,null
"2021-09-29T03:12:24.000Z",45.701615,5.883619,2,3.25,4.5,90,null
"2021-09-29T03:16:24.000Z",45.701615,5.883619,2,4.5,7,90,null
"2021-09-29T03:20:24.000Z",45.701615,5.883619,3.25,5.75,8.25,90,null
"2021-09-29T03:24:28.000Z",45.701615,5.883619,4.25,7,10.5,90,null
"2021-09-29T03:28:28.000Z",45.701615,5.883619,3.25,5.5,8.75,90,null
"2021-09-29T03:32:28.000Z",45.701615,5.883619,3.5,6,9,90,null
"2021-09-29T03:36:32.000Z",45.701615,5.883619,3.25,6,7.75,90,null
"2021-09-29T03:40:32.000Z",45.701615,5.883619,2.5,3.75,6.5,90,null
"2021-09-29T03:44:32.000Z",45.701615,5.883619,2,3.5,4.75,90,null
"2021-09-29T03:48:36.000Z",45.701615,5.883619,1.5,3,4.25,90,null
"2021-09-29T03:52:36.000Z",45.701615,5.883619,1.5,2.25,3.25,90,null
"2021-09-29T03:56:36.000Z",45.701615,5.883619,0.75,2,3.25,90,null
"2021-09-29T04:00:40.000Z",45.701615,5.883619,0,1,1.75,90,null
"2021-09-29T04:04:40.000Z",45.701615,5.883619,0,0,0.75,67.5,null
"2021-09-29T04:08:40.000Z",45.701615,5.883619,0,0.25,1,0,null
"2021-09-29T04:12:44.000Z",45.701615,5.883619,0,1.75,5.5,22.5,null
"2021-09-29T04:16:44.000Z",45.701615,5.883619,2.75,3.5,5.25,90,null
"2021-09-29T04:20:44.000Z",45.701615,5.883619,1.75,3.25,4.5,90,null
"2021-09-29T04:24:49.000Z",45.701615,5.883619,1.75,3,3.75,67.5,null
"2021-09-29T04:28:49.000Z",45.701615,5.883619,1,3,4.75,90,null
"2021-09-29T04:32:49.000Z",45.701615,5.883619,0,2.75,6,90,null
"2021-09-29T04:36:52.000Z",45.701615,5.883619,0,0.5,3.5,67.5,null
"2021-09-29T04:40:52.000Z",45.701615,5.883619,0.25,2.25,3.5,90,null
"2021-09-29T04:44:52.000Z",45.701615,5.883619,1.75,3,4.5,90,null
"2021-09-29T04:48:57.000Z",45.701615,5.883619,2.75,4,4.75,112.5,null
"2021-09-29T04:52:57.000Z",45.701615,5.883619,1.5,3.75,5.5,90,null
"2021-09-29T04:56:57.000Z",45.701615,5.883619,2,4,6,90,null
"2021-09-29T05:01:01.000Z",45.701615,5.883619,0.75,3,5.25,90,null
"2021-09-29T05:05:01.000Z",45.701615,5.883619,0.75,3,4.5,90,null
"2021-09-29T05:09:01.000Z",45.701615,5.883619,1.75,3.25,5.25,90,null
"2021-09-29T05:13:04.000Z",45.701615,5.883619,1.5,3.5,5.25,90,null
"2021-09-29T05:17:04.000Z",45.701615,5.883619,2,4.25,6,90,null
"2021-09-29T05:21:04.000Z",45.701615,5.883619,0.75,2.75,5.5,90,null
"2021-09-29T05:25:08.000Z",45.701615,5.883619,2.5,4.25,7.25,90,null
"2021-09-29T05:29:08.000Z",45.701615,5.883619,2.5,4.5,7,90,null
"2021-09-29T05:33:08.000Z",45.701615,5.883619,2.5,4.5,8,90,null
"2021-09-29T05:37:12.000Z",45.701615,5.883619,3.25,4.75,6.5,112.5,null
"2021-09-29T05:41:12.000Z",45.701615,5.883619,1.5,4,6.25,90,null
"2021-09-29T05:45:12.000Z",45.701615,5.883619,1.5,2.75,3.75,90,null
"2021-09-29T05:49:16.000Z",45.701615,5.883619,1,2.25,3.25,90,null
"2021-09-29T05:53:16.000Z",45.701615,5.883619,1,2.5,4.5,90,null
"2021-09-29T05:57:16.000Z",45.701615,5.883619,2,4.5,6.5,90,null
"2021-09-29T06:01:21.000Z",45.701615,5.883619,3.5,5.5,7.25,90,null
"2021-09-29T06:05:21.000Z",45.701615,5.883619,3.5,5.5,8,90,null
"2021-09-29T06:09:21.000Z",45.701615,5.883619,4.25,7,8.25,90,null
"2021-09-29T06:13:25.000Z",45.701615,5.883619,2.5,5.25,7.25,90,null
"2021-09-29T06:17:25.000Z",45.701615,5.883619,2.5,5,7,90,null
"2021-09-29T06:21:25.000Z",45.701615,5.883619,1,5.25,9.75,90,null
"2021-09-29T06:25:29.000Z",45.701615,5.883619,2,4.25,7,90,null
"2021-09-29T06:29:29.000Z",45.701615,5.883619,0.25,3.5,7,90,null
"2021-09-29T06:33:29.000Z",45.701615,5.883619,0.25,2.75,4.5,112.5,null
"2021-09-29T06:37:33.000Z",45.701615,5.883619,2.5,4,5.25,112.5,null
"2021-09-29T06:41:33.000Z",45.701615,5.883619,2.5,3.5,4.5,112.5,null
"2021-09-29T06:45:33.000Z",45.701615,5.883619,0,1.25,3.5,112.5,null
"2021-09-29T06:49:36.000Z",45.701615,5.883619,2.75,4,4.75,112.5,null
"2021-09-29T06:53:36.000Z",45.701615,5.883619,2.5,4,5.25,112.5,null
"2021-09-29T06:57:36.000Z",45.701615,5.883619,2,3.25,4.5,90,null
"2021-09-29T07:01:41.000Z",45.701615,5.883619,1.5,3,4.25,90,null
"2021-09-29T07:05:41.000Z",45.701615,5.883619,1.75,2.75,3.5,90,null
"2021-09-29T07:09:41.000Z",45.701615,5.883619,1.75,2.75,3.75,90,null
"2021-09-29T07:13:45.000Z",45.701615,5.883619,1.75,4.5,7,90,null
"2021-09-29T07:17:45.000Z",45.701615,5.883619,3.25,5,6.25,90,null
"2021-09-29T07:21:45.000Z",45.701615,5.883619,0.25,3,5.25,90,null
"2021-09-29T07:25:49.000Z",45.701615,5.883619,1.75,4,7,90,null
"2021-09-29T07:29:49.000Z",45.701615,5.883619,2.75,4.75,7,90,null
"2021-09-29T07:33:49.000Z",45.701615,5.883619,2,4,5.5,67.5,null
"2021-09-29T07:37:53.000Z",45.701615,5.883619,0.75,3,4.5,90,null
"2021-09-29T07:41:53.000Z",45.701615,5.883619,0.25,3,4.75,90,null
"2021-09-29T07:45:53.000Z",45.701615,5.883619,0,2.75,4.5,67.5,null
"2021-09-29T07:49:57.000Z",45.701615,5.883619,0.25,2.5,6.25,315,null
"2021-09-29T07:53:57.000Z",45.701615,5.883619,2.75,6.25,10,337.5,null
"2021-09-29T07:57:57.000Z",45.701615,5.883619,5.25,8.5,11,337.5,null
"2021-09-29T08:02:01.000Z",45.701615,5.883619,5.25,8.5,12,337.5,null
"2021-09-29T08:06:01.000Z",45.701615,5.883619,6,8,12,0,null
"2021-09-29T08:10:01.000Z",45.701615,5.883619,6.5,8.25,10,0,null
"2021-09-29T08:14:05.000Z",45.701615,5.883619,6.25,7.75,9.75,337.5,null
"2021-09-29T08:18:05.000Z",45.701615,5.883619,4.5,6.5,9,0,null
"2021-09-29T08:22:05.000Z",45.701615,5.883619,3.25,5.5,8,0,null
"2021-09-29T08:26:09.000Z",45.701615,5.883619,0.75,3.25,6.25,0,null
"2021-09-29T08:30:09.000Z",45.701615,5.883619,1.5,3.75,6.25,337.5,null
"2021-09-29T08:34:09.000Z",45.701615,5.883619,0.75,1.75,3.75,315,null
"2021-09-29T08:38:13.000Z",45.701615,5.883619,0,0.5,1.5,315,null
"2021-09-29T08:42:13.000Z",45.701615,5.883619,0,2,7,315,null
"2021-09-29T08:46:13.000Z",45.701615,5.883619,3.25,5,7.75,315,null
"2021-09-29T08:50:18.000Z",45.701615,5.883619,6,8,9.75,315,null
"2021-09-29T08:54:18.000Z",45.701615,5.883619,4.75,7.5,9.75,315,null
"2021-09-29T08:58:18.000Z",45.701615,5.883619,5.25,7.25,8.75,315,null
"2021-09-29T09:02:21.000Z",45.701615,5.883619,5.5,8.5,11,315,null
"2021-09-29T09:06:21.000Z",45.701615,5.883619,4.75,7.5,10.5,315,null
"2021-09-29T09:10:21.000Z",45.701615,5.883619,6.25,8,10,315,null
"2021-09-29T09:14:25.000Z",45.701615,5.883619,6,8.75,11.5,337.5,null
"2021-09-29T09:18:25.000Z",45.701615,5.883619,4.75,8,10.5,337.5,null
"2021-09-29T09:22:25.000Z",45.701615,5.883619,5.25,7.75,10,337.5,null
"2021-09-29T09:26:29.000Z",45.701615,5.883619,6.25,8.5,11,337.5,null
"2021-09-29T09:30:29.000Z",45.701615,5.883619,8.25,10,12.5,0,null
"2021-09-29T09:34:29.000Z",45.701615,5.883619,7.75,10.5,13,337.5,null
"2021-09-29T09:38:33.000Z",45.701615,5.883619,8,9.75,11.5,0,null
"2021-09-29T09:42:33.000Z",45.701615,5.883619,8,11,12.5,337.5,null
"2021-09-29T09:46:33.000Z",45.701615,5.883619,7.25,11,14,0,null
"2021-09-29T09:50:37.000Z",45.701615,5.883619,5.25,9.5,13,22.5,null
"2021-09-29T09:54:37.000Z",45.701615,5.883619,3.5,7.25,9.75,22.5,null
"2021-09-29T09:58:37.000Z",45.701615,5.883619,7,8.75,10,337.5,null
"2021-09-29T10:02:42.000Z",45.701615,5.883619,4.5,6.5,8.25,0,null
"2021-09-29T10:06:42.000Z",45.701615,5.883619,2.75,4.25,7.25,337.5,null
"2021-09-29T10:10:42.000Z",45.701615,5.883619,5.25,7.75,11,270,null
"2021-09-29T10:14:46.000Z",45.701615,5.883619,1,6.25,11,270,null
"2021-09-29T10:18:46.000Z",45.701615,5.883619,0,0.5,2,270,null
"2021-09-29T10:22:46.000Z",45.701615,5.883619,0,0.25,1,135,null
"2021-09-29T10:26:50.000Z",45.701615,5.883619,0,0.25,1.5,180,null
"2021-09-29T10:30:50.000Z",45.701615,5.883619,0,1.25,5.5,247.5,null
"2021-09-29T10:34:50.000Z",45.701615,5.883619,3.5,6,9.5,225,null
"2021-09-29T10:38:54.000Z",45.701615,5.883619,3.25,7.5,11,225,null
"2021-09-29T10:42:54.000Z",45.701615,5.883619,1.5,5.75,11.5,202.5,null
"2021-09-29T10:46:54.000Z",45.701615,5.883619,2,6.25,11.5,247.5,null
"2021-09-29T10:50:57.000Z",45.701615,5.883619,1.5,4.5,7,315,null
"2021-09-29T10:54:57.000Z",45.701615,5.883619,1,2,4.5,315,null
"2021-09-29T10:58:57.000Z",45.701615,5.883619,0.75,2,3.25,292.5,null
"2021-09-29T11:03:01.000Z",45.701615,5.883619,1.75,4,6.5,225,null
"2021-09-29T11:07:01.000Z",45.701615,5.883619,1,2.75,3.75,247.5,null
"2021-09-29T11:11:01.000Z",45.701615,5.883619,0.75,1.75,2.75,292.5,null
"2021-09-29T11:15:05.000Z",45.701615,5.883619,1,3.25,6,315,null
"2021-09-29T11:19:05.000Z",45.701615,5.883619,1,2.75,4.5,315,null
"2021-09-29T11:23:05.000Z",45.701615,5.883619,0,1.5,3.5,315,null
"2021-09-29T11:27:10.000Z",45.701615,5.883619,0,1.75,4.25,0,null
"2021-09-29T11:31:10.000Z",45.701615,5.883619,1.5,3.25,6.5,0,null
"2021-09-29T11:35:10.000Z",45.701615,5.883619,0.75,2.75,4.75,315,null
"2021-09-29T11:39:14.000Z",45.701615,5.883619,2.5,4.25,7,0,null
"2021-09-29T11:43:14.000Z",45.701615,5.883619,0,1.75,6,315,null
"2021-09-29T11:47:14.000Z",45.701615,5.883619,0,1.25,3.75,67.5,null
"2021-09-29T11:51:17.000Z",45.701615,5.883619,0,3,7.75,0,null
"2021-09-29T11:55:17.000Z",45.701615,5.883619,1.5,3.75,6.25,337.5,null
"2021-09-29T11:59:17.000Z",45.701615,5.883619,0.25,4,8,337.5,null
"2021-09-29T12:03:22.000Z",45.701615,5.883619,3.75,5.5,8.75,337.5,null
"2021-09-29T12:07:22.000Z",45.701615,5.883619,0,2.5,4.75,337.5,null
"2021-09-29T12:11:22.000Z",45.701615,5.883619,0.75,3.25,5.5,202.5,null
"2021-09-29T12:15:26.000Z",45.701615,5.883619,0,0.75,3.5,180,null
"2021-09-29T12:19:26.000Z",45.701615,5.883619,0,1.75,6,247.5,null
"2021-09-29T12:23:26.000Z",45.701615,5.883619,2.5,8,13,247.5,null
"2021-09-29T12:27:30.000Z",45.701615,5.883619,1,4,7.25,315,null
"2021-09-29T12:31:30.000Z",45.701615,5.883619,0,4,7,292.5,null
"2021-09-29T12:35:30.000Z",45.701615,5.883619,0,2.75,11,270,null
"2021-09-29T12:39:34.000Z",45.701615,5.883619,1.5,13.5,21,225,null
"2021-09-29T12:43:34.000Z",45.701615,5.883619,4.75,9.75,15,225,null
"2021-09-29T12:47:34.000Z",45.701615,5.883619,0.75,11,15.5,247.5,null
"2021-09-29T12:51:39.000Z",45.701615,5.883619,1.75,9.5,18,225,null
"2021-09-29T12:55:39.000Z",45.701615,5.883619,0,3.5,7,315,null
"2021-09-29T12:59:39.000Z",45.701615,5.883619,1,5.25,9.5,0,null
"2021-09-29T13:03:42.000Z",45.701615,5.883619,0,2,6.5,112.5,null
"2021-09-29T13:07:42.000Z",45.701615,5.883619,5.5,11.5,20,202.5,null
"2021-09-29T13:11:42.000Z",45.701615,5.883619,3.75,12,21,202.5,null
"2021-09-29T13:15:46.000Z",45.701615,5.883619,0,5,12,180,null
"2021-09-29T13:19:46.000Z",45.701615,5.883619,0,2,6.25,90,null
"2021-09-29T13:23:46.000Z",45.701615,5.883619,1,6.75,12.5,202.5,null
"2021-09-29T13:27:50.000Z",45.701615,5.883619,2.5,9,19.5,202.5,null
"2021-09-29T13:31:50.000Z",45.701615,5.883619,3.75,8.75,16.5,157.5,null
"2021-09-29T13:35:50.000Z",45.701615,5.883619,0.75,7.25,13.5,180,null
"2021-09-29T13:39:54.000Z",45.701615,5.883619,0,6,15,225,null
"2021-09-29T13:43:54.000Z",45.701615,5.883619,0.75,5.25,12.5,0,null
"2021-09-29T13:47:54.000Z",45.701615,5.883619,2,7.5,13.5,90,null
"2021-09-29T13:51:59.000Z",45.701615,5.883619,0,3,9,202.5,null
"2021-09-29T13:55:59.000Z",45.701615,5.883619,0,5,9,202.5,null
"2021-09-29T13:59:59.000Z",45.701615,5.883619,2,8.25,15.5,225,null
"2021-09-29T14:04:02.000Z",45.701615,5.883619,7,16,26,225,null
"2021-09-29T14:08:02.000Z",45.701615,5.883619,0,6,12,337.5,null
"2021-09-29T14:12:02.000Z",45.701615,5.883619,4.75,8.5,15.5,0,null
"2021-09-29T14:16:06.000Z",45.701615,5.883619,0,8.75,17,292.5,null
"2021-09-29T14:20:06.000Z",45.701615,5.883619,0.25,5.25,17,315,null
"2021-09-29T14:24:06.000Z",45.701615,5.883619,0,4,8,45,null
"2021-09-29T14:28:11.000Z",45.701615,5.883619,0,0,0,0,null
"2021-09-29T14:32:11.000Z",45.701615,5.883619,0,0.75,3.25,45,null
"2021-09-29T14:36:11.000Z",45.701615,5.883619,1.5,4.25,8,67.5,null
"2021-09-29T14:40:15.000Z",45.701615,5.883619,0,3.75,8,45,null
"2021-09-29T14:44:15.000Z",45.701615,5.883619,2.75,5.5,9.75,22.5,null
"2021-09-29T14:48:15.000Z",45.701615,5.883619,6,9.75,14,337.5,null
"2021-09-29T14:52:18.000Z",45.701615,5.883619,4.5,10,18,292.5,null
"2021-09-29T14:56:18.000Z",45.701615,5.883619,2,4.75,7.25,292.5,null
"2021-09-29T15:00:18.000Z",45.701615,5.883619,0.75,9.25,14,337.5,null
"2021-09-29T15:04:23.000Z",45.701615,5.883619,8.25,12,14.5,0,null
"2021-09-29T15:08:23.000Z",45.701615,5.883619,4.75,8,10,0,null
"2021-09-29T15:12:23.000Z",45.701615,5.883619,6,8.75,11,337.5,null
"2021-09-29T15:16:26.000Z",45.701615,5.883619,7,8.75,10.5,337.5,null
"2021-09-29T15:20:26.000Z",45.701615,5.883619,7.25,9,11,337.5,null
"2021-09-29T15:24:26.000Z",45.701615,5.883619,9.5,11.5,13.5,315,null
"2021-09-29T15:28:31.000Z",45.701615,5.883619,8.25,10.5,13,315,null
"2021-09-29T15:32:31.000Z",45.701615,5.883619,7.75,9,10,337.5,null
"2021-09-29T15:36:31.000Z",45.701615,5.883619,7.25,9.25,12,315,null
"2021-09-29T15:40:34.000Z",45.701615,5.883619,8.25,10.5,11.5,315,null
"2021-09-29T15:44:34.000Z",45.701615,5.883619,6.5,9.25,11,292.5,null
"2021-09-29T15:48:34.000Z",45.701615,5.883619,7.25,8.5,10,315,null
"2021-09-29T15:52:39.000Z",45.701615,5.883619,6.5,8.75,11.5,315,null
"2021-09-29T15:56:39.000Z",45.701615,5.883619,7.75,9.25,11,315,null
"2021-09-29T16:00:39.000Z",45.701615,5.883619,7,8.5,9.75,315,null
"2021-09-29T16:04:42.000Z",45.701615,5.883619,6.5,8,9.5,315,null
"2021-09-29T16:08:42.000Z",45.701615,5.883619,6,7,8.75,315,null
"2021-09-29T16:12:42.000Z",45.701615,5.883619,5.5,6.75,7.75,315,null
"2021-09-29T16:20:40.000Z",45.701674,5.883247,6.25,7.25,8,337.5,null
"2021-09-29T16:24:40.000Z",45.701674,5.883247,6.5,7.5,8.25,315,null
"2021-09-29T16:28:40.000Z",45.701674,5.883247,6,7,8,337.5,null
"2021-09-29T16:32:45.000Z",45.701674,5.883247,5.25,6,7,337.5,null
"2021-09-29T16:36:45.000Z",45.701674,5.883247,5.5,6.5,7.25,337.5,null
"2021-09-29T16:40:45.000Z",45.701674,5.883247,4.75,5.75,6.5,337.5,null
"2021-09-29T16:44:49.000Z",45.701674,5.883247,3.5,4.75,6,337.5,null
"2021-09-29T16:48:49.000Z",45.701674,5.883247,2,3.75,4.75,315,null
"2021-09-29T16:52:49.000Z",45.701674,5.883247,3.5,5,6.5,337.5,null
"2021-09-29T16:56:53.000Z",45.701674,5.883247,3.75,6,7.25,22.5,null
"2021-09-29T17:00:53.000Z",45.701674,5.883247,1,3.75,6,22.5,null
"2021-09-29T17:04:53.000Z",45.701674,5.883247,2.75,4.25,5.5,22.5,null
"2021-09-29T17:09:31.000Z",45.701674,5.883247,2.5,4.5,6,22.5,null
"2021-09-29T17:13:31.000Z",45.701674,5.883247,2.75,4.25,6,22.5,null
"2021-09-29T17:17:31.000Z",45.70174,5.883436,2.75,4.25,6.25,22.5,null
"2021-09-29T17:21:35.000Z",45.70174,5.883436,3.25,4.75,6.25,22.5,null
"2021-09-29T17:25:35.000Z",45.70174,5.883436,2.75,5,7,0,null
"2021-09-29T17:29:35.000Z",45.70174,5.883436,4.75,6.25,7.75,337.5,null
"2021-09-29T17:33:38.000Z",45.70174,5.883436,3.5,4.75,6.5,337.5,null
"2021-09-29T17:37:38.000Z",45.70174,5.883436,3.5,4.5,6,337.5,null
"2021-09-29T17:41:38.000Z",45.70174,5.883436,0.75,2.5,5.25,45,null
"2021-09-29T17:45:43.000Z",45.70174,5.883436,0,3.25,7.75,90,null
"2021-09-29T17:49:43.000Z",45.70174,5.883436,3.5,6,8,67.5,null
"2021-09-29T17:53:43.000Z",45.70174,5.883436,2.5,4.5,5.5,67.5,null
"2021-09-29T17:57:47.000Z",45.70174,5.883436,4.25,5.25,6.5,90,null
"2021-09-29T18:01:47.000Z",45.70174,5.883436,4.25,6.75,8.75,90,null
"2021-09-29T18:05:47.000Z",45.70174,5.883436,3.25,7,9.5,90,null
"2021-09-29T18:09:51.000Z",45.70174,5.883436,2.75,5.25,8.75,90,null
"2021-09-29T18:13:51.000Z",45.70174,5.883436,3.25,5.25,6.5,90,null
"2021-09-29T18:17:51.000Z",45.70174,5.883436,1.5,5.25,8,67.5,null
"2021-09-29T18:21:55.000Z",45.70174,5.883436,1.5,5.25,10.5,0,null
"2021-09-29T18:25:55.000Z",45.70174,5.883436,4.75,7.5,13,292.5,null
"2021-09-29T18:29:55.000Z",45.70174,5.883436,9.5,11.5,15,337.5,null
"2021-09-29T18:33:59.000Z",45.70174,5.883436,9.5,12.5,15.5,0,null
"2021-09-29T18:37:59.000Z",45.70174,5.883436,7.25,11,13.5,0,null
"2021-09-29T18:41:59.000Z",45.70174,5.883436,7.75,9.25,11,0,null
"2021-09-29T18:46:03.000Z",45.70174,5.883436,7.75,12,16.5,337.5,null
"2021-09-29T18:50:03.000Z",45.70174,5.883436,11,15,17,337.5,null
"2021-09-29T18:54:03.000Z",45.70174,5.883436,13,17.5,22.5,337.5,null
"2021-09-29T18:58:07.000Z",45.70174,5.883436,14.5,18.5,22,315,null
"2021-09-29T19:02:07.000Z",45.70174,5.883436,11.5,15.5,18,337.5,null
"2021-09-29T19:06:07.000Z",45.70174,5.883436,13,16,19,337.5,null
"2021-09-29T19:10:11.000Z",45.70174,5.883436,14,18,21.5,337.5,null
"2021-09-29T19:14:11.000Z",45.70174,5.883436,13,17,21,0,null
"2021-09-29T19:18:11.000Z",45.70174,5.883436,6,11.5,16,45,null
"2021-09-29T19:22:15.000Z",45.70174,5.883436,5.5,14,21,45,null
"2021-09-29T19:26:15.000Z",45.70174,5.883436,6.5,11,20,45,null
"2021-09-29T19:30:15.000Z",45.70174,5.883436,2.75,7.75,11.5,22.5,null
"2021-09-29T19:34:20.000Z",45.70174,5.883436,2.5,5.75,10.5,67.5,null
"2021-09-29T19:38:20.000Z",45.70174,5.883436,3.25,6.5,13,45,null
"2021-09-29T19:42:20.000Z",45.70174,5.883436,3.5,6,8.75,67.5,null
"2021-09-29T19:46:23.000Z",45.70174,5.883436,3.25,7,12,67.5,null
"2021-09-29T19:50:23.000Z",45.70174,5.883436,1.75,7.25,11,90,null
"2021-09-29T19:54:23.000Z",45.70174,5.883436,3.5,6.75,9.75,90,null
"2021-09-29T19:58:28.000Z",45.70174,5.883436,3.75,5.5,9.5,67.5,null
"2021-09-29T20:02:28.000Z",45.70174,5.883436,1,2.75,7,45,null
"2021-09-29T20:06:28.000Z",45.70174,5.883436,2.5,3.75,6,67.5,null
"2021-09-29T20:10:31.000Z",45.70174,5.883436,1.75,4,6.25,45,null
"2021-09-29T20:14:31.000Z",45.70174,5.883436,2.75,5,8.75,67.5,null
"2021-09-29T20:18:31.000Z",45.70174,5.883436,2.75,5.5,8,45,null
"2021-09-29T20:22:35.000Z",45.70174,5.883436,2.5,6,10,45,null
"2021-09-29T20:26:35.000Z",45.70174,5.883436,3.25,6.25,9.5,45,null
"2021-09-29T20:30:35.000Z",45.70174,5.883436,2,5,8.25,45,null
"2021-09-29T20:34:40.000Z",45.70174,5.883436,3.25,5,7.75,45,null
"2021-09-29T20:38:40.000Z",45.70174,5.883436,1.75,4.5,8,45,null
"2021-09-29T20:42:40.000Z",45.70174,5.883436,2.75,6,11.5,45,null
"2021-09-29T20:46:43.000Z",45.70174,5.883436,2.5,4.75,9,67.5,null
"2021-09-29T20:50:43.000Z",45.70174,5.883436,3.25,5,7.75,67.5,null
"2021-09-29T20:54:43.000Z",45.70174,5.883436,2.5,3.75,6,67.5,null
"2021-09-29T20:58:48.000Z",45.70174,5.883436,0,1.5,6,45,null
"2021-09-29T21:02:48.000Z",45.70174,5.883436,0,0.75,2.5,45,null
"2021-09-29T21:06:48.000Z",45.70174,5.883436,0,2.75,7.75,337.5,null
"2021-09-29T21:10:52.000Z",45.70174,5.883436,0.25,3.25,6.5,0,null
"2021-09-29T21:14:52.000Z",45.70174,5.883436,1,2.5,4.25,22.5,null
"2021-09-29T21:18:52.000Z",45.70174,5.883436,1.75,4.5,6.5,0,null
"2021-09-29T21:22:55.000Z",45.70174,5.883436,2.75,4.75,6.5,337.5,null
"2021-09-29T21:26:55.000Z",45.70174,5.883436,3.75,5.25,6.5,0,null
"2021-09-29T21:30:55.000Z",45.70174,5.883436,4.25,6,8,337.5,null
"2021-09-29T21:35:00.000Z",45.70174,5.883436,6,8.5,11,315,null
"2021-09-29T21:39:00.000Z",45.70174,5.883436,8,9.75,12,315,null
"2021-09-29T21:43:00.000Z",45.70174,5.883436,6.5,9,11,315,null
"2021-09-29T21:47:04.000Z",45.70174,5.883436,6.25,10.5,12.5,315,null
"2021-09-29T21:51:04.000Z",45.70174,5.883436,6.5,9.75,13,315,null
"2021-09-29T21:55:04.000Z",45.70174,5.883436,6.25,9.75,13,315,null
"2021-09-29T21:59:07.000Z",45.70174,5.883436,7.75,10,12.5,315,null
"2021-09-29T22:03:07.000Z",45.70174,5.883436,6.5,9.25,12,337.5,null
"2021-09-29T22:07:07.000Z",45.70174,5.883436,4.25,7.25,12,22.5,null
"2021-09-29T22:11:12.000Z",45.70174,5.883436,6,10,13.5,22.5,null
"2021-09-29T22:15:12.000Z",45.70174,5.883436,1,6.5,11,22.5,null
"2021-09-29T22:19:12.000Z",45.70174,5.883436,2.5,7.5,11.5,22.5,null
"2021-09-29T22:23:16.000Z",45.70174,5.883436,0.25,7.75,12,0,null
"2021-09-29T22:27:16.000Z",45.70174,5.883436,0,6.5,9.5,337.5,null
"2021-09-29T22:31:16.000Z",45.70174,5.883436,0,3.75,6.25,112.5,null
"2021-09-29T22:35:20.000Z",45.70174,5.883436,1.5,5.25,8,90,null
"2021-09-29T22:39:20.000Z",45.70174,5.883436,0.25,2.75,6.25,90,null
"2021-09-29T22:43:20.000Z",45.70174,5.883436,2,3.75,6.25,90,null
"2021-09-29T22:47:24.000Z",45.70174,5.883436,0.75,2.75,5.25,90,null
"2021-09-29T22:51:24.000Z",45.70174,5.883436,2,4,5.5,90,null
"2021-09-29T22:55:24.000Z",45.70174,5.883436,2,4,5.5,90,null
"2021-09-29T22:59:29.000Z",45.70174,5.883436,3.5,5.75,7.25,90,null
"2021-09-29T23:03:29.000Z",45.70174,5.883436,3.75,5.5,7,90,null
"2021-09-29T23:07:29.000Z",45.70174,5.883436,2.5,5,6.5,90,null
"2021-09-29T23:11:32.000Z",45.70174,5.883436,3.5,6.25,8.25,90,null
"2021-09-29T23:15:32.000Z",45.70174,5.883436,3.25,6,9.75,90,null
"2021-09-29T23:19:32.000Z",45.70174,5.883436,1.75,5.75,8.75,90,null
"2021-09-29T23:23:36.000Z",45.70174,5.883436,3.5,4.75,6.75,90,null
"2021-09-29T23:27:36.000Z",45.70174,5.883436,1.5,2.5,4.25,90,null
"2021-09-29T23:31:36.000Z",45.70174,5.883436,2.5,4.75,8.75,90,null
"2021-09-29T23:35:41.000Z",45.70174,5.883436,5.25,7.5,9.5,90,null
"2021-09-29T23:39:41.000Z",45.70174,5.883436,0.25,5,8.75,90,null
"2021-09-29T23:43:41.000Z",45.70174,5.883436,1,3,5.5,22.5,null
"2021-09-29T23:47:44.000Z",45.70174,5.883436,0,5.25,14,337.5,null
"2021-09-29T23:51:44.000Z",45.70174,5.883436,1,7.5,12,337.5,null
"2021-09-29T23:55:44.000Z",45.70174,5.883436,3.5,5,6.5,67.5,null
"2021-09-29T23:59:48.000Z",45.70174,5.883436,2,3,4.75,67.5,null
"2021-09-30T00:03:48.000Z",45.70174,5.883436,1,4.25,6.5,90,null
"2021-09-30T00:07:48.000Z",45.70174,5.883436,4.5,6.75,9.5,90,null
"2021-09-30T00:11:53.000Z",45.70174,5.883436,1.75,5,7.25,90,null
"2021-09-30T00:15:53.000Z",45.70174,5.883436,1.75,4.5,6,90,null
"2021-09-30T00:19:53.000Z",45.70174,5.883436,1.5,3.25,5.25,90,null
"2021-09-30T00:23:56.000Z",45.70174,5.883436,0,1.5,3.75,90,null
"2021-09-30T00:27:56.000Z",45.70174,5.883436,0,1,3.25,67.5,null
"2021-09-30T00:31:56.000Z",45.70174,5.883436,2,4.25,6.5,90,null
"2021-09-30T00:36:00.000Z",45.70174,5.883436,3.5,5.5,8,90,null
"2021-09-30T00:40:00.000Z",45.70174,5.883436,2.5,6.25,8.25,90,null
"2021-09-30T00:44:00.000Z",45.70174,5.883436,3.25,5,6.5,90,null
"2021-09-30T00:48:04.000Z",45.70174,5.883436,2,4.75,8.25,67.5,null
"2021-09-30T00:52:04.000Z",45.70174,5.883436,0,4.5,11.5,0,null
"2021-09-30T00:56:04.000Z",45.70174,5.883436,0,3.5,7,90,null
"2021-09-30T01:00:08.000Z",45.70174,5.883436,1.5,7,11,67.5,null
"2021-09-30T01:04:08.000Z",45.70174,5.883436,3.5,6.5,11,67.5,null
"2021-09-30T01:08:08.000Z",45.70174,5.883436,2.75,6,8.25,67.5,null
"2021-09-30T01:12:13.000Z",45.70174,5.883436,2.5,4.5,7.25,67.5,null
"2021-09-30T01:16:13.000Z",45.70174,5.883436,3.5,5.25,7,67.5,null
"2021-09-30T01:20:13.000Z",45.70174,5.883436,3.5,5.25,6.25,90,null
"2021-09-30T01:24:16.000Z",45.70174,5.883436,3.5,4.75,6.25,90,null
"2021-09-30T01:28:16.000Z",45.70174,5.883436,1.75,3.75,5.5,90,null
"2021-09-30T01:32:16.000Z",45.70174,5.883436,1.5,3,4.25,90,null
"2021-09-30T01:36:21.000Z",45.70174,5.883436,1.75,3.75,4.75,90,null
"2021-09-30T01:40:21.000Z",45.70174,5.883436,3.25,4.25,5.25,67.5,null
"2021-09-30T01:44:21.000Z",45.70174,5.883436,3.25,4.5,6.5,67.5,null
"2021-09-30T01:48:25.000Z",45.70174,5.883436,1.75,3.75,5.25,67.5,null
"2021-09-30T01:52:25.000Z",45.70174,5.883436,2.75,5,7.75,45,null
"2021-09-30T01:56:25.000Z",45.70174,5.883436,2.5,5,8.25,45,null
"2021-09-30T02:00:29.000Z",45.70174,5.883436,4.25,6.75,8.75,90,null
"2021-09-30T02:04:29.000Z",45.70174,5.883436,4.5,7,11.5,67.5,null
"2021-09-30T02:08:29.000Z",45.70174,5.883436,3.5,6,9,67.5,null
"2021-09-30T02:12:33.000Z",45.70174,5.883436,3.25,5,9.5,45,null
"2021-09-30T02:16:33.000Z",45.70174,5.883436,2.75,6,9.5,22.5,null
"2021-09-30T02:20:33.000Z",45.70174,5.883436,2,4.25,7.25,45,null
"2021-09-30T02:24:37.000Z",45.70174,5.883436,2,5,8.25,45,null
"2021-09-30T02:28:37.000Z",45.70174,5.883436,3.25,9,14.5,0,null
"2021-09-30T02:32:37.000Z",45.70174,5.883436,4.5,9.75,17,22.5,null
"2021-09-30T02:36:41.000Z",45.70174,5.883436,1.75,6.5,10.5,45,null
"2021-09-30T02:40:41.000Z",45.70174,5.883436,3.5,6.5,11.5,45,null
"2021-09-30T02:44:41.000Z",45.70174,5.883436,2.75,5.5,9.5,45,null
"2021-09-30T02:48:45.000Z",45.70174,5.883436,2.5,6.5,10.5,45,null
"2021-09-30T02:52:45.000Z",45.70174,5.883436,4.75,7,11,45,null
"2021-09-30T02:56:45.000Z",45.70174,5.883436,3.75,7.5,10.5,45,null
"2021-09-30T03:00:49.000Z",45.70174,5.883436,3.25,6.5,12,45,null
"2021-09-30T03:04:49.000Z",45.70174,5.883436,3.5,8.75,16.5,0,null
"2021-09-30T03:08:49.000Z",45.70174,5.883436,5.5,13,18.5,22.5,null
"2021-09-30T03:12:53.000Z",45.70174,5.883436,7,14,20,0,null
"2021-09-30T03:16:53.000Z",45.70174,5.883436,8,14.5,21,22.5,null
"2021-09-30T03:20:53.000Z",45.70174,5.883436,5.25,9.5,16.5,45,null
"2021-09-30T03:24:57.000Z",45.70174,5.883436,6.5,10.5,14.5,45,null
"2021-09-30T03:28:57.000Z",45.70174,5.883436,4.75,9.25,13,45,null
"2021-09-30T03:32:57.000Z",45.70174,5.883436,3.5,9.5,14.5,45,null
"2021-09-30T03:37:01.000Z",45.70174,5.883436,5.25,9.25,14.5,45,null
"2021-09-30T03:41:01.000Z",45.70174,5.883436,4.75,8.75,12,45,null
"2021-09-30T03:45:01.000Z",45.70174,5.883436,4.5,8.75,12.5,45,null
"2021-09-30T03:49:05.000Z",45.70174,5.883436,6.25,9.75,12.5,22.5,null
"2021-09-30T03:53:05.000Z",45.70174,5.883436,5.25,9,15,22.5,null
"2021-09-30T03:57:05.000Z",45.70174,5.883436,4.25,8.75,14.5,22.5,null
"2021-09-30T04:01:09.000Z",45.70174,5.883436,4.5,8.25,14.5,45,null
"2021-09-30T04:05:09.000Z",45.70174,5.883436,4.75,9.25,15,22.5,null
"2021-09-30T04:09:09.000Z",45.70174,5.883436,4.5,10,16.5,22.5,null
"2021-09-30T04:13:14.000Z",45.70174,5.883436,8.25,12.5,16.5,22.5,null
"2021-09-30T04:17:14.000Z",45.70174,5.883436,6.5,11,15,22.5,null
"2021-09-30T04:21:14.000Z",45.70174,5.883436,3.75,9.25,14.5,22.5,null
"2021-09-30T04:25:17.000Z",45.70174,5.883436,6,10,14,22.5,null
"2021-09-30T04:29:17.000Z",45.70174,5.883436,5.5,9.75,14.5,22.5,null
"2021-09-30T04:33:17.000Z",45.70174,5.883436,3.5,8,14,22.5,null
"2021-09-30T04:37:21.000Z",45.70174,5.883436,0.25,5,8.75,22.5,null
"2021-09-30T04:41:21.000Z",45.70174,5.883436,4.5,9.5,13,0,null
"2021-09-30T04:45:21.000Z",45.70174,5.883436,3.25,9,13,22.5,null
"2021-09-30T04:49:25.000Z",45.70174,5.883436,4.5,7.5,11,22.5,null
"2021-09-30T04:53:25.000Z",45.70174,5.883436,5.5,8.5,12,22.5,null
"2021-09-30T04:57:25.000Z",45.70174,5.883436,3.25,6.25,9,22.5,null
"2021-09-30T05:01:29.000Z",45.70174,5.883436,1.75,5.5,8,22.5,null
"2021-09-30T05:05:29.000Z",45.70174,5.883436,2.75,5,8.25,22.5,null
"2021-09-30T05:09:29.000Z",45.70174,5.883436,0,2.75,4.75,22.5,null
"2021-09-30T05:13:34.000Z",45.70174,5.883436,0,1.75,4.75,45,null
"2021-09-30T05:17:34.000Z",45.70174,5.883436,0,3,7,45,null
"2021-09-30T05:21:34.000Z",45.70174,5.883436,3.75,6.75,9.5,0,null
"2021-09-30T05:25:38.000Z",45.70174,5.883436,0,1.75,4.75,67.5,null
"2021-09-30T05:29:38.000Z",45.70174,5.883436,1,3,4.5,67.5,null
"2021-09-30T05:33:38.000Z",45.70174,5.883436,1.5,3,4.5,90,null
"2021-09-30T05:37:42.000Z",45.70174,5.883436,2.5,3.5,4.75,90,null
"2021-09-30T05:41:42.000Z",45.70174,5.883436,2,3.5,5.5,90,null
"2021-09-30T05:45:42.000Z",45.70174,5.883436,3.25,4.5,6.5,90,null
"2021-09-30T05:49:46.000Z",45.70174,5.883436,2.5,4.5,6.5,90,null
"2021-09-30T05:53:46.000Z",45.70174,5.883436,3.25,6.5,11,90,null
"2021-09-30T05:57:46.000Z",45.70174,5.883436,5.25,8,10,90,null
"2021-09-30T06:01:49.000Z",45.70174,5.883436,3.5,6.75,8.25,90,null
"2021-09-30T06:05:49.000Z",45.70174,5.883436,4.5,7,11.5,90,null
"2021-09-30T06:09:49.000Z",45.70174,5.883436,3.75,6,7.75,67.5,null
"2021-09-30T06:13:54.000Z",45.70174,5.883436,3.75,6.75,9,90,null
"2021-09-30T06:17:54.000Z",45.70174,5.883436,2.5,5,7,67.5,null
"2021-09-30T06:21:54.000Z",45.70174,5.883436,3.5,6,8.25,67.5,null
"2021-09-30T06:25:58.000Z",45.70174,5.883436,4.25,6.25,9,67.5,null
"2021-09-30T06:29:58.000Z",45.70174,5.883436,4.5,7.75,12.5,67.5,null
"2021-09-30T06:33:58.000Z",45.70174,5.883436,5.25,8.25,13,67.5,null
"2021-09-30T06:38:02.000Z",45.70174,5.883436,5.25,8.75,14,67.5,null
"2021-09-30T06:42:02.000Z",45.70174,5.883436,4.25,7.75,13,67.5,null
"2021-09-30T06:46:02.000Z",45.70174,5.883436,3.25,8.25,12.5,67.5,null
"2021-09-30T06:50:06.000Z",45.70174,5.883436,4.5,8,11.5,67.5,null
"2021-09-30T06:54:06.000Z",45.70174,5.883436,4.75,8.75,13.5,67.5,null
"2021-09-30T06:58:06.000Z",45.70174,5.883436,4.5,7,10.5,67.5,null
"2021-09-30T07:02:10.000Z",45.70174,5.883436,4.5,6.5,9.5,67.5,null
"2021-09-30T07:06:10.000Z",45.70174,5.883436,3.75,7,11.5,45,null
"2021-09-30T07:10:10.000Z",45.70174,5.883436,3.25,7,11,67.5,null
"2021-09-30T07:14:14.000Z",45.70174,5.883436,4.25,7,9.75,67.5,null
"2021-09-30T07:18:14.000Z",45.70174,5.883436,2.5,8.5,14.5,67.5,null
"2021-09-30T07:22:14.000Z",45.70174,5.883436,0.25,5.25,11,22.5,null
"2021-09-30T07:26:18.000Z",45.70174,5.883436,3.75,7,13,45,null
"2021-09-30T07:30:18.000Z",45.70174,5.883436,3.5,8.5,17,0,null
"2021-09-30T07:34:18.000Z",45.70174,5.883436,2.5,8,14,22.5,null
"2021-09-30T07:38:23.000Z",45.70174,5.883436,0.75,7,12,22.5,null
"2021-09-30T07:42:23.000Z",45.70174,5.883436,3.5,7.75,14,45,null
"2021-09-30T07:46:23.000Z",45.70174,5.883436,4.75,8.5,14,45,null
"2021-09-30T07:50:26.000Z",45.70174,5.883436,4.5,8,14.5,67.5,null
"2021-09-30T07:54:26.000Z",45.70174,5.883436,3.25,6.75,12.5,67.5,null
"2021-09-30T07:58:26.000Z",45.70174,5.883436,3.25,8.5,15.5,67.5,null
"2021-09-30T08:02:30.000Z",45.70174,5.883436,3.75,8,13,67.5,null
"2021-09-30T08:06:30.000Z",45.70174,5.883436,4.5,10,15,67.5,null
"2021-09-30T08:10:30.000Z",45.70174,5.883436,5.5,9.5,14.5,67.5,null
"2021-09-30T08:14:35.000Z",45.70174,5.883436,2.75,8.75,12,90,null
"2021-09-30T08:18:35.000Z",45.70174,5.883436,2,7,12.5,67.5,null
"2021-09-30T08:22:35.000Z",45.70174,5.883436,2,6.25,11,22.5,null
"2021-09-30T08:26:38.000Z",45.70174,5.883436,2,6.75,10.5,22.5,null
"2021-09-30T08:30:38.000Z",45.70174,5.883436,8,11,15.5,0,null
"2021-09-30T08:34:38.000Z",45.70174,5.883436,4.75,9.5,14.5,22.5,null
"2021-09-30T08:38:43.000Z",45.70174,5.883436,3.75,8.75,14.5,22.5,null
"2021-09-30T08:42:43.000Z",45.70174,5.883436,1.75,5,10,67.5,null
"2021-09-30T08:46:43.000Z",45.70174,5.883436,0,6.75,11,0,null
"2021-09-30T08:50:46.000Z",45.70174,5.883436,4.25,9.5,17,0,null
"2021-09-30T08:54:46.000Z",45.70174,5.883436,2.5,9.75,15,0,null
"2021-09-30T08:58:46.000Z",45.70174,5.883436,4.5,12.5,19,337.5,null
"2021-09-30T09:02:50.000Z",45.70174,5.883436,6.25,10.5,16,0,null
"2021-09-30T09:06:50.000Z",45.70174,5.883436,6.5,13.5,20.5,0,null
"2021-09-30T09:10:50.000Z",45.70174,5.883436,6.5,10.5,15.5,0,null
"2021-09-30T09:14:55.000Z",45.70174,5.883436,10.5,14.5,19.5,337.5,null
"2021-09-30T09:18:55.000Z",45.70174,5.883436,6.5,13.5,17.5,337.5,null
"2021-09-30T09:22:55.000Z",45.70174,5.883436,6.5,11,15.5,337.5,null
"2021-09-30T09:26:58.000Z",45.70174,5.883436,6.25,15,20.5,337.5,null
"2021-09-30T09:30:58.000Z",45.70174,5.883436,3.5,12.5,20,337.5,null
"2021-09-30T09:34:58.000Z",45.70174,5.883436,7.25,11.5,16.5,337.5,null
"2021-09-30T09:39:03.000Z",45.70174,5.883436,7.75,12,18,315,null
"2021-09-30T09:43:03.000Z",45.70174,5.883436,7.25,12,17.5,337.5,null
"2021-09-30T09:47:03.000Z",45.70174,5.883436,8.25,13,18,337.5,null
"2021-09-30T09:51:07.000Z",45.70174,5.883436,9.5,13,16,337.5,null
"2021-09-30T09:55:07.000Z",45.70174,5.883436,8,13,16.5,337.5,null
"2021-09-30T09:59:07.000Z",45.70174,5.883436,10,12.5,17.5,337.5,null
"2021-09-30T10:03:10.000Z",45.70174,5.883436,9.75,13,15.5,337.5,null
"2021-09-30T10:07:10.000Z",45.70174,5.883436,8.25,12,15.5,337.5,null
"2021-09-30T10:11:10.000Z",45.70174,5.883436,11,14,17.5,337.5,null
"2021-09-30T10:15:15.000Z",45.70174,5.883436,6.25,11,17.5,337.5,null
"2021-09-30T10:19:15.000Z",45.70174,5.883436,7.75,11.5,15.5,337.5,null
"2021-09-30T10:23:15.000Z",45.70174,5.883436,9,12.5,16.5,315,null
"2021-09-30T10:27:19.000Z",45.70174,5.883436,9.75,13.5,19.5,315,null
"2021-09-30T10:31:19.000Z",45.70174,5.883436,11.5,16.5,20.5,315,null
"2021-09-30T10:35:19.000Z",45.70174,5.883436,9.5,13,17,337.5,null
"2021-09-30T10:39:23.000Z",45.70174,5.883436,11.5,16.5,22.5,315,null
"2021-09-30T10:43:23.000Z",45.70174,5.883436,11.5,15,20,337.5,null
"2021-09-30T10:47:23.000Z",45.70174,5.883436,12,15.5,20,315,null
"2021-09-30T10:51:27.000Z",45.70174,5.883436,9.75,13,17,337.5,null
"2021-09-30T10:55:27.000Z",45.70174,5.883436,9.5,12.5,17.5,315,null
"2021-09-30T10:59:27.000Z",45.70174,5.883436,8.25,12.5,15.5,315,null
"2021-09-30T11:03:31.000Z",45.70174,5.883436,10.5,14,18,315,null
"2021-09-30T11:07:31.000Z",45.70174,5.883436,9.5,13.5,18,315,null
"2021-09-30T11:11:31.000Z",45.70174,5.883436,11,13.5,18,315,null
"2021-09-30T11:15:35.000Z",45.70174,5.883436,9.75,13,16.5,315,null
"2021-09-30T11:19:35.000Z",45.70174,5.883436,7.75,11,13.5,315,null
"2021-09-30T11:23:35.000Z",45.70174,5.883436,8,12,18,315,null
"2021-09-30T11:27:39.000Z",45.70174,5.883436,7,10.5,14.5,337.5,null
"2021-09-30T11:31:39.000Z",45.70174,5.883436,6.5,10.5,14.5,315,null
"2021-09-30T11:35:39.000Z",45.70174,5.883436,6,9,13.5,337.5,null
"2021-09-30T11:39:43.000Z",45.70174,5.883436,5.25,9.5,14.5,315,null
"2021-09-30T11:43:43.000Z",45.70174,5.883436,7.75,11,13.5,315,null
"2021-09-30T11:47:43.000Z",45.70174,5.883436,5.5,9,13,315,null
"2021-09-30T11:51:47.000Z",45.70174,5.883436,7,10.5,13,337.5,null
"2021-09-30T11:55:47.000Z",45.70174,5.883436,6.25,8.5,11.5,337.5,null
"2021-09-30T11:59:47.000Z",45.70174,5.883436,3.5,5.5,8,337.5,null
"2021-09-30T12:03:52.000Z",45.70174,5.883436,3.5,6,8,315,null
"2021-09-30T12:07:52.000Z",45.70174,5.883436,3.25,6,12,337.5,null
"2021-09-30T12:11:52.000Z",45.70174,5.883436,4.5,7.25,10.5,337.5,null
"2021-09-30T12:15:55.000Z",45.70174,5.883436,4.75,7.75,11,337.5,null
"2021-09-30T12:19:55.000Z",45.70174,5.883436,3.5,6.25,8.75,337.5,null
"2021-09-30T12:23:55.000Z",45.70174,5.883436,2.5,7.75,14.5,337.5,null
"2021-09-30T12:27:59.000Z",45.70174,5.883436,3.75,7,10,0,null
"2021-09-30T12:31:59.000Z",45.70174,5.883436,4.75,7,9.75,0,null
"2021-09-30T12:35:59.000Z",45.70174,5.883436,6.25,8.75,11,0,null
"2021-09-30T12:40:04.000Z",45.70174,5.883436,6.25,8.5,10.5,337.5,null
"2021-09-30T12:44:04.000Z",45.70174,5.883436,6,7.25,8.25,0,null
"2021-09-30T12:48:04.000Z",45.70174,5.883436,6.25,8.25,11.5,337.5,null
"2021-09-30T12:52:07.000Z",45.70174,5.883436,5.5,7.25,9,337.5,null
"2021-09-30T12:56:07.000Z",45.70174,5.883436,5.25,7,9.5,337.5,null
"2021-09-30T13:00:07.000Z",45.70174,5.883436,5.5,7.25,9,337.5,null
"2021-09-30T13:04:11.000Z",45.70174,5.883436,5.25,7,9.75,337.5,null
"2021-09-30T13:08:11.000Z",45.70174,5.883436,3.75,5.75,7.25,337.5,null
"2021-09-30T13:12:11.000Z",45.70174,5.883436,3.5,6.25,10,0,null
"2021-09-30T13:16:16.000Z",45.70174,5.883436,3.5,6,9.75,337.5,null
"2021-09-30T13:20:16.000Z",45.70174,5.883436,3.75,5.25,7,337.5,null
"2021-09-30T13:24:16.000Z",45.70174,5.883436,3.5,5.25,7,337.5,null
"2021-09-30T13:28:19.000Z",45.70174,5.883436,4.5,6,8.25,337.5,null
"2021-09-30T13:32:19.000Z",45.70174,5.883436,5.5,7,9.5,337.5,null
"2021-09-30T13:36:19.000Z",45.70174,5.883436,5.5,7,8,315,null
"2021-09-30T13:40:24.000Z",45.70174,5.883436,6,8,10,315,null
"2021-09-30T13:44:24.000Z",45.70174,5.883436,6.5,8.25,11,315,null
"2021-09-30T13:48:24.000Z",45.70174,5.883436,6.5,8,10,315,null
"2021-09-30T13:52:27.000Z",45.70174,5.883436,6.25,8,9.75,337.5,null
"2021-09-30T13:56:27.000Z",45.70174,5.883436,6.5,8.25,9.75,337.5,null
"2021-09-30T14:00:27.000Z",45.70174,5.883436,6.5,8,9.75,337.5,null
"2021-09-30T14:04:32.000Z",45.70174,5.883436,6,7.75,9,337.5,null
"2021-09-30T14:08:32.000Z",45.70174,5.883436,7.25,8.75,11.5,0,null
"2021-09-30T14:12:32.000Z",45.70174,5.883436,6.5,8.25,10.5,0,null
"2021-09-30T14:16:36.000Z",45.70174,5.883436,6,7,8.25,0,null
"2021-09-30T14:20:36.000Z",45.70174,5.883436,5.25,6.5,8,0,null
"2021-09-30T14:24:36.000Z",45.70174,5.883436,3.75,6.25,8.25,0,null
"2021-09-30T14:28:39.000Z",45.70174,5.883436,3.5,6,8.25,0,null
"2021-09-30T14:32:39.000Z",45.70174,5.883436,4.5,6.25,8,0,null
"2021-09-30T14:36:39.000Z",45.70174,5.883436,4.75,6.75,8.25,0,null
"2021-09-30T14:40:44.000Z",45.70174,5.883436,5.25,7,8.75,0,null
"2021-09-30T14:44:44.000Z",45.70174,5.883436,5.5,7,8.75,0,null
"2021-09-30T14:48:44.000Z",45.70174,5.883436,5.5,7.25,8,337.5,null
"2021-09-30T14:52:48.000Z",45.70174,5.883436,6,7.5,9,337.5,null
"2021-09-30T14:56:48.000Z",45.70174,5.883436,3.75,6.25,8.25,337.5,null
"2021-09-30T15:00:48.000Z",45.70174,5.883436,3.75,5.25,6.25,337.5,null
"2021-09-30T15:04:52.000Z",45.70174,5.883436,4.75,6.5,8,337.5,null
"2021-09-30T15:08:52.000Z",45.70174,5.883436,5.25,7.25,9,337.5,null
"2021-09-30T15:12:52.000Z",45.70174,5.883436,5.25,6.5,8.25,337.5,null
"2021-09-30T15:16:56.000Z",45.70174,5.883436,3.75,5.75,7.75,337.5,null
"2021-09-30T15:20:56.000Z",45.70174,5.883436,4.25,5.75,7,337.5,null
"2021-09-30T15:24:56.000Z",45.70174,5.883436,3.75,5.25,7,337.5,null
"2021-09-30T15:28:59.000Z",45.70174,5.883436,2.75,4.25,6,337.5,null
"2021-09-30T15:32:59.000Z",45.70174,5.883436,2.75,3.75,5.5,337.5,null
"2021-09-30T15:36:59.000Z",45.70174,5.883436,2.75,3.75,4.75,0,null
"2021-09-30T15:41:04.000Z",45.70174,5.883436,3.25,4,5.5,337.5,null
"2021-09-30T15:45:04.000Z",45.70174,5.883436,2.75,3.25,4.5,337.5,null
"2021-09-30T15:49:04.000Z",45.70174,5.883436,2.75,4.25,5.5,337.5,null
"2021-09-30T15:53:08.000Z",45.70174,5.883436,4.5,5.75,7.25,337.5,null
"2021-09-30T15:57:08.000Z",45.70174,5.883436,4.25,5.5,7.75,337.5,null
"2021-09-30T16:01:08.000Z",45.70174,5.883436,3.5,4.5,6,337.5,null
"2021-09-30T16:05:12.000Z",45.70174,5.883436,4.5,6,8,337.5,null
"2021-09-30T16:09:12.000Z",45.70174,5.883436,4.5,5.75,7,337.5,null
"2021-09-30T16:13:12.000Z",45.70174,5.883436,4.25,5.25,6.25,337.5,null
"2021-09-30T16:21:14.000Z",45.701666,5.883553,3.25,4.25,5.25,315,null
"2021-09-30T16:25:14.000Z",45.701666,5.883553,2.5,4.25,5.5,315,null
"2021-09-30T16:29:14.000Z",45.701666,5.883553,3.25,4.25,6,292.5,null
"2021-09-30T16:33:17.000Z",45.701666,5.883553,2,3,4.25,292.5,null
"2021-09-30T16:37:17.000Z",45.701666,5.883553,1,3,5.25,292.5,null
"2021-09-30T16:41:17.000Z",45.701666,5.883553,2.5,4.25,6.5,292.5,null
"2021-09-30T16:45:22.000Z",45.701666,5.883553,2.5,4.75,7.25,315,null
"2021-09-30T16:49:22.000Z",45.701666,5.883553,2.75,6,9,315,null
"2021-09-30T16:53:22.000Z",45.701666,5.883553,2.5,4.5,6,292.5,null
"2021-09-30T16:57:26.000Z",45.701666,5.883553,1.5,3.5,6,315,null
"2021-09-30T17:01:26.000Z",45.701666,5.883553,4.5,6.75,10.5,292.5,null
"2021-09-30T17:05:26.000Z",45.701666,5.883553,1,4.5,7.25,315,null
"2021-09-30T17:10:28.000Z",45.701666,5.883553,1.5,3,5.25,0,null
"2021-09-30T17:14:28.000Z",45.701666,5.883553,1.75,3.5,4.25,22.5,null
"2021-09-30T17:18:28.000Z",45.701739,5.883569,1,2.5,4.5,45,null
"2021-09-30T17:22:32.000Z",45.701739,5.883569,0,1,2.75,67.5,null
"2021-09-30T17:26:32.000Z",45.701739,5.883569,0.25,1.5,2.75,112.5,null
"2021-09-30T17:30:32.000Z",45.701739,5.883569,1.5,3,4.25,112.5,null
"2021-09-30T17:34:35.000Z",45.701739,5.883569,2.5,4,6.5,112.5,null
"2021-09-30T17:38:35.000Z",45.701739,5.883569,2,3.5,5.5,90,null
"2021-09-30T17:42:35.000Z",45.701739,5.883569,2.5,4.5,7,112.5,null
"2021-09-30T17:46:40.000Z",45.701739,5.883569,3.25,4.5,7,90,null
"2021-09-30T17:50:40.000Z",45.701739,5.883569,4.5,6.75,9,90,null
"2021-09-30T17:54:40.000Z",45.701739,5.883569,2,5.75,8.25,90,null
"2021-09-30T17:58:44.000Z",45.701739,5.883569,1.75,6,8.75,90,null
"2021-09-30T18:02:44.000Z",45.701739,5.883569,2.5,5.75,9,90,null
"2021-09-30T18:06:44.000Z",45.701739,5.883569,2,4.25,7,90,null
"2021-09-30T18:10:48.000Z",45.701739,5.883569,1.75,6,9.5,90,null
"2021-09-30T18:14:48.000Z",45.701739,5.883569,3.75,6.75,9,90,null
"2021-09-30T18:18:48.000Z",45.701739,5.883569,3.5,6.25,8.75,90,null
"2021-09-30T18:22:52.000Z",45.701739,5.883569,4.25,6.5,9.75,90,null
"2021-09-30T18:26:52.000Z",45.701739,5.883569,3.5,6.25,8.75,90,null
"2021-09-30T18:30:52.000Z",45.701739,5.883569,3.75,6.25,9.75,90,null
"2021-09-30T18:34:56.000Z",45.701739,5.883569,2.75,5,8,90,null
"2021-09-30T18:38:56.000Z",45.701739,5.883569,3.25,6,9.5,112.5,null
"2021-09-30T18:42:56.000Z",45.701739,5.883569,3.75,6.25,9.75,112.5,null
"2021-09-30T18:47:00.000Z",45.701739,5.883569,2,4,6.5,112.5,null
"2021-09-30T18:51:00.000Z",45.701739,5.883569,2.5,4.5,7,112.5,null
"2021-09-30T18:55:00.000Z",45.701739,5.883569,1,4,6,135,null
"2021-09-30T18:59:05.000Z",45.701739,5.883569,2.75,5,8,135,null
"2021-09-30T19:03:05.000Z",45.701739,5.883569,2.5,5.75,8,112.5,null
"2021-09-30T19:07:05.000Z",45.701739,5.883569,1.75,4.25,7.25,112.5,null
"2021-09-30T19:11:08.000Z",45.701739,5.883569,2.5,5,7.25,112.5,null
"2021-09-30T19:15:08.000Z",45.701739,5.883569,4.25,5.75,7.25,112.5,null
"2021-09-30T19:19:08.000Z",45.701739,5.883569,2.5,4,7.75,112.5,null
"2021-09-30T19:23:12.000Z",45.701739,5.883569,1.5,5.25,7.75,112.5,null
"2021-09-30T19:27:12.000Z",45.701739,5.883569,3.5,5.5,7.25,90,null
"2021-09-30T19:31:12.000Z",45.701739,5.883569,3.25,5.5,7.75,90,null
"2021-09-30T19:35:16.000Z",45.701739,5.883569,3.25,4.75,6.5,90,null
"2021-09-30T19:39:16.000Z",45.701739,5.883569,3.25,4.75,6.5,90,null
"2021-09-30T19:43:16.000Z",45.701739,5.883569,2.75,4.75,6.25,90,null
"2021-09-30T19:47:20.000Z",45.701739,5.883569,3.25,5,7.25,90,null
"2021-09-30T19:51:20.000Z",45.701739,5.883569,1.5,3.75,6.25,90,null
"2021-09-30T19:55:20.000Z",45.701739,5.883569,2.75,5,6.25,90,null
"2021-09-30T19:59:25.000Z",45.701739,5.883569,3.75,5.25,7,90,null
"2021-09-30T20:03:25.000Z",45.701739,5.883569,2,5.75,8,90,null
"2021-09-30T20:07:25.000Z",45.701739,5.883569,1.75,5.25,7.25,90,null
"2021-09-30T20:11:28.000Z",45.701739,5.883569,2,5,8.25,90,null
"2021-09-30T20:15:28.000Z",45.701739,5.883569,3.5,6.25,9.5,90,null
"2021-09-30T20:19:28.000Z",45.701739,5.883569,3.75,6.75,9.75,90,null
"2021-09-30T20:23:33.000Z",45.701739,5.883569,2.75,4.75,7.25,90,null
"2021-09-30T20:27:33.000Z",45.701739,5.883569,2.75,5.25,7.75,90,null
"2021-09-30T20:31:33.000Z",45.701739,5.883569,3.75,5.75,7.75,90,null
"2021-09-30T20:35:37.000Z",45.701739,5.883569,2.5,4.5,7.75,90,null
"2021-09-30T20:39:37.000Z",45.701739,5.883569,2.75,4.75,7.25,90,null
"2021-09-30T20:43:37.000Z",45.701739,5.883569,2.5,4.25,6,90,null
"2021-09-30T20:47:40.000Z",45.701739,5.883569,1.5,4,6.25,112.5,null
"2021-09-30T20:51:40.000Z",45.701739,5.883569,2.75,4.25,6,112.5,null
"2021-09-30T20:55:40.000Z",45.701739,5.883569,3.25,4.5,6.25,112.5,null
"2021-09-30T20:59:45.000Z",45.701739,5.883569,2.75,4.75,7.25,112.5,null
"2021-09-30T21:03:45.000Z",45.701739,5.883569,3.25,4.75,6.25,112.5,null
"2021-09-30T21:07:45.000Z",45.701739,5.883569,2,5.25,8,112.5,null
"2021-09-30T21:11:48.000Z",45.701739,5.883569,3.5,5,7.25,112.5,null
"2021-09-30T21:15:48.000Z",45.701739,5.883569,3.5,5.75,8.25,112.5,null
"2021-09-30T21:19:48.000Z",45.701739,5.883569,2.5,5,7.25,112.5,null
"2021-09-30T21:23:53.000Z",45.701739,5.883569,2,4.25,6.25,112.5,null
"2021-09-30T21:27:53.000Z",45.701739,5.883569,2.75,4.25,6,112.5,null
"2021-09-30T21:31:53.000Z",45.701739,5.883569,2,3.75,6,112.5,null
"2021-09-30T21:35:57.000Z",45.701739,5.883569,2.75,4.5,6.5,112.5,null
"2021-09-30T21:39:57.000Z",45.701739,5.883569,2.75,4.25,6,112.5,null
"2021-09-30T21:43:57.000Z",45.701739,5.883569,2.75,4,6.25,112.5,null
"2021-09-30T21:48:01.000Z",45.701739,5.883569,1.75,3.75,6,112.5,null
"2021-09-30T21:52:01.000Z",45.701739,5.883569,2,4,5.5,112.5,null
"2021-09-30T21:56:01.000Z",45.701739,5.883569,3.25,4.25,5.5,112.5,null
"2021-09-30T22:00:05.000Z",45.701739,5.883569,2.25,5,7,112.5,null
"2021-09-30T22:04:05.000Z",45.701739,5.883569,2.5,4.5,7.75,112.5,null
"2021-09-30T22:08:05.000Z",45.701739,5.883569,2.75,4.25,6.25,112.5,null
"2021-09-30T22:12:09.000Z",45.701739,5.883569,2.75,4.75,6.5,112.5,null
"2021-09-30T22:16:09.000Z",45.701739,5.883569,2,3.75,6,112.5,null
"2021-09-30T22:20:09.000Z",45.701739,5.883569,1.75,3.75,6,90,null
"2021-09-30T22:24:14.000Z",45.701739,5.883569,2.75,4,4.75,90,null
"2021-09-30T22:28:14.000Z",45.701739,5.883569,2.75,4,5.5,112.5,null
"2021-09-30T22:32:14.000Z",45.701739,5.883569,2,4,6,112.5,null
"2021-09-30T22:36:17.000Z",45.701739,5.883569,2.5,4,6,90,null
"2021-09-30T22:40:17.000Z",45.701739,5.883569,3.25,4.5,6.25,90,null
"2021-09-30T22:44:17.000Z",45.701739,5.883569,2.5,4,6.25,90,null
"2021-09-30T22:48:21.000Z",45.701739,5.883569,1,2.75,6,112.5,null
"2021-09-30T22:52:21.000Z",45.701739,5.883569,2.75,4.75,6.5,112.5,null
"2021-09-30T22:56:21.000Z",45.701739,5.883569,4.25,5.75,8.25,112.5,null
"2021-09-30T23:00:25.000Z",45.701739,5.883569,3.25,5,7,112.5,null
"2021-09-30T23:04:25.000Z",45.701739,5.883569,2,5,7.25,90,null
"2021-09-30T23:08:25.000Z",45.701739,5.883569,1.75,4.25,6.5,90,null
"2021-09-30T23:12:29.000Z",45.701739,5.883569,2.5,4,6.5,90,null
"2021-09-30T23:16:29.000Z",45.701739,5.883569,2.75,4.5,6.25,112.5,null
"2021-09-30T23:20:29.000Z",45.701739,5.883569,2,4,6.25,112.5,null
"2021-09-30T23:24:33.000Z",45.701739,5.883569,2.5,4.75,7.75,112.5,null
"2021-09-30T23:28:33.000Z",45.701739,5.883569,2.75,5.25,9,112.5,null
"2021-09-30T23:32:33.000Z",45.701739,5.883569,2.5,5.25,7.75,112.5,null
"2021-09-30T23:36:37.000Z",45.701739,5.883569,2.5,5,8,90,null
"2021-09-30T23:40:37.000Z",45.701739,5.883569,2.5,4.25,8,90,null
"2021-09-30T23:44:37.000Z",45.701739,5.883569,2.5,4,6.25,90,null
"2021-09-30T23:48:41.000Z",45.701739,5.883569,3.25,5.5,8,112.5,null
"2021-09-30T23:52:41.000Z",45.701739,5.883569,2.5,5.5,9.75,90,null
"2021-09-30T23:56:41.000Z",45.701739,5.883569,0.75,4.25,9.75,90,null
