"License","http://developers.pioupiou.fr/data-licensing"
"Attribution","(c) contributors of the OpenWindMap wind network <https://www.openwindmap.org>"
"time","latitude","longitude","wind_speed_min","wind_speed_avg","wind_speed_max","wind_heading","pressure"
"utc","degrees","degrees","km/h","km/h","km/h","degrees","(deprecated)"
"2025-12-01T00:02:55.000Z",null,null,8,11,13.5,0,null
"2025-12-01T00:06:55.000Z",null,null,8.75,14,18,337.5,null
"2025-12-01T00:10:59.000Z",null,null,14,16.5,18,337.5,null
"2025-12-01T00:14:59.000Z",null,null,13,15.5,19,0,null
"2025-12-01T00:18:59.000Z",null,null,11,15.5,19.5,0,null
"2025-12-01T00:23:04.000Z",null,null,10.5,14,18,0,null
"2025-12-01T00:27:04.000Z",null,null,12.5,15.5,19.5,0,null
"2025-12-01T00:31:04.000Z",null,null,12,17,20,337.5,null
"2025-12-01T00:35:08.000Z",null,null,5.25,12,22,0,null
"2025-12-01T00:39:08.000Z",null,null,4.75,9.5,15.5,0,null
"2025-12-01T00:43:08.000Z",null,null,4.75,10,14,0,null
"2025-12-01T00:47:12.000Z",null,null,7.75,12.5,16.5,0,null
"2025-12-01T00:51:12.000Z",null,null,6.25,11,15.5,0,null
"2025-12-01T00:55:12.000Z",null,null,6.25,8.75,11.5,22.5,null
"2025-12-01T00:59:16.000Z",null,null,7.75,10.5,13,0,null
"2025-12-01T01:03:16.000Z",null,null,7.75,9.75,12,0,null
"2025-12-01T01:07:16.000Z",null,null,7.75,10.5,14,0,null
"2025-12-01T01:11:20.000Z",null,null,10,14,15.5,0,null
"2025-12-01T01:15:20.000Z",null,null,11,14,17.5,0,null
"2025-12-01T01:19:20.000Z",null,null,11,13.5,16,0,null
"2025-12-01T01:23:24.000Z",null,null,11,15,18,0,null
"2025-12-01T01:27:24.000Z",null,null,12,16,19.5,0,null
"2025-12-01T01:31:24.000Z",null,null,9.75,15,19,0,null
"2025-12-01T01:35:28.000Z",null,null,9,13,18,0,null
"2025-12-01T01:39:28.000Z",null,null,12,15,18,337.5,null
"2025-12-01T01:43:28.000Z",null,null,12,15.5,17.5,337.5,null
"2025-12-01T01:47:32.000Z",null,null,11.5,14.5,16.5,337.5,null
"2025-12-01T01:51:32.000Z",null,null,11.5,13.5,15,337.5,null
"2025-12-01T01:55:32.000Z",null,null,9.5,12.5,15,0,null
"2025-12-01T01:59:36.000Z",null,null,8.75,12.5,16,0,null
"2025-12-01T02:03:36.000Z",null,null,4.75,9,13.5,0,null
"2025-12-01T02:07:36.000Z",null,null,3.75,5.5,7.25,22.5,null
"2025-12-01T02:11:40.000Z",null,null,3.5,6.5,10.5,22.5,null
"2025-12-01T02:15:40.000Z",null,null,3.5,6.75,10.5,22.5,null
"2025-12-01T02:19:40.000Z",null,null,4.5,7,11,22.5,null
"2025-12-01T02:23:45.000Z",null,null,6.25,9.25,12,22.5,null
"2025-12-01T02:27:45.000Z",null,null,3.5,7.5,10.5,22.5,null
"2025-12-01T02:31:45.000Z",null,null,3.5,6.5,9,22.5,null
"2025-12-01T02:35:48.000Z",null,null,4.5,6,8,22.5,null
"2025-12-01T02:39:48.000Z",null,null,4.5,7.25,11.5,22.5,null
"2025-12-01T02:43:48.000Z",null,null,7,10.5,14.5,0,null
"2025-12-01T02:47:52.000Z",null,null,8,11.5,16,22.5,null
"2025-12-01T02:51:52.000Z",null,null,11,13,15.5,0,null
"2025-12-01T02:55:52.000Z",null,null,6,10.5,15,0,null
"2025-12-01T02:59:57.000Z",null,null,8,11,14,0,null
"2025-12-01T03:03:57.000Z",null,null,8,11,13,22.5,null
"2025-12-01T03:07:57.000Z",null,null,6.5,11.5,15,22.5,null
"2025-12-01T03:12:00.000Z",null,null,8.25,11.5,14.5,22.5,null
"2025-12-01T03:16:00.000Z",null,null,8,11.5,16.5,0,null
"2025-12-01T03:20:00.000Z",null,null,8,13,16.5,0,null
"2025-12-01T03:24:04.000Z",null,null,10,14,16.5,0,null
"2025-12-01T03:28:04.000Z",null,null,8.75,13.5,17,0,null
"2025-12-01T03:32:04.000Z",null,null,9,12.5,15.5,22.5,null
"2025-12-01T03:36:08.000Z",null,null,8,11,17.5,22.5,null
"2025-12-01T03:40:08.000Z",null,null,7.75,11.5,15.5,22.5,null
"2025-12-01T03:44:08.000Z",null,null,5.5,12,17.5,22.5,null
"2025-12-01T03:48:13.000Z",null,null,9.75,13,17.5,0,null
"2025-12-01T03:52:13.000Z",null,null,9.75,12.5,15.5,22.5,null
"2025-12-01T03:56:13.000Z",null,null,7,11,14.5,22.5,null
"2025-12-01T04:00:17.000Z",null,null,4.25,8,12,22.5,null
"2025-12-01T04:04:17.000Z",null,null,6.5,9.5,12.5,22.5,null
"2025-12-01T04:08:17.000Z",null,null,6.25,10,13,0,null
"2025-12-01T04:12:20.000Z",null,null,9.5,12,14,0,null
"2025-12-01T04:16:20.000Z",null,null,8,11,13,0,null
"2025-12-01T04:20:20.000Z",null,null,9.75,13,15.5,0,null
"2025-12-01T04:24:25.000Z",null,null,9.5,12,15,0,null
"2025-12-01T04:28:25.000Z",null,null,9.5,13,15.5,0,null
"2025-12-01T04:32:25.000Z",null,null,9,13,17,22.5,null
"2025-12-01T04:36:29.000Z",null,null,10.5,16,19.5,0,null
"2025-12-01T04:40:29.000Z",null,null,8,13.5,19,22.5,null
"2025-12-01T04:44:29.000Z",null,null,9.5,15,21,0,null
"2025-12-01T04:48:33.000Z",null,null,12.5,16.5,21.5,0,null
"2025-12-01T04:52:33.000Z",null,null,10,14,19.5,22.5,null
"2025-12-01T04:56:33.000Z",null,null,15.5,20.5,23.5,0,null
"2025-12-01T05:00:37.000Z",null,null,14,18,21.5,0,null
"2025-12-01T05:04:37.000Z",null,null,14.5,18,23.5,22.5,null
"2025-12-01T05:08:37.000Z",null,null,12,16,21.5,22.5,null
"2025-12-01T05:12:40.000Z",null,null,11,16,20,22.5,null
"2025-12-01T05:16:40.000Z",null,null,9.75,14,17.5,22.5,null
"2025-12-01T05:20:40.000Z",null,null,11.5,15.5,19,22.5,null
"2025-12-01T05:24:45.000Z",null,null,8,12,17.5,22.5,null
"2025-12-01T05:28:45.000Z",null,null,8.25,13,17.5,22.5,null
"2025-12-01T05:32:45.000Z",null,null,8.75,13.5,20,22.5,null
"2025-12-01T05:36:49.000Z",null,null,11.5,16,20,0,null
"2025-12-01T05:40:49.000Z",null,null,4.75,11.5,18.5,22.5,null
"2025-12-01T05:44:49.000Z",null,null,6,10.5,16,22.5,null
"2025-12-01T05:48:53.000Z",null,null,5,10.5,16,22.5,null
"2025-12-01T05:52:53.000Z",null,null,7,11,14,22.5,null
"2025-12-01T05:56:53.000Z",null,null,7,11.5,15,22.5,null
"2025-12-01T06:00:57.000Z",null,null,4.75,9,14,22.5,null
"2025-12-01T06:04:57.000Z",null,null,5.25,8.25,12,22.5,null
"2025-12-01T06:08:57.000Z",null,null,3.75,7.25,10.5,22.5,null
"2025-12-01T06:13:01.000Z",null,null,3.75,7.75,11.5,22.5,null
"2025-12-01T06:17:01.000Z",null,null,6.5,10,12.5,22.5,null
"2025-12-01T06:21:01.000Z",null,null,5.25,8.25,13,22.5,null
"2025-12-01T06:25:06.000Z",null,null,3.5,7.75,11,22.5,null
"2025-12-01T06:29:06.000Z",null,null,4.25,8.25,13.5,22.5,null
"2025-12-01T06:33:06.000Z",null,null,3.75,7.5,13.5,22.5,null
"2025-12-01T06:37:09.000Z",null,null,2,5.75,10.5,22.5,null
"2025-12-01T06:41:09.000Z",null,null,4.5,8.25,12.5,22.5,null
"2025-12-01T06:45:09.000Z",null,null,3.75,6.75,10.5,45,null
"2025-12-01T06:49:13.000Z",null,null,2.75,5.25,8,22.5,null
"2025-12-01T06:53:13.000Z",null,null,3.25,6,8.75,45,null
"2025-12-01T06:57:13.000Z",null,null,2.5,5,8.25,45,null
"2025-12-01T07:01:18.000Z",null,null,0.25,3,4.75,45,null
"2025-12-01T07:05:18.000Z",null,null,1.75,3.75,6.25,45,null
"2025-12-01T07:09:18.000Z",null,null,0.75,3.25,6.25,0,null
"2025-12-01T07:13:22.000Z",null,null,6,8.25,12,0,null
"2025-12-01T07:17:22.000Z",null,null,7,9.5,11.5,0,null
"2025-12-01T07:21:22.000Z",null,null,8,10.5,12,0,null
"2025-12-01T07:25:25.000Z",null,null,8,10.5,12.5,0,null
"2025-12-01T07:29:25.000Z",null,null,7,9.5,13,0,null
"2025-12-01T07:33:25.000Z",null,null,7.75,11,13.5,0,null
"2025-12-01T07:37:30.000Z",null,null,8.25,11,13,0,null
"2025-12-01T07:41:30.000Z",null,null,8.75,11.5,14,0,null
"2025-12-01T07:45:30.000Z",null,null,9.75,12.5,15,0,null
"2025-12-01T07:49:34.000Z",null,null,11.5,13.5,16,0,null
"2025-12-01T07:53:34.000Z",null,null,12,14.5,17,0,null
"2025-12-01T07:57:34.000Z",null,null,11,14,16,0,null
"2025-12-01T08:01:37.000Z",null,null,12,14.5,18.5,0,null
"2025-12-01T08:05:37.000Z",null,null,13,15,17.5,0,null
"2025-12-01T08:09:37.000Z",null,null,11,14,16.5,0,null
"2025-12-01T08:13:42.000Z",null,null,12,15,18,0,null
"2025-12-01T08:17:42.000Z",null,null,7.75,13,18.5,0,null
"2025-12-01T08:21:42.000Z",null,null,9.5,14,19.5,0,null
"2025-12-01T08:25:46.000Z",null,null,12,17,20,0,null
"2025-12-01T08:29:46.000Z",null,null,10.5,15.5,19,0,null
"2025-12-01T08:33:46.000Z",null,null,14,16.5,19,0,null
"2025-12-01T08:37:50.000Z",null,null,13.5,16.5,21.5,0,null
"2025-12-01T08:41:50.000Z",null,null,13,16,20,0,null
"2025-12-01T08:45:50.000Z",null,null,12.5,15.5,18,0,null
"2025-12-01T08:49:54.000Z",null,null,13,18,21.5,0,null
"2025-12-01T08:53:54.000Z",null,null,16.5,19,22.5,337.5,null
"2025-12-01T08:57:54.000Z",null,null,17.5,20,23.5,337.5,null
"2025-12-01T09:01:58.000Z",null,null,17.5,20.5,22.5,0,null
"2025-12-01T09:05:58.000Z",null,null,16.5,19.5,23,0,null
"2025-12-01T09:09:58.000Z",null,null,12.5,17,21,0,null
"2025-12-01T09:14:02.000Z",null,null,13,17,20,0,null
"2025-12-01T09:18:02.000Z",null,null,16.5,20,22.5,0,null
"2025-12-01T09:22:02.000Z",null,null,15.5,19,22.5,0,null
"2025-12-01T09:26:06.000Z",null,null,15.5,18.5,22,0,null
"2025-12-01T09:30:06.000Z",null,null,14,17.5,21,0,null
"2025-12-01T09:34:06.000Z",null,null,12,16,19.5,0,null
"2025-12-01T09:38:10.000Z",null,null,9.5,13,17.5,0,null
"2025-12-01T09:42:10.000Z",null,null,9,13.5,20,0,null
"2025-12-01T09:46:10.000Z",null,null,11,16.5,21,0,null
"2025-12-01T09:50:14.000Z",null,null,13,17.5,20.5,0,null
"2025-12-01T09:54:14.000Z",null,null,12,17,21,0,null
"2025-12-01T09:58:14.000Z",null,null,11.5,16,20,22.5,null
"2025-12-01T10:02:18.000Z",null,null,11,14.5,18.5,0,null
"2025-12-01T10:06:18.000Z",null,null,10.5,15.5,19,0,null
"2025-12-01T10:10:18.000Z",null,null,8.75,17,23,0,null
"2025-12-01T10:14:22.000Z",null,null,10,15,19.5,0,null
"2025-12-01T10:18:22.000Z",null,null,11,15,19,0,null
"2025-12-01T10:22:22.000Z",null,null,11.5,15,20.5,0,null
"2025-12-01T10:26:26.000Z",null,null,8.75,12,15.5,0,null
"2025-12-01T10:30:26.000Z",null,null,9.75,13,15.5,0,null
"2025-12-01T10:34:26.000Z",null,null,9.75,13.5,19,0,null
"2025-12-01T10:38:30.000Z",null,null,11.5,14.5,17.5,0,null
"2025-12-01T10:42:30.000Z",null,null,11,14.5,18,0,null
"2025-12-01T10:46:30.000Z",null,null,12,14.5,16.5,0,null
"2025-12-01T10:50:34.000Z",null,null,12.5,15.5,18,0,null
"2025-12-01T10:54:34.000Z",null,null,11,14,16.5,0,null
"2025-12-01T10:58:34.000Z",null,null,12,14,16.5,0,null
"2025-12-01T11:02:38.000Z",null,null,11,13,15,0,null
"2025-12-01T11:06:38.000Z",null,null,9.75,13.5,15.5,0,null
"2025-12-01T11:10:38.000Z",null,null,11.5,13,15.5,0,null
"2025-12-01T11:14:43.000Z",null,null,9,14.5,18,0,null
"2025-12-01T11:18:43.000Z",null,null,11,14,16.5,0,null
"2025-12-01T11:22:43.000Z",null,null,12,15.5,19,0,null
"2025-12-01T11:26:47.000Z",null,null,11,14.5,18.5,0,null
"2025-12-01T11:30:47.000Z",null,null,12,14,16.5,0,null
"2025-12-01T11:34:47.000Z",null,null,8.75,12,16,0,null
"2025-12-01T11:38:50.000Z",null,null,8.75,11.5,15.5,0,null
"2025-12-01T11:42:50.000Z",null,null,7.75,12,15,0,null
"2025-12-01T11:46:50.000Z",null,null,11,13.5,16.5,0,null
"2025-12-01T11:50:55.000Z",null,null,8.75,12.5,15.5,0,null
"2025-12-01T11:54:55.000Z",null,null,11,13.5,16,0,null
"2025-12-01T11:58:55.000Z",null,null,9.75,13,15.5,0,null
"2025-12-01T12:02:58.000Z",null,null,9.5,13,17.5,0,null
"2025-12-01T12:06:58.000Z",null,null,12,14.5,17.5,0,null
"2025-12-01T12:10:58.000Z",null,null,11.5,14,16.5,0,null
"2025-12-01T12:15:03.000Z",null,null,8.75,12.5,15.5,0,null
"2025-12-01T12:19:03.000Z",null,null,9.75,12.5,15,0,null
"2025-12-01T12:23:03.000Z",null,null,9,12,15.5,0,null
"2025-12-01T12:27:07.000Z",null,null,9,11.5,14.5,0,null
"2025-12-01T12:31:07.000Z",null,null,7.25,10,13,0,null
"2025-12-01T12:35:07.000Z",null,null,8.25,10.5,13,0,null
"2025-12-01T12:39:10.000Z",null,null,6.25,9,11,0,null
"2025-12-01T12:43:10.000Z",null,null,7,9.25,11,0,null
"2025-12-01T12:47:10.000Z",null,null,6.5,9,12,0,null
"2025-12-01T12:51:15.000Z",null,null,7,9.5,13,0,null
"2025-12-01T12:55:15.000Z",null,null,7,9,10.5,0,null
"2025-12-01T12:59:15.000Z",null,null,7,8.75,11.5,0,null
"2025-12-01T13:03:19.000Z",null,null,7,9.5,12.5,0,null
"2025-12-01T13:07:19.000Z",null,null,7.25,9.25,10.5,0,null
"2025-12-01T13:11:19.000Z",null,null,7.75,10,11.5,0,null
"2025-12-01T13:15:22.000Z",null,null,7.25,9.25,11.5,0,null
"2025-12-01T13:19:22.000Z",null,null,5.5,8.5,11,0,null
"2025-12-01T13:23:22.000Z",null,null,4.5,7.5,10.5,0,null
"2025-12-01T13:27:27.000Z",null,null,5.25,7,9,0,null
"2025-12-01T13:31:27.000Z",null,null,4.5,7,8.75,0,null
"2025-12-01T13:35:27.000Z",null,null,4.75,6.75,7.75,0,null
"2025-12-01T13:54:26.000Z",null,null,4.25,5.25,6.25,337.5,null
"2025-12-01T13:58:26.000Z",null,null,3.75,5.5,7.25,337.5,null
"2025-12-01T14:02:26.000Z",null,null,3.25,4.75,6.25,337.5,null
"2025-12-01T14:06:30.000Z",null,null,2.5,3.75,5.5,337.5,null
"2025-12-01T14:10:30.000Z",null,null,1.75,3.25,4.75,0,null
"2025-12-01T14:14:30.000Z",null,null,0.75,1.75,2.5,22.5,null
"2025-12-01T14:18:34.000Z",null,null,0,0.5,2,22.5,null
"2025-12-01T14:22:34.000Z",null,null,0,0,0,67.5,null
"2025-12-01T14:26:34.000Z",null,null,0,0,0,90,null
"2025-12-01T14:30:38.000Z",null,null,0,0.25,1.5,90,null
"2025-12-01T14:34:38.000Z",null,null,0,0.5,1.75,112.5,null
"2025-12-01T14:38:38.000Z",null,null,0,0.25,1.5,112.5,null
"2025-12-01T14:44:28.000Z",null,null,0,0.25,1.5,135,null
"2025-12-01T14:48:28.000Z",null,null,0,1.5,3.25,180,null
"2025-12-01T14:52:28.000Z",null,null,0,2.5,4.25,202.5,null
"2025-12-01T14:56:32.000Z",null,null,2,3.25,4.5,202.5,null
"2025-12-01T15:00:32.000Z",null,null,2.5,3.75,4.5,225,null
"2025-12-01T15:04:32.000Z",null,null,0.25,2.75,4.25,202.5,null
"2025-12-01T15:08:37.000Z",null,null,1,3.25,5.25,202.5,null
"2025-12-01T15:12:37.000Z",null,null,1.5,3.5,4.75,202.5,null
"2025-12-01T15:16:37.000Z",null,null,1,3.5,6.25,180,null
"2025-12-01T15:20:40.000Z",null,null,2,4.75,6.25,180,null
"2025-12-01T15:24:40.000Z",null,null,1.5,4,8,157.5,null
"2025-12-01T15:28:40.000Z",null,null,0,2.5,6.25,157.5,null
"2025-12-01T15:32:45.000Z",null,null,1.75,4.25,8.75,180,null
"2025-12-01T15:36:45.000Z",null,null,1,4.5,8.75,157.5,null
"2025-12-01T15:40:45.000Z",null,null,2,4.25,7.25,157.5,null
"2025-12-01T15:44:48.000Z",null,null,2,4.5,6.75,157.5,null
"2025-12-01T15:48:48.000Z",null,null,0.75,4,8.25,157.5,null
"2025-12-01T15:52:48.000Z",null,null,1.5,3.75,7,135,null
"2025-12-01T15:56:53.000Z",null,null,0.25,3.5,8.75,112.5,null
"2025-12-01T16:00:53.000Z",null,null,0,2.25,4.25,135,null
"2025-12-01T16:04:53.000Z",null,null,0,1.75,4.75,135,null
"2025-12-01T16:08:57.000Z",null,null,0,1.75,5.25,135,null
"2025-12-01T16:12:57.000Z",null,null,0.75,2,3.75,135,null
"2025-12-01T16:16:57.000Z",null,null,1.75,4.25,9.75,135,null
"2025-12-01T16:21:00.000Z",null,null,0.75,3,5.5,135,null
"2025-12-01T16:25:00.000Z",null,null,2,3.75,6,112.5,null
"2025-12-01T16:29:00.000Z",null,null,1.75,3.75,6.25,90,null
"2025-12-01T16:33:05.000Z",null,null,1.75,3,4.5,112.5,null
"2025-12-01T16:37:05.000Z",null,null,1,2.5,3.5,112.5,null
"2025-12-01T16:41:05.000Z",null,null,2,4.5,6.5,90,null
"2025-12-01T16:45:09.000Z",null,null,3.5,5.25,7.75,90,null
"2025-12-01T16:49:09.000Z",null,null,2,4,6.5,90,null
"2025-12-01T16:53:09.000Z",null,null,1.5,3,4.75,90,null
"2025-12-01T16:57:12.000Z",null,null,2.5,3.75,6,90,null
"2025-12-01T17:01:12.000Z",null,null,2.75,4.25,6,90,null
"2025-12-01T17:05:12.000Z",null,null,1,3,4.5,90,null
"2025-12-01T17:09:17.000Z",null,null,1.75,3,4.5,90,null
"2025-12-01T17:13:17.000Z",null,null,1.5,2.75,4.5,90,null
"2025-12-01T17:17:17.000Z",null,null,1,2,3.5,112.5,null
"2025-12-01T17:21:21.000Z",null,null,0,1.75,3.25,90,null
"2025-12-01T17:25:21.000Z",null,null,1.5,2.5,3.75,90,null
"2025-12-01T17:29:21.000Z",null,null,1.75,3.25,6,90,null
"2025-12-01T17:33:25.000Z",null,null,2.5,4.5,6.5,90,null
"2025-12-01T17:37:25.000Z",null,null,3.5,5.25,8,90,null
"2025-12-01T17:41:25.000Z",null,null,2.75,5.5,8,90,null
"2025-12-01T17:45:29.000Z",null,null,3.25,4.5,6,90,null
"2025-12-01T17:49:29.000Z",null,null,4.5,7.25,10.5,90,null
"2025-12-01T17:53:29.000Z",null,null,3.25,7,10,90,null
"2025-12-01T17:57:33.000Z",null,null,2,4.25,6,112.5,null
"2025-12-01T18:01:33.000Z",null,null,2.75,4.5,7,112.5,null
"2025-12-01T18:05:33.000Z",null,null,2.5,4,6.25,112.5,null
"2025-12-01T18:09:37.000Z",null,null,2.5,4,7.25,112.5,null
"2025-12-01T18:13:37.000Z",null,null,3.25,5.75,8,112.5,null
"2025-12-01T18:17:37.000Z",null,null,4.5,7.25,10.5,90,null
"2025-12-01T18:21:41.000Z",null,null,3.75,5.75,8.25,112.5,null
"2025-12-01T18:25:41.000Z",null,null,3.75,5.25,8.25,112.5,null
"2025-12-01T18:29:41.000Z",null,null,3.75,5.5,8.25,90,null
"2025-12-01T18:33:45.000Z",null,null,4.25,7,11,90,null
"2025-12-01T18:37:45.000Z",null,null,3.5,7.75,12.5,90,null
"2025-12-01T18:41:45.000Z",null,null,5.5,9.25,12,90,null
"2025-12-01T18:45:49.000Z",null,null,4.25,7,12,90,null
"2025-12-01T18:49:49.000Z",null,null,4.75,7.5,10.5,90,null
"2025-12-01T18:53:49.000Z",null,null,2.75,4.25,7.75,112.5,null
"2025-12-01T18:57:53.000Z",null,null,2.5,4.75,8,112.5,null
"2025-12-01T19:01:53.000Z",null,null,4.25,6.25,9.75,90,null
"2025-12-01T19:05:53.000Z",null,null,2.5,6,9.5,112.5,null
"2025-12-01T19:09:57.000Z",null,null,2.75,6.25,10,112.5,null
"2025-12-01T19:13:57.000Z",null,null,3.25,6.5,11.5,90,null
"2025-12-01T19:17:57.000Z",null,null,2,5.75,9.5,112.5,null
"2025-12-01T19:22:02.000Z",null,null,5.25,7,10,112.5,null
"2025-12-01T19:26:02.000Z",null,null,2.75,4.25,7.25,135,null
"2025-12-01T19:30:02.000Z",null,null,2,3,4.75,135,null
"2025-12-01T19:34:05.000Z",null,null,2,4.5,8.25,157.5,null
"2025-12-01T19:38:05.000Z",null,null,2.5,6.25,10,135,null
"2025-12-01T19:42:05.000Z",null,null,2.75,4,6.25,135,null
"2025-12-01T19:46:10.000Z",null,null,2,4,6.25,157.5,null
"2025-12-01T19:50:10.000Z",null,null,2.75,4.5,6.25,157.5,null
"2025-12-01T19:54:10.000Z",null,null,2,4.25,6.25,135,null
"2025-12-01T19:58:14.000Z",null,null,2.5,4.5,7,135,null
"2025-12-01T20:02:14.000Z",null,null,1.5,4.75,7.25,157.5,null
"2025-12-01T20:06:14.000Z",null,null,3.5,6,8,157.5,null
"2025-12-01T20:10:17.000Z",null,null,4.5,6.5,9.5,157.5,null
"2025-12-01T20:14:17.000Z",null,null,3.25,5.5,7.75,157.5,null
"2025-12-01T20:18:17.000Z",null,null,3.75,6.5,9.5,157.5,null
"2025-12-01T20:22:22.000Z",null,null,2.75,6.5,9.5,157.5,null
"2025-12-01T20:26:22.000Z",null,null,3.75,6.25,9,157.5,null
"2025-12-01T20:30:22.000Z",null,null,0.25,4.25,8,135,null
"2025-12-01T20:34:26.000Z",null,null,1.75,4.25,6.5,180,null
"2025-12-01T20:38:26.000Z",null,null,0.75,3.25,6.25,157.5,null
"2025-12-01T20:42:26.000Z",null,null,1.5,3.5,5.5,157.5,null
"2025-12-01T20:46:30.000Z",null,null,1.75,4.75,7.25,135,null
"2025-12-01T20:50:30.000Z",null,null,1.75,5,8,157.5,null
"2025-12-01T20:54:30.000Z",null,null,1.75,5.75,9,157.5,null
"2025-12-01T20:58:34.000Z",null,null,2.75,5.75,8.75,135,null
"2025-12-01T21:02:34.000Z",null,null,4.75,7.25,11,135,null
"2025-12-01T21:06:34.000Z",null,null,4.5,7.5,10,157.5,null
"2025-12-01T21:10:38.000Z",null,null,2.5,7,10.5,157.5,null
"2025-12-01T21:14:38.000Z",null,null,4.75,8,13,157.5,null
"2025-12-01T21:18:38.000Z",null,null,5.5,9.25,13,157.5,null
"2025-12-01T21:22:42.000Z",null,null,6.25,11,16,157.5,null
"2025-12-01T21:26:42.000Z",null,null,3.25,8.25,12.5,157.5,null
"2025-12-01T21:30:42.000Z",null,null,4.25,8.25,13.5,157.5,null
"2025-12-01T21:34:46.000Z",null,null,3.75,6.75,11.5,135,null
"2025-12-01T21:38:46.000Z",null,null,3.75,6.75,12,112.5,null
"2025-12-01T21:42:46.000Z",null,null,2.75,6.5,11,135,null
"2025-12-01T21:46:50.000Z",null,null,4.75,9,14,135,null
"2025-12-01T21:50:50.000Z",null,null,2.5,5.75,9.5,135,null
"2025-12-01T21:54:50.000Z",null,null,3.25,7.25,13,157.5,null
"2025-12-01T21:58:54.000Z",null,null,4.75,8.25,13,157.5,null
"2025-12-01T22:02:54.000Z",null,null,2.5,8,13,157.5,null
"2025-12-01T22:06:54.000Z",null,null,2.5,7.5,11.5,157.5,null
"2025-12-01T22:10:59.000Z",null,null,2.75,8.75,12.5,157.5,null
"2025-12-01T22:14:59.000Z",null,null,3.5,9.5,15.5,157.5,null
"2025-12-01T22:18:59.000Z",null,null,1.75,7.25,13.5,135,null
"2025-12-01T22:23:03.000Z",null,null,4.25,8.75,14.5,135,null
"2025-12-01T22:27:03.000Z",null,null,6.25,9.5,14.5,157.5,null
"2025-12-01T22:31:03.000Z",null,null,4.5,8.75,15.5,157.5,null
"2025-12-01T22:35:06.000Z",null,null,2,6.75,16,135,null
"2025-12-01T22:39:06.000Z",null,null,1.75,5.5,10,135,null
"2025-12-01T22:43:06.000Z",null,null,3.5,7.5,11.5,157.5,null
"2025-12-01T22:47:10.000Z",null,null,3.5,7.5,11,157.5,null
"2025-12-01T22:51:10.000Z",null,null,5.25,7.75,11,157.5,null
"2025-12-01T22:55:10.000Z",null,null,5.25,8.25,11.5,157.5,null
"2025-12-01T22:59:14.000Z",null,null,1,5.75,11.5,135,null
"2025-12-01T23:03:14.000Z",null,null,3.75,6.75,10.5,135,null
"2025-12-01T23:07:14.000Z",null,null,2.75,7.25,13.5,112.5,null
"2025-12-01T23:11:18.000Z",null,null,3.25,6,9.5,112.5,null
"2025-12-01T23:15:18.000Z",null,null,1.75,4.5,8,112.5,null
"2025-12-01T23:19:18.000Z",null,null,2,4.75,8,112.5,null
"2025-12-01T23:23:23.000Z",null,null,1.75,6,11,112.5,null
"2025-12-01T23:27:23.000Z",null,null,2.5,5.5,9.75,112.5,null
"2025-12-01T23:31:23.000Z",null,null,2.5,5.75,9.75,112.5,null
"2025-12-01T23:35:26.000Z",null,null,3.25,7,13.5,112.5,null
"2025-12-01T23:39:26.000Z",null,null,1.75,5.25,10,112.5,null
"2025-12-01T23:43:26.000Z",null,null,3.75,6.25,9,135,null
"2025-12-01T23:47:31.000Z",null,null,3.75,7,11,157.5,null
"2025-12-01T23:51:31.000Z",null,null,3.5,6,9.5,135,null
"2025-12-01T23:55:31.000Z",null,null,2,4.5,8,135,null
"2025-12-01T23:59:35.000Z",null,null,1.75,4.25,8.75,135,null
"2025-12-02T00:03:35.000Z",null,null,1.5,4.75,8.25,135,null
"2025-12-02T00:07:35.000Z",null,null,0.25,4.25,10.5,135,null
"2025-12-02T00:11:39.000Z",null,null,3.25,7,12,135,null
"2025-12-02T00:15:39.000Z",null,null,4.25,8.75,13,157.5,null
"2025-12-02T00:19:39.000Z",null,null,4.5,12,17,135,null
"2025-12-02T00:23:43.000Z",null,null,3.75,8.25,12,157.5,null
"2025-12-02T00:27:43.000Z",null,null,2,5.75,10,135,null
"2025-12-02T00:31:43.000Z",null,null,3.5,7.5,12,135,null
"2025-12-02T00:35:47.000Z",null,null,1.75,8.25,15.5,112.5,null
"2025-12-02T00:39:47.000Z",null,null,2.5,5.75,12.5,112.5,null
"2025-12-02T00:43:47.000Z",null,null,3.5,7.5,12,112.5,null
"2025-12-02T00:47:51.000Z",null,null,2.75,5.75,10,135,null
"2025-12-02T00:51:51.000Z",null,null,0.75,5.25,10.5,112.5,null
"2025-12-02T00:55:51.000Z",null,null,2.5,6.5,11.5,135,null
"2025-12-02T00:59:55.000Z",null,null,1,4.5,7.25,135,null
"2025-12-02T01:03:55.000Z",null,null,2.5,5,8.75,135,null
"2025-12-02T01:07:55.000Z",null,null,2,5.75,9.5,135,null
"2025-12-02T01:11:59.000Z",null,null,2.75,5.75,8.75,135,null
"2025-12-02T01:15:59.000Z",null,null,2.75,4.75,6.25,135,null
"2025-12-02T01:19:59.000Z",null,null,3.75,5.25,8,135,null
"2025-12-02T01:24:03.000Z",null,null,3.25,5.25,8.5,135,null
"2025-12-02T01:28:03.000Z",null,null,2.5,4.5,8,112.5,null
"2025-12-02T01:32:03.000Z",null,null,2.5,4.75,7.75,112.5,null
"2025-12-02T01:36:08.000Z",null,null,2.5,4.5,7.25,135,null
"2025-12-02T01:40:08.000Z",null,null,2.5,5.25,8.25,135,null
"2025-12-02T01:44:08.000Z",null,null,2,5.25,9.5,112.5,null
"2025-12-02T01:48:11.000Z",null,null,3.25,5,8,135,null
"2025-12-02T01:52:11.000Z",null,null,1.75,5,9.5,112.5,null
"2025-12-02T01:56:11.000Z",null,null,2.5,5.5,8.25,135,null
"2025-12-02T02:00:15.000Z",null,null,2.5,6.25,10.5,135,null
"2025-12-02T02:04:15.000Z",null,null,1,4,7,135,null
"2025-12-02T02:08:15.000Z",null,null,1,3.75,6.25,135,null
"2025-12-02T02:12:19.000Z",null,null,2.75,6.25,11.5,112.5,null
"2025-12-02T02:16:19.000Z",null,null,1.5,5.25,9.5,135,null
"2025-12-02T02:20:19.000Z",null,null,2,5.5,9,135,null
"2025-12-02T02:24:23.000Z",null,null,1.5,6,12,112.5,null
"2025-12-02T02:28:23.000Z",null,null,2,4.5,8,135,null
"2025-12-02T02:32:23.000Z",null,null,3.25,6,10.5,112.5,null
"2025-12-02T02:36:28.000Z",null,null,1.5,4.5,9.5,135,null
"2025-12-02T02:40:28.000Z",null,null,3.75,8.25,15,157.5,null
"2025-12-02T02:44:28.000Z",null,null,3.5,8.25,16.5,157.5,null
"2025-12-02T02:48:31.000Z",null,null,4.25,8.5,15,135,null
"2025-12-02T02:52:31.000Z",null,null,1.5,6.5,12,135,null
"2025-12-02T02:56:31.000Z",null,null,2,8.25,15.5,112.5,null
"2025-12-02T03:00:36.000Z",null,null,4.75,7.25,11,112.5,null
"2025-12-02T03:04:36.000Z",null,null,3.75,5.75,10.5,135,null
"2025-12-02T03:08:36.000Z",null,null,3.25,6,10,135,null
"2025-12-02T03:12:39.000Z",null,null,2.5,6.25,12,90,null
"2025-12-02T03:16:39.000Z",null,null,3.25,4.5,7,135,null
"2025-12-02T03:20:39.000Z",null,null,2.75,5,7,157.5,null
"2025-12-02T03:24:43.000Z",null,null,3.75,5.75,7.25,135,null
"2025-12-02T03:28:43.000Z",null,null,2.5,5,8.25,135,null
"2025-12-02T03:32:43.000Z",null,null,1.75,4.75,9.75,112.5,null
"2025-12-02T03:36:48.000Z",null,null,2.5,5.5,9.5,135,null
"2025-12-02T03:40:48.000Z",null,null,3.25,6.25,10.5,135,null
"2025-12-02T03:44:48.000Z",null,null,2,5,10.5,135,null
"2025-12-02T03:48:52.000Z",null,null,2.75,5.5,11.5,135,null
"2025-12-02T03:52:52.000Z",null,null,2,6,9.5,135,null
"2025-12-02T03:56:52.000Z",null,null,3.25,6.25,11.5,135,null
"2025-12-02T04:00:56.000Z",null,null,2.75,6.5,10.5,135,null
"2025-12-02T04:04:56.000Z",null,null,1.5,5.75,9,135,null
"2025-12-02T04:08:56.000Z",null,null,3.25,5.5,8.25,135,null
"2025-12-02T04:13:00.000Z",null,null,2.5,4.5,7.75,135,null
"2025-12-02T04:17:00.000Z",null,null,2,5.25,9.75,157.5,null
"2025-12-02T04:21:00.000Z",null,null,5.25,7.75,12,135,null
"2025-12-02T04:25:04.000Z",null,null,4.75,7.25,10,112.5,null
"2025-12-02T04:29:04.000Z",null,null,3.25,8,13,90,null
"2025-12-02T04:33:04.000Z",null,null,2.75,5.5,11,112.5,null
"2025-12-02T04:37:08.000Z",null,null,3.25,7,12,112.5,null
"2025-12-02T04:41:08.000Z",null,null,5.25,8.25,12.5,90,null
"2025-12-02T04:45:08.000Z",null,null,2.5,7,13,112.5,null
"2025-12-02T04:49:12.000Z",null,null,2.75,6.25,11,135,null
"2025-12-02T04:53:12.000Z",null,null,4.25,7.75,11.5,112.5,null
"2025-12-02T04:57:12.000Z",null,null,2.75,7.5,14.5,90,null
"2025-12-02T05:01:17.000Z",null,null,2.5,6,9,112.5,null
"2025-12-02T05:05:17.000Z",null,null,4.75,9.5,13.5,112.5,null
"2025-12-02T05:09:17.000Z",null,null,1.5,4.5,10,135,null
"2025-12-02T05:13:20.000Z",null,null,2,6.25,11,135,null
"2025-12-02T05:17:20.000Z",null,null,1.5,4.5,7.75,135,null
"2025-12-02T05:21:20.000Z",null,null,0.25,4.5,9,157.5,null
"2025-12-02T05:25:24.000Z",null,null,1.75,5.75,11,135,null
"2025-12-02T05:29:24.000Z",null,null,2.75,5.25,8.75,135,null
"2025-12-02T05:33:24.000Z",null,null,2.75,5.5,9.5,135,null
"2025-12-02T05:37:28.000Z",null,null,4.25,6.75,9.5,135,null
"2025-12-02T05:41:28.000Z",null,null,2.75,6.5,10,135,null
"2025-12-02T05:45:28.000Z",null,null,4.25,6.5,10.5,135,null
"2025-12-02T05:49:33.000Z",null,null,2.75,5.5,9.75,135,null
"2025-12-02T05:53:33.000Z",null,null,3.25,6,9.75,135,null
"2025-12-02T05:57:33.000Z",null,null,4.5,7.25,11.5,112.5,null
"2025-12-02T06:01:36.000Z",null,null,4.25,9.25,15.5,90,null
"2025-12-02T06:05:36.000Z",null,null,3.5,6.75,11.5,112.5,null
"2025-12-02T06:09:36.000Z",null,null,3.5,7,13,135,null
"2025-12-02T06:13:40.000Z",null,null,1.75,5,9.5,112.5,null
"2025-12-02T06:17:40.000Z",null,null,3.5,5.5,9,135,null
"2025-12-02T06:21:40.000Z",null,null,3.75,6.75,13,112.5,null
"2025-12-02T06:25:45.000Z",null,null,2.75,5.75,8,135,null
"2025-12-02T06:29:45.000Z",null,null,3.5,6.25,9.5,157.5,null
"2025-12-02T06:33:45.000Z",null,null,3.5,6.25,8.75,135,null
"2025-12-02T06:37:49.000Z",null,null,3.25,5,10.5,135,null
"2025-12-02T06:41:49.000Z",null,null,4.5,7.25,10.5,157.5,null
"2025-12-02T06:45:49.000Z",null,null,2,5,8.75,135,null
"2025-12-02T06:49:53.000Z",null,null,3.5,5.5,9.75,135,null
"2025-12-02T06:53:53.000Z",null,null,3.5,6.5,9.5,135,null
"2025-12-02T06:57:53.000Z",null,null,3.25,5.75,9.75,112.5,null
"2025-12-02T07:01:57.000Z",null,null,3.5,5.25,7.75,112.5,null
"2025-12-02T07:05:57.000Z",null,null,2.75,6,9.5,112.5,null
"2025-12-02T07:09:57.000Z",null,null,1,3.25,6.25,112.5,null
"2025-12-02T07:14:01.000Z",null,null,1.75,4.75,8.75,112.5,null
"2025-12-02T07:18:01.000Z",null,null,2,5.5,11,112.5,null
"2025-12-02T07:22:01.000Z",null,null,3.25,6,9,135,null
"2025-12-02T07:26:05.000Z",null,null,2.5,4.5,7.75,135,null
"2025-12-02T07:30:05.000Z",null,null,1.75,5.25,10.5,90,null
"2025-12-02T07:34:05.000Z",null,null,3.25,6.75,13,90,null
"2025-12-02T07:38:09.000Z",null,null,4.25,9.75,14.5,90,null
"2025-12-02T07:42:09.000Z",null,null,4.5,11.5,19,90,null
"2025-12-02T07:46:09.000Z",null,null,4.25,10.5,16.5,90,null
"2025-12-02T07:50:13.000Z",null,null,6.5,11,15.5,90,null
"2025-12-02T07:54:13.000Z",null,null,6,11,15.5,90,null
"2025-12-02T07:58:13.000Z",null,null,5.5,9.5,14.5,90,null
"2025-12-02T08:02:17.000Z",null,null,3.25,7.5,13,112.5,null
"2025-12-02T08:06:17.000Z",null,null,2.5,5.75,10,112.5,null
"2025-12-02T08:10:17.000Z",null,null,3.25,6.25,9.75,90,null
"2025-12-02T08:14:21.000Z",null,null,4.25,8.5,13,90,null
"2025-12-02T08:18:21.000Z",null,null,4.75,7.75,11.5,90,null
"2025-12-02T08:22:21.000Z",null,null,4.5,8.5,13,90,null
"2025-12-02T08:26:25.000Z",null,null,4.5,7.75,11.5,90,null
"2025-12-02T08:30:25.000Z",null,null,2.75,6.75,12,112.5,null
"2025-12-02T08:34:25.000Z",null,null,1.5,3.5,7.25,112.5,null
"2025-12-02T08:38:29.000Z",null,null,1.5,5.25,8.25,90,null
"2025-12-02T08:42:29.000Z",null,null,3.25,5.25,8,112.5,null
"2025-12-02T08:46:29.000Z",null,null,3.25,4.75,6.5,112.5,null
"2025-12-02T08:50:33.000Z",null,null,2,4.75,7.75,112.5,null
"2025-12-02T08:54:33.000Z",null,null,2,4,6,112.5,null
"2025-12-02T08:58:33.000Z",null,null,1.5,2.75,3.75,112.5,null
"2025-12-02T09:02:38.000Z",null,null,1,2.75,5.25,112.5,null
"2025-12-02T09:06:38.000Z",null,null,1,2.5,4.5,112.5,null
"2025-12-02T09:10:38.000Z",null,null,1.75,3.5,6,112.5,null
"2025-12-02T09:14:41.000Z",null,null,0.25,2,3.75,112.5,null
"2025-12-02T09:18:41.000Z",null,null,0,1.75,6.5,112.5,null
"2025-12-02T09:22:41.000Z",null,null,0.25,2,5.25,112.5,null
"2025-12-02T09:26:46.000Z",null,null,0,1.5,3.25,112.5,null
"2025-12-02T09:30:46.000Z",null,null,0,1.25,2.5,135,null
"2025-12-02T09:34:46.000Z",null,null,0,0.5,3.25,112.5,null
"2025-12-02T09:38:49.000Z",null,null,0,0.75,2.5,90,null
"2025-12-02T09:42:49.000Z",null,null,0,0.75,2.5,90,null
"2025-12-02T09:46:49.000Z",null,null,0,2,4.5,112.5,null
"2025-12-02T09:50:53.000Z",null,null,0.75,3.75,8,135,null
"2025-12-02T09:54:53.000Z",null,null,3.25,5.75,8.25,157.5,null
"2025-12-02T09:58:53.000Z",null,null,2.5,5.5,8.75,157.5,null
"2025-12-02T10:02:57.000Z",null,null,2.75,6.25,9.75,157.5,null
"2025-12-02T10:06:57.000Z",null,null,1.5,6.25,9.75,157.5,null
"2025-12-02T10:10:57.000Z",null,null,3.25,6.5,11,157.5,null
"2025-12-02T10:15:02.000Z",null,null,0.75,6,11,180,null
"2025-12-02T10:19:02.000Z",null,null,2.75,7.5,11,202.5,null
"2025-12-02T10:23:02.000Z",null,null,2.75,6.75,10.5,202.5,null
"2025-12-02T10:27:06.000Z",null,null,2.5,6.75,12,180,null
"2025-12-02T10:31:06.000Z",null,null,3.75,7.5,12,202.5,null
"2025-12-02T10:35:06.000Z",null,null,3.5,6.75,10,202.5,null
"2025-12-02T10:39:09.000Z",null,null,4.75,8.5,11.5,225,null
"2025-12-02T10:43:09.000Z",null,null,3.75,8.25,11,202.5,null
"2025-12-02T10:47:09.000Z",null,null,3.25,7.25,10,202.5,null
"2025-12-02T10:51:13.000Z",null,null,4.25,9,12,202.5,null
"2025-12-02T10:55:13.000Z",null,null,3.75,7.5,11,202.5,null
"2025-12-02T10:59:13.000Z",null,null,2.5,6.25,9.75,202.5,null
"2025-12-02T11:03:17.000Z",null,null,3.5,6.5,9.75,202.5,null
"2025-12-02T11:07:17.000Z",null,null,1,4.5,8.75,180,null
"2025-12-02T11:11:17.000Z",null,null,2.5,6,10,180,null
"2025-12-02T11:15:22.000Z",null,null,1,4.5,8,202.5,null
"2025-12-02T11:19:22.000Z",null,null,2,6,10,202.5,null
"2025-12-02T11:23:22.000Z",null,null,0.75,5.25,9.5,202.5,null
"2025-12-02T11:27:26.000Z",null,null,0.25,4.25,7.75,180,null
"2025-12-02T11:31:26.000Z",null,null,1.5,5.5,9.5,180,null
"2025-12-02T11:35:26.000Z",null,null,0.75,4.75,9,180,null
"2025-12-02T11:39:30.000Z",null,null,0.25,4.5,10,202.5,null
"2025-12-02T11:43:30.000Z",null,null,2.75,6.25,9.75,157.5,null
"2025-12-02T11:47:30.000Z",null,null,3.5,6.25,8.75,157.5,null
"2025-12-02T11:51:34.000Z",null,null,1.75,4.75,8.75,180,null
"2025-12-02T11:55:34.000Z",null,null,1.5,4.25,7.25,180,null
"2025-12-02T11:59:34.000Z",null,null,1.5,5,8,202.5,null
"2025-12-02T12:03:38.000Z",null,null,5.25,8,11,202.5,null
"2025-12-02T12:07:38.000Z",null,null,1,6.75,11,202.5,null
"2025-12-02T12:11:38.000Z",null,null,2.5,5.5,8,202.5,null
"2025-12-02T12:15:42.000Z",null,null,1.75,4.25,8,202.5,null
"2025-12-02T12:19:42.000Z",null,null,0.25,4.25,8.25,180,null
"2025-12-02T12:23:42.000Z",null,null,1.5,4.5,8.75,180,null
"2025-12-02T12:27:46.000Z",null,null,1,4.25,9.5,180,null
"2025-12-02T12:31:46.000Z",null,null,2,5.75,9,202.5,null
"2025-12-02T12:35:46.000Z",null,null,2,5.5,8.75,202.5,null
"2025-12-02T12:39:50.000Z",null,null,1.75,5.5,8.75,202.5,null
"2025-12-02T12:43:50.000Z",null,null,1.5,4.75,7,202.5,null
"2025-12-02T12:47:50.000Z",null,null,1.5,3.75,5.5,202.5,null
"2025-12-02T12:51:54.000Z",null,null,2,4,6,180,null
"2025-12-02T12:55:54.000Z",null,null,0.75,3,5.5,180,null
"2025-12-02T12:59:54.000Z",null,null,0,2,3.5,180,null
"2025-12-02T13:03:59.000Z",null,null,0,0.75,3.25,180,null
"2025-12-02T13:07:59.000Z",null,null,0,0,0.75,135,null
"2025-12-02T13:11:59.000Z",null,null,0,0.5,2.75,135,null
"2025-12-02T13:16:02.000Z",null,null,0.75,2,3.75,180,null
"2025-12-02T13:20:02.000Z",null,null,1,2.75,3.75,180,null
"2025-12-02T13:24:02.000Z",null,null,0.75,3.25,4.5,180,null
"2025-12-02T13:28:06.000Z",null,null,0,4,6.25,202.5,null
"2025-12-02T13:32:06.000Z",null,null,0,3,5.5,202.5,null
"2025-12-02T13:36:06.000Z",null,null,3.5,4.75,6.5,202.5,null
"2025-12-02T13:55:04.000Z",null,null,2,6.5,11,202.5,null
"2025-12-02T13:59:04.000Z",null,null,3.5,6.5,10,202.5,null
"2025-12-02T14:03:04.000Z",null,null,1.5,6.25,11,202.5,null
"2025-12-02T14:07:09.000Z",null,null,4.75,8.5,13,202.5,null
"2025-12-02T14:11:09.000Z",null,null,1.75,7.25,11,202.5,null
"2025-12-02T14:15:09.000Z",null,null,3.25,7.5,11,180,null
"2025-12-02T14:19:13.000Z",null,null,3.75,8.5,12,180,null
"2025-12-02T14:23:13.000Z",null,null,2.75,7.5,10,180,null
"2025-12-02T14:27:13.000Z",null,null,3.5,8,11,180,null
"2025-12-02T14:31:17.000Z",null,null,3.75,7.25,10.5,180,null
"2025-12-02T14:35:17.000Z",null,null,2,7.25,11.5,180,null
"2025-12-02T14:39:17.000Z",null,null,4.25,8.25,10.5,180,null
"2025-12-02T14:45:06.000Z",null,null,3.5,7.75,11,180,null
"2025-12-02T14:49:06.000Z",null,null,3.25,7,10,180,null
"2025-12-02T14:53:06.000Z",null,null,3.5,5.75,8.75,157.5,null
"2025-12-02T14:57:11.000Z",null,null,3.25,4.75,7.25,157.5,null
"2025-12-02T15:01:11.000Z",null,null,2.5,4.25,7,135,null
"2025-12-02T15:05:11.000Z",null,null,2,4.25,6.5,157.5,null
"2025-12-02T15:09:15.000Z",null,null,2.5,4.25,7.25,135,null
"2025-12-02T15:13:15.000Z",null,null,2,5,7,157.5,null
"2025-12-02T15:17:15.000Z",null,null,1.75,5.5,10.5,180,null
"2025-12-02T15:21:19.000Z",null,null,1,3.5,6.25,157.5,null
"2025-12-02T15:25:19.000Z",null,null,1.5,3.5,6,90,null
"2025-12-02T15:29:19.000Z",null,null,2.75,5.5,8.25,157.5,null
"2025-12-02T15:33:23.000Z",null,null,2.5,5,9.75,157.5,null
"2025-12-02T15:37:23.000Z",null,null,3.5,7.25,11,202.5,null
"2025-12-02T15:41:23.000Z",null,null,2.5,4.75,7.25,202.5,null
"2025-12-02T15:45:27.000Z",null,null,2.5,4.5,7.25,157.5,null
"2025-12-02T15:49:27.000Z",null,null,0,4,6.25,112.5,null
"2025-12-02T15:53:27.000Z",null,null,2.5,3.75,5.25,112.5,null
"2025-12-02T15:57:30.000Z",null,null,1,2.5,4.5,135,null
"2025-12-02T16:01:30.000Z",null,null,0.75,2.25,4.5,135,null
"2025-12-02T16:05:30.000Z",null,null,1.5,3,5.25,157.5,null
"2025-12-02T16:09:35.000Z",null,null,0,1.75,3.25,157.5,null
"2025-12-02T16:13:35.000Z",null,null,1.5,3,5.5,157.5,null
"2025-12-02T16:17:35.000Z",null,null,2.75,4.75,7,202.5,null
"2025-12-02T16:21:39.000Z",null,null,1,4.25,7.75,180,null
"2025-12-02T16:25:39.000Z",null,null,1.75,4.75,7.25,180,null
"2025-12-02T16:29:39.000Z",null,null,0.25,3.75,6.5,157.5,null
"2025-12-02T16:33:43.000Z",null,null,4.75,7,8.75,180,null
"2025-12-02T16:37:43.000Z",null,null,2.75,6.5,9.5,180,null
"2025-12-02T16:41:43.000Z",null,null,1.5,4.5,8,180,null
"2025-12-02T16:45:47.000Z",null,null,2.75,8,12.5,202.5,null
"2025-12-02T16:49:47.000Z",null,null,1,6.5,12,180,null
"2025-12-02T16:53:47.000Z",null,null,2.75,7.25,12.5,180,null
"2025-12-02T16:57:51.000Z",null,null,1.75,6.25,11,157.5,null
"2025-12-02T17:01:51.000Z",null,null,3.5,7.25,12,157.5,null
"2025-12-02T17:05:51.000Z",null,null,4.5,7.25,13,157.5,null
"2025-12-02T17:09:55.000Z",null,null,4.75,8.25,12,157.5,null
"2025-12-02T17:13:55.000Z",null,null,2,7.25,11,157.5,null
"2025-12-02T17:17:55.000Z",null,null,2.75,5.25,7.25,135,null
"2025-12-02T17:21:59.000Z",null,null,2,3.75,6.25,157.5,null
"2025-12-02T17:25:59.000Z",null,null,2.75,5,9.5,135,null
"2025-12-02T17:29:59.000Z",null,null,1.75,3.75,5.25,135,null
"2025-12-02T17:34:04.000Z",null,null,2.75,5,7.25,112.5,null
"2025-12-02T17:38:04.000Z",null,null,2.5,4.25,8,112.5,null
"2025-12-02T17:42:04.000Z",null,null,0.75,3.5,7,135,null
"2025-12-02T17:46:07.000Z",null,null,0.25,3,5.5,157.5,null
"2025-12-02T17:50:07.000Z",null,null,2.5,4.25,6,180,null
"2025-12-02T17:54:07.000Z",null,null,3.25,4.75,7.25,157.5,null
"2025-12-02T17:58:11.000Z",null,null,2.5,4.5,7,135,null
"2025-12-02T18:02:11.000Z",null,null,2.5,4,6,112.5,null
"2025-12-02T18:06:11.000Z",null,null,1,2.75,4.75,135,null
"2025-12-02T18:10:15.000Z",null,null,1.5,3,5.25,135,null
"2025-12-02T18:14:15.000Z",null,null,2.75,5,6.5,157.5,null
"2025-12-02T18:18:15.000Z",null,null,4.5,6,9.75,180,null
"2025-12-02T18:22:19.000Z",null,null,3.5,7,10,180,null
"2025-12-02T18:26:19.000Z",null,null,4.25,8.5,12,180,null
"2025-12-02T18:30:19.000Z",null,null,3.75,7.5,11,157.5,null
"2025-12-02T18:34:24.000Z",null,null,1,6.5,12,135,null
"2025-12-02T18:38:24.000Z",null,null,2.5,6.25,11,135,null
"2025-12-02T18:42:24.000Z",null,null,0,3.25,8,112.5,null
"2025-12-02T18:46:27.000Z",null,null,2,6.5,12,90,null
"2025-12-02T18:50:27.000Z",null,null,2.75,5.25,9.75,112.5,null
"2025-12-02T18:54:27.000Z",null,null,2.5,3.75,6.25,90,null
"2025-12-02T18:58:31.000Z",null,null,0,3,8,90,null
"2025-12-02T19:02:31.000Z",null,null,3.25,5.5,10.5,112.5,null
"2025-12-02T19:06:31.000Z",null,null,3.5,5.25,7.25,90,null
"2025-12-02T19:10:35.000Z",null,null,1.75,4.75,9,112.5,null
"2025-12-02T19:14:35.000Z",null,null,2.5,4.5,8.25,112.5,null
"2025-12-02T19:18:35.000Z",null,null,2,4.25,7.25,112.5,null
"2025-12-02T19:22:40.000Z",null,null,0.25,3.25,6.5,112.5,null
"2025-12-02T19:26:40.000Z",null,null,0,3.25,6.25,135,null
"2025-12-02T19:30:40.000Z",null,null,3.75,5.25,7,135,null
"2025-12-02T19:34:44.000Z",null,null,2.75,5,7,157.5,null
"2025-12-02T19:38:44.000Z",null,null,2,3.75,5.5,135,null
"2025-12-02T19:42:44.000Z",null,null,1.5,2.75,4.25,135,null
"2025-12-02T19:46:48.000Z",null,null,2.5,3.75,5.25,112.5,null
"2025-12-02T19:50:48.000Z",null,null,1.5,3.75,6,90,null
"2025-12-02T19:54:48.000Z",null,null,1.5,3.75,6.5,135,null
"2025-12-02T19:58:51.000Z",null,null,2.75,4.75,7.25,112.5,null
"2025-12-02T20:02:51.000Z",null,null,1,3.25,5.5,112.5,null
"2025-12-02T20:06:51.000Z",null,null,2,3,4.25,135,null
"2025-12-02T20:10:56.000Z",null,null,0.75,3.5,7.25,112.5,null
"2025-12-02T20:14:56.000Z",null,null,2.75,7.5,11.5,90,null
"2025-12-02T20:18:56.000Z",null,null,2.75,6.5,11.5,90,null
"2025-12-02T20:23:00.000Z",null,null,2.5,5.25,8.25,90,null
"2025-12-02T20:27:00.000Z",null,null,1.5,4.25,8.75,90,null
"2025-12-02T20:31:00.000Z",null,null,2.5,6,9.5,90,null
"2025-12-02T20:35:04.000Z",null,null,4.25,7.5,11,90,null
"2025-12-02T20:39:04.000Z",null,null,3.75,6.5,10,67.5,null
"2025-12-02T20:43:04.000Z",null,null,1.75,5.25,8,67.5,null
"2025-12-02T20:47:08.000Z",null,null,4.25,6.25,8,90,null
"2025-12-02T20:51:08.000Z",null,null,2.5,5.5,8.25,67.5,null
"2025-12-02T20:55:08.000Z",null,null,3.5,7,10,67.5,null
"2025-12-02T20:59:13.000Z",null,null,4.25,7,11,67.5,null
"2025-12-02T21:03:13.000Z",null,null,1,5.5,10,67.5,null
"2025-12-02T21:07:13.000Z",null,null,3.5,5.5,8,90,null
"2025-12-02T21:11:16.000Z",null,null,3.5,6.75,10.5,90,null
"2025-12-02T21:15:16.000Z",null,null,3.75,6.5,9.75,67.5,null
"2025-12-02T21:19:16.000Z",null,null,0,4,6,67.5,null
"2025-12-02T21:23:20.000Z",null,null,1,2.5,4.5,67.5,null
"2025-12-02T21:27:20.000Z",null,null,0.25,2.25,3.75,90,null
"2025-12-02T21:31:20.000Z",null,null,0.75,2.5,4.25,112.5,null
"2025-12-02T21:35:24.000Z",null,null,2.25,3.25,4.75,112.5,null
"2025-12-02T21:39:24.000Z",null,null,2,3.25,5.25,112.5,null
"2025-12-02T21:43:24.000Z",null,null,2,3.5,7.25,90,null
"2025-12-02T21:47:28.000Z",null,null,1.75,5,8.75,90,null
"2025-12-02T21:51:28.000Z",null,null,1.5,4.25,8.75,90,null
"2025-12-02T21:55:28.000Z",null,null,0.25,2.5,4.75,67.5,null
"2025-12-02T21:59:33.000Z",null,null,2.5,3.75,5.5,67.5,null
"2025-12-02T22:03:33.000Z",null,null,1.75,2.75,3.5,90,null
"2025-12-02T22:07:33.000Z",null,null,2,3,4.5,112.5,null
"2025-12-02T22:11:36.000Z",null,null,0,2,4.75,90,null
"2025-12-02T22:15:36.000Z",null,null,2,3.75,5.5,112.5,null
"2025-12-02T22:19:36.000Z",null,null,2.5,4.75,7,90,null
"2025-12-02T22:23:40.000Z",null,null,2.75,5.25,9,90,null
"2025-12-02T22:27:40.000Z",null,null,0,3.25,7,135,null
"2025-12-02T22:31:40.000Z",null,null,3.25,6.5,9.75,157.5,null
"2025-12-02T22:35:45.000Z",null,null,2.75,6,9,157.5,null
"2025-12-02T22:39:45.000Z",null,null,3.25,8.25,11,180,null
"2025-12-02T22:43:45.000Z",null,null,1.75,6.75,9.75,157.5,null
"2025-12-02T22:47:48.000Z",null,null,1,5,9,180,null
"2025-12-02T22:51:48.000Z",null,null,3.75,6.5,9.75,202.5,null
"2025-12-02T22:55:48.000Z",null,null,1.75,5.5,9.5,180,null
"2025-12-02T22:59:53.000Z",null,null,2.25,6.75,11,180,null
"2025-12-02T23:03:53.000Z",null,null,2,7.25,11,202.5,null
"2025-12-02T23:07:53.000Z",null,null,3.5,8,13,180,null
"2025-12-02T23:11:57.000Z",null,null,3.25,6.5,9.5,180,null
"2025-12-02T23:15:57.000Z",null,null,3.75,6.25,8.75,180,null
"2025-12-02T23:19:57.000Z",null,null,4.25,6,8.25,180,null
"2025-12-02T23:24:00.000Z",null,null,2.5,6.5,9.75,180,null
"2025-12-02T23:28:00.000Z",null,null,3.5,7,9.75,180,null
"2025-12-02T23:32:00.000Z",null,null,5.25,7.75,9.5,180,null
"2025-12-02T23:36:05.000Z",null,null,4.25,7.5,9.75,180,null
"2025-12-02T23:40:05.000Z",null,null,6.5,9.5,12.5,180,null
"2025-12-02T23:44:05.000Z",null,null,5.5,8,12,157.5,null
"2025-12-02T23:48:09.000Z",null,null,3.5,6.25,11,157.5,null
"2025-12-02T23:52:09.000Z",null,null,2,6,9,180,null
"2025-12-02T23:56:09.000Z",null,null,2.75,6.25,9,157.5,null
"2025-12-03T00:00:13.000Z",null,null,3.75,6.75,11,157.5,null
"2025-12-03T00:04:13.000Z",null,null,3.5,5.5,7.25,157.5,null
"2025-12-03T00:08:13.000Z",null,null,4.5,7.25,9.75,157.5,null
"2025-12-03T00:12:17.000Z",null,null,3.25,5,9.75,157.5,null
"2025-12-03T00:16:17.000Z",null,null,2,4.25,7.75,157.5,null
"2025-12-03T00:20:17.000Z",null,null,2,4,6.5,157.5,null
"2025-12-03T00:24:21.000Z",null,null,1.5,2.75,4.25,157.5,null
"2025-12-03T00:28:21.000Z",null,null,1.75,3.5,5.5,157.5,null
"2025-12-03T00:32:21.000Z",null,null,2,4,5.5,157.5,null
"2025-12-03T00:36:25.000Z",null,null,2.5,5.25,7.75,180,null
"2025-12-03T00:40:25.000Z",null,null,0,3,6.25,180,null
"2025-12-03T00:44:25.000Z",null,null,1.75,3.5,7.75,180,null
"2025-12-03T00:48:29.000Z",null,null,1.75,5.25,9.75,157.5,null
"2025-12-03T00:52:29.000Z",null,null,3.5,7.5,11.5,180,null
"2025-12-03T00:56:29.000Z",null,null,3.75,7,12,157.5,null
"2025-12-03T01:00:33.000Z",null,null,5.25,8.5,13,157.5,null
"2025-12-03T01:04:33.000Z",null,null,3.25,5.75,8.75,135,null
"2025-12-03T01:08:33.000Z",null,null,3.5,5.25,8.75,135,null
"2025-12-03T01:12:37.000Z",null,null,1,5,9.5,112.5,null
"2025-12-03T01:16:37.000Z",null,null,1.5,5.5,8,135,null
"2025-12-03T01:20:37.000Z",null,null,0.75,3.25,7,135,null
"2025-12-03T01:24:41.000Z",null,null,3.25,5.25,8,135,null
"2025-12-03T01:28:41.000Z",null,null,2,5.25,9,135,null
"2025-12-03T01:32:41.000Z",null,null,2,4.75,8.25,135,null
"2025-12-03T01:36:45.000Z",null,null,2.5,6,11,135,null
"2025-12-03T01:40:45.000Z",null,null,1.75,5.75,10.5,112.5,null
"2025-12-03T01:44:45.000Z",null,null,1.5,5.5,13,112.5,null
"2025-12-03T01:48:50.000Z",null,null,2,6.5,14,112.5,null
"2025-12-03T01:52:50.000Z",null,null,2.75,8.25,14.5,112.5,null
"2025-12-03T01:56:50.000Z",null,null,2.5,6,11.5,112.5,null
"2025-12-03T02:00:53.000Z",null,null,2.75,7,13.5,112.5,null
"2025-12-03T02:04:53.000Z",null,null,1.75,6.5,12,90,null
"2025-12-03T02:08:53.000Z",null,null,2.75,6.5,10.5,90,null
"2025-12-03T02:12:57.000Z",null,null,2.75,5,8.75,90,null
"2025-12-03T02:16:57.000Z",null,null,1.75,5,10.5,90,null
"2025-12-03T02:20:57.000Z",null,null,1.75,4.5,7,90,null
"2025-12-03T02:25:01.000Z",null,null,0.75,5,9,90,null
"2025-12-03T02:29:01.000Z",null,null,1.5,4.5,7.75,112.5,null
"2025-12-03T02:33:01.000Z",null,null,3.25,5.25,9.5,90,null
"2025-12-03T02:37:06.000Z",null,null,1.75,5,10,90,null
"2025-12-03T02:41:06.000Z",null,null,0.25,3.25,6.5,90,null
"2025-12-03T02:45:06.000Z",null,null,1.5,4.25,6.5,67.5,null
"2025-12-03T02:49:09.000Z",null,null,2.75,4.25,6,67.5,null
"2025-12-03T02:53:09.000Z",null,null,1.75,3.5,5.5,67.5,null
"2025-12-03T02:57:09.000Z",null,null,0.25,2.25,3.75,90,null
"2025-12-03T03:01:14.000Z",null,null,0.75,1.75,3.25,90,null
"2025-12-03T03:05:14.000Z",null,null,0,0.75,2,112.5,null
"2025-12-03T03:09:14.000Z",null,null,0,3,4.5,67.5,null
"2025-12-03T03:13:18.000Z",null,null,1.5,2.5,3.75,90,null
"2025-12-03T03:17:18.000Z",null,null,1,2.75,4.5,90,null
"2025-12-03T03:21:18.000Z",null,null,0.25,1.75,3.25,90,null
"2025-12-03T03:25:22.000Z",null,null,1,4.25,6.5,90,null
"2025-12-03T03:29:22.000Z",null,null,1.75,2.75,4.5,90,null
"2025-12-03T03:33:22.000Z",null,null,1,3.5,6.5,67.5,null
"2025-12-03T03:37:26.000Z",null,null,1,3.75,6,90,null
"2025-12-03T03:41:26.000Z",null,null,0,2.25,4.25,112.5,null
"2025-12-03T03:45:26.000Z",null,null,0.75,3.25,6.25,90,null
"2025-12-03T03:49:29.000Z",null,null,0.25,2,4.25,90,null
"2025-12-03T03:53:29.000Z",null,null,1,2.75,4.5,90,null
"2025-12-03T03:57:29.000Z",null,null,1.75,3.25,5.5,90,null
"2025-12-03T04:01:34.000Z",null,null,2.5,4.75,7.75,90,null
"2025-12-03T04:05:34.000Z",null,null,2,4,6.25,67.5,null
"2025-12-03T04:09:34.000Z",null,null,1,3.5,6.25,67.5,null
"2025-12-03T04:13:38.000Z",null,null,0,1,4.25,90,null
"2025-12-03T04:17:38.000Z",null,null,0,0.25,1.5,90,null
"2025-12-03T04:21:38.000Z",null,null,0,0.25,1.5,112.5,null
"2025-12-03T04:25:42.000Z",null,null,0,0,0,112.5,null
"2025-12-03T04:29:42.000Z",null,null,0,0,0,112.5,null
"2025-12-03T04:33:42.000Z",null,null,0,0,0,112.5,null
"2025-12-03T04:37:46.000Z",null,null,0,0,0,135,null
"2025-12-03T04:41:46.000Z",null,null,0,0,0,112.5,null
"2025-12-03T04:45:46.000Z",null,null,0,0,0,90,null
"2025-12-03T04:49:50.000Z",null,null,0,1.5,2.5,90,null
"2025-12-03T04:53:50.000Z",null,null,0,1,2.75,135,null
"2025-12-03T04:57:50.000Z",null,null,1.75,2.25,3.5,135,null
"2025-12-03T05:01:54.000Z",null,null,0.75,2,3.75,135,null
"2025-12-03T05:05:54.000Z",null,null,0.75,1.75,2.75,135,null
"2025-12-03T05:09:54.000Z",null,null,0,1,2.5,112.5,null
"2025-12-03T05:13:58.000Z",null,null,0,0.75,1.75,135,null
"2025-12-03T05:17:58.000Z",null,null,0.25,1.25,2,90,null
"2025-12-03T05:21:58.000Z",null,null,0,1.75,2.75,90,null
"2025-12-03T05:26:02.000Z",null,null,0,0,0.75,112.5,null
"2025-12-03T05:30:02.000Z",null,null,0,0,0,112.5,null
"2025-12-03T05:34:02.000Z",null,null,0,0,0,135,null
"2025-12-03T05:38:07.000Z",null,null,0,1,2.75,180,null
"2025-12-03T05:42:07.000Z",null,null,0,1.75,3.5,157.5,null
"2025-12-03T05:46:07.000Z",null,null,0,0,0,112.5,null
"2025-12-03T05:50:10.000Z",null,null,0,0.25,3.25,90,null
"2025-12-03T05:54:10.000Z",null,null,1.75,4.25,7.25,67.5,null
"2025-12-03T05:58:10.000Z",null,null,3.25,5.75,9.75,67.5,null
"2025-12-03T06:02:15.000Z",null,null,3.25,5.5,8.75,67.5,null
"2025-12-03T06:06:15.000Z",null,null,2,4,6.5,67.5,null
"2025-12-03T06:10:15.000Z",null,null,1.5,4.5,8,67.5,null
"2025-12-03T06:14:19.000Z",null,null,1.75,4.5,7.25,67.5,null
"2025-12-03T06:18:19.000Z",null,null,3.75,5.5,8.25,45,null
"2025-12-03T06:22:19.000Z",null,null,3.25,5.5,7.75,45,null
"2025-12-03T06:26:23.000Z",null,null,2.75,5,9.5,67.5,null
"2025-12-03T06:30:23.000Z",null,null,2.75,6.75,13.5,45,null
"2025-12-03T06:34:23.000Z",null,null,2.5,5,8,45,null
"2025-12-03T06:38:27.000Z",null,null,1.75,5.75,9.5,67.5,null
"2025-12-03T06:42:27.000Z",null,null,3.75,6.5,9,67.5,null
"2025-12-03T06:46:27.000Z",null,null,3.25,5.75,9.75,45,null
"2025-12-03T06:50:31.000Z",null,null,2.5,5.75,9.75,45,null
"2025-12-03T06:54:31.000Z",null,null,3.25,6.75,10.5,67.5,null
"2025-12-03T06:58:31.000Z",null,null,2.5,4.75,7.25,45,null
"2025-12-03T07:02:35.000Z",null,null,2,4.25,6.5,67.5,null
"2025-12-03T07:06:35.000Z",null,null,2.5,3.75,6.25,67.5,null
"2025-12-03T07:10:35.000Z",null,null,2.5,4.25,7.25,67.5,null
"2025-12-03T07:14:39.000Z",null,null,2,3.5,5.5,67.5,null
"2025-12-03T07:18:39.000Z",null,null,1.75,3.5,6.5,67.5,null
"2025-12-03T07:22:39.000Z",null,null,2,3.5,6,67.5,null
"2025-12-03T07:26:42.000Z",null,null,2.5,4.75,7.25,67.5,null
"2025-12-03T07:30:42.000Z",null,null,3.25,5.5,8.25,67.5,null
"2025-12-03T07:34:42.000Z",null,null,3.5,6.75,10,67.5,null
"2025-12-03T07:38:47.000Z",null,null,2,5.75,9.75,67.5,null
"2025-12-03T07:42:47.000Z",null,null,0,2.25,5.5,67.5,null
"2025-12-03T07:46:47.000Z",null,null,0,0.5,3.25,67.5,null
"2025-12-03T07:50:51.000Z",null,null,1,2.75,6.25,67.5,null
"2025-12-03T07:54:51.000Z",null,null,0.25,3,5.5,90,null
"2025-12-03T07:58:51.000Z",null,null,2.75,4.75,6.25,90,null
"2025-12-03T08:02:55.000Z",null,null,4.25,6,8.75,90,null
"2025-12-03T08:06:55.000Z",null,null,0,2.25,6.5,90,null
"2025-12-03T08:10:55.000Z",null,null,0.75,3.75,7,90,null
"2025-12-03T08:14:59.000Z",null,null,1.75,5,8.25,90,null
"2025-12-03T08:18:59.000Z",null,null,2,5,8.75,90,null
"2025-12-03T08:22:59.000Z",null,null,1.75,4.25,7,90,null
"2025-12-03T08:27:03.000Z",null,null,1.75,4,5.5,67.5,null
"2025-12-03T08:31:03.000Z",null,null,0.75,2.75,5.5,112.5,null
"2025-12-03T08:35:03.000Z",null,null,1.75,3,4.5,90,null
"2025-12-03T08:39:07.000Z",null,null,0,0.75,3.5,67.5,null
"2025-12-03T08:43:07.000Z",null,null,0,0,1,135,null
"2025-12-03T08:47:07.000Z",null,null,0,3.25,4.75,112.5,null
"2025-12-03T08:51:12.000Z",null,null,2,3.25,4.75,112.5,null
"2025-12-03T08:55:12.000Z",null,null,2.5,4.25,6.25,90,null
"2025-12-03T08:59:12.000Z",null,null,1.75,4.5,6.5,90,null
"2025-12-03T09:03:16.000Z",null,null,0.75,2.25,4,45,null
"2025-12-03T09:07:16.000Z",null,null,0,0.75,2.75,90,null
"2025-12-03T09:11:16.000Z",null,null,0,1.25,3.25,67.5,null
"2025-12-03T09:15:19.000Z",null,null,0,0,1,67.5,null
"2025-12-03T09:19:19.000Z",null,null,0.75,2.5,4.75,45,null
"2025-12-03T09:23:19.000Z",null,null,1.75,4.75,7.75,45,null
"2025-12-03T09:27:23.000Z",null,null,3.5,6,9.5,22.5,null
"2025-12-03T09:31:23.000Z",null,null,5.25,7.5,9.5,0,null
"2025-12-03T09:35:23.000Z",null,null,7.25,9.25,11,0,null
"2025-12-03T09:39:27.000Z",null,null,7,9,11,0,null
"2025-12-03T09:43:27.000Z",null,null,7,9.25,12,0,null
"2025-12-03T09:47:27.000Z",null,null,5.5,8.25,9.75,0,null
"2025-12-03T09:51:31.000Z",null,null,4.75,7.5,9.5,0,null
"2025-12-03T09:55:31.000Z",null,null,6.25,9.5,12,0,null
"2025-12-03T09:59:31.000Z",null,null,7,9.75,12,0,null
"2025-12-03T10:03:36.000Z",null,null,6.25,8.25,10,0,null
"2025-12-03T10:07:36.000Z",null,null,5.25,7.5,11,0,null
"2025-12-03T10:11:36.000Z",null,null,6,8.5,11,0,null
"2025-12-03T10:15:40.000Z",null,null,7.75,9.5,12,0,null
"2025-12-03T10:19:40.000Z",null,null,7,10,12.5,0,null
"2025-12-03T10:23:40.000Z",null,null,8,11,12.5,0,null
"2025-12-03T10:27:43.000Z",null,null,6.5,10,12,0,null
"2025-12-03T10:31:43.000Z",null,null,6,8.25,10,0,null
"2025-12-03T10:35:43.000Z",null,null,7.25,9.75,12.5,22.5,null
"2025-12-03T10:39:48.000Z",null,null,7,9.5,11.5,22.5,null
"2025-12-03T10:43:48.000Z",null,null,4.25,7.25,10,22.5,null
"2025-12-03T10:47:48.000Z",null,null,4.5,7,10,22.5,null
"2025-12-03T10:51:52.000Z",null,null,6,8,9.75,0,null
"2025-12-03T10:55:52.000Z",null,null,7,8.75,11,0,null
"2025-12-03T10:59:52.000Z",null,null,7.25,8.75,10.5,337.5,null
"2025-12-03T11:03:56.000Z",null,null,7,9.25,10.5,0,null
"2025-12-03T11:07:56.000Z",null,null,7.75,9,10,0,null
"2025-12-03T11:11:56.000Z",null,null,8.25,9.5,11,0,null
"2025-12-03T11:16:00.000Z",null,null,7,9,10,0,null
"2025-12-03T11:20:00.000Z",null,null,6.5,9.25,11,0,null
"2025-12-03T11:24:00.000Z",null,null,8,9.25,10.5,337.5,null
"2025-12-03T11:28:04.000Z",null,null,6,7.75,10,337.5,null
"2025-12-03T11:32:04.000Z",null,null,5.25,6.5,8,337.5,null
"2025-12-03T11:36:04.000Z",null,null,4.25,6.5,9.5,0,null
"2025-12-03T11:40:08.000Z",null,null,5.25,7.25,10.5,0,null
"2025-12-03T11:44:08.000Z",null,null,5.5,7.75,10.5,0,null
"2025-12-03T11:48:08.000Z",null,null,6.5,7.75,9.5,0,null
"2025-12-03T11:52:12.000Z",null,null,5.5,8.25,10,337.5,null
"2025-12-03T11:56:12.000Z",null,null,6.25,8.5,10,337.5,null
"2025-12-03T12:00:12.000Z",null,null,6.5,9,10.5,337.5,null
"2025-12-03T12:04:16.000Z",null,null,7.25,9.5,11,337.5,null
"2025-12-03T12:08:16.000Z",null,null,8,9.5,11.5,337.5,null
"2025-12-03T12:12:16.000Z",null,null,7.25,9,10,337.5,null
"2025-12-03T12:16:21.000Z",null,null,8,10,12.5,337.5,null
"2025-12-03T12:20:21.000Z",null,null,7,9,12,337.5,null
"2025-12-03T12:24:21.000Z",null,null,7.75,9.75,12,337.5,null
"2025-12-03T12:28:25.000Z",null,null,8,10,11.5,337.5,null
"2025-12-03T12:32:25.000Z",null,null,8,9.75,12,337.5,null
"2025-12-03T12:36:25.000Z",null,null,8.25,10.5,12,337.5,null
"2025-12-03T12:40:28.000Z",null,null,9.5,11.5,13.5,337.5,null
"2025-12-03T12:44:28.000Z",null,null,7.25,10.5,13,0,null
"2025-12-03T12:48:28.000Z",null,null,7.75,10.5,13,0,null
"2025-12-03T12:52:32.000Z",null,null,9,10.5,13,0,null
"2025-12-03T12:56:32.000Z",null,null,8.25,10.5,13.5,0,null
"2025-12-03T13:00:32.000Z",null,null,8,10.5,12.5,0,null
"2025-12-03T13:04:37.000Z",null,null,9,10.5,12,0,null
"2025-12-03T13:08:37.000Z",null,null,8.75,11,13,0,null
"2025-12-03T13:12:37.000Z",null,null,9,11,13,0,null
"2025-12-03T13:16:40.000Z",null,null,9.5,11.5,13,0,null
"2025-12-03T13:20:40.000Z",null,null,8,10.5,12,0,null
"2025-12-03T13:24:40.000Z",null,null,8,10.5,13,0,null
"2025-12-03T13:28:45.000Z",null,null,8.75,10.5,13,0,null
"2025-12-03T13:32:45.000Z",null,null,8.25,10.5,12.5,0,null
"2025-12-03T13:36:45.000Z",null,null,8.75,10.5,12,0,null
"2025-12-03T13:55:44.000Z",null,null,4.5,7,8.75,0,null
"2025-12-03T13:59:44.000Z",null,null,4.25,6.75,8.75,0,null
"2025-12-03T14:03:44.000Z",null,null,5.5,7.5,9.75,0,null
"2025-12-03T14:07:47.000Z",null,null,6,8.5,9.75,0,null
"2025-12-03T14:11:47.000Z",null,null,5.5,8,9.75,0,null
"2025-12-03T14:15:47.000Z",null,null,6,8,9.75,0,null
"2025-12-03T14:19:52.000Z",null,null,6.5,8,9,0,null
"2025-12-03T14:23:52.000Z",null,null,5.5,7,9.5,0,null
"2025-12-03T14:27:52.000Z",null,null,5.25,7.25,9,0,null
"2025-12-03T14:31:55.000Z",null,null,4.75,6.5,8.25,0,null
"2025-12-03T14:35:55.000Z",null,null,4.75,6.75,8.75,0,null
"2025-12-03T14:39:55.000Z",null,null,4.75,6.5,8.25,0,null
"2025-12-03T14:45:45.000Z",null,null,6,7.25,8.75,0,null
"2025-12-03T14:49:45.000Z",null,null,1.5,7,9.5,0,null
"2025-12-03T14:53:45.000Z",null,null,4.25,6.25,8,0,null
"2025-12-03T14:57:49.000Z",null,null,5.25,7.25,8.75,0,null
"2025-12-03T15:01:49.000Z",null,null,4.75,6.5,9,0,null
"2025-12-03T15:05:49.000Z",null,null,4.25,6.5,8.75,0,null
"2025-12-03T15:09:53.000Z",null,null,5.5,7,8.75,0,null
"2025-12-03T15:13:53.000Z",null,null,5.5,7.25,9,0,null
"2025-12-03T15:17:53.000Z",null,null,5.5,7.25,8.75,337.5,null
"2025-12-03T15:21:58.000Z",null,null,6,8,9.75,337.5,null
"2025-12-03T15:25:58.000Z",null,null,5.25,7.25,9,337.5,null
"2025-12-03T15:29:58.000Z",null,null,6.5,8.25,9.75,337.5,null
"2025-12-03T15:34:01.000Z",null,null,6.5,8.25,11,337.5,null
"2025-12-03T15:38:01.000Z",null,null,6,8,10,337.5,null
"2025-12-03T15:42:01.000Z",null,null,6.25,9,10.5,337.5,null
"2025-12-03T15:46:05.000Z",null,null,6,7.75,9.5,337.5,null
"2025-12-03T15:50:05.000Z",null,null,6.25,8,10,337.5,null
"2025-12-03T15:54:05.000Z",null,null,6.5,7.75,9.75,337.5,null
"2025-12-03T15:58:10.000Z",null,null,5.25,7.5,9,337.5,null
"2025-12-03T16:02:10.000Z",null,null,6.5,7.75,9.5,0,null
"2025-12-03T16:06:10.000Z",null,null,5.5,7,9.5,0,null
"2025-12-03T16:10:13.000Z",null,null,4.5,6.25,8.75,0,null
"2025-12-03T16:14:13.000Z",null,null,5.25,6.75,9,0,null
"2025-12-03T16:18:13.000Z",null,null,3.75,6.25,9,0,null
"2025-12-03T16:22:17.000Z",null,null,2.75,4.5,6.5,22.5,null
"2025-12-03T16:26:17.000Z",null,null,3.75,5.5,7,22.5,null
"2025-12-03T16:30:17.000Z",null,null,1.75,4,6.5,22.5,null
"2025-12-03T16:34:21.000Z",null,null,1.75,3.75,6.75,45,null
"2025-12-03T16:38:21.000Z",null,null,2,4,6,22.5,null
"2025-12-03T16:42:21.000Z",null,null,3.25,5.25,7.75,22.5,null
"2025-12-03T16:46:26.000Z",null,null,4.25,6.25,8,0,null
"2025-12-03T16:50:26.000Z",null,null,4.75,6.5,7.75,22.5,null
"2025-12-03T16:54:26.000Z",null,null,4.5,6.25,8,22.5,null
"2025-12-03T16:58:30.000Z",null,null,1.5,3.75,6.75,22.5,null
"2025-12-03T17:02:30.000Z",null,null,0,2,4.5,45,null
"2025-12-03T17:06:30.000Z",null,null,1.5,3,4.5,45,null
"2025-12-03T17:10:34.000Z",null,null,1,2.5,4,45,null
"2025-12-03T17:14:34.000Z",null,null,1.75,3,4.5,45,null
"2025-12-03T17:18:34.000Z",null,null,1,2.75,4.25,45,null
"2025-12-03T17:22:38.000Z",null,null,0.75,2.5,4.75,45,null
"2025-12-03T17:26:38.000Z",null,null,2.5,3.75,6.25,45,null
"2025-12-03T17:30:38.000Z",null,null,1.5,3,4.5,22.5,null
"2025-12-03T17:34:42.000Z",null,null,1.5,3.25,4.75,45,null
"2025-12-03T17:38:42.000Z",null,null,0.75,1.75,3.25,45,null
"2025-12-03T17:42:42.000Z",null,null,0.75,1.75,3.5,45,null
"2025-12-03T17:46:46.000Z",null,null,1,2,3.75,67.5,null
"2025-12-03T17:50:46.000Z",null,null,0.75,2.5,3.75,45,null
"2025-12-03T17:54:46.000Z",null,null,0.75,2,3.75,45,null
"2025-12-03T17:58:50.000Z",null,null,2,2.75,3.75,67.5,null
"2025-12-03T18:02:50.000Z",null,null,1.75,2.75,3.75,67.5,null
"2025-12-03T18:06:50.000Z",null,null,2,3.25,4.5,67.5,null
"2025-12-03T18:10:54.000Z",null,null,1.75,2.5,3.25,67.5,null
"2025-12-03T18:14:54.000Z",null,null,0.25,1.5,2.5,67.5,null
"2025-12-03T18:18:54.000Z",null,null,0,1.5,2.75,45,null
"2025-12-03T18:22:58.000Z",null,null,1,1.75,3.25,45,null
"2025-12-03T18:26:58.000Z",null,null,0.25,1.25,2.5,45,null
"2025-12-03T18:30:58.000Z",null,null,0,1.25,3.25,67.5,null
"2025-12-03T18:35:03.000Z",null,null,1.5,2.25,3.75,45,null
"2025-12-03T18:39:03.000Z",null,null,1,3,4.5,45,null
"2025-12-03T18:43:03.000Z",null,null,1.5,2.75,3.75,67.5,null
"2025-12-03T18:47:07.000Z",null,null,0,1.5,2.75,67.5,null
"2025-12-03T18:51:07.000Z",null,null,0,0.25,2,22.5,null
"2025-12-03T18:55:07.000Z",null,null,1,2,3.25,22.5,null
"2025-12-03T18:59:10.000Z",null,null,1.5,2.25,3.25,22.5,null
"2025-12-03T19:03:10.000Z",null,null,1,1.75,2.75,45,null
"2025-12-03T19:07:10.000Z",null,null,1,2.25,3.75,45,null
"2025-12-03T19:11:15.000Z",null,null,1.75,3,4.25,45,null
"2025-12-03T19:15:15.000Z",null,null,0.25,2.5,4.5,67.5,null
"2025-12-03T19:19:15.000Z",null,null,1,2,2.75,90,null
"2025-12-03T19:23:18.000Z",null,null,0.25,1.5,2.75,90,null
"2025-12-03T19:27:18.000Z",null,null,0.25,1,2,90,null
"2025-12-03T19:31:18.000Z",null,null,0.75,1.5,2,90,null
"2025-12-03T19:35:23.000Z",null,null,0.25,1.5,2.25,90,null
"2025-12-03T19:39:23.000Z",null,null,0,0.5,2,90,null
"2025-12-03T19:43:23.000Z",null,null,1,1.75,2.5,90,null
"2025-12-03T19:47:27.000Z",null,null,1.75,2.25,2.75,90,null
"2025-12-03T19:51:27.000Z",null,null,1,1.75,2.5,90,null
"2025-12-03T19:55:27.000Z",null,null,0.25,1.5,2.5,90,null
"2025-12-03T19:59:30.000Z",null,null,1.75,2.25,3.25,90,null
"2025-12-03T20:03:30.000Z",null,null,1.5,2.5,3.75,90,null
"2025-12-03T20:07:30.000Z",null,null,1,1.75,2.5,90,null
"2025-12-03T20:11:35.000Z",null,null,0,1.25,2.5,90,null
"2025-12-03T20:15:35.000Z",null,null,0,0,1.5,67.5,null
"2025-12-03T20:19:35.000Z",null,null,0,1,2.5,67.5,null
"2025-12-03T20:23:39.000Z",null,null,1.5,2.5,3.5,67.5,null
"2025-12-03T20:27:39.000Z",null,null,0.75,2,3.25,67.5,null
"2025-12-03T20:31:39.000Z",null,null,1,2,2.75,67.5,null
"2025-12-03T20:35:43.000Z",null,null,1.75,2.25,3.5,67.5,null
"2025-12-03T20:39:43.000Z",null,null,2,3,3.75,90,null
"2025-12-03T20:43:43.000Z",null,null,1.5,2.25,2.75,112.5,null
"2025-12-03T20:47:47.000Z",null,null,1.75,2.5,3.5,112.5,null
"2025-12-03T20:51:47.000Z",null,null,1.75,2.25,3.25,135,null
"2025-12-03T20:55:47.000Z",null,null,1.5,2.25,3.25,135,null
"2025-12-03T20:59:51.000Z",null,null,1.5,1.75,2.75,112.5,null
"2025-12-03T21:03:51.000Z",null,null,1,2,2.75,112.5,null
"2025-12-03T21:07:51.000Z",null,null,1,2,3.5,112.5,null
"2025-12-03T21:11:55.000Z",null,null,1.75,3.75,5.25,90,null
"2025-12-03T21:15:55.000Z",null,null,2.5,4,6.25,67.5,null
"2025-12-03T21:19:55.000Z",null,null,1.5,3.5,5.25,90,null
"2025-12-03T21:23:58.000Z",null,null,0.75,2.25,4,90,null
"2025-12-03T21:27:58.000Z",null,null,1,2,3.5,90,null
"2025-12-03T21:31:58.000Z",null,null,0.25,1.75,3.5,67.5,null
"2025-12-03T21:36:03.000Z",null,null,0,1,2.75,90,null
"2025-12-03T21:40:03.000Z",null,null,0,0.25,1.75,90,null
"2025-12-03T21:44:03.000Z",null,null,0,0,0,90,null
"2025-12-03T21:48:07.000Z",null,null,0,0,0,90,null
"2025-12-03T21:52:07.000Z",null,null,0,0,0,90,null
"2025-12-03T21:56:07.000Z",null,null,0,1,2.75,90,null
"2025-12-03T22:00:11.000Z",null,null,2.5,2.75,3.5,112.5,null
"2025-12-03T22:04:11.000Z",null,null,2,2.5,3.25,112.5,null
"2025-12-03T22:08:11.000Z",null,null,1,2.25,3.5,112.5,null
"2025-12-03T22:12:16.000Z",null,null,0,1.25,3.5,90,null
"2025-12-03T22:16:16.000Z",null,null,1,1.75,3.25,67.5,null
"2025-12-03T22:20:16.000Z",null,null,2,3.25,4.5,67.5,null
"2025-12-03T22:24:19.000Z",null,null,1.5,2.75,4.25,90,null
"2025-12-03T22:28:19.000Z",null,null,1,2,2.75,90,null
"2025-12-03T22:32:19.000Z",null,null,0.75,1.5,2.5,90,null
"2025-12-03T22:36:23.000Z",null,null,1,1.75,2.75,90,null
"2025-12-03T22:40:23.000Z",null,null,0.75,1.75,3.25,67.5,null
"2025-12-03T22:44:23.000Z",null,null,0.25,2.5,3.75,67.5,null
"2025-12-03T22:48:28.000Z",null,null,0.75,1.75,2.75,67.5,null
"2025-12-03T22:52:28.000Z",null,null,1,1.75,2.5,67.5,null
"2025-12-03T22:56:28.000Z",null,null,0.25,1.5,2.5,67.5,null
"2025-12-03T23:00:32.000Z",null,null,0.25,1.5,2.5,67.5,null
"2025-12-03T23:04:32.000Z",null,null,0,0.25,1.5,90,null
"2025-12-03T23:08:32.000Z",null,null,0,0,0,90,null
"2025-12-03T23:12:36.000Z",null,null,0,0,0,90,null
"2025-12-03T23:16:36.000Z",null,null,0,0,0,90,null
"2025-12-03T23:20:36.000Z",null,null,0,0,0,90,null
"2025-12-03T23:24:39.000Z",null,null,0,0,0,90,null
"2025-12-03T23:28:39.000Z",null,null,0,0,0,90,null
"2025-12-03T23:32:39.000Z",null,null,0,0,0,90,null
"2025-12-03T23:36:44.000Z",null,null,0,0,0,90,null
"2025-12-03T23:40:44.000Z",null,null,0,0,0,90,null
"2025-12-03T23:44:44.000Z",null,null,0,0,0.75,67.5,null
"2025-12-03T23:48:48.000Z",null,null,0.25,1.25,2,67.5,null
"2025-12-03T23:52:48.000Z",null,null,0,0.5,1.75,90,null
"2025-12-03T23:56:48.000Z",null,null,0,0,1,90,null
"2025-12-04T00:00:52.000Z",null,null,0,0.5,1.5,67.5,null
"2025-12-04T00:04:52.000Z",null,null,0,0,0,90,null
"2025-12-04T00:08:52.000Z",null,null,0,0,0,90,null
"2025-12-04T00:12:56.000Z",null,null,0,0.75,1.75,112.5,null
"2025-12-04T00:16:56.000Z",null,null,0,0.25,1,112.5,null
"2025-12-04T00:20:56.000Z",null,null,0,0,0,112.5,null
"2025-12-04T00:24:59.000Z",null,null,0,0.25,2,45,null
"2025-12-04T00:28:59.000Z",null,null,1,2,2.75,45,null
"2025-12-04T00:32:59.000Z",null,null,0.25,1.75,2.75,45,null
"2025-12-04T00:37:04.000Z",null,null,0,0.75,1.75,45,null
"2025-12-04T00:41:04.000Z",null,null,0,0.25,1,67.5,null
"2025-12-04T00:45:04.000Z",null,null,0,0,0,90,null
"2025-12-04T00:49:08.000Z",null,null,0,0,0,90,null
"2025-12-04T00:53:08.000Z",null,null,0,0,0,112.5,null
"2025-12-04T00:57:08.000Z",null,null,0,0,0,112.5,null
"2025-12-04T01:01:12.000Z",null,null,0,0,0,112.5,null
"2025-12-04T01:05:12.000Z",null,null,0,1.5,2.75,112.5,null
"2025-12-04T01:09:12.000Z",null,null,0.75,2,2.75,112.5,null
"2025-12-04T01:13:16.000Z",null,null,1,2,3.25,112.5,null
"2025-12-04T01:17:16.000Z",null,null,0.25,1.5,2.75,90,null
"2025-12-04T01:21:16.000Z",null,null,0.75,1.75,2.75,90,null
"2025-12-04T01:25:20.000Z",null,null,1,1.75,2.75,90,null
"2025-12-04T01:29:20.000Z",null,null,1.5,2,2.75,112.5,null
"2025-12-04T01:33:20.000Z",null,null,0.75,1.75,2.5,112.5,null
"2025-12-04T01:37:24.000Z",null,null,0,0.25,1.75,112.5,null
"2025-12-04T01:41:24.000Z",null,null,0,1,2,112.5,null
"2025-12-04T01:45:24.000Z",null,null,0.25,1.25,2,112.5,null
"2025-12-04T01:49:28.000Z",null,null,0,1,3.5,112.5,null
"2025-12-04T01:53:28.000Z",null,null,1.75,2.75,4.25,90,null
"2025-12-04T01:57:28.000Z",null,null,2.5,4,5.25,90,null
"2025-12-04T02:01:32.000Z",null,null,2.5,4.25,6,90,null
"2025-12-04T02:05:32.000Z",null,null,2.5,4,5.5,90,null
"2025-12-04T02:09:32.000Z",null,null,0,1.75,3.5,90,null
"2025-12-04T02:13:36.000Z",null,null,1,2.25,3.5,67.5,null
"2025-12-04T02:17:36.000Z",null,null,0.75,2,4.25,90,null
"2025-12-04T02:21:36.000Z",null,null,0,1.25,2.5,112.5,null
"2025-12-04T02:25:40.000Z",null,null,1.75,2.75,3.75,90,null
"2025-12-04T02:29:40.000Z",null,null,1,2,3.5,90,null
"2025-12-04T02:33:40.000Z",null,null,0.25,1.75,3.25,112.5,null
"2025-12-04T02:37:45.000Z",null,null,1.75,2.75,3.5,112.5,null
"2025-12-04T02:41:45.000Z",null,null,1,2.5,3.5,112.5,null
"2025-12-04T02:45:45.000Z",null,null,1,2.25,3.5,112.5,null
"2025-12-04T02:49:48.000Z",null,null,0.75,2.25,3.75,112.5,null
"2025-12-04T02:53:48.000Z",null,null,0.75,2,5.5,112.5,null
"2025-12-04T02:57:48.000Z",null,null,0.25,2.25,4.25,135,null
"2025-12-04T03:01:53.000Z",null,null,0.25,1.5,2.75,112.5,null
"2025-12-04T03:05:53.000Z",null,null,1.5,2.75,4.5,112.5,null
"2025-12-04T03:09:53.000Z",null,null,0,1.75,3.75,112.5,null
"2025-12-04T03:13:56.000Z",null,null,0.25,3,4.75,112.5,null
"2025-12-04T03:17:56.000Z",null,null,0.75,2.25,4.5,112.5,null
"2025-12-04T03:21:56.000Z",null,null,1,2.75,4.25,112.5,null
"2025-12-04T03:26:00.000Z",null,null,2.75,4,5.5,90,null
"2025-12-04T03:30:00.000Z",null,null,0,1.5,4.25,112.5,null
"2025-12-04T03:34:00.000Z",null,null,1,2.25,3.75,135,null
"2025-12-04T03:38:05.000Z",null,null,0.75,2,3.5,135,null
"2025-12-04T03:42:05.000Z",null,null,1.75,2.75,3.75,135,null
"2025-12-04T03:46:05.000Z",null,null,1.5,3,5.5,112.5,null
"2025-12-04T03:50:08.000Z",null,null,1.5,2.75,4.75,135,null
"2025-12-04T03:54:08.000Z",null,null,0,2.25,4.5,112.5,null
"2025-12-04T03:58:08.000Z",null,null,0,1.25,3.5,112.5,null
"2025-12-04T04:02:13.000Z",null,null,1,2,4.25,112.5,null
"2025-12-04T04:06:13.000Z",null,null,0,1.75,3.75,112.5,null
"2025-12-04T04:10:13.000Z",null,null,0.75,2,3.5,112.5,null
"2025-12-04T04:14:17.000Z",null,null,0.75,2.25,3.25,135,null
"2025-12-04T04:18:17.000Z",null,null,0.25,1.75,3.25,135,null
"2025-12-04T04:22:17.000Z",null,null,1,2.75,4.5,135,null
"2025-12-04T04:26:21.000Z",null,null,1.75,3.25,5.5,135,null
"2025-12-04T04:30:21.000Z",null,null,1.75,2.75,4.75,112.5,null
"2025-12-04T04:34:21.000Z",null,null,1,2.75,5.25,112.5,null
"2025-12-04T04:38:25.000Z",null,null,1,3.75,6.25,112.5,null
"2025-12-04T04:42:25.000Z",null,null,0.25,2.25,4.5,90,null
"2025-12-04T04:46:25.000Z",null,null,1,3.75,6.5,90,null
"2025-12-04T04:50:29.000Z",null,null,1.75,3.25,4.75,90,null
"2025-12-04T04:54:29.000Z",null,null,1,2.75,4.25,112.5,null
"2025-12-04T04:58:29.000Z",null,null,0.25,2.5,4.75,112.5,null
"2025-12-04T05:02:33.000Z",null,null,0.25,2.75,4.75,90,null
"2025-12-04T05:06:33.000Z",null,null,1.5,2.75,5.25,112.5,null
"2025-12-04T05:10:33.000Z",null,null,1,2.5,3.75,112.5,null
"2025-12-04T05:14:37.000Z",null,null,2,3.5,7,135,null
"2025-12-04T05:18:37.000Z",null,null,1,3.25,6.25,112.5,null
"2025-12-04T05:22:37.000Z",null,null,1,2.75,5.5,135,null
"2025-12-04T05:26:42.000Z",null,null,1,2.75,4.5,112.5,null
"2025-12-04T05:30:42.000Z",null,null,0.25,2.5,4.25,90,null
"2025-12-04T05:34:42.000Z",null,null,0.25,2,4.25,112.5,null
"2025-12-04T05:38:45.000Z",null,null,1.5,3.25,7.25,135,null
"2025-12-04T05:42:45.000Z",null,null,1,3,6.25,112.5,null
"2025-12-04T05:46:45.000Z",null,null,1,2.5,4.5,112.5,null
"2025-12-04T05:50:50.000Z",null,null,1.75,3,4.5,112.5,null
"2025-12-04T05:54:50.000Z",null,null,2,3.25,4.25,112.5,null
"2025-12-04T05:58:50.000Z",null,null,0.25,2,4.25,112.5,null
"2025-12-04T06:02:53.000Z",null,null,0.75,2.25,3.75,112.5,null
"2025-12-04T06:06:53.000Z",null,null,0.25,2.25,3.5,135,null
"2025-12-04T06:10:53.000Z",null,null,1,2.25,4.25,112.5,null
"2025-12-04T06:14:57.000Z",null,null,1.5,2.25,4.5,112.5,null
"2025-12-04T06:18:57.000Z",null,null,0.75,2.75,4.75,112.5,null
"2025-12-04T06:22:57.000Z",null,null,0.25,2.25,4.5,135,null
"2025-12-04T06:27:02.000Z",null,null,1.5,2.75,5.25,112.5,null
"2025-12-04T06:31:02.000Z",null,null,0.75,2.75,6,135,null
"2025-12-04T06:35:02.000Z",null,null,1,4.5,8.75,112.5,null
"2025-12-04T06:39:05.000Z",null,null,1.75,3.5,6,112.5,null
"2025-12-04T06:43:05.000Z",null,null,0.75,3.25,6.25,112.5,null
"2025-12-04T06:47:05.000Z",null,null,0.75,2.5,5.25,112.5,null
"2025-12-04T06:51:10.000Z",null,null,0.25,2.5,5.25,135,null
"2025-12-04T06:55:10.000Z",null,null,0,2,4.25,90,null
"2025-12-04T06:59:10.000Z",null,null,0,2.75,5.25,112.5,null
"2025-12-04T07:03:13.000Z",null,null,0,2.25,6,112.5,null
"2025-12-04T07:07:13.000Z",null,null,1.5,3.25,5.5,112.5,null
"2025-12-04T07:11:13.000Z",null,null,0.75,2.75,4.5,90,null
"2025-12-04T07:15:17.000Z",null,null,0,4,13,202.5,null
"2025-12-04T07:19:17.000Z",null,null,7,12.5,18.5,270,null
"2025-12-04T07:23:17.000Z",null,null,7.75,11.5,16.5,270,null
"2025-12-04T07:27:22.000Z",null,null,7.25,12,16.5,270,null
"2025-12-04T07:31:22.000Z",null,null,4.5,8.5,12.5,270,null
"2025-12-04T07:35:22.000Z",null,null,0,2.5,5.5,292.5,null
"2025-12-04T07:39:25.000Z",null,null,0,2,4.5,157.5,null
"2025-12-04T07:43:25.000Z",null,null,2,3.25,4.5,90,null
"2025-12-04T07:47:25.000Z",null,null,1.75,4.25,7.25,67.5,null
"2025-12-04T07:51:30.000Z",null,null,1.5,4,6,90,null
"2025-12-04T07:55:30.000Z",null,null,0,3.25,6,90,null
"2025-12-04T07:59:30.000Z",null,null,0,2,7,157.5,null
"2025-12-04T08:03:34.000Z",null,null,0,2.75,5.5,135,null
"2025-12-04T08:07:34.000Z",null,null,0.25,1.75,4.75,112.5,null
"2025-12-04T08:11:34.000Z",null,null,0.75,3,5.25,112.5,null
"2025-12-04T08:15:38.000Z",null,null,0,1.25,3.25,112.5,null
"2025-12-04T08:19:38.000Z",null,null,0.75,2.5,3.75,157.5,null
"2025-12-04T08:23:38.000Z",null,null,1.5,3.75,6.25,157.5,null
"2025-12-04T08:27:42.000Z",null,null,1,5.25,7.75,157.5,null
"2025-12-04T08:31:42.000Z",null,null,2.75,6.5,9.75,157.5,null
"2025-12-04T08:35:42.000Z",null,null,0.75,6,12,180,null
"2025-12-04T08:39:46.000Z",null,null,3.75,8,12,180,null
"2025-12-04T08:43:46.000Z",null,null,1.75,5.5,9,157.5,null
"2025-12-04T08:47:46.000Z",null,null,1,4.5,9,135,null
"2025-12-04T08:51:50.000Z",null,null,0.25,4.5,9.75,135,null
"2025-12-04T08:55:50.000Z",null,null,0.75,4.5,10.5,135,null
"2025-12-04T08:59:50.000Z",null,null,2.75,7,12,135,null
"2025-12-04T09:03:54.000Z",null,null,2.5,6.5,15.5,135,null
"2025-12-04T09:07:54.000Z",null,null,1.5,5.5,11,112.5,null
"2025-12-04T09:11:54.000Z",null,null,2,5.75,10,112.5,null
"2025-12-04T09:15:58.000Z",null,null,2,7,13,135,null
"2025-12-04T09:19:58.000Z",null,null,4.5,9,13,157.5,null
"2025-12-04T09:23:58.000Z",null,null,2,7.5,14,157.5,null
"2025-12-04T09:28:02.000Z",null,null,2.75,9.25,15.5,157.5,null
"2025-12-04T09:32:02.000Z",null,null,4.25,9.5,16.5,157.5,null
"2025-12-04T09:36:02.000Z",null,null,3.75,8.75,13.5,157.5,null
"2025-12-04T09:40:06.000Z",null,null,1.75,7,13,112.5,null
"2025-12-04T09:44:06.000Z",null,null,3.25,6.25,13,112.5,null
"2025-12-04T09:48:06.000Z",null,null,2,7,11.5,112.5,null
"2025-12-04T09:52:10.000Z",null,null,2.75,6.75,13.5,112.5,null
"2025-12-04T09:56:10.000Z",null,null,2.75,7.75,15,135,null
"2025-12-04T10:00:10.000Z",null,null,1.75,8.5,15.5,135,null
"2025-12-04T10:04:14.000Z",null,null,2,6.5,12,135,null
"2025-12-04T10:08:14.000Z",null,null,2.5,7.5,13.5,135,null
"2025-12-04T10:12:14.000Z",null,null,2.5,7,13,135,null
"2025-12-04T10:16:19.000Z",null,null,2.5,7.25,16.5,135,null
"2025-12-04T10:20:19.000Z",null,null,5.25,10,16.5,135,null
"2025-12-04T10:24:19.000Z",null,null,3.5,10.5,16.5,157.5,null
"2025-12-04T10:28:22.000Z",null,null,5.25,9.75,15.5,157.5,null
"2025-12-04T10:32:22.000Z",null,null,5.25,11,16.5,157.5,null
"2025-12-04T10:36:22.000Z",null,null,3.75,10,16,135,null
"2025-12-04T10:40:26.000Z",null,null,2,6.5,13,135,null
"2025-12-04T10:44:26.000Z",null,null,2.75,7,15.5,135,null
"2025-12-04T10:48:26.000Z",null,null,2.75,8.5,14.5,135,null
"2025-12-04T10:52:31.000Z",null,null,0.75,7,15,135,null
"2025-12-04T10:56:31.000Z",null,null,5.5,10.5,15,135,null
"2025-12-04T11:00:31.000Z",null,null,3.75,7.5,13.5,135,null
"2025-12-04T11:04:35.000Z",null,null,2.5,6.75,11.5,135,null
"2025-12-04T11:08:35.000Z",null,null,3.75,6.5,12,135,null
"2025-12-04T11:12:35.000Z",null,null,0.25,7.5,17,135,null
"2025-12-04T11:16:39.000Z",null,null,1,5.25,10.5,135,null
"2025-12-04T11:20:39.000Z",null,null,2,7,12,135,null
"2025-12-04T11:24:39.000Z",null,null,1.75,6.25,12,112.5,null
"2025-12-04T11:28:42.000Z",null,null,1.75,6,12,135,null
"2025-12-04T11:32:42.000Z",null,null,2.75,6.25,9.5,135,null
"2025-12-04T11:36:42.000Z",null,null,1.75,6.75,15.5,135,null
"2025-12-04T11:40:46.000Z",null,null,4.25,10,16.5,157.5,null
"2025-12-04T11:44:46.000Z",null,null,4.5,9.75,14.5,157.5,null
"2025-12-04T11:48:46.000Z",null,null,3.75,9.75,15.5,180,null
"2025-12-04T11:52:51.000Z",null,null,4.25,11.5,20,180,null
"2025-12-04T11:56:51.000Z",null,null,2,9.75,15.5,202.5,null
"2025-12-04T12:00:51.000Z",null,null,1.5,9.5,18,180,null
"2025-12-04T12:04:54.000Z",null,null,2.5,6.25,10,180,null
"2025-12-04T12:08:54.000Z",null,null,3.25,10,14.5,180,null
"2025-12-04T12:12:54.000Z",null,null,3.5,8.75,16,180,null
"2025-12-04T12:16:59.000Z",null,null,3.75,9.75,17,180,null
"2025-12-04T12:20:59.000Z",null,null,4.25,9,16,180,null
"2025-12-04T12:24:59.000Z",null,null,2.5,9,18,180,null
"2025-12-04T12:29:02.000Z",null,null,2,9.5,15.5,180,null
"2025-12-04T12:33:02.000Z",null,null,1,9,16,180,null
"2025-12-04T12:37:02.000Z",null,null,2.5,8.5,16,180,null
"2025-12-04T12:41:07.000Z",null,null,1.75,7.75,14.5,180,null
"2025-12-04T12:45:07.000Z",null,null,1,6.75,14,180,null
"2025-12-04T12:49:07.000Z",null,null,3.25,7,12,202.5,null
"2025-12-04T12:53:11.000Z",null,null,2.5,7.5,14.5,202.5,null
"2025-12-04T12:57:11.000Z",null,null,2.5,8,13.5,180,null
"2025-12-04T13:01:11.000Z",null,null,5.25,9.5,13,180,null
"2025-12-04T13:05:15.000Z",null,null,6,9.5,13,180,null
"2025-12-04T13:09:15.000Z",null,null,3.75,9.25,15.5,180,null
"2025-12-04T13:13:15.000Z",null,null,3.5,8.75,12,180,null
"2025-12-04T13:17:19.000Z",null,null,3.25,8.75,13,180,null
"2025-12-04T13:21:19.000Z",null,null,3.25,8.5,13,180,null
"2025-12-04T13:25:19.000Z",null,null,1.75,6.75,11,180,null
"2025-12-04T13:29:23.000Z",null,null,3.5,6.75,10.5,180,null
"2025-12-04T13:33:23.000Z",null,null,1,6.75,13,180,null
"2025-12-04T13:37:23.000Z",null,null,1.75,6,11.5,180,null
"2025-12-04T13:56:21.000Z",null,null,3.25,6.75,9.5,180,null
"2025-12-04T14:00:21.000Z",null,null,2.5,5,7.25,180,null
"2025-12-04T14:04:21.000Z",null,null,1,3.5,7,157.5,null
"2025-12-04T14:08:25.000Z",null,null,0.75,3,5.5,135,null
"2025-12-04T14:12:25.000Z",null,null,0,2,4.25,135,null
"2025-12-04T14:16:25.000Z",null,null,2.5,4.25,6,157.5,null
"2025-12-04T14:20:30.000Z",null,null,3.25,5.25,8,157.5,null
"2025-12-04T14:24:30.000Z",null,null,1.75,4.25,6.5,157.5,null
"2025-12-04T14:28:30.000Z",null,null,3.75,7,9.75,180,null
"2025-12-04T14:32:33.000Z",null,null,4.75,7.5,9.75,180,null
"2025-12-04T14:36:33.000Z",null,null,2.75,6.5,8.25,180,null
"2025-12-04T14:40:33.000Z",null,null,2.75,5,7.25,157.5,null
"2025-12-04T14:46:23.000Z",null,null,2.5,4.25,7.75,157.5,null
"2025-12-04T14:50:23.000Z",null,null,2,4,7.25,157.5,null
"2025-12-04T14:54:23.000Z",null,null,1.75,3.5,6,157.5,null
"2025-12-04T14:58:28.000Z",null,null,0.75,3.25,4.75,135,null
"2025-12-04T15:02:28.000Z",null,null,1.5,2.5,3.75,157.5,null
"2025-12-04T15:06:28.000Z",null,null,0.75,2.25,4.75,157.5,null
"2025-12-04T15:10:32.000Z",null,null,0,0.25,1.5,90,null
"2025-12-04T15:14:32.000Z",null,null,0,0.5,3.25,157.5,null
"2025-12-04T15:18:32.000Z",null,null,0,0.75,2.75,112.5,null
"2025-12-04T15:22:35.000Z",null,null,1.5,2,3.25,112.5,null
"2025-12-04T15:26:35.000Z",null,null,1,2,2.75,135,null
"2025-12-04T15:30:35.000Z",null,null,1,2,2.75,112.5,null
"2025-12-04T15:34:40.000Z",null,null,0.75,1.75,2.75,135,null
"2025-12-04T15:38:40.000Z",null,null,0,0,1,135,null
"2025-12-04T15:42:40.000Z",null,null,0,0,0,112.5,null
"2025-12-04T15:46:44.000Z",null,null,0,0.25,3.25,67.5,null
"2025-12-04T15:50:44.000Z",null,null,1.5,2.5,3.5,67.5,null
"2025-12-04T15:54:44.000Z",null,null,0.75,2,3.25,67.5,null
"2025-12-04T15:58:47.000Z",null,null,1,2.25,3.75,45,null
"2025-12-04T16:02:47.000Z",null,null,0,2,3.75,45,null
"2025-12-04T16:06:47.000Z",null,null,0,0,1,67.5,null
"2025-12-04T16:10:52.000Z",null,null,0,0.5,4.25,22.5,null
"2025-12-04T16:14:52.000Z",null,null,3.5,5,6,0,null
"2025-12-04T16:18:52.000Z",null,null,4.25,5.5,7,0,null
"2025-12-04T16:22:55.000Z",null,null,4.75,6,7,0,null
"2025-12-04T16:26:55.000Z",null,null,5.5,7.75,11,0,null
"2025-12-04T16:30:55.000Z",null,null,6,10.5,16,315,null
"2025-12-04T16:35:00.000Z",null,null,4.5,11.5,21.5,315,null
"2025-12-04T16:39:00.000Z",null,null,1,15,24.5,315,null
"2025-12-04T16:43:00.000Z",null,null,6,16,27,292.5,null
"2025-12-04T16:47:04.000Z",null,null,15.5,21.5,29,292.5,null
"2025-12-04T16:51:04.000Z",null,null,13,22,29,270,null
"2025-12-04T16:55:04.000Z",null,null,18,24,36.5,292.5,null
"2025-12-04T16:59:08.000Z",null,null,19,30,36.5,292.5,null
"2025-12-04T17:03:08.000Z",null,null,12.5,20.5,33,292.5,null
"2025-12-04T17:07:08.000Z",null,null,19,27,34.5,292.5,null
"2025-12-04T17:11:12.000Z",null,null,22.5,29,36.5,270,null
"2025-12-04T17:15:12.000Z",null,null,23,32,39.5,270,null
"2025-12-04T17:19:12.000Z",null,null,26,31.5,37.5,270,null
"2025-12-04T17:23:17.000Z",null,null,13,21.5,36,292.5,null
"2025-12-04T17:27:17.000Z",null,null,12,29,41.5,270,null
"2025-12-04T17:31:17.000Z",null,null,12,26.5,37.5,270,null
"2025-12-04T17:35:20.000Z",null,null,18,26.5,39.5,270,null
"2025-12-04T17:39:20.000Z",null,null,21.5,29,36,270,null
"2025-12-04T17:43:20.000Z",null,null,16,25,35.5,270,null
"2025-12-04T17:47:24.000Z",null,null,12.5,23,34,292.5,null
"2025-12-04T17:51:24.000Z",null,null,11,19,26,270,null
"2025-12-04T17:55:24.000Z",null,null,15,25,37.5,270,null
"2025-12-04T17:59:29.000Z",null,null,16.5,29,41,270,null
"2025-12-04T18:03:29.000Z",null,null,12,18.5,25.5,270,null
"2025-12-04T18:07:29.000Z",null,null,8.25,18,29,270,null
"2025-12-04T18:11:32.000Z",null,null,14.5,26.5,40,270,null
"2025-12-04T18:15:32.000Z",null,null,14.5,22,30.5,270,null
"2025-12-04T18:19:32.000Z",null,null,11,19,30.5,270,null
"2025-12-04T18:23:37.000Z",null,null,6.25,13.5,21,270,null
"2025-12-04T18:27:37.000Z",null,null,4.5,16,28,270,null
"2025-12-04T18:31:37.000Z",null,null,13,22,29.5,270,null
"2025-12-04T18:35:41.000Z",null,null,13.5,20.5,30.5,270,null
"2025-12-04T18:39:41.000Z",null,null,5.5,14.5,23.5,270,null
"2025-12-04T18:43:41.000Z",null,null,5.25,15,22.5,292.5,null
"2025-12-04T18:47:45.000Z",null,null,14.5,19.5,26,270,null
"2025-12-04T18:51:45.000Z",null,null,13.5,17.5,21.5,270,null
"2025-12-04T18:55:45.000Z",null,null,9.5,15.5,20.5,270,null
"2025-12-04T18:59:49.000Z",null,null,9.75,16.5,27.5,270,null
"2025-12-04T19:03:49.000Z",null,null,9.75,16.5,26.5,270,null
"2025-12-04T19:07:49.000Z",null,null,3.75,14,29,247.5,null
"2025-12-04T19:11:52.000Z",null,null,0.25,7.25,15,270,null
"2025-12-04T19:15:52.000Z",null,null,2,5.75,11,270,null
"2025-12-04T19:19:52.000Z",null,null,0,3,10.5,225,null
"2025-12-04T19:23:56.000Z",null,null,2,5.5,9,225,null
"2025-12-04T19:27:56.000Z",null,null,0,0.75,4.75,157.5,null
"2025-12-04T19:31:56.000Z",null,null,0,0,4.5,157.5,null
"2025-12-04T19:36:01.000Z",null,null,3.25,4.75,6.5,157.5,null
"2025-12-04T19:40:01.000Z",null,null,2.5,4,6,135,null
"2025-12-04T19:44:01.000Z",null,null,2.5,3.75,5.25,90,null
"2025-12-04T19:48:05.000Z",null,null,0,0.25,2.75,67.5,null
"2025-12-04T19:52:05.000Z",null,null,0,0,0,135,null
"2025-12-04T19:56:05.000Z",null,null,0,1.25,3.25,135,null
"2025-12-04T20:00:09.000Z",null,null,0,0.25,2.25,135,null
"2025-12-04T20:04:09.000Z",null,null,0,0,0,45,null
"2025-12-04T20:08:09.000Z",null,null,0,3.25,4.75,0,null
"2025-12-04T20:12:12.000Z",null,null,2,4.25,6.5,0,null
"2025-12-04T20:16:12.000Z",null,null,2.5,3.75,5.25,0,null
"2025-12-04T20:20:12.000Z",null,null,2.75,4.75,6,0,null
"2025-12-04T20:24:17.000Z",null,null,2.75,5.75,8,0,null
"2025-12-04T20:28:17.000Z",null,null,2.5,5,8.75,0,null
"2025-12-04T20:32:17.000Z",null,null,1.5,4,6.5,22.5,null
"2025-12-04T20:36:21.000Z",null,null,0.25,2,3.75,45,null
"2025-12-04T20:40:21.000Z",null,null,0,0.75,3.5,0,null
"2025-12-04T20:44:21.000Z",null,null,0,1.25,3.25,90,null
"2025-12-04T20:48:25.000Z",null,null,0,1.75,3.25,90,null
"2025-12-04T20:52:25.000Z",null,null,0,0,1.75,67.5,null
"2025-12-04T20:56:25.000Z",null,null,0,0.25,1.75,45,null
"2025-12-04T21:00:29.000Z",null,null,0,1,2,90,null
"2025-12-04T21:04:29.000Z",null,null,1.75,3,5.25,67.5,null
"2025-12-04T21:08:29.000Z",null,null,4.25,5,6,90,null
"2025-12-04T21:12:33.000Z",null,null,2.5,4,5.5,90,null
"2025-12-04T21:16:33.000Z",null,null,2,3.5,4.5,90,null
"2025-12-04T21:20:33.000Z",null,null,0.75,2.5,3.75,90,null
"2025-12-04T21:24:37.000Z",null,null,2,3.25,4.5,45,null
"2025-12-04T21:28:37.000Z",null,null,0.75,2.25,3.5,45,null
"2025-12-04T21:32:37.000Z",null,null,0.25,1.5,2.5,22.5,null
"2025-12-04T21:36:42.000Z",null,null,0.25,2.25,4.25,22.5,null
"2025-12-04T21:40:42.000Z",null,null,1.5,2.75,4.75,45,null
"2025-12-04T21:44:42.000Z",null,null,1,2.5,3.75,45,null
"2025-12-04T21:48:46.000Z",null,null,1.75,3,4.5,67.5,null
"2025-12-04T21:52:46.000Z",null,null,2.5,3.75,5.5,67.5,null
"2025-12-04T21:56:46.000Z",null,null,0.75,2,3.25,67.5,null
"2025-12-04T22:00:50.000Z",null,null,1.75,3,6.25,67.5,null
"2025-12-04T22:04:50.000Z",null,null,3.25,5.25,7.75,67.5,null
"2025-12-04T22:08:50.000Z",null,null,2,5.25,7.75,67.5,null
"2025-12-04T22:12:53.000Z",null,null,1.5,3.75,6.25,90,null
"2025-12-04T22:16:53.000Z",null,null,2.75,4.5,6.5,90,null
"2025-12-04T22:20:53.000Z",null,null,1.75,3.75,5.25,67.5,null
"2025-12-04T22:24:58.000Z",null,null,2,4.25,6.5,67.5,null
"2025-12-04T22:28:58.000Z",null,null,2.75,4.75,7.75,67.5,null
"2025-12-04T22:32:58.000Z",null,null,0.75,2.75,5.25,67.5,null
"2025-12-04T22:37:01.000Z",null,null,1,3,5.25,67.5,null
"2025-12-04T22:41:01.000Z",null,null,0,1.5,3.75,67.5,null
"2025-12-04T22:45:01.000Z",null,null,0,0.25,2,45,null
"2025-12-04T22:49:05.000Z",null,null,0,0.25,2.25,22.5,null
"2025-12-04T22:53:05.000Z",null,null,0,0,0,22.5,null
"2025-12-04T22:57:05.000Z",null,null,0,0,0,45,null
"2025-12-04T23:01:10.000Z",null,null,0,0,0,67.5,null
"2025-12-04T23:05:10.000Z",null,null,0,0,0,67.5,null
"2025-12-04T23:09:10.000Z",null,null,0,0,0,67.5,null
"2025-12-04T23:13:13.000Z",null,null,0,0,0,67.5,null
"2025-12-04T23:17:13.000Z",null,null,0,2,4.5,90,null
"2025-12-04T23:21:13.000Z",null,null,1.75,4,6,112.5,null
"2025-12-04T23:25:17.000Z",null,null,2,4,6.25,90,null
"2025-12-04T23:29:17.000Z",null,null,2.75,5,8.25,67.5,null
"2025-12-04T23:33:17.000Z",null,null,2.5,4.25,6.25,90,null
"2025-12-04T23:37:22.000Z",null,null,2.75,4,5.5,67.5,null
"2025-12-04T23:41:22.000Z",null,null,0.75,2.5,4.5,67.5,null
"2025-12-04T23:45:22.000Z",null,null,2.5,3.5,4.5,90,null
"2025-12-04T23:49:26.000Z",null,null,0.25,2.5,4.5,67.5,null
"2025-12-04T23:53:26.000Z",null,null,0.25,2,3.25,45,null
"2025-12-04T23:57:26.000Z",null,null,0,2.75,4.75,22.5,null
"2025-12-05T00:01:30.000Z",null,null,1.75,4,6.25,22.5,null
"2025-12-05T00:05:30.000Z",null,null,2.5,6,8.25,0,null
"2025-12-05T00:09:30.000Z",null,null,0.75,3.25,5.25,0,null
"2025-12-05T00:13:34.000Z",null,null,0.75,2.75,5.25,22.5,null
"2025-12-05T00:17:34.000Z",null,null,1,3,5.5,22.5,null
"2025-12-05T00:21:34.000Z",null,null,0.25,2,3.25,45,null
"2025-12-05T00:25:38.000Z",null,null,1,2,3.25,67.5,null
"2025-12-05T00:29:38.000Z",null,null,1,3,4.5,67.5,null
"2025-12-05T00:33:38.000Z",null,null,2,4,5.5,67.5,null
"2025-12-05T00:37:42.000Z",null,null,2.75,4.5,6.25,90,null
"2025-12-05T00:41:42.000Z",null,null,2.5,5.25,7.25,67.5,null
"2025-12-05T00:45:42.000Z",null,null,2.75,6.25,9.5,67.5,null
"2025-12-05T00:49:46.000Z",null,null,2.75,5.25,8,67.5,null
"2025-12-05T00:53:46.000Z",null,null,3.25,5,7,67.5,null
"2025-12-05T00:57:46.000Z",null,null,2,5.5,9,45,null
"2025-12-05T01:01:50.000Z",null,null,2.75,4,5.5,67.5,null
"2025-12-05T01:05:50.000Z",null,null,2.5,4,5.25,67.5,null
"2025-12-05T01:09:50.000Z",null,null,0.25,2,3.75,45,null
"2025-12-05T01:13:54.000Z",null,null,0,0.75,2.5,67.5,null
"2025-12-05T01:17:54.000Z",null,null,0,0.25,1.5,337.5,null
"2025-12-05T01:21:54.000Z",null,null,0,0,0,337.5,null
"2025-12-05T01:25:58.000Z",null,null,0,0,0,0,null
"2025-12-05T01:29:58.000Z",null,null,0,0.25,1.75,0,null
"2025-12-05T01:33:58.000Z",null,null,0,2.5,3.75,315,null
"2025-12-05T01:38:02.000Z",null,null,2,3.75,6,315,null
"2025-12-05T01:42:02.000Z",null,null,1.5,3.25,4.75,0,null
"2025-12-05T01:46:02.000Z",null,null,0,1.75,3.25,67.5,null
"2025-12-05T01:50:06.000Z",null,null,0.25,1.5,2.75,67.5,null
"2025-12-05T01:54:06.000Z",null,null,1.75,2.75,4.25,67.5,null
"2025-12-05T01:58:06.000Z",null,null,2.75,3.75,4.75,90,null
"2025-12-05T02:02:10.000Z",null,null,1.75,2.75,4.5,90,null
"2025-12-05T02:06:10.000Z",null,null,1.5,2.25,3.5,90,null
"2025-12-05T02:10:10.000Z",null,null,0.75,2,3.75,90,null
"2025-12-05T02:14:15.000Z",null,null,3.25,4.75,7.25,90,null
"2025-12-05T02:18:15.000Z",null,null,2,3.25,5.25,112.5,null
"2025-12-05T02:22:15.000Z",null,null,3.25,5.25,7.75,90,null
"2025-12-05T02:26:18.000Z",null,null,3.25,5.75,8.75,90,null
"2025-12-05T02:30:18.000Z",null,null,3.75,5.75,8,90,null
"2025-12-05T02:34:18.000Z",null,null,1.75,4,6.5,67.5,null
"2025-12-05T02:38:22.000Z",null,null,0.75,2.75,6.25,90,null
"2025-12-05T02:42:22.000Z",null,null,1,2,3.25,90,null
"2025-12-05T02:46:22.000Z",null,null,1,2.25,2.75,67.5,null
"2025-12-05T02:50:26.000Z",null,null,0.25,1.25,2.25,67.5,null
"2025-12-05T02:54:26.000Z",null,null,0,1.25,3.25,45,null
"2025-12-05T02:58:26.000Z",null,null,1.5,3,4.5,45,null
"2025-12-05T03:02:30.000Z",null,null,1,2.5,4.5,45,null
"2025-12-05T03:06:30.000Z",null,null,1.5,7.75,18,0,null
"2025-12-05T03:10:30.000Z",null,null,11,14,19,337.5,null
"2025-12-05T03:14:35.000Z",null,null,9.75,11.5,13,337.5,null
"2025-12-05T03:18:35.000Z",null,null,9,11.5,16.5,337.5,null
"2025-12-05T03:22:35.000Z",null,null,1,4.25,11,22.5,null
"2025-12-05T03:26:39.000Z",null,null,0,3.25,10,0,null
"2025-12-05T03:30:39.000Z",null,null,0.75,3,6.25,22.5,null
"2025-12-05T03:34:39.000Z",null,null,0,4.5,13,0,null
"2025-12-05T03:38:42.000Z",null,null,9,12,14.5,337.5,null
"2025-12-05T03:42:42.000Z",null,null,10.5,13,16.5,0,null
"2025-12-05T03:46:42.000Z",null,null,9.5,12.5,16,0,null
"2025-12-05T03:50:47.000Z",null,null,5.5,11,16,0,null
"2025-12-05T03:54:47.000Z",null,null,6,9.5,16.5,22.5,null
"2025-12-05T03:58:47.000Z",null,null,2.75,6.75,13.5,22.5,null
"2025-12-05T04:02:51.000Z",null,null,3.25,8.5,11.5,0,null
"2025-12-05T04:06:51.000Z",null,null,0.25,3.25,6.25,45,null
"2025-12-05T04:10:51.000Z",null,null,0.25,4,7.25,67.5,null
"2025-12-05T04:14:55.000Z",null,null,1.5,4.75,8.25,90,null
"2025-12-05T04:18:55.000Z",null,null,2,5.5,8,90,null
"2025-12-05T04:22:55.000Z",null,null,1.75,3.75,7.25,67.5,null
"2025-12-05T04:26:59.000Z",null,null,0.75,3.5,8.25,22.5,null
"2025-12-05T04:30:59.000Z",null,null,2.75,7.25,14.5,0,null
"2025-12-05T04:34:59.000Z",null,null,2.5,4.75,9,45,null
"2025-12-05T04:39:03.000Z",null,null,2.75,6.5,13,22.5,null
"2025-12-05T04:43:03.000Z",null,null,4.5,12,18,0,null
"2025-12-05T04:47:03.000Z",null,null,11.5,15,18.5,0,null
"2025-12-05T04:51:07.000Z",null,null,10.5,13.5,17,0,null
"2025-12-05T04:55:07.000Z",null,null,11,14,16.5,0,null
"2025-12-05T04:59:07.000Z",null,null,10,13,17.5,0,null
"2025-12-05T05:03:11.000Z",null,null,9,12,15,0,null
"2025-12-05T05:07:11.000Z",null,null,9.75,13.5,17,0,null
"2025-12-05T05:11:11.000Z",null,null,11,14,16.5,0,null
"2025-12-05T05:15:15.000Z",null,null,10,14,17.5,0,null
"2025-12-05T05:19:15.000Z",null,null,11,13.5,16,0,null
"2025-12-05T05:23:15.000Z",null,null,7.25,12.5,15.5,0,null
"2025-12-05T05:27:19.000Z",null,null,10.5,13.5,16.5,337.5,null
"2025-12-05T05:31:19.000Z",null,null,9.5,13,18,0,null
"2025-12-05T05:35:19.000Z",null,null,11.5,15,19.5,337.5,null
"2025-12-05T05:39:23.000Z",null,null,10.5,15,18,337.5,null
"2025-12-05T05:43:23.000Z",null,null,11.5,14.5,17.5,0,null
"2025-12-05T05:47:23.000Z",null,null,11,13,15.5,337.5,null
"2025-12-05T05:51:27.000Z",null,null,10.5,13.5,16.5,337.5,null
"2025-12-05T05:55:27.000Z",null,null,9.5,12,15,337.5,null
"2025-12-05T05:59:27.000Z",null,null,11,13.5,16,337.5,null
"2025-12-05T06:03:32.000Z",null,null,11,14.5,17.5,337.5,null
"2025-12-05T06:07:32.000Z",null,null,10,13,16.5,337.5,null
"2025-12-05T06:11:32.000Z",null,null,9,12,14.5,337.5,null
"2025-12-05T06:15:35.000Z",null,null,7.25,10.5,13,0,null
"2025-12-05T06:19:35.000Z",null,null,8.25,11.5,14.5,0,null
"2025-12-05T06:23:35.000Z",null,null,11,13,15.5,0,null
"2025-12-05T06:27:39.000Z",null,null,10,12.5,15,0,null
"2025-12-05T06:31:39.000Z",null,null,11,12.5,14.5,0,null
"2025-12-05T06:35:39.000Z",null,null,11,12.5,16.5,0,null
"2025-12-05T06:39:43.000Z",null,null,11,13,16.5,0,null
"2025-12-05T06:43:43.000Z",null,null,9.75,13.5,17.5,0,null
"2025-12-05T06:47:43.000Z",null,null,9.75,13.5,17.5,0,null
"2025-12-05T06:51:47.000Z",null,null,11.5,15,18.5,0,null
"2025-12-05T06:55:47.000Z",null,null,12,14.5,18,0,null
"2025-12-05T06:59:47.000Z",null,null,12,15,18,0,null
"2025-12-05T07:03:52.000Z",null,null,12.5,15,19,0,null
"2025-12-05T07:07:52.000Z",null,null,11,14,16.5,0,null
"2025-12-05T07:11:52.000Z",null,null,12,15,18,0,null
"2025-12-05T07:15:56.000Z",null,null,11.5,16,20,0,null
"2025-12-05T07:19:56.000Z",null,null,13,15.5,18.5,0,null
"2025-12-05T07:23:56.000Z",null,null,13,16,19.5,0,null
"2025-12-05T07:28:00.000Z",null,null,13,16,18,337.5,null
"2025-12-05T07:32:00.000Z",null,null,12,15.5,19.5,337.5,null
"2025-12-05T07:36:00.000Z",null,null,12,16.5,19,337.5,null
"2025-12-05T07:40:04.000Z",null,null,10.5,15.5,20,0,null
"2025-12-05T07:44:04.000Z",null,null,13,16,19.5,0,null
"2025-12-05T07:48:04.000Z",null,null,11,15,18,337.5,null
"2025-12-05T07:52:07.000Z",null,null,11.5,15,18.5,337.5,null
"2025-12-05T07:56:07.000Z",null,null,11,14,18.5,337.5,null
"2025-12-05T08:00:07.000Z",null,null,13,14.5,16.5,0,null
"2025-12-05T08:04:12.000Z",null,null,9.5,12.5,15.5,0,null
"2025-12-05T08:08:12.000Z",null,null,10.5,13,15.5,0,null
"2025-12-05T08:12:12.000Z",null,null,11,14.5,17.5,0,null
"2025-12-05T08:16:16.000Z",null,null,14,16.5,18.5,337.5,null
"2025-12-05T08:20:16.000Z",null,null,13.5,16.5,19,337.5,null
"2025-12-05T08:24:16.000Z",null,null,15,18,21.5,337.5,null
"2025-12-05T08:28:20.000Z",null,null,15.5,19.5,22.5,337.5,null
"2025-12-05T08:32:20.000Z",null,null,16.5,20,23.5,0,null
"2025-12-05T08:36:20.000Z",null,null,15.5,19.5,24.5,0,null
"2025-12-05T08:40:24.000Z",null,null,15.5,19,22,0,null
"2025-12-05T08:44:24.000Z",null,null,16.5,19.5,24,0,null
"2025-12-05T08:48:24.000Z",null,null,16.5,20,23,0,null
"2025-12-05T08:52:28.000Z",null,null,16.5,20,21.5,337.5,null
"2025-12-05T08:56:28.000Z",null,null,16.5,19.5,23.5,337.5,null
"2025-12-05T09:00:28.000Z",null,null,16,19,22.5,0,null
"2025-12-05T09:04:32.000Z",null,null,17.5,20,22.5,0,null
"2025-12-05T09:08:32.000Z",null,null,14.5,19.5,22.5,0,null
"2025-12-05T09:12:32.000Z",null,null,15.5,19,21.5,0,null
"2025-12-05T09:16:36.000Z",null,null,15.5,18,21,0,null
"2025-12-05T09:20:36.000Z",null,null,13,17,20,0,null
"2025-12-05T09:24:36.000Z",null,null,15,18,21,0,null
"2025-12-05T09:28:40.000Z",null,null,12.5,16,18.5,0,null
"2025-12-05T09:32:40.000Z",null,null,12,15.5,19,0,null
"2025-12-05T09:36:40.000Z",null,null,12.5,14.5,17,0,null
"2025-12-05T09:40:44.000Z",null,null,12,15,16.5,0,null
"2025-12-05T09:44:44.000Z",null,null,13.5,16.5,19,0,null
"2025-12-05T09:48:44.000Z",null,null,13.5,16.5,19,0,null
"2025-12-05T09:52:48.000Z",null,null,14.5,16.5,18.5,0,null
"2025-12-05T09:56:48.000Z",null,null,13.5,17,20,0,null
"2025-12-05T10:00:48.000Z",null,null,14.5,17,19,0,null
"2025-12-05T10:04:52.000Z",null,null,14.5,17,19,337.5,null
"2025-12-05T10:08:52.000Z",null,null,13.5,17.5,20,337.5,null
"2025-12-05T10:12:52.000Z",null,null,16,18.5,20.5,337.5,null
"2025-12-05T10:16:57.000Z",null,null,15.5,18.5,21,337.5,null
"2025-12-05T10:20:57.000Z",null,null,14,17.5,20.5,337.5,null
"2025-12-05T10:24:57.000Z",null,null,14,17,20,0,null
"2025-12-05T10:29:00.000Z",null,null,13.5,17,20,0,null
"2025-12-05T10:33:00.000Z",null,null,14.5,17.5,20,0,null
"2025-12-05T10:37:00.000Z",null,null,15,17.5,19.5,0,null
"2025-12-05T10:41:05.000Z",null,null,14.5,18,20,0,null
"2025-12-05T10:45:05.000Z",null,null,13,17.5,19.5,337.5,null
"2025-12-05T10:49:05.000Z",null,null,12,16.5,19,337.5,null
"2025-12-05T10:53:09.000Z",null,null,12.5,15.5,18.5,337.5,null
"2025-12-05T10:57:09.000Z",null,null,12,14,16.5,337.5,null
"2025-12-05T11:01:09.000Z",null,null,12,14,16.5,337.5,null
"2025-12-05T11:05:12.000Z",null,null,12,15.5,17.5,337.5,null
"2025-12-05T11:09:12.000Z",null,null,12,15,16.5,337.5,null
"2025-12-05T11:13:12.000Z",null,null,13,15,18,337.5,null
"2025-12-05T11:17:17.000Z",null,null,12,14.5,17,337.5,null
"2025-12-05T11:21:17.000Z",null,null,13,15,17,337.5,null
"2025-12-05T11:25:17.000Z",null,null,13,16,18,337.5,null
"2025-12-05T11:29:21.000Z",null,null,13.5,16.5,19,337.5,null
"2025-12-05T11:33:21.000Z",null,null,13,16,19,337.5,null
"2025-12-05T11:37:21.000Z",null,null,13,16.5,20,337.5,null
"2025-12-05T11:41:25.000Z",null,null,14.5,17,19.5,337.5,null
"2025-12-05T11:45:25.000Z",null,null,13.5,17,19,337.5,null
"2025-12-05T11:49:25.000Z",null,null,13,17,20,337.5,null
"2025-12-05T11:53:29.000Z",null,null,13.5,17.5,20,337.5,null
"2025-12-05T11:57:29.000Z",null,null,14.5,17,19,337.5,null
"2025-12-05T12:01:29.000Z",null,null,14,16.5,19,337.5,null
"2025-12-05T12:05:33.000Z",null,null,13,16,18.5,337.5,null
"2025-12-05T12:09:33.000Z",null,null,13,16,18.5,337.5,null
"2025-12-05T12:13:33.000Z",null,null,14.5,16.5,19,337.5,null
"2025-12-05T12:17:37.000Z",null,null,14,16,19,337.5,null
"2025-12-05T12:21:37.000Z",null,null,14,16,18,337.5,null
"2025-12-05T12:25:37.000Z",null,null,14,16,18,337.5,null
"2025-12-05T12:29:41.000Z",null,null,13,16,18.5,337.5,null
"2025-12-05T12:33:41.000Z",null,null,14,16.5,18.5,337.5,null
"2025-12-05T12:37:41.000Z",null,null,13.5,16,19,337.5,null
"2025-12-05T12:41:45.000Z",null,null,13,16.5,19.5,337.5,null
"2025-12-05T12:45:45.000Z",null,null,14,16.5,20,337.5,null
"2025-12-05T12:49:45.000Z",null,null,13.5,16,18,337.5,null
"2025-12-05T12:53:50.000Z",null,null,13.5,16,18,337.5,null
"2025-12-05T12:57:50.000Z",null,null,13,15.5,18.5,0,null
"2025-12-05T13:01:50.000Z",null,null,12,16,19,337.5,null
"2025-12-05T13:05:54.000Z",null,null,13,16.5,19,0,null
"2025-12-05T13:09:54.000Z",null,null,13,15.5,18,0,null
"2025-12-05T13:13:54.000Z",null,null,14,16,19,337.5,null
"2025-12-05T13:17:57.000Z",null,null,12.5,15,18,337.5,null
"2025-12-05T13:21:57.000Z",null,null,13,15.5,17.5,337.5,null
"2025-12-05T13:25:57.000Z",null,null,11.5,14.5,16.5,337.5,null
"2025-12-05T13:30:01.000Z",null,null,11.5,14.5,16.5,337.5,null
"2025-12-05T13:34:01.000Z",null,null,12,14.5,16.5,337.5,null
"2025-12-05T13:38:01.000Z",null,null,12,15,17,0,null
"2025-12-05T13:42:13.000Z",null,null,12,14,16,0,null
"2025-12-05T13:46:13.000Z",null,null,12.5,14,15.5,337.5,null
"2025-12-05T13:50:13.000Z",null,null,12,14.5,16,337.5,null
"2025-12-05T13:54:18.000Z",null,null,11.5,13.5,18,337.5,null
"2025-12-05T13:58:18.000Z",null,null,12,14.5,17,337.5,null
"2025-12-05T14:02:18.000Z",null,null,12,14.5,17.5,337.5,null
"2025-12-05T14:06:22.000Z",null,null,11.5,14.5,16.5,337.5,null
"2025-12-05T14:10:22.000Z",null,null,11,13.5,15.5,337.5,null
"2025-12-05T14:14:22.000Z",null,null,11.5,14,16,337.5,null
"2025-12-05T14:18:25.000Z",null,null,11,13.5,15.5,337.5,null
"2025-12-05T14:22:25.000Z",null,null,11.5,14.5,17.5,315,null
"2025-12-05T14:26:25.000Z",null,null,11,13.5,16,315,null
"2025-12-05T14:30:30.000Z",null,null,10,11.5,13.5,337.5,null
"2025-12-05T14:34:30.000Z",null,null,9.75,11,12,337.5,null
"2025-12-05T14:38:30.000Z",null,null,9,11,14,337.5,null
"2025-12-05T14:42:33.000Z",null,null,9,10.5,13,337.5,null
"2025-12-05T14:46:33.000Z",null,null,8.25,10.5,13,337.5,null
"2025-12-05T14:50:33.000Z",null,null,9,12,14.5,337.5,null
"2025-12-05T14:54:38.000Z",null,null,11,13,15,337.5,null
"2025-12-05T14:58:38.000Z",null,null,10.5,13,15,337.5,null
"2025-12-05T15:02:38.000Z",null,null,11,13,14.5,337.5,null
"2025-12-05T15:06:42.000Z",null,null,10,11.5,13,337.5,null
"2025-12-05T15:10:42.000Z",null,null,7.75,10.5,12,337.5,null
"2025-12-05T15:14:42.000Z",null,null,9,11.5,14.5,315,null
"2025-12-05T15:18:46.000Z",null,null,11,13,15,315,null
"2025-12-05T15:22:46.000Z",null,null,10,13,15,337.5,null
"2025-12-05T15:26:46.000Z",null,null,11,13,15.5,337.5,null
"2025-12-05T15:30:50.000Z",null,null,12,14,16,337.5,null
"2025-12-05T15:34:50.000Z",null,null,12,14,17,337.5,null
"2025-12-05T15:38:50.000Z",null,null,11,12.5,14.5,337.5,null
"2025-12-05T15:42:54.000Z",null,null,9.75,13,15,337.5,null
"2025-12-05T15:46:54.000Z",null,null,10.5,13,14.5,337.5,null
"2025-12-05T15:50:54.000Z",null,null,8,11,15,337.5,null
"2025-12-05T15:54:58.000Z",null,null,10,12.5,14.5,337.5,null
"2025-12-05T15:58:58.000Z",null,null,10.5,13.5,15.5,337.5,null
"2025-12-05T16:02:58.000Z",null,null,10,12.5,14.5,337.5,null
"2025-12-05T16:07:02.000Z",null,null,11,13,15.5,337.5,null
"2025-12-05T16:11:02.000Z",null,null,12,14,15.5,337.5,null
"2025-12-05T16:15:02.000Z",null,null,11,13,15,337.5,null
"2025-12-05T16:19:06.000Z",null,null,10.5,13,15.5,337.5,null
"2025-12-05T16:23:06.000Z",null,null,11,12.5,14.5,337.5,null
"2025-12-05T16:27:06.000Z",null,null,11,14,16.5,337.5,null
"2025-12-05T16:31:10.000Z",null,null,11,14,17,337.5,null
"2025-12-05T16:35:10.000Z",null,null,12,14,15.5,337.5,null
"2025-12-05T16:39:10.000Z",null,null,11,13.5,15.5,337.5,null
"2025-12-05T16:43:14.000Z",null,null,11,13.5,15.5,337.5,null
"2025-12-05T16:47:14.000Z",null,null,9.5,12,14.5,0,null
"2025-12-05T16:51:14.000Z",null,null,11,13.5,14.5,0,null
"2025-12-05T16:55:19.000Z",null,null,4.75,8.5,13,22.5,null
"2025-12-05T16:59:19.000Z",null,null,4.75,7.25,9.5,22.5,null
"2025-12-05T17:03:19.000Z",null,null,7,9.5,13,0,null
"2025-12-05T17:07:22.000Z",null,null,10.5,12.5,15,337.5,null
"2025-12-05T17:11:22.000Z",null,null,9.5,12,15.5,337.5,null
"2025-12-05T17:15:22.000Z",null,null,9,11.5,14.5,337.5,null
"2025-12-05T17:19:27.000Z",null,null,9.75,11.5,13,337.5,null
"2025-12-05T17:23:27.000Z",null,null,10,14.5,18,337.5,null
"2025-12-05T17:27:27.000Z",null,null,13,16.5,19,0,null
"2025-12-05T17:31:30.000Z",null,null,14.5,18,20,0,null
"2025-12-05T17:35:30.000Z",null,null,13,17,20,0,null
"2025-12-05T17:39:30.000Z",null,null,11,15,19.5,0,null
"2025-12-05T17:43:34.000Z",null,null,4.5,10,14.5,22.5,null
"2025-12-05T17:47:34.000Z",null,null,3.25,5.5,8.25,67.5,null
"2025-12-05T17:51:34.000Z",null,null,1.75,3,6,112.5,null
"2025-12-05T17:55:39.000Z",null,null,0,1.75,3.25,90,null
"2025-12-05T17:59:39.000Z",null,null,0,0,0,157.5,null
"2025-12-05T18:03:39.000Z",null,null,0,0.25,3.25,0,null
"2025-12-05T18:07:42.000Z",null,null,0,0.75,6.5,225,null
"2025-12-05T18:11:42.000Z",null,null,1.5,3.25,9,180,null
"2025-12-05T18:15:42.000Z",null,null,6.5,8.75,11,225,null
"2025-12-05T18:19:46.000Z",null,null,3.5,8.5,11,225,null
"2025-12-05T18:23:46.000Z",null,null,0,3.75,7.75,202.5,null
"2025-12-05T18:27:46.000Z",null,null,1.5,3.25,5.25,135,null
"2025-12-05T18:31:50.000Z",null,null,2.5,4.25,5.25,112.5,null
"2025-12-05T18:35:50.000Z",null,null,3.25,4,5.25,90,null
"2025-12-05T18:39:50.000Z",null,null,3.25,6.25,8.75,90,null
"2025-12-05T18:43:55.000Z",null,null,3.5,6,9.75,67.5,null
"2025-12-05T18:47:55.000Z",null,null,3.5,5,6.25,90,null
"2025-12-05T18:51:55.000Z",null,null,3.75,5.5,6.5,67.5,null
"2025-12-05T18:55:58.000Z",null,null,2.75,4.75,7,90,null
"2025-12-05T18:59:58.000Z",null,null,2.75,4.25,6.25,90,null
"2025-12-05T19:03:58.000Z",null,null,2,3.25,4.75,90,null
"2025-12-05T19:08:02.000Z",null,null,2.75,4.25,5.5,90,null
"2025-12-05T19:12:02.000Z",null,null,3.25,4.5,6,90,null
"2025-12-05T19:16:02.000Z",null,null,2,3.75,5.5,90,null
"2025-12-05T19:20:07.000Z",null,null,0.75,2.25,3.75,90,null
"2025-12-05T19:24:07.000Z",null,null,1,2.5,3.75,90,null
"2025-12-05T19:28:07.000Z",null,null,1.5,2.75,3.75,90,null
"2025-12-05T19:32:11.000Z",null,null,0,1.25,3,90,null
"2025-12-05T19:36:11.000Z",null,null,0,0,0,90,null
"2025-12-05T19:40:11.000Z",null,null,0,0,0,90,null
"2025-12-05T19:44:15.000Z",null,null,0,0,0,135,null
"2025-12-05T19:48:15.000Z",null,null,0,0,0,135,null
"2025-12-05T19:52:15.000Z",null,null,0,2.25,3.75,135,null
"2025-12-05T19:56:19.000Z",null,null,2.5,3.25,4,112.5,null
"2025-12-05T20:00:19.000Z",null,null,3.25,5.25,6.5,112.5,null
"2025-12-05T20:04:19.000Z",null,null,3.25,4.25,6.25,90,null
"2025-12-05T20:08:24.000Z",null,null,3.5,5,6,112.5,null
"2025-12-05T20:12:24.000Z",null,null,2.5,4.25,6,112.5,null
"2025-12-05T20:16:24.000Z",null,null,2.5,3.5,4.75,112.5,null
"2025-12-05T20:20:27.000Z",null,null,2,3.25,4.75,90,null
"2025-12-05T20:24:27.000Z",null,null,2.75,4.25,6.25,112.5,null
"2025-12-05T20:28:27.000Z",null,null,2,3.75,4.75,112.5,null
"2025-12-05T20:32:31.000Z",null,null,1.5,3.5,6.25,112.5,null
"2025-12-05T20:36:31.000Z",null,null,1,3,6.25,135,null
"2025-12-05T20:40:31.000Z",null,null,1.5,3.5,6.5,180,null
"2025-12-05T20:44:35.000Z",null,null,0.25,5.25,9,180,null
"2025-12-05T20:48:35.000Z",null,null,1.5,4,6.5,157.5,null
"2025-12-05T20:52:35.000Z",null,null,1,2,4.25,135,null
"2025-12-05T20:56:39.000Z",null,null,0.75,2.75,4.75,112.5,null
"2025-12-05T21:00:39.000Z",null,null,1.5,2.5,3.5,112.5,null
"2025-12-05T21:04:39.000Z",null,null,0.75,2,3.5,112.5,null
"2025-12-05T21:08:44.000Z",null,null,1,2,3.75,112.5,null
"2025-12-05T21:12:44.000Z",null,null,0.75,2.5,4.5,112.5,null
"2025-12-05T21:16:44.000Z",null,null,0,2,4.25,90,null
"2025-12-05T21:20:47.000Z",null,null,2,3.25,4.75,90,null
"2025-12-05T21:24:47.000Z",null,null,2.5,3.5,4.5,112.5,null
"2025-12-05T21:28:47.000Z",null,null,3.25,4.5,6,112.5,null
"2025-12-05T21:32:52.000Z",null,null,2,5,8.75,112.5,null
"2025-12-05T21:36:52.000Z",null,null,1.5,4.25,8,112.5,null
"2025-12-05T21:40:52.000Z",null,null,0.75,4,8,112.5,null
"2025-12-05T21:44:55.000Z",null,null,1.75,5.25,7,135,null
"2025-12-05T21:48:55.000Z",null,null,1.5,4.5,7.25,135,null
"2025-12-05T21:52:55.000Z",null,null,1.5,3,5.25,112.5,null
"2025-12-05T21:56:59.000Z",null,null,1.5,3.75,8.75,90,null
"2025-12-05T22:00:59.000Z",null,null,1.75,4,6.25,90,null
"2025-12-05T22:04:59.000Z",null,null,0,1.5,3.75,112.5,null
"2025-12-05T22:09:03.000Z",null,null,2.5,4.5,6,112.5,null
"2025-12-05T22:13:03.000Z",null,null,1.75,4.5,7.75,90,null
"2025-12-05T22:17:03.000Z",null,null,2.5,5.5,9,90,null
"2025-12-05T22:21:08.000Z",null,null,3.25,5.75,8.75,90,null
"2025-12-05T22:25:08.000Z",null,null,3.25,6.5,11,90,null
"2025-12-05T22:29:08.000Z",null,null,1.75,4.75,8.25,67.5,null
"2025-12-05T22:33:12.000Z",null,null,2.75,5.25,7.25,67.5,null
"2025-12-05T22:37:12.000Z",null,null,1,4.25,7.25,45,null
"2025-12-05T22:41:12.000Z",null,null,0,1.75,4.25,135,null
"2025-12-05T22:45:16.000Z",null,null,0,0.75,2.75,112.5,null
"2025-12-05T22:49:16.000Z",null,null,0.25,2.75,8,90,null
"2025-12-05T22:53:16.000Z",null,null,3.75,5.75,8,90,null
"2025-12-05T22:57:19.000Z",null,null,2.5,4.25,6,67.5,null
"2025-12-05T23:01:19.000Z",null,null,1.75,3.75,6.25,67.5,null
"2025-12-05T23:05:19.000Z",null,null,2,4.25,5.5,67.5,null
"2025-12-05T23:09:24.000Z",null,null,3.5,5,7.25,90,null
"2025-12-05T23:13:24.000Z",null,null,3.5,6,8.75,90,null
"2025-12-05T23:17:24.000Z",null,null,4.25,6.75,11,67.5,null
"2025-12-05T23:21:28.000Z",null,null,3.75,7.25,10.5,67.5,null
"2025-12-05T23:25:28.000Z",null,null,3.75,8.25,13,67.5,null
"2025-12-05T23:29:28.000Z",null,null,4.25,8.25,12,67.5,null
"2025-12-05T23:33:32.000Z",null,null,4.25,7.25,9.75,67.5,null
"2025-12-05T23:37:32.000Z",null,null,2,6.25,9,67.5,null
"2025-12-05T23:41:32.000Z",null,null,2,4.75,7.25,67.5,null
"2025-12-05T23:45:36.000Z",null,null,2.5,5.25,7.25,67.5,null
"2025-12-05T23:49:36.000Z",null,null,1.5,3.25,6.25,90,null
"2025-12-05T23:53:36.000Z",null,null,2,6,10,67.5,null
"2025-12-05T23:57:41.000Z",null,null,2.5,6,9.5,67.5,null
"2025-12-06T00:01:41.000Z",null,null,3.25,5.25,10.5,67.5,null
"2025-12-06T00:05:41.000Z",null,null,3.25,4.5,6.5,90,null
"2025-12-06T00:09:44.000Z",null,null,2.75,4.75,7.25,112.5,null
"2025-12-06T00:13:44.000Z",null,null,0.25,4,9,112.5,null
"2025-12-06T00:17:44.000Z",null,null,1.5,4.75,9,112.5,null
"2025-12-06T00:21:48.000Z",null,null,2.75,6.5,12,90,null
"2025-12-06T00:25:48.000Z",null,null,1,4,9.5,112.5,null
"2025-12-06T00:29:48.000Z",null,null,3.25,5.5,10.5,90,null
"2025-12-06T00:33:53.000Z",null,null,3.25,7,10.5,90,null
"2025-12-06T00:37:53.000Z",null,null,4.75,8.25,12.5,90,null
"2025-12-06T00:41:53.000Z",null,null,5.25,7.25,10.5,90,null
"2025-12-06T00:45:57.000Z",null,null,6,9,14.5,90,null
"2025-12-06T00:49:57.000Z",null,null,3.75,7,11.5,67.5,null
"2025-12-06T00:53:57.000Z",null,null,3.5,6.25,9.5,90,null
"2025-12-06T00:58:01.000Z",null,null,0,2.25,8.75,112.5,null
"2025-12-06T01:02:01.000Z",null,null,0,0.25,2,135,null
"2025-12-06T01:06:01.000Z",null,null,0,2.25,5.25,90,null
"2025-12-06T01:10:05.000Z",null,null,2,4.25,7,67.5,null
"2025-12-06T01:14:05.000Z",null,null,3.5,5,7.75,90,null
"2025-12-06T01:18:05.000Z",null,null,3.5,5.75,7.75,90,null
"2025-12-06T01:22:09.000Z",null,null,2.75,5.5,8,112.5,null
"2025-12-06T01:26:09.000Z",null,null,0.75,4.5,12,135,null
"2025-12-06T01:30:09.000Z",null,null,2,6,8,90,null
"2025-12-06T01:34:12.000Z",null,null,1.75,4.75,7,112.5,null
"2025-12-06T01:38:12.000Z",null,null,2.75,7.5,20,157.5,null
"2025-12-06T01:42:12.000Z",null,null,8.75,16,23.5,180,null
"2025-12-06T01:46:16.000Z",null,null,4.5,15.5,28,180,null
"2025-12-06T01:50:16.000Z",null,null,3.5,13,22.5,202.5,null
"2025-12-06T01:54:16.000Z",null,null,9.5,17,26.5,202.5,null
"2025-12-06T01:58:21.000Z",null,null,9,19.5,32.5,202.5,null
"2025-12-06T02:02:21.000Z",null,null,8,19,33,202.5,null
"2025-12-06T02:06:21.000Z",null,null,9.75,20,31.5,180,null
"2025-12-06T02:10:24.000Z",null,null,9,22.5,33,180,null
"2025-12-06T02:14:24.000Z",null,null,15.5,25,34.5,180,null
"2025-12-06T02:18:24.000Z",null,null,10.5,24.5,38.5,180,null
"2025-12-06T02:22:29.000Z",null,null,13,25,36,202.5,null
"2025-12-06T02:26:29.000Z",null,null,12.5,26,39,202.5,null
"2025-12-06T02:30:29.000Z",null,null,12,26,35,180,null
"2025-12-06T02:34:33.000Z",null,null,6.5,24.5,36,180,null
"2025-12-06T02:38:33.000Z",null,null,13,25.5,40.5,180,null
"2025-12-06T02:42:33.000Z",null,null,15,24,35,180,null
"2025-12-06T02:46:37.000Z",null,null,13,22.5,30.5,180,null
"2025-12-06T02:50:37.000Z",null,null,9,25,35,180,null
"2025-12-06T02:54:37.000Z",null,null,11.5,26.5,37,180,null
"2025-12-06T02:58:40.000Z",null,null,6.5,24.5,35.5,180,null
"2025-12-06T03:02:40.000Z",null,null,11,24.5,36,180,null
"2025-12-06T03:06:40.000Z",null,null,8.75,24.5,34.5,180,null
"2025-12-06T03:10:45.000Z",null,null,14.5,28.5,37,180,null
"2025-12-06T03:14:45.000Z",null,null,11,26,35.5,180,null
"2025-12-06T03:18:45.000Z",null,null,11.5,24,36,180,null
"2025-12-06T03:22:49.000Z",null,null,11,22.5,32,180,null
"2025-12-06T03:26:49.000Z",null,null,17,32.5,44.5,180,null
"2025-12-06T03:30:49.000Z",null,null,14.5,31,43,180,null
"2025-12-06T03:34:53.000Z",null,null,16,34,47.5,180,null
"2025-12-06T03:38:53.000Z",null,null,19.5,35.5,46.5,180,null
"2025-12-06T03:42:53.000Z",null,null,11,32.5,44.5,180,null
"2025-12-06T03:46:58.000Z",null,null,7.75,32,44.5,180,null
"2025-12-06T03:50:58.000Z",null,null,14,29.5,39.5,180,null
"2025-12-06T03:54:58.000Z",null,null,11,24.5,35,202.5,null
"2025-12-06T03:59:01.000Z",null,null,8,22,35,202.5,null
"2025-12-06T04:03:01.000Z",null,null,9,20.5,34,202.5,null
"2025-12-06T04:07:01.000Z",null,null,13,22,32.5,180,null
"2025-12-06T04:11:05.000Z",null,null,10,25,34,180,null
"2025-12-06T04:15:05.000Z",null,null,15.5,26.5,36,180,null
"2025-12-06T04:19:05.000Z",null,null,16,31,42,180,null
"2025-12-06T04:23:10.000Z",null,null,16,31,46.5,180,null
"2025-12-06T04:27:10.000Z",null,null,16,35,47,180,null
"2025-12-06T04:31:10.000Z",null,null,20.5,37.5,51,180,null
"2025-12-06T04:35:13.000Z",null,null,12,31,41.5,180,null
"2025-12-06T04:39:13.000Z",null,null,16.5,31.5,44,180,null
"2025-12-06T04:43:13.000Z",null,null,16.5,31,44.5,202.5,null
"2025-12-06T04:47:17.000Z",null,null,13,32.5,44.5,202.5,null
"2025-12-06T04:51:17.000Z",null,null,16.5,34,44.5,202.5,null
"2025-12-06T04:55:17.000Z",null,null,11,29,44.5,202.5,null
"2025-12-06T04:59:22.000Z",null,null,15.5,29,43,180,null
"2025-12-06T05:03:22.000Z",null,null,11,33.5,48,180,null
"2025-12-06T05:07:22.000Z",null,null,19,34.5,46.5,180,null
"2025-12-06T05:11:25.000Z",null,null,16.5,32,44.5,180,null
"2025-12-06T05:15:25.000Z",null,null,11,27,46,180,null
"2025-12-06T05:19:25.000Z",null,null,8.75,24,36,180,null
"2025-12-06T05:23:29.000Z",null,null,8,19,28,202.5,null
"2025-12-06T05:27:29.000Z",null,null,6.25,14.5,23.5,202.5,null
"2025-12-06T05:31:29.000Z",null,null,10.5,19.5,26,247.5,null
"2025-12-06T05:35:33.000Z",null,null,12,18.5,24.5,270,null
"2025-12-06T05:39:33.000Z",null,null,4.5,16,27,270,null
"2025-12-06T05:43:33.000Z",null,null,1.5,6,11,112.5,null
"2025-12-06T05:47:38.000Z",null,null,3.5,7.5,14.5,135,null
"2025-12-06T05:51:38.000Z",null,null,0.75,4.5,8.75,112.5,null
"2025-12-06T05:55:38.000Z",null,null,4.25,15.5,24,180,null
"2025-12-06T05:59:42.000Z",null,null,6.25,14,19.5,180,null
"2025-12-06T06:03:42.000Z",null,null,6.25,13,19.5,180,null
"2025-12-06T06:07:42.000Z",null,null,3.25,11.5,20.5,180,null
"2025-12-06T06:11:45.000Z",null,null,3.5,11.5,19.5,180,null
"2025-12-06T06:15:45.000Z",null,null,6.5,15,22.5,180,null
"2025-12-06T06:19:45.000Z",null,null,5.25,12.5,20,180,null
"2025-12-06T06:23:49.000Z",null,null,3.5,14,21,202.5,null
"2025-12-06T06:27:49.000Z",null,null,6,14.5,21.5,202.5,null
"2025-12-06T06:31:49.000Z",null,null,6,13.5,19.5,202.5,null
"2025-12-06T06:35:54.000Z",null,null,2.75,11.5,19.5,180,null
"2025-12-06T06:39:54.000Z",null,null,7.25,17,26,180,null
"2025-12-06T06:43:54.000Z",null,null,16.5,25,31.5,180,null
"2025-12-06T06:47:58.000Z",null,null,15,24.5,30,180,null
"2025-12-06T06:51:58.000Z",null,null,14.5,23,32,180,null
"2025-12-06T06:55:58.000Z",null,null,8,22.5,31.5,180,null
"2025-12-06T07:00:02.000Z",null,null,11,23,32.5,180,null
"2025-12-06T07:04:02.000Z",null,null,15.5,26,36.5,180,null
"2025-12-06T07:08:02.000Z",null,null,20,29.5,37,180,null
"2025-12-06T07:12:06.000Z",null,null,11,23.5,33.5,180,null
"2025-12-06T07:16:06.000Z",null,null,9.5,28,41,202.5,null
"2025-12-06T07:20:06.000Z",null,null,20,33,43.5,202.5,null
"2025-12-06T07:24:10.000Z",null,null,20,33.5,45.5,202.5,null
"2025-12-06T07:28:10.000Z",null,null,20,34,42,202.5,null
"2025-12-06T07:32:10.000Z",null,null,26,36.5,45,202.5,null
"2025-12-06T07:36:14.000Z",null,null,26,38.5,51,202.5,null
"2025-12-06T07:40:14.000Z",null,null,28,36.5,50,202.5,null
"2025-12-06T07:44:14.000Z",null,null,18,31,39.5,202.5,null
"2025-12-06T07:48:18.000Z",null,null,17,27.5,40.5,202.5,null
"2025-12-06T07:52:18.000Z",null,null,7,24.5,37,180,null
"2025-12-06T07:56:18.000Z",null,null,15,28.5,36.5,180,null
"2025-12-06T08:00:22.000Z",null,null,13,24,34.5,180,null
"2025-12-06T08:04:22.000Z",null,null,7.75,25,37,180,null
"2025-12-06T08:08:22.000Z",null,null,9,21.5,34,180,null
"2025-12-06T08:12:27.000Z",null,null,7.75,20,36,180,null
"2025-12-06T08:16:27.000Z",null,null,7.25,22,35,180,null
"2025-12-06T08:20:27.000Z",null,null,13.5,26,36.5,180,null
"2025-12-06T08:24:30.000Z",null,null,13.5,26.5,35.5,180,null
"2025-12-06T08:28:30.000Z",null,null,13.5,23,33,157.5,null
"2025-12-06T08:32:30.000Z",null,null,15,24,35.5,180,null
"2025-12-06T08:36:35.000Z",null,null,9.75,29,40.5,180,null
"2025-12-06T08:40:35.000Z",null,null,10,27.5,44,180,null
"2025-12-06T08:44:35.000Z",null,null,16.5,33,44,180,null
"2025-12-06T08:48:38.000Z",null,null,14,30,40.5,180,null
"2025-12-06T08:52:38.000Z",null,null,16.5,29,38,180,null
"2025-12-06T08:56:38.000Z",null,null,7.75,24.5,35.5,180,null
"2025-12-06T09:00:43.000Z",null,null,11.5,23,34.5,180,null
"2025-12-06T09:04:43.000Z",null,null,6.25,23.5,34.5,202.5,null
"2025-12-06T09:08:43.000Z",null,null,12.5,28,39,202.5,null
"2025-12-06T09:12:47.000Z",null,null,13,32,42,202.5,null
"2025-12-06T09:16:47.000Z",null,null,11,33.5,40.5,202.5,null
"2025-12-06T09:20:47.000Z",null,null,17.5,32.5,42.5,202.5,null
"2025-12-06T09:24:51.000Z",null,null,22,32,39.5,202.5,null
"2025-12-06T09:28:51.000Z",null,null,20.5,32,41,202.5,null
"2025-12-06T09:32:51.000Z",null,null,14.5,28.5,38.5,202.5,null
"2025-12-06T09:36:55.000Z",null,null,22.5,29,36,202.5,null
"2025-12-06T09:40:55.000Z",null,null,18,27.5,34,202.5,null
"2025-12-06T09:44:55.000Z",null,null,5.25,18.5,26.5,180,null
"2025-12-06T09:48:59.000Z",null,null,9.5,19,28,202.5,null
"2025-12-06T09:52:59.000Z",null,null,8,18,26,180,null
"2025-12-06T09:56:59.000Z",null,null,11,20.5,29,180,null
"2025-12-06T10:01:03.000Z",null,null,8.75,19,31,202.5,null
"2025-12-06T10:05:03.000Z",null,null,8.75,20.5,31.5,180,null
"2025-12-06T10:09:03.000Z",null,null,8,19.5,29,202.5,null
"2025-12-06T10:13:07.000Z",null,null,11,21.5,31.5,202.5,null
"2025-12-06T10:17:07.000Z",null,null,14.5,23.5,33,180,null
"2025-12-06T10:21:07.000Z",null,null,12,21.5,30.5,180,null
"2025-12-06T10:25:11.000Z",null,null,12,21,29,180,null
"2025-12-06T10:29:11.000Z",null,null,8.75,17,25,157.5,null
"2025-12-06T10:33:11.000Z",null,null,7,14.5,20.5,157.5,null
"2025-12-06T10:37:15.000Z",null,null,6.25,17.5,26,180,null
"2025-12-06T10:41:15.000Z",null,null,12,20,26,180,null
"2025-12-06T10:45:15.000Z",null,null,4.25,14,22.5,180,null
"2025-12-06T10:49:19.000Z",null,null,6.5,13.5,21,180,null
"2025-12-06T10:53:19.000Z",null,null,7.75,13.5,19,180,null
"2025-12-06T10:57:19.000Z",null,null,3.25,12,18.5,180,null
"2025-12-06T11:01:23.000Z",null,null,3.5,11,19,180,null
"2025-12-06T11:05:23.000Z",null,null,6.25,13.5,19.5,180,null
"2025-12-06T11:09:23.000Z",null,null,2,15,23.5,202.5,null
"2025-12-06T11:13:28.000Z",null,null,6.5,14,21.5,202.5,null
"2025-12-06T11:17:28.000Z",null,null,7.25,15,22.5,202.5,null
"2025-12-06T11:21:28.000Z",null,null,4.25,12,21,180,null
"2025-12-06T11:25:31.000Z",null,null,3.25,11,16.5,180,null
"2025-12-06T11:29:31.000Z",null,null,2.5,9.5,15.5,180,null
"2025-12-06T11:33:31.000Z",null,null,3.5,12,15.5,202.5,null
"2025-12-06T11:37:35.000Z",null,null,11,13.5,15,225,null
"2025-12-06T11:41:35.000Z",null,null,11,14,16,225,null
"2025-12-06T11:45:35.000Z",null,null,12.5,14.5,17.5,225,null
"2025-12-06T11:49:39.000Z",null,null,10,13.5,16.5,225,null
"2025-12-06T11:53:39.000Z",null,null,7.25,10.5,14.5,202.5,null
"2025-12-06T11:57:39.000Z",null,null,7,12,15,202.5,null
"2025-12-06T12:01:44.000Z",null,null,4.5,9.5,15.5,202.5,null
"2025-12-06T12:05:44.000Z",null,null,1.5,9.75,15.5,202.5,null
"2025-12-06T12:09:44.000Z",null,null,2,9.75,15.5,180,null
"2025-12-06T12:13:47.000Z",null,null,6,10.5,17.5,180,null
"2025-12-06T12:17:47.000Z",null,null,6.25,10,13,180,null
"2025-12-06T12:21:47.000Z",null,null,3.25,8.25,13,157.5,null
"2025-12-06T12:25:51.000Z",null,null,0,1.5,4.75,112.5,null
"2025-12-06T12:29:51.000Z",null,null,0,2.5,8.25,135,null
"2025-12-06T12:33:51.000Z",null,null,0,2.75,6.25,180,null
"2025-12-06T12:37:55.000Z",null,null,0,2.25,6,157.5,null
"2025-12-06T12:41:55.000Z",null,null,1,2.25,4.5,112.5,null
"2025-12-06T12:45:55.000Z",null,null,2.75,6,8.25,202.5,null
"2025-12-06T12:50:00.000Z",null,null,3.5,6.25,10,180,null
"2025-12-06T12:54:00.000Z",null,null,0.25,5.5,8.75,180,null
"2025-12-06T12:58:00.000Z",null,null,2,6.25,9,180,null
"2025-12-06T13:02:04.000Z",null,null,1,4,6,180,null
"2025-12-06T13:06:04.000Z",null,null,2.75,5.75,9,180,null
"2025-12-06T13:10:04.000Z",null,null,4.75,7.5,11,157.5,null
"2025-12-06T13:14:07.000Z",null,null,3.75,10,18,180,null
"2025-12-06T13:18:07.000Z",null,null,4.5,13,19.5,202.5,null
"2025-12-06T13:22:07.000Z",null,null,3.5,10.5,18.5,180,null
"2025-12-06T13:26:12.000Z",null,null,6,12.5,21,180,null
"2025-12-06T13:30:12.000Z",null,null,6.25,12,16.5,202.5,null
"2025-12-06T13:34:12.000Z",null,null,1.75,7.25,12,180,null
"2025-12-06T13:38:16.000Z",null,null,2.75,5.75,9.5,180,null
"2025-12-06T13:42:16.000Z",null,null,1.75,6.75,12,202.5,null
"2025-12-06T13:46:16.000Z",null,null,8.25,11.5,15,225,null
"2025-12-06T13:52:07.000Z",null,null,4.25,10,15,225,null
"2025-12-06T13:56:07.000Z",null,null,1.5,5.75,9.75,180,null
"2025-12-06T14:00:07.000Z",null,null,0.25,3.25,7.25,180,null
"2025-12-06T14:04:12.000Z",null,null,2,4.5,7,225,null
"2025-12-06T14:08:12.000Z",null,null,5.5,7,8,247.5,null
"2025-12-06T14:12:12.000Z",null,null,1.75,4,6.25,202.5,null
"2025-12-06T14:16:15.000Z",null,null,0.25,3.25,5.5,157.5,null
"2025-12-06T14:20:15.000Z",null,null,0.25,2.25,6,112.5,null
"2025-12-06T14:24:15.000Z",null,null,1,2.5,4.5,90,null
"2025-12-06T14:28:20.000Z",null,null,3.5,5,7.25,112.5,null
"2025-12-06T14:32:20.000Z",null,null,0,2.75,6.25,135,null
"2025-12-06T14:36:20.000Z",null,null,0,3.25,7.25,135,null
"2025-12-06T14:40:24.000Z",null,null,3.5,5.75,8,157.5,null
"2025-12-06T14:44:24.000Z",null,null,2.5,4.25,7.25,112.5,null
"2025-12-06T14:48:24.000Z",null,null,2,3.75,6.25,112.5,null
"2025-12-06T14:52:28.000Z",null,null,4.25,5.75,8.75,135,null
"2025-12-06T14:56:28.000Z",null,null,2.5,5.25,9,112.5,null
"2025-12-06T15:00:28.000Z",null,null,1.5,3,6.25,135,null
"2025-12-06T15:04:32.000Z",null,null,1.75,3.5,5.5,135,null
"2025-12-06T15:08:32.000Z",null,null,0.75,3.25,6.5,157.5,null
"2025-12-06T15:12:32.000Z",null,null,0,1,3.75,157.5,null
"2025-12-06T15:16:36.000Z",null,null,0,2.5,5.25,45,null
"2025-12-06T15:20:36.000Z",null,null,1.5,3.75,5.25,22.5,null
"2025-12-06T15:24:36.000Z",null,null,3.25,5.25,7,22.5,null
"2025-12-06T15:28:40.000Z",null,null,3.25,6,8.25,22.5,null
"2025-12-06T15:32:40.000Z",null,null,0,2.25,4.75,45,null
"2025-12-06T15:36:40.000Z",null,null,0,3.25,5.25,112.5,null
"2025-12-06T15:40:44.000Z",null,null,0,2.25,4.25,112.5,null
"2025-12-06T15:44:44.000Z",null,null,0,0.5,1.75,157.5,null
"2025-12-06T15:48:44.000Z",null,null,1.75,3.5,5.25,315,null
"2025-12-06T15:52:48.000Z",null,null,1.5,2.5,3.5,0,null
"2025-12-06T15:56:48.000Z",null,null,0.25,2,4.75,45,null
"2025-12-06T16:00:48.000Z",null,null,1.75,2.75,4.25,45,null
"2025-12-06T16:04:52.000Z",null,null,2,2.75,3.5,67.5,null
"2025-12-06T16:08:52.000Z",null,null,1.5,3,4.25,0,null
"2025-12-06T16:12:52.000Z",null,null,1.5,3,4.75,0,null
"2025-12-06T16:16:57.000Z",null,null,0,1.25,3.5,45,null
"2025-12-06T16:20:57.000Z",null,null,0,2.25,4.5,315,null
"2025-12-06T16:24:57.000Z",null,null,0,0,0.25,337.5,null
"2025-12-06T16:29:00.000Z",null,null,0,0,0,45,null
"2025-12-06T16:33:00.000Z",null,null,0,0,0,45,null
"2025-12-06T16:37:00.000Z",null,null,0,0,1,45,null
"2025-12-06T16:41:05.000Z",null,null,0.75,2.25,4.5,67.5,null
"2025-12-06T16:45:05.000Z",null,null,4.25,5.5,7.25,112.5,null
"2025-12-06T16:49:05.000Z",null,null,3.25,5.5,8,90,null
"2025-12-06T16:53:08.000Z",null,null,1.75,3.25,6.5,112.5,null
"2025-12-06T16:57:08.000Z",null,null,0,3,7.75,135,null
"2025-12-06T17:01:08.000Z",null,null,0,1,2.75,180,null
"2025-12-06T17:05:13.000Z",null,null,0.75,1.75,3.25,135,null
"2025-12-06T17:09:13.000Z",null,null,0,1.25,2.5,90,null
"2025-12-06T17:13:13.000Z",null,null,0,0,0,67.5,null
"2025-12-06T17:17:16.000Z",null,null,0,5,7.75,112.5,null
"2025-12-06T17:21:16.000Z",null,null,1.75,5,10.5,135,null
"2025-12-06T17:25:16.000Z",null,null,4.75,7.75,11,135,null
"2025-12-06T17:29:21.000Z",null,null,2.5,5,7,157.5,null
"2025-12-06T17:33:21.000Z",null,null,1.75,2.25,3.5,135,null
"2025-12-06T17:37:21.000Z",null,null,0.75,1.75,3.75,112.5,null
"2025-12-06T17:41:25.000Z",null,null,0,0,1.75,112.5,null
"2025-12-06T17:45:25.000Z",null,null,0,0,3.25,90,null
"2025-12-06T17:49:25.000Z",null,null,0,1.25,3.5,90,null
"2025-12-06T17:53:29.000Z",null,null,0,1,3.25,112.5,null
"2025-12-06T17:57:29.000Z",null,null,0.75,1.5,2.5,90,null
"2025-12-06T18:01:29.000Z",null,null,0,0.25,1.75,90,null
"2025-12-06T18:05:32.000Z",null,null,0,0,0,90,null
"2025-12-06T18:09:32.000Z",null,null,0,0,0,67.5,null
"2025-12-06T18:13:32.000Z",null,null,0,0,0,67.5,null
"2025-12-06T18:17:36.000Z",null,null,0,0,0,90,null
"2025-12-06T18:21:36.000Z",null,null,0,2.5,6.25,112.5,null
"2025-12-06T18:25:36.000Z",null,null,3.25,5.5,9.5,112.5,null
"2025-12-06T18:29:41.000Z",null,null,2,4.75,7.75,112.5,null
"2025-12-06T18:33:41.000Z",null,null,1.5,3,5.5,112.5,null
"2025-12-06T18:37:41.000Z",null,null,0,0.75,3.25,90,null
"2025-12-06T18:41:45.000Z",null,null,0,3.25,7.75,157.5,null
"2025-12-06T18:45:45.000Z",null,null,0.75,5,10,157.5,null
"2025-12-06T18:49:45.000Z",null,null,0.75,3.5,7.25,135,null
"2025-12-06T18:53:49.000Z",null,null,2,3.75,6,90,null
"2025-12-06T18:57:49.000Z",null,null,1.5,3,4.75,90,null
"2025-12-06T19:01:49.000Z",null,null,0,1.5,4.25,90,null
"2025-12-06T19:05:53.000Z",null,null,0,1,2.5,67.5,null
"2025-12-06T19:09:53.000Z",null,null,0,1,3.5,112.5,null
"2025-12-06T19:13:53.000Z",null,null,0.75,1.75,3.5,135,null
"2025-12-06T19:17:57.000Z",null,null,0,0.25,1.25,135,null
"2025-12-06T19:21:57.000Z",null,null,0,2.75,4.25,90,null
"2025-12-06T19:25:57.000Z",null,null,0.25,2.25,4.75,0,null
"2025-12-06T19:30:01.000Z",null,null,0,3.5,6,337.5,null
"2025-12-06T19:34:01.000Z",null,null,0,3,5.5,112.5,null
"2025-12-06T19:38:01.000Z",null,null,0,1.75,4.75,90,null
"2025-12-06T19:42:06.000Z",null,null,1.5,3,4.5,0,null
"2025-12-06T19:46:06.000Z",null,null,0,0.25,2.75,0,null
"2025-12-06T19:50:06.000Z",null,null,0,1.5,4.5,90,null
"2025-12-06T19:54:10.000Z",null,null,0,1.25,3,90,null
"2025-12-06T19:58:10.000Z",null,null,0,0,0.25,90,null
"2025-12-06T20:02:10.000Z",null,null,0,0,0,90,null
"2025-12-06T20:06:14.000Z",null,null,0,0.25,2.75,0,null
"2025-12-06T20:10:14.000Z",null,null,2,4,5.25,337.5,null
"2025-12-06T20:14:14.000Z",null,null,2.75,5.5,8.25,337.5,null
"2025-12-06T20:18:17.000Z",null,null,1.5,5,8.25,22.5,null
"2025-12-06T20:22:17.000Z",null,null,1.75,3.75,5.5,112.5,null
"2025-12-06T20:26:17.000Z",null,null,0,0.75,2.5,90,null
"2025-12-06T20:30:21.000Z",null,null,0,0,0,337.5,null
"2025-12-06T20:34:21.000Z",null,null,0,1,2.75,157.5,null
"2025-12-06T20:38:21.000Z",null,null,0,0,0,67.5,null
"2025-12-06T20:42:26.000Z",null,null,0,2.75,6,135,null
"2025-12-06T20:46:26.000Z",null,null,2,4,6.5,90,null
"2025-12-06T20:50:26.000Z",null,null,1.5,3,5.25,112.5,null
"2025-12-06T20:54:29.000Z",null,null,2.5,4.5,6,135,null
"2025-12-06T20:58:29.000Z",null,null,0.75,2.75,7,135,null
"2025-12-06T21:02:29.000Z",null,null,0,2.75,5.5,112.5,null
"2025-12-06T21:06:34.000Z",null,null,2.75,4.25,7.25,135,null
"2025-12-06T21:10:34.000Z",null,null,1.5,4.75,9,135,null
"2025-12-06T21:14:34.000Z",null,null,2.5,6.25,9.5,135,null
"2025-12-06T21:18:38.000Z",null,null,4.75,7.75,10.5,157.5,null
"2025-12-06T21:22:38.000Z",null,null,1.5,5.5,9.75,180,null
"2025-12-06T21:26:38.000Z",null,null,2.5,8.25,14.5,202.5,null
"2025-12-06T21:30:42.000Z",null,null,3.25,9,15,202.5,null
"2025-12-06T21:34:42.000Z",null,null,5.5,9.5,13,180,null
"2025-12-06T21:38:42.000Z",null,null,3.5,7.25,11,157.5,null
"2025-12-06T21:42:46.000Z",null,null,3.75,7.5,12,135,null
"2025-12-06T21:46:46.000Z",null,null,0,5.75,11,112.5,null
"2025-12-06T21:50:46.000Z",null,null,1.5,3.75,7.75,90,null
"2025-12-06T21:54:49.000Z",null,null,2.75,5.75,10.5,90,null
"2025-12-06T21:58:49.000Z",null,null,2.5,4.5,6.5,112.5,null
"2025-12-06T22:02:49.000Z",null,null,0,2.5,6.5,112.5,null
"2025-12-06T22:06:54.000Z",null,null,0,3,7,90,null
"2025-12-06T22:10:54.000Z",null,null,0.25,2.75,7,157.5,null
"2025-12-06T22:14:54.000Z",null,null,1,4.75,10,157.5,null
"2025-12-06T22:18:58.000Z",null,null,2.5,6.5,11,157.5,null
"2025-12-06T22:22:58.000Z",null,null,1.75,7,12,135,null
"2025-12-06T22:26:58.000Z",null,null,2.5,5.25,8.75,135,null
"2025-12-06T22:31:02.000Z",null,null,1.5,3.5,9,135,null
"2025-12-06T22:35:02.000Z",null,null,0,1.25,4.25,135,null
"2025-12-06T22:39:02.000Z",null,null,0,1,6,180,null
"2025-12-06T22:43:06.000Z",null,null,1.5,2.25,5.25,112.5,null
"2025-12-06T22:47:06.000Z",null,null,0,1.5,2.75,67.5,null
"2025-12-06T22:51:06.000Z",null,null,0,3,6.5,22.5,null
"2025-12-06T22:55:10.000Z",null,null,2.5,5,6.5,22.5,null
"2025-12-06T22:59:10.000Z",null,null,2.75,4,6,90,null
"2025-12-06T23:03:10.000Z",null,null,1.5,3.75,6.5,135,null
"2025-12-06T23:07:14.000Z",null,null,0,2.25,6.25,135,null
"2025-12-06T23:11:14.000Z",null,null,0,0.75,2.5,67.5,null
"2025-12-06T23:15:14.000Z",null,null,0,1.25,4.5,90,null
"2025-12-06T23:19:18.000Z",null,null,3.5,5.75,8,90,null
"2025-12-06T23:23:18.000Z",null,null,0,1.75,4.75,112.5,null
"2025-12-06T23:27:18.000Z",null,null,0,0,1.75,112.5,null
"2025-12-06T23:31:22.000Z",null,null,0,0,0,180,null
"2025-12-06T23:35:22.000Z",null,null,0,0,0,90,null
"2025-12-06T23:39:22.000Z",null,null,0,0.75,2,45,null
"2025-12-06T23:43:27.000Z",null,null,0,0.5,1.5,45,null
"2025-12-06T23:47:27.000Z",null,null,0,0.5,2.5,67.5,null
"2025-12-06T23:51:27.000Z",null,null,1.5,2.75,4.5,90,null
"2025-12-06T23:55:30.000Z",null,null,1.75,3.25,4.5,90,null
"2025-12-06T23:59:30.000Z",null,null,2,3,3.5,112.5,null
"2025-12-07T00:03:30.000Z",null,null,2,3.5,4.5,112.5,null
"2025-12-07T00:07:35.000Z",null,null,3.5,5.75,8.75,90,null
"2025-12-07T00:11:35.000Z",null,null,2.5,4.25,6.25,90,null
"2025-12-07T00:15:35.000Z",null,null,2,2.75,3.75,112.5,null
"2025-12-07T00:19:38.000Z",null,null,2,3.25,4.25,67.5,null
"2025-12-07T00:23:38.000Z",null,null,0,1.25,3.5,90,null
"2025-12-07T00:27:38.000Z",null,null,0,0.75,2,67.5,null
"2025-12-07T00:31:43.000Z",null,null,1,2.25,3.5,90,null
"2025-12-07T00:35:43.000Z",null,null,0.75,2,4.25,135,null
"2025-12-07T00:39:43.000Z",null,null,0.75,2,5.25,135,null
"2025-12-07T00:43:46.000Z",null,null,0,2,6.25,90,null
"2025-12-07T00:47:46.000Z",null,null,2,3.75,7,112.5,null
"2025-12-07T00:51:46.000Z",null,null,2,5,8,135,null
"2025-12-07T00:55:50.000Z",null,null,3.25,5.25,9.5,135,null
"2025-12-07T00:59:50.000Z",null,null,1.75,5,8.25,112.5,null
"2025-12-07T01:03:50.000Z",null,null,2.75,4.25,6.25,135,null
"2025-12-07T01:07:55.000Z",null,null,1.5,2.75,4.5,135,null
"2025-12-07T01:11:55.000Z",null,null,1.75,3.25,5.25,112.5,null
"2025-12-07T01:15:55.000Z",null,null,1.75,4,8.75,157.5,null
"2025-12-07T01:19:58.000Z",null,null,1.5,3.5,8.25,135,null
"2025-12-07T01:23:58.000Z",null,null,1,3.5,6,135,null
"2025-12-07T01:27:58.000Z",null,null,0.75,2.5,5.5,112.5,null
"2025-12-07T01:32:03.000Z",null,null,1,3.25,8,135,null
"2025-12-07T01:36:03.000Z",null,null,1.75,5.25,11,157.5,null
"2025-12-07T01:40:03.000Z",null,null,3.25,6.75,12,157.5,null
"2025-12-07T01:44:07.000Z",null,null,3.75,7.5,12,135,null
"2025-12-07T01:48:07.000Z",null,null,2,6.25,10.5,135,null
"2025-12-07T01:52:07.000Z",null,null,2.5,6,12,135,null
"2025-12-07T01:56:11.000Z",null,null,2.75,7.25,11,157.5,null
"2025-12-07T02:00:11.000Z",null,null,5.25,8.75,13,157.5,null
"2025-12-07T02:04:11.000Z",null,null,4.75,8.5,12.5,157.5,null
"2025-12-07T02:08:14.000Z",null,null,4.75,9,13,157.5,null
"2025-12-07T02:12:14.000Z",null,null,5.5,9.5,13,157.5,null
"2025-12-07T02:16:14.000Z",null,null,3.25,6.5,10,157.5,null
"2025-12-07T02:20:19.000Z",null,null,2.5,5.75,10.5,135,null
"2025-12-07T02:24:19.000Z",null,null,1.75,4.75,8.25,135,null
"2025-12-07T02:28:19.000Z",null,null,1.75,4,7.75,112.5,null
"2025-12-07T02:32:23.000Z",null,null,2.5,4.25,8.25,112.5,null
"2025-12-07T02:36:23.000Z",null,null,2.5,5.25,8.25,112.5,null
"2025-12-07T02:40:23.000Z",null,null,1.5,4.5,11,112.5,null
"2025-12-07T02:44:27.000Z",null,null,2,5,8.75,135,null
"2025-12-07T02:48:27.000Z",null,null,3.25,4.5,7.25,112.5,null
"2025-12-07T02:52:27.000Z",null,null,2,5,8.25,112.5,null
"2025-12-07T02:56:31.000Z",null,null,2.75,4.5,7.75,135,null
"2025-12-07T03:00:31.000Z",null,null,1,3.75,6.25,135,null
"2025-12-07T03:04:31.000Z",null,null,1.5,3,5.25,112.5,null
"2025-12-07T03:08:35.000Z",null,null,2.75,4.75,6,90,null
"2025-12-07T03:12:35.000Z",null,null,3.5,5,7,90,null
"2025-12-07T03:16:35.000Z",null,null,2.75,5,8,67.5,null
"2025-12-07T03:20:39.000Z",null,null,2.5,4.5,6.25,112.5,null
"2025-12-07T03:24:39.000Z",null,null,2,4,6,112.5,null
"2025-12-07T03:28:39.000Z",null,null,2.5,3.5,4.75,90,null
"2025-12-07T03:32:43.000Z",null,null,3.75,5,7.25,112.5,null
"2025-12-07T03:36:43.000Z",null,null,2.75,4.75,7,112.5,null
"2025-12-07T03:40:43.000Z",null,null,2.75,4.25,7,112.5,null
"2025-12-07T03:44:47.000Z",null,null,1.5,3.75,6.5,135,null
"2025-12-07T03:48:47.000Z",null,null,2.5,4.25,6.25,90,null
"2025-12-07T03:52:47.000Z",null,null,4.5,7,9,90,null
"2025-12-07T03:56:51.000Z",null,null,3.25,5.5,8.75,90,null
"2025-12-07T04:00:51.000Z",null,null,3.25,7.25,11,67.5,null
"2025-12-07T04:04:51.000Z",null,null,3.75,7,11,90,null
"2025-12-07T04:08:55.000Z",null,null,0.75,3.5,6.5,112.5,null
"2025-12-07T04:12:55.000Z",null,null,0,2.25,6,135,null
"2025-12-07T04:16:55.000Z",null,null,1.5,3.25,5.5,112.5,null
"2025-12-07T04:20:59.000Z",null,null,2.5,5,8.25,90,null
"2025-12-07T04:24:59.000Z",null,null,2.5,4,6,90,null
"2025-12-07T04:28:59.000Z",null,null,1.75,3.5,4.75,67.5,null
"2025-12-07T04:33:04.000Z",null,null,1.5,3,4.5,90,null
"2025-12-07T04:37:04.000Z",null,null,0,2.25,3.75,90,null
"2025-12-07T04:41:04.000Z",null,null,0,2.5,4.75,337.5,null
"2025-12-07T04:45:08.000Z",null,null,1.75,3.25,4.75,45,null
"2025-12-07T04:49:08.000Z",null,null,2.5,3,4.5,67.5,null
"2025-12-07T04:53:08.000Z",null,null,1,2,2.75,90,null
"2025-12-07T04:57:12.000Z",null,null,2.5,3.25,3.75,90,null
"2025-12-07T05:01:12.000Z",null,null,2.5,3.5,4.5,90,null
"2025-12-07T05:05:12.000Z",null,null,3.5,5.5,8.75,90,null
"2025-12-07T05:09:15.000Z",null,null,3.25,6.25,8.75,90,null
"2025-12-07T05:13:15.000Z",null,null,4.25,7,10.5,90,null
"2025-12-07T05:17:15.000Z",null,null,2.5,4.5,8,90,null
"2025-12-07T05:21:20.000Z",null,null,3.25,6.25,9,90,null
"2025-12-07T05:25:20.000Z",null,null,2.5,4.75,8.25,90,null
"2025-12-07T05:29:20.000Z",null,null,4.75,6.75,9.5,90,null
"2025-12-07T05:33:23.000Z",null,null,2,4.75,8.25,90,null
"2025-12-07T05:37:23.000Z",null,null,2,3.75,5.5,112.5,null
"2025-12-07T05:41:23.000Z",null,null,3.25,5,8.25,90,null
"2025-12-07T05:45:27.000Z",null,null,4.5,7.5,11.5,90,null
"2025-12-07T05:49:27.000Z",null,null,5.25,8,10.5,90,null
"2025-12-07T05:53:27.000Z",null,null,3.5,6,8.75,90,null
"2025-12-07T05:57:32.000Z",null,null,2.5,3.75,7,90,null
"2025-12-07T06:01:32.000Z",null,null,2,3.75,6,112.5,null
"2025-12-07T06:05:32.000Z",null,null,0.75,2.75,6,135,null
"2025-12-07T06:09:35.000Z",null,null,1.75,3.5,6,157.5,null
"2025-12-07T06:13:35.000Z",null,null,1.75,3.5,6,112.5,null
"2025-12-07T06:17:35.000Z",null,null,2.5,4.75,7.25,90,null
"2025-12-07T06:21:40.000Z",null,null,1.75,3.25,5.25,112.5,null
"2025-12-07T06:25:40.000Z",null,null,1.5,4,7.25,135,null
"2025-12-07T06:29:40.000Z",null,null,2.5,4,7,135,null
"2025-12-07T06:33:44.000Z",null,null,2,5.5,10,135,null
"2025-12-07T06:37:44.000Z",null,null,2.75,6.25,10.5,157.5,null
"2025-12-07T06:41:44.000Z",null,null,1.5,4.25,10,157.5,null
"2025-12-07T06:45:48.000Z",null,null,2.75,6.5,10.5,157.5,null
"2025-12-07T06:49:48.000Z",null,null,2,5,8.25,135,null
"2025-12-07T06:53:48.000Z",null,null,2.5,5.5,9.5,112.5,null
"2025-12-07T06:57:52.000Z",null,null,3.25,5.75,12,135,null
"2025-12-07T07:01:52.000Z",null,null,3.5,9.75,17.5,157.5,null
"2025-12-07T07:05:52.000Z",null,null,3.75,7.5,11,157.5,null
"2025-12-07T07:09:56.000Z",null,null,2,5.5,11,135,null
"2025-12-07T07:13:56.000Z",null,null,0.75,4.75,11,135,null
"2025-12-07T07:17:56.000Z",null,null,0.75,5.25,9.75,135,null
"2025-12-07T07:22:00.000Z",null,null,1.5,3.75,6.5,112.5,null
"2025-12-07T07:26:00.000Z",null,null,0.25,3.25,6.5,135,null
"2025-12-07T07:30:00.000Z",null,null,2.75,5.5,9.75,90,null
"2025-12-07T07:34:04.000Z",null,null,0,3.25,8,112.5,null
"2025-12-07T07:38:04.000Z",null,null,1.5,4,6.5,247.5,null
"2025-12-07T07:42:04.000Z",null,null,0,1,3.75,180,null
"2025-12-07T07:46:08.000Z",null,null,2.5,14.5,20,202.5,null
"2025-12-07T07:50:08.000Z",null,null,4.5,13.5,20,202.5,null
"2025-12-07T07:54:08.000Z",null,null,12.5,17,20,180,null
"2025-12-07T07:58:13.000Z",null,null,4.25,9.25,15.5,157.5,null
"2025-12-07T08:02:13.000Z",null,null,0,4.75,10.5,180,null
"2025-12-07T08:06:13.000Z",null,null,0,3.25,7,135,null
"2025-12-07T08:10:16.000Z",null,null,0.75,3.5,8.25,90,null
"2025-12-07T08:14:16.000Z",null,null,0.25,4.25,9.5,157.5,null
"2025-12-07T08:18:16.000Z",null,null,2,5.25,8.75,180,null
"2025-12-07T08:22:21.000Z",null,null,0.5,7.25,14,180,null
"2025-12-07T08:26:21.000Z",null,null,0,3.5,9.75,112.5,null
"2025-12-07T08:30:21.000Z",null,null,0,2.25,8,135,null
"2025-12-07T08:34:24.000Z",null,null,0,2,6.25,135,null
"2025-12-07T08:38:24.000Z",null,null,0,1.75,4.25,157.5,null
"2025-12-07T08:42:24.000Z",null,null,1.5,6,11.5,202.5,null
"2025-12-07T08:46:28.000Z",null,null,3.75,10,17,180,null
"2025-12-07T08:50:28.000Z",null,null,1.5,7,15,180,null
"2025-12-07T08:54:28.000Z",null,null,0.25,5,9.75,202.5,null
"2025-12-07T08:58:33.000Z",null,null,0.25,6.5,12,180,null
"2025-12-07T09:02:33.000Z",null,null,3.5,7.25,10,157.5,null
"2025-12-07T09:06:33.000Z",null,null,0.75,4.25,7.75,135,null
"2025-12-07T09:10:37.000Z",null,null,3.75,12,27,180,null
"2025-12-07T09:14:37.000Z",null,null,3.5,14,24.5,202.5,null
"2025-12-07T09:18:37.000Z",null,null,7,15,25.5,180,null
"2025-12-07T09:22:41.000Z",null,null,4.75,13.5,21.5,202.5,null
"2025-12-07T09:26:41.000Z",null,null,3.75,10.5,20,202.5,null
"2025-12-07T09:30:41.000Z",null,null,3.5,11,18.5,202.5,null
"2025-12-07T09:34:44.000Z",null,null,2.5,15.5,23,180,null
"2025-12-07T09:38:44.000Z",null,null,3.75,12.5,22,180,null
"2025-12-07T09:42:44.000Z",null,null,4.25,13.5,21,202.5,null
"2025-12-07T09:46:49.000Z",null,null,3.75,14,23.5,202.5,null
"2025-12-07T09:50:49.000Z",null,null,4.75,14.5,21,180,null
"2025-12-07T09:54:49.000Z",null,null,9.5,16.5,25.5,180,null
"2025-12-07T09:58:53.000Z",null,null,4.5,14,21,180,null
"2025-12-07T10:02:53.000Z",null,null,5.25,13.5,19,180,null
"2025-12-07T10:06:53.000Z",null,null,5.5,13.5,21,180,null
"2025-12-07T10:10:57.000Z",null,null,5.25,14.5,24,180,null
"2025-12-07T10:14:57.000Z",null,null,4.25,12,22,180,null
"2025-12-07T10:18:57.000Z",null,null,3.25,11.5,19,180,null
"2025-12-07T10:23:01.000Z",null,null,6,11.5,19.5,180,null
"2025-12-07T10:27:01.000Z",null,null,9,13,18.5,180,null
"2025-12-07T10:31:01.000Z",null,null,7,11.5,15.5,180,null
"2025-12-07T10:35:05.000Z",null,null,3.5,7,10,157.5,null
"2025-12-07T10:39:05.000Z",null,null,2.5,5,8,135,null
"2025-12-07T10:43:05.000Z",null,null,3.5,6.25,11,135,null
"2025-12-07T10:47:09.000Z",null,null,3.5,5.75,10.5,135,null
"2025-12-07T10:51:09.000Z",null,null,1.5,3.75,9,135,null
"2025-12-07T10:55:09.000Z",null,null,1.5,4.5,7,157.5,null
"2025-12-07T10:59:13.000Z",null,null,3.25,5.5,8,157.5,null
"2025-12-07T11:03:13.000Z",null,null,3.5,5,7.25,157.5,null
"2025-12-07T11:07:13.000Z",null,null,2.75,6.75,10.5,180,null
"2025-12-07T11:11:18.000Z",null,null,3.25,9.75,14,202.5,null
"2025-12-07T11:15:18.000Z",null,null,6.25,10.5,14,202.5,null
"2025-12-07T11:19:18.000Z",null,null,6.5,11,14,225,null
"2025-12-07T11:23:22.000Z",null,null,2.75,7.5,13,202.5,null
"2025-12-07T11:27:22.000Z",null,null,1.5,4.5,7.25,202.5,null
"2025-12-07T11:31:22.000Z",null,null,2.75,7.25,10,225,null
"2025-12-07T11:35:26.000Z",null,null,7,8,9.75,225,null
"2025-12-07T11:39:26.000Z",null,null,6,8.75,13,225,null
"2025-12-07T11:43:26.000Z",null,null,8.75,11,14.5,225,null
"2025-12-07T11:47:29.000Z",null,null,0,6.5,14,202.5,null
"2025-12-07T11:51:29.000Z",null,null,0.25,3.25,7.25,202.5,null
"2025-12-07T11:55:29.000Z",null,null,3.25,6.75,12,202.5,null
"2025-12-07T11:59:33.000Z",null,null,6,10,14.5,202.5,null
"2025-12-07T12:03:33.000Z",null,null,3.25,11.5,18,202.5,null
"2025-12-07T12:07:33.000Z",null,null,1.5,11,16.5,202.5,null
"2025-12-07T12:11:38.000Z",null,null,10.5,16.5,22.5,202.5,null
"2025-12-07T12:15:38.000Z",null,null,3.5,14,20.5,202.5,null
"2025-12-07T12:19:38.000Z",null,null,7.75,11,13,202.5,null
"2025-12-07T12:23:42.000Z",null,null,3.5,8,12,202.5,null
"2025-12-07T12:27:42.000Z",null,null,3.75,9.5,17.5,202.5,null
"2025-12-07T12:31:42.000Z",null,null,6,13.5,19,180,null
"2025-12-07T12:35:46.000Z",null,null,4.75,12,19,202.5,null
"2025-12-07T12:39:46.000Z",null,null,3.25,14.5,22.5,202.5,null
"2025-12-07T12:43:46.000Z",null,null,6.25,14.5,22,202.5,null
"2025-12-07T12:47:50.000Z",null,null,5.5,16.5,30,180,null
"2025-12-07T12:51:50.000Z",null,null,13,21,29,180,null
"2025-12-07T12:55:50.000Z",null,null,13,22,29,180,null
"2025-12-07T12:59:53.000Z",null,null,14,24.5,33.5,180,null
"2025-12-07T13:03:53.000Z",null,null,18,28,35,180,null
"2025-12-07T13:07:53.000Z",null,null,11,23,30,180,null
"2025-12-07T13:11:58.000Z",null,null,14,23.5,30.5,180,null
"2025-12-07T13:15:58.000Z",null,null,15.5,23.5,30,180,null
"2025-12-07T13:19:58.000Z",null,null,8.75,21,31.5,180,null
"2025-12-07T13:24:01.000Z",null,null,7.75,19.5,28,202.5,null
"2025-12-07T13:28:01.000Z",null,null,7.25,17.5,28,202.5,null
"2025-12-07T13:32:01.000Z",null,null,9,19,29,202.5,null
"2025-12-07T13:36:06.000Z",null,null,10,21,28,202.5,null
"2025-12-07T13:40:06.000Z",null,null,9.75,20.5,34,202.5,null
"2025-12-07T13:44:06.000Z",null,null,4.25,23,38,202.5,null
"2025-12-07T13:57:05.000Z",null,null,10,23,37.5,202.5,null
"2025-12-07T14:01:05.000Z",null,null,9,22.5,34,202.5,null
"2025-12-07T14:05:05.000Z",null,null,11.5,27,42,202.5,null
"2025-12-07T14:09:09.000Z",null,null,19.5,33,43,202.5,null
"2025-12-07T14:13:09.000Z",null,null,26.5,33.5,41.5,202.5,null
"2025-12-07T14:17:09.000Z",null,null,21,37,45.5,202.5,null
"2025-12-07T14:21:13.000Z",null,null,14,35.5,46.5,202.5,null
"2025-12-07T14:25:13.000Z",null,null,18.5,32.5,43.5,202.5,null
"2025-12-07T14:29:13.000Z",null,null,7,29.5,38.5,202.5,null
"2025-12-07T14:33:17.000Z",null,null,13,26.5,45.5,202.5,null
"2025-12-07T14:37:17.000Z",null,null,13,26.5,37,202.5,null
"2025-12-07T14:41:17.000Z",null,null,8.25,28.5,40.5,180,null
"2025-12-07T14:47:07.000Z",null,null,8.75,22.5,32,202.5,null
"2025-12-07T14:51:07.000Z",null,null,12,23.5,36.5,202.5,null
"2025-12-07T14:55:07.000Z",null,null,15.5,26.5,35,202.5,null
"2025-12-07T14:59:12.000Z",null,null,9.75,19,28,202.5,null
"2025-12-07T15:03:12.000Z",null,null,8.75,19,28,180,null
"2025-12-07T15:07:12.000Z",null,null,10.5,20.5,35.5,202.5,null
"2025-12-07T15:11:15.000Z",null,null,6,19,31,202.5,null
"2025-12-07T15:15:15.000Z",null,null,5.25,17.5,26,202.5,null
"2025-12-07T15:19:15.000Z",null,null,6.5,17.5,26,180,null
"2025-12-07T15:23:19.000Z",null,null,9,17,24.5,180,null
"2025-12-07T15:27:19.000Z",null,null,8.25,18,28.5,202.5,null
"2025-12-07T15:31:19.000Z",null,null,8,19,28,180,null
"2025-12-07T15:35:24.000Z",null,null,9.75,24,31,180,null
"2025-12-07T15:39:24.000Z",null,null,12.5,22.5,31.5,180,null
"2025-12-07T15:43:24.000Z",null,null,15.5,23.5,29.5,180,null
"2025-12-07T15:47:27.000Z",null,null,11,24.5,34.5,180,null
"2025-12-07T15:51:27.000Z",null,null,13,21,29,180,null
"2025-12-07T15:55:27.000Z",null,null,6.5,21.5,30,180,null
"2025-12-07T15:59:32.000Z",null,null,9.5,22.5,33.5,180,null
"2025-12-07T16:03:32.000Z",null,null,9.75,22.5,32,180,null
"2025-12-07T16:07:32.000Z",null,null,8,22,32.5,180,null
"2025-12-07T16:11:36.000Z",null,null,15.5,25,34.5,180,null
"2025-12-07T16:15:36.000Z",null,null,17,26.5,34,180,null
"2025-12-07T16:19:36.000Z",null,null,15.5,26,33,180,null
"2025-12-07T16:23:39.000Z",null,null,14,24,29.5,180,null
"2025-12-07T16:27:39.000Z",null,null,15.5,23.5,31.5,180,null
"2025-12-07T16:31:39.000Z",null,null,9,20,29.5,157.5,null
"2025-12-07T16:35:44.000Z",null,null,7.75,17.5,29,157.5,null
"2025-12-07T16:39:44.000Z",null,null,8.25,16.5,28,157.5,null
"2025-12-07T16:43:44.000Z",null,null,3.75,10.5,19.5,135,null
"2025-12-07T16:47:48.000Z",null,null,4.75,11.5,20.5,135,null
"2025-12-07T16:51:48.000Z",null,null,4.75,11.5,19.5,157.5,null
"2025-12-07T16:55:48.000Z",null,null,4.25,11,16.5,135,null
"2025-12-07T16:59:52.000Z",null,null,3.25,9,14.5,135,null
"2025-12-07T17:03:52.000Z",null,null,5.5,10.5,15.5,157.5,null
"2025-12-07T17:07:52.000Z",null,null,5.25,15,26.5,180,null
"2025-12-07T17:11:56.000Z",null,null,9,19.5,27.5,180,null
"2025-12-07T17:15:56.000Z",null,null,9.75,18,28.5,180,null
"2025-12-07T17:19:56.000Z",null,null,9.75,17,27,157.5,null
"2025-12-07T17:23:59.000Z",null,null,11,20.5,29,180,null
"2025-12-07T17:27:59.000Z",null,null,17,23.5,30,180,null
"2025-12-07T17:31:59.000Z",null,null,12,23,28.5,180,null
"2025-12-07T17:36:04.000Z",null,null,12,21.5,29,180,null
"2025-12-07T17:40:04.000Z",null,null,6.5,13,22.5,157.5,null
"2025-12-07T17:44:04.000Z",null,null,7.75,11.5,17,157.5,null
"2025-12-07T17:48:08.000Z",null,null,3.75,9.75,16.5,157.5,null
"2025-12-07T17:52:08.000Z",null,null,4.75,9,15.5,157.5,null
"2025-12-07T17:56:08.000Z",null,null,4.25,9,16,157.5,null
"2025-12-07T18:00:12.000Z",null,null,5.5,16,24,180,null
"2025-12-07T18:04:12.000Z",null,null,11,18,24,180,null
"2025-12-07T18:08:12.000Z",null,null,11,17.5,24.5,180,null
"2025-12-07T18:12:16.000Z",null,null,10,16.5,22,180,null
"2025-12-07T18:16:16.000Z",null,null,11,18,23.5,180,null
"2025-12-07T18:20:16.000Z",null,null,6.5,15,24,157.5,null
"2025-12-07T18:24:21.000Z",null,null,6.5,11.5,18,157.5,null
"2025-12-07T18:28:21.000Z",null,null,9,14.5,21,180,null
"2025-12-07T18:32:21.000Z",null,null,10,15.5,22,180,null
"2025-12-07T18:36:24.000Z",null,null,6.5,15,24.5,180,null
"2025-12-07T18:40:24.000Z",null,null,12,19.5,26,180,null
"2025-12-07T18:44:24.000Z",null,null,8.25,17.5,25.5,180,null
"2025-12-07T18:48:29.000Z",null,null,5.5,14.5,21.5,180,null
"2025-12-07T18:52:29.000Z",null,null,10.5,19,23.5,180,null
"2025-12-07T18:56:29.000Z",null,null,7.25,15,22.5,157.5,null
"2025-12-07T19:00:32.000Z",null,null,7,12,19.5,157.5,null
"2025-12-07T19:04:32.000Z",null,null,7.75,13.5,21,157.5,null
"2025-12-07T19:08:32.000Z",null,null,7.25,16,22,157.5,null
"2025-12-07T19:12:37.000Z",null,null,2.5,7.75,19,157.5,null
"2025-12-07T19:16:37.000Z",null,null,6,11.5,21.5,157.5,null
"2025-12-07T19:20:37.000Z",null,null,7.75,17.5,26.5,180,null
"2025-12-07T19:24:40.000Z",null,null,12,20,26.5,180,null
"2025-12-07T19:28:40.000Z",null,null,12.5,21.5,29,180,null
"2025-12-07T19:32:40.000Z",null,null,11,20,25.5,180,null
"2025-12-07T19:36:44.000Z",null,null,9,16,22,157.5,null
"2025-12-07T19:40:44.000Z",null,null,6,9.75,14.5,135,null
"2025-12-07T19:44:44.000Z",null,null,6.25,9.75,18,135,null
"2025-12-07T19:48:49.000Z",null,null,2.75,9,15.5,135,null
"2025-12-07T19:52:49.000Z",null,null,6,10.5,15.5,157.5,null
"2025-12-07T19:56:49.000Z",null,null,7.25,12,17.5,157.5,null
"2025-12-07T20:00:53.000Z",null,null,3.5,8.25,14.5,157.5,null
"2025-12-07T20:04:53.000Z",null,null,3.25,9,16.5,157.5,null
"2025-12-07T20:08:53.000Z",null,null,2.75,7.5,14.5,135,null
"2025-12-07T20:12:56.000Z",null,null,4.5,9.25,18,157.5,null
"2025-12-07T20:16:56.000Z",null,null,4.5,15,25.5,157.5,null
"2025-12-07T20:20:56.000Z",null,null,8,20,27,180,null
"2025-12-07T20:25:01.000Z",null,null,11,19,26,180,null
"2025-12-07T20:29:01.000Z",null,null,4.75,12.5,22,157.5,null
"2025-12-07T20:33:01.000Z",null,null,4.5,9.25,17,135,null
"2025-12-07T20:37:04.000Z",null,null,5.5,11,18.5,157.5,null
"2025-12-07T20:41:04.000Z",null,null,6.5,12,19,157.5,null
"2025-12-07T20:45:04.000Z",null,null,5.5,10,17.5,157.5,null
"2025-12-07T20:49:09.000Z",null,null,2.75,7,13,135,null
"2025-12-07T20:53:09.000Z",null,null,1.5,7,15.5,157.5,null
"2025-12-07T20:57:09.000Z",null,null,4.5,10.5,19,157.5,null
"2025-12-07T21:01:13.000Z",null,null,3.75,8.25,16,135,null
"2025-12-07T21:05:13.000Z",null,null,3.5,8.75,12.5,157.5,null
"2025-12-07T21:09:13.000Z",null,null,2.75,9,15.5,157.5,null
"2025-12-07T21:13:16.000Z",null,null,3.25,8.25,18,180,null
"2025-12-07T21:17:16.000Z",null,null,7.25,12,21,157.5,null
"2025-12-07T21:21:16.000Z",null,null,7,10.5,17.5,157.5,null
"2025-12-07T21:25:21.000Z",null,null,2.5,6.5,13.5,135,null
"2025-12-07T21:29:21.000Z",null,null,3.5,6.75,10,157.5,null
"2025-12-07T21:33:21.000Z",null,null,4.5,7.75,12.5,135,null
"2025-12-07T21:37:25.000Z",null,null,3.5,7.75,14.5,135,null
"2025-12-07T21:41:25.000Z",null,null,5.25,9,14,157.5,null
"2025-12-07T21:45:25.000Z",null,null,6.25,10.5,18.5,157.5,null
"2025-12-07T21:49:28.000Z",null,null,5.5,11.5,16.5,180,null
"2025-12-07T21:53:28.000Z",null,null,8,14.5,20,180,null
"2025-12-07T21:57:28.000Z",null,null,10,16.5,22,180,null
"2025-12-07T22:01:33.000Z",null,null,12.5,18,23.5,180,null
"2025-12-07T22:05:33.000Z",null,null,9.75,15,19.5,180,null
"2025-12-07T22:09:33.000Z",null,null,10.5,16,21,180,null
"2025-12-07T22:13:37.000Z",null,null,9,15,20.5,180,null
"2025-12-07T22:17:37.000Z",null,null,10.5,16,21.5,180,null
"2025-12-07T22:21:37.000Z",null,null,12,18.5,26,180,null
"2025-12-07T22:25:41.000Z",null,null,11,20.5,28.5,180,null
"2025-12-07T22:29:41.000Z",null,null,11,19.5,28.5,157.5,null
"2025-12-07T22:33:41.000Z",null,null,7.25,13,20,157.5,null
"2025-12-07T22:37:45.000Z",null,null,6,13,21.5,157.5,null
"2025-12-07T22:41:45.000Z",null,null,3.75,10,19,157.5,null
"2025-12-07T22:45:45.000Z",null,null,6.25,11.5,20.5,157.5,null
"2025-12-07T22:49:49.000Z",null,null,3.25,11,17.5,157.5,null
"2025-12-07T22:53:49.000Z",null,null,5.25,11,20.5,157.5,null
"2025-12-07T22:57:49.000Z",null,null,3.75,8.75,14.5,157.5,null
"2025-12-07T23:01:53.000Z",null,null,4.25,9.5,17.5,157.5,null
"2025-12-07T23:05:53.000Z",null,null,5.25,9.5,16.5,135,null
"2025-12-07T23:09:53.000Z",null,null,1.75,7.5,18,135,null
"2025-12-07T23:13:57.000Z",null,null,3.75,7.25,16.5,135,null
"2025-12-07T23:17:57.000Z",null,null,3.25,7.25,12,135,null
"2025-12-07T23:21:57.000Z",null,null,1.75,4.75,9.75,135,null
"2025-12-07T23:26:01.000Z",null,null,1.75,4,6,135,null
"2025-12-07T23:30:01.000Z",null,null,1.75,4.5,8.25,135,null
"2025-12-07T23:34:01.000Z",null,null,0.75,3.5,10,112.5,null
"2025-12-07T23:38:06.000Z",null,null,2.75,5.25,9.5,135,null
"2025-12-07T23:42:06.000Z",null,null,2.75,5.25,10.5,112.5,null
"2025-12-07T23:46:06.000Z",null,null,2.75,5.5,10,112.5,null
"2025-12-07T23:50:09.000Z",null,null,1,4.25,9.75,135,null
"2025-12-07T23:54:09.000Z",null,null,0,3,6.25,135,null
"2025-12-07T23:58:09.000Z",null,null,0,2.5,6,112.5,null
"2025-12-08T00:02:13.000Z",null,null,0,1.5,4.25,67.5,null
"2025-12-08T00:06:13.000Z",null,null,0.25,1.75,3.5,45,null
"2025-12-08T00:10:13.000Z",null,null,0,0.25,1.75,22.5,null
"2025-12-08T00:14:17.000Z",null,null,0,0.75,2.5,22.5,null
"2025-12-08T00:18:17.000Z",null,null,0,1.25,5.5,202.5,null
"2025-12-08T00:22:17.000Z",null,null,1.75,4.5,7.25,225,null
"2025-12-08T00:26:22.000Z",null,null,0,3.25,7,225,null
"2025-12-08T00:30:22.000Z",null,null,0,0.75,3.5,202.5,null
"2025-12-08T00:34:22.000Z",null,null,0.25,2.75,4.75,202.5,null
"2025-12-08T00:38:25.000Z",null,null,0,1.25,3.5,157.5,null
"2025-12-08T00:42:25.000Z",null,null,0,0,0,112.5,null
"2025-12-08T00:46:25.000Z",null,null,0,0,0,135,null
"2025-12-08T00:50:30.000Z",null,null,0,0,0,157.5,null
"2025-12-08T00:54:30.000Z",null,null,0,0,0,90,null
"2025-12-08T00:58:30.000Z",null,null,0,0,0,90,null
"2025-12-08T01:02:34.000Z",null,null,0,0,0,67.5,null
"2025-12-08T01:06:34.000Z",null,null,0,0,0,67.5,null
"2025-12-08T01:10:34.000Z",null,null,0,0,0,90,null
"2025-12-08T01:14:38.000Z",null,null,0,0,0,67.5,null
"2025-12-08T01:18:38.000Z",null,null,0,0,0,67.5,null
"2025-12-08T01:22:38.000Z",null,null,0,0,0,67.5,null
"2025-12-08T01:26:42.000Z",null,null,0,0,0,90,null
"2025-12-08T01:30:42.000Z",null,null,0,0,0,67.5,null
"2025-12-08T01:34:42.000Z",null,null,0,3,6.25,67.5,null
"2025-12-08T01:38:46.000Z",null,null,2.75,4.5,6.75,90,null
"2025-12-08T01:42:46.000Z",null,null,3.25,5,7.25,90,null
"2025-12-08T01:46:46.000Z",null,null,1,3.25,6.5,67.5,null
"2025-12-08T01:50:50.000Z",null,null,1,2,4.25,90,null
"2025-12-08T01:54:50.000Z",null,null,0.75,2.75,4.25,157.5,null
"2025-12-08T01:58:50.000Z",null,null,2,3.5,7,112.5,null
"2025-12-08T02:02:54.000Z",null,null,2.5,4.75,7,90,null
"2025-12-08T02:06:54.000Z",null,null,2,3.75,6,135,null
"2025-12-08T02:10:54.000Z",null,null,2.75,4.5,6,112.5,null
"2025-12-08T02:14:58.000Z",null,null,3.25,5,6.5,112.5,null
"2025-12-08T02:18:58.000Z",null,null,2.5,4.75,8,90,null
"2025-12-08T02:22:58.000Z",null,null,2,3.5,5.25,112.5,null
"2025-12-08T02:27:02.000Z",null,null,2.5,3.75,6.25,90,null
"2025-12-08T02:31:02.000Z",null,null,0.75,4.25,7,90,null
"2025-12-08T02:35:02.000Z",null,null,1,3,6.25,67.5,null
"2025-12-08T02:39:06.000Z",null,null,1.75,2.25,2.75,67.5,null
"2025-12-08T02:43:06.000Z",null,null,1.75,2.75,3.75,90,null
"2025-12-08T02:47:06.000Z",null,null,0,0.25,2,67.5,null
"2025-12-08T02:51:10.000Z",null,null,1,3,4.5,90,null
"2025-12-08T02:55:10.000Z",null,null,2,3.25,4.5,90,null
"2025-12-08T02:59:10.000Z",null,null,2,2.75,3.25,67.5,null
"2025-12-08T03:03:14.000Z",null,null,1.75,2.75,3.5,112.5,null
"2025-12-08T03:07:14.000Z",null,null,2,3.25,4.75,112.5,null
"2025-12-08T03:11:14.000Z",null,null,0.25,1.5,2.75,90,null
"2025-12-08T03:15:18.000Z",null,null,0.75,2.25,3.5,90,null
"2025-12-08T03:19:18.000Z",null,null,0.75,2,3.25,90,null
"2025-12-08T03:23:18.000Z",null,null,1.75,4,5.5,112.5,null
"2025-12-08T03:27:22.000Z",null,null,3.5,5,7,112.5,null
"2025-12-08T03:31:22.000Z",null,null,1.75,4.5,8,112.5,null
"2025-12-08T03:35:22.000Z",null,null,1,3.5,6.5,112.5,null
"2025-12-08T03:39:26.000Z",null,null,1.5,3.75,8,135,null
"2025-12-08T03:43:26.000Z",null,null,1.75,4,7,135,null
"2025-12-08T03:47:26.000Z",null,null,2.5,4.5,8.25,112.5,null
"2025-12-08T03:51:31.000Z",null,null,2,4.75,9.75,112.5,null
"2025-12-08T03:55:31.000Z",null,null,2.5,4.25,6.25,90,null
"2025-12-08T03:59:31.000Z",null,null,2.5,4.75,8.25,112.5,null
"2025-12-08T04:03:35.000Z",null,null,2.5,5.25,9,112.5,null
"2025-12-08T04:07:35.000Z",null,null,1.5,4.75,8.25,112.5,null
"2025-12-08T04:11:35.000Z",null,null,3.75,6,9.75,90,null
"2025-12-08T04:15:38.000Z",null,null,2.75,7,12.5,90,null
"2025-12-08T04:19:38.000Z",null,null,2,6.75,12,112.5,null
"2025-12-08T04:23:38.000Z",null,null,1,5.25,9,135,null
"2025-12-08T04:27:42.000Z",null,null,4.75,7.5,12,157.5,null
"2025-12-08T04:31:42.000Z",null,null,2.75,5.25,7.25,157.5,null
"2025-12-08T04:35:42.000Z",null,null,1,5.5,9,180,null
"2025-12-08T04:39:47.000Z",null,null,0,4.5,8.75,180,null
"2025-12-08T04:43:47.000Z",null,null,1,4.25,7.25,157.5,null
"2025-12-08T04:47:47.000Z",null,null,1.5,3.75,6,135,null
"2025-12-08T04:51:51.000Z",null,null,0,2,4.25,112.5,null
"2025-12-08T04:55:51.000Z",null,null,1.5,2.5,4.25,112.5,null
"2025-12-08T04:59:51.000Z",null,null,0.75,2.25,4.25,135,null
"2025-12-08T05:03:55.000Z",null,null,2,3.5,4.75,135,null
"2025-12-08T05:07:55.000Z",null,null,2.5,3.5,5.25,135,null
"2025-12-08T05:11:55.000Z",null,null,3.5,5,6.5,157.5,null
"2025-12-08T05:15:58.000Z",null,null,2.75,5,7,157.5,null
"2025-12-08T05:19:58.000Z",null,null,3.25,4.5,6,157.5,null
"2025-12-08T05:23:58.000Z",null,null,2,3.5,5.25,157.5,null
"2025-12-08T05:28:03.000Z",null,null,2,3.25,6,157.5,null
"2025-12-08T05:32:03.000Z",null,null,1,2.75,5.25,135,null
"2025-12-08T05:36:03.000Z",null,null,1.75,4,6,157.5,null
"2025-12-08T05:40:07.000Z",null,null,3.25,4.75,7,157.5,null
"2025-12-08T05:44:07.000Z",null,null,2,4.5,6.25,157.5,null
"2025-12-08T05:48:07.000Z",null,null,1.5,3,5.5,112.5,null
"2025-12-08T05:52:11.000Z",null,null,2,4.25,7.25,135,null
"2025-12-08T05:56:11.000Z",null,null,2,3.75,6.5,135,null
"2025-12-08T06:00:11.000Z",null,null,3.75,6,8,157.5,null
"2025-12-08T06:04:15.000Z",null,null,4.75,6.75,9.75,180,null
"2025-12-08T06:08:15.000Z",null,null,2.5,6.75,9.75,180,null
"2025-12-08T06:12:15.000Z",null,null,2.5,6.75,9,180,null
"2025-12-08T06:16:19.000Z",null,null,3.25,5.75,8.75,157.5,null
"2025-12-08T06:20:19.000Z",null,null,2.75,4.5,6.25,157.5,null
"2025-12-08T06:24:19.000Z",null,null,2,3.75,5.5,180,null
"2025-12-08T06:28:24.000Z",null,null,3.25,5,6.5,180,null
"2025-12-08T06:32:24.000Z",null,null,0.75,3.25,5.5,180,null
"2025-12-08T06:36:24.000Z",null,null,1.75,4,5.5,157.5,null
"2025-12-08T06:40:27.000Z",null,null,2.5,3.5,4.75,157.5,null
"2025-12-08T06:44:27.000Z",null,null,1.75,3,4.5,157.5,null
"2025-12-08T06:48:27.000Z",null,null,0.75,2.75,4.5,157.5,null
"2025-12-08T06:52:31.000Z",null,null,2.5,4,5.5,180,null
"2025-12-08T06:56:31.000Z",null,null,2.75,4.5,6,180,null
"2025-12-08T07:00:31.000Z",null,null,2,3.25,4.75,135,null
"2025-12-08T07:04:35.000Z",null,null,1.75,2.5,3.5,112.5,null
"2025-12-08T07:08:35.000Z",null,null,2.5,3.5,4.5,112.5,null
"2025-12-08T07:12:35.000Z",null,null,1.75,2.75,4.25,135,null
"2025-12-08T07:16:39.000Z",null,null,2.5,3.25,3.75,112.5,null
"2025-12-08T07:20:39.000Z",null,null,2.75,3.5,4.75,112.5,null
"2025-12-08T07:24:39.000Z",null,null,2,2.75,3.5,112.5,null
"2025-12-08T07:28:44.000Z",null,null,2.25,3.5,5.25,112.5,null
"2025-12-08T07:32:44.000Z",null,null,2.75,4.75,6.25,90,null
"2025-12-08T07:36:44.000Z",null,null,0,2.25,4.75,112.5,null
"2025-12-08T07:40:47.000Z",null,null,0,0,0,22.5,null
"2025-12-08T07:44:47.000Z",null,null,0,3.5,6.25,202.5,null
"2025-12-08T07:48:47.000Z",null,null,2.5,4.75,6.5,202.5,null
"2025-12-08T07:52:52.000Z",null,null,0,2.75,6.25,180,null
"2025-12-08T07:56:52.000Z",null,null,0.25,3.25,7.25,180,null
"2025-12-08T08:00:52.000Z",null,null,1.5,3.75,7,180,null
"2025-12-08T08:04:55.000Z",null,null,1,4,6.25,180,null
"2025-12-08T08:08:55.000Z",null,null,3.25,5.5,8.75,202.5,null
"2025-12-08T08:12:55.000Z",null,null,5.5,7.75,9.5,202.5,null
"2025-12-08T08:17:00.000Z",null,null,1.75,6.5,8.75,202.5,null
"2025-12-08T08:21:00.000Z",null,null,1.75,7.25,10.5,202.5,null
"2025-12-08T08:25:00.000Z",null,null,0.25,4.5,8.75,202.5,null
"2025-12-08T08:29:04.000Z",null,null,1,5.25,9.5,202.5,null
"2025-12-08T08:33:04.000Z",null,null,1.75,6.75,11,202.5,null
"2025-12-08T08:37:04.000Z",null,null,3.25,8.5,11.5,202.5,null
"2025-12-08T08:41:08.000Z",null,null,3.25,8.25,11,202.5,null
"2025-12-08T08:45:08.000Z",null,null,0.75,6,11.5,180,null
"2025-12-08T08:49:08.000Z",null,null,4.75,7.25,10,180,null
"2025-12-08T08:53:12.000Z",null,null,2.75,7,11,157.5,null
"2025-12-08T08:57:12.000Z",null,null,2.75,5,7.25,157.5,null
"2025-12-08T09:01:12.000Z",null,null,2,4.5,8.75,112.5,null
"2025-12-08T09:05:15.000Z",null,null,1.5,4.25,9.5,112.5,null
"2025-12-08T09:09:15.000Z",null,null,2,5,8.75,112.5,null
"2025-12-08T09:13:15.000Z",null,null,1.75,4.75,8.25,112.5,null
"2025-12-08T09:17:19.000Z",null,null,2,5.25,8.25,157.5,null
"2025-12-08T09:21:19.000Z",null,null,0.75,3.75,6.25,180,null
"2025-12-08T09:25:19.000Z",null,null,3.5,5.75,6.5,225,null
"2025-12-08T09:29:24.000Z",null,null,1.75,5,6.25,202.5,null
"2025-12-08T09:33:24.000Z",null,null,0.75,3.5,5.25,180,null
"2025-12-08T09:37:24.000Z",null,null,0.25,3.75,6.25,180,null
"2025-12-08T09:41:27.000Z",null,null,1.5,5,7.25,180,null
"2025-12-08T09:45:27.000Z",null,null,2.5,5.25,7.75,157.5,null
"2025-12-08T09:49:27.000Z",null,null,3.75,6.5,9.5,180,null
"2025-12-08T09:53:32.000Z",null,null,3.75,7,11.5,180,null
"2025-12-08T09:57:32.000Z",null,null,3.5,7,10,157.5,null
"2025-12-08T10:01:32.000Z",null,null,2.75,7,11,157.5,null
"2025-12-08T10:05:36.000Z",null,null,4.25,7.75,11.5,180,null
"2025-12-08T10:09:36.000Z",null,null,4.75,8.75,12,180,null
"2025-12-08T10:13:36.000Z",null,null,4.5,8.75,13,180,null
"2025-12-08T10:17:40.000Z",null,null,4.25,9.75,14,180,null
"2025-12-08T10:21:40.000Z",null,null,5.5,9,14,180,null
"2025-12-08T10:25:40.000Z",null,null,5.25,8.25,11.5,180,null
"2025-12-08T10:29:44.000Z",null,null,3.5,7,11,180,null
"2025-12-08T10:33:44.000Z",null,null,3.5,6,10.5,180,null
"2025-12-08T10:37:44.000Z",null,null,3.75,7.5,9.75,180,null
"2025-12-08T10:41:49.000Z",null,null,2,6.5,11,180,null
"2025-12-08T10:45:49.000Z",null,null,6.25,9.25,12,180,null
"2025-12-08T10:49:49.000Z",null,null,6.5,10,12.5,180,null
"2025-12-08T10:53:53.000Z",null,null,5.5,10,13,180,null
"2025-12-08T10:57:53.000Z",null,null,6,9.25,12,180,null
"2025-12-08T11:01:53.000Z",null,null,2,7,11,180,null
"2025-12-08T11:05:57.000Z",null,null,2,6.5,10,202.5,null
"2025-12-08T11:09:57.000Z",null,null,2.5,5.75,9,202.5,null
"2025-12-08T11:13:57.000Z",null,null,3.75,8,10,180,null
"2025-12-08T11:18:00.000Z",null,null,5.25,8.75,11.5,180,null
"2025-12-08T11:22:00.000Z",null,null,6.5,10.5,13,180,null
"2025-12-08T11:26:00.000Z",null,null,7.25,11,13,180,null
"2025-12-08T11:30:04.000Z",null,null,8.25,10.5,12,180,null
"2025-12-08T11:34:04.000Z",null,null,8,10.5,12,180,null
"2025-12-08T11:38:04.000Z",null,null,5.25,9.75,11.5,180,null
"2025-12-08T11:42:08.000Z",null,null,4.75,8.25,11,180,null
"2025-12-08T11:46:08.000Z",null,null,4.25,9.25,11.5,180,null
"2025-12-08T11:50:08.000Z",null,null,6.5,9.75,12,180,null
"2025-12-08T11:54:13.000Z",null,null,5.5,9.5,11,180,null
"2025-12-08T11:58:13.000Z",null,null,4.5,7.5,10.5,180,null
"2025-12-08T12:02:13.000Z",null,null,3.5,7.5,9.75,180,null
"2025-12-08T12:06:17.000Z",null,null,5.25,7.75,10.5,180,null
"2025-12-08T12:10:17.000Z",null,null,3.25,7.5,9.5,180,null
"2025-12-08T12:14:17.000Z",null,null,3.25,7,9.5,180,null
"2025-12-08T12:18:20.000Z",null,null,4.25,7.25,9,180,null
"2025-12-08T12:22:20.000Z",null,null,3.75,7.25,9.5,180,null
"2025-12-08T12:26:20.000Z",null,null,1.75,5.5,9.5,180,null
"2025-12-08T12:30:24.000Z",null,null,1.5,4.5,7.25,180,null
"2025-12-08T12:34:24.000Z",null,null,1.75,5.25,8.25,180,null
"2025-12-08T12:38:24.000Z",null,null,3.5,8,11.5,202.5,null
"2025-12-08T12:42:29.000Z",null,null,6,9.25,11,202.5,null
"2025-12-08T12:46:29.000Z",null,null,1.5,6,8.75,180,null
"2025-12-08T12:50:29.000Z",null,null,5.5,7.5,8.75,180,null
"2025-12-08T12:54:32.000Z",null,null,3.75,6.5,9,180,null
"2025-12-08T12:58:32.000Z",null,null,2.75,5.5,9,180,null
"2025-12-08T13:02:32.000Z",null,null,1.75,4.5,7,180,null
"2025-12-08T13:06:37.000Z",null,null,2.75,7,9,180,null
"2025-12-08T13:10:37.000Z",null,null,4.5,7,8.75,180,null
"2025-12-08T13:14:37.000Z",null,null,3.5,6.5,8.75,180,null
"2025-12-08T13:18:41.000Z",null,null,3.5,6.25,8.25,180,null
"2025-12-08T13:22:41.000Z",null,null,2.5,5.5,8,180,null
"2025-12-08T13:26:41.000Z",null,null,3.25,6.5,9,180,null
"2025-12-08T13:30:45.000Z",null,null,3.75,7,8.75,180,null
"2025-12-08T13:34:45.000Z",null,null,3.5,7,9.75,180,null
"2025-12-08T13:38:45.000Z",null,null,4.75,7,8.75,180,null
"2025-12-08T13:57:42.000Z",null,null,3.25,4.25,5.25,180,null
"2025-12-08T14:01:42.000Z",null,null,3.5,4.75,5.5,180,null
"2025-12-08T14:05:42.000Z",null,null,2,3.75,5.25,157.5,null
"2025-12-08T14:09:46.000Z",null,null,2.5,3.75,5.25,157.5,null
"2025-12-08T14:13:46.000Z",null,null,2.5,3.75,5.25,157.5,null
"2025-12-08T14:17:46.000Z",null,null,1,3.5,5.25,157.5,null
"2025-12-08T14:21:51.000Z",null,null,1,2,3.75,157.5,null
"2025-12-08T14:25:51.000Z",null,null,1.5,3,4.75,157.5,null
"2025-12-08T14:29:51.000Z",null,null,1.75,2.75,4.25,157.5,null
"2025-12-08T14:33:54.000Z",null,null,1.75,2.75,4.25,157.5,null
"2025-12-08T14:37:54.000Z",null,null,2,3.75,5.25,157.5,null
"2025-12-08T14:41:54.000Z",null,null,1,2.75,4.25,157.5,null
"2025-12-08T14:47:44.000Z",null,null,1.75,3.75,5.5,157.5,null
"2025-12-08T14:51:44.000Z",null,null,2.5,4.25,5.5,157.5,null
"2025-12-08T14:55:44.000Z",null,null,2.5,3.5,5.25,157.5,null
"2025-12-08T14:59:49.000Z",null,null,1.75,2.5,4.25,157.5,null
"2025-12-08T15:03:49.000Z",null,null,0.75,1.75,2.75,135,null
"2025-12-08T15:07:49.000Z",null,null,0.75,2,3.75,112.5,null
"2025-12-08T15:11:53.000Z",null,null,1.75,4,6.25,67.5,null
"2025-12-08T15:15:53.000Z",null,null,0.75,2.75,3.75,67.5,null
"2025-12-08T15:19:53.000Z",null,null,1.5,2.5,3.5,90,null
"2025-12-08T15:23:57.000Z",null,null,2,3,3.75,90,null
"2025-12-08T15:27:57.000Z",null,null,1.5,2,3.25,67.5,null
"2025-12-08T15:31:57.000Z",null,null,1.75,3.75,6,112.5,null
"2025-12-08T15:36:01.000Z",null,null,3.25,4.5,6,90,null
"2025-12-08T15:40:01.000Z",null,null,0,3,6,112.5,null
"2025-12-08T15:44:01.000Z",null,null,0,2.25,3.75,292.5,null
"2025-12-08T15:48:04.000Z",null,null,0.25,2.5,4.5,292.5,null
"2025-12-08T15:52:04.000Z",null,null,1.75,2.5,3.5,292.5,null
"2025-12-08T15:56:04.000Z",null,null,0,0.25,1.75,270,null
"2025-12-08T16:00:09.000Z",null,null,0,0.25,1.5,112.5,null
"2025-12-08T16:04:09.000Z",null,null,0,1.75,3.25,202.5,null
"2025-12-08T16:08:09.000Z",null,null,2,3,3.5,157.5,null
"2025-12-08T16:12:13.000Z",null,null,2.5,3.5,4.5,112.5,null
"2025-12-08T16:16:13.000Z",null,null,2.75,4,5.25,90,null
"2025-12-08T16:20:13.000Z",null,null,0,2.25,4.25,90,null
"2025-12-08T16:24:16.000Z",null,null,0,1,2.75,135,null
"2025-12-08T16:28:16.000Z",null,null,0,0.75,2.75,112.5,null
"2025-12-08T16:32:16.000Z",null,null,0,1.25,2.5,67.5,null
"2025-12-08T16:36:21.000Z",null,null,0,0.5,2.5,135,null
"2025-12-08T16:40:21.000Z",null,null,0,1,2.5,112.5,null
"2025-12-08T16:44:21.000Z",null,null,0,1.25,4.75,90,null
"2025-12-08T16:48:25.000Z",null,null,0,0.25,1,225,null
"2025-12-08T16:52:25.000Z",null,null,0,2,7,112.5,null
"2025-12-08T16:56:25.000Z",null,null,1.75,4.25,9.5,90,null
"2025-12-08T17:00:29.000Z",null,null,1,4,7.75,67.5,null
"2025-12-08T17:04:29.000Z",null,null,0,4,10,67.5,null
"2025-12-08T17:08:29.000Z",null,null,2.75,5.75,11.5,90,null
"2025-12-08T17:12:33.000Z",null,null,1.5,3.75,8.25,90,null
"2025-12-08T17:16:33.000Z",null,null,1,4.25,10,90,null
"2025-12-08T17:20:33.000Z",null,null,2.5,5.25,9.5,112.5,null
"2025-12-08T17:24:37.000Z",null,null,3.5,6.5,8.75,112.5,null
"2025-12-08T17:28:37.000Z",null,null,4.75,7,10,180,null
"2025-12-08T17:32:37.000Z",null,null,5.25,8.5,11,180,null
"2025-12-08T17:36:41.000Z",null,null,5.25,8.5,12.5,180,null
"2025-12-08T17:40:41.000Z",null,null,3.5,6.5,9.5,157.5,null
"2025-12-08T17:44:41.000Z",null,null,1.5,5.25,9.5,135,null
"2025-12-08T17:48:46.000Z",null,null,0.25,3.25,7.25,135,null
"2025-12-08T17:52:46.000Z",null,null,1.75,5.75,9.75,135,null
"2025-12-08T17:56:46.000Z",null,null,4.5,7.75,12,135,null
"2025-12-08T18:00:50.000Z",null,null,4.75,8,13,112.5,null
"2025-12-08T18:04:50.000Z",null,null,3.5,7.5,11.5,112.5,null
"2025-12-08T18:08:50.000Z",null,null,4.5,9.25,15.5,112.5,null
"2025-12-08T18:12:53.000Z",null,null,3.5,7.75,13.5,112.5,null
"2025-12-08T18:16:53.000Z",null,null,3.75,7.75,14,112.5,null
"2025-12-08T18:20:53.000Z",null,null,3.25,7.25,13,135,null
"2025-12-08T18:24:57.000Z",null,null,4.25,8,14,135,null
"2025-12-08T18:28:57.000Z",null,null,2.75,7.25,14,157.5,null
"2025-12-08T18:32:57.000Z",null,null,5.5,12,16.5,180,null
"2025-12-08T18:37:01.000Z",null,null,8.25,12.5,16,180,null
"2025-12-08T18:41:01.000Z",null,null,5.5,9.25,13,180,null
"2025-12-08T18:45:01.000Z",null,null,4.5,8.25,12,157.5,null
"2025-12-08T18:49:06.000Z",null,null,5.25,8,14,157.5,null
"2025-12-08T18:53:06.000Z",null,null,3.75,7.5,11,157.5,null
"2025-12-08T18:57:06.000Z",null,null,5.25,7.25,9.5,157.5,null
"2025-12-08T19:01:09.000Z",null,null,2.75,4.75,7.75,135,null
"2025-12-08T19:05:09.000Z",null,null,2,3.75,6.5,135,null
"2025-12-08T19:09:09.000Z",null,null,2,4.25,7.75,135,null
"2025-12-08T19:13:13.000Z",null,null,3.5,5.5,8,135,null
"2025-12-08T19:17:13.000Z",null,null,3.5,5.75,9,112.5,null
"2025-12-08T19:21:13.000Z",null,null,3.25,6,8.75,135,null
"2025-12-08T19:25:18.000Z",null,null,3.25,4.75,7.75,135,null
"2025-12-08T19:29:18.000Z",null,null,2.75,4.75,6.5,157.5,null
"2025-12-08T19:33:18.000Z",null,null,2.75,5,7.25,157.5,null
"2025-12-08T19:37:21.000Z",null,null,4.5,6.5,9,157.5,null
"2025-12-08T19:41:21.000Z",null,null,3.5,5.5,8,157.5,null
"2025-12-08T19:45:21.000Z",null,null,3.25,5.5,8.25,112.5,null
"2025-12-08T19:49:26.000Z",null,null,3.5,6,8.75,112.5,null
"2025-12-08T19:53:26.000Z",null,null,4.25,6,8.25,112.5,null
"2025-12-08T19:57:26.000Z",null,null,3.5,6,9,112.5,null
"2025-12-08T20:01:30.000Z",null,null,2,4,6.5,135,null
"2025-12-08T20:05:30.000Z",null,null,3.25,4.75,7.75,135,null
"2025-12-08T20:09:30.000Z",null,null,2.75,5.25,7.75,135,null
"2025-12-08T20:13:33.000Z",null,null,3.5,5.5,8.75,135,null
"2025-12-08T20:17:33.000Z",null,null,3.75,6.5,10.5,135,null
"2025-12-08T20:21:33.000Z",null,null,3.5,6,9,135,null
"2025-12-08T20:25:38.000Z",null,null,3.75,6.5,11,135,null
"2025-12-08T20:29:38.000Z",null,null,3.25,5.75,8.75,135,null
"2025-12-08T20:33:38.000Z",null,null,3.75,7.5,11.5,135,null
"2025-12-08T20:37:42.000Z",null,null,4.25,7,10.5,135,null
"2025-12-08T20:41:42.000Z",null,null,1.75,6.25,12,157.5,null
"2025-12-08T20:45:42.000Z",null,null,3.5,6.5,9.5,157.5,null
"2025-12-08T20:49:46.000Z",null,null,3.25,5.75,8.25,180,null
"2025-12-08T20:53:46.000Z",null,null,2.5,5.75,8,157.5,null
"2025-12-08T20:57:46.000Z",null,null,2.75,5.75,9,157.5,null
"2025-12-08T21:01:50.000Z",null,null,4.5,7,11,157.5,null
"2025-12-08T21:05:50.000Z",null,null,3.5,7,12,135,null
"2025-12-08T21:09:50.000Z",null,null,4.5,7.5,13,112.5,null
"2025-12-08T21:13:54.000Z",null,null,2.75,5.5,10.5,135,null
"2025-12-08T21:17:54.000Z",null,null,2.75,6.25,11,157.5,null
"2025-12-08T21:21:54.000Z",null,null,4.25,8.75,14,180,null
"2025-12-08T21:25:58.000Z",null,null,1.75,4.75,9,180,null
"2025-12-08T21:29:58.000Z",null,null,2.5,5.25,7.75,157.5,null
"2025-12-08T21:33:58.000Z",null,null,3.75,6.25,10.5,157.5,null
"2025-12-08T21:38:02.000Z",null,null,1.75,5,7.75,157.5,null
"2025-12-08T21:42:02.000Z",null,null,1.75,3.25,4.75,157.5,null
"2025-12-08T21:46:02.000Z",null,null,2,4,7.25,112.5,null
"2025-12-08T21:50:06.000Z",null,null,2.5,4.75,8,135,null
"2025-12-08T21:54:06.000Z",null,null,2,4.75,7,112.5,null
"2025-12-08T21:58:06.000Z",null,null,4.25,6.75,9.75,112.5,null
"2025-12-08T22:02:10.000Z",null,null,4.5,7.75,11,90,null
"2025-12-08T22:06:10.000Z",null,null,6,9,14.5,90,null
"2025-12-08T22:10:10.000Z",null,null,3.25,7.5,11,90,null
"2025-12-08T22:14:14.000Z",null,null,3.5,5.75,9,90,null
"2025-12-08T22:18:14.000Z",null,null,4.25,5.75,8.25,112.5,null
"2025-12-08T22:22:14.000Z",null,null,3.75,5.5,8,135,null
"2025-12-08T22:26:18.000Z",null,null,4.25,6.25,8,112.5,null
"2025-12-08T22:30:18.000Z",null,null,3.25,6,9.5,112.5,null
"2025-12-08T22:34:18.000Z",null,null,4.75,6.75,9.5,112.5,null
"2025-12-08T22:38:22.000Z",null,null,4.5,7.5,11,112.5,null
"2025-12-08T22:42:22.000Z",null,null,5.25,6.75,8.25,112.5,null
"2025-12-08T22:46:22.000Z",null,null,4.5,6.25,8.75,112.5,null
"2025-12-08T22:50:27.000Z",null,null,4.75,6.75,8.25,112.5,null
"2025-12-08T22:54:27.000Z",null,null,3.25,5,8.75,112.5,null
"2025-12-08T22:58:27.000Z",null,null,0.25,2.5,5.5,112.5,null
"2025-12-08T23:02:30.000Z",null,null,1,2.75,5.5,90,null
"2025-12-08T23:06:30.000Z",null,null,2,4.5,9,112.5,null
"2025-12-08T23:10:30.000Z",null,null,4.5,7,10.5,112.5,null
"2025-12-08T23:14:34.000Z",null,null,3.5,6.75,11,112.5,null
"2025-12-08T23:18:34.000Z",null,null,4.75,8.25,12.5,90,null
"2025-12-08T23:22:34.000Z",null,null,3.25,7.5,11.5,90,null
"2025-12-08T23:26:39.000Z",null,null,4.25,7.25,12,90,null
"2025-12-08T23:30:39.000Z",null,null,3.25,6.75,12,112.5,null
"2025-12-08T23:34:39.000Z",null,null,3.5,6.25,11,112.5,null
"2025-12-08T23:38:42.000Z",null,null,2,6.75,11,90,null
"2025-12-08T23:42:42.000Z",null,null,2,6.75,14.5,112.5,null
"2025-12-08T23:46:42.000Z",null,null,1.5,4.5,8,112.5,null
"2025-12-08T23:50:47.000Z",null,null,2,5.25,9.75,135,null
"2025-12-08T23:54:47.000Z",null,null,2.75,5.75,9,135,null
"2025-12-08T23:58:47.000Z",null,null,3.75,6,9.5,135,null
"2025-12-09T00:02:51.000Z",null,null,3.5,6.75,10,112.5,null
"2025-12-09T00:06:51.000Z",null,null,5.25,7,10.5,112.5,null
"2025-12-09T00:10:51.000Z",null,null,5.25,7.5,10.5,112.5,null
"2025-12-09T00:14:55.000Z",null,null,5.5,7.75,10,112.5,null
"2025-12-09T00:18:55.000Z",null,null,4.75,7.25,9.75,112.5,null
"2025-12-09T00:22:55.000Z",null,null,4.25,6.5,9,135,null
"2025-12-09T00:26:59.000Z",null,null,2.5,6,9.5,112.5,null
"2025-12-09T00:30:59.000Z",null,null,4.25,6.75,10,112.5,null
"2025-12-09T00:34:59.000Z",null,null,1.75,4.5,10.5,112.5,null
"2025-12-09T00:39:03.000Z",null,null,2.75,8.25,15.5,112.5,null
"2025-12-09T00:43:03.000Z",null,null,4.5,8.25,14.5,112.5,null
"2025-12-09T00:47:03.000Z",null,null,6.25,8.5,11.5,112.5,null
"2025-12-09T00:51:07.000Z",null,null,4.75,9.5,14.5,112.5,null
"2025-12-09T00:55:07.000Z",null,null,4.75,7,12,112.5,null
"2025-12-09T00:59:07.000Z",null,null,2.5,7.25,13,112.5,null
"2025-12-09T01:03:11.000Z",null,null,3.75,7,9.5,112.5,null
"2025-12-09T01:07:11.000Z",null,null,5.25,7.5,10.5,112.5,null
"2025-12-09T01:11:11.000Z",null,null,2.5,5.75,9,112.5,null
"2025-12-09T01:15:15.000Z",null,null,2.75,4.5,7.25,112.5,null
"2025-12-09T01:19:15.000Z",null,null,4.25,6,8,112.5,null
"2025-12-09T01:23:15.000Z",null,null,2,4.5,6.5,112.5,null
"2025-12-09T01:27:19.000Z",null,null,0,2.5,8,90,null
"2025-12-09T01:31:19.000Z",null,null,3.25,6.75,11,90,null
"2025-12-09T01:35:19.000Z",null,null,0.75,4.5,8.75,90,null
"2025-12-09T01:39:23.000Z",null,null,0,2.25,7,112.5,null
"2025-12-09T01:43:23.000Z",null,null,0,2.5,5.5,45,null
"2025-12-09T01:47:23.000Z",null,null,0,1.5,4.75,22.5,null
"2025-12-09T01:51:27.000Z",null,null,0,0.5,2.5,45,null
"2025-12-09T01:55:27.000Z",null,null,0,0,1.5,67.5,null
"2025-12-09T01:59:27.000Z",null,null,0,1.75,4.25,112.5,null
"2025-12-09T02:03:32.000Z",null,null,3.5,4.5,6,112.5,null
"2025-12-09T02:07:32.000Z",null,null,2.75,4.5,6.25,112.5,null
"2025-12-09T02:11:32.000Z",null,null,2.5,4.75,7,90,null
"2025-12-09T02:15:35.000Z",null,null,2,4.5,7.25,67.5,null
"2025-12-09T02:19:35.000Z",null,null,3.25,6,9,67.5,null
"2025-12-09T02:23:35.000Z",null,null,0.25,5,8.75,90,null
"2025-12-09T02:27:39.000Z",null,null,0,2,4.25,112.5,null
"2025-12-09T02:31:39.000Z",null,null,0.75,2,3.25,90,null
"2025-12-09T02:35:39.000Z",null,null,1.5,3.5,6,90,null
"2025-12-09T02:39:44.000Z",null,null,2,3.5,6,90,null
"2025-12-09T02:43:44.000Z",null,null,1.5,3.25,5.25,90,null
"2025-12-09T02:47:44.000Z",null,null,2,3.5,4.75,112.5,null
"2025-12-09T02:51:47.000Z",null,null,1.5,2.75,3.75,90,null
"2025-12-09T02:55:47.000Z",null,null,1.5,2.25,3.25,90,null
"2025-12-09T02:59:47.000Z",null,null,2,2.5,3.5,112.5,null
"2025-12-09T03:03:51.000Z",null,null,1.5,2,2.5,112.5,null
"2025-12-09T03:07:51.000Z",null,null,0.75,2.5,3.75,90,null
"2025-12-09T03:11:51.000Z",null,null,1.75,4,6.5,90,null
"2025-12-09T03:15:56.000Z",null,null,3.5,5.75,9.5,90,null
"2025-12-09T03:19:56.000Z",null,null,2,4.5,6.25,90,null
"2025-12-09T03:23:56.000Z",null,null,0.75,2.5,4.5,90,null
"2025-12-09T03:28:00.000Z",null,null,1.5,3.5,5.25,90,null
"2025-12-09T03:32:00.000Z",null,null,1.5,3.25,4.75,112.5,null
"2025-12-09T03:36:00.000Z",null,null,3.5,4.25,5.5,90,null
"2025-12-09T03:40:04.000Z",null,null,2.5,3.25,4.5,90,null
"2025-12-09T03:44:04.000Z",null,null,1.75,3.5,5.5,90,null
"2025-12-09T03:48:04.000Z",null,null,0.75,2.75,5.25,90,null
"2025-12-09T03:52:07.000Z",null,null,2,2.75,3.75,90,null
"2025-12-09T03:56:07.000Z",null,null,1.5,3,6.25,112.5,null
"2025-12-09T04:00:07.000Z",null,null,1.75,3.5,7,112.5,null
"2025-12-09T04:04:11.000Z",null,null,2,3,4.75,112.5,null
"2025-12-09T04:08:11.000Z",null,null,2.75,4.75,7.75,112.5,null
"2025-12-09T04:12:11.000Z",null,null,1.75,5,8,112.5,null
"2025-12-09T04:16:16.000Z",null,null,1.75,5,8.25,90,null
"2025-12-09T04:20:16.000Z",null,null,1.75,3.75,6.25,112.5,null
"2025-12-09T04:24:16.000Z",null,null,2.5,4.5,6.25,112.5,null
"2025-12-09T04:28:20.000Z",null,null,1,3.5,6.25,112.5,null
"2025-12-09T04:32:20.000Z",null,null,1.75,3.25,7,112.5,null
"2025-12-09T04:36:20.000Z",null,null,1.75,4,7,112.5,null
"2025-12-09T04:40:24.000Z",null,null,2,3.75,6,112.5,null
"2025-12-09T04:44:24.000Z",null,null,1.5,3.25,6,112.5,null
"2025-12-09T04:48:24.000Z",null,null,1.5,3.25,5.25,135,null
"2025-12-09T04:52:28.000Z",null,null,1.75,4,6,135,null
"2025-12-09T04:56:28.000Z",null,null,2,5,7.75,112.5,null
"2025-12-09T05:00:28.000Z",null,null,1,2.5,5.5,135,null
"2025-12-09T05:04:32.000Z",null,null,1.75,3.5,4.75,135,null
"2025-12-09T05:08:32.000Z",null,null,0.25,2.5,4.5,135,null
"2025-12-09T05:12:32.000Z",null,null,1,3,5.25,112.5,null
"2025-12-09T05:16:36.000Z",null,null,2.75,4.5,6.5,112.5,null
"2025-12-09T05:20:36.000Z",null,null,3.5,5.5,8.25,135,null
"2025-12-09T05:24:36.000Z",null,null,1.75,5.5,9,135,null
"2025-12-09T05:28:40.000Z",null,null,0.25,3.5,6.5,157.5,null
"2025-12-09T05:32:40.000Z",null,null,1,3.75,7,180,null
"2025-12-09T05:36:40.000Z",null,null,1.75,4.75,6.5,157.5,null
"2025-12-09T05:40:44.000Z",null,null,1.75,4,7,135,null
"2025-12-09T05:44:44.000Z",null,null,0.25,1.75,3.5,135,null
"2025-12-09T05:48:44.000Z",null,null,0,2,4.25,135,null
"2025-12-09T05:52:48.000Z",null,null,1.5,3.5,5.25,135,null
"2025-12-09T05:56:48.000Z",null,null,1,4.25,6.25,135,null
"2025-12-09T06:00:48.000Z",null,null,2.75,4.5,6.25,135,null
"2025-12-09T06:04:52.000Z",null,null,0.75,3,4.75,135,null
"2025-12-09T06:08:52.000Z",null,null,1,3.75,7,135,null
"2025-12-09T06:12:52.000Z",null,null,1.75,5.5,10,135,null
"2025-12-09T06:16:56.000Z",null,null,1.75,4.25,7.75,157.5,null
"2025-12-09T06:20:56.000Z",null,null,0.25,4.5,7.25,157.5,null
"2025-12-09T06:24:56.000Z",null,null,1,4.25,7.25,157.5,null
"2025-12-09T06:29:00.000Z",null,null,3.75,6.75,9,157.5,null
"2025-12-09T06:33:00.000Z",null,null,3.5,6.75,9.75,157.5,null
"2025-12-09T06:37:00.000Z",null,null,0.75,5.5,9.5,157.5,null
"2025-12-09T06:41:05.000Z",null,null,2,4.75,7.25,157.5,null
"2025-12-09T06:45:05.000Z",null,null,1.5,3.75,6.5,157.5,null
"2025-12-09T06:49:05.000Z",null,null,1,5,7.75,157.5,null
"2025-12-09T06:53:08.000Z",null,null,3.75,5.5,7.25,157.5,null
"2025-12-09T06:57:08.000Z",null,null,0,2.25,5.25,157.5,null
"2025-12-09T07:01:08.000Z",null,null,0,0,0.25,112.5,null
"2025-12-09T07:05:13.000Z",null,null,0,0,0,67.5,null
"2025-12-09T07:09:13.000Z",null,null,0,2.25,3.75,90,null
"2025-12-09T07:13:13.000Z",null,null,0,1.5,3.25,67.5,null
"2025-12-09T07:17:16.000Z",null,null,0,1.5,3.5,112.5,null
"2025-12-09T07:21:16.000Z",null,null,1,3,4.25,157.5,null
"2025-12-09T07:25:16.000Z",null,null,0,3,4.5,157.5,null
"2025-12-09T07:29:21.000Z",null,null,2,4.25,6.25,202.5,null
"2025-12-09T07:33:21.000Z",null,null,1.75,5.25,7.25,180,null
"2025-12-09T07:37:21.000Z",null,null,1.5,3.75,6.5,135,null
"2025-12-09T07:41:24.000Z",null,null,0.25,2.75,9,157.5,null
"2025-12-09T07:45:24.000Z",null,null,0.25,4.25,8.75,112.5,null
"2025-12-09T07:49:24.000Z",null,null,0,1,3.75,135,null
"2025-12-09T07:53:29.000Z",null,null,0.75,6,12,157.5,null
"2025-12-09T07:57:29.000Z",null,null,2.75,7,11,157.5,null
"2025-12-09T08:01:29.000Z",null,null,5.25,9,13,157.5,null
"2025-12-09T08:05:33.000Z",null,null,5.25,10.5,13.5,180,null
"2025-12-09T08:09:33.000Z",null,null,4.75,10,14,180,null
"2025-12-09T08:13:33.000Z",null,null,2.5,8.5,13,180,null
"2025-12-09T08:17:37.000Z",null,null,4.25,9.25,16.5,157.5,null
"2025-12-09T08:21:37.000Z",null,null,5.25,10,17.5,157.5,null
"2025-12-09T08:25:37.000Z",null,null,3.75,8,12.5,135,null
"2025-12-09T08:29:41.000Z",null,null,2.5,5.75,11,157.5,null
"2025-12-09T08:33:41.000Z",null,null,0.25,5.75,9.75,157.5,null
"2025-12-09T08:37:41.000Z",null,null,1.5,6.5,10.5,180,null
"2025-12-09T08:41:45.000Z",null,null,2.5,6.25,12,135,null
"2025-12-09T08:45:45.000Z",null,null,1.75,5.25,8.75,135,null
"2025-12-09T08:49:45.000Z",null,null,1.5,5,8.75,112.5,null
"2025-12-09T08:53:49.000Z",null,null,1.5,3.75,5.5,135,null
"2025-12-09T08:57:49.000Z",null,null,2,3.75,6,157.5,null
"2025-12-09T09:01:49.000Z",null,null,0,2.5,6,180,null
"2025-12-09T09:05:53.000Z",null,null,1,4,8.25,180,null
"2025-12-09T09:09:53.000Z",null,null,2,5.5,9,225,null
"2025-12-09T09:13:53.000Z",null,null,4.5,6,8,202.5,null
"2025-12-09T09:17:57.000Z",null,null,2.5,5.5,7.75,225,null
"2025-12-09T09:21:57.000Z",null,null,2.75,4.75,7.75,225,null
"2025-12-09T09:25:57.000Z",null,null,0.75,3,4.75,247.5,null
"2025-12-09T09:30:01.000Z",null,null,2.5,4,6,292.5,null
"2025-12-09T09:34:01.000Z",null,null,1,2.75,4.5,315,null
"2025-12-09T09:38:01.000Z",null,null,0,2,4.25,337.5,null
"2025-12-09T09:42:05.000Z",null,null,0,1.75,3.75,0,null
"2025-12-09T09:46:05.000Z",null,null,0.25,2,4.25,22.5,null
"2025-12-09T09:50:05.000Z",null,null,0,0,0.75,67.5,null
"2025-12-09T09:54:09.000Z",null,null,0,0,0,90,null
"2025-12-09T09:58:09.000Z",null,null,0,1,3.75,45,null
"2025-12-09T10:02:09.000Z",null,null,0,0.25,2.5,22.5,null
"2025-12-09T10:06:14.000Z",null,null,1.75,4,5.5,337.5,null
"2025-12-09T10:10:14.000Z",null,null,0.25,2.25,3.75,315,null
"2025-12-09T10:14:14.000Z",null,null,0,2,4.25,292.5,null
"2025-12-09T10:18:17.000Z",null,null,2.5,4,6,270,null
"2025-12-09T10:22:17.000Z",null,null,0.75,2.75,4.25,225,null
"2025-12-09T10:26:17.000Z",null,null,0,0.5,2.75,202.5,null
"2025-12-09T10:30:21.000Z",null,null,0,2.25,5.25,225,null
"2025-12-09T10:34:21.000Z",null,null,2.5,4.5,6.5,225,null
"2025-12-09T10:38:21.000Z",null,null,1,3.25,5.25,202.5,null
"2025-12-09T10:42:26.000Z",null,null,0,0.5,4,180,null
"2025-12-09T10:46:26.000Z",null,null,0,1,3.25,247.5,null
"2025-12-09T10:50:26.000Z",null,null,0,0.5,3.5,247.5,null
"2025-12-09T10:54:29.000Z",null,null,0,0,3.25,270,null
"2025-12-09T10:58:29.000Z",null,null,1.5,3.25,5.25,270,null
"2025-12-09T11:02:29.000Z",null,null,1.75,3.25,5.25,292.5,null
"2025-12-09T11:06:34.000Z",null,null,0,1.5,3.25,315,null
"2025-12-09T11:10:34.000Z",null,null,0,1.75,4.25,315,null
"2025-12-09T11:14:34.000Z",null,null,0,2,4.25,315,null
"2025-12-09T11:18:38.000Z",null,null,0,2.25,4.75,337.5,null
"2025-12-09T11:22:38.000Z",null,null,0,1,3.5,337.5,null
"2025-12-09T11:26:38.000Z",null,null,0,1.75,3.5,0,null
"2025-12-09T11:30:42.000Z",null,null,0,0,1.5,0,null
"2025-12-09T11:34:42.000Z",null,null,0,0,0,22.5,null
"2025-12-09T11:38:42.000Z",null,null,0,0,0,22.5,null
"2025-12-09T11:42:45.000Z",null,null,0,1.5,4.25,315,null
"2025-12-09T11:46:45.000Z",null,null,0,1.5,3.5,315,null
"2025-12-09T11:50:45.000Z",null,null,0,2,3.75,337.5,null
"2025-12-09T11:54:50.000Z",null,null,0,0,1,0,null
"2025-12-09T11:58:50.000Z",null,null,0,1.25,4.25,315,null
"2025-12-09T12:02:50.000Z",null,null,0,1,2.75,247.5,null
"2025-12-09T12:06:54.000Z",null,null,0,0.25,1.75,247.5,null
"2025-12-09T12:10:54.000Z",null,null,0,0,0,247.5,null
"2025-12-09T12:14:54.000Z",null,null,0,0.5,2,225,null
"2025-12-09T12:18:58.000Z",null,null,0,1,4.5,270,null
"2025-12-09T12:22:58.000Z",null,null,0,0.5,3.5,337.5,null
"2025-12-09T12:26:58.000Z",null,null,0,0,0,337.5,null
"2025-12-09T12:31:02.000Z",null,null,0,0.25,1.5,337.5,null
"2025-12-09T12:35:02.000Z",null,null,0,1,4.5,337.5,null
"2025-12-09T12:39:02.000Z",null,null,0,1.25,3.25,315,null
"2025-12-09T12:43:06.000Z",null,null,0.75,2.75,4.25,315,null
"2025-12-09T12:47:06.000Z",null,null,1,3,4.25,315,null
"2025-12-09T12:51:06.000Z",null,null,0.75,2.5,4.25,337.5,null
"2025-12-09T12:55:10.000Z",null,null,1.5,2.5,3.5,337.5,null
"2025-12-09T12:59:10.000Z",null,null,0,0.5,2.5,0,null
"2025-12-09T13:03:10.000Z",null,null,0,2.25,4.5,292.5,null
"2025-12-09T13:07:14.000Z",null,null,0,1.75,3.25,292.5,null
"2025-12-09T13:11:14.000Z",null,null,0,0,0.25,315,null
"2025-12-09T13:15:14.000Z",null,null,0,1.5,2.75,337.5,null
"2025-12-09T13:19:19.000Z",null,null,0,0.75,4.5,292.5,null
"2025-12-09T13:23:19.000Z",null,null,0,0,0.25,315,null
"2025-12-09T13:27:19.000Z",null,null,0,1,4.25,22.5,null
"2025-12-09T13:31:22.000Z",null,null,0,1.25,3.75,315,null
"2025-12-09T13:35:22.000Z",null,null,0.25,3,4.75,337.5,null
"2025-12-09T13:39:22.000Z",null,null,1,2.5,4.25,0,null
"2025-12-09T13:58:20.000Z",null,null,0,1.75,4.25,315,null
"2025-12-09T14:02:20.000Z",null,null,0,2.5,4.5,337.5,null
"2025-12-09T14:06:20.000Z",null,null,0,0.25,2.5,337.5,null
"2025-12-09T14:10:24.000Z",null,null,0,1.5,4.5,292.5,null
"2025-12-09T14:14:24.000Z",null,null,0,0.5,2.5,202.5,null
"2025-12-09T14:18:24.000Z",null,null,0,0.5,2,292.5,null
"2025-12-09T14:22:28.000Z",null,null,0,0.25,2,225,null
"2025-12-09T14:26:28.000Z",null,null,0,1.25,2.75,337.5,null
"2025-12-09T14:30:28.000Z",null,null,0,0.75,4.25,0,null
"2025-12-09T14:34:32.000Z",null,null,0,1.25,3,337.5,null
"2025-12-09T14:38:32.000Z",null,null,0,1,6,315,null
"2025-12-09T14:42:32.000Z",null,null,0,1.5,5.25,337.5,null
"2025-12-09T14:48:22.000Z",null,null,0,1,4.25,0,null
"2025-12-09T14:52:22.000Z",null,null,0,0,0,22.5,null
"2025-12-09T14:56:22.000Z",null,null,0,1.75,5.5,315,null
"2025-12-09T15:00:26.000Z",null,null,0,0.75,3.25,315,null
"2025-12-09T15:04:26.000Z",null,null,0,1.5,3.25,90,null
"2025-12-09T15:08:26.000Z",null,null,0,0.75,3.25,0,null
"2025-12-09T15:12:30.000Z",null,null,0,0.75,3.5,247.5,null
"2025-12-09T15:16:30.000Z",null,null,0,1.25,3.5,180,null
"2025-12-09T15:20:30.000Z",null,null,0,1.75,4.75,225,null
"2025-12-09T15:24:35.000Z",null,null,0,0,0,180,null
"2025-12-09T15:28:35.000Z",null,null,0,0.25,1.5,67.5,null
"2025-12-09T15:32:35.000Z",null,null,0,0.5,1.75,157.5,null
"2025-12-09T15:36:39.000Z",null,null,0,0.5,3.25,112.5,null
"2025-12-09T15:40:39.000Z",null,null,0,0.75,2.75,112.5,null
"2025-12-09T15:44:39.000Z",null,null,0,1.75,4.25,157.5,null
"2025-12-09T15:48:43.000Z",null,null,0.75,2.5,3.5,225,null
"2025-12-09T15:52:43.000Z",null,null,0.75,2.75,3.75,202.5,null
"2025-12-09T15:56:43.000Z",null,null,0.25,2.25,3.5,157.5,null
"2025-12-09T16:00:47.000Z",null,null,1.5,2,2.75,112.5,null
"2025-12-09T16:04:47.000Z",null,null,0,0.5,1.75,135,null
"2025-12-09T16:08:47.000Z",null,null,0,0,0,45,null
"2025-12-09T16:12:50.000Z",null,null,0,0,0,45,null
"2025-12-09T16:16:50.000Z",null,null,0,0,0,45,null
"2025-12-09T16:20:50.000Z",null,null,0,2.25,4.5,112.5,null
"2025-12-09T16:24:55.000Z",null,null,0,0.5,3.5,90,null
"2025-12-09T16:28:55.000Z",null,null,1,4.5,6.5,67.5,null
"2025-12-09T16:32:55.000Z",null,null,0,2,5.5,90,null
"2025-12-09T16:36:59.000Z",null,null,0,2,6,112.5,null
"2025-12-09T16:40:59.000Z",null,null,0,2.25,5.25,112.5,null
"2025-12-09T16:44:59.000Z",null,null,0,1.5,4.5,225,null
"2025-12-09T16:49:03.000Z",null,null,0,1,3.5,180,null
"2025-12-09T16:53:03.000Z",null,null,0,1.75,3.75,90,null
"2025-12-09T16:57:03.000Z",null,null,0,0.5,2.75,22.5,null
"2025-12-09T17:01:07.000Z",null,null,1.75,2.75,4.5,67.5,null
"2025-12-09T17:05:07.000Z",null,null,4.25,7.25,10,135,null
"2025-12-09T17:09:07.000Z",null,null,4.25,6.5,8.25,135,null
"2025-12-09T17:13:11.000Z",null,null,3.75,6,8,135,null
"2025-12-09T17:17:11.000Z",null,null,0,2.25,4.25,135,null
"2025-12-09T17:21:11.000Z",null,null,0,0.5,2.5,90,null
"2025-12-09T17:25:15.000Z",null,null,0,1,2.5,45,null
"2025-12-09T17:29:15.000Z",null,null,0.25,3.5,6,112.5,null
"2025-12-09T17:33:15.000Z",null,null,0,3,4.5,135,null
"2025-12-09T17:37:19.000Z",null,null,0,0,0,90,null
"2025-12-09T17:41:19.000Z",null,null,0,3.75,5.25,135,null
"2025-12-09T17:45:19.000Z",null,null,2,3.5,5.25,157.5,null
"2025-12-09T17:49:23.000Z",null,null,0.25,2,4,135,null
"2025-12-09T17:53:23.000Z",null,null,2.75,4,5.5,90,null
"2025-12-09T17:57:23.000Z",null,null,0.25,2,4.25,112.5,null
"2025-12-09T18:01:27.000Z",null,null,2.5,4.25,6,180,null
"2025-12-09T18:05:27.000Z",null,null,1.5,4.25,6.5,180,null
"2025-12-09T18:09:27.000Z",null,null,2.5,3.25,4.5,135,null
"2025-12-09T18:13:31.000Z",null,null,2.25,4.25,8.25,90,null
"2025-12-09T18:17:31.000Z",null,null,0,5.5,9.5,90,null
"2025-12-09T18:21:31.000Z",null,null,0,2.25,4.75,90,null
"2025-12-09T18:25:35.000Z",null,null,0,4.75,7.75,90,null
"2025-12-09T18:29:35.000Z",null,null,0,2.25,6,135,null
"2025-12-09T18:33:35.000Z",null,null,1.75,3,4.75,112.5,null
"2025-12-09T18:37:40.000Z",null,null,2.75,4,5.5,22.5,null
"2025-12-09T18:41:40.000Z",null,null,2,3.25,4.25,67.5,null
"2025-12-09T18:45:40.000Z",null,null,0,0.75,3.5,90,null
"2025-12-09T18:49:43.000Z",null,null,0,0.5,3.5,135,null
"2025-12-09T18:53:43.000Z",null,null,0,0,0,67.5,null
"2025-12-09T18:57:43.000Z",null,null,0,6,8.25,90,null
"2025-12-09T19:01:48.000Z",null,null,0.25,3.75,6.5,90,null
"2025-12-09T19:05:48.000Z",null,null,0,0,0.75,90,null
"2025-12-09T19:09:48.000Z",null,null,3.5,5.25,7.75,112.5,null
"2025-12-09T19:13:51.000Z",null,null,0,3.25,7.75,225,null
"2025-12-09T19:17:51.000Z",null,null,2.75,4.25,6,135,null
"2025-12-09T19:21:51.000Z",null,null,0.75,4,8.75,112.5,null
"2025-12-09T19:25:56.000Z",null,null,5.5,8,10,112.5,null
"2025-12-09T19:29:56.000Z",null,null,0,4.25,8.75,135,null
"2025-12-09T19:33:56.000Z",null,null,0,1.25,2.75,135,null
"2025-12-09T19:37:59.000Z",null,null,2.5,4.25,7,135,null
"2025-12-09T19:41:59.000Z",null,null,2.75,5.5,7.75,157.5,null
"2025-12-09T19:45:59.000Z",null,null,3.5,5,7.25,157.5,null
"2025-12-09T19:50:04.000Z",null,null,3.75,4.75,6.25,112.5,null
"2025-12-09T19:54:04.000Z",null,null,3.25,5.25,7.25,135,null
"2025-12-09T19:58:04.000Z",null,null,2,4.75,7,112.5,null
"2025-12-09T20:02:08.000Z",null,null,0,2,4.5,225,null
"2025-12-09T20:06:08.000Z",null,null,0.75,3,5.5,112.5,null
"2025-12-09T20:10:08.000Z",null,null,0,1.75,6,112.5,null
"2025-12-09T20:14:12.000Z",null,null,0,2.75,7,90,null
"2025-12-09T20:18:12.000Z",null,null,0,2.25,4.75,90,null
"2025-12-09T20:22:12.000Z",null,null,2,4,5.5,157.5,null
"2025-12-09T20:26:16.000Z",null,null,0,3.5,7.25,112.5,null
"2025-12-09T20:30:16.000Z",null,null,2,7,10,135,null
"2025-12-09T20:34:16.000Z",null,null,1.5,5,9,135,null
"2025-12-09T20:38:20.000Z",null,null,0,1.25,4,135,null
"2025-12-09T20:42:20.000Z",null,null,2,5.75,8.25,90,null
"2025-12-09T20:46:20.000Z",null,null,0.25,5,11.5,135,null
"2025-12-09T20:50:24.000Z",null,null,0,3.5,9,112.5,null
"2025-12-09T20:54:24.000Z",null,null,0,3,5.5,112.5,null
"2025-12-09T20:58:24.000Z",null,null,0,1.75,4.75,67.5,null
"2025-12-09T21:02:28.000Z",null,null,0,4,8.25,90,null
"2025-12-09T21:06:28.000Z",null,null,0,3,7,67.5,null
"2025-12-09T21:10:28.000Z",null,null,0,6,8.75,90,null
"2025-12-09T21:14:32.000Z",null,null,0,1.75,4.5,135,null
"2025-12-09T21:18:32.000Z",null,null,1,3.75,5.5,22.5,null
"2025-12-09T21:22:32.000Z",null,null,3.25,4.25,6,90,null
"2025-12-09T21:26:36.000Z",null,null,0.75,2.5,5,67.5,null
"2025-12-09T21:30:36.000Z",null,null,0,1.25,4.5,90,null
"2025-12-09T21:34:36.000Z",null,null,0,2,5.25,90,null
"2025-12-09T21:38:40.000Z",null,null,1,4.25,7,90,null
"2025-12-09T21:42:40.000Z",null,null,3.25,4.5,6.25,90,null
"2025-12-09T21:46:40.000Z",null,null,0,1.25,4.5,90,null
"2025-12-09T21:50:44.000Z",null,null,0,3.25,4.75,90,null
"2025-12-09T21:54:44.000Z",null,null,1,2.5,6,90,null
"2025-12-09T21:58:44.000Z",null,null,0,1.25,6,67.5,null
"2025-12-09T22:02:49.000Z",null,null,0,3.25,6,135,null
"2025-12-09T22:06:49.000Z",null,null,1,4,7,90,null
"2025-12-09T22:10:49.000Z",null,null,1.5,2.75,4.75,90,null
"2025-12-09T22:14:52.000Z",null,null,4.25,5.75,7.75,135,null
"2025-12-09T22:18:52.000Z",null,null,2.75,4.5,6.5,157.5,null
"2025-12-09T22:22:52.000Z",null,null,3.5,5.25,7.25,157.5,null
"2025-12-09T22:26:56.000Z",null,null,0,2.25,6,135,null
"2025-12-09T22:30:56.000Z",null,null,0,1.25,4.25,90,null
"2025-12-09T22:34:56.000Z",null,null,0.75,2.75,4.75,157.5,null
"2025-12-09T22:39:01.000Z",null,null,1.75,3.25,5.25,157.5,null
"2025-12-09T22:43:01.000Z",null,null,0,1.75,6,135,null
"2025-12-09T22:47:01.000Z",null,null,0.75,3.5,6,135,null
"2025-12-09T22:51:04.000Z",null,null,1,2.75,5.5,112.5,null
"2025-12-09T22:55:04.000Z",null,null,0.25,2.75,7,157.5,null
"2025-12-09T22:59:04.000Z",null,null,3.25,5.5,7.25,180,null
"2025-12-09T23:03:09.000Z",null,null,3.5,5.75,8.75,157.5,null
"2025-12-09T23:07:09.000Z",null,null,4.5,8.5,11.5,157.5,null
"2025-12-09T23:11:09.000Z",null,null,3.25,7.5,11.5,157.5,null
"2025-12-09T23:15:12.000Z",null,null,2.5,4.25,8,157.5,null
"2025-12-09T23:19:12.000Z",null,null,1.5,3,4.75,180,null
"2025-12-09T23:23:12.000Z",null,null,3.25,5.5,8.25,135,null
"2025-12-09T23:27:16.000Z",null,null,1,4.25,8.75,157.5,null
"2025-12-09T23:31:16.000Z",null,null,3.5,4.75,6,157.5,null
"2025-12-09T23:35:16.000Z",null,null,2.5,4,6.25,135,null
"2025-12-09T23:39:21.000Z",null,null,2,3.5,5.25,135,null
"2025-12-09T23:43:21.000Z",null,null,3.25,5.5,7.75,135,null
"2025-12-09T23:47:21.000Z",null,null,1.75,3.5,7,135,null
"2025-12-09T23:51:24.000Z",null,null,0,2,4.75,90,null
"2025-12-09T23:55:24.000Z",null,null,0,1.5,4.25,90,null
"2025-12-09T23:59:24.000Z",null,null,0,2.5,4.5,135,null
"2025-12-10T00:03:29.000Z",null,null,3.25,4.75,7.75,112.5,null
"2025-12-10T00:07:29.000Z",null,null,2.5,5.5,8.25,112.5,null
"2025-12-10T00:11:29.000Z",null,null,1,4.25,7.25,135,null
"2025-12-10T00:15:32.000Z",null,null,2,4.75,8.25,112.5,null
"2025-12-10T00:19:32.000Z",null,null,0,2,4.25,112.5,null
"2025-12-10T00:23:32.000Z",null,null,1.5,4.25,6,112.5,null
"2025-12-10T00:27:37.000Z",null,null,3.75,5.75,7.25,112.5,null
"2025-12-10T00:31:37.000Z",null,null,0.75,4.25,6.25,135,null
"2025-12-10T00:35:37.000Z",null,null,4.25,7.5,12,112.5,null
"2025-12-10T00:39:41.000Z",null,null,4.75,7.5,9.75,135,null
"2025-12-10T00:43:41.000Z",null,null,2,5,7,135,null
"2025-12-10T00:47:41.000Z",null,null,2,3.75,7.25,135,null
"2025-12-10T00:51:45.000Z",null,null,1.75,3.75,6.25,135,null
"2025-12-10T00:55:45.000Z",null,null,3.25,4.5,8,135,null
"2025-12-10T00:59:45.000Z",null,null,3.25,4.5,7,135,null
"2025-12-10T01:03:49.000Z",null,null,4.25,5.75,7.75,157.5,null
"2025-12-10T01:07:49.000Z",null,null,2,5,7,157.5,null
"2025-12-10T01:11:49.000Z",null,null,2,3.5,5.25,135,null
"2025-12-10T01:15:53.000Z",null,null,2,4,5.5,112.5,null
"2025-12-10T01:19:53.000Z",null,null,0.25,2.25,5.25,112.5,null
"2025-12-10T01:23:53.000Z",null,null,0,1,2.75,157.5,null
"2025-12-10T01:27:57.000Z",null,null,2,3.5,4.75,135,null
"2025-12-10T01:31:57.000Z",null,null,3.75,5.5,7.75,135,null
"2025-12-10T01:35:57.000Z",null,null,2.5,4.5,7.75,135,null
"2025-12-10T01:40:01.000Z",null,null,1.5,3.25,7,112.5,null
"2025-12-10T01:44:01.000Z",null,null,1,4.25,7.25,112.5,null
"2025-12-10T01:48:01.000Z",null,null,1,3.5,5.5,135,null
"2025-12-10T01:52:05.000Z",null,null,0.75,3.75,6.25,135,null
"2025-12-10T01:56:05.000Z",null,null,0.25,2,4.25,135,null
"2025-12-10T02:00:05.000Z",null,null,0.25,3,5.5,135,null
"2025-12-10T02:04:09.000Z",null,null,1.5,3.5,6.5,112.5,null
"2025-12-10T02:08:09.000Z",null,null,1.5,4,7.25,135,null
"2025-12-10T02:12:09.000Z",null,null,1.75,5.25,10,135,null
"2025-12-10T02:16:13.000Z",null,null,2,5.75,10.5,135,null
"2025-12-10T02:20:13.000Z",null,null,1,4.5,7.75,135,null
"2025-12-10T02:24:13.000Z",null,null,1.5,3.75,6.25,157.5,null
"2025-12-10T02:28:18.000Z",null,null,2.5,4.5,7.25,157.5,null
"2025-12-10T02:32:18.000Z",null,null,2.5,4.75,8,180,null
"2025-12-10T02:36:18.000Z",null,null,2.75,5.75,9,180,null
"2025-12-10T02:40:21.000Z",null,null,0,2.5,5.5,112.5,null
"2025-12-10T02:44:21.000Z",null,null,0.25,2.5,4.25,157.5,null
"2025-12-10T02:48:21.000Z",null,null,2.5,4,5.5,157.5,null
"2025-12-10T02:52:26.000Z",null,null,2.5,3.75,6,135,null
"2025-12-10T02:56:26.000Z",null,null,1,2.75,5.25,112.5,null
"2025-12-10T03:00:26.000Z",null,null,2.5,4.25,6.25,112.5,null
"2025-12-10T03:04:29.000Z",null,null,2.5,5.75,10,90,null
"2025-12-10T03:08:29.000Z",null,null,2.5,5,9.75,112.5,null
"2025-12-10T03:12:29.000Z",null,null,0.75,3.5,9.75,112.5,null
"2025-12-10T03:16:33.000Z",null,null,0,1.5,6,112.5,null
"2025-12-10T03:20:33.000Z",null,null,0,2.25,7.75,112.5,null
"2025-12-10T03:24:33.000Z",null,null,0,2.5,7.25,157.5,null
"2025-12-10T03:28:38.000Z",null,null,1,4,7,135,null
"2025-12-10T03:32:38.000Z",null,null,2.5,5,7.75,157.5,null
"2025-12-10T03:36:38.000Z",null,null,2,5,10.5,135,null
"2025-12-10T03:40:41.000Z",null,null,1,4.5,8.25,135,null
"2025-12-10T03:44:41.000Z",null,null,0.75,3.75,9.5,135,null
"2025-12-10T03:48:41.000Z",null,null,1.75,3.5,6,135,null
"2025-12-10T03:52:46.000Z",null,null,2,4.5,8,135,null
"2025-12-10T03:56:46.000Z",null,null,1.5,3,4.5,135,null
"2025-12-10T04:00:46.000Z",null,null,1.75,4.5,8.25,157.5,null
"2025-12-10T04:04:50.000Z",null,null,2.5,4.5,8,135,null
"2025-12-10T04:08:50.000Z",null,null,4.25,5.75,8.25,112.5,null
"2025-12-10T04:12:50.000Z",null,null,0,3,7.75,112.5,null
"2025-12-10T04:16:53.000Z",null,null,0,2.25,5.5,112.5,null
"2025-12-10T04:20:53.000Z",null,null,2.5,4.75,8,135,null
"2025-12-10T04:24:53.000Z",null,null,2.75,6,9.5,135,null
"2025-12-10T04:28:58.000Z",null,null,2,6.25,10,112.5,null
"2025-12-10T04:32:58.000Z",null,null,4.25,8.25,12.5,112.5,null
"2025-12-10T04:36:58.000Z",null,null,2.75,6,12,112.5,null
"2025-12-10T04:41:02.000Z",null,null,2.75,7.5,13,135,null
"2025-12-10T04:45:02.000Z",null,null,4.5,7.5,13,112.5,null
"2025-12-10T04:49:02.000Z",null,null,1.75,5,10,135,null
"2025-12-10T04:53:06.000Z",null,null,2,3.75,8.75,112.5,null
"2025-12-10T04:57:06.000Z",null,null,1.75,5,10,135,null
"2025-12-10T05:01:06.000Z",null,null,1.5,5.75,12,157.5,null
"2025-12-10T05:05:10.000Z",null,null,4.25,7.25,10.5,135,null
"2025-12-10T05:09:10.000Z",null,null,2.75,5.75,10,135,null
"2025-12-10T05:13:10.000Z",null,null,2,5.75,12,135,null
"2025-12-10T05:17:14.000Z",null,null,3.25,7.5,12,157.5,null
"2025-12-10T05:21:14.000Z",null,null,2,6.5,12.5,157.5,null
"2025-12-10T05:25:14.000Z",null,null,2.5,6.25,11,157.5,null
"2025-12-10T05:29:18.000Z",null,null,1,6,9.5,157.5,null
"2025-12-10T05:33:18.000Z",null,null,3.5,6.5,9.5,135,null
"2025-12-10T05:37:18.000Z",null,null,1.75,5.25,9.75,135,null
"2025-12-10T05:41:22.000Z",null,null,3.75,7.75,11,135,null
"2025-12-10T05:45:22.000Z",null,null,3.75,6.75,9.5,135,null
"2025-12-10T05:49:22.000Z",null,null,1.5,5,9.5,135,null
"2025-12-10T05:53:26.000Z",null,null,2.75,4.75,8.75,135,null
"2025-12-10T05:57:26.000Z",null,null,3.5,5.25,10,112.5,null
"2025-12-10T06:01:26.000Z",null,null,2,6.25,11,135,null
"2025-12-10T06:05:30.000Z",null,null,2,5.5,8.25,157.5,null
"2025-12-10T06:09:30.000Z",null,null,4.75,7.75,11,157.5,null
"2025-12-10T06:13:30.000Z",null,null,4.75,8.5,12,157.5,null
"2025-12-10T06:17:35.000Z",null,null,7,11.5,16,157.5,null
"2025-12-10T06:21:35.000Z",null,null,3.75,10.5,16,157.5,null
"2025-12-10T06:25:35.000Z",null,null,5.5,9.25,15.5,135,null
"2025-12-10T06:29:38.000Z",null,null,4.5,8.25,16.5,135,null
"2025-12-10T06:33:38.000Z",null,null,5.25,10,18,135,null
"2025-12-10T06:37:38.000Z",null,null,2.5,6.5,13.5,135,null
"2025-12-10T06:41:43.000Z",null,null,3.5,6.5,10,135,null
"2025-12-10T06:45:43.000Z",null,null,4.25,7.25,12,135,null
"2025-12-10T06:49:43.000Z",null,null,3.25,6.25,9.75,157.5,null
"2025-12-10T06:53:46.000Z",null,null,4.25,6,8,135,null
"2025-12-10T06:57:46.000Z",null,null,1.5,5.25,8.75,135,null
"2025-12-10T07:01:46.000Z",null,null,1.75,4.75,8.25,135,null
"2025-12-10T07:05:50.000Z",null,null,4.5,7.25,11,135,null
"2025-12-10T07:09:50.000Z",null,null,3.5,5.75,8,135,null
"2025-12-10T07:13:50.000Z",null,null,3.75,7.5,13,135,null
"2025-12-10T07:17:55.000Z",null,null,1.75,5.75,11.5,135,null
"2025-12-10T07:21:55.000Z",null,null,4.75,8,11,157.5,null
"2025-12-10T07:25:55.000Z",null,null,4.5,7.25,11,157.5,null
"2025-12-10T07:29:59.000Z",null,null,3.5,7,11,135,null
"2025-12-10T07:33:59.000Z",null,null,3.25,7,11.5,135,null
"2025-12-10T07:37:59.000Z",null,null,2.5,4.75,9,135,null
"2025-12-10T07:42:03.000Z",null,null,2.75,5.25,11,135,null
"2025-12-10T07:46:03.000Z",null,null,2.5,5.25,9.75,157.5,null
"2025-12-10T07:50:03.000Z",null,null,6.25,9.25,12.5,157.5,null
"2025-12-10T07:54:07.000Z",null,null,3.75,9,11.5,180,null
"2025-12-10T07:58:07.000Z",null,null,6.5,10,14,180,null
"2025-12-10T08:02:07.000Z",null,null,3.25,9.75,14.5,180,null
"2025-12-10T08:06:11.000Z",null,null,2.75,9.25,13,180,null
"2025-12-10T08:10:11.000Z",null,null,4.25,9,13,180,null
"2025-12-10T08:14:11.000Z",null,null,5.25,9.75,14.5,180,null
"2025-12-10T08:18:15.000Z",null,null,4.25,8,12,157.5,null
"2025-12-10T08:22:15.000Z",null,null,4.25,8.25,13,157.5,null
"2025-12-10T08:26:15.000Z",null,null,4.5,6.5,9,157.5,null
"2025-12-10T08:30:19.000Z",null,null,3.25,5.75,8.25,157.5,null
"2025-12-10T08:34:19.000Z",null,null,1.5,4.25,7.75,135,null
"2025-12-10T08:38:19.000Z",null,null,1.5,4.25,8.75,157.5,null
"2025-12-10T08:42:23.000Z",null,null,2.5,4.5,7.25,135,null
"2025-12-10T08:46:23.000Z",null,null,3.5,5,7.75,135,null
"2025-12-10T08:50:23.000Z",null,null,1.75,4,7,112.5,null
"2025-12-10T08:54:27.000Z",null,null,2.75,5.5,10,112.5,null
"2025-12-10T08:58:27.000Z",null,null,2.5,4.75,8,112.5,null
"2025-12-10T09:02:27.000Z",null,null,2,4.5,8.75,112.5,null
"2025-12-10T09:06:31.000Z",null,null,1.75,4.75,7.75,90,null
"2025-12-10T09:10:31.000Z",null,null,1,4.5,8,157.5,null
"2025-12-10T09:14:31.000Z",null,null,5.5,7.75,10.5,157.5,null
"2025-12-10T09:18:35.000Z",null,null,2,6.75,13.5,135,null
"2025-12-10T09:22:35.000Z",null,null,2.5,6.5,11,135,null
"2025-12-10T09:26:35.000Z",null,null,1.5,5.25,11,135,null
"2025-12-10T09:30:39.000Z",null,null,4.5,8.25,12,157.5,null
"2025-12-10T09:34:39.000Z",null,null,6.5,10.5,14.5,157.5,null
"2025-12-10T09:38:39.000Z",null,null,3.75,7.5,13,135,null
"2025-12-10T09:42:43.000Z",null,null,4.25,8.5,13,135,null
"2025-12-10T09:46:43.000Z",null,null,3.25,8.5,13,135,null
"2025-12-10T09:50:43.000Z",null,null,4.75,9,15.5,157.5,null
"2025-12-10T09:54:48.000Z",null,null,4.25,8.75,13,157.5,null
"2025-12-10T09:58:48.000Z",null,null,2.5,8.25,15,135,null
"2025-12-10T10:02:48.000Z",null,null,4.5,8.5,13.5,135,null
"2025-12-10T10:06:51.000Z",null,null,2.75,7,12,135,null
"2025-12-10T10:10:51.000Z",null,null,5.5,10,13.5,157.5,null
"2025-12-10T10:14:51.000Z",null,null,3.25,10.5,14.5,157.5,null
"2025-12-10T10:18:55.000Z",null,null,5.5,9.5,13.5,157.5,null
"2025-12-10T10:22:55.000Z",null,null,3.25,8.25,13,157.5,null
"2025-12-10T10:26:55.000Z",null,null,3.25,7,11,157.5,null
"2025-12-10T10:30:59.000Z",null,null,6,10,16.5,180,null
"2025-12-10T10:34:59.000Z",null,null,6,9.75,15,157.5,null
"2025-12-10T10:38:59.000Z",null,null,2.75,8.5,13.5,157.5,null
"2025-12-10T10:43:04.000Z",null,null,4.75,10.5,14.5,180,null
"2025-12-10T10:47:04.000Z",null,null,3.25,9.5,14.5,180,null
"2025-12-10T10:51:04.000Z",null,null,3.5,8,12,180,null
"2025-12-10T10:55:07.000Z",null,null,2.75,7.25,11.5,202.5,null
"2025-12-10T10:59:07.000Z",null,null,2.75,7.5,11.5,202.5,null
"2025-12-10T11:03:07.000Z",null,null,1.5,5.25,9.5,202.5,null
"2025-12-10T11:07:12.000Z",null,null,3.25,6.75,9.75,180,null
"2025-12-10T11:11:12.000Z",null,null,3.75,7.5,10,180,null
"2025-12-10T11:15:12.000Z",null,null,3.5,6.25,10.5,180,null
"2025-12-10T11:19:16.000Z",null,null,1.75,6.25,10.5,180,null
"2025-12-10T11:23:16.000Z",null,null,0.25,5.25,8,157.5,null
"2025-12-10T11:27:16.000Z",null,null,0.75,3.5,7,157.5,null
"2025-12-10T11:31:19.000Z",null,null,0.75,4,7.75,157.5,null
"2025-12-10T11:35:19.000Z",null,null,0.75,4.25,7,180,null
"2025-12-10T11:39:19.000Z",null,null,0,3,5.5,157.5,null
"2025-12-10T11:43:23.000Z",null,null,0.75,2.25,3.5,135,null
"2025-12-10T11:47:23.000Z",null,null,0,1,2.5,112.5,null
"2025-12-10T11:51:23.000Z",null,null,0,0.5,3.5,180,null
"2025-12-10T11:55:28.000Z",null,null,0,1.5,4.75,180,null
"2025-12-10T11:59:28.000Z",null,null,0,1,3.25,180,null
"2025-12-10T12:03:28.000Z",null,null,0.25,3,4.5,180,null
"2025-12-10T12:07:32.000Z",null,null,0,0.75,3.5,157.5,null
"2025-12-10T12:11:32.000Z",null,null,0,3.25,7.25,157.5,null
"2025-12-10T12:15:32.000Z",null,null,1.75,5,7,180,null
"2025-12-10T12:19:36.000Z",null,null,0,1.5,4.25,135,null
"2025-12-10T12:23:36.000Z",null,null,0.75,4.25,6.25,0,null
"2025-12-10T12:27:36.000Z",null,null,1.75,3.75,5.5,0,null
"2025-12-10T12:31:39.000Z",null,null,0,3.5,7.25,292.5,null
"2025-12-10T12:35:39.000Z",null,null,2.75,4.75,6.5,315,null
"2025-12-10T12:39:39.000Z",null,null,1.75,4.5,6.25,0,null
"2025-12-10T12:43:44.000Z",null,null,2,3.25,4.25,337.5,null
"2025-12-10T12:47:44.000Z",null,null,2.5,3.75,5.25,315,null
"2025-12-10T12:51:44.000Z",null,null,1.75,4.75,6.25,315,null
"2025-12-10T12:55:48.000Z",null,null,2,3.5,4.75,0,null
"2025-12-10T12:59:48.000Z",null,null,3.25,4,5.25,0,null
"2025-12-10T13:03:48.000Z",null,null,2.75,4,4.75,337.5,null
"2025-12-10T12:55:48.000Z",null,null,2,3.5,4.75,0,null
"2025-12-10T12:59:48.000Z",null,null,3.25,4,5.25,0,null
"2025-12-10T13:03:48.000Z",null,null,2.75,4,4.75,337.5,null
"2025-12-10T13:07:52.000Z",null,null,4.25,5.25,6,315,null
"2025-12-10T13:11:52.000Z",null,null,4.75,5.25,6,315,null
"2025-12-10T13:15:52.000Z",null,null,4.75,6.25,7,337.5,null
"2025-12-10T13:19:56.000Z",null,null,3.5,4.25,6,337.5,null
"2025-12-10T13:23:56.000Z",null,null,3.25,3.5,4.25,337.5,null
"2025-12-10T13:27:56.000Z",null,null,2.5,3.5,4.5,337.5,null
"2025-12-10T13:32:00.000Z",null,null,3.5,4.5,5.5,337.5,null
"2025-12-10T13:36:00.000Z",null,null,4.5,5,5.5,337.5,null
"2025-12-10T13:40:00.000Z",null,null,4.25,4.75,6.25,337.5,null
"2025-12-10T13:58:58.000Z",null,null,6.5,7.5,8.25,0,null
"2025-12-10T14:02:58.000Z",null,null,7,7.5,8.25,0,null
"2025-12-10T14:06:58.000Z",null,null,7,7.75,8.25,337.5,null
"2025-12-10T14:11:02.000Z",null,null,7.25,8,8.25,337.5,null
"2025-12-10T14:15:02.000Z",null,null,6,7.25,8.25,337.5,null
"2025-12-10T14:19:02.000Z",null,null,4.75,6,6.5,337.5,null
"2025-12-10T14:23:07.000Z",null,null,1,3.5,6.25,0,null
"2025-12-10T14:27:07.000Z",null,null,1.75,3.5,5.25,0,null
"2025-12-10T14:31:07.000Z",null,null,3.5,5,7,0,null
"2025-12-10T14:35:11.000Z",null,null,5.5,6.5,7.25,337.5,null
"2025-12-10T14:39:11.000Z",null,null,6.25,6.5,7.25,337.5,null
"2025-12-10T14:43:11.000Z",null,null,2,4.5,6.25,0,null
"2025-12-10T14:49:00.000Z",null,null,1.75,2.75,3.75,0,null
"2025-12-10T14:53:00.000Z",null,null,1,3.5,5.25,0,null
"2025-12-10T14:57:00.000Z",null,null,0,2.5,6.5,337.5,null
"2025-12-10T15:01:05.000Z",null,null,6.5,11,14,315,null
"2025-12-10T15:05:05.000Z",null,null,8,10,12.5,337.5,null
"2025-12-10T15:09:05.000Z",null,null,8,10.5,11.5,337.5,null
"2025-12-10T15:13:08.000Z",null,null,9.5,11,12.5,337.5,null
"2025-12-10T15:17:08.000Z",null,null,9,11,13,0,null
"2025-12-10T15:21:08.000Z",null,null,9.75,10.5,11.5,337.5,null
"2025-12-10T15:25:13.000Z",null,null,8.25,9.25,10,337.5,null
"2025-12-10T15:29:13.000Z",null,null,5.5,7.5,9,337.5,null
"2025-12-10T15:33:13.000Z",null,null,1,3.75,6.25,0,null
"2025-12-10T15:37:17.000Z",null,null,0.75,1.75,2.75,22.5,null
"2025-12-10T15:41:17.000Z",null,null,1,2.25,3.25,22.5,null
"2025-12-10T15:45:17.000Z",null,null,1.75,2.25,3.25,0,null
"2025-12-10T15:49:21.000Z",null,null,2.25,2.75,3.5,0,null
"2025-12-10T15:53:21.000Z",null,null,0.75,1.75,2.75,0,null
"2025-12-10T15:57:21.000Z",null,null,2.5,3.5,4.5,315,null
"2025-12-10T16:01:25.000Z",null,null,3.25,4.25,4.75,337.5,null
"2025-12-10T16:05:25.000Z",null,null,0.25,3,5.25,0,null
"2025-12-10T16:09:25.000Z",null,null,1,2.75,3.5,22.5,null
"2025-12-10T16:13:28.000Z",null,null,0.75,2.5,3.5,22.5,null
"2025-12-10T16:17:28.000Z",null,null,0,0.5,2,22.5,null
"2025-12-10T16:21:28.000Z",null,null,0,0,1,22.5,null
"2025-12-10T16:25:33.000Z",null,null,0,0,0,135,null
"2025-12-10T16:29:33.000Z",null,null,0,0.25,1.75,135,null
"2025-12-10T16:33:33.000Z",null,null,1.5,2.25,2.75,135,null
"2025-12-10T16:37:37.000Z",null,null,0,0,1.25,135,null
"2025-12-10T16:41:37.000Z",null,null,0,0,0,135,null
"2025-12-10T16:45:37.000Z",null,null,0,0,0,135,null
"2025-12-10T16:49:40.000Z",null,null,0,0,0,135,null
"2025-12-10T16:53:40.000Z",null,null,0,0.25,2,45,null
"2025-12-10T16:57:40.000Z",null,null,0,0.25,1.5,45,null
"2025-12-10T17:01:45.000Z",null,null,0,0,0,67.5,null
"2025-12-10T17:05:45.000Z",null,null,0,0,0,90,null
"2025-12-10T17:09:45.000Z",null,null,0,0,0,112.5,null
"2025-12-10T17:13:49.000Z",null,null,0,0,0.75,67.5,null
"2025-12-10T17:17:49.000Z",null,null,0,0.5,2.75,90,null
"2025-12-10T17:21:49.000Z",null,null,0,1,2.75,247.5,null
"2025-12-10T17:25:53.000Z",null,null,0,1,2.5,225,null
"2025-12-10T17:29:53.000Z",null,null,0,1.5,2.75,157.5,null
"2025-12-10T17:33:53.000Z",null,null,2.5,3,4.25,112.5,null
"2025-12-10T17:37:57.000Z",null,null,1,2,2.75,112.5,null
"2025-12-10T17:41:57.000Z",null,null,1.5,2.5,3.25,112.5,null
"2025-12-10T17:45:57.000Z",null,null,1.5,2.25,3.25,90,null
"2025-12-10T17:50:01.000Z",null,null,2.5,3,4.25,112.5,null
"2025-12-10T17:54:01.000Z",null,null,2.5,4,6,135,null
"2025-12-10T17:58:01.000Z",null,null,2.75,4,6.25,135,null
"2025-12-10T18:02:05.000Z",null,null,1.5,3.75,5.25,112.5,null
"2025-12-10T18:06:05.000Z",null,null,1.75,3.25,5.25,135,null
"2025-12-10T18:10:05.000Z",null,null,2.5,3.75,5.25,180,null
"2025-12-10T18:14:09.000Z",null,null,1.75,4.5,5.5,180,null
"2025-12-10T18:18:09.000Z",null,null,3.5,5.25,6.25,157.5,null
"2025-12-10T18:22:09.000Z",null,null,2.75,6,8.25,157.5,null
"2025-12-10T18:26:14.000Z",null,null,2.75,4.25,6,135,null
"2025-12-10T18:30:14.000Z",null,null,2,4.5,6.25,157.5,null
"2025-12-10T18:34:14.000Z",null,null,1.75,3.5,6.25,135,null
"2025-12-10T18:38:18.000Z",null,null,1,4,6.25,135,null
"2025-12-10T18:42:18.000Z",null,null,1,2.5,3.75,157.5,null
"2025-12-10T18:46:18.000Z",null,null,1.5,4,6.5,202.5,null
"2025-12-10T18:50:22.000Z",null,null,3.75,6.5,8.75,202.5,null
"2025-12-10T18:54:22.000Z",null,null,2.5,5,8,180,null
"2025-12-10T18:58:22.000Z",null,null,1.75,4,6.5,157.5,null
"2025-12-10T19:02:26.000Z",null,null,1.5,2.25,3.25,135,null
"2025-12-10T19:06:26.000Z",null,null,1.5,2.25,4.25,112.5,null
"2025-12-10T19:10:26.000Z",null,null,0,1.5,3.25,112.5,null
"2025-12-10T19:14:29.000Z",null,null,1.5,2,3.25,135,null
"2025-12-10T19:18:29.000Z",null,null,1,1.75,3.25,90,null
"2025-12-10T19:22:29.000Z",null,null,0,1.25,2.5,112.5,null
"2025-12-10T19:26:34.000Z",null,null,0,0.75,2.5,112.5,null
"2025-12-10T19:30:34.000Z",null,null,0.25,2.25,5.5,112.5,null
"2025-12-10T19:34:34.000Z",null,null,3.25,4.5,6.5,112.5,null
"2025-12-10T19:38:38.000Z",null,null,1.75,3,6,112.5,null
"2025-12-10T19:42:38.000Z",null,null,2,3.5,5.5,112.5,null
"2025-12-10T19:46:38.000Z",null,null,1.75,3.25,4.5,135,null
"2025-12-10T19:50:42.000Z",null,null,1.5,3.25,4.75,135,null
"2025-12-10T19:54:42.000Z",null,null,2.5,3.75,6,135,null
"2025-12-10T19:58:42.000Z",null,null,2.5,3.25,4.75,135,null
"2025-12-10T20:02:46.000Z",null,null,1.5,3.25,5.25,135,null
"2025-12-10T20:06:46.000Z",null,null,2,3.75,5.25,90,null
"2025-12-10T20:10:46.000Z",null,null,1.5,3.5,5.5,90,null
"2025-12-10T20:14:49.000Z",null,null,2,3,4.75,112.5,null
"2025-12-10T20:18:49.000Z",null,null,1,3,7,90,null
"2025-12-10T20:22:49.000Z",null,null,0.75,2.5,4.5,135,null
"2025-12-10T20:26:54.000Z",null,null,1,3.25,4.5,180,null
"2025-12-10T20:30:54.000Z",null,null,3.25,4.75,6.5,202.5,null
"2025-12-10T20:34:54.000Z",null,null,1.5,4.25,7,202.5,null
"2025-12-10T20:38:58.000Z",null,null,0.25,2,3.75,180,null
"2025-12-10T20:42:58.000Z",null,null,0,2.5,5.25,157.5,null
"2025-12-10T20:46:58.000Z",null,null,0,2.5,5.5,157.5,null
"2025-12-10T20:51:02.000Z",null,null,1,2.75,4.25,112.5,null
"2025-12-10T20:55:02.000Z",null,null,1.5,3.5,7,157.5,null
"2025-12-10T20:59:02.000Z",null,null,1.75,4.75,6.5,157.5,null
"2025-12-10T21:03:06.000Z",null,null,2,5,8,157.5,null
"2025-12-10T21:07:06.000Z",null,null,3.75,6,8.75,157.5,null
"2025-12-10T21:11:06.000Z",null,null,1.75,5.25,8.25,157.5,null
"2025-12-10T21:15:10.000Z",null,null,0.5,2,5.25,135,null
"2025-12-10T21:19:10.000Z",null,null,0.75,3.75,6.5,157.5,null
"2025-12-10T21:23:10.000Z",null,null,1.75,4.5,8.25,157.5,null
"2025-12-10T21:27:14.000Z",null,null,3.5,5.75,8.75,157.5,null
"2025-12-10T21:31:14.000Z",null,null,2,5.75,8.75,157.5,null
"2025-12-10T21:35:14.000Z",null,null,3.25,5.5,8.75,157.5,null
"2025-12-10T21:39:18.000Z",null,null,2,5,7.25,157.5,null
"2025-12-10T21:43:18.000Z",null,null,2.75,6.5,10.5,180,null
"2025-12-10T21:47:18.000Z",null,null,1.75,4.25,7.75,157.5,null
"2025-12-10T21:51:22.000Z",null,null,2.75,5.5,7.75,180,null
"2025-12-10T21:55:22.000Z",null,null,2.5,5.75,8.75,180,null
"2025-12-10T21:59:22.000Z",null,null,3.5,7.25,11.5,180,null
"2025-12-10T22:03:26.000Z",null,null,1.75,5,8.75,180,null
"2025-12-10T22:07:26.000Z",null,null,3.5,6,8.75,180,null
"2025-12-10T22:11:26.000Z",null,null,2.75,3.75,6,157.5,null
"2025-12-10T22:15:31.000Z",null,null,2.5,4.25,6.25,157.5,null
"2025-12-10T22:19:31.000Z",null,null,2.5,4,6,157.5,null
"2025-12-10T22:23:31.000Z",null,null,2,3.25,5.25,135,null
"2025-12-10T22:27:34.000Z",null,null,1,2,4.5,112.5,null
"2025-12-10T22:31:34.000Z",null,null,1.5,4,7.75,112.5,null
"2025-12-10T22:35:34.000Z",null,null,1,2.75,7.75,135,null
"2025-12-10T22:39:38.000Z",null,null,1,2.25,4.25,135,null
"2025-12-10T22:43:38.000Z",null,null,2,5,7.25,157.5,null
"2025-12-10T22:47:38.000Z",null,null,2.75,4,6,135,null
"2025-12-10T22:51:42.000Z",null,null,3.75,5.75,8,135,null
"2025-12-10T22:55:42.000Z",null,null,4.5,6.25,9,112.5,null
"2025-12-10T22:59:42.000Z",null,null,3.25,5.25,7.75,112.5,null
"2025-12-10T23:03:46.000Z",null,null,3.25,4.75,6.25,112.5,null
"2025-12-10T23:07:46.000Z",null,null,3.75,6,10.5,90,null
"2025-12-10T23:11:46.000Z",null,null,2.5,5,8,90,null
"2025-12-10T23:15:50.000Z",null,null,2.75,4.5,7.75,90,null
"2025-12-10T23:19:50.000Z",null,null,3.25,4.5,6.5,112.5,null
"2025-12-10T23:23:50.000Z",null,null,3.5,5.5,7.25,112.5,null
"2025-12-10T23:27:54.000Z",null,null,2.75,5,6.5,135,null
"2025-12-10T23:31:54.000Z",null,null,3.5,4.75,5.5,112.5,null
"2025-12-10T23:35:54.000Z",null,null,2.5,3.5,4.5,112.5,null
"2025-12-10T23:39:59.000Z",null,null,2.5,3.75,5.25,112.5,null
"2025-12-10T23:43:59.000Z",null,null,0,1.5,3.25,112.5,null
"2025-12-10T23:47:59.000Z",null,null,0,4.25,7,90,null
"2025-12-10T23:52:03.000Z",null,null,2.5,4.25,5.25,112.5,null
"2025-12-10T23:56:03.000Z",null,null,0,3.75,7.25,135,null
"2025-12-11T00:00:03.000Z",null,null,2,5,7,157.5,null
"2025-12-11T00:04:06.000Z",null,null,3.25,6.75,10.5,135,null
"2025-12-11T00:08:06.000Z",null,null,1,5.25,11,112.5,null
"2025-12-11T00:12:06.000Z",null,null,1.75,7,12,157.5,null
"2025-12-11T00:16:11.000Z",null,null,4.75,8,15,112.5,null
"2025-12-11T00:20:11.000Z",null,null,3.75,6.25,10,157.5,null
"2025-12-11T00:24:11.000Z",null,null,4.75,6.75,10.5,157.5,null
"2025-12-11T00:28:15.000Z",null,null,3.75,6,7.75,157.5,null
"2025-12-11T00:32:15.000Z",null,null,0,2.25,6.25,157.5,null
"2025-12-11T00:36:15.000Z",null,null,0,2.75,9.75,135,null
"2025-12-11T00:40:18.000Z",null,null,0,2.25,6.25,135,null
"2025-12-11T00:44:18.000Z",null,null,0.25,4,9.5,112.5,null
"2025-12-11T00:48:18.000Z",null,null,3.5,5.75,8.75,135,null
"2025-12-11T00:52:23.000Z",null,null,3.25,6.75,9.5,157.5,null
"2025-12-11T00:56:23.000Z",null,null,2.5,5.75,8.75,135,null
"2025-12-11T01:00:23.000Z",null,null,1.5,3.75,7.25,135,null
"2025-12-11T01:04:27.000Z",null,null,2.5,5.25,7,157.5,null
"2025-12-11T01:08:27.000Z",null,null,2.5,4.5,6.25,135,null
"2025-12-11T01:12:27.000Z",null,null,2.5,4.5,6,157.5,null
"2025-12-11T01:16:31.000Z",null,null,3.25,5,6.5,157.5,null
"2025-12-11T01:20:31.000Z",null,null,2,4.25,5.5,135,null
"2025-12-11T01:24:31.000Z",null,null,2.75,5,7.75,180,null
"2025-12-11T01:28:35.000Z",null,null,3.25,5.25,8.25,180,null
"2025-12-11T01:32:35.000Z",null,null,2.5,4.5,7,180,null
"2025-12-11T01:36:35.000Z",null,null,2,4.5,8.75,157.5,null
"2025-12-11T01:40:39.000Z",null,null,1.5,5,7.25,157.5,null
"2025-12-11T01:44:39.000Z",null,null,3.25,6,8.75,157.5,null
"2025-12-11T01:48:39.000Z",null,null,2.75,6,9.75,157.5,null
"2025-12-11T01:52:43.000Z",null,null,2.75,6,8.75,157.5,null
"2025-12-11T01:56:43.000Z",null,null,4.25,5.75,7.25,157.5,null
"2025-12-11T02:00:43.000Z",null,null,2.5,5,8,135,null
"2025-12-11T02:04:47.000Z",null,null,3.5,5,7.75,157.5,null
"2025-12-11T02:08:47.000Z",null,null,2.5,5,7.25,157.5,null
"2025-12-11T02:12:47.000Z",null,null,3.5,6.5,10,157.5,null
"2025-12-11T02:16:51.000Z",null,null,0.75,5.25,12,180,null
"2025-12-11T02:20:51.000Z",null,null,1.75,7.5,12,202.5,null
"2025-12-11T02:24:51.000Z",null,null,0.25,6.5,13,180,null
"2025-12-11T02:28:55.000Z",null,null,4.25,7,11,157.5,null
"2025-12-11T02:32:55.000Z",null,null,2.5,6,9.75,157.5,null
"2025-12-11T02:36:55.000Z",null,null,1.5,4,7.75,157.5,null
"2025-12-11T02:40:59.000Z",null,null,0,2.25,5.5,135,null
"2025-12-11T02:44:59.000Z",null,null,0,1,2.75,202.5,null
"2025-12-11T02:48:59.000Z",null,null,0,1.5,3.75,157.5,null
"2025-12-11T02:53:03.000Z",null,null,2.5,4.25,7,157.5,null
"2025-12-11T02:57:03.000Z",null,null,2,4.5,7,157.5,null
"2025-12-11T03:01:03.000Z",null,null,1,4,6.5,135,null
"2025-12-11T03:05:08.000Z",null,null,2.5,4.75,7.75,157.5,null
"2025-12-11T03:09:08.000Z",null,null,3.5,6.75,9.75,157.5,null
"2025-12-11T03:13:08.000Z",null,null,3.75,6.5,11,157.5,null
"2025-12-11T03:17:12.000Z",null,null,4.5,8,12,157.5,null
"2025-12-11T03:21:12.000Z",null,null,4.25,7,11,157.5,null
"2025-12-11T03:25:12.000Z",null,null,3.5,5.25,7.75,112.5,null
"2025-12-11T03:29:15.000Z",null,null,2.75,5.25,8.75,90,null
"2025-12-11T03:33:15.000Z",null,null,2.5,4.5,7.25,112.5,null
"2025-12-11T03:37:15.000Z",null,null,2.5,4.5,8,112.5,null
"2025-12-11T03:41:19.000Z",null,null,3.25,6,10,112.5,null
"2025-12-11T03:45:19.000Z",null,null,2.75,5.25,7.75,112.5,null
"2025-12-11T03:49:19.000Z",null,null,1.5,3.25,5.25,135,null
"2025-12-11T03:53:24.000Z",null,null,2,4.25,7,157.5,null
"2025-12-11T03:57:24.000Z",null,null,2.5,4,6.5,135,null
"2025-12-11T04:01:24.000Z",null,null,3.25,5,7,157.5,null
"2025-12-11T04:05:27.000Z",null,null,1.5,4.5,7.75,180,null
"2025-12-11T04:09:27.000Z",null,null,0.75,4,6.5,180,null
"2025-12-11T04:13:27.000Z",null,null,2.75,7.5,10.5,202.5,null
"2025-12-11T04:17:31.000Z",null,null,7,9.25,11,202.5,null
"2025-12-11T04:21:31.000Z",null,null,1,5.75,10.5,202.5,null
"2025-12-11T04:25:31.000Z",null,null,1,5.5,9.75,180,null
"2025-12-11T04:29:35.000Z",null,null,4.75,6,8,157.5,null
"2025-12-11T04:33:35.000Z",null,null,4.25,6,8,157.5,null
"2025-12-11T04:37:35.000Z",null,null,0.75,5.5,9.5,180,null
"2025-12-11T04:41:40.000Z",null,null,3.25,7,11,202.5,null
"2025-12-11T04:45:40.000Z",null,null,1.5,5.75,10.5,202.5,null
"2025-12-11T04:49:40.000Z",null,null,1,5,9,180,null
"2025-12-11T04:53:44.000Z",null,null,1.75,5,11,157.5,null
"2025-12-11T04:57:44.000Z",null,null,1.75,4,6.5,135,null
"2025-12-11T05:01:44.000Z",null,null,2.5,4.5,6.25,135,null
"2025-12-11T05:05:48.000Z",null,null,3.25,5,7.25,135,null
"2025-12-11T05:09:48.000Z",null,null,2.5,3.75,6,135,null
"2025-12-11T05:13:48.000Z",null,null,2.5,4,7.75,112.5,null
"2025-12-11T05:17:52.000Z",null,null,1.75,3.75,8.5,112.5,null
"2025-12-11T05:21:52.000Z",null,null,3.5,5.25,8,112.5,null
"2025-12-11T05:25:52.000Z",null,null,2.75,4.5,7.25,112.5,null
"2025-12-11T05:29:56.000Z",null,null,2,3.5,6,112.5,null
"2025-12-11T05:33:56.000Z",null,null,2.5,5,10,112.5,null
"2025-12-11T05:37:56.000Z",null,null,1.75,4,7,112.5,null
"2025-12-11T05:42:00.000Z",null,null,2.75,4.25,7,135,null
"2025-12-11T05:46:00.000Z",null,null,2.75,5.25,7.75,135,null
"2025-12-11T05:50:00.000Z",null,null,2,5.25,8.75,157.5,null
"2025-12-11T05:54:05.000Z",null,null,1,3.75,7.25,135,null
"2025-12-11T05:58:05.000Z",null,null,2.5,6.75,11,157.5,null
"2025-12-11T06:02:05.000Z",null,null,2,5.5,9,157.5,null
"2025-12-11T06:06:08.000Z",null,null,1.75,5.25,9,180,null
"2025-12-11T06:10:08.000Z",null,null,1,5.25,10,180,null
"2025-12-11T06:14:08.000Z",null,null,2.5,6.25,11,180,null
"2025-12-11T06:18:12.000Z",null,null,2,5.25,9,180,null
"2025-12-11T06:22:12.000Z",null,null,1.5,6,11,202.5,null
"2025-12-11T06:26:12.000Z",null,null,2.5,5.75,9.5,180,null
"2025-12-11T06:30:16.000Z",null,null,0.75,5,9,157.5,null
"2025-12-11T06:34:16.000Z",null,null,4.5,6.75,10.5,157.5,null
"2025-12-11T06:38:16.000Z",null,null,1.75,4.75,9,157.5,null
"2025-12-11T06:42:20.000Z",null,null,1.5,5.25,8.75,157.5,null
"2025-12-11T06:46:20.000Z",null,null,2.5,4.25,7.75,157.5,null
"2025-12-11T06:50:20.000Z",null,null,2.75,5.25,7,157.5,null
"2025-12-11T06:54:25.000Z",null,null,3.25,5,9,157.5,null
"2025-12-11T06:58:25.000Z",null,null,3.25,5,9,135,null
"2025-12-11T07:02:25.000Z",null,null,2,3.75,6,135,null
"2025-12-11T07:06:28.000Z",null,null,2.75,4.75,7,157.5,null
"2025-12-11T07:10:28.000Z",null,null,3.75,5,6.5,157.5,null
"2025-12-11T07:14:28.000Z",null,null,3.75,5.75,8.25,157.5,null
"2025-12-11T07:18:32.000Z",null,null,4.25,6.5,9.5,157.5,null
"2025-12-11T07:22:32.000Z",null,null,3.25,5.25,7.75,157.5,null
"2025-12-11T07:26:32.000Z",null,null,2.5,5.5,8,157.5,null
"2025-12-11T07:30:37.000Z",null,null,2.75,6.25,9.75,157.5,null
"2025-12-11T07:34:37.000Z",null,null,3.75,8,12,157.5,null
"2025-12-11T07:38:37.000Z",null,null,3.5,8.25,12.5,157.5,null
"2025-12-11T07:42:40.000Z",null,null,4.5,8.5,14,157.5,null
"2025-12-11T07:46:40.000Z",null,null,4.25,7,12,157.5,null
"2025-12-11T07:50:40.000Z",null,null,4.75,7.5,10.5,157.5,null
"2025-12-11T07:54:45.000Z",null,null,4.5,7,11,135,null
"2025-12-11T07:58:45.000Z",null,null,1.75,4.75,9,135,null
"2025-12-11T08:02:45.000Z",null,null,2,4.5,6.25,135,null
"2025-12-11T08:06:49.000Z",null,null,1.75,3.75,6,135,null
"2025-12-11T08:10:49.000Z",null,null,2,3,6.5,135,null
"2025-12-11T08:14:49.000Z",null,null,1,3.5,7.75,135,null
"2025-12-11T08:18:53.000Z",null,null,2.5,4,6.75,135,null
"2025-12-11T08:22:53.000Z",null,null,1,2.75,4.5,135,null
"2025-12-11T08:26:53.000Z",null,null,2,4.25,6.25,135,null
"2025-12-11T08:30:57.000Z",null,null,3.25,4.5,6.25,135,null
"2025-12-11T08:34:57.000Z",null,null,2,4.75,8,135,null
"2025-12-11T08:38:57.000Z",null,null,3.25,6.5,9,157.5,null
"2025-12-11T08:43:01.000Z",null,null,3.75,7.25,9.75,157.5,null
"2025-12-11T08:47:01.000Z",null,null,5.25,7.75,10.5,157.5,null
"2025-12-11T08:51:01.000Z",null,null,4.5,7.75,11.5,180,null
"2025-12-11T08:55:05.000Z",null,null,4.5,8,12,180,null
"2025-12-11T08:59:05.000Z",null,null,3.75,7.25,11,157.5,null
"2025-12-11T09:03:05.000Z",null,null,2.5,6.5,10,180,null
"2025-12-11T09:07:09.000Z",null,null,4.25,8,10,180,null
"2025-12-11T09:11:09.000Z",null,null,4.5,8,12,180,null
"2025-12-11T09:15:09.000Z",null,null,2.5,6.5,10.5,180,null
"2025-12-11T09:19:13.000Z",null,null,3.5,7.5,12,180,null
"2025-12-11T09:23:13.000Z",null,null,1,6.75,11,180,null
"2025-12-11T09:27:13.000Z",null,null,2.75,7.5,9.75,202.5,null
"2025-12-11T09:31:18.000Z",null,null,4.5,8.75,12,202.5,null
"2025-12-11T09:35:18.000Z",null,null,5.25,9.25,11.5,202.5,null
"2025-12-11T09:39:18.000Z",null,null,1.75,6.75,11,202.5,null
"2025-12-11T09:43:21.000Z",null,null,3.25,7.75,13,180,null
"2025-12-11T09:47:21.000Z",null,null,2.75,7.75,11,180,null
"2025-12-11T09:51:21.000Z",null,null,3.5,8.75,11.5,180,null
"2025-12-11T09:55:25.000Z",null,null,3.5,9.25,11.5,180,null
"2025-12-11T09:59:25.000Z",null,null,4.5,9,13,180,null
"2025-12-11T10:03:25.000Z",null,null,3.75,9.25,14.5,202.5,null
"2025-12-11T10:07:29.000Z",null,null,4.5,9,13.5,202.5,null
"2025-12-11T10:11:29.000Z",null,null,6,10.5,15,202.5,null
"2025-12-11T10:15:29.000Z",null,null,2.75,8.25,13,202.5,null
"2025-12-11T10:19:33.000Z",null,null,5.5,9.75,13.5,180,null
"2025-12-11T10:23:33.000Z",null,null,6,9.75,13.5,180,null
"2025-12-11T10:27:33.000Z",null,null,2.75,9.5,12.5,180,null
"2025-12-11T10:31:37.000Z",null,null,2.75,7.5,11,180,null
"2025-12-11T10:35:37.000Z",null,null,1,6.5,11,180,null
"2025-12-11T10:39:37.000Z",null,null,2,7.5,12,180,null
"2025-12-11T10:43:41.000Z",null,null,5.25,8.25,10.5,180,null
"2025-12-11T10:47:41.000Z",null,null,2.75,7.25,10,180,null
"2025-12-11T10:51:41.000Z",null,null,4.25,8,11,180,null
"2025-12-11T10:55:45.000Z",null,null,4.75,7.75,9.75,180,null
"2025-12-11T10:59:45.000Z",null,null,2.75,7.25,9,180,null
"2025-12-11T11:03:45.000Z",null,null,3.5,6.5,9.5,180,null
"2025-12-11T11:07:49.000Z",null,null,2.75,5.5,9,180,null
"2025-12-11T11:11:49.000Z",null,null,2,5.25,8,180,null
"2025-12-11T11:15:49.000Z",null,null,1.5,5.75,8,180,null
"2025-12-11T11:19:53.000Z",null,null,3.75,7,9.75,180,null
"2025-12-11T11:23:53.000Z",null,null,3.5,7,10,180,null
"2025-12-11T11:27:53.000Z",null,null,2.75,6.25,8.75,180,null
"2025-12-11T11:31:58.000Z",null,null,3.75,6.25,8.25,180,null
"2025-12-11T11:35:58.000Z",null,null,3.25,6.25,7.75,180,null
"2025-12-11T11:39:58.000Z",null,null,2.75,6,8.75,180,null
"2025-12-11T11:44:01.000Z",null,null,2,4.75,6.5,180,null
"2025-12-11T11:48:01.000Z",null,null,2.5,4,6.5,157.5,null
"2025-12-11T11:52:01.000Z",null,null,2.5,3.5,5.25,157.5,null
"2025-12-11T11:56:06.000Z",null,null,1,2.75,4.5,157.5,null
"2025-12-11T12:00:06.000Z",null,null,0.75,2.75,4.5,180,null
"2025-12-11T12:04:06.000Z",null,null,0.75,3.5,6,202.5,null
"2025-12-11T12:08:09.000Z",null,null,0.25,3,4.75,180,null
"2025-12-11T12:12:09.000Z",null,null,1.5,4,5.25,180,null
"2025-12-11T12:16:09.000Z",null,null,1.75,4,4.75,180,null
"2025-12-11T12:20:14.000Z",null,null,2.5,4.5,6,180,null
"2025-12-11T12:24:14.000Z",null,null,3.75,5.5,6.5,180,null
"2025-12-11T12:28:14.000Z",null,null,3.75,5.25,6,180,null
"2025-12-11T12:32:18.000Z",null,null,1,3.5,5.5,180,null
"2025-12-11T12:36:18.000Z",null,null,2.5,4.25,6,202.5,null
"2025-12-11T12:40:18.000Z",null,null,0.75,4,6,202.5,null
"2025-12-11T12:44:21.000Z",null,null,0,2.25,5.25,180,null
"2025-12-11T12:48:21.000Z",null,null,4.25,5.25,6.25,180,null
"2025-12-11T12:52:21.000Z",null,null,2.75,5.5,6.5,180,null
"2025-12-11T12:56:26.000Z",null,null,3.5,5.25,6.25,180,null
"2025-12-11T13:00:26.000Z",null,null,2.75,4.25,6,180,null
"2025-12-11T13:04:26.000Z",null,null,2,3,4.25,157.5,null
"2025-12-11T13:08:30.000Z",null,null,1,2.25,3.25,157.5,null
"2025-12-11T13:12:30.000Z",null,null,1.5,2.75,4.5,180,null
"2025-12-11T13:16:30.000Z",null,null,0.75,2.5,3.75,180,null
"2025-12-11T13:20:34.000Z",null,null,1.75,3.5,4.25,180,null
"2025-12-11T13:24:34.000Z",null,null,1,3.25,4.25,180,null
"2025-12-11T13:28:34.000Z",null,null,1,3,3.75,180,null
"2025-12-11T13:32:38.000Z",null,null,2,3,3.5,180,null
"2025-12-11T13:36:38.000Z",null,null,1.75,3,4.25,202.5,null
"2025-12-11T13:40:38.000Z",null,null,3.25,4,5.25,202.5,null
"2025-12-11T13:59:37.000Z",null,null,0,3.25,8,202.5,null
"2025-12-11T14:03:37.000Z",null,null,0,3.5,5.5,180,null
"2025-12-11T14:07:37.000Z",null,null,2.75,4.25,7,157.5,null
"2025-12-11T14:11:41.000Z",null,null,4.25,6.25,7.75,180,null
"2025-12-11T14:15:41.000Z",null,null,2.75,5.25,7,180,null
"2025-12-11T14:19:41.000Z",null,null,3.5,5.25,6.25,180,null
"2025-12-11T14:23:45.000Z",null,null,2.5,4.25,5.5,180,null
"2025-12-11T14:27:45.000Z",null,null,2.75,3.75,4.5,180,null
"2025-12-11T14:31:45.000Z",null,null,2.5,5.25,6.5,202.5,null
"2025-12-11T14:35:50.000Z",null,null,3.5,5.75,7.25,202.5,null
"2025-12-11T14:39:50.000Z",null,null,1.5,5.25,8,202.5,null
"2025-12-11T14:43:50.000Z",null,null,1.75,4,6,180,null
"2025-12-11T14:49:39.000Z",null,null,1.5,3.75,5.5,157.5,null
"2025-12-11T14:53:39.000Z",null,null,2,3.75,6,157.5,null
"2025-12-11T14:57:39.000Z",null,null,0,3.5,5.5,180,null
"2025-12-11T15:01:44.000Z",null,null,1,4.25,6,180,null
"2025-12-11T15:05:44.000Z",null,null,1.5,4,6,202.5,null
"2025-12-11T15:09:44.000Z",null,null,1.75,3.5,5.5,180,null
"2025-12-11T15:13:47.000Z",null,null,2.5,4.5,5.5,180,null
"2025-12-11T15:17:47.000Z",null,null,1.75,3.5,5.25,180,null
"2025-12-11T15:21:47.000Z",null,null,0.25,2.25,3.75,157.5,null
"2025-12-11T15:25:52.000Z",null,null,1.5,2.75,5.25,112.5,null
"2025-12-11T15:29:52.000Z",null,null,2,3.75,6,157.5,null
"2025-12-11T15:33:52.000Z",null,null,0.75,2.75,5.25,157.5,null
"2025-12-11T15:37:56.000Z",null,null,1.5,2.25,3.75,112.5,null
"2025-12-11T15:41:56.000Z",null,null,0.25,2,3.75,135,null
"2025-12-11T15:45:56.000Z",null,null,1.5,2.75,4.75,157.5,null
"2025-12-11T15:49:59.000Z",null,null,2,3.75,6,157.5,null
"2025-12-11T15:53:59.000Z",null,null,2.5,3.75,5.5,180,null
"2025-12-11T15:57:59.000Z",null,null,3.25,5.5,7.25,202.5,null
"2025-12-11T16:02:04.000Z",null,null,2.5,4,5.5,180,null
"2025-12-11T16:06:04.000Z",null,null,2.75,4.25,6,180,null
"2025-12-11T16:10:04.000Z",null,null,2,3.75,5.5,180,null
"2025-12-11T16:14:07.000Z",null,null,1,2.5,4.75,135,null
"2025-12-11T16:18:07.000Z",null,null,1,3.5,5.5,157.5,null
"2025-12-11T16:22:07.000Z",null,null,2,4.75,7,180,null
"2025-12-11T16:26:12.000Z",null,null,2,4,7.75,180,null
"2025-12-11T16:30:12.000Z",null,null,2,5.25,10.5,180,null
"2025-12-11T16:34:12.000Z",null,null,6,8.5,11.5,180,null
"2025-12-11T16:38:16.000Z",null,null,2.5,7.25,11,180,null
"2025-12-11T16:42:16.000Z",null,null,4.5,6.75,8.25,157.5,null
"2025-12-11T16:46:16.000Z",null,null,4.75,6.5,8.25,157.5,null
"2025-12-11T16:50:20.000Z",null,null,3.25,5,6.75,135,null
"2025-12-11T16:54:20.000Z",null,null,3.25,4.5,6,135,null
"2025-12-11T16:58:20.000Z",null,null,3.25,4,6,112.5,null
"2025-12-11T17:02:24.000Z",null,null,2.75,4,5.5,112.5,null
"2025-12-11T17:06:24.000Z",null,null,2.5,3.5,4.5,112.5,null
"2025-12-11T17:10:24.000Z",null,null,2.75,3.5,5.25,112.5,null
"2025-12-11T17:14:27.000Z",null,null,2.5,3.5,5.25,112.5,null
"2025-12-11T17:18:27.000Z",null,null,2.5,3.5,4.75,112.5,null
"2025-12-11T17:22:27.000Z",null,null,3.75,5,6.5,112.5,null
"2025-12-11T17:26:32.000Z",null,null,2.5,4,6.5,112.5,null
"2025-12-11T17:30:32.000Z",null,null,1.75,3.25,5.25,180,null
"2025-12-11T17:34:32.000Z",null,null,1.75,3.75,4.75,157.5,null
"2025-12-11T17:38:36.000Z",null,null,2.5,3.5,4.75,135,null
"2025-12-11T17:42:36.000Z",null,null,2,3.75,5.5,135,null
"2025-12-11T17:46:36.000Z",null,null,2,4,5.5,135,null
"2025-12-11T17:50:40.000Z",null,null,2.75,4,6,157.5,null
"2025-12-11T17:54:40.000Z",null,null,1.75,4.75,7.25,157.5,null
"2025-12-11T17:58:40.000Z",null,null,1.75,6,9.5,157.5,null
"2025-12-11T18:02:44.000Z",null,null,2,3.75,5.25,135,null
"2025-12-11T18:06:44.000Z",null,null,1.75,3.5,4.75,157.5,null
"2025-12-11T18:10:44.000Z",null,null,3.5,4.5,5.5,135,null
"2025-12-11T18:14:48.000Z",null,null,2,3,6.25,135,null
"2025-12-11T18:18:48.000Z",null,null,1,4,6.5,135,null
"2025-12-11T18:22:48.000Z",null,null,1,3,7,135,null
"2025-12-11T18:26:52.000Z",null,null,0.75,3,8.25,135,null
"2025-12-11T18:30:52.000Z",null,null,1.5,3.75,6.5,112.5,null
"2025-12-11T18:34:52.000Z",null,null,2.5,5.25,9.75,112.5,null
"2025-12-11T18:38:56.000Z",null,null,2.75,7,11.5,112.5,null
"2025-12-11T18:42:56.000Z",null,null,2,4.75,8.25,112.5,null
"2025-12-11T18:46:56.000Z",null,null,0.25,5,7.75,157.5,null
"2025-12-11T18:51:01.000Z",null,null,2,3.25,4.75,135,null
"2025-12-11T18:55:01.000Z",null,null,3.25,4.75,7.25,112.5,null
"2025-12-11T18:59:01.000Z",null,null,2.75,4,9.5,135,null
"2025-12-11T19:03:04.000Z",null,null,2.5,4,6.5,135,null
"2025-12-11T19:07:04.000Z",null,null,2.75,4.75,7.25,135,null
"2025-12-11T19:11:04.000Z",null,null,1.75,3.5,6.5,135,null
"2025-12-11T19:15:08.000Z",null,null,2.5,4.75,7.75,135,null
"2025-12-11T19:19:08.000Z",null,null,2,4.25,7.25,112.5,null
"2025-12-11T19:23:08.000Z",null,null,3.5,6,8.25,135,null
"2025-12-11T19:27:13.000Z",null,null,2.5,6.75,9.5,157.5,null
"2025-12-11T19:31:13.000Z",null,null,2.75,5.25,10,112.5,null
"2025-12-11T19:35:13.000Z",null,null,3.25,5.5,10,112.5,null
"2025-12-11T19:39:16.000Z",null,null,3.5,5.75,9,135,null
"2025-12-11T19:43:16.000Z",null,null,3.5,6.75,10.5,135,null
"2025-12-11T19:47:16.000Z",null,null,2.5,6.25,10.5,112.5,null
"2025-12-11T19:51:20.000Z",null,null,3.25,7.25,12,112.5,null
"2025-12-11T19:55:20.000Z",null,null,1.75,6,9,135,null
"2025-12-11T19:59:20.000Z",null,null,3.5,5.75,8,135,null
"2025-12-11T20:03:25.000Z",null,null,4.25,7,9.5,157.5,null
"2025-12-11T20:07:25.000Z",null,null,4.5,7,9.75,157.5,null
"2025-12-11T20:11:25.000Z",null,null,3.5,6.25,10,135,null
"2025-12-11T20:15:28.000Z",null,null,1.75,6.25,11,135,null
"2025-12-11T20:19:28.000Z",null,null,2.75,5.5,11,135,null
"2025-12-11T20:23:28.000Z",null,null,3.5,6.25,9.5,157.5,null
"2025-12-11T20:27:32.000Z",null,null,3.25,5.25,8.25,135,null
"2025-12-11T20:31:32.000Z",null,null,1.5,4.75,9,135,null
"2025-12-11T20:35:32.000Z",null,null,1.75,4.25,7.25,112.5,null
"2025-12-11T20:39:37.000Z",null,null,2.75,5.75,9,112.5,null
"2025-12-11T20:43:37.000Z",null,null,2.5,5.75,11,112.5,null
"2025-12-11T20:47:37.000Z",null,null,2.75,6.25,11,112.5,null
"2025-12-11T20:51:41.000Z",null,null,3.75,9,14.5,157.5,null
"2025-12-11T20:55:41.000Z",null,null,6,10,14.5,157.5,null
"2025-12-11T20:59:41.000Z",null,null,5.5,10,14.5,180,null
"2025-12-11T21:03:45.000Z",null,null,5.25,9,12,157.5,null
"2025-12-11T21:07:45.000Z",null,null,5.5,8.75,11,157.5,null
"2025-12-11T21:11:45.000Z",null,null,2.75,6.25,9.75,157.5,null
"2025-12-11T21:15:49.000Z",null,null,3.25,7,11,135,null
"2025-12-11T21:19:49.000Z",null,null,0.75,4.5,9,157.5,null
"2025-12-11T21:23:49.000Z",null,null,2.75,6.25,11,157.5,null
"2025-12-11T21:27:53.000Z",null,null,3.5,6.5,9,157.5,null
"2025-12-11T21:31:53.000Z",null,null,2.75,6.5,9.5,157.5,null
"2025-12-11T21:35:53.000Z",null,null,2.5,5.75,10,135,null
"2025-12-11T21:39:57.000Z",null,null,3.25,6.5,11,135,null
"2025-12-11T21:43:57.000Z",null,null,4.5,8.25,14,135,null
"2025-12-11T21:47:57.000Z",null,null,5.5,9,12,135,null
"2025-12-11T21:52:01.000Z",null,null,3.75,7.75,12,157.5,null
"2025-12-11T21:56:01.000Z",null,null,0.75,5.5,10,157.5,null
"2025-12-11T22:00:01.000Z",null,null,1.75,5.5,11,135,null
"2025-12-11T22:04:05.000Z",null,null,0,5,13,135,null
"2025-12-11T22:08:05.000Z",null,null,3.5,9.25,13,157.5,null
"2025-12-11T22:12:05.000Z",null,null,7.25,10.5,15.5,157.5,null
"2025-12-11T22:16:10.000Z",null,null,6,9.75,14,157.5,null
"2025-12-11T22:20:10.000Z",null,null,6.25,9.75,13,157.5,null
"2025-12-11T22:24:10.000Z",null,null,4.5,10.5,15.5,157.5,null
"2025-12-11T22:28:13.000Z",null,null,5.5,10.5,16.5,157.5,null
"2025-12-11T22:32:13.000Z",null,null,4.5,9.5,16,135,null
"2025-12-11T22:36:13.000Z",null,null,1.75,9.25,15,157.5,null
"2025-12-11T22:40:17.000Z",null,null,3.25,7.75,12,157.5,null
"2025-12-11T22:44:17.000Z",null,null,3.25,7.5,12,157.5,null
"2025-12-11T22:48:17.000Z",null,null,4.25,8.5,13.5,157.5,null
"2025-12-11T22:52:22.000Z",null,null,4.75,8.25,11.5,157.5,null
"2025-12-11T22:56:22.000Z",null,null,4.25,7.25,12,135,null
"2025-12-11T23:00:22.000Z",null,null,3.75,6.75,10,135,null
"2025-12-11T23:04:25.000Z",null,null,2.5,4.5,8,135,null
"2025-12-11T23:08:25.000Z",null,null,2.75,5.5,8.75,135,null
"2025-12-11T23:12:25.000Z",null,null,4.25,6.25,9,135,null
"2025-12-11T23:16:30.000Z",null,null,4.25,6.5,9,135,null
"2025-12-11T23:20:30.000Z",null,null,5.25,7.75,10.5,157.5,null
"2025-12-11T23:24:30.000Z",null,null,4.75,7.5,10,157.5,null
"2025-12-11T23:28:33.000Z",null,null,5.25,8.25,10.5,157.5,null
"2025-12-11T23:32:33.000Z",null,null,4.5,7,10,180,null
"2025-12-11T23:36:33.000Z",null,null,3.75,7.5,11,180,null
"2025-12-11T23:40:37.000Z",null,null,3.5,7.25,10.5,180,null
"2025-12-11T23:44:37.000Z",null,null,2,6.75,9.5,157.5,null
"2025-12-11T23:48:37.000Z",null,null,2,7,11,180,null
"2025-12-11T23:52:42.000Z",null,null,2.5,6.75,9.5,157.5,null
"2025-12-11T23:56:42.000Z",null,null,5.5,7.5,9.75,157.5,null
"2025-12-12T00:00:42.000Z",null,null,2.75,7.5,12.5,157.5,null
"2025-12-12T00:04:46.000Z",null,null,5.5,8.5,12,157.5,null
"2025-12-12T00:08:46.000Z",null,null,4.25,7.75,11,157.5,null
"2025-12-12T00:12:46.000Z",null,null,5.5,8.75,12,157.5,null
"2025-12-12T00:16:50.000Z",null,null,2.75,6.75,10.5,135,null
"2025-12-12T00:20:50.000Z",null,null,3.5,6.5,11,135,null
"2025-12-12T00:24:50.000Z",null,null,5.25,8.25,13,157.5,null
"2025-12-12T00:28:54.000Z",null,null,4.75,7,10,157.5,null
"2025-12-12T00:32:54.000Z",null,null,3.25,6.75,9.75,135,null
"2025-12-12T00:36:54.000Z",null,null,2.5,5.75,8.25,157.5,null
"2025-12-12T00:40:58.000Z",null,null,3.75,6.75,9.5,135,null
"2025-12-12T00:44:58.000Z",null,null,3.5,6,9.75,135,null
"2025-12-12T00:48:58.000Z",null,null,4.75,7.75,11,135,null
"2025-12-12T00:53:02.000Z",null,null,4.25,7.25,11,135,null
"2025-12-12T00:57:02.000Z",null,null,3.75,6.75,11,157.5,null
"2025-12-12T01:01:02.000Z",null,null,3.75,7.25,10.5,157.5,null
"2025-12-12T01:05:06.000Z",null,null,1.75,6.25,11,157.5,null
"2025-12-12T01:09:06.000Z",null,null,2,7,10,157.5,null
"2025-12-12T01:13:06.000Z",null,null,3.25,5.5,9.5,157.5,null
"2025-12-12T01:17:10.000Z",null,null,1.5,7.5,13,135,null
"2025-12-12T01:21:10.000Z",null,null,4.25,7.5,13,135,null
"2025-12-12T01:25:10.000Z",null,null,4.5,10,15,135,null
"2025-12-12T01:29:14.000Z",null,null,6,11.5,18,157.5,null
"2025-12-12T01:33:14.000Z",null,null,6.25,11.5,16.5,157.5,null
"2025-12-12T01:37:14.000Z",null,null,4.25,8.75,16.5,135,null
"2025-12-12T01:41:18.000Z",null,null,4.25,10.5,18,112.5,null
"2025-12-12T01:45:18.000Z",null,null,7,9.75,13.5,135,null
"2025-12-12T01:49:18.000Z",null,null,5.25,10.5,14.5,135,null
"2025-12-12T01:53:22.000Z",null,null,6,11,16,157.5,null
"2025-12-12T01:57:22.000Z",null,null,6.5,11,16.5,157.5,null
"2025-12-12T02:01:22.000Z",null,null,6.5,11,14.5,157.5,null
"2025-12-12T02:05:26.000Z",null,null,3.25,9,15,157.5,null
"2025-12-12T02:09:26.000Z",null,null,5.5,8.75,13,157.5,null
"2025-12-12T02:13:26.000Z",null,null,4.75,9.25,14.5,135,null
"2025-12-12T02:17:30.000Z",null,null,6,9.75,13,135,null
"2025-12-12T02:21:30.000Z",null,null,6.25,9,12,135,null
"2025-12-12T02:25:30.000Z",null,null,4.5,8.25,14,135,null
"2025-12-12T02:29:34.000Z",null,null,5.5,9.5,14.5,135,null
"2025-12-12T02:33:34.000Z",null,null,4.5,8.5,14.5,135,null
"2025-12-12T02:37:34.000Z",null,null,6.25,11,15.5,157.5,null
"2025-12-12T02:41:38.000Z",null,null,5.5,9.75,16,135,null
"2025-12-12T02:45:38.000Z",null,null,3.5,8.5,15.5,135,null
"2025-12-12T02:49:38.000Z",null,null,3.5,8,13.5,135,null
"2025-12-12T02:53:43.000Z",null,null,3.5,7.25,11.5,135,null
"2025-12-12T02:57:43.000Z",null,null,6,9.5,14.5,157.5,null
"2025-12-12T03:01:43.000Z",null,null,5.5,8.5,11,157.5,null
"2025-12-12T03:05:47.000Z",null,null,5.5,8.75,13.5,180,null
"2025-12-12T03:09:47.000Z",null,null,5.5,9.75,13,157.5,null
"2025-12-12T03:13:47.000Z",null,null,7,9.75,12.5,157.5,null
"2025-12-12T03:17:51.000Z",null,null,6.5,12,19.5,157.5,null
"2025-12-12T03:21:51.000Z",null,null,6,12,19,157.5,null
"2025-12-12T03:25:51.000Z",null,null,6.25,11,15.5,157.5,null
"2025-12-12T03:29:54.000Z",null,null,7.25,11.5,17,157.5,null
"2025-12-12T03:33:54.000Z",null,null,7,10,13,157.5,null
"2025-12-12T03:37:54.000Z",null,null,5.5,9,13,157.5,null
"2025-12-12T03:41:58.000Z",null,null,3.75,9.5,14,157.5,null
"2025-12-12T03:45:58.000Z",null,null,4.75,6.75,9.75,157.5,null
"2025-12-12T03:49:58.000Z",null,null,7,9.25,12,157.5,null
"2025-12-12T03:54:03.000Z",null,null,4.5,7,9.75,157.5,null
"2025-12-12T03:58:03.000Z",null,null,4.25,7,9,135,null
"2025-12-12T04:02:03.000Z",null,null,3.75,6.25,9.5,135,null
"2025-12-12T04:06:07.000Z",null,null,4.25,6.5,10.5,135,null
"2025-12-12T04:10:07.000Z",null,null,3.75,6.25,9.5,135,null
"2025-12-12T04:14:07.000Z",null,null,3.25,6,11,135,null
"2025-12-12T04:18:11.000Z",null,null,3.25,6,9.75,135,null
"2025-12-12T04:22:11.000Z",null,null,3.25,5.75,9,135,null
"2025-12-12T04:26:11.000Z",null,null,3.25,6.75,12.5,135,null
"2025-12-12T04:30:15.000Z",null,null,4.5,6.25,9.5,135,null
"2025-12-12T04:34:15.000Z",null,null,3.75,7,12,135,null
"2025-12-12T04:38:15.000Z",null,null,3.25,6,9.75,135,null
"2025-12-12T04:42:19.000Z",null,null,3.75,7,9.75,135,null
"2025-12-12T04:46:19.000Z",null,null,5.25,7.75,10.5,135,null
"2025-12-12T04:50:19.000Z",null,null,4.5,7.25,10.5,135,null
"2025-12-12T04:54:23.000Z",null,null,5.5,8.25,11,135,null
"2025-12-12T04:58:23.000Z",null,null,4.75,8,12,157.5,null
"2025-12-12T05:02:23.000Z",null,null,5.25,8.25,11.5,157.5,null
"2025-12-12T05:06:27.000Z",null,null,4.75,8.75,12,135,null
"2025-12-12T05:10:27.000Z",null,null,7,9.5,12.5,157.5,null
"2025-12-12T05:14:27.000Z",null,null,6.5,9.75,14,157.5,null
"2025-12-12T05:18:31.000Z",null,null,5.25,8,12,135,null
"2025-12-12T05:22:31.000Z",null,null,6.25,9.75,15,135,null
"2025-12-12T05:26:31.000Z",null,null,6.5,12,16,157.5,null
"2025-12-12T05:30:36.000Z",null,null,6.25,10.5,14,157.5,null
"2025-12-12T05:34:36.000Z",null,null,7.25,10.5,16.5,157.5,null
"2025-12-12T05:38:36.000Z",null,null,2.75,7.25,15,135,null
"2025-12-12T05:42:39.000Z",null,null,3.5,7,11,135,null
"2025-12-12T05:46:39.000Z",null,null,3.25,6.75,12,135,null
"2025-12-12T05:50:39.000Z",null,null,2.5,5,9,135,null
"2025-12-12T05:54:43.000Z",null,null,2.75,8,16,135,null
"2025-12-12T05:58:43.000Z",null,null,3.5,7.5,14.5,135,null
"2025-12-12T06:02:43.000Z",null,null,4.25,8.5,16,135,null
"2025-12-12T06:06:48.000Z",null,null,5.5,13,21,157.5,null
"2025-12-12T06:10:48.000Z",null,null,3.25,8,19,135,null
"2025-12-12T06:14:48.000Z",null,null,1.5,5,11,135,null
"2025-12-12T06:18:51.000Z",null,null,0.25,4.5,10.5,135,null
"2025-12-12T06:22:51.000Z",null,null,2,5.25,10,135,null
"2025-12-12T06:26:51.000Z",null,null,1,4.5,9.75,135,null
"2025-12-12T06:30:56.000Z",null,null,1.5,6.75,12,157.5,null
"2025-12-12T06:34:56.000Z",null,null,5.25,8.75,12,157.5,null
"2025-12-12T06:38:56.000Z",null,null,2.75,6.75,12.5,135,null
"2025-12-12T06:42:59.000Z",null,null,3.5,7.25,11.5,112.5,null
"2025-12-12T06:46:59.000Z",null,null,2.75,5.75,9.5,112.5,null
"2025-12-12T06:50:59.000Z",null,null,3.75,6,9.75,112.5,null
"2025-12-12T06:55:04.000Z",null,null,3.25,6,11.5,112.5,null
"2025-12-12T06:59:04.000Z",null,null,3.75,7,12.5,112.5,null
"2025-12-12T07:03:04.000Z",null,null,3.75,7.25,13,112.5,null
"2025-12-12T07:07:08.000Z",null,null,3.5,6,9,112.5,null
"2025-12-12T07:11:08.000Z",null,null,4.5,8,13,90,null
"2025-12-12T07:15:08.000Z",null,null,3.75,7.75,11,90,null
"2025-12-12T07:19:12.000Z",null,null,3.25,6.5,11,112.5,null
"2025-12-12T07:23:12.000Z",null,null,2.75,6.5,11,112.5,null
"2025-12-12T07:27:12.000Z",null,null,2,7,12,112.5,null
"2025-12-12T07:31:16.000Z",null,null,2,4.5,7.75,67.5,null
"2025-12-12T07:35:16.000Z",null,null,0,1.5,3.75,67.5,null
"2025-12-12T07:39:16.000Z",null,null,0,0.75,4.75,67.5,null
"2025-12-12T07:43:19.000Z",null,null,0,1.75,4.5,315,null
"2025-12-12T07:47:19.000Z",null,null,0.75,2.75,5.25,180,null
"2025-12-12T07:51:19.000Z",null,null,1.5,4,6,135,null
"2025-12-12T07:55:24.000Z",null,null,1.5,3.75,6,157.5,null
"2025-12-12T07:59:24.000Z",null,null,0.75,2.75,4.75,135,null
"2025-12-12T08:03:24.000Z",null,null,0.75,2.5,3.75,135,null
"2025-12-12T08:07:28.000Z",null,null,1.75,3,4.75,135,null
"2025-12-12T08:11:28.000Z",null,null,0.75,2,3.25,135,null
"2025-12-12T08:15:28.000Z",null,null,0.25,2,3.25,135,null
"2025-12-12T08:19:32.000Z",null,null,2,3,3.75,135,null
"2025-12-12T08:23:32.000Z",null,null,1.5,2.75,3.5,112.5,null
"2025-12-12T08:27:32.000Z",null,null,0.75,2.75,4.25,157.5,null
"2025-12-12T08:31:36.000Z",null,null,0.25,1.5,2.75,157.5,null
"2025-12-12T08:35:36.000Z",null,null,1.75,3.25,4.75,157.5,null
"2025-12-12T08:39:36.000Z",null,null,3.25,5.25,8.75,157.5,null
"2025-12-12T08:43:40.000Z",null,null,4.75,8.5,14.5,157.5,null
"2025-12-12T08:47:40.000Z",null,null,5.5,9.5,15.5,157.5,null
"2025-12-12T08:51:40.000Z",null,null,6.25,10,15.5,157.5,null
"2025-12-12T08:55:44.000Z",null,null,4.25,8,12.5,180,null
"2025-12-12T08:59:44.000Z",null,null,3.75,7.25,10,180,null
"2025-12-12T09:03:44.000Z",null,null,2,7.25,10.5,180,null
"2025-12-12T09:07:48.000Z",null,null,2,9.25,14,157.5,null
"2025-12-12T09:11:48.000Z",null,null,4.5,9.5,13.5,180,null
"2025-12-12T09:15:48.000Z",null,null,7.25,10.5,16,157.5,null
"2025-12-12T09:19:53.000Z",null,null,7,9.5,13,157.5,null
"2025-12-12T09:23:53.000Z",null,null,3.75,9,15.5,180,null
"2025-12-12T09:27:53.000Z",null,null,4.75,12,15.5,180,null
"2025-12-12T09:31:56.000Z",null,null,7.75,11.5,15.5,180,null
"2025-12-12T09:35:56.000Z",null,null,5.5,11,15.5,180,null
"2025-12-12T09:39:56.000Z",null,null,5.5,10.5,16.5,180,null
"2025-12-12T09:44:00.000Z",null,null,2,9.25,14.5,180,null
"2025-12-12T09:48:00.000Z",null,null,0.25,5.75,12,180,null
"2025-12-12T09:52:00.000Z",null,null,3.5,8,11,180,null
"2025-12-12T09:56:04.000Z",null,null,2.5,6.5,9.5,180,null
"2025-12-12T10:00:04.000Z",null,null,0,5,9,202.5,null
"2025-12-12T10:04:04.000Z",null,null,4.5,8.25,11.5,180,null
"2025-12-12T10:08:08.000Z",null,null,6,7.75,10,202.5,null
"2025-12-12T10:12:08.000Z",null,null,5.5,8.5,11,202.5,null
"2025-12-12T10:16:08.000Z",null,null,8,11,12.5,225,null
"2025-12-12T10:20:13.000Z",null,null,6,9.75,12,202.5,null
"2025-12-12T10:24:13.000Z",null,null,2,8,11,202.5,null
"2025-12-12T10:28:13.000Z",null,null,6.25,8,10,202.5,null
"2025-12-12T10:32:16.000Z",null,null,6,9.25,12.5,180,null
"2025-12-12T10:36:16.000Z",null,null,3.5,8.75,12,180,null
"2025-12-12T10:40:16.000Z",null,null,4.75,9.25,12.5,180,null
"2025-12-12T10:44:20.000Z",null,null,1.5,8.75,12.5,202.5,null
"2025-12-12T10:48:20.000Z",null,null,0.75,5.25,11,180,null
"2025-12-12T10:52:20.000Z",null,null,1.5,5,9.75,157.5,null
"2025-12-12T10:56:25.000Z",null,null,4.5,9,12.5,180,null
"2025-12-12T11:00:25.000Z",null,null,6.25,9,12,180,null
"2025-12-12T11:04:25.000Z",null,null,1,6.5,11,180,null
"2025-12-12T11:08:29.000Z",null,null,1,6.25,11,135,null
"2025-12-12T11:12:29.000Z",null,null,0,3.5,10,67.5,null
"2025-12-12T11:16:29.000Z",null,null,1.75,7.25,14,67.5,null
"2025-12-12T11:20:33.000Z",null,null,2.75,9.25,15.5,90,null
"2025-12-12T11:24:33.000Z",null,null,0.25,4.5,8.75,90,null
"2025-12-12T11:28:33.000Z",null,null,2.5,10.5,22,67.5,null
"2025-12-12T11:32:37.000Z",null,null,1,5.75,11,67.5,null
"2025-12-12T11:36:37.000Z",null,null,0.75,6.5,13,90,null
"2025-12-12T11:40:37.000Z",null,null,0,6.25,11,90,null
"2025-12-12T11:44:41.000Z",null,null,2.75,8,14,90,null
"2025-12-12T11:48:41.000Z",null,null,2,8.25,13,90,null
"2025-12-12T11:52:41.000Z",null,null,3.25,7,12.5,67.5,null
"2025-12-12T11:56:45.000Z",null,null,2,8,17.5,67.5,null
"2025-12-12T12:00:45.000Z",null,null,2.75,11,20.5,90,null
"2025-12-12T12:04:45.000Z",null,null,1,7.5,15.5,90,null
"2025-12-12T12:08:49.000Z",null,null,1,7.25,14,90,null
"2025-12-12T12:12:49.000Z",null,null,3.25,7.75,13,90,null
"2025-12-12T12:16:49.000Z",null,null,1.5,6.75,13,67.5,null
"2025-12-12T12:20:53.000Z",null,null,4.75,8.75,12.5,67.5,null
"2025-12-12T12:24:53.000Z",null,null,4.25,9.5,18.5,67.5,null
"2025-12-12T12:28:53.000Z",null,null,4.25,9.25,16.5,67.5,null
"2025-12-12T12:32:57.000Z",null,null,2.75,9.5,16.5,90,null
"2025-12-12T12:36:57.000Z",null,null,4.75,10.5,18.5,67.5,null
"2025-12-12T12:40:57.000Z",null,null,1,9,15.5,67.5,null
"2025-12-12T12:45:01.000Z",null,null,0.75,5.5,10.5,90,null
"2025-12-12T12:49:01.000Z",null,null,2.75,9,16,67.5,null
"2025-12-12T12:53:01.000Z",null,null,3.25,8.5,15.5,67.5,null
"2025-12-12T12:57:05.000Z",null,null,2.5,8.25,14,67.5,null
"2025-12-12T13:01:05.000Z",null,null,1.75,9.5,17.5,67.5,null
"2025-12-12T13:05:05.000Z",null,null,6.25,11.5,18,67.5,null
"2025-12-12T13:09:09.000Z",null,null,2.75,8,14.5,90,null
"2025-12-12T13:13:09.000Z",null,null,6.5,10.5,15,67.5,null
"2025-12-12T13:17:09.000Z",null,null,3.25,5.75,11,67.5,null
"2025-12-12T13:21:14.000Z",null,null,3.5,8.5,15,90,null
"2025-12-12T13:25:14.000Z",null,null,2.5,6.25,10,90,null
"2025-12-12T13:29:14.000Z",null,null,1,7,13,90,null
"2025-12-12T13:33:18.000Z",null,null,3.5,8.25,16.5,67.5,null
"2025-12-12T13:37:18.000Z",null,null,3.25,7.25,12.5,67.5,null
"2025-12-12T13:41:18.000Z",null,null,2,6.25,11,90,null
"2025-12-12T14:00:16.000Z",null,null,1.75,5.25,12,45,null
"2025-12-12T14:04:16.000Z",null,null,1.75,5.5,9,22.5,null
"2025-12-12T14:08:16.000Z",null,null,1.75,5.5,9,22.5,null
"2025-12-12T14:12:21.000Z",null,null,1,4.5,7.75,337.5,null
"2025-12-12T14:16:21.000Z",null,null,0,2.75,5.5,270,null
"2025-12-12T14:20:21.000Z",null,null,2,4.75,7,202.5,null
"2025-12-12T14:24:24.000Z",null,null,0,2.25,6.25,90,null
"2025-12-12T14:28:24.000Z",null,null,1.5,4.75,8.25,67.5,null
"2025-12-12T14:32:24.000Z",null,null,0,1.5,6,90,null
"2025-12-12T14:36:28.000Z",null,null,0,1,4.75,157.5,null
"2025-12-12T14:40:28.000Z",null,null,0,2.5,6.25,337.5,null
"2025-12-12T14:44:28.000Z",null,null,1.75,6.5,10,270,null
"2025-12-12T14:50:18.000Z",null,null,4.25,8.75,12.5,247.5,null
"2025-12-12T14:54:18.000Z",null,null,0,4.5,11,247.5,null
"2025-12-12T14:58:18.000Z",null,null,0,0,0.75,270,null
"2025-12-12T15:02:22.000Z",null,null,0,0,0,112.5,null
"2025-12-12T15:06:22.000Z",null,null,0,0,0,112.5,null
"2025-12-12T15:10:22.000Z",null,null,0,4.25,6.5,225,null
"2025-12-12T15:14:26.000Z",null,null,0.25,3.75,6,225,null
"2025-12-12T15:18:26.000Z",null,null,0,1.25,2.75,202.5,null
"2025-12-12T15:22:26.000Z",null,null,1.5,2.25,3.25,225,null
"2025-12-12T15:26:31.000Z",null,null,0,1.25,3.5,225,null
"2025-12-12T15:30:31.000Z",null,null,0,0.75,2.5,225,null
"2025-12-12T15:34:31.000Z",null,null,0,0,0,90,null
"2025-12-12T15:38:35.000Z",null,null,0,3,4.25,22.5,null
"2025-12-12T15:42:35.000Z",null,null,0.25,2.25,3.75,22.5,null
"2025-12-12T15:46:35.000Z",null,null,0.25,1.5,3.25,22.5,null
"2025-12-12T15:50:38.000Z",null,null,0,1.5,2.75,22.5,null
"2025-12-12T15:54:38.000Z",null,null,0.25,1,1.5,45,null
"2025-12-12T15:58:38.000Z",null,null,0.25,0.75,1.5,45,null
"2025-12-12T16:02:43.000Z",null,null,0.25,1.25,2.5,67.5,null
"2025-12-12T16:06:43.000Z",null,null,1.75,2,2.5,90,null
"2025-12-12T16:10:43.000Z",null,null,1.75,2.75,4.25,112.5,null
"2025-12-12T16:14:47.000Z",null,null,1.75,2.25,3.25,135,null
"2025-12-12T16:18:47.000Z",null,null,1.5,2,2.75,135,null
"2025-12-12T16:22:47.000Z",null,null,0,0.5,2,135,null
"2025-12-12T16:26:50.000Z",null,null,0,0,0,135,null
"2025-12-12T16:30:50.000Z",null,null,0,0,0,135,null
"2025-12-12T16:34:50.000Z",null,null,0,1.25,4.75,292.5,null
"2025-12-12T16:38:54.000Z",null,null,3.25,4.25,5.25,315,null
"2025-12-12T16:42:54.000Z",null,null,2.5,4.25,5.25,0,null
"2025-12-12T16:46:54.000Z",null,null,1.5,3,3.75,45,null
"2025-12-12T16:50:59.000Z",null,null,1.5,2,3.5,67.5,null
"2025-12-12T16:54:59.000Z",null,null,0,1,2.5,67.5,null
"2025-12-12T16:58:59.000Z",null,null,0.25,1.25,1.75,90,null
"2025-12-12T17:03:03.000Z",null,null,1.5,2.5,3.75,112.5,null
"2025-12-12T17:07:03.000Z",null,null,1.5,2.5,3.25,90,null
"2025-12-12T17:11:03.000Z",null,null,0.75,2.25,3.5,112.5,null
"2025-12-12T17:15:07.000Z",null,null,0,0,1.75,112.5,null
"2025-12-12T17:19:07.000Z",null,null,0,0,0,90,null
"2025-12-12T17:23:07.000Z",null,null,0,0,0,67.5,null
"2025-12-12T17:27:11.000Z",null,null,0,0.25,1,22.5,null
"2025-12-12T17:31:11.000Z",null,null,0,0.75,2,45,null
"2025-12-12T17:35:11.000Z",null,null,0,1,1.75,45,null
"2025-12-12T17:39:15.000Z",null,null,0,1,1.75,45,null
"2025-12-12T17:43:15.000Z",null,null,0,0,0,45,null
"2025-12-12T17:47:15.000Z",null,null,0,1.75,4.25,67.5,null
"2025-12-12T17:51:20.000Z",null,null,2.5,3.5,4.75,90,null
"2025-12-12T17:55:20.000Z",null,null,3.25,4.25,5.25,90,null
"2025-12-12T17:59:20.000Z",null,null,3.5,4.75,6,90,null
"2025-12-12T18:03:23.000Z",null,null,2.5,3.75,4.75,90,null
"2025-12-12T18:07:23.000Z",null,null,2.5,2.75,3.5,90,null
"2025-12-12T18:11:23.000Z",null,null,2.5,3.25,4.25,90,null
"2025-12-12T18:15:27.000Z",null,null,2.5,3.25,4.5,90,null
"2025-12-12T18:19:27.000Z",null,null,2.5,3.75,5.25,90,null
"2025-12-12T18:23:27.000Z",null,null,2,3,4.25,112.5,null
"2025-12-12T18:27:31.000Z",null,null,2,3.25,3.75,112.5,null
"2025-12-12T18:31:31.000Z",null,null,2,2.75,3.5,90,null
"2025-12-12T18:35:31.000Z",null,null,2,3,3.75,90,null
"2025-12-12T18:39:35.000Z",null,null,1,2.75,4.25,90,null
"2025-12-12T18:43:35.000Z",null,null,2.5,3,4.25,90,null
"2025-12-12T18:47:35.000Z",null,null,2,3.25,5.25,112.5,null
"2025-12-12T18:51:40.000Z",null,null,1.5,2.25,3.25,90,null
"2025-12-12T18:55:40.000Z",null,null,1,1.75,2.75,90,null
"2025-12-12T18:59:40.000Z",null,null,1.5,1.75,2.75,90,null
"2025-12-12T19:03:43.000Z",null,null,0.25,1.75,2.75,90,null
"2025-12-12T19:07:43.000Z",null,null,0,0,1,90,null
"2025-12-12T19:11:43.000Z",null,null,0,1.25,3.75,112.5,null
"2025-12-12T19:15:47.000Z",null,null,1.5,2.75,4.5,90,null
"2025-12-12T19:19:47.000Z",null,null,1.75,3.25,4.5,112.5,null
"2025-12-12T19:23:47.000Z",null,null,2.75,4,5.25,112.5,null
"2025-12-12T19:27:52.000Z",null,null,2.5,4,5.25,112.5,null
"2025-12-12T19:31:52.000Z",null,null,1.75,3.75,5.25,112.5,null
"2025-12-12T19:35:52.000Z",null,null,1,2.75,5.25,135,null
"2025-12-12T19:39:55.000Z",null,null,1.5,3.75,6.25,180,null
"2025-12-12T19:43:55.000Z",null,null,2.75,4.5,7,180,null
"2025-12-12T19:47:55.000Z",null,null,2.5,4.5,6.5,157.5,null
"2025-12-12T19:51:59.000Z",null,null,0.25,3,4.5,157.5,null
"2025-12-12T19:55:59.000Z",null,null,0.75,2,3.5,180,null
"2025-12-12T19:59:59.000Z",null,null,0.75,3,4.25,180,null
"2025-12-12T20:04:04.000Z",null,null,1.5,3,4.25,180,null
"2025-12-12T20:08:04.000Z",null,null,1.5,3.5,6.5,180,null
"2025-12-12T20:12:04.000Z",null,null,1.5,4.25,7.25,180,null
"2025-12-12T20:16:08.000Z",null,null,1.75,3.75,6.5,157.5,null
"2025-12-12T20:20:08.000Z",null,null,1.5,3.5,6,157.5,null
"2025-12-12T20:24:08.000Z",null,null,0,1.75,4.25,157.5,null
"2025-12-12T20:28:12.000Z",null,null,0,1.75,4.25,157.5,null
"2025-12-12T20:32:12.000Z",null,null,1.75,3.5,5.5,157.5,null
"2025-12-12T20:36:12.000Z",null,null,3.75,5.25,7.75,135,null
"2025-12-12T20:40:16.000Z",null,null,2.75,5.5,8.25,135,null
"2025-12-12T20:44:16.000Z",null,null,2.75,5.25,8.75,135,null
"2025-12-12T20:48:16.000Z",null,null,3.25,4.75,8.75,135,null
"2025-12-12T20:52:20.000Z",null,null,2.75,5.75,8.25,135,null
"2025-12-12T20:56:20.000Z",null,null,3.25,5.5,8.75,135,null
"2025-12-12T21:00:20.000Z",null,null,2.75,5.5,11,135,null
"2025-12-12T21:04:24.000Z",null,null,5.5,9.25,12,157.5,null
"2025-12-12T21:08:24.000Z",null,null,0,6.5,10,157.5,null
"2025-12-12T21:12:24.000Z",null,null,0.75,5.25,11,135,null
"2025-12-12T21:16:28.000Z",null,null,0,4.75,8.25,157.5,null
"2025-12-12T21:20:28.000Z",null,null,3.5,6.75,11,157.5,null
"2025-12-12T21:24:28.000Z",null,null,2.5,4.5,7.25,157.5,null
"2025-12-12T21:28:32.000Z",null,null,3.5,5,7.25,157.5,null
"2025-12-12T21:32:32.000Z",null,null,1.75,5.5,8.75,180,null
"2025-12-12T21:36:32.000Z",null,null,2.75,5.5,7.75,180,null
"2025-12-12T21:40:36.000Z",null,null,2.75,5,8.75,157.5,null
"2025-12-12T21:44:36.000Z",null,null,3.25,5.5,8,135,null
"2025-12-12T21:48:36.000Z",null,null,3.5,5.75,8,135,null
"2025-12-12T21:52:40.000Z",null,null,3.25,5.75,11,135,null
"2025-12-12T21:56:40.000Z",null,null,2,4.5,7.25,135,null
"2025-12-12T22:00:40.000Z",null,null,2.5,5,8.75,135,null
"2025-12-12T22:04:44.000Z",null,null,2.5,5.75,9.5,157.5,null
"2025-12-12T22:08:44.000Z",null,null,3.25,6,8.25,157.5,null
"2025-12-12T22:12:44.000Z",null,null,1.75,6.25,9.75,157.5,null
"2025-12-12T22:16:48.000Z",null,null,4.25,8,11,157.5,null
"2025-12-12T22:20:48.000Z",null,null,1.5,5,8,135,null
"2025-12-12T22:24:48.000Z",null,null,2.75,5.75,9.5,157.5,null
"2025-12-12T22:28:52.000Z",null,null,2,5.75,10,135,null
"2025-12-12T22:32:52.000Z",null,null,2,7,13,112.5,null
"2025-12-12T22:36:52.000Z",null,null,2.5,6,10,135,null
"2025-12-12T22:40:56.000Z",null,null,1.5,5.5,9,135,null
"2025-12-12T22:44:56.000Z",null,null,1.5,4.25,7.75,135,null
"2025-12-12T22:48:56.000Z",null,null,0.75,5.75,11.5,157.5,null
"2025-12-12T22:53:01.000Z",null,null,2,6.75,10.5,202.5,null
"2025-12-12T22:57:01.000Z",null,null,1.5,5.5,9,135,null
"2025-12-12T23:01:01.000Z",null,null,0.75,4.25,9.5,135,null
"2025-12-12T23:05:04.000Z",null,null,2,6.25,10,135,null
"2025-12-12T23:09:04.000Z",null,null,1.75,6,11,135,null
"2025-12-12T23:13:04.000Z",null,null,1,5.75,13,90,null
"2025-12-12T23:17:09.000Z",null,null,3.5,6.75,12,135,null
"2025-12-12T23:21:09.000Z",null,null,1.5,5.5,11.5,112.5,null
"2025-12-12T23:25:09.000Z",null,null,3.25,6.5,11,135,null
"2025-12-12T23:29:13.000Z",null,null,1.75,5,9.75,112.5,null
"2025-12-12T23:33:13.000Z",null,null,2,4,6.25,112.5,null
"2025-12-12T23:37:13.000Z",null,null,1,3,5.25,112.5,null
"2025-12-12T23:41:16.000Z",null,null,0.25,3.25,6.5,135,null
"2025-12-12T23:45:16.000Z",null,null,0,2.25,5.5,157.5,null
"2025-12-12T23:49:16.000Z",null,null,0,3.75,12,90,null
"2025-12-12T23:53:20.000Z",null,null,1.75,6.25,12,90,null
"2025-12-12T23:57:20.000Z",null,null,0,4.75,9.5,90,null
"2025-12-13T00:01:20.000Z",null,null,4.5,8,12.5,90,null
"2025-12-13T00:05:25.000Z",null,null,1.75,6.75,16.5,90,null
"2025-12-13T00:09:25.000Z",null,null,5.25,10,15.5,67.5,null
"2025-12-13T00:13:25.000Z",null,null,4.75,10,17,67.5,null
"2025-12-13T00:17:29.000Z",null,null,3.25,8.75,18,67.5,null
"2025-12-13T00:21:29.000Z",null,null,2,9,16.5,90,null
"2025-12-13T00:25:29.000Z",null,null,1,6.5,13.5,90,null
"2025-12-13T00:29:33.000Z",null,null,3.25,7,11.5,90,null
"2025-12-13T00:33:33.000Z",null,null,1.75,4.25,7.75,112.5,null
"2025-12-13T00:37:33.000Z",null,null,0.25,4,8.75,90,null
"2025-12-13T00:41:37.000Z",null,null,0,3.25,7,112.5,null
"2025-12-13T00:45:37.000Z",null,null,0,3.25,6.5,112.5,null
"2025-12-13T00:49:37.000Z",null,null,1.5,4.75,10.5,90,null
"2025-12-13T00:53:41.000Z",null,null,1.5,4.75,8,90,null
"2025-12-13T00:57:41.000Z",null,null,1.75,3.75,7.25,90,null
"2025-12-13T01:01:41.000Z",null,null,1.75,4.5,6.5,157.5,null
"2025-12-13T01:05:45.000Z",null,null,1.5,4.75,8,157.5,null
"2025-12-13T01:09:45.000Z",null,null,1.5,4,6.25,135,null
"2025-12-13T01:13:45.000Z",null,null,1,2.75,5.5,135,null
"2025-12-13T01:17:49.000Z",null,null,2.75,5,8,112.5,null
"2025-12-13T01:21:49.000Z",null,null,3.25,5.25,8.75,90,null
"2025-12-13T01:25:49.000Z",null,null,3.25,6.75,9,90,null
"2025-12-13T01:29:53.000Z",null,null,3.25,6,10,90,null
"2025-12-13T01:33:53.000Z",null,null,1.75,4.75,8,67.5,null
"2025-12-13T01:37:53.000Z",null,null,1.5,3.25,5.5,135,null
"2025-12-13T01:41:58.000Z",null,null,0.75,4.5,8,112.5,null
"2025-12-13T01:45:58.000Z",null,null,3.25,7,12,67.5,null
"2025-12-13T01:49:58.000Z",null,null,3.25,8.25,12,67.5,null
"2025-12-13T01:54:01.000Z",null,null,1,5.75,11,67.5,null
"2025-12-13T01:58:01.000Z",null,null,0.75,4.5,7.25,135,null
"2025-12-13T02:02:01.000Z",null,null,0.25,7.5,14,67.5,null
"2025-12-13T02:06:06.000Z",null,null,2.5,7,12.5,67.5,null
"2025-12-13T02:10:06.000Z",null,null,3.5,7.25,13.5,67.5,null
"2025-12-13T02:14:06.000Z",null,null,2.5,6.25,11,67.5,null
"2025-12-13T02:18:09.000Z",null,null,3.25,6.75,12.5,67.5,null
"2025-12-13T02:22:09.000Z",null,null,2.75,6.5,10,90,null
"2025-12-13T02:26:09.000Z",null,null,3.5,7.25,10.5,90,null
"2025-12-13T02:30:13.000Z",null,null,3.75,7.75,13,67.5,null
"2025-12-13T02:34:13.000Z",null,null,3.5,7.75,11.5,67.5,null
"2025-12-13T02:38:13.000Z",null,null,2.75,7.25,13,67.5,null
"2025-12-13T02:42:18.000Z",null,null,2.75,6.75,11,67.5,null
"2025-12-13T02:46:18.000Z",null,null,3.25,7.75,14.5,67.5,null
"2025-12-13T02:50:18.000Z",null,null,3.75,7.75,13,67.5,null
"2025-12-13T02:54:22.000Z",null,null,4.75,8.25,11,67.5,null
"2025-12-13T02:58:22.000Z",null,null,3.75,7.5,12.5,67.5,null
"2025-12-13T03:02:22.000Z",null,null,3.75,7.5,11,67.5,null
"2025-12-13T03:06:26.000Z",null,null,4.25,7.25,11.5,67.5,null
"2025-12-13T03:10:26.000Z",null,null,4.25,8.25,12.5,67.5,null
"2025-12-13T03:14:26.000Z",null,null,3.75,8.25,13.5,90,null
"2025-12-13T03:18:30.000Z",null,null,3.25,8,14,90,null
"2025-12-13T03:22:30.000Z",null,null,3.25,10.5,16.5,67.5,null
"2025-12-13T03:26:30.000Z",null,null,3.5,10,16,90,null
"2025-12-13T03:30:34.000Z",null,null,4.5,9,15.5,90,null
"2025-12-13T03:34:34.000Z",null,null,4.75,9.75,14.5,90,null
"2025-12-13T03:38:34.000Z",null,null,3.75,9.25,15.5,67.5,null
"2025-12-13T03:42:38.000Z",null,null,5.5,11,18.5,67.5,null
"2025-12-13T03:46:38.000Z",null,null,6.25,11,18,67.5,null
"2025-12-13T03:50:38.000Z",null,null,6.25,10.5,15.5,67.5,null
"2025-12-13T03:54:42.000Z",null,null,4.75,9.75,14.5,90,null
"2025-12-13T03:58:42.000Z",null,null,1.75,8.5,14.5,90,null
"2025-12-13T04:02:42.000Z",null,null,3.5,9,15,90,null
"2025-12-13T04:06:46.000Z",null,null,5.25,10,15.5,67.5,null
"2025-12-13T04:10:46.000Z",null,null,3.5,8.75,14.5,112.5,null
"2025-12-13T04:14:46.000Z",null,null,0.25,5.25,9.5,112.5,null
"2025-12-13T04:18:50.000Z",null,null,4.25,8.75,14.5,112.5,null
"2025-12-13T04:22:50.000Z",null,null,2.5,6.5,13,112.5,null
"2025-12-13T04:26:50.000Z",null,null,1.75,4.25,7.25,112.5,null
"2025-12-13T04:30:54.000Z",null,null,0,3.25,7,112.5,null
"2025-12-13T04:34:54.000Z",null,null,2,7,13,90,null
"2025-12-13T04:38:54.000Z",null,null,1,6.5,12,67.5,null
"2025-12-13T04:42:58.000Z",null,null,3.25,6.75,14.5,67.5,null
"2025-12-13T04:46:58.000Z",null,null,4.25,7,12,67.5,null
"2025-12-13T04:50:58.000Z",null,null,3.25,6.5,12,67.5,null
"2025-12-13T04:55:02.000Z",null,null,3.25,6,8.75,67.5,null
"2025-12-13T04:59:02.000Z",null,null,2.5,6,10.5,67.5,null
"2025-12-13T05:03:02.000Z",null,null,0.25,2.5,6,90,null
"2025-12-13T05:07:06.000Z",null,null,0,3.5,7.25,67.5,null
"2025-12-13T05:11:06.000Z",null,null,2.75,6.25,10,90,null
"2025-12-13T05:15:06.000Z",null,null,1.75,3.75,6.5,90,null
"2025-12-13T05:19:10.000Z",null,null,1.75,3.75,6,90,null
"2025-12-13T05:23:10.000Z",null,null,2.75,7.25,12,90,null
"2025-12-13T05:27:10.000Z",null,null,1.5,3.75,7.25,67.5,null
"2025-12-13T05:31:14.000Z",null,null,1,4.75,7.75,90,null
"2025-12-13T05:35:14.000Z",null,null,1,5.75,11,90,null
"2025-12-13T05:39:14.000Z",null,null,3.75,8.25,12.5,67.5,null
"2025-12-13T05:43:19.000Z",null,null,4.75,7.75,12,67.5,null
"2025-12-13T05:47:19.000Z",null,null,4.75,9,14.5,90,null
"2025-12-13T05:51:19.000Z",null,null,4.5,7.75,11,67.5,null
"2025-12-13T05:55:23.000Z",null,null,4.25,7,10.5,90,null
"2025-12-13T05:59:23.000Z",null,null,0.75,4,9.5,112.5,null
"2025-12-13T06:03:23.000Z",null,null,1.75,4.75,9.5,112.5,null
"2025-12-13T06:07:27.000Z",null,null,2.5,5.75,11,90,null
"2025-12-13T06:11:27.000Z",null,null,4.25,7.5,12,90,null
"2025-12-13T06:15:27.000Z",null,null,3.5,7.5,12,90,null
"2025-12-13T06:19:30.000Z",null,null,3.25,7.5,14.5,90,null
"2025-12-13T06:23:30.000Z",null,null,2,8.25,14,67.5,null
"2025-12-13T06:27:30.000Z",null,null,2.75,8,13,90,null
"2025-12-13T06:31:35.000Z",null,null,2.5,8.75,14.5,67.5,null
"2025-12-13T06:35:35.000Z",null,null,6.25,9.5,13,67.5,null
"2025-12-13T06:39:35.000Z",null,null,2.5,6,13,67.5,null
"2025-12-13T06:43:38.000Z",null,null,3.25,6.75,11.5,67.5,null
"2025-12-13T06:47:38.000Z",null,null,2.5,7.75,13,90,null
"2025-12-13T06:51:38.000Z",null,null,2.5,7.5,15,67.5,null
"2025-12-13T06:55:43.000Z",null,null,1.75,6.5,12,67.5,null
"2025-12-13T06:59:43.000Z",null,null,3.75,9.25,16.5,67.5,null
"2025-12-13T07:03:43.000Z",null,null,4.5,9,13.5,67.5,null
"2025-12-13T07:07:47.000Z",null,null,5.25,10.5,16.5,67.5,null
"2025-12-13T07:11:47.000Z",null,null,6.25,10,14,67.5,null
"2025-12-13T07:15:47.000Z",null,null,2.75,6.25,14.5,67.5,null
"2025-12-13T07:19:51.000Z",null,null,2.75,6.75,13.5,67.5,null
"2025-12-13T07:23:51.000Z",null,null,3.25,7.5,13.5,90,null
"2025-12-13T07:27:51.000Z",null,null,2,8,13.5,90,null
"2025-12-13T07:31:55.000Z",null,null,2,6.75,13.5,90,null
"2025-12-13T07:35:55.000Z",null,null,5.25,10.5,17.5,67.5,null
"2025-12-13T07:39:55.000Z",null,null,3.5,9,14.5,90,null
"2025-12-13T07:43:58.000Z",null,null,6.5,10.5,16,90,null
"2025-12-13T07:47:58.000Z",null,null,0.25,8.75,17.5,67.5,null
"2025-12-13T07:51:58.000Z",null,null,1.5,8.25,18,67.5,null
"2025-12-13T07:56:03.000Z",null,null,0.25,5.5,11,67.5,null
"2025-12-13T08:00:03.000Z",null,null,4.5,12.5,21,67.5,null
"2025-12-13T08:04:03.000Z",null,null,0,6.25,13,90,null
"2025-12-13T08:08:07.000Z",null,null,3.75,9.75,16.5,67.5,null
"2025-12-13T08:12:07.000Z",null,null,5.25,12,20,67.5,null
"2025-12-13T08:16:07.000Z",null,null,2.75,9.5,17,67.5,null
"2025-12-13T08:20:11.000Z",null,null,5.25,11,19,67.5,null
"2025-12-13T08:24:11.000Z",null,null,4.25,12.5,18.5,67.5,null
"2025-12-13T08:28:11.000Z",null,null,2.5,9.5,14.5,112.5,null
"2025-12-13T08:32:15.000Z",null,null,3.25,8.25,19,90,null
"2025-12-13T08:36:15.000Z",null,null,1.75,6.5,13,90,null
"2025-12-13T08:40:15.000Z",null,null,2,7,12,90,null
"2025-12-13T08:44:20.000Z",null,null,4.75,9,14.5,90,null
"2025-12-13T08:48:20.000Z",null,null,5.25,10,16,90,null
"2025-12-13T08:52:20.000Z",null,null,2.5,8,16,90,null
"2025-12-13T08:56:23.000Z",null,null,2.5,5.75,11.5,112.5,null
"2025-12-13T09:00:23.000Z",null,null,2.5,6,12,112.5,null
"2025-12-13T09:04:23.000Z",null,null,1.75,8.5,15.5,112.5,null
"2025-12-13T09:08:27.000Z",null,null,3.75,8.25,15,90,null
"2025-12-13T09:12:27.000Z",null,null,3.25,9.25,17.5,67.5,null
"2025-12-13T09:16:27.000Z",null,null,1,6.25,12,90,null
"2025-12-13T09:20:31.000Z",null,null,0.75,6.75,11.5,112.5,null
"2025-12-13T09:24:31.000Z",null,null,0.75,5.5,9.5,112.5,null
"2025-12-13T09:28:31.000Z",null,null,1.5,4.25,6.5,90,null
"2025-12-13T09:32:35.000Z",null,null,2.5,6.25,9,135,null
"2025-12-13T09:36:35.000Z",null,null,0.75,5,11.5,90,null
"2025-12-13T09:40:35.000Z",null,null,0.25,4.75,14,90,null
"2025-12-13T09:44:39.000Z",null,null,0.75,4,11,112.5,null
"2025-12-13T09:48:39.000Z",null,null,2,5.75,12,90,null
"2025-12-13T09:52:39.000Z",null,null,3.25,6.25,14.5,90,null
"2025-12-13T09:56:44.000Z",null,null,1.5,6.5,13.5,90,null
"2025-12-13T10:00:44.000Z",null,null,3.75,8,13,67.5,null
"2025-12-13T10:04:44.000Z",null,null,4.75,9.25,15.5,67.5,null
"2025-12-13T10:08:47.000Z",null,null,2.5,6.25,10,90,null
"2025-12-13T10:12:47.000Z",null,null,0,4.5,11,112.5,null
"2025-12-13T10:16:47.000Z",null,null,3.25,6.5,11,135,null
"2025-12-13T10:20:52.000Z",null,null,1,6.25,13,90,null
"2025-12-13T10:24:52.000Z",null,null,1,4.75,10,135,null
"2025-12-13T10:28:52.000Z",null,null,3.25,6.75,9.75,135,null
"2025-12-13T10:32:55.000Z",null,null,4.25,7,11,157.5,null
"2025-12-13T10:36:55.000Z",null,null,2.75,5.5,10,135,null
"2025-12-13T10:40:55.000Z",null,null,2.75,5,8.25,135,null
"2025-12-13T10:44:59.000Z",null,null,2.75,6.5,12.5,157.5,null
"2025-12-13T10:48:59.000Z",null,null,3.25,8.25,14,112.5,null
"2025-12-13T10:52:59.000Z",null,null,1,6,13,135,null
"2025-12-13T10:57:04.000Z",null,null,1.5,4.5,8.25,112.5,null
"2025-12-13T11:01:04.000Z",null,null,0.75,5.75,13,135,null
"2025-12-13T11:05:04.000Z",null,null,2,6.25,11.5,135,null
"2025-12-13T11:09:08.000Z",null,null,1.75,7.75,13,135,null
"2025-12-13T11:13:08.000Z",null,null,3.5,7,10.5,135,null
"2025-12-13T11:17:08.000Z",null,null,1.75,5.25,11,135,null
"2025-12-13T11:21:12.000Z",null,null,0,3.75,9.75,135,null
"2025-12-13T11:25:12.000Z",null,null,1.5,5.25,9.5,135,null
"2025-12-13T11:29:12.000Z",null,null,0.25,3,8,112.5,null
"2025-12-13T11:33:16.000Z",null,null,0.25,5,14,112.5,null
"2025-12-13T11:37:16.000Z",null,null,1,6.25,14.5,90,null
"2025-12-13T11:41:16.000Z",null,null,2,5.25,9,112.5,null
"2025-12-13T11:45:20.000Z",null,null,1.5,6,9.75,112.5,null
"2025-12-13T11:49:20.000Z",null,null,1.5,4,10,135,null
"2025-12-13T11:53:20.000Z",null,null,1.5,5,10,135,null
"2025-12-13T11:57:24.000Z",null,null,1.75,5.25,12,135,null
"2025-12-13T12:01:24.000Z",null,null,2.75,8.25,12,90,null
"2025-12-13T12:05:24.000Z",null,null,2.5,5.5,10,90,null
"2025-12-13T12:09:28.000Z",null,null,0.25,5,8.75,112.5,null
"2025-12-13T12:13:28.000Z",null,null,1,6.75,11,90,null
"2025-12-13T12:17:28.000Z",null,null,3.25,6.5,12.5,90,null
"2025-12-13T12:21:32.000Z",null,null,0.75,4,7.25,67.5,null
"2025-12-13T12:25:32.000Z",null,null,0,2.75,9.75,67.5,null
"2025-12-13T12:29:32.000Z",null,null,0.75,3.5,7.75,67.5,null
"2025-12-13T12:33:36.000Z",null,null,0,2,4.75,315,null
"2025-12-13T12:37:36.000Z",null,null,2.75,3.75,6,337.5,null
"2025-12-13T12:41:36.000Z",null,null,1.5,3,4.75,22.5,null
"2025-12-13T12:45:41.000Z",null,null,0.25,1.75,3.75,0,null
"2025-12-13T12:49:41.000Z",null,null,0,1.5,4.5,45,null
"2025-12-13T12:53:41.000Z",null,null,0,1.25,3.75,22.5,null
"2025-12-13T12:57:44.000Z",null,null,0,0.5,2.75,0,null
"2025-12-13T13:01:44.000Z",null,null,1.5,5,9.5,112.5,null
"2025-12-13T13:05:44.000Z",null,null,1.5,5.25,9,112.5,null
"2025-12-13T13:09:48.000Z",null,null,0.75,3.5,7.5,112.5,null
"2025-12-13T13:13:48.000Z",null,null,0.25,3,7.25,90,null
"2025-12-13T13:17:48.000Z",null,null,0,4,7.25,45,null
"2025-12-13T13:21:52.000Z",null,null,2,4.25,6.25,337.5,null
"2025-12-13T13:25:52.000Z",null,null,0,2,3.75,337.5,null
"2025-12-13T13:29:52.000Z",null,null,0,1,3.25,292.5,null
"2025-12-13T13:33:56.000Z",null,null,0,3,6.5,337.5,null
"2025-12-13T13:37:56.000Z",null,null,2.5,4.75,7.25,337.5,null
"2025-12-13T13:41:56.000Z",null,null,2.5,6.75,9.75,0,null
"2025-12-13T14:00:55.000Z",null,null,1.5,4.5,6,0,null
"2025-12-13T14:04:55.000Z",null,null,2,4.25,6.5,22.5,null
"2025-12-13T14:08:55.000Z",null,null,0.25,3.75,5.5,0,null
"2025-12-13T14:12:59.000Z",null,null,0.75,4.75,7.75,0,null
"2025-12-13T14:16:59.000Z",null,null,4.5,5.75,7.25,0,null
"2025-12-13T14:20:59.000Z",null,null,1.75,5,7.25,0,null
"2025-12-13T14:25:03.000Z",null,null,0.25,3.5,6.5,337.5,null
"2025-12-13T14:29:03.000Z",null,null,1,2.25,3.75,292.5,null
"2025-12-13T14:33:03.000Z",null,null,0,0.75,2,270,null
"2025-12-13T14:37:08.000Z",null,null,0,1.75,4.25,22.5,null
"2025-12-13T14:41:08.000Z",null,null,2.5,4.25,6.25,337.5,null
"2025-12-13T14:45:08.000Z",null,null,1,3.75,7,337.5,null
"2025-12-13T14:50:57.000Z",null,null,1.5,3,5.25,22.5,null
"2025-12-13T14:54:57.000Z",null,null,0,2,4.25,22.5,null
"2025-12-13T14:58:57.000Z",null,null,0.75,4.75,8.25,0,null
"2025-12-13T15:03:02.000Z",null,null,0,3,5.5,0,null
"2025-12-13T15:07:02.000Z",null,null,5.25,8.75,12.5,0,null
"2025-12-13T15:11:02.000Z",null,null,5.25,9.5,13,22.5,null
"2025-12-13T15:15:05.000Z",null,null,4.25,7.5,10.5,45,null
"2025-12-13T15:19:05.000Z",null,null,3.25,4.75,7.25,22.5,null
"2025-12-13T15:23:05.000Z",null,null,2.75,6.75,9.5,45,null
"2025-12-13T15:27:10.000Z",null,null,1.75,5,8.25,22.5,null
"2025-12-13T15:31:10.000Z",null,null,4.25,5.5,7.75,22.5,null
"2025-12-13T15:35:10.000Z",null,null,0.75,5.75,11.5,22.5,null
"2025-12-13T15:39:13.000Z",null,null,0,3,5.5,0,null
"2025-12-13T15:43:13.000Z",null,null,0,2,8.25,315,null
"2025-12-13T15:47:13.000Z",null,null,1,4.75,8,315,null
"2025-12-13T15:51:17.000Z",null,null,2,3.5,4.75,270,null
"2025-12-13T15:55:17.000Z",null,null,0.75,3.25,4.75,270,null
"2025-12-13T15:59:17.000Z",null,null,0,2,6,180,null
"2025-12-13T16:03:22.000Z",null,null,0,2.25,4.5,45,null
"2025-12-13T16:07:22.000Z",null,null,1.75,3.5,6.25,337.5,null
"2025-12-13T16:11:22.000Z",null,null,2.75,4.5,7.75,337.5,null
"2025-12-13T16:15:25.000Z",null,null,3.25,5.25,8,22.5,null
"2025-12-13T16:19:25.000Z",null,null,3.25,6,8.75,22.5,null
"2025-12-13T16:23:25.000Z",null,null,2,5,8.75,45,null
"2025-12-13T16:27:30.000Z",null,null,2.75,7.25,13,22.5,null
"2025-12-13T16:31:30.000Z",null,null,4.25,8.5,13,22.5,null
"2025-12-13T16:35:30.000Z",null,null,0.25,4.25,10.5,22.5,null
"2025-12-13T16:39:33.000Z",null,null,2.75,4.5,7.75,90,null
"2025-12-13T16:43:33.000Z",null,null,0.25,2.75,5.5,90,null
"2025-12-13T16:47:33.000Z",null,null,0.25,2.75,4.75,157.5,null
"2025-12-13T16:51:37.000Z",null,null,0.25,2.5,4.5,135,null
"2025-12-13T16:55:37.000Z",null,null,0,2.25,4.75,67.5,null
"2025-12-13T16:59:37.000Z",null,null,0,1.75,4.75,157.5,null
"2025-12-13T17:03:42.000Z",null,null,0,1.25,2.75,112.5,null
"2025-12-13T17:07:42.000Z",null,null,0,1,3.5,157.5,null
"2025-12-13T17:11:42.000Z",null,null,0,2.75,5.25,67.5,null
"2025-12-13T17:15:46.000Z",null,null,1.5,3.75,6,67.5,null
"2025-12-13T17:19:46.000Z",null,null,3.25,5.25,8.75,67.5,null
"2025-12-13T17:23:46.000Z",null,null,0,2,5.5,112.5,null
"2025-12-13T17:27:50.000Z",null,null,0.75,2,3.5,135,null
"2025-12-13T17:31:50.000Z",null,null,0.25,3.25,6.25,135,null
"2025-12-13T17:35:50.000Z",null,null,0,3.25,5.25,135,null
"2025-12-13T17:39:54.000Z",null,null,0.75,2.5,5.25,112.5,null
"2025-12-13T17:43:54.000Z",null,null,1.5,4,8,157.5,null
"2025-12-13T17:47:54.000Z",null,null,0.75,3,5.5,135,null
"2025-12-13T17:51:58.000Z",null,null,0,1.5,5.25,45,null
"2025-12-13T17:55:58.000Z",null,null,0,1,4.25,67.5,null
"2025-12-13T17:59:58.000Z",null,null,0,2,4.75,135,null
"2025-12-13T18:04:02.000Z",null,null,0.75,3.25,5.25,135,null
"2025-12-13T18:08:02.000Z",null,null,1,2.75,4.5,112.5,null
"2025-12-13T18:12:02.000Z",null,null,0.75,2.5,6,135,null
"2025-12-13T18:16:06.000Z",null,null,0,2,4.75,112.5,null
"2025-12-13T18:20:06.000Z",null,null,2,4.5,7.75,45,null
"2025-12-13T18:24:06.000Z",null,null,1,4,8,22.5,null
"2025-12-13T18:28:10.000Z",null,null,4,7.25,12,45,null
"2025-12-13T18:32:10.000Z",null,null,3.75,8.5,13,45,null
"2025-12-13T18:36:10.000Z",null,null,5.5,9,13,22.5,null
"2025-12-13T18:40:15.000Z",null,null,3.25,6.75,12,45,null
"2025-12-13T18:44:15.000Z",null,null,2,5.75,11,22.5,null
"2025-12-13T18:48:15.000Z",null,null,2.5,5,10,0,null
"2025-12-13T18:52:18.000Z",null,null,2,5,8,45,null
"2025-12-13T18:56:18.000Z",null,null,1,2.25,5.5,157.5,null
"2025-12-13T19:00:18.000Z",null,null,2,3,4.5,202.5,null
"2025-12-13T19:04:22.000Z",null,null,0,4,11,67.5,null
"2025-12-13T19:08:22.000Z",null,null,2.75,7,14,45,null
"2025-12-13T19:12:22.000Z",null,null,4.25,8.5,14.5,45,null
"2025-12-13T19:16:26.000Z",null,null,2.5,7.5,15,22.5,null
"2025-12-13T19:20:26.000Z",null,null,1,8.75,17,45,null
"2025-12-13T19:24:26.000Z",null,null,1.75,8.25,16,45,null
"2025-12-13T19:28:31.000Z",null,null,0.25,3.75,6.25,45,null
"2025-12-13T19:32:31.000Z",null,null,1,6,16.5,67.5,null
"2025-12-13T19:36:31.000Z",null,null,4.5,11,19.5,67.5,null
"2025-12-13T19:40:34.000Z",null,null,6.5,12.5,24.5,45,null
"2025-12-13T19:44:34.000Z",null,null,3.25,10,22.5,67.5,null
"2025-12-13T19:48:34.000Z",null,null,2,6,12,67.5,null
"2025-12-13T19:52:39.000Z",null,null,3.5,7.5,13,67.5,null
"2025-12-13T19:56:39.000Z",null,null,3.25,9.75,16.5,45,null
"2025-12-13T20:00:39.000Z",null,null,2.75,8.75,19,67.5,null
"2025-12-13T20:04:43.000Z",null,null,2.75,7.75,15.5,67.5,null
"2025-12-13T20:08:43.000Z",null,null,2.5,9.5,18,45,null
"2025-12-13T20:12:43.000Z",null,null,4.75,11.5,21,67.5,null
"2025-12-13T20:16:47.000Z",null,null,3.25,8.25,15.5,45,null
"2025-12-13T20:20:47.000Z",null,null,2.5,10,20.5,67.5,null
"2025-12-13T20:24:47.000Z",null,null,2.5,8,15.5,67.5,null
"2025-12-13T20:28:50.000Z",null,null,1.75,6.75,21,90,null
"2025-12-13T20:32:50.000Z",null,null,4.75,10,19,67.5,null
"2025-12-13T20:36:50.000Z",null,null,6.5,12,21,67.5,null
"2025-12-13T20:40:54.000Z",null,null,4.75,11,20,67.5,null
"2025-12-13T20:44:54.000Z",null,null,1.5,4.5,7.25,90,null
"2025-12-13T20:48:54.000Z",null,null,1.75,3.75,6,135,null
"2025-12-13T20:52:58.000Z",null,null,2.5,5,9.75,90,null
"2025-12-13T20:56:58.000Z",null,null,3.25,7,13,90,null
"2025-12-13T21:00:58.000Z",null,null,0.75,4,7,67.5,null
"2025-12-13T21:05:03.000Z",null,null,1,5.75,11,67.5,null
"2025-12-13T21:09:03.000Z",null,null,3.5,9.25,15.5,67.5,null
"2025-12-13T21:13:03.000Z",null,null,6,11.5,16.5,67.5,null
"2025-12-13T21:17:07.000Z",null,null,4.75,9.75,14.5,67.5,null
"2025-12-13T21:21:07.000Z",null,null,3.25,8.75,14.5,67.5,null
"2025-12-13T21:25:07.000Z",null,null,1.75,6,8.75,45,null
"2025-12-13T21:29:11.000Z",null,null,0.75,4,8.25,45,null
"2025-12-13T21:33:11.000Z",null,null,1.75,5.75,13,45,null
"2025-12-13T21:37:11.000Z",null,null,0,4.5,9.5,67.5,null
"2025-12-13T21:41:15.000Z",null,null,0,1.75,6.75,90,null
"2025-12-13T21:45:15.000Z",null,null,0,0.75,2.75,112.5,null
"2025-12-13T21:49:15.000Z",null,null,0,3.5,8.25,22.5,null
"2025-12-13T21:53:20.000Z",null,null,0,2,6.25,67.5,null
"2025-12-13T21:57:20.000Z",null,null,1,2.75,5.5,67.5,null
"2025-12-13T22:01:20.000Z",null,null,0,1.75,6,67.5,null
"2025-12-13T22:05:23.000Z",null,null,3.5,9,14,67.5,null
"2025-12-13T22:09:23.000Z",null,null,0.75,4.5,10.5,67.5,null
"2025-12-13T22:13:23.000Z",null,null,2.75,6.25,13.5,90,null
"2025-12-13T22:17:28.000Z",null,null,4.25,9,14,67.5,null
"2025-12-13T22:21:28.000Z",null,null,4.5,7.25,11.5,67.5,null
"2025-12-13T22:25:28.000Z",null,null,3.75,7,12,67.5,null
"2025-12-13T22:29:31.000Z",null,null,1.5,5,7.75,67.5,null
"2025-12-13T22:33:31.000Z",null,null,3.75,6.75,9.75,90,null
"2025-12-13T22:37:31.000Z",null,null,4.75,8.25,15,90,null
"2025-12-13T22:41:35.000Z",null,null,4.5,9.25,14.5,67.5,null
"2025-12-13T22:45:35.000Z",null,null,2.75,7.75,13,67.5,null
"2025-12-13T22:49:35.000Z",null,null,5.25,8.25,11.5,67.5,null
"2025-12-13T22:53:39.000Z",null,null,4.5,7,10,90,null
"2025-12-13T22:57:39.000Z",null,null,2,5.75,9.75,90,null
"2025-12-13T23:01:39.000Z",null,null,1.75,3.5,6.5,90,null
"2025-12-13T23:05:43.000Z",null,null,1.75,3.25,5,90,null
"2025-12-13T23:09:43.000Z",null,null,0,1.5,3.25,90,null
"2025-12-13T23:13:43.000Z",null,null,0,1.25,4.25,135,null
"2025-12-13T23:17:48.000Z",null,null,1.5,2.5,3.75,135,null
"2025-12-13T23:21:48.000Z",null,null,0,2,3.75,90,null
"2025-12-13T23:25:48.000Z",null,null,0,6.5,11.5,45,null
"2025-12-13T23:29:51.000Z",null,null,2,5.5,8.25,67.5,null
"2025-12-13T23:33:51.000Z",null,null,1.75,4.75,8.25,67.5,null
"2025-12-13T23:37:51.000Z",null,null,0.75,5.5,9.75,90,null
"2025-12-13T23:41:56.000Z",null,null,3.25,6.75,13,90,null
"2025-12-13T23:45:56.000Z",null,null,3.5,8.5,13,90,null
"2025-12-13T23:49:56.000Z",null,null,2.5,6.75,11.5,67.5,null
"2025-12-13T23:53:59.000Z",null,null,0.25,2.75,5.25,90,null
"2025-12-13T23:57:59.000Z",null,null,0.25,2.75,8,90,null
"2025-12-14T00:01:59.000Z",null,null,0.75,3.5,6.5,90,null
"2025-12-14T00:06:03.000Z",null,null,0,4,8.25,90,null
"2025-12-14T00:10:03.000Z",null,null,1.75,4.25,7.75,90,null
"2025-12-14T00:14:03.000Z",null,null,1,4.25,11,90,null
"2025-12-14T00:18:08.000Z",null,null,1,3.25,6.25,112.5,null
"2025-12-14T00:22:08.000Z",null,null,0.25,6.25,12,90,null
"2025-12-14T00:26:08.000Z",null,null,0,2.75,8.75,112.5,null
"2025-12-14T00:30:12.000Z",null,null,0,3.25,9.5,90,null
"2025-12-14T00:34:12.000Z",null,null,0.75,6,11,90,null
"2025-12-14T00:38:12.000Z",null,null,2.5,7,16.5,90,null
"2025-12-14T00:42:16.000Z",null,null,0.25,4,7.75,90,null
"2025-12-14T00:46:16.000Z",null,null,1.75,5,9.75,67.5,null
"2025-12-14T00:50:16.000Z",null,null,3.25,8.25,15.5,67.5,null
"2025-12-14T00:54:20.000Z",null,null,3.75,9,15.5,90,null
"2025-12-14T00:58:20.000Z",null,null,7.25,11.5,18,90,null
"2025-12-14T01:02:20.000Z",null,null,4.75,10,19,67.5,null
"2025-12-14T01:06:24.000Z",null,null,4.75,10,16,67.5,null
"2025-12-14T01:10:24.000Z",null,null,6,10.5,15.5,67.5,null
"2025-12-14T01:14:24.000Z",null,null,3.25,6.75,12.5,67.5,null
"2025-12-14T01:18:28.000Z",null,null,2.5,5.75,9.75,90,null
"2025-12-14T01:22:28.000Z",null,null,1.5,5.75,10.5,90,null
"2025-12-14T01:26:28.000Z",null,null,1.75,4.5,8.25,90,null
"2025-12-14T01:30:32.000Z",null,null,0.25,4,8,90,null
"2025-12-14T01:34:32.000Z",null,null,1.5,6,11,67.5,null
"2025-12-14T01:38:32.000Z",null,null,3.5,6,10,90,null
"2025-12-14T01:42:36.000Z",null,null,2,8.25,15,67.5,null
"2025-12-14T01:46:36.000Z",null,null,2.5,6.5,11.5,67.5,null
"2025-12-14T01:50:36.000Z",null,null,2,6,12.5,90,null
"2025-12-14T01:54:40.000Z",null,null,3.25,7.25,11,67.5,null
"2025-12-14T01:58:40.000Z",null,null,4.5,8.5,12,67.5,null
"2025-12-14T02:02:40.000Z",null,null,4.25,8.25,12,67.5,null
"2025-12-14T02:06:44.000Z",null,null,3.5,7,12,67.5,null
"2025-12-14T02:10:44.000Z",null,null,1.75,5.75,8,67.5,null
"2025-12-14T02:14:44.000Z",null,null,1.75,6.75,12,90,null
"2025-12-14T02:18:48.000Z",null,null,2.5,5.5,9.5,90,null
"2025-12-14T02:22:48.000Z",null,null,1,5.75,11.5,112.5,null
"2025-12-14T02:26:48.000Z",null,null,1.75,7,12.5,90,null
"2025-12-14T02:30:52.000Z",null,null,0.25,4.5,8,90,null
"2025-12-14T02:34:52.000Z",null,null,2.5,8,14,90,null
"2025-12-14T02:38:52.000Z",null,null,4.75,9.5,15.5,67.5,null
"2025-12-14T02:42:57.000Z",null,null,3.25,6.25,10,67.5,null
"2025-12-14T02:46:57.000Z",null,null,2.75,5.5,8.75,90,null
"2025-12-14T02:50:57.000Z",null,null,2.75,4.75,7,90,null
"2025-12-14T02:55:00.000Z",null,null,2.75,4.75,6.25,90,null
"2025-12-14T02:59:00.000Z",null,null,1.5,3.5,5.25,90,null
"2025-12-14T03:03:00.000Z",null,null,1.5,3.75,7.75,67.5,null
"2025-12-14T03:07:05.000Z",null,null,2.5,5.5,8.75,67.5,null
"2025-12-14T03:11:05.000Z",null,null,2.75,4.75,6.25,90,null
"2025-12-14T03:15:05.000Z",null,null,3.25,5,7.75,67.5,null
"2025-12-14T03:19:08.000Z",null,null,2,4.75,8.75,67.5,null
"2025-12-14T03:23:08.000Z",null,null,2.75,5,8,67.5,null
"2025-12-14T03:27:08.000Z",null,null,1.5,4,7,67.5,null
"2025-12-14T03:31:12.000Z",null,null,0.25,2.5,4.5,90,null
"2025-12-14T03:35:12.000Z",null,null,1,2.5,4.5,112.5,null
"2025-12-14T03:39:12.000Z",null,null,0.75,2.25,3.5,112.5,null
"2025-12-14T03:43:17.000Z",null,null,1,2,3.25,112.5,null
"2025-12-14T03:47:17.000Z",null,null,1.5,2.75,3.75,112.5,null
"2025-12-14T03:51:17.000Z",null,null,1,2.25,4.25,67.5,null
"2025-12-14T03:55:20.000Z",null,null,0,0.75,2,112.5,null
"2025-12-14T03:59:20.000Z",null,null,0.25,2,3.5,112.5,null
"2025-12-14T04:03:20.000Z",null,null,0,1,3.25,112.5,null
"2025-12-14T04:07:24.000Z",null,null,1.5,2.5,3.75,112.5,null
"2025-12-14T04:11:24.000Z",null,null,0,2.25,3.5,90,null
"2025-12-14T04:15:24.000Z",null,null,0.75,1.75,3.75,90,null
"2025-12-14T04:19:28.000Z",null,null,0.25,3,6.25,45,null
"2025-12-14T04:23:28.000Z",null,null,1.5,3,4.5,90,null
"2025-12-14T04:27:28.000Z",null,null,0.75,3,6,67.5,null
"2025-12-14T04:31:33.000Z",null,null,1,3.25,7,90,null
"2025-12-14T04:35:33.000Z",null,null,1.75,4.5,8,90,null
"2025-12-14T04:39:33.000Z",null,null,2.75,6,9.75,67.5,null
"2025-12-14T04:43:36.000Z",null,null,3.25,6,11,90,null
"2025-12-14T04:47:36.000Z",null,null,2.75,4.75,8,90,null
"2025-12-14T04:51:36.000Z",null,null,1.5,4.5,7,90,null
"2025-12-14T04:55:41.000Z",null,null,1.75,3.25,5.25,90,null
"2025-12-14T04:59:41.000Z",null,null,1.75,3.75,6.25,67.5,null
"2025-12-14T05:03:41.000Z",null,null,2.5,4.25,6.5,67.5,null
"2025-12-14T05:07:45.000Z",null,null,2.75,4.5,7.25,67.5,null
"2025-12-14T05:11:45.000Z",null,null,1.5,2.75,7.25,67.5,null
"2025-12-14T05:15:45.000Z",null,null,3.25,5.5,9.5,45,null
"2025-12-14T05:19:49.000Z",null,null,2,4,6,45,null
"2025-12-14T05:23:49.000Z",null,null,1,3.75,7.25,67.5,null
"2025-12-14T05:27:49.000Z",null,null,0,1.5,4.25,112.5,null
"2025-12-14T05:31:53.000Z",null,null,1.75,3.5,5.25,45,null
"2025-12-14T05:35:53.000Z",null,null,1,3,6.25,90,null
"2025-12-14T05:39:53.000Z",null,null,2,3.5,6,112.5,null
"2025-12-14T05:43:57.000Z",null,null,0.75,2.75,5.25,112.5,null
"2025-12-14T05:47:57.000Z",null,null,1.75,3.5,8.25,135,null
"2025-12-14T05:51:57.000Z",null,null,1,2.25,4.5,135,null
"2025-12-14T05:56:02.000Z",null,null,1.5,3.25,6.25,90,null
"2025-12-14T06:00:02.000Z",null,null,1.5,3.5,6,157.5,null
"2025-12-14T06:04:02.000Z",null,null,2,3.75,5.5,135,null
"2025-12-14T06:08:05.000Z",null,null,1.75,3.75,6.25,112.5,null
"2025-12-14T06:12:05.000Z",null,null,0.75,3.25,5.25,135,null
"2025-12-14T06:16:05.000Z",null,null,1.75,4.75,8,135,null
"2025-12-14T06:20:09.000Z",null,null,1,3.25,7.25,112.5,null
"2025-12-14T06:24:09.000Z",null,null,1,2.75,6,135,null
"2025-12-14T06:28:09.000Z",null,null,1.5,4.25,8.25,112.5,null
"2025-12-14T06:32:13.000Z",null,null,1,4,8,112.5,null
"2025-12-14T06:36:13.000Z",null,null,1.5,4.75,7.25,90,null
"2025-12-14T06:40:13.000Z",null,null,0.25,3,6,135,null
"2025-12-14T06:44:17.000Z",null,null,0.25,1.75,3.25,90,null
"2025-12-14T06:48:17.000Z",null,null,1.5,3,4.5,112.5,null
"2025-12-14T06:52:17.000Z",null,null,0.75,3.5,6.5,90,null
"2025-12-14T06:56:21.000Z",null,null,0.25,2,3.75,112.5,null
"2025-12-14T07:00:21.000Z",null,null,1,3,5.5,157.5,null
"2025-12-14T07:04:21.000Z",null,null,0,1.75,4.5,135,null
"2025-12-14T07:08:25.000Z",null,null,0.25,1.5,3.25,112.5,null
"2025-12-14T07:12:25.000Z",null,null,0.75,3.5,6.5,45,null
"2025-12-14T07:16:25.000Z",null,null,1.5,3.75,6.25,67.5,null
"2025-12-14T07:20:30.000Z",null,null,1.5,4,6.5,90,null
"2025-12-14T07:24:30.000Z",null,null,2.5,4.75,6.5,67.5,null
"2025-12-14T07:28:30.000Z",null,null,2.75,4.5,7,67.5,null
"2025-12-14T07:32:34.000Z",null,null,1,2.75,4.75,90,null
"2025-12-14T07:36:34.000Z",null,null,0,3.5,8,90,null
"2025-12-14T07:40:34.000Z",null,null,1.75,3.5,6.25,90,null
"2025-12-14T07:44:37.000Z",null,null,1.5,4.25,7.25,90,null
"2025-12-14T07:48:37.000Z",null,null,2.5,4.75,9.75,135,null
"2025-12-14T07:52:37.000Z",null,null,2.75,4.25,6,135,null
"2025-12-14T07:56:42.000Z",null,null,0.75,2.25,3.75,112.5,null
"2025-12-14T08:00:42.000Z",null,null,1,2,3.5,112.5,null
"2025-12-14T08:04:42.000Z",null,null,0.25,3.25,5.5,90,null
"2025-12-14T08:08:46.000Z",null,null,0.75,4,8,90,null
"2025-12-14T08:12:46.000Z",null,null,1.5,5.5,9.5,112.5,null
"2025-12-14T08:16:46.000Z",null,null,0.75,3.25,6.25,112.5,null
"2025-12-14T08:20:50.000Z",null,null,1,3.5,5.5,135,null
"2025-12-14T08:24:50.000Z",null,null,2,4.75,7.75,135,null
"2025-12-14T08:28:50.000Z",null,null,0.25,2.25,4.75,112.5,null
"2025-12-14T08:32:54.000Z",null,null,1,6.5,11,157.5,null
"2025-12-14T08:36:54.000Z",null,null,0.25,4,8.25,135,null
"2025-12-14T08:40:54.000Z",null,null,2.5,7,12,135,null
"2025-12-14T08:44:58.000Z",null,null,1.75,4.75,7.25,112.5,null
"2025-12-14T08:48:58.000Z",null,null,1.5,6.25,11,157.5,null
"2025-12-14T08:52:58.000Z",null,null,2.75,5.75,8,157.5,null
"2025-12-14T08:57:02.000Z",null,null,2.75,4.25,7.25,135,null
"2025-12-14T09:01:02.000Z",null,null,0,1.25,3.5,112.5,null
"2025-12-14T09:05:02.000Z",null,null,0,2.25,5.5,135,null
"2025-12-14T09:09:06.000Z",null,null,1.75,6,13,135,null
"2025-12-14T09:13:06.000Z",null,null,0,3.25,6,135,null
"2025-12-14T09:17:06.000Z",null,null,0.75,3.75,9.5,90,null
"2025-12-14T09:21:10.000Z",null,null,0.25,4.75,8.25,135,null
"2025-12-14T09:25:10.000Z",null,null,4.5,7,9.5,90,null
"2025-12-14T09:29:10.000Z",null,null,0.75,4.5,7.75,112.5,null
"2025-12-14T09:33:14.000Z",null,null,1.5,5.75,11,112.5,null
"2025-12-14T09:37:14.000Z",null,null,1.75,5.25,9,90,null
"2025-12-14T09:41:14.000Z",null,null,2.75,7.75,14,112.5,null
"2025-12-14T09:45:18.000Z",null,null,2.5,6.25,13,112.5,null
"2025-12-14T09:49:18.000Z",null,null,2,6,9.5,135,null
"2025-12-14T09:53:18.000Z",null,null,1.5,5.25,10,90,null
"2025-12-14T09:57:22.000Z",null,null,1.5,6.5,13,112.5,null
"2025-12-14T10:01:22.000Z",null,null,2.75,7.5,11.5,112.5,null
"2025-12-14T10:05:22.000Z",null,null,1.5,6.5,12,112.5,null
"2025-12-14T10:09:26.000Z",null,null,0.25,4.5,8.75,112.5,null
"2025-12-14T10:13:26.000Z",null,null,2.75,6.25,10,112.5,null
"2025-12-14T10:17:26.000Z",null,null,0,4.5,8,112.5,null
"2025-12-14T10:21:31.000Z",null,null,1.5,5.25,12,67.5,null
"2025-12-14T10:25:31.000Z",null,null,3.75,8.5,13,67.5,null
"2025-12-14T10:29:31.000Z",null,null,2.75,8.25,14.5,90,null
"2025-12-14T10:33:34.000Z",null,null,1.75,5.75,10,67.5,null
"2025-12-14T10:37:34.000Z",null,null,3.25,6.5,11,45,null
"2025-12-14T10:41:34.000Z",null,null,0.75,5,10,67.5,null
"2025-12-14T10:45:38.000Z",null,null,0.25,2.75,6.5,135,null
"2025-12-14T10:49:38.000Z",null,null,0,3,11,45,null
"2025-12-14T10:53:38.000Z",null,null,3.75,8.25,12,67.5,null
"2025-12-14T10:57:43.000Z",null,null,3.25,7.75,14.5,67.5,null
"2025-12-14T11:01:43.000Z",null,null,2.75,9,15.5,67.5,null
"2025-12-14T11:05:43.000Z",null,null,1.75,5.5,10,90,null
"2025-12-14T11:09:46.000Z",null,null,2.5,6,15,67.5,null
"2025-12-14T11:13:46.000Z",null,null,4.75,9,15.5,90,null
"2025-12-14T11:17:46.000Z",null,null,0.25,5.75,12,67.5,null
"2025-12-14T11:21:51.000Z",null,null,0,6,10.5,90,null
"2025-12-14T11:25:51.000Z",null,null,0.75,5.25,9.5,90,null
"2025-12-14T11:29:51.000Z",null,null,0.75,5.25,11,90,null
"2025-12-14T11:33:55.000Z",null,null,0,2.75,9,90,null
"2025-12-14T11:37:55.000Z",null,null,1.5,7.5,12,112.5,null
"2025-12-14T11:41:55.000Z",null,null,3.5,6.75,9.5,157.5,null
"2025-12-14T11:45:59.000Z",null,null,1,4.5,7.25,157.5,null
"2025-12-14T11:49:59.000Z",null,null,2.75,8.25,12.5,135,null
"2025-12-14T11:53:59.000Z",null,null,1.75,5.75,10.5,157.5,null
"2025-12-14T11:58:02.000Z",null,null,2,6,10,157.5,null
"2025-12-14T12:02:02.000Z",null,null,4.5,7.5,11.5,135,null
"2025-12-14T12:06:02.000Z",null,null,2.5,7,12,157.5,null
"2025-12-14T12:10:07.000Z",null,null,0,4.5,10.5,135,null
"2025-12-14T12:14:07.000Z",null,null,1.75,5,9,135,null
"2025-12-14T12:18:07.000Z",null,null,0.25,4.75,8,135,null
"2025-12-14T12:22:11.000Z",null,null,1.5,5,8.75,112.5,null
"2025-12-14T12:26:11.000Z",null,null,2.5,7.25,15.5,90,null
"2025-12-14T12:30:11.000Z",null,null,2,5.5,12,112.5,null
"2025-12-14T12:34:15.000Z",null,null,2.5,6.25,13,67.5,null
"2025-12-14T12:38:15.000Z",null,null,4.25,8,12,67.5,null
"2025-12-14T12:42:15.000Z",null,null,0.75,3.5,8.25,90,null
"2025-12-14T12:46:19.000Z",null,null,1.5,4.5,7.75,90,null
"2025-12-14T12:50:19.000Z",null,null,3.5,7,11,112.5,null
"2025-12-14T12:54:19.000Z",null,null,1.75,6,10,135,null
"2025-12-14T12:58:23.000Z",null,null,1.5,4.25,8.75,112.5,null
"2025-12-14T13:02:23.000Z",null,null,0.25,5,10,112.5,null
"2025-12-14T13:06:23.000Z",null,null,0,2.25,5.5,135,null
"2025-12-14T13:10:27.000Z",null,null,0,5.25,11.5,135,null
"2025-12-14T13:14:27.000Z",null,null,1.5,5.75,12,112.5,null
"2025-12-14T13:18:27.000Z",null,null,0.75,5.75,12.5,90,null
"2025-12-14T13:22:31.000Z",null,null,3.5,8,15.5,90,null
"2025-12-14T13:26:31.000Z",null,null,1.5,7.5,12.5,90,null
"2025-12-14T13:30:31.000Z",null,null,4.75,9.75,16,90,null
"2025-12-14T13:34:35.000Z",null,null,3.25,8,15.5,90,null
"2025-12-14T13:38:35.000Z",null,null,1,5.75,11.5,90,null
"2025-12-14T13:42:35.000Z",null,null,4.25,10,16.5,67.5,null
"2025-12-14T14:01:33.000Z",null,null,2,11.5,18,90,null
"2025-12-14T14:05:33.000Z",null,null,5.5,10.5,16.5,67.5,null
"2025-12-14T14:09:33.000Z",null,null,4.5,10.5,17,67.5,null
"2025-12-14T14:13:38.000Z",null,null,1.75,8.25,14.5,67.5,null
"2025-12-14T14:17:38.000Z",null,null,2,9.75,19,67.5,null
"2025-12-14T14:21:38.000Z",null,null,4.5,9.75,15.5,90,null
"2025-12-14T14:25:41.000Z",null,null,3.25,10.5,18.5,67.5,null
"2025-12-14T14:29:41.000Z",null,null,2,8,14,90,null
"2025-12-14T14:33:41.000Z",null,null,2.75,9,14.5,90,null
"2025-12-14T14:37:45.000Z",null,null,3.75,8.25,15,67.5,null
"2025-12-14T14:41:45.000Z",null,null,1.5,7.25,14.5,67.5,null
"2025-12-14T14:45:45.000Z",null,null,0.75,8.5,15.5,67.5,null
"2025-12-14T14:51:35.000Z",null,null,1.5,7,15.5,90,null
"2025-12-14T14:55:35.000Z",null,null,3.25,10.5,18,67.5,null
"2025-12-14T14:59:35.000Z",null,null,3.75,9,16.5,90,null
"2025-12-14T15:03:39.000Z",null,null,2.5,7.5,12.5,67.5,null
"2025-12-14T15:07:39.000Z",null,null,4.25,9.25,16,67.5,null
"2025-12-14T15:11:39.000Z",null,null,2.75,6.5,12,67.5,null
"2025-12-14T15:15:44.000Z",null,null,2.75,8.25,14.5,67.5,null
"2025-12-14T15:19:44.000Z",null,null,1,5.75,12,67.5,null
"2025-12-14T15:23:44.000Z",null,null,2.75,6.75,10.5,67.5,null
"2025-12-14T15:27:47.000Z",null,null,1.5,5.75,11,67.5,null
"2025-12-14T15:31:47.000Z",null,null,3.25,7.75,14.5,67.5,null
"2025-12-14T15:35:47.000Z",null,null,2.75,6.75,11.5,67.5,null
"2025-12-14T15:39:51.000Z",null,null,3.75,7.25,12.5,67.5,null
"2025-12-14T15:43:51.000Z",null,null,2,5,11,67.5,null
"2025-12-14T15:47:51.000Z",null,null,1.75,6.5,11,67.5,null
"2025-12-14T15:51:56.000Z",null,null,3.25,6.25,11,67.5,null
"2025-12-14T15:55:56.000Z",null,null,3.5,7.5,12,90,null
"2025-12-14T15:59:56.000Z",null,null,4.25,8,13,90,null
"2025-12-14T16:03:59.000Z",null,null,2.75,7.25,13,67.5,null
"2025-12-14T16:07:59.000Z",null,null,2.5,7,12,67.5,null
"2025-12-14T16:11:59.000Z",null,null,3.75,7.75,11,67.5,null
"2025-12-14T16:16:04.000Z",null,null,3.25,7.5,12,67.5,null
"2025-12-14T16:20:04.000Z",null,null,3.5,8.5,14.5,67.5,null
"2025-12-14T16:24:04.000Z",null,null,6.25,9.25,13,67.5,null
"2025-12-14T16:28:08.000Z",null,null,4.5,7.25,11,90,null
"2025-12-14T16:32:08.000Z",null,null,3.5,8,13,67.5,null
"2025-12-14T16:36:08.000Z",null,null,4.75,9.25,15,67.5,null
"2025-12-14T16:40:12.000Z",null,null,2.5,8.5,14,90,null
"2025-12-14T16:44:12.000Z",null,null,2.75,8,14,90,null
"2025-12-14T16:48:12.000Z",null,null,3.5,8.75,13.5,90,null
"2025-12-14T16:52:16.000Z",null,null,4.75,9.25,15.5,67.5,null
"2025-12-14T16:56:16.000Z",null,null,4.25,7.75,11.5,67.5,null
"2025-12-14T17:00:16.000Z",null,null,5.25,8.5,13.5,67.5,null
"2025-12-14T17:04:20.000Z",null,null,4.75,9.75,17,67.5,null
"2025-12-14T17:08:20.000Z",null,null,1.75,8.75,16.5,90,null
"2025-12-14T17:12:20.000Z",null,null,2.5,8.5,15.5,90,null
"2025-12-14T17:16:24.000Z",null,null,4.5,8.75,15,90,null
"2025-12-14T17:20:24.000Z",null,null,6.25,11,17,67.5,null
"2025-12-14T17:24:24.000Z",null,null,3.25,9.25,15.5,90,null
"2025-12-14T17:28:28.000Z",null,null,2.75,10.5,15,90,null
"2025-12-14T17:32:28.000Z",null,null,4.5,9,14,90,null
"2025-12-14T17:36:28.000Z",null,null,3.5,7.75,12,90,null
"2025-12-14T17:40:32.000Z",null,null,1.75,9,16.5,90,null
"2025-12-14T17:44:32.000Z",null,null,4.5,7.75,13,90,null
"2025-12-14T17:48:32.000Z",null,null,4.5,8.5,14.5,90,null
"2025-12-14T17:52:36.000Z",null,null,3.25,7.25,12,90,null
"2025-12-14T17:56:36.000Z",null,null,2.5,7,12,90,null
"2025-12-14T18:00:36.000Z",null,null,2.5,6.25,11.5,67.5,null
"2025-12-14T18:04:40.000Z",null,null,0.75,5,13,90,null
"2025-12-14T18:08:40.000Z",null,null,1,4.75,8.75,90,null
"2025-12-14T18:12:40.000Z",null,null,1.75,4,6.25,112.5,null
"2025-12-14T18:16:44.000Z",null,null,0.25,2.75,6.25,112.5,null
"2025-12-14T18:20:44.000Z",null,null,0.75,4,7.25,112.5,null
"2025-12-14T18:24:44.000Z",null,null,1,4.5,9.75,112.5,null
"2025-12-14T18:28:48.000Z",null,null,0.25,5.5,10,135,null
"2025-12-14T18:32:48.000Z",null,null,1.5,4,8.25,112.5,null
"2025-12-14T18:36:48.000Z",null,null,0.75,3.5,6.25,135,null
"2025-12-14T18:40:52.000Z",null,null,1.5,4.25,7.75,135,null
"2025-12-14T18:44:52.000Z",null,null,0.25,3,4.75,157.5,null
"2025-12-14T18:48:52.000Z",null,null,2,4.25,6.5,157.5,null
"2025-12-14T18:52:57.000Z",null,null,1.75,3.75,6.25,157.5,null
"2025-12-14T18:56:57.000Z",null,null,1,3.5,5.25,180,null
"2025-12-14T19:00:57.000Z",null,null,1,3.5,6,180,null
"2025-12-14T19:05:00.000Z",null,null,2.5,5,9.5,180,null
"2025-12-14T19:09:00.000Z",null,null,3.25,6.5,10,180,null
"2025-12-14T19:13:00.000Z",null,null,2,6.75,10.5,202.5,null
"2025-12-14T19:17:05.000Z",null,null,3.75,7.75,12,202.5,null
"2025-12-14T19:21:05.000Z",null,null,1.75,6.25,13,180,null
"2025-12-14T19:25:05.000Z",null,null,4.25,8.5,13,180,null
"2025-12-14T19:29:09.000Z",null,null,3.75,8.5,12,202.5,null
"2025-12-14T19:33:09.000Z",null,null,2.5,7.25,12.5,202.5,null
"2025-12-14T19:37:09.000Z",null,null,1,6.75,11.5,180,null
"2025-12-14T19:41:12.000Z",null,null,1.5,6.25,11.5,180,null
"2025-12-14T19:45:12.000Z",null,null,1.75,6.75,10,180,null
"2025-12-14T19:49:12.000Z",null,null,1.75,6.25,9.75,180,null
"2025-12-14T19:53:17.000Z",null,null,1.5,6.5,11,180,null
"2025-12-14T19:57:17.000Z",null,null,1.75,4.75,9.75,180,null
"2025-12-14T20:01:17.000Z",null,null,0,6,10,157.5,null
"2025-12-14T20:05:21.000Z",null,null,2,7,11,180,null
"2025-12-14T20:09:21.000Z",null,null,1,5.25,9.5,180,null
"2025-12-14T20:13:21.000Z",null,null,1.75,6,9.5,180,null
"2025-12-14T20:17:24.000Z",null,null,1,5.75,11,180,null
"2025-12-14T20:21:24.000Z",null,null,2.5,5.25,8.75,180,null
"2025-12-14T20:25:24.000Z",null,null,2.5,6.75,11,202.5,null
"2025-12-14T20:29:29.000Z",null,null,2.75,7.25,13,202.5,null
"2025-12-14T20:33:29.000Z",null,null,1.75,8.25,13,202.5,null
"2025-12-14T20:37:29.000Z",null,null,3.25,9,11.5,202.5,null
"2025-12-14T20:41:33.000Z",null,null,4.75,8.5,11,202.5,null
"2025-12-14T20:45:33.000Z",null,null,3.25,6.75,9,202.5,null
"2025-12-14T20:49:33.000Z",null,null,2,7.25,11,202.5,null
"2025-12-14T20:53:37.000Z",null,null,0.75,3.75,8.25,180,null
"2025-12-14T20:57:37.000Z",null,null,0,2.75,7,157.5,null
"2025-12-14T21:01:37.000Z",null,null,0.75,2.75,6.25,180,null
"2025-12-14T21:05:41.000Z",null,null,0.25,5.75,9,202.5,null
"2025-12-14T21:09:41.000Z",null,null,0.75,5,8,202.5,null
"2025-12-14T21:13:41.000Z",null,null,1.75,4.75,8.75,202.5,null
"2025-12-14T21:17:45.000Z",null,null,1.5,6,8.75,202.5,null
"2025-12-14T21:21:45.000Z",null,null,1.75,5.25,9.75,180,null
"2025-12-14T21:25:45.000Z",null,null,1.75,5,7.75,202.5,null
"2025-12-14T21:29:49.000Z",null,null,1,6.5,9.75,202.5,null
"2025-12-14T21:33:49.000Z",null,null,1,6.75,9.75,202.5,null
"2025-12-14T21:37:49.000Z",null,null,5.25,8.5,10.5,202.5,null
"2025-12-14T21:41:53.000Z",null,null,2.75,9,12,202.5,null
"2025-12-14T21:45:53.000Z",null,null,4.75,8.75,11,202.5,null
"2025-12-14T21:49:53.000Z",null,null,6.5,9.25,11,202.5,null
"2025-12-14T21:53:57.000Z",null,null,4.25,8,11.5,202.5,null
"2025-12-14T21:57:57.000Z",null,null,2,4.75,6.5,202.5,null
"2025-12-14T22:01:57.000Z",null,null,1.5,5,8,202.5,null
"2025-12-14T22:06:01.000Z",null,null,0,4.75,10,202.5,null
"2025-12-14T22:10:01.000Z",null,null,0.25,4.25,9.75,202.5,null
"2025-12-14T22:14:01.000Z",null,null,1.75,5.25,8.75,180,null
"2025-12-14T22:18:05.000Z",null,null,1,3.75,6.5,202.5,null
"2025-12-14T22:22:05.000Z",null,null,3.5,6.5,9,202.5,null
"2025-12-14T22:26:05.000Z",null,null,0.75,4.75,8.25,180,null
"2025-12-14T22:30:09.000Z",null,null,2.5,5.25,9,202.5,null
"2025-12-14T22:34:09.000Z",null,null,2.75,4.25,6,157.5,null
"2025-12-14T22:38:09.000Z",null,null,1,2.25,3.5,157.5,null
"2025-12-14T22:42:13.000Z",null,null,0.25,1.5,2.75,135,null
"2025-12-14T22:46:13.000Z",null,null,0,1.25,3.75,157.5,null
"2025-12-14T22:50:13.000Z",null,null,0.25,2.75,4.75,247.5,null
"2025-12-14T22:54:18.000Z",null,null,0,1.5,3.75,45,null
"2025-12-14T22:58:18.000Z",null,null,0.25,2,3.75,67.5,null
"2025-12-14T23:02:18.000Z",null,null,0,2.25,4.25,90,null
"2025-12-14T23:06:21.000Z",null,null,1,3.75,8,67.5,null
"2025-12-14T23:10:21.000Z",null,null,1.75,6,9.5,67.5,null
"2025-12-14T23:14:21.000Z",null,null,4.25,7.25,10.5,67.5,null
"2025-12-14T23:18:26.000Z",null,null,5.25,8,12,67.5,null
"2025-12-14T23:22:26.000Z",null,null,3.75,7.5,11,67.5,null
"2025-12-14T23:26:26.000Z",null,null,4.5,7,11,90,null
"2025-12-14T23:30:29.000Z",null,null,4.25,8.25,12,90,null
"2025-12-14T23:34:29.000Z",null,null,3.25,6.25,9.75,90,null
"2025-12-14T23:38:29.000Z",null,null,2.75,5.5,9.75,112.5,null
"2025-12-14T23:42:33.000Z",null,null,2,5,10,112.5,null
"2025-12-14T23:46:33.000Z",null,null,1.75,4.75,7.75,112.5,null
"2025-12-14T23:50:33.000Z",null,null,4.25,7,11,90,null
"2025-12-14T23:54:38.000Z",null,null,3.5,6.5,10,90,null
"2025-12-14T23:58:38.000Z",null,null,2.75,5.25,7.25,90,null
"2025-12-15T00:02:38.000Z",null,null,2,5.5,8.75,90,null
"2025-12-15T00:06:42.000Z",null,null,1.75,3.75,6.75,90,null
"2025-12-15T00:10:42.000Z",null,null,1.75,3.25,5.5,112.5,null
"2025-12-15T00:14:42.000Z",null,null,0.25,1.75,3.5,112.5,null
"2025-12-15T00:18:46.000Z",null,null,1.75,3.75,6.5,90,null
"2025-12-15T00:22:46.000Z",null,null,0,2.25,5.25,112.5,null
"2025-12-15T00:26:46.000Z",null,null,1.5,2.75,4.75,135,null
"2025-12-15T00:30:50.000Z",null,null,0,1.5,4.75,180,null
"2025-12-15T00:34:50.000Z",null,null,0.25,3.75,6.5,135,null
"2025-12-15T00:38:50.000Z",null,null,1,2.75,6,112.5,null
"2025-12-15T00:42:54.000Z",null,null,0,4,7.75,90,null
"2025-12-15T00:46:54.000Z",null,null,1,3,6,135,null
"2025-12-15T00:50:54.000Z",null,null,1.5,3.25,6.25,157.5,null
"2025-12-15T00:54:58.000Z",null,null,1.75,3,4.25,112.5,null
"2025-12-15T00:58:58.000Z",null,null,1.75,3.25,6,112.5,null
"2025-12-15T01:02:58.000Z",null,null,1.5,3.5,6.25,112.5,null
"2025-12-15T01:07:02.000Z",null,null,3.25,5,6.5,112.5,null
"2025-12-15T01:11:02.000Z",null,null,3.5,5.25,8.75,135,null
"2025-12-15T01:15:02.000Z",null,null,1.75,4,7.25,112.5,null
"2025-12-15T01:19:06.000Z",null,null,0,3.25,6,90,null
"2025-12-15T01:23:06.000Z",null,null,2,4,6.25,135,null
"2025-12-15T01:27:06.000Z",null,null,2.75,5,7.75,135,null
"2025-12-15T01:31:10.000Z",null,null,1,4.25,7.75,157.5,null
"2025-12-15T01:35:10.000Z",null,null,1.75,4.25,7.75,135,null
"2025-12-15T01:39:10.000Z",null,null,0.75,4.5,6.5,135,null
"2025-12-15T01:43:15.000Z",null,null,0.75,3.75,6.25,135,null
"2025-12-15T01:47:15.000Z",null,null,1.5,4.25,8,112.5,null
"2025-12-15T01:51:15.000Z",null,null,2,5.5,9.5,157.5,null
"2025-12-15T01:55:18.000Z",null,null,1.75,5,8,157.5,null
"2025-12-15T01:59:18.000Z",null,null,2.5,5.75,8.25,135,null
"2025-12-15T02:03:18.000Z",null,null,2,4.75,7.75,135,null
"2025-12-15T02:07:22.000Z",null,null,2.5,5.25,8.25,135,null
"2025-12-15T02:11:22.000Z",null,null,1.75,5.25,10.5,157.5,null
"2025-12-15T02:15:22.000Z",null,null,1.75,5,8.25,135,null
"2025-12-15T02:19:26.000Z",null,null,1.75,4,9.75,135,null
"2025-12-15T02:23:26.000Z",null,null,1,4.75,8.25,135,null
"2025-12-15T02:27:26.000Z",null,null,1.5,3.25,8,135,null
"2025-12-15T02:31:30.000Z",null,null,1.5,5,9,135,null
"2025-12-15T02:35:30.000Z",null,null,1,3.25,6,112.5,null
"2025-12-15T02:39:30.000Z",null,null,1,4.5,10,157.5,null
"2025-12-15T02:43:35.000Z",null,null,2.5,5.5,8.75,135,null
"2025-12-15T02:47:35.000Z",null,null,2,5.75,11.5,135,null
"2025-12-15T02:51:35.000Z",null,null,0,3.5,8,112.5,null
"2025-12-15T02:55:39.000Z",null,null,0.75,5,9,112.5,null
"2025-12-15T02:59:39.000Z",null,null,1,5.25,10.5,135,null
"2025-12-15T03:03:39.000Z",null,null,0,4.25,7.25,135,null
"2025-12-15T03:07:42.000Z",null,null,2,5.25,10,135,null
"2025-12-15T03:11:42.000Z",null,null,1,4.75,8.25,135,null
"2025-12-15T03:15:42.000Z",null,null,1,4.25,11,112.5,null
"2025-12-15T03:19:46.000Z",null,null,0.75,4.25,10,135,null
"2025-12-15T03:23:46.000Z",null,null,1.75,5,11.5,135,null
"2025-12-15T03:27:46.000Z",null,null,1.5,5.25,9,112.5,null
"2025-12-15T03:31:51.000Z",null,null,1.5,5,14.5,112.5,null
"2025-12-15T03:35:51.000Z",null,null,4.5,11,20,90,null
"2025-12-15T03:39:51.000Z",null,null,4.5,10,17,90,null
"2025-12-15T03:43:54.000Z",null,null,1.5,6,14,90,null
"2025-12-15T03:47:54.000Z",null,null,0.25,4.5,9,90,null
"2025-12-15T03:51:54.000Z",null,null,0.25,4.25,8.25,112.5,null
"2025-12-15T03:55:59.000Z",null,null,1,4.25,9,90,null
"2025-12-15T03:59:59.000Z",null,null,3.5,8,13,90,null
"2025-12-15T04:03:59.000Z",null,null,2.5,7.25,13,90,null
"2025-12-15T04:08:02.000Z",null,null,1.75,8,12,67.5,null
"2025-12-15T04:12:02.000Z",null,null,3.75,9.75,14.5,67.5,null
"2025-12-15T04:16:02.000Z",null,null,3.25,9.25,14.5,90,null
"2025-12-15T04:20:07.000Z",null,null,4.5,9.75,14.5,90,null
"2025-12-15T04:24:07.000Z",null,null,2.75,8.75,16,90,null
"2025-12-15T04:28:07.000Z",null,null,3.5,7.5,13,67.5,null
"2025-12-15T04:32:10.000Z",null,null,3.75,8.25,15.5,67.5,null
"2025-12-15T04:36:10.000Z",null,null,4.5,9.5,16,67.5,null
"2025-12-15T04:40:10.000Z",null,null,5.5,10,16.5,67.5,null
"2025-12-15T04:44:15.000Z",null,null,3.5,6.75,10,112.5,null
"2025-12-15T04:48:15.000Z",null,null,1,7.75,16,67.5,null
"2025-12-15T04:52:15.000Z",null,null,4.75,11,19,67.5,null
"2025-12-15T04:56:19.000Z",null,null,5.25,9.5,17.5,67.5,null
"2025-12-15T05:00:19.000Z",null,null,3.75,7.5,13.5,90,null
"2025-12-15T05:04:19.000Z",null,null,3.75,9.75,19,67.5,null
"2025-12-15T05:08:23.000Z",null,null,4.75,7.5,12,90,null
"2025-12-15T05:12:23.000Z",null,null,0.75,5.75,13.5,90,null
"2025-12-15T05:16:23.000Z",null,null,6,12,20,67.5,null
"2025-12-15T05:20:27.000Z",null,null,5.5,10.5,16,90,null
"2025-12-15T05:24:27.000Z",null,null,3.5,11.5,17.5,90,null
"2025-12-15T05:28:27.000Z",null,null,2.75,8.25,17.5,67.5,null
"2025-12-15T05:32:31.000Z",null,null,4.25,11,18,90,null
"2025-12-15T05:36:31.000Z",null,null,4.75,9.25,19,90,null
"2025-12-15T05:40:31.000Z",null,null,3.5,9,18,90,null
"2025-12-15T05:44:36.000Z",null,null,4.25,9.5,21,90,null
"2025-12-15T05:48:36.000Z",null,null,4.5,12,21.5,67.5,null
"2025-12-15T05:52:36.000Z",null,null,6.25,13,20,67.5,null
"2025-12-15T05:56:39.000Z",null,null,3.5,7.75,13,90,null
"2025-12-15T06:00:39.000Z",null,null,3.5,10.5,19,90,null
"2025-12-15T06:04:39.000Z",null,null,4.5,12,21,90,null
"2025-12-15T06:08:44.000Z",null,null,3.5,7.5,16.5,112.5,null
"2025-12-15T06:12:44.000Z",null,null,1.75,7.75,16,90,null
"2025-12-15T06:16:44.000Z",null,null,3.5,9,17.5,90,null
"2025-12-15T06:20:47.000Z",null,null,5.5,10.5,17,67.5,null
"2025-12-15T06:24:47.000Z",null,null,4.25,9,15,90,null
"2025-12-15T06:28:47.000Z",null,null,3.25,6.5,15.5,112.5,null
"2025-12-15T06:32:51.000Z",null,null,5.25,11.5,20,90,null
"2025-12-15T06:36:51.000Z",null,null,5.25,9.25,14.5,90,null
"2025-12-15T06:40:51.000Z",null,null,2.75,10.5,21,67.5,null
"2025-12-15T06:44:56.000Z",null,null,3.5,8.25,15.5,67.5,null
"2025-12-15T06:48:56.000Z",null,null,3.25,10.5,20,90,null
"2025-12-15T06:52:56.000Z",null,null,3.75,10.5,16.5,67.5,null
"2025-12-15T06:56:59.000Z",null,null,6.25,14,19.5,67.5,null
"2025-12-15T07:00:59.000Z",null,null,3.75,9.5,15.5,135,null
"2025-12-15T07:04:59.000Z",null,null,4.25,9.5,16.5,90,null
"2025-12-15T07:09:04.000Z",null,null,2.5,10,16.5,67.5,null
"2025-12-15T07:13:04.000Z",null,null,2,6.5,14.5,90,null
"2025-12-15T07:17:04.000Z",null,null,1.5,6.75,12.5,90,null
"2025-12-15T07:21:08.000Z",null,null,4.25,10,21,67.5,null
"2025-12-15T07:25:08.000Z",null,null,4.5,12.5,21,67.5,null
"2025-12-15T07:29:08.000Z",null,null,1.75,5.5,12,90,null
"2025-12-15T07:33:11.000Z",null,null,2.75,9,14.5,90,null
"2025-12-15T07:37:11.000Z",null,null,4.5,9.25,18.5,90,null
"2025-12-15T07:41:11.000Z",null,null,3.5,9.5,18,67.5,null
"2025-12-15T07:45:16.000Z",null,null,3.5,9,16.5,67.5,null
"2025-12-15T07:49:16.000Z",null,null,3.75,7.75,16,67.5,null
"2025-12-15T07:53:16.000Z",null,null,3.5,8,12.5,67.5,null
"2025-12-15T07:57:20.000Z",null,null,2,6.75,12.5,67.5,null
"2025-12-15T08:01:20.000Z",null,null,6.25,10,18,67.5,null
"2025-12-15T08:05:20.000Z",null,null,6,11,17.5,90,null
"2025-12-15T08:09:24.000Z",null,null,4.75,10.5,16.5,90,null
"2025-12-15T08:13:24.000Z",null,null,2,7.75,15,112.5,null
"2025-12-15T08:17:24.000Z",null,null,3.75,8.75,15.5,112.5,null
"2025-12-15T08:21:28.000Z",null,null,1.5,6.5,15,112.5,null
"2025-12-15T08:25:28.000Z",null,null,2.5,8.5,16,90,null
"2025-12-15T08:29:28.000Z",null,null,2,9.25,14.5,90,null
"2025-12-15T08:33:32.000Z",null,null,1.75,8.5,17.5,90,null
"2025-12-15T08:37:32.000Z",null,null,4.75,8.75,14,90,null
"2025-12-15T08:41:32.000Z",null,null,1,6.5,12,90,null
"2025-12-15T08:45:36.000Z",null,null,3.25,9.25,16,90,null
"2025-12-15T08:49:36.000Z",null,null,1.75,9.25,18,90,null
"2025-12-15T08:53:36.000Z",null,null,2.5,9.5,15,90,null
"2025-12-15T08:57:40.000Z",null,null,4.5,9.75,15.5,90,null
"2025-12-15T09:01:40.000Z",null,null,3.5,9.75,15.5,67.5,null
"2025-12-15T09:05:40.000Z",null,null,3.75,10,16,90,null
"2025-12-15T09:09:44.000Z",null,null,3.5,8.25,14.5,90,null
"2025-12-15T09:13:44.000Z",null,null,1.5,6,12.5,90,null
"2025-12-15T09:17:44.000Z",null,null,2,7,11,90,null
"2025-12-15T09:21:49.000Z",null,null,0.75,5.75,13,90,null
"2025-12-15T09:25:49.000Z",null,null,4.75,11,18,67.5,null
"2025-12-15T09:29:49.000Z",null,null,6.5,13,22,90,null
"2025-12-15T09:33:52.000Z",null,null,4.5,11.5,21.5,67.5,null
"2025-12-15T09:37:52.000Z",null,null,5.25,11,19,90,null
"2025-12-15T09:41:52.000Z",null,null,3.5,9,17,90,null
"2025-12-15T09:45:56.000Z",null,null,3.5,8.75,19.5,112.5,null
"2025-12-15T09:49:56.000Z",null,null,2.5,7.5,18,112.5,null
"2025-12-15T09:53:56.000Z",null,null,2,8.75,16.5,112.5,null
"2025-12-15T09:58:01.000Z",null,null,2,6.25,15,90,null
"2025-12-15T10:02:01.000Z",null,null,3.5,11,19,90,null
"2025-12-15T10:06:01.000Z",null,null,6.5,11,17,90,null
"2025-12-15T10:10:04.000Z",null,null,4.25,8.5,12,90,null
"2025-12-15T10:14:04.000Z",null,null,2.75,9,16.5,90,null
"2025-12-15T10:18:04.000Z",null,null,3.75,9.5,20,90,null
"2025-12-15T10:22:08.000Z",null,null,1.5,10.5,18.5,90,null
"2025-12-15T10:26:08.000Z",null,null,7.25,14,19.5,90,null
"2025-12-15T10:30:08.000Z",null,null,3.75,13.5,22.5,90,null
"2025-12-15T10:34:13.000Z",null,null,5.5,12,19,90,null
"2025-12-15T10:38:13.000Z",null,null,4.75,12.5,21,90,null
"2025-12-15T10:42:13.000Z",null,null,7,12,18,90,null
"2025-12-15T10:46:16.000Z",null,null,3.25,11,17,90,null
"2025-12-15T10:50:16.000Z",null,null,5.5,10.5,14,90,null
"2025-12-15T10:54:16.000Z",null,null,4.5,9.75,14.5,90,null
"2025-12-15T10:58:21.000Z",null,null,1.75,5.75,12,112.5,null
"2025-12-15T11:02:21.000Z",null,null,3.5,8.25,15.5,90,null
"2025-12-15T11:06:21.000Z",null,null,1.75,5,10,90,null
"2025-12-15T11:10:25.000Z",null,null,3.25,9.25,16.5,90,null
"2025-12-15T11:14:25.000Z",null,null,2.5,7.75,14.5,90,null
"2025-12-15T11:18:25.000Z",null,null,2.75,8.25,16,67.5,null
"2025-12-15T11:22:29.000Z",null,null,3.75,8.25,14,67.5,null
"2025-12-15T11:26:29.000Z",null,null,4.25,7.75,11,90,null
"2025-12-15T11:30:29.000Z",null,null,3.5,8,12,90,null
"2025-12-15T11:34:33.000Z",null,null,4.25,7.25,11.5,67.5,null
"2025-12-15T11:38:33.000Z",null,null,0,3.25,6.25,90,null
"2025-12-15T11:42:33.000Z",null,null,0.75,3.75,7.25,67.5,null
"2025-12-15T11:46:36.000Z",null,null,1,3.25,5.5,67.5,null
"2025-12-15T11:50:36.000Z",null,null,0,0.5,2.75,135,null
"2025-12-15T11:54:36.000Z",null,null,1,4.75,8.75,225,null
"2025-12-15T11:58:41.000Z",null,null,3.75,5.75,8.75,225,null
"2025-12-15T12:02:41.000Z",null,null,0,2.25,5.25,202.5,null
"2025-12-15T12:06:41.000Z",null,null,0,2.75,5.25,247.5,null
"2025-12-15T12:10:45.000Z",null,null,0,1.5,3.75,225,null
"2025-12-15T12:14:45.000Z",null,null,0,1.5,4.25,225,null
"2025-12-15T12:18:45.000Z",null,null,0.75,3.25,4.75,247.5,null
"2025-12-15T12:22:49.000Z",null,null,3.25,5,6.25,247.5,null
"2025-12-15T12:26:49.000Z",null,null,4.25,7,10.5,270,null
"2025-12-15T12:30:49.000Z",null,null,2,3.75,6.5,292.5,null
"2025-12-15T12:34:53.000Z",null,null,1.5,4.75,9,247.5,null
"2025-12-15T12:38:53.000Z",null,null,0,3,6,180,null
"2025-12-15T12:42:53.000Z",null,null,0,3,7,180,null
"2025-12-15T12:46:58.000Z",null,null,1.75,4.5,9.75,270,null
"2025-12-15T12:50:58.000Z",null,null,6.5,9,11,270,null
"2025-12-15T12:54:58.000Z",null,null,6,8.5,11.5,270,null
"2025-12-15T12:59:01.000Z",null,null,6.25,9,13.5,247.5,null
"2025-12-15T13:03:01.000Z",null,null,3.5,8.75,13.5,247.5,null
"2025-12-15T13:07:01.000Z",null,null,4.5,7.25,9.75,247.5,null
"2025-12-15T13:11:05.000Z",null,null,4.5,6.75,8.75,270,null
"2025-12-15T13:15:05.000Z",null,null,1.5,5.5,8.25,292.5,null
"2025-12-15T13:19:05.000Z",null,null,1.5,3.75,6,292.5,null
"2025-12-15T13:23:09.000Z",null,null,1.75,4.25,7,0,null
"2025-12-15T13:27:09.000Z",null,null,4.5,7,10,22.5,null
"2025-12-15T13:31:09.000Z",null,null,4.75,6.5,8.75,0,null
"2025-12-15T13:35:13.000Z",null,null,6,7.75,9.75,337.5,null
"2025-12-15T13:39:13.000Z",null,null,4.75,6.75,7.75,337.5,null
"2025-12-15T13:43:13.000Z",null,null,2.75,4.75,6.5,337.5,null
"2025-12-15T14:02:12.000Z",null,null,0,2,4.5,0,null
"2025-12-15T14:06:12.000Z",null,null,0,0.5,1.75,22.5,null
"2025-12-15T14:10:12.000Z",null,null,0,0,0,22.5,null
"2025-12-15T14:14:16.000Z",null,null,0,1.25,3.5,0,null
"2025-12-15T14:18:16.000Z",null,null,2,3.75,4.75,0,null
"2025-12-15T14:22:16.000Z",null,null,1.5,3.5,5.5,0,null
"2025-12-15T14:26:20.000Z",null,null,0,0.5,1.75,337.5,null
"2025-12-15T14:30:20.000Z",null,null,0,1,2.5,292.5,null
"2025-12-15T14:34:20.000Z",null,null,0,1.5,2.5,247.5,null
"2025-12-15T14:38:24.000Z",null,null,1.75,2.75,3.75,292.5,null
"2025-12-15T14:42:24.000Z",null,null,2,3.5,5.25,315,null
"2025-12-15T14:46:24.000Z",null,null,2,5.5,7.75,337.5,null
"2025-12-15T14:52:14.000Z",null,null,5.5,7,8.5,337.5,null
"2025-12-15T14:56:14.000Z",null,null,4.75,6.5,7.75,0,null
"2025-12-15T15:00:14.000Z",null,null,5.25,6.5,8,337.5,null
"2025-12-15T15:04:18.000Z",null,null,4.5,6.5,8,337.5,null
"2025-12-15T15:08:18.000Z",null,null,3.75,5.75,7.25,337.5,null
"2025-12-15T15:12:18.000Z",null,null,3.5,5.5,7.25,0,null
"2025-12-15T15:16:23.000Z",null,null,2,3.25,5.25,0,null
"2025-12-15T15:20:23.000Z",null,null,1.75,3.5,5.25,0,null
"2025-12-15T15:24:23.000Z",null,null,2,3.5,4.5,0,null
"2025-12-15T15:28:26.000Z",null,null,2.5,4,5.5,0,null
"2025-12-15T15:32:26.000Z",null,null,0,2.25,4.25,0,null
"2025-12-15T15:36:26.000Z",null,null,0,0,0,22.5,null
"2025-12-15T15:40:30.000Z",null,null,0,0,0,45,null
"2025-12-15T15:44:30.000Z",null,null,0,0,0,45,null
"2025-12-15T15:48:30.000Z",null,null,0,1.5,4.25,337.5,null
"2025-12-15T15:52:35.000Z",null,null,1.5,2.75,3.75,0,null
"2025-12-15T15:56:35.000Z",null,null,0.75,3,5.25,45,null
"2025-12-15T16:00:35.000Z",null,null,1.5,2.75,6,67.5,null
"2025-12-15T16:04:38.000Z",null,null,2.5,3.5,4.75,90,null
"2025-12-15T16:08:38.000Z",null,null,2,3.25,4.25,135,null
"2025-12-15T16:12:38.000Z",null,null,2.5,4.75,9,112.5,null
"2025-12-15T16:16:43.000Z",null,null,1.5,4.25,7,112.5,null
"2025-12-15T16:20:43.000Z",null,null,0.75,4,9.75,112.5,null
"2025-12-15T16:24:43.000Z",null,null,0,6,12.5,67.5,null
"2025-12-15T16:28:47.000Z",null,null,4.75,8.5,13,67.5,null
"2025-12-15T16:32:47.000Z",null,null,1,8,13,67.5,null
"2025-12-15T16:36:47.000Z",null,null,3.5,8.25,12,67.5,null
"2025-12-15T16:40:50.000Z",null,null,4.5,8.5,13,67.5,null
"2025-12-15T16:44:50.000Z",null,null,3.5,7.25,12,67.5,null
"2025-12-15T16:48:50.000Z",null,null,3.25,6,10,67.5,null
"2025-12-15T16:52:55.000Z",null,null,2.5,5.75,8.75,67.5,null
"2025-12-15T16:56:55.000Z",null,null,3.25,6.25,9.75,67.5,null
"2025-12-15T17:00:55.000Z",null,null,3.75,7.5,11.5,67.5,null
"2025-12-15T17:04:59.000Z",null,null,2.5,8.5,13,90,null
"2025-12-15T17:08:59.000Z",null,null,2.75,8.25,16,67.5,null
"2025-12-15T17:12:59.000Z",null,null,2.75,6.75,10.5,90,null
"2025-12-15T17:17:03.000Z",null,null,6,9,13,90,null
"2025-12-15T17:21:03.000Z",null,null,6.25,10,14,90,null
"2025-12-15T17:25:03.000Z",null,null,4.25,8.25,13,90,null
"2025-12-15T17:29:07.000Z",null,null,4.75,8.75,15,67.5,null
"2025-12-15T17:33:07.000Z",null,null,2,5.25,9.5,67.5,null
"2025-12-15T17:37:07.000Z",null,null,2,5.75,8,90,null
"2025-12-15T17:41:11.000Z",null,null,3.5,5.25,8.25,90,null
"2025-12-15T17:45:11.000Z",null,null,4.75,7.5,10.5,67.5,null
"2025-12-15T17:49:11.000Z",null,null,3.5,5.25,8.25,67.5,null
"2025-12-15T17:53:15.000Z",null,null,2.75,5.25,7.75,90,null
"2025-12-15T17:57:15.000Z",null,null,1,5.25,8.75,90,null
"2025-12-15T18:01:15.000Z",null,null,2.75,6.75,13,90,null
"2025-12-15T18:05:19.000Z",null,null,2.75,7.5,12,90,null
"2025-12-15T18:09:19.000Z",null,null,1.5,8.5,14.5,67.5,null
"2025-12-15T18:13:19.000Z",null,null,3.75,13.5,21,67.5,null
"2025-12-15T18:17:23.000Z",null,null,3.75,8.5,15.5,67.5,null
"2025-12-15T18:21:23.000Z",null,null,2.75,8.25,13,67.5,null
"2025-12-15T18:25:23.000Z",null,null,2.75,6.25,12,67.5,null
"2025-12-15T18:29:28.000Z",null,null,4.75,10,15.5,67.5,null
"2025-12-15T18:33:28.000Z",null,null,6.5,10,18.5,67.5,null
"2025-12-15T18:37:28.000Z",null,null,4.5,8.5,12.5,90,null
"2025-12-15T18:41:32.000Z",null,null,3.75,6.75,9.5,90,null
"2025-12-15T18:45:32.000Z",null,null,2.5,6,12.5,67.5,null
"2025-12-15T18:49:32.000Z",null,null,0,4.5,7.75,90,null
"2025-12-15T18:53:35.000Z",null,null,1.5,4.75,11,90,null
"2025-12-15T18:57:35.000Z",null,null,0,3,6.25,90,null
"2025-12-15T19:01:35.000Z",null,null,1.5,3.25,6.5,45,null
"2025-12-15T18:53:35.000Z",null,null,1.5,4.75,11,90,null
"2025-12-15T18:57:35.000Z",null,null,0,3,6.25,90,null
"2025-12-15T19:01:35.000Z",null,null,1.5,3.25,6.5,45,null
"2025-12-15T19:05:40.000Z",null,null,0,2.75,5.25,112.5,null
"2025-12-15T19:09:40.000Z",null,null,5.25,8.5,13.5,90,null
"2025-12-15T19:13:40.000Z",null,null,6.25,11,16,67.5,null
"2025-12-15T19:17:43.000Z",null,null,6,9.5,14,90,null
"2025-12-15T19:21:43.000Z",null,null,4.5,7.5,10,90,null
"2025-12-15T19:25:43.000Z",null,null,3.75,7,12.5,90,null
"2025-12-15T19:29:48.000Z",null,null,4.75,8.25,13,90,null
"2025-12-15T19:33:48.000Z",null,null,2.75,6.25,12,90,null
"2025-12-15T19:37:48.000Z",null,null,6.25,8.5,11,90,null
"2025-12-15T19:41:52.000Z",null,null,4.25,8.25,15.5,90,null
"2025-12-15T19:45:52.000Z",null,null,1.5,6.25,12.5,90,null
"2025-12-15T19:49:52.000Z",null,null,2.75,7.75,14.5,90,null
"2025-12-15T19:53:55.000Z",null,null,3.5,7.75,14.5,112.5,null
"2025-12-15T19:57:55.000Z",null,null,4.25,8.25,14,90,null
"2025-12-15T20:01:55.000Z",null,null,6.25,12.5,23,90,null
"2025-12-15T20:05:59.000Z",null,null,3.25,11,20,112.5,null
"2025-12-15T20:09:59.000Z",null,null,3.75,10,17,112.5,null
"2025-12-15T20:13:59.000Z",null,null,2,8.75,18,135,null
"2025-12-15T20:18:04.000Z",null,null,3.75,9,19,135,null
"2025-12-15T20:22:04.000Z",null,null,3.5,9.75,17,135,null
"2025-12-15T20:26:04.000Z",null,null,5.5,10,20,157.5,null
"2025-12-15T20:30:07.000Z",null,null,2.75,6.25,15,112.5,null
"2025-12-15T20:34:07.000Z",null,null,1.5,5.75,11.5,112.5,null
"2025-12-15T20:38:07.000Z",null,null,2,5.75,11.5,112.5,null
"2025-12-15T20:42:12.000Z",null,null,2.75,7.75,12.5,135,null
"2025-12-15T20:46:12.000Z",null,null,4.25,8.5,14,157.5,null
"2025-12-15T20:50:12.000Z",null,null,2,9.25,17,157.5,null
"2025-12-15T20:54:16.000Z",null,null,4.75,11.5,18,157.5,null
"2025-12-15T20:58:16.000Z",null,null,4.75,10.5,23,157.5,null
"2025-12-15T21:02:16.000Z",null,null,3.25,8.5,15.5,135,null
"2025-12-15T21:06:20.000Z",null,null,0.75,9.5,16,157.5,null
"2025-12-15T21:10:20.000Z",null,null,4.25,9,16.5,157.5,null
"2025-12-15T21:14:20.000Z",null,null,4.5,10.5,16,180,null
"2025-12-15T21:18:24.000Z",null,null,4.25,12.5,23.5,157.5,null
"2025-12-15T21:22:24.000Z",null,null,4.75,10.5,18,135,null
"2025-12-15T21:26:24.000Z",null,null,4.25,9.25,14.5,157.5,null
"2025-12-15T21:30:27.000Z",null,null,2.75,6.75,12.5,135,null
"2025-12-15T21:34:27.000Z",null,null,4.5,7.75,13,112.5,null
"2025-12-15T21:38:27.000Z",null,null,1.75,7,13,157.5,null
"2025-12-15T21:42:32.000Z",null,null,4.25,9,15.5,112.5,null
"2025-12-15T21:46:32.000Z",null,null,3.25,7.75,15.5,112.5,null
"2025-12-15T21:50:32.000Z",null,null,3.5,12,19,90,null
"2025-12-15T21:54:37.000Z",null,null,6,14,21,90,null
"2025-12-15T21:58:37.000Z",null,null,4.5,11.5,17,90,null
"2025-12-15T22:02:37.000Z",null,null,7,12.5,19,90,null
"2025-12-15T22:06:41.000Z",null,null,4.75,9.25,14.5,90,null
"2025-12-15T22:10:41.000Z",null,null,5.25,10.5,15.5,90,null
"2025-12-15T22:14:41.000Z",null,null,3.75,7.5,12.5,90,null
"2025-12-15T22:18:44.000Z",null,null,3.5,8,13.5,112.5,null
"2025-12-15T22:22:44.000Z",null,null,5.25,9.75,16.5,90,null
"2025-12-15T22:26:44.000Z",null,null,5.5,10,14.5,90,null
"2025-12-15T22:30:48.000Z",null,null,3.25,7.5,13,112.5,null
"2025-12-15T22:34:48.000Z",null,null,3.5,9.25,13.5,112.5,null
"2025-12-15T22:38:48.000Z",null,null,5.25,9.25,18,112.5,null
"2025-12-15T22:42:52.000Z",null,null,4.5,10.5,17,90,null
"2025-12-15T22:46:52.000Z",null,null,4.75,10,15.5,90,null
"2025-12-15T22:50:52.000Z",null,null,5.25,10.5,16,90,null
"2025-12-15T22:54:57.000Z",null,null,4.25,10,18.5,90,null
"2025-12-15T22:58:57.000Z",null,null,3.25,8.25,15,112.5,null
"2025-12-15T23:02:57.000Z",null,null,3.75,7.75,16,112.5,null
"2025-12-15T23:07:01.000Z",null,null,6,10.5,16.5,90,null
"2025-12-15T23:11:01.000Z",null,null,5.5,11,19.5,90,null
"2025-12-15T23:15:01.000Z",null,null,2.75,10,20,67.5,null
"2025-12-15T23:19:04.000Z",null,null,6.5,11,15.5,90,null
"2025-12-15T23:23:04.000Z",null,null,5.5,10.5,17.5,90,null
"2025-12-15T23:27:04.000Z",null,null,1.75,7.5,14.5,112.5,null
"2025-12-15T23:31:09.000Z",null,null,5.25,11,20.5,90,null
"2025-12-15T23:35:09.000Z",null,null,2.5,9.75,18,112.5,null
"2025-12-15T23:39:09.000Z",null,null,4.25,11,19.5,112.5,null
"2025-12-15T23:43:12.000Z",null,null,2.5,11.5,19,90,null
"2025-12-15T23:47:12.000Z",null,null,6.5,15,22.5,90,null
"2025-12-15T23:51:12.000Z",null,null,4.75,13,23.5,90,null
"2025-12-15T23:55:17.000Z",null,null,5.25,11,19,90,null
"2025-12-15T23:59:17.000Z",null,null,3.75,8.5,14.5,90,null
"2025-12-16T00:03:17.000Z",null,null,6,8,11.5,112.5,null
"2025-12-16T00:07:20.000Z",null,null,2.75,6.25,15,135,null
"2025-12-16T00:11:20.000Z",null,null,5.25,8.5,12,90,null
"2025-12-16T00:15:20.000Z",null,null,2.5,8.5,14,90,null
"2025-12-16T00:19:25.000Z",null,null,3.25,6,11.5,112.5,null
"2025-12-16T00:23:25.000Z",null,null,3.25,5.75,11,112.5,null
"2025-12-16T00:27:25.000Z",null,null,3.25,8.5,16,90,null
"2025-12-16T00:31:29.000Z",null,null,6,11.5,18,90,null
"2025-12-16T00:35:29.000Z",null,null,3.5,9.75,16.5,67.5,null
"2025-12-16T00:39:29.000Z",null,null,4.75,8.25,13.5,90,null
"2025-12-16T00:43:32.000Z",null,null,4.75,9,14.5,90,null
"2025-12-16T00:47:32.000Z",null,null,4.25,9.5,14.5,90,null
"2025-12-16T00:51:32.000Z",null,null,5.5,12,18,90,null
"2025-12-16T00:55:37.000Z",null,null,3.75,7.25,12,90,null
"2025-12-16T00:59:37.000Z",null,null,5.25,12,17.5,90,null
"2025-12-16T01:03:37.000Z",null,null,8,12,15,112.5,null
"2025-12-16T01:07:41.000Z",null,null,1.75,8.5,15,90,null
"2025-12-16T01:11:41.000Z",null,null,2.75,8.75,13,90,null
"2025-12-16T01:15:41.000Z",null,null,2.5,6.75,12,90,null
"2025-12-16T01:19:45.000Z",null,null,3.25,7.25,14,67.5,null
"2025-12-16T01:23:45.000Z",null,null,2.75,9.75,21,90,null
"2025-12-16T01:27:45.000Z",null,null,2,7.25,13.5,90,null
"2025-12-16T01:31:49.000Z",null,null,6,9,13,90,null
"2025-12-16T01:35:49.000Z",null,null,2,6.5,11,90,null
"2025-12-16T01:39:49.000Z",null,null,3.25,6.75,13,90,null
"2025-12-16T01:43:53.000Z",null,null,0.25,5.5,8.75,67.5,null
"2025-12-16T01:47:53.000Z",null,null,0.25,4.25,9.5,67.5,null
"2025-12-16T01:51:53.000Z",null,null,2,6.25,10.5,90,null
"2025-12-16T01:55:57.000Z",null,null,0,3.75,9,45,null
"2025-12-16T01:59:57.000Z",null,null,0,3.75,8,157.5,null
"2025-12-16T02:03:57.000Z",null,null,2.5,6.5,12.5,112.5,null
"2025-12-16T02:08:01.000Z",null,null,5.25,10,16.5,67.5,null
"2025-12-16T02:12:01.000Z",null,null,3.75,10,15.5,90,null
"2025-12-16T02:16:01.000Z",null,null,6,12.5,18.5,67.5,null
"2025-12-16T02:20:05.000Z",null,null,7,13,21,67.5,null
"2025-12-16T02:24:05.000Z",null,null,5.25,11,19,90,null
"2025-12-16T02:28:05.000Z",null,null,6.5,11.5,19,67.5,null
"2025-12-16T02:32:10.000Z",null,null,2.75,11.5,20,90,null
"2025-12-16T02:36:10.000Z",null,null,6.5,12,20,90,null
"2025-12-16T02:40:10.000Z",null,null,3.25,9,14.5,67.5,null
"2025-12-16T02:44:13.000Z",null,null,6.25,12,19,90,null
"2025-12-16T02:48:13.000Z",null,null,0,9,22,90,null
"2025-12-16T02:52:13.000Z",null,null,4.5,10,18.5,67.5,null
"2025-12-16T02:56:17.000Z",null,null,0.75,6.5,12,45,null
"2025-12-16T03:00:17.000Z",null,null,1.5,9,21,45,null
"2025-12-16T03:04:17.000Z",null,null,2.75,9.75,21,45,null
"2025-12-16T03:08:21.000Z",null,null,6,12.5,21,45,null
"2025-12-16T03:12:21.000Z",null,null,4.75,9.75,18,67.5,null
"2025-12-16T03:16:21.000Z",null,null,3.75,12.5,17.5,67.5,null
"2025-12-16T03:20:26.000Z",null,null,3.5,13.5,22.5,67.5,null
"2025-12-16T03:24:26.000Z",null,null,4.75,11,22.5,67.5,null
"2025-12-16T03:28:26.000Z",null,null,2,12,26.5,67.5,null
"2025-12-16T03:32:29.000Z",null,null,2.5,12.5,22.5,90,null
"2025-12-16T03:36:29.000Z",null,null,1.5,8.5,17,45,null
"2025-12-16T03:40:29.000Z",null,null,1.75,10.5,23,67.5,null
"2025-12-16T03:44:34.000Z",null,null,3.25,11.5,23,67.5,null
"2025-12-16T03:48:34.000Z",null,null,0.25,11.5,26,67.5,null
"2025-12-16T03:52:34.000Z",null,null,4.25,12,22,90,null
"2025-12-16T03:56:38.000Z",null,null,2,13,23.5,67.5,null
"2025-12-16T04:00:38.000Z",null,null,2.5,9.25,16.5,67.5,null
"2025-12-16T04:04:38.000Z",null,null,2.5,7.75,15,67.5,null
"2025-12-16T04:08:41.000Z",null,null,1.5,6,13,67.5,null
"2025-12-16T04:12:41.000Z",null,null,0.75,4,7.75,135,null
"2025-12-16T04:16:41.000Z",null,null,3.25,6,9.5,112.5,null
"2025-12-16T04:20:46.000Z",null,null,3.5,8.25,19,90,null
"2025-12-16T04:24:46.000Z",null,null,1.5,7.75,17,112.5,null
"2025-12-16T04:28:46.000Z",null,null,0.25,5.25,11.5,90,null
"2025-12-16T04:32:50.000Z",null,null,3.25,6.25,10.5,157.5,null
"2025-12-16T04:36:50.000Z",null,null,1,4.75,7.75,157.5,null
"2025-12-16T04:40:50.000Z",null,null,0.25,4.5,9,112.5,null
"2025-12-16T04:44:54.000Z",null,null,0.25,3.75,9.75,135,null
"2025-12-16T04:48:54.000Z",null,null,2,4,6,157.5,null
"2025-12-16T04:52:54.000Z",null,null,0.25,4,9.5,90,null
"2025-12-16T04:56:58.000Z",null,null,0,3.5,6.5,135,null
"2025-12-16T05:00:58.000Z",null,null,0,3.5,7.25,112.5,null
"2025-12-16T05:04:58.000Z",null,null,1,4,7.25,180,null
"2025-12-16T05:09:02.000Z",null,null,2.5,5.25,7.75,135,null
"2025-12-16T05:13:02.000Z",null,null,1.75,8.25,15.5,90,null
"2025-12-16T05:17:02.000Z",null,null,3.75,8,12,90,null
"2025-12-16T05:21:06.000Z",null,null,3.25,6.25,9.75,90,null
"2025-12-16T05:25:06.000Z",null,null,2.75,6.25,13,112.5,null
"2025-12-16T05:29:06.000Z",null,null,2.5,6.25,12.5,90,null
"2025-12-16T05:33:10.000Z",null,null,2.5,5.5,11,112.5,null
"2025-12-16T05:37:10.000Z",null,null,0,3.75,10.5,90,null
"2025-12-16T05:41:10.000Z",null,null,0,1,3.25,157.5,null
"2025-12-16T05:45:14.000Z",null,null,2,3.5,5.25,157.5,null
"2025-12-16T05:49:14.000Z",null,null,0.75,2.25,3.5,157.5,null
"2025-12-16T05:53:14.000Z",null,null,1.5,3,4.5,157.5,null
"2025-12-16T05:57:18.000Z",null,null,2,4.25,6.5,135,null
"2025-12-16T06:01:18.000Z",null,null,2,4.75,9,90,null
"2025-12-16T06:05:18.000Z",null,null,1.75,6.5,10,90,null
"2025-12-16T06:09:22.000Z",null,null,2,7,12.5,90,null
"2025-12-16T06:13:22.000Z",null,null,3.25,7.25,12,90,null
"2025-12-16T06:17:22.000Z",null,null,2.5,5.25,8.25,90,null
"2025-12-16T06:21:26.000Z",null,null,4.25,7,9.75,67.5,null
"2025-12-16T06:25:26.000Z",null,null,3.75,5.5,7.75,90,null
"2025-12-16T06:29:26.000Z",null,null,4.5,6.75,10,112.5,null
"2025-12-16T06:33:31.000Z",null,null,3.5,6.75,9,90,null
"2025-12-16T06:37:31.000Z",null,null,1.75,4.25,8.75,90,null
"2025-12-16T06:41:31.000Z",null,null,1.75,3.25,4.75,67.5,null
"2025-12-16T06:45:34.000Z",null,null,2.5,4.25,6,90,null
"2025-12-16T06:49:34.000Z",null,null,0,2,4.25,67.5,null
"2025-12-16T06:53:34.000Z",null,null,2.5,4,5.25,67.5,null
"2025-12-16T06:57:39.000Z",null,null,2.75,4.25,6.25,112.5,null
"2025-12-16T07:01:39.000Z",null,null,3.5,6.25,10,90,null
"2025-12-16T07:05:39.000Z",null,null,2.75,5,8,67.5,null
"2025-12-16T07:09:42.000Z",null,null,1.5,2.25,3.25,90,null
"2025-12-16T07:13:42.000Z",null,null,1,2.5,3.25,157.5,null
"2025-12-16T07:17:42.000Z",null,null,0,1.75,3.25,135,null
"2025-12-16T07:21:47.000Z",null,null,1,2.5,3.75,67.5,null
"2025-12-16T07:25:47.000Z",null,null,2,3.25,4.75,67.5,null
"2025-12-16T07:29:47.000Z",null,null,0,0.5,2,45,null
"2025-12-16T07:33:51.000Z",null,null,0,1,3.25,202.5,null
"2025-12-16T07:37:51.000Z",null,null,0.75,2.75,4.25,180,null
"2025-12-16T07:41:51.000Z",null,null,0.25,3,7.75,135,null
"2025-12-16T07:45:54.000Z",null,null,2.75,5.25,11,202.5,null
"2025-12-16T07:49:54.000Z",null,null,0,2,5.5,202.5,null
"2025-12-16T07:53:54.000Z",null,null,0.25,3.25,5.25,135,null
"2025-12-16T07:57:59.000Z",null,null,0.75,4.25,7,180,null
"2025-12-16T08:01:59.000Z",null,null,2.75,5.25,7.75,112.5,null
"2025-12-16T08:05:59.000Z",null,null,2,3.75,6,90,null
"2025-12-16T08:10:02.000Z",null,null,3.75,5.5,8,90,null
"2025-12-16T08:14:02.000Z",null,null,2.75,6,9,90,null
"2025-12-16T08:18:02.000Z",null,null,3.75,7,10.5,90,null
"2025-12-16T08:22:07.000Z",null,null,3.75,7.75,14,90,null
"2025-12-16T08:26:07.000Z",null,null,2.5,6.75,12,90,null
"2025-12-16T08:30:07.000Z",null,null,1.5,4.5,12,112.5,null
"2025-12-16T08:34:11.000Z",null,null,1.5,5.5,10,135,null
"2025-12-16T08:38:11.000Z",null,null,4.5,8.5,14.5,135,null
"2025-12-16T08:42:11.000Z",null,null,2.75,8.25,13,157.5,null
"2025-12-16T08:46:15.000Z",null,null,4.5,9,15,135,null
"2025-12-16T08:50:15.000Z",null,null,4.5,7.75,12,157.5,null
"2025-12-16T08:54:15.000Z",null,null,3.25,8,12,157.5,null
"2025-12-16T08:58:19.000Z",null,null,4.75,9,13,180,null
"2025-12-16T09:02:19.000Z",null,null,4.5,8,14,157.5,null
"2025-12-16T09:06:19.000Z",null,null,2.5,8.5,14.5,157.5,null
"2025-12-16T09:10:23.000Z",null,null,4.5,11.5,18.5,157.5,null
"2025-12-16T09:14:23.000Z",null,null,6,11.5,18.5,157.5,null
"2025-12-16T09:18:23.000Z",null,null,5.25,10,16,135,null
"2025-12-16T09:22:27.000Z",null,null,3.5,6.5,11.5,135,null
"2025-12-16T09:26:27.000Z",null,null,4.25,7,11.5,135,null
"2025-12-16T09:30:27.000Z",null,null,3.5,7.75,11,135,null
"2025-12-16T09:34:31.000Z",null,null,3.25,5.75,11.5,135,null
"2025-12-16T09:38:31.000Z",null,null,2.75,6,8,157.5,null
"2025-12-16T09:42:31.000Z",null,null,1.75,4.5,8.25,135,null
"2025-12-16T09:46:35.000Z",null,null,2.75,5.25,8.25,157.5,null
"2025-12-16T09:50:35.000Z",null,null,1,4,6.5,135,null
"2025-12-16T09:54:35.000Z",null,null,2.75,4.5,7.25,112.5,null
"2025-12-16T09:58:39.000Z",null,null,1.75,3,5.25,90,null
"2025-12-16T10:02:39.000Z",null,null,1.5,4,5.5,45,null
"2025-12-16T10:06:39.000Z",null,null,2.75,5.25,7.75,67.5,null
"2025-12-16T10:10:44.000Z",null,null,1.75,4.5,9.5,90,null
"2025-12-16T10:14:44.000Z",null,null,2,5.5,11,112.5,null
"2025-12-16T10:18:44.000Z",null,null,1.5,7.5,14.5,112.5,null
"2025-12-16T10:22:48.000Z",null,null,6,12,19.5,157.5,null
"2025-12-16T10:26:48.000Z",null,null,10,14.5,21,157.5,null
"2025-12-16T10:30:48.000Z",null,null,8.75,16,23,180,null
"2025-12-16T10:34:52.000Z",null,null,7,13,23,157.5,null
"2025-12-16T10:38:52.000Z",null,null,3.5,8.25,13,180,null
"2025-12-16T10:42:52.000Z",null,null,3.75,7,13,135,null
"2025-12-16T10:46:56.000Z",null,null,4.5,9.5,14.5,90,null
"2025-12-16T10:50:56.000Z",null,null,3.25,5.5,9,112.5,null
"2025-12-16T10:54:56.000Z",null,null,1,3.5,9.5,112.5,null
"2025-12-16T10:58:59.000Z",null,null,0.75,2.5,4.5,90,null
"2025-12-16T11:02:59.000Z",null,null,1.5,3,5.25,112.5,null
"2025-12-16T11:06:59.000Z",null,null,2,3.75,6.25,112.5,null
"2025-12-16T11:11:03.000Z",null,null,2.75,5,7,135,null
"2025-12-16T11:15:03.000Z",null,null,1.5,3.5,6,112.5,null
"2025-12-16T11:19:03.000Z",null,null,1,3.25,4.75,112.5,null
"2025-12-16T11:23:08.000Z",null,null,1.75,3.5,4.75,90,null
"2025-12-16T11:27:08.000Z",null,null,1,2.75,4.5,90,null
"2025-12-16T11:31:08.000Z",null,null,3.5,4.5,6,67.5,null
"2025-12-16T11:35:11.000Z",null,null,1.75,3,4.5,90,null
"2025-12-16T11:39:11.000Z",null,null,2.75,4.25,6.5,135,null
"2025-12-16T11:43:11.000Z",null,null,4.25,7.5,13.5,157.5,null
"2025-12-16T11:47:16.000Z",null,null,3.75,8.25,14,157.5,null
"2025-12-16T11:51:16.000Z",null,null,4.75,9.75,13,157.5,null
"2025-12-16T11:55:16.000Z",null,null,5.25,8.75,15,157.5,null
"2025-12-16T11:59:20.000Z",null,null,1,6.75,10.5,180,null
"2025-12-16T12:03:20.000Z",null,null,4.25,8.25,13,157.5,null
"2025-12-16T12:07:20.000Z",null,null,2.75,6.75,12,135,null
"2025-12-16T12:11:24.000Z",null,null,3.25,8,13,135,null
"2025-12-16T12:15:24.000Z",null,null,2.75,8,14,135,null
"2025-12-16T12:19:24.000Z",null,null,2.75,5.75,9.5,112.5,null
"2025-12-16T12:23:28.000Z",null,null,0.25,8,13.5,157.5,null
"2025-12-16T12:27:28.000Z",null,null,2.75,6,11,157.5,null
"2025-12-16T12:31:28.000Z",null,null,1.5,5.5,9,135,null
"2025-12-16T12:35:32.000Z",null,null,1.5,4,8.25,135,null
"2025-12-16T12:39:32.000Z",null,null,1,3.75,7.25,135,null
"2025-12-16T12:43:32.000Z",null,null,1,4.75,8.25,135,null
"2025-12-16T12:47:36.000Z",null,null,1.5,3.5,5.5,90,null
"2025-12-16T12:51:36.000Z",null,null,1,3.75,7.25,112.5,null
"2025-12-16T12:55:36.000Z",null,null,1,5.25,9.75,90,null
"2025-12-16T12:59:40.000Z",null,null,0.25,2.5,4.75,112.5,null
"2025-12-16T13:03:40.000Z",null,null,0,3,5.5,112.5,null
"2025-12-16T13:07:40.000Z",null,null,0.25,3,7.75,135,null
"2025-12-16T13:11:44.000Z",null,null,2,12,24.5,90,null
"2025-12-16T13:15:44.000Z",null,null,3.5,11,20,90,null
"2025-12-16T13:19:44.000Z",null,null,2.75,5.75,10.5,112.5,null
"2025-12-16T13:23:48.000Z",null,null,4.75,8,12,157.5,null
"2025-12-16T13:27:48.000Z",null,null,2,7.25,13,157.5,null
"2025-12-16T13:31:48.000Z",null,null,2.75,7.5,11.5,180,null
"2025-12-16T13:35:53.000Z",null,null,4.25,9,13.5,180,null
"2025-12-16T13:39:53.000Z",null,null,6.25,9.75,17,157.5,null
"2025-12-16T13:43:53.000Z",null,null,4.5,8.5,13.5,157.5,null
"2025-12-16T14:02:51.000Z",null,null,5.25,8.75,13.5,157.5,null
"2025-12-16T14:06:51.000Z",null,null,2.75,6.75,11,157.5,null
"2025-12-16T14:10:51.000Z",null,null,2,8,17.5,135,null
"2025-12-16T14:14:55.000Z",null,null,2.5,7.5,12.5,135,null
"2025-12-16T14:18:55.000Z",null,null,3.25,7.75,12,157.5,null
"2025-12-16T14:22:55.000Z",null,null,2,5,9.5,135,null
"2025-12-16T14:26:59.000Z",null,null,1.5,3.25,4.75,135,null
"2025-12-16T14:30:59.000Z",null,null,1.75,3.5,6.25,135,null
"2025-12-16T14:34:59.000Z",null,null,0,1.25,3.25,135,null
"2025-12-16T14:39:03.000Z",null,null,0,1.75,3.5,90,null
"2025-12-16T14:43:03.000Z",null,null,0,1,2.5,67.5,null
"2025-12-16T14:47:03.000Z",null,null,0,0.75,3.25,67.5,null
"2025-12-16T14:52:53.000Z",null,null,2,3.75,6,180,null
"2025-12-16T14:56:53.000Z",null,null,1.75,3.75,5.5,180,null
"2025-12-16T15:00:53.000Z",null,null,0.75,2.75,4.75,202.5,null
"2025-12-16T15:04:58.000Z",null,null,0,3,4.75,180,null
"2025-12-16T15:08:58.000Z",null,null,1.5,4,7,180,null
"2025-12-16T15:12:58.000Z",null,null,1.5,5.25,8,202.5,null
"2025-12-16T15:17:01.000Z",null,null,3.5,6.25,8.75,202.5,null
"2025-12-16T15:21:01.000Z",null,null,1.5,5.5,9.5,202.5,null
"2025-12-16T15:25:01.000Z",null,null,4.5,6.25,8.25,202.5,null
"2025-12-16T15:29:06.000Z",null,null,0.75,2.75,6.75,180,null
"2025-12-16T15:33:06.000Z",null,null,0,0.75,2.5,112.5,null
"2025-12-16T15:37:06.000Z",null,null,0,0,1.5,157.5,null
"2025-12-16T15:41:10.000Z",null,null,0,0.5,2,157.5,null
"2025-12-16T15:45:10.000Z",null,null,0,0,0,67.5,null
"2025-12-16T15:49:10.000Z",null,null,0,0,0,67.5,null
"2025-12-16T15:53:13.000Z",null,null,0,0,0,90,null
"2025-12-16T15:57:13.000Z",null,null,0,2,3.25,157.5,null
"2025-12-16T16:01:13.000Z",null,null,0,1,4.5,180,null
"2025-12-16T16:05:18.000Z",null,null,0,2.5,4.75,157.5,null
"2025-12-16T16:09:18.000Z",null,null,0.75,2.75,4.25,135,null
"2025-12-16T16:13:18.000Z",null,null,1.5,2.75,4.75,135,null
"2025-12-16T16:17:22.000Z",null,null,1,2.25,3.5,157.5,null
"2025-12-16T16:21:22.000Z",null,null,0.75,1.75,2.75,157.5,null
"2025-12-16T16:25:22.000Z",null,null,0.75,1.75,3.25,112.5,null
"2025-12-16T16:29:26.000Z",null,null,0,1.75,3.75,90,null
"2025-12-16T16:33:26.000Z",null,null,0,0,0,90,null
"2025-12-16T16:37:26.000Z",null,null,0,1.5,2.75,67.5,null
"2025-12-16T16:41:29.000Z",null,null,2,2.5,3.25,67.5,null
"2025-12-16T16:45:29.000Z",null,null,1.75,2.5,3.25,90,null
"2025-12-16T16:49:29.000Z",null,null,0,1.5,2.75,67.5,null
"2025-12-16T16:53:34.000Z",null,null,0,0,0,90,null
"2025-12-16T16:57:34.000Z",null,null,0,3.25,4.75,135,null
"2025-12-16T17:01:34.000Z",null,null,2.5,3.5,5.25,135,null
"2025-12-16T17:05:38.000Z",null,null,1.75,3.75,6.25,112.5,null
"2025-12-16T17:09:38.000Z",null,null,2,4.25,6.5,112.5,null
"2025-12-16T17:13:38.000Z",null,null,3.5,5.75,9.5,135,null
"2025-12-16T17:17:42.000Z",null,null,3.25,4.75,8.25,135,null
"2025-12-16T17:21:42.000Z",null,null,3.25,5.75,8.25,135,null
"2025-12-16T17:25:42.000Z",null,null,1.75,3.25,6,112.5,null
"2025-12-16T17:29:46.000Z",null,null,1,3.25,5.5,112.5,null
"2025-12-16T17:33:46.000Z",null,null,1.75,3.5,6,112.5,null
"2025-12-16T17:37:46.000Z",null,null,0.75,2.5,6,135,null
"2025-12-16T17:41:50.000Z",null,null,3.25,5.5,8.75,157.5,null
"2025-12-16T17:45:50.000Z",null,null,4.25,5.5,7,157.5,null
"2025-12-16T17:49:50.000Z",null,null,1.75,4,6.5,135,null
"2025-12-16T17:53:55.000Z",null,null,0.25,2.75,5.5,135,null
"2025-12-16T17:57:55.000Z",null,null,0,0.75,2.5,112.5,null
"2025-12-16T18:01:55.000Z",null,null,0,2,3.75,135,null
"2025-12-16T18:05:58.000Z",null,null,1,2.5,3.75,135,null
"2025-12-16T18:09:58.000Z",null,null,0.25,2,3.5,112.5,null
"2025-12-16T18:13:58.000Z",null,null,0.25,2.25,6.5,112.5,null
"2025-12-16T18:18:02.000Z",null,null,0,3,7,112.5,null
"2025-12-16T18:22:02.000Z",null,null,2.5,4.25,7.25,112.5,null
"2025-12-16T18:26:02.000Z",null,null,2.5,3.75,5.5,90,null
"2025-12-16T18:30:06.000Z",null,null,2,3.75,6.5,112.5,null
"2025-12-16T18:34:06.000Z",null,null,0,1.5,3.75,67.5,null
"2025-12-16T18:38:06.000Z",null,null,0,1.25,4.25,67.5,null
"2025-12-16T18:42:10.000Z",null,null,0.75,2,3.25,45,null
"2025-12-16T18:46:10.000Z",null,null,1.5,2.5,3.5,45,null
"2025-12-16T18:50:10.000Z",null,null,1,2,2.75,67.5,null
"2025-12-16T18:54:15.000Z",null,null,1.5,2.5,3.75,112.5,null
"2025-12-16T18:58:15.000Z",null,null,3.25,3.75,4.75,112.5,null
"2025-12-16T19:02:15.000Z",null,null,1.75,3,4.75,112.5,null
"2025-12-16T19:06:18.000Z",null,null,1.5,2.75,3.75,112.5,null
"2025-12-16T19:10:18.000Z",null,null,1.5,2.75,3.75,90,null
"2025-12-16T19:14:18.000Z",null,null,0.75,1.5,2.5,112.5,null
"2025-12-16T19:18:22.000Z",null,null,0.25,1.25,2,90,null
"2025-12-16T19:22:22.000Z",null,null,0,0.5,1.5,67.5,null
"2025-12-16T19:26:22.000Z",null,null,0.25,1.5,2,90,null
"2025-12-16T19:30:27.000Z",null,null,1,1.5,2,90,null
"2025-12-16T19:34:27.000Z",null,null,1,2,3.25,90,null
"2025-12-16T19:38:27.000Z",null,null,1.75,2.5,3.5,90,null
"2025-12-16T19:42:30.000Z",null,null,2.25,3.25,3.75,90,null
"2025-12-16T19:46:30.000Z",null,null,2.75,3.25,3.75,90,null
"2025-12-16T19:50:30.000Z",null,null,2.5,3.25,4.5,112.5,null
"2025-12-16T19:54:35.000Z",null,null,2,3.25,4.75,90,null
"2025-12-16T19:58:35.000Z",null,null,2,3.5,4.5,90,null
"2025-12-16T20:02:35.000Z",null,null,1.75,3,4.5,90,null
"2025-12-16T20:06:39.000Z",null,null,1.5,2.5,3.5,90,null
"2025-12-16T20:10:39.000Z",null,null,2,2.75,4.25,112.5,null
"2025-12-16T20:14:39.000Z",null,null,1.75,2.5,3.75,112.5,null
"2025-12-16T20:18:42.000Z",null,null,0.75,1.75,2.75,112.5,null
"2025-12-16T20:22:42.000Z",null,null,2.5,3,3.75,135,null
"2025-12-16T20:26:42.000Z",null,null,1.75,2.25,3.25,112.5,null
"2025-12-16T20:30:47.000Z",null,null,1.5,2,2.75,112.5,null
"2025-12-16T20:34:47.000Z",null,null,0.75,1.5,2.5,135,null
"2025-12-16T20:38:47.000Z",null,null,1.75,2.5,3.75,157.5,null
"2025-12-16T20:42:51.000Z",null,null,1.5,2,2.75,135,null
"2025-12-16T20:46:51.000Z",null,null,0.75,1.25,2.75,135,null
"2025-12-16T20:50:51.000Z",null,null,1.75,3,4.5,135,null
"2025-12-16T20:54:55.000Z",null,null,1,2.5,4.25,135,null
"2025-12-16T20:58:55.000Z",null,null,1,2.25,3.75,90,null
"2025-12-16T21:02:55.000Z",null,null,0.25,1.75,3.25,90,null
"2025-12-16T21:06:59.000Z",null,null,0.75,1.75,3.5,90,null
"2025-12-16T21:10:59.000Z",null,null,0,1.5,2.75,90,null
"2025-12-16T21:14:59.000Z",null,null,1.5,2.5,3.5,90,null
"2025-12-16T21:19:03.000Z",null,null,1.5,2.25,3.25,90,null
"2025-12-16T21:23:03.000Z",null,null,2.5,3.5,4.5,112.5,null
"2025-12-16T21:27:03.000Z",null,null,2.5,3.25,3.75,90,null
"2025-12-16T21:31:07.000Z",null,null,2.5,3.25,3.75,90,null
"2025-12-16T21:35:07.000Z",null,null,2.75,4.25,5.25,112.5,null
"2025-12-16T21:39:07.000Z",null,null,2.75,3.75,4.75,112.5,null
"2025-12-16T21:43:11.000Z",null,null,1.75,3.25,4.5,135,null
"2025-12-16T21:47:11.000Z",null,null,1,3.25,5.25,135,null
"2025-12-16T21:51:11.000Z",null,null,0.75,2.75,4.75,157.5,null
"2025-12-16T21:55:15.000Z",null,null,0,2.75,5.5,157.5,null
"2025-12-16T21:59:15.000Z",null,null,0.25,1.75,3.25,90,null
"2025-12-16T22:03:15.000Z",null,null,2,4,5.5,135,null
"2025-12-16T22:07:19.000Z",null,null,0.25,2.25,4.25,135,null
"2025-12-16T22:11:19.000Z",null,null,0.75,1.75,3.25,67.5,null
"2025-12-16T22:15:19.000Z",null,null,0,1,2.75,45,null
"2025-12-16T22:19:24.000Z",null,null,0,0,0,67.5,null
"2025-12-16T22:23:24.000Z",null,null,0,1.25,2.5,67.5,null
"2025-12-16T22:27:24.000Z",null,null,1,2,3.25,90,null
"2025-12-16T22:31:28.000Z",null,null,0.75,1.75,2.75,112.5,null
"2025-12-16T22:35:28.000Z",null,null,0,0.25,1.5,90,null
"2025-12-16T22:39:28.000Z",null,null,0,0.5,3.5,202.5,null
"2025-12-16T22:43:32.000Z",null,null,2,3.25,4.25,202.5,null
"2025-12-16T22:47:32.000Z",null,null,1,2.75,4.5,202.5,null
"2025-12-16T22:51:32.000Z",null,null,0,2,3.5,135,null
"2025-12-16T22:55:36.000Z",null,null,1.75,2.75,3.5,157.5,null
"2025-12-16T22:59:36.000Z",null,null,1.75,2.75,4.75,157.5,null
"2025-12-16T23:03:36.000Z",null,null,3.25,4.25,5.5,157.5,null
"2025-12-16T23:07:39.000Z",null,null,2,4.25,5.5,157.5,null
"2025-12-16T23:11:39.000Z",null,null,3.25,4,5.25,157.5,null
"2025-12-16T23:15:39.000Z",null,null,3.25,4.5,6,157.5,null
"2025-12-16T23:19:44.000Z",null,null,3.5,5.25,6.5,157.5,null
"2025-12-16T23:23:44.000Z",null,null,1,4.25,7.25,135,null
"2025-12-16T23:27:44.000Z",null,null,0.75,3,6.25,112.5,null
"2025-12-16T23:31:48.000Z",null,null,2,4.25,7,90,null
"2025-12-16T23:35:48.000Z",null,null,1.75,4.75,8.75,90,null
"2025-12-16T23:39:48.000Z",null,null,1,3.75,6.25,112.5,null
"2025-12-16T23:43:52.000Z",null,null,0.75,3.5,6,112.5,null
"2025-12-16T23:47:52.000Z",null,null,2.75,4,6,112.5,null
"2025-12-16T23:51:52.000Z",null,null,2.5,4.5,6.25,135,null
"2025-12-16T23:55:56.000Z",null,null,1.75,3.75,6.25,157.5,null
"2025-12-16T23:59:56.000Z",null,null,0,1.75,3.75,135,null
"2025-12-17T00:03:56.000Z",null,null,1.5,2.75,4.75,112.5,null
"2025-12-17T00:08:00.000Z",null,null,1.5,3.75,6.25,135,null
"2025-12-17T00:12:00.000Z",null,null,1.5,3,5.25,135,null
"2025-12-17T00:16:00.000Z",null,null,1.75,3.25,6.5,135,null
"2025-12-17T00:20:03.000Z",null,null,2,4.5,8.25,112.5,null
"2025-12-17T00:24:03.000Z",null,null,0.75,3.75,7,135,null
"2025-12-17T00:28:03.000Z",null,null,1,3.5,6,135,null
"2025-12-17T00:32:08.000Z",null,null,1.5,3.25,6.5,112.5,null
"2025-12-17T00:36:08.000Z",null,null,2,5,9,112.5,null
"2025-12-17T00:40:08.000Z",null,null,1.5,3.25,6,135,null
"2025-12-17T00:44:12.000Z",null,null,2.5,4.5,6.5,135,null
"2025-12-17T00:48:12.000Z",null,null,2.75,4.5,8.25,135,null
"2025-12-17T00:52:12.000Z",null,null,1.75,5.75,9.75,135,null
"2025-12-17T00:56:16.000Z",null,null,1,5,9.75,135,null
"2025-12-17T01:00:16.000Z",null,null,3.5,6.75,11,112.5,null
"2025-12-17T01:04:16.000Z",null,null,2.5,5.25,8.25,112.5,null
"2025-12-17T01:08:20.000Z",null,null,2.75,5.75,8.25,112.5,null
"2025-12-17T01:12:20.000Z",null,null,2.75,5.5,7,135,null
"2025-12-17T01:16:20.000Z",null,null,3.25,5.25,8.25,135,null
"2025-12-17T01:20:25.000Z",null,null,3.75,6.5,10,135,null
"2025-12-17T01:24:25.000Z",null,null,1,5.75,8.25,135,null
"2025-12-17T01:28:25.000Z",null,null,2,5.25,9,135,null
"2025-12-17T01:32:28.000Z",null,null,1.75,5.5,8.25,157.5,null
"2025-12-17T01:36:28.000Z",null,null,2.5,5.5,8,157.5,null
"2025-12-17T01:40:28.000Z",null,null,3.75,5.75,7.75,157.5,null
"2025-12-17T01:44:33.000Z",null,null,2,5.5,8,157.5,null
"2025-12-17T01:48:33.000Z",null,null,2.5,5.25,9.5,157.5,null
"2025-12-17T01:52:33.000Z",null,null,0.25,3.25,6,135,null
"2025-12-17T01:56:36.000Z",null,null,0.25,2.5,6,135,null
"2025-12-17T02:00:36.000Z",null,null,0.75,3,6,112.5,null
"2025-12-17T02:04:36.000Z",null,null,3.25,4.75,8,90,null
"2025-12-17T02:08:40.000Z",null,null,3.5,5.75,8.25,90,null
"2025-12-17T02:12:40.000Z",null,null,1.5,3,5.25,112.5,null
"2025-12-17T02:16:40.000Z",null,null,0,2.25,4.25,112.5,null
"2025-12-17T02:20:44.000Z",null,null,1,3.25,5.25,90,null
"2025-12-17T02:24:44.000Z",null,null,1,2.25,4.5,90,null
"2025-12-17T02:28:44.000Z",null,null,2.75,4,5.5,90,null
"2025-12-17T02:32:48.000Z",null,null,3.5,4.75,7,90,null
"2025-12-17T02:36:48.000Z",null,null,2.5,3.75,5.25,90,null
"2025-12-17T02:40:48.000Z",null,null,0.75,2,3.5,90,null
"2025-12-17T02:44:52.000Z",null,null,2,3.75,4.5,112.5,null
"2025-12-17T02:48:52.000Z",null,null,2.5,4,5.25,112.5,null
"2025-12-17T02:52:52.000Z",null,null,3.25,5,7,90,null
"2025-12-17T02:56:57.000Z",null,null,3.25,5.25,7.25,90,null
"2025-12-17T03:00:57.000Z",null,null,3.5,4.75,7,112.5,null
"2025-12-17T03:04:57.000Z",null,null,3.5,5,7,112.5,null
"2025-12-17T03:09:00.000Z",null,null,2.5,4.75,6,112.5,null
"2025-12-17T03:13:00.000Z",null,null,3.5,4.75,6.5,112.5,null
"2025-12-17T03:17:00.000Z",null,null,3.25,4.75,5.5,135,null
"2025-12-17T03:21:05.000Z",null,null,2.5,4.25,6,135,null
"2025-12-17T03:25:05.000Z",null,null,1.75,4,7,157.5,null
"2025-12-17T03:29:05.000Z",null,null,2.5,4.25,6.5,157.5,null
"2025-12-17T03:33:09.000Z",null,null,3.25,5.75,8,135,null
"2025-12-17T03:37:09.000Z",null,null,1.5,5.25,11,135,null
"2025-12-17T03:41:09.000Z",null,null,3.5,5.75,9,135,null
"2025-12-17T03:45:13.000Z",null,null,1.75,3.75,6.5,112.5,null
"2025-12-17T03:49:13.000Z",null,null,3.25,5,8.25,112.5,null
"2025-12-17T03:53:13.000Z",null,null,0.25,2.5,4.5,112.5,null
"2025-12-17T03:57:17.000Z",null,null,1,5,8.75,90,null
"2025-12-17T04:01:17.000Z",null,null,4.25,5.5,7.75,112.5,null
"2025-12-17T04:05:17.000Z",null,null,2.75,5.25,9,135,null
"2025-12-17T04:09:20.000Z",null,null,2.75,4.75,8.25,135,null
"2025-12-17T04:13:20.000Z",null,null,2.75,5.5,9.5,157.5,null
"2025-12-17T04:17:20.000Z",null,null,2,4,7.75,135,null
"2025-12-17T04:21:25.000Z",null,null,2,4,6,157.5,null
"2025-12-17T04:25:25.000Z",null,null,1.75,3.75,6.25,135,null
"2025-12-17T04:29:25.000Z",null,null,1.5,3,6,112.5,null
"2025-12-17T04:33:29.000Z",null,null,1.75,6.5,13,112.5,null
"2025-12-17T04:37:29.000Z",null,null,1.75,5,11,112.5,null
"2025-12-17T04:41:29.000Z",null,null,3.75,6,10,135,null
"2025-12-17T04:45:33.000Z",null,null,3.25,7,11,135,null
"2025-12-17T04:49:33.000Z",null,null,3.5,6.25,9.5,135,null
"2025-12-17T04:53:33.000Z",null,null,2,5.25,11,135,null
"2025-12-17T04:57:37.000Z",null,null,1.5,5.25,9.5,135,null
"2025-12-17T05:01:37.000Z",null,null,4.5,7.25,10,135,null
"2025-12-17T05:05:37.000Z",null,null,3.5,7,11,135,null
"2025-12-17T05:09:41.000Z",null,null,3.5,6.5,11,135,null
"2025-12-17T05:13:41.000Z",null,null,2,5,11,112.5,null
"2025-12-17T05:17:41.000Z",null,null,2,5,9.75,135,null
"2025-12-17T05:21:45.000Z",null,null,2.75,6,9.75,135,null
"2025-12-17T05:25:45.000Z",null,null,2.5,6,9.5,135,null
"2025-12-17T05:29:45.000Z",null,null,2.75,5.75,9.5,157.5,null
"2025-12-17T05:33:49.000Z",null,null,1.5,3.75,6.25,112.5,null
"2025-12-17T05:37:49.000Z",null,null,1.75,4,6.5,135,null
"2025-12-17T05:41:49.000Z",null,null,2,5.75,9,112.5,null
"2025-12-17T05:45:53.000Z",null,null,3.25,6,10.5,112.5,null
"2025-12-17T05:49:53.000Z",null,null,3.25,4.75,6.25,135,null
"2025-12-17T05:53:53.000Z",null,null,1.75,4,7,135,null
"2025-12-17T05:57:57.000Z",null,null,0.25,4.25,7.75,135,null
"2025-12-17T06:01:57.000Z",null,null,2.5,5.75,9.5,157.5,null
"2025-12-17T06:05:57.000Z",null,null,4.25,7,10.5,157.5,null
"2025-12-17T06:10:02.000Z",null,null,6,8,11,157.5,null
"2025-12-17T06:14:02.000Z",null,null,5.5,7.75,9.75,157.5,null
"2025-12-17T06:18:02.000Z",null,null,4.25,6.75,8.75,157.5,null
"2025-12-17T06:22:05.000Z",null,null,3.5,5.25,7.25,135,null
"2025-12-17T06:26:05.000Z",null,null,3.5,5,7.75,135,null
"2025-12-17T06:30:05.000Z",null,null,3.25,6,10,135,null
"2025-12-17T06:34:10.000Z",null,null,1.5,4,8.25,112.5,null
"2025-12-17T06:38:10.000Z",null,null,0.75,4.25,9.75,112.5,null
"2025-12-17T06:42:10.000Z",null,null,1.75,4.75,8.75,112.5,null
"2025-12-17T06:46:14.000Z",null,null,3.75,6.5,9.75,135,null
"2025-12-17T06:50:14.000Z",null,null,1.75,5.25,9,112.5,null
"2025-12-17T06:54:14.000Z",null,null,3.25,7,9.5,112.5,null
"2025-12-17T06:58:18.000Z",null,null,4.75,7.75,12,112.5,null
"2025-12-17T07:02:18.000Z",null,null,3.25,6,9,112.5,null
"2025-12-17T07:06:18.000Z",null,null,2.75,5.25,9.75,135,null
"2025-12-17T07:10:22.000Z",null,null,4.5,7,10,157.5,null
"2025-12-17T07:14:22.000Z",null,null,3.25,6.25,9.5,135,null
"2025-12-17T07:18:22.000Z",null,null,3.25,5.5,11,135,null
"2025-12-17T07:22:25.000Z",null,null,3.25,5.25,8.75,135,null
"2025-12-17T07:26:25.000Z",null,null,1.75,4.5,7.75,135,null
"2025-12-17T07:30:25.000Z",null,null,2,4.25,6.5,135,null
"2025-12-17T07:34:30.000Z",null,null,2,4,6,135,null
"2025-12-17T07:38:30.000Z",null,null,2,3.75,7,135,null
"2025-12-17T07:42:30.000Z",null,null,1.75,4,7,112.5,null
"2025-12-17T07:46:34.000Z",null,null,3.5,6,9,135,null
"2025-12-17T07:50:34.000Z",null,null,3.25,5.75,9.75,135,null
"2025-12-17T07:54:34.000Z",null,null,2,4.5,6.5,135,null
"2025-12-17T07:58:38.000Z",null,null,1.75,5.25,11,90,null
"2025-12-17T08:02:38.000Z",null,null,0.75,4.75,11,112.5,null
"2025-12-17T08:06:38.000Z",null,null,1.75,3.75,6.25,135,null
"2025-12-17T08:10:42.000Z",null,null,2,4.5,6.5,157.5,null
"2025-12-17T08:14:42.000Z",null,null,2.75,4.75,7,135,null
"2025-12-17T08:18:42.000Z",null,null,2.75,4.75,6.25,135,null
"2025-12-17T08:22:45.000Z",null,null,2,3.5,5.5,135,null
"2025-12-17T08:26:45.000Z",null,null,1.75,3,5.25,135,null
"2025-12-17T08:30:45.000Z",null,null,1.75,3,4.75,135,null
"2025-12-17T08:34:50.000Z",null,null,2,4.5,7.25,135,null
"2025-12-17T08:38:50.000Z",null,null,3.25,5.5,8,135,null
"2025-12-17T08:42:50.000Z",null,null,3.5,5.5,8,135,null
"2025-12-17T08:46:54.000Z",null,null,2,5.5,8.75,135,null
"2025-12-17T08:50:54.000Z",null,null,2,5.25,9.75,157.5,null
"2025-12-17T08:54:54.000Z",null,null,3.25,7.25,13,135,null
"2025-12-17T08:58:58.000Z",null,null,3.25,6,9.5,135,null
"2025-12-17T09:02:58.000Z",null,null,2.5,6,8.75,135,null
"2025-12-17T09:06:58.000Z",null,null,2.5,6.25,9,135,null
"2025-12-17T09:11:02.000Z",null,null,0.25,3,9,90,null
"2025-12-17T09:15:02.000Z",null,null,0,1.5,4.75,90,null
"2025-12-17T09:19:02.000Z",null,null,2,5,8.75,135,null
"2025-12-17T09:23:07.000Z",null,null,1.5,4.25,7.25,135,null
"2025-12-17T09:27:07.000Z",null,null,0,2.5,7,157.5,null
"2025-12-17T09:31:07.000Z",null,null,0.75,3.75,6,157.5,null
"2025-12-17T09:35:10.000Z",null,null,2.5,4.5,7.75,157.5,null
"2025-12-17T09:39:10.000Z",null,null,1.5,3.75,6,157.5,null
"2025-12-17T09:43:10.000Z",null,null,1,3,4.75,157.5,null
"2025-12-17T09:47:14.000Z",null,null,1,3.75,7,180,null
"2025-12-17T09:51:14.000Z",null,null,0.25,3.5,7,157.5,null
"2025-12-17T09:55:14.000Z",null,null,2.5,5.25,8.75,157.5,null
"2025-12-17T09:59:19.000Z",null,null,2.75,5.25,6.5,202.5,null
"2025-12-17T10:03:19.000Z",null,null,3.25,6.25,8.25,202.5,null
"2025-12-17T10:07:19.000Z",null,null,2,6,7.75,202.5,null
"2025-12-17T10:11:22.000Z",null,null,3.75,7,9.5,202.5,null
"2025-12-17T10:15:22.000Z",null,null,4.75,7,9,202.5,null
"2025-12-17T10:19:22.000Z",null,null,4.25,7.75,9.75,202.5,null
"2025-12-17T10:23:27.000Z",null,null,4.5,7.75,9.5,202.5,null
"2025-12-17T10:27:27.000Z",null,null,3.5,7.5,10.5,202.5,null
"2025-12-17T10:31:27.000Z",null,null,4.25,7.75,9.75,202.5,null
"2025-12-17T10:35:31.000Z",null,null,5.5,7.75,9.5,202.5,null
"2025-12-17T10:39:31.000Z",null,null,4.25,6,8.25,202.5,null
"2025-12-17T10:43:31.000Z",null,null,1,3.75,6.25,202.5,null
"2025-12-17T10:47:35.000Z",null,null,2,3.25,5.25,202.5,null
"2025-12-17T10:51:35.000Z",null,null,0,1.5,3.75,225,null
"2025-12-17T10:55:35.000Z",null,null,0,0.25,2,202.5,null
"2025-12-17T10:59:39.000Z",null,null,0,0,1.25,180,null
"2025-12-17T11:03:39.000Z",null,null,0,0,0,202.5,null
"2025-12-17T11:07:39.000Z",null,null,0,1.5,2.75,225,null
"2025-12-17T11:11:43.000Z",null,null,1.75,2.5,3.25,225,null
"2025-12-17T11:15:43.000Z",null,null,0.25,1.25,2.5,202.5,null
"2025-12-17T11:19:43.000Z",null,null,0,0.25,1.75,202.5,null
"2025-12-17T11:23:46.000Z",null,null,0,0,0,247.5,null
"2025-12-17T11:27:46.000Z",null,null,0,2.25,4.25,292.5,null
"2025-12-17T11:31:46.000Z",null,null,1.75,3.25,5.25,315,null
"2025-12-17T11:35:51.000Z",null,null,1.75,3,4.25,315,null
"2025-12-17T11:39:51.000Z",null,null,1.5,2.25,3.75,337.5,null
"2025-12-17T11:43:51.000Z",null,null,0,1.75,3.75,337.5,null
"2025-12-17T11:47:55.000Z",null,null,0,2.25,3.5,292.5,null
"2025-12-17T11:51:55.000Z",null,null,0.75,2,3.25,292.5,null
"2025-12-17T11:55:55.000Z",null,null,0.75,1.75,2.5,337.5,null
"2025-12-17T11:59:59.000Z",null,null,1,1.75,2.5,337.5,null
"2025-12-17T12:03:59.000Z",null,null,0.75,2,3.25,337.5,null
"2025-12-17T12:07:59.000Z",null,null,2.5,3.5,4.5,337.5,null
"2025-12-17T12:12:03.000Z",null,null,2.75,4,4.75,0,null
"2025-12-17T12:16:03.000Z",null,null,1.75,3.5,5.5,0,null
"2025-12-17T12:20:03.000Z",null,null,0,1,2,0,null
"2025-12-17T12:24:06.000Z",null,null,0.25,2.5,5.5,337.5,null
"2025-12-17T12:28:06.000Z",null,null,4.25,5.5,7,337.5,null
"2025-12-17T12:32:06.000Z",null,null,4.75,6.75,8.25,337.5,null
"2025-12-17T12:36:11.000Z",null,null,6.25,8,8.75,337.5,null
"2025-12-17T12:40:11.000Z",null,null,5.25,7.25,8.25,337.5,null
"2025-12-17T12:44:11.000Z",null,null,5.5,6.75,8,337.5,null
"2025-12-17T12:48:15.000Z",null,null,5.5,6.5,7.75,337.5,null
"2025-12-17T12:52:15.000Z",null,null,4.75,6,7.25,337.5,null
"2025-12-17T12:56:15.000Z",null,null,3.25,4.5,6.25,337.5,null
"2025-12-17T13:00:19.000Z",null,null,1.75,2.75,4,315,null
"2025-12-17T13:04:19.000Z",null,null,0,1.25,2.5,292.5,null
"2025-12-17T13:08:19.000Z",null,null,0,0,0,270,null
"2025-12-17T13:12:23.000Z",null,null,0,0,0,315,null
"2025-12-17T13:16:23.000Z",null,null,0,0,0,337.5,null
"2025-12-17T13:20:23.000Z",null,null,0,3.75,5.5,337.5,null
"2025-12-17T13:24:27.000Z",null,null,4.5,5.25,6.25,0,null
"2025-12-17T13:28:27.000Z",null,null,4.75,5.75,6.25,0,null
"2025-12-17T13:32:27.000Z",null,null,5.5,6.75,8,0,null
"2025-12-17T13:36:31.000Z",null,null,6.25,7.5,8,0,null
"2025-12-17T13:40:31.000Z",null,null,6.25,7.75,8.25,337.5,null
"2025-12-17T13:44:31.000Z",null,null,7,8.5,10,337.5,null
"2025-12-17T14:03:30.000Z",null,null,6.25,7.75,9,337.5,null
"2025-12-17T14:07:30.000Z",null,null,5.25,6.25,7.25,337.5,null
"2025-12-17T14:11:30.000Z",null,null,4.75,5.75,6.25,337.5,null
"2025-12-17T14:15:34.000Z",null,null,5.25,6,6.5,337.5,null
"2025-12-17T14:19:34.000Z",null,null,2.75,4.5,6,315,null
"2025-12-17T14:23:34.000Z",null,null,3.5,3.75,4.25,337.5,null
"2025-12-17T14:27:38.000Z",null,null,4.25,5,5.5,315,null
"2025-12-17T14:31:38.000Z",null,null,3.5,4.25,4.75,337.5,null
"2025-12-17T14:35:38.000Z",null,null,4.25,5,6,337.5,null
"2025-12-17T14:39:42.000Z",null,null,3.75,4.25,5.25,337.5,null
"2025-12-17T14:43:42.000Z",null,null,3.75,5,5.5,315,null
"2025-12-17T14:47:42.000Z",null,null,3.75,5.25,6,315,null
"2025-12-17T14:53:32.000Z",null,null,0.75,2.5,4.5,337.5,null
"2025-12-17T14:57:32.000Z",null,null,1.5,2.25,2.75,0,null
"2025-12-17T15:01:32.000Z",null,null,1.5,2.5,3.25,337.5,null
"2025-12-17T15:05:36.000Z",null,null,0,0.75,2,22.5,null
"2025-12-17T15:09:36.000Z",null,null,0,0,0,45,null
"2025-12-17T15:13:36.000Z",null,null,0,0,0,45,null
"2025-12-17T15:17:41.000Z",null,null,0,0,0,45,null
"2025-12-17T15:21:41.000Z",null,null,0,0,0,45,null
"2025-12-17T15:25:41.000Z",null,null,0,0,0,45,null
"2025-12-17T15:29:44.000Z",null,null,0,0,0,45,null
"2025-12-17T15:33:44.000Z",null,null,0,0,0,45,null
"2025-12-17T15:37:44.000Z",null,null,0,0,0,45,null
"2025-12-17T15:41:48.000Z",null,null,0,0,0,45,null
"2025-12-17T15:45:48.000Z",null,null,0,0.5,1.75,180,null
"2025-12-17T15:49:48.000Z",null,null,0,0.5,1.75,180,null
"2025-12-17T15:53:53.000Z",null,null,0,0,0,157.5,null
"2025-12-17T15:57:53.000Z",null,null,0,0,0,135,null
"2025-12-17T16:01:53.000Z",null,null,0,0,0,135,null
"2025-12-17T16:05:56.000Z",null,null,0,0,0,135,null
"2025-12-17T16:09:56.000Z",null,null,0,0,0,112.5,null
"2025-12-17T16:13:56.000Z",null,null,0,2,3.5,112.5,null
"2025-12-17T16:18:01.000Z",null,null,0.75,1.5,2.75,112.5,null
"2025-12-17T16:22:01.000Z",null,null,0.75,1.25,2,135,null
"2025-12-17T16:26:01.000Z",null,null,1,1.5,2,112.5,null
"2025-12-17T16:30:05.000Z",null,null,0.75,1.5,1.75,135,null
"2025-12-17T16:34:05.000Z",null,null,1,1.75,2.5,135,null
"2025-12-17T16:38:05.000Z",null,null,0.25,1.5,2.75,112.5,null
"2025-12-17T16:42:09.000Z",null,null,1,2,3.25,112.5,null
"2025-12-17T16:46:09.000Z",null,null,2.5,3.25,4.25,112.5,null
"2025-12-17T16:50:09.000Z",null,null,2,3.25,4.75,112.5,null
"2025-12-17T16:54:12.000Z",null,null,2.5,3,4.25,112.5,null
"2025-12-17T16:58:12.000Z",null,null,2.75,3.5,4.5,112.5,null
"2025-12-17T17:02:12.000Z",null,null,2.5,3,3.75,112.5,null
"2025-12-17T17:06:17.000Z",null,null,2.5,3,3.5,112.5,null
"2025-12-17T17:10:17.000Z",null,null,2,2.75,3.5,112.5,null
"2025-12-17T17:14:17.000Z",null,null,1.75,2.5,3.5,90,null
"2025-12-17T17:18:21.000Z",null,null,2.75,4,4.75,90,null
"2025-12-17T17:22:21.000Z",null,null,3.25,4.25,4.75,90,null
"2025-12-17T17:26:21.000Z",null,null,2.5,4,5.5,90,null
"2025-12-17T17:30:25.000Z",null,null,2.75,3.25,3.75,90,null
"2025-12-17T17:34:25.000Z",null,null,2,3.25,4.25,90,null
"2025-12-17T17:38:25.000Z",null,null,2,3.25,4.5,90,null
"2025-12-17T17:42:29.000Z",null,null,2.5,3.75,4.5,90,null
"2025-12-17T17:46:29.000Z",null,null,2.75,3.25,4.25,112.5,null
"2025-12-17T17:50:29.000Z",null,null,3.25,3.75,4.75,112.5,null
"2025-12-17T17:54:33.000Z",null,null,4.25,5.25,7,112.5,null
"2025-12-17T17:58:33.000Z",null,null,4.25,5.25,7,112.5,null
"2025-12-17T18:02:33.000Z",null,null,3.75,5.75,9.5,112.5,null
"2025-12-17T18:06:37.000Z",null,null,3.25,4.5,6,112.5,null
"2025-12-17T18:10:37.000Z",null,null,3.25,4.5,6,112.5,null
"2025-12-17T18:14:37.000Z",null,null,2.75,4.5,6.5,135,null
"2025-12-17T18:18:41.000Z",null,null,1.75,4.25,6.5,135,null
"2025-12-17T18:22:41.000Z",null,null,3.25,4,4.75,112.5,null
"2025-12-17T18:26:41.000Z",null,null,1.75,3,4.75,135,null
"2025-12-17T18:30:45.000Z",null,null,1,2.5,5.25,135,null
"2025-12-17T18:34:45.000Z",null,null,1.5,3.75,7.25,112.5,null
"2025-12-17T18:38:45.000Z",null,null,2.75,5.5,8,112.5,null
"2025-12-17T18:42:50.000Z",null,null,3.25,5,7.75,112.5,null
"2025-12-17T18:46:50.000Z",null,null,3.25,5,7,112.5,null
"2025-12-17T18:50:50.000Z",null,null,2.75,4.75,7.75,112.5,null
"2025-12-17T18:54:53.000Z",null,null,2.5,4,6,112.5,null
"2025-12-17T18:58:53.000Z",null,null,2.75,4.75,6.5,112.5,null
"2025-12-17T19:02:53.000Z",null,null,3.25,5.75,8,112.5,null
"2025-12-17T19:06:57.000Z",null,null,2.75,4.5,6.75,112.5,null
"2025-12-17T19:10:57.000Z",null,null,2.75,5.25,8,112.5,null
"2025-12-17T19:14:57.000Z",null,null,3.5,5.75,9,112.5,null
"2025-12-17T19:19:01.000Z",null,null,3.25,6,9,135,null
"2025-12-17T19:23:01.000Z",null,null,1.5,4.5,8,112.5,null
"2025-12-17T19:27:01.000Z",null,null,1.75,3.5,6.25,112.5,null
"2025-12-17T19:31:05.000Z",null,null,1.75,4.25,6.5,112.5,null
"2025-12-17T19:35:05.000Z",null,null,2.75,4.25,6.25,112.5,null
"2025-12-17T19:39:05.000Z",null,null,1,3.5,5.5,112.5,null
"2025-12-17T19:43:09.000Z",null,null,0.25,3.75,6.5,112.5,null
"2025-12-17T19:47:09.000Z",null,null,3.25,4.75,7.25,112.5,null
"2025-12-17T19:51:09.000Z",null,null,3.5,5.5,8.25,112.5,null
"2025-12-17T19:55:13.000Z",null,null,3.25,5.25,7.25,112.5,null
"2025-12-17T19:59:13.000Z",null,null,3.75,5.75,9,112.5,null
"2025-12-17T20:03:13.000Z",null,null,3.75,5.5,7.25,112.5,null
"2025-12-17T20:07:18.000Z",null,null,2.75,4.5,6,112.5,null
"2025-12-17T20:11:18.000Z",null,null,1,3.5,5.5,112.5,null
"2025-12-17T20:15:18.000Z",null,null,3.5,5,7,112.5,null
"2025-12-17T20:19:22.000Z",null,null,3.5,4.5,5.5,112.5,null
"2025-12-17T20:23:22.000Z",null,null,3.75,5.25,7,90,null
"2025-12-17T20:27:22.000Z",null,null,3.75,5,7.25,112.5,null
"2025-12-17T20:31:25.000Z",null,null,3.25,4.75,6.25,112.5,null
"2025-12-17T20:35:25.000Z",null,null,3.5,4.5,6.25,112.5,null
"2025-12-17T20:39:25.000Z",null,null,2.75,4.75,7,112.5,null
"2025-12-17T20:43:29.000Z",null,null,3.5,4.5,6.5,112.5,null
"2025-12-17T20:47:29.000Z",null,null,2,3.75,5.5,112.5,null
"2025-12-17T20:51:29.000Z",null,null,2.5,4.25,7,112.5,null
"2025-12-17T20:55:34.000Z",null,null,1.75,4.75,9,112.5,null
"2025-12-17T20:59:34.000Z",null,null,0.25,2.5,5.25,135,null
"2025-12-17T21:03:34.000Z",null,null,0.25,2.75,4.75,112.5,null
"2025-12-17T21:07:38.000Z",null,null,1.75,4,9.75,112.5,null
"2025-12-17T21:11:38.000Z",null,null,0.75,2.5,4.5,135,null
"2025-12-17T21:15:38.000Z",null,null,2.5,4,5.5,135,null
"2025-12-17T21:19:42.000Z",null,null,2,4.5,7.25,112.5,null
"2025-12-17T21:23:42.000Z",null,null,2.75,4.5,6.5,112.5,null
"2025-12-17T21:27:42.000Z",null,null,1.75,5,8,112.5,null
"2025-12-17T21:31:46.000Z",null,null,2.5,4.5,8.25,90,null
"2025-12-17T21:35:46.000Z",null,null,2.75,4,6,112.5,null
"2025-12-17T21:39:46.000Z",null,null,3.25,6,8.75,112.5,null
"2025-12-17T21:43:50.000Z",null,null,1.75,4.75,8.75,90,null
"2025-12-17T21:47:50.000Z",null,null,3.25,4.5,6.5,90,null
"2025-12-17T21:51:50.000Z",null,null,2.75,5.25,7.75,112.5,null
"2025-12-17T21:55:54.000Z",null,null,1.75,4.75,7.25,90,null
"2025-12-17T21:59:54.000Z",null,null,0.25,3,5.25,112.5,null
"2025-12-17T22:03:54.000Z",null,null,1.75,3.5,7,90,null
"2025-12-17T22:07:59.000Z",null,null,1.5,4.75,8.25,112.5,null
"2025-12-17T22:11:59.000Z",null,null,1,4,7,90,null
"2025-12-17T22:15:59.000Z",null,null,0.75,5,10,90,null
"2025-12-17T22:20:02.000Z",null,null,0.25,2.75,6,112.5,null
"2025-12-17T22:24:02.000Z",null,null,2,4,5.5,90,null
"2025-12-17T22:28:02.000Z",null,null,1.75,3.75,6.25,67.5,null
"2025-12-17T22:32:06.000Z",null,null,2,3.75,6.25,90,null
"2025-12-17T22:36:06.000Z",null,null,3.25,4.25,6.25,112.5,null
"2025-12-17T22:40:06.000Z",null,null,3.75,5.25,7.25,112.5,null
"2025-12-17T22:44:10.000Z",null,null,0.75,3,4.75,112.5,null
"2025-12-17T22:48:10.000Z",null,null,0.25,2.75,5.25,112.5,null
"2025-12-17T22:52:10.000Z",null,null,1.5,3.75,5.5,112.5,null
"2025-12-17T22:56:15.000Z",null,null,0.75,3,4.5,90,null
"2025-12-17T23:00:15.000Z",null,null,1.5,4.25,7.75,135,null
"2025-12-17T23:04:15.000Z",null,null,1.5,4,8.75,112.5,null
"2025-12-17T23:08:18.000Z",null,null,1.5,3.5,6,112.5,null
"2025-12-17T23:12:18.000Z",null,null,1.5,3.25,4.5,90,null
"2025-12-17T23:16:18.000Z",null,null,3.5,4.5,6.25,112.5,null
"2025-12-17T23:20:22.000Z",null,null,1,4.5,6.5,90,null
"2025-12-17T23:24:22.000Z",null,null,0.25,3.75,6.5,90,null
"2025-12-17T23:28:22.000Z",null,null,1,3.5,5.5,112.5,null
"2025-12-17T23:32:27.000Z",null,null,1.75,5,8,90,null
"2025-12-17T23:36:27.000Z",null,null,2.75,4.75,7.25,90,null
"2025-12-17T23:40:27.000Z",null,null,2.75,5,8.75,112.5,null
"2025-12-17T23:44:30.000Z",null,null,4.5,6.5,8.75,90,null
"2025-12-17T23:48:30.000Z",null,null,2.5,4.75,8.75,90,null
"2025-12-17T23:52:30.000Z",null,null,0,3,6,67.5,null
"2025-12-17T23:56:35.000Z",null,null,1,2.5,4.25,22.5,null
"2025-12-18T00:00:35.000Z",null,null,0.75,3.25,5.25,45,null
"2025-12-18T00:04:35.000Z",null,null,0,0.5,1.5,67.5,null
"2025-12-18T00:08:39.000Z",null,null,0,0,0,90,null
"2025-12-18T00:12:39.000Z",null,null,0,0,0,67.5,null
"2025-12-18T00:16:39.000Z",null,null,0,3.5,4.5,67.5,null
"2025-12-18T00:20:42.000Z",null,null,3.25,4.25,5.25,67.5,null
"2025-12-18T00:24:42.000Z",null,null,2.75,3.75,4.75,90,null
"2025-12-18T00:28:42.000Z",null,null,4.25,5.25,6.25,90,null
"2025-12-18T00:32:47.000Z",null,null,4.25,5.75,7.75,90,null
"2025-12-18T00:36:47.000Z",null,null,4.75,6.25,8,67.5,null
"2025-12-18T00:40:47.000Z",null,null,4.5,5.75,7.25,90,null
"2025-12-18T00:44:51.000Z",null,null,5.25,6.25,7.25,90,null
"2025-12-18T00:48:51.000Z",null,null,4.25,5.25,6.25,90,null
"2025-12-18T00:52:51.000Z",null,null,4.75,5.75,7,90,null
"2025-12-18T00:56:55.000Z",null,null,3.75,4.75,5.5,90,null
"2025-12-18T01:00:55.000Z",null,null,3.75,5,6.25,112.5,null
"2025-12-18T01:04:55.000Z",null,null,4.25,5.25,6,90,null
"2025-12-18T01:08:59.000Z",null,null,3.75,5,5.75,112.5,null
"2025-12-18T01:12:59.000Z",null,null,3.75,5,6,90,null
"2025-12-18T01:16:59.000Z",null,null,4.5,5.75,7,90,null
"2025-12-18T01:21:03.000Z",null,null,4.5,5.75,7,90,null
"2025-12-18T01:25:03.000Z",null,null,3.75,5,6,90,null
"2025-12-18T01:29:03.000Z",null,null,3.5,5.75,8,90,null
"2025-12-18T01:33:07.000Z",null,null,4.25,5.5,6.5,90,null
"2025-12-18T01:37:07.000Z",null,null,3.5,4.75,5.5,90,null
"2025-12-18T01:41:07.000Z",null,null,3.75,4.75,5.5,90,null
"2025-12-18T01:45:11.000Z",null,null,4.25,5.5,6.5,90,null
"2025-12-18T01:49:11.000Z",null,null,4.25,5.25,6.25,90,null
"2025-12-18T01:53:11.000Z",null,null,3.5,5.5,7.25,90,null
"2025-12-18T01:57:15.000Z",null,null,3.25,5,6.5,90,null
"2025-12-18T02:01:15.000Z",null,null,3.75,5.5,7.75,90,null
"2025-12-18T02:05:15.000Z",null,null,3.5,5.5,7.75,90,null
"2025-12-18T02:09:19.000Z",null,null,3.75,5.25,7,90,null
"2025-12-18T02:13:19.000Z",null,null,3.25,4.5,6.5,90,null
"2025-12-18T02:17:19.000Z",null,null,4.25,5.75,7,90,null
"2025-12-18T02:21:23.000Z",null,null,4.25,5.75,7,67.5,null
"2025-12-18T02:25:23.000Z",null,null,2,4,6,67.5,null
"2025-12-18T02:29:23.000Z",null,null,0,1.75,3.5,67.5,null
"2025-12-18T02:33:27.000Z",null,null,2,3.25,4.25,67.5,null
"2025-12-18T02:37:27.000Z",null,null,2.75,3.75,6,67.5,null
"2025-12-18T02:41:27.000Z",null,null,0.75,2.25,4.25,67.5,null
"2025-12-18T02:45:32.000Z",null,null,2.75,3.75,4.5,90,null
"2025-12-18T02:49:32.000Z",null,null,3.25,3.75,4.75,90,null
"2025-12-18T02:53:32.000Z",null,null,3.25,4.75,6,90,null
"2025-12-18T02:57:36.000Z",null,null,2.75,4,5.5,90,null
"2025-12-18T03:01:36.000Z",null,null,2.5,3.75,5.25,90,null
"2025-12-18T03:05:36.000Z",null,null,3.75,4.75,6.5,90,null
"2025-12-18T03:09:39.000Z",null,null,2.75,4,5.5,90,null
"2025-12-18T03:13:39.000Z",null,null,3.75,5.25,6.5,67.5,null
"2025-12-18T03:17:39.000Z",null,null,4.5,5.5,8,90,null
"2025-12-18T03:21:43.000Z",null,null,2.5,3.75,5.25,90,null
"2025-12-18T03:25:43.000Z",null,null,3.75,5.25,7,112.5,null
"2025-12-18T03:29:43.000Z",null,null,4.25,7,9,90,null
"2025-12-18T03:33:47.000Z",null,null,3.75,7,10,90,null
"2025-12-18T03:37:47.000Z",null,null,4.25,5.25,6.5,112.5,null
"2025-12-18T03:41:47.000Z",null,null,4.25,5.5,7,112.5,null
"2025-12-18T03:45:52.000Z",null,null,3.75,5.75,7.75,112.5,null
"2025-12-18T03:49:52.000Z",null,null,2.75,6.5,8.75,112.5,null
"2025-12-18T03:53:52.000Z",null,null,4.5,6.5,8,90,null
"2025-12-18T03:57:56.000Z",null,null,3.5,7.75,11.5,90,null
"2025-12-18T04:01:56.000Z",null,null,2,5,10,90,null
"2025-12-18T04:05:56.000Z",null,null,2.5,5.25,8.25,135,null
"2025-12-18T04:10:00.000Z",null,null,2.5,5.25,7.75,135,null
"2025-12-18T04:14:00.000Z",null,null,1.5,5,8,112.5,null
"2025-12-18T04:18:00.000Z",null,null,1.5,3.75,6,90,null
"2025-12-18T04:22:04.000Z",null,null,3.5,5.5,7.25,90,null
"2025-12-18T04:26:04.000Z",null,null,4.5,7,9.75,67.5,null
"2025-12-18T04:30:04.000Z",null,null,6,8,11,90,null
"2025-12-18T04:34:08.000Z",null,null,4.5,6,8.25,90,null
"2025-12-18T04:38:08.000Z",null,null,5.5,7,9,90,null
"2025-12-18T04:42:08.000Z",null,null,4.25,5.25,7.25,90,null
"2025-12-18T04:46:12.000Z",null,null,4.25,6.75,9,112.5,null
"2025-12-18T04:50:12.000Z",null,null,3.75,6.5,9.75,112.5,null
"2025-12-18T04:54:12.000Z",null,null,4.25,7.25,11,90,null
"2025-12-18T04:58:16.000Z",null,null,5.5,7.5,9.75,90,null
"2025-12-18T05:02:16.000Z",null,null,1.5,5.25,8.75,112.5,null
"2025-12-18T05:06:16.000Z",null,null,2,5,8,135,null
"2025-12-18T05:10:20.000Z",null,null,2,5,8.75,135,null
"2025-12-18T05:14:20.000Z",null,null,0.75,3.5,7.25,112.5,null
"2025-12-18T05:18:20.000Z",null,null,1.75,4.75,10.5,112.5,null
"2025-12-18T05:22:24.000Z",null,null,0,4,8.25,135,null
"2025-12-18T05:26:24.000Z",null,null,1,4,7.75,135,null
"2025-12-18T05:30:24.000Z",null,null,1.75,5.75,9.5,135,null
"2025-12-18T05:34:28.000Z",null,null,1.75,7.75,13,157.5,null
"2025-12-18T05:38:28.000Z",null,null,1.5,7,14,135,null
"2025-12-18T05:42:28.000Z",null,null,2.5,5,8.75,135,null
"2025-12-18T05:46:32.000Z",null,null,2.5,4.25,6.25,112.5,null
"2025-12-18T05:50:32.000Z",null,null,2,4.5,7.25,112.5,null
"2025-12-18T05:54:32.000Z",null,null,3.75,6,9.75,112.5,null
"2025-12-18T05:58:36.000Z",null,null,2.5,5,7.25,112.5,null
"2025-12-18T06:02:36.000Z",null,null,2,5.75,9,135,null
"2025-12-18T06:06:36.000Z",null,null,2.5,5.75,9.75,135,null
"2025-12-18T06:10:40.000Z",null,null,3.25,6,8.75,112.5,null
"2025-12-18T06:14:40.000Z",null,null,3.75,7.25,11.5,135,null
"2025-12-18T06:18:40.000Z",null,null,4.75,7.25,10,135,null
"2025-12-18T06:22:44.000Z",null,null,4.5,8.25,12,157.5,null
"2025-12-18T06:26:44.000Z",null,null,5.25,8,10,157.5,null
"2025-12-18T06:30:44.000Z",null,null,6,9.25,12,157.5,null
"2025-12-18T06:34:49.000Z",null,null,5.25,9,13.5,135,null
"2025-12-18T06:38:49.000Z",null,null,3.75,8,12,135,null
"2025-12-18T06:42:49.000Z",null,null,5.25,8.5,14,157.5,null
"2025-12-18T06:46:52.000Z",null,null,3.25,6,11,135,null
"2025-12-18T06:50:52.000Z",null,null,1.75,5.75,12.5,157.5,null
"2025-12-18T06:54:52.000Z",null,null,4.25,6.5,9.75,157.5,null
"2025-12-18T06:58:57.000Z",null,null,4.25,7.25,9.5,157.5,null
"2025-12-18T07:02:57.000Z",null,null,4.25,6.75,9.75,157.5,null
"2025-12-18T07:06:57.000Z",null,null,4.25,7,10,157.5,null
"2025-12-18T07:11:00.000Z",null,null,3.5,6,8.25,135,null
"2025-12-18T07:15:00.000Z",null,null,3.5,6,9,135,null
"2025-12-18T07:19:00.000Z",null,null,4.25,7.75,13,157.5,null
"2025-12-18T07:23:04.000Z",null,null,5.5,8.75,11.5,157.5,null
"2025-12-18T07:27:04.000Z",null,null,6.25,8.25,10.5,157.5,null
"2025-12-18T07:31:04.000Z",null,null,4.75,8.25,13,135,null
"2025-12-18T07:35:09.000Z",null,null,3.75,6.5,10,135,null
"2025-12-18T07:39:09.000Z",null,null,3.5,7,9.75,135,null
"2025-12-18T07:43:09.000Z",null,null,3.25,6,12,135,null
"2025-12-18T07:47:12.000Z",null,null,5.5,10,18,90,null
"2025-12-18T07:51:12.000Z",null,null,4.25,10,18,112.5,null
"2025-12-18T07:55:12.000Z",null,null,2,9.25,17,112.5,null
"2025-12-18T07:59:17.000Z",null,null,1.75,5.75,10,112.5,null
"2025-12-18T08:03:17.000Z",null,null,4.25,7.5,12.5,90,null
"2025-12-18T08:07:17.000Z",null,null,3.25,7.5,12,135,null
"2025-12-18T08:11:21.000Z",null,null,2.5,8.75,15,135,null
"2025-12-18T08:15:21.000Z",null,null,2.75,8,14,135,null
"2025-12-18T08:19:21.000Z",null,null,4.5,7.75,12,112.5,null
"2025-12-18T08:23:25.000Z",null,null,3.5,9.25,14,112.5,null
"2025-12-18T08:27:25.000Z",null,null,3.75,8.25,12,112.5,null
"2025-12-18T08:31:25.000Z",null,null,2.75,7.5,12.5,112.5,null
"2025-12-18T08:35:29.000Z",null,null,4.25,7.75,11,90,null
"2025-12-18T08:39:29.000Z",null,null,4.5,8.25,12,90,null
"2025-12-18T08:43:29.000Z",null,null,4.25,5.75,11,112.5,null
"2025-12-18T08:47:33.000Z",null,null,3.75,5.5,7,67.5,null
"2025-12-18T08:51:33.000Z",null,null,1.75,3.5,5.25,90,null
"2025-12-18T08:55:33.000Z",null,null,1,3.25,5.5,67.5,null
"2025-12-18T08:59:37.000Z",null,null,0,1.5,4.25,90,null
"2025-12-18T09:03:37.000Z",null,null,1,2,3.25,67.5,null
"2025-12-18T09:07:37.000Z",null,null,0.75,2.25,3.5,67.5,null
"2025-12-18T09:11:41.000Z",null,null,1.5,2.75,4.25,90,null
"2025-12-18T09:15:41.000Z",null,null,2.75,4.25,6.25,90,null
"2025-12-18T09:19:41.000Z",null,null,3.25,5,6.5,90,null
"2025-12-18T09:23:46.000Z",null,null,2,5.75,9,90,null
"2025-12-18T09:27:46.000Z",null,null,2.75,5.25,7.25,90,null
"2025-12-18T09:31:46.000Z",null,null,2.75,4.75,8.25,112.5,null
"2025-12-18T09:35:50.000Z",null,null,4.5,6.5,8.75,90,null
"2025-12-18T09:39:50.000Z",null,null,4.25,6.25,8.75,67.5,null
"2025-12-18T09:43:50.000Z",null,null,2.5,5.75,9.5,67.5,null
"2025-12-18T09:47:53.000Z",null,null,1.5,5.75,11,67.5,null
"2025-12-18T09:51:53.000Z",null,null,1,3.5,7.25,67.5,null
"2025-12-18T09:55:53.000Z",null,null,1,2.75,5.25,67.5,null
"2025-12-18T09:59:58.000Z",null,null,0,0.5,1.5,0,null
"2025-12-18T10:03:58.000Z",null,null,0,2.5,4.25,0,null
"2025-12-18T10:07:58.000Z",null,null,1.5,2.75,3.5,0,null
"2025-12-18T10:12:01.000Z",null,null,0.25,1.75,3.25,0,null
"2025-12-18T10:16:01.000Z",null,null,1,3,4.25,0,null
"2025-12-18T10:20:01.000Z",null,null,0.25,2,3.75,22.5,null
"2025-12-18T10:24:06.000Z",null,null,0,0,0.75,45,null
"2025-12-18T10:28:06.000Z",null,null,0,0,1.5,0,null
"2025-12-18T10:32:06.000Z",null,null,0,1.5,3.25,0,null
"2025-12-18T10:36:10.000Z",null,null,1.75,2.75,3.5,337.5,null
"2025-12-18T10:40:10.000Z",null,null,2,3,4.25,337.5,null
"2025-12-18T10:44:10.000Z",null,null,4.25,6.25,8.25,315,null
"2025-12-18T10:48:14.000Z",null,null,6,7.75,9,337.5,null
"2025-12-18T10:52:14.000Z",null,null,7.75,8.5,9.75,337.5,null
"2025-12-18T10:56:14.000Z",null,null,6,7.5,9,0,null
"2025-12-18T11:00:18.000Z",null,null,5.25,6.75,8.25,337.5,null
"2025-12-18T11:04:18.000Z",null,null,7,8.25,11,337.5,null
"2025-12-18T11:08:18.000Z",null,null,5.25,6.75,8.75,0,null
"2025-12-18T11:12:22.000Z",null,null,5.25,6.5,7.25,0,null
"2025-12-18T11:16:22.000Z",null,null,5.25,7.5,9,337.5,null
"2025-12-18T11:20:22.000Z",null,null,7.75,9.75,11.5,337.5,null
"2025-12-18T11:24:26.000Z",null,null,7,8.5,9.75,337.5,null
"2025-12-18T11:28:26.000Z",null,null,7.25,8.5,9.75,337.5,null
"2025-12-18T11:32:26.000Z",null,null,7,9.5,12.5,337.5,null
"2025-12-18T11:36:30.000Z",null,null,9.75,11.5,14,337.5,null
"2025-12-18T11:40:30.000Z",null,null,8.75,10.5,12,337.5,null
"2025-12-18T11:44:30.000Z",null,null,7.25,9,10.5,337.5,null
"2025-12-18T11:48:34.000Z",null,null,7.25,9.25,11,337.5,null
"2025-12-18T11:52:34.000Z",null,null,7.25,9.25,10.5,337.5,null
"2025-12-18T11:56:34.000Z",null,null,7.25,9,10.5,337.5,null
"2025-12-18T12:00:38.000Z",null,null,7.25,9.25,10.5,337.5,null
"2025-12-18T12:04:38.000Z",null,null,8,10.5,11.5,337.5,null
"2025-12-18T12:08:38.000Z",null,null,8.75,10.5,12,337.5,null
"2025-12-18T12:12:42.000Z",null,null,9,10.5,12,337.5,null
"2025-12-18T12:16:42.000Z",null,null,9,11,13,337.5,null
"2025-12-18T12:20:42.000Z",null,null,7.75,9.25,11,337.5,null
"2025-12-18T12:24:46.000Z",null,null,8,9.25,11,337.5,null
"2025-12-18T12:28:46.000Z",null,null,6.5,8.5,10,337.5,null
"2025-12-18T12:32:46.000Z",null,null,5.25,6.25,7.25,337.5,null
"2025-12-18T12:36:50.000Z",null,null,4.75,6.5,7.25,337.5,null
"2025-12-18T12:40:50.000Z",null,null,4.25,5,7,337.5,null
"2025-12-18T12:44:50.000Z",null,null,4.75,6.25,7.25,337.5,null
"2025-12-18T12:48:54.000Z",null,null,5.5,6.5,7.75,337.5,null
"2025-12-18T12:52:54.000Z",null,null,4.75,5.75,6.5,337.5,null
"2025-12-18T12:56:54.000Z",null,null,5.25,6,7,337.5,null
"2025-12-18T13:00:59.000Z",null,null,5.5,7,7.75,315,null
"2025-12-18T13:04:59.000Z",null,null,6,7.5,9.5,337.5,null
"2025-12-18T13:08:59.000Z",null,null,6.5,8.25,9,337.5,null
"2025-12-18T13:13:03.000Z",null,null,5.5,7,8.25,337.5,null
"2025-12-18T13:17:03.000Z",null,null,4.75,6,7.25,315,null
"2025-12-18T13:21:03.000Z",null,null,4.25,5.5,6.5,337.5,null
"2025-12-18T13:25:06.000Z",null,null,3.75,5,6,337.5,null
"2025-12-18T13:29:06.000Z",null,null,2.5,3.75,4.75,337.5,null
"2025-12-18T13:33:06.000Z",null,null,1.75,2.75,3.75,337.5,null
"2025-12-18T13:37:10.000Z",null,null,3.5,4.25,5.25,315,null
"2025-12-18T13:41:10.000Z",null,null,3.25,4,4.5,315,null
"2025-12-18T13:45:10.000Z",null,null,3.25,4.25,5.25,315,null
"2025-12-18T14:04:08.000Z",null,null,2.75,3.5,4.25,0,null
"2025-12-18T14:08:08.000Z",null,null,2,3.5,4.25,0,null
"2025-12-18T14:12:08.000Z",null,null,2.5,3,3.75,0,null
"2025-12-18T14:16:12.000Z",null,null,1.75,2.75,3.5,0,null
"2025-12-18T14:20:12.000Z",null,null,1.75,2.5,3.25,0,null
"2025-12-18T14:24:12.000Z",null,null,1.75,3,4.75,337.5,null
"2025-12-18T14:28:17.000Z",null,null,1.75,4.25,6,315,null
"2025-12-18T14:32:17.000Z",null,null,2.5,3.5,4.75,0,null
"2025-12-18T14:36:17.000Z",null,null,4.25,5.25,6,337.5,null
"2025-12-18T14:40:21.000Z",null,null,4.25,5.25,6.5,337.5,null
"2025-12-18T14:44:21.000Z",null,null,5.5,7,8,337.5,null
"2025-12-18T14:48:21.000Z",null,null,7,8,9,337.5,null
"2025-12-18T14:54:10.000Z",null,null,5.25,7.25,8.25,337.5,null
"2025-12-18T14:58:10.000Z",null,null,3.5,5.25,6.5,337.5,null
"2025-12-18T15:02:10.000Z",null,null,4.75,6,7,337.5,null
"2025-12-18T15:06:14.000Z",null,null,6.25,7,7.75,337.5,null
"2025-12-18T15:10:14.000Z",null,null,5.5,6.75,7.75,337.5,null
"2025-12-18T15:14:14.000Z",null,null,5.25,6.75,8,337.5,null
"2025-12-18T15:18:18.000Z",null,null,4.25,5,5.5,337.5,null
"2025-12-18T15:22:18.000Z",null,null,4.75,6.25,7.25,337.5,null
"2025-12-18T15:26:18.000Z",null,null,4.25,4.75,6,337.5,null
"2025-12-18T15:30:23.000Z",null,null,3.75,5.25,6.5,337.5,null
"2025-12-18T15:34:23.000Z",null,null,4.5,5.75,7,0,null
"2025-12-18T15:38:23.000Z",null,null,1,3,6,22.5,null
"2025-12-18T15:42:27.000Z",null,null,5.25,5.75,6.5,0,null
"2025-12-18T15:46:27.000Z",null,null,4.5,6.5,7.75,0,null
"2025-12-18T15:50:27.000Z",null,null,4.5,6,7.25,0,null
"2025-12-18T15:54:30.000Z",null,null,4.5,6,7,0,null
"2025-12-18T15:58:30.000Z",null,null,2.5,4.25,7,22.5,null
"2025-12-18T16:02:30.000Z",null,null,0,1.75,3.5,45,null
"2025-12-18T16:06:35.000Z",null,null,0,0,1.75,337.5,null
"2025-12-18T16:10:35.000Z",null,null,0,1.75,3.75,0,null
"2025-12-18T16:14:35.000Z",null,null,0,2,4.25,22.5,null
"2025-12-18T16:18:39.000Z",null,null,3.25,4.25,5.25,0,null
"2025-12-18T16:22:39.000Z",null,null,3.25,4.75,6.5,0,null
"2025-12-18T16:26:39.000Z",null,null,2.75,4.25,5.5,0,null
"2025-12-18T16:30:43.000Z",null,null,2.5,3.75,5.25,67.5,null
"2025-12-18T16:34:43.000Z",null,null,2.5,3.25,4.5,45,null
"2025-12-18T16:38:43.000Z",null,null,2,4.25,6,0,null
"2025-12-18T16:42:47.000Z",null,null,2.75,4.5,6,0,null
"2025-12-18T16:46:47.000Z",null,null,3.75,5,6.5,0,null
"2025-12-18T16:50:47.000Z",null,null,4.25,6.75,8,0,null
"2025-12-18T16:54:51.000Z",null,null,3.25,5,7,22.5,null
"2025-12-18T16:58:51.000Z",null,null,3.5,5,7.25,45,null
"2025-12-18T17:02:51.000Z",null,null,1,4.75,8,67.5,null
"2025-12-18T17:06:55.000Z",null,null,0.75,2,3.5,67.5,null
"2025-12-18T17:10:55.000Z",null,null,1,3.75,7.75,90,null
"2025-12-18T17:14:55.000Z",null,null,0.75,4,7,67.5,null
"2025-12-18T17:18:59.000Z",null,null,2.75,3.75,5,90,null
"2025-12-18T17:22:59.000Z",null,null,3.5,4.5,5.25,90,null
"2025-12-18T17:26:59.000Z",null,null,2,3,3.75,90,null
"2025-12-18T17:31:03.000Z",null,null,2,3.5,5.5,112.5,null
"2025-12-18T17:35:03.000Z",null,null,1.5,3,4.5,90,null
"2025-12-18T17:39:03.000Z",null,null,3.25,5,7.75,135,null
"2025-12-18T17:43:07.000Z",null,null,3.25,4.25,5.5,112.5,null
"2025-12-18T17:47:07.000Z",null,null,1.75,3.25,5.5,135,null
"2025-12-18T17:51:07.000Z",null,null,3.25,4.75,6.25,112.5,null
"2025-12-18T17:55:12.000Z",null,null,3.5,4.75,6.25,112.5,null
"2025-12-18T17:59:12.000Z",null,null,3.75,5,7.75,90,null
"2025-12-18T18:03:12.000Z",null,null,2.5,4.25,7,112.5,null
"2025-12-18T18:07:15.000Z",null,null,3.5,5.5,7,90,null
"2025-12-18T18:11:15.000Z",null,null,3.5,5,7,90,null
"2025-12-18T18:15:15.000Z",null,null,2.75,4,4.75,112.5,null
"2025-12-18T18:19:19.000Z",null,null,2.75,4.75,6.5,112.5,null
"2025-12-18T18:23:19.000Z",null,null,1.75,3.75,5.5,112.5,null
"2025-12-18T18:27:19.000Z",null,null,3.25,4,6.25,112.5,null
"2025-12-18T18:31:23.000Z",null,null,2.5,3.5,5.25,112.5,null
"2025-12-18T18:35:23.000Z",null,null,2.75,4.25,7.25,112.5,null
"2025-12-18T18:39:23.000Z",null,null,1.5,3.5,6.25,135,null
"2025-12-18T18:43:27.000Z",null,null,3.25,4.5,6.5,112.5,null
"2025-12-18T18:47:27.000Z",null,null,2.75,3.25,4.5,112.5,null
"2025-12-18T18:51:27.000Z",null,null,3.25,4,5.25,112.5,null
"2025-12-18T18:55:31.000Z",null,null,3.5,4.5,5.5,112.5,null
"2025-12-18T18:59:31.000Z",null,null,0.25,2,4.75,112.5,null
"2025-12-18T19:03:31.000Z",null,null,2.75,4.25,6.25,112.5,null
"2025-12-18T19:07:36.000Z",null,null,1.75,2.75,5.5,112.5,null
"2025-12-18T19:11:36.000Z",null,null,1.5,4.5,8.75,112.5,null
"2025-12-18T19:15:36.000Z",null,null,2.5,5,7.75,112.5,null
"2025-12-18T19:19:39.000Z",null,null,2,4.5,9.5,135,null
"2025-12-18T19:23:39.000Z",null,null,1.5,4.25,7.25,135,null
"2025-12-18T19:27:39.000Z",null,null,3.5,7.25,11,157.5,null
"2025-12-18T19:31:44.000Z",null,null,2.75,7,11,157.5,null
"2025-12-18T19:35:44.000Z",null,null,2.5,5.5,9.5,157.5,null
"2025-12-18T19:39:44.000Z",null,null,3.5,5.5,7.75,157.5,null
"2025-12-18T19:43:47.000Z",null,null,2,3.5,5.25,135,null
"2025-12-18T19:47:47.000Z",null,null,3.5,4.5,6.25,135,null
"2025-12-18T19:51:47.000Z",null,null,3.25,4.75,7,112.5,null
"2025-12-18T19:55:52.000Z",null,null,2,5,8,135,null
"2025-12-18T19:59:52.000Z",null,null,3.25,5.5,8,112.5,null
"2025-12-18T20:03:52.000Z",null,null,3.75,5.5,8,112.5,null
"2025-12-18T20:07:55.000Z",null,null,2.75,3.75,5.25,112.5,null
"2025-12-18T20:11:55.000Z",null,null,2.75,3.75,5.25,90,null
"2025-12-18T20:15:55.000Z",null,null,3.25,4.75,6.5,112.5,null
"2025-12-18T20:20:00.000Z",null,null,2.75,4.75,7.75,112.5,null
"2025-12-18T20:24:00.000Z",null,null,3.25,5,8,112.5,null
"2025-12-18T20:28:00.000Z",null,null,2,3.5,4.75,135,null
"2025-12-18T20:32:04.000Z",null,null,1.5,4,6.5,112.5,null
"2025-12-18T20:36:04.000Z",null,null,3.25,5,7,135,null
"2025-12-18T20:40:04.000Z",null,null,3.25,5.75,10.5,112.5,null
"2025-12-18T20:44:08.000Z",null,null,1.75,4.25,8.25,135,null
"2025-12-18T20:48:08.000Z",null,null,1.5,5.75,11,112.5,null
"2025-12-18T20:52:08.000Z",null,null,2.5,5,8,135,null
"2025-12-18T20:56:12.000Z",null,null,2.75,4,7,135,null
"2025-12-18T21:00:12.000Z",null,null,2,5.5,8.25,157.5,null
"2025-12-18T21:04:12.000Z",null,null,1.5,2.5,4.25,112.5,null
"2025-12-18T21:08:16.000Z",null,null,2.75,4.75,7.25,112.5,null
"2025-12-18T21:12:16.000Z",null,null,1.5,4.25,6.5,112.5,null
"2025-12-18T21:16:16.000Z",null,null,1.5,4,8.75,112.5,null
"2025-12-18T21:20:20.000Z",null,null,2.75,5.5,8.75,135,null
"2025-12-18T21:24:20.000Z",null,null,3.75,6,8.25,135,null
"2025-12-18T21:28:20.000Z",null,null,1.5,4.5,7.25,112.5,null
"2025-12-18T21:32:24.000Z",null,null,0.75,2.25,4.25,67.5,null
"2025-12-18T21:36:24.000Z",null,null,0,1.5,4.75,67.5,null
"2025-12-18T21:40:24.000Z",null,null,0.75,2.75,4.75,112.5,null
"2025-12-18T21:44:28.000Z",null,null,3.25,4.5,7.25,112.5,null
"2025-12-18T21:48:28.000Z",null,null,1.75,3.25,5.5,112.5,null
"2025-12-18T21:52:28.000Z",null,null,0.75,2.5,5.25,112.5,null
"2025-12-18T21:56:32.000Z",null,null,1,2.5,4.5,90,null
"2025-12-18T22:00:32.000Z",null,null,3.25,4.5,6,90,null
"2025-12-18T22:04:32.000Z",null,null,2,3.5,6,90,null
"2025-12-18T22:08:36.000Z",null,null,4.25,5,7.25,90,null
"2025-12-18T22:12:36.000Z",null,null,2.75,4.25,6.5,90,null
"2025-12-18T22:16:36.000Z",null,null,1.75,3.75,6.25,90,null
"2025-12-18T22:20:40.000Z",null,null,1.75,3.75,5.5,90,null
"2025-12-18T22:24:40.000Z",null,null,2.5,3.75,6.25,112.5,null
"2025-12-18T22:28:40.000Z",null,null,3.5,5.5,7,112.5,null
"2025-12-18T22:32:44.000Z",null,null,1.75,3,4.75,90,null
"2025-12-18T22:36:44.000Z",null,null,3.25,4.5,6.25,112.5,null
"2025-12-18T22:40:44.000Z",null,null,3.25,4.75,6.25,112.5,null
"2025-12-18T22:44:48.000Z",null,null,1.75,4,5.5,112.5,null
"2025-12-18T22:48:48.000Z",null,null,2.5,4.75,8,157.5,null
"2025-12-18T22:52:48.000Z",null,null,2.75,6.25,9.5,180,null
"2025-12-18T22:56:53.000Z",null,null,4.75,8,11,157.5,null
"2025-12-18T23:00:53.000Z",null,null,4.75,8.25,11.5,157.5,null
"2025-12-18T23:04:53.000Z",null,null,3.75,7.5,12,157.5,null
"2025-12-18T23:08:56.000Z",null,null,3.75,6.5,9.75,157.5,null
"2025-12-18T23:12:56.000Z",null,null,0.25,4,7.75,135,null
"2025-12-18T23:16:56.000Z",null,null,0.25,2.5,6.25,135,null
"2025-12-18T23:21:01.000Z",null,null,2,4,7,112.5,null
"2025-12-18T23:25:01.000Z",null,null,2,3.75,5.5,90,null
"2025-12-18T23:29:01.000Z",null,null,0,1.5,4.75,112.5,null
"2025-12-18T23:33:05.000Z",null,null,0,0.75,3.25,90,null
"2025-12-18T23:37:05.000Z",null,null,0,0.5,1.75,157.5,null
"2025-12-18T23:41:05.000Z",null,null,0,0,1,90,null
"2025-12-18T23:45:09.000Z",null,null,0,1.25,2,67.5,null
"2025-12-18T23:49:09.000Z",null,null,0,1.5,2.75,135,null
"2025-12-18T23:53:09.000Z",null,null,1.75,4,6.25,157.5,null
"2025-12-18T23:57:13.000Z",null,null,2.5,4.5,5.5,135,null
"2025-12-19T00:01:13.000Z",null,null,3.25,4.25,6.25,135,null
"2025-12-19T00:05:13.000Z",null,null,3.75,5.25,6.5,112.5,null
"2025-12-19T00:09:16.000Z",null,null,3.25,4.75,6,112.5,null
"2025-12-19T00:13:16.000Z",null,null,1.5,3.5,5.5,112.5,null
"2025-12-19T00:17:16.000Z",null,null,2.5,5,10,135,null
"2025-12-19T00:21:21.000Z",null,null,1.75,4,6.25,112.5,null
"2025-12-19T00:25:21.000Z",null,null,1.75,4,6.5,135,null
"2025-12-19T00:29:21.000Z",null,null,2.75,5.25,8.25,157.5,null
"2025-12-19T00:33:25.000Z",null,null,3.25,5.25,8.75,157.5,null
"2025-12-19T00:37:25.000Z",null,null,1,4.5,7.75,157.5,null
"2025-12-19T00:41:25.000Z",null,null,1.75,5,11,135,null
"2025-12-19T00:45:29.000Z",null,null,1.75,4.75,9,135,null
"2025-12-19T00:49:29.000Z",null,null,3.5,7,11,157.5,null
"2025-12-19T00:53:29.000Z",null,null,1.5,4.5,9.5,157.5,null
"2025-12-19T00:57:33.000Z",null,null,3.25,5.75,8,135,null
"2025-12-19T01:01:33.000Z",null,null,2.75,5.75,8.75,157.5,null
"2025-12-19T01:05:33.000Z",null,null,1,5,8.75,157.5,null
"2025-12-19T01:09:37.000Z",null,null,1.5,4.5,8.25,157.5,null
"2025-12-19T01:13:37.000Z",null,null,2.5,5.25,8.75,157.5,null
"2025-12-19T01:17:37.000Z",null,null,2,3.75,6,135,null
"2025-12-19T01:21:41.000Z",null,null,1.75,4.5,9,135,null
"2025-12-19T01:25:41.000Z",null,null,2.75,5.5,10.5,135,null
"2025-12-19T01:29:41.000Z",null,null,2,5.25,8,157.5,null
"2025-12-19T01:33:45.000Z",null,null,1.75,6.25,12,157.5,null
"2025-12-19T01:37:45.000Z",null,null,1.75,5.5,9.75,157.5,null
"2025-12-19T01:41:45.000Z",null,null,4.25,8,12,157.5,null
"2025-12-19T01:45:49.000Z",null,null,4.75,9.5,14.5,157.5,null
"2025-12-19T01:49:49.000Z",null,null,2.5,6.75,13,135,null
"2025-12-19T01:53:49.000Z",null,null,4.5,7.5,9.75,157.5,null
"2025-12-19T01:57:53.000Z",null,null,4.75,6.75,8.75,157.5,null
"2025-12-19T02:01:53.000Z",null,null,4.25,6.25,9,157.5,null
"2025-12-19T02:05:53.000Z",null,null,4.25,7,9.75,180,null
"2025-12-19T02:09:57.000Z",null,null,2,5.5,9,157.5,null
"2025-12-19T02:13:57.000Z",null,null,2.75,6.5,9.75,157.5,null
"2025-12-19T02:17:57.000Z",null,null,4.5,7.5,11.5,157.5,null
"2025-12-19T02:22:02.000Z",null,null,5.25,7.25,9.75,157.5,null
"2025-12-19T02:26:02.000Z",null,null,3.75,7.75,12,180,null
"2025-12-19T02:30:02.000Z",null,null,3.5,7.25,11,180,null
"2025-12-19T02:34:06.000Z",null,null,4.25,7.25,10.5,157.5,null
"2025-12-19T02:38:06.000Z",null,null,2.75,6,9.75,112.5,null
"2025-12-19T02:42:06.000Z",null,null,3.5,6.75,12.5,112.5,null
"2025-12-19T02:46:09.000Z",null,null,4,6.5,12,135,null
"2025-12-19T02:50:09.000Z",null,null,1.75,6.5,13,135,null
"2025-12-19T02:54:09.000Z",null,null,2.5,7.5,14.5,157.5,null
"2025-12-19T02:58:14.000Z",null,null,0.75,5.25,10.5,180,null
"2025-12-19T03:02:14.000Z",null,null,1.75,5.25,8.75,180,null
"2025-12-19T03:06:14.000Z",null,null,4.5,8,12,180,null
"2025-12-19T03:10:18.000Z",null,null,3.75,8.25,12,180,null
"2025-12-19T03:14:18.000Z",null,null,2,4.75,9.75,157.5,null
"2025-12-19T03:18:18.000Z",null,null,1.75,4.5,7.25,135,null
"2025-12-19T03:22:22.000Z",null,null,3.5,5.25,9,112.5,null
"2025-12-19T03:26:22.000Z",null,null,2.5,5.75,8,157.5,null
"2025-12-19T03:30:22.000Z",null,null,1,3.25,6.25,112.5,null
"2025-12-19T03:34:25.000Z",null,null,1.75,3.5,7,135,null
"2025-12-19T03:38:25.000Z",null,null,2,3.75,6.25,112.5,null
"2025-12-19T03:42:25.000Z",null,null,2.75,4.25,7.25,112.5,null
"2025-12-19T03:46:30.000Z",null,null,3.25,5.5,8,135,null
"2025-12-19T03:50:30.000Z",null,null,2.75,5.5,7.75,135,null
"2025-12-19T03:54:30.000Z",null,null,1.75,4,6,135,null
"2025-12-19T03:58:34.000Z",null,null,0,1,2,90,null
"2025-12-19T04:02:34.000Z",null,null,0,1.5,4.5,45,null
"2025-12-19T04:06:34.000Z",null,null,0.25,2,4.75,90,null
"2025-12-19T04:10:38.000Z",null,null,0,1.5,4.75,180,null
"2025-12-19T04:14:38.000Z",null,null,1.75,3.75,6,157.5,null
"2025-12-19T04:18:38.000Z",null,null,1.5,3,5.5,135,null
"2025-12-19T04:22:42.000Z",null,null,0,2.5,4.5,112.5,null
"2025-12-19T04:26:42.000Z",null,null,2.75,4.75,6.5,135,null
"2025-12-19T04:30:42.000Z",null,null,2.75,4.25,6.5,112.5,null
"2025-12-19T04:34:46.000Z",null,null,3.25,5.5,9.5,112.5,null
"2025-12-19T04:38:46.000Z",null,null,4.5,6.75,10,112.5,null
"2025-12-19T04:42:46.000Z",null,null,3.5,7.5,12,112.5,null
"2025-12-19T04:46:50.000Z",null,null,3.75,7,12,112.5,null
"2025-12-19T04:50:50.000Z",null,null,2.5,6,9.75,90,null
"2025-12-19T04:54:50.000Z",null,null,2.75,7.25,11,112.5,null
"2025-12-19T04:58:54.000Z",null,null,5.25,9.75,18.5,90,null
"2025-12-19T05:02:54.000Z",null,null,4.5,8.75,13,90,null
"2025-12-19T05:06:54.000Z",null,null,0.25,3.5,7.25,135,null
"2025-12-19T05:10:58.000Z",null,null,2.5,4.5,7,135,null
"2025-12-19T05:14:58.000Z",null,null,1.75,5,8.75,67.5,null
"2025-12-19T05:18:58.000Z",null,null,1.75,4.75,8,67.5,null
"2025-12-19T05:23:03.000Z",null,null,0,0,1.75,90,null
"2025-12-19T05:27:03.000Z",null,null,0,1.75,4.25,180,null
"2025-12-19T05:31:03.000Z",null,null,1.75,3,4.5,135,null
"2025-12-19T05:35:07.000Z",null,null,2.75,4,4.5,112.5,null
"2025-12-19T05:39:07.000Z",null,null,2.5,4.5,6.25,112.5,null
"2025-12-19T05:43:07.000Z",null,null,3.5,4.25,6,112.5,null
"2025-12-19T05:47:10.000Z",null,null,2.5,4,6.25,112.5,null
"2025-12-19T05:51:10.000Z",null,null,3.75,5.5,7.75,112.5,null
"2025-12-19T05:55:10.000Z",null,null,4.25,5.75,8.25,90,null
"2025-12-19T05:59:15.000Z",null,null,3.5,6,8,90,null
"2025-12-19T06:03:15.000Z",null,null,2.5,6.75,10.5,90,null
"2025-12-19T06:07:15.000Z",null,null,2.5,5,7.75,90,null
"2025-12-19T06:11:19.000Z",null,null,2,5,9.5,90,null
"2025-12-19T06:15:19.000Z",null,null,1.5,4,6.5,112.5,null
"2025-12-19T06:19:19.000Z",null,null,2.5,4.25,6.5,112.5,null
"2025-12-19T06:23:23.000Z",null,null,2.75,4.5,7.75,90,null
"2025-12-19T06:27:23.000Z",null,null,0.25,2.75,6.25,90,null
"2025-12-19T06:31:23.000Z",null,null,0.75,3.25,5.25,67.5,null
"2025-12-19T06:35:26.000Z",null,null,0,4,6,135,null
"2025-12-19T06:39:26.000Z",null,null,2,4,6,112.5,null
"2025-12-19T06:43:26.000Z",null,null,3.25,5,7.25,67.5,null
"2025-12-19T06:47:31.000Z",null,null,3.75,6,8.75,90,null
"2025-12-19T06:51:31.000Z",null,null,1.5,3.75,7,90,null
"2025-12-19T06:55:31.000Z",null,null,2.5,3.75,6,112.5,null
"2025-12-19T06:59:35.000Z",null,null,1.75,3,4.75,90,null
"2025-12-19T07:03:35.000Z",null,null,1.75,3.75,6.25,112.5,null
"2025-12-19T07:07:35.000Z",null,null,2,3.75,6.25,112.5,null
"2025-12-19T07:11:39.000Z",null,null,3.25,5,6.25,90,null
"2025-12-19T07:15:39.000Z",null,null,0,2.5,5.5,90,null
"2025-12-19T07:19:39.000Z",null,null,0,0.25,2,112.5,null
"2025-12-19T07:23:43.000Z",null,null,1.5,2.25,3.5,112.5,null
"2025-12-19T07:27:43.000Z",null,null,2.75,4,4.75,90,null
"2025-12-19T07:31:43.000Z",null,null,3.5,5,6.25,67.5,null
"2025-12-19T07:35:47.000Z",null,null,1.75,4.25,8,90,null
"2025-12-19T07:39:47.000Z",null,null,1.75,4.25,6,90,null
"2025-12-19T07:43:47.000Z",null,null,2.75,4.25,6,112.5,null
"2025-12-19T07:47:51.000Z",null,null,2.75,5,7,112.5,null
"2025-12-19T07:51:51.000Z",null,null,0,2.25,4.75,135,null
"2025-12-19T07:55:51.000Z",null,null,0,1.75,3.75,157.5,null
"2025-12-19T07:59:55.000Z",null,null,0.75,3,5.25,112.5,null
"2025-12-19T08:03:55.000Z",null,null,1,2.25,6,112.5,null
"2025-12-19T08:07:55.000Z",null,null,0.25,3.75,6.5,90,null
"2025-12-19T08:11:59.000Z",null,null,2,4.25,7.25,90,null
"2025-12-19T08:15:59.000Z",null,null,2,6,11,90,null
"2025-12-19T08:19:59.000Z",null,null,4.5,7.5,12.5,90,null
"2025-12-19T08:24:03.000Z",null,null,2.75,5.5,9.5,90,null
"2025-12-19T08:28:03.000Z",null,null,2.75,5.25,9,90,null
"2025-12-19T08:32:03.000Z",null,null,0.75,3,6.25,112.5,null
"2025-12-19T08:36:07.000Z",null,null,2,4.75,8.75,112.5,null
"2025-12-19T08:40:07.000Z",null,null,0.75,2.25,3.75,112.5,null
"2025-12-19T08:44:07.000Z",null,null,1.5,4,7.25,112.5,null
"2025-12-19T08:48:11.000Z",null,null,1.75,3.5,6,90,null
"2025-12-19T08:52:11.000Z",null,null,2.5,4.5,6.25,112.5,null
"2025-12-19T08:56:11.000Z",null,null,1.75,3.5,6.25,135,null
"2025-12-19T09:00:15.000Z",null,null,1.5,4.75,7.25,112.5,null
"2025-12-19T09:04:15.000Z",null,null,4.25,6.25,10,112.5,null
"2025-12-19T09:08:15.000Z",null,null,3.5,5.25,7.75,90,null
"2025-12-19T09:12:19.000Z",null,null,3.5,5.25,7.25,90,null
"2025-12-19T09:16:19.000Z",null,null,2.5,4.5,6,112.5,null
"2025-12-19T09:20:19.000Z",null,null,2,4,6.25,112.5,null
"2025-12-19T09:24:23.000Z",null,null,1,3.75,7.25,112.5,null
"2025-12-19T09:28:23.000Z",null,null,0.75,2.75,5.25,112.5,null
"2025-12-19T09:32:23.000Z",null,null,2.5,4.25,6,90,null
"2025-12-19T09:36:28.000Z",null,null,0.75,3.75,6.25,112.5,null
"2025-12-19T09:40:28.000Z",null,null,0,2.25,4.75,112.5,null
"2025-12-19T09:44:28.000Z",null,null,0,1,7,90,null
"2025-12-19T09:48:31.000Z",null,null,0,3,6,67.5,null
"2025-12-19T09:52:31.000Z",null,null,0.75,4.25,9,90,null
"2025-12-19T09:56:31.000Z",null,null,0,2.25,6.5,67.5,null
"2025-12-19T10:00:35.000Z",null,null,0,2.75,6.25,112.5,null
"2025-12-19T10:04:35.000Z",null,null,1,3.5,8.75,112.5,null
"2025-12-19T10:08:35.000Z",null,null,0.75,3,6.25,112.5,null
"2025-12-19T10:12:39.000Z",null,null,2,6,11.5,0,null
"2025-12-19T10:16:39.000Z",null,null,6,8,10,337.5,null
"2025-12-19T10:20:39.000Z",null,null,3.5,5.25,6.5,0,null
"2025-12-19T10:24:44.000Z",null,null,4.25,5,6,337.5,null
"2025-12-19T10:28:44.000Z",null,null,3.75,4.75,5.25,337.5,null
"2025-12-19T10:32:44.000Z",null,null,2.75,4.25,5.25,0,null
"2025-12-19T10:36:48.000Z",null,null,2.5,3.25,3.75,0,null
"2025-12-19T10:40:48.000Z",null,null,2.5,3.25,3.75,0,null
"2025-12-19T10:44:48.000Z",null,null,1.75,3,4.25,0,null
"2025-12-19T10:48:51.000Z",null,null,1.75,2.75,3.25,22.5,null
"2025-12-19T10:52:51.000Z",null,null,2,2.75,3.5,22.5,null
"2025-12-19T10:56:51.000Z",null,null,1.75,2.5,3.25,22.5,null
"2025-12-19T11:00:56.000Z",null,null,2.25,3.25,4.25,22.5,null
"2025-12-19T11:04:56.000Z",null,null,1.75,2.75,3.75,22.5,null
"2025-12-19T11:08:56.000Z",null,null,0,1.75,4.5,22.5,null
"2025-12-19T11:12:59.000Z",null,null,4.5,6.75,8.75,337.5,null
"2025-12-19T11:16:59.000Z",null,null,7.75,8.5,9.5,337.5,null
"2025-12-19T11:20:59.000Z",null,null,7.25,8.5,9.5,337.5,null
"2025-12-19T11:25:04.000Z",null,null,5.5,7.75,9.5,337.5,null
"2025-12-19T11:29:04.000Z",null,null,6.25,8.75,10,337.5,null
"2025-12-19T11:33:04.000Z",null,null,6.5,8.25,9,337.5,null
"2025-12-19T11:37:08.000Z",null,null,7.25,8.5,9.5,337.5,null
"2025-12-19T11:41:08.000Z",null,null,6.25,8,9.75,337.5,null
"2025-12-19T11:45:08.000Z",null,null,6.5,8.25,9.75,337.5,null
"2025-12-19T11:49:11.000Z",null,null,7,9.25,12.5,0,null
"2025-12-19T11:53:11.000Z",null,null,10,12,13.5,0,null
"2025-12-19T11:57:11.000Z",null,null,9.75,13,15,337.5,null
"2025-12-19T12:01:15.000Z",null,null,10,12.5,14,337.5,null
"2025-12-19T12:05:15.000Z",null,null,11.5,12.5,13.5,337.5,null
"2025-12-19T12:09:15.000Z",null,null,11,12.5,14,337.5,null
"2025-12-19T12:13:20.000Z",null,null,10.5,12.5,13.5,337.5,null
"2025-12-19T12:17:20.000Z",null,null,10.5,12,13,0,null
"2025-12-19T12:21:20.000Z",null,null,11,12,14,0,null
"2025-12-19T12:25:24.000Z",null,null,11,13,14.5,337.5,null
"2025-12-19T12:29:24.000Z",null,null,8.75,13,15.5,337.5,null
"2025-12-19T12:33:24.000Z",null,null,11,13.5,15.5,337.5,null
"2025-12-19T12:37:28.000Z",null,null,11,12.5,13.5,337.5,null
"2025-12-19T12:41:28.000Z",null,null,9.75,11,12,337.5,null
"2025-12-19T12:45:28.000Z",null,null,9.5,10.5,11,337.5,null
"2025-12-19T12:49:32.000Z",null,null,8.75,9.5,10,337.5,null
"2025-12-19T12:53:32.000Z",null,null,8,9.25,10.5,337.5,null
"2025-12-19T12:57:32.000Z",null,null,9.75,10.5,11,337.5,null
"2025-12-19T13:01:36.000Z",null,null,11,11.5,12,337.5,null
"2025-12-19T13:05:36.000Z",null,null,10,11,11.5,337.5,null
"2025-12-19T13:09:36.000Z",null,null,8.25,9.75,11,337.5,null
"2025-12-19T13:13:41.000Z",null,null,8.75,10,12,337.5,null
"2025-12-19T13:17:41.000Z",null,null,8.25,10,11.5,0,null
"2025-12-19T13:21:41.000Z",null,null,7.75,9.5,11,0,null
"2025-12-19T13:25:45.000Z",null,null,11,12,13.5,337.5,null
"2025-12-19T13:29:45.000Z",null,null,12.5,13.5,14.5,337.5,null
"2025-12-19T13:33:45.000Z",null,null,12,13,13.5,337.5,null
"2025-12-19T13:37:48.000Z",null,null,11,13.5,14.5,0,null
"2025-12-19T13:41:48.000Z",null,null,11,12,13,0,null
"2025-12-19T13:45:48.000Z",null,null,10,11.5,13.5,0,null
"2025-12-19T13:50:00.000Z",null,null,11,13,15.5,0,null
"2025-12-19T13:54:00.000Z",null,null,12,13.5,15,337.5,null
"2025-12-19T13:58:00.000Z",null,null,11,12.5,14,0,null
"2025-12-19T14:02:04.000Z",null,null,11,12.5,13.5,0,null
"2025-12-19T14:06:04.000Z",null,null,12,13,14,0,null
"2025-12-19T14:10:04.000Z",null,null,11,12,13,0,null
"2025-12-19T14:14:09.000Z",null,null,11,12.5,13.5,0,null
"2025-12-19T14:18:09.000Z",null,null,9.5,11,12.5,0,null
"2025-12-19T14:22:09.000Z",null,null,9.75,11,13,0,null
"2025-12-19T14:26:12.000Z",null,null,9.75,11.5,13.5,0,null
"2025-12-19T14:30:12.000Z",null,null,8,12,14,0,null
"2025-12-19T14:34:12.000Z",null,null,9.5,11.5,14,0,null
"2025-12-19T14:38:17.000Z",null,null,6.5,9.5,11.5,0,null
"2025-12-19T14:42:17.000Z",null,null,5.5,7.75,10,22.5,null
"2025-12-19T14:46:17.000Z",null,null,5.5,6.75,8.25,22.5,null
"2025-12-19T14:50:20.000Z",null,null,4.5,5.5,7,0,null
"2025-12-19T14:54:20.000Z",null,null,4.25,5,6,0,null
"2025-12-19T14:58:20.000Z",null,null,3.5,4.5,5.25,0,null
"2025-12-19T15:02:25.000Z",null,null,3.75,5,6.25,0,null
"2025-12-19T15:06:25.000Z",null,null,4.25,5,5.5,315,null
"2025-12-19T15:10:25.000Z",null,null,3.5,4.25,5.5,315,null
"2025-12-19T15:14:29.000Z",null,null,4.5,5,6,315,null
"2025-12-19T15:18:29.000Z",null,null,4.25,4.75,5.5,337.5,null
"2025-12-19T15:22:29.000Z",null,null,3.25,4,4.75,315,null
"2025-12-19T15:26:33.000Z",null,null,1.75,3,3.75,315,null
"2025-12-19T15:30:33.000Z",null,null,0,1.75,3.25,202.5,null
"2025-12-19T15:34:33.000Z",null,null,0,0,2.5,112.5,null
"2025-12-19T15:38:37.000Z",null,null,0,0,0,45,null
"2025-12-19T15:42:37.000Z",null,null,0,0.75,2.75,135,null
"2025-12-19T15:46:37.000Z",null,null,0,0.5,2.5,135,null
"2025-12-19T15:50:41.000Z",null,null,0,0.5,2,157.5,null
"2025-12-19T15:54:41.000Z",null,null,0,1.5,3.25,157.5,null
"2025-12-19T15:58:41.000Z",null,null,0,0,0,112.5,null
"2025-12-19T16:02:45.000Z",null,null,0,2.25,4.5,135,null
"2025-12-19T16:06:45.000Z",null,null,0.25,1.75,3.5,157.5,null
"2025-12-19T16:10:45.000Z",null,null,0,1.5,4.5,157.5,null
"2025-12-19T16:14:49.000Z",null,null,1.5,2.75,4.5,135,null
"2025-12-19T16:18:49.000Z",null,null,1.75,3,3.5,90,null
"2025-12-19T16:22:49.000Z",null,null,2,2.75,3.5,112.5,null
"2025-12-19T16:26:53.000Z",null,null,0,0.75,2.75,157.5,null
"2025-12-19T16:30:53.000Z",null,null,0,0,0,135,null
"2025-12-19T16:34:53.000Z",null,null,0,0,0,157.5,null
"2025-12-19T16:38:57.000Z",null,null,0,0,0,180,null
"2025-12-19T16:42:57.000Z",null,null,0,0,0,157.5,null
"2025-12-19T16:46:57.000Z",null,null,0,0,0,135,null
"2025-12-19T16:51:01.000Z",null,null,0,0,0,112.5,null
"2025-12-19T16:55:01.000Z",null,null,0,0,0,112.5,null
"2025-12-19T16:59:01.000Z",null,null,0,0,0,112.5,null
"2025-12-19T17:03:05.000Z",null,null,0,0,0,112.5,null
"2025-12-19T17:07:05.000Z",null,null,0,0,1.5,247.5,null
"2025-12-19T17:11:05.000Z",null,null,3.25,5,5.5,247.5,null
"2025-12-19T17:15:10.000Z",null,null,0,2,5.25,247.5,null
"2025-12-19T17:19:10.000Z",null,null,0,0,0,112.5,null
"2025-12-19T17:23:10.000Z",null,null,0,0,0,90,null
"2025-12-19T17:27:14.000Z",null,null,0,1,2.5,67.5,null
"2025-12-19T17:31:14.000Z",null,null,0,0,0,90,null
"2025-12-19T17:35:14.000Z",null,null,0,0,0,90,null
"2025-12-19T17:39:18.000Z",null,null,0,0,0,90,null
"2025-12-19T17:43:18.000Z",null,null,0,0,0.25,67.5,null
"2025-12-19T17:47:18.000Z",null,null,0,0,0,90,null
"2025-12-19T17:51:21.000Z",null,null,0,0.25,1,67.5,null
"2025-12-19T17:55:21.000Z",null,null,0,0,0,67.5,null
"2025-12-19T17:59:21.000Z",null,null,0,0,0,67.5,null
"2025-12-19T18:03:25.000Z",null,null,0,0,0,45,null
"2025-12-19T18:07:25.000Z",null,null,0,0,0,45,null
"2025-12-19T18:11:25.000Z",null,null,0,0,0,22.5,null
"2025-12-19T18:15:29.000Z",null,null,0,0,0,22.5,null
"2025-12-19T18:19:29.000Z",null,null,0,0,0,45,null
"2025-12-19T18:23:29.000Z",null,null,0,0,0,157.5,null
"2025-12-19T18:27:34.000Z",null,null,0,0,0,135,null
"2025-12-19T18:31:34.000Z",null,null,0,0,0,180,null
"2025-12-19T18:35:34.000Z",null,null,0,0,0,157.5,null
"2025-12-19T18:39:37.000Z",null,null,0,0.25,2.5,180,null
"2025-12-19T18:43:37.000Z",null,null,0,1.5,3.5,157.5,null
"2025-12-19T18:47:37.000Z",null,null,0,0,0,112.5,null
"2025-12-19T18:51:42.000Z",null,null,0,0,0,90,null
"2025-12-19T18:55:42.000Z",null,null,0,1,2,67.5,null
"2025-12-19T18:59:42.000Z",null,null,0,0,0.75,45,null
"2025-12-19T19:03:46.000Z",null,null,0.25,2.25,4.25,22.5,null
"2025-12-19T19:07:46.000Z",null,null,2,5,7,22.5,null
"2025-12-19T19:11:46.000Z",null,null,4.25,6,7.25,22.5,null
"2025-12-19T19:15:50.000Z",null,null,2,4.5,5.5,22.5,null
"2025-12-19T19:19:50.000Z",null,null,0.75,3,5.25,22.5,null
"2025-12-19T19:23:50.000Z",null,null,0,1.25,2.75,90,null
"2025-12-19T19:27:54.000Z",null,null,0,0,0,90,null
"2025-12-19T19:31:54.000Z",null,null,0,0.25,2,135,null
"2025-12-19T19:35:54.000Z",null,null,0,0,2.75,202.5,null
"2025-12-19T19:39:58.000Z",null,null,0,2.75,5.25,225,null
"2025-12-19T19:43:58.000Z",null,null,0,2.25,3.5,67.5,null
"2025-12-19T19:47:58.000Z",null,null,0.25,2.5,3.75,157.5,null
"2025-12-19T19:52:02.000Z",null,null,0,2,4.25,112.5,null
"2025-12-19T19:56:02.000Z",null,null,1.75,3.75,5.25,135,null
"2025-12-19T20:00:02.000Z",null,null,0,2,3.75,112.5,null
"2025-12-19T20:04:06.000Z",null,null,0.75,3,4.75,135,null
"2025-12-19T20:08:06.000Z",null,null,0,0.5,1.75,112.5,null
"2025-12-19T20:12:06.000Z",null,null,0,0,1.5,135,null
"2025-12-19T20:16:10.000Z",null,null,0,0,0,135,null
"2025-12-19T20:20:10.000Z",null,null,0,0.25,2.75,180,null
"2025-12-19T20:24:10.000Z",null,null,0,1.75,5.5,135,null
"2025-12-19T20:28:14.000Z",null,null,0,1.75,5.5,112.5,null
"2025-12-19T20:32:14.000Z",null,null,0,1.75,6.5,135,null
"2025-12-19T20:36:14.000Z",null,null,0,1.5,6.25,67.5,null
"2025-12-19T20:40:18.000Z",null,null,0,0.75,3.5,67.5,null
"2025-12-19T20:44:18.000Z",null,null,0,0.75,2.5,337.5,null
"2025-12-19T20:48:18.000Z",null,null,0,3,13.5,90,null
"2025-12-19T20:52:22.000Z",null,null,0.75,3.25,7.5,112.5,null
"2025-12-19T20:56:22.000Z",null,null,0.25,3,5.5,90,null
"2025-12-19T21:00:22.000Z",null,null,0,1.75,10,112.5,null
"2025-12-19T21:04:26.000Z",null,null,0.75,5,9.5,135,null
"2025-12-19T21:08:26.000Z",null,null,2,5.25,9.5,112.5,null
"2025-12-19T21:12:26.000Z",null,null,0.25,4,9,135,null
"2025-12-19T21:16:31.000Z",null,null,0,3.75,12,112.5,null
"2025-12-19T21:20:31.000Z",null,null,2.5,6.75,14,112.5,null
"2025-12-19T21:24:31.000Z",null,null,3.25,7,12,112.5,null
"2025-12-19T21:28:34.000Z",null,null,3.75,8.5,16,135,null
"2025-12-19T21:32:34.000Z",null,null,4.75,8.25,13,135,null
"2025-12-19T21:36:34.000Z",null,null,3.5,6.75,9.5,135,null
"2025-12-19T21:40:38.000Z",null,null,4.75,8.75,13,135,null
"2025-12-19T21:44:38.000Z",null,null,4.5,7.5,11.5,135,null
"2025-12-19T21:48:38.000Z",null,null,5.5,9,14,135,null
"2025-12-19T21:52:42.000Z",null,null,3.25,7.75,13.5,135,null
"2025-12-19T21:56:42.000Z",null,null,2.75,5.5,10.5,112.5,null
"2025-12-19T22:00:42.000Z",null,null,1.75,6.5,11,135,null
"2025-12-19T22:04:46.000Z",null,null,1.75,5.75,11,112.5,null
"2025-12-19T22:08:46.000Z",null,null,2.5,5.75,10,135,null
"2025-12-19T22:12:46.000Z",null,null,3.25,7,16,112.5,null
"2025-12-19T22:16:51.000Z",null,null,3.25,8.75,16,90,null
"2025-12-19T22:20:51.000Z",null,null,3.5,9,15.5,90,null
"2025-12-19T22:24:51.000Z",null,null,1.75,7.5,12.5,90,null
"2025-12-19T22:28:54.000Z",null,null,2,7,13,112.5,null
"2025-12-19T22:32:54.000Z",null,null,1.75,5.75,10,90,null
"2025-12-19T22:36:54.000Z",null,null,2.5,6,10.5,90,null
"2025-12-19T22:40:58.000Z",null,null,1.75,5.25,10.5,112.5,null
"2025-12-19T22:44:58.000Z",null,null,1.75,6.5,12,112.5,null
"2025-12-19T22:48:58.000Z",null,null,4.75,7.75,12,112.5,null
"2025-12-19T22:53:02.000Z",null,null,4.75,9.25,18,112.5,null
"2025-12-19T22:57:02.000Z",null,null,4.75,9,14.5,135,null
"2025-12-19T23:01:02.000Z",null,null,2.5,8.75,16.5,112.5,null
"2025-12-19T23:05:07.000Z",null,null,4.75,10.5,17.5,135,null
"2025-12-19T23:09:07.000Z",null,null,7.25,11,16.5,157.5,null
"2025-12-19T23:13:07.000Z",null,null,7.75,10.5,14,157.5,null
"2025-12-19T23:17:11.000Z",null,null,4.75,8.75,15.5,135,null
"2025-12-19T23:21:11.000Z",null,null,2.75,7,12.5,135,null
"2025-12-19T23:25:11.000Z",null,null,4.25,9.5,14.5,157.5,null
"2025-12-19T23:29:15.000Z",null,null,0.75,5.25,9.5,135,null
"2025-12-19T23:33:15.000Z",null,null,2.75,6.75,11.5,157.5,null
"2025-12-19T23:37:15.000Z",null,null,1.75,7.5,11,157.5,null
"2025-12-19T23:41:18.000Z",null,null,5.5,11,16.5,157.5,null
"2025-12-19T23:45:18.000Z",null,null,6.5,11.5,18,157.5,null
"2025-12-19T23:49:18.000Z",null,null,6,11,16.5,157.5,null
"2025-12-19T23:53:23.000Z",null,null,3.5,9.5,15.5,135,null
"2025-12-19T23:57:23.000Z",null,null,2.5,5.75,12.5,112.5,null
"2025-12-20T00:01:23.000Z",null,null,2.75,7.25,13,112.5,null
"2025-12-20T00:05:27.000Z",null,null,4.25,7.5,12,112.5,null
"2025-12-20T00:09:27.000Z",null,null,4.5,8.75,14,90,null
"2025-12-20T00:13:27.000Z",null,null,5.5,8.75,13,90,null
"2025-12-20T00:17:31.000Z",null,null,5.5,7.5,11,90,null
"2025-12-20T00:21:31.000Z",null,null,4.75,8.75,12.5,112.5,null
"2025-12-20T00:25:31.000Z",null,null,3.25,6.25,13,112.5,null
"2025-12-20T00:29:35.000Z",null,null,2.75,5.5,9.5,112.5,null
"2025-12-20T00:33:35.000Z",null,null,2.5,6.75,12,112.5,null
"2025-12-20T00:37:35.000Z",null,null,2.5,7.25,14,135,null
"2025-12-20T00:41:40.000Z",null,null,3.75,10.5,22.5,135,null
"2025-12-20T00:45:40.000Z",null,null,2.75,10.5,17.5,112.5,null
"2025-12-20T00:49:40.000Z",null,null,8.25,13,19,157.5,null
"2025-12-20T00:53:43.000Z",null,null,4.5,8,15.5,135,null
"2025-12-20T00:57:43.000Z",null,null,2.75,7.75,12.5,135,null
"2025-12-20T01:01:43.000Z",null,null,4.75,8.75,14.5,157.5,null
"2025-12-20T01:05:47.000Z",null,null,5.25,8.5,12,157.5,null
"2025-12-20T01:09:47.000Z",null,null,6.25,9,12.5,157.5,null
"2025-12-20T01:13:47.000Z",null,null,3.25,7.75,11,157.5,null
"2025-12-20T01:17:51.000Z",null,null,3.75,7.75,12,135,null
"2025-12-20T01:21:51.000Z",null,null,5.25,9,13,157.5,null
"2025-12-20T01:25:51.000Z",null,null,2.5,8,13,135,null
"2025-12-20T01:29:55.000Z",null,null,3.75,7.75,12.5,135,null
"2025-12-20T01:33:55.000Z",null,null,4.25,7,12.5,135,null
"2025-12-20T01:37:55.000Z",null,null,2.5,7.25,11.5,135,null
"2025-12-20T01:42:00.000Z",null,null,4.75,8,11,157.5,null
"2025-12-20T01:46:00.000Z",null,null,5.5,7.5,10.5,157.5,null
"2025-12-20T01:50:00.000Z",null,null,4.75,7.75,13,157.5,null
"2025-12-20T01:54:04.000Z",null,null,3.75,7,10,135,null
"2025-12-20T01:58:04.000Z",null,null,5.5,8.5,12,157.5,null
"2025-12-20T02:02:04.000Z",null,null,6,8.25,12.5,157.5,null
"2025-12-20T02:06:07.000Z",null,null,5.5,8.75,12,157.5,null
"2025-12-20T02:10:07.000Z",null,null,5.5,9.75,14.5,157.5,null
"2025-12-20T02:14:07.000Z",null,null,4.25,8.5,15,157.5,null
"2025-12-20T02:18:12.000Z",null,null,3.25,7.25,16.5,135,null
"2025-12-20T02:22:12.000Z",null,null,1.75,6,11.5,135,null
"2025-12-20T02:26:12.000Z",null,null,3.5,6,11,112.5,null
"2025-12-20T02:30:15.000Z",null,null,1.5,5.5,9.75,112.5,null
"2025-12-20T02:34:15.000Z",null,null,0,5,12.5,112.5,null
"2025-12-20T02:38:15.000Z",null,null,3.75,8,12,112.5,null
"2025-12-20T02:42:19.000Z",null,null,3.25,7.75,12.5,112.5,null
"2025-12-20T02:46:19.000Z",null,null,3.25,8,15,112.5,null
"2025-12-20T02:50:19.000Z",null,null,6,11,17,135,null
"2025-12-20T02:54:23.000Z",null,null,3.25,8.75,15,135,null
"2025-12-20T02:58:23.000Z",null,null,3.25,8,14,135,null
"2025-12-20T03:02:23.000Z",null,null,3.25,7.5,16,157.5,null
"2025-12-20T03:06:27.000Z",null,null,4.5,7.75,12,135,null
"2025-12-20T03:10:27.000Z",null,null,4.5,9,16.5,135,null
"2025-12-20T03:14:27.000Z",null,null,7,10,16.5,135,null
"2025-12-20T03:18:31.000Z",null,null,3.25,7.5,14,135,null
"2025-12-20T03:22:31.000Z",null,null,4.75,8.5,14,135,null
"2025-12-20T03:26:31.000Z",null,null,4.5,9.5,14,157.5,null
"2025-12-20T03:30:36.000Z",null,null,4.5,7.5,11.5,157.5,null
"2025-12-20T03:34:36.000Z",null,null,3.75,6,9.75,157.5,null
"2025-12-20T03:38:36.000Z",null,null,2.5,4.25,6.25,135,null
"2025-12-20T03:42:40.000Z",null,null,2.5,3.5,5.25,112.5,null
"2025-12-20T03:46:40.000Z",null,null,2.75,3.75,5.25,135,null
"2025-12-20T03:50:40.000Z",null,null,2.5,4.25,7.25,90,null
"2025-12-20T03:54:44.000Z",null,null,3.25,5,7,112.5,null
"2025-12-20T03:58:44.000Z",null,null,1.75,4,6.5,135,null
"2025-12-20T04:02:44.000Z",null,null,1.75,6,10.5,157.5,null
"2025-12-20T04:06:48.000Z",null,null,3.25,7,12,157.5,null
"2025-12-20T04:10:48.000Z",null,null,2.75,4.25,7.75,135,null
"2025-12-20T04:14:48.000Z",null,null,3.25,5.75,9,135,null
"2025-12-20T04:18:52.000Z",null,null,1,6.25,12,157.5,null
"2025-12-20T04:22:52.000Z",null,null,3.75,7.25,12,157.5,null
"2025-12-20T04:26:52.000Z",null,null,6,9.5,13.5,157.5,null
"2025-12-20T04:30:56.000Z",null,null,6.5,11.5,17,157.5,null
"2025-12-20T04:34:56.000Z",null,null,3.75,9.5,14.5,135,null
"2025-12-20T04:38:56.000Z",null,null,4.5,10.5,16,135,null
"2025-12-20T04:43:00.000Z",null,null,3.75,9.5,15,112.5,null
"2025-12-20T04:47:00.000Z",null,null,2,8.25,15.5,135,null
"2025-12-20T04:51:00.000Z",null,null,2.5,7.5,15.5,135,null
"2025-12-20T04:55:05.000Z",null,null,3.5,7.5,13,135,null
"2025-12-20T04:59:05.000Z",null,null,4.75,8,13,135,null
"2025-12-20T05:03:05.000Z",null,null,5.25,9.75,15,157.5,null
"2025-12-20T05:07:08.000Z",null,null,5.5,9.5,14.5,135,null
"2025-12-20T05:11:08.000Z",null,null,3.75,10.5,15.5,135,null
"2025-12-20T05:15:08.000Z",null,null,5.5,9.5,14.5,157.5,null
"2025-12-20T05:19:12.000Z",null,null,7,11,17,157.5,null
"2025-12-20T05:23:12.000Z",null,null,5.25,8.75,14.5,157.5,null
"2025-12-20T05:27:12.000Z",null,null,3.25,7.75,13.5,157.5,null
"2025-12-20T05:31:16.000Z",null,null,4.25,7.75,13,135,null
"2025-12-20T05:35:16.000Z",null,null,3.75,7,9.75,135,null
"2025-12-20T05:39:16.000Z",null,null,2.75,5.75,8.75,157.5,null
"2025-12-20T05:43:21.000Z",null,null,1.75,4.75,7,157.5,null
"2025-12-20T05:47:21.000Z",null,null,1.5,3,5.5,135,null
"2025-12-20T05:51:21.000Z",null,null,0,2.5,6,157.5,null
"2025-12-20T05:55:25.000Z",null,null,1.5,3.25,4.75,135,null
"2025-12-20T05:59:25.000Z",null,null,2.75,5,8,135,null
"2025-12-20T06:03:25.000Z",null,null,2.5,5.5,7.25,157.5,null
"2025-12-20T06:07:29.000Z",null,null,4.25,7,10.5,157.5,null
"2025-12-20T06:11:29.000Z",null,null,4.25,7.5,10.5,157.5,null
"2025-12-20T06:15:29.000Z",null,null,5.25,8.5,12,157.5,null
"2025-12-20T06:19:32.000Z",null,null,3.75,6.75,9.75,135,null
"2025-12-20T06:23:32.000Z",null,null,3.5,6.5,10,135,null
"2025-12-20T06:27:32.000Z",null,null,2.75,5.25,9.5,112.5,null
"2025-12-20T06:31:36.000Z",null,null,2.5,6.75,11,135,null
"2025-12-20T06:35:36.000Z",null,null,2,6.5,10.5,112.5,null
"2025-12-20T06:39:36.000Z",null,null,1.75,6,10.5,135,null
"2025-12-20T06:43:40.000Z",null,null,5.25,8.75,12,157.5,null
"2025-12-20T06:47:40.000Z",null,null,6.25,9,13.5,157.5,null
"2025-12-20T06:51:40.000Z",null,null,5.25,8.25,11,157.5,null
"2025-12-20T06:55:45.000Z",null,null,1,7.5,13,157.5,null
"2025-12-20T06:59:45.000Z",null,null,4.5,8.5,12,157.5,null
"2025-12-20T07:03:45.000Z",null,null,3.5,8.75,13,157.5,null
"2025-12-20T07:07:49.000Z",null,null,3.25,6.25,11,112.5,null
"2025-12-20T07:11:49.000Z",null,null,2.75,6,9,112.5,null
"2025-12-20T07:15:49.000Z",null,null,3.5,6,9.75,135,null
"2025-12-20T07:19:53.000Z",null,null,4.25,6.5,10.5,135,null
"2025-12-20T07:23:53.000Z",null,null,3.75,6.75,12.5,135,null
"2025-12-20T07:27:53.000Z",null,null,4.75,7.25,12.5,135,null
"2025-12-20T07:31:57.000Z",null,null,4.25,7,9.5,135,null
"2025-12-20T07:35:57.000Z",null,null,2.75,5.25,7.75,135,null
"2025-12-20T07:39:57.000Z",null,null,2,4.25,8,135,null
"2025-12-20T07:56:05.000Z",null,null,3.25,5,8.75,135,null
"2025-12-20T08:00:05.000Z",null,null,3.25,6.25,8.75,135,null
"2025-12-20T08:04:05.000Z",null,null,2.75,6,8.25,135,null
"2025-12-20T08:08:09.000Z",null,null,2.75,6.5,10,112.5,null
"2025-12-20T08:12:09.000Z",null,null,3.5,8,13,112.5,null
"2025-12-20T08:16:09.000Z",null,null,4.25,8,12,135,null
"2025-12-20T08:20:14.000Z",null,null,6.5,9.25,12,135,null
"2025-12-20T08:24:14.000Z",null,null,5.25,10.5,15.5,157.5,null
"2025-12-20T08:28:14.000Z",null,null,7,10.5,14.5,157.5,null
"2025-12-20T08:32:17.000Z",null,null,4.5,10.5,14.5,157.5,null
"2025-12-20T08:36:17.000Z",null,null,2.75,8.25,13.5,135,null
"2025-12-20T08:40:17.000Z",null,null,3.75,8,12.5,135,null
"2025-12-20T08:44:21.000Z",null,null,3.75,8.75,12,135,null
"2025-12-20T08:48:21.000Z",null,null,4.75,8.25,12,135,null
"2025-12-20T08:52:21.000Z",null,null,8,11.5,16,157.5,null
"2025-12-20T08:56:25.000Z",null,null,5.25,9.25,14.5,135,null
"2025-12-20T09:00:25.000Z",null,null,4.75,9.25,14.5,135,null
"2025-12-20T09:04:25.000Z",null,null,4.75,10,14.5,135,null
"2025-12-20T09:08:29.000Z",null,null,6.25,10.5,15.5,157.5,null
"2025-12-20T09:12:29.000Z",null,null,7,10.5,15,157.5,null
"2025-12-20T09:16:29.000Z",null,null,5.5,10.5,16,157.5,null
"2025-12-20T09:20:34.000Z",null,null,7,11,14,157.5,null
"2025-12-20T09:24:34.000Z",null,null,5.25,10.5,14.5,180,null
"2025-12-20T09:28:34.000Z",null,null,5.25,11.5,14.5,180,null
"2025-12-20T09:32:37.000Z",null,null,2.5,9.25,12.5,180,null
"2025-12-20T09:36:37.000Z",null,null,5.5,8.25,12,157.5,null
"2025-12-20T09:40:37.000Z",null,null,5.25,8,12,157.5,null
"2025-12-20T09:44:41.000Z",null,null,5.5,8.5,12,157.5,null
"2025-12-20T09:48:41.000Z",null,null,7,10.5,14,157.5,null
"2025-12-20T09:52:41.000Z",null,null,4.25,12,16.5,180,null
"2025-12-20T09:56:46.000Z",null,null,4.25,11,16.5,157.5,null
"2025-12-20T10:00:46.000Z",null,null,4.75,12.5,19,157.5,null
"2025-12-20T10:04:46.000Z",null,null,6.25,12,21.5,157.5,null
"2025-12-20T10:08:49.000Z",null,null,5.25,10.5,15.5,157.5,null
"2025-12-20T10:12:49.000Z",null,null,3.75,10,18,157.5,null
"2025-12-20T10:16:49.000Z",null,null,4.5,9.25,15.5,157.5,null
"2025-12-20T10:20:54.000Z",null,null,3.25,7.75,12,157.5,null
"2025-12-20T10:24:54.000Z",null,null,4.25,9,14.5,180,null
"2025-12-20T10:28:54.000Z",null,null,3.25,9.5,14.5,180,null
"2025-12-20T10:32:58.000Z",null,null,3.5,9,13,180,null
"2025-12-20T10:36:58.000Z",null,null,1,9,14.5,202.5,null
"2025-12-20T10:40:58.000Z",null,null,1.75,8,12,180,null
"2025-12-20T10:45:02.000Z",null,null,4.75,9.25,12.5,180,null
"2025-12-20T10:49:02.000Z",null,null,2.5,6,10.5,180,null
"2025-12-20T10:53:02.000Z",null,null,0,1.25,3.75,180,null
"2025-12-20T10:57:06.000Z",null,null,0,0,0,180,null
"2025-12-20T11:01:06.000Z",null,null,0,1.25,3.5,202.5,null
"2025-12-20T11:05:06.000Z",null,null,4.25,11,17,202.5,null
"2025-12-20T11:09:09.000Z",null,null,11,14,16.5,225,null
"2025-12-20T11:13:09.000Z",null,null,10.5,14.5,17,225,null
"2025-12-20T11:17:09.000Z",null,null,7.75,12,17,202.5,null
"2025-12-20T11:21:14.000Z",null,null,4.25,11.5,16.5,202.5,null
"2025-12-20T11:25:14.000Z",null,null,10,12.5,14.5,202.5,null
"2025-12-20T11:29:14.000Z",null,null,10.5,13,15.5,202.5,null
"2025-12-20T11:33:18.000Z",null,null,11,14.5,17.5,202.5,null
"2025-12-20T11:37:18.000Z",null,null,4.25,10.5,14,202.5,null
"2025-12-20T11:41:18.000Z",null,null,3.5,8.5,14,180,null
"2025-12-20T11:45:22.000Z",null,null,4.25,10,15,180,null
"2025-12-20T11:49:22.000Z",null,null,7.75,12,16,180,null
"2025-12-20T11:53:22.000Z",null,null,5.5,11,14.5,180,null
"2025-12-20T11:57:26.000Z",null,null,1.75,7,11.5,202.5,null
"2025-12-20T12:01:26.000Z",null,null,3.5,8.75,11,202.5,null
"2025-12-20T12:05:26.000Z",null,null,6.25,8.75,11,180,null
"2025-12-20T12:09:30.000Z",null,null,4.5,7.25,9.5,180,null
"2025-12-20T12:13:30.000Z",null,null,3.25,6.25,8.25,180,null
"2025-12-20T12:17:30.000Z",null,null,3.5,6,8,180,null
"2025-12-20T12:21:34.000Z",null,null,4.5,7,8.25,180,null
"2025-12-20T12:25:34.000Z",null,null,2.75,7,8.75,180,null
"2025-12-20T12:29:34.000Z",null,null,4.75,7.5,8.75,180,null
"2025-12-20T12:33:38.000Z",null,null,3.75,5.5,7,180,null
"2025-12-20T12:37:38.000Z",null,null,2.75,5,7,157.5,null
"2025-12-20T12:41:38.000Z",null,null,2.5,3.5,4.5,157.5,null
"2025-12-20T12:45:42.000Z",null,null,0.75,3,6,180,null
"2025-12-20T12:49:42.000Z",null,null,3.25,5.25,8.25,202.5,null
"2025-12-20T12:53:42.000Z",null,null,1.5,5.75,8.75,180,null
"2025-12-20T12:57:46.000Z",null,null,1.75,5.75,8.25,157.5,null
"2025-12-20T13:01:46.000Z",null,null,6,7.25,8.25,180,null
"2025-12-20T13:05:46.000Z",null,null,4.5,7,9,202.5,null
"2025-12-20T13:09:51.000Z",null,null,0,4,8.75,202.5,null
"2025-12-20T13:13:51.000Z",null,null,0,4,7.75,202.5,null
"2025-12-20T13:17:51.000Z",null,null,0,3,5.5,202.5,null
"2025-12-20T13:21:54.000Z",null,null,1.5,4.25,6.5,180,null
"2025-12-20T13:25:54.000Z",null,null,1,6,9,202.5,null
"2025-12-20T13:29:54.000Z",null,null,4.25,6.5,8,225,null
"2025-12-20T13:33:58.000Z",null,null,3.5,6,7.75,202.5,null
"2025-12-20T13:37:58.000Z",null,null,2.75,5.25,6.5,225,null
"2025-12-20T13:41:58.000Z",null,null,1.5,4.75,8.25,225,null
"2025-12-20T13:46:03.000Z",null,null,0.25,2.25,4.25,202.5,null
"2025-12-20T13:50:03.000Z",null,null,2,3.75,6.5,225,null
"2025-12-20T13:54:03.000Z",null,null,2,4,6.25,225,null
"2025-12-20T13:59:54.000Z",null,null,0.75,1.75,2.75,112.5,null
"2025-12-20T14:03:54.000Z",null,null,0.75,2.25,3.5,90,null
"2025-12-20T14:07:54.000Z",null,null,0.75,2.5,4.25,45,null
"2025-12-20T14:11:59.000Z",null,null,1.5,3,3.75,22.5,null
"2025-12-20T14:15:59.000Z",null,null,2.5,3.25,3.75,0,null
"2025-12-20T14:19:59.000Z",null,null,2.75,5.5,7.75,337.5,null
"2025-12-20T14:24:02.000Z",null,null,4.25,5.75,6.5,337.5,null
"2025-12-20T14:28:02.000Z",null,null,4.25,5.25,6.25,337.5,null
"2025-12-20T14:32:02.000Z",null,null,2,3.5,5.5,0,null
"2025-12-20T14:36:07.000Z",null,null,1.75,2.5,3.5,22.5,null
"2025-12-20T14:40:07.000Z",null,null,0,1.75,3.25,0,null
"2025-12-20T14:44:07.000Z",null,null,0,0,0,67.5,null
"2025-12-20T14:48:11.000Z",null,null,0,0,0,90,null
"2025-12-20T14:52:11.000Z",null,null,0,0,0,90,null
"2025-12-20T14:56:11.000Z",null,null,0,0,0,112.5,null
"2025-12-20T15:00:15.000Z",null,null,0,1.25,3.25,157.5,null
"2025-12-20T15:04:15.000Z",null,null,1,2.5,3.5,202.5,null
"2025-12-20T15:08:15.000Z",null,null,0,1.5,4.25,180,null
"2025-12-20T15:12:19.000Z",null,null,0,3.25,7.75,202.5,null
"2025-12-20T15:16:19.000Z",null,null,0.25,3.75,7.25,180,null
"2025-12-20T15:20:19.000Z",null,null,1.5,3,4.5,202.5,null
"2025-12-20T15:24:23.000Z",null,null,2.75,5.5,8.75,180,null
"2025-12-20T15:28:23.000Z",null,null,1.5,5.5,10.5,202.5,null
"2025-12-20T15:32:23.000Z",null,null,2.75,6.5,10.5,180,null
"2025-12-20T15:36:27.000Z",null,null,1.75,4,6.5,180,null
"2025-12-20T15:40:27.000Z",null,null,1.5,3.5,6.5,157.5,null
"2025-12-20T15:44:27.000Z",null,null,0,2,4.5,135,null
"2025-12-20T15:48:31.000Z",null,null,0.25,2.75,4.5,45,null
"2025-12-20T15:52:31.000Z",null,null,1.75,3.25,4.25,22.5,null
"2025-12-20T15:56:31.000Z",null,null,0,1.5,3.5,45,null
"2025-12-20T16:00:35.000Z",null,null,0,0,0,90,null
"2025-12-20T16:04:35.000Z",null,null,0,0,0,135,null
"2025-12-20T16:08:35.000Z",null,null,0,0.75,2.75,157.5,null
"2025-12-20T16:12:39.000Z",null,null,0.25,2.25,3.5,135,null
"2025-12-20T16:16:39.000Z",null,null,0,0.25,2,112.5,null
"2025-12-20T16:20:39.000Z",null,null,1.75,2.75,4.25,67.5,null
"2025-12-20T16:24:44.000Z",null,null,0.75,2.5,4.5,67.5,null
"2025-12-20T16:28:44.000Z",null,null,1,2,3.25,90,null
"2025-12-20T16:32:44.000Z",null,null,0,1.25,3.5,135,null
"2025-12-20T16:36:47.000Z",null,null,0,0,0,135,null
"2025-12-20T16:40:47.000Z",null,null,0,0,0,135,null
"2025-12-20T16:44:47.000Z",null,null,0,0,0,112.5,null
"2025-12-20T16:48:51.000Z",null,null,0,0,0,67.5,null
"2025-12-20T16:52:51.000Z",null,null,0,0,0,45,null
"2025-12-20T16:56:51.000Z",null,null,0,0,0,22.5,null
"2025-12-20T17:00:55.000Z",null,null,0,0,0,90,null
"2025-12-20T17:04:55.000Z",null,null,0,0,0,67.5,null
"2025-12-20T17:08:55.000Z",null,null,0,0,0,67.5,null
"2025-12-20T17:12:59.000Z",null,null,0,2,3.25,225,null
"2025-12-20T17:16:59.000Z",null,null,0.75,2.5,3.75,202.5,null
"2025-12-20T17:20:59.000Z",null,null,0.25,1.75,3.25,112.5,null
"2025-12-20T17:25:04.000Z",null,null,2,3.75,6,45,null
"2025-12-20T17:29:04.000Z",null,null,0,2.25,5.5,45,null
"2025-12-20T17:33:04.000Z",null,null,0,0,0.25,67.5,null
"2025-12-20T17:37:07.000Z",null,null,0,0.75,2.5,292.5,null
"2025-12-20T17:41:07.000Z",null,null,0,0.5,2,292.5,null
"2025-12-20T17:45:07.000Z",null,null,0,0,0,315,null
"2025-12-20T17:49:12.000Z",null,null,0,1.25,3.5,202.5,null
"2025-12-20T17:53:12.000Z",null,null,0,0.5,1.75,202.5,null
"2025-12-20T17:57:12.000Z",null,null,0,0,0,202.5,null
"2025-12-20T18:01:16.000Z",null,null,0,3.25,8.75,0,null
"2025-12-20T18:05:16.000Z",null,null,4.75,6.5,8.25,0,null
"2025-12-20T18:09:16.000Z",null,null,2,4.5,7.75,0,null
"2025-12-20T18:13:19.000Z",null,null,0.25,2,3.5,22.5,null
"2025-12-20T18:17:19.000Z",null,null,0,1.25,3.25,45,null
"2025-12-20T18:21:19.000Z",null,null,1,2,2.75,135,null
"2025-12-20T18:25:24.000Z",null,null,0.75,1.75,3.25,157.5,null
"2025-12-20T18:29:24.000Z",null,null,1.75,3.75,4.75,202.5,null
"2025-12-20T18:33:24.000Z",null,null,1.5,2.75,3.75,202.5,null
"2025-12-20T18:37:28.000Z",null,null,0.25,1.5,3.25,112.5,null
"2025-12-20T18:41:28.000Z",null,null,0,1.75,4.25,90,null
"2025-12-20T18:45:28.000Z",null,null,0,1.5,3.5,45,null
"2025-12-20T18:49:32.000Z",null,null,0.75,2.25,3.5,90,null
"2025-12-20T18:53:32.000Z",null,null,0,3.75,7.25,90,null
"2025-12-20T18:57:32.000Z",null,null,1.5,5,10,90,null
"2025-12-20T19:01:36.000Z",null,null,1.75,5.75,12,90,null
"2025-12-20T19:05:36.000Z",null,null,3.75,8.25,12.5,90,null
"2025-12-20T19:09:36.000Z",null,null,2,7,13,67.5,null
"2025-12-20T19:13:39.000Z",null,null,3.5,9.75,15,90,null
"2025-12-20T19:17:39.000Z",null,null,0.25,6,14,90,null
"2025-12-20T19:21:39.000Z",null,null,0,2.5,6,67.5,null
"2025-12-20T19:25:44.000Z",null,null,0,1.75,4.25,45,null
"2025-12-20T19:29:44.000Z",null,null,0.25,2.5,4.75,45,null
"2025-12-20T19:33:44.000Z",null,null,0,0,0.75,22.5,null
"2025-12-20T19:37:48.000Z",null,null,0,0,0,202.5,null
"2025-12-20T19:41:48.000Z",null,null,0,0,0,225,null
"2025-12-20T19:45:48.000Z",null,null,0,2.5,4.75,157.5,null
"2025-12-20T19:49:52.000Z",null,null,2.5,4.5,8.25,112.5,null
"2025-12-20T19:53:52.000Z",null,null,1.5,4.25,7.25,90,null
"2025-12-20T19:57:52.000Z",null,null,1.75,3.75,6,90,null
"2025-12-20T20:01:56.000Z",null,null,0,2.5,4.75,90,null
"2025-12-20T20:05:56.000Z",null,null,0,0.5,2.75,225,null
"2025-12-20T20:09:56.000Z",null,null,1,2.25,2.75,247.5,null
"2025-12-20T20:14:00.000Z",null,null,0,0,0.5,270,null
"2025-12-20T20:18:00.000Z",null,null,0,0,0,315,null
"2025-12-20T20:22:00.000Z",null,null,0,1,4.5,180,null
"2025-12-20T20:26:04.000Z",null,null,2.75,3.5,4.25,135,null
"2025-12-20T20:30:04.000Z",null,null,0.75,2.25,3.5,135,null
"2025-12-20T20:34:04.000Z",null,null,1.5,3.5,6.5,90,null
"2025-12-20T20:38:08.000Z",null,null,0,3.5,14,45,null
"2025-12-20T20:42:08.000Z",null,null,4.75,9.75,17.5,22.5,null
"2025-12-20T20:46:08.000Z",null,null,2.75,6.5,13,45,null
"2025-12-20T20:50:13.000Z",null,null,2,4.75,8,90,null
"2025-12-20T20:54:13.000Z",null,null,2,5.5,10.5,90,null
"2025-12-20T20:58:13.000Z",null,null,4.25,7,10,180,null
"2025-12-20T21:02:16.000Z",null,null,1.75,6.75,12.5,157.5,null
"2025-12-20T21:06:16.000Z",null,null,3.25,6.25,8.75,157.5,null
"2025-12-20T21:10:16.000Z",null,null,0,4.25,8.75,157.5,null
"2025-12-20T21:14:20.000Z",null,null,0,4.5,8.75,180,null
"2025-12-20T21:18:20.000Z",null,null,3.5,8.75,15,180,null
"2025-12-20T21:22:20.000Z",null,null,2.75,8.75,14,202.5,null
"2025-12-20T21:26:25.000Z",null,null,1.75,7,14,202.5,null
"2025-12-20T21:30:25.000Z",null,null,1,7.5,11.5,180,null
"2025-12-20T21:34:25.000Z",null,null,3.25,8.25,13,202.5,null
"2025-12-20T21:38:29.000Z",null,null,5.25,10,14.5,202.5,null
"2025-12-20T21:42:29.000Z",null,null,8.25,11.5,14,202.5,null
"2025-12-20T21:46:29.000Z",null,null,2.5,8.75,16.5,202.5,null
"2025-12-20T21:50:33.000Z",null,null,2.5,7.75,12.5,180,null
"2025-12-20T21:54:33.000Z",null,null,2.5,6.25,11,157.5,null
"2025-12-20T21:58:33.000Z",null,null,3.5,6.75,10.5,180,null
"2025-12-20T22:02:36.000Z",null,null,1.5,5,9,157.5,null
"2025-12-20T22:06:36.000Z",null,null,1,5.75,11,135,null
"2025-12-20T22:10:36.000Z",null,null,1,7,11,157.5,null
"2025-12-20T22:14:41.000Z",null,null,6,10,14,157.5,null
"2025-12-20T22:18:41.000Z",null,null,6.25,9.75,13,157.5,null
"2025-12-20T22:22:41.000Z",null,null,6,9.5,12.5,157.5,null
"2025-12-20T22:26:45.000Z",null,null,6,10,15.5,157.5,null
"2025-12-20T22:30:45.000Z",null,null,3.5,8.75,16.5,157.5,null
"2025-12-20T22:34:45.000Z",null,null,2,7,10.5,157.5,null
"2025-12-20T22:38:49.000Z",null,null,3.75,6,9.5,180,null
"2025-12-20T22:42:49.000Z",null,null,3.5,6.25,8.75,135,null
"2025-12-20T22:46:49.000Z",null,null,2,3.5,6.25,112.5,null
"2025-12-20T22:50:53.000Z",null,null,1,4,7,112.5,null
"2025-12-20T22:54:53.000Z",null,null,1.5,3.25,4.75,157.5,null
"2025-12-20T22:58:53.000Z",null,null,2.75,4.75,7.75,180,null
"2025-12-20T23:02:57.000Z",null,null,3.5,6.75,9,180,null
"2025-12-20T23:06:57.000Z",null,null,6.5,8.5,12,180,null
"2025-12-20T23:10:57.000Z",null,null,4.5,7,8.75,180,null
"2025-12-20T23:15:01.000Z",null,null,4.5,7.75,11,180,null
"2025-12-20T23:19:01.000Z",null,null,6.25,9.5,13.5,180,null
"2025-12-20T23:23:01.000Z",null,null,5.5,10.5,16.5,202.5,null
"2025-12-20T23:27:05.000Z",null,null,1.75,8,14,180,null
"2025-12-20T23:31:05.000Z",null,null,5.5,8.25,11.5,157.5,null
"2025-12-20T23:35:05.000Z",null,null,7,11,17.5,157.5,null
"2025-12-20T23:39:09.000Z",null,null,6.5,11,15.5,135,null
"2025-12-20T23:43:09.000Z",null,null,2.75,7.5,14,135,null
"2025-12-20T23:47:09.000Z",null,null,2.75,8.5,16,135,null
"2025-12-20T23:51:13.000Z",null,null,0.75,6.5,15,135,null
"2025-12-20T23:55:13.000Z",null,null,0.75,4.25,9.75,135,null
"2025-12-20T23:59:13.000Z",null,null,3.25,7,9.75,135,null
"2025-12-21T00:03:17.000Z",null,null,2.5,5.25,8.25,157.5,null
"2025-12-21T00:07:17.000Z",null,null,2.75,5.75,9,135,null
"2025-12-21T00:11:17.000Z",null,null,1.5,4.75,9.5,157.5,null
"2025-12-21T00:15:21.000Z",null,null,1.75,5.75,12,180,null
"2025-12-21T00:19:21.000Z",null,null,2.75,8.25,13,180,null
"2025-12-21T00:23:21.000Z",null,null,4.5,10,14,180,null
"2025-12-21T00:27:26.000Z",null,null,6.25,9.25,12,180,null
"2025-12-21T00:31:26.000Z",null,null,4.25,9,12.5,180,null
"2025-12-21T00:35:26.000Z",null,null,3.75,7.75,11,157.5,null
"2025-12-21T00:39:29.000Z",null,null,4.5,9.25,14.5,157.5,null
"2025-12-21T00:43:29.000Z",null,null,5.25,9.75,16,112.5,null
"2025-12-21T00:47:29.000Z",null,null,4.75,8.5,15.5,135,null
"2025-12-21T00:51:33.000Z",null,null,2.75,8,18,112.5,null
"2025-12-21T00:55:33.000Z",null,null,5.25,9.5,22.5,112.5,null
"2025-12-21T00:59:33.000Z",null,null,3.25,8.75,17,112.5,null
"2025-12-21T01:03:38.000Z",null,null,2.5,10,19.5,112.5,null
"2025-12-21T01:07:38.000Z",null,null,4.75,12,20,112.5,null
"2025-12-21T01:11:38.000Z",null,null,4.25,9.75,19.5,112.5,null
"2025-12-21T01:15:41.000Z",null,null,3.25,7.5,13.5,112.5,null
"2025-12-21T01:19:41.000Z",null,null,0.75,6.5,15,112.5,null
"2025-12-21T01:23:41.000Z",null,null,5.5,10,15.5,112.5,null
"2025-12-21T01:27:46.000Z",null,null,7,10,14,112.5,null
"2025-12-21T01:31:46.000Z",null,null,4.5,9,13,112.5,null
"2025-12-21T01:35:46.000Z",null,null,3.5,7.75,16.5,135,null
"2025-12-21T01:39:50.000Z",null,null,2.5,8,19,135,null
"2025-12-21T01:43:50.000Z",null,null,4.25,9.75,19,135,null
"2025-12-21T01:47:50.000Z",null,null,1,8.75,16.5,135,null
"2025-12-21T01:51:53.000Z",null,null,2,7.5,15.5,112.5,null
"2025-12-21T01:55:53.000Z",null,null,3.25,7.25,14.5,135,null
"2025-12-21T01:59:53.000Z",null,null,1.75,6.75,15.5,135,null
"2025-12-21T02:03:58.000Z",null,null,2.75,7.25,14.5,135,null
"2025-12-21T02:07:58.000Z",null,null,1.5,5.5,8.75,157.5,null
"2025-12-21T02:11:58.000Z",null,null,1.75,5.75,14,112.5,null
"2025-12-21T02:16:02.000Z",null,null,4.75,8.5,13.5,135,null
"2025-12-21T02:20:02.000Z",null,null,2,6.25,9,135,null
"2025-12-21T02:24:02.000Z",null,null,1.5,5.5,8.75,157.5,null
"2025-12-21T02:28:06.000Z",null,null,3.25,6.25,9.5,180,null
"2025-12-21T02:32:06.000Z",null,null,3.5,7.25,12.5,135,null
"2025-12-21T02:36:06.000Z",null,null,2,5.25,11,112.5,null
"2025-12-21T02:40:10.000Z",null,null,1.5,7,13,112.5,null
"2025-12-21T02:44:10.000Z",null,null,3.75,8.75,13.5,90,null
"2025-12-21T02:48:10.000Z",null,null,3.75,8.75,14.5,90,null
"2025-12-21T02:52:14.000Z",null,null,4.25,10,15.5,90,null
"2025-12-21T02:56:14.000Z",null,null,5.25,10,15.5,90,null
"2025-12-21T03:00:14.000Z",null,null,4.75,10.5,19.5,90,null
"2025-12-21T03:04:18.000Z",null,null,3.5,8,16,112.5,null
"2025-12-21T03:08:18.000Z",null,null,1,7,19.5,112.5,null
"2025-12-21T03:12:18.000Z",null,null,5.5,12,20,90,null
"2025-12-21T03:16:21.000Z",null,null,2.5,8.75,15.5,112.5,null
"2025-12-21T03:20:21.000Z",null,null,1.75,9.25,17,90,null
"2025-12-21T03:24:21.000Z",null,null,4.25,10,20.5,90,null
"2025-12-21T03:28:26.000Z",null,null,2.5,5.25,11.5,90,null
"2025-12-21T03:32:26.000Z",null,null,1.75,7.25,11,90,null
"2025-12-21T03:36:26.000Z",null,null,2,6.5,13,90,null
"2025-12-21T03:40:30.000Z",null,null,2.75,6.5,10,90,null
"2025-12-21T03:44:30.000Z",null,null,2.5,5.25,8.75,112.5,null
"2025-12-21T03:48:30.000Z",null,null,0,5.5,11.5,90,null
"2025-12-21T03:52:35.000Z",null,null,2.5,7.5,14.5,112.5,null
"2025-12-21T03:56:35.000Z",null,null,4.5,12.5,21,90,null
"2025-12-21T04:00:35.000Z",null,null,6,11,16.5,90,null
"2025-12-21T04:04:38.000Z",null,null,3.75,7.75,15.5,90,null
"2025-12-21T04:08:38.000Z",null,null,5.25,9.75,15.5,90,null
"2025-12-21T04:12:38.000Z",null,null,5.5,10.5,16.5,90,null
"2025-12-21T04:16:42.000Z",null,null,6.5,10.5,14.5,90,null
"2025-12-21T04:20:42.000Z",null,null,2,7,10,90,null
"2025-12-21T04:24:42.000Z",null,null,1.75,7,17,90,null
"2025-12-21T04:28:46.000Z",null,null,6.25,11,18,90,null
"2025-12-21T04:32:46.000Z",null,null,7,13,20,90,null
"2025-12-21T04:36:46.000Z",null,null,5.25,14,21,90,null
"2025-12-21T04:40:50.000Z",null,null,8,13,21.5,90,null
"2025-12-21T04:44:50.000Z",null,null,7,14.5,20.5,90,null
"2025-12-21T04:48:50.000Z",null,null,6.25,15,23,90,null
"2025-12-21T04:52:55.000Z",null,null,10,17,22.5,90,null
"2025-12-21T04:56:55.000Z",null,null,8.75,14.5,21,90,null
"2025-12-21T05:00:55.000Z",null,null,6.5,14,21.5,90,null
"2025-12-21T05:04:59.000Z",null,null,7.25,13.5,20.5,90,null
"2025-12-21T05:08:59.000Z",null,null,7.75,13.5,18,90,null
"2025-12-21T05:12:59.000Z",null,null,7,13.5,19,67.5,null
"2025-12-21T05:17:02.000Z",null,null,4.75,12,18,90,null
"2025-12-21T05:21:02.000Z",null,null,1,8.25,16.5,67.5,null
"2025-12-21T05:25:02.000Z",null,null,0,4.75,11,90,null
"2025-12-21T05:29:07.000Z",null,null,2.5,7,18,90,null
"2025-12-21T05:33:07.000Z",null,null,5.25,11,16.5,90,null
"2025-12-21T05:37:07.000Z",null,null,6,12.5,22.5,90,null
"2025-12-21T05:41:10.000Z",null,null,6.5,13,21.5,90,null
"2025-12-21T05:45:10.000Z",null,null,3.5,11,18,90,null
"2025-12-21T05:49:10.000Z",null,null,6,10.5,18.5,90,null
"2025-12-21T05:53:15.000Z",null,null,7.75,13.5,23.5,90,null
"2025-12-21T05:57:15.000Z",null,null,8.75,14,22,90,null
"2025-12-21T06:01:15.000Z",null,null,7.25,12.5,17.5,90,null
"2025-12-21T06:05:19.000Z",null,null,6,11,16.5,90,null
"2025-12-21T06:09:19.000Z",null,null,2.75,6.5,11,112.5,null
"2025-12-21T06:13:19.000Z",null,null,0,2,4.75,180,null
"2025-12-21T06:17:22.000Z",null,null,0,3.75,6.5,202.5,null
"2025-12-21T06:21:22.000Z",null,null,0,5,10.5,202.5,null
"2025-12-21T06:25:22.000Z",null,null,0,4.25,7,202.5,null
"2025-12-21T06:29:27.000Z",null,null,2.5,5.25,8.75,225,null
"2025-12-21T06:33:27.000Z",null,null,0.75,4,8,202.5,null
"2025-12-21T06:37:27.000Z",null,null,1,4,8.25,180,null
"2025-12-21T06:41:31.000Z",null,null,1,4.75,9.5,157.5,null
"2025-12-21T06:45:31.000Z",null,null,0.25,3.5,7.25,135,null
"2025-12-21T06:49:31.000Z",null,null,1.5,5.5,18,112.5,null
"2025-12-21T06:53:35.000Z",null,null,2.5,6.25,11.5,90,null
"2025-12-21T06:57:35.000Z",null,null,1.5,4.25,9,112.5,null
"2025-12-21T07:01:35.000Z",null,null,0.25,2.5,4.75,90,null
"2025-12-21T07:05:39.000Z",null,null,1,3.25,6.25,90,null
"2025-12-21T07:09:39.000Z",null,null,2.5,4.5,8,135,null
"2025-12-21T07:13:39.000Z",null,null,0,2,4.75,67.5,null
"2025-12-21T07:17:43.000Z",null,null,2,4.75,8.75,112.5,null
"2025-12-21T07:21:43.000Z",null,null,2.75,7.25,11.5,112.5,null
"2025-12-21T07:25:43.000Z",null,null,2.5,6,9.5,90,null
"2025-12-21T07:29:47.000Z",null,null,0,1.5,8.25,112.5,null
"2025-12-21T07:33:47.000Z",null,null,0,3.75,7.75,135,null
"2025-12-21T07:37:47.000Z",null,null,2,6,11,112.5,null
"2025-12-21T07:41:51.000Z",null,null,0.75,4.25,10,90,null
"2025-12-21T07:45:51.000Z",null,null,2.5,6.5,14.5,67.5,null
"2025-12-21T07:49:51.000Z",null,null,0,2.75,8.25,67.5,null
"2025-12-21T07:53:55.000Z",null,null,0.25,3.5,6.5,90,null
"2025-12-21T07:57:55.000Z",null,null,0.75,4,7,157.5,null
"2025-12-21T08:01:55.000Z",null,null,1,7,11,90,null
"2025-12-21T08:05:59.000Z",null,null,3.75,8.75,14.5,90,null
"2025-12-21T08:09:59.000Z",null,null,3.5,8.25,15,90,null
"2025-12-21T08:13:59.000Z",null,null,1.75,5.25,10,90,null
"2025-12-21T08:18:03.000Z",null,null,3.75,8.5,13,67.5,null
"2025-12-21T08:22:03.000Z",null,null,4.25,11.5,18.5,90,null
"2025-12-21T08:26:03.000Z",null,null,7,11.5,18,90,null
"2025-12-21T08:30:08.000Z",null,null,7.75,12.5,17.5,90,null
"2025-12-21T08:34:08.000Z",null,null,6.25,10.5,17.5,90,null
"2025-12-21T08:38:08.000Z",null,null,6,12,17.5,90,null
"2025-12-21T08:42:11.000Z",null,null,4.75,10.5,15.5,67.5,null
"2025-12-21T08:46:11.000Z",null,null,3.5,9.75,15.5,90,null
"2025-12-21T08:50:11.000Z",null,null,8,12.5,17.5,90,null
"2025-12-21T08:54:16.000Z",null,null,6.25,11,17.5,67.5,null
"2025-12-21T08:58:16.000Z",null,null,5.5,11,16,90,null
"2025-12-21T09:02:16.000Z",null,null,6.25,11.5,18,90,null
"2025-12-21T09:06:20.000Z",null,null,4.5,11,18,90,null
"2025-12-21T09:10:20.000Z",null,null,5.5,12,18,90,null
"2025-12-21T09:14:20.000Z",null,null,5.25,12,17.5,90,null
"2025-12-21T09:18:24.000Z",null,null,4.5,9.5,15.5,67.5,null
"2025-12-21T09:22:24.000Z",null,null,3.5,9,14,90,null
"2025-12-21T09:26:24.000Z",null,null,5.5,10.5,14.5,90,null
"2025-12-21T09:30:28.000Z",null,null,4.75,9.5,17.5,90,null
"2025-12-21T09:34:28.000Z",null,null,4.75,10,16.5,90,null
"2025-12-21T09:38:28.000Z",null,null,2.5,9.25,15.5,90,null
"2025-12-21T09:42:31.000Z",null,null,6.25,11,17,90,null
"2025-12-21T09:46:31.000Z",null,null,6.25,10.5,17.5,90,null
"2025-12-21T09:50:31.000Z",null,null,6.5,12,19,90,null
"2025-12-21T09:54:36.000Z",null,null,6,11.5,19.5,90,null
"2025-12-21T09:58:36.000Z",null,null,4.75,11,19,90,null
"2025-12-21T10:02:36.000Z",null,null,3.25,10,15,90,null
"2025-12-21T10:06:39.000Z",null,null,6.5,11.5,18,90,null
"2025-12-21T10:10:39.000Z",null,null,4.5,9,15.5,90,null
"2025-12-21T10:14:39.000Z",null,null,4.25,7.5,12,90,null
"2025-12-21T10:18:44.000Z",null,null,4.5,9.5,18,112.5,null
"2025-12-21T10:22:44.000Z",null,null,2.75,9.5,18,90,null
"2025-12-21T10:26:44.000Z",null,null,6,11,15.5,90,null
"2025-12-21T10:30:48.000Z",null,null,5.25,9,13.5,90,null
"2025-12-21T10:34:48.000Z",null,null,2.75,8.25,12.5,90,null
"2025-12-21T10:38:48.000Z",null,null,2.75,6.75,12,90,null
"2025-12-21T10:42:52.000Z",null,null,3.5,9.25,14.5,112.5,null
"2025-12-21T10:46:52.000Z",null,null,4.5,8.5,12,90,null
"2025-12-21T10:50:52.000Z",null,null,3.5,7,11,90,null
"2025-12-21T10:54:56.000Z",null,null,3.75,9,16,90,null
"2025-12-21T10:58:56.000Z",null,null,2.75,6.75,12.5,112.5,null
"2025-12-21T11:02:56.000Z",null,null,2,8,15,90,null
"2025-12-21T11:07:00.000Z",null,null,1.5,4.25,12,135,null
"2025-12-21T11:11:00.000Z",null,null,0.75,4.5,11,135,null
"2025-12-21T11:15:00.000Z",null,null,3.75,7.75,14.5,90,null
"2025-12-21T11:19:04.000Z",null,null,2.75,7.5,12,90,null
"2025-12-21T11:23:04.000Z",null,null,1,5.5,10,90,null
"2025-12-21T11:27:04.000Z",null,null,0.75,4,8.75,90,null
"2025-12-21T11:31:08.000Z",null,null,1.75,5.25,8.75,112.5,null
"2025-12-21T11:35:08.000Z",null,null,0.75,4.75,13,90,null
"2025-12-21T11:39:08.000Z",null,null,3.5,9,14,90,null
"2025-12-21T11:43:13.000Z",null,null,0.75,5,11,90,null
"2025-12-21T11:47:13.000Z",null,null,0,3.25,10,67.5,null
"2025-12-21T11:51:13.000Z",null,null,0,5,13,22.5,null
"2025-12-21T11:55:16.000Z",null,null,0,4.5,11,22.5,null
"2025-12-21T11:59:16.000Z",null,null,2,5.5,10.5,135,null
"2025-12-21T12:03:16.000Z",null,null,0,2.5,7,90,null
"2025-12-21T12:07:20.000Z",null,null,1.5,4.5,10.5,90,null
"2025-12-21T12:11:20.000Z",null,null,1.5,6.5,15,112.5,null
"2025-12-21T12:15:20.000Z",null,null,1,4,7.25,135,null
"2025-12-21T12:19:25.000Z",null,null,3.25,7.25,11.5,112.5,null
"2025-12-21T12:23:25.000Z",null,null,2.5,5.75,10.5,112.5,null
"2025-12-21T12:27:25.000Z",null,null,1,2.75,6.25,112.5,null
"2025-12-21T12:31:29.000Z",null,null,0,3.75,8.75,112.5,null
"2025-12-21T12:35:29.000Z",null,null,3.25,6.5,11,112.5,null
"2025-12-21T12:39:29.000Z",null,null,1.5,5.5,10.5,135,null
"2025-12-21T12:43:32.000Z",null,null,0,2.75,5.5,90,null
"2025-12-21T12:47:32.000Z",null,null,0.75,5.75,12.5,67.5,null
"2025-12-21T12:51:32.000Z",null,null,2,6.75,12,67.5,null
"2025-12-21T12:55:36.000Z",null,null,1,6.25,11,67.5,null
"2025-12-21T12:59:36.000Z",null,null,0.25,3.25,4.75,67.5,null
"2025-12-21T13:03:36.000Z",null,null,0.25,3.75,11,112.5,null
"2025-12-21T13:07:40.000Z",null,null,0.75,4.25,8.25,135,null
"2025-12-21T13:11:40.000Z",null,null,0.75,6.75,12.5,90,null
"2025-12-21T13:15:40.000Z",null,null,1,6.25,11.5,90,null
"2025-12-21T13:19:45.000Z",null,null,0,3.75,7.75,135,null
"2025-12-21T13:23:45.000Z",null,null,2,8,13.5,112.5,null
"2025-12-21T13:27:45.000Z",null,null,2,7.75,13.5,90,null
"2025-12-21T13:31:49.000Z",null,null,1.5,7,12.5,90,null
"2025-12-21T13:35:49.000Z",null,null,4.25,7.5,12,67.5,null
"2025-12-21T13:39:49.000Z",null,null,0,3.5,7.75,67.5,null
"2025-12-21T13:43:53.000Z",null,null,1.75,4.5,9.75,67.5,null
"2025-12-21T13:47:53.000Z",null,null,0.75,5.5,16,67.5,null
"2025-12-21T13:51:53.000Z",null,null,0.25,7.75,16,45,null
"2025-12-21T14:04:52.000Z",null,null,1.5,8.25,16.5,90,null
"2025-12-21T14:08:52.000Z",null,null,3.5,9.5,18,67.5,null
"2025-12-21T14:12:52.000Z",null,null,1.75,9,19,90,null
"2025-12-21T14:16:56.000Z",null,null,1,6.5,12,90,null
"2025-12-21T14:20:56.000Z",null,null,3.5,8.5,18,90,null
"2025-12-21T14:24:56.000Z",null,null,2,11,17.5,90,null
"2025-12-21T14:29:00.000Z",null,null,3.25,9.25,16.5,90,null
"2025-12-21T14:33:00.000Z",null,null,3.75,9,16,67.5,null
"2025-12-21T14:37:00.000Z",null,null,2.5,7.75,15,67.5,null
"2025-12-21T14:41:05.000Z",null,null,3.5,10,15.5,45,null
"2025-12-21T14:45:05.000Z",null,null,1.5,7.25,14,45,null
"2025-12-21T14:49:05.000Z",null,null,5.5,11.5,21.5,67.5,null
"2025-12-21T14:54:54.000Z",null,null,0,5.75,13,67.5,null
"2025-12-21T14:58:54.000Z",null,null,0.75,5.75,11.5,67.5,null
"2025-12-21T15:02:54.000Z",null,null,3.75,9.25,19.5,67.5,null
"2025-12-21T15:06:58.000Z",null,null,2,11,22.5,67.5,null
"2025-12-21T15:10:58.000Z",null,null,6,10.5,18,45,null
"2025-12-21T15:14:58.000Z",null,null,2,7.25,18,67.5,null
"2025-12-21T15:19:02.000Z",null,null,6,13,21,67.5,null
"2025-12-21T15:23:02.000Z",null,null,2.75,10,23.5,45,null
"2025-12-21T15:27:02.000Z",null,null,5.5,11,22.5,67.5,null
"2025-12-21T15:31:06.000Z",null,null,4.5,11,18,67.5,null
"2025-12-21T15:35:06.000Z",null,null,5.5,10.5,18,67.5,null
"2025-12-21T15:39:06.000Z",null,null,3.25,7,13,67.5,null
"2025-12-21T15:43:10.000Z",null,null,2.5,6.25,16,67.5,null
"2025-12-21T15:47:10.000Z",null,null,4.75,10.5,18,67.5,null
"2025-12-21T15:51:10.000Z",null,null,0.75,6.75,13.5,45,null
"2025-12-21T15:55:14.000Z",null,null,2,10,22.5,45,null
"2025-12-21T15:59:14.000Z",null,null,3.25,7.5,15.5,45,null
"2025-12-21T16:03:14.000Z",null,null,3.25,12.5,27,22.5,null
"2025-12-21T16:07:18.000Z",null,null,3.5,12,24.5,67.5,null
"2025-12-21T16:11:18.000Z",null,null,1.75,8.25,17.5,67.5,null
"2025-12-21T16:15:18.000Z",null,null,0.75,7,12,67.5,null
"2025-12-21T16:19:22.000Z",null,null,3.75,11.5,20,45,null
"2025-12-21T16:23:22.000Z",null,null,1.75,6.25,15,45,null
"2025-12-21T16:27:22.000Z",null,null,2.5,8.25,16.5,67.5,null
"2025-12-21T16:31:27.000Z",null,null,1.5,6,12.5,67.5,null
"2025-12-21T16:35:27.000Z",null,null,3.5,10,17.5,67.5,null
"2025-12-21T16:39:27.000Z",null,null,5.5,11.5,19,22.5,null
"2025-12-21T16:43:31.000Z",null,null,3.75,8.75,17,45,null
"2025-12-21T16:47:31.000Z",null,null,1.75,7.5,15.5,90,null
"2025-12-21T16:51:31.000Z",null,null,0.75,9.25,20,90,null
"2025-12-21T16:55:34.000Z",null,null,5.5,10,16.5,67.5,null
"2025-12-21T16:59:34.000Z",null,null,3.25,9,15,67.5,null
"2025-12-21T17:03:34.000Z",null,null,3.25,7.5,14,67.5,null
"2025-12-21T17:07:39.000Z",null,null,3.75,9.75,19,45,null
"2025-12-21T17:11:39.000Z",null,null,3.5,7.25,11.5,67.5,null
"2025-12-21T17:15:39.000Z",null,null,3.25,8.75,16.5,45,null
"2025-12-21T17:19:43.000Z",null,null,3.5,7.75,15.5,67.5,null
"2025-12-21T17:23:43.000Z",null,null,1.5,8.25,20.5,45,null
"2025-12-21T17:27:43.000Z",null,null,1,6.75,14.5,45,null
"2025-12-21T17:31:47.000Z",null,null,3.5,9.25,16.5,67.5,null
"2025-12-21T17:35:47.000Z",null,null,2.5,8.5,13,67.5,null
"2025-12-21T17:39:47.000Z",null,null,3.5,10,20,90,null
"2025-12-21T17:43:51.000Z",null,null,3.75,8.75,14.5,67.5,null
"2025-12-21T17:47:51.000Z",null,null,2,6.5,12.5,67.5,null
"2025-12-21T17:51:51.000Z",null,null,1,6,12,67.5,null
"2025-12-21T17:55:55.000Z",null,null,3.25,8.25,18.5,90,null
"2025-12-21T17:59:55.000Z",null,null,1.5,8.5,17,67.5,null
"2025-12-21T18:03:55.000Z",null,null,3.75,8.75,14.5,90,null
"2025-12-21T18:07:59.000Z",null,null,1.5,7.25,14.5,67.5,null
"2025-12-21T18:11:59.000Z",null,null,3.5,10,20.5,90,null
"2025-12-21T18:15:59.000Z",null,null,2.75,8,17,90,null
"2025-12-21T18:20:04.000Z",null,null,1,6.5,15,90,null
"2025-12-21T18:24:04.000Z",null,null,3.5,8.75,19,90,null
"2025-12-21T18:28:04.000Z",null,null,4.25,10.5,20,90,null
"2025-12-21T18:32:07.000Z",null,null,2.75,13.5,20,90,null
"2025-12-21T18:36:07.000Z",null,null,3.75,10,17.5,67.5,null
"2025-12-21T18:40:07.000Z",null,null,4.5,11.5,19,67.5,null
"2025-12-21T18:44:12.000Z",null,null,4.25,10.5,24.5,67.5,null
"2025-12-21T18:48:12.000Z",null,null,1.75,8.25,14.5,67.5,null
"2025-12-21T18:52:12.000Z",null,null,2.75,5.75,13,135,null
"2025-12-21T18:56:15.000Z",null,null,0.25,4.75,12.5,135,null
"2025-12-21T19:00:15.000Z",null,null,0.75,4.5,7.75,157.5,null
"2025-12-21T19:04:15.000Z",null,null,0.25,5,12,112.5,null
"2025-12-21T19:08:19.000Z",null,null,2.25,6.5,12,135,null
"2025-12-21T19:12:19.000Z",null,null,3.5,6.75,14.5,135,null
"2025-12-21T19:16:19.000Z",null,null,0,4.75,11,112.5,null
"2025-12-21T19:20:24.000Z",null,null,1,5.5,13,112.5,null
"2025-12-21T19:24:24.000Z",null,null,0,4,9,112.5,null
"2025-12-21T19:28:24.000Z",null,null,0,5.75,12,112.5,null
"2025-12-21T19:32:28.000Z",null,null,0.25,5.75,14,90,null
"2025-12-21T19:36:28.000Z",null,null,3.5,8,14.5,67.5,null
"2025-12-21T19:40:28.000Z",null,null,3.25,9.75,21,90,null
"2025-12-21T19:44:32.000Z",null,null,2.75,9.25,18,90,null
"2025-12-21T19:48:32.000Z",null,null,2.5,7.75,15,90,null
"2025-12-21T19:52:32.000Z",null,null,1,6.25,16,67.5,null
"2025-12-21T19:56:36.000Z",null,null,2,7.75,15.5,67.5,null
"2025-12-21T20:00:36.000Z",null,null,0,5.5,13,90,null
"2025-12-21T20:04:36.000Z",null,null,1.75,8.5,17,67.5,null
"2025-12-21T20:08:39.000Z",null,null,0.25,7.75,16.5,90,null
"2025-12-21T20:12:39.000Z",null,null,0.25,7.25,14,90,null
"2025-12-21T20:16:39.000Z",null,null,4.25,8.75,17.5,67.5,null
"2025-12-21T20:20:44.000Z",null,null,2,7.25,14,90,null
"2025-12-21T20:24:44.000Z",null,null,0.75,6.75,12.5,90,null
"2025-12-21T20:28:44.000Z",null,null,0.75,4,9,90,null
"2025-12-21T20:32:47.000Z",null,null,1.75,5.25,8.75,112.5,null
"2025-12-21T20:36:47.000Z",null,null,0,3.75,8,22.5,null
"2025-12-21T20:40:47.000Z",null,null,0,1.5,4.25,90,null
"2025-12-21T20:44:52.000Z",null,null,3.25,4.5,6.5,90,null
"2025-12-21T20:48:52.000Z",null,null,0,2.5,4.75,112.5,null
"2025-12-21T20:52:52.000Z",null,null,0,0.75,3.25,135,null
"2025-12-21T20:56:56.000Z",null,null,1.5,2.75,4.5,112.5,null
"2025-12-21T21:00:56.000Z",null,null,2,3,4.5,112.5,null
"2025-12-21T21:04:56.000Z",null,null,3.25,5,6.5,90,null
"2025-12-21T21:09:00.000Z",null,null,3.75,6.25,9.5,90,null
"2025-12-21T21:13:00.000Z",null,null,2.75,5.75,9.75,67.5,null
"2025-12-21T21:17:00.000Z",null,null,3.25,5.75,8.25,90,null
"2025-12-21T21:21:04.000Z",null,null,1.75,6.25,8,90,null
"2025-12-21T21:25:04.000Z",null,null,1.5,6.5,11,90,null
"2025-12-21T21:29:04.000Z",null,null,2.5,8,12,90,null
"2025-12-21T21:33:08.000Z",null,null,2,5.75,8.75,90,null
"2025-12-21T21:37:08.000Z",null,null,3.25,5.25,7.75,90,null
"2025-12-21T21:41:08.000Z",null,null,2.5,4.75,8,67.5,null
"2025-12-21T21:45:12.000Z",null,null,0,3,6.25,67.5,null
"2025-12-21T21:49:12.000Z",null,null,0.25,3,5.5,67.5,null
"2025-12-21T21:53:12.000Z",null,null,0,2.25,3.75,90,null
"2025-12-21T21:57:16.000Z",null,null,0,4.75,8,67.5,null
"2025-12-21T22:01:16.000Z",null,null,1.5,4.75,8,90,null
"2025-12-21T22:05:16.000Z",null,null,1,2.75,4.5,90,null
"2025-12-21T22:09:20.000Z",null,null,0,1.75,4,90,null
"2025-12-21T22:13:20.000Z",null,null,2.5,4,5.5,112.5,null
"2025-12-21T22:17:20.000Z",null,null,2,4.75,8,90,null
"2025-12-21T22:21:24.000Z",null,null,3.75,6.25,9,90,null
"2025-12-21T22:25:24.000Z",null,null,2.5,4.25,6.5,90,null
"2025-12-21T22:29:24.000Z",null,null,2.5,3.5,4.5,90,null
"2025-12-21T22:33:28.000Z",null,null,1,2,3.75,112.5,null
"2025-12-21T22:37:28.000Z",null,null,2.5,4.25,6.25,90,null
"2025-12-21T22:41:28.000Z",null,null,2,3.5,5.5,90,null
"2025-12-21T22:45:32.000Z",null,null,2,4.25,7,67.5,null
"2025-12-21T22:49:32.000Z",null,null,3.25,4.25,6.25,45,null
"2025-12-21T22:53:32.000Z",null,null,0.25,3.25,5.5,22.5,null
"2025-12-21T22:57:37.000Z",null,null,1.75,3.75,4.75,112.5,null
"2025-12-21T23:01:37.000Z",null,null,0,2.75,6,67.5,null
"2025-12-21T23:05:37.000Z",null,null,1.5,4.5,7.25,67.5,null
"2025-12-21T23:09:41.000Z",null,null,2,3.25,4.5,112.5,null
"2025-12-21T23:13:41.000Z",null,null,1,2,3.75,90,null
"2025-12-21T23:17:41.000Z",null,null,0,0,1.5,90,null
"2025-12-21T23:21:44.000Z",null,null,1.75,3.5,4.5,135,null
"2025-12-21T23:25:44.000Z",null,null,1.75,3.75,5.5,90,null
"2025-12-21T23:29:44.000Z",null,null,1.5,2.25,3.5,112.5,null
"2025-12-21T23:33:48.000Z",null,null,2,4.25,8,112.5,null
"2025-12-21T23:37:48.000Z",null,null,3.5,5.5,8.75,90,null
"2025-12-21T23:41:48.000Z",null,null,2,4.5,7,90,null
"2025-12-21T23:45:52.000Z",null,null,0,1.25,4.25,67.5,null
"2025-12-21T23:49:52.000Z",null,null,0,1.25,2,67.5,null
"2025-12-21T23:53:52.000Z",null,null,0,0.25,1.75,90,null
"2025-12-21T23:57:57.000Z",null,null,0,0.25,2,135,null
"2025-12-22T00:01:57.000Z",null,null,0,0.75,2,90,null
"2025-12-22T00:05:57.000Z",null,null,1.5,2.75,3.75,45,null
"2025-12-22T00:10:01.000Z",null,null,0.25,1.75,3.25,90,null
"2025-12-22T00:14:01.000Z",null,null,2,3.25,4.75,112.5,null
"2025-12-22T00:18:01.000Z",null,null,0,0.5,3.5,112.5,null
"2025-12-22T00:22:04.000Z",null,null,0,0,0.75,135,null
"2025-12-22T00:26:04.000Z",null,null,1,2.25,3.5,112.5,null
"2025-12-22T00:30:04.000Z",null,null,0.25,1.5,2.75,180,null
"2025-12-22T00:34:09.000Z",null,null,0.25,2,3.25,157.5,null
"2025-12-22T00:38:09.000Z",null,null,0.25,2,3.25,135,null
"2025-12-22T00:42:09.000Z",null,null,0.75,2.75,6.25,45,null
"2025-12-22T00:46:13.000Z",null,null,0,0.25,2,45,null
"2025-12-22T00:50:13.000Z",null,null,0,3.5,5.5,247.5,null
"2025-12-22T00:54:13.000Z",null,null,0.25,3.25,4.75,157.5,null
"2025-12-22T00:58:17.000Z",null,null,1,2.5,3.75,135,null
"2025-12-22T01:02:17.000Z",null,null,1,3.25,4.5,135,null
"2025-12-22T01:06:17.000Z",null,null,1.75,3,4.25,112.5,null
"2025-12-22T01:10:21.000Z",null,null,1.75,3,3.75,67.5,null
"2025-12-22T01:14:21.000Z",null,null,0,0.5,2.75,45,null
"2025-12-22T01:18:21.000Z",null,null,0,1,4.5,45,null
"2025-12-22T01:22:25.000Z",null,null,3.25,5.75,7.25,0,null
"2025-12-22T01:26:25.000Z",null,null,7,8,9.5,0,null
"2025-12-22T01:30:25.000Z",null,null,4.75,6.25,8,315,null
"2025-12-22T01:34:29.000Z",null,null,2.5,5.25,7,292.5,null
"2025-12-22T01:38:29.000Z",null,null,0,0.5,2.75,315,null
"2025-12-22T01:42:29.000Z",null,null,0,0.75,1.75,90,null
"2025-12-22T01:46:33.000Z",null,null,0,1,1.75,90,null
"2025-12-22T01:50:33.000Z",null,null,0,0,0,112.5,null
"2025-12-22T01:54:33.000Z",null,null,0,0.5,3.25,135,null
"2025-12-22T01:58:38.000Z",null,null,2,3,4.5,157.5,null
"2025-12-22T02:02:38.000Z",null,null,2.5,4.25,6.5,180,null
"2025-12-22T02:06:38.000Z",null,null,2,4,6.5,135,null
"2025-12-22T02:10:41.000Z",null,null,1.75,2.75,3.5,90,null
"2025-12-22T02:14:41.000Z",null,null,1,3.25,4.5,67.5,null
"2025-12-22T02:18:41.000Z",null,null,0,0.5,2.5,67.5,null
"2025-12-22T02:22:45.000Z",null,null,0,0,0,90,null
"2025-12-22T02:26:45.000Z",null,null,0,0.75,2.75,90,null
"2025-12-22T02:30:45.000Z",null,null,1,2.5,3.5,67.5,null
"2025-12-22T02:34:49.000Z",null,null,0,0,1.25,45,null
"2025-12-22T02:38:49.000Z",null,null,0,1.5,2.75,0,null
"2025-12-22T02:42:49.000Z",null,null,0.25,1.75,2.75,45,null
"2025-12-22T02:46:53.000Z",null,null,0.75,1.5,2,45,null
"2025-12-22T02:50:53.000Z",null,null,0.75,1.75,2.75,90,null
"2025-12-22T02:54:53.000Z",null,null,0.25,1.75,3.5,90,null
"2025-12-22T02:58:57.000Z",null,null,0,2.5,3.75,90,null
"2025-12-22T03:02:57.000Z",null,null,0,0.25,2,90,null
"2025-12-22T03:06:57.000Z",null,null,0,1,2.5,90,null
"2025-12-22T03:11:02.000Z",null,null,0,0,0,90,null
"2025-12-22T03:15:02.000Z",null,null,0,0,0,90,null
"2025-12-22T03:19:02.000Z",null,null,0,0.25,2.5,90,null
"2025-12-22T03:23:06.000Z",null,null,1.75,2.5,3.25,90,null
"2025-12-22T03:27:06.000Z",null,null,2.75,4,5.25,67.5,null
"2025-12-22T03:31:06.000Z",null,null,1.5,2.75,4.25,45,null
"2025-12-22T03:35:09.000Z",null,null,0,0,1.25,67.5,null
"2025-12-22T03:39:09.000Z",null,null,0,2.5,4.25,135,null
"2025-12-22T03:43:09.000Z",null,null,0.25,2,3.5,135,null
"2025-12-22T03:47:14.000Z",null,null,0,0,0,135,null
"2025-12-22T03:51:14.000Z",null,null,0,0,0,112.5,null
"2025-12-22T03:55:14.000Z",null,null,0,0,0,112.5,null
"2025-12-22T03:59:17.000Z",null,null,0,0.5,3.25,157.5,null
"2025-12-22T04:03:17.000Z",null,null,2.5,3.25,3.75,135,null
"2025-12-22T04:07:17.000Z",null,null,2.75,3.75,5.25,135,null
"2025-12-22T04:11:22.000Z",null,null,1.5,3,4.25,135,null
"2025-12-22T04:15:22.000Z",null,null,2.5,3.25,4.5,135,null
"2025-12-22T04:19:22.000Z",null,null,3.5,5.25,9,112.5,null
"2025-12-22T04:23:25.000Z",null,null,1.75,7.75,16.5,90,null
"2025-12-22T04:27:25.000Z",null,null,0.75,4.5,8,157.5,null
"2025-12-22T04:31:25.000Z",null,null,2,5,8.25,157.5,null
"2025-12-22T04:35:30.000Z",null,null,2.75,6.25,10,180,null
"2025-12-22T04:39:30.000Z",null,null,2,6,8.75,157.5,null
"2025-12-22T04:43:30.000Z",null,null,2,6.75,11,180,null
"2025-12-22T04:47:34.000Z",null,null,1.5,5.75,8.25,180,null
"2025-12-22T04:51:34.000Z",null,null,2,5.25,8.25,180,null
"2025-12-22T04:55:34.000Z",null,null,0,4,7.25,180,null
"2025-12-22T04:59:38.000Z",null,null,2,4.25,9.5,112.5,null
"2025-12-22T05:03:38.000Z",null,null,1.5,4.5,9,90,null
"2025-12-22T05:07:38.000Z",null,null,1.75,4.25,7.25,67.5,null
"2025-12-22T05:11:42.000Z",null,null,1.75,3.75,6.5,90,null
"2025-12-22T05:15:42.000Z",null,null,0.25,4.5,11.5,112.5,null
"2025-12-22T05:19:42.000Z",null,null,3.5,7.75,14.5,135,null
"2025-12-22T05:23:47.000Z",null,null,3.75,8.75,15,90,null
"2025-12-22T05:27:47.000Z",null,null,4.25,8.25,13,135,null
"2025-12-22T05:31:47.000Z",null,null,5.5,10,16.5,157.5,null
"2025-12-22T05:35:50.000Z",null,null,6.25,10.5,14.5,157.5,null
"2025-12-22T05:39:50.000Z",null,null,5.5,10.5,16,157.5,null
"2025-12-22T05:43:50.000Z",null,null,2,7.5,13.5,135,null
"2025-12-22T05:47:54.000Z",null,null,3.75,8.5,14.5,135,null
"2025-12-22T05:51:54.000Z",null,null,6.5,11,16,135,null
"2025-12-22T05:55:54.000Z",null,null,0.25,7.25,15,135,null
"2025-12-22T05:59:58.000Z",null,null,1.5,7.5,14.5,112.5,null
"2025-12-22T06:03:58.000Z",null,null,3.25,7.5,13.5,135,null
"2025-12-22T06:07:58.000Z",null,null,5.5,10.5,16,157.5,null
"2025-12-22T06:12:03.000Z",null,null,3.25,7.75,14.5,135,null
"2025-12-22T06:16:03.000Z",null,null,2.75,9.25,17.5,157.5,null
"2025-12-22T06:20:03.000Z",null,null,0,7.25,13,157.5,null
"2025-12-22T06:24:07.000Z",null,null,0.25,8,12,157.5,null
"2025-12-22T06:28:07.000Z",null,null,6.25,11,16.5,157.5,null
"2025-12-22T06:32:07.000Z",null,null,5.5,12,17,157.5,null
"2025-12-22T06:36:10.000Z",null,null,4.75,11,18,157.5,null
"2025-12-22T06:40:10.000Z",null,null,5.5,9.5,16,135,null
"2025-12-22T06:44:10.000Z",null,null,6,10,14.5,135,null
"2025-12-22T06:48:14.000Z",null,null,3.25,7.75,14.5,157.5,null
"2025-12-22T06:52:14.000Z",null,null,3.75,9.5,14.5,135,null
"2025-12-22T06:56:14.000Z",null,null,4.5,8.5,16,157.5,null
"2025-12-22T07:00:19.000Z",null,null,4.25,8.25,16.5,135,null
"2025-12-22T07:04:19.000Z",null,null,3.25,6,13.5,135,null
"2025-12-22T07:08:19.000Z",null,null,4.5,6.25,8.75,135,null
"2025-12-22T07:12:23.000Z",null,null,4.25,6,9.5,135,null
"2025-12-22T07:16:23.000Z",null,null,3.5,6.25,9.75,180,null
"2025-12-22T07:20:23.000Z",null,null,2.5,6.25,13.5,112.5,null
"2025-12-22T07:24:26.000Z",null,null,4.25,8,12.5,90,null
"2025-12-22T07:28:26.000Z",null,null,3.5,6.75,12,90,null
"2025-12-22T07:32:26.000Z",null,null,2.5,7.75,13,90,null
"2025-12-22T07:36:31.000Z",null,null,3.25,7.75,15.5,112.5,null
"2025-12-22T07:40:31.000Z",null,null,2.75,7.25,14.5,90,null
"2025-12-22T07:44:31.000Z",null,null,2.5,7.25,14.5,112.5,null
"2025-12-22T07:48:35.000Z",null,null,2.5,10,21,112.5,null
"2025-12-22T07:52:35.000Z",null,null,2.5,6.25,11,90,null
"2025-12-22T07:56:35.000Z",null,null,0,6,14.5,67.5,null
"2025-12-22T08:00:39.000Z",null,null,0,3,9,112.5,null
"2025-12-22T08:04:39.000Z",null,null,0,5,8.75,112.5,null
"2025-12-22T08:08:39.000Z",null,null,1,3.5,7,157.5,null
"2025-12-22T08:12:43.000Z",null,null,2,8,13.5,157.5,null
"2025-12-22T08:16:43.000Z",null,null,3.5,10,16.5,157.5,null
"2025-12-22T08:20:43.000Z",null,null,3.75,8.5,13,157.5,null
"2025-12-22T08:24:47.000Z",null,null,3.5,9,16,157.5,null
"2025-12-22T08:28:47.000Z",null,null,2.5,8.5,14.5,135,null
"2025-12-22T08:32:47.000Z",null,null,1.5,6,12,112.5,null
"2025-12-22T08:36:51.000Z",null,null,2,6,14,112.5,null
"2025-12-22T08:40:51.000Z",null,null,2,9,15.5,157.5,null
"2025-12-22T08:44:51.000Z",null,null,4.5,11,17,157.5,null
"2025-12-22T08:48:55.000Z",null,null,4.75,13.5,20,180,null
"2025-12-22T08:52:55.000Z",null,null,3.5,9.5,14.5,157.5,null
"2025-12-22T08:56:55.000Z",null,null,1.5,11,16,180,null
"2025-12-22T09:00:59.000Z",null,null,0.75,9,14,202.5,null
"2025-12-22T09:04:59.000Z",null,null,3.75,8.25,13,180,null
"2025-12-22T09:08:59.000Z",null,null,3.25,9,15,202.5,null
"2025-12-22T09:13:03.000Z",null,null,1.75,6.5,11,180,null
"2025-12-22T09:17:03.000Z",null,null,2.5,8.25,13,180,null
"2025-12-22T09:21:03.000Z",null,null,3.75,8.25,12,157.5,null
"2025-12-22T09:25:07.000Z",null,null,5.5,11,15.5,180,null
"2025-12-22T09:29:07.000Z",null,null,2,10,18,180,null
"2025-12-22T09:33:07.000Z",null,null,6.5,11,18.5,180,null
"2025-12-22T09:37:12.000Z",null,null,4.5,9.5,13.5,157.5,null
"2025-12-22T09:41:12.000Z",null,null,3.75,7,12,157.5,null
"2025-12-22T09:45:12.000Z",null,null,3.75,5.75,9.5,157.5,null
"2025-12-22T09:49:15.000Z",null,null,3.25,5.75,8.25,157.5,null
"2025-12-22T09:53:15.000Z",null,null,3.75,5.5,8,157.5,null
"2025-12-22T09:57:15.000Z",null,null,2.5,4.5,6.5,157.5,null
"2025-12-22T10:01:19.000Z",null,null,1.75,4,6,135,null
"2025-12-22T10:05:19.000Z",null,null,3.5,4.75,6.25,112.5,null
"2025-12-22T10:09:19.000Z",null,null,2.5,5.25,8.25,157.5,null
"2025-12-22T10:13:24.000Z",null,null,2,5.75,8.75,157.5,null
"2025-12-22T10:17:24.000Z",null,null,1.5,4.75,8,135,null
"2025-12-22T10:21:24.000Z",null,null,3.5,6.25,8.75,157.5,null
"2025-12-22T10:25:28.000Z",null,null,3.25,5.5,8,157.5,null
"2025-12-22T10:29:28.000Z",null,null,3.5,5.75,7.75,157.5,null
"2025-12-22T10:33:28.000Z",null,null,2.5,5.75,7.75,157.5,null
"2025-12-22T10:37:31.000Z",null,null,4.5,6.25,8,157.5,null
"2025-12-22T10:41:31.000Z",null,null,5.25,8.5,11,180,null
"2025-12-22T10:45:31.000Z",null,null,7,10.5,13,202.5,null
"2025-12-22T10:49:36.000Z",null,null,6.25,9.5,13.5,202.5,null
"2025-12-22T10:53:36.000Z",null,null,7,11.5,15,202.5,null
"2025-12-22T10:57:36.000Z",null,null,0.25,10.5,16,225,null
"2025-12-22T11:01:40.000Z",null,null,9.75,13.5,18,225,null
"2025-12-22T11:05:40.000Z",null,null,2.5,9.75,14,202.5,null
"2025-12-22T11:09:40.000Z",null,null,3.5,8.5,15.5,202.5,null
"2025-12-22T11:13:44.000Z",null,null,4.25,8.75,16.5,202.5,null
"2025-12-22T11:17:44.000Z",null,null,0.75,6.5,11.5,180,null
"2025-12-22T11:21:44.000Z",null,null,2,5.5,9.5,180,null
"2025-12-22T11:25:47.000Z",null,null,1.5,4.75,10,157.5,null
"2025-12-22T11:29:47.000Z",null,null,1.75,5.5,9.5,112.5,null
"2025-12-22T11:33:47.000Z",null,null,0,5.5,13,180,null
"2025-12-22T11:37:52.000Z",null,null,2.5,12,17.5,180,null
"2025-12-22T11:41:52.000Z",null,null,7,11,14.5,157.5,null
"2025-12-22T11:45:52.000Z",null,null,5.5,11.5,17.5,157.5,null
"2025-12-22T11:49:56.000Z",null,null,2,8.25,14.5,157.5,null
"2025-12-22T11:53:56.000Z",null,null,2.75,8,14,157.5,null
"2025-12-22T11:57:56.000Z",null,null,2.75,7.25,12,180,null
"2025-12-22T12:01:59.000Z",null,null,3.25,7.25,11,180,null
"2025-12-22T12:05:59.000Z",null,null,3.75,8.5,13,180,null
"2025-12-22T12:09:59.000Z",null,null,3.5,7.5,10.5,180,null
"2025-12-22T12:14:04.000Z",null,null,4.75,8.25,12,180,null
"2025-12-22T12:18:04.000Z",null,null,4.5,6.5,9,157.5,null
"2025-12-22T12:22:04.000Z",null,null,2.75,6.25,9.75,157.5,null
"2025-12-22T12:26:08.000Z",null,null,4.75,9.5,12.5,180,null
"2025-12-22T12:30:08.000Z",null,null,2.75,9,13,202.5,null
"2025-12-22T12:34:08.000Z",null,null,5.25,9.75,13,180,null
"2025-12-22T12:38:12.000Z",null,null,2.75,6,10.5,180,null
"2025-12-22T12:42:12.000Z",null,null,0.75,7,11.5,180,null
"2025-12-22T12:46:12.000Z",null,null,2.75,7.25,10.5,202.5,null
"2025-12-22T12:50:15.000Z",null,null,4.5,8,12,157.5,null
"2025-12-22T12:54:15.000Z",null,null,4.5,8.5,12,180,null
"2025-12-22T12:58:15.000Z",null,null,4.25,8.25,13,157.5,null
"2025-12-22T13:02:19.000Z",null,null,2.75,6.5,11,157.5,null
"2025-12-22T13:06:19.000Z",null,null,2.5,8.25,14,180,null
"2025-12-22T13:10:19.000Z",null,null,4.75,9.5,15.5,180,null
"2025-12-22T13:14:24.000Z",null,null,3.75,7.5,14.5,157.5,null
"2025-12-22T13:18:24.000Z",null,null,4.5,6.75,9,180,null
"2025-12-22T13:22:24.000Z",null,null,4.75,7.75,11,180,null
"2025-12-22T13:26:28.000Z",null,null,3.5,9,13,180,null
"2025-12-22T13:30:28.000Z",null,null,3.75,8,12,180,null
"2025-12-22T13:34:28.000Z",null,null,1.75,8,12.5,180,null
"2025-12-22T13:38:33.000Z",null,null,4.75,8.25,11.5,157.5,null
"2025-12-22T13:42:33.000Z",null,null,4.5,7.75,13.5,157.5,null
"2025-12-22T13:46:33.000Z",null,null,2,8,11.5,180,null
"2025-12-22T14:05:31.000Z",null,null,2.5,8.75,14.5,202.5,null
"2025-12-22T14:09:31.000Z",null,null,3.75,10.5,16.5,180,null
"2025-12-22T14:13:31.000Z",null,null,4.75,8.75,13,180,null
"2025-12-22T14:17:35.000Z",null,null,4.5,9,12,180,null
"2025-12-22T14:21:35.000Z",null,null,2.75,7.25,11.5,180,null
"2025-12-22T14:25:35.000Z",null,null,4.5,11,15,180,null
"2025-12-22T14:29:39.000Z",null,null,3.5,7.75,11,157.5,null
"2025-12-22T14:33:39.000Z",null,null,2.75,8.25,12.5,157.5,null
"2025-12-22T14:37:39.000Z",null,null,4.25,8.25,13,180,null
"2025-12-22T14:41:43.000Z",null,null,5.5,7.75,10.5,157.5,null
"2025-12-22T14:45:43.000Z",null,null,3.5,7,10,180,null
"2025-12-22T14:49:43.000Z",null,null,3.5,7.25,11,180,null
"2025-12-22T14:55:33.000Z",null,null,3.5,9,13.5,180,null
"2025-12-22T14:59:33.000Z",null,null,3.75,7.75,10.5,157.5,null
"2025-12-22T15:03:33.000Z",null,null,5.25,10,15.5,180,null
"2025-12-22T15:07:37.000Z",null,null,1,6.5,12.5,157.5,null
"2025-12-22T15:11:37.000Z",null,null,2.5,5.5,8.75,157.5,null
"2025-12-22T15:15:37.000Z",null,null,2,5.25,8.75,157.5,null
"2025-12-22T15:19:42.000Z",null,null,2.75,5.75,12,157.5,null
"2025-12-22T15:23:42.000Z",null,null,1,4.75,9,180,null
"2025-12-22T15:27:42.000Z",null,null,2.75,5,7,135,null
"2025-12-22T15:31:45.000Z",null,null,1.75,4.5,7.75,157.5,null
"2025-12-22T15:35:45.000Z",null,null,4.25,7.25,12,157.5,null
"2025-12-22T15:39:45.000Z",null,null,4.25,9.75,14.5,180,null
"2025-12-22T15:43:49.000Z",null,null,3.75,8.75,13,180,null
"2025-12-22T15:47:49.000Z",null,null,4.5,7.5,10.5,157.5,null
"2025-12-22T15:51:49.000Z",null,null,4.5,8,11,135,null
"2025-12-22T15:55:53.000Z",null,null,3.5,6.5,9.75,157.5,null
"2025-12-22T15:59:53.000Z",null,null,5.25,8.75,12,180,null
"2025-12-22T16:03:53.000Z",null,null,4.75,9.5,12.5,157.5,null
"2025-12-22T16:07:57.000Z",null,null,4.75,9,12.5,157.5,null
"2025-12-22T16:11:57.000Z",null,null,4.25,7.75,11,157.5,null
"2025-12-22T16:15:57.000Z",null,null,1.75,7.25,12,157.5,null
"2025-12-22T16:20:02.000Z",null,null,2.75,7.5,11.5,180,null
"2025-12-22T16:24:02.000Z",null,null,3.5,7.75,13.5,180,null
"2025-12-22T16:28:02.000Z",null,null,5.5,8.75,12,157.5,null
"2025-12-22T16:32:06.000Z",null,null,3.75,7.25,11,157.5,null
"2025-12-22T16:36:06.000Z",null,null,4.75,7.75,11,157.5,null
"2025-12-22T16:40:06.000Z",null,null,4.5,8.5,13,157.5,null
"2025-12-22T16:44:10.000Z",null,null,4.25,7.75,11,157.5,null
"2025-12-22T16:48:10.000Z",null,null,7.25,11,14.5,180,null
"2025-12-22T16:52:10.000Z",null,null,4.5,8.25,12,157.5,null
"2025-12-22T16:56:14.000Z",null,null,4.5,9,14.5,157.5,null
"2025-12-22T17:00:14.000Z",null,null,3.75,8.25,13,157.5,null
"2025-12-22T17:04:14.000Z",null,null,3.5,10,13,157.5,null
"2025-12-22T17:08:17.000Z",null,null,6.25,9.5,15,180,null
"2025-12-22T17:12:17.000Z",null,null,4.25,9,14,157.5,null
"2025-12-22T17:16:17.000Z",null,null,6.5,9.5,14.5,157.5,null
"2025-12-22T17:20:22.000Z",null,null,3.75,7,9.75,135,null
"2025-12-22T17:24:22.000Z",null,null,1.5,5.25,12,135,null
"2025-12-22T17:28:22.000Z",null,null,2.5,5.5,9,135,null
"2025-12-22T17:32:26.000Z",null,null,4.25,6.25,9,135,null
"2025-12-22T17:36:26.000Z",null,null,2.75,5.75,9.5,112.5,null
"2025-12-22T17:40:26.000Z",null,null,1.75,3.5,5.5,112.5,null
"2025-12-22T17:44:30.000Z",null,null,1,3.5,7.25,90,null
"2025-12-22T17:48:30.000Z",null,null,0,2.75,6.5,112.5,null
"2025-12-22T17:52:30.000Z",null,null,0,2.5,6,112.5,null
"2025-12-22T17:56:34.000Z",null,null,2.5,4.5,7,90,null
"2025-12-22T18:00:34.000Z",null,null,2.5,3.5,4.75,67.5,null
"2025-12-22T18:04:34.000Z",null,null,0.75,2,3.75,45,null
"2025-12-22T18:08:38.000Z",null,null,0.25,2.25,4.75,22.5,null
"2025-12-22T18:12:38.000Z",null,null,0.75,2,3.5,0,null
"2025-12-22T18:16:38.000Z",null,null,2.75,7.25,9.75,337.5,null
"2025-12-22T18:20:42.000Z",null,null,7,8,9.5,337.5,null
"2025-12-22T18:24:42.000Z",null,null,4.25,6,8,315,null
"2025-12-22T18:28:42.000Z",null,null,2,3.25,4.5,337.5,null
"2025-12-22T18:32:46.000Z",null,null,2.75,4.25,6,22.5,null
"2025-12-22T18:36:46.000Z",null,null,2,3,4.25,22.5,null
"2025-12-22T18:40:46.000Z",null,null,0.25,1.25,2.75,22.5,null
"2025-12-22T18:44:50.000Z",null,null,3.25,4.5,6,90,null
"2025-12-22T18:48:50.000Z",null,null,2.5,3.5,4.5,135,null
"2025-12-22T18:52:50.000Z",null,null,1.5,2.25,4.25,135,null
"2025-12-22T18:56:54.000Z",null,null,0,2.25,3.75,202.5,null
"2025-12-22T19:00:54.000Z",null,null,1.75,3.25,5.25,225,null
"2025-12-22T19:04:54.000Z",null,null,0.75,4,5.25,225,null
"2025-12-22T19:08:58.000Z",null,null,0,2,3.75,157.5,null
"2025-12-22T19:12:58.000Z",null,null,1.75,2.75,4.5,157.5,null
"2025-12-22T19:16:58.000Z",null,null,2.5,4,6,157.5,null
"2025-12-22T19:21:02.000Z",null,null,2,3.5,5.75,180,null
"2025-12-22T19:25:02.000Z",null,null,1.5,2.5,4.25,180,null
"2025-12-22T19:29:02.000Z",null,null,2.5,4.75,7,202.5,null
"2025-12-22T19:33:06.000Z",null,null,2.75,4,6.25,157.5,null
"2025-12-22T19:37:06.000Z",null,null,2.5,3.5,5.25,67.5,null
"2025-12-22T19:41:06.000Z",null,null,2.5,4,5.5,22.5,null
"2025-12-22T19:45:11.000Z",null,null,2,3.25,4.75,45,null
"2025-12-22T19:49:11.000Z",null,null,3.5,4.75,6.5,22.5,null
"2025-12-22T19:53:11.000Z",null,null,1,2.5,4.75,67.5,null
"2025-12-22T19:57:14.000Z",null,null,0.75,1.5,2.25,67.5,null
"2025-12-22T20:01:14.000Z",null,null,1.5,3.25,6,0,null
"2025-12-22T20:05:14.000Z",null,null,3.75,5,6.25,337.5,null
"2025-12-22T20:09:19.000Z",null,null,2.5,4.5,5.5,315,null
"2025-12-22T20:13:19.000Z",null,null,2.75,5,8.75,270,null
"2025-12-22T20:17:19.000Z",null,null,6,8.25,9.75,247.5,null
"2025-12-22T20:21:23.000Z",null,null,0,4.75,7.75,225,null
"2025-12-22T20:25:23.000Z",null,null,0.75,3.75,6,202.5,null
"2025-12-22T20:29:23.000Z",null,null,0.25,2.5,5.25,202.5,null
"2025-12-22T20:33:27.000Z",null,null,0.75,5,7.25,180,null
"2025-12-22T20:37:27.000Z",null,null,0,3.25,6.5,112.5,null
"2025-12-22T20:41:27.000Z",null,null,1.5,3.5,7,157.5,null
"2025-12-22T20:45:31.000Z",null,null,1.5,3.75,4.75,202.5,null
"2025-12-22T20:49:31.000Z",null,null,0.75,2.75,5.25,202.5,null
"2025-12-22T20:53:31.000Z",null,null,1.5,3,5.25,180,null
"2025-12-22T20:57:34.000Z",null,null,2,4,6,180,null
"2025-12-22T21:01:34.000Z",null,null,3.75,7,10.5,180,null
"2025-12-22T21:05:34.000Z",null,null,5.5,8.75,11,202.5,null
"2025-12-22T21:09:39.000Z",null,null,2.5,6.25,11,157.5,null
"2025-12-22T21:13:39.000Z",null,null,0,5.5,11,90,null
"2025-12-22T21:17:39.000Z",null,null,0,2.25,6.5,67.5,null
"2025-12-22T21:21:43.000Z",null,null,0,0,2,90,null
"2025-12-22T21:25:43.000Z",null,null,0.25,3.75,5.5,202.5,null
"2025-12-22T21:29:43.000Z",null,null,1.5,3.75,5.5,180,null
"2025-12-22T21:33:47.000Z",null,null,2.75,5.75,8.75,90,null
"2025-12-22T21:37:47.000Z",null,null,4.25,7,12,112.5,null
"2025-12-22T21:41:47.000Z",null,null,4.5,8.75,13,90,null
"2025-12-22T21:45:51.000Z",null,null,3.5,6,9.75,90,null
"2025-12-22T21:49:51.000Z",null,null,1,3.75,6.5,67.5,null
"2025-12-22T21:53:51.000Z",null,null,0,1.5,2.75,90,null
"2025-12-22T21:57:55.000Z",null,null,0,0.5,2.5,135,null
"2025-12-22T22:01:55.000Z",null,null,0.25,4,7.75,67.5,null
"2025-12-22T22:05:55.000Z",null,null,2.75,7.25,11,45,null
"2025-12-22T22:09:59.000Z",null,null,2.75,6.5,13,45,null
"2025-12-22T22:13:59.000Z",null,null,2.75,5.25,8.25,67.5,null
"2025-12-22T22:17:59.000Z",null,null,1.75,3.75,6,45,null
"2025-12-22T22:22:04.000Z",null,null,1,2.5,4.25,45,null
"2025-12-22T22:26:04.000Z",null,null,1,2.25,2.75,90,null
"2025-12-22T22:30:04.000Z",null,null,1,4,6.25,67.5,null
"2025-12-22T22:34:08.000Z",null,null,2.75,5.25,9.5,90,null
"2025-12-22T22:38:08.000Z",null,null,1,4.75,9.75,67.5,null
"2025-12-22T22:42:08.000Z",null,null,2.75,5,8.75,67.5,null
"2025-12-22T22:46:11.000Z",null,null,1,3.5,8.5,67.5,null
"2025-12-22T22:50:11.000Z",null,null,1,2.25,3.75,90,null
"2025-12-22T22:54:11.000Z",null,null,1.5,2.25,3.25,90,null
"2025-12-22T22:58:16.000Z",null,null,1.75,4,7.25,112.5,null
"2025-12-22T23:02:16.000Z",null,null,1,5.25,10.5,67.5,null
"2025-12-22T23:06:16.000Z",null,null,1.75,5.75,8.25,67.5,null
"2025-12-22T23:10:19.000Z",null,null,2,4.5,7.75,67.5,null
"2025-12-22T23:14:19.000Z",null,null,1.75,4.25,6,45,null
"2025-12-22T23:18:19.000Z",null,null,1,3.5,7,45,null
"2025-12-22T23:22:23.000Z",null,null,0,1.25,5.25,67.5,null
"2025-12-22T23:26:23.000Z",null,null,0,1.5,4.5,157.5,null
"2025-12-22T23:30:23.000Z",null,null,2,3,3.75,112.5,null
"2025-12-22T23:34:28.000Z",null,null,3.25,4.5,6.25,90,null
"2025-12-22T23:38:28.000Z",null,null,1.5,3,5.25,67.5,null
"2025-12-22T23:42:28.000Z",null,null,2,4,6.25,67.5,null
"2025-12-22T23:46:31.000Z",null,null,1,3.5,6.5,67.5,null
"2025-12-22T23:50:31.000Z",null,null,1.75,4.75,11,90,null
"2025-12-22T23:54:31.000Z",null,null,3.25,7.75,13,67.5,null
"2025-12-22T23:58:35.000Z",null,null,2,6,11,67.5,null
"2025-12-23T00:02:35.000Z",null,null,2.75,6.75,10,67.5,null
"2025-12-23T00:06:35.000Z",null,null,3.25,7.25,11,67.5,null
"2025-12-23T00:10:39.000Z",null,null,0,4.25,11,45,null
"2025-12-23T00:14:39.000Z",null,null,0.25,3.75,7,67.5,null
"2025-12-23T00:18:39.000Z",null,null,2.75,6.75,11,67.5,null
"2025-12-23T00:22:44.000Z",null,null,2.75,6.75,12,67.5,null
"2025-12-23T00:26:44.000Z",null,null,3.75,6.5,11,67.5,null
"2025-12-23T00:30:44.000Z",null,null,3.25,6.75,14,67.5,null
"2025-12-23T00:34:48.000Z",null,null,1.75,6.5,14.5,45,null
"2025-12-23T00:38:48.000Z",null,null,2.75,8.25,15,67.5,null
"2025-12-23T00:42:48.000Z",null,null,2.5,6.25,13,45,null
"2025-12-23T00:46:51.000Z",null,null,3.5,7,12,67.5,null
"2025-12-23T00:50:51.000Z",null,null,2.5,4.5,7,67.5,null
"2025-12-23T00:54:51.000Z",null,null,3.5,5,6.25,90,null
"2025-12-23T00:58:56.000Z",null,null,4.75,8.25,13,90,null
"2025-12-23T01:02:56.000Z",null,null,1.75,7,12,90,null
"2025-12-23T01:06:56.000Z",null,null,4.25,9.25,15.5,67.5,null
"2025-12-23T01:11:00.000Z",null,null,3.25,7.5,11,67.5,null
"2025-12-23T01:15:00.000Z",null,null,2.5,7.25,14,45,null
"2025-12-23T01:19:00.000Z",null,null,3.5,12,21,67.5,null
"2025-12-23T01:23:04.000Z",null,null,0,5.25,13,67.5,null
"2025-12-23T01:27:04.000Z",null,null,0.75,5.75,14.5,45,null
"2025-12-23T01:31:04.000Z",null,null,0.75,6.5,15.5,45,null
"2025-12-23T01:35:08.000Z",null,null,2.5,7.75,12.5,90,null
"2025-12-23T01:39:08.000Z",null,null,1.75,6.25,11,45,null
"2025-12-23T01:43:08.000Z",null,null,0,3,10,45,null
"2025-12-23T01:47:12.000Z",null,null,1.5,6.75,11,22.5,null
"2025-12-23T01:51:12.000Z",null,null,0,3,11,22.5,null
"2025-12-23T01:55:12.000Z",null,null,0,1.25,6,45,null
"2025-12-23T01:59:16.000Z",null,null,1,5,10,0,null
"2025-12-23T02:03:16.000Z",null,null,1,4.5,9.75,22.5,null
"2025-12-23T02:07:16.000Z",null,null,0,5.25,12,22.5,null
"2025-12-23T02:11:20.000Z",null,null,3.25,7.5,13,0,null
"2025-12-23T02:15:20.000Z",null,null,0.25,4.25,9.75,22.5,null
"2025-12-23T02:19:20.000Z",null,null,0,3.25,7.25,0,null
"2025-12-23T02:23:24.000Z",null,null,0,2.75,4.75,315,null
"2025-12-23T02:27:24.000Z",null,null,0,1.75,3.75,67.5,null
"2025-12-23T02:31:24.000Z",null,null,1,2,3.25,112.5,null
"2025-12-23T02:35:28.000Z",null,null,2,3.25,4.75,90,null
"2025-12-23T02:39:28.000Z",null,null,0,3.25,11,67.5,null
"2025-12-23T02:43:28.000Z",null,null,3.25,7.5,15.5,45,null
"2025-12-23T02:47:32.000Z",null,null,3.25,7,12.5,67.5,null
"2025-12-23T02:51:32.000Z",null,null,2,6,12,45,null
"2025-12-23T02:55:32.000Z",null,null,2.5,6.5,11.5,45,null
"2025-12-23T02:59:36.000Z",null,null,2.5,7.75,15.5,45,null
"2025-12-23T03:03:36.000Z",null,null,5.25,9.5,15,45,null
"2025-12-23T03:07:36.000Z",null,null,3.5,7.75,12,22.5,null
"2025-12-23T03:11:40.000Z",null,null,3.25,7,11,22.5,null
"2025-12-23T03:15:40.000Z",null,null,2,4.5,8.75,45,null
"2025-12-23T03:19:40.000Z",null,null,3.75,8.25,18,22.5,null
"2025-12-23T03:23:45.000Z",null,null,1.75,4.75,9,67.5,null
"2025-12-23T03:27:45.000Z",null,null,2.75,6.5,12,67.5,null
"2025-12-23T03:31:45.000Z",null,null,3.5,7.25,13,67.5,null
"2025-12-23T03:35:48.000Z",null,null,3.25,6.25,10.5,67.5,null
"2025-12-23T03:39:48.000Z",null,null,2.5,6.25,11,67.5,null
"2025-12-23T03:43:48.000Z",null,null,1.75,3.75,8.25,67.5,null
"2025-12-23T03:47:53.000Z",null,null,0.25,3.25,9.5,45,null
"2025-12-23T03:51:53.000Z",null,null,0,4.75,9.75,112.5,null
"2025-12-23T03:55:53.000Z",null,null,2,5.75,15,135,null
"2025-12-23T03:59:57.000Z",null,null,2.75,5.75,10.5,112.5,null
"2025-12-23T04:03:57.000Z",null,null,3.5,5.75,8.75,67.5,null
"2025-12-23T04:07:57.000Z",null,null,3.25,5.25,8.75,67.5,null
"2025-12-23T04:12:00.000Z",null,null,3.75,7,11,90,null
"2025-12-23T04:16:00.000Z",null,null,2.75,5.75,9,67.5,null
"2025-12-23T04:20:00.000Z",null,null,2.5,3.25,4.25,67.5,null
"2025-12-23T04:24:05.000Z",null,null,1.75,3.5,4.5,90,null
"2025-12-23T04:28:05.000Z",null,null,0,0.25,2,67.5,null
"2025-12-23T04:32:05.000Z",null,null,0.25,3.75,5.5,135,null
"2025-12-23T04:36:08.000Z",null,null,3.25,5.25,7.25,90,null
"2025-12-23T04:40:08.000Z",null,null,2.5,4.75,7.75,67.5,null
"2025-12-23T04:44:08.000Z",null,null,0,1.5,2.75,45,null
"2025-12-23T04:48:12.000Z",null,null,0,3.25,7.25,45,null
"2025-12-23T04:52:12.000Z",null,null,1.5,3.5,5.25,67.5,null
"2025-12-23T04:56:12.000Z",null,null,1,3,4.25,67.5,null
"2025-12-23T05:00:17.000Z",null,null,0.25,1.5,2.5,90,null
"2025-12-23T05:04:17.000Z",null,null,0,1.25,2.5,112.5,null
"2025-12-23T05:08:17.000Z",null,null,0,0.25,3.25,22.5,null
"2025-12-23T05:12:21.000Z",null,null,1.75,3.25,4.5,0,null
"2025-12-23T05:16:21.000Z",null,null,2.75,3.75,5.5,45,null
"2025-12-23T05:20:21.000Z",null,null,2.75,4.25,5.5,90,null
"2025-12-23T05:24:25.000Z",null,null,1.5,2.75,4.5,90,null
"2025-12-23T05:28:25.000Z",null,null,0,0.25,2,90,null
"2025-12-23T05:32:25.000Z",null,null,0,0,0.25,22.5,null
"2025-12-23T05:36:29.000Z",null,null,0,0,0,67.5,null
"2025-12-23T05:40:29.000Z",null,null,0,1.25,4.25,90,null
"2025-12-23T05:44:29.000Z",null,null,1.5,3.5,6,90,null
"2025-12-23T05:48:33.000Z",null,null,0,3.75,7.75,22.5,null
"2025-12-23T05:52:33.000Z",null,null,0.25,4.5,7.25,22.5,null
"2025-12-23T05:56:33.000Z",null,null,4.5,7.5,10.5,22.5,null
"2025-12-23T06:00:37.000Z",null,null,4.25,8,13,22.5,null
"2025-12-23T06:04:37.000Z",null,null,7,9.5,13,45,null
"2025-12-23T06:08:37.000Z",null,null,3.75,7,10.5,22.5,null
"2025-12-23T06:12:41.000Z",null,null,3.5,5.5,7.75,22.5,null
"2025-12-23T06:16:41.000Z",null,null,3.5,6.5,8.75,0,null
"2025-12-23T06:20:41.000Z",null,null,4.5,6.25,8.25,22.5,null
"2025-12-23T06:24:45.000Z",null,null,4.25,6,8,22.5,null
"2025-12-23T06:28:45.000Z",null,null,2.5,4.75,7,22.5,null
"2025-12-23T06:32:45.000Z",null,null,2.75,4.5,8,22.5,null
"2025-12-23T06:36:49.000Z",null,null,3.5,5.25,6.5,22.5,null
"2025-12-23T06:40:49.000Z",null,null,2.75,6.5,9.5,0,null
"2025-12-23T06:44:49.000Z",null,null,6.25,9,12,22.5,null
"2025-12-23T06:48:53.000Z",null,null,4.25,7,10.5,22.5,null
"2025-12-23T06:52:53.000Z",null,null,0.75,3.5,5.5,22.5,null
"2025-12-23T06:56:53.000Z",null,null,6.25,8.25,11.5,0,null
"2025-12-23T07:00:57.000Z",null,null,3.75,7,9.5,22.5,null
"2025-12-23T07:04:57.000Z",null,null,2.75,4.25,6.5,45,null
"2025-12-23T07:08:57.000Z",null,null,1,3.75,7.25,22.5,null
"2025-12-23T07:13:02.000Z",null,null,3.75,5.75,8.25,22.5,null
"2025-12-23T07:17:02.000Z",null,null,4.25,6.25,9,45,null
"2025-12-23T07:21:02.000Z",null,null,3.25,5.25,8,45,null
"2025-12-23T07:25:06.000Z",null,null,3.25,5.75,8,22.5,null
"2025-12-23T07:29:06.000Z",null,null,3.25,5.5,9,45,null
"2025-12-23T07:33:06.000Z",null,null,2.75,5.5,7.75,45,null
"2025-12-23T07:37:09.000Z",null,null,1,3,5.25,45,null
"2025-12-23T07:41:09.000Z",null,null,0.25,4.25,10.5,22.5,null
"2025-12-23T07:45:09.000Z",null,null,2.5,4,6.25,45,null
"2025-12-23T07:49:14.000Z",null,null,3.25,6,10,22.5,null
"2025-12-23T07:53:14.000Z",null,null,2.75,5.25,9.75,45,null
"2025-12-23T07:57:14.000Z",null,null,2.5,6,8.25,22.5,null
"2025-12-23T08:01:17.000Z",null,null,4.5,7.25,9.75,22.5,null
"2025-12-23T08:05:17.000Z",null,null,3.5,5.25,8,45,null
"2025-12-23T08:09:17.000Z",null,null,2.75,4.75,7.25,45,null
"2025-12-23T08:13:22.000Z",null,null,2,3.5,5.25,67.5,null
"2025-12-23T08:17:22.000Z",null,null,3.25,6,9.5,67.5,null
"2025-12-23T08:21:22.000Z",null,null,2,6,11.5,45,null
"2025-12-23T08:25:26.000Z",null,null,2.5,4.75,7.25,45,null
"2025-12-23T08:29:26.000Z",null,null,0.75,3.25,6.5,45,null
"2025-12-23T08:33:26.000Z",null,null,2,4,5.5,45,null
"2025-12-23T08:37:30.000Z",null,null,0.75,1.75,3.75,67.5,null
"2025-12-23T08:41:30.000Z",null,null,0.25,1.75,4.25,67.5,null
"2025-12-23T08:45:30.000Z",null,null,1,3.5,6,22.5,null
"2025-12-23T08:49:34.000Z",null,null,3.25,5,6.25,22.5,null
"2025-12-23T08:53:34.000Z",null,null,2.75,4,5.25,22.5,null
"2025-12-23T08:57:34.000Z",null,null,1.5,2.75,4.25,67.5,null
"2025-12-23T09:01:38.000Z",null,null,2,4.25,7,45,null
"2025-12-23T09:05:38.000Z",null,null,2,4,7.75,45,null
"2025-12-23T09:09:38.000Z",null,null,0.75,5.5,12.5,45,null
"2025-12-23T09:13:42.000Z",null,null,1.75,5.25,12,67.5,null
"2025-12-23T09:17:42.000Z",null,null,1.75,4.5,7.25,22.5,null
"2025-12-23T09:21:42.000Z",null,null,2.5,5.25,9,22.5,null
"2025-12-23T09:25:46.000Z",null,null,3.25,5,7.25,45,null
"2025-12-23T09:29:46.000Z",null,null,3.75,5.75,8,45,null
"2025-12-23T09:33:46.000Z",null,null,3.75,6.5,11,45,null
"2025-12-23T09:37:50.000Z",null,null,2.75,5.5,9.5,45,null
"2025-12-23T09:41:50.000Z",null,null,2.5,4.5,9.75,45,null
"2025-12-23T09:45:50.000Z",null,null,1.5,6.25,9.75,45,null
"2025-12-23T09:49:54.000Z",null,null,3.75,8.25,13.5,45,null
"2025-12-23T09:53:54.000Z",null,null,2.5,6.75,10.5,67.5,null
"2025-12-23T09:57:54.000Z",null,null,4.5,9.5,14.5,45,null
"2025-12-23T10:01:58.000Z",null,null,3.75,6.75,11.5,22.5,null
"2025-12-23T10:05:58.000Z",null,null,3.75,7.5,13,67.5,null
"2025-12-23T10:09:58.000Z",null,null,1.75,6.5,14,45,null
"2025-12-23T10:14:02.000Z",null,null,4.25,7.75,13,45,null
"2025-12-23T10:18:02.000Z",null,null,1,7,13,45,null
"2025-12-23T10:22:02.000Z",null,null,1.5,5.75,12.5,67.5,null
"2025-12-23T10:26:06.000Z",null,null,2.75,6,10,67.5,null
"2025-12-23T10:30:06.000Z",null,null,2.5,5,8.75,45,null
"2025-12-23T10:34:06.000Z",null,null,2.5,4.75,6.25,45,null
"2025-12-23T10:38:11.000Z",null,null,1.5,5,12,45,null
"2025-12-23T10:42:11.000Z",null,null,6.25,11,15.5,45,null
"2025-12-23T10:46:11.000Z",null,null,4.25,8,13,45,null
"2025-12-23T10:50:14.000Z",null,null,3.75,9,17.5,45,null
"2025-12-23T10:54:14.000Z",null,null,2,8,14.5,67.5,null
"2025-12-23T10:58:14.000Z",null,null,2.5,7.75,13.5,67.5,null
"2025-12-23T11:02:18.000Z",null,null,3.25,9,16.5,67.5,null
"2025-12-23T11:06:18.000Z",null,null,6.25,12.5,19,45,null
"2025-12-23T11:10:18.000Z",null,null,5.5,9,13,45,null
"2025-12-23T11:14:23.000Z",null,null,3.5,8,12,45,null
"2025-12-23T11:18:23.000Z",null,null,8.75,11.5,18,45,null
"2025-12-23T11:22:23.000Z",null,null,4.75,10.5,16.5,22.5,null
"2025-12-23T11:26:26.000Z",null,null,7.25,10.5,12.5,0,null
"2025-12-23T11:30:26.000Z",null,null,0.75,5.25,9.75,22.5,null
"2025-12-23T11:34:26.000Z",null,null,2.5,5.25,8.75,67.5,null
"2025-12-23T11:38:31.000Z",null,null,4.25,8.75,12,45,null
"2025-12-23T11:42:31.000Z",null,null,0.25,6.5,12.5,45,null
"2025-12-23T11:46:31.000Z",null,null,0.75,10.5,20.5,67.5,null
"2025-12-23T11:50:34.000Z",null,null,5.5,11,15.5,67.5,null
"2025-12-23T11:54:34.000Z",null,null,3.75,8.5,15.5,67.5,null
"2025-12-23T11:58:34.000Z",null,null,4.5,9.5,13,22.5,null
"2025-12-23T12:02:38.000Z",null,null,1.75,5.25,10.5,22.5,null
"2025-12-23T12:06:38.000Z",null,null,4.5,9.75,16,67.5,null
"2025-12-23T12:10:38.000Z",null,null,3.5,7.75,12,67.5,null
"2025-12-23T12:14:43.000Z",null,null,4.75,7.25,11.5,45,null
"2025-12-23T12:18:43.000Z",null,null,4.75,9.75,14.5,0,null
"2025-12-23T12:22:43.000Z",null,null,3.75,8.75,12,337.5,null
"2025-12-23T12:26:46.000Z",null,null,0,3.25,8.25,337.5,null
"2025-12-23T12:30:46.000Z",null,null,1.75,4,6.25,67.5,null
"2025-12-23T12:34:46.000Z",null,null,1.75,5,8,45,null
"2025-12-23T12:38:51.000Z",null,null,3.5,5.75,9,45,null
"2025-12-23T12:42:51.000Z",null,null,3.25,5.75,8,22.5,null
"2025-12-23T12:46:51.000Z",null,null,4.75,9.25,14,337.5,null
"2025-12-23T12:50:55.000Z",null,null,2.5,8.5,13,22.5,null
"2025-12-23T12:54:55.000Z",null,null,2,7.25,11,22.5,null
"2025-12-23T12:58:55.000Z",null,null,6.25,8.5,12.5,0,null
"2025-12-23T13:02:59.000Z",null,null,6,11.5,16.5,0,null
"2025-12-23T13:06:59.000Z",null,null,5.25,8.25,11.5,22.5,null
"2025-12-23T13:10:59.000Z",null,null,5.5,9.5,12.5,22.5,null
"2025-12-23T13:15:03.000Z",null,null,7.25,11.5,16,0,null
"2025-12-23T13:19:03.000Z",null,null,9.75,12.5,16,337.5,null
"2025-12-23T13:23:03.000Z",null,null,11,13.5,16.5,0,null
"2025-12-23T13:27:07.000Z",null,null,11,14,17.5,0,null
"2025-12-23T13:31:07.000Z",null,null,4.5,10.5,18,22.5,null
"2025-12-23T13:35:07.000Z",null,null,5.25,9.75,13,0,null
"2025-12-23T13:39:11.000Z",null,null,4.75,9.5,13.5,22.5,null
"2025-12-23T13:43:11.000Z",null,null,4.5,7.25,12,0,null
"2025-12-23T13:47:11.000Z",null,null,3.5,6.25,8.75,22.5,null
"2025-12-23T14:06:11.000Z",null,null,4.5,9.25,13,22.5,null
"2025-12-23T14:10:11.000Z",null,null,4.5,12,20,45,null
"2025-12-23T14:14:11.000Z",null,null,3.25,7.75,13,45,null
"2025-12-23T14:18:14.000Z",null,null,4.75,8.75,15.5,22.5,null
"2025-12-23T14:22:14.000Z",null,null,6,11,18,22.5,null
"2025-12-23T14:26:14.000Z",null,null,7.75,14,19.5,22.5,null
"2025-12-23T14:30:18.000Z",null,null,7,14.5,22.5,22.5,null
"2025-12-23T14:34:18.000Z",null,null,4.25,12,17.5,22.5,null
"2025-12-23T14:38:18.000Z",null,null,3.75,8.75,15,22.5,null
"2025-12-23T14:42:22.000Z",null,null,5.25,12,17.5,45,null
"2025-12-23T14:46:22.000Z",null,null,8,13.5,20,22.5,null
"2025-12-23T14:50:22.000Z",null,null,4.75,13,20,22.5,null
"2025-12-23T14:56:12.000Z",null,null,4.5,12.5,18.5,22.5,null
"2025-12-23T15:00:12.000Z",null,null,7.75,12,20,22.5,null
"2025-12-23T15:04:12.000Z",null,null,5.25,9.75,18.5,22.5,null
"2025-12-23T15:08:17.000Z",null,null,6,12,20,22.5,null
"2025-12-23T15:12:17.000Z",null,null,7,10.5,15.5,45,null
"2025-12-23T15:16:17.000Z",null,null,6,11.5,18,22.5,null
"2025-12-23T15:20:20.000Z",null,null,8.75,15,22,22.5,null
"2025-12-23T15:24:20.000Z",null,null,6.5,9.75,14.5,22.5,null
"2025-12-23T15:28:20.000Z",null,null,7.25,10.5,14.5,22.5,null
"2025-12-23T15:32:25.000Z",null,null,7.75,12.5,18.5,45,null
"2025-12-23T15:36:25.000Z",null,null,4.5,7.25,12,22.5,null
"2025-12-23T15:40:25.000Z",null,null,6.5,10.5,15,22.5,null
"2025-12-23T15:44:28.000Z",null,null,4.75,11,17,22.5,null
"2025-12-23T15:48:28.000Z",null,null,2.5,7,12.5,45,null
"2025-12-23T15:52:28.000Z",null,null,7.75,11,16.5,22.5,null
"2025-12-23T15:56:33.000Z",null,null,6,11.5,18,45,null
"2025-12-23T16:00:33.000Z",null,null,4.5,10,16,22.5,null
"2025-12-23T16:04:33.000Z",null,null,6.25,10,14.5,22.5,null
"2025-12-23T16:08:36.000Z",null,null,5.5,9,15,22.5,null
"2025-12-23T16:12:36.000Z",null,null,3.25,6.25,9.5,22.5,null
"2025-12-23T16:16:36.000Z",null,null,4.5,8.75,16,22.5,null
"2025-12-23T16:20:40.000Z",null,null,6,14.5,24.5,45,null
"2025-12-23T16:24:40.000Z",null,null,4.25,9.25,16.5,22.5,null
"2025-12-23T16:28:40.000Z",null,null,5.25,7.75,12,22.5,null
"2025-12-23T16:32:45.000Z",null,null,2.75,8.75,17,45,null
"2025-12-23T16:36:45.000Z",null,null,6.25,10.5,14.5,22.5,null
"2025-12-23T16:40:45.000Z",null,null,3.75,6.5,9.75,22.5,null
"2025-12-23T16:44:48.000Z",null,null,5.5,8.25,10.5,22.5,null
"2025-12-23T16:48:48.000Z",null,null,6.25,8.5,10,0,null
"2025-12-23T16:52:48.000Z",null,null,3.25,7.25,9,22.5,null
"2025-12-23T16:56:53.000Z",null,null,2.75,5.75,9.5,22.5,null
"2025-12-23T17:00:53.000Z",null,null,7.75,10.5,13.5,0,null
"2025-12-23T17:04:53.000Z",null,null,7.75,9.75,13,0,null
"2025-12-23T17:08:57.000Z",null,null,5.25,10.5,13,0,null
"2025-12-23T17:12:57.000Z",null,null,4.25,10.5,15.5,22.5,null
"2025-12-23T17:16:57.000Z",null,null,5.5,11.5,20,22.5,null
"2025-12-23T17:21:01.000Z",null,null,6.25,14.5,19,0,null
"2025-12-23T17:25:01.000Z",null,null,8,15,22.5,22.5,null
"2025-12-23T17:29:01.000Z",null,null,9.75,14,18.5,22.5,null
"2025-12-23T17:33:05.000Z",null,null,5.5,12.5,19,22.5,null
"2025-12-23T17:37:05.000Z",null,null,3.75,11,16.5,22.5,null
"2025-12-23T17:41:05.000Z",null,null,5.25,10,17,22.5,null
"2025-12-23T17:45:09.000Z",null,null,6.5,10,14,22.5,null
"2025-12-23T17:49:09.000Z",null,null,4.5,8,15.5,22.5,null
"2025-12-23T17:53:09.000Z",null,null,5.25,9.5,13.5,22.5,null
"2025-12-23T17:57:13.000Z",null,null,4.25,8.25,11.5,22.5,null
"2025-12-23T18:01:13.000Z",null,null,4.75,7,9.5,45,null
"2025-12-23T18:05:13.000Z",null,null,3.25,6.5,11,0,null
"2025-12-23T18:09:17.000Z",null,null,7.25,9.75,12.5,0,null
"2025-12-23T18:13:17.000Z",null,null,4.5,7.5,10,22.5,null
"2025-12-23T18:17:17.000Z",null,null,6.5,10,13.5,22.5,null
"2025-12-23T18:21:21.000Z",null,null,4.25,9.25,20.5,22.5,null
"2025-12-23T18:25:21.000Z",null,null,7,12.5,21,22.5,null
"2025-12-23T18:29:21.000Z",null,null,7.25,13,19,22.5,null
"2025-12-23T18:33:25.000Z",null,null,5.25,11,21.5,22.5,null
"2025-12-23T18:37:25.000Z",null,null,2.75,10,18.5,22.5,null
"2025-12-23T18:41:25.000Z",null,null,4.5,12.5,21,22.5,null
"2025-12-23T18:45:30.000Z",null,null,7.25,15.5,24,45,null
"2025-12-23T18:49:30.000Z",null,null,9,13.5,20,22.5,null
"2025-12-23T18:53:30.000Z",null,null,6.5,12,19,22.5,null
"2025-12-23T18:57:33.000Z",null,null,4.5,10.5,17.5,22.5,null
"2025-12-23T19:01:33.000Z",null,null,5.25,9.5,16,45,null
"2025-12-23T19:05:33.000Z",null,null,0.75,7.25,16,45,null
"2025-12-23T19:09:38.000Z",null,null,2,6.75,11.5,45,null
"2025-12-23T19:13:38.000Z",null,null,3.5,7.25,11,45,null
"2025-12-23T19:17:38.000Z",null,null,3.75,8,13,45,null
"2025-12-23T19:21:42.000Z",null,null,3.75,11.5,20,22.5,null
"2025-12-23T19:25:42.000Z",null,null,7,14,23.5,22.5,null
"2025-12-23T19:29:42.000Z",null,null,5.5,11.5,20,22.5,null
"2025-12-23T19:33:45.000Z",null,null,3.75,10.5,19,22.5,null
"2025-12-23T19:37:45.000Z",null,null,6.25,12,21,22.5,null
"2025-12-23T19:41:45.000Z",null,null,5.25,12.5,20,22.5,null
"2025-12-23T19:45:50.000Z",null,null,9.5,13.5,17,22.5,null
"2025-12-23T19:49:50.000Z",null,null,9.75,14.5,20.5,22.5,null
"2025-12-23T19:53:50.000Z",null,null,4.25,9.5,13.5,22.5,null
"2025-12-23T19:57:54.000Z",null,null,5.5,10.5,19,22.5,null
"2025-12-23T20:01:54.000Z",null,null,7.25,9.75,16,0,null
"2025-12-23T20:05:54.000Z",null,null,5.5,9,13,22.5,null
"2025-12-23T20:09:58.000Z",null,null,4.25,8.25,15.5,22.5,null
"2025-12-23T20:13:58.000Z",null,null,6,9.25,16.5,22.5,null
"2025-12-23T20:17:58.000Z",null,null,6,9,14.5,22.5,null
"2025-12-23T20:22:02.000Z",null,null,5.5,11,16,0,null
"2025-12-23T20:26:02.000Z",null,null,10,13,18.5,337.5,null
"2025-12-23T20:30:02.000Z",null,null,9.75,13.5,18,0,null
"2025-12-23T20:34:05.000Z",null,null,6.5,11.5,18,0,null
"2025-12-23T20:38:05.000Z",null,null,6.25,11.5,19,0,null
"2025-12-23T20:42:05.000Z",null,null,6.25,12,18.5,0,null
"2025-12-23T20:46:09.000Z",null,null,9.75,13.5,21,0,null
"2025-12-23T20:50:09.000Z",null,null,8,12,16.5,0,null
"2025-12-23T20:54:09.000Z",null,null,9,13.5,19,0,null
"2025-12-23T20:58:14.000Z",null,null,13.5,18,24.5,337.5,null
"2025-12-23T21:02:14.000Z",null,null,6.5,13.5,23,337.5,null
"2025-12-23T21:06:14.000Z",null,null,9.75,16.5,24,0,null
"2025-12-23T21:10:18.000Z",null,null,7,11.5,16.5,0,null
"2025-12-23T21:14:18.000Z",null,null,9.75,14,19,0,null
"2025-12-23T21:18:18.000Z",null,null,9.5,13.5,18,0,null
"2025-12-23T21:22:22.000Z",null,null,7.25,13.5,20.5,0,null
"2025-12-23T21:26:22.000Z",null,null,4.5,8.5,11.5,22.5,null
"2025-12-23T21:30:22.000Z",null,null,7.25,12.5,22,0,null
"2025-12-23T21:34:26.000Z",null,null,11,15.5,20,0,null
"2025-12-23T21:38:26.000Z",null,null,7.25,11.5,16.5,0,null
"2025-12-23T21:42:26.000Z",null,null,6.25,11.5,17.5,0,null
"2025-12-23T21:46:30.000Z",null,null,10,15,22,337.5,null
"2025-12-23T21:50:30.000Z",null,null,8,14.5,24.5,0,null
"2025-12-23T21:54:30.000Z",null,null,14,19,27,337.5,null
"2025-12-23T21:58:34.000Z",null,null,14.5,19,25,0,null
"2025-12-23T22:02:34.000Z",null,null,11,16.5,21.5,0,null
"2025-12-23T22:06:34.000Z",null,null,10,15.5,21,0,null
"2025-12-23T22:10:38.000Z",null,null,6.5,11.5,19,0,null
"2025-12-23T22:14:38.000Z",null,null,8.25,16.5,24.5,0,null
"2025-12-23T22:18:38.000Z",null,null,10,18.5,30.5,0,null
"2025-12-23T22:22:42.000Z",null,null,9,16,25,0,null
"2025-12-23T22:26:42.000Z",null,null,10,17.5,28.5,0,null
"2025-12-23T22:30:42.000Z",null,null,10.5,15.5,20,0,null
"2025-12-23T22:34:46.000Z",null,null,13,17.5,22.5,0,null
"2025-12-23T22:38:46.000Z",null,null,9,18.5,26,337.5,null
"2025-12-23T22:42:46.000Z",null,null,13.5,21,28.5,337.5,null
"2025-12-23T22:46:50.000Z",null,null,18,25,31.5,337.5,null
"2025-12-23T22:50:50.000Z",null,null,12.5,19.5,27,337.5,null
"2025-12-23T22:54:50.000Z",null,null,14.5,20,28,337.5,null
"2025-12-23T22:58:55.000Z",null,null,13,21.5,28,337.5,null
"2025-12-23T23:02:55.000Z",null,null,12.5,17.5,27.5,337.5,null
"2025-12-23T23:06:55.000Z",null,null,12,20.5,27,337.5,null
"2025-12-23T23:10:58.000Z",null,null,11.5,18,25.5,0,null
"2025-12-23T23:14:58.000Z",null,null,15.5,20.5,27,337.5,null
"2025-12-23T23:18:58.000Z",null,null,14,21,28,337.5,null
"2025-12-23T23:23:03.000Z",null,null,13,17,22,0,null
"2025-12-23T23:27:03.000Z",null,null,16.5,24.5,32,337.5,null
"2025-12-23T23:31:03.000Z",null,null,16.5,23.5,32,337.5,null
"2025-12-23T23:35:07.000Z",null,null,11,18,28.5,0,null
"2025-12-23T23:39:07.000Z",null,null,12,18.5,26,0,null
"2025-12-23T23:43:07.000Z",null,null,3.75,14,27.5,22.5,null
"2025-12-23T23:47:10.000Z",null,null,9.5,19.5,27,0,null
"2025-12-23T23:51:10.000Z",null,null,6.5,13,20,22.5,null
"2025-12-23T23:55:10.000Z",null,null,11.5,21.5,31,337.5,null
"2025-12-23T23:59:15.000Z",null,null,10.5,17,22.5,0,null
"2025-12-24T00:03:15.000Z",null,null,15,20,27,337.5,null
"2025-12-24T00:07:15.000Z",null,null,13,19.5,27.5,0,null
"2025-12-24T00:11:19.000Z",null,null,12.5,19,27,0,null
"2025-12-24T00:15:19.000Z",null,null,13,19.5,36,0,null
"2025-12-24T00:19:19.000Z",null,null,18,25.5,36,337.5,null
"2025-12-24T00:23:23.000Z",null,null,15.5,24,31,337.5,null
"2025-12-24T00:27:23.000Z",null,null,11,24,33,0,null
"2025-12-24T00:31:23.000Z",null,null,6.5,18.5,28.5,0,null
"2025-12-24T00:35:27.000Z",null,null,18,24,38,0,null
"2025-12-24T00:39:27.000Z",null,null,19,26.5,37,0,null
"2025-12-24T00:43:27.000Z",null,null,8.75,16,28.5,0,null
"2025-12-24T00:47:30.000Z",null,null,8.75,19.5,29.5,337.5,null
"2025-12-24T00:51:30.000Z",null,null,11.5,20,28.5,337.5,null
"2025-12-24T00:55:30.000Z",null,null,16,25.5,37,337.5,null
"2025-12-24T00:59:35.000Z",null,null,12,19,28,337.5,null
"2025-12-24T01:03:35.000Z",null,null,16.5,22.5,33,337.5,null
"2025-12-24T01:07:35.000Z",null,null,8.75,22,36.5,0,null
"2025-12-24T01:11:39.000Z",null,null,8.75,20.5,28,0,null
"2025-12-24T01:15:39.000Z",null,null,11,16.5,26,0,null
"2025-12-24T01:19:39.000Z",null,null,13.5,21.5,27,0,null
"2025-12-24T01:23:43.000Z",null,null,12,18.5,27.5,0,null
"2025-12-24T01:27:43.000Z",null,null,9.5,18.5,29,0,null
"2025-12-24T01:31:43.000Z",null,null,12,17.5,27,0,null
"2025-12-24T01:35:47.000Z",null,null,11.5,20.5,27.5,337.5,null
"2025-12-24T01:39:47.000Z",null,null,10.5,21,30.5,0,null
"2025-12-24T01:43:47.000Z",null,null,6,15,26,0,null
"2025-12-24T01:47:51.000Z",null,null,11,20,28.5,0,null
"2025-12-24T01:51:51.000Z",null,null,19,28,39.5,337.5,null
"2025-12-24T01:55:51.000Z",null,null,6.25,21.5,29,337.5,null
"2025-12-24T01:59:56.000Z",null,null,12,20,30,0,null
"2025-12-24T02:03:56.000Z",null,null,13.5,21,28.5,337.5,null
"2025-12-24T02:07:56.000Z",null,null,11,18.5,27,0,null
"2025-12-24T02:11:59.000Z",null,null,14.5,22.5,32.5,337.5,null
"2025-12-24T02:15:59.000Z",null,null,13,22,35,0,null
"2025-12-24T02:19:59.000Z",null,null,15,22,35,0,null
"2025-12-24T02:24:03.000Z",null,null,12.5,21,29,0,null
"2025-12-24T02:28:03.000Z",null,null,18,25.5,32.5,337.5,null
"2025-12-24T02:32:03.000Z",null,null,15,22,34,0,null
"2025-12-24T02:36:08.000Z",null,null,14.5,24,31,0,null
"2025-12-24T02:40:08.000Z",null,null,12.5,19.5,27.5,0,null
"2025-12-24T02:44:08.000Z",null,null,16.5,24.5,34,337.5,null
"2025-12-24T02:48:11.000Z",null,null,17,25,38.5,337.5,null
"2025-12-24T02:52:11.000Z",null,null,15.5,25,39.5,337.5,null
"2025-12-24T02:56:11.000Z",null,null,7.75,21.5,35,337.5,null
"2025-12-24T03:00:16.000Z",null,null,18.5,26.5,34,337.5,null
"2025-12-24T03:04:16.000Z",null,null,14,24.5,31.5,0,null
"2025-12-24T03:08:16.000Z",null,null,7,21.5,37.5,337.5,null
"2025-12-24T03:12:20.000Z",null,null,11,23.5,37,0,null
"2025-12-24T03:16:20.000Z",null,null,19,27,36,337.5,null
"2025-12-24T03:20:20.000Z",null,null,16.5,29,40.5,337.5,null
"2025-12-24T03:24:23.000Z",null,null,12.5,17,26.5,0,null
"2025-12-24T03:28:23.000Z",null,null,11.5,27,37,337.5,null
"2025-12-24T03:32:23.000Z",null,null,8.75,20,30,0,null
"2025-12-24T03:36:27.000Z",null,null,12,22,36,337.5,null
"2025-12-24T03:40:27.000Z",null,null,17.5,23.5,36.5,337.5,null
"2025-12-24T03:44:27.000Z",null,null,17.5,24.5,34,337.5,null
"2025-12-24T03:48:32.000Z",null,null,20.5,28.5,39.5,337.5,null
"2025-12-24T03:52:32.000Z",null,null,16,30,43.5,0,null
"2025-12-24T03:56:32.000Z",null,null,11,25,39,0,null
"2025-12-24T04:00:35.000Z",null,null,19,27,39.5,337.5,null
"2025-12-24T04:04:35.000Z",null,null,18,27,45.5,337.5,null
"2025-12-24T04:08:35.000Z",null,null,15,26,40.5,0,null
"2025-12-24T04:12:39.000Z",null,null,20,27,36,337.5,null
"2025-12-24T04:16:39.000Z",null,null,19,25,34,337.5,null
"2025-12-24T04:20:39.000Z",null,null,19,27.5,35,337.5,null
"2025-12-24T04:24:44.000Z",null,null,19,25.5,35,337.5,null
"2025-12-24T04:28:44.000Z",null,null,15.5,24.5,32.5,337.5,null
"2025-12-24T04:32:44.000Z",null,null,12,24,38.5,337.5,null
"2025-12-24T04:36:48.000Z",null,null,16.5,26,35,337.5,null
"2025-12-24T04:40:48.000Z",null,null,8.25,22.5,39,0,null
"2025-12-24T04:44:48.000Z",null,null,23,30.5,37,0,null
"2025-12-24T04:48:52.000Z",null,null,17.5,25,42.5,337.5,null
"2025-12-24T04:52:52.000Z",null,null,7.75,23,37,337.5,null
"2025-12-24T04:56:52.000Z",null,null,2,24.5,41,337.5,null
"2025-12-24T05:00:56.000Z",null,null,8,19,31.5,337.5,null
"2025-12-24T05:04:56.000Z",null,null,16,25.5,34.5,337.5,null
"2025-12-24T05:08:56.000Z",null,null,13,24.5,31.5,0,null
"2025-12-24T05:13:00.000Z",null,null,14,25.5,39.5,0,null
"2025-12-24T05:17:00.000Z",null,null,16,29,43,0,null
"2025-12-24T05:21:00.000Z",null,null,19.5,25.5,31.5,337.5,null
"2025-12-24T05:25:04.000Z",null,null,16.5,25.5,41.5,337.5,null
"2025-12-24T05:29:04.000Z",null,null,19.5,28,39.5,337.5,null
"2025-12-24T05:33:04.000Z",null,null,13,28.5,38.5,337.5,null
"2025-12-24T05:37:08.000Z",null,null,20.5,30.5,48.5,337.5,null
"2025-12-24T05:41:08.000Z",null,null,13,26.5,42,0,null
"2025-12-24T05:45:08.000Z",null,null,16.5,28,44,337.5,null
"2025-12-24T05:49:12.000Z",null,null,22,34.5,43.5,337.5,null
"2025-12-24T05:53:12.000Z",null,null,18.5,27.5,40.5,337.5,null
"2025-12-24T05:57:12.000Z",null,null,15.5,27.5,42.5,337.5,null
"2025-12-24T06:01:16.000Z",null,null,20,29.5,40,337.5,null
"2025-12-24T06:05:16.000Z",null,null,16,26,44.5,337.5,null
"2025-12-24T06:09:16.000Z",null,null,16.5,26.5,38,337.5,null
"2025-12-24T06:13:20.000Z",null,null,13.5,27.5,45.5,0,null
"2025-12-24T06:17:20.000Z",null,null,12.5,29,46.5,337.5,null
"2025-12-24T06:21:20.000Z",null,null,13.5,26,42,337.5,null
"2025-12-24T06:25:24.000Z",null,null,18,28.5,39.5,337.5,null
"2025-12-24T06:29:24.000Z",null,null,19.5,30.5,40.5,337.5,null
"2025-12-24T06:33:24.000Z",null,null,16.5,27.5,41.5,337.5,null
"2025-12-24T06:37:29.000Z",null,null,20,33.5,48.5,337.5,null
"2025-12-24T06:41:29.000Z",null,null,20,32.5,43,337.5,null
"2025-12-24T06:45:29.000Z",null,null,16.5,31,48.5,337.5,null
"2025-12-24T06:49:32.000Z",null,null,16.5,27.5,41.5,0,null
"2025-12-24T06:53:32.000Z",null,null,19,28,36,337.5,null
"2025-12-24T06:57:32.000Z",null,null,18,27.5,45,0,null
"2025-12-24T07:01:36.000Z",null,null,17.5,27,44,337.5,null
"2025-12-24T07:05:36.000Z",null,null,3.5,22.5,43.5,0,null
"2025-12-24T07:09:36.000Z",null,null,16.5,28.5,41,0,null
"2025-12-24T07:13:41.000Z",null,null,18,28.5,38.5,0,null
"2025-12-24T07:17:41.000Z",null,null,15,23,36,337.5,null
"2025-12-24T07:21:41.000Z",null,null,16,27,38.5,337.5,null
"2025-12-24T07:25:45.000Z",null,null,14,21.5,32.5,0,null
"2025-12-24T07:29:45.000Z",null,null,15,28,42,337.5,null
"2025-12-24T07:33:45.000Z",null,null,14,29.5,44,337.5,null
"2025-12-24T07:37:49.000Z",null,null,20,29,37,337.5,null
"2025-12-24T07:41:49.000Z",null,null,17.5,26.5,34,337.5,null
"2025-12-24T07:45:49.000Z",null,null,12,26,35,337.5,null
"2025-12-24T07:49:53.000Z",null,null,14.5,29,44,337.5,null
"2025-12-24T07:53:53.000Z",null,null,18,26.5,43.5,337.5,null
"2025-12-24T07:57:53.000Z",null,null,16.5,26,39,337.5,null
"2025-12-24T08:01:57.000Z",null,null,14.5,31,40,337.5,null
"2025-12-24T08:05:57.000Z",null,null,12.5,24.5,42,0,null
"2025-12-24T08:09:57.000Z",null,null,15.5,25.5,41,337.5,null
"2025-12-24T08:14:01.000Z",null,null,21,31.5,43,337.5,null
"2025-12-24T08:18:01.000Z",null,null,17,28,43,337.5,null
"2025-12-24T08:22:01.000Z",null,null,20,31.5,40.5,337.5,null
"2025-12-24T08:26:04.000Z",null,null,20.5,27.5,41,337.5,null
"2025-12-24T08:30:04.000Z",null,null,16.5,25,39.5,337.5,null
"2025-12-24T08:34:04.000Z",null,null,21,30,43,337.5,null
"2025-12-24T08:38:09.000Z",null,null,18,26,36,337.5,null
"2025-12-24T08:42:09.000Z",null,null,16,28,43,337.5,null
"2025-12-24T08:46:09.000Z",null,null,11,27.5,39.5,337.5,null
"2025-12-24T08:50:13.000Z",null,null,17,26.5,37.5,337.5,null
"2025-12-24T08:54:13.000Z",null,null,18.5,30.5,48.5,337.5,null
"2025-12-24T08:58:13.000Z",null,null,18,25.5,31.5,337.5,null
"2025-12-24T09:02:17.000Z",null,null,13.5,26,39,337.5,null
"2025-12-24T09:06:17.000Z",null,null,16.5,24.5,37.5,337.5,null
"2025-12-24T09:10:17.000Z",null,null,17.5,25.5,33,337.5,null
"2025-12-24T09:14:21.000Z",null,null,16.5,26.5,46.5,337.5,null
"2025-12-24T09:18:21.000Z",null,null,10,16.5,26,0,null
"2025-12-24T09:22:21.000Z",null,null,12.5,21,38.5,337.5,null
"2025-12-24T09:26:26.000Z",null,null,11.5,24,44,0,null
"2025-12-24T09:30:26.000Z",null,null,14.5,25,37.5,337.5,null
"2025-12-24T09:34:26.000Z",null,null,14,26,42.5,337.5,null
"2025-12-24T09:38:29.000Z",null,null,11,23,36,337.5,null
"2025-12-24T09:42:29.000Z",null,null,18,28,41.5,337.5,null
"2025-12-24T09:46:29.000Z",null,null,13,21,32,337.5,null
"2025-12-24T09:50:33.000Z",null,null,16.5,23.5,34,337.5,null
"2025-12-24T09:54:33.000Z",null,null,15,24.5,41.5,337.5,null
"2025-12-24T09:58:33.000Z",null,null,14.5,23.5,37,0,null
"2025-12-24T10:02:37.000Z",null,null,10,20,39,0,null
"2025-12-24T10:06:37.000Z",null,null,14.5,23,36,337.5,null
"2025-12-24T10:10:37.000Z",null,null,18.5,28.5,49.5,337.5,null
"2025-12-24T10:14:41.000Z",null,null,16.5,22.5,32.5,337.5,null
"2025-12-24T10:18:41.000Z",null,null,18,25,36,337.5,null
"2025-12-24T10:22:41.000Z",null,null,11,25.5,35,0,null
"2025-12-24T10:26:46.000Z",null,null,19,26.5,38,337.5,null
"2025-12-24T10:30:46.000Z",null,null,3.75,24,42,0,null
"2025-12-24T10:34:46.000Z",null,null,16,23,35,337.5,null
"2025-12-24T10:38:49.000Z",null,null,18,27,43,337.5,null
"2025-12-24T10:42:49.000Z",null,null,15.5,26.5,40,0,null
"2025-12-24T10:46:49.000Z",null,null,12,22.5,35,337.5,null
"2025-12-24T10:50:54.000Z",null,null,13,26.5,39.5,337.5,null
"2025-12-24T10:54:54.000Z",null,null,19,26,36,337.5,null
"2025-12-24T10:58:54.000Z",null,null,21,30.5,44,337.5,null
"2025-12-24T11:02:58.000Z",null,null,7.25,18.5,42.5,0,null
"2025-12-24T11:06:58.000Z",null,null,12.5,21.5,33.5,337.5,null
"2025-12-24T11:10:58.000Z",null,null,13.5,26,42,337.5,null
"2025-12-24T11:15:02.000Z",null,null,15,24.5,38,337.5,null
"2025-12-24T11:19:02.000Z",null,null,12.5,22.5,37,337.5,null
"2025-12-24T11:23:02.000Z",null,null,18,25,34,337.5,null
"2025-12-24T11:27:06.000Z",null,null,14.5,23.5,32.5,0,null
"2025-12-24T11:31:06.000Z",null,null,11,25,34,0,null
"2025-12-24T11:35:06.000Z",null,null,19,25.5,34.5,337.5,null
"2025-12-24T11:39:09.000Z",null,null,12.5,21.5,34,337.5,null
"2025-12-24T11:43:09.000Z",null,null,15.5,22,28,337.5,null
"2025-12-24T11:47:09.000Z",null,null,16.5,24.5,39.5,337.5,null
"2025-12-24T11:51:14.000Z",null,null,14.5,22,33.5,337.5,null
"2025-12-24T11:55:14.000Z",null,null,12,23.5,34,337.5,null
"2025-12-24T11:59:14.000Z",null,null,14.5,25,47,337.5,null
"2025-12-24T12:03:18.000Z",null,null,11,24.5,31.5,337.5,null
"2025-12-24T12:07:18.000Z",null,null,7.75,19,37.5,337.5,null
"2025-12-24T12:11:18.000Z",null,null,15.5,24,35,337.5,null
"2025-12-24T12:15:21.000Z",null,null,16,26,35.5,337.5,null
"2025-12-24T12:19:21.000Z",null,null,21,27.5,39.5,337.5,null
"2025-12-24T12:23:21.000Z",null,null,12.5,25.5,39.5,337.5,null
"2025-12-24T12:27:26.000Z",null,null,15.5,20.5,34.5,337.5,null
"2025-12-24T12:31:26.000Z",null,null,15.5,23,34,337.5,null
"2025-12-24T12:35:26.000Z",null,null,18.5,25,36,337.5,null
"2025-12-24T12:39:30.000Z",null,null,21.5,26.5,31,337.5,null
"2025-12-24T12:43:30.000Z",null,null,20,27.5,35,337.5,null
"2025-12-24T12:47:30.000Z",null,null,16.5,28.5,46,337.5,null
"2025-12-24T12:51:34.000Z",null,null,18,26,39,337.5,null
"2025-12-24T12:55:34.000Z",null,null,18,25.5,32.5,337.5,null
"2025-12-24T12:59:34.000Z",null,null,14,23,34,0,null
"2025-12-24T13:03:38.000Z",null,null,9,23.5,39,337.5,null
"2025-12-24T13:07:38.000Z",null,null,18.5,26,38.5,337.5,null
"2025-12-24T13:11:38.000Z",null,null,21,28.5,35,337.5,null
"2025-12-24T13:15:42.000Z",null,null,15.5,26.5,43,337.5,null
"2025-12-24T13:19:42.000Z",null,null,21,29,43.5,337.5,null
"2025-12-24T13:23:42.000Z",null,null,19.5,29.5,39,337.5,null
"2025-12-24T13:27:46.000Z",null,null,18.5,25.5,36,337.5,null
"2025-12-24T13:31:46.000Z",null,null,10.5,26,41.5,0,null
"2025-12-24T13:35:46.000Z",null,null,15.5,24,34,337.5,null
"2025-12-24T13:39:50.000Z",null,null,15,26.5,40,337.5,null
"2025-12-24T13:43:50.000Z",null,null,17.5,29.5,42,337.5,null
"2025-12-24T13:47:50.000Z",null,null,18.5,27,44.5,337.5,null
"2025-12-24T14:06:48.000Z",null,null,20.5,27.5,36,0,null
"2025-12-24T14:10:48.000Z",null,null,19.5,30.5,40,337.5,null
"2025-12-24T14:14:48.000Z",null,null,16.5,28,40,0,null
"2025-12-24T14:18:52.000Z",null,null,21,29.5,47,337.5,null
"2025-12-24T14:22:52.000Z",null,null,16.5,29,43,337.5,null
"2025-12-24T14:26:52.000Z",null,null,20.5,28.5,40.5,337.5,null
"2025-12-24T14:30:56.000Z",null,null,16,24.5,35,337.5,null
"2025-12-24T14:34:56.000Z",null,null,20,28.5,48.5,337.5,null
"2025-12-24T14:38:56.000Z",null,null,15.5,24,34.5,0,null
"2025-12-24T14:43:00.000Z",null,null,20,28,37,337.5,null
"2025-12-24T14:47:00.000Z",null,null,19,24.5,30.5,337.5,null
"2025-12-24T14:51:00.000Z",null,null,9.75,24.5,32.5,0,null
"2025-12-24T14:56:50.000Z",null,null,18.5,26.5,37,0,null
"2025-12-24T15:00:50.000Z",null,null,16,26,38.5,337.5,null
"2025-12-24T15:04:50.000Z",null,null,20,28.5,39,337.5,null
"2025-12-24T15:08:55.000Z",null,null,15,25,38.5,337.5,null
"2025-12-24T15:12:55.000Z",null,null,11.5,24.5,37,0,null
"2025-12-24T15:16:55.000Z",null,null,13.5,24.5,35,0,null
"2025-12-24T15:20:58.000Z",null,null,17,25.5,38.5,337.5,null
"2025-12-24T15:24:58.000Z",null,null,20,26.5,38,337.5,null
"2025-12-24T15:28:58.000Z",null,null,18,25.5,32.5,0,null
"2025-12-24T15:33:03.000Z",null,null,12,22,33.5,0,null
"2025-12-24T15:37:03.000Z",null,null,16,25,36,337.5,null
"2025-12-24T15:41:03.000Z",null,null,12,18.5,28,337.5,null
"2025-12-24T15:45:06.000Z",null,null,12,22.5,34.5,337.5,null
"2025-12-24T15:49:06.000Z",null,null,9,17.5,30.5,0,null
"2025-12-24T15:53:06.000Z",null,null,7.75,14,21.5,0,null
"2025-12-24T15:57:11.000Z",null,null,2,7.75,14.5,22.5,null
"2025-12-24T16:01:11.000Z",null,null,4.25,10,15.5,22.5,null
"2025-12-24T16:05:11.000Z",null,null,3.75,9.75,15.5,0,null
"2025-12-24T16:09:15.000Z",null,null,2.5,7.75,15.5,0,null
"2025-12-24T16:13:15.000Z",null,null,1.75,6,10.5,0,null
"2025-12-24T16:17:15.000Z",null,null,5.25,9,14.5,0,null
"2025-12-24T16:21:19.000Z",null,null,5.5,10,14,337.5,null
"2025-12-24T16:25:19.000Z",null,null,2.75,9.75,18,0,null
"2025-12-24T16:29:19.000Z",null,null,9.75,13.5,18,337.5,null
"2025-12-24T16:33:23.000Z",null,null,10,15,20,337.5,null
"2025-12-24T16:37:23.000Z",null,null,9.5,13.5,18.5,337.5,null
"2025-12-24T16:41:23.000Z",null,null,5.5,11,16.5,337.5,null
"2025-12-24T16:45:27.000Z",null,null,9.75,15,20,337.5,null
"2025-12-24T16:49:27.000Z",null,null,9.5,15,25.5,337.5,null
"2025-12-24T16:53:27.000Z",null,null,12.5,18.5,28,337.5,null
"2025-12-24T16:57:30.000Z",null,null,11,16,25,337.5,null
"2025-12-24T17:01:30.000Z",null,null,13,19.5,24.5,337.5,null
"2025-12-24T17:05:30.000Z",null,null,12,19,24,0,null
"2025-12-24T17:09:35.000Z",null,null,15,20,25,337.5,null
"2025-12-24T17:13:35.000Z",null,null,12,18,23.5,337.5,null
"2025-12-24T17:17:35.000Z",null,null,13,18,24,337.5,null
"2025-12-24T17:21:40.000Z",null,null,10,17,24.5,0,null
"2025-12-24T17:25:40.000Z",null,null,12.5,18,22.5,0,null
"2025-12-24T17:29:40.000Z",null,null,11,15.5,20,337.5,null
"2025-12-24T17:33:43.000Z",null,null,13,17,22.5,0,null
"2025-12-24T17:37:43.000Z",null,null,11,16,21,0,null
"2025-12-24T17:41:43.000Z",null,null,15,19,24,0,null
"2025-12-24T17:45:48.000Z",null,null,10.5,16,21.5,0,null
"2025-12-24T17:49:48.000Z",null,null,13,18.5,23.5,0,null
"2025-12-24T17:53:48.000Z",null,null,12,18,22.5,0,null
"2025-12-24T17:57:51.000Z",null,null,11,16.5,24.5,0,null
"2025-12-24T18:01:51.000Z",null,null,9.75,18.5,23.5,0,null
"2025-12-24T18:05:51.000Z",null,null,11,18,22.5,0,null
"2025-12-24T18:09:55.000Z",null,null,12,18.5,25,337.5,null
"2025-12-24T18:13:55.000Z",null,null,13,17,23.5,337.5,null
"2025-12-24T18:17:55.000Z",null,null,12.5,17,21,0,null
"2025-12-24T18:22:00.000Z",null,null,11.5,16.5,23.5,337.5,null
"2025-12-24T18:26:00.000Z",null,null,11,18,24,337.5,null
"2025-12-24T18:30:00.000Z",null,null,14,18.5,24,337.5,null
"2025-12-24T18:34:04.000Z",null,null,15,19.5,24.5,337.5,null
"2025-12-24T18:38:04.000Z",null,null,12,19,25.5,337.5,null
"2025-12-24T18:42:04.000Z",null,null,13.5,18,24.5,0,null
"2025-12-24T18:46:08.000Z",null,null,15.5,20,25.5,337.5,null
"2025-12-24T18:50:08.000Z",null,null,16,22,27,337.5,null
"2025-12-24T18:54:08.000Z",null,null,17,23,29.5,337.5,null
"2025-12-24T18:58:12.000Z",null,null,15,22,26,337.5,null
"2025-12-24T19:02:12.000Z",null,null,16.5,22,29,337.5,null
"2025-12-24T19:06:12.000Z",null,null,17,21,25.5,337.5,null
"2025-12-24T19:10:16.000Z",null,null,16.5,22,27,337.5,null
"2025-12-24T19:14:16.000Z",null,null,18.5,23,27,337.5,null
"2025-12-24T19:18:16.000Z",null,null,21,25,30,337.5,null
"2025-12-24T19:22:19.000Z",null,null,17.5,21,25.5,337.5,null
"2025-12-24T19:26:19.000Z",null,null,15.5,21.5,29,337.5,null
"2025-12-24T19:30:19.000Z",null,null,17.5,20.5,24.5,337.5,null
"2025-12-24T19:34:24.000Z",null,null,16.5,22,25.5,337.5,null
"2025-12-24T19:38:24.000Z",null,null,18.5,22,29,337.5,null
"2025-12-24T19:42:24.000Z",null,null,19,23,28,337.5,null
"2025-12-24T19:46:28.000Z",null,null,18,21.5,25.5,337.5,null
"2025-12-24T19:50:28.000Z",null,null,19,22.5,26.5,337.5,null
"2025-12-24T19:54:28.000Z",null,null,17,22.5,27,337.5,null
"2025-12-24T19:58:32.000Z",null,null,15,18.5,24,337.5,null
"2025-12-24T20:02:32.000Z",null,null,14.5,20.5,27.5,337.5,null
"2025-12-24T20:06:32.000Z",null,null,16,21.5,26,337.5,null
"2025-12-24T20:10:35.000Z",null,null,14.5,19.5,25.5,0,null
"2025-12-24T20:14:35.000Z",null,null,14.5,18.5,24.5,337.5,null
"2025-12-24T20:18:35.000Z",null,null,16,20,26,337.5,null
"2025-12-24T20:22:40.000Z",null,null,13.5,18,22.5,0,null
"2025-12-24T20:26:40.000Z",null,null,12,17,22,0,null
"2025-12-24T20:30:40.000Z",null,null,9.75,16,22.5,0,null
"2025-12-24T20:34:44.000Z",null,null,12.5,17,26,337.5,null
"2025-12-24T20:38:44.000Z",null,null,9.75,16.5,23.5,0,null
"2025-12-24T20:42:44.000Z",null,null,14.5,18.5,23.5,337.5,null
"2025-12-24T20:46:48.000Z",null,null,16,20,24.5,337.5,null
"2025-12-24T20:50:48.000Z",null,null,13,17,21,337.5,null
"2025-12-24T20:54:48.000Z",null,null,13.5,18.5,23,337.5,null
"2025-12-24T20:58:52.000Z",null,null,14.5,19.5,24,337.5,null
"2025-12-24T21:02:52.000Z",null,null,15.5,20,24.5,337.5,null
"2025-12-24T21:06:52.000Z",null,null,12.5,18.5,23.5,337.5,null
"2025-12-24T21:10:56.000Z",null,null,14.5,20,24,337.5,null
"2025-12-24T21:14:56.000Z",null,null,12,18.5,23.5,337.5,null
"2025-12-24T21:18:56.000Z",null,null,16.5,20,24,337.5,null
"2025-12-24T21:23:01.000Z",null,null,11.5,17,22.5,337.5,null
"2025-12-24T21:27:01.000Z",null,null,13,18,23.5,337.5,null
"2025-12-24T21:31:01.000Z",null,null,13,19,22.5,0,null
"2025-12-24T21:35:04.000Z",null,null,13.5,18,24,0,null
"2025-12-24T21:39:04.000Z",null,null,8,15,20.5,0,null
"2025-12-24T21:43:04.000Z",null,null,6.5,14,20,0,null
"2025-12-24T21:47:08.000Z",null,null,9.5,15,20.5,0,null
"2025-12-24T21:51:08.000Z",null,null,8.75,13.5,18.5,0,null
"2025-12-24T21:55:08.000Z",null,null,9.75,14.5,19,0,null
"2025-12-24T21:59:12.000Z",null,null,10.5,15.5,19,0,null
"2025-12-24T22:03:12.000Z",null,null,13,17.5,22.5,0,null
"2025-12-24T22:07:12.000Z",null,null,11,16.5,22.5,0,null
"2025-12-24T22:11:17.000Z",null,null,12.5,16,23,0,null
"2025-12-24T22:15:17.000Z",null,null,12,17,22.5,0,null
"2025-12-24T22:19:17.000Z",null,null,12,16.5,21.5,0,null
"2025-12-24T22:23:21.000Z",null,null,11.5,15.5,20,0,null
"2025-12-24T22:27:21.000Z",null,null,7.75,13,16,22.5,null
"2025-12-24T22:31:21.000Z",null,null,7.75,13.5,19,0,null
"2025-12-24T22:35:24.000Z",null,null,9.5,15.5,20,0,null
"2025-12-24T22:39:24.000Z",null,null,13,17,23,0,null
"2025-12-24T22:43:24.000Z",null,null,13.5,18,21.5,0,null
"2025-12-24T22:47:29.000Z",null,null,9,15,19.5,22.5,null
"2025-12-24T22:51:29.000Z",null,null,8.25,14.5,22,0,null
"2025-12-24T22:55:29.000Z",null,null,8,14,22,0,null
"2025-12-24T22:59:33.000Z",null,null,7.25,12.5,20,0,null
"2025-12-24T23:03:33.000Z",null,null,12,17,26,337.5,null
"2025-12-24T23:07:33.000Z",null,null,6,12.5,23.5,0,null
"2025-12-24T23:11:37.000Z",null,null,8.25,12.5,17.5,0,null
"2025-12-24T23:15:37.000Z",null,null,5.25,13.5,21,0,null
"2025-12-24T23:19:37.000Z",null,null,8.25,14,18.5,0,null
"2025-12-24T23:23:40.000Z",null,null,8,15.5,23.5,0,null
"2025-12-24T23:27:40.000Z",null,null,8,13.5,18.5,0,null
"2025-12-24T23:31:40.000Z",null,null,7.75,14,19,337.5,null
"2025-12-24T23:35:45.000Z",null,null,8.75,14,19,0,null
"2025-12-24T23:39:45.000Z",null,null,9,16.5,27,0,null
"2025-12-24T23:43:45.000Z",null,null,12.5,19.5,27,0,null
"2025-12-24T23:47:48.000Z",null,null,9.75,19,27,0,null
"2025-12-24T23:51:48.000Z",null,null,7.25,14,19.5,0,null
"2025-12-24T23:55:48.000Z",null,null,12,18,22.5,0,null
"2025-12-24T23:59:53.000Z",null,null,9.5,14.5,22,0,null
"2025-12-25T00:03:53.000Z",null,null,10.5,19,28,0,null
"2025-12-25T00:07:53.000Z",null,null,9.75,15.5,24,0,null
"2025-12-25T00:11:57.000Z",null,null,11,17,22.5,0,null
"2025-12-25T00:15:57.000Z",null,null,13,22,33.5,0,null
"2025-12-25T00:19:57.000Z",null,null,12,27.5,37,0,null
"2025-12-25T00:24:01.000Z",null,null,9.75,15.5,23.5,0,null
"2025-12-25T00:28:01.000Z",null,null,12,17,23.5,0,null
"2025-12-25T00:32:01.000Z",null,null,14.5,23,32.5,0,null
"2025-12-25T00:36:05.000Z",null,null,9,18,28.5,337.5,null
"2025-12-25T00:40:05.000Z",null,null,11.5,22,35.5,337.5,null
"2025-12-25T00:44:05.000Z",null,null,12.5,21.5,29.5,337.5,null
"2025-12-25T00:48:09.000Z",null,null,15,24,30.5,0,null
"2025-12-25T00:52:09.000Z",null,null,9.5,16,26.5,0,null
"2025-12-25T00:56:09.000Z",null,null,7,15.5,23.5,22.5,null
"2025-12-25T01:00:13.000Z",null,null,11.5,20.5,30.5,0,null
"2025-12-25T01:04:13.000Z",null,null,10.5,18.5,27.5,0,null
"2025-12-25T01:08:13.000Z",null,null,12,18.5,26.5,0,null
"2025-12-25T01:12:17.000Z",null,null,11,20.5,30,0,null
"2025-12-25T01:16:17.000Z",null,null,11,22,34,0,null
"2025-12-25T01:20:17.000Z",null,null,16.5,25,35,337.5,null
"2025-12-25T01:24:22.000Z",null,null,11,26,35,0,null
"2025-12-25T01:28:22.000Z",null,null,5.25,14.5,24.5,0,null
"2025-12-25T01:32:22.000Z",null,null,12.5,16.5,25.5,0,null
"2025-12-25T01:36:26.000Z",null,null,10,16.5,28,0,null
"2025-12-25T01:40:26.000Z",null,null,2.75,11,19.5,22.5,null
"2025-12-25T01:44:26.000Z",null,null,9.5,16,20.5,0,null
"2025-12-25T01:48:29.000Z",null,null,13,18,22,0,null
"2025-12-25T01:52:29.000Z",null,null,4.5,13,20,22.5,null
"2025-12-25T01:56:29.000Z",null,null,4.25,9.25,14.5,22.5,null
"2025-12-25T02:00:34.000Z",null,null,3.5,7.25,12,22.5,null
"2025-12-25T02:04:34.000Z",null,null,5.25,9,15.5,22.5,null
"2025-12-25T02:08:34.000Z",null,null,7.25,11.5,16,0,null
"2025-12-25T02:12:37.000Z",null,null,8.75,13,19,22.5,null
"2025-12-25T02:16:37.000Z",null,null,7,11.5,17,22.5,null
"2025-12-25T02:20:37.000Z",null,null,5.25,12.5,19.5,22.5,null
"2025-12-25T02:24:41.000Z",null,null,3.25,13,18,22.5,null
"2025-12-25T02:28:41.000Z",null,null,5.5,13,24.5,22.5,null
"2025-12-25T02:32:41.000Z",null,null,7,14.5,23.5,0,null
"2025-12-25T02:36:46.000Z",null,null,7.75,16.5,27,22.5,null
"2025-12-25T02:40:46.000Z",null,null,7,14,25,22.5,null
"2025-12-25T02:44:46.000Z",null,null,7.25,16.5,25.5,0,null
"2025-12-25T02:48:50.000Z",null,null,8.75,15.5,26,22.5,null
"2025-12-25T02:52:50.000Z",null,null,7.25,15.5,25,22.5,null
"2025-12-25T02:56:50.000Z",null,null,11,18,29.5,22.5,null
"2025-12-25T03:00:54.000Z",null,null,7.25,13.5,25,22.5,null
"2025-12-25T03:04:54.000Z",null,null,7,16.5,24.5,22.5,null
"2025-12-25T03:08:54.000Z",null,null,6,18.5,34,22.5,null
"2025-12-25T03:12:58.000Z",null,null,2.75,16.5,36,22.5,null
"2025-12-25T03:16:58.000Z",null,null,4.25,15.5,31,22.5,null
"2025-12-25T03:20:58.000Z",null,null,8.25,21.5,36,22.5,null
"2025-12-25T03:25:02.000Z",null,null,4.25,16,29,22.5,null
"2025-12-25T03:29:02.000Z",null,null,7,16,31,22.5,null
"2025-12-25T03:33:02.000Z",null,null,10.5,19.5,32,22.5,null
"2025-12-25T03:37:06.000Z",null,null,3.75,16.5,29,22.5,null
"2025-12-25T03:41:06.000Z",null,null,5.25,18,33.5,22.5,null
"2025-12-25T03:45:06.000Z",null,null,12,25,38,22.5,null
"2025-12-25T03:49:10.000Z",null,null,11.5,21.5,38.5,22.5,null
"2025-12-25T03:53:10.000Z",null,null,5.5,17.5,35.5,45,null
"2025-12-25T03:57:10.000Z",null,null,4.5,17,39.5,22.5,null
"2025-12-25T03:49:10.000Z",null,null,11.5,21.5,38.5,22.5,null
"2025-12-25T03:53:10.000Z",null,null,5.5,17.5,35.5,45,null
"2025-12-25T03:57:10.000Z",null,null,4.5,17,39.5,22.5,null
"2025-12-25T04:01:14.000Z",null,null,11,22.5,38,22.5,null
"2025-12-25T04:05:14.000Z",null,null,6.25,14.5,23.5,22.5,null
"2025-12-25T04:09:14.000Z",null,null,1.5,10,21.5,45,null
"2025-12-25T04:13:18.000Z",null,null,6,14,25.5,45,null
"2025-12-25T04:17:18.000Z",null,null,3.25,12,22,45,null
"2025-12-25T04:21:18.000Z",null,null,4.5,11.5,23,45,null
"2025-12-25T04:25:22.000Z",null,null,5.5,18,38.5,22.5,null
"2025-12-25T04:29:22.000Z",null,null,2,12.5,32.5,22.5,null
"2025-12-25T04:33:22.000Z",null,null,4.25,10.5,19,22.5,null
"2025-12-25T04:37:26.000Z",null,null,2.75,8.5,15.5,0,null
"2025-12-25T04:41:26.000Z",null,null,7,11,19.5,22.5,null
"2025-12-25T04:45:26.000Z",null,null,5.5,11,17.5,22.5,null
"2025-12-25T04:49:30.000Z",null,null,5.25,9.5,19,22.5,null
"2025-12-25T04:53:30.000Z",null,null,2.75,6.75,12,45,null
"2025-12-25T04:57:30.000Z",null,null,3.5,8.75,15,45,null
"2025-12-25T05:01:35.000Z",null,null,3.25,9.25,17,22.5,null
"2025-12-25T05:05:35.000Z",null,null,1,5.5,17.5,22.5,null
"2025-12-25T05:09:35.000Z",null,null,2,10.5,19,22.5,null
"2025-12-25T05:13:38.000Z",null,null,0.75,5.5,11,45,null
"2025-12-25T05:17:38.000Z",null,null,0,5.75,11.5,22.5,null
"2025-12-25T05:21:38.000Z",null,null,3.5,7.75,11.5,22.5,null
"2025-12-25T05:25:43.000Z",null,null,2.75,6,9,0,null
"2025-12-25T05:29:43.000Z",null,null,0.25,8.75,19.5,0,null
"2025-12-25T05:33:43.000Z",null,null,0.75,9.25,23,22.5,null
"2025-12-25T05:37:46.000Z",null,null,4.25,9.5,17.5,22.5,null
"2025-12-25T05:41:46.000Z",null,null,2,9.75,19,22.5,null
"2025-12-25T05:45:46.000Z",null,null,1.5,5.75,11,45,null
"2025-12-25T05:49:50.000Z",null,null,1.75,7,13,22.5,null
"2025-12-25T05:53:50.000Z",null,null,2.5,11,19.5,22.5,null
"2025-12-25T05:57:50.000Z",null,null,5.25,11,21,22.5,null
"2025-12-25T06:01:54.000Z",null,null,7.75,16,26.5,22.5,null
"2025-12-25T06:05:54.000Z",null,null,8.75,17.5,32.5,22.5,null
"2025-12-25T06:09:54.000Z",null,null,8,17,29.5,22.5,null
"2025-12-25T06:13:58.000Z",null,null,8.75,17.5,31,22.5,null
"2025-12-25T06:17:58.000Z",null,null,9.75,17.5,29,22.5,null
"2025-12-25T06:21:58.000Z",null,null,8,14,23.5,22.5,null
"2025-12-25T06:26:03.000Z",null,null,10,15.5,24,0,null
"2025-12-25T06:30:03.000Z",null,null,3.5,15.5,24,0,null
"2025-12-25T06:34:03.000Z",null,null,5.25,12.5,19.5,22.5,null
"2025-12-25T06:38:06.000Z",null,null,9,16,27,22.5,null
"2025-12-25T06:42:06.000Z",null,null,6.5,15,23.5,22.5,null
"2025-12-25T06:46:06.000Z",null,null,8.25,16.5,28,22.5,null
"2025-12-25T06:50:11.000Z",null,null,10.5,19.5,32.5,22.5,null
"2025-12-25T06:54:11.000Z",null,null,12,19.5,32.5,22.5,null
"2025-12-25T06:58:11.000Z",null,null,11,19,29,22.5,null
"2025-12-25T07:02:15.000Z",null,null,6,18.5,34,22.5,null
"2025-12-25T07:06:15.000Z",null,null,4.5,15.5,25,22.5,null
"2025-12-25T07:10:15.000Z",null,null,8.75,17,28,22.5,null
"2025-12-25T07:14:19.000Z",null,null,8.25,17.5,27,22.5,null
"2025-12-25T07:18:19.000Z",null,null,11,21,31.5,22.5,null
"2025-12-25T07:22:19.000Z",null,null,12,19,30.5,22.5,null
"2025-12-25T07:26:23.000Z",null,null,8,17.5,32,22.5,null
"2025-12-25T07:30:23.000Z",null,null,6.5,16,25,22.5,null
"2025-12-25T07:34:23.000Z",null,null,4.5,14.5,22.5,22.5,null
"2025-12-25T07:38:27.000Z",null,null,11.5,19.5,28,22.5,null
"2025-12-25T07:42:27.000Z",null,null,11,20,35.5,22.5,null
"2025-12-25T07:46:27.000Z",null,null,9,16.5,31.5,22.5,null
"2025-12-25T07:50:31.000Z",null,null,7.25,18.5,31.5,22.5,null
"2025-12-25T07:54:31.000Z",null,null,7.25,17.5,30,22.5,null
"2025-12-25T07:58:31.000Z",null,null,7.75,16.5,26.5,0,null
"2025-12-25T08:02:35.000Z",null,null,4.75,16.5,36,22.5,null
"2025-12-25T08:06:35.000Z",null,null,7.75,16.5,29,22.5,null
"2025-12-25T08:10:35.000Z",null,null,8,15,21,22.5,null
"2025-12-25T08:14:39.000Z",null,null,7,16.5,29,22.5,null
"2025-12-25T08:18:39.000Z",null,null,5.5,15.5,21,22.5,null
"2025-12-25T08:22:39.000Z",null,null,8,15,21,22.5,null
"2025-12-25T08:26:43.000Z",null,null,9,15,21.5,22.5,null
"2025-12-25T08:30:43.000Z",null,null,7,16.5,25,22.5,null
"2025-12-25T08:34:43.000Z",null,null,3.25,16.5,27.5,22.5,null
"2025-12-25T08:38:48.000Z",null,null,8.25,18,29.5,22.5,null
"2025-12-25T08:42:48.000Z",null,null,4.25,14.5,26,22.5,null
"2025-12-25T08:46:48.000Z",null,null,11.5,17.5,25,22.5,null
"2025-12-25T08:50:52.000Z",null,null,7,18,30,45,null
"2025-12-25T08:54:52.000Z",null,null,7.75,12.5,19.5,22.5,null
"2025-12-25T08:58:52.000Z",null,null,7.25,17,24.5,22.5,null
"2025-12-25T09:02:56.000Z",null,null,8.75,15.5,28,22.5,null
"2025-12-25T09:06:56.000Z",null,null,5.25,12.5,29.5,22.5,null
"2025-12-25T09:10:56.000Z",null,null,3.75,12,18.5,22.5,null
"2025-12-25T09:14:59.000Z",null,null,11,17,27,22.5,null
"2025-12-25T09:18:59.000Z",null,null,6.25,13.5,22,22.5,null
"2025-12-25T09:22:59.000Z",null,null,5.5,15,26.5,22.5,null
"2025-12-25T09:27:04.000Z",null,null,6.5,16.5,23.5,22.5,null
"2025-12-25T09:31:04.000Z",null,null,8.25,14.5,21,0,null
"2025-12-25T09:35:04.000Z",null,null,6,17.5,29.5,22.5,null
"2025-12-25T09:39:07.000Z",null,null,11,19.5,27,22.5,null
"2025-12-25T09:43:07.000Z",null,null,12.5,22.5,35,22.5,null
"2025-12-25T09:47:07.000Z",null,null,9.5,19.5,36,22.5,null
"2025-12-25T09:51:12.000Z",null,null,11,20.5,31,22.5,null
"2025-12-25T09:55:12.000Z",null,null,6,17.5,34,22.5,null
"2025-12-25T09:59:12.000Z",null,null,9.5,20,36,22.5,null
"2025-12-25T10:03:15.000Z",null,null,14.5,24,34.5,22.5,null
"2025-12-25T10:07:15.000Z",null,null,9.75,22.5,42,22.5,null
"2025-12-25T10:11:15.000Z",null,null,13,20.5,30.5,45,null
"2025-12-25T10:15:20.000Z",null,null,7.75,21,35.5,22.5,null
"2025-12-25T10:19:20.000Z",null,null,12,20.5,31.5,22.5,null
"2025-12-25T10:23:20.000Z",null,null,9.5,20.5,30.5,22.5,null
"2025-12-25T10:27:24.000Z",null,null,7,18.5,36,45,null
"2025-12-25T10:31:24.000Z",null,null,4.25,23,38,22.5,null
"2025-12-25T10:35:24.000Z",null,null,3.75,24,37.5,22.5,null
"2025-12-25T10:39:28.000Z",null,null,6.5,22,33.5,45,null
"2025-12-25T10:43:28.000Z",null,null,6,17.5,35,22.5,null
"2025-12-25T10:47:28.000Z",null,null,7.75,21,38,45,null
"2025-12-25T10:51:32.000Z",null,null,17,26.5,38.5,45,null
"2025-12-25T10:55:32.000Z",null,null,8.25,20.5,33,45,null
"2025-12-25T10:59:32.000Z",null,null,7.25,18.5,32.5,22.5,null
"2025-12-25T11:03:36.000Z",null,null,11,23.5,38,45,null
"2025-12-25T11:07:36.000Z",null,null,12,22.5,34,22.5,null
"2025-12-25T11:11:36.000Z",null,null,11,19,28.5,22.5,null
"2025-12-25T11:15:40.000Z",null,null,8,19.5,34,22.5,null
"2025-12-25T11:19:40.000Z",null,null,7,14,24.5,22.5,null
"2025-12-25T11:23:40.000Z",null,null,5.25,15.5,33,22.5,null
"2025-12-25T11:27:44.000Z",null,null,12,21,31.5,22.5,null
"2025-12-25T11:31:44.000Z",null,null,7,16.5,32.5,45,null
"2025-12-25T11:35:44.000Z",null,null,8.25,20.5,32.5,22.5,null
"2025-12-25T11:39:48.000Z",null,null,6,19,31.5,45,null
"2025-12-25T11:43:48.000Z",null,null,11,21,35,45,null
"2025-12-25T11:47:48.000Z",null,null,9.75,20.5,30.5,22.5,null
"2025-12-25T11:51:52.000Z",null,null,6,15,29.5,45,null
"2025-12-25T11:55:52.000Z",null,null,7.75,19,31,22.5,null
"2025-12-25T11:59:52.000Z",null,null,14,22,35,22.5,null
"2025-12-25T12:03:56.000Z",null,null,8.25,21,34,22.5,null
"2025-12-25T12:07:56.000Z",null,null,1,9.75,18.5,22.5,null
"2025-12-25T12:11:56.000Z",null,null,8.25,16,33.5,45,null
"2025-12-25T12:16:01.000Z",null,null,5.25,18.5,36,45,null
"2025-12-25T12:20:01.000Z",null,null,12,21,33.5,22.5,null
"2025-12-25T12:24:01.000Z",null,null,8.75,19.5,30,22.5,null
"2025-12-25T12:28:04.000Z",null,null,8.75,19,31,22.5,null
"2025-12-25T12:32:04.000Z",null,null,7,16,26,45,null
"2025-12-25T12:36:04.000Z",null,null,10,21,29.5,22.5,null
"2025-12-25T12:40:08.000Z",null,null,12,20.5,30.5,22.5,null
"2025-12-25T12:44:08.000Z",null,null,6.5,13.5,26,0,null
"2025-12-25T12:48:08.000Z",null,null,3.75,20,34,22.5,null
"2025-12-25T12:52:12.000Z",null,null,5.5,21,38.5,45,null
"2025-12-25T12:56:12.000Z",null,null,10,20.5,32.5,45,null
"2025-12-25T13:00:12.000Z",null,null,6,17,27.5,22.5,null
"2025-12-25T13:04:16.000Z",null,null,3.25,16,26,0,null
"2025-12-25T13:08:16.000Z",null,null,13,24,38.5,22.5,null
"2025-12-25T13:12:16.000Z",null,null,9.5,19,30.5,45,null
"2025-12-25T13:16:21.000Z",null,null,8,17.5,28,45,null
"2025-12-25T13:20:21.000Z",null,null,3.75,17.5,30.5,22.5,null
"2025-12-25T13:24:21.000Z",null,null,3.5,11,22,45,null
"2025-12-25T13:28:24.000Z",null,null,4.25,17,28,45,null
"2025-12-25T13:32:24.000Z",null,null,6.25,13.5,23.5,45,null
"2025-12-25T13:36:24.000Z",null,null,8,15.5,25,22.5,null
"2025-12-25T13:40:28.000Z",null,null,6.25,16,27,22.5,null
"2025-12-25T13:44:28.000Z",null,null,2.75,14,28.5,22.5,null
"2025-12-25T13:48:28.000Z",null,null,3.75,20,34.5,22.5,null
"2025-12-25T14:07:28.000Z",null,null,4.25,13.5,23,22.5,null
"2025-12-25T14:11:28.000Z",null,null,3.25,12.5,27,45,null
"2025-12-25T14:15:28.000Z",null,null,4.75,14,26,22.5,null
"2025-12-25T14:19:31.000Z",null,null,0,12,23,22.5,null
"2025-12-25T14:23:31.000Z",null,null,3.25,10,31,22.5,null
"2025-12-25T14:27:31.000Z",null,null,1.5,10,22.5,22.5,null
"2025-12-25T14:31:35.000Z",null,null,4.5,10.5,19,0,null
"2025-12-25T14:35:35.000Z",null,null,9,16,22,22.5,null
"2025-12-25T14:39:35.000Z",null,null,0.25,6.25,11.5,22.5,null
"2025-12-25T14:43:39.000Z",null,null,5.5,11.5,18,22.5,null
"2025-12-25T14:47:39.000Z",null,null,6.5,16,29,22.5,null
"2025-12-25T14:51:39.000Z",null,null,7.75,18.5,30,22.5,null
"2025-12-25T14:57:29.000Z",null,null,3.75,18.5,38.5,45,null
"2025-12-25T15:01:29.000Z",null,null,6.25,14.5,24,0,null
"2025-12-25T15:05:29.000Z",null,null,6.5,12.5,20.5,45,null
"2025-12-25T15:09:34.000Z",null,null,5.5,11.5,25.5,22.5,null
"2025-12-25T15:13:34.000Z",null,null,2.75,13,22.5,22.5,null
"2025-12-25T15:17:34.000Z",null,null,4.25,12,27.5,22.5,null
"2025-12-25T15:21:37.000Z",null,null,5.5,16,37.5,45,null
"2025-12-25T15:25:37.000Z",null,null,0.75,13,24.5,22.5,null
"2025-12-25T15:29:37.000Z",null,null,0.25,14.5,27.5,22.5,null
"2025-12-25T15:33:42.000Z",null,null,4.75,14.5,27,45,null
"2025-12-25T15:37:42.000Z",null,null,8.25,16,33,22.5,null
"2025-12-25T15:41:42.000Z",null,null,1.75,10.5,20.5,0,null
"2025-12-25T15:45:45.000Z",null,null,0.75,10,21.5,22.5,null
"2025-12-25T15:49:45.000Z",null,null,4.75,20,35,22.5,null
"2025-12-25T15:53:45.000Z",null,null,3.25,12.5,24.5,45,null
"2025-12-25T15:57:49.000Z",null,null,8.75,17.5,24,22.5,null
"2025-12-25T16:01:49.000Z",null,null,6.25,15.5,26,45,null
"2025-12-25T16:05:49.000Z",null,null,6.5,16.5,30,22.5,null
"2025-12-25T16:09:53.000Z",null,null,4.75,15,24.5,45,null
"2025-12-25T16:13:53.000Z",null,null,3.5,16.5,25.5,45,null
"2025-12-25T16:17:53.000Z",null,null,0,13.5,27,22.5,null
"2025-12-25T16:21:57.000Z",null,null,7.25,16.5,23.5,22.5,null
"2025-12-25T16:25:57.000Z",null,null,3.25,7.5,14.5,45,null
"2025-12-25T16:29:57.000Z",null,null,8.25,15,26,45,null
"2025-12-25T16:34:02.000Z",null,null,3.75,12.5,24.5,45,null
"2025-12-25T16:38:02.000Z",null,null,5.5,16,30.5,0,null
"2025-12-25T16:42:02.000Z",null,null,2.75,13.5,23.5,45,null
"2025-12-25T16:46:06.000Z",null,null,1,11,26.5,22.5,null
"2025-12-25T16:50:06.000Z",null,null,5.5,15,24.5,22.5,null
"2025-12-25T16:54:06.000Z",null,null,7,13,20,22.5,null
"2025-12-25T16:58:10.000Z",null,null,7.75,17,28,45,null
"2025-12-25T17:02:10.000Z",null,null,7.25,12,16.5,22.5,null
"2025-12-25T17:06:10.000Z",null,null,6.25,11.5,16.5,22.5,null
"2025-12-25T17:10:14.000Z",null,null,8.25,17,27,22.5,null
"2025-12-25T17:14:14.000Z",null,null,7.25,18.5,29,22.5,null
"2025-12-25T17:18:14.000Z",null,null,9,18.5,28,22.5,null
"2025-12-25T17:22:17.000Z",null,null,7.25,14.5,21.5,22.5,null
"2025-12-25T17:26:17.000Z",null,null,8,19,34,22.5,null
"2025-12-25T17:30:17.000Z",null,null,9.5,18,33.5,22.5,null
"2025-12-25T17:34:22.000Z",null,null,4.25,17,35,22.5,null
"2025-12-25T17:38:22.000Z",null,null,11,20.5,31,22.5,null
"2025-12-25T17:42:22.000Z",null,null,9.75,19,29,22.5,null
"2025-12-25T17:46:26.000Z",null,null,7.75,18,29,22.5,null
"2025-12-25T17:50:26.000Z",null,null,10.5,21,32,22.5,null
"2025-12-25T17:54:26.000Z",null,null,7.75,18.5,29.5,22.5,null
"2025-12-25T17:58:30.000Z",null,null,12.5,19.5,29,22.5,null
"2025-12-25T18:02:30.000Z",null,null,10.5,22,32,22.5,null
"2025-12-25T18:06:30.000Z",null,null,7,22,39,22.5,null
"2025-12-25T18:10:34.000Z",null,null,7.75,21.5,39.5,45,null
"2025-12-25T18:14:34.000Z",null,null,13,19.5,31.5,45,null
"2025-12-25T18:18:34.000Z",null,null,13,22.5,33,22.5,null
"2025-12-25T18:22:38.000Z",null,null,9.5,19,30.5,22.5,null
"2025-12-25T18:26:38.000Z",null,null,7.25,18,28,22.5,null
"2025-12-25T18:30:38.000Z",null,null,11.5,20.5,31,22.5,null
"2025-12-25T18:34:43.000Z",null,null,6,15.5,29.5,22.5,null
"2025-12-25T18:38:43.000Z",null,null,11,22,36.5,22.5,null
"2025-12-25T18:42:43.000Z",null,null,10,22,35,22.5,null
"2025-12-25T18:46:47.000Z",null,null,9,20.5,35,22.5,null
"2025-12-25T18:50:47.000Z",null,null,11,20.5,33,22.5,null
"2025-12-25T18:54:47.000Z",null,null,10,20,29.5,22.5,null
"2025-12-25T18:58:51.000Z",null,null,7,15.5,29.5,22.5,null
"2025-12-25T19:02:51.000Z",null,null,9,19.5,34,22.5,null
"2025-12-25T19:06:51.000Z",null,null,13.5,23,36,22.5,null
"2025-12-25T19:10:54.000Z",null,null,11,20.5,30.5,22.5,null
"2025-12-25T19:14:54.000Z",null,null,10,18,28.5,22.5,null
"2025-12-25T19:18:54.000Z",null,null,7.75,19.5,37.5,45,null
"2025-12-25T19:22:59.000Z",null,null,9.5,18,33.5,45,null
"2025-12-25T19:26:59.000Z",null,null,7,17,26.5,45,null
"2025-12-25T19:30:59.000Z",null,null,12.5,21.5,32.5,22.5,null
"2025-12-25T19:35:03.000Z",null,null,9.5,21.5,35,22.5,null
"2025-12-25T19:39:03.000Z",null,null,10,17,31.5,22.5,null
"2025-12-25T19:43:03.000Z",null,null,7,18.5,35,22.5,null
"2025-12-25T19:47:07.000Z",null,null,6.5,18,29,22.5,null
"2025-12-25T19:51:07.000Z",null,null,11,18,25.5,22.5,null
"2025-12-25T19:55:07.000Z",null,null,10.5,19.5,32.5,22.5,null
"2025-12-25T19:59:11.000Z",null,null,9.5,19.5,34,22.5,null
"2025-12-25T20:03:11.000Z",null,null,10.5,18.5,32,22.5,null
"2025-12-25T20:07:11.000Z",null,null,9.5,20.5,32.5,22.5,null
"2025-12-25T20:11:14.000Z",null,null,9.5,18.5,28,45,null
"2025-12-25T20:15:14.000Z",null,null,8.25,17.5,29.5,22.5,null
"2025-12-25T20:19:14.000Z",null,null,9.5,19.5,28,45,null
"2025-12-25T20:23:19.000Z",null,null,11,20,28.5,22.5,null
"2025-12-25T20:27:19.000Z",null,null,6.5,20,38,22.5,null
"2025-12-25T20:31:19.000Z",null,null,8.25,16.5,31.5,45,null
"2025-12-25T20:35:23.000Z",null,null,12,20.5,33.5,22.5,null
"2025-12-25T20:39:23.000Z",null,null,12,22.5,32.5,22.5,null
"2025-12-25T20:43:23.000Z",null,null,8.25,18.5,29,45,null
"2025-12-25T20:47:27.000Z",null,null,11.5,20,32.5,22.5,null
"2025-12-25T20:51:27.000Z",null,null,10,19.5,35,22.5,null
"2025-12-25T20:55:27.000Z",null,null,9,23,37,45,null
"2025-12-25T20:59:31.000Z",null,null,11.5,23,36,45,null
"2025-12-25T21:03:31.000Z",null,null,1,11,22,45,null
"2025-12-25T21:07:31.000Z",null,null,7.25,20,30.5,22.5,null
"2025-12-25T21:11:34.000Z",null,null,3.5,19,40.5,45,null
"2025-12-25T21:15:34.000Z",null,null,10.5,22.5,34.5,45,null
"2025-12-25T21:19:34.000Z",null,null,3.75,18,33,45,null
"2025-12-25T21:23:39.000Z",null,null,13.5,22,36,45,null
"2025-12-25T21:27:39.000Z",null,null,10.5,19,29,22.5,null
"2025-12-25T21:31:39.000Z",null,null,12,21,29,22.5,null
"2025-12-25T21:35:43.000Z",null,null,10.5,20,37,45,null
"2025-12-25T21:39:43.000Z",null,null,11,19.5,31.5,22.5,null
"2025-12-25T21:43:43.000Z",null,null,8,22.5,37.5,45,null
"2025-12-25T21:47:47.000Z",null,null,11,22.5,36,22.5,null
"2025-12-25T21:51:47.000Z",null,null,8.75,21.5,30.5,45,null
"2025-12-25T21:55:47.000Z",null,null,12.5,23.5,33.5,22.5,null
"2025-12-25T21:59:51.000Z",null,null,9.75,20,35.5,22.5,null
"2025-12-25T22:03:51.000Z",null,null,11,19,30.5,22.5,null
"2025-12-25T22:07:51.000Z",null,null,8,18.5,33.5,22.5,null
"2025-12-25T22:11:56.000Z",null,null,11,23.5,35,45,null
"2025-12-25T22:15:56.000Z",null,null,8.25,22,39.5,45,null
"2025-12-25T22:19:56.000Z",null,null,7.25,22.5,38,45,null
"2025-12-25T22:23:59.000Z",null,null,14,23,33,45,null
"2025-12-25T22:27:59.000Z",null,null,9,18,28,22.5,null
"2025-12-25T22:31:59.000Z",null,null,11.5,21,30.5,45,null
"2025-12-25T22:36:03.000Z",null,null,12,21.5,33,45,null
"2025-12-25T22:40:03.000Z",null,null,13,22,33,45,null
"2025-12-25T22:44:03.000Z",null,null,12,22.5,34,22.5,null
"2025-12-25T22:48:07.000Z",null,null,8,21,34.5,22.5,null
"2025-12-25T22:52:07.000Z",null,null,8,21.5,34,45,null
"2025-12-25T22:56:07.000Z",null,null,6.5,15,26,22.5,null
"2025-12-25T23:00:11.000Z",null,null,10,16.5,27,22.5,null
"2025-12-25T23:04:11.000Z",null,null,10,18,25,45,null
"2025-12-25T23:08:11.000Z",null,null,6.5,14.5,25,22.5,null
"2025-12-25T23:12:16.000Z",null,null,8.75,17.5,30,22.5,null
"2025-12-25T23:16:16.000Z",null,null,12,22,31.5,22.5,null
"2025-12-25T23:20:16.000Z",null,null,4.5,17.5,35,45,null
"2025-12-25T23:24:20.000Z",null,null,4.75,12,31.5,22.5,null
"2025-12-25T23:28:20.000Z",null,null,4.5,13.5,32.5,22.5,null
"2025-12-25T23:32:20.000Z",null,null,4.25,18,29,45,null
"2025-12-25T23:36:24.000Z",null,null,5.25,17,28.5,45,null
"2025-12-25T23:40:24.000Z",null,null,9.5,20.5,31.5,22.5,null
"2025-12-25T23:44:24.000Z",null,null,8.75,19,32,22.5,null
"2025-12-25T23:48:28.000Z",null,null,7,16.5,24,22.5,null
"2025-12-25T23:52:28.000Z",null,null,7,17.5,27,45,null
"2025-12-25T23:56:28.000Z",null,null,8.75,18,27,22.5,null
"2025-12-26T00:00:32.000Z",null,null,9.5,18.5,30.5,22.5,null
"2025-12-26T00:04:32.000Z",null,null,11.5,21.5,31.5,22.5,null
"2025-12-26T00:08:32.000Z",null,null,4.75,13.5,22,22.5,null
"2025-12-26T00:12:35.000Z",null,null,12,22,35,45,null
"2025-12-26T00:16:35.000Z",null,null,8,16,23.5,45,null
"2025-12-26T00:20:35.000Z",null,null,6.25,17,32,22.5,null
"2025-12-26T00:24:40.000Z",null,null,12,23,32,45,null
"2025-12-26T00:28:40.000Z",null,null,2,17,30.5,45,null
"2025-12-26T00:32:40.000Z",null,null,5.25,14.5,27.5,45,null
"2025-12-26T00:36:44.000Z",null,null,12.5,22.5,34,22.5,null
"2025-12-26T00:40:44.000Z",null,null,13,20.5,32,45,null
"2025-12-26T00:44:44.000Z",null,null,6,19.5,32.5,45,null
"2025-12-26T00:48:48.000Z",null,null,6,16.5,33.5,45,null
"2025-12-26T00:52:48.000Z",null,null,8.25,21,34,22.5,null
"2025-12-26T00:56:48.000Z",null,null,10.5,20.5,33.5,45,null
"2025-12-26T01:00:52.000Z",null,null,8.75,19,28.5,45,null
"2025-12-26T01:04:52.000Z",null,null,7.25,18,30.5,22.5,null
"2025-12-26T01:08:52.000Z",null,null,13,22,30,45,null
"2025-12-26T01:12:56.000Z",null,null,5.5,16,31.5,45,null
"2025-12-26T01:16:56.000Z",null,null,3.25,15.5,34,45,null
"2025-12-26T01:20:56.000Z",null,null,8,20.5,33.5,22.5,null
"2025-12-26T01:25:00.000Z",null,null,9.75,16.5,24.5,22.5,null
"2025-12-26T01:29:00.000Z",null,null,5.5,17.5,31,45,null
"2025-12-26T01:33:00.000Z",null,null,3.75,13.5,22.5,22.5,null
"2025-12-26T01:37:04.000Z",null,null,3.75,11,17,45,null
"2025-12-26T01:41:04.000Z",null,null,7.25,14,28,45,null
"2025-12-26T01:45:04.000Z",null,null,13,21.5,31.5,45,null
"2025-12-26T01:49:08.000Z",null,null,11,19.5,29.5,22.5,null
"2025-12-26T01:53:08.000Z",null,null,8.25,17.5,29,45,null
"2025-12-26T01:57:08.000Z",null,null,4.75,18,29,45,null
"2025-12-26T02:01:13.000Z",null,null,6.5,18,28,45,null
"2025-12-26T02:05:13.000Z",null,null,7.75,17,26,22.5,null
"2025-12-26T02:09:13.000Z",null,null,7.25,18,30.5,45,null
"2025-12-26T02:13:16.000Z",null,null,7.25,17.5,33,22.5,null
"2025-12-26T02:17:16.000Z",null,null,11.5,21,34.5,22.5,null
"2025-12-26T02:21:16.000Z",null,null,5.5,15.5,24.5,45,null
"2025-12-26T02:25:20.000Z",null,null,8,22.5,34.5,45,null
"2025-12-26T02:29:20.000Z",null,null,5.5,13,22,22.5,null
"2025-12-26T02:33:20.000Z",null,null,9.75,18,30.5,45,null
"2025-12-26T02:37:24.000Z",null,null,6,12.5,21,22.5,null
"2025-12-26T02:41:24.000Z",null,null,4.75,14,23,45,null
"2025-12-26T02:45:24.000Z",null,null,3.25,11.5,17.5,45,null
"2025-12-26T02:49:29.000Z",null,null,2.5,8.25,13,45,null
"2025-12-26T02:53:29.000Z",null,null,5.5,14,26,45,null
"2025-12-26T02:57:29.000Z",null,null,6.25,14,22.5,45,null
"2025-12-26T03:01:32.000Z",null,null,8,17.5,30,22.5,null
"2025-12-26T03:05:32.000Z",null,null,5.5,12,21.5,45,null
"2025-12-26T03:09:32.000Z",null,null,4.75,12,21,45,null
"2025-12-26T03:13:37.000Z",null,null,4.25,15,24.5,45,null
"2025-12-26T03:17:37.000Z",null,null,9,17.5,29.5,22.5,null
"2025-12-26T03:21:37.000Z",null,null,9.5,19.5,31.5,22.5,null
"2025-12-26T03:25:41.000Z",null,null,7,18,30.5,22.5,null
"2025-12-26T03:29:41.000Z",null,null,3.25,14,26,22.5,null
"2025-12-26T03:33:41.000Z",null,null,5.5,15.5,29,22.5,null
"2025-12-26T03:37:45.000Z",null,null,8,17,28,45,null
"2025-12-26T03:41:45.000Z",null,null,4.75,11,22,45,null
"2025-12-26T03:45:45.000Z",null,null,5.25,12.5,20,45,null
"2025-12-26T03:49:48.000Z",null,null,4.25,13.5,20,22.5,null
"2025-12-26T03:53:48.000Z",null,null,3.75,15.5,33.5,45,null
"2025-12-26T03:57:48.000Z",null,null,8,17,29.5,22.5,null
"2025-12-26T04:01:53.000Z",null,null,4.75,11.5,23.5,67.5,null
"2025-12-26T04:05:53.000Z",null,null,5.5,18.5,30.5,22.5,null
"2025-12-26T04:09:53.000Z",null,null,2,11,21.5,45,null
"2025-12-26T04:13:57.000Z",null,null,6.25,12,19,22.5,null
"2025-12-26T04:17:57.000Z",null,null,2,11.5,25,22.5,null
"2025-12-26T04:21:57.000Z",null,null,7.25,16.5,25.5,22.5,null
"2025-12-26T04:26:01.000Z",null,null,7.25,16.5,26,45,null
"2025-12-26T04:30:01.000Z",null,null,6,12.5,22.5,22.5,null
"2025-12-26T04:34:01.000Z",null,null,11,19,29,45,null
"2025-12-26T04:38:04.000Z",null,null,6.25,14.5,26,45,null
"2025-12-26T04:42:04.000Z",null,null,4.25,12.5,23.5,45,null
"2025-12-26T04:46:04.000Z",null,null,5.25,13.5,24.5,45,null
"2025-12-26T04:50:09.000Z",null,null,6,16.5,28.5,45,null
"2025-12-26T04:54:09.000Z",null,null,7.75,19.5,30.5,45,null
"2025-12-26T04:58:09.000Z",null,null,7,14.5,26.5,22.5,null
"2025-12-26T05:02:13.000Z",null,null,7,18.5,28,45,null
"2025-12-26T05:06:13.000Z",null,null,4.25,15.5,26,45,null
"2025-12-26T05:10:13.000Z",null,null,2.75,11.5,22.5,67.5,null
"2025-12-26T05:14:17.000Z",null,null,2,8.75,28.5,45,null
"2025-12-26T05:18:17.000Z",null,null,6.25,17,27,45,null
"2025-12-26T05:22:17.000Z",null,null,6,16,24.5,45,null
"2025-12-26T05:26:22.000Z",null,null,3.75,14.5,27,45,null
"2025-12-26T05:30:22.000Z",null,null,5.5,16.5,27.5,45,null
"2025-12-26T05:34:22.000Z",null,null,4.5,10,18,45,null
"2025-12-26T05:38:25.000Z",null,null,8,19,29.5,45,null
"2025-12-26T05:42:25.000Z",null,null,3.75,13.5,21.5,45,null
"2025-12-26T05:46:25.000Z",null,null,5.25,12,18.5,45,null
"2025-12-26T05:50:29.000Z",null,null,4.75,17,32,45,null
"2025-12-26T05:54:29.000Z",null,null,4.75,16,29,45,null
"2025-12-26T05:58:29.000Z",null,null,8.25,16,26.5,22.5,null
"2025-12-26T06:02:33.000Z",null,null,9.75,16.5,28,22.5,null
"2025-12-26T06:06:33.000Z",null,null,4.75,15.5,26,45,null
"2025-12-26T06:10:33.000Z",null,null,4.5,15,29,45,null
"2025-12-26T06:14:37.000Z",null,null,2.5,13.5,28.5,22.5,null
"2025-12-26T06:18:37.000Z",null,null,8,22,34,22.5,null
"2025-12-26T06:22:37.000Z",null,null,6.5,12.5,22.5,45,null
"2025-12-26T06:26:42.000Z",null,null,8,18,31.5,22.5,null
"2025-12-26T06:30:42.000Z",null,null,8,16,26,22.5,null
"2025-12-26T06:34:42.000Z",null,null,7.75,21.5,36.5,45,null
"2025-12-26T06:38:46.000Z",null,null,11,19.5,33,22.5,null
"2025-12-26T06:42:46.000Z",null,null,2,16.5,28,45,null
"2025-12-26T06:46:46.000Z",null,null,9,17,27,45,null
"2025-12-26T06:50:49.000Z",null,null,4.75,15,29.5,45,null
"2025-12-26T06:54:49.000Z",null,null,6,17.5,34,45,null
"2025-12-26T06:58:49.000Z",null,null,6.5,15,25.5,45,null
"2025-12-26T07:02:54.000Z",null,null,9,15.5,26.5,45,null
"2025-12-26T07:06:54.000Z",null,null,4.75,13,26,45,null
"2025-12-26T07:10:54.000Z",null,null,6.25,16,27.5,45,null
"2025-12-26T07:14:57.000Z",null,null,2.75,16,36.5,45,null
"2025-12-26T07:18:57.000Z",null,null,2,13.5,28,45,null
"2025-12-26T07:22:57.000Z",null,null,2.5,15.5,31,45,null
"2025-12-26T07:27:02.000Z",null,null,7.75,12.5,22.5,22.5,null
"2025-12-26T07:31:02.000Z",null,null,12,21.5,36,22.5,null
"2025-12-26T07:35:02.000Z",null,null,3.5,14.5,28,45,null
"2025-12-26T07:39:06.000Z",null,null,9.5,19.5,34,22.5,null
"2025-12-26T07:43:06.000Z",null,null,7,23.5,39.5,22.5,null
"2025-12-26T07:47:06.000Z",null,null,1.5,11.5,26,45,null
"2025-12-26T07:51:10.000Z",null,null,8.25,17,31.5,45,null
"2025-12-26T07:55:10.000Z",null,null,7.25,14,22.5,22.5,null
"2025-12-26T07:59:10.000Z",null,null,8.25,21.5,36,22.5,null
"2025-12-26T08:03:14.000Z",null,null,4.75,14.5,25,45,null
"2025-12-26T08:07:14.000Z",null,null,7.25,21.5,38.5,22.5,null
"2025-12-26T08:11:14.000Z",null,null,6.25,19,34.5,45,null
"2025-12-26T08:15:18.000Z",null,null,6.25,22,38,22.5,null
"2025-12-26T08:19:18.000Z",null,null,7.75,18,34,45,null
"2025-12-26T08:23:18.000Z",null,null,11,21,35.5,22.5,null
"2025-12-26T08:27:22.000Z",null,null,9.75,20.5,28.5,22.5,null
"2025-12-26T08:31:22.000Z",null,null,9.75,25,39.5,45,null
"2025-12-26T08:35:22.000Z",null,null,11.5,21.5,38.5,22.5,null
"2025-12-26T08:39:26.000Z",null,null,8.25,16.5,33,45,null
"2025-12-26T08:43:26.000Z",null,null,2.75,16.5,33,45,null
"2025-12-26T08:47:26.000Z",null,null,11,23.5,40.5,45,null
"2025-12-26T08:51:30.000Z",null,null,9.75,20.5,34,45,null
"2025-12-26T08:55:30.000Z",null,null,4.75,14,27.5,45,null
"2025-12-26T08:59:30.000Z",null,null,6.25,18.5,28.5,22.5,null
"2025-12-26T09:03:35.000Z",null,null,9,19.5,30,45,null
"2025-12-26T09:07:35.000Z",null,null,9.5,20,32,22.5,null
"2025-12-26T09:11:35.000Z",null,null,9.5,20.5,34,22.5,null
"2025-12-26T09:15:38.000Z",null,null,5.25,17.5,31.5,45,null
"2025-12-26T09:19:38.000Z",null,null,7.75,21,35,45,null
"2025-12-26T09:23:38.000Z",null,null,11,21.5,34,22.5,null
"2025-12-26T09:27:42.000Z",null,null,5.25,17,35,45,null
"2025-12-26T09:31:42.000Z",null,null,4.25,21,42,45,null
"2025-12-26T09:35:42.000Z",null,null,5.25,18.5,36,45,null
"2025-12-26T09:39:46.000Z",null,null,7,16,27,45,null
"2025-12-26T09:43:46.000Z",null,null,7.25,18.5,38,45,null
"2025-12-26T09:47:46.000Z",null,null,8,21,37,22.5,null
"2025-12-26T09:51:51.000Z",null,null,7.75,21,39.5,45,null
"2025-12-26T09:55:51.000Z",null,null,9.75,19,32,45,null
"2025-12-26T09:59:51.000Z",null,null,6,16,29,45,null
"2025-12-26T10:03:54.000Z",null,null,7.75,17.5,28,22.5,null
"2025-12-26T10:07:54.000Z",null,null,11,21.5,31,22.5,null
"2025-12-26T10:11:54.000Z",null,null,3.5,14.5,26,45,null
"2025-12-26T10:15:59.000Z",null,null,3.75,13.5,23.5,45,null
"2025-12-26T10:19:59.000Z",null,null,8,18.5,26,22.5,null
"2025-12-26T10:23:59.000Z",null,null,6.25,13.5,25.5,45,null
"2025-12-26T10:28:03.000Z",null,null,3.5,11,26.5,67.5,null
"2025-12-26T10:32:03.000Z",null,null,7.25,16,27.5,45,null
"2025-12-26T10:36:03.000Z",null,null,8,21,32.5,22.5,null
"2025-12-26T10:40:07.000Z",null,null,5.5,14,22.5,45,null
"2025-12-26T10:44:07.000Z",null,null,4.25,13,20.5,45,null
"2025-12-26T10:48:07.000Z",null,null,7.25,15.5,27,22.5,null
"2025-12-26T10:52:10.000Z",null,null,8.75,20,34.5,45,null
"2025-12-26T10:56:10.000Z",null,null,1.75,15.5,34,45,null
"2025-12-26T11:00:10.000Z",null,null,3.25,13.5,26.5,67.5,null
"2025-12-26T11:04:14.000Z",null,null,1,17.5,33,22.5,null
"2025-12-26T11:08:14.000Z",null,null,7.25,19,29,45,null
"2025-12-26T11:12:14.000Z",null,null,3.25,16.5,29,45,null
"2025-12-26T11:16:19.000Z",null,null,7,17.5,29,45,null
"2025-12-26T11:20:19.000Z",null,null,9.5,19,30,22.5,null
"2025-12-26T11:24:19.000Z",null,null,10,18,30.5,22.5,null
"2025-12-26T11:28:23.000Z",null,null,7,15.5,26.5,22.5,null
"2025-12-26T11:32:23.000Z",null,null,10.5,21,28.5,22.5,null
"2025-12-26T11:36:23.000Z",null,null,6,17.5,27,45,null
"2025-12-26T11:40:26.000Z",null,null,8.25,16,23.5,22.5,null
"2025-12-26T11:44:26.000Z",null,null,7.75,14,22,22.5,null
"2025-12-26T11:48:26.000Z",null,null,13,21,32,22.5,null
"2025-12-26T11:52:31.000Z",null,null,4.25,9.5,15.5,22.5,null
"2025-12-26T11:56:31.000Z",null,null,2,7.25,15.5,22.5,null
"2025-12-26T12:00:31.000Z",null,null,0,3.25,6,0,null
"2025-12-26T12:04:35.000Z",null,null,0,5,11,22.5,null
"2025-12-26T12:08:35.000Z",null,null,4.75,6.5,8.25,315,null
"2025-12-26T12:12:35.000Z",null,null,3.75,9,14.5,22.5,null
"2025-12-26T12:16:39.000Z",null,null,3.25,10,18,337.5,null
"2025-12-26T12:20:39.000Z",null,null,0,4.75,8.75,292.5,null
"2025-12-26T12:24:39.000Z",null,null,3.25,7,12,315,null
"2025-12-26T12:28:43.000Z",null,null,0,7.5,14,0,null
"2025-12-26T12:32:43.000Z",null,null,1.75,8,14,22.5,null
"2025-12-26T12:36:43.000Z",null,null,0,4,6.5,315,null
"2025-12-26T12:40:47.000Z",null,null,1.75,4,7.25,315,null
"2025-12-26T12:44:47.000Z",null,null,2,5.5,9.5,292.5,null
"2025-12-26T12:48:47.000Z",null,null,3.75,6.5,10,337.5,null
"2025-12-26T12:52:51.000Z",null,null,1,7.5,12,292.5,null
"2025-12-26T12:56:51.000Z",null,null,0,2.75,7,22.5,null
"2025-12-26T13:00:51.000Z",null,null,2.75,6.25,12,292.5,null
"2025-12-26T13:04:55.000Z",null,null,6,8,11.5,315,null
"2025-12-26T13:08:55.000Z",null,null,5.5,7.5,9.75,292.5,null
"2025-12-26T13:12:55.000Z",null,null,6.25,9,12,315,null
"2025-12-26T13:16:59.000Z",null,null,0,3.25,15.5,315,null
"2025-12-26T13:20:59.000Z",null,null,0,1.5,4.25,67.5,null
"2025-12-26T13:24:59.000Z",null,null,2,6.5,10.5,0,null
"2025-12-26T13:29:03.000Z",null,null,0,4.75,10.5,67.5,null
"2025-12-26T13:33:03.000Z",null,null,6,9,17.5,0,null
"2025-12-26T13:37:03.000Z",null,null,2.5,5.5,8.75,337.5,null
"2025-12-26T13:41:07.000Z",null,null,0,3.75,8,315,null
"2025-12-26T13:45:07.000Z",null,null,3.5,5.5,6.5,315,null
"2025-12-26T13:49:07.000Z",null,null,3.5,6.5,10.5,337.5,null
"2025-12-26T14:08:06.000Z",null,null,3.5,6.75,12.5,337.5,null
"2025-12-26T14:12:06.000Z",null,null,9.5,11,13,337.5,null
"2025-12-26T14:16:06.000Z",null,null,5.25,10.5,14,0,null
"2025-12-26T14:20:10.000Z",null,null,0.75,5.5,12,0,null
"2025-12-26T14:24:10.000Z",null,null,8.75,13,16.5,337.5,null
"2025-12-26T14:28:10.000Z",null,null,5.5,12.5,18,0,null
"2025-12-26T14:32:14.000Z",null,null,3.75,12,21,22.5,null
"2025-12-26T14:36:14.000Z",null,null,0,11,19,337.5,null
"2025-12-26T14:40:14.000Z",null,null,11.5,16.5,22,337.5,null
"2025-12-26T14:44:18.000Z",null,null,7.75,17,24,0,null
"2025-12-26T14:48:18.000Z",null,null,5.5,12.5,22.5,22.5,null
"2025-12-26T14:52:18.000Z",null,null,7,12.5,22,22.5,null
"2025-12-26T14:58:09.000Z",null,null,5,14.5,22.5,337.5,null
"2025-12-26T15:02:09.000Z",null,null,2.5,11.5,20.5,0,null
"2025-12-26T15:06:09.000Z",null,null,5.25,14.5,21.5,0,null
"2025-12-26T15:10:12.000Z",null,null,7.75,13,19,22.5,null
"2025-12-26T15:14:12.000Z",null,null,6,11.5,19,0,null
"2025-12-26T15:18:12.000Z",null,null,6,13,19,22.5,null
"2025-12-26T15:22:16.000Z",null,null,7,11.5,16.5,22.5,null
"2025-12-26T15:26:16.000Z",null,null,4.75,9.5,13.5,22.5,null
"2025-12-26T15:30:16.000Z",null,null,6.5,9.75,13,22.5,null
"2025-12-26T15:34:21.000Z",null,null,5.5,9.75,15.5,22.5,null
"2025-12-26T15:38:21.000Z",null,null,6.25,12,17.5,22.5,null
"2025-12-26T15:42:21.000Z",null,null,4.5,9.75,16.5,22.5,null
"2025-12-26T15:46:24.000Z",null,null,4.5,11,19.5,22.5,null
"2025-12-26T15:50:24.000Z",null,null,5.5,11,20,22.5,null
"2025-12-26T15:54:24.000Z",null,null,2.75,9.5,16.5,45,null
"2025-12-26T15:58:29.000Z",null,null,3.5,7.5,14.5,22.5,null
"2025-12-26T16:02:29.000Z",null,null,5.5,14,22.5,22.5,null
"2025-12-26T16:06:29.000Z",null,null,9.5,15,23.5,45,null
"2025-12-26T16:10:32.000Z",null,null,8.75,16,26,45,null
"2025-12-26T16:14:32.000Z",null,null,4.5,12.5,23.5,22.5,null
"2025-12-26T16:18:32.000Z",null,null,9.5,14.5,22.5,22.5,null
"2025-12-26T16:22:37.000Z",null,null,6.25,14,22,45,null
"2025-12-26T16:26:37.000Z",null,null,8,15,23.5,22.5,null
"2025-12-26T16:30:37.000Z",null,null,7.75,17,26.5,45,null
"2025-12-26T16:34:41.000Z",null,null,7,13.5,24.5,45,null
"2025-12-26T16:38:41.000Z",null,null,5.25,11.5,25.5,22.5,null
"2025-12-26T16:42:41.000Z",null,null,6.25,14.5,25,45,null
"2025-12-26T16:46:45.000Z",null,null,4.5,12,19,45,null
"2025-12-26T16:50:45.000Z",null,null,2.5,8.5,14.5,45,null
"2025-12-26T16:54:45.000Z",null,null,5.5,12.5,18.5,22.5,null
"2025-12-26T16:58:49.000Z",null,null,2,9.25,23,45,null
"2025-12-26T17:02:49.000Z",null,null,4.75,16.5,24.5,45,null
"2025-12-26T17:06:49.000Z",null,null,4.75,12,22,45,null
"2025-12-26T17:10:53.000Z",null,null,6.25,15,28,45,null
"2025-12-26T17:14:53.000Z",null,null,2.5,15,28,22.5,null
"2025-12-26T17:18:53.000Z",null,null,5.25,18,29,45,null
"2025-12-26T17:22:57.000Z",null,null,7,14.5,25,45,null
"2025-12-26T17:26:57.000Z",null,null,6.5,15,30,45,null
"2025-12-26T17:30:57.000Z",null,null,6,15,28,45,null
"2025-12-26T17:35:01.000Z",null,null,2.5,8,13.5,45,null
"2025-12-26T17:39:01.000Z",null,null,3.25,9.25,21,45,null
"2025-12-26T17:43:01.000Z",null,null,4.75,9.75,18.5,45,null
"2025-12-26T17:47:05.000Z",null,null,4.5,12.5,21.5,22.5,null
"2025-12-26T17:51:05.000Z",null,null,3.5,8,15.5,45,null
"2025-12-26T17:55:05.000Z",null,null,0,8,15,45,null
"2025-12-26T17:59:09.000Z",null,null,3.75,11,19.5,45,null
"2025-12-26T18:03:09.000Z",null,null,6,14,27,22.5,null
"2025-12-26T18:07:09.000Z",null,null,3.5,9.5,19,45,null
"2025-12-26T18:11:13.000Z",null,null,3.5,10.5,19,45,null
"2025-12-26T18:15:13.000Z",null,null,5.5,11.5,20.5,45,null
"2025-12-26T18:19:13.000Z",null,null,0,9.25,19,45,null
"2025-12-26T18:23:18.000Z",null,null,3.5,9.5,24.5,45,null
"2025-12-26T18:27:18.000Z",null,null,4.75,11,20,45,null
"2025-12-26T18:31:18.000Z",null,null,2,10,23,67.5,null
"2025-12-26T18:35:21.000Z",null,null,3.75,10.5,20,22.5,null
"2025-12-26T18:39:21.000Z",null,null,2.5,9.25,21,45,null
"2025-12-26T18:43:21.000Z",null,null,2,6,12,67.5,null
"2025-12-26T18:47:25.000Z",null,null,2.75,7.5,18,67.5,null
"2025-12-26T18:51:25.000Z",null,null,4.75,11.5,23.5,67.5,null
"2025-12-26T18:55:25.000Z",null,null,5.25,10.5,20,45,null
"2025-12-26T18:59:30.000Z",null,null,2.75,7.25,21.5,67.5,null
"2025-12-26T19:03:30.000Z",null,null,2,8,18,45,null
"2025-12-26T19:07:30.000Z",null,null,1.5,9.5,22.5,45,null
"2025-12-26T19:11:33.000Z",null,null,3.25,8.5,20,45,null
"2025-12-26T19:15:33.000Z",null,null,3.25,8.75,21,45,null
"2025-12-26T19:19:33.000Z",null,null,4.5,8.75,16,45,null
"2025-12-26T19:23:38.000Z",null,null,5.5,13.5,23,45,null
"2025-12-26T19:27:38.000Z",null,null,3.75,8.75,18.5,45,null
"2025-12-26T19:31:38.000Z",null,null,1,7,13,67.5,null
"2025-12-26T19:35:42.000Z",null,null,4.5,15,25.5,45,null
"2025-12-26T19:39:42.000Z",null,null,7,14.5,24.5,22.5,null
"2025-12-26T19:43:42.000Z",null,null,3.25,10,20.5,45,null
"2025-12-26T19:47:46.000Z",null,null,2.5,12.5,25,67.5,null
"2025-12-26T19:51:46.000Z",null,null,6,16,29,45,null
"2025-12-26T19:55:46.000Z",null,null,3.75,9.25,20.5,22.5,null
"2025-12-26T19:59:50.000Z",null,null,1.75,4.5,7.25,90,null
"2025-12-26T20:03:50.000Z",null,null,3.75,11.5,23.5,67.5,null
"2025-12-26T20:07:50.000Z",null,null,0,11.5,23.5,45,null
"2025-12-26T20:11:53.000Z",null,null,5.5,16,27,45,null
"2025-12-26T20:15:53.000Z",null,null,4.25,12.5,22,45,null
"2025-12-26T20:19:53.000Z",null,null,7.25,12,19,22.5,null
"2025-12-26T20:23:58.000Z",null,null,3.25,8.75,16,67.5,null
"2025-12-26T20:27:58.000Z",null,null,7,14.5,25.5,45,null
"2025-12-26T20:31:58.000Z",null,null,4.75,12.5,20.5,45,null
"2025-12-26T20:36:02.000Z",null,null,8.25,13,19.5,22.5,null
"2025-12-26T20:40:02.000Z",null,null,3.25,10.5,16.5,22.5,null
"2025-12-26T20:44:02.000Z",null,null,5.25,9.5,14.5,22.5,null
"2025-12-26T20:48:06.000Z",null,null,3.5,6,10,45,null
"2025-12-26T20:52:06.000Z",null,null,0,2.25,4.5,67.5,null
"2025-12-26T20:56:06.000Z",null,null,0,0.75,3.25,90,null
"2025-12-26T21:00:10.000Z",null,null,0,0.25,1,90,null
"2025-12-26T21:04:10.000Z",null,null,0,2.25,11.5,0,null
"2025-12-26T21:08:10.000Z",null,null,4.5,9.5,13.5,22.5,null
"2025-12-26T21:12:14.000Z",null,null,5.5,12,18,22.5,null
"2025-12-26T21:16:14.000Z",null,null,5.5,8.5,14.5,22.5,null
"2025-12-26T21:20:14.000Z",null,null,7,14,22.5,22.5,null
"2025-12-26T21:24:18.000Z",null,null,8.25,15.5,24.5,22.5,null
"2025-12-26T21:28:18.000Z",null,null,5.25,10,15.5,22.5,null
"2025-12-26T21:32:18.000Z",null,null,4.75,12,20,22.5,null
"2025-12-26T21:36:23.000Z",null,null,6.5,15,26.5,22.5,null
"2025-12-26T21:40:23.000Z",null,null,7,14.5,21.5,22.5,null
"2025-12-26T21:44:23.000Z",null,null,6.25,13,22,22.5,null
"2025-12-26T21:48:26.000Z",null,null,7.25,14,22,22.5,null
"2025-12-26T21:52:26.000Z",null,null,6.25,13.5,24.5,22.5,null
"2025-12-26T21:56:26.000Z",null,null,4.25,13,21,22.5,null
"2025-12-26T22:00:30.000Z",null,null,8.75,16,24.5,22.5,null
"2025-12-26T22:04:30.000Z",null,null,9.5,16,23.5,22.5,null
"2025-12-26T22:08:30.000Z",null,null,6,13,21.5,45,null
"2025-12-26T22:12:34.000Z",null,null,4.25,13,22.5,22.5,null
"2025-12-26T22:16:34.000Z",null,null,4.25,13,21,22.5,null
"2025-12-26T22:20:34.000Z",null,null,8,15,21.5,22.5,null
"2025-12-26T22:24:38.000Z",null,null,6.25,12.5,22.5,22.5,null
"2025-12-26T22:28:38.000Z",null,null,3.25,9,17,45,null
"2025-12-26T22:32:38.000Z",null,null,2.75,7.25,12.5,45,null
"2025-12-26T22:36:42.000Z",null,null,2.75,7.25,13.5,45,null
"2025-12-26T22:40:42.000Z",null,null,1.75,8.75,15.5,22.5,null
"2025-12-26T22:44:42.000Z",null,null,6.25,13.5,23.5,45,null
"2025-12-26T22:48:46.000Z",null,null,2,8.25,15.5,45,null
"2025-12-26T22:52:46.000Z",null,null,2.5,8.75,16.5,67.5,null
"2025-12-26T22:56:46.000Z",null,null,2,7,17,67.5,null
"2025-12-26T23:00:50.000Z",null,null,3.5,7.25,14,67.5,null
"2025-12-26T23:04:50.000Z",null,null,3.5,8,14,67.5,null
"2025-12-26T23:08:50.000Z",null,null,3.25,9.25,21,67.5,null
"2025-12-26T23:12:54.000Z",null,null,4.25,9.75,18.5,67.5,null
"2025-12-26T23:16:54.000Z",null,null,2.75,8.25,18.5,45,null
"2025-12-26T23:20:54.000Z",null,null,5.25,10.5,17.5,45,null
"2025-12-26T23:24:59.000Z",null,null,6,11.5,18.5,45,null
"2025-12-26T23:28:59.000Z",null,null,1,9,15.5,45,null
"2025-12-26T23:32:59.000Z",null,null,3.25,10,15.5,67.5,null
"2025-12-26T23:37:03.000Z",null,null,2.5,7,13,45,null
"2025-12-26T23:41:03.000Z",null,null,4.5,10.5,19,22.5,null
"2025-12-26T23:45:03.000Z",null,null,1.75,9.75,15.5,22.5,null
"2025-12-26T23:49:07.000Z",null,null,2,6.25,12,45,null
"2025-12-26T23:53:07.000Z",null,null,2.75,10,15.5,22.5,null
"2025-12-26T23:57:07.000Z",null,null,2.75,8.25,14,45,null
"2025-12-27T00:01:11.000Z",null,null,5.25,10,15.5,45,null
"2025-12-27T00:05:11.000Z",null,null,4.25,8.5,16,45,null
"2025-12-27T00:09:11.000Z",null,null,3.5,10.5,20,22.5,null
"2025-12-27T00:13:15.000Z",null,null,4.75,11.5,18,22.5,null
"2025-12-27T00:17:15.000Z",null,null,1.75,8.75,14,45,null
"2025-12-27T00:21:15.000Z",null,null,3.25,8.25,16,45,null
"2025-12-27T00:25:19.000Z",null,null,1.75,7.75,18.5,67.5,null
"2025-12-27T00:29:19.000Z",null,null,3.5,12.5,24,45,null
"2025-12-27T00:33:19.000Z",null,null,6.5,12,21,22.5,null
"2025-12-27T00:37:23.000Z",null,null,3.5,8.25,14.5,45,null
"2025-12-27T00:41:23.000Z",null,null,3.5,10.5,18.5,22.5,null
"2025-12-27T00:45:23.000Z",null,null,4.75,11,19.5,45,null
"2025-12-27T00:49:27.000Z",null,null,4.5,11,19,45,null
"2025-12-27T00:53:27.000Z",null,null,2,8.25,14.5,45,null
"2025-12-27T00:57:27.000Z",null,null,2.5,7.25,16,45,null
"2025-12-27T01:01:31.000Z",null,null,3.5,8,17,45,null
"2025-12-27T01:05:31.000Z",null,null,4.25,11,18.5,45,null
"2025-12-27T01:09:31.000Z",null,null,6,12,20,45,null
"2025-12-27T01:13:35.000Z",null,null,4.25,9.5,14.5,22.5,null
"2025-12-27T01:17:35.000Z",null,null,0,6.75,14,45,null
"2025-12-27T01:21:35.000Z",null,null,1.75,6.5,11,67.5,null
"2025-12-27T01:25:39.000Z",null,null,2.5,8,14.5,45,null
"2025-12-27T01:29:39.000Z",null,null,3.75,7.25,12,45,null
"2025-12-27T01:33:39.000Z",null,null,2.5,5.75,11,22.5,null
"2025-12-27T01:37:43.000Z",null,null,2.5,6.25,10.5,45,null
"2025-12-27T01:41:43.000Z",null,null,1.5,4.75,8.75,45,null
"2025-12-27T01:45:43.000Z",null,null,1.75,8.25,15.5,22.5,null
"2025-12-27T01:49:47.000Z",null,null,4.5,12.5,21.5,45,null
"2025-12-27T01:53:47.000Z",null,null,9,15.5,24.5,22.5,null
"2025-12-27T01:57:47.000Z",null,null,9,16,25.5,22.5,null
"2025-12-27T02:01:51.000Z",null,null,6.5,14.5,24,45,null
"2025-12-27T02:05:51.000Z",null,null,7,15,26.5,45,null
"2025-12-27T02:09:51.000Z",null,null,11,18.5,29,22.5,null
"2025-12-27T02:13:56.000Z",null,null,11.5,20,32.5,22.5,null
"2025-12-27T02:17:56.000Z",null,null,3.75,10,18.5,45,null
"2025-12-27T02:21:56.000Z",null,null,2.5,13,27,45,null
"2025-12-27T02:25:59.000Z",null,null,3.5,17,30,22.5,null
"2025-12-27T02:29:59.000Z",null,null,4.75,14,23,22.5,null
"2025-12-27T02:33:59.000Z",null,null,4.5,11.5,20.5,45,null
"2025-12-27T02:38:04.000Z",null,null,6,11.5,19.5,45,null
"2025-12-27T02:42:04.000Z",null,null,3.25,9.5,18,45,null
"2025-12-27T02:46:04.000Z",null,null,3.25,13,26,45,null
"2025-12-27T02:50:07.000Z",null,null,9.75,17,26,22.5,null
"2025-12-27T02:54:07.000Z",null,null,3.25,12,20,45,null
"2025-12-27T02:58:07.000Z",null,null,5.5,10.5,19,45,null
"2025-12-27T03:02:12.000Z",null,null,7,13.5,22,45,null
"2025-12-27T03:06:12.000Z",null,null,3.75,9.75,18,45,null
"2025-12-27T03:10:12.000Z",null,null,8.25,17.5,22.5,45,null
"2025-12-27T03:14:16.000Z",null,null,6.5,15,21,45,null
"2025-12-27T03:18:16.000Z",null,null,6.5,16,27,22.5,null
"2025-12-27T03:22:16.000Z",null,null,8,16.5,29,45,null
"2025-12-27T03:26:19.000Z",null,null,7.75,14.5,24,45,null
"2025-12-27T03:30:19.000Z",null,null,6,16,23.5,45,null
"2025-12-27T03:34:19.000Z",null,null,8.25,17,26,22.5,null
"2025-12-27T03:38:24.000Z",null,null,10,20,28.5,45,null
"2025-12-27T03:42:24.000Z",null,null,3.75,13.5,26,45,null
"2025-12-27T03:46:24.000Z",null,null,7.25,14,22.5,45,null
"2025-12-27T03:50:27.000Z",null,null,9,15.5,26,45,null
"2025-12-27T03:54:27.000Z",null,null,6.25,13.5,19,45,null
"2025-12-27T03:58:27.000Z",null,null,8,13,22,22.5,null
"2025-12-27T04:02:32.000Z",null,null,6.25,16.5,28,22.5,null
"2025-12-27T04:06:32.000Z",null,null,12.5,19.5,30.5,22.5,null
"2025-12-27T04:10:32.000Z",null,null,12,21.5,30.5,45,null
"2025-12-27T04:14:36.000Z",null,null,4.25,17,28,22.5,null
"2025-12-27T04:18:36.000Z",null,null,6.25,14.5,23,45,null
"2025-12-27T04:22:36.000Z",null,null,7,16.5,29.5,22.5,null
"2025-12-27T04:26:40.000Z",null,null,7.75,19.5,32.5,22.5,null
"2025-12-27T04:30:40.000Z",null,null,5.5,15,25,45,null
"2025-12-27T04:34:40.000Z",null,null,11.5,20.5,30.5,22.5,null
"2025-12-27T04:38:44.000Z",null,null,4.75,20.5,31.5,22.5,null
"2025-12-27T04:42:44.000Z",null,null,13.5,22,32.5,22.5,null
"2025-12-27T04:46:44.000Z",null,null,4.5,14.5,23.5,22.5,null
"2025-12-27T04:50:48.000Z",null,null,6.5,16.5,29,45,null
"2025-12-27T04:54:48.000Z",null,null,5.5,17,33.5,22.5,null
"2025-12-27T04:58:48.000Z",null,null,6.5,13.5,29.5,45,null
"2025-12-27T05:02:52.000Z",null,null,10,18,28,22.5,null
"2025-12-27T05:06:52.000Z",null,null,5.25,14.5,25.5,45,null
"2025-12-27T05:10:52.000Z",null,null,3.25,9.25,20,67.5,null
"2025-12-27T05:14:56.000Z",null,null,6,14,26.5,45,null
"2025-12-27T05:18:56.000Z",null,null,3.25,10.5,17,45,null
"2025-12-27T05:22:56.000Z",null,null,6.25,18,28,45,null
"2025-12-27T05:27:00.000Z",null,null,5.5,17,29,22.5,null
"2025-12-27T05:31:00.000Z",null,null,2.75,12.5,23.5,45,null
"2025-12-27T05:35:00.000Z",null,null,7,19,34,45,null
"2025-12-27T05:39:05.000Z",null,null,4.75,14,23.5,45,null
"2025-12-27T05:43:05.000Z",null,null,2.75,12,25.5,45,null
"2025-12-27T05:47:05.000Z",null,null,7,17.5,33.5,45,null
"2025-12-27T05:51:08.000Z",null,null,9.75,18.5,27,22.5,null
"2025-12-27T05:55:08.000Z",null,null,12,21,31.5,45,null
"2025-12-27T05:59:08.000Z",null,null,10.5,18,28,22.5,null
"2025-12-27T06:03:13.000Z",null,null,8.75,15.5,26.5,45,null
"2025-12-27T06:07:13.000Z",null,null,8,17,28,22.5,null
"2025-12-27T06:11:13.000Z",null,null,8,16.5,27.5,22.5,null
"2025-12-27T06:15:16.000Z",null,null,4.75,15,27,45,null
"2025-12-27T06:19:16.000Z",null,null,7.75,14,21,22.5,null
"2025-12-27T06:23:16.000Z",null,null,5.5,14.5,27,45,null
"2025-12-27T06:27:21.000Z",null,null,12.5,21,34,22.5,null
"2025-12-27T06:31:21.000Z",null,null,4.5,13,25,45,null
"2025-12-27T06:35:21.000Z",null,null,7.25,17.5,34,45,null
"2025-12-27T06:39:24.000Z",null,null,6.25,21,32.5,45,null
"2025-12-27T06:43:24.000Z",null,null,6.5,13.5,22,45,null
"2025-12-27T06:47:24.000Z",null,null,7.25,15.5,22.5,45,null
"2025-12-27T06:51:28.000Z",null,null,3.75,12.5,24.5,45,null
"2025-12-27T06:55:28.000Z",null,null,5.25,12.5,22.5,45,null
"2025-12-27T06:59:28.000Z",null,null,8,17,28,45,null
"2025-12-27T07:03:33.000Z",null,null,4.5,13.5,28.5,22.5,null
"2025-12-27T07:07:33.000Z",null,null,5.25,18,31,45,null
"2025-12-27T07:11:33.000Z",null,null,1.75,10,25,45,null
"2025-12-27T07:15:37.000Z",null,null,7.75,16.5,27.5,45,null
"2025-12-27T07:19:37.000Z",null,null,3.75,11.5,19.5,45,null
"2025-12-27T07:23:37.000Z",null,null,5.5,14,28,45,null
"2025-12-27T07:27:41.000Z",null,null,10.5,19,27,45,null
"2025-12-27T07:31:41.000Z",null,null,6.5,19.5,30.5,22.5,null
"2025-12-27T07:35:41.000Z",null,null,7,19,31,45,null
"2025-12-27T07:39:45.000Z",null,null,7.25,16,31.5,45,null
"2025-12-27T07:43:45.000Z",null,null,1.75,13.5,28,45,null
"2025-12-27T07:47:45.000Z",null,null,9,17,28.5,45,null
"2025-12-27T07:51:49.000Z",null,null,4.5,10,18,45,null
"2025-12-27T07:55:49.000Z",null,null,7,16.5,27,22.5,null
"2025-12-27T07:59:49.000Z",null,null,6.5,17,27,22.5,null
"2025-12-27T08:03:53.000Z",null,null,4.5,12,20.5,45,null
"2025-12-27T08:07:53.000Z",null,null,6,13.5,26,45,null
"2025-12-27T08:11:53.000Z",null,null,3.75,9.75,15,45,null
"2025-12-27T08:15:57.000Z",null,null,6.75,12.5,21,22.5,null
"2025-12-27T08:19:57.000Z",null,null,1.75,8.5,18,45,null
"2025-12-27T08:23:57.000Z",null,null,4.25,11,20,45,null
"2025-12-27T08:28:01.000Z",null,null,6.25,16,24,45,null
"2025-12-27T08:32:01.000Z",null,null,5.5,13.5,23.5,45,null
"2025-12-27T08:36:01.000Z",null,null,5.25,12.5,22,45,null
"2025-12-27T08:40:05.000Z",null,null,3.25,11.5,22.5,45,null
"2025-12-27T08:44:05.000Z",null,null,5.25,13,19.5,45,null
"2025-12-27T08:48:05.000Z",null,null,7.25,16.5,25,45,null
"2025-12-27T08:52:09.000Z",null,null,8,15.5,26.5,45,null
"2025-12-27T08:56:09.000Z",null,null,6.5,15,22.5,45,null
"2025-12-27T09:00:09.000Z",null,null,4.5,13.5,24,45,null
"2025-12-27T09:04:13.000Z",null,null,10.5,18,28,45,null
"2025-12-27T09:08:13.000Z",null,null,4.75,13,21.5,22.5,null
"2025-12-27T09:12:13.000Z",null,null,5.5,11.5,16.5,22.5,null
"2025-12-27T09:16:17.000Z",null,null,4.25,12.5,21,45,null
"2025-12-27T09:20:17.000Z",null,null,3.75,12,23,22.5,null
"2025-12-27T09:24:17.000Z",null,null,2.75,11,21,45,null
"2025-12-27T09:28:21.000Z",null,null,8,14,25.5,22.5,null
"2025-12-27T09:32:21.000Z",null,null,6.5,13.5,24,22.5,null
"2025-12-27T09:36:21.000Z",null,null,6,10.5,18,22.5,null
"2025-12-27T09:40:25.000Z",null,null,3.75,9.25,20.5,45,null
"2025-12-27T09:44:25.000Z",null,null,2.75,9.5,16.5,45,null
"2025-12-27T09:48:25.000Z",null,null,6.25,10.5,18.5,45,null
"2025-12-27T09:52:30.000Z",null,null,4.5,10,17,45,null
"2025-12-27T09:56:30.000Z",null,null,5.25,12,22,22.5,null
"2025-12-27T10:00:30.000Z",null,null,6,13,22,22.5,null
"2025-12-27T10:04:34.000Z",null,null,5.25,10,18,22.5,null
"2025-12-27T10:08:34.000Z",null,null,3.5,8,13.5,22.5,null
"2025-12-27T10:12:34.000Z",null,null,6.25,14.5,24.5,22.5,null
"2025-12-27T10:16:38.000Z",null,null,3.75,12,23.5,45,null
"2025-12-27T10:20:38.000Z",null,null,8.25,14,19.5,22.5,null
"2025-12-27T10:24:38.000Z",null,null,6.25,12.5,21,45,null
"2025-12-27T10:28:42.000Z",null,null,4.5,11,20,45,null
"2025-12-27T10:32:42.000Z",null,null,1.75,6.5,10.5,0,null
"2025-12-27T10:36:42.000Z",null,null,2.5,10,17.5,22.5,null
"2025-12-27T10:40:45.000Z",null,null,0.25,8.25,15,22.5,null
"2025-12-27T10:44:45.000Z",null,null,1,8,17,22.5,null
"2025-12-27T10:48:45.000Z",null,null,6,10.5,18,22.5,null
"2025-12-27T10:52:50.000Z",null,null,4.25,11,18,22.5,null
"2025-12-27T10:56:50.000Z",null,null,4.25,13.5,22,22.5,null
"2025-12-27T11:00:50.000Z",null,null,4.5,9.25,20,67.5,null
"2025-12-27T11:04:53.000Z",null,null,2.75,9.25,20,22.5,null
"2025-12-27T11:08:53.000Z",null,null,2,10.5,22.5,45,null
"2025-12-27T11:12:53.000Z",null,null,4.75,13.5,22.5,22.5,null
"2025-12-27T11:16:58.000Z",null,null,6.25,12.5,21.5,22.5,null
"2025-12-27T11:20:58.000Z",null,null,5.5,11,20,22.5,null
"2025-12-27T11:24:58.000Z",null,null,7,13,23.5,22.5,null
"2025-12-27T11:29:02.000Z",null,null,7.75,16,24.5,45,null
"2025-12-27T11:33:02.000Z",null,null,10,14.5,22.5,22.5,null
"2025-12-27T11:37:02.000Z",null,null,2.5,9.75,16.5,45,null
"2025-12-27T11:41:06.000Z",null,null,1,8.5,15,22.5,null
"2025-12-27T11:45:06.000Z",null,null,3.25,9,14,67.5,null
"2025-12-27T11:49:06.000Z",null,null,4.5,8.5,13,45,null
"2025-12-27T11:53:10.000Z",null,null,0,3.25,7.5,67.5,null
"2025-12-27T11:57:10.000Z",null,null,0,4.25,9.5,45,null
"2025-12-27T12:01:10.000Z",null,null,0.75,4,8.75,90,null
"2025-12-27T12:05:14.000Z",null,null,3.25,7,13,67.5,null
"2025-12-27T12:09:14.000Z",null,null,0.75,4.25,8.75,67.5,null
"2025-12-27T12:13:14.000Z",null,null,0.75,4.25,8.25,22.5,null
"2025-12-27T12:17:18.000Z",null,null,0.25,5,10.5,67.5,null
"2025-12-27T12:21:18.000Z",null,null,2.75,10,18.5,22.5,null
"2025-12-27T12:25:18.000Z",null,null,2,8.75,13.5,22.5,null
"2025-12-27T12:29:22.000Z",null,null,4.25,9,14,45,null
"2025-12-27T12:33:22.000Z",null,null,1,6.5,13,45,null
"2025-12-27T12:37:22.000Z",null,null,0,6.5,14.5,45,null
"2025-12-27T12:41:26.000Z",null,null,1,5.75,15.5,45,null
"2025-12-27T12:45:26.000Z",null,null,5.25,10.5,20,22.5,null
"2025-12-27T12:49:26.000Z",null,null,8.75,13,18.5,22.5,null
"2025-12-27T12:53:30.000Z",null,null,4.75,11.5,18,45,null
"2025-12-27T12:57:30.000Z",null,null,2.75,8.5,15.5,67.5,null
"2025-12-27T13:01:30.000Z",null,null,3.5,11.5,22,45,null
"2025-12-27T13:05:34.000Z",null,null,6,11,15.5,22.5,null
"2025-12-27T13:09:34.000Z",null,null,6.5,12,20,22.5,null
"2025-12-27T13:13:34.000Z",null,null,7,14,22.5,22.5,null
"2025-12-27T13:17:38.000Z",null,null,7,11.5,20.5,22.5,null
"2025-12-27T13:21:38.000Z",null,null,7.25,12.5,18.5,22.5,null
"2025-12-27T13:25:38.000Z",null,null,3.75,8,13,22.5,null
"2025-12-27T13:29:42.000Z",null,null,3.25,11.5,20,22.5,null
"2025-12-27T13:33:42.000Z",null,null,7.25,13,23,22.5,null
"2025-12-27T13:37:42.000Z",null,null,5.5,13.5,22,22.5,null
"2025-12-27T13:41:47.000Z",null,null,8.75,16,22.5,45,null
"2025-12-27T13:45:47.000Z",null,null,7.25,15,30,45,null
"2025-12-27T13:49:47.000Z",null,null,6.25,13.5,23,22.5,null
"2025-12-27T14:08:45.000Z",null,null,4.5,11.5,19.5,22.5,null
"2025-12-27T14:12:45.000Z",null,null,5.5,12,18.5,22.5,null
"2025-12-27T14:16:45.000Z",null,null,7.75,12.5,20,22.5,null
"2025-12-27T14:20:49.000Z",null,null,6.25,15,21,22.5,null
"2025-12-27T14:24:49.000Z",null,null,6.25,14.5,21.5,22.5,null
"2025-12-27T14:28:49.000Z",null,null,3.25,8.75,18,22.5,null
"2025-12-27T14:32:53.000Z",null,null,2.75,8.75,16,22.5,null
"2025-12-27T14:36:53.000Z",null,null,2,9.25,15.5,22.5,null
"2025-12-27T14:40:53.000Z",null,null,1.75,6.25,14.5,45,null
"2025-12-27T14:44:58.000Z",null,null,2.75,6.75,11,45,null
"2025-12-27T14:48:58.000Z",null,null,2.5,6.5,11,45,null
"2025-12-27T14:52:58.000Z",null,null,1.75,11.5,20,45,null
"2025-12-27T14:58:47.000Z",null,null,3.25,11.5,20.5,45,null
"2025-12-27T15:02:47.000Z",null,null,6.25,14,22.5,45,null
"2025-12-27T15:06:47.000Z",null,null,2.75,8,16.5,45,null
"2025-12-27T15:10:52.000Z",null,null,5.25,10.5,17.5,67.5,null
"2025-12-27T15:14:52.000Z",null,null,4.25,9.75,15.5,45,null
"2025-12-27T15:18:52.000Z",null,null,5.25,10.5,17,22.5,null
"2025-12-27T15:22:56.000Z",null,null,6,11,17,22.5,null
"2025-12-27T15:26:56.000Z",null,null,2.5,7.75,14.5,45,null
"2025-12-27T15:30:56.000Z",null,null,3.5,9.75,15.5,67.5,null
"2025-12-27T15:35:00.000Z",null,null,3.5,8.25,14.5,67.5,null
"2025-12-27T15:39:00.000Z",null,null,3.75,9.75,16,67.5,null
"2025-12-27T15:43:00.000Z",null,null,6.5,14,23.5,67.5,null
"2025-12-27T15:47:04.000Z",null,null,5.25,14,21,67.5,null
"2025-12-27T15:51:04.000Z",null,null,5.25,14.5,23.5,67.5,null
"2025-12-27T15:55:04.000Z",null,null,5.5,11.5,16.5,67.5,null
"2025-12-27T15:59:07.000Z",null,null,4.25,11,21.5,67.5,null
"2025-12-27T16:03:07.000Z",null,null,4.25,11,25,90,null
"2025-12-27T16:07:07.000Z",null,null,3.75,13,20.5,67.5,null
"2025-12-27T16:11:12.000Z",null,null,6.5,13.5,22.5,67.5,null
"2025-12-27T16:15:12.000Z",null,null,3.75,9,16,67.5,null
"2025-12-27T16:19:12.000Z",null,null,5.5,11,17,67.5,null
"2025-12-27T16:23:16.000Z",null,null,2.75,8.25,16,67.5,null
"2025-12-27T16:27:16.000Z",null,null,3.25,9.25,18,90,null
"2025-12-27T16:31:16.000Z",null,null,2.75,8.75,15,67.5,null
"2025-12-27T16:35:20.000Z",null,null,4.25,11.5,20,67.5,null
"2025-12-27T16:39:20.000Z",null,null,3.25,8.5,14.5,67.5,null
"2025-12-27T16:43:20.000Z",null,null,2.75,9,15.5,67.5,null
"2025-12-27T16:47:24.000Z",null,null,2,7.5,18.5,67.5,null
"2025-12-27T16:51:24.000Z",null,null,1.75,7.5,16.5,67.5,null
"2025-12-27T16:55:24.000Z",null,null,4.75,9.75,15.5,67.5,null
"2025-12-27T16:59:28.000Z",null,null,3.5,11,19,67.5,null
"2025-12-27T17:03:28.000Z",null,null,2.75,8.5,16,67.5,null
"2025-12-27T17:07:28.000Z",null,null,4.25,9.75,20,67.5,null
"2025-12-27T17:11:32.000Z",null,null,4.5,14,22.5,67.5,null
"2025-12-27T17:15:32.000Z",null,null,4.5,12,21,67.5,null
"2025-12-27T17:19:32.000Z",null,null,5.25,12,20,90,null
"2025-12-27T17:23:36.000Z",null,null,3.75,11.5,18,90,null
"2025-12-27T17:27:36.000Z",null,null,4.25,11.5,20,67.5,null
"2025-12-27T17:31:36.000Z",null,null,7,12.5,20,67.5,null
"2025-12-27T17:35:40.000Z",null,null,4.25,9.5,18,67.5,null
"2025-12-27T17:39:40.000Z",null,null,4.25,10.5,19,67.5,null
"2025-12-27T17:43:40.000Z",null,null,3.75,10,16.5,67.5,null
"2025-12-27T17:47:44.000Z",null,null,6.25,12.5,22,67.5,null
"2025-12-27T17:51:44.000Z",null,null,6,11.5,17.5,67.5,null
"2025-12-27T17:55:44.000Z",null,null,3.25,10.5,21,67.5,null
"2025-12-27T17:59:48.000Z",null,null,4.25,10.5,22,67.5,null
"2025-12-27T18:03:48.000Z",null,null,3.5,9.75,19,67.5,null
"2025-12-27T18:07:48.000Z",null,null,3.25,9.5,17.5,67.5,null
"2025-12-27T18:11:52.000Z",null,null,2.75,9,18,45,null
"2025-12-27T18:15:52.000Z",null,null,8.25,13.5,19.5,67.5,null
"2025-12-27T18:19:52.000Z",null,null,4.5,10.5,19,45,null
"2025-12-27T18:23:57.000Z",null,null,3.75,9.5,15,45,null
"2025-12-27T18:27:57.000Z",null,null,5.5,11.5,17,45,null
"2025-12-27T18:31:57.000Z",null,null,4.75,12,19,67.5,null
"2025-12-27T18:36:00.000Z",null,null,4.5,9.5,16.5,67.5,null
"2025-12-27T18:40:00.000Z",null,null,5.25,10.5,15.5,67.5,null
"2025-12-27T18:44:00.000Z",null,null,3.75,9.5,15.5,67.5,null
"2025-12-27T18:48:04.000Z",null,null,3.25,7.75,17,67.5,null
"2025-12-27T18:52:04.000Z",null,null,3.25,8.75,16.5,67.5,null
"2025-12-27T18:56:04.000Z",null,null,3.75,9.25,16.5,67.5,null
"2025-12-27T19:00:08.000Z",null,null,3.25,7.25,13,90,null
"2025-12-27T19:04:08.000Z",null,null,1.75,8.75,16,90,null
"2025-12-27T19:08:08.000Z",null,null,2,8.5,14,67.5,null
"2025-12-27T19:12:12.000Z",null,null,3.5,8.25,13,90,null
"2025-12-27T19:16:12.000Z",null,null,4.25,7.75,11,90,null
"2025-12-27T19:20:12.000Z",null,null,1,5,13,67.5,null
"2025-12-27T19:24:17.000Z",null,null,2.5,6.75,12.5,67.5,null
"2025-12-27T19:28:17.000Z",null,null,2.75,5.25,9,67.5,null
"2025-12-27T19:32:17.000Z",null,null,2.75,6.75,12,67.5,null
"2025-12-27T19:36:21.000Z",null,null,1,5.5,8.75,67.5,null
"2025-12-27T19:40:21.000Z",null,null,2.5,6,9.5,45,null
"2025-12-27T19:44:21.000Z",null,null,2,7.75,14,45,null
"2025-12-27T19:48:24.000Z",null,null,3.25,7.5,12,67.5,null
"2025-12-27T19:52:24.000Z",null,null,4.75,8,12,45,null
"2025-12-27T19:56:24.000Z",null,null,3.5,8,11.5,22.5,null
"2025-12-27T20:00:29.000Z",null,null,4.5,9.5,14.5,22.5,null
"2025-12-27T20:04:29.000Z",null,null,4.75,8.5,12.5,22.5,null
"2025-12-27T20:08:29.000Z",null,null,2.75,6.5,15,45,null
"2025-12-27T20:12:33.000Z",null,null,6.25,10,15,22.5,null
"2025-12-27T20:16:33.000Z",null,null,1.75,6.75,11,45,null
"2025-12-27T20:20:33.000Z",null,null,5.25,9,16,67.5,null
"2025-12-27T20:24:37.000Z",null,null,4.25,9.25,15.5,45,null
"2025-12-27T20:28:37.000Z",null,null,3.5,7.25,13.5,67.5,null
"2025-12-27T20:32:37.000Z",null,null,3.25,7.75,15.5,67.5,null
"2025-12-27T20:36:41.000Z",null,null,2.5,7,14.5,67.5,null
"2025-12-27T20:40:41.000Z",null,null,3.25,6.75,10,67.5,null
"2025-12-27T20:44:41.000Z",null,null,2.75,8,13.5,45,null
"2025-12-27T20:48:45.000Z",null,null,3.25,8.5,12.5,67.5,null
"2025-12-27T20:52:45.000Z",null,null,2.75,7.25,14,67.5,null
"2025-12-27T20:56:45.000Z",null,null,0.75,5,12,67.5,null
"2025-12-27T21:00:49.000Z",null,null,2,5.25,9.75,67.5,null
"2025-12-27T21:04:49.000Z",null,null,0.75,7,12.5,67.5,null
"2025-12-27T21:08:49.000Z",null,null,0,7.25,14.5,90,null
"2025-12-27T21:12:53.000Z",null,null,4.5,11,18,90,null
"2025-12-27T21:16:53.000Z",null,null,5.25,11,17.5,90,null
"2025-12-27T21:20:53.000Z",null,null,5.25,10.5,18,67.5,null
"2025-12-27T21:24:57.000Z",null,null,3.75,8,20.5,67.5,null
"2025-12-27T21:28:57.000Z",null,null,2.5,8,15,90,null
"2025-12-27T21:32:57.000Z",null,null,0,5.75,13.5,90,null
"2025-12-27T21:37:01.000Z",null,null,1,6.5,13,67.5,null
"2025-12-27T21:41:01.000Z",null,null,2.5,9.5,18.5,45,null
"2025-12-27T21:45:01.000Z",null,null,4.25,9.5,15.5,45,null
"2025-12-27T21:49:05.000Z",null,null,2.75,6.75,12.5,67.5,null
"2025-12-27T21:53:05.000Z",null,null,2,6.5,12.5,45,null
"2025-12-27T21:57:05.000Z",null,null,1.75,7.5,16,90,null
"2025-12-27T22:01:09.000Z",null,null,3.75,9.5,19,67.5,null
"2025-12-27T22:05:09.000Z",null,null,4.5,9,15.5,67.5,null
"2025-12-27T22:09:09.000Z",null,null,3.25,6.5,9.75,90,null
"2025-12-27T22:13:14.000Z",null,null,2.5,6.5,11,67.5,null
"2025-12-27T22:17:14.000Z",null,null,0.75,9.5,21,67.5,null
"2025-12-27T22:21:14.000Z",null,null,3.75,8,13,67.5,null
"2025-12-27T22:25:17.000Z",null,null,4.25,7.75,13,67.5,null
"2025-12-27T22:29:17.000Z",null,null,1.5,5,9,67.5,null
"2025-12-27T22:33:17.000Z",null,null,2.5,5.5,14.5,45,null
"2025-12-27T22:37:21.000Z",null,null,3.75,11,21,67.5,null
"2025-12-27T22:41:21.000Z",null,null,5.25,13,19,45,null
"2025-12-27T22:45:21.000Z",null,null,4.5,9,15.5,67.5,null
"2025-12-27T22:49:26.000Z",null,null,3.75,10.5,20.5,67.5,null
"2025-12-27T22:53:26.000Z",null,null,2.5,8.5,14.5,67.5,null
"2025-12-27T22:57:26.000Z",null,null,1,8.25,19,90,null
"2025-12-27T23:01:29.000Z",null,null,2.75,8.25,17.5,90,null
"2025-12-27T23:05:29.000Z",null,null,2.75,9.75,20,67.5,null
"2025-12-27T23:09:29.000Z",null,null,3.75,10.5,20.5,67.5,null
"2025-12-27T23:13:34.000Z",null,null,3.25,11.5,22.5,67.5,null
"2025-12-27T23:17:34.000Z",null,null,5.5,12.5,23,67.5,null
"2025-12-27T23:21:34.000Z",null,null,3.25,8.75,15,45,null
"2025-12-27T23:25:38.000Z",null,null,4.75,11,19.5,67.5,null
"2025-12-27T23:29:38.000Z",null,null,4.5,10,17.5,67.5,null
"2025-12-27T23:33:38.000Z",null,null,4.5,9.25,16,67.5,null
"2025-12-27T23:37:42.000Z",null,null,5.5,12,22,45,null
"2025-12-27T23:41:42.000Z",null,null,4.5,12,21,67.5,null
"2025-12-27T23:45:42.000Z",null,null,6,10.5,19.5,45,null
"2025-12-27T23:49:46.000Z",null,null,4.5,10,16.5,67.5,null
"2025-12-27T23:53:46.000Z",null,null,4.5,11,19,45,null
"2025-12-27T23:57:46.000Z",null,null,3.25,10.5,18,90,null
"2025-12-28T00:01:50.000Z",null,null,3.75,8.5,16,90,null
"2025-12-28T00:05:50.000Z",null,null,4.5,10.5,15.5,67.5,null
"2025-12-28T00:09:50.000Z",null,null,2,7.75,16,112.5,null
"2025-12-28T00:13:54.000Z",null,null,1,5,8.75,90,null
"2025-12-28T00:17:54.000Z",null,null,1.75,6.25,12.5,112.5,null
"2025-12-28T00:21:54.000Z",null,null,1.75,6.5,12.5,112.5,null
"2025-12-28T00:25:58.000Z",null,null,4.5,8.75,14,112.5,null
"2025-12-28T00:29:58.000Z",null,null,1.75,7,13.5,112.5,null
"2025-12-28T00:33:58.000Z",null,null,0.25,3.75,8.25,90,null
"2025-12-28T00:38:02.000Z",null,null,4.25,7.25,12,90,null
"2025-12-28T00:42:02.000Z",null,null,2.5,7.75,12,90,null
"2025-12-28T00:46:02.000Z",null,null,4.25,7.25,12,90,null
"2025-12-28T00:50:06.000Z",null,null,3.25,6.25,9.25,90,null
"2025-12-28T00:54:06.000Z",null,null,1.5,5.25,8.25,112.5,null
"2025-12-28T00:58:06.000Z",null,null,1.75,6,11,90,null
"2025-12-28T01:02:11.000Z",null,null,0,4,8.75,135,null
"2025-12-28T01:06:11.000Z",null,null,1,4.75,11.5,90,null
"2025-12-28T01:10:11.000Z",null,null,2.5,6,12,90,null
"2025-12-28T01:14:14.000Z",null,null,1.5,7,13,90,null
"2025-12-28T01:18:14.000Z",null,null,0.75,3.5,9,67.5,null
"2025-12-28T01:22:14.000Z",null,null,0.75,5,13,90,null
"2025-12-28T01:26:19.000Z",null,null,0,2.5,7,135,null
"2025-12-28T01:30:19.000Z",null,null,2.5,4.75,7.75,135,null
"2025-12-28T01:34:19.000Z",null,null,2.5,5.75,12,112.5,null
"2025-12-28T01:38:23.000Z",null,null,1.5,3.75,7.25,112.5,null
"2025-12-28T01:42:23.000Z",null,null,2.5,6.25,9.75,112.5,null
"2025-12-28T01:46:23.000Z",null,null,2.75,4.75,7,112.5,null
"2025-12-28T01:50:27.000Z",null,null,2.75,6,10.5,112.5,null
"2025-12-28T01:54:27.000Z",null,null,0,4.25,8.75,90,null
"2025-12-28T01:58:27.000Z",null,null,0.75,2.75,6.5,135,null
"2025-12-28T02:02:30.000Z",null,null,2.75,5.75,11,90,null
"2025-12-28T02:06:30.000Z",null,null,2.5,4.75,8,112.5,null
"2025-12-28T02:10:30.000Z",null,null,1.75,5.5,8.75,112.5,null
"2025-12-28T02:14:35.000Z",null,null,3.5,5.75,9.75,90,null
"2025-12-28T02:18:35.000Z",null,null,2.5,5.5,8.25,112.5,null
"2025-12-28T02:22:35.000Z",null,null,2,4.5,7,90,null
"2025-12-28T02:26:39.000Z",null,null,2,5,9.75,112.5,null
"2025-12-28T02:30:39.000Z",null,null,1.75,7.25,13,90,null
"2025-12-28T02:34:39.000Z",null,null,0.25,5.25,10,67.5,null
"2025-12-28T02:38:43.000Z",null,null,1.5,3.75,6,112.5,null
"2025-12-28T02:42:43.000Z",null,null,2,6,10,90,null
"2025-12-28T02:46:43.000Z",null,null,1.5,7,16,67.5,null
"2025-12-28T02:50:46.000Z",null,null,2.75,9.75,20,67.5,null
"2025-12-28T02:54:46.000Z",null,null,1.75,7,16.5,90,null
"2025-12-28T02:58:46.000Z",null,null,5.25,8.25,12,67.5,null
"2025-12-28T03:02:50.000Z",null,null,0.25,7,14,90,null
"2025-12-28T03:06:50.000Z",null,null,2,7.25,12,90,null
"2025-12-28T03:10:50.000Z",null,null,3.75,8.5,13,90,null
"2025-12-28T03:14:55.000Z",null,null,2.5,7.25,12,45,null
"2025-12-28T03:18:55.000Z",null,null,2,4,6.5,67.5,null
"2025-12-28T03:22:55.000Z",null,null,2,5.25,9,112.5,null
"2025-12-28T03:26:59.000Z",null,null,2,5.5,9.75,67.5,null
"2025-12-28T03:30:59.000Z",null,null,1,2.75,4.75,112.5,null
"2025-12-28T03:34:59.000Z",null,null,2,4.25,7.75,112.5,null
"2025-12-28T03:39:03.000Z",null,null,3.5,7,11,90,null
"2025-12-28T03:43:03.000Z",null,null,3.25,8.75,18,112.5,null
"2025-12-28T03:47:03.000Z",null,null,2.5,8,18,90,null
"2025-12-28T03:51:07.000Z",null,null,1.5,7.5,14.5,90,null
"2025-12-28T03:55:07.000Z",null,null,4.25,7.75,14,90,null
"2025-12-28T03:59:07.000Z",null,null,0.25,4.25,10,90,null
"2025-12-28T04:03:11.000Z",null,null,2.5,8,13.5,67.5,null
"2025-12-28T04:07:11.000Z",null,null,2.5,7,13.5,67.5,null
"2025-12-28T04:11:11.000Z",null,null,2,12,23.5,67.5,null
"2025-12-28T04:15:15.000Z",null,null,3.25,8.75,18,67.5,null
"2025-12-28T04:19:15.000Z",null,null,6,12.5,23.5,45,null
"2025-12-28T04:23:15.000Z",null,null,4.5,9.25,14.5,45,null
"2025-12-28T04:27:19.000Z",null,null,3.5,10,18,45,null
"2025-12-28T04:31:19.000Z",null,null,5.25,11,20,45,null
"2025-12-28T04:35:19.000Z",null,null,2,6.25,12.5,67.5,null
"2025-12-28T04:39:23.000Z",null,null,1.75,6.25,13.5,67.5,null
"2025-12-28T04:43:23.000Z",null,null,2.75,9.75,16,67.5,null
"2025-12-28T04:47:23.000Z",null,null,2.75,8,16.5,90,null
"2025-12-28T04:51:27.000Z",null,null,3.25,9,16.5,67.5,null
"2025-12-28T04:55:27.000Z",null,null,3.25,9.5,16.5,45,null
"2025-12-28T04:59:27.000Z",null,null,5.5,11,18.5,45,null
"2025-12-28T05:03:31.000Z",null,null,1.75,8.75,20,67.5,null
"2025-12-28T05:07:31.000Z",null,null,3.75,8.75,20,45,null
"2025-12-28T05:11:31.000Z",null,null,3.5,12,19,67.5,null
"2025-12-28T05:15:35.000Z",null,null,5.5,10.5,15,67.5,null
"2025-12-28T05:19:35.000Z",null,null,4.75,8.5,13.5,67.5,null
"2025-12-28T05:23:35.000Z",null,null,4.5,11.5,15.5,90,null
"2025-12-28T05:27:39.000Z",null,null,4.25,9.75,17.5,90,null
"2025-12-28T05:31:39.000Z",null,null,2.5,7.5,14.5,90,null
"2025-12-28T05:35:39.000Z",null,null,2,9.25,20,90,null
"2025-12-28T05:39:43.000Z",null,null,2.75,7.5,17,90,null
"2025-12-28T05:43:43.000Z",null,null,3.75,8.5,16,90,null
"2025-12-28T05:47:43.000Z",null,null,2.75,6.5,11.5,112.5,null
"2025-12-28T05:51:48.000Z",null,null,1.75,5.25,11.5,112.5,null
"2025-12-28T05:55:48.000Z",null,null,0.75,3.5,7.25,135,null
"2025-12-28T05:59:48.000Z",null,null,0,4.5,12,135,null
"2025-12-28T06:03:52.000Z",null,null,1.5,4.5,10,135,null
"2025-12-28T06:07:52.000Z",null,null,0,2.75,7.75,112.5,null
"2025-12-28T06:11:52.000Z",null,null,1.5,6,14.5,135,null
"2025-12-28T06:15:55.000Z",null,null,3.5,7.5,13,157.5,null
"2025-12-28T06:19:55.000Z",null,null,1.75,6.75,13.5,135,null
"2025-12-28T06:23:55.000Z",null,null,0,4,6.25,135,null
"2025-12-28T06:28:00.000Z",null,null,0.75,4,7.75,135,null
"2025-12-28T06:32:00.000Z",null,null,2,4.75,7.25,135,null
"2025-12-28T06:36:00.000Z",null,null,1.5,3.75,6.5,157.5,null
"2025-12-28T06:40:03.000Z",null,null,0.75,3.25,7,157.5,null
"2025-12-28T06:44:03.000Z",null,null,0.75,3.5,6.5,90,null
"2025-12-28T06:48:03.000Z",null,null,1.75,5.25,8.25,90,null
"2025-12-28T06:52:08.000Z",null,null,0.25,3.25,9,90,null
"2025-12-28T06:56:08.000Z",null,null,1.5,5.25,7.75,90,null
"2025-12-28T07:00:08.000Z",null,null,2,7.25,14,90,null
"2025-12-28T07:04:12.000Z",null,null,1.5,5.5,8.75,67.5,null
"2025-12-28T07:08:12.000Z",null,null,3.25,8.5,13,67.5,null
"2025-12-28T07:12:12.000Z",null,null,3.5,7.75,13.5,67.5,null
"2025-12-28T07:16:16.000Z",null,null,3.5,9.75,16.5,67.5,null
"2025-12-28T07:20:16.000Z",null,null,8.25,13,24,45,null
"2025-12-28T07:24:16.000Z",null,null,2.5,9.25,19.5,67.5,null
"2025-12-28T07:28:20.000Z",null,null,6,13,19,45,null
"2025-12-28T07:32:20.000Z",null,null,5.25,11,15.5,45,null
"2025-12-28T07:36:20.000Z",null,null,4.25,12.5,19.5,45,null
"2025-12-28T07:40:24.000Z",null,null,7,14.5,24.5,45,null
"2025-12-28T07:44:24.000Z",null,null,9,13.5,18.5,45,null
"2025-12-28T07:48:24.000Z",null,null,4.25,10.5,23,45,null
"2025-12-28T07:52:28.000Z",null,null,3.25,9.5,17,45,null
"2025-12-28T07:56:28.000Z",null,null,8,16.5,25.5,22.5,null
"2025-12-28T08:00:28.000Z",null,null,5.5,14,27,45,null
"2025-12-28T08:04:32.000Z",null,null,6.25,15.5,29,45,null
"2025-12-28T08:08:32.000Z",null,null,7,11.5,17.5,45,null
"2025-12-28T08:12:32.000Z",null,null,4.5,11.5,18,45,null
"2025-12-28T08:16:36.000Z",null,null,5.25,12,20,22.5,null
"2025-12-28T08:20:36.000Z",null,null,4.75,8.5,15.5,45,null
"2025-12-28T08:24:36.000Z",null,null,1.75,9.5,20,45,null
"2025-12-28T08:28:40.000Z",null,null,3.75,11.5,19,45,null
"2025-12-28T08:32:40.000Z",null,null,1.75,6.25,11.5,67.5,null
"2025-12-28T08:36:40.000Z",null,null,6,12,17,45,null
"2025-12-28T08:40:44.000Z",null,null,2.75,8.25,15.5,45,null
"2025-12-28T08:44:44.000Z",null,null,5.5,9.25,15,45,null
"2025-12-28T08:48:44.000Z",null,null,5.5,10,16.5,45,null
"2025-12-28T08:52:49.000Z",null,null,3.25,9,14.5,45,null
"2025-12-28T08:56:49.000Z",null,null,2,11,21,45,null
"2025-12-28T09:00:49.000Z",null,null,3.25,10,21.5,45,null
"2025-12-28T09:04:52.000Z",null,null,8,16,23,22.5,null
"2025-12-28T09:08:52.000Z",null,null,8.75,17,23.5,22.5,null
"2025-12-28T09:12:52.000Z",null,null,9.5,18,26.5,45,null
"2025-12-28T09:16:56.000Z",null,null,8.25,15.5,24.5,22.5,null
"2025-12-28T09:20:56.000Z",null,null,5.25,11,17.5,22.5,null
"2025-12-28T09:24:56.000Z",null,null,6.25,15,26,45,null
"2025-12-28T09:29:00.000Z",null,null,5.5,15,25.5,45,null
"2025-12-28T09:33:00.000Z",null,null,6.25,14.5,27,22.5,null
"2025-12-28T09:37:00.000Z",null,null,3.5,9.75,18,22.5,null
"2025-12-28T09:41:04.000Z",null,null,1.5,7,12,22.5,null
"2025-12-28T09:45:04.000Z",null,null,4.25,8,12,67.5,null
"2025-12-28T09:49:04.000Z",null,null,4.75,14,23.5,45,null
"2025-12-28T09:53:09.000Z",null,null,7.25,14.5,22,45,null
"2025-12-28T09:57:09.000Z",null,null,8.25,13.5,22.5,45,null
"2025-12-28T10:01:09.000Z",null,null,2.5,8.75,15.5,67.5,null
"2025-12-28T10:05:12.000Z",null,null,2.5,10,17.5,22.5,null
"2025-12-28T10:09:12.000Z",null,null,5.25,11.5,18.5,45,null
"2025-12-28T10:13:12.000Z",null,null,4.75,11.5,18.5,45,null
"2025-12-28T10:17:17.000Z",null,null,4.25,9,16.5,45,null
"2025-12-28T10:21:17.000Z",null,null,3.75,9.5,16,22.5,null
"2025-12-28T10:25:17.000Z",null,null,3.75,7.5,11.5,45,null
"2025-12-28T10:29:20.000Z",null,null,3.75,8.5,14.5,22.5,null
"2025-12-28T10:33:20.000Z",null,null,2,9,25.5,45,null
"2025-12-28T10:37:20.000Z",null,null,5.5,15,25,45,null
"2025-12-28T10:41:24.000Z",null,null,4.25,13,21,22.5,null
"2025-12-28T10:45:24.000Z",null,null,4.5,14,21,45,null
"2025-12-28T10:49:24.000Z",null,null,9,15.5,24.5,22.5,null
"2025-12-28T10:53:29.000Z",null,null,6.25,14,25.5,22.5,null
"2025-12-28T10:57:29.000Z",null,null,8.25,15,21.5,45,null
"2025-12-28T11:01:29.000Z",null,null,4.25,13,23.5,45,null
"2025-12-28T11:05:33.000Z",null,null,6.25,11.5,19,45,null
"2025-12-28T11:09:33.000Z",null,null,6,12,20,22.5,null
"2025-12-28T11:13:33.000Z",null,null,7.25,15.5,26,22.5,null
"2025-12-28T11:17:37.000Z",null,null,2.75,10,17.5,22.5,null
"2025-12-28T11:21:37.000Z",null,null,4.5,10.5,15.5,22.5,null
"2025-12-28T11:25:37.000Z",null,null,7.75,15.5,23,22.5,null
"2025-12-28T11:29:41.000Z",null,null,8,14.5,22.5,0,null
"2025-12-28T11:33:41.000Z",null,null,10,16.5,25.5,22.5,null
"2025-12-28T11:37:41.000Z",null,null,8.75,14.5,21,22.5,null
"2025-12-28T11:41:45.000Z",null,null,13,18.5,24.5,22.5,null
"2025-12-28T11:45:45.000Z",null,null,11,18,25.5,22.5,null
"2025-12-28T11:49:45.000Z",null,null,7.25,13.5,20.5,22.5,null
"2025-12-28T11:53:49.000Z",null,null,13,18.5,25,22.5,null
"2025-12-28T11:57:49.000Z",null,null,11.5,18,26,22.5,null
"2025-12-28T12:01:49.000Z",null,null,8,14,20,22.5,null
"2025-12-28T12:05:54.000Z",null,null,9,15.5,24,22.5,null
"2025-12-28T12:09:54.000Z",null,null,7.25,14,19,22.5,null
"2025-12-28T12:13:54.000Z",null,null,8.25,14.5,21.5,22.5,null
"2025-12-28T12:17:57.000Z",null,null,10.5,17,27.5,22.5,null
"2025-12-28T12:21:57.000Z",null,null,4.25,13.5,22.5,22.5,null
"2025-12-28T12:25:57.000Z",null,null,3.5,13,19,22.5,null
"2025-12-28T12:30:02.000Z",null,null,4.75,13,21,22.5,null
"2025-12-28T12:34:02.000Z",null,null,3.5,12,19,45,null
"2025-12-28T12:38:02.000Z",null,null,11,16,20.5,22.5,null
"2025-12-28T12:42:05.000Z",null,null,6.25,14,20,22.5,null
"2025-12-28T12:46:05.000Z",null,null,8.25,14,21,22.5,null
"2025-12-28T12:50:05.000Z",null,null,9.75,16.5,24.5,22.5,null
"2025-12-28T12:54:09.000Z",null,null,7.25,12,17.5,0,null
"2025-12-28T12:58:09.000Z",null,null,1.5,7.5,15.5,22.5,null
"2025-12-28T13:02:09.000Z",null,null,7.25,13,20.5,22.5,null
"2025-12-28T13:06:13.000Z",null,null,7.25,15.5,25.5,0,null
"2025-12-28T13:10:13.000Z",null,null,11,18.5,25,0,null
"2025-12-28T13:14:13.000Z",null,null,10.5,14,21,22.5,null
"2025-12-28T13:18:18.000Z",null,null,8.75,15,24.5,22.5,null
"2025-12-28T13:22:18.000Z",null,null,12.5,17.5,23,0,null
"2025-12-28T13:26:18.000Z",null,null,6.25,13,19,0,null
"2025-12-28T13:30:21.000Z",null,null,8.25,20,25.5,22.5,null
"2025-12-28T13:34:21.000Z",null,null,7.25,15,22,45,null
"2025-12-28T13:38:21.000Z",null,null,11.5,17,26,22.5,null
"2025-12-28T13:42:26.000Z",null,null,7,15,27.5,22.5,null
"2025-12-28T13:46:26.000Z",null,null,10,17,24.5,22.5,null
"2025-12-28T13:50:26.000Z",null,null,6,14,24.5,22.5,null
"2025-12-28T14:09:25.000Z",null,null,11,21,31.5,45,null
"2025-12-28T14:13:25.000Z",null,null,7.75,17,29,22.5,null
"2025-12-28T14:17:25.000Z",null,null,8,18,28.5,45,null
"2025-12-28T14:21:28.000Z",null,null,1,8.75,18.5,22.5,null
"2025-12-28T14:25:28.000Z",null,null,11,16.5,23.5,22.5,null
"2025-12-28T14:29:28.000Z",null,null,10.5,17,24.5,22.5,null
"2025-12-28T14:33:32.000Z",null,null,8.75,15.5,26,22.5,null
"2025-12-28T14:37:32.000Z",null,null,4.75,11.5,19.5,22.5,null
"2025-12-28T14:41:32.000Z",null,null,7.25,17,30.5,45,null
"2025-12-28T14:45:36.000Z",null,null,7.25,16.5,24.5,22.5,null
"2025-12-28T14:49:36.000Z",null,null,6,14.5,25,45,null
"2025-12-28T14:53:36.000Z",null,null,3.25,14.5,25.5,45,null
"2025-12-28T14:59:26.000Z",null,null,7.25,17,34,45,null
"2025-12-28T15:03:26.000Z",null,null,3.5,12,20,45,null
"2025-12-28T15:07:26.000Z",null,null,2.75,15.5,28,22.5,null
"2025-12-28T15:11:30.000Z",null,null,9,13,18,22.5,null
"2025-12-28T15:15:30.000Z",null,null,7.75,14.5,23,22.5,null
"2025-12-28T15:19:30.000Z",null,null,3.75,15.5,25,45,null
"2025-12-28T15:23:34.000Z",null,null,11,19.5,30.5,22.5,null
"2025-12-28T15:27:34.000Z",null,null,5.25,17,35,45,null
"2025-12-28T15:31:34.000Z",null,null,2.75,13,29,45,null
"2025-12-28T15:35:39.000Z",null,null,7.75,14,23.5,22.5,null
"2025-12-28T15:39:39.000Z",null,null,3.25,12.5,22,45,null
"2025-12-28T15:43:39.000Z",null,null,6,19.5,32,45,null
"2025-12-28T15:47:43.000Z",null,null,9,20.5,31,45,null
"2025-12-28T15:51:43.000Z",null,null,9.75,19,34,45,null
"2025-12-28T15:55:43.000Z",null,null,4.5,14,26,22.5,null
"2025-12-28T15:59:47.000Z",null,null,5.5,14.5,27.5,45,null
"2025-12-28T16:03:47.000Z",null,null,8.75,17,27,45,null
"2025-12-28T16:07:47.000Z",null,null,7.75,16,27,45,null
"2025-12-28T16:11:51.000Z",null,null,2.75,10,19,45,null
"2025-12-28T16:15:51.000Z",null,null,5.5,17,32.5,45,null
"2025-12-28T16:19:51.000Z",null,null,8,15,22.5,45,null
"2025-12-28T16:23:54.000Z",null,null,8.75,14,22.5,22.5,null
"2025-12-28T16:27:54.000Z",null,null,4.75,14.5,30,45,null
"2025-12-28T16:31:54.000Z",null,null,12,18,26,22.5,null
"2025-12-28T16:35:59.000Z",null,null,9.5,18,26.5,45,null
"2025-12-28T16:39:59.000Z",null,null,8.25,14,22.5,22.5,null
"2025-12-28T16:43:59.000Z",null,null,7.75,11.5,16,22.5,null
"2025-12-28T16:48:03.000Z",null,null,9.75,15,20,22.5,null
"2025-12-28T16:52:03.000Z",null,null,6,10.5,17,22.5,null
"2025-12-28T16:56:03.000Z",null,null,4.75,12.5,21.5,22.5,null
"2025-12-28T17:00:06.000Z",null,null,5.25,13.5,22,45,null
"2025-12-28T17:04:06.000Z",null,null,7.75,13.5,22.5,22.5,null
"2025-12-28T17:08:06.000Z",null,null,8.25,16.5,26.5,45,null
"2025-12-28T17:12:11.000Z",null,null,6.5,15,21.5,45,null
"2025-12-28T17:16:11.000Z",null,null,5.25,12,22.5,45,null
"2025-12-28T17:20:11.000Z",null,null,5.5,10.5,18,45,null
"2025-12-28T17:24:15.000Z",null,null,2.75,8.75,15.5,45,null
"2025-12-28T17:28:15.000Z",null,null,6,10,15,22.5,null
"2025-12-28T17:32:15.000Z",null,null,2.75,6.75,12,45,null
"2025-12-28T17:36:19.000Z",null,null,3.75,8.75,21,67.5,null
"2025-12-28T17:40:19.000Z",null,null,2.5,7,10.5,45,null
"2025-12-28T17:44:19.000Z",null,null,1,5,11.5,90,null
"2025-12-28T17:48:23.000Z",null,null,4.5,7.75,10.5,67.5,null
"2025-12-28T17:52:23.000Z",null,null,4.25,8.75,14.5,67.5,null
"2025-12-28T17:56:23.000Z",null,null,2,5.5,10,67.5,null
"2025-12-28T18:00:28.000Z",null,null,3.5,5.75,8.25,90,null
"2025-12-28T18:04:28.000Z",null,null,1,5,14.5,45,null
"2025-12-28T18:08:28.000Z",null,null,2.75,6.25,11,22.5,null
"2025-12-28T18:12:31.000Z",null,null,1.5,5.75,11,22.5,null
"2025-12-28T18:16:31.000Z",null,null,2.75,5.75,11,45,null
"2025-12-28T18:20:31.000Z",null,null,3.75,7.75,13,90,null
"2025-12-28T18:24:35.000Z",null,null,5.25,10,13.5,67.5,null
"2025-12-28T18:28:35.000Z",null,null,3.75,9.5,19.5,90,null
"2025-12-28T18:32:35.000Z",null,null,5.5,8.25,11,67.5,null
"2025-12-28T18:36:39.000Z",null,null,4.75,8.5,13,90,null
"2025-12-28T18:40:39.000Z",null,null,3.75,6.25,9.75,90,null
"2025-12-28T18:44:39.000Z",null,null,2.5,7,10,112.5,null
"2025-12-28T18:48:43.000Z",null,null,3.75,8.5,14,67.5,null
"2025-12-28T18:52:43.000Z",null,null,3.25,8.5,16,67.5,null
"2025-12-28T18:56:43.000Z",null,null,3.5,6.25,11.5,45,null
"2025-12-28T19:00:48.000Z",null,null,2.5,5.75,10.5,45,null
"2025-12-28T19:04:48.000Z",null,null,3.75,7,11,45,null
"2025-12-28T19:08:48.000Z",null,null,1.5,6.5,10,45,null
"2025-12-28T19:12:51.000Z",null,null,2.75,6.25,11,45,null
"2025-12-28T19:16:51.000Z",null,null,3.5,6,9,67.5,null
"2025-12-28T19:20:51.000Z",null,null,1,5.5,11.5,45,null
"2025-12-28T19:24:56.000Z",null,null,2.5,6.25,14.5,45,null
"2025-12-28T19:28:56.000Z",null,null,3.75,6,9.75,45,null
"2025-12-28T19:32:56.000Z",null,null,2.75,5,7,90,null
"2025-12-28T19:37:00.000Z",null,null,2.5,4.75,7,45,null
"2025-12-28T19:41:00.000Z",null,null,3.5,5,7,45,null
"2025-12-28T19:45:00.000Z",null,null,3.25,5.25,8,67.5,null
"2025-12-28T19:49:03.000Z",null,null,2.75,4.5,6.5,67.5,null
"2025-12-28T19:53:03.000Z",null,null,2,5.25,8.25,67.5,null
"2025-12-28T19:57:03.000Z",null,null,5.25,8,13,90,null
"2025-12-28T20:01:08.000Z",null,null,5.5,9.25,13,90,null
"2025-12-28T20:05:08.000Z",null,null,2.5,7,11,90,null
"2025-12-28T20:09:08.000Z",null,null,2,6.5,9.75,67.5,null
"2025-12-28T20:13:12.000Z",null,null,3.5,5,8.25,90,null
"2025-12-28T20:17:12.000Z",null,null,1.5,4.75,9.5,90,null
"2025-12-28T20:21:12.000Z",null,null,2,5.5,10,67.5,null
"2025-12-28T20:25:16.000Z",null,null,0.75,5.25,9,67.5,null
"2025-12-28T20:29:16.000Z",null,null,2.5,5,8.25,90,null
"2025-12-28T20:33:16.000Z",null,null,1.75,6.5,12,90,null
"2025-12-28T20:37:20.000Z",null,null,1.75,6.5,10.5,67.5,null
"2025-12-28T20:41:20.000Z",null,null,2,6.5,11,112.5,null
"2025-12-28T20:45:20.000Z",null,null,3.5,6.25,8,112.5,null
"2025-12-28T20:49:24.000Z",null,null,2,5.5,8.75,112.5,null
"2025-12-28T20:53:24.000Z",null,null,5.25,8.25,13,90,null
"2025-12-28T20:57:24.000Z",null,null,2,5.5,9.5,90,null
"2025-12-28T21:01:28.000Z",null,null,2.75,4.5,6.5,112.5,null
"2025-12-28T21:05:28.000Z",null,null,1,4,6.5,90,null
"2025-12-28T21:09:28.000Z",null,null,1.5,3,5.5,112.5,null
"2025-12-28T21:13:32.000Z",null,null,1.75,4,6.25,90,null
"2025-12-28T21:17:32.000Z",null,null,1.75,3,5.25,112.5,null
"2025-12-28T21:21:32.000Z",null,null,1.5,4.5,7.25,112.5,null
"2025-12-28T21:25:36.000Z",null,null,1.5,4.5,7.25,112.5,null
"2025-12-28T21:29:36.000Z",null,null,3.5,5.75,8.75,112.5,null
"2025-12-28T21:33:36.000Z",null,null,3.25,5.5,9.75,112.5,null
"2025-12-28T21:37:40.000Z",null,null,1.75,4.25,7.75,90,null
"2025-12-28T21:41:40.000Z",null,null,1.75,3.25,5.5,112.5,null
"2025-12-28T21:45:40.000Z",null,null,1,2.5,4.25,112.5,null
"2025-12-28T21:49:44.000Z",null,null,2,3.25,4.5,112.5,null
"2025-12-28T21:53:44.000Z",null,null,1,2.75,6.5,112.5,null
"2025-12-28T21:57:44.000Z",null,null,2.5,5,8.75,112.5,null
"2025-12-28T22:01:48.000Z",null,null,0.25,2.75,6.5,112.5,null
"2025-12-28T22:05:48.000Z",null,null,1.75,3,4.5,135,null
"2025-12-28T22:09:48.000Z",null,null,1.75,3.25,6,112.5,null
"2025-12-28T22:13:52.000Z",null,null,0.25,2.5,5.25,135,null
"2025-12-28T22:17:52.000Z",null,null,0,2.75,5.5,135,null
"2025-12-28T22:21:52.000Z",null,null,2,3.25,5.5,135,null
"2025-12-28T22:25:57.000Z",null,null,0.75,2.25,4.25,135,null
"2025-12-28T22:29:57.000Z",null,null,0,2,3.5,135,null
"2025-12-28T22:33:57.000Z",null,null,1.5,3.75,7,157.5,null
"2025-12-28T22:38:00.000Z",null,null,3.5,5.5,7.25,112.5,null
"2025-12-28T22:42:00.000Z",null,null,1,4.5,9,135,null
"2025-12-28T22:46:00.000Z",null,null,0,2.5,4.75,112.5,null
"2025-12-28T22:50:05.000Z",null,null,0.75,2.75,5.5,112.5,null
"2025-12-28T22:54:05.000Z",null,null,1.5,3,4.5,135,null
"2025-12-28T22:58:05.000Z",null,null,1.75,3.5,4.75,135,null
"2025-12-28T23:02:09.000Z",null,null,1.5,4.5,11.5,135,null
"2025-12-28T23:06:09.000Z",null,null,0.75,3.5,6.5,112.5,null
"2025-12-28T23:10:09.000Z",null,null,2,4.75,8.25,112.5,null
"2025-12-28T23:14:13.000Z",null,null,1,3,5.5,135,null
"2025-12-28T23:18:13.000Z",null,null,2.5,4.5,7.75,135,null
"2025-12-28T23:22:13.000Z",null,null,2,3.25,7,112.5,null
"2025-12-28T23:26:17.000Z",null,null,1.75,3.75,6.5,112.5,null
"2025-12-28T23:30:17.000Z",null,null,0,2.75,6,112.5,null
"2025-12-28T23:34:17.000Z",null,null,2,4.75,8,90,null
"2025-12-28T23:38:21.000Z",null,null,2,3.5,7,112.5,null
"2025-12-28T23:42:21.000Z",null,null,1.75,3.5,5.25,135,null
"2025-12-28T23:46:21.000Z",null,null,1.75,4,6.25,135,null
"2025-12-28T23:50:25.000Z",null,null,2,4,6,157.5,null
"2025-12-28T23:54:25.000Z",null,null,3.5,6,9,157.5,null
"2025-12-28T23:58:25.000Z",null,null,1.75,4.25,6.25,157.5,null
"2025-12-29T00:02:29.000Z",null,null,2,3.75,5.5,135,null
"2025-12-29T00:06:29.000Z",null,null,0.75,3.25,6.5,135,null
"2025-12-29T00:10:29.000Z",null,null,2.5,5.25,9,135,null
"2025-12-29T00:14:33.000Z",null,null,0.75,3.5,6.5,112.5,null
"2025-12-29T00:18:33.000Z",null,null,2,5,8,135,null
"2025-12-29T00:22:33.000Z",null,null,2.75,4.75,6.5,135,null
"2025-12-29T00:26:37.000Z",null,null,2.75,4.5,6.5,157.5,null
"2025-12-29T00:30:37.000Z",null,null,1.5,2.5,4.5,135,null
"2025-12-29T00:34:37.000Z",null,null,0,3,6.5,112.5,null
"2025-12-29T00:38:41.000Z",null,null,1,4.5,8.75,112.5,null
"2025-12-29T00:42:41.000Z",null,null,2.5,5,9.5,135,null
"2025-12-29T00:46:41.000Z",null,null,2,4.5,6.5,157.5,null
"2025-12-29T00:50:45.000Z",null,null,2,3.5,6,135,null
"2025-12-29T00:54:45.000Z",null,null,1.5,4.5,8.25,157.5,null
"2025-12-29T00:58:45.000Z",null,null,1.5,3.5,5.5,135,null
"2025-12-29T01:02:49.000Z",null,null,2.5,4.25,6,135,null
"2025-12-29T01:06:49.000Z",null,null,1.5,3.25,4.75,135,null
"2025-12-29T01:10:49.000Z",null,null,1.75,3,5.25,157.5,null
"2025-12-29T01:14:53.000Z",null,null,2.5,3.25,5.25,157.5,null
"2025-12-29T01:18:53.000Z",null,null,0,2,3.75,157.5,null
"2025-12-29T01:22:53.000Z",null,null,0,2,4.25,135,null
"2025-12-29T01:26:57.000Z",null,null,2.75,4.25,5.25,157.5,null
"2025-12-29T01:30:57.000Z",null,null,2.75,4,5.25,157.5,null
"2025-12-29T01:34:57.000Z",null,null,1.5,3.25,6,157.5,null
"2025-12-29T01:39:01.000Z",null,null,2.5,3.5,7,157.5,null
"2025-12-29T01:43:01.000Z",null,null,1.75,4.5,7.75,112.5,null
"2025-12-29T01:47:01.000Z",null,null,1.75,3.25,6,112.5,null
"2025-12-29T01:51:05.000Z",null,null,0.75,2,3.5,112.5,null
"2025-12-29T01:55:05.000Z",null,null,1.5,2.5,4.25,157.5,null
"2025-12-29T01:59:05.000Z",null,null,1,2.75,3.75,135,null
"2025-12-29T02:03:09.000Z",null,null,0.25,2.5,5.25,157.5,null
"2025-12-29T02:07:09.000Z",null,null,2,3.5,6,157.5,null
"2025-12-29T02:11:09.000Z",null,null,2.5,4,4.75,157.5,null
"2025-12-29T02:15:13.000Z",null,null,1.5,4.25,7.75,180,null
"2025-12-29T02:19:13.000Z",null,null,1,2.75,4.5,157.5,null
"2025-12-29T02:23:13.000Z",null,null,1,2,4.25,135,null
"2025-12-29T02:27:18.000Z",null,null,1,2,3.25,112.5,null
"2025-12-29T02:31:18.000Z",null,null,0,1.75,3.25,135,null
"2025-12-29T02:35:18.000Z",null,null,0,3.75,8.25,157.5,null
"2025-12-29T02:39:22.000Z",null,null,3.25,5.25,8.25,157.5,null
"2025-12-29T02:43:22.000Z",null,null,2.75,5.5,9.75,157.5,null
"2025-12-29T02:47:22.000Z",null,null,3.5,5.25,7.75,157.5,null
"2025-12-29T02:51:26.000Z",null,null,1,3,7,135,null
"2025-12-29T02:55:26.000Z",null,null,1,3,6,135,null
"2025-12-29T02:59:26.000Z",null,null,0,1.75,4.25,112.5,null
"2025-12-29T03:03:30.000Z",null,null,0.25,2.25,4.75,135,null
"2025-12-29T03:07:30.000Z",null,null,0,2.25,5.5,45,null
"2025-12-29T03:11:30.000Z",null,null,0,2.75,5.5,45,null
"2025-12-29T03:15:34.000Z",null,null,0,2.5,4.5,90,null
"2025-12-29T03:19:34.000Z",null,null,1,3.5,6.5,112.5,null
"2025-12-29T03:23:34.000Z",null,null,1.75,4,6.5,112.5,null
"2025-12-29T03:27:38.000Z",null,null,1.5,3.5,5.5,112.5,null
"2025-12-29T03:31:38.000Z",null,null,0,2,3.5,135,null
"2025-12-29T03:35:38.000Z",null,null,1.5,3,4.25,135,null
"2025-12-29T03:39:42.000Z",null,null,1,3,5.5,135,null
"2025-12-29T03:43:42.000Z",null,null,1.75,3,6,135,null
"2025-12-29T03:47:42.000Z",null,null,1,2.25,3.75,135,null
"2025-12-29T03:51:46.000Z",null,null,0.75,3,5.5,135,null
"2025-12-29T03:55:46.000Z",null,null,0,1.75,3.75,135,null
"2025-12-29T03:59:46.000Z",null,null,0,3.25,6.25,135,null
"2025-12-29T04:03:50.000Z",null,null,1,4,10,135,null
"2025-12-29T04:07:50.000Z",null,null,1,4.75,8.75,135,null
"2025-12-29T04:11:50.000Z",null,null,2.75,5,8,135,null
"2025-12-29T04:15:54.000Z",null,null,0.75,3,6.5,135,null
"2025-12-29T04:19:54.000Z",null,null,1,4.75,8.25,135,null
"2025-12-29T04:23:54.000Z",null,null,1.5,3.25,5.25,135,null
"2025-12-29T04:27:58.000Z",null,null,2.5,5.25,10,135,null
"2025-12-29T04:31:58.000Z",null,null,2,5.75,10.5,157.5,null
"2025-12-29T04:35:58.000Z",null,null,1.75,6.25,10.5,180,null
"2025-12-29T04:40:02.000Z",null,null,1.5,4.75,9.75,157.5,null
"2025-12-29T04:44:02.000Z",null,null,1.75,7.5,12,157.5,null
"2025-12-29T04:48:02.000Z",null,null,3.25,5.75,11,135,null
"2025-12-29T04:52:07.000Z",null,null,2.5,5,8.75,112.5,null
"2025-12-29T04:56:07.000Z",null,null,1,5.5,11.5,135,null
"2025-12-29T05:00:07.000Z",null,null,3.25,7.5,12,157.5,null
"2025-12-29T05:04:11.000Z",null,null,4.75,7.25,15.5,157.5,null
"2025-12-29T05:08:11.000Z",null,null,3.25,11,16,180,null
"2025-12-29T05:12:11.000Z",null,null,3.5,9.25,13.5,180,null
"2025-12-29T05:16:14.000Z",null,null,3.5,9.5,15.5,180,null
"2025-12-29T05:20:14.000Z",null,null,2.5,10,14,180,null
"2025-12-29T05:24:14.000Z",null,null,2.75,9.5,14,180,null
"2025-12-29T05:28:18.000Z",null,null,3.5,9.5,14.5,180,null
"2025-12-29T05:32:18.000Z",null,null,3.25,9.75,15.5,180,null
"2025-12-29T05:36:18.000Z",null,null,3.5,7.25,13,157.5,null
"2025-12-29T05:40:23.000Z",null,null,4.5,8.75,12.5,157.5,null
"2025-12-29T05:44:23.000Z",null,null,4.75,8.25,12.5,157.5,null
"2025-12-29T05:48:23.000Z",null,null,2.75,8.5,14,180,null
"2025-12-29T05:52:27.000Z",null,null,3.5,9,13,180,null
"2025-12-29T05:56:27.000Z",null,null,4.5,7.25,11.5,157.5,null
"2025-12-29T06:00:27.000Z",null,null,4.5,7.5,11,157.5,null
"2025-12-29T06:04:31.000Z",null,null,4.5,7.5,12,157.5,null
"2025-12-29T06:08:31.000Z",null,null,3.25,8.25,13,180,null
"2025-12-29T06:12:31.000Z",null,null,4.75,8.25,12.5,157.5,null
"2025-12-29T06:16:34.000Z",null,null,3.75,6.75,11,157.5,null
"2025-12-29T06:20:34.000Z",null,null,2,5.25,8.75,135,null
"2025-12-29T06:24:34.000Z",null,null,3.5,6.5,10,135,null
"2025-12-29T06:28:39.000Z",null,null,3.5,6.75,10.5,157.5,null
"2025-12-29T06:32:39.000Z",null,null,3.25,6.5,10.5,157.5,null
"2025-12-29T06:36:39.000Z",null,null,3.25,5.5,10.5,157.5,null
"2025-12-29T06:40:43.000Z",null,null,2,4.5,8.25,135,null
"2025-12-29T06:44:43.000Z",null,null,2,5.25,8,157.5,null
"2025-12-29T06:48:43.000Z",null,null,4.25,8,13,157.5,null
"2025-12-29T06:52:47.000Z",null,null,2,5.75,8.75,135,null
"2025-12-29T06:56:47.000Z",null,null,1,5.25,9.5,135,null
"2025-12-29T07:00:47.000Z",null,null,1.5,5.5,10.5,135,null
"2025-12-29T07:04:51.000Z",null,null,1.5,3.75,6.5,112.5,null
"2025-12-29T07:08:51.000Z",null,null,1.75,5.25,8.25,135,null
"2025-12-29T07:12:51.000Z",null,null,2,4.25,8.25,135,null
"2025-12-29T07:16:55.000Z",null,null,0.75,4.25,9.5,135,null
"2025-12-29T07:20:55.000Z",null,null,1,4.25,10.5,112.5,null
"2025-12-29T07:24:55.000Z",null,null,2,5,10.5,135,null
"2025-12-29T07:28:59.000Z",null,null,1,4.25,7.75,135,null
"2025-12-29T07:32:59.000Z",null,null,1,4.25,7.75,157.5,null
"2025-12-29T07:36:59.000Z",null,null,1.5,4.25,7,135,null
"2025-12-29T07:41:03.000Z",null,null,1.75,3.25,6.25,157.5,null
"2025-12-29T07:45:03.000Z",null,null,1.75,6.5,10,157.5,null
"2025-12-29T07:49:03.000Z",null,null,2.75,6.5,9.75,180,null
"2025-12-29T07:53:08.000Z",null,null,0,3.25,6.25,135,null
"2025-12-29T07:57:08.000Z",null,null,2.75,4.75,6.5,112.5,null
"2025-12-29T08:01:08.000Z",null,null,1.75,3.75,6,157.5,null
"2025-12-29T08:05:11.000Z",null,null,1,4.25,6.5,157.5,null
"2025-12-29T08:09:11.000Z",null,null,2,5.5,7.75,157.5,null
"2025-12-29T08:13:11.000Z",null,null,1.75,5.25,8.25,157.5,null
"2025-12-29T08:17:15.000Z",null,null,1.5,4.5,9.75,135,null
"2025-12-29T08:21:15.000Z",null,null,2,4.75,7.25,157.5,null
"2025-12-29T08:25:15.000Z",null,null,1.75,4.75,7,135,null
"2025-12-29T08:29:20.000Z",null,null,3.5,5.5,7,157.5,null
"2025-12-29T08:33:20.000Z",null,null,2,6,11,157.5,null
"2025-12-29T08:37:20.000Z",null,null,3.25,6,9.5,135,null
"2025-12-29T08:41:23.000Z",null,null,1.5,5,10,112.5,null
"2025-12-29T08:45:23.000Z",null,null,1.75,5.5,11,135,null
"2025-12-29T08:49:23.000Z",null,null,2.5,4.25,8.25,112.5,null
"2025-12-29T08:53:28.000Z",null,null,1.5,4.75,9,112.5,null
"2025-12-29T08:57:28.000Z",null,null,1.5,4,8.75,112.5,null
"2025-12-29T09:01:28.000Z",null,null,0.75,4.5,7.75,90,null
"2025-12-29T09:05:32.000Z",null,null,2,6.75,12.5,135,null
"2025-12-29T09:09:32.000Z",null,null,2,5.5,9.75,135,null
"2025-12-29T09:13:32.000Z",null,null,2,5.5,10.5,157.5,null
"2025-12-29T09:17:35.000Z",null,null,3.25,6.25,9.75,135,null
"2025-12-29T09:21:35.000Z",null,null,0,4,7,157.5,null
"2025-12-29T09:25:35.000Z",null,null,0.25,3.25,6.5,157.5,null
"2025-12-29T09:29:40.000Z",null,null,2.5,7.25,14,157.5,null
"2025-12-29T09:33:40.000Z",null,null,1.75,6.25,13,90,null
"2025-12-29T09:37:40.000Z",null,null,3.75,6.5,11,135,null
"2025-12-29T09:41:44.000Z",null,null,0.75,3.5,8,135,null
"2025-12-29T09:45:44.000Z",null,null,0.75,4.25,8,135,null
"2025-12-29T09:49:44.000Z",null,null,1.75,6.5,12.5,157.5,null
"2025-12-29T09:53:48.000Z",null,null,1.5,6.5,12,157.5,null
"2025-12-29T09:57:48.000Z",null,null,2,6.75,12,157.5,null
"2025-12-29T10:01:48.000Z",null,null,3.25,9.75,14.5,157.5,null
"2025-12-29T10:05:52.000Z",null,null,2.5,7.75,12.5,157.5,null
"2025-12-29T10:09:52.000Z",null,null,2,7.25,12,157.5,null
"2025-12-29T10:13:52.000Z",null,null,2.5,7,12.5,135,null
"2025-12-29T10:17:55.000Z",null,null,2.5,6,13.5,112.5,null
"2025-12-29T10:21:55.000Z",null,null,0,5.75,11,135,null
"2025-12-29T10:25:55.000Z",null,null,3.5,8.25,12,112.5,null
"2025-12-29T10:30:00.000Z",null,null,2.5,7,13.5,112.5,null
"2025-12-29T10:34:00.000Z",null,null,1.5,5.25,9.75,135,null
"2025-12-29T10:38:00.000Z",null,null,2,5.75,12,135,null
"2025-12-29T10:42:04.000Z",null,null,2.75,7,12,112.5,null
"2025-12-29T10:46:04.000Z",null,null,2.5,7.5,11.5,135,null
"2025-12-29T10:50:04.000Z",null,null,4.75,7.75,11.5,157.5,null
"2025-12-29T10:54:08.000Z",null,null,1.75,6.25,10.5,157.5,null
"2025-12-29T10:58:08.000Z",null,null,2,6,9.5,135,null
"2025-12-29T11:02:08.000Z",null,null,2.5,8.5,13,157.5,null
"2025-12-29T11:06:12.000Z",null,null,3.5,7.75,13,135,null
"2025-12-29T11:10:12.000Z",null,null,1.75,8,13,157.5,null
"2025-12-29T11:14:12.000Z",null,null,2.75,7.5,14,157.5,null
"2025-12-29T11:18:17.000Z",null,null,2,7,13,180,null
"2025-12-29T11:22:17.000Z",null,null,2.5,6.75,11,202.5,null
"2025-12-29T11:26:17.000Z",null,null,1.75,6.25,9.5,180,null
"2025-12-29T11:30:20.000Z",null,null,4.25,7.25,10.5,202.5,null
"2025-12-29T11:34:20.000Z",null,null,2,6,11,180,null
"2025-12-29T11:38:20.000Z",null,null,1.5,6.75,11,202.5,null
"2025-12-29T11:42:24.000Z",null,null,2.75,7.5,13,180,null
"2025-12-29T11:46:24.000Z",null,null,3.25,9.75,13.5,202.5,null
"2025-12-29T11:50:24.000Z",null,null,8.75,10.5,12.5,225,null
"2025-12-29T11:54:29.000Z",null,null,7.75,10,13,225,null
"2025-12-29T11:58:29.000Z",null,null,6.25,9.25,11.5,225,null
"2025-12-29T12:02:29.000Z",null,null,6.25,9.75,13,225,null
"2025-12-29T12:06:32.000Z",null,null,7,10.5,13,225,null
"2025-12-29T12:10:32.000Z",null,null,8.75,11,12.5,225,null
"2025-12-29T12:14:32.000Z",null,null,8.75,11,13.5,225,null
"2025-12-29T12:18:37.000Z",null,null,6,10.5,14.5,202.5,null
"2025-12-29T12:22:37.000Z",null,null,8.25,10.5,12.5,225,null
"2025-12-29T12:26:37.000Z",null,null,8.25,11,13,225,null
"2025-12-29T12:30:40.000Z",null,null,8,10,13,225,null
"2025-12-29T12:34:40.000Z",null,null,7.25,10,12,225,null
"2025-12-29T12:38:40.000Z",null,null,7,9.5,12.5,225,null
"2025-12-29T12:42:45.000Z",null,null,3.25,8.25,11.5,225,null
"2025-12-29T12:46:45.000Z",null,null,4.5,8,11,202.5,null
"2025-12-29T12:50:45.000Z",null,null,4.75,8,10,202.5,null
"2025-12-29T12:54:49.000Z",null,null,2.75,7,10.5,202.5,null
"2025-12-29T12:58:49.000Z",null,null,1.75,6.5,9,202.5,null
"2025-12-29T13:02:49.000Z",null,null,3.5,6.25,9,202.5,null
"2025-12-29T13:06:53.000Z",null,null,4.25,6.75,8.25,202.5,null
"2025-12-29T13:10:53.000Z",null,null,2,5.75,8.75,202.5,null
"2025-12-29T13:14:53.000Z",null,null,2,5.75,8,202.5,null
"2025-12-29T13:18:57.000Z",null,null,2.5,5,7.75,202.5,null
"2025-12-29T13:22:57.000Z",null,null,3.5,5.5,7.25,202.5,null
"2025-12-29T13:26:57.000Z",null,null,0.75,4,6.25,202.5,null
"2025-12-29T13:31:01.000Z",null,null,1.5,3.5,5.5,180,null
"2025-12-29T13:35:01.000Z",null,null,0.25,3,6,180,null
"2025-12-29T13:39:01.000Z",null,null,0.25,3.25,6.25,202.5,null
"2025-12-29T13:43:05.000Z",null,null,1.5,4,5.5,202.5,null
"2025-12-29T13:47:05.000Z",null,null,2,4.5,6.25,202.5,null
"2025-12-29T13:51:05.000Z",null,null,1.5,3.75,6,180,null
"2025-12-29T14:10:03.000Z",null,null,0,3.25,6.25,180,null
"2025-12-29T14:14:03.000Z",null,null,0,3,6,202.5,null
"2025-12-29T14:18:03.000Z",null,null,0,2.25,5.25,180,null
"2025-12-29T14:22:08.000Z",null,null,1.5,2.5,3.75,202.5,null
"2025-12-29T14:26:08.000Z",null,null,0.25,2,3.25,202.5,null
"2025-12-29T14:30:08.000Z",null,null,0.25,2.25,4.25,225,null
"2025-12-29T14:34:11.000Z",null,null,1.5,2.25,3.75,225,null
"2025-12-29T14:38:11.000Z",null,null,0,2,3.75,247.5,null
"2025-12-29T14:42:11.000Z",null,null,0.75,3,4.5,225,null
"2025-12-29T14:46:15.000Z",null,null,1.25,3,4.25,225,null
"2025-12-29T14:50:15.000Z",null,null,1.75,3,5.25,225,null
"2025-12-29T14:54:15.000Z",null,null,1,2.75,4.25,225,null
"2025-12-29T15:00:05.000Z",null,null,0,1.25,2.75,202.5,null
"2025-12-29T15:04:05.000Z",null,null,0,0.5,2,202.5,null
"2025-12-29T15:08:05.000Z",null,null,0,0,0,180,null
"2025-12-29T15:12:10.000Z",null,null,0,0,0,180,null
"2025-12-29T15:16:10.000Z",null,null,0,0,0,180,null
"2025-12-29T15:20:10.000Z",null,null,0,0,0,180,null
"2025-12-29T15:24:13.000Z",null,null,0,0,0,180,null
"2025-12-29T15:28:13.000Z",null,null,0,0.5,1.75,157.5,null
"2025-12-29T15:32:13.000Z",null,null,0,1.25,3.5,157.5,null
"2025-12-29T15:36:17.000Z",null,null,0,1.75,4.25,202.5,null
"2025-12-29T15:40:17.000Z",null,null,0,1.25,4.5,180,null
"2025-12-29T15:44:17.000Z",null,null,0,1.25,3.25,135,null
"2025-12-29T15:48:21.000Z",null,null,0.25,1.75,2.75,135,null
"2025-12-29T15:52:21.000Z",null,null,0.75,2,3.25,135,null
"2025-12-29T15:56:21.000Z",null,null,1.5,2.5,4.5,135,null
"2025-12-29T16:00:26.000Z",null,null,1,1.75,2.5,112.5,null
"2025-12-29T16:04:26.000Z",null,null,1.5,2.25,3.25,90,null
"2025-12-29T16:08:26.000Z",null,null,2,2.5,3.5,90,null
"2025-12-29T16:12:29.000Z",null,null,2.75,3.5,4.25,90,null
"2025-12-29T16:16:29.000Z",null,null,1.75,3,3.75,90,null
"2025-12-29T16:20:29.000Z",null,null,2,3,3.75,90,null
"2025-12-29T16:24:34.000Z",null,null,1.75,2.5,3.5,90,null
"2025-12-29T16:28:34.000Z",null,null,1.5,3,4.25,90,null
"2025-12-29T16:32:34.000Z",null,null,2,3.25,3.75,90,null
"2025-12-29T16:36:38.000Z",null,null,1.75,3.25,4.25,90,null
"2025-12-29T16:40:38.000Z",null,null,2.5,3.5,4.5,90,null
"2025-12-29T16:44:38.000Z",null,null,3.5,4.25,5.5,90,null
"2025-12-29T16:48:41.000Z",null,null,4.5,5.25,6.25,90,null
"2025-12-29T16:52:41.000Z",null,null,3.75,5.5,7.25,90,null
"2025-12-29T16:56:41.000Z",null,null,4.25,5.75,7,90,null
"2025-12-29T17:00:46.000Z",null,null,4.5,5.75,6.5,90,null
"2025-12-29T17:04:46.000Z",null,null,4.25,5,6.25,112.5,null
"2025-12-29T17:08:46.000Z",null,null,3.5,4.5,5.5,112.5,null
"2025-12-29T17:12:50.000Z",null,null,3.25,5.25,7.75,112.5,null
"2025-12-29T17:16:50.000Z",null,null,4.25,5.5,7.75,112.5,null
"2025-12-29T17:20:50.000Z",null,null,3.5,4.75,6.5,112.5,null
"2025-12-29T17:24:54.000Z",null,null,4.25,6.25,8,90,null
"2025-12-29T17:28:54.000Z",null,null,4.25,6,8.25,90,null
"2025-12-29T17:32:54.000Z",null,null,3.75,5.75,7.75,90,null
"2025-12-29T17:36:58.000Z",null,null,3.5,6.5,10,90,null
"2025-12-29T17:40:58.000Z",null,null,2.5,5.25,9.75,112.5,null
"2025-12-29T17:44:58.000Z",null,null,2,3.75,6,135,null
"2025-12-29T17:49:02.000Z",null,null,3.5,4.75,6.5,135,null
"2025-12-29T17:53:02.000Z",null,null,3.25,5,7.25,135,null
"2025-12-29T17:57:02.000Z",null,null,2.75,4.25,6,112.5,null
"2025-12-29T18:01:06.000Z",null,null,3.25,4.5,7,112.5,null
"2025-12-29T18:05:06.000Z",null,null,2.75,4.25,5.5,112.5,null
"2025-12-29T18:09:06.000Z",null,null,1.75,3.5,5.5,112.5,null
"2025-12-29T18:13:10.000Z",null,null,1,2.75,4.5,112.5,null
"2025-12-29T18:17:10.000Z",null,null,2,3.5,6.25,112.5,null
"2025-12-29T18:21:10.000Z",null,null,2.5,4.25,6.5,112.5,null
"2025-12-29T18:25:15.000Z",null,null,2,3,5.25,112.5,null
"2025-12-29T18:29:15.000Z",null,null,2,3.5,5.25,112.5,null
"2025-12-29T18:33:15.000Z",null,null,3.5,5,8,90,null
"2025-12-29T18:37:18.000Z",null,null,2.5,4.5,6.5,90,null
"2025-12-29T18:41:18.000Z",null,null,2.5,5,7,90,null
"2025-12-29T18:45:18.000Z",null,null,3.75,6,7.75,112.5,null
"2025-12-29T18:49:22.000Z",null,null,2.5,3.5,4.5,90,null
"2025-12-29T18:53:22.000Z",null,null,2,3.5,6,112.5,null
"2025-12-29T18:57:22.000Z",null,null,2.75,4.25,5.5,90,null
"2025-12-29T19:01:27.000Z",null,null,3.25,3.75,4.75,90,null
"2025-12-29T19:05:27.000Z",null,null,1.5,3,3.75,90,null
"2025-12-29T19:09:27.000Z",null,null,1,2.25,2.75,67.5,null
"2025-12-29T19:13:30.000Z",null,null,1.75,2.75,3.75,67.5,null
"2025-12-29T19:17:30.000Z",null,null,2,3.5,4.5,67.5,null
"2025-12-29T19:21:30.000Z",null,null,2.75,4,5.25,67.5,null
"2025-12-29T19:25:35.000Z",null,null,3.5,4.75,6,90,null
"2025-12-29T19:29:35.000Z",null,null,3.25,4.75,6.25,90,null
"2025-12-29T19:33:35.000Z",null,null,3.25,5.75,7.25,90,null
"2025-12-29T19:37:39.000Z",null,null,3.25,4.5,6.75,67.5,null
"2025-12-29T19:41:39.000Z",null,null,0.75,3,4.25,67.5,null
"2025-12-29T19:45:39.000Z",null,null,0.75,2.5,3.75,67.5,null
"2025-12-29T19:49:43.000Z",null,null,1.75,3.75,4.75,90,null
"2025-12-29T19:53:43.000Z",null,null,2,3.5,4.75,90,null
"2025-12-29T19:57:43.000Z",null,null,2.5,3.75,5.25,90,null
"2025-12-29T20:01:47.000Z",null,null,1,3,4.75,67.5,null
"2025-12-29T20:05:47.000Z",null,null,2,3.25,4.75,45,null
"2025-12-29T20:09:47.000Z",null,null,2,5,7.75,0,null
"2025-12-29T20:13:50.000Z",null,null,2,4,6.5,22.5,null
"2025-12-29T20:17:50.000Z",null,null,2,3.25,4.75,45,null
"2025-12-29T20:21:50.000Z",null,null,0,2.25,5.5,67.5,null
"2025-12-29T20:25:55.000Z",null,null,2.5,4.25,7.25,67.5,null
"2025-12-29T20:29:55.000Z",null,null,2,4.25,7.75,45,null
"2025-12-29T20:33:55.000Z",null,null,1,4,7,45,null
"2025-12-29T20:37:59.000Z",null,null,2.75,5,8.25,22.5,null
"2025-12-29T20:41:59.000Z",null,null,3.75,6.25,9.75,22.5,null
"2025-12-29T20:45:59.000Z",null,null,3.25,5.5,8.25,22.5,null
"2025-12-29T20:50:03.000Z",null,null,2.75,5.5,8.25,22.5,null
"2025-12-29T20:54:03.000Z",null,null,1.5,3.75,7,22.5,null
"2025-12-29T20:58:03.000Z",null,null,2.5,4.5,6.5,45,null
"2025-12-29T21:02:08.000Z",null,null,3.5,5,7.75,45,null
"2025-12-29T21:06:08.000Z",null,null,3.75,5.75,11,22.5,null
"2025-12-29T21:10:08.000Z",null,null,3.75,7.75,12,22.5,null
"2025-12-29T21:14:11.000Z",null,null,4.75,7.5,11.5,22.5,null
"2025-12-29T21:18:11.000Z",null,null,3.5,8.75,16.5,0,null
"2025-12-29T21:22:11.000Z",null,null,10,14.5,18,0,null
"2025-12-29T21:26:15.000Z",null,null,12.5,15.5,19,0,null
"2025-12-29T21:30:15.000Z",null,null,11.5,14,17.5,0,null
"2025-12-29T21:34:15.000Z",null,null,11,14,16.5,0,null
"2025-12-29T21:38:19.000Z",null,null,9.75,12.5,14.5,0,null
"2025-12-29T21:42:19.000Z",null,null,3.25,8.25,14,0,null
"2025-12-29T21:46:19.000Z",null,null,1.5,4.75,9.75,22.5,null
"2025-12-29T21:50:24.000Z",null,null,4.25,5.5,7.75,45,null
"2025-12-29T21:54:24.000Z",null,null,2.75,6.25,9.5,22.5,null
"2025-12-29T21:58:24.000Z",null,null,2.75,4.5,6.25,45,null
"2025-12-29T22:02:27.000Z",null,null,2.5,4.25,6.25,22.5,null
"2025-12-29T22:06:27.000Z",null,null,1.75,3.25,4.75,45,null
"2025-12-29T22:10:27.000Z",null,null,2,3.25,5.25,45,null
"2025-12-29T22:14:31.000Z",null,null,1.75,4,8,22.5,null
"2025-12-29T22:18:31.000Z",null,null,3.25,7.75,11.5,0,null
"2025-12-29T22:22:31.000Z",null,null,3.25,4.75,6.5,22.5,null
"2025-12-29T22:26:35.000Z",null,null,3.75,7.25,11,0,null
"2025-12-29T22:30:35.000Z",null,null,4.75,9.25,14.5,0,null
"2025-12-29T22:34:35.000Z",null,null,7,10,12.5,0,null
"2025-12-29T22:38:40.000Z",null,null,4.5,9.5,14,0,null
"2025-12-29T22:42:40.000Z",null,null,5.25,8.25,13.5,0,null
"2025-12-29T22:46:40.000Z",null,null,5.5,8.75,11,337.5,null
"2025-12-29T22:50:43.000Z",null,null,6.25,8.25,12.5,337.5,null
"2025-12-29T22:54:43.000Z",null,null,4.75,7,10.5,0,null
"2025-12-29T22:58:43.000Z",null,null,3.25,6.75,9.75,22.5,null
"2025-12-29T23:02:48.000Z",null,null,5.5,9.5,12,0,null
"2025-12-29T23:06:48.000Z",null,null,7,10,13.5,337.5,null
"2025-12-29T23:10:48.000Z",null,null,5.5,8.5,12,337.5,null
"2025-12-29T23:14:52.000Z",null,null,6.5,10,13,337.5,null
"2025-12-29T23:18:52.000Z",null,null,3.75,7.25,11,0,null
"2025-12-29T23:22:52.000Z",null,null,3.75,7.75,12.5,0,null
"2025-12-29T23:26:56.000Z",null,null,4.75,9.75,13.5,0,null
"2025-12-29T23:30:56.000Z",null,null,7.25,11.5,15.5,0,null
"2025-12-29T23:34:56.000Z",null,null,8,11,15.5,337.5,null
"2025-12-29T23:39:00.000Z",null,null,6,11,15,0,null
"2025-12-29T23:43:00.000Z",null,null,8.75,11.5,17.5,0,null
"2025-12-29T23:47:00.000Z",null,null,9,13.5,18,0,null
"2025-12-29T23:51:04.000Z",null,null,6.5,10.5,14.5,0,null
"2025-12-29T23:55:04.000Z",null,null,10,12.5,16,0,null
"2025-12-29T23:59:04.000Z",null,null,9.75,12.5,16,0,null
"2025-12-30T00:03:08.000Z",null,null,8.25,12,15.5,0,null
"2025-12-30T00:07:08.000Z",null,null,8.25,12,15,0,null
"2025-12-30T00:11:08.000Z",null,null,8.25,12,15,0,null
"2025-12-30T00:15:12.000Z",null,null,9.5,12.5,15.5,0,null
"2025-12-30T00:19:12.000Z",null,null,8.75,13,17,0,null
"2025-12-30T00:23:12.000Z",null,null,11.5,15.5,18.5,0,null
"2025-12-30T00:27:16.000Z",null,null,10,16,18.5,0,null
"2025-12-30T00:31:16.000Z",null,null,11,16,19,0,null
"2025-12-30T00:35:16.000Z",null,null,12,16.5,19,0,null
"2025-12-30T00:39:20.000Z",null,null,12,16.5,19,0,null
"2025-12-30T00:43:20.000Z",null,null,11,15,19,0,null
"2025-12-30T00:47:20.000Z",null,null,12,15,18,0,null
"2025-12-30T00:51:24.000Z",null,null,10,14,17.5,22.5,null
"2025-12-30T00:55:24.000Z",null,null,8.75,14,17.5,0,null
"2025-12-30T00:59:24.000Z",null,null,9.75,13.5,16.5,22.5,null
"2025-12-30T01:03:28.000Z",null,null,9.5,14,16.5,0,null
"2025-12-30T01:07:28.000Z",null,null,10,14.5,18.5,0,null
"2025-12-30T01:11:28.000Z",null,null,11,14.5,18,0,null
"2025-12-30T01:15:32.000Z",null,null,11,15.5,19,0,null
"2025-12-30T01:19:32.000Z",null,null,12,16,19,0,null
"2025-12-30T01:23:32.000Z",null,null,10.5,16,19,0,null
"2025-12-30T01:27:36.000Z",null,null,14,16,19,0,null
"2025-12-30T01:31:36.000Z",null,null,13,15,18,0,null
"2025-12-30T01:35:36.000Z",null,null,12,15,18,0,null
"2025-12-30T01:39:41.000Z",null,null,15.5,17.5,20.5,0,null
"2025-12-30T01:43:41.000Z",null,null,13,17.5,21,0,null
"2025-12-30T01:47:41.000Z",null,null,15.5,19,22.5,0,null
"2025-12-30T01:51:45.000Z",null,null,15.5,19.5,22.5,0,null
"2025-12-30T01:55:45.000Z",null,null,16,19.5,23,0,null
"2025-12-30T01:59:45.000Z",null,null,13,17.5,20.5,0,null
"2025-12-30T02:03:49.000Z",null,null,11,16.5,20.5,22.5,null
"2025-12-30T02:07:49.000Z",null,null,10,15.5,21,22.5,null
"2025-12-30T02:11:49.000Z",null,null,11.5,16.5,21,0,null
"2025-12-30T02:15:53.000Z",null,null,8.75,15.5,20,22.5,null
"2025-12-30T02:19:53.000Z",null,null,8.75,14.5,20.5,22.5,null
"2025-12-30T02:23:53.000Z",null,null,10.5,15.5,19.5,0,null
"2025-12-30T02:27:56.000Z",null,null,8.25,15.5,20,22.5,null
"2025-12-30T02:31:56.000Z",null,null,6,12.5,18.5,22.5,null
"2025-12-30T02:35:56.000Z",null,null,9,14.5,21.5,22.5,null
"2025-12-30T02:40:01.000Z",null,null,8,12,16.5,22.5,null
"2025-12-30T02:44:01.000Z",null,null,9,17,23,0,null
"2025-12-30T02:48:01.000Z",null,null,3.75,10,16,22.5,null
"2025-12-30T02:52:05.000Z",null,null,8.25,13,18,22.5,null
"2025-12-30T02:56:05.000Z",null,null,7.75,13.5,17.5,22.5,null
"2025-12-30T03:00:05.000Z",null,null,6.25,10.5,16.5,22.5,null
"2025-12-30T03:04:09.000Z",null,null,10.5,13.5,17,0,null
"2025-12-30T03:08:09.000Z",null,null,7.25,12,18.5,22.5,null
"2025-12-30T03:12:09.000Z",null,null,6.5,10.5,16.5,0,null
"2025-12-30T03:16:13.000Z",null,null,7,12,16.5,0,null
"2025-12-30T03:20:13.000Z",null,null,6.5,11,16,22.5,null
"2025-12-30T03:24:13.000Z",null,null,7,11.5,15,0,null
"2025-12-30T03:28:17.000Z",null,null,6.25,11.5,16.5,0,null
"2025-12-30T03:32:17.000Z",null,null,3.5,10,17,0,null
"2025-12-30T03:36:17.000Z",null,null,9.75,14,18.5,22.5,null
"2025-12-30T03:40:21.000Z",null,null,4.25,15,21.5,0,null
"2025-12-30T03:44:21.000Z",null,null,7,13.5,19,0,null
"2025-12-30T03:48:21.000Z",null,null,6.5,11,15.5,22.5,null
"2025-12-30T03:52:25.000Z",null,null,5.25,9,12.5,22.5,null
"2025-12-30T03:56:25.000Z",null,null,4.75,9.75,15.5,0,null
"2025-12-30T04:00:25.000Z",null,null,11.5,15.5,22,0,null
"2025-12-30T04:04:29.000Z",null,null,5.5,10,14.5,22.5,null
"2025-12-30T04:08:29.000Z",null,null,8,10.5,14.5,0,null
"2025-12-30T04:12:29.000Z",null,null,9.5,13,17,0,null
"2025-12-30T04:16:33.000Z",null,null,9,14.5,17.5,0,null
"2025-12-30T04:20:33.000Z",null,null,6.25,11,16.5,22.5,null
"2025-12-30T04:24:33.000Z",null,null,6.25,12.5,15,0,null
"2025-12-30T04:28:37.000Z",null,null,6,12,16.5,22.5,null
"2025-12-30T04:32:37.000Z",null,null,3.5,7.25,13,22.5,null
"2025-12-30T04:36:37.000Z",null,null,3.25,8,14.5,0,null
"2025-12-30T04:40:41.000Z",null,null,7.25,13.5,20,0,null
"2025-12-30T04:44:41.000Z",null,null,7,11.5,15.5,22.5,null
"2025-12-30T04:48:41.000Z",null,null,5.5,10.5,15,22.5,null
"2025-12-30T04:52:45.000Z",null,null,8.25,12,19.5,22.5,null
"2025-12-30T04:56:45.000Z",null,null,6,9.75,15.5,22.5,null
"2025-12-30T05:00:45.000Z",null,null,6,12.5,18.5,22.5,null
"2025-12-30T05:04:50.000Z",null,null,4.25,11,17,22.5,null
"2025-12-30T05:08:50.000Z",null,null,6,10.5,14.5,22.5,null
"2025-12-30T05:12:50.000Z",null,null,4.75,11,17,22.5,null
"2025-12-30T05:16:53.000Z",null,null,9,13.5,18,22.5,null
"2025-12-30T05:20:53.000Z",null,null,6.5,13.5,19.5,45,null
"2025-12-30T05:24:53.000Z",null,null,10.5,14.5,20.5,0,null
"2025-12-30T05:28:58.000Z",null,null,7.25,15,21,22.5,null
"2025-12-30T05:32:58.000Z",null,null,12,17,22,22.5,null
"2025-12-30T05:36:58.000Z",null,null,7,14,22.5,22.5,null
"2025-12-30T05:41:01.000Z",null,null,7.75,12.5,18.5,45,null
"2025-12-30T05:45:01.000Z",null,null,7.75,13.5,21,22.5,null
"2025-12-30T05:49:01.000Z",null,null,6.5,12.5,21,22.5,null
"2025-12-30T05:53:06.000Z",null,null,10,16,22,22.5,null
"2025-12-30T05:57:06.000Z",null,null,8.75,13.5,20.5,22.5,null
"2025-12-30T06:01:06.000Z",null,null,7,13.5,19,22.5,null
"2025-12-30T06:05:10.000Z",null,null,4.5,12.5,18,22.5,null
"2025-12-30T06:09:10.000Z",null,null,6.5,10.5,14.5,22.5,null
"2025-12-30T06:13:10.000Z",null,null,8.75,16,23.5,0,null
"2025-12-30T06:17:14.000Z",null,null,9,14.5,20,22.5,null
"2025-12-30T06:21:14.000Z",null,null,7,15,27,0,null
"2025-12-30T06:25:14.000Z",null,null,13.5,22,31,337.5,null
"2025-12-30T06:29:18.000Z",null,null,7.75,15.5,31.5,22.5,null
"2025-12-30T06:33:18.000Z",null,null,8,14,21.5,22.5,null
"2025-12-30T06:37:18.000Z",null,null,9,18,34,0,null
"2025-12-30T06:41:22.000Z",null,null,16,23.5,31.5,337.5,null
"2025-12-30T06:45:22.000Z",null,null,6,19.5,43,337.5,null
"2025-12-30T06:49:22.000Z",null,null,6.5,22,31.5,337.5,null
"2025-12-30T06:53:26.000Z",null,null,15,24.5,41.5,337.5,null
"2025-12-30T06:57:26.000Z",null,null,9,20.5,34,0,null
"2025-12-30T07:01:26.000Z",null,null,13,26,35,0,null
"2025-12-30T07:05:30.000Z",null,null,18,24,35,0,null
"2025-12-30T07:09:30.000Z",null,null,9.5,21.5,30.5,0,null
"2025-12-30T07:13:30.000Z",null,null,5.25,13,21.5,22.5,null
"2025-12-30T07:17:34.000Z",null,null,7,15.5,33.5,0,null
"2025-12-30T07:21:34.000Z",null,null,16.5,25.5,34.5,337.5,null
"2025-12-30T07:25:34.000Z",null,null,15.5,23,35.5,337.5,null
"2025-12-30T07:29:38.000Z",null,null,16.5,25,33.5,337.5,null
"2025-12-30T07:33:38.000Z",null,null,18,27,36,337.5,null
"2025-12-30T07:37:38.000Z",null,null,18,27.5,40,337.5,null
"2025-12-30T07:41:42.000Z",null,null,20.5,31,45.5,337.5,null
"2025-12-30T07:45:42.000Z",null,null,16.5,25.5,36.5,337.5,null
"2025-12-30T07:49:42.000Z",null,null,16.5,28.5,42,337.5,null
"2025-12-30T07:53:46.000Z",null,null,18,27,38,337.5,null
"2025-12-30T07:57:46.000Z",null,null,15.5,24.5,34,337.5,null
"2025-12-30T08:01:46.000Z",null,null,16.5,25.5,42,337.5,null
"2025-12-30T08:05:50.000Z",null,null,10.5,23,37,337.5,null
"2025-12-30T08:09:50.000Z",null,null,15,24.5,38,337.5,null
"2025-12-30T08:13:50.000Z",null,null,15.5,23,29,0,null
"2025-12-30T08:17:54.000Z",null,null,16.5,27,39,337.5,null
"2025-12-30T08:21:54.000Z",null,null,19,26.5,33,337.5,null
"2025-12-30T08:25:54.000Z",null,null,24.5,31.5,40,337.5,null
"2025-12-30T08:29:58.000Z",null,null,17,31,43,0,null
"2025-12-30T08:33:58.000Z",null,null,18.5,26,40,0,null
"2025-12-30T08:37:58.000Z",null,null,19,26,36,0,null
"2025-12-30T08:42:02.000Z",null,null,20,31,55.5,337.5,null
"2025-12-30T08:46:02.000Z",null,null,17,27,42.5,337.5,null
"2025-12-30T08:50:02.000Z",null,null,19,28.5,42,0,null
"2025-12-30T08:54:07.000Z",null,null,22,31,40.5,337.5,null
"2025-12-30T08:58:07.000Z",null,null,23.5,32,47.5,337.5,null
"2025-12-30T09:02:07.000Z",null,null,21.5,33,45.5,337.5,null
"2025-12-30T09:06:10.000Z",null,null,16.5,27.5,48.5,337.5,null
"2025-12-30T09:10:10.000Z",null,null,17.5,30,54,337.5,null
"2025-12-30T09:14:10.000Z",null,null,17,32,45.5,0,null
"2025-12-30T09:18:15.000Z",null,null,16,27,39,0,null
"2025-12-30T09:22:15.000Z",null,null,17.5,27,35,0,null
"2025-12-30T09:26:15.000Z",null,null,12,24,34.5,0,null
"2025-12-30T09:30:18.000Z",null,null,15,22,35,0,null
"2025-12-30T09:34:18.000Z",null,null,14.5,28,41.5,0,null
"2025-12-30T09:38:18.000Z",null,null,13.5,26.5,43.5,337.5,null
"2025-12-30T09:42:23.000Z",null,null,18,26,41,337.5,null
"2025-12-30T09:46:23.000Z",null,null,12,26,38.5,0,null
"2025-12-30T09:50:23.000Z",null,null,14,26,37,0,null
"2025-12-30T09:54:27.000Z",null,null,17,29,51,0,null
"2025-12-30T09:58:27.000Z",null,null,18.5,29.5,43,0,null
"2025-12-30T10:02:27.000Z",null,null,16.5,27,43.5,0,null
"2025-12-30T10:06:30.000Z",null,null,19.5,29.5,42.5,337.5,null
"2025-12-30T10:10:30.000Z",null,null,12,24.5,41,0,null
"2025-12-30T10:14:30.000Z",null,null,18,30.5,40.5,0,null
"2025-12-30T10:18:35.000Z",null,null,15,21.5,34,0,null
"2025-12-30T10:22:35.000Z",null,null,12,17,24.5,0,null
"2025-12-30T10:26:35.000Z",null,null,20,31,46.5,337.5,null
"2025-12-30T10:30:39.000Z",null,null,14,25,48,0,null
"2025-12-30T10:34:39.000Z",null,null,15.5,27,37,337.5,null
"2025-12-30T10:38:39.000Z",null,null,7,18.5,40.5,337.5,null
"2025-12-30T10:42:43.000Z",null,null,16,28.5,46.5,0,null
"2025-12-30T10:46:43.000Z",null,null,14.5,29,45,337.5,null
"2025-12-30T10:50:43.000Z",null,null,18,25,34,337.5,null
"2025-12-30T10:54:47.000Z",null,null,12.5,20,37,337.5,null
"2025-12-30T10:58:47.000Z",null,null,9,17,30.5,0,null
"2025-12-30T11:02:47.000Z",null,null,15.5,26.5,36,0,null
"2025-12-30T11:06:51.000Z",null,null,3.75,13.5,21.5,0,null
"2025-12-30T11:10:51.000Z",null,null,8.75,23,31.5,337.5,null
"2025-12-30T11:14:51.000Z",null,null,13,25,36,0,null
"2025-12-30T11:18:55.000Z",null,null,9.5,15.5,25.5,22.5,null
"2025-12-30T11:22:55.000Z",null,null,4.75,15,35,0,null
"2025-12-30T11:26:55.000Z",null,null,14.5,24,38.5,0,null
"2025-12-30T11:30:59.000Z",null,null,18.5,26.5,33,337.5,null
"2025-12-30T11:34:59.000Z",null,null,13,23.5,32,0,null
"2025-12-30T11:38:59.000Z",null,null,12,20,28,0,null
"2025-12-30T11:43:03.000Z",null,null,1.75,17,29,22.5,null
"2025-12-30T11:47:03.000Z",null,null,0.25,9.5,15,45,null
"2025-12-30T11:51:03.000Z",null,null,7,14.5,21,22.5,null
"2025-12-30T11:55:07.000Z",null,null,6,13,22.5,22.5,null
"2025-12-30T11:59:07.000Z",null,null,4.75,15,25.5,45,null
"2025-12-30T12:03:07.000Z",null,null,6.5,13,21,45,null
"2025-12-30T12:07:11.000Z",null,null,7.75,14,19.5,22.5,null
"2025-12-30T12:11:11.000Z",null,null,8.25,14,22.5,22.5,null
"2025-12-30T12:15:11.000Z",null,null,5.25,14,20,22.5,null
"2025-12-30T12:19:15.000Z",null,null,5.25,12,20,45,null
"2025-12-30T12:23:15.000Z",null,null,5.5,13,24.5,45,null
"2025-12-30T12:27:15.000Z",null,null,13,19,27,45,null
"2025-12-30T12:31:19.000Z",null,null,9.75,16,23,22.5,null
"2025-12-30T12:35:19.000Z",null,null,9.5,16.5,25.5,22.5,null
"2025-12-30T12:39:19.000Z",null,null,8.25,15,21.5,45,null
"2025-12-30T12:43:24.000Z",null,null,3.75,12,21,45,null
"2025-12-30T12:47:24.000Z",null,null,8.75,14.5,24,45,null
"2025-12-30T12:51:24.000Z",null,null,7.75,13.5,18.5,45,null
"2025-12-30T12:55:27.000Z",null,null,7.25,13.5,18,45,null
"2025-12-30T12:59:27.000Z",null,null,9,16.5,23.5,45,null
"2025-12-30T13:03:27.000Z",null,null,6.25,11.5,19,45,null
"2025-12-30T13:07:32.000Z",null,null,10,16,23.5,45,null
"2025-12-30T13:11:32.000Z",null,null,5.5,15.5,31,45,null
"2025-12-30T13:15:32.000Z",null,null,8,16.5,23.5,45,null
"2025-12-30T13:19:36.000Z",null,null,7.75,14.5,23,45,null
"2025-12-30T13:23:36.000Z",null,null,10.5,15.5,21.5,45,null
"2025-12-30T13:27:36.000Z",null,null,3.25,11.5,19,22.5,null
"2025-12-30T13:31:40.000Z",null,null,4.25,11.5,17,45,null
"2025-12-30T13:35:40.000Z",null,null,6,14,20,45,null
"2025-12-30T13:39:40.000Z",null,null,7.25,13,20.5,22.5,null
"2025-12-30T13:43:44.000Z",null,null,10,19.5,29,45,null
"2025-12-30T13:47:44.000Z",null,null,10,16,22.5,45,null
"2025-12-30T13:51:44.000Z",null,null,9,16,25.5,22.5,null
"2025-12-30T14:10:42.000Z",null,null,6,13.5,20,45,null
"2025-12-30T14:14:42.000Z",null,null,6,11.5,19,45,null
"2025-12-30T14:18:42.000Z",null,null,8.25,15.5,23.5,45,null
"2025-12-30T14:22:45.000Z",null,null,9.5,16,24,45,null
"2025-12-30T14:26:45.000Z",null,null,9.75,15,20.5,22.5,null
"2025-12-30T14:30:45.000Z",null,null,2.5,11.5,27.5,0,null
"2025-12-30T14:34:49.000Z",null,null,4.5,15.5,26,22.5,null
"2025-12-30T14:38:49.000Z",null,null,9.75,16,24.5,45,null
"2025-12-30T14:42:49.000Z",null,null,6,15.5,25.5,22.5,null
"2025-12-30T14:46:53.000Z",null,null,7.25,13.5,22.5,22.5,null
"2025-12-30T14:50:53.000Z",null,null,7.75,16.5,26,45,null
"2025-12-30T14:54:53.000Z",null,null,6,15.5,27,45,null
"2025-12-30T15:00:43.000Z",null,null,9.75,16,26.5,22.5,null
"2025-12-30T15:04:43.000Z",null,null,8,16,28.5,45,null
"2025-12-30T15:08:43.000Z",null,null,7,13,24,22.5,null
"2025-12-30T15:12:48.000Z",null,null,7.25,15.5,22.5,22.5,null
"2025-12-30T15:16:48.000Z",null,null,10,14,26.5,22.5,null
"2025-12-30T15:20:48.000Z",null,null,8.25,14,24.5,22.5,null
"2025-12-30T15:24:51.000Z",null,null,14.5,21.5,28.5,337.5,null
"2025-12-30T15:28:51.000Z",null,null,8.75,18.5,34,0,null
"2025-12-30T15:32:51.000Z",null,null,5.5,11,18.5,22.5,null
"2025-12-30T15:36:56.000Z",null,null,9.75,17.5,37,0,null
"2025-12-30T15:40:56.000Z",null,null,6.5,22,31,0,null
"2025-12-30T15:44:56.000Z",null,null,5.25,18.5,35,0,null
"2025-12-30T15:49:00.000Z",null,null,12.5,24,39.5,22.5,null
"2025-12-30T15:53:00.000Z",null,null,4.5,10.5,21,22.5,null
"2025-12-30T15:57:00.000Z",null,null,4.5,13,19.5,22.5,null
"2025-12-30T16:01:04.000Z",null,null,3.5,16,32.5,0,null
"2025-12-30T16:05:04.000Z",null,null,13,23.5,36,0,null
"2025-12-30T16:09:04.000Z",null,null,8.25,20.5,57.5,0,null
"2025-12-30T16:13:08.000Z",null,null,22,35,49.5,337.5,null
"2025-12-30T16:17:08.000Z",null,null,20,34.5,50,337.5,null
"2025-12-30T16:21:08.000Z",null,null,15,24,41.5,337.5,null
"2025-12-30T16:25:11.000Z",null,null,21.5,33.5,45.5,337.5,null
"2025-12-30T16:29:11.000Z",null,null,22,31.5,47,337.5,null
"2025-12-30T16:33:11.000Z",null,null,21,32,42.5,337.5,null
"2025-12-30T16:37:16.000Z",null,null,13,28.5,48,337.5,null
"2025-12-30T16:41:16.000Z",null,null,21,35,48.5,337.5,null
"2025-12-30T16:45:16.000Z",null,null,23.5,32,41,337.5,null
"2025-12-30T16:49:20.000Z",null,null,18.5,32.5,52,0,null
"2025-12-30T16:53:20.000Z",null,null,20,31,44,337.5,null
"2025-12-30T16:57:20.000Z",null,null,19,32.5,51,337.5,null
"2025-12-30T17:01:24.000Z",null,null,25.5,34.5,45.5,337.5,null
"2025-12-30T17:05:24.000Z",null,null,13,23.5,30,337.5,null
"2025-12-30T17:09:24.000Z",null,null,19,31.5,41,337.5,null
"2025-12-30T17:13:28.000Z",null,null,17,28.5,39.5,337.5,null
"2025-12-30T17:17:28.000Z",null,null,19.5,29.5,40,0,null
"2025-12-30T17:21:28.000Z",null,null,22,32.5,41.5,337.5,null
"2025-12-30T17:25:33.000Z",null,null,23,36,52,337.5,null
"2025-12-30T17:29:33.000Z",null,null,17,32,48.5,337.5,null
"2025-12-30T17:33:33.000Z",null,null,18,29,41,0,null
"2025-12-30T17:37:36.000Z",null,null,22.5,29.5,41,0,null
"2025-12-30T17:41:36.000Z",null,null,9,27,48.5,337.5,null
"2025-12-30T17:45:36.000Z",null,null,15.5,33.5,44.5,337.5,null
"2025-12-30T17:49:40.000Z",null,null,20,31,45.5,337.5,null
"2025-12-30T17:53:40.000Z",null,null,22,31,44,337.5,null
"2025-12-30T17:57:40.000Z",null,null,21.5,30.5,41.5,337.5,null
"2025-12-30T18:01:45.000Z",null,null,24.5,35,45,337.5,null
"2025-12-30T18:05:45.000Z",null,null,21,33,54.5,337.5,null
"2025-12-30T18:09:45.000Z",null,null,18.5,29.5,42.5,337.5,null
"2025-12-30T18:13:48.000Z",null,null,20.5,30,37,337.5,null
"2025-12-30T18:17:48.000Z",null,null,22.5,34.5,48.5,337.5,null
"2025-12-30T18:21:48.000Z",null,null,19.5,32.5,47.5,337.5,null
"2025-12-30T18:25:52.000Z",null,null,20,34.5,49.5,337.5,null
"2025-12-30T18:29:52.000Z",null,null,16.5,31.5,51,337.5,null
"2025-12-30T18:33:52.000Z",null,null,18.5,30,47.5,337.5,null
"2025-12-30T18:37:57.000Z",null,null,21,31,43,337.5,null
"2025-12-30T18:41:57.000Z",null,null,22.5,33,51,337.5,null
"2025-12-30T18:45:57.000Z",null,null,17.5,32,44,337.5,null
"2025-12-30T18:50:00.000Z",null,null,17,31,45,337.5,null
"2025-12-30T18:54:00.000Z",null,null,18.5,32.5,49,0,null
"2025-12-30T18:58:00.000Z",null,null,16.5,31,50,337.5,null
"2025-12-30T19:02:05.000Z",null,null,24.5,32.5,44.5,337.5,null
"2025-12-30T19:06:05.000Z",null,null,21,36,54,337.5,null
"2025-12-30T19:10:05.000Z",null,null,16,31.5,45.5,337.5,null
"2025-12-30T19:14:08.000Z",null,null,20.5,29,37,337.5,null
"2025-12-30T19:18:08.000Z",null,null,14,27,40.5,337.5,null
"2025-12-30T19:22:08.000Z",null,null,22,31.5,44.5,0,null
"2025-12-30T19:26:13.000Z",null,null,22.5,36,52.5,337.5,null
"2025-12-30T19:30:13.000Z",null,null,17.5,28.5,39.5,337.5,null
"2025-12-30T19:34:13.000Z",null,null,16,31.5,44.5,337.5,null
"2025-12-30T19:38:17.000Z",null,null,16.5,27,38.5,337.5,null
"2025-12-30T19:42:17.000Z",null,null,20,31,44,337.5,null
"2025-12-30T19:46:17.000Z",null,null,19,28.5,43,337.5,null
"2025-12-30T19:50:21.000Z",null,null,14,32,50.5,0,null
"2025-12-30T19:54:21.000Z",null,null,8.25,28,50,0,null
"2025-12-30T19:58:21.000Z",null,null,16,27,36.5,337.5,null
"2025-12-30T20:02:25.000Z",null,null,20.5,31,51,337.5,null
"2025-12-30T20:06:25.000Z",null,null,9.5,31.5,51.5,337.5,null
"2025-12-30T20:10:25.000Z",null,null,23,34.5,47,337.5,null
"2025-12-30T20:14:29.000Z",null,null,19.5,31.5,45,337.5,null
"2025-12-30T20:18:29.000Z",null,null,25.5,35.5,47.5,337.5,null
"2025-12-30T20:22:29.000Z",null,null,21,31.5,43.5,337.5,null
"2025-12-30T20:26:33.000Z",null,null,14.5,26.5,38.5,0,null
"2025-12-30T20:30:33.000Z",null,null,25.5,36,50,337.5,null
"2025-12-30T20:34:33.000Z",null,null,22.5,33,41.5,337.5,null
"2025-12-30T20:38:37.000Z",null,null,23.5,34,48.5,0,null
"2025-12-30T20:42:37.000Z",null,null,16.5,28,37.5,0,null
"2025-12-30T20:46:37.000Z",null,null,18,29,44,0,null
"2025-12-30T20:50:41.000Z",null,null,16.5,29,43.5,0,null
"2025-12-30T20:54:41.000Z",null,null,17.5,31,45.5,337.5,null
"2025-12-30T20:58:41.000Z",null,null,14,34,50,337.5,null
"2025-12-30T21:02:45.000Z",null,null,18,29,42,337.5,null
"2025-12-30T21:06:45.000Z",null,null,19,29.5,46.5,337.5,null
"2025-12-30T21:10:45.000Z",null,null,13,27,47.5,337.5,null
"2025-12-30T21:14:49.000Z",null,null,21,32.5,49.5,337.5,null
"2025-12-30T21:18:49.000Z",null,null,17.5,26.5,46.5,337.5,null
"2025-12-30T21:22:49.000Z",null,null,20,31.5,42.5,337.5,null
"2025-12-30T21:26:53.000Z",null,null,19,31.5,45,0,null
"2025-12-30T21:30:53.000Z",null,null,21,28.5,40.5,337.5,null
"2025-12-30T21:34:53.000Z",null,null,20,33.5,54.5,337.5,null
"2025-12-30T21:38:57.000Z",null,null,18.5,31.5,46.5,0,null
"2025-12-30T21:42:57.000Z",null,null,23.5,35,46,0,null
"2025-12-30T21:46:57.000Z",null,null,19,30,50,337.5,null
"2025-12-30T21:51:01.000Z",null,null,16.5,35,46.5,337.5,null
"2025-12-30T21:55:01.000Z",null,null,16.5,31,46,337.5,null
"2025-12-30T21:59:01.000Z",null,null,15.5,32,45.5,337.5,null
"2025-12-30T22:03:05.000Z",null,null,16.5,28.5,45.5,337.5,null
"2025-12-30T22:07:05.000Z",null,null,23.5,35,47.5,337.5,null
"2025-12-30T22:11:05.000Z",null,null,19.5,31,44,337.5,null
"2025-12-30T22:15:09.000Z",null,null,15.5,29,46,0,null
"2025-12-30T22:19:09.000Z",null,null,19,38,59,0,null
"2025-12-30T22:23:09.000Z",null,null,16,29,44,0,null
"2025-12-30T22:27:14.000Z",null,null,12.5,26,40.5,0,null
"2025-12-30T22:31:14.000Z",null,null,16,27.5,42.5,337.5,null
"2025-12-30T22:35:14.000Z",null,null,22.5,33,45.5,337.5,null
"2025-12-30T22:39:17.000Z",null,null,13,26,42.5,337.5,null
"2025-12-30T22:43:17.000Z",null,null,15.5,27.5,42,337.5,null
"2025-12-30T22:47:17.000Z",null,null,16.5,24,33,0,null
"2025-12-30T22:51:22.000Z",null,null,16.5,28.5,38.5,337.5,null
"2025-12-30T22:55:22.000Z",null,null,23.5,35,45,337.5,null
"2025-12-30T22:59:22.000Z",null,null,13.5,27.5,42,337.5,null
"2025-12-30T23:03:26.000Z",null,null,14.5,27,35.5,0,null
"2025-12-30T23:07:26.000Z",null,null,20,31,46.5,337.5,null
"2025-12-30T23:11:26.000Z",null,null,12,23.5,35,0,null
"2025-12-30T23:15:30.000Z",null,null,21,31,45.5,337.5,null
"2025-12-30T23:19:30.000Z",null,null,14.5,25.5,46,337.5,null
"2025-12-30T23:23:30.000Z",null,null,22,33,45.5,337.5,null
"2025-12-30T23:27:34.000Z",null,null,13.5,27,40.5,0,null
"2025-12-30T23:31:34.000Z",null,null,12,26.5,42.5,337.5,null
"2025-12-30T23:35:34.000Z",null,null,13,26.5,42,337.5,null
"2025-12-30T23:39:38.000Z",null,null,15,26.5,38,0,null
"2025-12-30T23:43:38.000Z",null,null,16,24.5,35,0,null
"2025-12-30T23:47:38.000Z",null,null,8.75,17,31.5,0,null
"2025-12-30T23:51:41.000Z",null,null,13.5,25,37,0,null
"2025-12-30T23:55:41.000Z",null,null,8.75,21,37,337.5,null
"2025-12-30T23:59:41.000Z",null,null,18,26.5,37,337.5,null
"2025-12-31T00:03:46.000Z",null,null,7.75,19,32,0,null
"2025-12-31T00:07:46.000Z",null,null,14.5,24.5,31.5,337.5,null
"2025-12-31T00:11:46.000Z",null,null,13,21,30.5,0,null
"2025-12-31T00:15:50.000Z",null,null,10.5,23,35,0,null
"2025-12-31T00:19:50.000Z",null,null,12,22.5,39.5,0,null
"2025-12-31T00:23:50.000Z",null,null,6.25,16.5,30.5,0,null
"2025-12-31T00:27:54.000Z",null,null,12,24.5,41,337.5,null
"2025-12-31T00:31:54.000Z",null,null,13.5,25,35,337.5,null
"2025-12-31T00:35:54.000Z",null,null,7.25,18.5,26.5,0,null
"2025-12-31T00:39:58.000Z",null,null,11.5,20.5,36,337.5,null
"2025-12-31T00:43:58.000Z",null,null,20.5,29,38.5,337.5,null
"2025-12-31T00:47:58.000Z",null,null,7.75,20.5,30,0,null
"2025-12-31T00:52:02.000Z",null,null,14,22,32.5,337.5,null
"2025-12-31T00:56:02.000Z",null,null,8.25,20.5,32.5,0,null
"2025-12-31T01:00:02.000Z",null,null,9.5,17.5,27,0,null
"2025-12-31T01:04:06.000Z",null,null,5.5,23,34,337.5,null
"2025-12-31T01:08:06.000Z",null,null,11.5,18.5,25,337.5,null
"2025-12-31T01:12:06.000Z",null,null,14,24.5,38,337.5,null
"2025-12-31T01:16:11.000Z",null,null,15.5,24,34,337.5,null
"2025-12-31T01:20:11.000Z",null,null,14,24,34,337.5,null
"2025-12-31T01:24:11.000Z",null,null,12.5,21,31,337.5,null
"2025-12-31T01:28:14.000Z",null,null,10,19.5,29.5,0,null
"2025-12-31T01:32:14.000Z",null,null,8.25,20,37,0,null
"2025-12-31T01:36:14.000Z",null,null,9.5,18.5,25,0,null
"2025-12-31T01:40:18.000Z",null,null,7.25,17,26,0,null
"2025-12-31T01:44:18.000Z",null,null,13,21.5,29.5,0,null
"2025-12-31T01:48:18.000Z",null,null,10,22.5,31.5,337.5,null
"2025-12-31T01:52:23.000Z",null,null,6.5,14,25.5,0,null
"2025-12-31T01:56:23.000Z",null,null,3.75,16.5,23.5,0,null
"2025-12-31T02:00:23.000Z",null,null,6.25,11.5,22.5,22.5,null
"2025-12-31T02:04:26.000Z",null,null,2.75,13,32,0,null
"2025-12-31T02:08:26.000Z",null,null,2,13.5,24,0,null
"2025-12-31T02:12:26.000Z",null,null,18,29,38.5,0,null
"2025-12-31T02:16:31.000Z",null,null,15.5,22,29.5,0,null
"2025-12-31T02:20:31.000Z",null,null,10.5,18.5,30.5,0,null
"2025-12-31T02:24:31.000Z",null,null,11,20,29,0,null
"2025-12-31T02:28:34.000Z",null,null,10,22.5,31.5,0,null
"2025-12-31T02:32:34.000Z",null,null,12.5,19.5,28.5,0,null
"2025-12-31T02:36:34.000Z",null,null,5.5,13,23,0,null
"2025-12-31T02:40:39.000Z",null,null,3.5,10.5,19,0,null
"2025-12-31T02:44:39.000Z",null,null,8,20.5,39.5,0,null
"2025-12-31T02:48:39.000Z",null,null,9.5,20,28,337.5,null
"2025-12-31T02:52:43.000Z",null,null,7.75,14,18.5,22.5,null
"2025-12-31T02:56:43.000Z",null,null,4.25,16,24.5,0,null
"2025-12-31T03:00:43.000Z",null,null,9.5,23.5,35,22.5,null
"2025-12-31T03:04:47.000Z",null,null,8.25,13.5,23,0,null
"2025-12-31T03:08:47.000Z",null,null,3.5,13,27,22.5,null
"2025-12-31T03:12:47.000Z",null,null,8,16,23,0,null
"2025-12-31T03:16:51.000Z",null,null,4.25,13,24,22.5,null
"2025-12-31T03:20:51.000Z",null,null,10.5,16,22.5,0,null
"2025-12-31T03:24:51.000Z",null,null,9.75,16,28.5,0,null
"2025-12-31T03:28:55.000Z",null,null,9.75,21.5,35,337.5,null
"2025-12-31T03:32:55.000Z",null,null,7,18,38,0,null
"2025-12-31T03:36:55.000Z",null,null,10.5,19,25.5,0,null
"2025-12-31T03:40:59.000Z",null,null,14.5,24,35,0,null
"2025-12-31T03:44:59.000Z",null,null,9,15.5,22.5,22.5,null
"2025-12-31T03:48:59.000Z",null,null,5.5,16,26,22.5,null
"2025-12-31T03:53:03.000Z",null,null,7.25,15,23.5,0,null
"2025-12-31T03:57:03.000Z",null,null,19,25.5,33.5,337.5,null
"2025-12-31T04:01:03.000Z",null,null,16,26,44.5,337.5,null
"2025-12-31T04:05:08.000Z",null,null,7.25,19,33.5,0,null
"2025-12-31T04:09:08.000Z",null,null,10,22.5,34,0,null
"2025-12-31T04:13:08.000Z",null,null,12,23,37,337.5,null
"2025-12-31T04:17:12.000Z",null,null,5.25,15.5,30,0,null
"2025-12-31T04:21:12.000Z",null,null,4.5,20.5,33,0,null
"2025-12-31T04:25:12.000Z",null,null,5.25,14.5,26,0,null
"2025-12-31T04:29:15.000Z",null,null,9,18,26.5,337.5,null
"2025-12-31T04:33:15.000Z",null,null,10.5,19,34,0,null
"2025-12-31T04:37:15.000Z",null,null,9.5,18,26,0,null
"2025-12-31T04:41:20.000Z",null,null,3.75,10,21,0,null
"2025-12-31T04:45:20.000Z",null,null,7,16,31,0,null
"2025-12-31T04:49:20.000Z",null,null,6.5,16.5,29,0,null
"2025-12-31T04:53:23.000Z",null,null,5.25,16.5,27,0,null
"2025-12-31T04:57:23.000Z",null,null,3.75,17.5,31.5,337.5,null
"2025-12-31T05:01:23.000Z",null,null,11,20.5,31,337.5,null
"2025-12-31T05:05:27.000Z",null,null,18,28,43,337.5,null
"2025-12-31T05:09:27.000Z",null,null,16,22.5,34,0,null
"2025-12-31T05:13:27.000Z",null,null,11,22.5,36.5,337.5,null
"2025-12-31T05:17:31.000Z",null,null,11,16.5,27,0,null
"2025-12-31T05:21:31.000Z",null,null,18,26,39,337.5,null
"2025-12-31T05:25:31.000Z",null,null,12,22,38.5,337.5,null
"2025-12-31T05:29:35.000Z",null,null,6.25,19.5,25.5,0,null
"2025-12-31T05:33:35.000Z",null,null,11.5,22,28,337.5,null
"2025-12-31T05:37:35.000Z",null,null,9,17.5,29,0,null
"2025-12-31T05:41:40.000Z",null,null,15,23,30.5,0,null
"2025-12-31T05:45:40.000Z",null,null,4.75,17,27.5,0,null
"2025-12-31T05:49:40.000Z",null,null,4.25,18,27,0,null
"2025-12-31T05:53:43.000Z",null,null,6.25,15,19,22.5,null
"2025-12-31T05:57:43.000Z",null,null,7.75,17,37,0,null
"2025-12-31T06:01:43.000Z",null,null,2.75,15.5,27,22.5,null
"2025-12-31T06:05:47.000Z",null,null,13.5,28,40,337.5,null
"2025-12-31T06:09:47.000Z",null,null,6.25,16,31.5,0,null
"2025-12-31T06:13:47.000Z",null,null,9.75,20,31.5,0,null
"2025-12-31T06:17:52.000Z",null,null,0.75,16.5,26,22.5,null
"2025-12-31T06:21:52.000Z",null,null,8.25,19,28,0,null
"2025-12-31T06:25:52.000Z",null,null,6,10.5,18,22.5,null
"2025-12-31T06:29:56.000Z",null,null,4.25,17,27.5,0,null
"2025-12-31T06:33:56.000Z",null,null,7,17,29,337.5,null
"2025-12-31T06:37:56.000Z",null,null,6.5,13,25,0,null
"2025-12-31T06:41:59.000Z",null,null,7.25,11.5,16,0,null
"2025-12-31T06:45:59.000Z",null,null,10.5,18,25.5,0,null
"2025-12-31T06:49:59.000Z",null,null,1.75,14.5,22.5,22.5,null
"2025-12-31T06:54:04.000Z",null,null,12.5,18.5,27.5,337.5,null
"2025-12-31T06:58:04.000Z",null,null,18,25.5,39.5,0,null
"2025-12-31T07:02:04.000Z",null,null,15,24,41.5,337.5,null
"2025-12-31T07:06:08.000Z",null,null,15.5,23,32.5,0,null
"2025-12-31T07:10:08.000Z",null,null,8.25,16.5,26,0,null
"2025-12-31T07:14:08.000Z",null,null,5.5,16,25,0,null
"2025-12-31T07:18:12.000Z",null,null,14,21,28.5,0,null
"2025-12-31T07:22:12.000Z",null,null,6,17,25.5,0,null
"2025-12-31T07:26:12.000Z",null,null,8,17.5,27,0,null
"2025-12-31T07:30:16.000Z",null,null,6.25,12.5,21,0,null
"2025-12-31T07:34:16.000Z",null,null,5.5,12,22,0,null
"2025-12-31T07:38:16.000Z",null,null,7.75,13,28.5,22.5,null
"2025-12-31T07:42:20.000Z",null,null,15,25,35,337.5,null
"2025-12-31T07:46:20.000Z",null,null,13,22,30,0,null
"2025-12-31T07:50:20.000Z",null,null,6.5,14.5,27,0,null
"2025-12-31T07:54:24.000Z",null,null,12,20.5,30,0,null
"2025-12-31T07:58:24.000Z",null,null,8.25,15.5,30.5,0,null
"2025-12-31T08:02:24.000Z",null,null,13,19,25.5,337.5,null
"2025-12-31T08:06:28.000Z",null,null,8.75,18.5,28,0,null
"2025-12-31T08:10:28.000Z",null,null,3.5,14.5,26,0,null
"2025-12-31T08:14:28.000Z",null,null,4.75,9,17.5,22.5,null
"2025-12-31T08:18:32.000Z",null,null,2.5,8.75,19,22.5,null
"2025-12-31T08:22:32.000Z",null,null,5.25,10.5,20,22.5,null
"2025-12-31T08:26:32.000Z",null,null,0.75,4.75,12,45,null
"2025-12-31T08:30:36.000Z",null,null,1,5.25,10.5,22.5,null
"2025-12-31T08:34:36.000Z",null,null,3.25,7,10.5,22.5,null
"2025-12-31T08:38:36.000Z",null,null,8,20.5,31,0,null
"2025-12-31T08:42:40.000Z",null,null,1.75,13,28,0,null
"2025-12-31T08:46:40.000Z",null,null,11.5,18,26,337.5,null
"2025-12-31T08:50:40.000Z",null,null,11.5,18.5,29,337.5,null
"2025-12-31T08:54:45.000Z",null,null,7.25,17,26,0,null
"2025-12-31T08:58:45.000Z",null,null,14.5,20,27,337.5,null
"2025-12-31T09:02:45.000Z",null,null,14,22.5,30,337.5,null
"2025-12-31T09:06:49.000Z",null,null,10.5,19.5,27.5,0,null
"2025-12-31T09:10:49.000Z",null,null,9.5,18.5,26.5,337.5,null
"2025-12-31T09:14:49.000Z",null,null,7,12.5,22.5,0,null
"2025-12-31T09:18:52.000Z",null,null,5.5,16,26.5,337.5,null
"2025-12-31T09:22:52.000Z",null,null,7.25,16.5,33,337.5,null
"2025-12-31T09:26:52.000Z",null,null,11,19,32.5,337.5,null
"2025-12-31T09:30:57.000Z",null,null,8,15.5,26.5,337.5,null
"2025-12-31T09:34:57.000Z",null,null,6.5,14.5,23.5,337.5,null
"2025-12-31T09:38:57.000Z",null,null,7.25,14,26.5,337.5,null
"2025-12-31T09:43:00.000Z",null,null,10.5,21.5,32,337.5,null
"2025-12-31T09:47:00.000Z",null,null,11,22,38,337.5,null
"2025-12-31T09:51:00.000Z",null,null,3.75,13.5,22.5,337.5,null
"2025-12-31T09:55:04.000Z",null,null,4.75,14.5,23.5,337.5,null
"2025-12-31T09:59:04.000Z",null,null,13,23,35.5,337.5,null
"2025-12-31T10:03:04.000Z",null,null,17,26,34.5,337.5,null
"2025-12-31T10:07:09.000Z",null,null,6,15,22.5,337.5,null
"2025-12-31T10:11:09.000Z",null,null,5.5,17,28.5,337.5,null
"2025-12-31T10:15:09.000Z",null,null,8,19,32,0,null
"2025-12-31T10:19:12.000Z",null,null,4.75,17,29.5,337.5,null
"2025-12-31T10:23:12.000Z",null,null,11.5,19,35,337.5,null
"2025-12-31T10:27:12.000Z",null,null,0,10.5,19,337.5,null
"2025-12-31T10:31:17.000Z",null,null,6,12,21.5,0,null
"2025-12-31T10:35:17.000Z",null,null,6.25,13,24.5,0,null
"2025-12-31T10:39:17.000Z",null,null,9,13.5,22.5,337.5,null
"2025-12-31T10:43:21.000Z",null,null,3.25,18.5,37,337.5,null
"2025-12-31T10:47:21.000Z",null,null,7,20,27,0,null
"2025-12-31T10:51:21.000Z",null,null,8.75,14.5,22.5,0,null
"2025-12-31T10:55:25.000Z",null,null,8.75,18.5,25,0,null
"2025-12-31T10:59:25.000Z",null,null,6.25,13.5,22.5,0,null
"2025-12-31T11:03:25.000Z",null,null,0,5.5,13,22.5,null
"2025-12-31T11:07:30.000Z",null,null,6.25,10.5,17.5,0,null
"2025-12-31T11:11:30.000Z",null,null,7.75,16,26,337.5,null
"2025-12-31T11:15:30.000Z",null,null,6.5,17,34,0,null
"2025-12-31T11:19:33.000Z",null,null,8,11.5,18,0,null
"2025-12-31T11:23:33.000Z",null,null,8.75,14.5,26,0,null
"2025-12-31T11:27:33.000Z",null,null,6.25,14.5,24.5,337.5,null
"2025-12-31T11:31:37.000Z",null,null,6,11,22.5,22.5,null
"2025-12-31T11:35:37.000Z",null,null,3.5,5.5,8.75,22.5,null
"2025-12-31T11:39:37.000Z",null,null,6,11.5,16.5,337.5,null
"2025-12-31T11:43:41.000Z",null,null,6.5,11.5,17,337.5,null
"2025-12-31T11:47:41.000Z",null,null,3.25,6,10.5,0,null
"2025-12-31T11:51:41.000Z",null,null,1.75,5.5,12,22.5,null
"2025-12-31T11:55:45.000Z",null,null,0,6.5,11,22.5,null
"2025-12-31T11:59:45.000Z",null,null,1.75,6,13.5,67.5,null
"2025-12-31T12:03:45.000Z",null,null,2.75,5.5,7.75,45,null
"2025-12-31T12:07:49.000Z",null,null,1.5,5.5,11,315,null
"2025-12-31T12:11:49.000Z",null,null,2,5.5,10,337.5,null
"2025-12-31T12:15:49.000Z",null,null,10,13.5,18,0,null
"2025-12-31T12:19:54.000Z",null,null,2.75,7.5,14,22.5,null
"2025-12-31T12:23:54.000Z",null,null,4.75,10,14.5,67.5,null
"2025-12-31T12:27:54.000Z",null,null,0,4,9.5,0,null
"2025-12-31T12:31:58.000Z",null,null,0.75,5.25,9.75,0,null
"2025-12-31T12:35:58.000Z",null,null,3.25,5.75,12,0,null
"2025-12-31T12:39:58.000Z",null,null,1.75,6.25,14.5,22.5,null
"2025-12-31T12:44:02.000Z",null,null,2,5,16,45,null
"2025-12-31T12:48:02.000Z",null,null,8.25,14,19.5,0,null
"2025-12-31T12:52:02.000Z",null,null,3.75,10.5,17.5,22.5,null
"2025-12-31T12:56:06.000Z",null,null,3.25,7.25,13,22.5,null
"2025-12-31T13:00:06.000Z",null,null,2,6.75,14.5,22.5,null
"2025-12-31T13:04:06.000Z",null,null,4.75,11,16.5,22.5,null
"2025-12-31T13:08:09.000Z",null,null,3.75,8.75,12.5,45,null
"2025-12-31T13:12:09.000Z",null,null,3.25,9,13.5,22.5,null
"2025-12-31T13:16:09.000Z",null,null,5.25,9.5,14,22.5,null
"2025-12-31T13:20:14.000Z",null,null,3.25,8,14.5,22.5,null
"2025-12-31T13:24:14.000Z",null,null,1.5,4.75,11,67.5,null
"2025-12-31T13:28:14.000Z",null,null,0.25,4.75,11,45,null
"2025-12-31T13:32:18.000Z",null,null,4.25,8.5,14.5,0,null
"2025-12-31T13:36:18.000Z",null,null,2,6.25,12,22.5,null
"2025-12-31T13:40:18.000Z",null,null,4.75,8.75,14,22.5,null
"2025-12-31T13:44:21.000Z",null,null,4.25,9.75,16.5,67.5,null
"2025-12-31T13:48:21.000Z",null,null,3.75,9,13,45,null
"2025-12-31T13:52:21.000Z",null,null,2.5,6.75,17,67.5,null
"2025-12-31T14:11:20.000Z",null,null,2.5,10.5,20,22.5,null
"2025-12-31T14:15:20.000Z",null,null,2,5.75,10.5,67.5,null
"2025-12-31T14:19:20.000Z",null,null,1,6.5,13,22.5,null
"2025-12-31T14:23:24.000Z",null,null,3.75,8,15,45,null
"2025-12-31T14:27:24.000Z",null,null,1,7.25,12,22.5,null
"2025-12-31T14:31:24.000Z",null,null,2.75,7,13.5,22.5,null
"2025-12-31T14:35:28.000Z",null,null,2,7.25,12,45,null
"2025-12-31T14:39:28.000Z",null,null,1.75,6.75,11.5,67.5,null
"2025-12-31T14:43:28.000Z",null,null,4.5,9.5,17,22.5,null
"2025-12-31T14:47:33.000Z",null,null,3.25,9.25,13,45,null
"2025-12-31T14:51:33.000Z",null,null,2.75,7.25,14,45,null
"2025-12-31T14:55:33.000Z",null,null,2.75,7.25,13,45,null
"2025-12-31T15:01:22.000Z",null,null,4.25,7.25,11,45,null
"2025-12-31T15:05:22.000Z",null,null,1.75,6.5,14,45,null
"2025-12-31T15:09:22.000Z",null,null,4.25,7.25,11,45,null
"2025-12-31T15:13:27.000Z",null,null,4.75,8.25,13,45,null
"2025-12-31T15:17:27.000Z",null,null,2.5,7,12,22.5,null
"2025-12-31T15:21:27.000Z",null,null,4.25,7,10,22.5,null
"2025-12-31T15:25:30.000Z",null,null,3.25,6,9.5,22.5,null
"2025-12-31T15:29:30.000Z",null,null,3.5,7.75,11.5,45,null
"2025-12-31T15:33:30.000Z",null,null,2,5.75,11.5,45,null
"2025-12-31T15:37:35.000Z",null,null,3.25,6.25,9.75,45,null
"2025-12-31T15:41:35.000Z",null,null,4.5,8.5,14,45,null
"2025-12-31T15:45:35.000Z",null,null,4.75,9,13.5,45,null
"2025-12-31T15:49:39.000Z",null,null,5.5,8.5,12,22.5,null
"2025-12-31T15:53:39.000Z",null,null,4.5,9.5,14,22.5,null
"2025-12-31T15:57:39.000Z",null,null,5.25,9.25,13,22.5,null
"2025-12-31T16:01:42.000Z",null,null,5.5,10,18,0,null
"2025-12-31T16:05:42.000Z",null,null,7.75,11,15,0,null
"2025-12-31T16:09:42.000Z",null,null,7,10.5,15,0,null
"2025-12-31T16:13:47.000Z",null,null,9,12.5,16.5,0,null
"2025-12-31T16:17:47.000Z",null,null,7.25,14.5,19,337.5,null
"2025-12-31T16:21:47.000Z",null,null,7,11,17.5,0,null
"2025-12-31T16:25:50.000Z",null,null,13,18,23.5,337.5,null
"2025-12-31T16:29:50.000Z",null,null,16,20,23.5,337.5,null
"2025-12-31T16:33:50.000Z",null,null,15.5,19,22.5,337.5,null
"2025-12-31T16:37:55.000Z",null,null,15.5,19,21.5,337.5,null
"2025-12-31T16:41:55.000Z",null,null,14,19,21.5,0,null
"2025-12-31T16:45:55.000Z",null,null,8.75,14,22,22.5,null
"2025-12-31T16:49:59.000Z",null,null,11.5,17,22.5,0,null
"2025-12-31T16:53:59.000Z",null,null,9.5,17.5,23.5,0,null
"2025-12-31T16:57:59.000Z",null,null,12,15.5,19,0,null
"2025-12-31T17:02:02.000Z",null,null,12,17.5,21,0,null
"2025-12-31T17:06:02.000Z",null,null,16,19,22.5,0,null
"2025-12-31T17:10:02.000Z",null,null,15.5,18.5,22.5,0,null
"2025-12-31T17:14:07.000Z",null,null,14,17,21,0,null
"2025-12-31T17:18:07.000Z",null,null,11.5,16.5,20,0,null
"2025-12-31T17:22:07.000Z",null,null,10,14,18.5,0,null
"2025-12-31T17:26:11.000Z",null,null,13,16.5,21,0,null
"2025-12-31T17:30:11.000Z",null,null,9.5,13.5,18,0,null
"2025-12-31T17:34:11.000Z",null,null,8.75,13,17,0,null
"2025-12-31T17:38:15.000Z",null,null,9.75,15,18,0,null
"2025-12-31T17:42:15.000Z",null,null,13.5,16.5,20,0,null
"2025-12-31T17:46:15.000Z",null,null,11,14.5,19,0,null
"2025-12-31T17:50:19.000Z",null,null,12.5,15,18,0,null
"2025-12-31T17:54:19.000Z",null,null,14.5,16.5,19,0,null
"2025-12-31T17:58:19.000Z",null,null,11,14.5,18,0,null
"2025-12-31T18:02:23.000Z",null,null,9.5,13.5,17,0,null
"2025-12-31T18:06:23.000Z",null,null,6.5,10.5,14.5,0,null
"2025-12-31T18:10:23.000Z",null,null,9.5,15,20,0,null
"2025-12-31T18:14:27.000Z",null,null,7.25,11.5,17,0,null
"2025-12-31T18:18:27.000Z",null,null,6.5,13,18,0,null
"2025-12-31T18:22:27.000Z",null,null,10,14,16.5,0,null
"2025-12-31T18:26:31.000Z",null,null,12,15,18.5,0,null
"2025-12-31T18:30:31.000Z",null,null,14.5,17.5,21.5,0,null
"2025-12-31T18:34:31.000Z",null,null,13.5,16.5,20,337.5,null
"2025-12-31T18:38:36.000Z",null,null,13,17,21,337.5,null
"2025-12-31T18:42:36.000Z",null,null,12,17,18.5,337.5,null
"2025-12-31T18:46:36.000Z",null,null,13,16,18,337.5,null
"2025-12-31T18:50:39.000Z",null,null,13.5,16,18.5,337.5,null
"2025-12-31T18:54:39.000Z",null,null,12,15.5,19,337.5,null
"2025-12-31T18:58:39.000Z",null,null,10.5,14.5,19,0,null
"2025-12-31T19:02:43.000Z",null,null,12,15,19.5,337.5,null
"2025-12-31T19:06:43.000Z",null,null,12,15.5,20,337.5,null
"2025-12-31T19:10:43.000Z",null,null,11,16.5,19.5,337.5,null
"2025-12-31T19:14:47.000Z",null,null,12,16.5,21.5,337.5,null
"2025-12-31T19:18:47.000Z",null,null,15.5,18.5,21,337.5,null
"2025-12-31T19:22:47.000Z",null,null,14.5,18.5,21,337.5,null
"2025-12-31T19:26:52.000Z",null,null,15.5,17.5,20,337.5,null
"2025-12-31T19:30:52.000Z",null,null,12.5,16.5,21,337.5,null
"2025-12-31T19:34:52.000Z",null,null,11,15.5,20,337.5,null
"2025-12-31T19:38:55.000Z",null,null,10,14,17.5,337.5,null
"2025-12-31T19:42:55.000Z",null,null,9.75,13.5,16,337.5,null
"2025-12-31T19:46:55.000Z",null,null,10.5,13.5,16.5,337.5,null
"2025-12-31T19:51:00.000Z",null,null,11.5,14.5,16.5,337.5,null
"2025-12-31T19:55:00.000Z",null,null,12,16,19.5,0,null
"2025-12-31T19:59:00.000Z",null,null,14.5,18,21,0,null
"2025-12-31T20:03:04.000Z",null,null,14.5,19.5,22.5,0,null
"2025-12-31T20:07:04.000Z",null,null,16.5,20,23,337.5,null
"2025-12-31T20:11:04.000Z",null,null,15.5,18.5,21.5,0,null
"2025-12-31T20:15:08.000Z",null,null,13.5,17.5,21.5,0,null
"2025-12-31T20:19:08.000Z",null,null,13,16,20,0,null
"2025-12-31T20:23:08.000Z",null,null,11,14.5,18,337.5,null
"2025-12-31T20:27:12.000Z",null,null,9.75,13,15.5,337.5,null
"2025-12-31T20:31:12.000Z",null,null,8.25,13,16.5,337.5,null
"2025-12-31T20:35:12.000Z",null,null,8.25,11.5,15.5,0,null
"2025-12-31T20:39:16.000Z",null,null,7.25,9.75,13,337.5,null
"2025-12-31T20:43:16.000Z",null,null,7,9.5,12,337.5,null
"2025-12-31T20:47:16.000Z",null,null,2,8,13,337.5,null
"2025-12-31T20:51:20.000Z",null,null,3.75,6.5,9,22.5,null
"2025-12-31T20:55:20.000Z",null,null,3.5,5.75,9,22.5,null
"2025-12-31T20:59:20.000Z",null,null,4.25,7.25,10,22.5,null
"2025-12-31T21:03:24.000Z",null,null,2.5,5.25,8,45,null
"2025-12-31T21:07:24.000Z",null,null,2,4.75,8,45,null
"2025-12-31T21:11:24.000Z",null,null,1,3.75,6,45,null
"2025-12-31T21:15:29.000Z",null,null,1.75,6.25,14.5,0,null
"2025-12-31T21:19:29.000Z",null,null,1.75,5,11,22.5,null
"2025-12-31T21:23:29.000Z",null,null,0.75,4.5,12.5,22.5,null
"2025-12-31T21:27:33.000Z",null,null,1,3,4.75,67.5,null
"2025-12-31T21:31:33.000Z",null,null,1.75,4.75,7.75,67.5,null
"2025-12-31T21:35:33.000Z",null,null,2.75,6,10,67.5,null
"2025-12-31T21:39:36.000Z",null,null,2.5,5.25,8.75,45,null
"2025-12-31T21:43:36.000Z",null,null,2,4.5,9.5,45,null
"2025-12-31T21:47:36.000Z",null,null,2.5,4.75,7.75,45,null
"2025-12-31T21:51:40.000Z",null,null,1.75,3.75,6.25,67.5,null
"2025-12-31T21:55:40.000Z",null,null,3.75,8,11,45,null
"2025-12-31T21:59:40.000Z",null,null,3.5,6,9.75,67.5,null
"2025-12-31T22:03:44.000Z",null,null,3.5,5.75,7.75,67.5,null
"2025-12-31T22:07:44.000Z",null,null,3.75,5,7.75,67.5,null
"2025-12-31T22:11:44.000Z",null,null,3.25,5,6.5,90,null
"2025-12-31T22:15:48.000Z",null,null,4.25,6.25,7.75,90,null
"2025-12-31T22:19:48.000Z",null,null,2,4.5,8,90,null
"2025-12-31T22:23:48.000Z",null,null,2.75,4.25,5.5,90,null
"2025-12-31T22:27:52.000Z",null,null,3.25,4.5,5.25,90,null
"2025-12-31T22:31:52.000Z",null,null,3.75,4.5,5.25,90,null
"2025-12-31T22:35:52.000Z",null,null,2.5,4.75,6,90,null
"2025-12-31T22:39:56.000Z",null,null,2.5,3.5,5.5,90,null
"2025-12-31T22:43:56.000Z",null,null,3.5,5,8,90,null
"2025-12-31T22:47:56.000Z",null,null,3.5,5.25,7.25,90,null
"2025-12-31T22:52:01.000Z",null,null,2.75,4.5,6.25,90,null
"2025-12-31T22:56:01.000Z",null,null,2.75,4.25,6,90,null
"2025-12-31T23:00:01.000Z",null,null,3.25,4.5,5.5,90,null
"2025-12-31T23:04:05.000Z",null,null,4.75,7,8.75,90,null
"2025-12-31T23:08:05.000Z",null,null,3.75,5.5,7.75,90,null
"2025-12-31T23:12:05.000Z",null,null,2.75,4.25,5.5,90,null
"2025-12-31T23:16:08.000Z",null,null,3.75,4.75,5.5,112.5,null
"2025-12-31T23:20:08.000Z",null,null,3.5,5.75,8.25,90,null
"2025-12-31T23:24:08.000Z",null,null,4.25,5.75,7.75,90,null
"2025-12-31T23:28:13.000Z",null,null,3.25,6,8.75,90,null
"2025-12-31T23:32:13.000Z",null,null,3.25,5.75,8.75,112.5,null
"2025-12-31T23:36:13.000Z",null,null,4.5,7.25,9.75,112.5,null
"2025-12-31T23:40:17.000Z",null,null,3.25,6.25,9.5,112.5,null
"2025-12-31T23:44:17.000Z",null,null,3.5,5.5,7,90,null
"2025-12-31T23:48:17.000Z",null,null,2.75,5,7.25,90,null
"2025-12-31T23:52:21.000Z",null,null,4.25,6,7.75,90,null
"2025-12-31T23:56:21.000Z",null,null,4.25,6.25,8.25,90,null
